AxIS Spike File,O:\DGK\IRAS\TOX\NTX\Users\Lennart\200731_LvM_256054_1299-04_MEA_rCortex_Permethrin_exposure_male_DIV11(000)_Spike Detector (7 x STD)(000).spk
File Type,48-well

Analysis Start,1500.000000
Analysis End,2100.000000
Active Electrode Criterion (spks/min),
Remove Coincident Artifacts,True

Electrode Burst Settings,
    Algorithm,Poisson Surprise,
    Min Surprise,10.000000

Network Burst Settings,
    Algorithm,ISI Threshold,Adaptive,
    Min # of Spikes,40.000000
    Min # of Electrodes (%),15.000000
Synchrony Settings,
    Synchrony Window,20.000000

Evoked Analysis Settings,
    Events,0 to 0
    Peri-stimulus Window Start (ms),0.000000
    Peri-stimulus Window End (ms),100.000000
    Bin Size (ms),1.000000

Well Averages,A1,A2,A3,A4,A5,A6,A7,A8,B1,B2,B3,B4,B5,B6,B7,B8,C1,C2,C3,C4,C5,C6,C7,C8,D1,D2,D3,D4,D5,D6,D7,D8,E1,E2,E3,E4,E5,E6,E7,E8,F1,F2,F3,F4,F5,F6,F7,F8,
Treatment/ID,,,,,,,,,,,,,,,,,,,,,,,,,,,,,,,,,,,,,,,,,,,,,,,,
Activity Metrics
    Number of Spikes,17838.000000,21611.000000,57628.000000,26072.000000,28021.000000,24739.000000,18514.000000,21738.000000,31083.000000,22512.000000,17238.000000,11580.000000,16981.000000,45336.000000,28851.000000,30675.000000,16875.000000,27935.000000,19564.000000,17334.000000,12599.000000,16380.000000,14528.000000,24453.000000,20246.000000,18286.000000,15463.000000,19685.000000,12658.000000,21607.000000,13993.000000,18265.000000,17281.000000,18636.000000,20266.000000,14298.000000,13450.000000,19557.000000,18689.000000,28481.000000,18523.000000,18143.000000,23062.000000,15705.000000,16268.000000,18235.000000,19728.000000,10234.000000
    Mean Firing Rate (Hz),1.858125,2.251146,6.002917,2.715833,2.918854,2.576979,1.928542,2.264375,3.237813,2.345000,1.795625,1.206250,1.768854,4.722500,3.005313,3.195313,1.757813,2.909896,2.037917,1.805625,1.312396,1.706250,1.513333,2.547188,2.108958,1.904792,1.610729,2.050521,1.318542,2.250729,1.457604,1.902604,1.800104,1.941250,2.111042,1.489375,1.401042,2.037187,1.946771,2.966771,1.929479,1.889896,2.402292,1.635938,1.694583,1.899479,2.055000,1.066042
    ISI Coefficient of Variation - Avg,2.423446,3.104930,3.762717,3.144914,3.268183,3.094402,2.153901,2.868866,2.700878,2.478916,2.363009,2.760965,2.638299,3.198803,2.688291,2.973495,2.338017,3.607949,3.847231,3.259087,2.787166,3.128790,2.591465,3.705311,2.774251,4.133119,4.070474,4.091107,3.814973,3.666996,3.242274,3.041089,2.650232,3.399114,3.604619,3.272006,3.143700,3.464204,5.117743,4.894475,3.111083,2.884313,3.249752,2.615807,3.008833,3.030704,3.152181,3.222956
    Number of Active Electrodes,15.000000,14.000000,16.000000,15.000000,14.000000,15.000000,16.000000,13.000000,14.000000,15.000000,15.000000,16.000000,16.000000,16.000000,16.000000,15.000000,15.000000,16.000000,14.000000,16.000000,15.000000,16.000000,16.000000,16.000000,16.000000,16.000000,16.000000,16.000000,15.000000,16.000000,16.000000,15.000000,15.000000,15.000000,16.000000,16.000000,15.000000,16.000000,15.000000,16.000000,15.000000,16.000000,16.000000,16.000000,16.000000,16.000000,16.000000,16.000000
    Weighted Mean Firing Rate (Hz),1.981889,2.564881,6.002917,2.895000,3.329167,2.746000,1.928542,2.784103,3.700119,2.498222,1.911222,1.206250,1.768854,4.722500,3.005313,3.407556,1.870778,2.909896,2.329048,1.805625,1.394889,1.706250,1.513333,2.547187,2.108958,1.904792,1.610729,2.050521,1.406111,2.250729,1.457604,2.024889,1.919222,2.066111,2.111042,1.489375,1.492444,2.037188,2.075667,2.966771,2.053889,1.889896,2.402292,1.635937,1.694583,1.899479,2.055000,1.066042
Electrode Burst Metrics
    Number of Bursts,1075.000000,756.000000,3048.000000,1159.000000,827.000000,867.000000,675.000000,1070.000000,1587.000000,857.000000,675.000000,663.000000,726.000000,2520.000000,1596.000000,1631.000000,952.000000,1454.000000,975.000000,963.000000,908.000000,1155.000000,962.000000,1313.000000,1068.000000,974.000000,890.000000,826.000000,765.000000,1291.000000,1089.000000,1085.000000,916.000000,1219.000000,912.000000,934.000000,1131.000000,1193.000000,1052.000000,1282.000000,1230.000000,1436.000000,1504.000000,1141.000000,1183.000000,1417.000000,1382.000000,625.000000
    Number of Bursting Electrodes,12.000000,14.000000,16.000000,15.000000,14.000000,14.000000,15.000000,11.000000,12.000000,15.000000,13.000000,16.000000,16.000000,15.000000,14.000000,14.000000,15.000000,16.000000,14.000000,16.000000,15.000000,16.000000,16.000000,16.000000,15.000000,16.000000,16.000000,16.000000,15.000000,16.000000,16.000000,14.000000,14.000000,15.000000,16.000000,16.000000,15.000000,16.000000,15.000000,16.000000,15.000000,16.000000,16.000000,15.000000,16.000000,16.000000,15.000000,16.000000
    Burst Duration - Avg (sec),0.098068,0.156638,0.090393,0.126726,0.156091,0.126839,0.087266,0.229114,0.087449,0.104863,0.076674,0.089034,0.096549,0.084111,0.083424,0.103731,0.081212,0.144564,0.181194,0.095813,0.078089,0.107940,0.088598,0.100386,0.106951,0.127400,0.127341,0.210003,0.130048,0.146741,0.066306,0.101620,0.081549,0.089904,0.129868,0.090095,0.067289,0.088670,0.131374,0.202263,0.080816,0.052189,0.069199,0.065016,0.096495,0.061047,0.083431,0.135861
    Burst Duration - Std (sec),0.026152,0.052425,0.026857,0.053084,0.054111,0.061223,0.049982,0.161311,0.030084,0.072683,0.045791,0.036303,0.030060,0.025145,0.030505,0.041639,0.019361,0.076362,0.077890,0.034401,0.013531,0.037249,0.018158,0.042173,0.036137,0.087993,0.039096,0.169642,0.104027,0.071674,0.028854,0.031996,0.042130,0.030615,0.068230,0.038977,0.016335,0.021901,0.046771,0.105707,0.028252,0.015269,0.009241,0.020256,0.029430,0.017121,0.022258,0.082226
    Number of Spikes per Burst - Avg,11.235610,20.366859,16.650365,16.061980,21.491611,18.380676,12.144705,14.875580,12.908608,15.692532,12.055694,13.026630,14.152903,14.755255,12.241166,13.945631,10.619572,16.288918,17.067227,14.915911,10.503717,12.104173,10.048075,15.017809,12.592866,17.111255,16.325785,19.060531,14.502382,15.126232,11.064521,13.022143,11.972534,13.077889,13.439599,12.760178,10.985940,14.214444,16.908768,20.128168,12.273626,10.498050,12.888492,10.660414,11.277978,10.741230,12.347398,11.992069
    Number of Spikes per Burst - Std,3.308865,8.125227,4.788208,6.120431,9.644291,8.671144,5.870478,5.486906,5.851095,8.664848,8.095116,6.905222,4.721207,4.056209,4.072775,4.821710,3.323095,8.113335,5.792257,3.277202,3.855862,3.734699,2.576941,5.419748,4.628385,6.897266,4.857259,14.598179,5.625180,5.950055,4.007188,5.054159,4.866217,4.458254,5.601835,4.911552,2.719631,4.593512,6.068917,9.665141,3.956511,3.420448,4.693724,2.926028,2.980636,3.614639,2.908124,5.201975
    Mean ISI within Burst - Avg (sec),0.010207,0.008630,0.005844,0.008878,0.008647,0.008147,0.008250,0.018216,0.007748,0.007452,0.008084,0.007944,0.008134,0.006083,0.007471,0.008037,0.008794,0.007164,0.008493,0.006824,0.009202,0.007986,0.010090,0.007141,0.008959,0.006055,0.006894,0.008394,0.008606,0.007456,0.006259,0.008654,0.007325,0.006652,0.006836,0.007513,0.006771,0.007105,0.005989,0.007911,0.007092,0.005642,0.006536,0.006928,0.008492,0.006153,0.006680,0.011014
    Mean ISI within Burst - Std (sec),0.003519,0.002374,0.002226,0.003372,0.002295,0.002705,0.002537,0.018549,0.001612,0.002043,0.004272,0.002303,0.002487,0.001579,0.002220,0.002164,0.002269,0.001094,0.004353,0.001241,0.003436,0.002058,0.002063,0.002461,0.002938,0.002528,0.001566,0.002974,0.003932,0.001789,0.001655,0.002817,0.002095,0.001652,0.002526,0.003093,0.001110,0.002650,0.001115,0.002670,0.002336,0.001078,0.002040,0.001652,0.003393,0.001636,0.001715,0.006312
    Median ISI within Burst - Avg (sec),0.008612,0.006353,0.004320,0.007205,0.006541,0.006064,0.006705,0.012841,0.006079,0.006138,0.006759,0.005880,0.006234,0.004825,0.005867,0.006681,0.006924,0.005597,0.006210,0.005068,0.007942,0.006324,0.008058,0.005502,0.006504,0.004799,0.005042,0.006388,0.006895,0.005524,0.004944,0.006477,0.005827,0.004768,0.005248,0.005966,0.005674,0.005699,0.004386,0.005841,0.004851,0.004336,0.005433,0.005401,0.006193,0.004667,0.005050,0.007463
    Median ISI within Burst - Std (sec),0.003644,0.002285,0.001486,0.003367,0.002268,0.002344,0.002932,0.010862,0.001726,0.002325,0.004188,0.002034,0.002480,0.001482,0.002033,0.002042,0.002277,0.000971,0.003396,0.000948,0.003543,0.001872,0.002163,0.001902,0.001819,0.002543,0.001344,0.002335,0.003531,0.001359,0.001420,0.002197,0.001560,0.001041,0.001688,0.002183,0.001175,0.002366,0.000847,0.002016,0.001378,0.001177,0.002108,0.001204,0.002358,0.001304,0.001504,0.003347
    Median/Mean ISI within Burst - Avg,0.829366,0.732188,0.756885,0.806855,0.756780,0.753486,0.803661,0.777142,0.787512,0.805093,0.822144,0.755523,0.772571,0.804213,0.790399,0.831979,0.787711,0.806077,0.776582,0.773366,0.852790,0.812979,0.814523,0.814362,0.771549,0.796433,0.779395,0.801696,0.813206,0.783810,0.801864,0.783468,0.828065,0.784823,0.826742,0.824643,0.843145,0.807659,0.776267,0.779112,0.717231,0.781901,0.821582,0.793956,0.807686,0.792895,0.792383,0.794371
    Median/Mean ISI within Burst - Std,0.074843,0.061734,0.033457,0.083347,0.067859,0.089711,0.136035,0.087204,0.084830,0.101886,0.077107,0.091000,0.100520,0.045182,0.062448,0.047693,0.067898,0.066842,0.032466,0.069819,0.084893,0.056929,0.076952,0.032734,0.061630,0.059639,0.047742,0.065617,0.053141,0.054673,0.059059,0.053282,0.115371,0.028766,0.060495,0.049082,0.052372,0.062587,0.041030,0.063812,0.057242,0.073905,0.066127,0.059996,0.058983,0.056084,0.041817,0.057660
    Inter-Burst Interval - Avg (sec),11.106308,10.920954,3.511336,8.423361,13.503843,50.479541,39.404350,17.051274,9.938823,12.154950,53.208951,18.058679,16.628043,6.149104,10.728999,10.632289,14.566805,9.135647,14.102798,11.145997,15.179555,12.694609,12.786494,9.353747,10.347987,11.515983,11.077402,18.357247,12.634048,8.132674,10.469433,8.361862,48.925847,7.993239,11.087901,12.472459,8.181411,9.065631,8.190043,7.669655,13.265242,14.918848,13.822002,10.648604,12.254129,9.965260,7.134444,37.189189
    Inter-Burst Interval - Std (sec),14.293131,0.797820,2.001904,3.129749,12.081468,116.653527,60.774962,37.668788,14.175136,9.138998,80.965178,16.885493,14.340060,10.732108,16.430360,20.168443,12.824831,9.750930,20.900455,3.602408,20.544978,17.854493,6.745235,6.858259,5.133234,8.363336,2.328607,25.266029,4.760618,3.674545,7.148117,2.679490,83.084742,2.929532,5.080933,8.345085,2.043614,4.322156,0.540150,1.394135,23.246384,26.404548,29.845686,10.248341,12.250597,13.100322,2.685654,58.258548
    Burst Frequency - Avg (Hz),0.149306,0.090000,0.317500,0.128778,0.098452,0.103214,0.075000,0.162121,0.220417,0.095222,0.086538,0.069062,0.075625,0.280000,0.190000,0.194167,0.105778,0.151458,0.116071,0.100313,0.100889,0.120313,0.100208,0.136771,0.118667,0.101458,0.092708,0.086042,0.085000,0.134479,0.113438,0.129167,0.109048,0.135444,0.095000,0.097292,0.125667,0.124271,0.116889,0.133542,0.136667,0.149583,0.156667,0.126778,0.123229,0.147604,0.153556,0.065104
    Burst Frequency - Std (Hz),0.067691,0.006062,0.061449,0.032723,0.033636,0.052226,0.054434,0.081674,0.109268,0.043223,0.063914,0.021534,0.025841,0.085021,0.095749,0.080383,0.056399,0.050622,0.042655,0.033578,0.050638,0.038611,0.049769,0.053373,0.056506,0.022508,0.014022,0.036717,0.019375,0.027071,0.032781,0.032435,0.071536,0.033067,0.023898,0.032975,0.020048,0.034960,0.007011,0.018042,0.050815,0.060735,0.054013,0.054596,0.054008,0.048918,0.043016,0.034947
    IBI Coefficient of Variation - Avg,0.515510,0.401691,0.328448,0.506111,0.642700,0.536238,0.602632,0.550292,0.501245,0.572876,0.532623,0.483696,0.540130,0.411512,0.558629,0.416396,0.654419,0.426152,0.515387,0.506918,0.524934,0.486098,0.660118,1.429987,0.749907,0.464409,0.479564,0.494649,0.515456,0.338310,0.652898,0.446178,0.563347,0.389143,0.585009,0.496781,0.363485,0.358489,0.844338,0.662834,0.663462,0.349146,0.384784,0.515357,0.500430,0.486438,0.519557,0.674015
    IBI Coefficient of Variation - Std,0.197325,0.028266,0.157505,0.098649,0.179077,0.152606,0.193353,0.126424,0.280446,0.323347,0.236229,0.162557,0.100782,0.255500,0.237732,0.140962,0.152722,0.210810,0.206215,0.125593,0.287082,0.245153,0.214359,0.573771,0.175775,0.166483,0.125064,0.116615,0.119190,0.162126,0.282477,0.178247,0.061679,0.104479,0.039672,0.167556,0.138747,0.216582,0.033001,0.039380,0.209847,0.225683,0.270426,0.159730,0.232735,0.196350,0.253384,0.240233
    Burst Percentage - Avg,52.753365,69.057271,89.466041,69.643358,59.283918,57.445786,43.609998,54.837407,49.810158,58.770155,45.407999,77.442984,62.613101,77.535484,59.518193,65.156014,59.580047,84.500474,85.478006,84.055235,69.956732,86.325074,67.289839,82.544990,64.862389,92.214516,94.693654,79.835791,83.540476,90.830180,87.555311,70.128317,55.446514,81.666778,84.427140,85.523910,86.985852,87.964574,89.605017,91.925866,75.540730,81.907956,84.220377,71.691790,80.532613,84.212345,81.844954,74.791845
    Burst Percentage - Std,38.323252,30.498942,15.616852,24.927233,31.153553,34.948373,31.509963,41.374430,39.532845,29.246865,38.050403,19.368110,17.289390,29.568390,33.100245,33.102957,23.323328,21.205848,23.412457,6.323093,34.664179,17.982364,15.929961,16.968966,22.696159,12.835773,4.722687,28.225203,25.915732,13.238979,15.704726,29.533857,33.327898,25.523882,26.770115,16.489060,24.871188,17.648154,24.259562,6.730669,27.629915,28.220578,23.908648,28.174715,22.733172,19.633844,25.382383,30.527911
Network Burst Metrics
    Number of Network Bursts,129.000000,77.000000,204.000000,109.000000,109.000000,121.000000,110.000000,135.000000,188.000000,102.000000,97.000000,47.000000,116.000000,198.000000,194.000000,179.000000,125.000000,112.000000,86.000000,98.000000,96.000000,93.000000,122.000000,131.000000,143.000000,66.000000,61.000000,63.000000,58.000000,88.000000,83.000000,116.000000,142.000000,95.000000,68.000000,79.000000,85.000000,91.000000,72.000000,84.000000,126.000000,115.000000,118.000000,126.000000,101.000000,118.000000,115.000000,61.000000
    Network Burst Frequency,0.215000,0.128333,0.340000,0.181667,0.181667,0.201667,0.183333,0.225000,0.313333,0.170000,0.161667,0.078333,0.193333,0.330000,0.323333,0.298333,0.208333,0.186667,0.143333,0.163333,0.160000,0.155000,0.203333,0.218333,0.238333,0.110000,0.101667,0.105000,0.096667,0.146667,0.138333,0.193333,0.236667,0.158333,0.113333,0.131667,0.141667,0.151667,0.120000,0.140000,0.210000,0.191667,0.196667,0.210000,0.168333,0.196667,0.191667,0.101667
    Network Burst Duration - Avg (sec),0.267197,0.813059,0.323938,0.419741,0.682736,0.577580,0.383884,0.501375,0.305029,0.461274,0.325843,0.441467,0.360029,0.287472,0.331659,0.262575,0.168729,0.289699,0.353858,0.281007,0.126915,0.209716,0.199188,0.298567,0.205323,0.441702,0.234615,0.541196,0.442934,0.304003,0.179712,0.206459,0.215783,0.261616,0.295900,0.191607,0.126883,0.155907,0.254220,0.476806,0.181100,0.174916,0.126115,0.132405,0.174902,0.125587,0.149971,0.344451
    Network Burst Duration - Std (sec),0.091411,0.207518,0.154550,0.177141,0.308878,0.282521,0.118400,0.291037,0.120080,0.191515,0.139637,0.199514,0.224808,0.212392,0.215593,0.254097,0.078856,0.419313,0.599340,0.169014,0.083640,0.283220,0.101807,0.338954,0.200544,0.519781,0.335367,0.799690,0.554957,0.421835,0.310049,0.189371,0.244674,0.336051,0.466197,0.196699,0.116056,0.192617,0.424239,0.715656,0.169671,0.106275,0.041363,0.135693,0.223765,0.071081,0.158432,0.404426
    Number of Spikes per Network Burst - Avg,127.062016,232.792208,273.122549,214.366972,221.137615,192.694215,131.127273,156.800000,154.712766,180.294118,133.103093,205.510638,132.267241,220.959596,147.386598,171.089385,116.952000,248.267857,225.034884,174.755102,130.979167,175.537634,115.754098,186.503817,140.370629,276.227273,252.950820,312.142857,217.913793,245.250000,168.373494,157.293103,120.042254,195.421053,207.588235,180.721519,157.811765,214.571429,259.138889,338.773810,146.666667,157.478261,195.194915,124.428571,160.702970,154.347458,170.704348,162.901639
    Number of Spikes per Network Burst - Std,19.731301,125.789542,52.325616,66.083373,140.777041,111.609426,65.250696,53.952135,24.322091,90.229804,41.674204,71.539552,88.926091,50.056297,60.207586,53.658228,53.685893,187.069336,186.555051,93.397395,41.344758,94.174740,48.299909,109.816166,83.638110,187.848203,158.308499,275.924888,99.353398,138.373827,57.459150,73.241473,77.164545,108.426225,167.736933,54.213239,35.220900,60.342567,253.982993,267.173575,65.459117,24.377639,42.250021,53.645567,74.525908,54.042936,73.637802,103.205411
    Mean ISI within Network Burst - Avg (sec),0.002112,0.007355,0.001246,0.002323,0.006663,0.004960,0.004032,0.003193,0.002012,0.003743,0.003002,0.002189,0.004428,0.001253,0.002505,0.001506,0.001683,0.000938,0.001071,0.002215,0.000976,0.001028,0.001872,0.001879,0.001501,0.001388,0.000744,0.001203,0.001728,0.000971,0.000899,0.001456,0.001559,0.001180,0.001124,0.001007,0.000774,0.000691,0.000808,0.001051,0.001195,0.001108,0.000656,0.001066,0.000939,0.000847,0.000811,0.001987
    Mean ISI within Network Burst - Std (sec),0.000602,0.008305,0.001179,0.001537,0.007195,0.004841,0.002648,0.001461,0.000909,0.003050,0.002360,0.000745,0.003854,0.000587,0.001806,0.001014,0.000959,0.000512,0.000775,0.001876,0.000285,0.000522,0.000941,0.001631,0.000895,0.000801,0.000395,0.000762,0.001579,0.000665,0.000649,0.001133,0.000765,0.001020,0.000510,0.000703,0.000408,0.000432,0.000280,0.000543,0.000871,0.000625,0.000173,0.000555,0.000603,0.000338,0.000466,0.001455
    Median ISI within Network Burst - Avg (sec),0.000682,0.002283,0.000310,0.000838,0.001590,0.001639,0.001608,0.001012,0.000632,0.001338,0.001151,0.000405,0.001624,0.000351,0.000682,0.000589,0.000697,0.000361,0.000393,0.000662,0.000488,0.000387,0.000793,0.000645,0.000645,0.000303,0.000308,0.000563,0.000486,0.000350,0.000343,0.000536,0.000623,0.000310,0.000352,0.000449,0.000343,0.000319,0.000286,0.000383,0.000432,0.000310,0.000297,0.000489,0.000343,0.000330,0.000329,0.000527
    Median ISI within Network Burst - Std (sec),0.000119,0.003302,0.000406,0.000776,0.001577,0.001729,0.001410,0.000570,0.000260,0.001732,0.001262,0.000203,0.001302,0.000169,0.000554,0.000333,0.000396,0.000199,0.000213,0.000476,0.000151,0.000169,0.000439,0.000461,0.000288,0.000195,0.000112,0.000442,0.000200,0.000214,0.000252,0.000234,0.000198,0.000095,0.000274,0.000279,0.000072,0.000102,0.000110,0.000302,0.000171,0.000068,0.000059,0.000203,0.000088,0.000120,0.000099,0.000303
    Median/Mean ISI within Network Burst - Avg,0.345809,0.233176,0.265980,0.329626,0.271481,0.307124,0.345999,0.322721,0.337996,0.297912,0.359258,0.198388,0.385432,0.300578,0.309011,0.433406,0.444017,0.406069,0.430057,0.357648,0.503205,0.404496,0.436871,0.388678,0.468684,0.280898,0.448301,0.454423,0.376337,0.399042,0.401484,0.427990,0.461063,0.377587,0.315172,0.460216,0.473492,0.489609,0.367513,0.353913,0.416905,0.323158,0.467724,0.483546,0.421471,0.404086,0.455541,0.335601
    Median/Mean ISI within Network Burst - Std,0.100461,0.111301,0.094332,0.109742,0.091368,0.119279,0.126289,0.101258,0.101512,0.169015,0.142269,0.077651,0.133589,0.101363,0.141138,0.119895,0.140758,0.098967,0.136860,0.140444,0.095402,0.107538,0.129962,0.122556,0.137139,0.151349,0.116031,0.083331,0.123699,0.110411,0.108786,0.124340,0.168602,0.158503,0.108768,0.112634,0.091665,0.093346,0.089639,0.099222,0.160584,0.100864,0.095840,0.130081,0.119968,0.086558,0.110796,0.162987
    Number of Elecs Participating in Burst - Avg,14.155039,13.337662,15.950980,14.688073,13.064220,12.966942,13.745455,12.481481,13.276596,14.068627,12.711340,15.808511,14.310345,15.641414,14.365979,14.536313,14.312000,15.982143,13.604651,15.091837,14.635417,15.602151,14.713115,14.610687,15.153846,15.803030,15.967213,15.603175,15.034483,16.000000,15.795181,14.405172,12.105634,15.284211,15.941176,15.367089,15.164706,15.934066,15.083333,16.000000,14.484127,15.643478,15.966102,14.547619,15.663366,15.593220,15.356522,15.032787
    Number of Elecs Participating in Burst - Std,0.712057,2.618810,0.633661,1.051430,2.182741,2.683076,2.454864,0.896526,0.765629,2.054986,2.835632,0.924034,1.517514,0.585529,1.504769,0.849699,1.603504,0.133027,0.690764,1.457909,1.330768,0.768112,1.440153,1.842125,1.036705,0.400757,0.179556,0.730437,0.262613,0.000000,0.462207,1.376691,1.605433,0.476315,0.293326,1.027534,0.484204,0.249542,0.278325,0.000000,1.244084,0.580250,0.223882,1.121479,0.474915,0.694758,0.739740,1.210609
    Number of Spikes per Network Burst per Channel - Avg,9.005694,16.232120,17.088305,14.382462,15.712659,13.803727,9.059477,12.556114,11.646103,12.212476,10.336074,12.905636,8.803229,14.124344,10.111247,11.830062,7.958182,15.549814,16.381123,11.303445,8.817329,11.205535,7.717753,12.285231,9.130635,17.508144,15.831762,20.166383,14.486145,15.328125,10.618589,10.677154,9.429989,12.762876,13.083648,11.677699,10.386460,13.444689,17.200405,21.173363,9.903749,10.061620,12.215088,8.433367,10.265264,9.873736,11.073383,10.719882
    Number of Spikes per Network Burst per Channel - Std,1.518163,7.659881,3.199791,4.004737,8.856760,6.328744,3.376551,4.118488,1.765108,5.373604,1.852350,4.355726,5.221823,3.245376,3.675020,3.888137,3.124119,11.762086,13.295022,5.605405,2.367214,5.872535,2.784629,6.451166,5.095349,12.002186,9.882281,17.927320,6.608157,8.648364,3.506821,4.596864,5.003282,6.942520,10.768759,3.357577,2.220209,3.721833,16.945952,16.698348,3.978316,1.465209,2.613403,3.324235,4.823371,3.496791,4.608257,6.591674
    Network Burst Percentage,91.888104,82.943871,96.683904,89.621049,86.021198,94.247949,77.908610,97.377864,93.575266,81.689765,74.898480,83.411054,90.353925,96.501676,99.105750,99.837001,86.631111,99.538214,98.921488,98.800046,99.801572,99.664225,97.205396,99.914121,99.145510,99.699223,99.786587,99.898400,99.849897,99.884297,99.871364,99.895976,98.640125,99.619017,69.653607,99.853126,99.732342,99.841489,99.834127,99.915733,99.767856,99.818112,99.874252,99.828080,99.772560,99.879353,99.508313,97.097909
    Network IBI Coefficient of Variation,0.275323,0.488719,0.311586,0.373778,0.538111,0.336757,0.397431,0.351824,0.237166,0.509428,0.394979,0.368624,0.463557,0.221729,0.263872,0.191693,0.370436,0.263892,0.333957,0.317703,0.239841,0.224856,0.311681,0.294208,0.359851,0.394814,0.416529,0.437781,0.420120,0.237905,0.417551,0.243169,0.321983,0.253097,0.603691,0.289130,0.265984,0.190631,0.832904,0.645785,0.336270,0.126183,0.162771,0.231901,0.267277,0.333603,0.318040,0.497721
    Network Normalized Duration IQR,0.395215,0.323353,0.615285,0.471421,0.573138,0.775653,0.454078,0.711915,0.531392,0.565931,0.623984,0.771187,0.983559,0.499751,1.115410,0.350491,0.686369,0.301688,0.749477,0.947063,0.263792,0.583334,0.704765,0.695462,0.428022,2.591950,1.091207,0.617902,0.339783,0.735381,0.656825,1.066840,0.867252,1.415443,0.674694,0.440065,0.195355,0.234171,0.354864,0.376397,0.917388,0.481250,0.338978,0.498110,0.390406,0.525552,0.768987,1.275702
Synchrony Metrics
    Area Under Normalized Cross-Correlation,0.470090,0.574276,0.884107,0.610732,0.465727,0.510220,0.521802,0.403725,0.492553,0.631746,0.414809,0.704343,0.670721,0.783729,0.647473,0.621702,0.565326,0.821269,0.679005,0.723123,0.619306,0.824047,0.605617,0.724385,0.635571,0.845351,0.864980,0.665524,0.681370,0.883313,0.873941,0.656860,0.608541,0.832923,0.807362,0.753783,0.792398,0.743420,0.861626,0.839314,0.790973,0.835473,0.776692,0.682124,0.802007,0.870530,0.818615,0.636760
    Area Under Cross-Correlation,4.355694,7.539403,37.430986,9.581375,9.862667,8.892764,4.752514,4.515347,9.205708,8.100917,3.954083,4.766319,6.867569,24.766806,11.238069,11.883597,4.974500,13.151667,8.281986,8.784833,4.706333,7.602431,4.142889,12.746528,7.058333,10.747208,9.051514,7.241611,5.444583,11.442403,7.720986,7.437389,6.181611,9.955556,6.917278,7.027625,6.727083,11.510611,10.471694,13.615194,8.728528,10.226417,13.477681,6.647042,7.833333,9.978764,10.431667,3.948444
    Full Width at Half Height of Normalized Cross-Correlation,18.000000,19.000000,22.000000,18.000000,24.000000,17.000000,21.000000,24.000000,24.000000,16.000000,22.000000,17.000000,21.000000,23.000000,23.000000,26.000000,11.000000,18.000000,17.000000,25.000000,16.000000,14.000000,14.000000,22.000000,15.000000,17.000000,22.000000,27.000000,22.000000,17.000000,15.000000,14.000000,17.000000,12.000000,23.000000,21.000000,9.000000,10.000000,13.000000,19.000000,15.000000,18.000000,8.000000,13.000000,8.000000,14.000000,12.000000,18.000000
    Full Width at Half Height of Cross-Correlation,85.000000,101.000000,76.000000,91.000000,129.000000,103.000000,75.000000,97.000000,82.000000,76.000000,74.000000,64.000000,74.000000,70.000000,68.000000,85.000000,65.000000,57.000000,63.000000,73.000000,63.000000,57.000000,67.000000,73.000000,68.000000,60.000000,66.000000,74.000000,76.000000,55.000000,49.000000,68.000000,70.000000,54.000000,45.000000,69.000000,61.000000,78.000000,54.000000,66.000000,46.000000,48.000000,66.000000,61.000000,54.000000,43.000000,51.000000,68.000000
    Synchrony Index, , , , , , , , , , , , , , , , , , , , , , , , , , , , , , , , , , , , , , , , , , , , , , , , 
    Kreuz SPIKE Distance, , , , , , , , , , , , , , , , , , , , , , , , , , , , , , , , , , , , , , , , , , , , , , , , 
Evoked Metrics
    Number of Trials, , , , , , , , , , , , , , , , , , , , , , , , , , , , , , , , , , , , , , , , , , , , , , , , 
    Evoked Spike Count - Avg, , , , , , , , , , , , , , , , , , , , , , , , , , , , , , , , , , , , , , , , , , , , , , , , 
    Evoked Spike Count - Std, , , , , , , , , , , , , , , , , , , , , , , , , , , , , , , , , , , , , , , , , , , , , , , , 
    Evoked Response Probability, , , , , , , , , , , , , , , , , , , , , , , , , , , , , , , , , , , , , , , , , , , , , , , , 
    Evoked First Spike Latency (ms), , , , , , , , , , , , , , , , , , , , , , , , , , , , , , , , , , , , , , , , , , , , , , , , 
    Evoked Jitter (ms), , , , , , , , , , , , , , , , , , , , , , , , , , , , , , , , , , , , , , , , , , , , , , , , 

Measurement,A1_11,A1_12,A1_13,A1_14,A1_21,A1_22,A1_23,A1_24,A1_31,A1_32,A1_33,A1_34,A1_41,A1_42,A1_43,A1_44,A2_11,A2_12,A2_13,A2_14,A2_21,A2_22,A2_23,A2_24,A2_31,A2_32,A2_33,A2_34,A2_41,A2_42,A2_43,A2_44,A3_11,A3_12,A3_13,A3_14,A3_21,A3_22,A3_23,A3_24,A3_31,A3_32,A3_33,A3_34,A3_41,A3_42,A3_43,A3_44,A4_11,A4_12,A4_13,A4_14,A4_21,A4_22,A4_23,A4_24,A4_31,A4_32,A4_33,A4_34,A4_41,A4_42,A4_43,A4_44,A5_11,A5_12,A5_13,A5_14,A5_21,A5_22,A5_23,A5_24,A5_31,A5_32,A5_33,A5_34,A5_41,A5_42,A5_43,A5_44,A6_11,A6_12,A6_13,A6_14,A6_21,A6_22,A6_23,A6_24,A6_31,A6_32,A6_33,A6_34,A6_41,A6_42,A6_43,A6_44,A7_11,A7_12,A7_13,A7_14,A7_21,A7_22,A7_23,A7_24,A7_31,A7_32,A7_33,A7_34,A7_41,A7_42,A7_43,A7_44,A8_11,A8_12,A8_13,A8_14,A8_21,A8_22,A8_23,A8_24,A8_31,A8_32,A8_33,A8_34,A8_41,A8_42,A8_43,A8_44,B1_11,B1_12,B1_13,B1_14,B1_21,B1_22,B1_23,B1_24,B1_31,B1_32,B1_33,B1_34,B1_41,B1_42,B1_43,B1_44,B2_11,B2_12,B2_13,B2_14,B2_21,B2_22,B2_23,B2_24,B2_31,B2_32,B2_33,B2_34,B2_41,B2_42,B2_43,B2_44,B3_11,B3_12,B3_13,B3_14,B3_21,B3_22,B3_23,B3_24,B3_31,B3_32,B3_33,B3_34,B3_41,B3_42,B3_43,B3_44,B4_11,B4_12,B4_13,B4_14,B4_21,B4_22,B4_23,B4_24,B4_31,B4_32,B4_33,B4_34,B4_41,B4_42,B4_43,B4_44,B5_11,B5_12,B5_13,B5_14,B5_21,B5_22,B5_23,B5_24,B5_31,B5_32,B5_33,B5_34,B5_41,B5_42,B5_43,B5_44,B6_11,B6_12,B6_13,B6_14,B6_21,B6_22,B6_23,B6_24,B6_31,B6_32,B6_33,B6_34,B6_41,B6_42,B6_43,B6_44,B7_11,B7_12,B7_13,B7_14,B7_21,B7_22,B7_23,B7_24,B7_31,B7_32,B7_33,B7_34,B7_41,B7_42,B7_43,B7_44,B8_11,B8_12,B8_13,B8_14,B8_21,B8_22,B8_23,B8_24,B8_31,B8_32,B8_33,B8_34,B8_41,B8_42,B8_43,B8_44,C1_11,C1_12,C1_13,C1_14,C1_21,C1_22,C1_23,C1_24,C1_31,C1_32,C1_33,C1_34,C1_41,C1_42,C1_43,C1_44,C2_11,C2_12,C2_13,C2_14,C2_21,C2_22,C2_23,C2_24,C2_31,C2_32,C2_33,C2_34,C2_41,C2_42,C2_43,C2_44,C3_11,C3_12,C3_13,C3_14,C3_21,C3_22,C3_23,C3_24,C3_31,C3_32,C3_33,C3_34,C3_41,C3_42,C3_43,C3_44,C4_11,C4_12,C4_13,C4_14,C4_21,C4_22,C4_23,C4_24,C4_31,C4_32,C4_33,C4_34,C4_41,C4_42,C4_43,C4_44,C5_11,C5_12,C5_13,C5_14,C5_21,C5_22,C5_23,C5_24,C5_31,C5_32,C5_33,C5_34,C5_41,C5_42,C5_43,C5_44,C6_11,C6_12,C6_13,C6_14,C6_21,C6_22,C6_23,C6_24,C6_31,C6_32,C6_33,C6_34,C6_41,C6_42,C6_43,C6_44,C7_11,C7_12,C7_13,C7_14,C7_21,C7_22,C7_23,C7_24,C7_31,C7_32,C7_33,C7_34,C7_41,C7_42,C7_43,C7_44,C8_11,C8_12,C8_13,C8_14,C8_21,C8_22,C8_23,C8_24,C8_31,C8_32,C8_33,C8_34,C8_41,C8_42,C8_43,C8_44,D1_11,D1_12,D1_13,D1_14,D1_21,D1_22,D1_23,D1_24,D1_31,D1_32,D1_33,D1_34,D1_41,D1_42,D1_43,D1_44,D2_11,D2_12,D2_13,D2_14,D2_21,D2_22,D2_23,D2_24,D2_31,D2_32,D2_33,D2_34,D2_41,D2_42,D2_43,D2_44,D3_11,D3_12,D3_13,D3_14,D3_21,D3_22,D3_23,D3_24,D3_31,D3_32,D3_33,D3_34,D3_41,D3_42,D3_43,D3_44,D4_11,D4_12,D4_13,D4_14,D4_21,D4_22,D4_23,D4_24,D4_31,D4_32,D4_33,D4_34,D4_41,D4_42,D4_43,D4_44,D5_11,D5_12,D5_13,D5_14,D5_21,D5_22,D5_23,D5_24,D5_31,D5_32,D5_33,D5_34,D5_41,D5_42,D5_43,D5_44,D6_11,D6_12,D6_13,D6_14,D6_21,D6_22,D6_23,D6_24,D6_31,D6_32,D6_33,D6_34,D6_41,D6_42,D6_43,D6_44,D7_11,D7_12,D7_13,D7_14,D7_21,D7_22,D7_23,D7_24,D7_31,D7_32,D7_33,D7_34,D7_41,D7_42,D7_43,D7_44,D8_11,D8_12,D8_13,D8_14,D8_21,D8_22,D8_23,D8_24,D8_31,D8_32,D8_33,D8_34,D8_41,D8_42,D8_43,D8_44,E1_11,E1_12,E1_13,E1_14,E1_21,E1_22,E1_23,E1_24,E1_31,E1_32,E1_33,E1_34,E1_41,E1_42,E1_43,E1_44,E2_11,E2_12,E2_13,E2_14,E2_21,E2_22,E2_23,E2_24,E2_31,E2_32,E2_33,E2_34,E2_41,E2_42,E2_43,E2_44,E3_11,E3_12,E3_13,E3_14,E3_21,E3_22,E3_23,E3_24,E3_31,E3_32,E3_33,E3_34,E3_41,E3_42,E3_43,E3_44,E4_11,E4_12,E4_13,E4_14,E4_21,E4_22,E4_23,E4_24,E4_31,E4_32,E4_33,E4_34,E4_41,E4_42,E4_43,E4_44,E5_11,E5_12,E5_13,E5_14,E5_21,E5_22,E5_23,E5_24,E5_31,E5_32,E5_33,E5_34,E5_41,E5_42,E5_43,E5_44,E6_11,E6_12,E6_13,E6_14,E6_21,E6_22,E6_23,E6_24,E6_31,E6_32,E6_33,E6_34,E6_41,E6_42,E6_43,E6_44,E7_11,E7_12,E7_13,E7_14,E7_21,E7_22,E7_23,E7_24,E7_31,E7_32,E7_33,E7_34,E7_41,E7_42,E7_43,E7_44,E8_11,E8_12,E8_13,E8_14,E8_21,E8_22,E8_23,E8_24,E8_31,E8_32,E8_33,E8_34,E8_41,E8_42,E8_43,E8_44,F1_11,F1_12,F1_13,F1_14,F1_21,F1_22,F1_23,F1_24,F1_31,F1_32,F1_33,F1_34,F1_41,F1_42,F1_43,F1_44,F2_11,F2_12,F2_13,F2_14,F2_21,F2_22,F2_23,F2_24,F2_31,F2_32,F2_33,F2_34,F2_41,F2_42,F2_43,F2_44,F3_11,F3_12,F3_13,F3_14,F3_21,F3_22,F3_23,F3_24,F3_31,F3_32,F3_33,F3_34,F3_41,F3_42,F3_43,F3_44,F4_11,F4_12,F4_13,F4_14,F4_21,F4_22,F4_23,F4_24,F4_31,F4_32,F4_33,F4_34,F4_41,F4_42,F4_43,F4_44,F5_11,F5_12,F5_13,F5_14,F5_21,F5_22,F5_23,F5_24,F5_31,F5_32,F5_33,F5_34,F5_41,F5_42,F5_43,F5_44,F6_11,F6_12,F6_13,F6_14,F6_21,F6_22,F6_23,F6_24,F6_31,F6_32,F6_33,F6_34,F6_41,F6_42,F6_43,F6_44,F7_11,F7_12,F7_13,F7_14,F7_21,F7_22,F7_23,F7_24,F7_31,F7_32,F7_33,F7_34,F7_41,F7_42,F7_43,F7_44,F8_11,F8_12,F8_13,F8_14,F8_21,F8_22,F8_23,F8_24,F8_31,F8_32,F8_33,F8_34,F8_41,F8_42,F8_43,F8_44,
Activity Metrics
    Number of Spikes,1102.000000,411.000000,1663.000000,1516.000000,1120.000000,1207.000000,897.000000,1847.000000,1603.000000,62.000000,1.000000,330.000000,3011.000000,1866.000000,861.000000,341.000000,728.000000,772.000000,1044.000000,55.000000,410.000000,2064.000000,2342.000000,1558.000000,671.000000,2616.000000,2609.000000,2620.000000,11.000000,1668.000000,617.000000,1826.000000,2399.000000,2361.000000,5498.000000,3653.000000,1377.000000,2724.000000,4339.000000,3079.000000,3530.000000,4091.000000,2224.000000,3685.000000,3452.000000,3312.000000,6859.000000,5045.000000,594.000000,628.000000,1386.000000,17.000000,1365.000000,1731.000000,1576.000000,1314.000000,3624.000000,1866.000000,2400.000000,2861.000000,1969.000000,2625.000000,916.000000,1200.000000,1852.000000,2840.000000,51.000000,4188.000000,5.000000,910.000000,3206.000000,3330.000000,867.000000,2880.000000,1168.000000,1640.000000,817.000000,2469.000000,249.000000,1549.000000,2571.000000,25.000000,113.000000,2910.000000,98.000000,1093.000000,2235.000000,193.000000,2288.000000,2692.000000,1770.000000,1847.000000,2766.000000,1105.000000,2774.000000,259.000000,1130.000000,1335.000000,3073.000000,129.000000,1224.000000,135.000000,1766.000000,1159.000000,1994.000000,1353.000000,652.000000,1516.000000,91.000000,2402.000000,233.000000,322.000000,410.000000,1586.000000,22.000000,152.000000,0.000000,1614.000000,3044.000000,365.000000,2242.000000,1946.000000,4324.000000,139.000000,1521.000000,0.000000,2383.000000,1990.000000,1.000000,1884.000000,3291.000000,2822.000000,1836.000000,310.000000,1463.000000,4472.000000,2115.000000,5141.000000,133.000000,1921.000000,381.000000,1.000000,895.000000,4417.000000,240.000000,28.000000,438.000000,482.000000,1702.000000,1970.000000,1253.000000,120.000000,1423.000000,1978.000000,2408.000000,1661.000000,1683.000000,4694.000000,839.000000,1593.000000,744.000000,1508.000000,2035.000000,6774.000000,889.000000,2065.000000,614.000000,117.000000,115.000000,124.000000,530.000000,115.000000,37.000000,88.000000,86.000000,1397.000000,550.000000,263.000000,454.000000,667.000000,894.000000,672.000000,728.000000,641.000000,838.000000,1480.000000,1416.000000,454.000000,245.000000,1675.000000,193.000000,410.000000,1693.000000,1936.000000,1248.000000,1631.000000,206.000000,601.000000,87.000000,1096.000000,870.000000,868.000000,1169.000000,953.000000,948.000000,1002.000000,1282.000000,1391.000000,1904.000000,1862.000000,186.000000,3753.000000,2929.000000,564.000000,4069.000000,4401.000000,3007.000000,2794.000000,3549.000000,2735.000000,4341.000000,1766.000000,3662.000000,3814.000000,2853.000000,3074.000000,2851.000000,2405.000000,970.000000,871.000000,2421.000000,628.000000,107.000000,533.000000,3281.000000,3553.000000,1426.000000,2120.000000,1560.000000,198.000000,1624.000000,1046.000000,176.000000,1208.000000,1633.000000,1453.000000,271.000000,7.000000,2756.000000,2329.000000,2117.000000,4167.000000,3574.000000,2782.000000,1830.000000,3702.000000,904.000000,1953.000000,1958.000000,809.000000,1115.000000,38.000000,1242.000000,923.000000,296.000000,252.000000,762.000000,890.000000,3702.000000,1077.000000,457.000000,497.000000,1897.000000,2049.000000,363.000000,3135.000000,1909.000000,908.000000,2574.000000,1817.000000,1175.000000,3043.000000,1290.000000,3134.000000,2515.000000,926.000000,503.000000,697.000000,2188.000000,1724.000000,1396.000000,2098.000000,1900.000000,1959.000000,434.000000,1372.000000,753.000000,0.000000,1470.000000,153.000000,2001.000000,1111.000000,0.000000,1005.000000,1405.000000,1116.000000,660.000000,1505.000000,989.000000,737.000000,968.000000,1798.000000,1281.000000,1102.000000,1382.000000,1013.000000,730.000000,377.000000,441.000000,1830.000000,839.000000,1355.000000,178.000000,489.000000,227.000000,545.000000,45.000000,1376.000000,1000.000000,1298.000000,1480.000000,728.000000,667.000000,1317.000000,681.000000,374.000000,140.000000,708.000000,1251.000000,511.000000,671.000000,1177.000000,744.000000,1908.000000,736.000000,1137.000000,1538.000000,1153.000000,1536.000000,1305.000000,1107.000000,758.000000,384.000000,726.000000,312.000000,1170.000000,827.000000,285.000000,827.000000,1657.000000,1591.000000,1617.000000,652.000000,512.000000,1442.000000,908.000000,742.000000,876.000000,888.000000,1173.000000,795.000000,434.000000,418.000000,2096.000000,1654.000000,1613.000000,2199.000000,1831.000000,848.000000,2893.000000,3162.000000,1257.000000,1057.000000,2135.000000,1888.000000,3845.000000,873.000000,1631.000000,680.000000,374.000000,1458.000000,189.000000,1151.000000,2155.000000,603.000000,1157.000000,1832.000000,913.000000,868.000000,629.000000,1213.000000,1287.000000,1799.000000,661.000000,488.000000,1726.000000,1659.000000,1336.000000,1801.000000,1137.000000,579.000000,139.000000,744.000000,1501.000000,1135.000000,1081.000000,992.000000,789.000000,1251.000000,749.000000,991.000000,884.000000,1236.000000,443.000000,802.000000,1325.000000,471.000000,1399.000000,808.000000,758.000000,843.000000,1722.000000,82.000000,1067.000000,2602.000000,839.000000,1242.000000,970.000000,3200.000000,1052.000000,648.000000,1502.000000,155.000000,744.000000,3277.000000,658.000000,1390.000000,257.000000,3.000000,1072.000000,908.000000,652.000000,1308.000000,763.000000,1181.000000,1005.000000,1077.000000,786.000000,232.000000,529.000000,1629.000000,539.000000,666.000000,308.000000,731.000000,832.000000,2198.000000,1697.000000,1673.000000,2649.000000,1107.000000,811.000000,1191.000000,1650.000000,1419.000000,349.000000,1310.000000,1592.000000,1124.000000,1274.000000,795.000000,400.000000,1238.000000,1664.000000,1316.000000,201.000000,341.000000,955.000000,499.000000,925.000000,1246.000000,634.000000,737.000000,1303.000000,903.000000,836.000000,41.000000,1203.000000,1088.000000,777.000000,2198.000000,727.000000,2794.000000,1198.000000,1299.000000,867.000000,1813.000000,1262.000000,379.000000,132.000000,1683.000000,804.000000,2153.000000,1945.000000,2190.000000,1682.000000,1408.000000,1699.000000,554.000000,1560.000000,1924.000000,866.000000,60.000000,8.000000,117.000000,62.000000,73.000000,980.000000,1472.000000,1367.000000,919.000000,1620.000000,954.000000,2474.000000,1610.000000,679.000000,900.000000,1480.000000,873.000000,442.000000,643.000000,1701.000000,41.000000,1461.000000,746.000000,461.000000,804.000000,763.000000,1269.000000,841.000000,7314.000000,1626.000000,462.000000,782.000000,1290.000000,917.000000,1137.000000,163.000000,1331.000000,360.000000,1905.000000,132.000000,477.000000,1254.000000,1194.000000,1096.000000,524.000000,822.000000,1514.000000,801.000000,1016.000000,1091.000000,626.000000,465.000000,1050.000000,331.000000,1149.000000,18.000000,1091.000000,691.000000,971.000000,939.000000,846.000000,673.000000,620.000000,961.000000,980.000000,809.000000,401.000000,690.000000,1258.000000,1353.000000,1122.000000,1725.000000,441.000000,1162.000000,458.000000,1618.000000,1351.000000,1640.000000,536.000000,1528.000000,1908.000000,813.000000,1551.000000,1163.000000,1790.000000,751.000000,8.000000,504.000000,1402.000000,1258.000000,1206.000000,1488.000000,555.000000,946.000000,673.000000,1447.000000,2023.000000,1661.000000,1496.000000,1781.000000,1431.000000,810.000000,1764.000000,489.000000,1104.000000,1239.000000,3265.000000,1036.000000,940.000000,1431.000000,1791.000000,1370.000000,1836.000000,3300.000000,3713.000000,1859.000000,2214.000000,1130.000000,1427.000000,1258.000000,582.000000,692.000000,145.000000,1069.000000,1349.000000,1182.000000,1661.000000,2024.000000,1748.000000,891.000000,38.000000,1314.000000,1373.000000,1770.000000,243.000000,1878.000000,1245.000000,798.000000,1130.000000,1593.000000,1565.000000,682.000000,159.000000,912.000000,1252.000000,1364.000000,1605.000000,1752.000000,1114.000000,851.000000,2724.000000,777.000000,883.000000,1850.000000,1572.000000,1377.000000,1479.000000,1881.000000,769.000000,985.000000,383.000000,2189.000000,672.000000,1406.000000,2002.000000,2113.000000,911.000000,866.000000,1665.000000,108.000000,1098.000000,440.000000,544.000000,1263.000000,794.000000,1420.000000,1137.000000,1049.000000,1599.000000,69.000000,1725.000000,1017.000000,380.000000,469.000000,1192.000000,1009.000000,1345.000000,897.000000,1497.000000,895.000000,985.000000,1095.000000,1375.000000,1628.000000,1165.000000,1575.000000,571.000000,190.000000,931.000000,1087.000000,1211.000000,453.000000,1749.000000,843.000000,986.000000,258.000000,1795.000000,1165.000000,632.000000,711.000000,2036.000000,2013.000000,1310.000000,1055.000000,676.000000,1975.000000,893.000000,757.000000,1758.000000,1578.000000,1137.000000,1917.000000,1315.000000,1875.000000,968.000000,584.000000,74.000000,1452.000000,1330.000000,1439.000000,123.000000,614.000000,427.000000,499.000000,1036.000000,1517.000000,785.000000,728.000000,84.000000,421.000000,705.000000,287.000000,1092.000000,157.000000,895.000000,864.000000
    Mean Firing Rate (Hz),1.836667,0.685000,2.771667,2.526667,1.866667,2.011667,1.495000,3.078333,2.671667,0.103333,0.001667,0.550000,5.018333,3.110000,1.435000,0.568333,1.213333,1.286667,1.740000,0.091667,0.683333,3.440000,3.903333,2.596667,1.118333,4.360000,4.348333,4.366667,0.018333,2.780000,1.028333,3.043333,3.998333,3.935000,9.163333,6.088333,2.295000,4.540000,7.231667,5.131667,5.883333,6.818333,3.706667,6.141667,5.753333,5.520000,11.431667,8.408333,0.990000,1.046667,2.310000,0.028333,2.275000,2.885000,2.626667,2.190000,6.040000,3.110000,4.000000,4.768333,3.281667,4.375000,1.526667,2.000000,3.086667,4.733333,0.085000,6.980000,0.008333,1.516667,5.343333,5.550000,1.445000,4.800000,1.946667,2.733333,1.361667,4.115000,0.415000,2.581667,4.285000,0.041667,0.188333,4.850000,0.163333,1.821667,3.725000,0.321667,3.813333,4.486667,2.950000,3.078333,4.610000,1.841667,4.623333,0.431667,1.883333,2.225000,5.121667,0.215000,2.040000,0.225000,2.943333,1.931667,3.323333,2.255000,1.086667,2.526667,0.151667,4.003333,0.388333,0.536667,0.683333,2.643333,0.036667,0.253333,0.000000,2.690000,5.073333,0.608333,3.736667,3.243333,7.206667,0.231667,2.535000,0.000000,3.971667,3.316667,0.001667,3.140000,5.485000,4.703333,3.060000,0.516667,2.438333,7.453333,3.525000,8.568333,0.221667,3.201667,0.635000,0.001667,1.491667,7.361667,0.400000,0.046667,0.730000,0.803333,2.836667,3.283333,2.088333,0.200000,2.371667,3.296667,4.013333,2.768333,2.805000,7.823333,1.398333,2.655000,1.240000,2.513333,3.391667,11.290000,1.481667,3.441667,1.023333,0.195000,0.191667,0.206667,0.883333,0.191667,0.061667,0.146667,0.143333,2.328333,0.916667,0.438333,0.756667,1.111667,1.490000,1.120000,1.213333,1.068333,1.396667,2.466667,2.360000,0.756667,0.408333,2.791667,0.321667,0.683333,2.821667,3.226667,2.080000,2.718333,0.343333,1.001667,0.145000,1.826667,1.450000,1.446667,1.948333,1.588333,1.580000,1.670000,2.136667,2.318333,3.173333,3.103333,0.310000,6.255000,4.881667,0.940000,6.781667,7.335000,5.011667,4.656667,5.915000,4.558333,7.235000,2.943333,6.103333,6.356667,4.755000,5.123333,4.751667,4.008333,1.616667,1.451667,4.035000,1.046667,0.178333,0.888333,5.468333,5.921667,2.376667,3.533333,2.600000,0.330000,2.706667,1.743333,0.293333,2.013333,2.721667,2.421667,0.451667,0.011667,4.593333,3.881667,3.528333,6.945000,5.956667,4.636667,3.050000,6.170000,1.506667,3.255000,3.263333,1.348333,1.858333,0.063333,2.070000,1.538333,0.493333,0.420000,1.270000,1.483333,6.170000,1.795000,0.761667,0.828333,3.161667,3.415000,0.605000,5.225000,3.181667,1.513333,4.290000,3.028333,1.958333,5.071667,2.150000,5.223333,4.191667,1.543333,0.838333,1.161667,3.646667,2.873333,2.326667,3.496667,3.166667,3.265000,0.723333,2.286667,1.255000,0.000000,2.450000,0.255000,3.335000,1.851667,0.000000,1.675000,2.341667,1.860000,1.100000,2.508333,1.648333,1.228333,1.613333,2.996667,2.135000,1.836667,2.303333,1.688333,1.216667,0.628333,0.735000,3.050000,1.398333,2.258333,0.296667,0.815000,0.378333,0.908333,0.075000,2.293333,1.666667,2.163333,2.466667,1.213333,1.111667,2.195000,1.135000,0.623333,0.233333,1.180000,2.085000,0.851667,1.118333,1.961667,1.240000,3.180000,1.226667,1.895000,2.563333,1.921667,2.560000,2.175000,1.845000,1.263333,0.640000,1.210000,0.520000,1.950000,1.378333,0.475000,1.378333,2.761667,2.651667,2.695000,1.086667,0.853333,2.403333,1.513333,1.236667,1.460000,1.480000,1.955000,1.325000,0.723333,0.696667,3.493333,2.756667,2.688333,3.665000,3.051667,1.413333,4.821667,5.270000,2.095000,1.761667,3.558333,3.146667,6.408333,1.455000,2.718333,1.133333,0.623333,2.430000,0.315000,1.918333,3.591667,1.005000,1.928333,3.053333,1.521667,1.446667,1.048333,2.021667,2.145000,2.998333,1.101667,0.813333,2.876667,2.765000,2.226667,3.001667,1.895000,0.965000,0.231667,1.240000,2.501667,1.891667,1.801667,1.653333,1.315000,2.085000,1.248333,1.651667,1.473333,2.060000,0.738333,1.336667,2.208333,0.785000,2.331667,1.346667,1.263333,1.405000,2.870000,0.136667,1.778333,4.336667,1.398333,2.070000,1.616667,5.333333,1.753333,1.080000,2.503333,0.258333,1.240000,5.461667,1.096667,2.316667,0.428333,0.005000,1.786667,1.513333,1.086667,2.180000,1.271667,1.968333,1.675000,1.795000,1.310000,0.386667,0.881667,2.715000,0.898333,1.110000,0.513333,1.218333,1.386667,3.663333,2.828333,2.788333,4.415000,1.845000,1.351667,1.985000,2.750000,2.365000,0.581667,2.183333,2.653333,1.873333,2.123333,1.325000,0.666667,2.063333,2.773333,2.193333,0.335000,0.568333,1.591667,0.831667,1.541667,2.076667,1.056667,1.228333,2.171667,1.505000,1.393333,0.068333,2.005000,1.813333,1.295000,3.663333,1.211667,4.656667,1.996667,2.165000,1.445000,3.021667,2.103333,0.631667,0.220000,2.805000,1.340000,3.588333,3.241667,3.650000,2.803333,2.346667,2.831667,0.923333,2.600000,3.206667,1.443333,0.100000,0.013333,0.195000,0.103333,0.121667,1.633333,2.453333,2.278333,1.531667,2.700000,1.590000,4.123333,2.683333,1.131667,1.500000,2.466667,1.455000,0.736667,1.071667,2.835000,0.068333,2.435000,1.243333,0.768333,1.340000,1.271667,2.115000,1.401667,12.190000,2.710000,0.770000,1.303333,2.150000,1.528333,1.895000,0.271667,2.218333,0.600000,3.175000,0.220000,0.795000,2.090000,1.990000,1.826667,0.873333,1.370000,2.523333,1.335000,1.693333,1.818333,1.043333,0.775000,1.750000,0.551667,1.915000,0.030000,1.818333,1.151667,1.618333,1.565000,1.410000,1.121667,1.033333,1.601667,1.633333,1.348333,0.668333,1.150000,2.096667,2.255000,1.870000,2.875000,0.735000,1.936667,0.763333,2.696667,2.251667,2.733333,0.893333,2.546667,3.180000,1.355000,2.585000,1.938333,2.983333,1.251667,0.013333,0.840000,2.336667,2.096667,2.010000,2.480000,0.925000,1.576667,1.121667,2.411667,3.371667,2.768333,2.493333,2.968333,2.385000,1.350000,2.940000,0.815000,1.840000,2.065000,5.441667,1.726667,1.566667,2.385000,2.985000,2.283333,3.060000,5.500000,6.188333,3.098333,3.690000,1.883333,2.378333,2.096667,0.970000,1.153333,0.241667,1.781667,2.248333,1.970000,2.768333,3.373333,2.913333,1.485000,0.063333,2.190000,2.288333,2.950000,0.405000,3.130000,2.075000,1.330000,1.883333,2.655000,2.608333,1.136667,0.265000,1.520000,2.086667,2.273333,2.675000,2.920000,1.856667,1.418333,4.540000,1.295000,1.471667,3.083333,2.620000,2.295000,2.465000,3.135000,1.281667,1.641667,0.638333,3.648333,1.120000,2.343333,3.336667,3.521667,1.518333,1.443333,2.775000,0.180000,1.830000,0.733333,0.906667,2.105000,1.323333,2.366667,1.895000,1.748333,2.665000,0.115000,2.875000,1.695000,0.633333,0.781667,1.986667,1.681667,2.241667,1.495000,2.495000,1.491667,1.641667,1.825000,2.291667,2.713333,1.941667,2.625000,0.951667,0.316667,1.551667,1.811667,2.018333,0.755000,2.915000,1.405000,1.643333,0.430000,2.991667,1.941667,1.053333,1.185000,3.393333,3.355000,2.183333,1.758333,1.126667,3.291667,1.488333,1.261667,2.930000,2.630000,1.895000,3.195000,2.191667,3.125000,1.613333,0.973333,0.123333,2.420000,2.216667,2.398333,0.205000,1.023333,0.711667,0.831667,1.726667,2.528333,1.308333,1.213333,0.140000,0.701667,1.175000,0.478333,1.820000,0.261667,1.491667,1.440000
    ISI Coefficient of Variation,2.498394,1.066525,3.274344,2.966593,2.118866,2.961160,2.509373,3.120775,3.113618,0.957945, ,1.312689,3.150263,3.728815,2.458015,1.114311,3.297399,3.800041,3.662931, ,2.646990,3.678570,2.833955,2.997857,2.706557,3.125240,3.651985,1.536924, ,3.429021,3.077542,3.024004,3.327503,3.304916,4.995031,4.112642,2.433992,3.564921,4.485160,3.789450,4.105828,4.418987,3.215591,4.072681,4.055773,3.924316,2.552348,3.844327,2.089098,2.948766,3.302546, ,3.049558,4.034028,3.144963,2.715898,3.694117,2.437731,3.687157,4.403148,3.356833,3.341584,2.173966,2.794323,4.058214,3.674380, ,4.196878, ,3.010432,3.864125,3.723395,1.790225,3.054558,3.851580,2.933008,1.836956,3.129631,1.869988,4.761188,4.034215, ,1.143367,3.532742,0.914955,3.876918,4.170167,1.338561,3.234775,4.203868,3.467158,3.489302,3.821394,3.006768,4.416796,1.765044,3.107982,2.791642,2.709397,1.241729,0.914976,1.169753,2.957190,2.314417,2.849544,2.506960,1.102724,3.014965,1.068509,3.398642,1.804008,1.509970,1.501832,2.972530, ,1.209661, ,2.918123,4.044315,1.302200,3.508338,3.537558,4.832731,0.902020,3.110151, ,3.841396,3.614399, ,2.829017,3.764079,3.327175,2.576429,1.177110,2.579683,2.689722,3.058526,4.602991,1.010273,2.904236,1.129403, ,1.868196,4.295448,1.572592, ,1.517399,2.479769,3.523235,2.885521,2.604150,0.897136,2.429174,2.964184,3.262636,2.520460,3.433871,2.142289,1.728366,3.222959,2.663695,3.371915,3.550006,3.406390,2.980757,5.221385,2.301727,1.068619,1.069889,1.272373,2.540164,1.089010, ,0.925424,1.011083,2.972691,2.837872,2.065861,3.172650,2.399994,2.978496,3.924673,3.121001,2.631081,2.957295,3.103266,2.860158,1.963896,2.380260,3.808114,1.291414,2.679411,3.309345,3.352790,2.855335,3.266477,2.196125,1.971920,1.171572,2.068862,2.444441,3.047871,2.528972,2.707007,2.572553,2.816505,2.980393,2.922612,2.903855,2.883771,0.801643,4.089950,3.657541,1.461599,4.285842,1.727813,3.714175,3.524515,4.056738,2.628742,4.409376,2.804272,4.102606,4.128407,3.630460,3.825754,3.646506,2.799626,2.026519,2.170329,3.420141,1.819534,1.161931,1.524025,3.863059,3.860009,2.552179,3.122845,2.699318,0.890425,2.763229,2.238100,0.635691,2.409063,2.788338,2.704967,1.314316, ,3.652968,3.430311,3.195737,4.531063,4.153601,3.688248,2.994843,4.101944,2.217186,3.281064,3.439918,2.509089,2.522327, ,2.665095,2.364481,1.561816,1.551464,2.384002,2.311030,1.904447,2.589894,1.744643,2.023806,3.978887,4.150082,1.560554,5.158076,3.990942,2.765352,4.649904,3.909116,3.081269,4.513742,3.246729,5.136288,4.599433,2.714387,1.946565,2.325854,5.005066,4.428022,3.961854,4.900656,4.642061,4.519815,2.534263,3.921263,2.963894, ,4.077430,1.293577,4.776134,3.508515, ,3.328686,3.686420,3.391999,2.900654,3.840451,3.093854,2.733582,3.124909,4.220239,3.476898,3.233126,3.663959,3.145371,2.697075,2.075710,2.606163,4.254991,2.921194,3.757504,1.144348,2.484155,1.383594,2.591543, ,3.736816,3.135952,3.616247,3.858572,2.635309,2.480317,3.653200,2.534316,1.874419,1.368213,2.623229,3.565752,2.359124,2.537809,3.463610,2.759835,4.440795,2.692920,3.394704,3.973784,3.419370,3.782024,3.600905,3.347760,2.730797,1.909577,2.260724,2.284552,2.851428,2.453576,2.215361,2.521365,3.394229,3.404243,3.446589,2.179873,1.843562,3.199901,2.465328,2.346062,2.687071,3.329168,3.641608,2.404225,3.007727,2.190159,3.928522,3.514542,3.623484,3.960972,3.624175,2.861756,4.556583,4.736600,7.290606,2.700952,3.913907,3.588408,5.134573,2.354478,3.293668,2.276006,1.801722,3.110958,1.217261,2.710504,3.799946,1.891528,2.749374,3.523621,2.411627,2.343155,2.181181,4.441301,4.528762,5.210857,3.228179,2.746068,5.293964,5.163737,4.613621,5.367354,4.159687,3.025621,1.594451,3.444248,4.931165,4.266911,4.113981,4.201717,3.752499,4.722383,3.623829,4.185693,3.965534,4.648902,2.800027,3.760340,4.826045,2.842726,4.997152,3.771424,3.643195,3.823214,5.562912,1.067446,4.202690,6.525802,3.632325,4.460436,3.984204,7.230246,4.087468,3.228637,4.921262,1.453611,3.480855,7.247892,3.257834,4.774474,1.902536, ,4.387079,4.090974,3.434581,4.885644,3.735908,4.721146,4.347766,4.464229,3.833131,1.901358,3.065803,5.477685,3.141020,3.464477,2.273794,2.751909,2.889455,4.841460,4.223130,4.185491,5.321669,3.402758,2.889083,3.519690,4.140856,3.859430,1.790620,3.695904,4.106917,3.405136,3.648428,3.176745,2.216782,3.971700,4.647140,4.111413,1.542577,2.207571,3.495160,2.469398,3.455364,3.996172,2.805876,3.019578,4.088978,3.404145,3.267790, ,3.096561,3.459574,2.436517,4.248838,2.346682,4.800649,3.067148,3.216589,2.570537,3.841957,3.152600,2.098308,1.112608,3.699030,2.468744,3.732101,3.438703,3.769039,3.262814,2.987034,3.304371,2.330866,3.131824,3.540536,2.268928,1.363345, ,1.066016,1.539053,1.584243,2.434607,3.844846,3.717668,3.014089,4.046891,3.103124,5.012306,3.604979,2.545640,2.950726,3.843710,2.924794,1.975993,2.446156,4.134466, ,3.821327,3.733779,2.880153,3.807237,3.677428,4.806764,3.885921,0.493893,5.451993,2.811314,3.713627,4.846588,4.043179,4.543485,1.574781,4.917410,2.486354,4.955837,1.736635,2.879671,3.980942,3.875532,3.708766,2.489430,3.230000,4.387571,3.154765,3.566148,3.704134,2.725802,2.327790,3.621112,2.007962,3.664792, ,3.557956,2.768227,3.332436,3.261442,2.966130,2.726121,2.608277,3.314312,3.340830,3.017943,2.022881,2.777615,3.824693,3.971846,3.409053,4.190668,1.977273,3.479485,2.218550,4.114999,3.741675,4.164188,2.241645,3.998940,4.488201,2.844426,4.035867,3.477508,4.322182,2.722605, ,3.281303,5.566345,5.253449,5.078229,5.621795,3.421986,4.514773,3.799343,5.632083,6.694974,6.057186,5.749846,6.286496,5.618205,4.190129,4.977861,2.628998,3.989407,4.252755,6.821621,3.769107,3.741107,4.503486,5.030882,4.532695,5.031828,6.858909,7.288899,5.096614,5.669264,4.118172,4.380540,3.082385,2.202111,2.247417,1.405556,2.871314,3.253832,3.032749,3.650160,4.010708,3.745059,2.587771, ,3.191836,3.249602,3.755211,1.317475,3.883739,3.122718,2.443747,2.983461,3.539130,3.539224,2.284967,1.149463,2.635521,3.157001,3.283218,3.592119,3.777348,2.910914,2.528959,4.687082,2.394072,2.560079,3.832929,3.515008,3.250640,3.423947,3.873128,2.371232,2.726409,1.533990,4.197563,2.185446,3.316502,4.008467,4.119540,2.508836,2.479661,3.549976,1.057842,2.824638,2.289868,2.069391,3.051970,2.362503,3.268050,2.888439,2.753221,3.460139,1.000264,3.609109,2.679011,1.696557,2.005988,3.380952,3.064951,3.595086,2.873103,3.806326,2.882527,3.041189,3.197202,3.623036,3.953749,3.328662,3.903382,2.222621,1.566000,2.767760,3.014379,3.194919,2.200386,3.895611,2.631503,3.041272,1.398080,3.929786,3.126854,2.221722,2.396111,4.206088,4.177081,3.322452,2.967263,2.366054,4.163320,2.752128,2.650543,3.922381,3.586285,3.111832,4.113800,3.377869,3.863528,2.847481,2.193014,1.006137,3.550854,3.395127,3.534535,1.397686,2.165087,3.000648,3.014612,4.447107,5.370424,3.845708,3.694576,1.245427,2.827716,3.618903,2.106511,4.427266,2.238338,4.107001,4.060287
Electrode Burst Metrics
    Number of Bursts,101.000000,0.000000,120.000000,122.000000,41.000000,85.000000,52.000000,113.000000,120.000000,0.000000,0.000000,7.000000,129.000000,127.000000,58.000000,0.000000,53.000000,53.000000,53.000000,0.000000,45.000000,55.000000,60.000000,53.000000,53.000000,57.000000,59.000000,55.000000,0.000000,53.000000,51.000000,56.000000,197.000000,188.000000,202.000000,202.000000,53.000000,201.000000,202.000000,199.000000,194.000000,202.000000,199.000000,202.000000,202.000000,201.000000,202.000000,202.000000,41.000000,68.000000,80.000000,0.000000,80.000000,82.000000,80.000000,76.000000,101.000000,64.000000,101.000000,98.000000,94.000000,85.000000,34.000000,75.000000,71.000000,71.000000,0.000000,76.000000,0.000000,53.000000,74.000000,73.000000,22.000000,73.000000,67.000000,61.000000,42.000000,62.000000,12.000000,70.000000,96.000000,0.000000,2.000000,75.000000,0.000000,68.000000,73.000000,5.000000,75.000000,86.000000,68.000000,83.000000,73.000000,69.000000,83.000000,11.000000,61.000000,63.000000,62.000000,2.000000,16.000000,3.000000,77.000000,61.000000,71.000000,61.000000,1.000000,79.000000,0.000000,92.000000,18.000000,8.000000,4.000000,102.000000,0.000000,0.000000,0.000000,90.000000,136.000000,1.000000,127.000000,120.000000,137.000000,0.000000,106.000000,0.000000,128.000000,119.000000,0.000000,137.000000,185.000000,181.000000,92.000000,0.000000,106.000000,176.000000,163.000000,184.000000,0.000000,162.000000,3.000000,0.000000,14.000000,184.000000,12.000000,0.000000,20.000000,50.000000,67.000000,71.000000,69.000000,2.000000,72.000000,71.000000,74.000000,72.000000,68.000000,91.000000,47.000000,71.000000,68.000000,76.000000,78.000000,114.000000,80.000000,78.000000,47.000000,2.000000,3.000000,4.000000,40.000000,2.000000,0.000000,0.000000,0.000000,83.000000,45.000000,26.000000,45.000000,44.000000,45.000000,45.000000,55.000000,47.000000,45.000000,64.000000,46.000000,40.000000,26.000000,45.000000,7.000000,38.000000,52.000000,67.000000,44.000000,53.000000,25.000000,32.000000,2.000000,50.000000,45.000000,44.000000,45.000000,50.000000,49.000000,47.000000,56.000000,65.000000,155.000000,152.000000,0.000000,199.000000,200.000000,13.000000,199.000000,197.000000,179.000000,197.000000,200.000000,120.000000,200.000000,126.000000,194.000000,189.000000,160.000000,159.000000,160.000000,129.000000,43.000000,55.000000,160.000000,38.000000,0.000000,9.000000,168.000000,178.000000,104.000000,147.000000,86.000000,0.000000,94.000000,69.000000,0.000000,65.000000,96.000000,110.000000,3.000000,0.000000,154.000000,127.000000,119.000000,164.000000,160.000000,156.000000,135.000000,179.000000,54.000000,105.000000,118.000000,49.000000,67.000000,0.000000,82.000000,64.000000,13.000000,14.000000,59.000000,58.000000,121.000000,83.000000,29.000000,36.000000,112.000000,112.000000,14.000000,112.000000,112.000000,81.000000,112.000000,59.000000,94.000000,112.000000,111.000000,112.000000,111.000000,89.000000,42.000000,69.000000,87.000000,86.000000,78.000000,91.000000,87.000000,72.000000,29.000000,79.000000,58.000000,0.000000,82.000000,3.000000,87.000000,55.000000,0.000000,81.000000,73.000000,50.000000,39.000000,78.000000,46.000000,41.000000,52.000000,83.000000,85.000000,69.000000,64.000000,62.000000,45.000000,37.000000,36.000000,103.000000,66.000000,71.000000,1.000000,47.000000,7.000000,50.000000,0.000000,96.000000,69.000000,94.000000,91.000000,70.000000,61.000000,96.000000,65.000000,24.000000,8.000000,75.000000,85.000000,53.000000,49.000000,89.000000,55.000000,93.000000,67.000000,78.000000,93.000000,86.000000,87.000000,92.000000,89.000000,56.000000,25.000000,52.000000,27.000000,70.000000,59.000000,25.000000,57.000000,110.000000,88.000000,115.000000,40.000000,25.000000,100.000000,53.000000,52.000000,64.000000,74.000000,73.000000,67.000000,38.000000,19.000000,86.000000,81.000000,79.000000,82.000000,110.000000,64.000000,137.000000,130.000000,72.000000,70.000000,131.000000,100.000000,146.000000,59.000000,101.000000,46.000000,28.000000,78.000000,0.000000,56.000000,105.000000,28.000000,63.000000,108.000000,57.000000,46.000000,47.000000,66.000000,67.000000,66.000000,66.000000,63.000000,66.000000,66.000000,66.000000,66.000000,47.000000,57.000000,14.000000,66.000000,66.000000,66.000000,66.000000,62.000000,43.000000,61.000000,60.000000,58.000000,61.000000,61.000000,33.000000,59.000000,61.000000,51.000000,61.000000,59.000000,51.000000,47.000000,62.000000,3.000000,68.000000,63.000000,59.000000,59.000000,63.000000,62.000000,65.000000,44.000000,63.000000,5.000000,64.000000,63.000000,55.000000,70.000000,20.000000,0.000000,50.000000,60.000000,49.000000,58.000000,59.000000,61.000000,61.000000,60.000000,55.000000,20.000000,42.000000,59.000000,43.000000,52.000000,36.000000,78.000000,60.000000,89.000000,88.000000,87.000000,88.000000,88.000000,81.000000,86.000000,88.000000,91.000000,27.000000,76.000000,88.000000,88.000000,88.000000,73.000000,37.000000,83.000000,83.000000,83.000000,15.000000,45.000000,71.000000,62.000000,81.000000,83.000000,66.000000,74.000000,83.000000,74.000000,76.000000,0.000000,81.000000,81.000000,69.000000,115.000000,61.000000,103.000000,77.000000,80.000000,61.000000,93.000000,82.000000,38.000000,0.000000,85.000000,59.000000,113.000000,105.000000,114.000000,77.000000,64.000000,108.000000,47.000000,80.000000,115.000000,44.000000,2.000000,0.000000,0.000000,2.000000,5.000000,40.000000,96.000000,97.000000,82.000000,97.000000,76.000000,99.000000,99.000000,61.000000,68.000000,93.000000,73.000000,35.000000,53.000000,99.000000,0.000000,91.000000,65.000000,47.000000,65.000000,62.000000,65.000000,65.000000,55.000000,65.000000,48.000000,59.000000,65.000000,64.000000,65.000000,10.000000,65.000000,47.000000,79.000000,12.000000,51.000000,79.000000,78.000000,71.000000,55.000000,54.000000,77.000000,52.000000,77.000000,65.000000,51.000000,41.000000,66.000000,26.000000,72.000000,0.000000,83.000000,69.000000,83.000000,80.000000,79.000000,76.000000,77.000000,83.000000,79.000000,77.000000,37.000000,66.000000,85.000000,85.000000,72.000000,91.000000,27.000000,91.000000,49.000000,91.000000,76.000000,91.000000,37.000000,91.000000,91.000000,65.000000,89.000000,75.000000,91.000000,66.000000,0.000000,60.000000,72.000000,72.000000,72.000000,72.000000,60.000000,71.000000,69.000000,72.000000,72.000000,72.000000,72.000000,73.000000,72.000000,71.000000,77.000000,49.000000,82.000000,73.000000,84.000000,61.000000,86.000000,82.000000,84.000000,86.000000,86.000000,85.000000,84.000000,85.000000,90.000000,88.000000,70.000000,81.000000,48.000000,67.000000,6.000000,79.000000,110.000000,75.000000,117.000000,126.000000,121.000000,76.000000,0.000000,76.000000,92.000000,86.000000,7.000000,115.000000,94.000000,73.000000,113.000000,115.000000,113.000000,65.000000,4.000000,99.000000,109.000000,115.000000,115.000000,115.000000,98.000000,86.000000,118.000000,67.000000,76.000000,117.000000,114.000000,108.000000,106.000000,116.000000,67.000000,81.000000,5.000000,117.000000,58.000000,118.000000,118.000000,118.000000,74.000000,70.000000,116.000000,2.000000,89.000000,42.000000,48.000000,96.000000,65.000000,116.000000,96.000000,58.000000,97.000000,0.000000,120.000000,52.000000,23.000000,29.000000,103.000000,76.000000,102.000000,66.000000,104.000000,92.000000,93.000000,83.000000,99.000000,100.000000,66.000000,102.000000,35.000000,10.000000,79.000000,87.000000,110.000000,61.000000,113.000000,86.000000,86.000000,10.000000,118.000000,103.000000,51.000000,74.000000,118.000000,118.000000,107.000000,96.000000,48.000000,115.000000,65.000000,51.000000,110.000000,108.000000,101.000000,115.000000,100.000000,115.000000,83.000000,49.000000,0.000000,108.000000,111.000000,103.000000,6.000000,9.000000,32.000000,48.000000,59.000000,61.000000,55.000000,51.000000,2.000000,39.000000,55.000000,20.000000,59.000000,21.000000,58.000000,50.000000
    Burst Duration - Avg (sec),0.059408, ,0.099455,0.085797,0.100100,0.104807,0.126157,0.162632,0.074269, , ,0.091714,0.098169,0.090617,0.083686, ,0.097235,0.186094,0.101796, ,0.068171,0.256544,0.190209,0.142667,0.115146,0.184601,0.192910,0.175719, ,0.165621,0.108475,0.207746,0.064163,0.077308,0.122630,0.082446,0.164856,0.080988,0.107991,0.086659,0.075727,0.093027,0.052911,0.092082,0.065438,0.073464,0.107079,0.099516,0.055091,0.062588,0.079076, ,0.082404,0.151788,0.078444,0.107158,0.156512,0.152873,0.128609,0.244242,0.169597,0.132560,0.196292,0.103658,0.218195,0.186308, ,0.225828, ,0.173020,0.163903,0.185461,0.094720,0.192204,0.149525,0.138817,0.069693,0.206338,0.050320,0.130945,0.271989, ,0.024720,0.149824, ,0.123436,0.144777,0.054160,0.124263,0.151367,0.088639,0.154595,0.164626,0.105834,0.162265,0.055251,0.079271,0.095802,0.118440,0.028480,0.095505,0.024800,0.082423,0.074256,0.116436,0.111818,0.055920,0.093991, ,0.230571,0.034111,0.067170,0.354920,0.153976, , , ,0.192550,0.191701,0.669520,0.188942,0.187737,0.223107, ,0.096895, ,0.159882,0.101021, ,0.086020,0.113296,0.083223,0.096673, ,0.064586,0.113987,0.081947,0.129265, ,0.057385,0.041387, ,0.051257,0.130360,0.029467, ,0.059368,0.074254,0.249420,0.093966,0.076291,0.027440,0.074843,0.102415,0.133649,0.084473,0.124438,0.284722,0.054284,0.103921,0.067139,0.077944,0.092736,0.145740,0.064005,0.116038,0.078329,0.021320,0.027227,0.026980,0.163310,0.025240, , , ,0.090760,0.061040,0.056114,0.074510,0.111118,0.095851,0.081095,0.068154,0.074972,0.090818,0.112240,0.122565,0.059130,0.068929,0.198286,0.050811,0.098914,0.118869,0.138597,0.096551,0.131561,0.043622,0.105338,0.033120,0.083835,0.087422,0.102444,0.096432,0.085909,0.096790,0.086805,0.089706,0.147787,0.063830,0.056707, ,0.084603,0.076728,0.049680,0.122445,0.067545,0.070001,0.072569,0.070251,0.124239,0.120907,0.069912,0.101362,0.110894,0.128522,0.078797,0.091170,0.099129,0.076486,0.047533,0.067379,0.041316, ,0.044444,0.091881,0.113938,0.073076,0.070965,0.143296, ,0.177690,0.065231, ,0.091255,0.096981,0.061504,0.054053, ,0.103143,0.083099,0.118399,0.159069,0.181661,0.092732,0.068945,0.098464,0.104659,0.104468,0.083585,0.098225,0.076202, ,0.118267,0.071371,0.075077,0.058851,0.066988,0.074775,0.097549,0.068439,0.048819,0.070907,0.137698,0.185089,0.038526,0.213182,0.166269,0.077252,0.179856,0.286073,0.106059,0.212849,0.114208,0.223737,0.210134,0.083062,0.045291,0.033741,0.211356,0.190256,0.213392,0.134201,0.144976,0.328754,0.198714,0.184015,0.082079, ,0.186841,0.047653,0.213870,0.304572, ,0.096030,0.075294,0.088318,0.085401,0.152319,0.098603,0.074720,0.072623,0.168907,0.101452,0.071907,0.154863,0.068484,0.097061,0.050117,0.070064,0.102867,0.058645,0.081354,0.060080,0.095408,0.063109,0.100520, ,0.074958,0.086982,0.077393,0.101358,0.071513,0.082572,0.072428,0.076642,0.068373,0.043670,0.052334,0.135018,0.056998,0.162890,0.103188,0.173300,0.117730,0.089282,0.128374,0.115844,0.088728,0.144596,0.114916,0.091756,0.108413,0.069846,0.081103,0.055327,0.103467,0.063748,0.100208,0.069979,0.119257,0.101684,0.100571,0.087070,0.080394,0.105412,0.110315,0.084789,0.084399,0.100106,0.071442,0.061469,0.059318,0.081394,0.081341,0.076689,0.071414,0.138666,0.088123,0.077394,0.149465,0.218016,0.117306,0.077429,0.136612,0.094040,0.120332,0.104190,0.089801,0.069741,0.045383,0.114259, ,0.149019,0.163896,0.161846,0.141982,0.094635,0.097206,0.104857,0.053083,0.070417,0.114675,0.149550,0.036064,0.039262,0.181509,0.160105,0.087354,0.161983,0.385866,0.069336,0.024029,0.063227,0.173095,0.158554,0.163382,0.109235,0.127462,0.123575,0.101115,0.159989,0.062243,0.165066,0.122725,0.124632,0.181833,0.039064,0.170918,0.108452,0.148991,0.124243,0.167911,0.020027,0.104587,0.452791,0.182465,0.475786,0.093783,0.457846,0.279941,0.137620,0.354684,0.037776,0.059461,0.434192,0.102381,0.114050,0.052660, ,0.433662,0.161304,0.091048,0.203985,0.065222,0.096875,0.088096,0.077816,0.054109,0.032424,0.155253,0.247306,0.073096,0.133365,0.037156,0.045748,0.227057,0.188463,0.225211,0.169311,0.229192,0.075108,0.047251,0.181075,0.222258,0.098828,0.033671,0.224140,0.109337,0.152506,0.118702,0.054756,0.063034,0.077718,0.112851,0.063975,0.034219,0.034558,0.112945,0.027924,0.061509,0.099595,0.045754,0.036112,0.109550,0.064074,0.062321, ,0.065668,0.087143,0.072264,0.109738,0.079955,0.128784,0.142444,0.083943,0.118013,0.107407,0.157316,0.040922, ,0.102924,0.126161,0.087735,0.089012,0.092601,0.114121,0.085046,0.092251,0.046870,0.167612,0.078236,0.127387,0.015600, , ,0.022360,0.027616,0.095238,0.077451,0.075490,0.077390,0.082554,0.063311,0.137354,0.078541,0.044016,0.103945,0.087934,0.079319,0.056007,0.097571,0.146746, ,0.140925,0.085930,0.063574,0.051508,0.197085,0.195910,0.115572,0.055097,0.193511,0.180552,0.092533,0.194939,0.200546,0.189946,0.020312,0.189922,0.050953,0.130009,0.016873,0.050056,0.080546,0.075545,0.086416,0.043993,0.073806,0.123908,0.093700,0.084818,0.115909,0.166028,0.051791,0.132175,0.115951,0.108019, ,0.060659,0.066082,0.056027,0.090032,0.063453,0.056478,0.044242,0.065129,0.070638,0.066375,0.044947,0.064326,0.080431,0.072493,0.078099,0.079977,0.060024,0.057873,0.059076,0.121119,0.100343,0.077331,0.122856,0.093496,0.115123,0.114748,0.096569,0.069274,0.089876,0.082935, ,0.052000,0.152953,0.153333,0.134373,0.158913,0.065660,0.119989,0.064939,0.157691,0.189872,0.187518,0.142492,0.147570,0.175994,0.067304,0.388121,0.064462,0.123380,0.202626,0.339322,0.238135,0.052967,0.267170,0.144030,0.105854,0.185563,0.331203,0.301745,0.180908,0.247390,0.063333,0.114016,0.100282,0.135533,0.041864,0.022587,0.078547,0.065619,0.086067,0.072868,0.076660,0.066906,0.066038, ,0.109391,0.080244,0.095611,0.022206,0.080535,0.067866,0.048199,0.041752,0.055434,0.062937,0.042841,0.023080,0.058640,0.044906,0.056033,0.067474,0.053711,0.056328,0.053090,0.092210,0.068099,0.072225,0.074042,0.068652,0.076163,0.068102,0.070063,0.058837,0.068879,0.053520,0.074728,0.055270,0.063915,0.066108,0.076366,0.073392,0.052102,0.064796,0.038240,0.067274,0.051244,0.042187,0.063727,0.057579,0.052163,0.062314,0.078524,0.083056, ,0.065861,0.122777,0.078765,0.111382,0.059850,0.099702,0.080391,0.143371,0.070582,0.071546,0.056716,0.127880,0.102878,0.110730,0.101930,0.102536,0.157223,0.068432,0.051192,0.058601,0.057252,0.026814,0.063800,0.047045,0.058566,0.055216,0.081736,0.059908,0.066063,0.039655,0.086235,0.091170,0.079877,0.053625,0.066108,0.079861,0.104965,0.147907,0.090958,0.078207,0.068462,0.082555,0.065630,0.077528,0.073663,0.057365, ,0.097784,0.067188,0.093277,0.022840,0.340569,0.125268,0.151738,0.137192,0.167945,0.099334,0.155325,0.059280,0.054788,0.114967,0.271676,0.187717,0.054267,0.148062,0.082805
    Burst Duration - Std (sec),0.021027, ,0.057147,0.026586,0.061406,0.032106,0.048633,0.036441,0.028791, , ,0.045046,0.035950,0.026767,0.016505, ,0.023896,0.071325,0.035410, ,0.028309,0.111791,0.084540,0.061851,0.039193,0.094117,0.102632,0.101064, ,0.063147,0.056725,0.107812,0.030037,0.033375,0.036412,0.030862,0.281844,0.031253,0.059679,0.035160,0.019512,0.042623,0.022397,0.047086,0.024485,0.024377,0.040504,0.039183,0.021365,0.015633,0.023687, ,0.026888,0.074165,0.021655,0.040666,0.111358,0.049895,0.090455,0.058216,0.166847,0.118711,0.133369,0.051290,0.103612,0.103924, ,0.113859, ,0.060188,0.044106,0.058234,0.036479,0.089719,0.061839,0.095572,0.031109,0.089118,0.021342,0.047823,0.219749, ,0.002150,0.072969, ,0.037232,0.053570,0.035794,0.041499,0.066071,0.031802,0.067100,0.079749,0.046212,0.070129,0.013649,0.023934,0.067223,0.065395,0.002942,0.041047,0.013740,0.064576,0.033886,0.070374,0.050924, ,0.037654, ,0.078339,0.018596,0.026462,0.497017,0.064910, , , ,0.256189,0.195908, ,0.192292,0.110674,0.139861, ,0.122158, ,0.146734,0.055283, ,0.046867,0.039634,0.036217,0.040058, ,0.025818,0.076893,0.023058,0.038489, ,0.020033,0.010600, ,0.016672,0.041278,0.016152, ,0.017802,0.014776,0.234813,0.021446,0.017891,0.007014,0.030939,0.037345,0.038119,0.049870,0.037795,0.101412,0.017064,0.028539,0.019697,0.025756,0.028947,0.084956,0.047006,0.023797,0.026854,0.013633,0.008822,0.004256,0.035601,0.016688, , , ,0.053346,0.023002,0.047592,0.040061,0.046209,0.085596,0.050183,0.032735,0.053789,0.057821,0.109499,0.108265,0.033701,0.045065,0.104612,0.010743,0.088044,0.035822,0.126132,0.037003,0.105457,0.018871,0.051501,0.000792,0.061975,0.036868,0.043631,0.049333,0.042736,0.042136,0.035040,0.043703,0.160827,0.028099,0.014835, ,0.091067,0.043107,0.019707,0.045068,0.018693,0.017917,0.029623,0.023860,0.063555,0.109228,0.104212,0.151027,0.209920,0.093370,0.038586,0.048866,0.102418,0.051622,0.018692,0.037765,0.015174, ,0.019922,0.063880,0.075685,0.040998,0.041556,0.122535, ,0.287073,0.018048, ,0.037846,0.028976,0.012728,0.014321, ,0.037244,0.018666,0.132905,0.187943,0.234800,0.029487,0.022549,0.025694,0.058163,0.049113,0.049530,0.048297,0.039298, ,0.091130,0.030475,0.042368,0.021446,0.025195,0.039813,0.053097,0.037713,0.031752,0.042900,0.281455,0.390123,0.044161,0.371726,0.337454,0.027728,0.325467,0.504848,0.218685,0.380233,0.290341,0.388364,0.369479,0.178667,0.025268,0.010477,0.450912,0.424455,0.463042,0.243767,0.236533,0.629122,0.122047,0.388710,0.023298, ,0.418389,0.023466,0.440044,0.549372, ,0.138463,0.041489,0.026741,0.022212,0.142548,0.038038,0.035296,0.031920,0.178520,0.070652,0.051926,0.127924,0.032197,0.038096,0.017502,0.048574,0.073137,0.017886,0.023903, ,0.022744,0.017649,0.034025, ,0.053442,0.030752,0.081531,0.086164,0.093039,0.102793,0.082126,0.056095,0.056027,0.059089,0.010981,0.333296,0.013442,0.419064,0.233705,0.386924,0.233768,0.136412,0.281965,0.186202,0.186850,0.238184,0.228871,0.211841,0.049524,0.031890,0.029081,0.019576,0.056961,0.027635,0.037583,0.034913,0.070093,0.073477,0.072604,0.039578,0.042905,0.070892,0.045473,0.041369,0.033635,0.127316,0.071084,0.113629,0.019708,0.035855,0.038104,0.056830,0.021340,0.189574,0.097975,0.109821,0.232311,0.312117,0.079164,0.082103,0.203332,0.085897,0.111764,0.108772,0.055936,0.070408,0.024912,0.126241, ,0.207245,0.169478,0.205750,0.159326,0.071155,0.106272,0.113499,0.029285,0.019569,0.193285,0.310196,0.012761,0.009888,0.439507,0.335032,0.032966,0.367826,0.585926,0.047671,0.007100,0.025194,0.476556,0.498464,0.472267,0.182996,0.085088,0.201063,0.134960,0.297805,0.015508,0.338189,0.132832,0.220115,0.309780,0.010438,0.325822,0.199471,0.238947,0.145626,0.284702,0.006369,0.096282,0.756948,0.374341,0.734835,0.213729,0.670036,0.580949,0.153636,0.661402,0.028690,0.035079,0.699208,0.128823,0.199891,0.031902, ,0.596999,0.057634,0.054498,0.427690,0.059163,0.022708,0.025043,0.031422,0.016554,0.009594,0.051726,0.380879,0.030259,0.064653,0.013011,0.021755,0.410008,0.351449,0.405777,0.327589,0.397239,0.024909,0.014503,0.344706,0.390344,0.159667,0.010943,0.413144,0.206402,0.365269,0.311490,0.015139,0.034652,0.026594,0.245466,0.029713,0.016985,0.014750,0.065274,0.006522,0.024821,0.223271,0.020378,0.011050,0.309764,0.096032,0.025050, ,0.038662,0.029993,0.045170,0.076301,0.050386,0.081004,0.140688,0.032867,0.128844,0.066686,0.180288,0.012491, ,0.062054,0.135973,0.053968,0.073827,0.056416,0.086636,0.029749,0.078823,0.025082,0.175339,0.056683,0.143979,0.002942, , ,0.015330,0.015559,0.051539,0.097082,0.071710,0.096341,0.100499,0.044206,0.178064,0.076807,0.029866,0.166239,0.119867,0.056971,0.105175,0.158798,0.236229, ,0.233335,0.090128,0.045738,0.059138,0.535925,0.527421,0.286354,0.014188,0.518072,0.419400,0.080166,0.514399,0.403606,0.519339,0.005238,0.523258,0.117898,0.184563,0.006686,0.009978,0.044540,0.038284,0.040327,0.026171,0.019546,0.182119,0.024989,0.041285,0.043981,0.257780,0.023046,0.213748,0.183304,0.126373, ,0.016593,0.019471,0.015416,0.117323,0.019649,0.034287,0.025738,0.024797,0.022640,0.023575,0.010166,0.037344,0.117600,0.041237,0.028019,0.019019,0.023796,0.013645,0.014099,0.194540,0.031700,0.016138,0.272720,0.033612,0.181832,0.228186,0.179247,0.022407,0.019499,0.017202, ,0.038538,0.423330,0.312386,0.411898,0.432760,0.170701,0.265869,0.148236,0.431774,0.354343,0.415210,0.360721,0.388456,0.413312,0.111749,0.740428,0.083762,0.214484,0.249101,0.616526,0.383834,0.014336,0.560301,0.236030,0.155100,0.421221,0.481758,0.507250,0.271656,0.532325,0.008847,0.128925,0.044776,0.224175,0.025464,0.007237,0.048073,0.040471,0.044845,0.033181,0.036239,0.029073,0.028005, ,0.074670,0.039246,0.044561,0.009793,0.035177,0.037797,0.027785,0.012534,0.019464,0.023294,0.015309,0.007439,0.022560,0.014793,0.031203,0.022740,0.014296,0.024449,0.046411,0.030427,0.036576,0.031600,0.027866,0.030786,0.023304,0.018474,0.021998,0.025458,0.027972,0.013104,0.026729,0.016989,0.027123,0.016289,0.025148,0.054603,0.026907,0.031123,0.030660,0.053593,0.022654,0.017205,0.027056,0.057408,0.033763,0.032112,0.030628,0.060135, ,0.033510,0.060599,0.166889,0.122281,0.077038,0.125928,0.099041,0.231770,0.072533,0.102031,0.057226,0.237769,0.167756,0.182835,0.107526,0.194674,0.221627,0.035013,0.058018,0.060783,0.066586,0.007045,0.053329,0.039880,0.045233,0.048319,0.055379,0.067436,0.047808,0.029293,0.063649,0.056652,0.061295,0.051541,0.088830,0.079011,0.076579,0.304300,0.080484,0.094828,0.066084,0.081671,0.070876,0.080869,0.071235,0.044833, ,0.145736,0.074719,0.121538,0.006330,0.458301,0.229032,0.302306,0.247954,0.248327,0.135208,0.273810,0.028963,0.037803,0.217260,0.389381,0.300422,0.035420,0.269245,0.079946
    Number of Spikes per Burst - Avg,8.574257, ,12.050000,11.163934,8.780488,11.011765,10.865385,13.053097,12.000000, , ,6.000000,18.689922,14.448819,8.189655, ,12.509434,14.283019,18.358491, ,7.911111,32.109091,27.316667,23.660377,11.301887,21.526316,33.542373,25.509091, ,25.679245,10.803922,20.625000,11.492386,11.638298,25.915842,16.925743,9.377358,13.194030,20.193069,14.889447,17.396907,19.702970,10.814070,16.886139,16.658416,15.875622,24.648515,20.797030,6.853659,8.441176,14.850000, ,13.725000,17.939024,17.237500,11.513158,25.861386,13.328125,21.376238,27.285714,16.893617,22.870588,10.941176,11.813333,22.605634,29.873239, ,32.750000, ,15.000000,32.297297,35.150685,8.636364,27.479452,15.567164,20.475410,9.023810,25.580645,5.500000,20.942857,21.104167, ,4.000000,28.560000, ,15.014706,26.356164,5.000000,23.453333,26.616279,18.764706,17.771084,23.945205,13.318841,27.879518,5.545455,16.655738,14.365079,21.806452,4.500000,8.937500,4.666667,15.285714,12.819672,16.042254,14.786885,6.000000,14.518987, ,20.771739,4.888889,6.125000,7.750000,11.598039, , , ,11.855556,19.536765,11.000000,15.149606,14.508333,28.306569, ,11.792453, ,16.671875,15.462185, ,10.102190,15.908108,13.535912,9.695652, ,9.141509,16.630682,11.269939,24.739130, ,10.333333,5.333333, ,6.642857,21.570652,5.083333, ,6.650000,7.740000,22.865672,21.521127,13.826087,4.000000,13.236111,21.154930,24.229730,12.527778,21.897059,33.780220,7.382979,19.492958,8.897059,16.434211,21.051282,26.807018,9.837500,25.820513,8.659574,4.000000,4.000000,4.250000,8.750000,5.000000, , , ,13.216867,11.200000,6.346154,9.955556,11.295455,17.088889,14.577778,11.472727,11.510638,16.000000,13.734375,23.456522,7.750000,6.769231,32.377778,5.285714,9.605263,19.942308,17.313433,18.340909,18.188679,5.440000,8.187500,4.000000,12.940000,12.888889,17.068182,17.844444,14.440000,13.673469,15.914894,17.571429,12.692308,10.064516,10.493421, ,18.015075,14.185000,5.923077,19.854271,15.903553,15.346369,13.588832,17.005000,14.025000,19.810000,10.658730,17.963918,18.492063,15.756250,17.496855,15.775000,13.356589,7.837209,8.181818,13.843750,6.684211, ,6.111111,16.833333,17.224719,9.682692,11.918367,10.674419, ,11.553191,10.217391, ,10.476923,11.093750,10.836364,5.666667, ,15.363636,15.330709,14.537815,23.689024,20.531250,15.519231,10.970370,19.452514,9.129630,15.304762,14.745763,10.959184,11.179104, ,11.536585,10.921875,6.769231,6.357143,9.830508,10.448276,17.801653,10.385542,6.896552,7.027778,15.901786,18.151786,5.285714,27.785714,16.705357,9.506173,22.500000,25.864407,10.723404,25.625000,10.945946,27.500000,22.297297,8.393258,6.523810,6.913043,24.735632,19.534884,17.064103,22.054945,20.873563,23.291667,9.482759,16.341772,11.362069, ,17.170732,5.333333,22.689655,17.672727, ,11.333333,16.369863,19.220000,14.769231,17.294872,16.608696,13.000000,15.192308,20.120482,12.988235,12.898551,18.375000,13.225806,13.066667,7.648649,10.750000,17.126214,11.166667,17.492958,5.000000,8.680851,5.571429,9.260000, ,14.239583,12.521739,13.457447,15.769231,8.500000,7.950820,13.635417,8.184615,6.125000,4.375000,8.333333,14.070588,8.358491,10.265306,12.865169,10.672727,19.924731,9.597015,13.679487,16.064516,12.593023,16.563218,13.869565,11.898876,10.535714,7.000000,9.057692,5.666667,12.142857,9.610169,7.960000,10.596491,13.209091,15.340909,12.834783,9.300000,7.120000,12.000000,9.924528,8.615385,10.390625,10.229730,14.630137,8.835821,6.921053,6.736842,21.267442,17.740741,18.582278,21.853659,14.472727,11.171875,20.554745,23.761538,16.527778,11.242857,15.755725,16.360000,25.363014,9.152542,13.089109,9.565217,6.678571,14.166667, ,12.839286,17.228571,8.892857,11.952381,14.231481,10.736842,9.913043,8.723404,17.636364,18.164179,26.166667,9.636364,7.523810,25.848485,24.606061,19.060606,24.015152,20.872340,9.421053,4.571429,10.984848,22.469697,16.969697,15.833333,15.693548,16.627907,19.868852,11.983333,16.655172,13.918033,20.049180,11.393939,13.305085,21.344262,8.235294,22.524590,13.271186,13.588235,15.382979,27.370968,4.333333,15.323529,40.253968,12.677966,20.406780,12.634921,48.500000,15.215385,12.590909,22.476190,4.800000,10.843750,50.253968,10.636364,18.471429,5.550000, ,20.380000,14.833333,11.693878,20.431034,12.542373,18.901639,16.245902,17.316667,13.800000,5.300000,10.476190,26.508475,11.255814,11.461538,6.388889,8.461538,11.433333,23.797753,18.886364,18.195402,29.647727,11.909091,9.296296,13.383721,18.193182,14.923077,5.592593,16.197368,16.613636,12.056818,13.431818,10.424658,6.918919,14.132530,19.662651,15.180723,5.266667,5.800000,12.521127,6.806452,10.913580,14.662651,8.833333,8.932432,15.277108,11.581081,10.118421, ,11.765432,13.074074,8.376812,18.321739,8.360656,24.941748,12.103896,14.237500,9.475410,17.204301,12.768293,6.078947, ,17.058824,8.542373,16.460177,15.561905,16.561404,16.064935,16.828125,13.379630,9.106383,14.462500,14.660870,9.704545,4.000000, , ,4.000000,4.400000,12.425000,14.458333,13.721649,10.207317,15.958763,11.276316,24.101010,15.343434,8.262295,11.029412,14.569892,10.534247,6.371429,7.867925,17.070707, ,15.395604,11.107692,8.106383,11.892308,11.870968,19.261538,12.492308,14.054545,24.584615,8.062500,11.915254,19.676923,13.875000,17.430769,4.200000,20.353846,6.148936,23.848101,4.250000,8.392157,15.430380,14.987179,14.225352,8.145455,12.870370,19.220779,13.634615,12.649351,15.861538,10.254902,8.365854,14.757576,7.269231,15.097222, ,12.915663,9.173913,11.313253,11.337500,10.025316,8.236842,7.571429,11.385542,11.822785,9.987013,6.648649,9.015152,14.694118,15.564706,14.277778,18.604396,6.148148,12.703297,6.918367,17.681319,16.368421,17.912088,8.243243,16.571429,20.604396,10.784615,17.056180,14.493333,19.230769,9.833333, ,7.433333,19.263889,16.944444,16.333333,20.208333,7.733333,12.929577,9.043478,19.972222,27.513889,22.472222,19.597222,23.547945,19.680556,10.957746,22.038961,7.428571,12.390244,15.698630,36.976190,13.377049,10.418605,16.463415,19.869048,15.360465,19.127907,37.023529,38.392857,20.529412,24.444444,12.511364,19.528571,12.938272,8.125000,7.164179,4.500000,10.911392,11.118182,12.786667,13.615385,15.746032,13.925620,9.315789, ,13.578947,12.978261,17.872093,4.714286,16.095652,11.670213,8.561644,9.823009,13.582609,13.203540,7.984615,4.250000,8.292929,11.192661,11.495652,13.739130,15.095652,9.918367,8.348837,22.737288,8.761194,9.184211,15.367521,13.228070,12.101852,13.292453,15.870690,7.865672,10.012346,6.200000,18.504274,6.827586,11.728814,16.728814,17.805085,8.486486,9.171429,13.862069,4.500000,10.044944,8.261905,8.104167,11.364583,8.230769,11.672414,10.312500,13.793103,14.608247, ,13.916667,13.576923,6.391304,8.000000,11.388350,11.184211,13.029412,11.121212,14.105769,9.010870,9.784946,11.951807,13.434343,15.880000,14.590909,15.274510,8.200000,7.100000,9.708861,10.919540,10.463636,5.983607,15.106195,8.220930,10.697674,5.600000,14.830508,10.436893,7.450980,7.189189,17.059322,16.949153,11.514019,9.729167,8.562500,16.817391,10.846154,10.803922,15.409091,13.712963,10.544554,16.313043,12.240000,15.852174,9.554217,7.061224, ,12.805556,11.639640,13.048544,4.166667,10.333333,11.562500,9.062500,16.813559,23.934426,13.309091,13.215686,5.500000,8.717949,11.927273,8.950000,18.135593,5.571429,14.793103,15.880000
    Number of Spikes per Burst - Std,1.614599, ,3.314977,2.013839,1.917188,3.017781,2.917351,2.133243,2.615404, , ,0.577350,3.292507,3.896903,1.067164, ,2.171694,3.596886,4.233994, ,1.856466,9.238953,6.320512,5.730966,2.446229,4.822215,11.165405,7.122923, ,5.195314,2.764197,5.341306,2.463238,2.613626,5.658424,3.095404,4.220948,2.554832,7.573675,3.367677,3.725308,5.873534,1.992563,4.219347,4.477379,2.740338,4.857187,3.991707,1.370419,1.731037,3.449821, ,2.993558,4.255273,4.057323,2.584536,6.208107,2.690693,4.088646,7.780494,4.509174,3.514556,3.228107,2.953209,7.126367,10.068238, ,9.349688, ,3.480716,8.272300,11.587435,1.590012,9.933263,4.486424,7.356645,1.981476,9.070848,0.674200,6.444604,6.465258, ,0.000000,9.818956, ,2.929483,6.791273,0.707107,6.778929,8.882459,4.665266,4.665194,6.418053,4.384105,9.908604,0.820200,4.679335,2.695884,5.056529,0.707107,1.289380,1.154701,5.343114,4.022885,4.850439,3.322222, ,4.349656, ,4.588814,0.832352,0.991031,2.872281,2.020978, , , ,5.091436,6.338487, ,5.691931,4.258449,11.035079, ,5.023217, ,5.478820,4.354600, ,1.918504,2.574370,3.043223,1.202005, ,2.016308,5.893820,1.618036,3.501349, ,1.940097,0.577350, ,0.633324,3.116220,0.792961, ,1.182103,1.440096,10.592873,3.827939,2.490904,0.000000,3.028006,3.548230,5.677515,1.661259,3.758134,8.183727,1.033213,4.594634,1.763136,3.226290,4.922510,7.531500,3.262537,4.506110,1.684670,0.000000,0.000000,0.500000,1.315587,1.414214, , , ,2.444746,2.581402,1.383974,2.421077,2.707265,6.141595,6.009420,3.755759,3.348409,5.380943,5.779664,9.203155,2.204308,2.122408,14.485555,0.487950,3.962933,5.373915,5.320654,4.034405,4.792047,1.227464,1.468761,0.000000,3.158468,2.854201,3.526628,3.735308,4.056539,3.996810,4.717358,5.662820,3.292620,1.708183,1.946288, ,4.014465,2.474143,0.640513,5.252596,2.395965,2.713393,2.305379,2.713261,4.294735,5.803646,2.459797,4.763172,10.120350,5.865094,5.233623,4.373951,5.897296,1.494916,2.749349,3.835529,1.232560, ,0.781736,5.843945,4.885706,2.536202,3.608419,3.542820, ,5.006699,2.228621, ,2.092454,2.117984,3.021414,0.577350, ,3.690330,4.512865,4.684612,11.443416,6.239378,3.683391,2.269002,5.034904,2.298862,5.985758,6.072477,4.158120,2.912488, ,4.052724,3.587034,1.363442,1.446861,2.698355,3.393350,7.028063,3.445858,1.654967,1.521017,7.555154,10.983370,0.611250,26.538915,9.677352,2.208639,14.355211,34.701415,3.143193,23.998170,5.046759,37.542768,16.986409,2.561152,1.418314,0.935243,22.247790,20.668076,19.247088,11.376743,9.554987,24.815055,2.810957,10.167679,2.744681, ,17.633305,1.527525,19.074706,19.083690, ,3.882654,7.048457,6.689285,3.882901,6.635420,4.664182,2.932576,3.900922,13.748080,4.689132,4.155595,5.886492,4.578708,3.707486,1.437904,3.995533,6.096736,2.490495,3.816780, ,1.616577,0.534522,1.956778, ,3.090715,3.085110,3.527663,5.884210,2.375906,3.598269,6.603221,1.498878,1.623536,0.744024,1.388498,14.761427,1.316965,11.037390,5.856603,8.919505,12.440499,2.540936,12.865431,6.547164,4.099865,9.400274,8.601325,5.283002,3.442854,1.527525,1.913968,1.000000,4.479537,2.599847,1.743560,4.165589,4.173080,10.053748,5.133192,2.583974,1.053565,4.124330,2.432544,1.951911,3.026954,3.081306,4.408032,2.273677,1.216588,0.991189,6.151852,4.474309,5.457546,7.230119,6.178847,3.392591,12.315652,19.133478,4.806018,3.042862,7.442179,6.750264,13.954053,3.392759,5.036068,3.023259,1.334821,6.465526, ,7.572142,13.672162,2.685203,6.929201,6.501770,3.330199,2.614711,3.208021,2.188335,5.871340,24.275713,1.715418,1.553945,22.635060,8.204837,5.025715,32.668730,21.522099,3.046939,0.755929,3.080921,19.726764,26.092127,12.695951,7.539163,7.168128,9.893559,4.615713,17.566467,2.847777,17.191496,5.165628,6.958632,17.299215,2.005874,26.564768,6.252808,7.861747,7.311555,21.953926,0.577350,8.590938,48.803744,11.372139,13.602888,5.557040,55.242461,13.498255,8.548951,16.620874,1.303840,3.687038,52.074688,5.190317,10.507032,0.759155, ,18.665575,3.551875,4.397936,10.275353,5.639522,4.752911,3.476856,5.515745,3.978647,0.656947,2.973362,15.478988,4.461972,3.691333,1.358103,1.785165,9.246835,13.307704,17.360566,7.199546,30.550520,2.252132,2.082333,10.308384,17.117483,4.198494,1.047314,13.705493,5.122481,6.274118,6.601629,2.586921,1.816260,2.904039,12.408963,4.680381,1.032796,1.035725,4.308991,1.171222,1.762084,5.687550,2.236641,1.925539,14.354665,3.781740,2.540169, ,2.140512,3.394031,1.446105,6.196416,1.673647,10.132287,6.010045,3.782852,4.060405,5.341713,5.167082,1.023549, ,4.027740,2.615089,7.931667,6.998522,7.209918,6.403818,5.655605,6.586190,3.231866,6.642677,7.235254,3.573673,0.000000, , ,0.000000,0.547723,3.455857,6.198330,5.112775,3.172948,7.164609,3.928015,13.410699,5.832984,2.301461,6.132786,7.770342,3.082577,1.352247,2.849006,11.690963, ,12.967377,3.505010,2.589561,2.100023,12.938041,19.404636,6.034078,2.497541,41.549253,4.249687,6.589668,28.767445,10.111286,22.698409,0.421637,31.210190,1.829454,9.356321,0.452267,1.537250,4.268800,5.421203,4.046858,1.829979,2.835398,7.272195,2.977226,3.684128,5.270427,5.090553,2.233339,4.924228,1.778937,4.434690, ,3.411619,2.121019,2.393730,4.690264,2.581863,1.965492,1.665664,3.553876,3.429732,2.386880,1.110961,2.130312,4.191896,3.396241,3.805934,4.197563,0.863967,3.226606,0.837574,9.309349,5.022196,3.973938,3.554382,5.009198,7.273818,7.259675,5.141983,3.835726,3.991872,1.844604, ,1.253695,27.196724,15.323634,16.430820,24.295677,2.654492,4.602248,4.787959,28.425823,15.084731,28.386652,32.250193,29.056000,23.269291,3.021053,24.547184,2.081666,6.478371,7.784752,46.174623,5.174179,2.209419,17.140087,12.849246,5.126432,9.985633,25.353208,49.532031,12.275206,27.793828,1.639977,10.303681,3.329210,2.802924,1.343864,0.547723,3.000811,3.412690,2.905230,4.055320,4.851287,3.860409,1.947378, ,6.007247,4.412715,6.491255,0.487950,3.578625,3.611178,2.160159,2.383837,2.335773,3.710890,1.940460,0.500000,1.975630,3.107569,3.401171,2.847242,2.488478,2.481575,2.433915,4.911922,2.570754,2.201276,3.944875,3.451395,2.919288,3.973644,4.404603,1.622713,2.865719,0.836660,4.481040,0.939166,2.977583,3.198988,4.376039,2.705870,2.889117,5.146373,0.707107,3.732261,2.613842,2.204826,3.841929,2.554220,4.077032,3.149979,3.824017,5.763673, ,5.763670,4.131876,1.437774,3.105295,3.592566,5.350914,5.643635,6.790299,4.138191,3.343008,2.757793,9.049867,7.505320,9.441238,5.618588,8.723653,3.513001,2.024846,3.870175,4.401951,4.380267,0.865868,5.910588,2.956155,2.594427,1.264911,5.547472,4.571158,2.062171,1.514095,5.633071,5.896323,3.385219,2.992901,3.637314,7.260301,4.280153,10.736889,6.630892,6.343811,4.033670,6.992935,5.027440,6.835464,3.411791,2.322070, ,7.443819,5.143032,5.900114,0.408248,5.916080,11.250627,4.852752,9.756474,13.806845,8.410471,7.764828,0.707107,4.430449,6.989025,4.559259,11.772935,1.247855,8.472367,9.246378
    Mean ISI within Burst - Avg (sec),0.007811, ,0.008613,0.008496,0.012107,0.010577,0.012525,0.013593,0.006760, , ,0.017781,0.005537,0.006900,0.011778, ,0.008563,0.013842,0.005867, ,0.009959,0.008151,0.007575,0.006112,0.011163,0.009011,0.005873,0.006919, ,0.006597,0.010750,0.010441,0.005969,0.007086,0.004880,0.005098,0.013652,0.006580,0.005394,0.006126,0.004649,0.004830,0.005292,0.005555,0.004134,0.004917,0.004428,0.004914,0.009369,0.008485,0.005810, ,0.006650,0.008854,0.004864,0.010211,0.006506,0.012488,0.006480,0.009581,0.009808,0.006056,0.018487,0.009520,0.010327,0.007240, ,0.007355, ,0.012440,0.005442,0.005764,0.012085,0.007503,0.010797,0.007118,0.008587,0.008544,0.011016,0.006834,0.012457, ,0.008240,0.005451, ,0.008814,0.005937,0.012754,0.005774,0.006086,0.004949,0.009365,0.007179,0.008606,0.006252,0.012195,0.005129,0.007234,0.005475,0.008220,0.011868,0.006482,0.005800,0.006196,0.007690,0.007986,0.011184,0.007296, ,0.012090,0.008317,0.012781,0.039584,0.014296, , , ,0.013684,0.009179,0.066952,0.011607,0.013097,0.007851, ,0.007887, ,0.009448,0.006793, ,0.009120,0.007515,0.006575,0.010890, ,0.007796,0.006864,0.007986,0.005407, ,0.006147,0.009472, ,0.008925,0.006276,0.006870, ,0.010664,0.011340,0.009225,0.004698,0.006050,0.009147,0.006114,0.005323,0.006010,0.007383,0.005905,0.008878,0.008501,0.005671,0.008527,0.005154,0.004855,0.005521,0.007109,0.004715,0.010263,0.007107,0.009076,0.008377,0.021085,0.005944, , , ,0.007355,0.005954,0.009842,0.008145,0.010781,0.005484,0.005882,0.006800,0.006843,0.005732,0.008161,0.005035,0.008551,0.011500,0.006175,0.011974,0.010240,0.006844,0.009049,0.005518,0.008486,0.009665,0.014382,0.011040,0.006906,0.007294,0.006346,0.006102,0.006970,0.008036,0.006056,0.005760,0.011692,0.006963,0.006005, ,0.004668,0.005720,0.009769,0.006497,0.004578,0.004965,0.005722,0.004408,0.009091,0.005870,0.006840,0.005265,0.004880,0.008235,0.004767,0.006058,0.007121,0.010639,0.006674,0.005131,0.007179, ,0.008427,0.005800,0.006778,0.008215,0.006441,0.013132, ,0.012856,0.007193, ,0.009547,0.009802,0.006529,0.011475, ,0.007385,0.006153,0.008258,0.006121,0.008208,0.006511,0.006923,0.005550,0.012345,0.007386,0.006037,0.009722,0.007359, ,0.010595,0.007127,0.012844,0.011003,0.007618,0.007763,0.005886,0.007075,0.008056,0.011088,0.006745,0.006540,0.008292,0.005837,0.006896,0.008996,0.005706,0.007054,0.008781,0.006088,0.007425,0.007168,0.006894,0.008581,0.007957,0.005669,0.005351,0.006433,0.007281,0.004679,0.006006,0.009075,0.022179,0.007961,0.007961, ,0.006681,0.010618,0.005916,0.011082, ,0.007679,0.005240,0.005106,0.006347,0.008527,0.006612,0.006578,0.005286,0.007800,0.008430,0.005998,0.008868,0.005807,0.008011,0.007611,0.006903,0.006065,0.005789,0.004926,0.015020,0.012484,0.013865,0.012045, ,0.005522,0.007546,0.005983,0.006819,0.008829,0.010933,0.005431,0.010571,0.012264,0.011074,0.007228,0.006987,0.007731,0.009803,0.006459,0.011981,0.004675,0.009140,0.007230,0.006681,0.006542,0.007585,0.006738,0.006671,0.011250,0.011509,0.010086,0.011603,0.009087,0.007493,0.014342,0.007332,0.009652,0.007274,0.008315,0.010408,0.012780,0.009314,0.012335,0.010909,0.008996,0.009409,0.005090,0.006919,0.010013,0.014008,0.004246,0.004680,0.004233,0.006170,0.006169,0.007409,0.006245,0.007443,0.007227,0.007382,0.007618,0.005753,0.004709,0.010962,0.007415,0.007526,0.007699,0.007976, ,0.010226,0.009615,0.016828,0.011172,0.007066,0.009330,0.011164,0.006941,0.004214,0.005575,0.004486,0.004215,0.006120,0.004956,0.005150,0.004745,0.005077,0.014834,0.007615,0.006665,0.006353,0.004835,0.005697,0.006341,0.005974,0.007410,0.005289,0.007594,0.007760,0.004839,0.005903,0.010477,0.007889,0.006995,0.005571,0.005907,0.006756,0.009293,0.007682,0.004968,0.005922,0.006539,0.007090,0.008885,0.016377,0.006156,0.007193,0.011815,0.009632,0.009890,0.009065,0.005778,0.005453,0.008649,0.004842,0.011013, ,0.016321,0.011659,0.008876,0.007319,0.005546,0.005557,0.005779,0.004808,0.004281,0.007482,0.016557,0.007784,0.007444,0.012718,0.006955,0.006299,0.012064,0.005811,0.008143,0.007570,0.005626,0.006887,0.005763,0.008990,0.008787,0.006319,0.007450,0.009496,0.005632,0.008391,0.006076,0.005864,0.010291,0.005905,0.004786,0.004396,0.007812,0.007037,0.009233,0.004830,0.006123,0.005764,0.005741,0.004616,0.005355,0.005516,0.006878, ,0.006163,0.007241,0.009546,0.006045,0.010586,0.005335,0.010877,0.006431,0.011988,0.006510,0.011896,0.008069, ,0.006280,0.014183,0.005920,0.005970,0.006205,0.007732,0.005683,0.007346,0.005794,0.010877,0.005741,0.012395,0.005200, , ,0.007453,0.007831,0.008406,0.005166,0.005703,0.007503,0.004908,0.005862,0.005008,0.005063,0.005964,0.008079,0.005770,0.007984,0.008601,0.010721,0.006549, ,0.006894,0.007475,0.008114,0.004429,0.008071,0.005107,0.006552,0.004189,0.004500,0.014071,0.007388,0.005471,0.009984,0.005496,0.006387,0.004799,0.007343,0.004842,0.005096,0.006917,0.005442,0.005406,0.006788,0.006076,0.006279,0.005837,0.007438,0.007354,0.007986,0.013931,0.006942,0.007838,0.016038,0.007162, ,0.005181,0.008123,0.005488,0.007874,0.007223,0.007686,0.006590,0.006325,0.006625,0.007381,0.008042,0.007698,0.005226,0.004939,0.005914,0.004595,0.011411,0.005098,0.010059,0.006371,0.006670,0.004644,0.012670,0.006024,0.005201,0.009744,0.005432,0.005262,0.004995,0.009587, ,0.007920,0.005077,0.006861,0.004883,0.004743,0.007518,0.007548,0.005995,0.004905,0.005733,0.006356,0.005465,0.004416,0.006594,0.005814,0.010442,0.009177,0.008006,0.011138,0.006269,0.015379,0.005729,0.009679,0.005792,0.006204,0.006918,0.006951,0.005866,0.007173,0.006290,0.005569,0.005666,0.008222,0.014706,0.006509,0.006488,0.007594,0.006153,0.007233,0.005673,0.005056,0.005149,0.007750, ,0.007894,0.006599,0.005685,0.005879,0.005200,0.006077,0.006109,0.004758,0.004347,0.005264,0.006145,0.007028,0.007982,0.004486,0.005105,0.005233,0.003783,0.006318,0.006550,0.004235,0.008476,0.008863,0.005241,0.005576,0.007002,0.005764,0.004730,0.008459,0.007592,0.010212,0.004278,0.009428,0.005905,0.004222,0.004599,0.009192,0.006347,0.005161,0.010250,0.007204,0.007119,0.006059,0.006331,0.007380,0.004827,0.006752,0.006300,0.005966, ,0.005205,0.009830,0.011792,0.013829,0.005232,0.008608,0.005997,0.010361,0.005008,0.007825,0.006193,0.008350,0.006381,0.005869,0.007537,0.005377,0.016731,0.010778,0.005309,0.005338,0.005469,0.005439,0.004335,0.005961,0.005785,0.010780,0.005672,0.005633,0.009226,0.006036,0.005153,0.005498,0.007247,0.005574,0.007660,0.004641,0.009840,0.009474,0.005974,0.005492,0.006537,0.004964,0.005204,0.004724,0.007840,0.008897, ,0.006740,0.005624,0.006585,0.007326,0.026424,0.009470,0.012453,0.007452,0.005868,0.007504,0.011463,0.012826,0.007111,0.008334,0.025995,0.008233,0.011238,0.008759,0.005773
    Mean ISI within Burst - Std (sec),0.002168, ,0.003496,0.002329,0.004764,0.002010,0.002991,0.002515,0.002066, , ,0.006789,0.001576,0.001516,0.002187, ,0.001945,0.002820,0.001322, ,0.002820,0.002614,0.004170,0.001448,0.002532,0.004516,0.001898,0.002522, ,0.001600,0.004479,0.004873,0.001669,0.001947,0.000694,0.001199,0.013275,0.001914,0.001341,0.001650,0.000809,0.000934,0.001438,0.001502,0.000660,0.001158,0.000890,0.001100,0.002987,0.001332,0.001623, ,0.002324,0.003223,0.000876,0.003254,0.004373,0.003452,0.004350,0.001841,0.006193,0.005167,0.008192,0.003504,0.004122,0.005171, ,0.003790, ,0.003726,0.001632,0.001916,0.003836,0.002467,0.003988,0.002454,0.003155,0.002537,0.003929,0.001932,0.007468, ,0.000717,0.001532, ,0.002052,0.002537,0.006318,0.002294,0.002567,0.000868,0.004010,0.003039,0.002166,0.001987,0.002228,0.000941,0.005145,0.001516,0.000820,0.003968,0.001766,0.003884,0.001755,0.003612,0.002132, ,0.003253, ,0.004509,0.003794,0.003150,0.040769,0.003761, , , ,0.010880,0.005314, ,0.007468,0.004418,0.002427, ,0.005374, ,0.005622,0.001860, ,0.003453,0.001861,0.001602,0.003264, ,0.002031,0.001893,0.001906,0.001151, ,0.001598,0.001429, ,0.002074,0.001201,0.002725, ,0.003005,0.002648,0.004879,0.001441,0.001457,0.002338,0.002034,0.003179,0.002395,0.004341,0.001221,0.002867,0.002196,0.000951,0.001901,0.001750,0.002146,0.002201,0.003362,0.000780,0.003053,0.004544,0.002941,0.001448,0.003084,0.002070, , , ,0.004047,0.001571,0.006365,0.002468,0.003770,0.001615,0.001721,0.002518,0.002677,0.001370,0.004959,0.001600,0.002418,0.004099,0.000975,0.002907,0.004042,0.003555,0.007577,0.001453,0.007756,0.003179,0.005861,0.000264,0.004397,0.002611,0.002272,0.004639,0.004524,0.004052,0.002602,0.002975,0.008629,0.001685,0.001194, ,0.002068,0.001822,0.002795,0.001274,0.001242,0.001369,0.001359,0.001288,0.002215,0.002789,0.004510,0.004111,0.003140,0.002973,0.001302,0.001865,0.004037,0.004056,0.001487,0.001742,0.001917, ,0.002900,0.002622,0.002479,0.003087,0.002503,0.005745, ,0.009831,0.001619, ,0.003111,0.002852,0.001323,0.001966, ,0.002368,0.001675,0.005356,0.003025,0.006277,0.001568,0.001613,0.001597,0.004920,0.002274,0.002077,0.002323,0.002314, ,0.004893,0.001644,0.005535,0.002838,0.002226,0.002353,0.002154,0.002208,0.003794,0.004059,0.005592,0.007089,0.006886,0.002335,0.006765,0.002491,0.004234,0.003564,0.010181,0.002841,0.009780,0.001635,0.004007,0.009921,0.003441,0.001355,0.004284,0.003994,0.005793,0.003545,0.005231,0.006204,0.007676,0.008375,0.001630, ,0.004832,0.001796,0.004756,0.008426, ,0.005735,0.002191,0.001192,0.001079,0.005130,0.002859,0.004307,0.002083,0.003464,0.004547,0.003441,0.005851,0.002645,0.001731,0.002458,0.002709,0.002671,0.001161,0.000815, ,0.001817,0.003641,0.002565, ,0.001828,0.001905,0.002644,0.002224,0.003926,0.003772,0.001321,0.005447,0.004656,0.010926,0.001371,0.003473,0.001240,0.007130,0.006053,0.007155,0.002709,0.008097,0.003634,0.004001,0.006127,0.003854,0.003957,0.004709,0.003737,0.004405,0.003162,0.001897,0.003361,0.002644,0.003505,0.001755,0.004043,0.002271,0.003517,0.003015,0.005333,0.003708,0.004177,0.003724,0.002279,0.006185,0.001813,0.005693,0.002881,0.005016,0.001717,0.002751,0.001168,0.005306,0.003091,0.007058,0.003456,0.003502,0.002214,0.004829,0.005096,0.002133,0.001659,0.006054,0.002900,0.003500,0.002848,0.004998, ,0.006618,0.003025,0.016324,0.004722,0.002218,0.005943,0.006118,0.003181,0.000932,0.005497,0.001612,0.001431,0.001335,0.002736,0.005567,0.000680,0.002307,0.007452,0.003233,0.001037,0.001817,0.003627,0.002874,0.005723,0.004620,0.002422,0.003133,0.005784,0.003751,0.000663,0.003410,0.004209,0.006556,0.003368,0.001395,0.002774,0.005333,0.007989,0.003023,0.003013,0.000930,0.001817,0.003991,0.007420,0.016539,0.006347,0.002272,0.009066,0.004552,0.009880,0.004866,0.001867,0.003368,0.004489,0.003235,0.004977, ,0.007004,0.002989,0.003722,0.007179,0.001509,0.000986,0.001082,0.000850,0.000539,0.001801,0.002723,0.006394,0.001749,0.004347,0.002209,0.003005,0.012358,0.004876,0.005269,0.008298,0.002810,0.001842,0.001449,0.007729,0.005593,0.005053,0.002345,0.007794,0.005115,0.011235,0.007210,0.000902,0.003838,0.001384,0.002184,0.000905,0.002921,0.002313,0.002665,0.000728,0.002047,0.004462,0.001581,0.001089,0.002594,0.003334,0.001981, ,0.003204,0.001676,0.005089,0.002171,0.005011,0.001645,0.004907,0.001989,0.007586,0.002767,0.004249,0.002075, ,0.002650,0.010568,0.002347,0.002445,0.002261,0.003775,0.001951,0.002990,0.002146,0.005284,0.002069,0.006890,0.000981, , ,0.005110,0.003259,0.004112,0.002765,0.002972,0.005447,0.002091,0.002598,0.002317,0.002312,0.002790,0.005126,0.002966,0.004434,0.010192,0.010177,0.003958, ,0.004178,0.004154,0.003907,0.002604,0.008888,0.005543,0.008363,0.000583,0.002256,0.021470,0.002545,0.003407,0.007786,0.004634,0.001589,0.003352,0.008851,0.003002,0.001358,0.001462,0.001625,0.001284,0.003076,0.002570,0.001234,0.004060,0.001131,0.002665,0.002429,0.011355,0.001547,0.007379,0.015867,0.005204, ,0.000902,0.001565,0.001103,0.003733,0.001721,0.002790,0.001902,0.001223,0.001100,0.001634,0.001675,0.002838,0.003022,0.001710,0.001389,0.000709,0.003548,0.001102,0.002373,0.002093,0.001295,0.000683,0.010619,0.001162,0.003038,0.003702,0.003890,0.001508,0.000812,0.001997, ,0.004233,0.002777,0.003795,0.003961,0.003085,0.008046,0.007937,0.004900,0.003442,0.005860,0.002598,0.002242,0.001893,0.002745,0.004260,0.007550,0.004927,0.006911,0.007239,0.003485,0.015338,0.001332,0.007875,0.003156,0.004289,0.009378,0.003494,0.002007,0.005534,0.003806,0.000871,0.001290,0.002601,0.013829,0.003300,0.001818,0.003619,0.002097,0.003535,0.001696,0.001124,0.001270,0.002494, ,0.003544,0.002104,0.001760,0.002169,0.001385,0.001814,0.002353,0.000915,0.000986,0.001567,0.001536,0.001641,0.001745,0.000961,0.001643,0.000993,0.000517,0.002239,0.003275,0.000688,0.002613,0.002999,0.001534,0.001444,0.001531,0.001207,0.000653,0.002481,0.001808,0.001508,0.000935,0.001957,0.001346,0.000646,0.001072,0.003587,0.002122,0.001300,0.006689,0.002526,0.001942,0.001942,0.001862,0.003486,0.001491,0.002300,0.002253,0.002072, ,0.001303,0.003774,0.015887,0.008035,0.003291,0.004312,0.003206,0.006972,0.002696,0.003813,0.003664,0.004689,0.003845,0.003072,0.007086,0.003857,0.016806,0.002519,0.002610,0.001948,0.002611,0.001355,0.001329,0.002784,0.002110,0.006465,0.001718,0.002238,0.004468,0.003201,0.002193,0.001652,0.003864,0.003002,0.004615,0.001553,0.004315,0.006528,0.002202,0.002307,0.003045,0.002345,0.002360,0.001686,0.004264,0.004327, ,0.004007,0.002413,0.003595,0.002332,0.019608,0.003130,0.015001,0.008980,0.004242,0.003816,0.017023,0.004421,0.002371,0.005355,0.032177,0.005563,0.004972,0.010751,0.003519
    Median ISI within Burst - Avg (sec),0.005613, ,0.006758,0.007143,0.009547,0.009452,0.010930,0.012706,0.004893, , ,0.016360,0.003975,0.005573,0.010390, ,0.006592,0.011772,0.004169, ,0.007252,0.005649,0.004985,0.004032,0.009400,0.006715,0.003926,0.004905, ,0.004269,0.007849,0.007434,0.004806,0.005224,0.003410,0.003868,0.009318,0.005233,0.003603,0.004693,0.003414,0.003670,0.003978,0.003919,0.003252,0.003812,0.003178,0.003737,0.007473,0.008189,0.004122, ,0.005402,0.006705,0.003631,0.007667,0.004337,0.009727,0.005023,0.008993,0.007488,0.004239,0.017194,0.007877,0.007758,0.004789, ,0.004334, ,0.010226,0.003897,0.004096,0.009962,0.005290,0.008928,0.005575,0.006421,0.005884,0.009407,0.005011,0.006065, ,0.006160,0.003625, ,0.007160,0.004247,0.009992,0.004537,0.004484,0.003592,0.007438,0.004534,0.007736,0.004315,0.011015,0.003681,0.005379,0.003860,0.009620,0.010890,0.004987,0.003624,0.004068,0.004988,0.005936,0.011120,0.005468, ,0.009224,0.006071,0.011665,0.029540,0.011924, , , ,0.009762,0.006702,0.038400,0.009182,0.011242,0.005688, ,0.005797, ,0.007700,0.005314, ,0.006620,0.004851,0.005065,0.009020, ,0.006662,0.004345,0.006531,0.003747, ,0.004938,0.008853, ,0.007443,0.004878,0.005253, ,0.009484,0.009257,0.008579,0.003429,0.004827,0.010000,0.004372,0.003837,0.004178,0.005994,0.004188,0.007198,0.007544,0.003925,0.007164,0.003938,0.003570,0.003735,0.005535,0.003469,0.008326,0.006160,0.009200,0.007490,0.019222,0.004800, , , ,0.005257,0.004445,0.006597,0.006645,0.006994,0.004000,0.004338,0.005757,0.005337,0.004218,0.004463,0.003549,0.006364,0.010508,0.003733,0.008029,0.009099,0.004881,0.006116,0.003587,0.005838,0.008421,0.011384,0.012080,0.005418,0.005226,0.004686,0.004956,0.004578,0.006647,0.004701,0.003876,0.007347,0.005949,0.004820, ,0.003564,0.004533,0.007911,0.005263,0.003595,0.003615,0.004505,0.003442,0.007767,0.004107,0.005935,0.003907,0.003461,0.006207,0.003511,0.004112,0.005201,0.008292,0.005707,0.003931,0.005933, ,0.007560,0.004378,0.004729,0.006787,0.004776,0.011011, ,0.011653,0.005998, ,0.007806,0.008788,0.005924,0.009213, ,0.006004,0.005021,0.006477,0.004273,0.006710,0.005335,0.005833,0.004504,0.010070,0.005206,0.004331,0.008176,0.005323, ,0.008885,0.004997,0.010846,0.009746,0.006037,0.006077,0.003994,0.004960,0.006359,0.008847,0.004724,0.005122,0.006994,0.004151,0.004893,0.007318,0.004521,0.006088,0.006428,0.004356,0.005491,0.005947,0.005477,0.006351,0.006612,0.005078,0.003486,0.005427,0.005107,0.003274,0.004040,0.006953,0.016626,0.005211,0.006532, ,0.004963,0.008733,0.003748,0.007672, ,0.005171,0.003941,0.003920,0.005899,0.005526,0.004505,0.004990,0.003872,0.004700,0.006022,0.004551,0.005883,0.004256,0.006339,0.006779,0.005678,0.004233,0.004775,0.003730,0.013080,0.011909,0.013291,0.011182, ,0.004171,0.005650,0.004506,0.005080,0.007393,0.010073,0.004296,0.009430,0.010567,0.008050,0.006379,0.005614,0.006538,0.008145,0.004725,0.009542,0.003512,0.006968,0.006084,0.004547,0.005026,0.005580,0.005022,0.005135,0.010314,0.009878,0.008277,0.010606,0.006279,0.005934,0.012810,0.005968,0.005587,0.005494,0.006117,0.008808,0.009246,0.007216,0.010109,0.009362,0.007235,0.006899,0.004033,0.005470,0.008022,0.010895,0.003394,0.003615,0.003531,0.004498,0.004776,0.005711,0.004539,0.005473,0.005521,0.006066,0.005582,0.003916,0.003578,0.007941,0.005748,0.005509,0.006246,0.005711, ,0.006813,0.007242,0.008880,0.009573,0.004832,0.006860,0.009183,0.005529,0.003121,0.003869,0.003496,0.003584,0.005088,0.004030,0.003853,0.003343,0.003568,0.013802,0.005747,0.005929,0.004621,0.003537,0.004625,0.004564,0.004005,0.005340,0.003453,0.005198,0.006252,0.003675,0.004357,0.008839,0.005188,0.005391,0.004693,0.004173,0.004843,0.006022,0.005806,0.003444,0.005920,0.004878,0.005554,0.006439,0.012466,0.003980,0.005634,0.008372,0.006913,0.005776,0.008528,0.004121,0.004176,0.006673,0.003558,0.009214, ,0.013748,0.009422,0.006799,0.004946,0.004591,0.004196,0.004061,0.003909,0.003500,0.006552,0.014761,0.004884,0.006190,0.009888,0.005971,0.005209,0.008433,0.004037,0.005795,0.005611,0.004085,0.004823,0.004296,0.006948,0.006156,0.004614,0.006662,0.007343,0.003986,0.006279,0.004115,0.005407,0.008595,0.004178,0.003550,0.003375,0.006112,0.005512,0.007480,0.004244,0.004574,0.004154,0.004460,0.004079,0.004041,0.004230,0.005105, ,0.004323,0.005736,0.007165,0.004257,0.008092,0.003750,0.007728,0.005068,0.009304,0.004253,0.009856,0.007014, ,0.004501,0.009637,0.004478,0.004621,0.004455,0.005020,0.004353,0.006104,0.004780,0.008134,0.004400,0.008790,0.005400, , ,0.007120,0.007936,0.005989,0.003866,0.003981,0.005251,0.003533,0.004519,0.003398,0.003597,0.004720,0.005852,0.004328,0.006097,0.005573,0.006962,0.004824, ,0.005015,0.005210,0.006084,0.003228,0.005907,0.004103,0.004214,0.003283,0.003610,0.009208,0.006494,0.004561,0.007931,0.004545,0.006460,0.003927,0.005205,0.003490,0.004823,0.006206,0.004233,0.004481,0.005381,0.004697,0.005059,0.004268,0.006310,0.005815,0.006522,0.010733,0.005924,0.006071,0.011438,0.005842, ,0.004171,0.007558,0.004201,0.006169,0.006233,0.006841,0.005486,0.005270,0.005738,0.006416,0.007239,0.006049,0.004198,0.003704,0.004496,0.003615,0.010215,0.004036,0.008589,0.005298,0.005163,0.003744,0.008957,0.004384,0.003900,0.008297,0.003941,0.003996,0.003692,0.008868, ,0.005923,0.003859,0.004762,0.003633,0.003516,0.005216,0.005922,0.004488,0.003596,0.004244,0.004326,0.003914,0.003245,0.005141,0.004008,0.008375,0.007585,0.005246,0.008589,0.004398,0.010868,0.004770,0.006762,0.003872,0.004127,0.004537,0.004479,0.004405,0.005298,0.005497,0.004651,0.003844,0.005959,0.009176,0.004567,0.005533,0.005334,0.004492,0.004271,0.003895,0.003627,0.003806,0.004649, ,0.005007,0.004645,0.003961,0.005400,0.003760,0.004601,0.003861,0.003618,0.003260,0.003745,0.004558,0.006670,0.007105,0.003487,0.003439,0.003767,0.002971,0.004622,0.004505,0.003181,0.006965,0.007474,0.003793,0.004574,0.006175,0.004658,0.003585,0.007229,0.006684,0.009400,0.003105,0.008819,0.004700,0.003217,0.003373,0.007708,0.005168,0.004097,0.006040,0.006045,0.006161,0.004916,0.004906,0.005959,0.003875,0.005459,0.004443,0.004325, ,0.004225,0.007688,0.008477,0.009359,0.003815,0.006354,0.004507,0.008161,0.003629,0.006183,0.004560,0.006440,0.004563,0.004211,0.004989,0.003538,0.010277,0.010032,0.004175,0.004381,0.004024,0.004987,0.003295,0.004575,0.004054,0.008252,0.003928,0.004078,0.007070,0.004572,0.003608,0.003944,0.005624,0.004103,0.006614,0.003422,0.007806,0.006948,0.004559,0.004000,0.004983,0.003513,0.003710,0.003488,0.006204,0.007132, ,0.005090,0.003918,0.004360,0.007200,0.016200,0.007514,0.007209,0.004692,0.003982,0.005744,0.006284,0.010000,0.006447,0.005972,0.013978,0.005778,0.008211,0.005709,0.004492
    Median ISI within Burst - Std (sec),0.001960, ,0.002939,0.002220,0.003722,0.002510,0.003324,0.002719,0.002030, , ,0.006394,0.001017,0.001531,0.002611, ,0.001822,0.002596,0.000848, ,0.002221,0.002205,0.003642,0.000925,0.002519,0.003646,0.001539,0.001702, ,0.001031,0.003672,0.004457,0.001705,0.001649,0.000420,0.000907,0.007698,0.001879,0.001067,0.001555,0.000514,0.000708,0.000954,0.001089,0.000374,0.000912,0.000348,0.000744,0.003010,0.001367,0.000959, ,0.001730,0.002411,0.000763,0.002581,0.002618,0.003328,0.003772,0.001363,0.004205,0.003316,0.007160,0.003250,0.003720,0.002835, ,0.001061, ,0.002923,0.001114,0.001555,0.003795,0.002084,0.003978,0.001944,0.002720,0.002464,0.003119,0.001945,0.002396, ,0.001810,0.001292, ,0.001413,0.002177,0.006422,0.002073,0.001747,0.000532,0.003706,0.001189,0.001735,0.001542,0.002225,0.000436,0.003402,0.000786,0.002234,0.003621,0.001832,0.000722,0.001078,0.002044,0.001367, ,0.002976, ,0.004770,0.003150,0.002811,0.022529,0.002855, , , ,0.008026,0.004157, ,0.005504,0.004952,0.001888, ,0.004136, ,0.003965,0.001983, ,0.002461,0.001302,0.001227,0.002489, ,0.001843,0.001413,0.001856,0.000500, ,0.001471,0.000660, ,0.002330,0.000919,0.001680, ,0.003543,0.003038,0.006459,0.001268,0.001560,0.003168,0.001610,0.001836,0.002283,0.003390,0.000755,0.003171,0.002694,0.000870,0.001696,0.001516,0.001271,0.000888,0.003142,0.000598,0.003038,0.003507,0.004631,0.002645,0.004118,0.000566, , , ,0.002557,0.001417,0.002615,0.001712,0.003000,0.000917,0.001561,0.002432,0.001666,0.001014,0.001113,0.000954,0.002310,0.004427,0.000536,0.003980,0.002991,0.003359,0.005323,0.000905,0.004555,0.003470,0.005449,0.002376,0.003681,0.001577,0.001915,0.004575,0.002818,0.003769,0.002620,0.001570,0.004680,0.001488,0.001182, ,0.000849,0.000916,0.002490,0.001027,0.001003,0.000932,0.001009,0.000855,0.001946,0.001770,0.002295,0.003052,0.000985,0.002603,0.000772,0.001270,0.002796,0.002549,0.001843,0.001235,0.001665, ,0.002730,0.002258,0.001930,0.002763,0.001943,0.003400, ,0.008227,0.001837, ,0.002862,0.003234,0.001693,0.003378, ,0.002082,0.001865,0.004028,0.001307,0.004975,0.001476,0.001608,0.001473,0.003533,0.001927,0.001716,0.002143,0.001974, ,0.004101,0.001952,0.003940,0.002564,0.002474,0.002190,0.001405,0.001607,0.002567,0.003042,0.003596,0.005295,0.002953,0.001939,0.003728,0.002494,0.003908,0.003053,0.005873,0.002759,0.005644,0.001749,0.004319,0.005591,0.002772,0.001054,0.001321,0.003412,0.003146,0.001378,0.002024,0.004890,0.005485,0.004386,0.001607, ,0.003158,0.005272,0.001911,0.004659, ,0.001509,0.001311,0.001120,0.001490,0.002866,0.001847,0.004572,0.000972,0.001217,0.002430,0.001763,0.003407,0.001151,0.001713,0.002433,0.002656,0.001130,0.001417,0.000749, ,0.001771,0.002262,0.002405, ,0.001134,0.001992,0.001476,0.002109,0.002072,0.002425,0.001073,0.002835,0.003819,0.004396,0.001860,0.002754,0.001336,0.004686,0.003881,0.004158,0.001996,0.002828,0.003766,0.002196,0.003571,0.002948,0.002956,0.003070,0.004132,0.002958,0.002123,0.001767,0.002617,0.001945,0.003796,0.001865,0.002093,0.001654,0.001883,0.002181,0.003378,0.001916,0.002204,0.003230,0.002261,0.003007,0.000914,0.001669,0.002622,0.004821,0.001162,0.001138,0.001192,0.003022,0.001499,0.002066,0.001657,0.001907,0.001247,0.001979,0.002479,0.001471,0.001103,0.003233,0.002103,0.001803,0.002346,0.004437, ,0.004331,0.002037,0.006582,0.003538,0.001653,0.003025,0.003808,0.002480,0.000306,0.003010,0.001329,0.000735,0.001270,0.002440,0.003643,0.000456,0.001310,0.006650,0.002367,0.001335,0.001174,0.002208,0.002825,0.003724,0.001904,0.001356,0.000838,0.003181,0.001735,0.000601,0.001760,0.002408,0.001968,0.001624,0.001326,0.001424,0.001329,0.002221,0.002016,0.001365,0.002019,0.001540,0.003703,0.004591,0.011167,0.001222,0.001788,0.004223,0.002600,0.003820,0.005640,0.001073,0.002399,0.002960,0.001252,0.003995, ,0.005492,0.001899,0.002525,0.003779,0.001290,0.001020,0.000624,0.001023,0.000488,0.001973,0.002069,0.002051,0.002179,0.003173,0.002024,0.001865,0.007385,0.003051,0.004129,0.005256,0.002526,0.001297,0.001236,0.004785,0.002993,0.003272,0.002247,0.004949,0.002641,0.007919,0.002548,0.000855,0.003817,0.000824,0.002303,0.000456,0.001698,0.001699,0.002916,0.000832,0.001115,0.002971,0.001305,0.000765,0.002251,0.002285,0.001610, ,0.001734,0.001720,0.002700,0.001003,0.002896,0.001084,0.002681,0.001675,0.005567,0.001382,0.002937,0.001754, ,0.001794,0.004928,0.001764,0.001516,0.001752,0.002889,0.001919,0.001764,0.001878,0.002897,0.001293,0.002578,0.000622, , ,0.004299,0.002891,0.002131,0.001248,0.001364,0.001899,0.000796,0.001882,0.000805,0.001012,0.001712,0.002482,0.002014,0.002669,0.002116,0.003248,0.002071, ,0.002044,0.002268,0.003177,0.000445,0.004939,0.004031,0.002981,0.000346,0.001887,0.010572,0.002752,0.003291,0.006002,0.003397,0.001598,0.002796,0.002983,0.001354,0.001241,0.001068,0.001316,0.001201,0.002541,0.001229,0.001023,0.002301,0.001598,0.002231,0.001699,0.008858,0.001797,0.004749,0.004677,0.003008, ,0.001071,0.001621,0.001159,0.002648,0.002048,0.001597,0.001421,0.001108,0.001595,0.001635,0.001688,0.002384,0.002191,0.000983,0.001206,0.000691,0.002734,0.000966,0.002163,0.001049,0.001282,0.000696,0.005162,0.001073,0.001539,0.002332,0.001223,0.001320,0.000859,0.001964, ,0.001637,0.001732,0.002708,0.002843,0.002002,0.002284,0.005773,0.001603,0.002208,0.003370,0.001945,0.001271,0.001442,0.002501,0.000946,0.005334,0.002256,0.003399,0.004923,0.002221,0.005805,0.001299,0.004265,0.001234,0.001193,0.006506,0.002983,0.001572,0.003917,0.004112,0.000858,0.001405,0.002438,0.009005,0.002040,0.001875,0.002634,0.001676,0.001316,0.001186,0.000629,0.001117,0.001560, ,0.002207,0.001983,0.001555,0.002357,0.000800,0.001107,0.000985,0.000670,0.000646,0.000909,0.001444,0.001743,0.001576,0.000721,0.000719,0.000812,0.000196,0.001609,0.001359,0.000423,0.001966,0.002432,0.000975,0.001272,0.001514,0.001442,0.000504,0.002349,0.001741,0.001868,0.000391,0.001427,0.001157,0.000330,0.000496,0.003513,0.002362,0.001244,0.002885,0.002020,0.001912,0.001892,0.001623,0.002357,0.001121,0.001939,0.001748,0.001244, ,0.001130,0.003274,0.002720,0.003010,0.000849,0.001962,0.001370,0.003052,0.001017,0.001532,0.001431,0.002584,0.001639,0.001246,0.002534,0.001147,0.004415,0.003665,0.001323,0.001380,0.001601,0.001265,0.000768,0.001099,0.001297,0.004058,0.001248,0.001249,0.003705,0.001590,0.001314,0.000974,0.003105,0.000951,0.003937,0.000703,0.003053,0.004385,0.001558,0.001144,0.001506,0.001206,0.000729,0.000603,0.001977,0.002648, ,0.002456,0.000923,0.001506,0.003451,0.005317,0.002477,0.003383,0.001946,0.001351,0.002425,0.004306,0.003055,0.002459,0.002303,0.013766,0.002734,0.003028,0.003207,0.001931
    Median/Mean ISI within Burst,0.730423, ,0.791033,0.845506,0.821560,0.889018,0.867284,0.935539,0.721823, , ,0.930586,0.733911,0.807639,0.878069, ,0.776480,0.854637,0.724562, ,0.751843,0.689889,0.658613,0.672125,0.844170,0.749026,0.675474,0.726232, ,0.662464,0.746657,0.718457,0.803462,0.748916,0.705910,0.767272,0.761208,0.792042,0.681939,0.767636,0.743305,0.767006,0.767798,0.717639,0.796618,0.783002,0.735452,0.770950,0.804821,0.970625,0.731575, ,0.822337,0.767965,0.751485,0.762525,0.705164,0.781523,0.762205,0.950249,0.797041,0.724741,0.936756,0.833822,0.742595,0.698343, ,0.652356, ,0.833224,0.725937,0.711362,0.841609,0.708824,0.819631,0.789429,0.776539,0.681904,0.880797,0.732368,0.574894, ,0.759998,0.673845, ,0.825483,0.713706,0.764753,0.783531,0.750004,0.737370,0.789459,0.670768,0.908811,0.693125,0.903058,0.731696,0.764279,0.721378,1.162542,0.920918,0.785008,0.699493,0.684779,0.676062,0.764812,0.994278,0.746483, ,0.742810,0.743029,0.917352,0.888270,0.848201, , , ,0.728042,0.752973,0.573545,0.822660,0.842813,0.730320, ,0.741918, ,0.843341,0.776476, ,0.755310,0.659259,0.781157,0.845085, ,0.861667,0.650590,0.819991,0.708242, ,0.809405,0.943178, ,0.832314,0.783948,0.812220, ,0.899479,0.821056,0.858073,0.735153,0.797518,1.084460,0.730205,0.740829,0.683388,0.832726,0.722025,0.788049,0.877938,0.693269,0.853959,0.774868,0.757966,0.718508,0.777952,0.740056,0.816417,0.891207,0.965110,0.887837,0.915942,0.842043, , , ,0.746003,0.754835,0.751325,0.834455,0.662572,0.739908,0.748557,0.842470,0.804358,0.739608,0.631187,0.726988,0.757174,0.910593,0.610332,0.653865,0.920140,0.698271,0.708554,0.674320,0.743046,0.863450,0.805273,1.091942,0.785203,0.742829,0.746851,0.790947,0.705536,0.826256,0.776452,0.716032,0.686175,0.860709,0.808491, ,0.791281,0.811704,0.835937,0.815060,0.795396,0.742377,0.794557,0.793391,0.861825,0.724437,0.889878,0.754594,0.783562,0.754426,0.755305,0.694699,0.753296,0.801782,0.851064,0.779255,0.842046, ,0.894205,0.755716,0.712587,0.831233,0.750767,0.889209, ,0.932500,0.834558, ,0.829905,0.891019,0.899186,0.793802, ,0.816856,0.805578,0.797479,0.747817,0.823566,0.820134,0.844194,0.811113,0.844464,0.706819,0.724843,0.845921,0.736168, ,0.844289,0.699789,0.870338,0.904196,0.786805,0.788539,0.702544,0.722738,0.820653,0.817553,0.733172,0.803348,0.938398,0.706009,0.777324,0.817807,0.771503,0.867798,0.793705,0.699898,0.829141,0.825272,0.756102,0.811824,0.855401,0.910538,0.753318,0.847385,0.784006,0.780502,0.743393,0.778472,0.771794,0.723908,0.828440, ,0.778270,0.783353,0.739503,0.775383, ,0.784415,0.787684,0.767561,0.923125,0.697630,0.696765,0.737913,0.770770,0.659858,0.764575,0.807739,0.709032,0.773199,0.793512,0.894403,0.835724,0.754367,0.822041,0.762124,0.870839,0.959761,0.990250,0.934922, ,0.775926,0.746480,0.771642,0.740187,0.866919,0.949204,0.799383,0.921490,0.880674,0.860414,0.873739,0.823828,0.850023,0.866973,0.760032,0.831988,0.770575,0.847696,0.822125,0.704690,0.801285,0.745146,0.751673,0.780786,0.916691,0.897144,0.855152,0.917826,0.709802,0.801871,0.892190,0.814251,0.620978,0.775458,0.774405,0.869384,0.749925,0.817404,0.857462,0.868143,0.810971,0.794542,0.816336,0.861653,0.822426,0.778354,0.818974,0.818223,0.833769,0.778203,0.814206,0.866668,0.778644,0.776293,0.792316,0.879199,0.799988,0.711014,0.777240,0.801393,0.786579,0.774245,0.828892,0.731988, ,0.714799,0.781222,0.649902,0.877663,0.696531,0.771442,0.849459,0.820862,0.761213,0.755021,0.782411,0.869472,0.840558,0.809431,0.784282,0.711550,0.754385,0.936627,0.782925,0.885693,0.750581,0.764930,0.808290,0.745552,0.739930,0.751600,0.705618,0.758164,0.845718,0.764812,0.775588,0.875428,0.745823,0.804920,0.849432,0.751622,0.829509,0.749297,0.778735,0.744123,0.982374,0.751805,0.765497,0.772701,0.839455,0.752567,0.788465,0.794964,0.772454,0.715691,0.899850,0.751503,0.787656,0.804098,0.795453,0.852596, ,0.861399,0.826037,0.795811,0.766903,0.829270,0.754992,0.720535,0.813497,0.821495,0.875983,0.898819,0.730728,0.826661,0.800457,0.875502,0.854396,0.790081,0.735304,0.718950,0.789548,0.716148,0.720648,0.760423,0.851534,0.758275,0.761053,0.909338,0.828301,0.762348,0.790028,0.794588,0.926030,0.835210,0.721141,0.731321,0.783519,0.817173,0.809873,0.813124,0.880244,0.778528,0.735763,0.790870,0.897121,0.765251,0.782302,0.762358, ,0.731980,0.793043,0.817994,0.741562,0.803189,0.724219,0.769282,0.792280,0.823953,0.692651,0.852994,0.883603, ,0.739487,0.802310,0.767564,0.797892,0.727466,0.655956,0.761908,0.854054,0.844392,0.790818,0.789362,0.793115,1.045771, , ,0.990286,1.026092,0.748236,0.791788,0.741946,0.792968,0.762351,0.792812,0.728167,0.759826,0.825808,0.780431,0.773516,0.801090,0.836584,0.804836,0.789608, ,0.790621,0.747369,0.781482,0.779151,0.827449,0.841461,0.775125,0.791545,0.809214,0.828184,0.870980,0.820501,0.802428,0.861774,1.015892,0.834365,0.840954,0.764592,0.950477,0.907371,0.782949,0.830736,0.797696,0.807455,0.809826,0.761306,0.846214,0.801016,0.830206,0.791964,0.848439,0.835642,0.828401,0.855887, ,0.803974,0.933838,0.766051,0.808821,0.859336,0.919164,0.846110,0.840426,0.859454,0.874364,0.908978,0.792249,0.815021,0.763507,0.768976,0.788497,0.927086,0.794964,0.862661,0.849175,0.775447,0.808049,0.767021,0.732187,0.778151,0.873520,0.761934,0.762316,0.740508,0.932044, ,0.795436,0.787734,0.712468,0.772298,0.780067,0.805481,0.850788,0.846124,0.771836,0.775946,0.698343,0.745376,0.751132,0.776700,0.774282,0.840626,0.885083,0.745043,0.804891,0.724699,0.827574,0.833469,0.780696,0.729197,0.747492,0.722352,0.637510,0.758343,0.746444,0.842443,0.839936,0.682244,0.730917,0.648986,0.776442,0.852786,0.744512,0.748363,0.632860,0.709989,0.740089,0.747276,0.635874, ,0.691098,0.717430,0.699596,0.912558,0.743100,0.784185,0.689312,0.771307,0.764842,0.729301,0.747868,0.948641,0.895419,0.786972,0.716121,0.726156,0.795664,0.747795,0.751172,0.759987,0.843166,0.852816,0.738461,0.826316,0.885079,0.802204,0.764912,0.860420,0.883255,0.920301,0.739569,0.946876,0.802500,0.772116,0.747335,0.842980,0.807639,0.796304,0.632012,0.851843,0.867099,0.812936,0.782879,0.828280,0.815458,0.818130,0.713448,0.739669, ,0.818390,0.782274,0.935554,0.770493,0.797005,0.786063,0.787068,0.880246,0.766363,0.835296,0.779581,0.817718,0.771091,0.762108,0.747962,0.735887,0.833173,0.917368,0.835627,0.839783,0.775884,0.923011,0.786390,0.831828,0.717653,0.844795,0.707286,0.762140,0.788633,0.815068,0.732805,0.733985,0.787294,0.804144,0.877559,0.774674,0.810205,0.770834,0.790957,0.766325,0.808890,0.747248,0.782972,0.779037,0.847696,0.850563, ,0.803786,0.749239,0.725765,0.936926,0.767144,0.800956,0.773645,0.771964,0.761152,0.801066,0.764693,0.785267,0.905245,0.790885,0.688144,0.751693,0.805904,0.798145,0.807116
    Inter-Burst Interval - Avg (sec),5.916442, ,5.009782,4.926926,13.703144,7.097238,11.689503,5.322768,5.009958, , ,55.458467,4.657589,4.731494,9.752387, ,11.078980,11.079885,11.079515, ,13.094065,10.668593,9.765010,11.079122,11.079680,10.288194,9.932892,10.669742, ,11.079518,11.523352,10.474803,3.050818,3.197724,2.974890,2.974887,11.015008,2.989875,2.974891,3.020084,3.098314,2.975059,3.020052,2.974977,2.974994,2.989856,2.974973,2.974969,14.046258,8.857091,7.511823, ,7.511638,7.326511,7.511866,7.841636,5.934275,9.097505,5.934419,6.117456,6.380706,7.064850,17.195556,8.018818,8.483195,8.483851, ,7.917399, ,11.421982,8.134431,8.247753,23.839463,8.248014,8.997518,9.896800,14.183417,9.735811,52.857258,8.606908,6.222398, ,438.885040,7.991696, ,8.825673,8.259222,128.389740,8.035378,6.994192,8.825623,7.250651,8.260951,8.745908,7.252179,52.774928,9.526363,9.219022,9.370369,216.852560,33.309872,121.744080,7.822572,9.526687,8.339326,9.526295, ,7.488283, ,6.533858,30.215294,72.186320,124.239173,5.819391, , , ,6.659524,4.390196, ,4.703950,4.980492,4.385864, ,5.644628, ,4.666652,5.022873, ,4.308420,3.247924,3.319956,6.229154, ,5.657886,3.415016,3.688869,3.265488, ,3.711790,46.342160, ,32.813446,3.265762,39.485913, ,27.770076,12.103982,9.049942,8.533241,8.783540,6.393120,8.412220,8.533082,8.182359,8.412475,8.914853,6.636762,12.579398,8.533280,8.843442,7.900183,7.694958,5.243984,7.500211,7.694896,12.522687,225.934320,181.147440,32.222933,15.193169,172.592400, , , ,7.225738,12.908853,22.023085,12.909007,13.209980,12.909002,12.908927,10.518141,12.348165,12.909271,9.062273,12.622473,14.563885,22.023005,12.908353,80.039800,15.074653,11.579205,8.946539,13.634050,11.275086,23.436023,19.049732,68.721440,11.964989,13.420495,13.631620,13.419585,11.962655,12.213340,12.836520,10.735828,9.221577,3.655551,3.728050, ,3.016090,3.000895,44.891260,3.016082,3.046921,3.328131,3.046847,3.000878,4.731029,3.000836,4.503434,3.094137,3.176414,3.754339,3.778312,3.754287,4.663777,13.892964,10.847600,3.754431,16.047088, ,65.970460,3.574720,3.372670,5.724586,4.088850,6.981908, ,6.373942,8.617634, ,9.156414,6.204854,5.441345,80.426400, ,3.898312,4.704772,4.995571,3.659220,3.751103,3.847917,4.423933,3.350632,11.177259,5.695977,5.086693,12.341137,8.976242, ,7.313460,9.446809,45.802680,43.026566,10.213292,10.129702,4.959503,7.224815,20.182263,16.925680,5.374368,5.374475,44.560689,5.374407,5.374590,7.213308,5.374314,10.182712,6.204879,5.374426,5.423112,5.374381,5.423407,6.638851,14.129446,8.772987,6.878211,6.959208,7.454644,6.572568,6.878265,7.911550,19.598789,7.583183,9.854929, ,7.302701,85.770320,6.878225,10.402407, ,7.394167,8.266686,12.147084,15.663379,7.729624,13.226608,14.880448,11.670540,7.258323,7.085276,8.752907,9.446009,9.757344,13.527236,16.083091,17.006137,5.835267,9.042133,8.396169, ,12.776755,84.828080,11.994699, ,6.250864,8.643068,6.385398,6.598184,8.517823,9.897396,6.250968,9.117671,23.814563,79.260869,8.061139,7.101450,11.368438,11.896848,6.778725,10.936810,6.483978,8.956965,7.747178,6.484043,7.018009,6.936667,6.555445,6.778767,10.748417,23.588217,11.406612,21.921117,8.613134,10.157026,23.699987,10.613404,5.453165,6.891663,5.260137,14.584226,23.920203,6.057328,11.329014,11.655181,9.433486,8.175516,8.288992,9.042738,16.129786,32.912147,7.021337,7.460231,7.651537,7.368066,5.475367,9.473261,4.388354,4.626453,8.405831,8.649475,4.590857,5.973042,4.126830,10.010777,5.909312,12.742748,20.607671,7.540778, ,10.851878,5.667333,21.065864,9.439310,5.489328,10.450717,12.878468,12.465750,9.072100,8.934905,9.072222,9.072319,9.511148,9.072210,9.072385,9.072827,9.072246,12.820353,10.530303,42.663089,9.072338,9.072474,9.072420,9.072393,9.656383,14.024815,9.817455,9.983799,10.334146,9.817416,9.817165,18.407610,10.155886,9.817307,11.191499,9.817271,10.155848,11.780690,12.804941,9.656199,24.619120,8.809912,9.520330,10.177040,10.042863,9.520823,9.676502,9.222916,13.546778,9.520394,110.169020,9.369515,9.520385,10.787225,8.554808,30.658324, ,11.934286,9.911676,12.213880,10.259510,10.107655,9.771073,9.771119,9.936544,10.856950,28.161023,14.299385,10.083058,13.958884,11.495434,16.750238,7.756159,9.914201,6.786652,6.864616,6.944422,6.864585,6.864658,7.465165,7.026166,6.864666,6.635680,21.578849,7.963074,6.864666,6.864777,6.864445,8.194258,16.254687,7.195040,7.195082,7.195002,35.634206,12.929216,8.428446,9.671988,7.314824,7.195136,9.076930,8.082105,7.195133,8.082225,7.866658, ,7.435363,7.434567,8.747362,5.215958,9.913452,5.831277,7.824061,7.529631,9.915284,6.465311,7.342435,16.076069, ,7.081190,10.254109,5.275301,5.675805,5.229034,7.774581,9.379017,5.516498,12.498042,7.471731,5.182599,13.727483,229.851360, , ,224.656320,137.983120,14.740970,6.238829,6.173835,7.317150,6.173723,7.834742,6.047864,6.047855,9.878095,8.846186,6.442274,8.161980,16.925188,11.177560,6.047872, ,6.585437,9.031116,12.240381,9.031136,9.475115,9.031149,9.031122,10.427043,9.031001,12.019195,9.965154,9.031051,9.174394,9.030938,29.576187,9.031096,12.280336,7.580089,40.528807,11.824883,7.579978,7.678507,8.446293,10.948917,11.155432,7.779775,11.592751,7.779473,9.238026,11.825058,14.253374,9.096074,22.251914,8.318674, ,7.202845,8.685424,7.202726,7.476359,7.572086,7.874900,7.696092,7.202689,7.572075,7.771083,15.292418,8.791639,7.031101,7.031054,8.193860,6.576148,22.108985,6.576079,12.227273,6.576180,7.891324,6.576170,15.967027,6.576042,6.576144,9.090577,6.725559,7.861850,6.576148,8.950738, ,9.403271,7.965268,7.965264,7.965158,7.965218,9.585310,8.078923,8.316478,7.965158,7.965189,7.965197,7.965214,7.854493,7.965287,7.925215,7.814511,12.060318,7.332220,8.248614,7.155522,9.839983,6.993593,7.332165,7.155483,6.987120,6.987070,7.070315,7.155424,7.070229,6.679174,6.832733,8.570277,7.391724,12.103431,8.915131,97.018368,7.581229,5.425185,7.991077,5.097717,4.730738,4.927907,7.885070, ,7.885025,6.498529,6.957229,48.029893,5.221838,6.199487,8.268032,5.315078,5.221776,5.315099,9.225239,105.717173,5.927271,5.511973,5.221871,5.221821,5.221895,6.136860,6.946255,5.091945,8.873505,7.808831,5.135814,5.222582,5.525867,5.673738,5.180411,8.873599,7.446879,125.554100,5.135816,10.353322,5.091897,5.091837,5.091895,7.909871,8.367550,5.137599,46.345760,6.710374,13.932540,12.154158,6.261452,9.231699,5.172449,6.175487,10.021587,6.109328, ,4.998681,11.200525,23.596531,20.824869,5.819556,7.805477,5.882230,8.794281,5.768134,6.523044,6.452186,7.239016,6.057137,5.995950,9.139990,5.877208,17.458786,52.831671,7.493694,6.875078,5.424388,9.740751,5.279052,6.955952,6.955137,58.646107,5.053496,5.796659,11.215837,8.099340,5.053482,5.053515,5.577865,6.223806,12.370894,5.176474,9.220455,11.214506,5.413877,5.515181,5.901170,5.176471,5.961855,5.176425,7.197768,12.111032, ,5.515178,5.364756,5.700616,106.525328,66.420700,19.129298,12.324169,10.224217,9.883545,10.981505,11.860078,232.394880,15.605680,10.981729,28.978564,10.224451,26.986772,10.403638,12.102469
    Inter-Burst Interval - Std (sec),3.295455, ,1.764993,1.478057,10.529776,4.484094,9.216950,2.128304,1.846772, , ,39.411862,1.288184,1.548540,6.876551, ,4.662686,3.771982,4.661410, ,5.664308,3.986315,3.910335,4.658477,4.665495,3.783153,4.102402,3.878148, ,4.659971,4.805161,4.311802,1.021936,1.126544,0.831397,0.844959,10.055164,0.881195,0.835406,0.826492,0.798567,0.835693,0.871100,0.842738,0.835431,0.838229,0.847460,0.850665,8.915883,6.400832,3.571389, ,3.778058,3.219609,3.568114,3.975906,2.570896,4.918946,2.241737,2.469869,2.764997,3.272398,11.461212,4.136890,5.165089,5.355433, ,4.886453, ,6.421076,5.203816,5.242596,13.074287,5.159286,5.041689,5.543847,8.623290,5.344333,66.280025,5.143918,2.847665, , ,3.734062, ,4.307555,3.861567,105.015765,3.687139,3.299810,4.307925,3.441036,3.944945,4.326680,3.442451,49.205139,4.853737,4.909737,4.868341, ,26.584436,126.876453,3.524555,4.845796,4.046683,4.850585, ,3.187509, ,3.021470,21.238628,64.078566,77.316597,3.782313, , , ,4.656938,1.625870, ,2.247660,2.840786,1.613701, ,3.849335, ,2.047499,3.135208, ,2.635297,0.865031,0.922391,7.619389, ,3.652978,1.181548,1.599219,0.842881, ,1.452480,31.237262, ,20.671294,0.840341,63.711668, ,23.493221,7.641573,4.022129,3.664659,3.999610, ,3.642394,3.603134,3.285075,3.522984,3.879672,3.202047,7.430941,3.552217,3.817568,3.734452,3.559388,2.368792,3.625865,3.784246,5.236874, ,59.899638,39.089781,9.509537, , , , ,3.447382,5.125479,10.690244,5.126617,5.669653,5.126249,5.126457,4.957270,4.694329,5.126773,4.785647,4.524605,7.543930,13.950535,5.126852,82.151691,7.928680,6.181350,4.646715,6.675576,6.327657,15.196808,16.283601, ,5.866316,6.758248,6.687294,6.755564,5.817270,5.651588,6.125374,5.142569,5.547636,1.758238,1.694180, ,0.696839,0.691441,47.823161,0.667182,0.701609,1.916470,0.773489,0.725145,3.844859,0.711366,2.669243,0.749225,0.962693,1.669770,1.273706,1.363377,2.034391,12.905286,11.065730,1.505990,13.500188, ,49.783202,1.365313,1.024644,3.067857,1.702487,4.576595, ,4.267559,5.007406, ,4.961008,3.254046,2.673039,14.312520, ,1.428084,1.947452,2.098104,1.065773,1.210804,1.356398,2.074078,0.696483,6.750766,2.621908,2.449768,10.543752,5.900532, ,4.235579,6.712437,25.455937,40.150118,7.192485,7.803768,1.895784,4.336742,16.311420,12.097487,1.428442,1.430229,40.213929,1.428086,1.432023,4.167956,1.428369,7.810432,3.132429,1.430668,1.438567,1.429100,1.500073,3.016542,9.029849,4.992168,2.414419,3.086713,2.911220,2.671860,2.414061,4.460919,14.497536,3.283848,5.843139, ,3.223197,94.120212,2.405672,6.735058, ,3.012295,3.578446,6.675633,9.644709,3.323626,7.129262,8.282521,5.373212,2.486632,2.434339,3.920953,5.330068,4.722350,7.336565,9.952454,14.168869,2.041061,3.951124,3.199714, ,10.763031,106.322788,8.364299, ,1.505834,3.358513,1.605957,1.724972,4.452707,5.351069,1.508690,4.792284,18.221040,64.345769,4.258480,2.389625,11.046757,7.982040,1.655157,8.451720,1.464649,6.512110,3.077702,1.462607,2.354477,2.519657,1.449700,2.126279,6.793771,23.148582,13.755734,19.392915,5.056203,5.378640,17.983172,5.871666,2.455395,2.941310,2.116450,9.813320,16.432982,3.061016,6.936495,7.235201,6.449091,14.149174,14.485529,15.645998,29.571619,51.460133,12.146070,13.490387,13.880908,13.388634,4.011713,16.601031,1.658754,1.709628,14.567672,14.628494,2.056961,4.973744,1.541382,8.660883,3.023640,12.417220,16.948009,5.303529, ,10.328153,3.746240,18.977895,6.187583,2.948133,7.611983,11.672275,10.277526,3.607855,3.648473,3.607723,3.608019,4.040702,3.608219,3.608319,3.608324,3.609376,8.481807,5.598415,43.899690,3.609591,3.608805,3.610105,3.606598,4.222258,7.930015,4.125732,4.137091,4.524555,4.125035,4.124042,16.151379,4.245823,4.126287,4.461279,4.124614,4.164941,6.424250,8.056002,4.234382,13.289874,4.168830,4.206221,4.606558,4.409788,3.769116,4.198443,4.325248,6.708408,4.201648,94.150796,4.126399,4.201011,4.440232,4.312759,20.863823, ,7.118993,4.415957,7.300116,4.349756,4.500395,4.509730,4.506732,4.410107,5.430616,25.217233,6.602402,4.415481,7.480798,5.492626,9.166641,3.214394,6.716140,1.766375,1.643916,1.791466,1.642515,1.642550,2.892496,1.821995,1.642555,1.794887,15.971673,3.747844,1.641116,1.642207,1.641904,4.505549,18.338681,3.022895,3.023013,3.022840,43.515246,13.581396,4.595327,7.211070,3.533756,3.022989,9.014554,4.748778,3.022325,4.592840,3.723057, ,2.696378,2.313060,5.019900,1.338889,5.444306,1.774382,4.282703,2.366892,5.560279,2.068209,2.260581,13.458151, ,2.218022,7.055179,2.745317,2.716625,2.755481,4.245821,5.698683,3.257215,8.222952,3.971777,2.536500,7.421004, , , , ,83.032928,9.857266,1.780965,1.855904,2.683395,2.093000,3.436402,1.929815,1.918294,4.155933,4.117002,2.510833,3.118488,11.272925,5.970569,1.931254, ,1.929363,5.059657,8.681321,5.060668,5.767590,5.061982,5.060163,6.157277,5.059311,7.144922,5.986259,5.059578,5.085848,5.059308,17.756858,5.059751,7.606806,2.207237,25.171118,7.475713,2.206504,2.117344,3.141579,7.123198,8.125232,2.373791,8.163529,2.437629,4.516948,6.067672,9.457400,4.231604,14.081807,4.336838, ,2.210524,4.255338,1.862256,2.235917,2.375670,2.508134,2.808226,1.865308,2.127754,2.216736,11.550493,4.074885,1.882267,1.881671,3.110670,1.260214,15.422873,1.260888,9.005255,1.260662,2.829087,1.260716,13.343608,1.261525,1.261985,3.640262,1.524450,2.684746,1.259324,3.735008, ,8.949954,6.679327,6.680838,6.665081,6.677599,7.545691,6.831009,6.958565,6.676792,6.683101,6.680686,6.676734,6.681506,6.679236,6.719901,4.929930,9.373165,4.850918,5.688831,4.644292,5.779390,4.564747,4.720249,4.644702,4.646312,4.681739,4.628970,4.645940,4.601524,4.666634,4.615555,7.688609,6.707992,10.382255,6.567818,49.491781,6.779498,2.382679,5.838270,1.942391,1.581635,1.757578,6.758559, ,4.862909,4.706494,4.929330,22.510308,0.658114,2.568394,6.348069,1.025537,0.657132,1.088137,6.738243,68.037860,1.926638,1.464910,0.658702,0.656654,0.657200,2.554379,3.662330,0.829471,4.848964,6.679889,0.833640,1.039920,1.397791,1.701708,0.886794,5.373959,5.585893,92.616817,0.834355,7.885980,0.828778,0.829654,0.830175,3.795854,4.140705,1.741399, ,3.555275,10.714948,7.583994,2.592471,6.138796,1.386519,3.132078,6.784214,2.348043, ,1.627052,8.259311,22.278008,13.283680,1.747605,3.728920,2.059459,4.168756,1.816562,2.261040,2.557369,3.095034,1.968777,1.902279,5.595900,1.686707,13.912556,52.770188,3.954604,3.055750,2.155036,7.416514,1.903954,3.222406,3.072611,63.420110,1.691879,1.983113,6.842077,4.148274,1.691753,1.692470,2.086354,2.876683,10.095984,1.652038,9.211484,8.342552,2.057056,2.159722,2.366273,1.651483,2.455457,1.652370,3.473411,12.800491, ,2.199413,1.803603,2.383069,140.507834,51.674649,14.258864,6.787034,4.821992,4.926085,6.031087,6.240808, ,9.714453,5.729510,29.889228,5.192808,23.352990,5.164056,7.581371
    Burst Frequency (Hz),0.168333, ,0.200000,0.203333,0.068333,0.141667,0.086667,0.188333,0.200000, , ,0.011667,0.215000,0.211667,0.096667, ,0.088333,0.088333,0.088333, ,0.075000,0.091667,0.100000,0.088333,0.088333,0.095000,0.098333,0.091667, ,0.088333,0.085000,0.093333,0.328333,0.313333,0.336667,0.336667,0.088333,0.335000,0.336667,0.331667,0.323333,0.336667,0.331667,0.336667,0.336667,0.335000,0.336667,0.336667,0.068333,0.113333,0.133333, ,0.133333,0.136667,0.133333,0.126667,0.168333,0.106667,0.168333,0.163333,0.156667,0.141667,0.056667,0.125000,0.118333,0.118333, ,0.126667, ,0.088333,0.123333,0.121667,0.036667,0.121667,0.111667,0.101667,0.070000,0.103333,0.020000,0.116667,0.160000, ,0.003333,0.125000, ,0.113333,0.121667,0.008333,0.125000,0.143333,0.113333,0.138333,0.121667,0.115000,0.138333,0.018333,0.101667,0.105000,0.103333,0.003333,0.026667,0.005000,0.128333,0.101667,0.118333,0.101667,0.001667,0.131667, ,0.153333,0.030000,0.013333,0.006667,0.170000, , , ,0.150000,0.226667,0.001667,0.211667,0.200000,0.228333, ,0.176667, ,0.213333,0.198333, ,0.228333,0.308333,0.301667,0.153333, ,0.176667,0.293333,0.271667,0.306667, ,0.270000,0.005000, ,0.023333,0.306667,0.020000, ,0.033333,0.083333,0.111667,0.118333,0.115000,0.003333,0.120000,0.118333,0.123333,0.120000,0.113333,0.151667,0.078333,0.118333,0.113333,0.126667,0.130000,0.190000,0.133333,0.130000,0.078333,0.003333,0.005000,0.006667,0.066667,0.003333, , , ,0.138333,0.075000,0.043333,0.075000,0.073333,0.075000,0.075000,0.091667,0.078333,0.075000,0.106667,0.076667,0.066667,0.043333,0.075000,0.011667,0.063333,0.086667,0.111667,0.073333,0.088333,0.041667,0.053333,0.003333,0.083333,0.075000,0.073333,0.075000,0.083333,0.081667,0.078333,0.093333,0.108333,0.258333,0.253333, ,0.331667,0.333333,0.021667,0.331667,0.328333,0.298333,0.328333,0.333333,0.200000,0.333333,0.210000,0.323333,0.315000,0.266667,0.265000,0.266667,0.215000,0.071667,0.091667,0.266667,0.063333, ,0.015000,0.280000,0.296667,0.173333,0.245000,0.143333, ,0.156667,0.115000, ,0.108333,0.160000,0.183333,0.005000, ,0.256667,0.211667,0.198333,0.273333,0.266667,0.260000,0.225000,0.298333,0.090000,0.175000,0.196667,0.081667,0.111667, ,0.136667,0.106667,0.021667,0.023333,0.098333,0.096667,0.201667,0.138333,0.048333,0.060000,0.186667,0.186667,0.023333,0.186667,0.186667,0.135000,0.186667,0.098333,0.156667,0.186667,0.185000,0.186667,0.185000,0.148333,0.070000,0.115000,0.145000,0.143333,0.130000,0.151667,0.145000,0.120000,0.048333,0.131667,0.096667, ,0.136667,0.005000,0.145000,0.091667, ,0.135000,0.121667,0.083333,0.065000,0.130000,0.076667,0.068333,0.086667,0.138333,0.141667,0.115000,0.106667,0.103333,0.075000,0.061667,0.060000,0.171667,0.110000,0.118333,0.001667,0.078333,0.011667,0.083333, ,0.160000,0.115000,0.156667,0.151667,0.116667,0.101667,0.160000,0.108333,0.040000,0.013333,0.125000,0.141667,0.088333,0.081667,0.148333,0.091667,0.155000,0.111667,0.130000,0.155000,0.143333,0.145000,0.153333,0.148333,0.093333,0.041667,0.086667,0.045000,0.116667,0.098333,0.041667,0.095000,0.183333,0.146667,0.191667,0.066667,0.041667,0.166667,0.088333,0.086667,0.106667,0.123333,0.121667,0.111667,0.063333,0.031667,0.143333,0.135000,0.131667,0.136667,0.183333,0.106667,0.228333,0.216667,0.120000,0.116667,0.218333,0.166667,0.243333,0.098333,0.168333,0.076667,0.046667,0.130000, ,0.093333,0.175000,0.046667,0.105000,0.180000,0.095000,0.076667,0.078333,0.110000,0.111667,0.110000,0.110000,0.105000,0.110000,0.110000,0.110000,0.110000,0.078333,0.095000,0.023333,0.110000,0.110000,0.110000,0.110000,0.103333,0.071667,0.101667,0.100000,0.096667,0.101667,0.101667,0.055000,0.098333,0.101667,0.085000,0.101667,0.098333,0.085000,0.078333,0.103333,0.005000,0.113333,0.105000,0.098333,0.098333,0.105000,0.103333,0.108333,0.073333,0.105000,0.008333,0.106667,0.105000,0.091667,0.116667,0.033333, ,0.083333,0.100000,0.081667,0.096667,0.098333,0.101667,0.101667,0.100000,0.091667,0.033333,0.070000,0.098333,0.071667,0.086667,0.060000,0.130000,0.100000,0.148333,0.146667,0.145000,0.146667,0.146667,0.135000,0.143333,0.146667,0.151667,0.045000,0.126667,0.146667,0.146667,0.146667,0.121667,0.061667,0.138333,0.138333,0.138333,0.025000,0.075000,0.118333,0.103333,0.135000,0.138333,0.110000,0.123333,0.138333,0.123333,0.126667, ,0.135000,0.135000,0.115000,0.191667,0.101667,0.171667,0.128333,0.133333,0.101667,0.155000,0.136667,0.063333, ,0.141667,0.098333,0.188333,0.175000,0.190000,0.128333,0.106667,0.180000,0.078333,0.133333,0.191667,0.073333,0.003333, , ,0.003333,0.008333,0.066667,0.160000,0.161667,0.136667,0.161667,0.126667,0.165000,0.165000,0.101667,0.113333,0.155000,0.121667,0.058333,0.088333,0.165000, ,0.151667,0.108333,0.078333,0.108333,0.103333,0.108333,0.108333,0.091667,0.108333,0.080000,0.098333,0.108333,0.106667,0.108333,0.016667,0.108333,0.078333,0.131667,0.020000,0.085000,0.131667,0.130000,0.118333,0.091667,0.090000,0.128333,0.086667,0.128333,0.108333,0.085000,0.068333,0.110000,0.043333,0.120000, ,0.138333,0.115000,0.138333,0.133333,0.131667,0.126667,0.128333,0.138333,0.131667,0.128333,0.061667,0.110000,0.141667,0.141667,0.120000,0.151667,0.045000,0.151667,0.081667,0.151667,0.126667,0.151667,0.061667,0.151667,0.151667,0.108333,0.148333,0.125000,0.151667,0.110000, ,0.100000,0.120000,0.120000,0.120000,0.120000,0.100000,0.118333,0.115000,0.120000,0.120000,0.120000,0.120000,0.121667,0.120000,0.118333,0.128333,0.081667,0.136667,0.121667,0.140000,0.101667,0.143333,0.136667,0.140000,0.143333,0.143333,0.141667,0.140000,0.141667,0.150000,0.146667,0.116667,0.135000,0.080000,0.111667,0.010000,0.131667,0.183333,0.125000,0.195000,0.210000,0.201667,0.126667, ,0.126667,0.153333,0.143333,0.011667,0.191667,0.156667,0.121667,0.188333,0.191667,0.188333,0.108333,0.006667,0.165000,0.181667,0.191667,0.191667,0.191667,0.163333,0.143333,0.196667,0.111667,0.126667,0.195000,0.190000,0.180000,0.176667,0.193333,0.111667,0.135000,0.008333,0.195000,0.096667,0.196667,0.196667,0.196667,0.123333,0.116667,0.193333,0.003333,0.148333,0.070000,0.080000,0.160000,0.108333,0.193333,0.160000,0.096667,0.161667, ,0.200000,0.086667,0.038333,0.048333,0.171667,0.126667,0.170000,0.110000,0.173333,0.153333,0.155000,0.138333,0.165000,0.166667,0.110000,0.170000,0.058333,0.016667,0.131667,0.145000,0.183333,0.101667,0.188333,0.143333,0.143333,0.016667,0.196667,0.171667,0.085000,0.123333,0.196667,0.196667,0.178333,0.160000,0.080000,0.191667,0.108333,0.085000,0.183333,0.180000,0.168333,0.191667,0.166667,0.191667,0.138333,0.081667, ,0.180000,0.185000,0.171667,0.010000,0.015000,0.053333,0.080000,0.098333,0.101667,0.091667,0.085000,0.003333,0.065000,0.091667,0.033333,0.098333,0.035000,0.096667,0.083333
    IBI Coefficient of Variation,0.556999, ,0.352309,0.299996,0.768420,0.631808,0.788481,0.399849,0.368620, , ,0.710655,0.276578,0.327284,0.705115, ,0.420859,0.340435,0.420723, ,0.432586,0.373650,0.400444,0.420473,0.421086,0.367718,0.413012,0.363472, ,0.420593,0.416993,0.411636,0.334971,0.352296,0.279471,0.284031,0.912860,0.294726,0.280819,0.273665,0.257742,0.280899,0.288439,0.283276,0.280818,0.280358,0.284863,0.285941,0.634751,0.722679,0.475436, ,0.502961,0.439446,0.474997,0.507025,0.433228,0.540692,0.377752,0.403741,0.433337,0.463194,0.666522,0.515898,0.608861,0.631250, ,0.617179, ,0.562168,0.639727,0.635639,0.548430,0.625518,0.560342,0.560166,0.607984,0.548936,1.253944,0.597650,0.457648, , ,0.467243, ,0.488071,0.467546,0.817945,0.458863,0.471793,0.488116,0.474583,0.477541,0.494709,0.474678,0.932358,0.509506,0.532566,0.519546, ,0.798095,1.042157,0.450562,0.508655,0.485253,0.509179, ,0.425666, ,0.462433,0.702910,0.887683,0.622321,0.649950, , , ,0.699290,0.370341, ,0.477824,0.570383,0.367932, ,0.681947, ,0.438751,0.624186, ,0.611662,0.266333,0.277832,1.223182, ,0.645644,0.345986,0.433526,0.258118, ,0.391315,0.674057, ,0.629964,0.257319,1.613529, ,0.845991,0.631327,0.444437,0.429457,0.455353, ,0.432989,0.422255,0.401483,0.418781,0.435192,0.482471,0.590723,0.416278,0.431683,0.472704,0.462561,0.451716,0.483435,0.491787,0.418191, ,0.330668,1.213104,0.625909, , , , ,0.477098,0.397051,0.485411,0.397135,0.429195,0.397107,0.397125,0.471307,0.380164,0.397139,0.528085,0.358456,0.517989,0.633453,0.397173,1.026386,0.525961,0.533832,0.519387,0.489625,0.561207,0.648438,0.854794, ,0.490290,0.503577,0.490572,0.503411,0.486286,0.462739,0.477183,0.479010,0.601593,0.480978,0.454441, ,0.231040,0.230412,1.065311,0.221208,0.230268,0.575840,0.253866,0.241644,0.812690,0.237056,0.592713,0.242143,0.303075,0.444757,0.337110,0.363152,0.436211,0.928908,1.020109,0.401123,0.841286, ,0.754629,0.381936,0.303808,0.535909,0.416373,0.655494, ,0.669532,0.581065, ,0.541807,0.524436,0.491246,0.177958, ,0.366334,0.413931,0.419993,0.291257,0.322786,0.352502,0.468831,0.207866,0.603973,0.460309,0.481603,0.854358,0.657350, ,0.579148,0.710551,0.555774,0.933147,0.704228,0.770385,0.382253,0.600257,0.808206,0.714742,0.265788,0.266115,0.902453,0.265720,0.266443,0.577815,0.265777,0.767029,0.504833,0.266199,0.265266,0.265910,0.276592,0.454377,0.639080,0.569039,0.351024,0.443544,0.390524,0.406517,0.350969,0.563849,0.739716,0.433043,0.592915, ,0.441371,1.097352,0.349752,0.647452, ,0.407388,0.432875,0.549567,0.615749,0.429985,0.539009,0.556604,0.460408,0.342590,0.343577,0.447960,0.564267,0.483979,0.542355,0.618815,0.833162,0.349780,0.436968,0.381092, ,0.842392,1.253391,0.697333, ,0.240900,0.388579,0.251505,0.261431,0.522752,0.540654,0.241353,0.525604,0.765122,0.811823,0.528273,0.336498,0.971704,0.670937,0.244169,0.772777,0.225887,0.727044,0.397267,0.225570,0.335491,0.363237,0.221144,0.313668,0.632072,0.981362,1.205944,0.884668,0.587034,0.529549,0.758784,0.553231,0.450270,0.426792,0.402357,0.672872,0.686992,0.505341,0.612277,0.620771,0.683638,1.730677,1.747562,1.730228,1.833355,1.563561,1.729880,1.808307,1.814133,1.817116,0.732684,1.752409,0.377990,0.369533,1.733044,1.691258,0.448056,0.832699,0.373503,0.865156,0.511674,0.974454,0.822413,0.703313, ,0.951739,0.661023,0.900884,0.655512,0.537066,0.728369,0.906340,0.824461,0.397687,0.408339,0.397667,0.397695,0.424839,0.397722,0.397725,0.397707,0.397848,0.661589,0.531648,1.028985,0.397868,0.397775,0.397921,0.397535,0.437251,0.565427,0.420245,0.414380,0.437826,0.420175,0.420085,0.877429,0.418065,0.420307,0.398631,0.420139,0.410103,0.545320,0.629132,0.438514,0.539819,0.473198,0.441815,0.452642,0.439097,0.395881,0.433880,0.468967,0.495203,0.441331,0.854603,0.440407,0.441265,0.411619,0.504133,0.680527, ,0.596516,0.445531,0.597690,0.423973,0.445246,0.461539,0.461230,0.443827,0.500197,0.895466,0.461726,0.437911,0.535917,0.477809,0.547254,0.414431,0.677426,0.260272,0.239477,0.257972,0.239274,0.239276,0.387466,0.259316,0.239277,0.270490,0.740154,0.470653,0.239067,0.239222,0.239190,0.549842,1.128209,0.420136,0.420150,0.420131,1.221165,1.050442,0.545216,0.745562,0.483095,0.420143,0.993128,0.587567,0.420051,0.568264,0.473271, ,0.362642,0.311122,0.573876,0.256691,0.549184,0.304287,0.547376,0.314344,0.560779,0.319893,0.307879,0.837154, ,0.313227,0.688034,0.520410,0.478633,0.526958,0.546116,0.607599,0.590450,0.657939,0.531574,0.489426,0.540595, , , , ,0.601761,0.668699,0.285465,0.300608,0.366727,0.339017,0.438611,0.319090,0.317186,0.420722,0.465399,0.389743,0.382075,0.666044,0.534157,0.319328, ,0.292974,0.560247,0.709236,0.560358,0.608709,0.560503,0.560303,0.590510,0.560216,0.594459,0.600719,0.560242,0.554352,0.560220,0.600377,0.560259,0.619430,0.291189,0.621067,0.632202,0.291096,0.275749,0.371948,0.650585,0.728365,0.305123,0.704193,0.313341,0.488952,0.513120,0.663520,0.465212,0.632836,0.521338, ,0.306896,0.489940,0.258549,0.299065,0.313740,0.318497,0.364890,0.258974,0.281000,0.285254,0.755309,0.463496,0.267706,0.267623,0.379634,0.191634,0.697584,0.191739,0.736489,0.191701,0.358506,0.191710,0.835698,0.191836,0.191903,0.400443,0.226665,0.341490,0.191499,0.417285, ,0.951792,0.838556,0.838747,0.836779,0.838345,0.787214,0.845535,0.836720,0.838250,0.839039,0.838735,0.838237,0.850660,0.838543,0.847914,0.630869,0.777190,0.661589,0.689671,0.649050,0.587337,0.652704,0.643773,0.649111,0.664982,0.670058,0.654705,0.649289,0.650831,0.698684,0.675506,0.897125,0.907500,0.857794,0.736705,0.510128,0.894248,0.439189,0.730599,0.381032,0.334332,0.356658,0.857134, ,0.616727,0.724240,0.708519,0.468673,0.126031,0.414291,0.767785,0.192949,0.125844,0.204726,0.730414,0.643584,0.325046,0.265769,0.126143,0.125752,0.125855,0.416235,0.527238,0.162899,0.546454,0.855427,0.162319,0.199120,0.252954,0.299927,0.171182,0.605612,0.750099,0.737665,0.162458,0.761686,0.162764,0.162938,0.163039,0.479888,0.494853,0.338952, ,0.529818,0.769059,0.623983,0.414037,0.664969,0.268059,0.507179,0.676960,0.384337, ,0.325496,0.737404,0.944122,0.637876,0.300299,0.477731,0.350115,0.474030,0.314931,0.346623,0.396357,0.427549,0.325034,0.317261,0.612244,0.286991,0.796880,0.998836,0.527724,0.444468,0.397286,0.761390,0.360662,0.463259,0.441776,1.081404,0.334794,0.342113,0.610037,0.512174,0.334770,0.334909,0.374042,0.462206,0.816108,0.319143,0.999027,0.743907,0.379960,0.391596,0.400984,0.319036,0.411861,0.319211,0.482568,1.056928, ,0.398793,0.336195,0.418037,1.319009,0.777990,0.745394,0.550709,0.471625,0.498413,0.549204,0.526203, ,0.622495,0.521731,1.031425,0.507881,0.865350,0.496370,0.626432
    Normalized Duration IQR,0.175985, ,0.857021,0.240048,0.591888,0.292805,0.398869,0.125063,0.289809, , ,0.427778,0.329277,0.232791,0.000000, ,0.207677,0.548794,0.212979, ,0.161244,0.685408,0.522686,0.621740,0.491072,0.545868,0.661688,0.688636, ,0.517313,0.471459,0.563373,0.353961,0.399123,0.337606,0.257062,1.059260,0.401901,0.833126,0.507607,0.136080,0.490446,0.205123,0.621277,0.333223,0.293721,0.307811,0.335906,0.179520,0.000000,0.130339, ,0.259596,0.509971,0.265658,0.294181,0.315773,0.265306,0.400080,0.292056,0.552226,0.190594,0.717221,0.342809,0.385170,0.372766, ,0.686196, ,0.369646,0.253611,0.380320,0.409073,0.515154,0.364159,0.245023,0.597970,0.657112,0.200682,0.338978,1.516985, , ,0.484445, ,0.338634,0.299342,0.450090,0.256755,0.534886,0.362682,0.658168,0.518884,0.418829,0.469890,0.000000,0.131711,0.379550,0.375469, ,0.116504, ,0.309333,0.287644,0.549276,0.290089, ,0.455414, ,0.403702,0.856044,0.153340,0.610739,0.288723, , , ,1.048535,0.424009, ,0.757760,0.760461,0.804294, ,0.492942, ,0.293721,0.350818, ,0.559844,0.385000,0.262868,0.347409, ,0.326911,0.629297,0.251508,0.160984, ,0.180426, , ,0.444494,0.241632,0.000000, ,0.173544,0.133895,4.191796,0.224843,0.131021, ,0.284214,0.102478,0.297033,0.273498,0.173364,0.393723,0.197047,0.278056,0.144821,0.134471,0.345490,0.635354,0.600121,0.265002,0.427535, , ,0.369646,0.251255, , , , ,0.527398,0.353461,0.876533,0.304441,0.283409,0.272011,0.295455,0.164855,0.494566,0.520812,0.615470,0.525074,0.207332,0.558179,0.581707,0.177482,1.167348,0.430723,0.807259,0.345332,0.675136,0.249751,0.384557, ,0.482798,0.496036,0.454587,0.128862,0.521898,0.228957,0.407132,0.239933,0.861447,0.171404,0.176980, ,0.000000,0.000000,0.000000,0.348538,0.160211,0.148781,0.147206,0.155146,0.650967,0.669417,0.000000,0.280707,0.000000,0.584469,0.418479,0.371291,0.473959,0.433459,0.229587,0.332338,0.487342, ,0.241554,0.273797,0.407242,0.504537,0.325000,0.664549, ,0.226779,0.163136, ,0.519191,0.322349,0.168179, , ,0.204620,0.120197,0.443313,0.499501,0.177735,0.231713,0.307433,0.198769,0.604956,0.539798,0.688257,0.585792,0.435976, ,0.577945,0.288806,0.506579,0.367745,0.465149,0.617521,0.459175,0.505897,0.520271,0.487817,0.429491,0.000000,0.000000,0.215176,0.163455,0.353461,0.263699,0.631945,0.316973,0.315441,0.242491,0.207418,0.318385,0.246795,0.856044,0.000000,0.294066,0.161660,0.596307,0.152220,0.522661,0.532221,0.249626,0.496036,0.241788, ,0.184279, ,0.295455,0.462285, ,0.319604,0.292348,0.231285,0.248264,1.181439,0.319741,0.434462,0.320013,1.415689,0.646307,0.362157,0.539139,0.497186,0.317845,0.423435,0.895350,0.743907,0.334559,0.250501, ,0.329855,0.462855,0.301264, ,0.149671,0.332191,0.155919,0.469073,0.331677,0.160417,0.157094,0.000000,0.502511,0.424873,0.193393,0.358525,0.171875,0.429246,0.187033,0.378403,0.155435,0.320834,0.324158,0.605054,0.155628,0.599258,0.155532,0.000000,0.697319,0.452259,0.365685,0.207849,0.894550,0.347088,0.583606,0.315973,0.596544,0.624689,0.642986,0.678185,0.287314,0.484043,0.488008,0.401042,0.381285,0.825908,0.154285,0.233008,0.327125,0.671272,0.000000,0.145325,0.143657,0.106309,0.306304,0.000000,0.254061,0.917508,0.714418,0.000000,0.140275,0.277286,0.334112,0.545208,0.517046,0.563627,0.519191,0.383427, ,0.675439,0.613788,0.860953,0.520921,0.530472,0.515449,0.318655,0.445285,0.312422,0.156995,0.124503,0.000000,0.000000,0.241089,0.342965,0.510454,1.355845,1.100539,1.105671,0.460866,0.301870,0.303518,0.193542,0.343750,0.334336,1.108056,0.385000,0.562360,0.427535,0.158788,0.274698,0.559594,0.426563,0.780406,0.248264,0.629560,0.177735,0.407574,0.341561,0.380512, ,0.430476,0.842188,0.000000,1.191668,0.423435,0.470838,0.843303,1.552742,0.430353,2.295874,0.885842,0.211182,0.683744,0.185921,0.839766, ,5.845018,0.204175,0.399336,0.222841,0.189871,0.106218,0.337264,0.138107,0.334112,0.000000,0.276672,0.283089,0.299701,0.589418,0.261495,0.236755,0.688762,0.238788,0.764356,0.348538,0.357160,0.426321,0.216855,0.832087,0.491265,0.282769,0.303702,0.449014,0.312813,0.423077,0.411258,0.178750,0.499834,0.273797,0.139028,0.597256,0.329277,0.303702,0.870941,0.000000,0.367475,0.162711,0.470838,0.290314,0.380320,0.372119,0.518474, ,0.170936,0.378784,0.692255,0.248758,0.163349,0.627194,1.696995,0.250877,2.583705,0.340322,1.235295,0.255357, ,0.256404,2.797134,0.554879,0.645640,0.502763,0.310999,0.364796,0.800374,0.772377,0.581076,0.660291,0.413637, , , , ,0.000000,0.370558,0.404608,0.359039,0.426684,0.186476,0.876533,0.545802,0.589286,0.000000,1.626510,0.772377,0.544022,0.322487,0.267934,0.709930, ,0.211004,0.901478,1.061882,0.234756,0.000000,0.220679,0.238788,0.181341,0.221069,0.268509,1.711438,0.432959,1.153987,0.000000,0.000000,0.000000,0.000000,0.361982,0.712964,0.000000,0.301870,0.149761,0.548794,0.000000,0.266507,0.265658,0.226164,0.392242,0.438420,0.823192,0.429246,0.307811,0.350654,0.222841, ,0.165729,0.148781,0.177482,0.440581,0.165729,0.208890,0.000000,0.312813,0.313204,0.314780,0.223837,0.413637,0.000000,0.153716,0.394509,0.124255,0.506579,0.000000,0.000000,0.208195,0.207849,0.132688,0.480020,0.328700,0.233442,0.132688,0.128597,0.146860,0.222050,0.120024, ,0.223039,0.182664,0.420118,0.215362,0.000000,0.305929,0.149136,0.292348,0.000000,0.332780,0.352465,0.353711,0.154475,0.255488,0.406250,0.800374,0.184279,0.375188,0.545377,0.353461,0.602391,0.000000,0.525736,0.743907,0.468926,0.144653,0.395757,0.958813,0.348862,0.000000,0.000000,0.197280,0.376033,0.465726,1.324075,0.000000,1.009074,0.522443,0.352134,0.522443,0.581977,0.323321,0.415468, ,1.010092,0.619431,0.431094,0.537018,0.404064,0.919362,0.744792,0.236531,0.193393,0.163991,0.232575,0.436737,0.385000,0.227500,0.623547,0.157390,0.192500,0.562360,0.751502,0.221951,0.742582,0.288973,0.295804,0.302966,0.135858,0.302600,0.289809,0.399761,0.307056,0.174512,0.138413,0.192352,0.328197,0.153246,0.133681,0.533583,0.417780,0.335681, ,0.374066,0.190885,0.260406,0.334559,0.424153,0.424513,0.359039,0.259461,0.450631, ,0.331238,0.252948,0.237429,0.531317,0.229167,0.717049,0.338176,0.313400,0.175861,0.610366,0.220291,0.350491,0.537787,0.311063,0.543432,0.188441,0.543235,0.876840,0.286328,0.258523,0.552429,0.000000,0.000000,0.319604,0.405592,0.642216,0.471874,0.814263,1.211447,0.000000,0.969336,0.703741,0.921393,0.257724,0.000000,0.355975,0.651128,1.044886,0.312227,0.201166,0.432959,0.526473,0.470395,0.386786,0.205798,0.642766, ,0.556112,0.434462,0.369101,0.000000,0.649579,0.148428,0.597256,0.431962,0.242726,0.290651,0.417548, ,0.203455,0.157588,8.863423,0.372396,0.393475,0.285185,0.148077
    Burst Percentage,78.584392,0.000000,86.951293,89.841689,32.142857,77.547639,62.987737,79.859231,89.831566,0.000000,0.000000,12.727273,80.073065,98.338692,55.168409,0.000000,91.071429,98.056995,93.199234,0.000000,86.829268,85.562016,69.982921,80.487805,89.269747,46.903670,75.852817,53.549618,0.000000,81.594724,89.303079,63.253012,94.372655,92.672596,95.216442,93.594306,36.092956,97.356828,94.007836,96.232543,95.609065,97.286727,96.762590,92.564450,97.479722,96.346618,72.590757,83.270565,47.306397,91.401274,85.714286,0.000000,80.439560,84.979780,87.500000,66.590563,72.075055,45.712755,89.958333,93.463824,80.650076,74.057143,40.611354,73.833333,86.663067,74.683099,0.000000,59.431710,0.000000,87.362637,74.547723,77.057057,21.914648,69.652778,89.297945,76.158537,46.389229,64.236533,26.506024,94.641704,78.802023,0.000000,7.079646,73.608247,0.000000,93.412626,86.085011,12.953368,76.879371,85.029718,72.090395,79.859231,63.195951,83.167421,83.417448,23.552124,89.911504,67.790262,43.996095,6.976744,11.683007,10.370370,66.647792,67.471959,57.121364,66.666667,0.920245,75.659631,0.000000,79.558701,37.768240,15.217391,7.560976,74.590164,0.000000,0.000000, ,66.109046,87.286465,3.013699,85.816236,89.465570,89.685476,0.000000,82.182774, ,89.550986,92.462312,0.000000,73.460722,89.425706,86.817860,48.583878,0.000000,66.233766,65.451699,86.855792,88.543085,0.000000,87.142113,4.199475,0.000000,10.391061,89.857369,25.416667,0.000000,30.365297,80.290456,90.011751,77.563452,76.137271,6.666667,66.971188,75.935288,74.460133,54.304636,88.472965,65.487857,41.358760,86.880100,81.317204,82.824934,80.687961,45.113670,88.526434,97.530266,66.286645,6.837607,10.434783,13.709677,66.037736,8.695652,0.000000,0.000000,0.000000,78.525412,91.636364,62.737643,98.678414,74.512744,86.017897,97.619048,86.675824,84.399376,85.918854,59.391892,76.200565,68.281938,71.836735,86.985075,19.170984,89.024390,61.252215,59.917355,64.663462,59.104844,66.019417,43.594010,9.195402,59.032847,66.666667,86.520737,68.691189,75.760756,70.675105,74.650699,76.755070,59.309849,81.932773,85.660580,0.000000,95.523581,96.858996,13.652482,97.100025,71.188366,91.353508,95.812455,95.829811,61.535649,91.269293,76.047565,95.166576,91.636078,88.363127,90.500976,88.530340,71.642412,34.742268,51.664753,91.491119,40.445860,0.000000,10.318949,86.193234,86.293273,70.617111,82.641509,58.846154,0.000000,66.871921,67.399618,0.000000,56.374172,65.217391,82.037164,6.273063,0.000000,85.849057,83.598111,81.719414,93.232541,91.913822,87.023724,80.928962,94.057266,54.535398,82.283666,88.866190,66.378245,67.174888,0.000000,76.167472,75.731311,29.729730,35.317460,76.115486,68.089888,58.184765,80.037140,43.763676,50.905433,93.885082,99.219131,20.385675,99.266348,98.009429,84.801762,97.902098,83.984590,85.787234,94.314821,94.186047,98.276962,98.409543,80.669546,54.473161,68.436155,98.354662,97.447796,95.343840,95.662536,95.578947,85.604900,63.364055,94.096210,87.516600, ,95.782313,10.457516,98.650675,87.488749, ,91.343284,85.053381,86.111111,87.272727,89.634551,77.249747,72.320217,81.611570,92.880979,86.182670,80.762250,85.094067,80.947680,80.547945,75.066313,87.755102,96.393443,87.842670,91.660517,2.808989,83.435583,17.180617,84.954128,0.000000,99.345930,86.400000,97.457627,96.959459,81.730769,72.713643,99.392559,78.120411,39.304813,25.000000,88.276836,95.603517,86.692759,74.962742,97.281223,78.897849,97.117400,87.364130,93.843448,97.139142,93.928881,93.815104,97.777778,95.663957,77.836412,45.572917,64.876033,49.038462,72.649573,68.561064,69.824561,73.035067,87.688594,84.852294,91.280148,57.055215,34.765625,83.217753,57.929515,60.377358,75.913242,85.247748,91.048593,74.465409,60.599078,30.622010,87.261450,86.880290,91.010539,81.491587,86.947023,84.316038,97.338403,97.691335,94.669849,74.456008,96.674473,86.652542,96.306892,61.855670,81.054568,64.705882,50.000000,75.788752,0.000000,62.467420,83.944316,41.293532,65.082109,83.897380,67.031763,52.534562,65.182830,95.960429,94.560995,95.997777,96.217852,97.131148,98.841251,97.890295,94.161677,88.006663,86.279683,92.746114,46.043165,97.446237,98.800799,98.678414,96.669750,98.084677,90.621039,96.882494,95.994660,97.477296,96.040724,98.948220,84.875847,97.880299,98.264151,89.171975,98.213009,96.905941,91.424802,85.765125,98.548200,15.853659,97.656982,97.463490,89.153754,96.940419,82.061856,93.968750,94.011407,85.493827,94.274301,15.483871,93.279570,96.612756,88.905775,93.021583,43.190661,0.000000,95.055970,98.017621,87.883436,90.596330,96.985583,97.629128,98.606965,96.471681,96.564885,45.689655,83.175803,96.009822,89.795918,89.489489,74.675325,90.287278,82.451923,96.360328,97.937537,94.620442,98.489996,94.670280,92.848335,96.641478,97.030303,95.701198,43.266476,93.969466,91.834171,94.395018,92.778650,95.723270,64.000000,94.749596,98.076923,95.744681,39.303483,76.539589,93.089005,84.569138,95.567568,97.672552,91.955836,89.687924,97.313891,94.905869,91.985646,0.000000,79.218620,97.334559,74.388674,95.859873,70.151307,91.947029,77.796327,87.682833,66.666667,88.251517,82.963550,60.949868,0.000000,86.155674,62.686567,86.391082,84.010283,86.210046,73.543401,76.491477,85.050029,77.256318,74.166667,87.629938,49.307159,13.333333,0.000000,0.000000,12.903226,30.136986,50.714286,94.293478,97.366496,91.077258,95.555556,89.832285,96.443007,94.347826,74.226804,83.333333,91.554054,88.087056,50.452489,64.852255,99.353322,0.000000,95.893224,96.782842,82.646421,96.144279,96.461337,98.660362,96.551724,10.568772,98.277983,83.766234,89.897698,99.147287,96.837514,99.648197,25.766871,99.398948,80.277778,98.897638,38.636364,89.727463,97.208931,97.906198,92.153285,85.496183,84.549878,97.754293,88.514357,95.866142,94.500458,83.546326,73.763441,92.761905,57.099698,94.604003,0.000000,98.258478,91.606368,96.704428,96.592119,93.617021,93.016345,94.032258,98.335068,95.306122,95.055624,61.346633,86.231884,99.284579,97.782705,91.622103,98.144928,37.641723,99.483649,74.017467,99.443758,92.079941,99.390244,56.902985,98.691099,98.270440,86.223862,97.872340,93.465176,97.765363,86.418109,0.000000,88.492063,98.930100,96.979332,97.512438,97.782258,83.603604,97.040169,92.719168,99.378023,97.923875,97.411198,94.318182,96.518810,99.021663,96.049383,96.201814,74.437628,92.028986,92.493947,95.130168,78.764479,95.319149,94.339623,93.188163,96.423358,89.596950,95.363636,86.856989,93.867671,99.367660,97.433628,95.795375,83.306836,67.010309,69.364162,18.620690,80.636109,90.659748,81.133672,95.906081,98.023715,96.395881,79.461279,0.000000,78.538813,86.962855,86.836158,13.580247,98.562300,88.112450,78.320802,98.230088,98.053986,95.335463,76.099707,10.691824,90.021930,97.444089,96.920821,98.442368,99.086758,87.253142,84.371328,98.494860,75.546976,79.048698,97.189189,95.928753,94.916485,95.267072,97.873472,68.530559,82.335025,8.093995,98.903609,58.928571,98.435277,98.601399,99.432087,68.935236,74.133949,96.576577,8.333333,81.420765,78.863636,71.507353,86.381631,67.380353,95.352113,87.071240,76.263108,88.617886,0.000000,96.811594,69.419862,38.684211,49.466951,98.406040,84.241824,98.810409,81.828317,97.995992,92.625698,92.385787,90.593607,96.727273,97.542998,82.660944,98.920635,50.262697,37.368421,82.384533,87.396504,95.045417,80.573951,97.598628,83.867141,93.306288,21.705426,97.493036,92.274678,60.126582,74.824191,98.870334,99.354198,94.045802,88.530806,60.798817,97.924051,78.947368,72.787318,96.416382,93.852978,93.667546,97.861242,93.079848,97.226667,81.921488,59.246575,0.000000,95.247934,97.142857,93.398193,20.325203,15.146580,86.651054,87.174349,95.752896,96.242584,93.248408,92.582418,13.095238,80.760095,93.049645,62.369338,97.985348,74.522293,95.865922,91.898148
Evoked Metrics
    Number of Trials, , , , , , , , , , , , , , , , , , , , , , , , , , , , , , , , , , , , , , , , , , , , , , , , , , , , , , , , , , , , , , , , , , , , , , , , , , , , , , , , , , , , , , , , , , , , , , , , , , , , , , , , , , , , , , , , , , , , , , , , , , , , , , , , , , , , , , , , , , , , , , , , , , , , , , , , , , , , , , , , , , , , , , , , , , , , , , , , , , , , , , , , , , , , , , , , , , , , , , , , , , , , , , , , , , , , , , , , , , , , , , , , , , , , , , , , , , , , , , , , , , , , , , , , , , , , , , , , , , , , , , , , , , , , , , , , , , , , , , , , , , , , , , , , , , , , , , , , , , , , , , , , , , , , , , , , , , , , , , , , , , , , , , , , , , , , , , , , , , , , , , , , , , , , , , , , , , , , , , , , , , , , , , , , , , , , , , , , , , , , , , , , , , , , , , , , , , , , , , , , , , , , , , , , , , , , , , , , , , , , , , , , , , , , , , , , , , , , , , , , , , , , , , , , , , , , , , , , , , , , , , , , , , , , , , , , , , , , , , , , , , , , , , , , , , , , , , , , , , , , , , , , , , , , , , , , , , , , , , , , , , , , , , , , , , , , , , , , , , , , , , , , , , , , , , , , , , , , , , , , , , , , , , , , , , , , , , , , , , , , , , , , , , , , , , , , , , , , , , , , , , , , , , , , , , , , , , , , , , , , , , , , , , , , , , , , , , , , , , , , , , , , , , , , , , , , , , , , , , , , , , , , , , , , , , , , , , , , , , , , , , , , , , , , , , , , , , , , , , , , , , , , , , , , , , , , , , , , , , , , , , , , , , , , , , , , , , , , , , , , , , , , , , , , , , , , , , , , , , , , , , , , , , , , 
    Evoked Spike Count - Avg, , , , , , , , , , , , , , , , , , , , , , , , , , , , , , , , , , , , , , , , , , , , , , , , , , , , , , , , , , , , , , , , , , , , , , , , , , , , , , , , , , , , , , , , , , , , , , , , , , , , , , , , , , , , , , , , , , , , , , , , , , , , , , , , , , , , , , , , , , , , , , , , , , , , , , , , , , , , , , , , , , , , , , , , , , , , , , , , , , , , , , , , , , , , , , , , , , , , , , , , , , , , , , , , , , , , , , , , , , , , , , , , , , , , , , , , , , , , , , , , , , , , , , , , , , , , , , , , , , , , , , , , , , , , , , , , , , , , , , , , , , , , , , , , , , , , , , , , , , , , , , , , , , , , , , , , , , , , , , , , , , , , , , , , , , , , , , , , , , , , , , , , , , , , , , , , , , , , , , , , , , , , , , , , , , , , , , , , , , , , , , , , , , , , , , , , , , , , , , , , , , , , , , , , , , , , , , , , , , , , , , , , , , , , , , , , , , , , , , , , , , , , , , , , , , , , , , , , , , , , , , , , , , , , , , , , , , , , , , , , , , , , , , , , , , , , , , , , , , , , , , , , , , , , , , , , , , , , , , , , , , , , , , , , , , , , , , , , , , , , , , , , , , , , , , , , , , , , , , , , , , , , , , , , , , , , , , , , , , , , , , , , , , , , , , , , , , , , , , , , , , , , , , , , , , , , , , , , , , , , , , , , , , , , , , , , , , , , , , , , , , , , , , , , , , , , , , , , , , , , , , , , , , , , , , , , , , , , , , , , , , , , , , , , , , , , , , , , , , , , , , , , , , , , , , , , , , , , , , , , , , , , , , , , , , , , , , , , , , , , , , , , , , , , , , , , , , , , , , , , , , , , , , , , 
    Evoked Spike Count - Std, , , , , , , , , , , , , , , , , , , , , , , , , , , , , , , , , , , , , , , , , , , , , , , , , , , , , , , , , , , , , , , , , , , , , , , , , , , , , , , , , , , , , , , , , , , , , , , , , , , , , , , , , , , , , , , , , , , , , , , , , , , , , , , , , , , , , , , , , , , , , , , , , , , , , , , , , , , , , , , , , , , , , , , , , , , , , , , , , , , , , , , , , , , , , , , , , , , , , , , , , , , , , , , , , , , , , , , , , , , , , , , , , , , , , , , , , , , , , , , , , , , , , , , , , , , , , , , , , , , , , , , , , , , , , , , , , , , , , , , , , , , , , , , , , , , , , , , , , , , , , , , , , , , , , , , , , , , , , , , , , , , , , , , , , , , , , , , , , , , , , , , , , , , , , , , , , , , , , , , , , , , , , , , , , , , , , , , , , , , , , , , , , , , , , , , , , , , , , , , , , , , , , , , , , , , , , , , , , , , , , , , , , , , , , , , , , , , , , , , , , , , , , , , , , , , , , , , , , , , , , , , , , , , , , , , , , , , , , , , , , , , , , , , , , , , , , , , , , , , , , , , , , , , , , , , , , , , , , , , , , , , , , , , , , , , , , , , , , , , , , , , , , , , , , , , , , , , , , , , , , , , , , , , , , , , , , , , , , , , , , , , , , , , , , , , , , , , , , , , , , , , , , , , , , , , , , , , , , , , , , , , , , , , , , , , , , , , , , , , , , , , , , , , , , , , , , , , , , , , , , , , , , , , , , , , , , , , , , , , , , , , , , , , , , , , , , , , , , , , , , , , , , , , , , , , , , , , , , , , , , , , , , , , , , , , , , , , , , , , , , , , , , , , , , , , , , , , , , , , , , , , , , , , , 
    Evoked Response Probability, , , , , , , , , , , , , , , , , , , , , , , , , , , , , , , , , , , , , , , , , , , , , , , , , , , , , , , , , , , , , , , , , , , , , , , , , , , , , , , , , , , , , , , , , , , , , , , , , , , , , , , , , , , , , , , , , , , , , , , , , , , , , , , , , , , , , , , , , , , , , , , , , , , , , , , , , , , , , , , , , , , , , , , , , , , , , , , , , , , , , , , , , , , , , , , , , , , , , , , , , , , , , , , , , , , , , , , , , , , , , , , , , , , , , , , , , , , , , , , , , , , , , , , , , , , , , , , , , , , , , , , , , , , , , , , , , , , , , , , , , , , , , , , , , , , , , , , , , , , , , , , , , , , , , , , , , , , , , , , , , , , , , , , , , , , , , , , , , , , , , , , , , , , , , , , , , , , , , , , , , , , , , , , , , , , , , , , , , , , , , , , , , , , , , , , , , , , , , , , , , , , , , , , , , , , , , , , , , , , , , , , , , , , , , , , , , , , , , , , , , , , , , , , , , , , , , , , , , , , , , , , , , , , , , , , , , , , , , , , , , , , , , , , , , , , , , , , , , , , , , , , , , , , , , , , , , , , , , , , , , , , , , , , , , , , , , , , , , , , , , , , , , , , , , , , , , , , , , , , , , , , , , , , , , , , , , , , , , , , , , , , , , , , , , , , , , , , , , , , , , , , , , , , , , , , , , , , , , , , , , , , , , , , , , , , , , , , , , , , , , , , , , , , , , , , , , , , , , , , , , , , , , , , , , , , , , , , , , , , , , , , , , , , , , , , , , , , , , , , , , , , , , , , , , , , , , , , , , , , , , , , , , , , , , , , , , , , , , , , , , , , , , , , , , , , , , , , , , , , , , , , , , , , , 
    Evoked First Spike Latency (ms), , , , , , , , , , , , , , , , , , , , , , , , , , , , , , , , , , , , , , , , , , , , , , , , , , , , , , , , , , , , , , , , , , , , , , , , , , , , , , , , , , , , , , , , , , , , , , , , , , , , , , , , , , , , , , , , , , , , , , , , , , , , , , , , , , , , , , , , , , , , , , , , , , , , , , , , , , , , , , , , , , , , , , , , , , , , , , , , , , , , , , , , , , , , , , , , , , , , , , , , , , , , , , , , , , , , , , , , , , , , , , , , , , , , , , , , , , , , , , , , , , , , , , , , , , , , , , , , , , , , , , , , , , , , , , , , , , , , , , , , , , , , , , , , , , , , , , , , , , , , , , , , , , , , , , , , , , , , , , , , , , , , , , , , , , , , , , , , , , , , , , , , , , , , , , , , , , , , , , , , , , , , , , , , , , , , , , , , , , , , , , , , , , , , , , , , , , , , , , , , , , , , , , , , , , , , , , , , , , , , , , , , , , , , , , , , , , , , , , , , , , , , , , , , , , , , , , , , , , , , , , , , , , , , , , , , , , , , , , , , , , , , , , , , , , , , , , , , , , , , , , , , , , , , , , , , , , , , , , , , , , , , , , , , , , , , , , , , , , , , , , , , , , , , , , , , , , , , , , , , , , , , , , , , , , , , , , , , , , , , , , , , , , , , , , , , , , , , , , , , , , , , , , , , , , , , , , , , , , , , , , , , , , , , , , , , , , , , , , , , , , , , , , , , , , , , , , , , , , , , , , , , , , , , , , , , , , , , , , , , , , , , , , , , , , , , , , , , , , , , , , , , , , , , , , , , , , , , , , , , , , , , , , , , , , , , , , , , , , , , , , , , , , , , , , , , , , , , , , , , , , , , , , , , 
    Evoked Jitter (ms), , , , , , , , , , , , , , , , , , , , , , , , , , , , , , , , , , , , , , , , , , , , , , , , , , , , , , , , , , , , , , , , , , , , , , , , , , , , , , , , , , , , , , , , , , , , , , , , , , , , , , , , , , , , , , , , , , , , , , , , , , , , , , , , , , , , , , , , , , , , , , , , , , , , , , , , , , , , , , , , , , , , , , , , , , , , , , , , , , , , , , , , , , , , , , , , , , , , , , , , , , , , , , , , , , , , , , , , , , , , , , , , , , , , , , , , , , , , , , , , , , , , , , , , , , , , , , , , , , , , , , , , , , , , , , , , , , , , , , , , , , , , , , , , , , , , , , , , , , , , , , , , , , , , , , , , , , , , , , , , , , , , , , , , , , , , , , , , , , , , , , , , , , , , , , , , , , , , , , , , , , , , , , , , , , , , , , , , , , , , , , , , , , , , , , , , , , , , , , , , , , , , , , , , , , , , , , , , , , , , , , , , , , , , , , , , , , , , , , , , , , , , , , , , , , , , , , , , , , , , , , , , , , , , , , , , , , , , , , , , , , , , , , , , , , , , , , , , , , , , , , , , , , , , , , , , , , , , , , , , , , , , , , , , , , , , , , , , , , , , , , , , , , , , , , , , , , , , , , , , , , , , , , , , , , , , , , , , , , , , , , , , , , , , , , , , , , , , , , , , , , , , , , , , , , , , , , , , , , , , , , , , , , , , , , , , , , , , , , , , , , , , , , , , , , , , , , , , , , , , , , , , , , , , , , , , , , , , , , , , , , , , , , , , , , , , , , , , , , , , , , , , , , , , , , , , , , , , , , , , , , , , , , , , , , , , , , , , , , , , , , , , , , , , , , , , , , , , , , , , , , , , , , , , 

