AxIS Spike File,O:\DGK\IRAS\TOX\NTX\Users\Lennart\200731_LvM_256054_1299-04_MEA_rCortex_Permethrin_baseline_male_DIV11(000)_Spike Detector (7 x STD)(000).spk
File Type,48-well

Analysis Start,1200.000000
Analysis End,1800.000000
Active Electrode Criterion (spks/min),
Remove Coincident Artifacts,True

Electrode Burst Settings,
    Algorithm,Poisson Surprise,
    Min Surprise,10.000000

Network Burst Settings,
    Algorithm,ISI Threshold,Adaptive,
    Min # of Spikes,40.000000
    Min # of Electrodes (%),15.000000
Synchrony Settings,
    Synchrony Window,20.000000

Evoked Analysis Settings,
    Events,0 to 0
    Peri-stimulus Window Start (ms),0.000000
    Peri-stimulus Window End (ms),100.000000
    Bin Size (ms),1.000000

Well Averages,A1,A2,A3,A4,A5,A6,A7,A8,B1,B2,B3,B4,B5,B6,B7,B8,C1,C2,C3,C4,C5,C6,C7,C8,D1,D2,D3,D4,D5,D6,D7,D8,E1,E2,E3,E4,E5,E6,E7,E8,F1,F2,F3,F4,F5,F6,F7,F8,
Treatment/ID,,,,,,,,,,,,,,,,,,,,,,,,,,,,,,,,,,,,,,,,,,,,,,,,
Activity Metrics
    Number of Spikes,13282.000000,9878.000000,14163.000000,9836.000000,12526.000000,10270.000000,11046.000000,6395.000000,12486.000000,11114.000000,5664.000000,9801.000000,11079.000000,10942.000000,10709.000000,9443.000000,11380.000000,17814.000000,12351.000000,9152.000000,6421.000000,13500.000000,10435.000000,11746.000000,10838.000000,12233.000000,15269.000000,14023.000000,8368.000000,14385.000000,9402.000000,11784.000000,15289.000000,10506.000000,10669.000000,12593.000000,10543.000000,13155.000000,11228.000000,19362.000000,10767.000000,11898.000000,16607.000000,12820.000000,11639.000000,13346.000000,11425.000000,10770.000000
    Mean Firing Rate (Hz),1.383542,1.028958,1.475313,1.024583,1.304792,1.069792,1.150625,0.666146,1.300625,1.157708,0.590000,1.020938,1.154063,1.139792,1.115521,0.983646,1.185417,1.855625,1.286563,0.953333,0.668854,1.406250,1.086979,1.223542,1.128958,1.274271,1.590521,1.460729,0.871667,1.498438,0.979375,1.227500,1.592604,1.094375,1.111354,1.311771,1.098229,1.370313,1.169583,2.016875,1.121563,1.239375,1.729896,1.335417,1.212396,1.390208,1.190104,1.121875
    ISI Coefficient of Variation - Avg,2.887185,2.353345,4.995616,2.937698,2.912054,3.096808,2.613281,2.882378,2.624005,3.557546,2.607221,2.709498,4.707541,5.701538,2.662966,3.329738,2.463325,5.648729,4.844139,5.764098,3.251118,3.979190,2.929075,5.021830,3.761922,5.630787,3.663773,3.737750,4.324701,4.546310,3.707752,3.227905,3.349854,3.374731,3.807717,3.498613,3.229795,3.353940,6.100180,4.803217,3.116543,2.827546,3.449109,2.805116,3.695080,3.346657,2.733659,3.020818
    Number of Active Electrodes,15.000000,15.000000,16.000000,15.000000,14.000000,15.000000,16.000000,13.000000,14.000000,15.000000,13.000000,16.000000,16.000000,16.000000,16.000000,15.000000,16.000000,16.000000,14.000000,16.000000,15.000000,16.000000,16.000000,16.000000,16.000000,16.000000,16.000000,15.000000,15.000000,16.000000,16.000000,15.000000,13.000000,15.000000,16.000000,16.000000,15.000000,16.000000,15.000000,16.000000,15.000000,16.000000,16.000000,16.000000,16.000000,16.000000,16.000000,16.000000
    Weighted Mean Firing Rate (Hz),1.475333,1.095222,1.475312,1.091222,1.482619,1.137222,1.150625,0.813462,1.484167,1.233667,0.710513,1.020938,1.154063,1.139792,1.115521,1.046444,1.185417,1.855625,1.470357,0.953333,0.707444,1.406250,1.086979,1.223542,1.128958,1.274271,1.590521,1.552000,0.929667,1.498438,0.979375,1.305667,1.946282,1.162333,1.111354,1.311771,1.169444,1.370312,1.246556,2.016875,1.193000,1.239375,1.729896,1.335417,1.212396,1.390208,1.190104,1.121875
Electrode Burst Metrics
    Number of Bursts,968.000000,821.000000,737.000000,761.000000,834.000000,704.000000,868.000000,466.000000,1097.000000,803.000000,469.000000,891.000000,784.000000,549.000000,970.000000,702.000000,1094.000000,859.000000,502.000000,519.000000,494.000000,701.000000,888.000000,516.000000,830.000000,633.000000,1020.000000,804.000000,498.000000,807.000000,656.000000,784.000000,893.000000,927.000000,397.000000,783.000000,918.000000,932.000000,565.000000,976.000000,854.000000,1087.000000,1165.000000,1082.000000,837.000000,1147.000000,1077.000000,682.000000
    Number of Bursting Electrodes,14.000000,15.000000,16.000000,15.000000,14.000000,15.000000,16.000000,13.000000,14.000000,15.000000,14.000000,16.000000,16.000000,16.000000,15.000000,14.000000,15.000000,16.000000,14.000000,16.000000,15.000000,16.000000,16.000000,16.000000,16.000000,16.000000,16.000000,15.000000,15.000000,16.000000,16.000000,15.000000,13.000000,15.000000,16.000000,16.000000,15.000000,16.000000,15.000000,16.000000,15.000000,16.000000,16.000000,15.000000,16.000000,16.000000,16.000000,14.000000
    Burst Duration - Avg (sec),0.076536,0.037944,0.146317,0.074202,0.061779,0.075378,0.063191,0.134698,0.049060,0.099715,0.048291,0.051579,0.098954,0.196415,0.047355,0.070313,0.035138,0.198068,0.264990,0.109859,0.119440,0.196777,0.073208,0.247279,0.110999,0.161109,0.084906,0.127713,0.173314,0.177282,0.129288,0.101613,0.112017,0.046604,0.126318,0.133650,0.066797,0.066028,0.199544,0.158042,0.050963,0.046324,0.082806,0.051459,0.130719,0.052805,0.045829,0.135806
    Burst Duration - Std (sec),0.028071,0.011834,0.015121,0.025513,0.009728,0.038450,0.016751,0.090957,0.020136,0.035702,0.019930,0.010308,0.048542,0.081648,0.012986,0.015362,0.008168,0.104820,0.118010,0.023331,0.043710,0.066480,0.010650,0.229212,0.055629,0.127132,0.020721,0.093612,0.103898,0.091264,0.082484,0.051179,0.046746,0.012117,0.051596,0.085126,0.015804,0.015349,0.080456,0.097234,0.011620,0.013886,0.010567,0.013118,0.052134,0.014081,0.014129,0.100704
    Number of Spikes per Burst - Avg,10.493935,8.897319,17.749129,10.577374,11.492502,11.259598,9.505675,10.682528,8.907314,11.881882,8.623946,9.138844,12.476142,18.025329,9.229099,12.458528,8.396522,18.850402,21.848386,16.070319,11.121439,17.298041,10.179862,20.587693,10.929602,17.740041,14.380703,15.397834,15.925321,16.705212,12.669815,12.462259,13.497424,10.852133,14.690782,13.378278,10.926021,12.663269,19.400533,18.569554,10.372592,9.555745,12.602470,10.396464,12.247259,9.986802,9.216449,12.173058
    Number of Spikes per Burst - Std,3.205636,1.991167,4.559221,3.194770,2.419114,4.732918,3.378588,4.304816,3.135401,5.034852,4.168208,2.446314,4.075624,8.241381,2.982750,3.560422,2.826083,10.245933,7.776701,3.866554,4.380336,7.615797,2.725127,12.362465,4.225757,7.731650,4.387172,9.846715,7.206018,7.391716,6.613056,5.672394,5.829701,3.602283,5.399108,6.101795,2.855768,4.255001,7.845656,9.087499,3.017661,2.583490,4.254650,3.014031,3.954013,3.430793,2.759214,5.519668
    Mean ISI within Burst - Avg (sec),0.007633,0.004839,0.005241,0.006607,0.006219,0.006469,0.007826,0.010499,0.005925,0.007060,0.007193,0.006661,0.007191,0.007023,0.006095,0.005775,0.004983,0.007337,0.009887,0.005701,0.008139,0.008846,0.007115,0.008423,0.007769,0.006771,0.006254,0.007194,0.010052,0.007290,0.007454,0.007697,0.006718,0.004946,0.006415,0.008925,0.006429,0.005988,0.006936,0.006956,0.005667,0.005054,0.006530,0.005724,0.007644,0.005695,0.004885,0.010752
    Mean ISI within Burst - Std (sec),0.002053,0.000885,0.001199,0.002063,0.001924,0.001240,0.002603,0.007787,0.001840,0.002377,0.003404,0.001845,0.002298,0.001687,0.002199,0.002309,0.001157,0.001608,0.007075,0.000892,0.002951,0.002967,0.002288,0.003353,0.004938,0.003956,0.001566,0.002476,0.004893,0.001339,0.001728,0.002870,0.002029,0.000901,0.002147,0.003673,0.001115,0.001818,0.001697,0.002221,0.001573,0.000903,0.002448,0.001381,0.002918,0.001477,0.001249,0.008227
    Median ISI within Burst - Avg (sec),0.005998,0.004026,0.003901,0.005138,0.004873,0.005204,0.006661,0.007408,0.004822,0.005043,0.005791,0.005374,0.005343,0.004366,0.004880,0.004034,0.004238,0.005487,0.006783,0.004256,0.006253,0.006191,0.005633,0.006070,0.005454,0.005230,0.004946,0.005440,0.007186,0.005396,0.005217,0.006068,0.005321,0.003860,0.004589,0.006681,0.005224,0.004837,0.004977,0.005129,0.004355,0.003881,0.005040,0.004672,0.005243,0.004601,0.003846,0.008373
    Median ISI within Burst - Std (sec),0.001989,0.000692,0.000722,0.001840,0.001439,0.001885,0.002700,0.004966,0.001503,0.001407,0.002922,0.001525,0.002160,0.000815,0.001960,0.001064,0.001082,0.000852,0.004240,0.000740,0.002582,0.002047,0.001953,0.002159,0.002501,0.003378,0.001511,0.001732,0.003867,0.001145,0.001526,0.002631,0.001726,0.000820,0.001418,0.002327,0.001209,0.001741,0.001172,0.001770,0.000997,0.000870,0.002148,0.001141,0.001831,0.001326,0.000830,0.006307
    Median/Mean ISI within Burst - Avg,0.816039,0.845601,0.805903,0.814901,0.812567,0.833514,0.838457,0.799269,0.845503,0.809156,0.818858,0.820140,0.799452,0.752454,0.805062,0.771299,0.856559,0.782444,0.780563,0.775680,0.813958,0.749482,0.825359,0.773277,0.829980,0.792058,0.795793,0.798547,0.769599,0.765410,0.777758,0.819132,0.810370,0.790936,0.792130,0.822238,0.827634,0.815549,0.762335,0.756232,0.792331,0.804390,0.792730,0.822350,0.782154,0.836940,0.827813,0.816644
    Median/Mean ISI within Burst - Std,0.050315,0.045438,0.041238,0.065774,0.030479,0.117162,0.069083,0.065769,0.082270,0.048474,0.095258,0.035432,0.088775,0.099797,0.041847,0.050140,0.043478,0.101988,0.041350,0.053385,0.076621,0.061485,0.053956,0.049010,0.031720,0.067048,0.060081,0.066152,0.075870,0.052674,0.077706,0.072815,0.066198,0.046864,0.044401,0.063197,0.058972,0.059250,0.051694,0.061069,0.051030,0.064522,0.058370,0.026566,0.066076,0.048434,0.063535,0.039173
    Inter-Burst Interval - Avg (sec),13.422030,14.796523,13.162024,15.934861,12.272042,26.916159,30.837243,23.517542,23.544994,16.774047,26.685573,13.340750,11.201999,16.587764,11.146324,12.960418,9.003479,14.487187,22.971777,17.104377,19.630360,14.461543,12.536422,18.389154,15.564054,18.300273,9.563613,12.409088,18.191032,12.566581,17.556432,16.342377,7.690103,9.749782,26.651471,14.684751,9.891239,10.978950,15.665988,9.858780,10.961368,10.353312,10.297180,15.956292,13.790232,13.268882,9.051854,20.813298
    Inter-Burst Interval - Std (sec),12.305121,14.155494,1.398386,16.852456,6.416985,39.808458,49.351600,22.397752,43.334455,22.353549,26.378758,8.959760,2.443386,1.867503,8.066905,6.296370,4.019664,14.811244,20.633054,0.944047,11.306786,5.710704,7.279260,3.597308,18.397152,14.860037,1.423596,6.238303,1.491744,4.960280,16.220549,19.024882,2.162939,0.890960,11.190230,11.182039,1.816707,3.756206,0.490138,0.529983,3.940174,7.947513,8.979510,30.457963,8.611854,18.690812,3.803943,23.413469
    Burst Frequency - Avg (Hz),0.115238,0.091222,0.076771,0.084556,0.099286,0.078222,0.090417,0.059744,0.130595,0.089222,0.055833,0.092812,0.081667,0.057187,0.107778,0.083571,0.121556,0.089479,0.059762,0.054062,0.054889,0.073021,0.092500,0.053750,0.086458,0.065937,0.106250,0.089333,0.055333,0.084063,0.068333,0.087111,0.114487,0.103000,0.041354,0.081563,0.102000,0.097083,0.062778,0.101667,0.094889,0.113229,0.121354,0.120222,0.087188,0.119479,0.112188,0.081190
    Burst Frequency - Std (Hz),0.057214,0.033579,0.007057,0.028946,0.042786,0.039923,0.054032,0.034033,0.076027,0.030105,0.037988,0.035776,0.025232,0.015608,0.036627,0.016881,0.033127,0.022712,0.021282,0.004126,0.016152,0.014735,0.030726,0.008311,0.028828,0.015904,0.011230,0.023118,0.004140,0.014919,0.018609,0.029294,0.056406,0.008047,0.007963,0.028143,0.013111,0.020866,0.001744,0.004753,0.037025,0.040945,0.034223,0.039616,0.028582,0.040783,0.040335,0.038688
    IBI Coefficient of Variation - Avg,0.861392,0.461407,0.723429,0.538147,0.538314,0.479917,0.521237,0.448468,0.375721,0.601097,0.459069,0.498593,1.046354,1.032881,0.416790,0.321650,0.425314,1.073715,0.685939,1.214329,0.494369,0.452339,0.432492,0.766394,0.792985,1.000486,0.271642,0.438158,0.529406,0.643352,0.571102,0.416800,0.454974,0.525353,0.499472,0.685340,0.345328,0.319421,1.054983,0.621559,0.783450,0.334080,0.476565,0.344339,0.655264,0.801857,0.353341,0.733276
    IBI Coefficient of Variation - Std,0.305263,0.082359,0.025470,0.214360,0.038803,0.212708,0.372048,0.346350,0.240539,0.138131,0.309006,0.246594,0.125113,0.048376,0.242376,0.097308,0.186715,0.076718,0.121013,0.033879,0.141524,0.119913,0.211633,0.115367,0.066962,0.086422,0.092101,0.230879,0.021856,0.011182,0.075355,0.120242,0.163482,0.080260,0.156522,0.219791,0.077856,0.159509,0.018409,0.016881,0.170988,0.216121,0.188398,0.184264,0.093331,0.240770,0.341195,0.439093
    Burst Percentage - Avg,65.656615,72.007072,94.619023,77.677496,67.466509,72.447729,72.275331,65.688651,64.897690,80.990949,60.476572,82.597704,88.034302,90.637829,79.292655,82.329956,79.469845,89.819041,89.922861,93.254682,81.617915,92.398005,86.493975,91.506681,84.434402,92.153091,96.587563,83.783636,89.235781,93.828448,88.786733,78.773622,63.550075,90.701104,86.990158,86.154849,89.703036,91.000200,91.500242,94.455958,76.293612,85.728323,88.693759,82.180660,87.891735,85.604342,85.491551,68.781091
    Burst Percentage - Std,34.217975,23.456813,7.359198,27.593873,29.384607,36.549665,32.543985,41.208615,44.178697,31.768424,43.243024,19.390188,23.964492,23.207949,29.351630,34.429191,27.017036,18.379997,18.152655,10.417139,28.127319,9.694078,17.387904,8.352208,21.154634,15.138572,4.462640,28.206962,24.454367,14.008836,19.379957,29.061319,43.726648,24.571173,24.812863,13.766794,25.282772,14.531963,24.568891,4.202207,30.503772,26.139853,20.014660,30.707178,19.732569,23.256554,25.770622,35.988318
Network Burst Metrics
    Number of Network Bursts,110.000000,87.000000,48.000000,72.000000,105.000000,63.000000,84.000000,50.000000,108.000000,68.000000,52.000000,77.000000,56.000000,37.000000,81.000000,53.000000,88.000000,60.000000,45.000000,35.000000,40.000000,51.000000,70.000000,35.000000,63.000000,43.000000,67.000000,60.000000,34.000000,53.000000,46.000000,68.000000,94.000000,64.000000,27.000000,67.000000,65.000000,67.000000,38.000000,62.000000,82.000000,82.000000,85.000000,89.000000,63.000000,90.000000,81.000000,68.000000
    Network Burst Frequency,0.183333,0.145000,0.080000,0.120000,0.175000,0.105000,0.140000,0.083333,0.180000,0.113333,0.086667,0.128333,0.093333,0.061667,0.135000,0.088333,0.146667,0.100000,0.075000,0.058333,0.066667,0.085000,0.116667,0.058333,0.105000,0.071667,0.111667,0.100000,0.056667,0.088333,0.076667,0.113333,0.156667,0.106667,0.045000,0.111667,0.108333,0.111667,0.063333,0.103333,0.136667,0.136667,0.141667,0.148333,0.105000,0.150000,0.135000,0.113333
    Network Burst Duration - Avg (sec),0.159116,0.086094,0.202137,0.127959,0.144699,0.183617,0.118517,0.187493,0.120193,0.157106,0.109323,0.105417,0.202510,0.396277,0.093866,0.155890,0.072999,0.330084,0.458795,0.208949,0.209140,0.307158,0.125461,0.715515,0.273267,0.536599,0.156008,0.318429,0.445456,0.370548,0.335023,0.220702,0.201860,0.089485,0.277316,0.290127,0.121001,0.115426,0.325507,0.401412,0.104879,0.133889,0.143648,0.113811,0.188400,0.094965,0.084999,0.241936
    Network Burst Duration - Std (sec),0.121175,0.035596,0.440421,0.159446,0.113341,0.271445,0.125232,0.348644,0.145130,0.193883,0.066992,0.057463,0.345398,0.685248,0.049640,0.235835,0.020920,0.513993,0.667929,0.282210,0.411547,0.471170,0.167067,0.803566,0.549841,0.513203,0.142081,0.528161,0.448018,0.517534,0.633189,0.331319,0.348903,0.019599,0.401644,0.377450,0.177788,0.101716,0.553590,0.628028,0.050120,0.090565,0.194720,0.033039,0.364997,0.051758,0.123098,0.397772
    Number of Spikes per Network Burst - Avg,119.545455,102.724138,290.041667,132.541667,116.000000,159.936508,131.261905,127.360000,115.361111,163.161765,108.076923,126.922078,197.267857,294.891892,131.901235,177.698113,120.261364,295.916667,271.911111,246.257143,160.025000,263.254902,148.814286,332.200000,170.952381,282.744186,227.597015,233.416667,245.529412,270.962264,203.934783,172.941176,162.202128,162.937500,232.407407,187.671642,161.753846,195.880597,294.736842,311.870968,130.865854,144.597561,195.023529,143.764045,184.206349,148.044444,139.123457,157.132353
    Number of Spikes per Network Burst - Std,51.064025,44.770653,449.766699,74.844240,68.722827,64.315471,38.695948,126.885898,28.104431,91.399175,19.045710,39.384664,83.656982,281.457100,19.382083,91.483623,16.300691,290.224652,335.428615,208.018854,117.074486,275.408267,89.988452,247.301293,208.844241,216.334958,85.579497,139.119177,99.518914,196.813751,150.688996,124.244209,141.712839,13.840216,214.396695,76.897489,30.530738,43.358450,304.567454,215.822140,59.439930,35.188333,157.280912,31.200970,164.057637,49.192562,62.007738,82.781659
    Mean ISI within Network Burst - Avg (sec),0.001304,0.000942,0.000536,0.000931,0.001310,0.000945,0.000862,0.001269,0.000930,0.000851,0.000989,0.000901,0.000773,0.000938,0.000712,0.000768,0.000615,0.000846,0.001309,0.000761,0.000961,0.000923,0.000771,0.001722,0.001208,0.001807,0.000638,0.000981,0.001531,0.001019,0.001095,0.001128,0.000997,0.000552,0.001027,0.001278,0.000685,0.000571,0.000838,0.000972,0.000849,0.000937,0.000691,0.000810,0.000727,0.000646,0.000559,0.001219
    Mean ISI within Network Burst - Std (sec),0.000633,0.000420,0.000327,0.000441,0.000904,0.000824,0.000397,0.000481,0.000697,0.000318,0.000413,0.000589,0.000720,0.000598,0.000355,0.000554,0.000172,0.000309,0.001044,0.000393,0.000545,0.000330,0.000277,0.001136,0.001505,0.000980,0.000217,0.000677,0.000970,0.000739,0.000868,0.000761,0.000760,0.000104,0.000464,0.001013,0.000468,0.000252,0.000355,0.000499,0.000253,0.000579,0.000252,0.000206,0.000373,0.000313,0.000258,0.000847
    Median ISI within Network Burst - Avg (sec),0.000507,0.000394,0.000221,0.000423,0.000470,0.000368,0.000409,0.000503,0.000363,0.000342,0.000445,0.000407,0.000322,0.000314,0.000291,0.000261,0.000287,0.000368,0.000388,0.000290,0.000368,0.000373,0.000319,0.000573,0.000329,0.000332,0.000284,0.000469,0.000505,0.000363,0.000345,0.000438,0.000420,0.000247,0.000296,0.000529,0.000307,0.000274,0.000308,0.000352,0.000365,0.000270,0.000277,0.000338,0.000291,0.000279,0.000254,0.000519
    Median ISI within Network Burst - Std (sec),0.000189,0.000203,0.000084,0.000240,0.000204,0.000231,0.000103,0.000169,0.000150,0.000185,0.000090,0.000317,0.000146,0.000194,0.000078,0.000045,0.000079,0.000192,0.000153,0.000128,0.000207,0.000176,0.000092,0.000573,0.000147,0.000208,0.000066,0.000416,0.000194,0.000313,0.000228,0.000219,0.000171,0.000031,0.000202,0.000391,0.000132,0.000074,0.000179,0.000260,0.000134,0.000063,0.000079,0.000086,0.000094,0.000076,0.000058,0.000354
    Median/Mean ISI within Network Burst - Avg,0.429076,0.433779,0.462167,0.463774,0.430374,0.473316,0.504682,0.422052,0.463972,0.404490,0.481440,0.456436,0.494119,0.352700,0.446738,0.418353,0.481810,0.425527,0.430105,0.411489,0.396873,0.402272,0.428328,0.309644,0.454993,0.241615,0.465622,0.465593,0.373005,0.407668,0.358454,0.428826,0.495317,0.461823,0.307267,0.435908,0.473033,0.496999,0.378992,0.348722,0.436087,0.353530,0.423846,0.432862,0.430368,0.464917,0.492315,0.460993
    Median/Mean ISI within Network Burst - Std,0.119979,0.147296,0.115868,0.132751,0.193680,0.154427,0.118354,0.124785,0.142011,0.101377,0.107118,0.092828,0.120549,0.088098,0.109695,0.124703,0.110637,0.075691,0.199095,0.106487,0.088534,0.084234,0.092378,0.116638,0.179496,0.157227,0.091230,0.094546,0.080479,0.153482,0.100574,0.102102,0.136567,0.089656,0.110681,0.112920,0.100586,0.082489,0.108630,0.067869,0.109436,0.127253,0.094273,0.114010,0.091213,0.102866,0.120351,0.128912
    Number of Elecs Participating in Burst - Avg,14.000000,14.172414,16.000000,14.597222,13.857143,14.888889,15.619048,13.360000,13.425926,15.102941,14.076923,15.701299,15.839286,15.945946,15.876543,15.358491,15.465909,16.000000,13.644444,15.742857,15.750000,15.823529,15.885714,15.942857,15.873016,15.813953,16.000000,15.600000,15.029412,16.000000,15.956522,15.014706,12.957447,15.546875,15.925926,15.253731,15.261538,15.940299,15.236842,16.000000,14.792683,15.646341,15.917647,15.247191,15.936508,15.788889,15.592593,15.176471
    Number of Elecs Participating in Burst - Std,1.149392,1.407677,0.000000,1.274448,1.361762,1.033489,0.578839,0.851409,0.775847,0.428106,1.425897,0.608383,0.416775,0.229243,0.399460,0.484146,0.642353,0.000000,0.743320,0.852086,0.630425,0.654397,0.362873,0.235504,0.335630,0.393750,0.000000,0.494032,0.171499,0.000000,0.206185,0.984850,1.269280,0.501733,0.266880,0.910266,0.442893,0.238721,0.430851,0.000000,0.856894,0.574606,0.442174,0.772847,0.245805,0.508234,0.542627,0.913272
    Number of Spikes per Network Burst per Channel - Avg,8.470775,7.055688,18.127604,8.956468,8.117187,10.805764,8.393233,9.514181,8.620366,10.822505,7.695494,8.040267,12.434375,18.570833,8.300808,11.543396,7.770636,18.494792,19.643360,15.491209,10.121463,16.528606,9.353767,20.876786,10.758730,17.934012,14.224813,15.054653,16.342892,16.935142,12.774275,11.382766,12.605497,10.486133,14.575154,12.223984,10.610962,12.274627,19.455482,19.491935,8.761308,9.258471,12.214302,9.418647,11.585648,9.354239,8.925852,10.322235
    Number of Spikes per Network Burst per Channel - Std,3.335122,2.635568,28.110419,4.975339,4.366679,4.726603,2.445589,9.043203,2.177879,6.174501,1.211381,2.358896,5.183862,17.928976,1.156777,5.670864,0.997534,18.139041,23.852394,12.923855,7.276090,17.168117,5.610665,15.537173,13.047265,13.887980,5.348719,9.299463,6.645748,12.300859,9.410127,7.772651,11.402749,0.901785,13.383818,4.967183,2.071841,2.662332,20.370256,13.488884,3.833476,2.272755,9.810180,1.940717,10.404635,3.014362,3.878265,5.392112
    Network Burst Percentage,99.006174,90.473780,98.298383,97.021147,97.237745,98.111003,99.818939,99.577795,99.783758,99.829044,99.223164,99.714315,99.711165,99.716688,99.766551,99.735254,92.996485,99.668800,99.068901,94.176136,99.688522,99.451852,99.827504,98.986889,99.372578,99.386904,99.869016,99.871639,99.760994,99.833160,99.776643,99.796334,99.725293,99.257567,58.815259,99.849123,99.724936,99.764348,99.750623,99.865716,99.665645,99.655404,99.819353,99.804992,99.707879,99.835157,98.634573,99.210771
    Network IBI Coefficient of Variation,0.490795,0.362673,0.715179,0.471075,0.502203,0.338001,0.213287,0.246109,0.227373,0.592339,0.258812,0.293035,0.987348,1.024558,0.233336,0.294436,0.251676,1.057838,0.620896,1.240484,0.371396,0.372170,0.273943,0.678293,0.813849,1.017974,0.225269,0.331201,0.513254,0.637078,0.545770,0.287046,0.319578,0.462601,0.498013,0.456391,0.303673,0.221235,1.046664,0.615437,0.537673,0.200084,0.352189,0.229403,0.596028,0.620568,0.165163,0.425410
    Network Normalized Duration IQR,0.883142,0.473510,0.932775,0.342965,1.889100,0.560095,0.432025,0.491008,0.438779,0.183670,0.452737,0.231928,0.317576,0.793301,0.557350,0.228748,0.297563,0.290651,5.785477,0.460019,0.303211,0.587787,0.110340,6.695811,0.746570,1.201970,0.570046,0.517963,3.862383,3.167725,0.679764,0.348659,0.311128,0.117765,0.974278,0.733285,0.209414,0.213160,0.489607,0.436832,0.420412,0.810199,0.766463,0.277234,0.475309,0.991371,0.161660,0.424009
Synchrony Metrics
    Area Under Normalized Cross-Correlation,0.672103,0.811809,0.938244,0.784633,0.711076,0.731716,0.713843,0.620817,0.719554,0.810247,0.637748,0.843229,0.840840,0.890556,0.832664,0.892846,0.852323,0.868704,0.668517,0.928289,0.806460,0.828852,0.868739,0.736252,0.851717,0.821713,0.877444,0.722063,0.720464,0.913137,0.867442,0.736716,0.666287,0.901374,0.773726,0.701819,0.853702,0.871644,0.870389,0.885870,0.813024,0.885155,0.885095,0.785744,0.858955,0.867249,0.911463,0.597048
    Area Under Cross-Correlation,4.629528,4.846264,7.906736,4.732722,6.038611,4.929458,4.628569,2.109708,5.580833,5.341833,2.165972,5.032681,6.075819,5.968694,5.754819,5.847431,5.816875,7.551458,4.727528,5.413431,2.933333,5.715014,5.194139,5.130889,5.217347,6.664861,9.597458,6.401861,3.393708,7.359097,4.532181,5.235917,5.875875,6.780764,3.526722,5.464972,5.679389,8.543014,5.533403,10.518292,5.824431,7.017458,9.888750,6.863056,5.823111,7.321514,6.994931,3.811056
    Full Width at Half Height of Normalized Cross-Correlation,14.000000,17.000000,11.000000,16.000000,14.000000,9.000000,10.000000,20.000000,12.000000,11.000000,15.000000,18.000000,10.000000,13.000000,13.000000,17.000000,13.000000,15.000000,18.000000,18.000000,20.000000,14.000000,15.000000,22.000000,14.000000,21.000000,17.000000,26.000000,23.000000,18.000000,14.000000,16.000000,16.000000,13.000000,20.000000,22.000000,9.000000,9.000000,12.000000,21.000000,16.000000,14.000000,9.000000,12.000000,10.000000,12.000000,15.000000,19.000000
    Full Width at Half Height of Cross-Correlation,45.000000,38.000000,43.000000,46.000000,55.000000,50.000000,56.000000,52.000000,39.000000,51.000000,48.000000,46.000000,58.000000,51.000000,39.000000,50.000000,37.000000,44.000000,67.000000,52.000000,44.000000,54.000000,47.000000,68.000000,45.000000,60.000000,65.000000,65.000000,69.000000,49.000000,43.000000,55.000000,61.000000,46.000000,46.000000,67.000000,52.000000,57.000000,49.000000,64.000000,45.000000,38.000000,50.000000,52.000000,46.000000,39.000000,39.000000,65.000000
    Synchrony Index, , , , , , , , , , , , , , , , , , , , , , , , , , , , , , , , , , , , , , , , , , , , , , , , 
    Kreuz SPIKE Distance, , , , , , , , , , , , , , , , , , , , , , , , , , , , , , , , , , , , , , , , , , , , , , , , 
Evoked Metrics
    Number of Trials, , , , , , , , , , , , , , , , , , , , , , , , , , , , , , , , , , , , , , , , , , , , , , , , 
    Evoked Spike Count - Avg, , , , , , , , , , , , , , , , , , , , , , , , , , , , , , , , , , , , , , , , , , , , , , , , 
    Evoked Spike Count - Std, , , , , , , , , , , , , , , , , , , , , , , , , , , , , , , , , , , , , , , , , , , , , , , , 
    Evoked Response Probability, , , , , , , , , , , , , , , , , , , , , , , , , , , , , , , , , , , , , , , , , , , , , , , , 
    Evoked First Spike Latency (ms), , , , , , , , , , , , , , , , , , , , , , , , , , , , , , , , , , , , , , , , , , , , , , , , 
    Evoked Jitter (ms), , , , , , , , , , , , , , , , , , , , , , , , , , , , , , , , , , , , , , , , , , , , , , , , 

Measurement,A1_11,A1_12,A1_13,A1_14,A1_21,A1_22,A1_23,A1_24,A1_31,A1_32,A1_33,A1_34,A1_41,A1_42,A1_43,A1_44,A2_11,A2_12,A2_13,A2_14,A2_21,A2_22,A2_23,A2_24,A2_31,A2_32,A2_33,A2_34,A2_41,A2_42,A2_43,A2_44,A3_11,A3_12,A3_13,A3_14,A3_21,A3_22,A3_23,A3_24,A3_31,A3_32,A3_33,A3_34,A3_41,A3_42,A3_43,A3_44,A4_11,A4_12,A4_13,A4_14,A4_21,A4_22,A4_23,A4_24,A4_31,A4_32,A4_33,A4_34,A4_41,A4_42,A4_43,A4_44,A5_11,A5_12,A5_13,A5_14,A5_21,A5_22,A5_23,A5_24,A5_31,A5_32,A5_33,A5_34,A5_41,A5_42,A5_43,A5_44,A6_11,A6_12,A6_13,A6_14,A6_21,A6_22,A6_23,A6_24,A6_31,A6_32,A6_33,A6_34,A6_41,A6_42,A6_43,A6_44,A7_11,A7_12,A7_13,A7_14,A7_21,A7_22,A7_23,A7_24,A7_31,A7_32,A7_33,A7_34,A7_41,A7_42,A7_43,A7_44,A8_11,A8_12,A8_13,A8_14,A8_21,A8_22,A8_23,A8_24,A8_31,A8_32,A8_33,A8_34,A8_41,A8_42,A8_43,A8_44,B1_11,B1_12,B1_13,B1_14,B1_21,B1_22,B1_23,B1_24,B1_31,B1_32,B1_33,B1_34,B1_41,B1_42,B1_43,B1_44,B2_11,B2_12,B2_13,B2_14,B2_21,B2_22,B2_23,B2_24,B2_31,B2_32,B2_33,B2_34,B2_41,B2_42,B2_43,B2_44,B3_11,B3_12,B3_13,B3_14,B3_21,B3_22,B3_23,B3_24,B3_31,B3_32,B3_33,B3_34,B3_41,B3_42,B3_43,B3_44,B4_11,B4_12,B4_13,B4_14,B4_21,B4_22,B4_23,B4_24,B4_31,B4_32,B4_33,B4_34,B4_41,B4_42,B4_43,B4_44,B5_11,B5_12,B5_13,B5_14,B5_21,B5_22,B5_23,B5_24,B5_31,B5_32,B5_33,B5_34,B5_41,B5_42,B5_43,B5_44,B6_11,B6_12,B6_13,B6_14,B6_21,B6_22,B6_23,B6_24,B6_31,B6_32,B6_33,B6_34,B6_41,B6_42,B6_43,B6_44,B7_11,B7_12,B7_13,B7_14,B7_21,B7_22,B7_23,B7_24,B7_31,B7_32,B7_33,B7_34,B7_41,B7_42,B7_43,B7_44,B8_11,B8_12,B8_13,B8_14,B8_21,B8_22,B8_23,B8_24,B8_31,B8_32,B8_33,B8_34,B8_41,B8_42,B8_43,B8_44,C1_11,C1_12,C1_13,C1_14,C1_21,C1_22,C1_23,C1_24,C1_31,C1_32,C1_33,C1_34,C1_41,C1_42,C1_43,C1_44,C2_11,C2_12,C2_13,C2_14,C2_21,C2_22,C2_23,C2_24,C2_31,C2_32,C2_33,C2_34,C2_41,C2_42,C2_43,C2_44,C3_11,C3_12,C3_13,C3_14,C3_21,C3_22,C3_23,C3_24,C3_31,C3_32,C3_33,C3_34,C3_41,C3_42,C3_43,C3_44,C4_11,C4_12,C4_13,C4_14,C4_21,C4_22,C4_23,C4_24,C4_31,C4_32,C4_33,C4_34,C4_41,C4_42,C4_43,C4_44,C5_11,C5_12,C5_13,C5_14,C5_21,C5_22,C5_23,C5_24,C5_31,C5_32,C5_33,C5_34,C5_41,C5_42,C5_43,C5_44,C6_11,C6_12,C6_13,C6_14,C6_21,C6_22,C6_23,C6_24,C6_31,C6_32,C6_33,C6_34,C6_41,C6_42,C6_43,C6_44,C7_11,C7_12,C7_13,C7_14,C7_21,C7_22,C7_23,C7_24,C7_31,C7_32,C7_33,C7_34,C7_41,C7_42,C7_43,C7_44,C8_11,C8_12,C8_13,C8_14,C8_21,C8_22,C8_23,C8_24,C8_31,C8_32,C8_33,C8_34,C8_41,C8_42,C8_43,C8_44,D1_11,D1_12,D1_13,D1_14,D1_21,D1_22,D1_23,D1_24,D1_31,D1_32,D1_33,D1_34,D1_41,D1_42,D1_43,D1_44,D2_11,D2_12,D2_13,D2_14,D2_21,D2_22,D2_23,D2_24,D2_31,D2_32,D2_33,D2_34,D2_41,D2_42,D2_43,D2_44,D3_11,D3_12,D3_13,D3_14,D3_21,D3_22,D3_23,D3_24,D3_31,D3_32,D3_33,D3_34,D3_41,D3_42,D3_43,D3_44,D4_11,D4_12,D4_13,D4_14,D4_21,D4_22,D4_23,D4_24,D4_31,D4_32,D4_33,D4_34,D4_41,D4_42,D4_43,D4_44,D5_11,D5_12,D5_13,D5_14,D5_21,D5_22,D5_23,D5_24,D5_31,D5_32,D5_33,D5_34,D5_41,D5_42,D5_43,D5_44,D6_11,D6_12,D6_13,D6_14,D6_21,D6_22,D6_23,D6_24,D6_31,D6_32,D6_33,D6_34,D6_41,D6_42,D6_43,D6_44,D7_11,D7_12,D7_13,D7_14,D7_21,D7_22,D7_23,D7_24,D7_31,D7_32,D7_33,D7_34,D7_41,D7_42,D7_43,D7_44,D8_11,D8_12,D8_13,D8_14,D8_21,D8_22,D8_23,D8_24,D8_31,D8_32,D8_33,D8_34,D8_41,D8_42,D8_43,D8_44,E1_11,E1_12,E1_13,E1_14,E1_21,E1_22,E1_23,E1_24,E1_31,E1_32,E1_33,E1_34,E1_41,E1_42,E1_43,E1_44,E2_11,E2_12,E2_13,E2_14,E2_21,E2_22,E2_23,E2_24,E2_31,E2_32,E2_33,E2_34,E2_41,E2_42,E2_43,E2_44,E3_11,E3_12,E3_13,E3_14,E3_21,E3_22,E3_23,E3_24,E3_31,E3_32,E3_33,E3_34,E3_41,E3_42,E3_43,E3_44,E4_11,E4_12,E4_13,E4_14,E4_21,E4_22,E4_23,E4_24,E4_31,E4_32,E4_33,E4_34,E4_41,E4_42,E4_43,E4_44,E5_11,E5_12,E5_13,E5_14,E5_21,E5_22,E5_23,E5_24,E5_31,E5_32,E5_33,E5_34,E5_41,E5_42,E5_43,E5_44,E6_11,E6_12,E6_13,E6_14,E6_21,E6_22,E6_23,E6_24,E6_31,E6_32,E6_33,E6_34,E6_41,E6_42,E6_43,E6_44,E7_11,E7_12,E7_13,E7_14,E7_21,E7_22,E7_23,E7_24,E7_31,E7_32,E7_33,E7_34,E7_41,E7_42,E7_43,E7_44,E8_11,E8_12,E8_13,E8_14,E8_21,E8_22,E8_23,E8_24,E8_31,E8_32,E8_33,E8_34,E8_41,E8_42,E8_43,E8_44,F1_11,F1_12,F1_13,F1_14,F1_21,F1_22,F1_23,F1_24,F1_31,F1_32,F1_33,F1_34,F1_41,F1_42,F1_43,F1_44,F2_11,F2_12,F2_13,F2_14,F2_21,F2_22,F2_23,F2_24,F2_31,F2_32,F2_33,F2_34,F2_41,F2_42,F2_43,F2_44,F3_11,F3_12,F3_13,F3_14,F3_21,F3_22,F3_23,F3_24,F3_31,F3_32,F3_33,F3_34,F3_41,F3_42,F3_43,F3_44,F4_11,F4_12,F4_13,F4_14,F4_21,F4_22,F4_23,F4_24,F4_31,F4_32,F4_33,F4_34,F4_41,F4_42,F4_43,F4_44,F5_11,F5_12,F5_13,F5_14,F5_21,F5_22,F5_23,F5_24,F5_31,F5_32,F5_33,F5_34,F5_41,F5_42,F5_43,F5_44,F6_11,F6_12,F6_13,F6_14,F6_21,F6_22,F6_23,F6_24,F6_31,F6_32,F6_33,F6_34,F6_41,F6_42,F6_43,F6_44,F7_11,F7_12,F7_13,F7_14,F7_21,F7_22,F7_23,F7_24,F7_31,F7_32,F7_33,F7_34,F7_41,F7_42,F7_43,F7_44,F8_11,F8_12,F8_13,F8_14,F8_21,F8_22,F8_23,F8_24,F8_31,F8_32,F8_33,F8_34,F8_41,F8_42,F8_43,F8_44,
Activity Metrics
    Number of Spikes,999.000000,466.000000,1440.000000,1342.000000,802.000000,988.000000,1154.000000,1003.000000,1071.000000,68.000000,4.000000,469.000000,1574.000000,1376.000000,329.000000,197.000000,501.000000,285.000000,617.000000,100.000000,329.000000,911.000000,961.000000,653.000000,607.000000,754.000000,1175.000000,695.000000,21.000000,717.000000,440.000000,1112.000000,649.000000,516.000000,1022.000000,748.000000,350.000000,967.000000,873.000000,706.000000,729.000000,977.000000,723.000000,1158.000000,1084.000000,762.000000,1651.000000,1248.000000,449.000000,137.000000,627.000000,15.000000,742.000000,664.000000,708.000000,659.000000,1081.000000,649.000000,975.000000,431.000000,774.000000,1269.000000,279.000000,377.000000,615.000000,1259.000000,58.000000,1339.000000,14.000000,583.000000,1206.000000,1509.000000,523.000000,1293.000000,451.000000,872.000000,587.000000,1247.000000,321.000000,649.000000,950.000000,102.000000,163.000000,1069.000000,35.000000,403.000000,913.000000,192.000000,887.000000,942.000000,1020.000000,886.000000,881.000000,604.000000,1064.000000,159.000000,1068.000000,876.000000,1312.000000,184.000000,429.000000,213.000000,939.000000,797.000000,848.000000,800.000000,445.000000,1139.000000,158.000000,1193.000000,413.000000,232.000000,123.000000,377.000000,49.000000,207.000000,0.000000,565.000000,738.000000,153.000000,563.000000,434.000000,994.000000,63.000000,736.000000,1.000000,739.000000,653.000000,10.000000,986.000000,1195.000000,1258.000000,788.000000,208.000000,1192.000000,1270.000000,1280.000000,1232.000000,75.000000,956.000000,206.000000,9.000000,433.000000,1388.000000,291.000000,11.000000,357.000000,345.000000,749.000000,1045.000000,830.000000,174.000000,784.000000,1147.000000,1121.000000,683.000000,664.000000,1483.000000,505.000000,925.000000,378.000000,578.000000,626.000000,827.000000,499.000000,860.000000,456.000000,155.000000,52.000000,98.000000,298.000000,79.000000,23.000000,47.000000,78.000000,610.000000,713.000000,288.000000,476.000000,714.000000,773.000000,628.000000,754.000000,558.000000,665.000000,718.000000,1017.000000,576.000000,241.000000,1106.000000,198.000000,376.000000,833.000000,1018.000000,786.000000,867.000000,213.000000,397.000000,93.000000,746.000000,559.000000,868.000000,777.000000,823.000000,568.000000,728.000000,790.000000,1013.000000,351.000000,433.000000,71.000000,715.000000,566.000000,206.000000,791.000000,922.000000,705.000000,628.000000,690.000000,738.000000,1268.000000,615.000000,910.000000,1333.000000,946.000000,1060.000000,655.000000,637.000000,407.000000,400.000000,943.000000,379.000000,218.000000,423.000000,1176.000000,1080.000000,682.000000,847.000000,706.000000,150.000000,560.000000,526.000000,99.000000,485.000000,586.000000,543.000000,172.000000,25.000000,738.000000,836.000000,784.000000,907.000000,927.000000,783.000000,548.000000,924.000000,569.000000,1073.000000,1060.000000,483.000000,776.000000,68.000000,706.000000,668.000000,322.000000,394.000000,681.000000,652.000000,2141.000000,816.000000,500.000000,471.000000,1045.000000,1444.000000,160.000000,2029.000000,1207.000000,629.000000,1483.000000,1181.000000,790.000000,1833.000000,826.000000,2071.000000,1764.000000,622.000000,346.000000,384.000000,1412.000000,1061.000000,931.000000,1298.000000,980.000000,1310.000000,368.000000,842.000000,298.000000,0.000000,881.000000,115.000000,1405.000000,790.000000,0.000000,660.000000,793.000000,737.000000,463.000000,578.000000,585.000000,412.000000,493.000000,661.000000,645.000000,976.000000,692.000000,432.000000,458.000000,281.000000,361.000000,585.000000,405.000000,505.000000,195.000000,332.000000,140.000000,232.000000,54.000000,618.000000,528.000000,582.000000,831.000000,307.000000,460.000000,686.000000,357.000000,189.000000,169.000000,579.000000,1036.000000,311.000000,511.000000,985.000000,547.000000,1773.000000,444.000000,1086.000000,1328.000000,757.000000,1341.000000,1155.000000,936.000000,542.000000,388.000000,373.000000,220.000000,748.000000,761.000000,344.000000,845.000000,899.000000,1025.000000,1033.000000,521.000000,400.000000,845.000000,636.000000,557.000000,840.000000,339.000000,458.000000,307.000000,874.000000,173.000000,807.000000,642.000000,626.000000,1412.000000,868.000000,383.000000,1692.000000,1421.000000,423.000000,348.000000,973.000000,935.000000,1509.000000,667.000000,1085.000000,442.000000,248.000000,927.000000,120.000000,656.000000,1007.000000,343.000000,466.000000,841.000000,563.000000,518.000000,511.000000,687.000000,851.000000,1253.000000,439.000000,270.000000,1146.000000,1166.000000,885.000000,1264.000000,840.000000,372.000000,85.000000,436.000000,974.000000,806.000000,759.000000,910.000000,790.000000,1266.000000,766.000000,836.000000,993.000000,1114.000000,458.000000,923.000000,1282.000000,519.000000,1295.000000,718.000000,841.000000,848.000000,1710.000000,55.000000,748.000000,1671.000000,722.000000,956.000000,682.000000,2029.000000,776.000000,408.000000,1108.000000,197.000000,616.000000,2263.000000,517.000000,1003.000000,272.000000,1.000000,677.000000,646.000000,421.000000,741.000000,509.000000,692.000000,580.000000,721.000000,450.000000,223.000000,370.000000,1231.000000,348.000000,551.000000,207.000000,480.000000,439.000000,1502.000000,1048.000000,968.000000,1754.000000,674.000000,488.000000,723.000000,1241.000000,1057.000000,211.000000,1113.000000,973.000000,780.000000,934.000000,463.000000,277.000000,895.000000,1301.000000,810.000000,107.000000,217.000000,650.000000,277.000000,558.000000,920.000000,370.000000,499.000000,1049.000000,531.000000,478.000000,33.000000,795.000000,619.000000,424.000000,1356.000000,475.000000,1745.000000,618.000000,1156.000000,766.000000,1112.000000,743.000000,264.000000,119.000000,1056.000000,503.000000,1906.000000,1801.000000,1815.000000,1698.000000,1461.000000,1449.000000,634.000000,1155.000000,1732.000000,662.000000,48.000000,2.000000,110.000000,60.000000,58.000000,698.000000,815.000000,818.000000,544.000000,929.000000,627.000000,1263.000000,926.000000,474.000000,549.000000,773.000000,553.000000,322.000000,395.000000,840.000000,45.000000,633.000000,295.000000,270.000000,401.000000,312.000000,555.000000,420.000000,4837.000000,724.000000,207.000000,327.000000,523.000000,488.000000,455.000000,77.000000,536.000000,242.000000,1824.000000,98.000000,315.000000,1108.000000,1085.000000,803.000000,409.000000,603.000000,1615.000000,812.000000,785.000000,824.000000,681.000000,368.000000,965.000000,298.000000,918.000000,18.000000,850.000000,536.000000,761.000000,745.000000,716.000000,520.000000,448.000000,721.000000,793.000000,646.000000,324.000000,538.000000,932.000000,1077.000000,783.000000,1152.000000,287.000000,848.000000,348.000000,1101.000000,877.000000,1110.000000,411.000000,1043.000000,1205.000000,554.000000,1038.000000,782.000000,1179.000000,437.000000,9.000000,258.000000,841.000000,765.000000,784.000000,901.000000,322.000000,470.000000,382.000000,923.000000,1055.000000,1134.000000,1028.000000,1101.000000,850.000000,405.000000,1083.000000,375.000000,812.000000,859.000000,2158.000000,735.000000,678.000000,915.000000,1177.000000,980.000000,1269.000000,2223.000000,2569.000000,1216.000000,1526.000000,787.000000,768.000000,679.000000,338.000000,400.000000,86.000000,571.000000,881.000000,753.000000,998.000000,1205.000000,1091.000000,576.000000,30.000000,671.000000,832.000000,888.000000,198.000000,1007.000000,776.000000,594.000000,826.000000,972.000000,1069.000000,500.000000,119.000000,661.000000,851.000000,871.000000,1048.000000,1048.000000,743.000000,615.000000,1771.000000,694.000000,801.000000,1309.000000,1116.000000,982.000000,964.000000,1418.000000,642.000000,771.000000,302.000000,1534.000000,404.000000,1130.000000,1395.000000,1374.000000,727.000000,766.000000,1393.000000,122.000000,860.000000,401.000000,535.000000,1080.000000,622.000000,1063.000000,931.000000,831.000000,1242.000000,62.000000,1328.000000,857.000000,294.000000,525.000000,795.000000,707.000000,1089.000000,702.000000,940.000000,544.000000,680.000000,766.000000,908.000000,1127.000000,932.000000,1116.000000,322.000000,192.000000,727.000000,847.000000,936.000000,323.000000,1244.000000,626.000000,737.000000,178.000000,1273.000000,867.000000,500.000000,567.000000,1531.000000,1325.000000,851.000000,814.000000,514.000000,1123.000000,422.000000,348.000000,980.000000,1099.000000,640.000000,1068.000000,717.000000,1000.000000,643.000000,489.000000,70.000000,777.000000,721.000000,814.000000,87.000000,288.000000,348.000000,567.000000,1182.000000,1762.000000,815.000000,819.000000,94.000000,453.000000,672.000000,279.000000,1298.000000,169.000000,994.000000,943.000000
    Mean Firing Rate (Hz),1.665000,0.776667,2.400000,2.236667,1.336667,1.646667,1.923333,1.671667,1.785000,0.113333,0.006667,0.781667,2.623333,2.293333,0.548333,0.328333,0.835000,0.475000,1.028333,0.166667,0.548333,1.518333,1.601667,1.088333,1.011667,1.256667,1.958333,1.158333,0.035000,1.195000,0.733333,1.853333,1.081667,0.860000,1.703333,1.246667,0.583333,1.611667,1.455000,1.176667,1.215000,1.628333,1.205000,1.930000,1.806667,1.270000,2.751667,2.080000,0.748333,0.228333,1.045000,0.025000,1.236667,1.106667,1.180000,1.098333,1.801667,1.081667,1.625000,0.718333,1.290000,2.115000,0.465000,0.628333,1.025000,2.098333,0.096667,2.231667,0.023333,0.971667,2.010000,2.515000,0.871667,2.155000,0.751667,1.453333,0.978333,2.078333,0.535000,1.081667,1.583333,0.170000,0.271667,1.781667,0.058333,0.671667,1.521667,0.320000,1.478333,1.570000,1.700000,1.476667,1.468333,1.006667,1.773333,0.265000,1.780000,1.460000,2.186667,0.306667,0.715000,0.355000,1.565000,1.328333,1.413333,1.333333,0.741667,1.898333,0.263333,1.988333,0.688333,0.386667,0.205000,0.628333,0.081667,0.345000,0.000000,0.941667,1.230000,0.255000,0.938333,0.723333,1.656667,0.105000,1.226667,0.001667,1.231667,1.088333,0.016667,1.643333,1.991667,2.096667,1.313333,0.346667,1.986667,2.116667,2.133333,2.053333,0.125000,1.593333,0.343333,0.015000,0.721667,2.313333,0.485000,0.018333,0.595000,0.575000,1.248333,1.741667,1.383333,0.290000,1.306667,1.911667,1.868333,1.138333,1.106667,2.471667,0.841667,1.541667,0.630000,0.963333,1.043333,1.378333,0.831667,1.433333,0.760000,0.258333,0.086667,0.163333,0.496667,0.131667,0.038333,0.078333,0.130000,1.016667,1.188333,0.480000,0.793333,1.190000,1.288333,1.046667,1.256667,0.930000,1.108333,1.196667,1.695000,0.960000,0.401667,1.843333,0.330000,0.626667,1.388333,1.696667,1.310000,1.445000,0.355000,0.661667,0.155000,1.243333,0.931667,1.446667,1.295000,1.371667,0.946667,1.213333,1.316667,1.688333,0.585000,0.721667,0.118333,1.191667,0.943333,0.343333,1.318333,1.536667,1.175000,1.046667,1.150000,1.230000,2.113333,1.025000,1.516667,2.221667,1.576667,1.766667,1.091667,1.061667,0.678333,0.666667,1.571667,0.631667,0.363333,0.705000,1.960000,1.800000,1.136667,1.411667,1.176667,0.250000,0.933333,0.876667,0.165000,0.808333,0.976667,0.905000,0.286667,0.041667,1.230000,1.393333,1.306667,1.511667,1.545000,1.305000,0.913333,1.540000,0.948333,1.788333,1.766667,0.805000,1.293333,0.113333,1.176667,1.113333,0.536667,0.656667,1.135000,1.086667,3.568333,1.360000,0.833333,0.785000,1.741667,2.406667,0.266667,3.381667,2.011667,1.048333,2.471667,1.968333,1.316667,3.055000,1.376667,3.451667,2.940000,1.036667,0.576667,0.640000,2.353333,1.768333,1.551667,2.163333,1.633333,2.183333,0.613333,1.403333,0.496667,0.000000,1.468333,0.191667,2.341667,1.316667,0.000000,1.100000,1.321667,1.228333,0.771667,0.963333,0.975000,0.686667,0.821667,1.101667,1.075000,1.626667,1.153333,0.720000,0.763333,0.468333,0.601667,0.975000,0.675000,0.841667,0.325000,0.553333,0.233333,0.386667,0.090000,1.030000,0.880000,0.970000,1.385000,0.511667,0.766667,1.143333,0.595000,0.315000,0.281667,0.965000,1.726667,0.518333,0.851667,1.641667,0.911667,2.955000,0.740000,1.810000,2.213333,1.261667,2.235000,1.925000,1.560000,0.903333,0.646667,0.621667,0.366667,1.246667,1.268333,0.573333,1.408333,1.498333,1.708333,1.721667,0.868333,0.666667,1.408333,1.060000,0.928333,1.400000,0.565000,0.763333,0.511667,1.456667,0.288333,1.345000,1.070000,1.043333,2.353333,1.446667,0.638333,2.820000,2.368333,0.705000,0.580000,1.621667,1.558333,2.515000,1.111667,1.808333,0.736667,0.413333,1.545000,0.200000,1.093333,1.678333,0.571667,0.776667,1.401667,0.938333,0.863333,0.851667,1.145000,1.418333,2.088333,0.731667,0.450000,1.910000,1.943333,1.475000,2.106667,1.400000,0.620000,0.141667,0.726667,1.623333,1.343333,1.265000,1.516667,1.316667,2.110000,1.276667,1.393333,1.655000,1.856667,0.763333,1.538333,2.136667,0.865000,2.158333,1.196667,1.401667,1.413333,2.850000,0.091667,1.246667,2.785000,1.203333,1.593333,1.136667,3.381667,1.293333,0.680000,1.846667,0.328333,1.026667,3.771667,0.861667,1.671667,0.453333,0.001667,1.128333,1.076667,0.701667,1.235000,0.848333,1.153333,0.966667,1.201667,0.750000,0.371667,0.616667,2.051667,0.580000,0.918333,0.345000,0.800000,0.731667,2.503333,1.746667,1.613333,2.923333,1.123333,0.813333,1.205000,2.068333,1.761667,0.351667,1.855000,1.621667,1.300000,1.556667,0.771667,0.461667,1.491667,2.168333,1.350000,0.178333,0.361667,1.083333,0.461667,0.930000,1.533333,0.616667,0.831667,1.748333,0.885000,0.796667,0.055000,1.325000,1.031667,0.706667,2.260000,0.791667,2.908333,1.030000,1.926667,1.276667,1.853333,1.238333,0.440000,0.198333,1.760000,0.838333,3.176667,3.001667,3.025000,2.830000,2.435000,2.415000,1.056667,1.925000,2.886667,1.103333,0.080000,0.003333,0.183333,0.100000,0.096667,1.163333,1.358333,1.363333,0.906667,1.548333,1.045000,2.105000,1.543333,0.790000,0.915000,1.288333,0.921667,0.536667,0.658333,1.400000,0.075000,1.055000,0.491667,0.450000,0.668333,0.520000,0.925000,0.700000,8.061667,1.206667,0.345000,0.545000,0.871667,0.813333,0.758333,0.128333,0.893333,0.403333,3.040000,0.163333,0.525000,1.846667,1.808333,1.338333,0.681667,1.005000,2.691667,1.353333,1.308333,1.373333,1.135000,0.613333,1.608333,0.496667,1.530000,0.030000,1.416667,0.893333,1.268333,1.241667,1.193333,0.866667,0.746667,1.201667,1.321667,1.076667,0.540000,0.896667,1.553333,1.795000,1.305000,1.920000,0.478333,1.413333,0.580000,1.835000,1.461667,1.850000,0.685000,1.738333,2.008333,0.923333,1.730000,1.303333,1.965000,0.728333,0.015000,0.430000,1.401667,1.275000,1.306667,1.501667,0.536667,0.783333,0.636667,1.538333,1.758333,1.890000,1.713333,1.835000,1.416667,0.675000,1.805000,0.625000,1.353333,1.431667,3.596667,1.225000,1.130000,1.525000,1.961667,1.633333,2.115000,3.705000,4.281667,2.026667,2.543333,1.311667,1.280000,1.131667,0.563333,0.666667,0.143333,0.951667,1.468333,1.255000,1.663333,2.008333,1.818333,0.960000,0.050000,1.118333,1.386667,1.480000,0.330000,1.678333,1.293333,0.990000,1.376667,1.620000,1.781667,0.833333,0.198333,1.101667,1.418333,1.451667,1.746667,1.746667,1.238333,1.025000,2.951667,1.156667,1.335000,2.181667,1.860000,1.636667,1.606667,2.363333,1.070000,1.285000,0.503333,2.556667,0.673333,1.883333,2.325000,2.290000,1.211667,1.276667,2.321667,0.203333,1.433333,0.668333,0.891667,1.800000,1.036667,1.771667,1.551667,1.385000,2.070000,0.103333,2.213333,1.428333,0.490000,0.875000,1.325000,1.178333,1.815000,1.170000,1.566667,0.906667,1.133333,1.276667,1.513333,1.878333,1.553333,1.860000,0.536667,0.320000,1.211667,1.411667,1.560000,0.538333,2.073333,1.043333,1.228333,0.296667,2.121667,1.445000,0.833333,0.945000,2.551667,2.208333,1.418333,1.356667,0.856667,1.871667,0.703333,0.580000,1.633333,1.831667,1.066667,1.780000,1.195000,1.666667,1.071667,0.815000,0.116667,1.295000,1.201667,1.356667,0.145000,0.480000,0.580000,0.945000,1.970000,2.936667,1.358333,1.365000,0.156667,0.755000,1.120000,0.465000,2.163333,0.281667,1.656667,1.571667
    ISI Coefficient of Variation,3.155718,1.986011,3.837815,3.644353,2.816349,3.527251,3.609767,3.069800,3.302757,1.060029, ,2.098536,3.889167,3.755979,1.866549,1.687697,2.131173,2.027275,2.386904,1.302592,2.305901,2.905730,2.940018,2.370700,2.365924,2.611140,3.328132,2.520341, ,2.558541,2.090511,1.455293,4.381726,3.879103,5.543662,4.719345,3.150859,5.387745,5.110329,4.577043,4.655012,5.416779,4.635529,5.911426,5.715945,4.763109,5.938237,6.144000,2.495664,1.333989,3.012973, ,3.328442,3.173256,3.219274,3.088020,4.031232,3.057892,3.816573,2.779047,3.452413,2.689864,2.338229,2.248605,2.820476,3.485182, ,3.601909, ,2.316275,3.391932,3.830783,2.127454,3.385280,2.810576,2.844582,2.269730,3.458302,1.817440,2.608841,3.950997,1.270736,1.397075,4.202361, ,2.483814,3.885523,1.579997,2.644377,3.940845,4.097133,3.789702,3.787821,3.105734,4.204958,2.111050,3.486111,3.113263,3.890201,1.422095,2.077189,1.349174,3.259061,2.976418,3.078759,2.979157,2.121448,3.607747,1.284278,3.684407,2.036295,1.446890,1.386608,2.643945, ,1.846439, ,3.315504,3.688089,1.529080,3.309636,2.871272,4.468167,1.171305,3.822658, ,3.829376,3.588840, ,2.926398,3.222037,3.309932,2.581168,1.139149,3.218599,3.292796,3.368709,3.286688,0.951859,2.818387,1.332740, ,1.792494,3.495109,2.188515, ,2.620027,2.442972,3.706930,4.418680,3.915528,1.576699,3.798833,4.640542,4.587878,3.532714,3.490764,5.283534,2.994784,4.164788,2.612682,3.311781,3.463143,3.863898,3.057534,3.923804,2.908577,1.491188, ,1.330154,2.423406,1.118977, , ,0.978204,3.410530,3.011322,1.794144,2.394099,2.996674,3.135135,2.802223,3.105851,2.625507,2.893851,3.018051,3.601711,2.667923,1.931593,3.813876,1.494746,2.065266,5.269499,5.918825,5.187121,5.453805,2.631529,3.619920,1.588000,4.955152,4.348382,5.458597,5.153960,5.311258,4.380830,4.939168,5.195505,5.909103,4.298875,4.800171,1.782543,6.206716,5.512139,3.243159,6.537467,5.762782,6.160587,5.811544,6.102753,6.308516,8.218334,5.743664,7.013308,7.722056,3.357062,3.577990,2.748882,2.642570,2.079045,2.056380,3.357542,2.036281,1.428388,2.123887,3.769026,3.605826,2.797353,3.109813,2.852159,1.065257,3.227857,3.138840,1.023713,2.995453,3.320609,3.194999,1.665099, ,3.760930,3.989733,3.889063,4.193226,4.216056,3.880913,3.210944,4.238639,2.353748,3.183690,3.434011,2.336886,2.894898,1.059038,2.743674,2.661566,1.802406,1.944676,2.691454,2.628224,2.279934,2.978033,2.251279,2.169681,5.957784,7.030893,2.174077,8.344651,6.420076,4.597994,7.124767,6.358632,4.065289,5.348950,5.285408,8.433048,7.771485,4.552576,3.360002,3.554035,6.412537,5.533636,5.177728,6.146049,5.311968,5.860255,3.436162,4.911864,2.881180, ,5.020566,1.678011,6.375268,4.744535, ,4.328184,7.553466,7.264104,5.819010,6.422725,6.483170,5.429792,5.928826,6.863260,2.994948,3.148472,6.992230,5.535914,5.711624,4.473129,5.121011,6.483893,3.260461,3.668510,2.149876,2.977073,1.746131,2.630346, ,4.088853,3.756800,3.959257,4.767990,2.794276,3.486310,4.322503,3.039803,2.118582,1.845430,3.422372,4.642047,2.571387,3.196114,4.527310,3.326861,6.120998,3.016700,4.763642,5.277372,3.941146,4.396875,4.900324,4.409135,3.309332,2.258293,2.174039,1.775305,3.231352,3.260299,2.066049,3.445962,3.560291,3.816824,3.832863,2.637431,2.265904,3.444966,2.927900,2.742041,3.425683,3.611993,4.224350,3.342927,5.323247,2.460538,5.615379,5.012148,4.942175,6.955869,5.776790,3.778168,8.086571,7.411552,4.052368,3.631735,6.123469,4.754493,5.527952,3.986369,4.006250,3.250205,2.326876,4.743626,1.514890,3.946814,4.726374,2.803896,3.341141,4.543141,3.678622,3.512764,3.527335,5.604258,6.229309,6.588004,4.450962,3.472122,7.256931,7.317366,6.356297,7.600808,6.115298,4.118717,1.931328,4.460349,6.683421,6.069389,5.838039,3.632838,3.365081,4.318170,3.305607,3.463816,3.807960,4.036426,2.482007,3.653200,4.331764,2.674879,4.362385,3.197750,3.474434,3.476098,5.037947, ,3.588383,5.315997,3.422762,3.975306,3.333363,5.861485,3.550516,2.566405,4.298432,1.639884,3.228234,6.217785,2.934077,4.116319,2.017306, ,4.871352,4.802515,3.827514,5.135855,4.237958,4.975260,4.565297,5.061635,4.010949,2.696094,3.583215,6.637654,3.459367,4.408514,2.597335,3.416647,3.227858,5.947921,5.060925,4.868642,6.542572,4.058831,3.443614,4.178923,5.481395,5.083504,2.162950,5.229114,4.897809,4.350835,4.789427,3.457015,2.599821,4.800513,5.709280,4.562274,1.486241,2.272705,4.128111,2.609800,3.803470,4.880248,3.074769,3.530232,5.203944,3.684415,3.521197, ,3.384071,3.115071,2.380839,4.467203,2.564758,5.070550,2.941649,4.113453,3.307732,4.040017,3.241094,2.060203,1.173365,3.934488,2.624082,4.525998,4.293306,4.417145,4.253650,3.937553,3.924680,2.500013,3.461385,4.308918,2.554906, , ,1.005618,1.723867, ,2.641057,3.817195,3.821619,3.067140,4.088196,3.314525,4.795042,3.029720,2.841009,3.081922,3.631436,3.091082,2.275229,2.560708,3.874539, ,3.331607,3.613551,3.444126,4.248979,3.716039,5.032281,4.355038,0.633731,5.342994,2.973363,3.553459,4.859397,4.703822,4.539359,1.740702,4.924992,3.241630,5.541553,2.191776,2.447675,4.288466,4.250003,3.650255,2.532462,3.126325,5.184716,3.628281,3.580912,3.705788,3.299897,2.426895,3.977442,2.145363,3.763806, ,3.634561,2.835572,3.419514,3.374388,3.286912,2.775608,2.553063,3.325707,3.499263,3.127584,2.107231,2.825754,3.810872,4.107094,3.356440,4.060514,1.873805,3.503675,2.215779,4.014203,3.552904,4.044925,2.329548,3.908616,4.213118,2.768537,3.858033,3.358551,4.146679,2.457709, ,3.640090,6.672936,6.352901,6.059386,6.906333,4.064971,4.749987,4.446725,6.997706,7.477575,7.757947,7.388564,7.650610,6.706643,4.630330,4.654675,2.723185,4.119495,4.248364,6.634305,3.783099,3.707469,4.272732,4.863077,4.558063,4.903608,6.647258,7.236655,4.935785,5.580321,3.983376,3.409997,3.108940,2.117856,2.308406,1.317346,2.827623,3.576826,3.287140,3.834510,4.211493,4.019975,2.843351, ,3.094492,3.186709,3.603484,1.483758,3.421663,2.964070,2.556582,3.078040,3.340232,3.530797,2.315738,1.107574,2.712127,3.131014,3.170856,3.494629,3.501830,2.828801,2.603021,4.668315,2.916805,3.057915,4.000490,3.673236,3.416898,3.400812,4.172250,2.710569,3.078836,1.735107,4.331825,2.071870,3.701288,4.142361,4.107168,2.744252,2.830688,3.922133,0.973979,3.021786,2.181992,2.310564,3.420855,2.521445,3.398709,3.162558,2.963728,3.686718,0.940560,3.794938,3.006943,2.275142,3.186071,3.988096,3.739462,4.696754,3.723861,4.353828,3.253768,3.661819,3.843310,4.270005,4.770549,4.328248,4.750181,2.438331,1.841860,3.193993,3.429547,3.657676,2.098522,4.256114,2.941119,3.214912,1.598322,4.296057,3.511076,2.589797,2.779158,4.730948,4.388090,3.470991,3.390187,2.346898,3.622799,2.198650,1.900762,3.354895,3.249863,2.668821,3.534131,2.847208,3.316797,2.673152,2.281869,0.870382,2.969940,2.855538,3.046833,1.143082,1.763737,2.264502,2.917003,4.329082,5.268402,3.551737,3.555346,1.351955,2.618362,3.226504,1.976206,4.530794,2.045911,3.945057,3.845414
Electrode Burst Metrics
    Number of Bursts,101.000000,22.000000,87.000000,104.000000,84.000000,64.000000,73.000000,68.000000,97.000000,0.000000,0.000000,32.000000,111.000000,94.000000,17.000000,14.000000,46.000000,36.000000,54.000000,9.000000,38.000000,69.000000,79.000000,65.000000,43.000000,69.000000,92.000000,58.000000,0.000000,53.000000,44.000000,66.000000,46.000000,37.000000,48.000000,46.000000,34.000000,46.000000,48.000000,48.000000,48.000000,48.000000,48.000000,48.000000,48.000000,48.000000,48.000000,48.000000,48.000000,7.000000,60.000000,0.000000,63.000000,55.000000,56.000000,66.000000,70.000000,53.000000,59.000000,42.000000,53.000000,68.000000,22.000000,39.000000,41.000000,74.000000,0.000000,97.000000,0.000000,40.000000,76.000000,89.000000,41.000000,84.000000,33.000000,67.000000,38.000000,92.000000,20.000000,42.000000,62.000000,2.000000,11.000000,63.000000,0.000000,45.000000,64.000000,11.000000,61.000000,63.000000,61.000000,63.000000,62.000000,57.000000,65.000000,14.000000,82.000000,74.000000,83.000000,11.000000,32.000000,7.000000,83.000000,79.000000,81.000000,75.000000,38.000000,84.000000,3.000000,84.000000,39.000000,13.000000,7.000000,44.000000,0.000000,13.000000,0.000000,49.000000,50.000000,6.000000,50.000000,46.000000,50.000000,1.000000,50.000000,0.000000,50.000000,50.000000,0.000000,106.000000,108.000000,108.000000,106.000000,4.000000,107.000000,105.000000,108.000000,107.000000,1.000000,96.000000,7.000000,0.000000,26.000000,108.000000,31.000000,0.000000,33.000000,42.000000,59.000000,65.000000,63.000000,4.000000,60.000000,65.000000,65.000000,65.000000,62.000000,65.000000,59.000000,65.000000,50.000000,52.000000,52.000000,52.000000,50.000000,52.000000,51.000000,11.000000,1.000000,7.000000,34.000000,4.000000,0.000000,0.000000,1.000000,52.000000,72.000000,27.000000,52.000000,61.000000,68.000000,50.000000,77.000000,64.000000,74.000000,70.000000,76.000000,62.000000,24.000000,75.000000,13.000000,26.000000,56.000000,56.000000,56.000000,55.000000,26.000000,40.000000,1.000000,54.000000,56.000000,56.000000,56.000000,55.000000,51.000000,56.000000,57.000000,53.000000,36.000000,36.000000,1.000000,37.000000,38.000000,26.000000,37.000000,38.000000,37.000000,37.000000,39.000000,37.000000,38.000000,36.000000,39.000000,37.000000,81.000000,81.000000,78.000000,78.000000,47.000000,47.000000,80.000000,36.000000,12.000000,42.000000,81.000000,81.000000,77.000000,78.000000,71.000000,0.000000,53.000000,53.000000,0.000000,51.000000,53.000000,53.000000,15.000000,0.000000,53.000000,53.000000,53.000000,53.000000,53.000000,53.000000,53.000000,53.000000,77.000000,88.000000,88.000000,47.000000,87.000000,0.000000,87.000000,84.000000,26.000000,42.000000,80.000000,83.000000,88.000000,87.000000,67.000000,63.000000,60.000000,60.000000,9.000000,60.000000,60.000000,55.000000,60.000000,36.000000,60.000000,60.000000,60.000000,60.000000,60.000000,60.000000,50.000000,49.000000,45.000000,45.000000,38.000000,45.000000,45.000000,42.000000,17.000000,40.000000,22.000000,0.000000,45.000000,7.000000,45.000000,24.000000,0.000000,42.000000,35.000000,32.000000,31.000000,34.000000,32.000000,32.000000,34.000000,32.000000,35.000000,35.000000,32.000000,34.000000,31.000000,26.000000,29.000000,35.000000,35.000000,38.000000,18.000000,35.000000,8.000000,23.000000,0.000000,40.000000,38.000000,40.000000,40.000000,34.000000,40.000000,40.000000,38.000000,27.000000,17.000000,50.000000,47.000000,37.000000,38.000000,47.000000,38.000000,51.000000,40.000000,49.000000,51.000000,49.000000,46.000000,50.000000,51.000000,40.000000,30.000000,31.000000,15.000000,68.000000,68.000000,30.000000,67.000000,70.000000,69.000000,70.000000,60.000000,48.000000,70.000000,63.000000,63.000000,66.000000,27.000000,32.000000,34.000000,34.000000,19.000000,36.000000,37.000000,37.000000,35.000000,35.000000,26.000000,35.000000,35.000000,27.000000,32.000000,35.000000,64.000000,63.000000,52.000000,63.000000,54.000000,16.000000,63.000000,5.000000,61.000000,61.000000,44.000000,53.000000,64.000000,52.000000,53.000000,62.000000,43.000000,43.000000,43.000000,43.000000,39.000000,43.000000,43.000000,43.000000,43.000000,30.000000,42.000000,6.000000,43.000000,43.000000,43.000000,43.000000,67.000000,61.000000,67.000000,65.000000,67.000000,67.000000,67.000000,40.000000,65.000000,67.000000,61.000000,67.000000,67.000000,62.000000,63.000000,67.000000,0.000000,60.000000,60.000000,60.000000,60.000000,60.000000,60.000000,60.000000,45.000000,60.000000,17.000000,60.000000,60.000000,57.000000,60.000000,25.000000,0.000000,34.000000,35.000000,33.000000,34.000000,35.000000,35.000000,35.000000,34.000000,35.000000,27.000000,34.000000,34.000000,32.000000,33.000000,28.000000,53.000000,50.000000,53.000000,53.000000,53.000000,53.000000,53.000000,53.000000,53.000000,53.000000,53.000000,17.000000,52.000000,53.000000,52.000000,53.000000,46.000000,33.000000,46.000000,46.000000,46.000000,6.000000,24.000000,46.000000,42.000000,46.000000,46.000000,45.000000,46.000000,46.000000,46.000000,46.000000,0.000000,65.000000,50.000000,44.000000,68.000000,49.000000,68.000000,56.000000,52.000000,57.000000,67.000000,62.000000,25.000000,4.000000,65.000000,52.000000,94.000000,94.000000,94.000000,90.000000,91.000000,83.000000,59.000000,79.000000,94.000000,43.000000,0.000000,0.000000,1.000000,0.000000,1.000000,70.000000,64.000000,64.000000,58.000000,64.000000,63.000000,64.000000,64.000000,64.000000,63.000000,64.000000,63.000000,46.000000,58.000000,64.000000,0.000000,64.000000,26.000000,26.000000,26.000000,26.000000,26.000000,26.000000,27.000000,27.000000,26.000000,25.000000,26.000000,26.000000,26.000000,7.000000,26.000000,25.000000,67.000000,10.000000,37.000000,67.000000,71.000000,63.000000,40.000000,43.000000,67.000000,47.000000,64.000000,41.000000,47.000000,36.000000,53.000000,30.000000,63.000000,0.000000,65.000000,59.000000,65.000000,65.000000,65.000000,60.000000,61.000000,65.000000,65.000000,61.000000,34.000000,60.000000,65.000000,65.000000,60.000000,67.000000,24.000000,67.000000,47.000000,67.000000,61.000000,67.000000,41.000000,67.000000,67.000000,54.000000,67.000000,61.000000,67.000000,48.000000,0.000000,34.000000,38.000000,38.000000,38.000000,38.000000,37.000000,38.000000,38.000000,38.000000,38.000000,38.000000,38.000000,38.000000,38.000000,38.000000,62.000000,51.000000,62.000000,62.000000,62.000000,58.000000,62.000000,61.000000,62.000000,62.000000,62.000000,62.000000,62.000000,62.000000,62.000000,62.000000,45.000000,60.000000,27.000000,41.000000,2.000000,50.000000,75.000000,63.000000,80.000000,82.000000,82.000000,50.000000,0.000000,57.000000,70.000000,70.000000,14.000000,82.000000,74.000000,64.000000,79.000000,82.000000,81.000000,57.000000,2.000000,74.000000,82.000000,82.000000,82.000000,82.000000,77.000000,73.000000,85.000000,74.000000,77.000000,82.000000,83.000000,81.000000,82.000000,82.000000,61.000000,73.000000,14.000000,85.000000,33.000000,83.000000,85.000000,85.000000,77.000000,84.000000,89.000000,3.000000,87.000000,42.000000,62.000000,85.000000,62.000000,89.000000,89.000000,67.000000,89.000000,0.000000,89.000000,68.000000,27.000000,29.000000,63.000000,63.000000,62.000000,52.000000,63.000000,61.000000,63.000000,61.000000,63.000000,63.000000,62.000000,63.000000,29.000000,13.000000,77.000000,78.000000,88.000000,28.000000,89.000000,72.000000,76.000000,6.000000,89.000000,84.000000,46.000000,66.000000,89.000000,89.000000,83.000000,87.000000,63.000000,81.000000,42.000000,24.000000,81.000000,81.000000,77.000000,81.000000,81.000000,81.000000,77.000000,65.000000,1.000000,80.000000,81.000000,81.000000,0.000000,6.000000,27.000000,45.000000,68.000000,68.000000,67.000000,63.000000,0.000000,44.000000,62.000000,14.000000,67.000000,17.000000,67.000000,67.000000
    Burst Duration - Avg (sec),0.050328,0.070044,0.104258,0.093587,0.054196,0.118915,0.111334,0.121941,0.047640, , ,0.048972,0.060434,0.081614,0.052904,0.055337,0.030376,0.032358,0.033059,0.016987,0.033000,0.041533,0.037905,0.029760,0.072986,0.039035,0.045226,0.037560, ,0.042557,0.037845,0.038977,0.139205,0.168026,0.160790,0.140096,0.144169,0.168254,0.162835,0.146548,0.117828,0.162712,0.137918,0.144450,0.138790,0.152770,0.129315,0.127363,0.044773,0.028000,0.048283, ,0.063366,0.067420,0.064624,0.071982,0.078315,0.098545,0.079333,0.081499,0.092850,0.086853,0.137178,0.070012,0.056860,0.063006, ,0.058993, ,0.062546,0.064768,0.067476,0.050632,0.062850,0.076344,0.053730,0.052383,0.063913,0.083432,0.047966,0.129236,0.029520,0.026676,0.112225, ,0.053004,0.064735,0.022400,0.071913,0.090255,0.142447,0.118630,0.095378,0.066090,0.070633,0.037520,0.070837,0.083216,0.078541,0.055382,0.077188,0.050171,0.046487,0.048119,0.057903,0.070087,0.092101,0.061128,0.035867,0.085346,0.044609,0.054074,0.275177,0.077609, ,0.225649, ,0.110896,0.101882,0.344840,0.099502,0.065423,0.099832,0.020480,0.114621, ,0.111870,0.103296, ,0.037263,0.069620,0.080600,0.030810,0.047760,0.050825,0.085424,0.044654,0.043948,0.022720,0.056105,0.017314, ,0.038591,0.061208,0.121938, ,0.085585,0.055697,0.116576,0.117070,0.113430,0.036220,0.110145,0.119924,0.113588,0.057962,0.063298,0.157578,0.151497,0.075222,0.060611,0.058415,0.043251,0.063517,0.052498,0.070034,0.046642,0.023818,0.018160,0.021703,0.088068,0.030160, , ,0.045680,0.053518,0.042089,0.033846,0.043160,0.055280,0.055340,0.060434,0.047598,0.037689,0.048025,0.051730,0.063783,0.053232,0.053040,0.059674,0.045612,0.074726,0.064236,0.156457,0.062630,0.109654,0.036723,0.140260,0.033520,0.161917,0.051119,0.088811,0.118863,0.162646,0.064703,0.087931,0.065409,0.178389,0.199182,0.117960,0.017200,0.174605,0.147055,0.054748,0.245038,0.245964,0.270156,0.239364,0.155557,0.206099,0.281318,0.288318,0.208437,0.291643,0.057239,0.045165,0.032431,0.033071,0.034597,0.028659,0.044136,0.038073,0.060907,0.047629,0.066558,0.057101,0.050596,0.043376,0.070790, ,0.094817,0.062838, ,0.061035,0.063668,0.044922,0.087451, ,0.063520,0.057002,0.061122,0.081417,0.096174,0.079656,0.058062,0.072700,0.033203,0.043240,0.039163,0.047733,0.030038, ,0.039194,0.031994,0.030846,0.027263,0.033526,0.026720,0.053434,0.037184,0.025269,0.028265,0.240275,0.260304,0.018098,0.295108,0.231789,0.093092,0.261668,0.338211,0.170417,0.296177,0.215801,0.268179,0.275639,0.146001,0.022213,0.036108,0.244187,0.247177,0.259059,0.247664,0.141447,0.372886,0.579534,0.235584,0.108189, ,0.264382,0.138251,0.248939,0.374747, ,0.247811,0.127986,0.132780,0.093388,0.118226,0.110775,0.065210,0.105144,0.153783,0.123257,0.106784,0.140702,0.092598,0.118201,0.094662,0.075912,0.098334,0.140361,0.151349,0.180076,0.088505,0.042070,0.080783, ,0.122754,0.094676,0.138336,0.164052,0.151024,0.150146,0.138374,0.118573,0.030519,0.102160,0.136630,0.256485,0.048530,0.221874,0.226586,0.276872,0.216245,0.102988,0.242756,0.231443,0.211833,0.269941,0.232675,0.203652,0.167768,0.080856,0.089228,0.092864,0.058360,0.062519,0.071475,0.076199,0.075163,0.082748,0.076783,0.065335,0.056818,0.068343,0.068017,0.064248,0.082366,0.117150,0.060583,0.049520,0.523628,0.073785,0.079162,0.071539,0.065628,0.559931,0.514343,0.063634,0.544912,0.540974,0.112844,0.066593,0.512231,0.066588,0.094923,0.200160,0.190965,0.070216,0.191230,0.091116,0.194320,0.104771,0.151317,0.073042,0.048337,0.081029,0.077208,0.102269,0.038489,0.058647,0.197429,0.194990,0.038214,0.030343,0.215468,0.187328,0.178367,0.198063,0.547547,0.059730,0.025813,0.060396,0.196499,0.179820,0.209088,0.066876,0.090969,0.091830,0.059781,0.088261,0.061692,0.093175,0.095302,0.091535,0.109885,0.040650,0.103906,0.057947,0.096404,0.103230,0.107054, ,0.072017,0.251647,0.227529,0.234677,0.047256,0.281104,0.125028,0.070985,0.117096,0.020598,0.052247,0.253224,0.063679,0.058324,0.040291, ,0.395673,0.214414,0.182720,0.143172,0.122507,0.142219,0.092987,0.179064,0.049499,0.131973,0.217471,0.366746,0.087780,0.242965,0.030517,0.041594,0.069293,0.251651,0.255205,0.157660,0.254965,0.078743,0.046572,0.220785,0.265294,0.256765,0.033642,0.251758,0.173595,0.248382,0.230602,0.070941,0.065292,0.242463,0.232955,0.134697,0.028760,0.041370,0.165414,0.023322,0.128800,0.211277,0.053426,0.226294,0.253892,0.074673,0.115028, ,0.056462,0.064090,0.045133,0.134920,0.056576,0.176209,0.135769,0.173971,0.154723,0.070265,0.156093,0.039658,0.048740,0.078506,0.133080,0.124831,0.123563,0.117865,0.138598,0.121424,0.135865,0.088156,0.149272,0.123071,0.182510, , ,0.015360, ,0.021840,0.113872,0.045139,0.051825,0.039343,0.058824,0.041190,0.073216,0.051770,0.032785,0.041526,0.051931,0.052371,0.024835,0.035481,0.058580, ,0.040243,0.090342,0.090080,0.078668,0.166012,0.182440,0.120114,0.104151,0.162930,0.111668,0.186627,0.187003,0.185902,0.119680,0.031680,0.161809,0.041978,0.223642,0.018016,0.046069,0.171606,0.076775,0.067345,0.043890,0.205193,0.218079,0.233956,0.100726,0.114261,0.252757,0.048033,0.248062,0.069987,0.103754, ,0.055644,0.058986,0.068383,0.080874,0.059993,0.052012,0.052723,0.055354,0.076954,0.064862,0.040875,0.072285,0.077111,0.082150,0.061384,0.069162,0.038277,0.052978,0.037300,0.092031,0.081314,0.064256,0.071214,0.075373,0.082371,0.068058,0.073140,0.051102,0.077741,0.060753, ,0.045741,0.204971,0.257293,0.213861,0.245781,0.045929,0.193019,0.197518,0.226596,0.285699,0.280674,0.232629,0.246840,0.248160,0.068451,0.252577,0.042221,0.066458,0.121954,0.282676,0.151546,0.049587,0.186384,0.076662,0.072018,0.252221,0.331606,0.249156,0.086796,0.240575,0.066241,0.071810,0.051937,0.056563,0.034868,0.019840,0.055282,0.059540,0.059227,0.053066,0.054366,0.050402,0.046805, ,0.050342,0.050365,0.050038,0.020331,0.060581,0.052746,0.041238,0.047892,0.050794,0.058947,0.042691,0.016280,0.061813,0.041931,0.042816,0.067773,0.052249,0.045813,0.037292,0.096880,0.060637,0.091384,0.087136,0.076500,0.081374,0.074569,0.089770,0.090650,0.073510,0.103080,0.074279,0.088696,0.082101,0.075717,0.078607,0.075004,0.042303,0.059258,0.028693,0.052127,0.040623,0.036938,0.056564,0.041954,0.045409,0.043062,0.061706,0.060294, ,0.055508,0.072436,0.040601,0.227743,0.111029,0.112093,0.145951,0.164786,0.129403,0.073793,0.113830,0.146577,0.144536,0.148394,0.147725,0.138452,0.213757,0.032837,0.047255,0.054015,0.052650,0.019826,0.055151,0.041932,0.055843,0.036613,0.067209,0.054333,0.062377,0.046303,0.074914,0.075682,0.057163,0.043619,0.035281,0.052718,0.045737,0.071440,0.063680,0.052392,0.040800,0.054101,0.036259,0.048042,0.045231,0.038478,0.008160,0.050597,0.037089,0.053264, ,0.088627,0.068566,0.171367,0.166001,0.188399,0.066577,0.127243, ,0.063533,0.063546,0.436669,0.169884,0.051986,0.172333,0.066552
    Burst Duration - Std (sec),0.034109,0.034699,0.083132,0.084882,0.085553,0.099752,0.109528,0.085539,0.036844, , ,0.036273,0.034203,0.068332,0.036307,0.125463,0.013298,0.013958,0.011544,0.004829,0.009070,0.016497,0.015857,0.013073,0.034667,0.016235,0.019595,0.017306, ,0.016957,0.031949,0.020410,0.441522,0.502271,0.410502,0.430447,0.381660,0.428450,0.419146,0.409178,0.335822,0.419001,0.425100,0.336830,0.354158,0.402010,0.280336,0.317772,0.086183,0.009308,0.072943, ,0.138172,0.035745,0.132715,0.145450,0.176127,0.168101,0.131722,0.170372,0.214579,0.190154,0.275144,0.168028,0.019259,0.049099, ,0.050053, ,0.050953,0.049959,0.051476,0.053864,0.047768,0.036460,0.049357,0.019277,0.058576,0.072054,0.020270,0.275138,0.001358,0.012487,0.226631, ,0.020401,0.054637,0.009554,0.117012,0.138855,0.275846,0.218676,0.175394,0.040459,0.051110,0.014630,0.028958,0.135170,0.110362,0.013576,0.032112,0.022917,0.021417,0.019541,0.081534,0.093818,0.174850,0.028763,0.026962,0.041642,0.022266,0.014878,0.665052,0.104073, ,0.650136, ,0.357539,0.243342,0.743799,0.340270,0.163274,0.113087, ,0.347109, ,0.304546,0.322518, ,0.017254,0.132822,0.136112,0.009093,0.063611,0.019105,0.150221,0.015818,0.016200, ,0.101345,0.003003, ,0.026028,0.032995,0.369937, ,0.182179,0.118563,0.283737,0.286520,0.285188,0.021124,0.305880,0.287826,0.289750,0.093434,0.126392,0.262877,0.521312,0.143249,0.060448,0.058195,0.013711,0.021307,0.028525,0.023676,0.018971,0.012568, ,0.007872,0.039524,0.008853, , , ,0.017910,0.024591,0.016073,0.014102,0.029880,0.040634,0.036792,0.012358,0.015810,0.041350,0.030021,0.043822,0.043066,0.019167,0.016960,0.031646,0.042492,0.039869,0.327371,0.042090,0.211724,0.016409,0.398136, ,0.319401,0.034228,0.134065,0.223100,0.330480,0.057408,0.147649,0.043167,0.349152,0.598388,0.324336, ,0.499896,0.451231,0.115813,0.551777,0.491154,0.579507,0.569000,0.430180,0.432650,0.497507,0.691487,0.458216,0.596267,0.036884,0.016024,0.010088,0.009858,0.019741,0.009528,0.020589,0.015334,0.040628,0.012420,0.041604,0.028855,0.017720,0.016651,0.048460, ,0.165055,0.123271, ,0.042035,0.048269,0.030313,0.223223, ,0.043069,0.032051,0.042688,0.199744,0.174612,0.141301,0.135541,0.127490,0.020951,0.015796,0.016701,0.022957,0.009807, ,0.016787,0.015550,0.012713,0.007480,0.013478,0.010510,0.015584,0.013476,0.007665,0.008312,0.476748,0.517123,0.004659,0.496216,0.521530,0.039792,0.501929,0.649828,0.336451,0.510144,0.521089,0.463870,0.420409,0.330886,0.005400,0.027389,0.506297,0.538291,0.557353,0.513065,0.218001,0.566069,0.616367,0.438235,0.119787, ,0.541986,0.199748,0.514078,0.563372, ,0.516321,0.241960,0.240774,0.120718,0.255552,0.155123,0.081173,0.242641,0.311564,0.241957,0.239891,0.249397,0.147810,0.168201,0.171225,0.127628,0.141596,0.431036,0.420199,0.411734,0.029837,0.031499,0.079751, ,0.319644,0.114205,0.402800,0.412896,0.437581,0.417179,0.419367,0.336777,0.024361,0.120109,0.355255,0.502048,0.015891,0.495210,0.453129,0.493531,0.417865,0.201801,0.492592,0.411202,0.422138,0.491102,0.473214,0.407337,0.258783,0.135100,0.177644,0.179854,0.127367,0.104586,0.022938,0.134544,0.165584,0.171431,0.135241,0.111215,0.145401,0.141530,0.130701,0.103842,0.134873,0.085487,0.036575,0.032885,0.750728,0.050983,0.045068,0.046453,0.039363,0.779451,0.747500,0.048624,0.762747,0.793805,0.051206,0.069254,0.756604,0.149378,0.221669,0.389473,0.438118,0.265142,0.661036,0.364996,0.375226,0.455081,0.324450,0.275053,0.102257,0.295432,0.276697,0.473738,0.036135,0.013796,0.488790,0.428077,0.016568,0.009605,0.484439,0.357371,0.410235,0.420377,0.585453,0.030209,0.007723,0.015660,0.479787,0.492055,0.524057,0.073915,0.062343,0.049575,0.033413,0.123514,0.014906,0.124022,0.115110,0.069628,0.124512,0.010699,0.127959,0.016768,0.087270,0.097249,0.126491, ,0.026789,0.521023,0.522442,0.416784,0.009665,0.501509,0.267524,0.042869,0.236560,0.005372,0.040528,0.531497,0.021258,0.008609,0.021906, ,0.464803,0.099496,0.339134,0.260414,0.231065,0.134282,0.017099,0.322832,0.010036,0.171029,0.266446,0.433947,0.145181,0.295851,0.011411,0.011195,0.109742,0.465399,0.476694,0.296044,0.495306,0.074971,0.015569,0.457845,0.489723,0.499138,0.011900,0.471395,0.321078,0.500816,0.494442,0.139881,0.068694,0.530151,0.492306,0.234860,0.014550,0.014948,0.219635,0.011689,0.234648,0.506273,0.136108,0.640382,0.625579,0.153114,0.215640, ,0.065742,0.049178,0.024761,0.250068,0.053978,0.297511,0.267702,0.335989,0.285133,0.043059,0.244660,0.035447,0.039257,0.091019,0.274202,0.258885,0.278423,0.241616,0.313934,0.280104,0.305428,0.206066,0.298286,0.279173,0.400104, , , , , ,0.296102,0.010702,0.010554,0.011860,0.011699,0.014494,0.010986,0.013607,0.010200,0.015789,0.014726,0.017895,0.006030,0.011442,0.017795, ,0.010019,0.164313,0.172953,0.150324,0.400071,0.426525,0.248011,0.153322,0.337752,0.227265,0.414650,0.423399,0.377124,0.331948,0.025136,0.390152,0.057467,0.377789,0.004518,0.009608,0.321173,0.051338,0.026228,0.012736,0.371107,0.368054,0.355033,0.170370,0.044897,0.370097,0.015715,0.391623,0.029658,0.174937, ,0.020047,0.013490,0.137303,0.133684,0.021321,0.023917,0.138152,0.017780,0.122832,0.018059,0.009640,0.150956,0.141288,0.141259,0.027671,0.024667,0.010525,0.025498,0.009893,0.100041,0.037899,0.010477,0.124592,0.032600,0.101153,0.113015,0.103515,0.013733,0.052786,0.021261, ,0.019075,0.538078,0.554387,0.554389,0.549391,0.028552,0.489293,0.524774,0.563143,0.545747,0.545331,0.531646,0.539878,0.551526,0.123183,0.571397,0.014434,0.036090,0.039588,0.582447,0.237784,0.012154,0.405603,0.048680,0.031606,0.573492,0.541325,0.418319,0.046768,0.547565,0.006991,0.041465,0.032758,0.020776,0.020059,0.002150,0.054653,0.027707,0.023286,0.026497,0.024007,0.017794,0.019787, ,0.047316,0.033161,0.030159,0.005748,0.068154,0.033068,0.061452,0.050379,0.059391,0.052613,0.068453,0.002546,0.072864,0.051581,0.048342,0.064105,0.069796,0.052216,0.026004,0.178786,0.059046,0.199369,0.194968,0.161481,0.190834,0.187061,0.190247,0.223630,0.059697,0.255328,0.148429,0.299434,0.187393,0.186758,0.186132,0.099944,0.015665,0.018330,0.012499,0.017213,0.014489,0.012010,0.013663,0.019158,0.016586,0.013198,0.021093,0.024382, ,0.023707,0.041129,0.013997,0.467582,0.276571,0.220505,0.347081,0.381716,0.298024,0.097640,0.290702,0.369619,0.349305,0.360445,0.319992,0.353144,0.455921,0.032294,0.051434,0.055212,0.056229,0.005429,0.054636,0.031590,0.056447,0.029606,0.037723,0.055637,0.038430,0.033880,0.062852,0.062553,0.041912,0.029105,0.065822,0.063751,0.036389,0.224361,0.116347,0.076186,0.050300,0.121508,0.069721,0.057931,0.060417,0.052855, ,0.124388,0.059992,0.121264, ,0.031890,0.020634,0.351755,0.353425,0.368958,0.020102,0.275092, ,0.035465,0.038392,0.552476,0.345628,0.012806,0.383420,0.045280
    Number of Spikes per Burst - Avg,9.099010,6.909091,14.586207,12.144231,7.952381,13.750000,14.191781,11.073529,10.288660, , ,6.250000,13.765766,13.585106,7.176471,6.142857,7.543478,6.555556,8.833333,4.777778,7.315789,11.347826,10.898734,8.184615,10.697674,8.942029,11.934783,10.017241, ,10.509434,7.750000,8.151515,13.913043,12.729730,21.083333,15.956522,8.500000,20.782609,18.145833,14.500000,14.729167,20.270833,14.937500,22.416667,21.500000,15.791667,25.229167,23.500000,7.354167,4.428571,9.600000, ,10.968254,11.309091,11.464286,9.333333,15.157143,10.792453,15.338983,9.285714,13.094340,15.176471,8.409091,6.948718,12.439024,14.500000, ,12.989691, ,8.775000,13.763158,15.561798,7.707317,12.250000,11.151515,10.462687,9.763158,12.217391,7.600000,11.714286,15.209677,4.500000,4.545455,16.523810, ,7.955556,14.125000,4.454545,11.180328,14.698413,16.459016,13.873016,13.967742,9.859649,16.184615,5.357143,12.804878,11.121622,15.674699,6.090909,7.843750,5.285714,11.216867,9.734177,10.234568,10.080000,7.605263,13.369048,4.666667,13.952381,6.410256,6.000000,5.714286,7.704545, ,7.692308, ,11.346939,14.160000,7.000000,11.120000,8.934783,19.080000,4.000000,14.700000, ,14.380000,13.040000, ,9.160377,10.814815,11.490741,7.339623,4.500000,10.943925,11.847619,11.796296,11.280374,4.000000,9.010417,4.142857, ,5.884615,12.490741,6.032258, ,7.212121,6.333333,12.169492,16.000000,12.952381,4.750000,12.633333,17.584615,17.200000,10.153846,10.306452,22.569231,8.254237,14.076923,7.380000,11.019231,11.903846,15.346154,9.780000,16.173077,8.764706,4.272727,4.000000,4.714286,7.323529,4.500000, , ,4.000000,11.557692,9.486111,6.185185,7.423077,10.639344,10.764706,10.420000,9.779221,7.828125,8.675676,9.657143,13.184211,8.177419,6.583333,14.533333,5.615385,7.269231,14.125000,18.017857,13.535714,14.909091,5.384615,7.950000,4.000000,13.518519,9.767857,15.142857,13.446429,14.872727,10.294118,12.607143,13.385965,18.660377,9.416667,11.305556,4.000000,18.486486,14.473684,6.230769,21.162162,23.842105,18.891892,16.864865,17.538462,19.405405,32.631579,16.861111,23.051282,34.243243,11.604938,13.037037,8.230769,7.935897,6.063830,5.851064,11.587500,6.055556,5.750000,6.380952,14.370370,13.209877,8.597403,10.564103,9.197183, ,10.396226,9.905660, ,8.980392,10.641509,9.962264,5.533333, ,13.471698,15.207547,14.377358,16.773585,17.169811,14.584906,10.264151,17.150943,6.636364,11.511364,11.852273,7.404255,8.839080, ,8.011494,7.678571,5.307692,5.642857,8.062500,7.578313,15.886364,9.298851,6.253731,5.984127,16.850000,23.733333,4.222222,33.566667,19.633333,10.527273,24.316667,29.666667,12.283333,29.850000,13.433333,32.733333,28.983333,9.600000,5.860000,6.346939,31.200000,23.466667,23.578947,28.800000,20.622222,28.571429,19.235294,20.000000,10.681818, ,19.555556,5.000000,30.933333,28.875000, ,15.357143,22.571429,22.250000,14.612903,16.500000,17.750000,12.437500,14.235294,20.281250,14.771429,16.342857,21.000000,12.294118,14.129032,9.538462,11.896552,16.514286,10.857143,12.815789,6.888889,9.114286,5.750000,7.608696, ,15.275000,12.973684,14.300000,20.500000,8.147059,11.275000,17.125000,8.894737,5.296296,5.823529,11.120000,21.489362,7.486486,11.868421,20.170213,13.000000,32.470588,10.225000,21.938776,25.627451,15.061224,27.282609,22.780000,18.000000,12.425000,8.533333,7.645161,7.000000,10.838235,11.029412,6.800000,12.358209,12.771429,14.739130,14.557143,8.050000,6.625000,12.000000,9.476190,8.333333,12.121212,11.740741,13.437500,8.000000,22.470588,6.368421,20.472222,16.486486,16.270270,39.371429,24.600000,11.192308,47.228571,40.228571,14.407407,9.500000,27.628571,14.109375,20.825397,11.500000,16.047619,7.555556,6.375000,13.746032,5.600000,10.327869,14.737705,6.227273,7.792453,13.109375,9.903846,9.000000,8.016129,15.186047,19.348837,28.279070,9.813953,6.384615,26.511628,26.674419,19.953488,26.116279,23.433333,8.642857,5.333333,9.930233,22.395349,18.651163,17.186047,13.328358,12.606557,18.611940,11.123077,12.388060,14.492537,16.477612,9.275000,13.861538,19.014925,8.049180,19.089552,10.567164,13.096774,12.825397,25.283582, ,12.383333,27.433333,11.716667,15.716667,10.750000,33.483333,11.833333,7.866667,16.916667,4.764706,9.883333,37.466667,8.789474,16.283333,5.680000, ,19.882353,18.171429,12.181818,19.558824,14.371429,19.342857,16.400000,20.264706,12.828571,6.851852,10.823529,35.823529,9.968750,16.303030,6.107143,8.867925,8.280000,27.924528,19.396226,17.113208,32.792453,11.962264,8.981132,13.396226,22.716981,19.679245,5.176471,21.038462,17.773585,14.788462,17.396226,9.934783,6.575758,19.000000,27.434783,16.586957,4.500000,5.791667,13.913043,5.809524,11.934783,19.586957,7.844444,10.826087,22.152174,10.652174,10.173913, ,11.323077,11.500000,7.500000,19.500000,7.918367,24.941176,9.857143,20.403846,12.438596,15.328358,11.338710,7.000000,4.500000,15.153846,8.230769,19.936170,18.712766,19.117021,18.433333,15.835165,16.771084,8.186441,13.481013,18.244681,10.348837, , ,4.000000, ,4.000000,8.400000,12.640625,12.703125,8.896552,14.468750,9.761905,19.515625,13.328125,7.359375,8.555556,11.968750,8.619048,5.826087,6.310345,13.078125, ,9.750000,11.153846,10.076923,14.769231,11.923077,21.269231,15.615385,20.000000,21.851852,7.884615,11.440000,20.000000,18.692308,16.538462,4.571429,20.346154,8.920000,26.940299,4.400000,7.540541,16.179104,14.873239,11.650794,8.250000,11.720930,23.791045,15.361702,11.546875,17.390244,12.829787,7.638889,16.905660,7.033333,14.365079, ,12.938462,8.728814,11.646154,11.338462,10.861538,8.183333,7.065574,10.984615,12.169231,10.262295,6.264706,8.466667,14.261538,16.353846,12.450000,16.865672,5.375000,12.552239,6.212766,16.402985,13.786885,16.373134,7.170732,15.477612,17.805970,9.111111,15.402985,12.311475,17.417910,7.895833, ,6.852941,21.657895,19.921053,20.157895,23.526316,7.891892,12.289474,9.947368,24.210526,27.526316,29.263158,26.342105,28.657895,22.315789,10.447368,16.838710,6.411765,12.548387,13.725806,33.741935,11.379310,10.612903,13.950820,17.225806,15.290323,20.000000,35.274194,35.758065,17.790323,24.274194,12.290323,15.311111,9.750000,6.296296,7.073171,4.000000,9.440000,11.040000,10.492063,12.300000,14.560976,13.207317,9.240000, ,10.035088,10.985714,11.857143,4.714286,12.121951,9.608108,8.031250,10.253165,11.731707,12.814815,7.578947,5.000000,8.405405,10.317073,10.573171,12.695122,12.682927,8.857143,7.506849,20.564706,8.729730,9.740260,15.585366,12.855422,11.777778,11.621951,17.012195,8.606557,9.739726,6.142857,17.447059,6.242424,13.373494,16.211765,15.988235,8.714286,8.773810,15.629213,4.666667,9.678161,7.547619,7.322581,12.352941,8.080645,11.932584,10.449438,11.074627,13.876404, ,14.730337,11.117647,5.888889,13.275862,12.492063,10.984127,17.403226,12.480769,14.857143,8.557377,10.634921,12.262295,14.333333,17.809524,14.919355,17.412698,7.413793,5.230769,8.831169,10.128205,10.522727,5.428571,13.898876,7.819444,9.092105,4.666667,14.022472,9.976190,7.543478,7.060606,17.044944,14.842697,9.807229,9.103448,7.063492,13.740741,6.571429,6.916667,11.938272,12.049383,8.077922,13.172840,8.827160,11.987654,8.077922,6.538462,4.000000,9.600000,8.876543,10.024691, ,6.666667,7.962963,10.022222,17.264706,25.735294,11.417910,12.000000, ,7.909091,9.854839,9.000000,19.074627,5.529412,14.671642,13.313433
    Number of Spikes per Burst - Std,3.843189,1.630340,6.458367,4.120558,2.674758,6.200358,8.142238,5.348500,4.736733, , ,1.626395,5.846452,6.695223,2.351470,1.833750,1.409594,1.538913,2.400865,0.971825,1.337712,3.555551,3.767591,1.951700,3.218510,2.656203,4.171606,2.928932, ,2.366616,2.343968,1.782327,25.640095,22.999576,33.297392,28.869020,8.518251,32.349421,20.185301,16.223178,6.269615,26.150741,27.480288,39.027450,39.082564,17.818181,38.654079,38.321707,1.792295,0.786796,2.853484, ,9.940092,3.542717,5.711119,5.567304,14.254047,3.427033,6.892300,2.915775,11.915188,13.286668,6.044747,3.379105,4.225215,6.606866, ,6.080184, ,2.655304,5.691792,6.959224,1.819944,5.288940,3.183171,4.057647,2.645079,5.179898,1.875044,4.007832,18.583561,0.707107,0.522233,8.063972, ,1.551474,3.565710,0.687552,2.837300,4.654637,11.989681,6.437020,5.633529,2.371246,3.404465,1.081818,4.161668,7.084524,5.473012,1.044466,2.397706,1.253566,4.564038,2.858675,4.433598,2.720095,2.945812,3.431884,1.154701,4.784273,1.601282,1.000000,3.683942,4.083885, ,5.513387, ,11.910344,11.274606,4.939636,15.570301,8.064744,15.397906, ,16.373510, ,22.841861,10.534608, ,2.165253,3.673976,6.131724,1.031751,1.000000,2.583809,9.692167,2.413975,2.277016, ,3.284717,0.377964, ,0.951921,2.381766,2.344979, ,4.255567,1.995931,14.044452,11.317851,14.631416,0.957427,18.775179,11.931959,25.708826,4.236120,7.130145,16.276871,5.519849,6.325315,1.817040,2.137347,2.483353,3.714754,2.682445,3.644610,1.715672,0.646670, ,1.496026,1.886484,0.577350, , , ,2.226520,2.420529,1.272098,1.695972,4.033331,3.758047,3.429107,1.552785,2.104830,2.171472,2.321205,4.184768,1.946196,1.691839,4.822059,1.445595,1.888019,2.828829,12.852295,2.960125,7.066543,1.098250,2.800641, ,9.553703,2.053742,4.029115,4.611920,9.907077,4.036306,3.601407,3.614230,16.884157,6.053924,7.226220, ,17.783609,14.580136,2.337652,18.014675,23.790216,17.051855,18.684756,16.592399,18.743087,38.628809,15.214941,24.489470,47.221350,3.371495,3.116266,1.449792,1.606317,1.050968,0.955049,3.634204,0.983999,1.484771,1.034818,3.318299,3.330601,1.711107,1.855772,3.395879, ,6.763419,2.740467, ,2.611438,3.391700,2.409614,1.807392, ,6.059334,5.586242,5.544319,10.395342,15.223635,7.979382,5.229910,9.940972,1.580382,2.617335,2.322008,2.309334,1.737905, ,1.610245,2.060300,0.788377,0.759378,1.609652,1.415252,3.621239,2.231461,1.105678,0.870522,18.552559,27.399658,0.440959,32.113869,21.189193,2.616575,25.309938,47.254932,5.339624,34.579716,12.617403,47.915132,19.168735,6.195132,0.947822,1.347080,41.056281,33.100124,37.563375,30.039065,15.977667,39.420895,11.845513,20.264912,5.549658, ,17.711778,1.154701,42.020774,33.905640, ,15.349301,19.008180,22.899500,12.295466,15.289628,12.735523,5.186443,7.851110,27.768902,8.808705,15.398516,22.434133,7.296863,9.337173,5.818802,8.957618,9.381996,8.451045,5.608176,4.185253,1.843453,1.908627,3.353955, ,8.323546,4.664338,8.809086,26.450728,6.688445,10.137484,23.584205,5.670166,1.102962,2.324739,6.894659,27.556166,1.520629,12.366413,21.289229,10.964316,44.651250,2.999893,26.819154,27.102001,10.593646,33.829417,29.056799,16.342582,10.012524,6.621456,2.690085,5.398412,4.888641,4.728354,1.156690,5.420783,13.948322,14.997698,7.252457,2.993920,1.645432,9.931650,6.512660,3.524111,8.235972,5.389396,7.246523,2.685539,21.301921,1.342077,9.903783,8.362023,8.710302,38.974415,19.330257,4.882780,47.893316,43.539763,5.812846,5.662554,26.665781,7.878275,19.575775,10.842003,21.805170,3.373966,4.364631,20.226913,3.049590,12.723628,21.275887,2.568717,5.678429,15.238961,15.965968,13.130997,5.320828,2.061620,12.524041,30.188555,1.979127,1.269384,25.066931,11.424120,5.485711,40.281870,20.532033,2.228654,1.632993,1.907321,19.558386,28.545606,13.351040,4.179271,5.583543,3.370798,2.433540,10.184592,2.318392,6.915854,5.808868,3.888593,9.415481,1.838715,11.799758,2.112186,5.101301,5.262588,11.445266, ,2.232971,32.469212,7.244148,8.872146,1.601112,41.277273,3.970940,2.417737,4.271671,0.752447,2.401212,41.580009,1.566808,1.563261,0.852447, ,15.843486,3.408344,7.006490,6.081224,10.976139,4.715075,2.060839,10.355232,1.886262,2.381074,3.352707,25.764047,5.567674,7.447671,1.370031,1.414727,3.933322,23.332751,13.862428,6.062687,46.105380,3.050613,1.646565,11.546461,22.744718,14.397881,0.727607,22.590959,8.982122,10.225567,14.947780,2.703103,1.732597,18.610630,29.660788,6.396444,0.836660,1.284664,10.364096,1.131330,4.498899,20.007305,2.662497,8.807331,31.729389,4.537338,3.837270, ,5.306563,5.555839,1.577457,12.476246,3.081103,21.859717,7.393925,17.816339,14.503716,7.392437,8.927657,3.674235,0.577350,7.464982,4.561628,13.987559,19.299909,12.932294,19.685191,14.950484,20.707207,5.361017,11.627620,14.098491,10.692418, , , , , ,5.063080,1.674905,2.272539,1.925723,2.253525,1.455959,1.885552,1.927699,1.407093,1.634090,2.046823,1.987287,0.851257,1.202438,2.241773, ,1.573592,7.513680,8.371012,13.194871,11.999744,26.286967,12.361479,10.727391,27.676293,4.769293,13.543387,25.203174,18.408192,19.608632,0.786796,29.725332,9.173876,17.050620,0.516398,1.709363,7.311107,4.024672,3.827569,1.765045,4.019746,17.365533,4.865252,3.711542,4.415190,4.050331,1.869343,9.036814,1.670914,4.632639, ,2.397114,1.483594,2.970852,4.586927,2.060620,1.854830,2.072590,2.253416,2.362263,2.151756,1.420815,2.789002,4.909420,4.780922,3.693444,2.974108,0.494535,2.264907,0.883082,7.821996,4.195691,2.173085,2.201164,4.080100,4.681488,5.455365,4.041676,3.154579,2.954961,1.728849, ,1.258483,32.400598,18.051550,23.754973,27.143002,1.679679,4.620213,6.912376,36.420337,18.482624,34.375262,43.476789,36.256054,29.044333,3.334483,18.262381,1.134486,1.955886,3.173504,43.768742,4.241928,1.849722,10.507817,3.817214,2.153054,10.542653,25.549161,44.850091,3.794461,28.953422,1.682963,6.215166,3.726338,1.295401,1.808179,0.000000,4.096589,3.573325,3.354693,4.881896,4.906779,4.387800,2.412214, ,4.475987,5.764692,5.637056,0.726273,4.369903,2.703714,3.887174,3.349200,3.216657,3.755367,2.235648,0.000000,3.916662,3.527242,2.944048,5.481031,4.629156,2.371510,2.042080,16.348472,3.340484,8.845758,16.187902,8.000202,10.502381,4.585647,13.581481,8.641525,3.415762,3.183060,17.300224,2.250421,17.942123,15.497384,11.163817,2.217497,2.381410,4.146143,0.577350,2.470732,2.002467,1.734644,2.998833,1.927356,3.305635,2.205423,2.986401,4.114333, ,5.156117,4.303866,1.050031,17.431287,8.475530,4.626334,21.075555,14.269796,10.667795,2.924178,6.167819,13.762148,14.234216,24.518497,8.843444,21.696317,5.060472,1.832750,2.926299,3.859073,4.952597,0.959497,6.252354,2.854827,2.944725,0.816497,5.437616,4.179630,2.248027,2.147476,6.356654,5.752270,3.343935,2.889574,3.411901,5.024385,2.001741,7.300486,5.131632,6.008122,2.292816,8.409504,3.764273,3.658872,2.094895,1.812085, ,6.987511,3.769558,6.578327, ,1.032796,1.990004,7.203184,7.727867,25.346917,2.635131,5.426934, ,1.852945,2.303574,5.533117,19.809940,0.717430,9.826353,2.939846
    Mean ISI within Burst - Avg (sec),0.005988,0.011363,0.006910,0.008045,0.006580,0.008602,0.007565,0.011540,0.004889, , ,0.008543,0.004658,0.006051,0.007863,0.008259,0.004611,0.005725,0.004258,0.004513,0.005281,0.004049,0.003871,0.004208,0.007292,0.005047,0.004235,0.004145, ,0.004608,0.005349,0.005391,0.004742,0.005663,0.005133,0.004394,0.009242,0.005220,0.005238,0.005537,0.005615,0.004783,0.004981,0.004797,0.004931,0.005707,0.004013,0.003865,0.006397,0.008077,0.005028, ,0.005017,0.006398,0.004861,0.006733,0.004396,0.008561,0.004690,0.008802,0.005604,0.004930,0.011772,0.007842,0.005230,0.004838, ,0.005014, ,0.007803,0.005317,0.004628,0.007327,0.005730,0.007355,0.005786,0.006218,0.005437,0.011840,0.004551,0.005984,0.008570,0.007290,0.005124, ,0.007518,0.004649,0.006377,0.006381,0.005655,0.006094,0.006999,0.005880,0.007531,0.004572,0.008416,0.005961,0.007207,0.004913,0.011037,0.011320,0.011487,0.004605,0.005554,0.005646,0.007182,0.011284,0.004852,0.008983,0.006436,0.008002,0.010747,0.025604,0.009870, ,0.016291, ,0.007265,0.005936,0.027935,0.006648,0.006540,0.005074,0.006827,0.005894, ,0.006661,0.005936, ,0.004507,0.005548,0.005876,0.004853,0.011149,0.005053,0.005755,0.004175,0.004216,0.007573,0.005814,0.005495, ,0.007722,0.005206,0.013235, ,0.009392,0.007922,0.007210,0.005171,0.006483,0.009529,0.005851,0.004846,0.005041,0.005348,0.005854,0.005988,0.009114,0.004917,0.008883,0.005469,0.003960,0.004389,0.005748,0.004558,0.005925,0.007036,0.006053,0.005930,0.013575,0.008922, , ,0.015227,0.005029,0.004930,0.006500,0.006746,0.005654,0.005937,0.006536,0.005449,0.005473,0.006096,0.005933,0.005457,0.007045,0.009437,0.004655,0.009363,0.011364,0.004810,0.005819,0.004870,0.006323,0.008181,0.013328,0.011173,0.008446,0.005843,0.005817,0.007678,0.007707,0.006725,0.006536,0.005106,0.006691,0.011375,0.006824,0.005733,0.005189,0.005468,0.007888,0.007269,0.006365,0.008689,0.007210,0.005657,0.008005,0.006320,0.009196,0.005770,0.005407,0.005105,0.003727,0.004503,0.004805,0.006716,0.005914,0.004051,0.007484,0.011691,0.008895,0.004691,0.004565,0.006675,0.004496,0.008104, ,0.007932,0.005930, ,0.007457,0.006273,0.004807,0.012529, ,0.004964,0.003951,0.004425,0.003988,0.004804,0.005028,0.004932,0.003834,0.005654,0.004092,0.003533,0.007241,0.003830, ,0.005557,0.004669,0.006999,0.005883,0.004686,0.004034,0.003592,0.004481,0.004832,0.005661,0.009118,0.006801,0.005694,0.006453,0.006227,0.009404,0.006690,0.006279,0.010620,0.007406,0.007541,0.007130,0.007331,0.009705,0.004617,0.006376,0.004727,0.006553,0.006392,0.005016,0.005320,0.010779,0.024935,0.007450,0.009496, ,0.007832,0.026986,0.004934,0.009255, ,0.008737,0.004521,0.004948,0.006264,0.005284,0.005607,0.005086,0.005347,0.005353,0.006458,0.004771,0.005634,0.006261,0.007340,0.007727,0.005367,0.005255,0.006685,0.007720,0.016231,0.010843,0.008252,0.009979, ,0.005392,0.006730,0.005773,0.005409,0.010616,0.008530,0.004648,0.008600,0.006679,0.016143,0.009000,0.007806,0.007450,0.010645,0.006962,0.013776,0.004854,0.009102,0.006973,0.006912,0.009181,0.007081,0.006576,0.007072,0.011995,0.007996,0.010450,0.010030,0.004804,0.005290,0.012449,0.005781,0.005140,0.004976,0.004897,0.007919,0.008075,0.005238,0.006729,0.007577,0.006494,0.010230,0.005083,0.007004,0.014950,0.013362,0.004162,0.004646,0.004505,0.009502,0.013317,0.006367,0.007329,0.007923,0.008356,0.007295,0.010742,0.004117,0.003871,0.009890,0.007067,0.006866,0.013432,0.004597,0.023893,0.005985,0.008205,0.008379,0.005758,0.004506,0.005966,0.006377,0.005392,0.004117,0.006240,0.004788,0.004296,0.005606,0.005372,0.005294,0.007027,0.005820,0.021122,0.007566,0.006121,0.006849,0.005323,0.005512,0.007280,0.005007,0.007360,0.005039,0.005770,0.007168,0.004577,0.005494,0.010253,0.006793,0.005647,0.005916,0.005153,0.006171,0.007513,0.008160,0.004049, ,0.006196,0.006037,0.011921,0.011022,0.004903,0.006663,0.009355,0.009740,0.006236,0.005494,0.005489,0.004240,0.008174,0.003820,0.008626, ,0.016488,0.012268,0.011869,0.006308,0.006296,0.007159,0.006061,0.006610,0.004185,0.017724,0.019470,0.008178,0.008147,0.014012,0.006000,0.005351,0.006980,0.005671,0.008224,0.007890,0.005294,0.006651,0.005785,0.009190,0.007416,0.007997,0.008048,0.007791,0.007024,0.010032,0.007289,0.006619,0.010303,0.007936,0.005495,0.006460,0.008378,0.008655,0.009902,0.004724,0.008580,0.006101,0.005829,0.009351,0.006433,0.005715,0.008785, ,0.005019,0.005784,0.006746,0.005447,0.007441,0.005786,0.009972,0.006465,0.010429,0.004953,0.011866,0.005838,0.013090,0.004960,0.011662,0.004822,0.004994,0.004931,0.005693,0.005692,0.006221,0.008800,0.008810,0.004896,0.010491, , ,0.005120, ,0.007280,0.009578,0.003853,0.004472,0.004991,0.004377,0.004691,0.003961,0.004175,0.005183,0.005421,0.004748,0.006989,0.005166,0.006765,0.004801, ,0.004605,0.006338,0.006654,0.004369,0.007301,0.004852,0.005853,0.004675,0.005140,0.010346,0.011519,0.005511,0.006873,0.004710,0.008864,0.004527,0.005105,0.005925,0.005317,0.007194,0.007880,0.005492,0.006665,0.006206,0.014506,0.006614,0.014740,0.008353,0.006942,0.016867,0.007371,0.011177,0.011551,0.006778, ,0.004633,0.007714,0.005578,0.006844,0.006123,0.007170,0.006847,0.005649,0.006407,0.007047,0.007966,0.007964,0.005009,0.004709,0.005323,0.004362,0.008770,0.004550,0.007189,0.005617,0.006336,0.004198,0.009652,0.005076,0.004502,0.007444,0.004742,0.004670,0.004572,0.008804, ,0.007808,0.005233,0.007882,0.005660,0.006127,0.006392,0.010653,0.010283,0.005090,0.007695,0.006835,0.005812,0.005579,0.007073,0.005912,0.008846,0.007773,0.005581,0.009503,0.005650,0.012868,0.005194,0.008811,0.004503,0.004923,0.007814,0.007175,0.005790,0.005007,0.005895,0.005965,0.004894,0.005759,0.010672,0.005472,0.006613,0.005805,0.005967,0.006400,0.004726,0.003992,0.004246,0.005610, ,0.005102,0.005114,0.004633,0.005417,0.004774,0.005751,0.005131,0.004842,0.004290,0.004828,0.005634,0.004070,0.007570,0.004177,0.004146,0.005339,0.003959,0.005503,0.005435,0.004269,0.006997,0.008717,0.005028,0.005158,0.006230,0.005668,0.004667,0.009559,0.007877,0.011807,0.003983,0.010373,0.005671,0.004135,0.004345,0.008806,0.005452,0.004057,0.007733,0.006042,0.006197,0.005959,0.005133,0.005806,0.004189,0.004560,0.006307,0.004670, ,0.004013,0.006933,0.008199,0.010489,0.005581,0.008343,0.005446,0.008242,0.005625,0.008289,0.007053,0.007226,0.006304,0.005377,0.007002,0.005141,0.017135,0.006847,0.005376,0.005251,0.004847,0.004489,0.003896,0.005548,0.006130,0.009200,0.004961,0.005322,0.008775,0.006907,0.004339,0.005043,0.006042,0.004998,0.004997,0.003838,0.007548,0.006721,0.005112,0.004303,0.005394,0.003708,0.003915,0.004023,0.005892,0.006256,0.002720,0.004728,0.004174,0.004833, ,0.015385,0.009981,0.011777,0.006974,0.005537,0.006533,0.008536, ,0.008980,0.007416,0.037673,0.006613,0.011563,0.008231,0.005324
    Mean ISI within Burst - Std (sec),0.001981,0.003377,0.002620,0.004886,0.004444,0.002456,0.002013,0.003958,0.001696, , ,0.003948,0.001409,0.001871,0.003245,0.013356,0.001533,0.001444,0.000849,0.000897,0.001229,0.000872,0.000776,0.001701,0.001968,0.001512,0.001087,0.001128, ,0.002130,0.002112,0.002279,0.003231,0.004882,0.002236,0.002819,0.009908,0.002288,0.003850,0.004765,0.009079,0.002862,0.003182,0.002168,0.002367,0.004235,0.001037,0.001178,0.008500,0.001513,0.003797, ,0.002121,0.001436,0.003545,0.004002,0.001833,0.007313,0.002608,0.013819,0.002690,0.001946,0.009503,0.007760,0.001576,0.002302, ,0.002182, ,0.004205,0.002711,0.001996,0.005923,0.003126,0.002156,0.004508,0.002533,0.002389,0.005226,0.001204,0.002694,0.001344,0.002671,0.004454, ,0.002120,0.002286,0.001853,0.006533,0.005185,0.004416,0.006088,0.004802,0.004395,0.002306,0.001753,0.001310,0.002756,0.002377,0.002601,0.003282,0.004270,0.001132,0.001592,0.002793,0.004224,0.007509,0.001284,0.003885,0.001428,0.002408,0.001654,0.049213,0.005034, ,0.025218, ,0.005008,0.003022,0.043396,0.002633,0.003198,0.001326, ,0.002468, ,0.002276,0.003315, ,0.001032,0.004941,0.003665,0.000726,0.011673,0.000962,0.002980,0.001039,0.000877, ,0.004375,0.000521, ,0.004036,0.002133,0.026510, ,0.007049,0.009745,0.003448,0.004001,0.003139,0.004743,0.002890,0.003741,0.001907,0.002863,0.002113,0.002428,0.016408,0.002199,0.004385,0.002952,0.000871,0.000627,0.002030,0.000726,0.001503,0.002634, ,0.001104,0.002381,0.003657, , , ,0.001184,0.001825,0.002547,0.001556,0.001601,0.004587,0.003725,0.001217,0.001141,0.003976,0.002495,0.003828,0.003584,0.001936,0.001188,0.004598,0.003360,0.001925,0.004985,0.001752,0.004479,0.002751,0.021642, ,0.007798,0.003620,0.005932,0.007763,0.006787,0.002070,0.005756,0.001652,0.003891,0.022657,0.010092, ,0.005304,0.005285,0.007122,0.008311,0.004833,0.009177,0.007718,0.004346,0.005385,0.002472,0.011063,0.003680,0.002892,0.001658,0.000700,0.001166,0.001069,0.003180,0.001709,0.000764,0.002474,0.005390,0.001805,0.001548,0.001256,0.001639,0.001353,0.002641, ,0.003888,0.004149, ,0.002846,0.001920,0.001276,0.021387, ,0.001090,0.000578,0.000743,0.001947,0.001887,0.001796,0.002673,0.001172,0.001786,0.000857,0.000868,0.002045,0.000733, ,0.001552,0.001248,0.002141,0.001455,0.001196,0.001027,0.000557,0.001082,0.001247,0.001304,0.006092,0.004231,0.001668,0.002807,0.005810,0.002836,0.004895,0.003695,0.011477,0.002919,0.010305,0.001883,0.004771,0.012002,0.001065,0.003540,0.002647,0.003304,0.003749,0.003920,0.002658,0.006581,0.012555,0.005095,0.004327, ,0.007431,0.033354,0.002645,0.004585, ,0.008642,0.001933,0.001405,0.001272,0.002848,0.001644,0.002297,0.005199,0.002830,0.004613,0.002642,0.001666,0.004087,0.002973,0.005416,0.002433,0.002480,0.009262,0.012044,0.022574,0.002093,0.004042,0.005413, ,0.005752,0.003778,0.007370,0.002741,0.012222,0.006641,0.002868,0.009709,0.002644,0.014315,0.009718,0.004036,0.001623,0.010984,0.006016,0.011735,0.001804,0.009463,0.004200,0.003073,0.009629,0.003461,0.003477,0.005538,0.007685,0.003933,0.012055,0.006923,0.002785,0.002463,0.003757,0.002268,0.001530,0.001266,0.001692,0.004047,0.010743,0.001511,0.002533,0.003309,0.001919,0.002998,0.001604,0.002684,0.014191,0.008894,0.000975,0.001008,0.001617,0.007972,0.014825,0.005162,0.004696,0.005848,0.002240,0.002105,0.010005,0.001789,0.001254,0.009891,0.007794,0.008979,0.030367,0.001876,0.035044,0.004462,0.006626,0.012521,0.002308,0.001982,0.002260,0.004288,0.001235,0.000634,0.006997,0.002256,0.000993,0.001260,0.003263,0.004802,0.009695,0.003058,0.008870,0.002548,0.000988,0.001612,0.004365,0.003102,0.007254,0.001858,0.002388,0.001417,0.002022,0.001593,0.000782,0.001754,0.003070,0.001889,0.001322,0.001392,0.001508,0.001723,0.001948,0.003219,0.001031, ,0.001370,0.002993,0.017813,0.009333,0.000920,0.001843,0.007389,0.003763,0.004876,0.000968,0.002599,0.002442,0.002176,0.000472,0.004228, ,0.006399,0.004811,0.011658,0.005036,0.004405,0.003664,0.000887,0.005605,0.000509,0.015421,0.010221,0.004654,0.003651,0.007276,0.001852,0.001396,0.005241,0.004444,0.008245,0.009611,0.002577,0.003809,0.001476,0.009808,0.004832,0.008074,0.002667,0.004516,0.007341,0.012135,0.008131,0.005073,0.007149,0.005873,0.003567,0.006149,0.003815,0.003104,0.004853,0.001216,0.009237,0.005120,0.006798,0.016600,0.004115,0.005932,0.010560, ,0.002103,0.001701,0.002738,0.003202,0.003513,0.002907,0.008036,0.003011,0.006246,0.001210,0.005347,0.002194,0.009012,0.002065,0.012464,0.003097,0.002148,0.003019,0.002437,0.003400,0.002477,0.012987,0.004250,0.003105,0.008471, , , , , ,0.013365,0.000569,0.000717,0.001016,0.000602,0.001386,0.000488,0.000679,0.001340,0.001347,0.001116,0.002093,0.001019,0.001920,0.000841, ,0.000781,0.004278,0.004477,0.001827,0.008481,0.004035,0.006178,0.001662,0.002839,0.013329,0.020501,0.003485,0.004806,0.003414,0.006044,0.002779,0.001712,0.004631,0.001155,0.001016,0.008594,0.002027,0.002490,0.001728,0.020902,0.004516,0.018334,0.007077,0.001676,0.019084,0.002035,0.011199,0.003995,0.003708, ,0.001244,0.001484,0.004798,0.003307,0.001932,0.002383,0.007004,0.001778,0.006210,0.001424,0.001850,0.006014,0.002469,0.002570,0.001210,0.001195,0.002285,0.001351,0.001563,0.001127,0.001603,0.000527,0.007076,0.000999,0.002301,0.002284,0.003058,0.001039,0.001490,0.002124, ,0.003047,0.003149,0.006547,0.004800,0.004525,0.002564,0.018694,0.018185,0.004032,0.009477,0.003050,0.002922,0.003641,0.004154,0.004768,0.006740,0.002103,0.002175,0.002220,0.002562,0.011214,0.001018,0.007597,0.001468,0.001499,0.010588,0.003597,0.001504,0.001152,0.003771,0.000904,0.001131,0.001588,0.003499,0.001940,0.000717,0.003173,0.001941,0.002163,0.001430,0.000781,0.000999,0.001523, ,0.002020,0.001734,0.001124,0.000796,0.002320,0.002310,0.002078,0.001723,0.002003,0.001732,0.003711,0.000636,0.002195,0.001538,0.001571,0.001430,0.001661,0.003087,0.002757,0.001115,0.002901,0.003789,0.001553,0.002484,0.002176,0.004069,0.001383,0.003895,0.002746,0.014586,0.001027,0.016716,0.001786,0.001260,0.001680,0.004685,0.001141,0.000512,0.002668,0.001357,0.001269,0.001788,0.001269,0.001848,0.000883,0.000946,0.002185,0.001023, ,0.000601,0.002197,0.001953,0.007353,0.005979,0.009158,0.002961,0.005314,0.005188,0.006045,0.008639,0.005289,0.004531,0.002850,0.007646,0.002808,0.024578,0.002582,0.002648,0.002230,0.002397,0.000999,0.001171,0.002354,0.002853,0.006785,0.001250,0.002727,0.003866,0.003410,0.002024,0.002129,0.002890,0.001722,0.001999,0.001163,0.003072,0.004700,0.002207,0.001194,0.002497,0.001197,0.001786,0.001333,0.002498,0.003121, ,0.002046,0.001423,0.002146, ,0.005419,0.002039,0.009753,0.008125,0.002525,0.001688,0.009018, ,0.004081,0.004478,0.038537,0.003142,0.002733,0.008254,0.002285
    Median ISI within Burst - Avg (sec),0.004856,0.010460,0.005178,0.006020,0.005236,0.006919,0.006216,0.008974,0.003667, , ,0.007640,0.003478,0.004518,0.006362,0.004446,0.003976,0.005394,0.003688,0.004031,0.004599,0.003358,0.003180,0.003576,0.005492,0.004250,0.003461,0.003409, ,0.003720,0.004038,0.004216,0.004191,0.004608,0.003753,0.003428,0.006182,0.004218,0.003807,0.003934,0.003672,0.003693,0.003747,0.003659,0.003381,0.003912,0.003118,0.003122,0.004872,0.008114,0.003603, ,0.004016,0.004812,0.003821,0.005219,0.003438,0.005894,0.003362,0.005894,0.004210,0.003780,0.009825,0.006206,0.004199,0.003735, ,0.004119, ,0.006092,0.004001,0.003529,0.005790,0.004486,0.005441,0.004707,0.005074,0.004408,0.009038,0.003603,0.005123,0.009440,0.007295,0.003230, ,0.005738,0.003326,0.005920,0.004114,0.003688,0.004418,0.004545,0.003879,0.005822,0.003324,0.008206,0.004470,0.006033,0.003814,0.011258,0.010691,0.009943,0.003731,0.004647,0.004354,0.005521,0.009489,0.003680,0.007440,0.004926,0.007099,0.009483,0.021051,0.007600, ,0.012815, ,0.005749,0.004080,0.011447,0.005428,0.005450,0.003773,0.004560,0.004546, ,0.005391,0.004409, ,0.003729,0.004035,0.004546,0.004609,0.008020,0.003959,0.004771,0.003355,0.003310,0.007520,0.004282,0.005480, ,0.006355,0.003540,0.005810, ,0.007108,0.005067,0.005633,0.003562,0.005087,0.008630,0.004405,0.003626,0.003952,0.004378,0.004723,0.004247,0.005818,0.003605,0.007272,0.003891,0.003180,0.003199,0.004193,0.003332,0.004552,0.006287,0.006080,0.005354,0.013072,0.005770, , ,0.010800,0.004089,0.003947,0.005458,0.005489,0.004646,0.004671,0.005282,0.004692,0.004443,0.004406,0.004415,0.004227,0.006129,0.008207,0.003774,0.007289,0.008906,0.003490,0.003755,0.003641,0.004769,0.007309,0.007770,0.012000,0.005572,0.004226,0.004024,0.005216,0.004850,0.005500,0.004545,0.003696,0.005120,0.005077,0.003837,0.006080,0.003421,0.003574,0.005098,0.003634,0.004176,0.005044,0.004151,0.003426,0.005478,0.004065,0.005013,0.004006,0.003781,0.003905,0.002984,0.003532,0.003821,0.005423,0.004463,0.003139,0.006667,0.009547,0.007615,0.003406,0.003319,0.005395,0.003344,0.006641, ,0.006187,0.004235, ,0.004924,0.004182,0.003722,0.006261, ,0.003548,0.003135,0.003621,0.003031,0.003518,0.003346,0.003805,0.002957,0.004902,0.003326,0.003001,0.006151,0.003420, ,0.004607,0.003549,0.006328,0.005306,0.003657,0.003571,0.002978,0.003550,0.004490,0.004731,0.005743,0.004802,0.005982,0.004809,0.004840,0.007348,0.004612,0.005288,0.006850,0.005125,0.005766,0.005605,0.005427,0.006486,0.004307,0.004796,0.003504,0.005316,0.004786,0.003513,0.003665,0.007874,0.015981,0.005535,0.006575, ,0.005145,0.016509,0.003680,0.007398, ,0.005477,0.003377,0.003619,0.005686,0.004293,0.004009,0.003822,0.003778,0.004137,0.004711,0.003422,0.004059,0.004262,0.005243,0.005686,0.004437,0.003552,0.004411,0.004555,0.012411,0.009304,0.008070,0.008640, ,0.003587,0.004344,0.003875,0.004025,0.007619,0.007055,0.003625,0.006280,0.005997,0.010482,0.005367,0.005674,0.006010,0.007528,0.004907,0.010132,0.003410,0.006439,0.005336,0.004896,0.005437,0.005099,0.004662,0.004669,0.009002,0.007236,0.007520,0.008016,0.003715,0.004078,0.010567,0.004251,0.003906,0.003972,0.003793,0.006414,0.006065,0.004250,0.005697,0.006043,0.004612,0.007890,0.004265,0.005480,0.011221,0.009027,0.003196,0.003701,0.003591,0.006154,0.008051,0.004874,0.005026,0.005923,0.005532,0.006160,0.007023,0.003185,0.003020,0.007628,0.005793,0.004930,0.005967,0.003653,0.013672,0.004535,0.006120,0.005727,0.004720,0.003600,0.005019,0.005271,0.004427,0.003064,0.004270,0.003698,0.003484,0.005245,0.004259,0.004072,0.004647,0.003679,0.017572,0.005807,0.005480,0.005232,0.003993,0.004387,0.004795,0.003750,0.005938,0.003374,0.004538,0.006602,0.003465,0.004141,0.008763,0.004690,0.004349,0.004929,0.003676,0.005235,0.006193,0.006369,0.003122, ,0.004265,0.004744,0.007703,0.008804,0.003846,0.005079,0.006196,0.006852,0.004647,0.005151,0.003857,0.003443,0.006366,0.003048,0.007605, ,0.013264,0.010713,0.007036,0.003709,0.004226,0.004234,0.004570,0.004011,0.003285,0.009959,0.015546,0.005468,0.006250,0.010610,0.004911,0.004232,0.005730,0.004545,0.005734,0.005369,0.004122,0.004558,0.003814,0.006697,0.005508,0.005657,0.006153,0.006769,0.004358,0.008061,0.005037,0.005070,0.007061,0.005187,0.003757,0.003541,0.007773,0.006817,0.007886,0.004355,0.004478,0.004047,0.004019,0.006844,0.004438,0.003595,0.004604, ,0.004039,0.004798,0.005641,0.003620,0.005696,0.003922,0.006639,0.004543,0.008788,0.003801,0.009422,0.005426,0.012680,0.003795,0.008204,0.003671,0.003846,0.003676,0.004301,0.004462,0.005239,0.006874,0.007252,0.003918,0.008907, , ,0.004720, ,0.004800,0.007506,0.003153,0.003190,0.003877,0.003229,0.003578,0.003034,0.003122,0.004078,0.004017,0.003472,0.005781,0.004666,0.005314,0.003561, ,0.003823,0.003835,0.004543,0.003325,0.005106,0.003602,0.004014,0.003293,0.003658,0.005952,0.007824,0.003831,0.005411,0.003780,0.007486,0.003534,0.004229,0.004061,0.004696,0.006908,0.005141,0.004352,0.005423,0.005498,0.008089,0.004859,0.011350,0.005776,0.005691,0.011339,0.006401,0.007909,0.009405,0.005790, ,0.003538,0.006939,0.004011,0.004820,0.004830,0.006040,0.005258,0.004618,0.005048,0.006350,0.007394,0.006241,0.003911,0.003564,0.004073,0.003310,0.007923,0.003555,0.006649,0.004424,0.004988,0.003238,0.007270,0.003699,0.003430,0.006530,0.003549,0.003659,0.003398,0.007698, ,0.006271,0.004063,0.005093,0.004176,0.004143,0.004916,0.008013,0.006563,0.004033,0.005002,0.004720,0.004345,0.003939,0.005411,0.003969,0.006919,0.006453,0.003884,0.007099,0.003901,0.009950,0.004055,0.005904,0.003228,0.003628,0.005312,0.004405,0.004097,0.003623,0.005068,0.004534,0.003460,0.004761,0.007009,0.004575,0.005760,0.004470,0.004364,0.004782,0.003634,0.003181,0.003362,0.004306, ,0.003882,0.004164,0.003611,0.004917,0.003569,0.004023,0.003944,0.003536,0.003105,0.003612,0.004035,0.003900,0.006641,0.003241,0.003238,0.003609,0.002974,0.003885,0.003861,0.003092,0.005473,0.006832,0.003414,0.003752,0.005027,0.004047,0.003376,0.007370,0.006520,0.009783,0.003063,0.008479,0.004137,0.003098,0.003170,0.006718,0.004278,0.003233,0.006787,0.004934,0.005296,0.005172,0.004071,0.004597,0.003426,0.003796,0.005106,0.003733, ,0.003284,0.005644,0.007210,0.007513,0.003368,0.004397,0.003693,0.006544,0.003397,0.005361,0.004128,0.005627,0.004584,0.003785,0.004537,0.003615,0.009869,0.006252,0.004495,0.004300,0.003752,0.004011,0.003147,0.004608,0.004498,0.007387,0.003536,0.004195,0.007758,0.005732,0.003195,0.003917,0.004941,0.004149,0.004260,0.003048,0.005853,0.004675,0.003899,0.003299,0.004031,0.003078,0.003142,0.003160,0.004690,0.004764,0.002800,0.003850,0.003400,0.003581, ,0.011960,0.008641,0.008513,0.004543,0.004288,0.005390,0.006506, ,0.007018,0.005959,0.028749,0.005443,0.010271,0.006035,0.003912
    Median ISI within Burst - Std (sec),0.001652,0.003626,0.001768,0.003045,0.002302,0.002401,0.002136,0.003298,0.001281, , ,0.003439,0.000820,0.001745,0.003491,0.001222,0.001331,0.001508,0.000804,0.000918,0.001423,0.000748,0.000479,0.001090,0.002041,0.001459,0.000976,0.000800, ,0.001835,0.001270,0.001586,0.002986,0.003432,0.001298,0.001802,0.003781,0.001853,0.002410,0.002545,0.003756,0.001976,0.001318,0.001127,0.001177,0.002239,0.000498,0.000615,0.004530,0.002390,0.001061, ,0.001660,0.001738,0.001632,0.002810,0.001055,0.003494,0.000987,0.005135,0.001569,0.001123,0.007173,0.004396,0.001157,0.001179, ,0.001566, ,0.002584,0.001640,0.000847,0.002554,0.001685,0.002047,0.003091,0.002556,0.001391,0.003534,0.001036,0.001581,0.002489,0.002462,0.000940, ,0.001815,0.000699,0.001983,0.002255,0.001543,0.002657,0.001525,0.001320,0.003306,0.001061,0.001694,0.001100,0.002954,0.001950,0.003337,0.003455,0.004079,0.001023,0.001365,0.001506,0.002384,0.004455,0.000718,0.003827,0.001428,0.002438,0.001931,0.038882,0.004458, ,0.014925, ,0.002788,0.001368,0.005490,0.001631,0.002674,0.000789, ,0.001704, ,0.001870,0.001428, ,0.000728,0.002884,0.002869,0.000619,0.006684,0.000719,0.002635,0.000523,0.000355, ,0.002134,0.000576, ,0.001939,0.000929,0.002373, ,0.003365,0.001949,0.002397,0.001466,0.002085,0.005544,0.002105,0.001571,0.001358,0.001046,0.001431,0.001289,0.004025,0.000881,0.002914,0.001431,0.000552,0.000313,0.001176,0.000451,0.001063,0.002820, ,0.000791,0.002380,0.000864, , , ,0.001065,0.000992,0.002050,0.001416,0.001824,0.003687,0.002585,0.001290,0.000988,0.002346,0.001513,0.003164,0.003526,0.001923,0.001357,0.002751,0.002896,0.000856,0.001559,0.000773,0.001782,0.001998,0.003017, ,0.002933,0.001269,0.001537,0.003088,0.002856,0.001823,0.001239,0.001031,0.002749,0.001925,0.001672, ,0.001176,0.001023,0.001655,0.000986,0.002714,0.004610,0.002637,0.001292,0.002584,0.001858,0.002736,0.002044,0.001707,0.001597,0.000235,0.000902,0.000896,0.002468,0.001367,0.000331,0.002181,0.004864,0.002235,0.001005,0.000418,0.002111,0.000887,0.002803, ,0.002179,0.001085, ,0.001589,0.001238,0.000888,0.002597, ,0.000737,0.000354,0.000631,0.000228,0.000990,0.000590,0.000878,0.000228,0.001275,0.000614,0.000435,0.002061,0.000851, ,0.001480,0.000914,0.002740,0.001605,0.000960,0.000963,0.000305,0.001017,0.001408,0.001124,0.004534,0.004044,0.002103,0.002868,0.004578,0.002581,0.003963,0.003344,0.007577,0.002992,0.006843,0.002082,0.003852,0.006669,0.001095,0.001798,0.001305,0.002131,0.002230,0.001799,0.001026,0.004588,0.005578,0.003337,0.002235, ,0.003043,0.017415,0.001222,0.003271, ,0.003458,0.000926,0.001322,0.001492,0.002496,0.001246,0.001345,0.002184,0.001668,0.002566,0.001352,0.001593,0.002466,0.002188,0.002838,0.001648,0.001408,0.004909,0.005005,0.013810,0.002443,0.004588,0.004784, ,0.002504,0.001610,0.003378,0.002040,0.008518,0.005863,0.001728,0.005886,0.001616,0.007648,0.001938,0.003805,0.001620,0.003718,0.004183,0.007439,0.001214,0.003063,0.004327,0.002750,0.004658,0.002977,0.002616,0.003401,0.005006,0.003187,0.002896,0.003690,0.000963,0.001553,0.003030,0.001601,0.001089,0.000751,0.001337,0.001739,0.002984,0.001363,0.001951,0.001948,0.001191,0.003053,0.002256,0.002258,0.009578,0.005152,0.000586,0.000909,0.001063,0.005040,0.008636,0.003716,0.002733,0.004259,0.001338,0.001846,0.005328,0.000436,0.000277,0.006454,0.006741,0.001644,0.003033,0.001048,0.011787,0.002361,0.005668,0.002579,0.001709,0.001100,0.001954,0.002479,0.001285,0.000252,0.004168,0.001687,0.000533,0.001200,0.002784,0.003549,0.005463,0.001437,0.006796,0.001715,0.000765,0.001276,0.003237,0.002570,0.003672,0.001260,0.002058,0.000422,0.001226,0.001641,0.000523,0.001345,0.002662,0.001236,0.001118,0.001341,0.000905,0.001535,0.001893,0.002293,0.000479, ,0.000940,0.002647,0.009191,0.006286,0.000783,0.001450,0.004174,0.002547,0.001812,0.001230,0.000992,0.001454,0.001775,0.000227,0.002788, ,0.003666,0.002150,0.002394,0.001035,0.002079,0.000847,0.000996,0.001204,0.000359,0.005101,0.002426,0.002446,0.001721,0.003100,0.001859,0.001121,0.004008,0.003849,0.005561,0.005804,0.002723,0.002160,0.000883,0.006214,0.004167,0.005414,0.002651,0.004167,0.003391,0.010137,0.005012,0.000889,0.003322,0.002804,0.002182,0.000759,0.004668,0.003275,0.005034,0.001291,0.001567,0.002536,0.000974,0.010581,0.003054,0.001323,0.002488, ,0.001250,0.001624,0.002438,0.000613,0.001857,0.001922,0.003168,0.001657,0.004743,0.001144,0.004302,0.002052,0.009140,0.001035,0.006157,0.002046,0.001301,0.001522,0.001955,0.003079,0.002452,0.009634,0.003573,0.002873,0.005815, , , , , ,0.009232,0.000375,0.000294,0.000610,0.000427,0.000903,0.000211,0.000267,0.001081,0.000920,0.000674,0.002148,0.001097,0.001451,0.000456, ,0.000615,0.000860,0.002173,0.000691,0.005049,0.003106,0.002980,0.000455,0.001952,0.001843,0.010270,0.002045,0.003842,0.002356,0.005269,0.001642,0.001279,0.002465,0.000986,0.001084,0.003647,0.001211,0.001725,0.001843,0.007128,0.002896,0.012210,0.002119,0.001329,0.011269,0.001779,0.007226,0.003413,0.002868, ,0.001068,0.001770,0.001614,0.001910,0.001592,0.001552,0.002091,0.001430,0.004286,0.001470,0.002047,0.002025,0.001466,0.001652,0.001109,0.000409,0.001987,0.000737,0.001454,0.000980,0.001288,0.000349,0.002878,0.000608,0.001325,0.001635,0.001021,0.000930,0.000715,0.002383, ,0.001804,0.002685,0.003696,0.004154,0.003297,0.001935,0.011972,0.009498,0.003338,0.004682,0.002821,0.002634,0.002956,0.003673,0.001579,0.004989,0.001775,0.001431,0.002267,0.001744,0.005070,0.000689,0.003734,0.000432,0.000878,0.006143,0.002765,0.001285,0.000671,0.003501,0.000887,0.000567,0.001622,0.002736,0.001638,0.000905,0.001563,0.001621,0.002202,0.001008,0.000396,0.000641,0.001336, ,0.001265,0.001486,0.001079,0.001190,0.001241,0.000957,0.001101,0.000704,0.000463,0.001015,0.001278,0.000368,0.002018,0.000583,0.000446,0.000863,0.000282,0.000932,0.001231,0.000457,0.002490,0.002966,0.001014,0.001435,0.001489,0.001252,0.000797,0.003035,0.001934,0.010526,0.000653,0.008337,0.001220,0.000626,0.001088,0.002271,0.001295,0.000356,0.002302,0.001126,0.001327,0.002271,0.001206,0.001673,0.000743,0.000753,0.002311,0.000933, ,0.000445,0.001875,0.001835,0.003234,0.000730,0.001498,0.001337,0.002784,0.001179,0.001676,0.001994,0.003097,0.002395,0.001537,0.003090,0.001355,0.008647,0.002812,0.001763,0.001284,0.001130,0.000993,0.000428,0.001602,0.001616,0.005000,0.000738,0.001440,0.003315,0.002755,0.000758,0.001052,0.002486,0.001077,0.001136,0.000323,0.002664,0.001951,0.001119,0.000633,0.001467,0.000366,0.000417,0.000361,0.001282,0.001457, ,0.001175,0.000681,0.000729, ,0.004008,0.002204,0.005806,0.002961,0.001984,0.001700,0.004423, ,0.002639,0.002574,0.027598,0.002835,0.002405,0.004674,0.001144
    Median/Mean ISI within Burst,0.821866,0.919330,0.778490,0.778786,0.840866,0.805297,0.820834,0.784719,0.773775, , ,0.911924,0.771316,0.756128,0.812163,0.849049,0.867269,0.941203,0.872494,0.903536,0.862889,0.838090,0.834285,0.874257,0.751053,0.845227,0.825055,0.842701, ,0.817817,0.791437,0.816695,0.889926,0.872693,0.762274,0.826852,0.815083,0.820816,0.772029,0.778361,0.790406,0.800260,0.836856,0.814235,0.739933,0.748769,0.798549,0.827408,0.824436,1.003970,0.799898, ,0.815427,0.750777,0.846109,0.807299,0.809830,0.738254,0.755476,0.761790,0.782200,0.793258,0.872773,0.862018,0.813964,0.813213, ,0.844617, ,0.812575,0.785511,0.798793,0.867678,0.826335,0.746908,0.839437,0.809881,0.837732,0.780321,0.798969,0.892468,1.092172,1.008511,0.741562, ,0.771031,0.766555,0.941737,0.757992,0.740216,0.763363,0.745225,0.750064,0.777986,0.772804,0.981028,0.756730,0.823646,0.782463,1.010499,0.942512,0.854956,0.816723,0.842442,0.796340,0.785046,0.880009,0.776126,0.808314,0.768935,0.885965,0.884609,0.882907,0.774425, ,0.910982, ,0.827782,0.716733,0.791023,0.841251,0.846283,0.760168,0.667969,0.783596, ,0.816843,0.770530, ,0.840312,0.780181,0.795095,0.953602,0.831544,0.798314,0.830544,0.823568,0.806811,0.992958,0.793293,0.999643, ,0.871863,0.719317,0.798187, ,0.827074,0.810701,0.796737,0.751235,0.811295,0.869002,0.773461,0.807418,0.800047,0.872414,0.824140,0.727088,0.910998,0.757545,0.850841,0.748706,0.819008,0.739002,0.770558,0.739682,0.784402,0.885150,1.004405,0.920685,0.965456,0.704182, , ,0.709282,0.822650,0.828364,0.860052,0.824320,0.823759,0.788562,0.827371,0.861677,0.818548,0.758729,0.771674,0.778968,0.868412,0.874297,0.804315,0.839061,0.794135,0.746933,0.746420,0.774786,0.807610,0.925136,0.829818,1.073986,0.755207,0.758420,0.780619,0.771379,0.694013,0.820979,0.776310,0.747742,0.781881,0.841545,0.788734,1.060465,0.796256,0.800510,0.767568,0.686588,0.696395,0.632966,0.717980,0.693319,0.721824,0.647790,0.708950,0.728464,0.749906,0.767763,0.820243,0.797464,0.804343,0.839004,0.772743,0.793128,0.907790,0.826832,0.855844,0.749868,0.757985,0.800844,0.766360,0.815715, ,0.827199,0.769303, ,0.700782,0.682359,0.791426,0.794331, ,0.727426,0.803423,0.824462,0.812341,0.754523,0.697812,0.814200,0.798601,0.888013,0.825667,0.871624,0.849081,0.892087, ,0.837577,0.779528,0.895581,0.902412,0.794538,0.891374,0.841388,0.802441,0.925908,0.851163,0.656400,0.708734,1.039665,0.720122,0.791496,0.790750,0.714610,0.841547,0.674849,0.677474,0.852108,0.777111,0.729746,0.773900,0.934935,0.835661,0.791555,0.839810,0.803219,0.779046,0.738933,0.792302,0.692721,0.769867,0.737483, ,0.768860,0.830217,0.800210,0.832332, ,0.751321,0.779411,0.728892,0.901968,0.811015,0.722529,0.791218,0.794732,0.813273,0.768648,0.767970,0.721541,0.716024,0.733990,0.795348,0.851798,0.712523,0.751093,0.712596,0.902319,0.858149,0.953701,0.890498, ,0.743075,0.717673,0.774060,0.772280,0.775658,0.820746,0.814055,0.794226,0.929243,0.824322,0.705063,0.711355,0.817657,0.869059,0.716653,0.794274,0.724857,0.826477,0.723105,0.694997,0.668971,0.714049,0.714344,0.686700,0.799836,0.923028,0.884100,0.873192,0.822810,0.785518,0.865748,0.742514,0.774240,0.814711,0.779069,0.848883,0.871792,0.812962,0.855444,0.824681,0.727051,0.778708,0.816704,0.794224,0.824684,0.760948,0.781604,0.799177,0.816062,0.681831,0.716469,0.776176,0.732688,0.783575,0.682843,0.855591,0.771147,0.809479,0.816841,0.837090,0.817027,0.844313,0.867295,0.815534,0.893710,0.801248,0.751548,0.832919,0.839639,0.820292,0.850387,0.858099,0.824261,0.757405,0.726619,0.781382,0.830239,0.944705,0.788108,0.781712,0.706400,0.717672,0.868563,0.799958,0.902907,0.776129,0.757974,0.806356,0.726800,0.766507,0.817055,0.691676,0.808346,0.923713,0.768018,0.763811,0.862060,0.700955,0.774186,0.838292,0.736885,0.850802,0.831501,0.810042,0.788841, ,0.700154,0.779797,0.809866,0.844514,0.789902,0.767144,0.699779,0.740801,0.787430,0.934243,0.768760,0.846177,0.791241,0.805643,0.912757, ,0.839869,0.910488,0.745406,0.665529,0.731029,0.647951,0.752049,0.719059,0.791963,0.709334,0.875457,0.710379,0.804746,0.819198,0.821527,0.799432,0.852193,0.794258,0.730281,0.726098,0.753091,0.717165,0.682290,0.817501,0.733668,0.737539,0.769913,0.865399,0.698007,0.792374,0.777358,0.842235,0.795506,0.710351,0.714747,0.693386,0.908241,0.786919,0.780026,0.922630,0.692069,0.721593,0.830890,0.872787,0.704545,0.754613,0.713587, ,0.832121,0.833177,0.841177,0.736118,0.813527,0.701053,0.793621,0.721165,0.870679,0.772478,0.809976,0.938695,0.966877,0.805159,0.851160,0.794737,0.792301,0.783982,0.760813,0.779233,0.834080,0.827989,0.823353,0.798759,0.910847, , ,0.921875, ,0.659341,0.847497,0.828259,0.725693,0.791954,0.743883,0.785955,0.774019,0.760271,0.803898,0.759177,0.751032,0.829811,0.906175,0.808392,0.754901, ,0.840614,0.718638,0.772704,0.805696,0.810818,0.783951,0.753668,0.730668,0.738226,0.844203,0.801663,0.748701,0.793965,0.838234,0.841974,0.841245,0.849719,0.743399,0.895556,0.962332,0.762955,0.818111,0.832206,0.889549,0.791144,0.765145,0.851864,0.789503,0.829378,0.733984,0.883748,0.771642,0.835289,0.861098, ,0.768107,0.897401,0.767447,0.728383,0.792493,0.865511,0.863636,0.826321,0.798168,0.902765,0.926756,0.854128,0.794480,0.767823,0.775534,0.778606,0.919799,0.798875,0.935544,0.790912,0.796759,0.778661,0.842541,0.739613,0.788407,0.893614,0.787278,0.786760,0.759365,0.876517, ,0.840159,0.774665,0.698268,0.754613,0.721105,0.802406,0.844986,0.826642,0.803087,0.720649,0.680638,0.753002,0.714365,0.752640,0.747798,0.811393,0.844182,0.721584,0.748463,0.709293,0.814838,0.795082,0.727805,0.756912,0.759025,0.751558,0.600180,0.708538,0.733427,0.849102,0.768324,0.730299,0.827829,0.673227,0.852967,0.868652,0.835425,0.750993,0.748729,0.784573,0.813149,0.808213,0.778476, ,0.793522,0.827735,0.791181,0.900864,0.798977,0.746195,0.811948,0.761119,0.786697,0.772687,0.767847,0.962939,0.882806,0.805248,0.819033,0.695872,0.808665,0.768451,0.780891,0.747752,0.797364,0.799804,0.698521,0.771278,0.833585,0.762409,0.742607,0.799182,0.847510,0.886667,0.786470,0.930595,0.747967,0.776652,0.755316,0.798931,0.789178,0.803943,0.880242,0.827041,0.856717,0.856996,0.795381,0.807798,0.827662,0.838936,0.799962,0.802807, ,0.824476,0.825176,0.884613,0.815463,0.777419,0.677901,0.717649,0.855569,0.719363,0.741591,0.746874,0.829823,0.787840,0.739534,0.737482,0.741839,0.830963,0.910543,0.868783,0.847273,0.820920,0.897446,0.835630,0.867065,0.766352,0.903287,0.731229,0.821397,0.900242,0.853141,0.784729,0.807947,0.826445,0.859147,0.881192,0.822350,0.792018,0.748803,0.794932,0.783529,0.784041,0.853003,0.852765,0.819350,0.818167,0.806325,1.029412,0.839023,0.840916,0.779174, ,0.792662,0.867395,0.780407,0.782408,0.778092,0.823788,0.840105, ,0.820034,0.833769,0.839032,0.811841,0.904077,0.802298,0.757101
    Inter-Burst Interval - Avg (sec),5.961565,25.120731,6.932274,5.787890,7.183325,8.157281,7.720898,7.801365,6.210666, , ,16.442441,5.419796,6.411222,35.998190,42.760782,13.270066,16.773961,11.266955,64.795540,15.866934,8.781625,7.655730,9.330418,14.217958,8.781632,6.562088,10.476138, ,11.483723,13.653187,9.031897,13.131184,15.916084,12.572453,13.131271,17.374623,12.741564,12.572463,12.572480,12.572444,12.572509,12.572480,12.572633,12.572502,12.572470,12.572591,12.572626,12.378601,75.230147,9.860922, ,9.383719,10.774027,10.578001,8.950655,8.431780,11.188257,10.030859,13.883038,10.946129,8.683339,24.087810,14.615640,14.462558,8.060400, ,6.129188, ,14.827015,7.845489,6.758645,14.716078,7.089400,17.539235,8.915704,15.169354,6.535947,29.650345,14.109227,9.761946,161.152000,44.782000,9.604505, ,13.533804,9.452182,52.916408,9.924660,9.604565,9.924803,9.604568,9.761966,10.633619,9.304425,33.780935,7.290549,8.089592,7.201775,48.222344,17.123455,86.005947,7.201796,7.571358,7.381921,7.980390,15.961706,7.115232,196.190160,7.115199,15.541044,47.403413,83.054280,13.781500, ,38.474627, ,12.346207,12.094271,48.820752,12.093966,13.168939,12.094274, ,12.093967, ,12.093634,12.094093, ,5.655282,5.549524,5.549562,5.655260,153.930107,5.601857,5.709653,5.549611,5.545275, ,6.187097,71.850387, ,23.751744,5.549558,16.949309, ,17.725255,14.384086,10.282044,9.317950,9.618582,96.910907,9.995727,9.318065,9.318060,9.318219,9.668043,9.318101,10.168072,9.318288,12.131500,11.655715,11.655882,11.655785,12.131484,11.655802,11.888816,53.648656, ,75.771267,18.013338,78.362907, , , ,11.655719,8.258329,18.405415,11.103053,9.666989,8.751241,11.836611,7.714951,9.306924,8.032010,8.497700,7.817871,9.612058,22.735123,7.923544,40.860460,22.929718,10.213015,10.212932,10.212988,10.401840,19.181584,14.308107, ,10.528658,10.212676,10.212607,10.212570,10.401831,10.997682,10.212438,10.030319,10.690745,16.698601,16.698523, ,16.235236,15.796106,23.163850,16.235002,15.796141,16.234564,16.234773,15.380339,16.234498,15.795769,16.698174,15.380177,16.234709,7.317071,7.317087,7.602085,7.602072,11.637537,11.817082,7.409643,15.993691,38.544553,13.653311,7.317038,7.316985,7.702206,7.602180,8.362315, ,11.243442,11.243377, ,11.693074,11.243388,11.243289,34.832537, ,11.243338,11.243337,11.243314,11.243329,11.243334,11.243362,11.243322,11.243408,7.766189,6.783584,6.783586,12.482005,6.862199, ,6.862388,7.012025,21.475725,13.291969,7.470199,7.097421,6.783288,6.862104,8.859948,8.659546,10.031067,10.031139,69.656730,10.030946,10.031155,10.959858,10.031025,16.628761,10.031056,10.031093,10.031254,10.031384,10.031097,10.030914,11.877631,12.329873,13.505320,13.505307,16.060322,13.505207,13.505358,14.506369,35.748120,15.236667,28.297158, ,13.505262,90.394107,13.505522,25.836598, ,14.493555,15.946704,17.489388,18.073061,16.430589,17.490235,17.489858,16.429702,17.490145,15.946602,15.947132,17.490199,16.430395,18.073299,18.765843,18.229397,15.947485,16.450376,15.116668,26.055562,16.450372,58.119006,25.423349, ,14.341352,15.116696,14.341483,14.341401,16.251828,14.341272,14.341567,15.116562,18.647911,35.068490,11.897966,12.481687,15.586296,15.517665,12.481520,15.521589,11.659842,14.725118,11.961580,11.659834,11.961332,12.759029,11.717158,11.659781,14.725807,18.278182,19.178597,35.729309,8.717192,8.717248,17.916863,8.849175,8.464428,8.589095,8.464466,9.752024,12.050158,8.464361,9.279961,9.280041,8.851649,21.333114,17.996077,17.035840,17.024121,29.359818,16.061614,15.615424,15.615544,16.534002,16.534292,22.185520,16.534539,16.534078,21.332523,17.995559,16.534405,8.979484,9.124388,10.297021,9.124396,8.995979,31.613723,9.124422,81.362740,9.428520,9.428536,12.214015,10.879372,8.979496,10.197405,10.001372,9.273993,14.097579,14.097547,14.097651,14.097648,15.355095,14.097520,14.097808,14.097667,14.097270,20.097148,14.441348,73.740000,14.097392,14.097457,14.097550,14.097680,9.001552,9.741209,9.001587,9.282860,9.001560,9.001552,9.001537,14.791858,9.282810,9.001486,9.741249,9.001577,9.001450,9.581732,9.582254,9.001527, ,9.920807,9.920833,9.921079,9.921157,9.920808,9.920839,9.920690,13.134249,9.920919,32.207545,9.920801,9.920988,10.319701,9.920605,21.345300, ,17.686548,17.166520,18.239315,17.686681,17.166642,17.166398,17.166362,17.686461,17.166360,22.055575,17.686587,17.686487,18.827200,18.239548,21.238794,11.251906,11.940838,11.252102,11.252257,11.251840,11.252072,11.252094,11.252080,11.251915,11.251971,11.252086,31.155365,11.472527,11.251828,11.472560,11.251863,12.620318,16.066550,12.620192,12.620382,12.620475,77.708704,21.948118,12.620295,13.642898,12.620384,12.620384,12.712500,12.620491,12.620414,12.620416,12.620389, ,9.246122,12.009363,13.684099,8.831957,12.259057,8.831617,10.758989,11.602809,10.521753,8.965712,9.700333,24.138610,83.736053,9.246108,11.603079,6.340934,6.340916,6.340882,6.625868,6.552283,6.901741,9.886963,7.560247,6.340967,13.262440, , , , , ,8.437889,9.370212,9.370382,10.233688,9.370504,9.520947,9.369989,9.370439,9.370446,9.521530,9.370232,9.521494,12.759516,10.356604,9.370310, ,9.370441,23.846333,23.846272,23.846301,23.846288,23.846598,23.846554,22.929071,22.929231,23.846531,24.840147,23.846605,23.846384,23.846515,68.573973,23.846621,24.840120,8.892320,55.120160,15.102502,8.892347,8.384309,9.466085,13.759914,13.557046,8.892705,12.378334,9.315962,13.591862,12.573603,15.332016,10.949917,18.746932,9.455690, ,9.160202,10.107804,9.160183,9.160215,9.160185,9.818149,9.770940,9.160199,9.160203,9.770887,16.345258,9.818244,9.160166,9.160254,9.987844,8.928549,23.406730,8.928510,12.810372,8.928385,9.821239,8.928499,14.731882,8.928355,8.928450,11.118364,8.928354,9.821276,8.928638,12.537758, ,17.391736,15.511939,15.512000,15.511613,15.511799,15.942780,15.512208,15.511728,15.511795,15.512352,15.512024,15.511708,15.511834,15.512061,15.512242,9.677454,11.739538,9.677272,9.677416,9.677440,10.356559,9.677359,9.838448,9.677512,9.677483,9.677334,9.677201,9.677388,9.677365,9.677287,9.677431,13.031636,9.955200,22.053917,14.334808,14.735120,11.702155,7.937111,9.473350,7.525779,7.339954,7.339973,11.702204, ,10.375740,8.401158,8.512421,38.985120,7.298731,8.098648,9.384235,7.579541,7.298899,7.390122,10.406754,16.041520,7.983304,7.298972,7.298894,7.298909,7.298903,7.779164,8.211282,6.974838,8.025790,7.709261,7.233042,7.144972,7.323496,7.233063,7.233141,9.604292,8.007004,42.481465,6.974758,17.715328,7.144855,6.974844,6.974741,7.671677,7.120147,6.715624,125.813520,6.871847,14.221065,9.688224,7.035474,9.688159,6.715591,6.715614,8.954120,6.715669, ,6.715532,8.702124,22.218314,17.778320,9.641428,9.641563,9.799896,11.721369,9.641520,9.962977,9.641615,9.963063,9.641840,9.641845,9.799726,9.641743,19.764531,42.143953,7.814917,7.713409,6.826791,21.749156,6.749257,8.365225,7.919027,81.905776,6.749218,7.155716,12.672130,9.034139,6.749225,6.749145,7.242944,6.906034,9.487649,7.353038,14.169454,21.179158,7.353022,7.353018,7.740022,7.353086,7.352922,7.352963,7.740018,9.191381, ,7.446038,7.353024,7.353019, ,93.356336,21.823748,13.379453,8.786636,8.786556,8.919550,9.495083, ,13.497226,9.650776,41.868172,8.919926,35.063120,8.919834,8.919753
    Inter-Burst Interval - Std (sec),2.998678,24.316148,6.936334,3.050333,5.232311,11.888842,7.981168,9.821819,2.888160, , ,18.381125,2.690656,5.098225,27.220144,40.691857,6.244672,7.899631,5.369231,46.750643,6.390597,3.942599,2.903995,4.278058,6.464161,3.725437,2.343162,5.217007, ,4.750674,6.252324,4.393052,9.196031,12.810253,9.081079,8.988980,12.120450,9.463070,9.080584,9.082057,9.079682,9.080214,9.080597,9.080843,9.079551,9.079979,9.080547,9.081528,5.958711,96.059673,4.251470, ,4.834582,4.444962,5.591095,4.516377,3.915931,4.745064,4.353342,6.032778,4.824485,4.249616,15.399380,8.701822,8.635440,4.580238, ,3.034911, ,7.694914,3.950696,3.614041,8.582531,3.673030,9.077397,5.007953,8.343225,3.133598,15.069155,8.471363,3.577302, ,47.777949,3.279029, ,8.490989,3.399967,34.991667,3.923359,3.275990,3.314623,3.278997,3.421218,4.859979,3.514973,23.601579,1.628178,2.571422,1.608332,50.393920,14.486376,124.694491,1.744546,2.201055,2.110740,2.473338,11.197029,1.524356,85.640474,1.524824,9.966401,42.556443,52.471656,6.989663, ,31.154948, ,3.180518,2.991545,67.055765,2.991369,4.187482,2.989293, ,2.991776, ,2.989441,2.991795, ,1.621931,1.269260,1.268621,1.373759,125.078871,1.334214,1.589754,1.267669,1.273219, ,2.696269,36.206286, ,22.387998,1.264479,10.733674, ,12.029152,9.232704,5.416281,5.143260,5.188359,103.655721,5.786770,5.143117,5.142798,5.145272,5.207894,5.144227,5.060123,5.139609,3.554460,3.046853,3.046745,3.046088,3.762005,3.045831,3.353935,39.726189, ,92.365111,14.046847,45.282717, , , ,3.042518,2.444526,12.920907,5.663517,4.916631,2.694505,6.317767,2.273539,3.410531,2.434465,2.475220,2.301575,4.608121,23.582353,2.433367,34.130272,20.869417,10.174377,10.175522,10.174703,10.358482,26.234421,18.964408, ,11.436547,10.174735,10.174637,10.175468,10.310703,10.466212,10.175092,10.170815,10.574438,16.915076,16.915224, ,16.808260,16.774653,20.393694,16.726563,16.657303,16.724696,16.724496,16.644348,17.350125,16.657586,16.931847,16.699805,16.871221,1.717601,1.717532,2.080931,2.205683,5.577088,6.431093,1.894572,14.008603,35.580700,10.075360,1.717148,1.716675,2.265810,2.135500,2.994226, ,3.341236,3.339446, ,3.431316,3.306998,3.305790,22.978672, ,3.305884,3.305616,3.303534,3.340247,3.342174,3.340207,3.340238,3.342037,3.828881,1.718534,1.717716,9.354074,1.746516, ,1.915442,2.621082,16.792191,9.183584,2.966454,2.798481,1.719358,1.746331,4.547231,3.791797,10.700217,10.701138,94.087524,10.701906,10.700107,11.209827,10.701197,16.817394,10.699946,10.701028,10.700762,10.700876,10.700567,10.699360,12.007513,12.939148,8.480963,8.481140,9.198039,8.481149,8.482126,10.538989,33.683217,8.641866,25.199613, ,8.479041,69.665514,8.480992,20.635507, ,8.214896,20.078361,20.763859,21.551578,20.286535,20.763727,20.762404,20.316162,20.765130,20.077802,20.079541,20.764192,20.317098,20.970479,22.302868,22.017687,20.080837,8.208188,7.857090,19.187400,8.209014,50.509112,13.566929, ,5.397033,7.857468,5.396077,5.395848,7.976042,5.396245,5.395416,6.157391,8.568261,29.177833,4.170658,4.935144,7.095472,9.091834,5.060847,8.074482,4.382208,6.760131,4.634404,4.381517,4.637739,5.969884,4.407527,4.380562,7.171835,12.317161,12.252686,31.066395,2.613919,2.541557,13.918943,2.616320,2.338767,2.426573,2.334416,3.259981,8.121983,2.332413,3.304318,2.795555,2.636979,20.844063,13.303406,11.022688,11.882158,26.350174,11.114572,11.204920,11.202066,11.374331,11.372907,20.858242,11.372354,11.380108,20.839171,14.749944,11.376641,7.407401,7.476042,6.788968,7.475021,6.452651,23.485376,7.474678,54.915861,7.771399,8.479004,10.702125,8.456022,7.410100,8.133757,7.648339,7.846177,14.524641,14.524555,14.525617,14.524071,15.638489,14.524503,14.525482,14.525420,14.522742,18.600207,14.565496,51.004626,14.523883,14.524914,14.523916,14.525847,2.043445,2.975086,2.042813,2.544148,2.042518,2.042831,2.041913,8.816295,2.448676,2.043345,2.768420,2.043513,2.042848,3.082316,2.477084,2.043246, ,3.316551,3.316852,3.314763,3.313426,3.315949,3.315053,3.316537,8.054016,3.314382,23.460401,3.316073,3.313969,4.142409,3.317885,24.613538, ,9.211074,9.500506,9.772296,9.215276,9.501759,9.501819,9.500594,9.216952,9.500614,10.766435,9.213987,9.216023,9.232970,9.782438,11.003890,7.238659,7.659971,7.237102,7.237271,7.238111,7.238350,7.237989,7.237555,7.238815,7.239177,7.237080,21.163495,7.234500,7.239184,7.146450,7.238700,6.967664,11.248047,6.966428,6.965712,6.966483,36.061785,17.550624,6.966435,7.555560,6.966416,6.966661,7.020079,6.967047,6.967402,6.910591,6.967087, ,2.845406,5.094007,6.242388,2.551109,5.618846,2.551155,4.731919,5.127131,4.616701,2.495830,3.927543,17.006940,36.159206,2.656628,6.966638,2.037089,2.036831,2.037025,2.479788,2.578352,2.566244,6.645847,4.039583,2.036896,10.350620, , , , , ,5.005509,4.367453,4.367457,5.912538,4.368185,5.593547,4.368434,4.368166,4.367345,5.592371,4.368031,5.592628,8.296419,7.196605,4.367930, ,4.367819,10.907091,10.907350,10.896021,10.909368,10.909195,10.896455,11.631265,11.584602,10.907659,11.063329,10.908027,10.907083,10.884345,74.171482,10.906859,10.492044,4.081282,47.344898,14.632521,4.081191,4.299365,4.445841,13.821876,9.036514,4.079987,6.784729,4.598207,13.578270,8.004286,14.878716,6.439773,16.338857,3.057904, ,2.804336,3.625358,2.803750,2.800260,2.944368,3.297689,3.642255,2.802699,2.801948,3.476448,10.020651,3.508045,2.802342,2.802412,2.975355,1.984364,18.427620,1.989273,3.860537,1.987831,3.168918,1.987693,9.011837,1.988871,1.988948,3.755743,1.992667,3.094967,1.986286,4.455987, ,17.242053,16.458721,16.459976,16.456676,16.457932,16.579988,16.460408,16.457090,16.457935,16.461039,16.459233,16.457288,16.457780,16.458788,16.459465,6.003721,6.937923,6.005037,6.004501,6.004283,7.022589,6.003775,6.003537,6.004212,6.003781,6.005138,6.004503,6.004735,6.005532,6.003228,6.002038,13.237177,9.673246,19.074844,13.204579, ,11.948825,4.546845,6.811103,4.893478,3.970762,3.970505,10.271170, ,8.679224,6.425034,5.709549,41.024587,1.480576,2.380164,4.163770,2.251012,1.482451,1.827173,4.537220, ,3.003134,1.481945,1.479133,1.482206,1.482828,2.508454,2.665099,2.469776,3.679575,3.875781,2.638529,2.603150,3.080430,2.637573,2.637643,6.372287,4.563866,41.118242,2.467664,14.495027,2.498607,2.467641,2.467448,2.550364,1.972910,1.556898,4.973846,1.602823,9.961974,6.483464,2.110936,4.919790,1.556686,1.558731,4.808002,1.556746, ,1.559836,3.554137,17.012115,13.959655,5.790933,5.789287,5.910059,7.169007,5.790189,6.499872,5.786927,5.955898,5.788500,5.788378,5.899922,5.789587,15.227695,37.632272,7.369925,7.739304,4.586992,31.031618,4.130780,5.321077,8.800072,54.468902,4.124507,5.007406,13.326660,7.698131,4.131949,4.131866,4.809838,4.537558,5.047439,1.225825,13.952626,27.392755,1.225938,1.226187,2.570297,1.225835,1.226430,1.226286,2.054652,3.436339, ,1.374558,1.225916,1.226757, ,53.285587,24.408849,11.403868,3.745017,3.746639,4.418675,4.664613, ,13.087776,4.681990,46.869270,3.832134,68.713137,3.800071,4.419007
    Burst Frequency (Hz),0.168333,0.036667,0.145000,0.173333,0.140000,0.106667,0.121667,0.113333,0.161667, , ,0.053333,0.185000,0.156667,0.028333,0.023333,0.076667,0.060000,0.090000,0.015000,0.063333,0.115000,0.131667,0.108333,0.071667,0.115000,0.153333,0.096667, ,0.088333,0.073333,0.110000,0.076667,0.061667,0.080000,0.076667,0.056667,0.076667,0.080000,0.080000,0.080000,0.080000,0.080000,0.080000,0.080000,0.080000,0.080000,0.080000,0.080000,0.011667,0.100000, ,0.105000,0.091667,0.093333,0.110000,0.116667,0.088333,0.098333,0.070000,0.088333,0.113333,0.036667,0.065000,0.068333,0.123333, ,0.161667, ,0.066667,0.126667,0.148333,0.068333,0.140000,0.055000,0.111667,0.063333,0.153333,0.033333,0.070000,0.103333,0.003333,0.018333,0.105000, ,0.075000,0.106667,0.018333,0.101667,0.105000,0.101667,0.105000,0.103333,0.095000,0.108333,0.023333,0.136667,0.123333,0.138333,0.018333,0.053333,0.011667,0.138333,0.131667,0.135000,0.125000,0.063333,0.140000,0.005000,0.140000,0.065000,0.021667,0.011667,0.073333, ,0.021667, ,0.081667,0.083333,0.010000,0.083333,0.076667,0.083333,0.001667,0.083333, ,0.083333,0.083333, ,0.176667,0.180000,0.180000,0.176667,0.006667,0.178333,0.175000,0.180000,0.178333,0.001667,0.160000,0.011667, ,0.043333,0.180000,0.051667, ,0.055000,0.070000,0.098333,0.108333,0.105000,0.006667,0.100000,0.108333,0.108333,0.108333,0.103333,0.108333,0.098333,0.108333,0.083333,0.086667,0.086667,0.086667,0.083333,0.086667,0.085000,0.018333,0.001667,0.011667,0.056667,0.006667, , ,0.001667,0.086667,0.120000,0.045000,0.086667,0.101667,0.113333,0.083333,0.128333,0.106667,0.123333,0.116667,0.126667,0.103333,0.040000,0.125000,0.021667,0.043333,0.093333,0.093333,0.093333,0.091667,0.043333,0.066667,0.001667,0.090000,0.093333,0.093333,0.093333,0.091667,0.085000,0.093333,0.095000,0.088333,0.060000,0.060000,0.001667,0.061667,0.063333,0.043333,0.061667,0.063333,0.061667,0.061667,0.065000,0.061667,0.063333,0.060000,0.065000,0.061667,0.135000,0.135000,0.130000,0.130000,0.078333,0.078333,0.133333,0.060000,0.020000,0.070000,0.135000,0.135000,0.128333,0.130000,0.118333, ,0.088333,0.088333, ,0.085000,0.088333,0.088333,0.025000, ,0.088333,0.088333,0.088333,0.088333,0.088333,0.088333,0.088333,0.088333,0.128333,0.146667,0.146667,0.078333,0.145000, ,0.145000,0.140000,0.043333,0.070000,0.133333,0.138333,0.146667,0.145000,0.111667,0.105000,0.100000,0.100000,0.015000,0.100000,0.100000,0.091667,0.100000,0.060000,0.100000,0.100000,0.100000,0.100000,0.100000,0.100000,0.083333,0.081667,0.075000,0.075000,0.063333,0.075000,0.075000,0.070000,0.028333,0.066667,0.036667, ,0.075000,0.011667,0.075000,0.040000, ,0.070000,0.058333,0.053333,0.051667,0.056667,0.053333,0.053333,0.056667,0.053333,0.058333,0.058333,0.053333,0.056667,0.051667,0.043333,0.048333,0.058333,0.058333,0.063333,0.030000,0.058333,0.013333,0.038333, ,0.066667,0.063333,0.066667,0.066667,0.056667,0.066667,0.066667,0.063333,0.045000,0.028333,0.083333,0.078333,0.061667,0.063333,0.078333,0.063333,0.085000,0.066667,0.081667,0.085000,0.081667,0.076667,0.083333,0.085000,0.066667,0.050000,0.051667,0.025000,0.113333,0.113333,0.050000,0.111667,0.116667,0.115000,0.116667,0.100000,0.080000,0.116667,0.105000,0.105000,0.110000,0.045000,0.053333,0.056667,0.056667,0.031667,0.060000,0.061667,0.061667,0.058333,0.058333,0.043333,0.058333,0.058333,0.045000,0.053333,0.058333,0.106667,0.105000,0.086667,0.105000,0.090000,0.026667,0.105000,0.008333,0.101667,0.101667,0.073333,0.088333,0.106667,0.086667,0.088333,0.103333,0.071667,0.071667,0.071667,0.071667,0.065000,0.071667,0.071667,0.071667,0.071667,0.050000,0.070000,0.010000,0.071667,0.071667,0.071667,0.071667,0.111667,0.101667,0.111667,0.108333,0.111667,0.111667,0.111667,0.066667,0.108333,0.111667,0.101667,0.111667,0.111667,0.103333,0.105000,0.111667, ,0.100000,0.100000,0.100000,0.100000,0.100000,0.100000,0.100000,0.075000,0.100000,0.028333,0.100000,0.100000,0.095000,0.100000,0.041667, ,0.056667,0.058333,0.055000,0.056667,0.058333,0.058333,0.058333,0.056667,0.058333,0.045000,0.056667,0.056667,0.053333,0.055000,0.046667,0.088333,0.083333,0.088333,0.088333,0.088333,0.088333,0.088333,0.088333,0.088333,0.088333,0.088333,0.028333,0.086667,0.088333,0.086667,0.088333,0.076667,0.055000,0.076667,0.076667,0.076667,0.010000,0.040000,0.076667,0.070000,0.076667,0.076667,0.075000,0.076667,0.076667,0.076667,0.076667, ,0.108333,0.083333,0.073333,0.113333,0.081667,0.113333,0.093333,0.086667,0.095000,0.111667,0.103333,0.041667,0.006667,0.108333,0.086667,0.156667,0.156667,0.156667,0.150000,0.151667,0.138333,0.098333,0.131667,0.156667,0.071667, , ,0.001667, ,0.001667,0.116667,0.106667,0.106667,0.096667,0.106667,0.105000,0.106667,0.106667,0.106667,0.105000,0.106667,0.105000,0.076667,0.096667,0.106667, ,0.106667,0.043333,0.043333,0.043333,0.043333,0.043333,0.043333,0.045000,0.045000,0.043333,0.041667,0.043333,0.043333,0.043333,0.011667,0.043333,0.041667,0.111667,0.016667,0.061667,0.111667,0.118333,0.105000,0.066667,0.071667,0.111667,0.078333,0.106667,0.068333,0.078333,0.060000,0.088333,0.050000,0.105000, ,0.108333,0.098333,0.108333,0.108333,0.108333,0.100000,0.101667,0.108333,0.108333,0.101667,0.056667,0.100000,0.108333,0.108333,0.100000,0.111667,0.040000,0.111667,0.078333,0.111667,0.101667,0.111667,0.068333,0.111667,0.111667,0.090000,0.111667,0.101667,0.111667,0.080000, ,0.056667,0.063333,0.063333,0.063333,0.063333,0.061667,0.063333,0.063333,0.063333,0.063333,0.063333,0.063333,0.063333,0.063333,0.063333,0.103333,0.085000,0.103333,0.103333,0.103333,0.096667,0.103333,0.101667,0.103333,0.103333,0.103333,0.103333,0.103333,0.103333,0.103333,0.103333,0.075000,0.100000,0.045000,0.068333,0.003333,0.083333,0.125000,0.105000,0.133333,0.136667,0.136667,0.083333, ,0.095000,0.116667,0.116667,0.023333,0.136667,0.123333,0.106667,0.131667,0.136667,0.135000,0.095000,0.003333,0.123333,0.136667,0.136667,0.136667,0.136667,0.128333,0.121667,0.141667,0.123333,0.128333,0.136667,0.138333,0.135000,0.136667,0.136667,0.101667,0.121667,0.023333,0.141667,0.055000,0.138333,0.141667,0.141667,0.128333,0.140000,0.148333,0.005000,0.145000,0.070000,0.103333,0.141667,0.103333,0.148333,0.148333,0.111667,0.148333, ,0.148333,0.113333,0.045000,0.048333,0.105000,0.105000,0.103333,0.086667,0.105000,0.101667,0.105000,0.101667,0.105000,0.105000,0.103333,0.105000,0.048333,0.021667,0.128333,0.130000,0.146667,0.046667,0.148333,0.120000,0.126667,0.010000,0.148333,0.140000,0.076667,0.110000,0.148333,0.148333,0.138333,0.145000,0.105000,0.135000,0.070000,0.040000,0.135000,0.135000,0.128333,0.135000,0.135000,0.135000,0.128333,0.108333,0.001667,0.133333,0.135000,0.135000, ,0.010000,0.045000,0.075000,0.113333,0.113333,0.111667,0.105000, ,0.073333,0.103333,0.023333,0.111667,0.028333,0.111667,0.111667
    IBI Coefficient of Variation,0.503002,0.967971,1.000586,0.527020,0.728397,1.457452,1.033710,1.258987,0.465032, , ,1.117907,0.496450,0.795203,0.756153,0.951616,0.470583,0.470946,0.476547,0.721510,0.402762,0.448960,0.379323,0.458507,0.454648,0.424231,0.357076,0.497990, ,0.413688,0.457939,0.486393,0.700320,0.804862,0.722300,0.684548,0.697595,0.742693,0.722260,0.722376,0.722189,0.722228,0.722260,0.722271,0.722175,0.722211,0.722250,0.722325,0.481372,1.276877,0.431143, ,0.515210,0.412563,0.528559,0.504586,0.464425,0.424111,0.433995,0.434543,0.440748,0.489399,0.639302,0.595377,0.597089,0.568240, ,0.495157, ,0.518979,0.503563,0.534729,0.583208,0.518102,0.517548,0.561700,0.550005,0.479441,0.508229,0.600413,0.366454, ,1.066901,0.341405, ,0.627391,0.359702,0.661263,0.395314,0.341087,0.333974,0.341400,0.350464,0.457039,0.377774,0.698666,0.223327,0.317868,0.223324,1.045033,0.845996,1.449836,0.242238,0.290708,0.285934,0.309927,0.701493,0.214238,0.436518,0.214305,0.641295,0.897751,0.631775,0.507177, ,0.809753, ,0.257611,0.247352,1.373509,0.247344,0.317982,0.247166, ,0.247378, ,0.247191,0.247377, ,0.286799,0.228715,0.228598,0.242917,0.812569,0.238173,0.278433,0.228425,0.229604, ,0.435789,0.503912, ,0.942583,0.227852,0.633281, ,0.678645,0.641869,0.526771,0.551973,0.539410,1.069598,0.578924,0.551951,0.551917,0.552173,0.538671,0.552068,0.497648,0.551561,0.292994,0.261404,0.261391,0.261337,0.310103,0.261315,0.282108,0.740488, ,1.218999,0.779803,0.577859, , , ,0.261032,0.296007,0.702017,0.510086,0.508600,0.307900,0.533748,0.294693,0.366451,0.303095,0.291281,0.294399,0.479410,1.037265,0.307106,0.835289,0.910147,0.996217,0.996337,0.996251,0.995832,1.367688,1.325431, ,1.086230,0.996285,0.996282,0.996367,0.991239,0.951674,0.996343,1.014007,0.989121,1.012964,1.012977, ,1.035295,1.061949,0.880410,1.030278,1.054517,1.030191,1.030165,1.082183,1.068720,1.054560,1.013994,1.085801,1.039207,0.234739,0.234729,0.273732,0.290142,0.479233,0.544220,0.255690,0.875883,0.923106,0.737943,0.234678,0.234615,0.294177,0.280906,0.358062, ,0.297172,0.297015, ,0.293449,0.294128,0.294023,0.659690, ,0.294030,0.294007,0.293822,0.297087,0.297258,0.297083,0.297086,0.297244,0.493019,0.253337,0.253216,0.749405,0.254513, ,0.279122,0.373798,0.781915,0.690912,0.397105,0.394295,0.253470,0.254489,0.513235,0.437875,1.066708,1.066792,1.350731,1.066889,1.066687,1.022808,1.066810,1.011344,1.066682,1.066786,1.066742,1.066740,1.066739,1.066639,1.010935,1.049414,0.627972,0.627986,0.572718,0.627991,0.628056,0.726508,0.942237,0.567176,0.890535, ,0.627832,0.770686,0.627965,0.798693, ,0.566796,1.259092,1.187226,1.192470,1.234681,1.187161,1.187111,1.236551,1.187247,1.259065,1.259132,1.187190,1.236556,1.160302,1.188482,1.207812,1.259185,0.498967,0.519763,0.736403,0.499017,0.869064,0.533641, ,0.376327,0.519787,0.376257,0.376243,0.490778,0.376274,0.376208,0.407327,0.459476,0.832024,0.350535,0.395391,0.455238,0.585902,0.405467,0.520210,0.375838,0.459088,0.387441,0.375779,0.387728,0.467895,0.376160,0.375698,0.487025,0.673872,0.638873,0.869493,0.299858,0.291555,0.776863,0.295657,0.276305,0.282518,0.275790,0.334288,0.674015,0.275557,0.356070,0.301244,0.297908,0.977075,0.739239,0.647029,0.697960,0.897491,0.691996,0.717555,0.717366,0.687936,0.687838,0.940174,0.687794,0.688282,0.976873,0.819644,0.688059,0.824925,0.819347,0.659314,0.819235,0.717282,0.742885,0.819195,0.674951,0.824244,0.899292,0.876217,0.777253,0.825225,0.797630,0.764729,0.846041,1.030293,1.030290,1.030357,1.030248,1.018456,1.030288,1.030336,1.030342,1.030181,0.925515,1.008597,0.691682,1.030253,1.030322,1.030244,1.030371,0.227010,0.305412,0.226939,0.274069,0.226907,0.226942,0.226840,0.596024,0.263786,0.227001,0.284196,0.227017,0.226947,0.321687,0.258507,0.226989, ,0.334303,0.334332,0.334113,0.333976,0.334242,0.334150,0.334305,0.613207,0.334080,0.728413,0.334255,0.334036,0.401408,0.334444,1.153113, ,0.520795,0.553432,0.535782,0.521029,0.553501,0.553513,0.553442,0.521130,0.553444,0.488150,0.520959,0.521077,0.490406,0.536331,0.518103,0.643327,0.641494,0.643178,0.643184,0.643282,0.643290,0.643257,0.643219,0.643341,0.643370,0.643177,0.679289,0.630593,0.643379,0.622917,0.643333,0.552099,0.700091,0.552007,0.551941,0.551998,0.464064,0.799641,0.552003,0.553809,0.551997,0.552017,0.552219,0.552042,0.552074,0.547572,0.552050, ,0.307741,0.424170,0.456178,0.288850,0.458342,0.288866,0.439811,0.441887,0.438777,0.278375,0.404887,0.704553,0.431824,0.287324,0.600413,0.321260,0.321220,0.321253,0.374259,0.393504,0.371826,0.672183,0.534319,0.321228,0.780446, , , , , ,0.593218,0.466100,0.466092,0.577752,0.466163,0.587499,0.466216,0.466164,0.466077,0.587340,0.466160,0.587369,0.650214,0.694881,0.466146, ,0.466127,0.457391,0.457403,0.456927,0.457487,0.457474,0.456940,0.507272,0.505233,0.457411,0.445381,0.457425,0.457389,0.456433,1.081627,0.457375,0.422383,0.458967,0.858940,0.968881,0.458955,0.512787,0.469660,1.004503,0.666555,0.458802,0.548113,0.493584,0.999000,0.636594,0.970434,0.588112,0.871548,0.323393, ,0.306143,0.358669,0.306080,0.305698,0.321431,0.335877,0.372764,0.305965,0.305883,0.355797,0.613062,0.357299,0.305927,0.305932,0.297898,0.222249,0.787279,0.222800,0.301360,0.222642,0.322660,0.222623,0.611723,0.222759,0.222765,0.337796,0.223184,0.315129,0.222462,0.355405, ,0.991393,1.061036,1.061112,1.060926,1.060994,1.039968,1.061126,1.060945,1.060995,1.061157,1.061063,1.060959,1.060982,1.061032,1.061063,0.620382,0.590988,0.620530,0.620465,0.620441,0.678081,0.620394,0.610212,0.620429,0.620387,0.620536,0.620479,0.620491,0.620575,0.620342,0.620210,1.015772,0.971678,0.864919,0.921155, ,1.021079,0.572859,0.718975,0.650229,0.540979,0.540943,0.877712, ,0.836492,0.764780,0.670732,1.052314,0.202854,0.293896,0.443698,0.296985,0.203106,0.247245,0.435988, ,0.376177,0.203035,0.202652,0.203072,0.203158,0.322458,0.324566,0.354098,0.458469,0.502744,0.364788,0.364333,0.420623,0.364655,0.364661,0.663483,0.569984,0.967910,0.353799,0.818220,0.349707,0.353792,0.353769,0.332439,0.277088,0.231832,0.039533,0.233245,0.700508,0.669211,0.300042,0.507815,0.231802,0.232106,0.536960,0.231808, ,0.232273,0.408422,0.765680,0.785207,0.600630,0.600451,0.603074,0.611619,0.600547,0.652403,0.600203,0.597798,0.600352,0.600339,0.602050,0.600471,0.770456,0.892946,0.943059,1.003357,0.671910,1.426796,0.612035,0.636095,1.111257,0.665019,0.611109,0.699777,1.051651,0.852116,0.612211,0.612206,0.664072,0.657043,0.532001,0.166710,0.984698,1.293383,0.166726,0.166760,0.332079,0.166710,0.166795,0.166774,0.265458,0.373865, ,0.184603,0.166723,0.166837, ,0.570776,1.118454,0.852342,0.426217,0.426406,0.495392,0.491266, ,0.969664,0.485141,1.119449,0.429615,1.959698,0.426025,0.495418
    Normalized Duration IQR,0.253290,0.514565,1.034092,0.898565,0.297209,0.469513,0.703515,0.882198,0.296505, , ,0.635153,0.557764,0.823192,0.778787,0.000000,0.000000,0.000000,0.325847,0.000000,0.000000,0.260677,0.281813,0.000000,0.785962,0.279922,0.234098,0.280235, ,0.000000,0.000000,0.300420,0.446875,0.000000,0.689395,0.410246,0.388587,0.938673,1.241937,0.829559,0.686244,1.246266,0.000000,1.243789,0.226471,1.172682,0.928228,0.224440,0.000000,0.000000,0.306304, ,0.275000,0.302235,0.000000,0.453352,0.222841,0.157588,0.177735,0.361633,0.211718,0.199880,0.642766,0.323321,0.351969,0.562782, ,0.415698, ,0.597256,0.370741,0.550404,0.518116,0.548394,0.555494,0.235641,0.388587,0.401042,0.158186,0.640026,0.231928, ,0.443706,0.198297, ,0.382061,0.386786,0.000000,0.440581,0.354965,0.345650,0.475761,0.184279,0.350491,0.171170,0.272604,0.303518,0.483420,0.160623,0.193094,0.270834,0.578390,0.250250,0.225858,0.746273,0.368557,0.497845,0.183603, ,0.536442,0.573968,0.202468,0.470395,0.732797, ,0.196429, ,0.196429,0.164747,0.204119,0.375751,0.575288,0.445285, ,0.491973, ,0.528326,0.176481, ,0.000000,0.000000,0.260949,0.000000,0.579283,0.217231,0.289641,0.000000,0.000000, ,0.304071,0.593010, ,0.000000,0.186476,0.306679, ,0.266224,0.325423,0.397223,0.189871,0.419883,0.000000,0.541667,0.184279,0.422720,0.000000,0.232791,0.205798,0.000000,0.179520,0.418829,0.208542,0.240625,0.000000,0.763734,0.300420,0.254837,0.000000, ,0.000000,0.388185,0.368557, , , ,0.196583,0.266507,0.379167,0.233008,0.613358,0.209766,0.206307,0.211360,0.292348,0.547594,0.455000,0.187735,0.252778,0.369101,0.354462,0.658553,0.459175,0.171053,0.359555,0.182265,0.305929,0.286984,0.371291, ,0.948636,0.211360,0.314582,0.455276,0.325000,0.195508,0.305556,0.173064,0.415698,0.000000,0.280550, ,0.236979,0.000000,0.306679,0.734302,0.321658,0.329277,0.243434,0.383819,1.177094,0.695140,0.305183,0.497186,1.251251,0.392858,0.233008,0.000000,0.318790,0.334559,0.000000,0.534723,0.000000,0.908020,0.216479,0.388587,0.000000,0.000000,0.000000,0.517046, ,0.000000,0.213524, ,0.168405,0.181868,0.000000,0.334559, ,0.175738,0.000000,0.180817,0.208542,0.179262,0.151667,0.000000,0.182133,0.000000,0.260949,0.292690,0.634080,0.000000, ,0.290989,0.000000,0.000000,0.000000,0.000000,0.000000,0.200040,0.265096,0.411596,0.000000,0.729947,0.680336,0.000000,0.266507,0.228957,0.298628,0.862932,0.327125,0.639209,0.413227,0.341406,0.506990,0.238637,0.295804,0.000000,0.000000,0.624585,0.366399,1.265488,0.553651,0.983688,6.622501,5.291494,1.076345,1.003294, ,0.551212,9.147529,0.590213,1.553472, ,0.989131,0.146517,0.143739,0.162289,0.000000,0.271127,0.230009,0.222050,0.246067,0.170936,0.439036,0.274397,0.460442,0.597256,0.000000,0.000000,0.527954,0.305183,0.390406,0.244624,0.124379,0.000000,3.316570, ,0.000000,0.877455,0.233008,0.184279,0.760639,0.000000,0.224440,0.518653,0.392242,5.495360,0.185371,0.316772,0.212798,0.507607,0.174269,0.701767,0.631945,0.352962,0.457775,0.508226,0.163991,0.464717,0.522443,0.000000,0.812501,1.124720,0.871952,2.163547,0.000000,0.230009,0.302600,0.000000,0.225654,0.369646,0.180166,0.000000,0.312813,0.226676,0.214992,0.214255,0.362419,0.784132,0.197047,0.232575,20.259048,1.288290,0.000000,0.000000,0.185646,15.317041,19.516372,0.218942,15.821806,21.881487,0.626969,0.219133,24.864608,0.221069,0.167056,0.286000,0.490687,0.312422,0.387985,0.221460,0.341872,0.000000,0.348053,0.000000,0.313597,0.240394,0.261768,0.288973,0.287644,0.184008,0.156406,0.251508,0.000000,0.000000,0.116721,0.107496,0.218942,2.124038,0.237564,0.714490,0.382646,0.327982,0.000000,0.442138,0.296154,0.191323,1.121480,0.263144,0.202468,0.472170,0.330145,0.137803,0.685993,0.247283,0.488770,0.000000,0.871952,0.177735,0.372766,0.575288,0.250000, ,0.300782,0.128663,0.214992,0.606520,0.000000,0.264256,0.562360,0.807259,0.119337,0.000000,0.260406,0.000000,0.317576,0.000000,0.000000, ,5.934171,0.542973,0.283409,0.226676,0.000000,0.270249,0.109952,0.127224,0.000000,0.389192,0.282689,5.972560,0.508294,0.307282,0.000000,0.000000,0.325000,0.434966,0.307056,0.390203,0.329277,0.470985,0.200521,1.207771,1.061507,0.831396,0.286984,0.651693,0.148958,0.399123,0.473063,0.000000,1.357105,0.569074,0.140118,0.480942,0.464286,0.223039,1.663295,0.000000,0.350245,0.369101,0.758334,0.000000,0.355975,0.559218,0.257724, ,0.000000,0.226266,0.515980,0.154666,0.759869,0.483109,1.245026,0.131434,0.542450,0.339092,0.963560,0.937267,0.285023,0.206137,2.606773,0.488770,0.351722,0.294585,0.302966,0.331019,0.459456,0.271421,0.401471,0.356990,0.241089, , , , , ,0.239933,0.233008,0.000000,0.000000,0.000000,0.253803,0.138797,0.000000,0.000000,0.000000,0.196738,0.383819,0.406250,0.303702,0.175000, ,0.000000,0.257990,1.035518,0.000000,0.000000,0.000000,0.225451,0.000000,0.000000,0.312422,1.792624,0.223837,0.168179,0.280864,0.428511,0.294066,0.369101,0.581977,0.000000,0.215362,0.327982,0.150030,0.313990,0.229377,0.858197,0.253290,0.468633,0.163349,0.280131,0.484605,0.221657,0.665559,0.293893,0.123276, ,0.185371,0.000000,0.199562,0.493915,0.000000,0.209766,0.283730,0.186754,0.000000,0.160417,0.000000,0.227707,0.000000,0.158386,0.389192,0.150935,0.000000,0.000000,0.000000,0.251003,0.545802,0.157390,0.423435,0.291667,0.322072,0.204620,0.172112,0.000000,0.285674,0.350982, ,0.225654,0.209941,0.890570,0.415698,1.130649,0.273199,0.182531,0.000000,0.214072,1.108283,0.552429,0.565750,0.419883,0.566497,0.731726,0.462285,0.512808,0.344460,0.244863,0.727119,0.884624,0.208022,0.159598,0.158788,0.325847,0.000000,0.127679,0.827958,0.130543,0.000000,0.000000,0.474558,0.237655,0.350000,0.372396, ,0.931453,0.491329,0.483731,0.561099,0.205798,0.432585,0.459596, ,0.581977,0.787776,0.738928,0.000000,0.525184,0.601081,0.000000,0.228331,0.000000,0.193992,0.322487, ,0.440194,0.288973,0.266224,0.382938,0.000000,0.267934,0.410246,0.619431,1.453253,0.943628,0.542842,0.713641,0.402332,0.203787,0.532447,0.772377,0.683744,0.296154,0.202796,0.000000,0.858491,0.000000,0.192797,0.541667,0.000000,0.184550, ,0.211004,0.000000,0.282769,0.177735,0.521355,0.235641,0.000000,0.314780,0.375751, ,0.411596,0.917228,0.255880,0.391016,0.000000,0.823192,0.194747,0.397223,0.220291,0.419883,0.000000,0.240625,0.440581,0.425596,0.675439,0.217231,0.305929,0.443706,1.405900,1.324075,1.845503,0.000000,1.134922,1.586372,0.835095,0.973736,1.028990,1.697763,0.892688,2.327909,1.051472,1.065802,1.357105,1.028426,0.000000,0.222247,0.963737,0.402979,0.000000,0.000000,0.000000,0.000000,0.000000,0.253290,0.000000,0.342809, ,0.000000,0.000000,0.267361, ,0.000000,0.304071,0.318385,0.152592,0.116018,0.150935,0.309333, ,0.793815,0.179907,14.152970,0.441099,0.000000,0.149314,0.172349
    Burst Percentage,91.991992,32.618026,88.125000,94.113264,83.291771,89.068826,89.774697,75.074776,93.183940,0.000000,0.000000,42.643923,97.077510,92.805233,37.082067,43.654822,69.261477,82.807018,77.309562,43.000000,84.498480,85.949506,89.594173,81.470138,75.782537,81.830239,93.446809,83.597122,0.000000,77.684798,77.500000,48.381295,98.613251,91.279070,99.021526,98.128342,82.571429,98.862461,99.770905,98.583569,96.982167,99.590583,99.170124,92.918826,95.202952,99.475066,73.349485,90.384615,78.619154,22.627737,91.866029,0.000000,93.126685,93.674699,90.677966,93.474962,98.149861,88.135593,92.820513,90.487239,89.664083,81.323877,66.308244,71.883289,82.926829,85.226370,0.000000,94.100075,0.000000,60.205832,86.733002,91.782638,60.420650,79.582367,81.596452,80.389908,63.202726,90.136327,47.352025,75.808937,99.263158,8.823529,30.674847,97.380730,0.000000,88.833747,99.014239,25.520833,76.888388,98.301486,98.431373,98.645598,98.297389,93.046358,98.872180,47.169811,98.314607,93.949772,99.161585,36.413043,58.508159,17.370892,99.148030,96.486826,97.759434,94.500000,64.943820,98.595259,8.860759,98.239732,60.532688,33.620690,32.520325,89.920424,0.000000,48.309179, ,98.407080,95.934959,27.450980,98.756661,94.700461,95.975855,6.349206,99.864130,0.000000,97.293640,99.846861,0.000000,98.478702,97.740586,98.648649,98.730964,8.653846,98.238255,97.952756,99.531250,97.970779,5.333333,90.481172,14.077670,0.000000,35.334873,97.190202,64.261168,0.000000,66.666667,77.101449,95.861148,99.521531,98.313253,10.919540,96.683673,99.651264,99.732382,96.632504,96.234940,98.921106,96.435644,98.918919,97.619048,99.134948,98.881789,96.493349,97.995992,97.790698,98.026316,30.322581,7.692308,33.673469,83.557047,22.784810,0.000000,0.000000,5.128205,98.524590,95.792426,57.986111,81.092437,90.896359,94.695990,82.961783,99.867374,89.784946,96.541353,94.150418,98.525074,88.020833,65.560166,98.553345,36.868687,50.265957,94.957983,99.115914,96.437659,94.579008,65.727700,80.100756,4.301075,97.855228,97.853309,97.695853,96.911197,99.392467,92.429577,96.978022,96.582278,97.630800,96.581197,93.995381,5.633803,95.664336,97.173145,78.640777,98.988622,98.264642,99.148936,99.363057,99.130435,97.289973,97.791798,98.699187,98.791209,95.048762,99.365751,99.622642,98.015267,97.174254,70.024570,68.750000,98.303287,57.519789,31.651376,63.356974,98.979592,99.074074,97.067449,97.284534,92.492918,0.000000,98.392857,99.809886,0.000000,94.432990,96.245734,97.237569,48.255814,0.000000,96.747967,96.411483,97.193878,98.015436,98.166127,98.722861,99.270073,98.376623,89.806678,94.408201,98.396226,72.049689,99.097938,0.000000,98.725212,96.556886,42.857143,60.152284,94.713656,96.472393,65.296590,99.142157,83.800000,80.042463,96.746411,98.614958,23.750000,99.260720,97.597349,92.050874,98.381659,90.431837,93.291139,97.708674,97.578692,94.833414,98.582766,92.604502,84.682081,80.989583,99.433428,99.528746,96.240602,99.845917,94.693878,91.603053,88.858696,95.011876,78.859060, ,99.886493,30.434783,99.074733,87.721519, ,97.727273,99.621690,96.607870,97.840173,97.058824,97.094017,96.601942,98.174442,98.184569,80.155039,58.606557,97.109827,96.759259,95.633188,88.256228,95.567867,98.803419,93.827160,96.435644,63.589744,96.084337,32.857143,75.431034,0.000000,98.867314,93.371212,98.281787,98.676294,90.228013,98.043478,99.854227,94.677871,75.661376,58.579882,96.027634,97.490347,89.067524,88.258317,96.243655,90.310786,93.401015,92.117117,98.987109,98.418675,97.490092,93.586875,98.614719,98.076923,91.697417,65.979381,63.538874,47.727273,98.529412,98.554534,59.302326,97.988166,99.443826,99.219512,98.644724,92.706334,79.500000,99.408284,93.867925,94.254937,95.238095,93.510324,93.886463,88.599349,87.414188,69.942197,91.325898,95.015576,96.166134,97.592068,99.193548,75.979112,97.695035,99.085151,91.962175,87.356322,99.383350,96.577540,86.944997,89.655172,93.179724,92.307692,41.129032,93.419633,23.333333,96.036585,89.275074,79.883382,88.626609,99.762188,91.474245,92.084942,97.260274,95.050946,97.767333,97.047087,96.127563,92.222222,99.476440,98.370497,96.949153,88.844937,83.690476,97.580645,37.647059,97.935780,98.870637,99.503722,97.364954,98.131868,97.341772,98.499210,94.386423,99.282297,97.784491,99.102334,81.004367,97.616468,99.375975,94.605010,98.764479,98.607242,96.551724,95.283019,99.064327,0.000000,99.331551,98.503890,97.368421,98.640167,94.574780,99.014293,91.494845,86.764706,91.606498,41.116751,96.266234,99.337163,96.905222,97.407777,52.205882,0.000000,99.852290,98.452012,95.486936,89.743590,98.821218,97.832370,98.965517,95.561720,99.777778,82.959641,99.459459,98.943948,91.666667,97.640653,82.608696,97.916667,94.305239,98.535286,98.091603,93.698347,99.087799,94.065282,97.540984,98.201936,97.018533,98.675497,41.706161,98.292902,96.813977,98.589744,98.715203,98.704104,78.339350,97.653631,97.002306,94.197531,25.233645,64.055300,98.461538,88.086643,98.387097,97.934783,95.405405,99.799599,97.140133,92.278719,97.907950,0.000000,92.578616,92.891761,77.830189,97.787611,81.684211,97.191977,89.320388,91.782007,92.558747,92.356115,94.616420,66.287879,15.126050,93.276515,85.089463,98.321091,97.667962,99.008264,97.703180,98.631075,96.066253,76.182965,92.207792,99.018476,67.220544,0.000000,0.000000,3.636364,0.000000,6.896552,84.240688,99.263804,99.388753,94.852941,99.677072,98.086124,98.891528,92.116631,99.367089,98.178506,99.094437,98.191682,83.229814,92.658228,99.642857,0.000000,98.578199,98.305085,97.037037,95.760599,99.358974,99.639640,96.666667,11.163945,81.491713,99.033816,87.461774,99.426386,99.590164,94.505495,41.558442,98.694030,92.148760,98.958333,44.897959,88.571429,97.833935,97.327189,91.407223,80.684597,83.582090,98.699690,88.916256,94.140127,86.529126,88.546256,74.728261,92.849741,70.805369,98.583878,0.000000,98.941176,96.082090,99.474376,98.926174,98.603352,94.423077,96.205357,99.029126,99.747793,96.904025,65.740741,94.423792,99.463519,98.700093,95.402299,98.090278,44.947735,99.174528,83.908046,99.818347,95.895097,98.828829,71.532847,99.424736,99.004149,88.808664,99.421965,96.035806,98.982188,86.727689,0.000000,90.310078,97.859691,98.954248,97.704082,99.223085,90.683230,99.361702,98.952880,99.674973,99.146919,98.059965,97.373541,98.910082,99.764706,98.024691,96.398892,87.200000,95.812808,99.068685,96.941613,89.795918,97.050147,93.005464,90.739167,96.734694,97.714736,98.380567,86.298170,90.707237,98.623853,96.823380,89.713542,86.156112,50.295858,72.500000,9.302326,82.661996,93.984109,87.782205,98.597194,99.087137,99.266728,80.208333,0.000000,85.245902,92.427885,93.468468,33.333333,98.709037,91.623711,86.531987,98.062954,98.971193,97.100094,86.400000,8.403361,94.099849,99.412456,99.540758,99.332061,99.236641,91.790040,89.105691,98.701299,93.083573,93.632959,97.631780,95.609319,97.148676,98.858921,98.377997,81.775701,92.217899,28.476821,96.675359,50.990099,98.230088,98.781362,98.908297,92.297111,96.214099,99.856425,11.475410,97.906977,79.052369,84.859813,97.222222,80.546624,99.905927,99.892589,89.290012,99.436393,0.000000,98.719880,88.214702,54.081633,73.333333,98.993711,97.878359,99.081726,92.450142,99.574468,95.955882,98.529412,97.650131,99.449339,99.556344,99.248927,98.297491,66.770186,35.416667,93.535076,93.270366,98.931624,47.058824,99.437299,89.936102,93.758480,15.730337,98.036135,96.655133,69.400000,82.186949,99.085565,99.698113,95.652174,97.297297,86.575875,99.109528,65.402844,47.701149,98.673469,88.808007,97.187500,99.906367,99.721060,97.100000,96.734059,86.912065,5.714286,98.841699,99.722607,99.754300,0.000000,13.888889,61.781609,79.541446,99.323181,99.318956,93.865031,92.307692,0.000000,76.821192,90.922619,45.161290,98.459168,55.621302,98.893360,94.591729
Evoked Metrics
    Number of Trials, , , , , , , , , , , , , , , , , , , , , , , , , , , , , , , , , , , , , , , , , , , , , , , , , , , , , , , , , , , , , , , , , , , , , , , , , , , , , , , , , , , , , , , , , , , , , , , , , , , , , , , , , , , , , , , , , , , , , , , , , , , , , , , , , , , , , , , , , , , , , , , , , , , , , , , , , , , , , , , , , , , , , , , , , , , , , , , , , , , , , , , , , , , , , , , , , , , , , , , , , , , , , , , , , , , , , , , , , , , , , , , , , , , , , , , , , , , , , , , , , , , , , , , , , , , , , , , , , , , , , , , , , , , , , , , , , , , , , , , , , , , , , , , , , , , , , , , , , , , , , , , , , , , , , , , , , , , , , , , , , , , , , , , , , , , , , , , , , , , , , , , , , , , , , , , , , , , , , , , , , , , , , , , , , , , , , , , , , , , , , , , , , , , , , , , , , , , , , , , , , , , , , , , , , , , , , , , , , , , , , , , , , , , , , , , , , , , , , , , , , , , , , , , , , , , , , , , , , , , , , , , , , , , , , , , , , , , , , , , , , , , , , , , , , , , , , , , , , , , , , , , , , , , , , , , , , , , , , , , , , , , , , , , , , , , , , , , , , , , , , , , , , , , , , , , , , , , , , , , , , , , , , , , , , , , , , , , , , , , , , , , , , , , , , , , , , , , , , , , , , , , , , , , , , , , , , , , , , , , , , , , , , , , , , , , , , , , , , , , , , , , , , , , , , , , , , , , , , , , , , , , , , , , , , , , , , , , , , , , , , , , , , , , , , , , , , , , , , , , , , , , , , , , , , , , , , , , , , , , , , , , , , , , , , , , , , , , , , , , , , , , , , , , , , , , , , , , , , , , , , , , , , , , , 
    Evoked Spike Count - Avg, , , , , , , , , , , , , , , , , , , , , , , , , , , , , , , , , , , , , , , , , , , , , , , , , , , , , , , , , , , , , , , , , , , , , , , , , , , , , , , , , , , , , , , , , , , , , , , , , , , , , , , , , , , , , , , , , , , , , , , , , , , , , , , , , , , , , , , , , , , , , , , , , , , , , , , , , , , , , , , , , , , , , , , , , , , , , , , , , , , , , , , , , , , , , , , , , , , , , , , , , , , , , , , , , , , , , , , , , , , , , , , , , , , , , , , , , , , , , , , , , , , , , , , , , , , , , , , , , , , , , , , , , , , , , , , , , , , , , , , , , , , , , , , , , , , , , , , , , , , , , , , , , , , , , , , , , , , , , , , , , , , , , , , , , , , , , , , , , , , , , , , , , , , , , , , , , , , , , , , , , , , , , , , , , , , , , , , , , , , , , , , , , , , , , , , , , , , , , , , , , , , , , , , , , , , , , , , , , , , , , , , , , , , , , , , , , , , , , , , , , , , , , , , , , , , , , , , , , , , , , , , , , , , , , , , , , , , , , , , , , , , , , , , , , , , , , , , , , , , , , , , , , , , , , , , , , , , , , , , , , , , , , , , , , , , , , , , , , , , , , , , , , , , , , , , , , , , , , , , , , , , , , , , , , , , , , , , , , , , , , , , , , , , , , , , , , , , , , , , , , , , , , , , , , , , , , , , , , , , , , , , , , , , , , , , , , , , , , , , , , , , , , , , , , , , , , , , , , , , , , , , , , , , , , , , , , , , , , , , , , , , , , , , , , , , , , , , , , , , , , , , , , , , , , , , , , , , , , , , , , , , , , , , , , , , , , , , , , , , , , , , , , , , , , , , , , , , , , , , , , , , , , , , , 
    Evoked Spike Count - Std, , , , , , , , , , , , , , , , , , , , , , , , , , , , , , , , , , , , , , , , , , , , , , , , , , , , , , , , , , , , , , , , , , , , , , , , , , , , , , , , , , , , , , , , , , , , , , , , , , , , , , , , , , , , , , , , , , , , , , , , , , , , , , , , , , , , , , , , , , , , , , , , , , , , , , , , , , , , , , , , , , , , , , , , , , , , , , , , , , , , , , , , , , , , , , , , , , , , , , , , , , , , , , , , , , , , , , , , , , , , , , , , , , , , , , , , , , , , , , , , , , , , , , , , , , , , , , , , , , , , , , , , , , , , , , , , , , , , , , , , , , , , , , , , , , , , , , , , , , , , , , , , , , , , , , , , , , , , , , , , , , , , , , , , , , , , , , , , , , , , , , , , , , , , , , , , , , , , , , , , , , , , , , , , , , , , , , , , , , , , , , , , , , , , , , , , , , , , , , , , , , , , , , , , , , , , , , , , , , , , , , , , , , , , , , , , , , , , , , , , , , , , , , , , , , , , , , , , , , , , , , , , , , , , , , , , , , , , , , , , , , , , , , , , , , , , , , , , , , , , , , , , , , , , , , , , , , , , , , , , , , , , , , , , , , , , , , , , , , , , , , , , , , , , , , , , , , , , , , , , , , , , , , , , , , , , , , , , , , , , , , , , , , , , , , , , , , , , , , , , , , , , , , , , , , , , , , , , , , , , , , , , , , , , , , , , , , , , , , , , , , , , , , , , , , , , , , , , , , , , , , , , , , , , , , , , , , , , , , , , , , , , , , , , , , , , , , , , , , , , , , , , , , , , , , , , , , , , , , , , , , , , , , , , , , , , , , , , , , , , , , , , , , , , , , , , , , , , , , , , , , , , , , , , 
    Evoked Response Probability, , , , , , , , , , , , , , , , , , , , , , , , , , , , , , , , , , , , , , , , , , , , , , , , , , , , , , , , , , , , , , , , , , , , , , , , , , , , , , , , , , , , , , , , , , , , , , , , , , , , , , , , , , , , , , , , , , , , , , , , , , , , , , , , , , , , , , , , , , , , , , , , , , , , , , , , , , , , , , , , , , , , , , , , , , , , , , , , , , , , , , , , , , , , , , , , , , , , , , , , , , , , , , , , , , , , , , , , , , , , , , , , , , , , , , , , , , , , , , , , , , , , , , , , , , , , , , , , , , , , , , , , , , , , , , , , , , , , , , , , , , , , , , , , , , , , , , , , , , , , , , , , , , , , , , , , , , , , , , , , , , , , , , , , , , , , , , , , , , , , , , , , , , , , , , , , , , , , , , , , , , , , , , , , , , , , , , , , , , , , , , , , , , , , , , , , , , , , , , , , , , , , , , , , , , , , , , , , , , , , , , , , , , , , , , , , , , , , , , , , , , , , , , , , , , , , , , , , , , , , , , , , , , , , , , , , , , , , , , , , , , , , , , , , , , , , , , , , , , , , , , , , , , , , , , , , , , , , , , , , , , , , , , , , , , , , , , , , , , , , , , , , , , , , , , , , , , , , , , , , , , , , , , , , , , , , , , , , , , , , , , , , , , , , , , , , , , , , , , , , , , , , , , , , , , , , , , , , , , , , , , , , , , , , , , , , , , , , , , , , , , , , , , , , , , , , , , , , , , , , , , , , , , , , , , , , , , , , , , , , , , , , , , , , , , , , , , , , , , , , , , , , , , , , , , , , , , , , , , , , , , , , , , , , , , , , , , , , , , , , , , , , , , , , , , , , , , , , , , , , , , , , , , , , 
    Evoked First Spike Latency (ms), , , , , , , , , , , , , , , , , , , , , , , , , , , , , , , , , , , , , , , , , , , , , , , , , , , , , , , , , , , , , , , , , , , , , , , , , , , , , , , , , , , , , , , , , , , , , , , , , , , , , , , , , , , , , , , , , , , , , , , , , , , , , , , , , , , , , , , , , , , , , , , , , , , , , , , , , , , , , , , , , , , , , , , , , , , , , , , , , , , , , , , , , , , , , , , , , , , , , , , , , , , , , , , , , , , , , , , , , , , , , , , , , , , , , , , , , , , , , , , , , , , , , , , , , , , , , , , , , , , , , , , , , , , , , , , , , , , , , , , , , , , , , , , , , , , , , , , , , , , , , , , , , , , , , , , , , , , , , , , , , , , , , , , , , , , , , , , , , , , , , , , , , , , , , , , , , , , , , , , , , , , , , , , , , , , , , , , , , , , , , , , , , , , , , , , , , , , , , , , , , , , , , , , , , , , , , , , , , , , , , , , , , , , , , , , , , , , , , , , , , , , , , , , , , , , , , , , , , , , , , , , , , , , , , , , , , , , , , , , , , , , , , , , , , , , , , , , , , , , , , , , , , , , , , , , , , , , , , , , , , , , , , , , , , , , , , , , , , , , , , , , , , , , , , , , , , , , , , , , , , , , , , , , , , , , , , , , , , , , , , , , , , , , , , , , , , , , , , , , , , , , , , , , , , , , , , , , , , , , , , , , , , , , , , , , , , , , , , , , , , , , , , , , , , , , , , , , , , , , , , , , , , , , , , , , , , , , , , , , , , , , , , , , , , , , , , , , , , , , , , , , , , , , , , , , , , , , , , , , , , , , , , , , , , , , , , , , , , , , , , , , , , , , , , , , , , , , , , , , , , , , , , , , , 
    Evoked Jitter (ms), , , , , , , , , , , , , , , , , , , , , , , , , , , , , , , , , , , , , , , , , , , , , , , , , , , , , , , , , , , , , , , , , , , , , , , , , , , , , , , , , , , , , , , , , , , , , , , , , , , , , , , , , , , , , , , , , , , , , , , , , , , , , , , , , , , , , , , , , , , , , , , , , , , , , , , , , , , , , , , , , , , , , , , , , , , , , , , , , , , , , , , , , , , , , , , , , , , , , , , , , , , , , , , , , , , , , , , , , , , , , , , , , , , , , , , , , , , , , , , , , , , , , , , , , , , , , , , , , , , , , , , , , , , , , , , , , , , , , , , , , , , , , , , , , , , , , , , , , , , , , , , , , , , , , , , , , , , , , , , , , , , , , , , , , , , , , , , , , , , , , , , , , , , , , , , , , , , , , , , , , , , , , , , , , , , , , , , , , , , , , , , , , , , , , , , , , , , , , , , , , , , , , , , , , , , , , , , , , , , , , , , , , , , , , , , , , , , , , , , , , , , , , , , , , , , , , , , , , , , , , , , , , , , , , , , , , , , , , , , , , , , , , , , , , , , , , , , , , , , , , , , , , , , , , , , , , , , , , , , , , , , , , , , , , , , , , , , , , , , , , , , , , , , , , , , , , , , , , , , , , , , , , , , , , , , , , , , , , , , , , , , , , , , , , , , , , , , , , , , , , , , , , , , , , , , , , , , , , , , , , , , , , , , , , , , , , , , , , , , , , , , , , , , , , , , , , , , , , , , , , , , , , , , , , , , , , , , , , , , , , , , , , , , , , , , , , , , , , , , , , , , , , , , , , , , , , , , , , , , , , , , , , , , , , , , , , , , , , , , , , , , , , , , , , , , , , , , , , , , , , , , , , , , , 

