AxIS Spike File,O:\TOX\NTX\Users\Lennart\201121_LvM_256120_1234-53_MEA_rCortex_Permethrin_exposure_male_DIV11(000)_Spike Detector (7 x STD)(000).spk
File Type,48-well

Analysis Start,1500.000000
Analysis End,2100.000000
Active Electrode Criterion (spks/min),
Remove Coincident Artifacts,True

Electrode Burst Settings,
    Algorithm,Poisson Surprise,
    Min Surprise,10.000000

Network Burst Settings,
    Algorithm,ISI Threshold,Adaptive,
    Min # of Spikes,40.000000
    Min # of Electrodes (%),15.000000
Synchrony Settings,
    Synchrony Window,20.000000

Average Network Burst Analysis Settings,
    Number of network bursts vary by well
    Network Burst Window Start (ms),0.000000
    Network Burst Window End (ms),100.000000
    Bin Size (ms),1.000000

Well Averages,A1,A2,A3,A4,A5,A6,A7,A8,B1,B2,B3,B4,B5,B6,B7,B8,C1,C2,C3,C4,C5,C6,C7,C8,D1,D2,D3,D4,D5,D6,D7,D8,E1,E2,E3,E4,E5,E6,E7,E8,F1,F2,F3,F4,F5,F6,F7,F8,
Treatment/ID,,,,,,,,,,,,,,,,,,,,,,,,,,,,,,,,,,,,,,,,,,,,,,,,
Activity Metrics
    Number of Spikes,13838.000000,17626.000000,26997.000000,25495.000000,31338.000000,32407.000000,13953.000000,20272.000000,14973.000000,23293.000000,21029.000000,16590.000000,22117.000000,29176.000000,14248.000000,18389.000000,18927.000000,16928.000000,13774.000000,17479.000000,18692.000000,17223.000000,15815.000000,21289.000000,11758.000000,8103.000000,13322.000000,11459.000000,13100.000000,19175.000000,26048.000000,18355.000000,10921.000000,21079.000000,17381.000000,15639.000000,14105.000000,19797.000000,21904.000000,29619.000000,21457.000000,12768.000000,13785.000000,9944.000000,21646.000000,23796.000000,19257.000000,24347.000000
    Mean Firing Rate (Hz),1.441458,1.836042,2.812187,2.655729,3.264375,3.375729,1.453437,2.111667,1.559687,2.426354,2.190521,1.728125,2.303854,3.039167,1.484167,1.915521,1.971563,1.763333,1.434792,1.820729,1.947083,1.794062,1.647396,2.217604,1.224792,0.844063,1.387708,1.193646,1.364583,1.997396,2.713333,1.911979,1.137604,2.195729,1.810521,1.629063,1.469271,2.062187,2.281667,3.085313,2.235104,1.330000,1.435938,1.035833,2.254792,2.478750,2.005937,2.536146
    ISI Coefficient of Variation - Avg,2.352986,2.220597,2.047629,2.373122,2.386605,2.600616,2.438611,2.169018,2.245840,2.650305,2.428093,2.312086,2.482470,2.327386,1.916109,1.896958,2.394694,2.839734,2.487672,2.577436,2.580202,2.524186,3.159800,2.456082,2.473353,2.418857,2.309048,2.847922,2.560957,2.591158,2.470141,2.339444,2.548153,3.003029,2.871395,3.048231,2.407922,2.767703,2.923377,2.727992,2.350382,2.208135,2.302996,2.622273,2.425647,2.607009,2.512890,2.595212
    Number of Active Electrodes,11.000000,12.000000,13.000000,15.000000,15.000000,14.000000,9.000000,14.000000,12.000000,12.000000,15.000000,14.000000,14.000000,15.000000,15.000000,15.000000,15.000000,12.000000,14.000000,15.000000,13.000000,15.000000,13.000000,16.000000,11.000000,14.000000,12.000000,11.000000,12.000000,16.000000,16.000000,15.000000,12.000000,15.000000,15.000000,15.000000,14.000000,13.000000,15.000000,14.000000,14.000000,15.000000,12.000000,10.000000,15.000000,16.000000,12.000000,14.000000
    Weighted Mean Firing Rate (Hz),2.086515,2.447778,3.460513,2.831444,3.481889,3.854167,2.580556,2.411310,2.078750,3.229028,2.336556,1.966667,2.630952,3.241778,1.583000,2.042667,2.103000,2.339722,1.635238,1.938778,2.394615,1.913000,2.019872,2.217604,1.769242,0.960714,1.843750,1.730455,1.813611,1.997396,2.713333,2.039111,1.510556,2.340333,1.931000,1.735222,1.677976,2.526410,2.431444,3.524167,2.546310,1.418667,1.908194,1.639167,2.404667,2.478750,2.672778,2.894405
Electrode Burst Metrics
    Number of Bursts,541.000000,645.000000,841.000000,784.000000,1175.000000,1036.000000,572.000000,782.000000,649.000000,827.000000,844.000000,609.000000,785.000000,707.000000,560.000000,613.000000,824.000000,848.000000,675.000000,855.000000,924.000000,872.000000,824.000000,1041.000000,569.000000,507.000000,547.000000,601.000000,544.000000,987.000000,1044.000000,808.000000,654.000000,985.000000,942.000000,769.000000,793.000000,848.000000,1134.000000,1011.000000,575.000000,577.000000,538.000000,454.000000,817.000000,1095.000000,819.000000,953.000000
    Number of Bursting Electrodes,9.000000,10.000000,10.000000,14.000000,13.000000,14.000000,8.000000,13.000000,12.000000,12.000000,15.000000,13.000000,14.000000,14.000000,12.000000,14.000000,14.000000,11.000000,14.000000,15.000000,13.000000,15.000000,13.000000,16.000000,11.000000,15.000000,11.000000,11.000000,11.000000,16.000000,16.000000,14.000000,11.000000,15.000000,15.000000,15.000000,13.000000,12.000000,15.000000,14.000000,15.000000,15.000000,10.000000,10.000000,13.000000,16.000000,10.000000,14.000000
    Burst Duration - Avg (sec),0.151689,0.132920,0.154535,0.146620,0.115128,0.131546,0.110960,0.104423,0.102660,0.190623,0.117344,0.110177,0.105502,0.109983,0.128807,0.100170,0.117140,0.118502,0.180325,0.119142,0.105674,0.114785,0.109748,0.121545,0.180691,0.225541,0.117262,0.130671,0.156573,0.116942,0.094514,0.116450,0.100469,0.163354,0.148778,0.132351,0.134417,0.088169,0.145496,0.173596,0.165436,0.213667,0.161111,0.138534,0.136996,0.107131,0.181994,0.192500
    Burst Duration - Std (sec),0.037590,0.073774,0.045929,0.069572,0.029197,0.044843,0.015825,0.037724,0.048877,0.101994,0.075311,0.055053,0.049926,0.031771,0.060674,0.064633,0.050800,0.020393,0.084446,0.031259,0.021880,0.039807,0.035861,0.049298,0.206335,0.224814,0.045234,0.044930,0.125149,0.033541,0.026223,0.065564,0.019979,0.073158,0.041630,0.047581,0.110700,0.022995,0.129674,0.100606,0.084028,0.145957,0.034212,0.068429,0.023003,0.038203,0.088867,0.227616
    Number of Spikes per Burst - Avg,14.272203,12.120851,14.185543,13.119430,13.798994,15.873704,10.907711,12.643945,11.419574,15.681866,11.911522,12.696103,12.357370,14.142365,9.900204,10.093995,12.198654,13.411800,11.948043,12.275757,11.674477,11.781862,14.035531,11.740129,11.775680,9.993234,12.247978,12.786782,13.679591,11.301433,11.956393,11.390524,11.437170,15.149726,13.071040,13.775647,10.597890,13.333535,12.502114,15.267957,12.206061,11.762101,13.177220,12.508515,12.823869,12.297835,14.820312,13.900277
    Number of Spikes per Burst - Std,7.139168,5.439810,4.652346,6.303136,5.535657,7.213344,2.610400,4.835614,3.749061,7.014116,6.776871,5.817777,5.332797,6.059716,3.158873,3.884034,3.955861,3.147447,3.037684,4.803472,4.194188,4.636864,6.134468,3.048386,3.967069,3.017939,4.948371,4.222800,6.107272,3.743176,4.383808,4.314242,3.027373,3.829967,2.605369,7.248030,2.544012,3.406190,3.429090,5.658346,4.486827,3.218430,4.358792,4.811261,2.781625,4.045690,3.198029,2.930441
    Mean ISI within Burst - Avg (sec),0.013482,0.012864,0.012456,0.013307,0.009834,0.010063,0.011398,0.009714,0.008960,0.013308,0.010559,0.010449,0.008743,0.008902,0.013258,0.009045,0.009970,0.009456,0.015166,0.011161,0.010885,0.009970,0.009019,0.010468,0.018158,0.025193,0.010497,0.010377,0.011653,0.011616,0.008735,0.010148,0.009921,0.010378,0.011989,0.010808,0.012592,0.007200,0.012176,0.012479,0.012624,0.017822,0.013700,0.011231,0.012352,0.009460,0.010800,0.012395
    Mean ISI within Burst - Std (sec),0.004508,0.006502,0.004950,0.006303,0.002712,0.003729,0.002110,0.003558,0.002246,0.006739,0.003659,0.008840,0.002611,0.003519,0.004861,0.003506,0.003387,0.001686,0.006113,0.002948,0.003324,0.003017,0.002096,0.002604,0.023374,0.036759,0.001480,0.002658,0.009231,0.004109,0.002140,0.002969,0.002600,0.004595,0.003368,0.003438,0.008266,0.001318,0.011810,0.007812,0.004285,0.015331,0.005848,0.003794,0.005454,0.002803,0.003531,0.009484
    Median ISI within Burst - Avg (sec),0.010950,0.010034,0.009903,0.010955,0.008076,0.008209,0.009463,0.008045,0.007072,0.010135,0.008016,0.009071,0.006555,0.006786,0.011205,0.007220,0.007559,0.007125,0.010915,0.008663,0.008747,0.007599,0.007263,0.008327,0.012524,0.016396,0.008477,0.008392,0.008419,0.008861,0.006475,0.007745,0.007595,0.007738,0.009044,0.008814,0.008244,0.005495,0.007702,0.009937,0.009187,0.012353,0.010474,0.008785,0.009808,0.007055,0.007463,0.008366
    Median ISI within Burst - Std (sec),0.004238,0.004375,0.003029,0.005218,0.002545,0.003563,0.001589,0.003769,0.001963,0.004588,0.002512,0.009947,0.001813,0.002741,0.005903,0.003166,0.002422,0.001592,0.003987,0.002092,0.003803,0.002455,0.002133,0.002722,0.013442,0.019042,0.001976,0.002344,0.006346,0.003753,0.001580,0.002350,0.002628,0.003332,0.002356,0.003074,0.002765,0.001178,0.003671,0.008483,0.002484,0.008112,0.004788,0.003094,0.004677,0.002301,0.002389,0.005624
    Median/Mean ISI within Burst - Avg,0.814003,0.810414,0.839837,0.831623,0.820346,0.798113,0.850087,0.807913,0.803762,0.806410,0.791998,0.804055,0.778641,0.774260,0.847859,0.815084,0.796977,0.766766,0.791143,0.797498,0.798586,0.796961,0.815741,0.811478,0.770935,0.769231,0.819997,0.829197,0.770716,0.783965,0.784868,0.803003,0.775840,0.783846,0.784904,0.825457,0.760663,0.781843,0.772573,0.770494,0.783512,0.770955,0.785718,0.804645,0.804298,0.777158,0.742178,0.738756
    Median/Mean ISI within Burst - Std,0.092908,0.047421,0.080285,0.072169,0.069042,0.064523,0.067535,0.092948,0.048967,0.038982,0.081934,0.083800,0.050708,0.065634,0.097247,0.075216,0.081886,0.054851,0.049792,0.067276,0.095335,0.063565,0.059807,0.072265,0.107608,0.091042,0.084256,0.063845,0.056446,0.074590,0.042451,0.086912,0.087977,0.050481,0.062363,0.078887,0.126970,0.054887,0.068486,0.091840,0.060259,0.065174,0.056246,0.050979,0.047151,0.065617,0.055473,0.070966
    Inter-Burst Interval - Avg (sec),29.992708,34.435629,12.128455,22.581608,12.543957,18.861425,13.539986,16.169112,11.521930,25.533437,26.120433,30.193347,22.813500,17.154140,18.605968,41.693023,47.833095,8.621678,17.298166,21.256638,23.943857,15.888167,12.170006,13.631380,13.773575,33.244088,18.793117,13.813093,20.829311,17.938089,13.236455,17.522732,13.956798,13.320658,13.967123,22.169175,15.211603,9.352512,11.253807,12.304007,28.924656,21.100573,26.493717,17.940370,14.307852,16.564830,10.786092,14.247277
    Inter-Burst Interval - Std (sec),61.207390,44.553504,15.341232,26.532291,19.223443,26.568741,11.370275,17.662581,3.059657,45.594793,43.409103,45.641439,37.546973,18.326203,18.539547,63.743888,127.612058,2.812033,14.173714,28.967601,34.353611,15.812666,7.722821,13.081031,7.661021,63.613882,18.950677,8.177518,19.176218,14.025823,11.915613,15.306313,14.097875,10.287040,17.500523,28.427850,10.885873,3.627088,9.609725,14.735861,30.345650,15.048601,37.735518,12.696752,13.809145,16.555914,8.018125,15.085098
    Burst Frequency - Avg (Hz),0.100185,0.107500,0.140167,0.093333,0.150641,0.123333,0.119167,0.100256,0.090139,0.114861,0.093778,0.078077,0.093452,0.084167,0.077778,0.072976,0.098095,0.128485,0.080357,0.095000,0.118462,0.096889,0.105641,0.108437,0.086212,0.056333,0.082879,0.091061,0.082424,0.102813,0.108750,0.096190,0.099091,0.109444,0.104667,0.085444,0.101667,0.117778,0.126000,0.120357,0.063889,0.064111,0.089667,0.075667,0.104744,0.114063,0.136500,0.113452
    Burst Frequency - Std (Hz),0.046071,0.086853,0.070551,0.081290,0.064627,0.066184,0.084684,0.054649,0.021231,0.060617,0.058359,0.038423,0.044465,0.032925,0.048515,0.043462,0.061841,0.041503,0.040815,0.052618,0.089664,0.057896,0.044329,0.067857,0.057131,0.034927,0.042786,0.042231,0.046639,0.073610,0.048360,0.059641,0.037913,0.059317,0.038174,0.058427,0.070877,0.037107,0.063345,0.070696,0.045148,0.036779,0.064252,0.057118,0.044174,0.077500,0.085283,0.060240
    IBI Coefficient of Variation - Avg,0.614725,0.708917,0.623710,0.679776,0.595047,0.555288,0.832243,0.645639,0.580783,0.583533,0.563694,0.595987,0.442093,0.603344,0.744317,0.644905,0.627134,0.537249,0.585870,0.614515,0.659922,0.565500,0.571542,0.610241,0.602419,0.672730,0.601342,0.570676,0.693857,0.670249,0.557058,0.683250,0.612447,0.611070,0.565236,0.488413,0.635916,0.464752,0.538558,0.551819,0.716484,0.659910,0.828745,0.694849,0.570967,0.742292,0.636247,0.663287
    IBI Coefficient of Variation - Std,0.095269,0.336602,0.162248,0.345492,0.305209,0.262859,0.459586,0.202960,0.058435,0.235089,0.190680,0.184385,0.173174,0.295536,0.232676,0.150069,0.115916,0.076602,0.150545,0.141116,0.222043,0.139956,0.261016,0.096187,0.146184,0.171121,0.148580,0.120549,0.191614,0.239365,0.093736,0.181870,0.161225,0.214420,0.222217,0.189109,0.224725,0.092888,0.149541,0.106196,0.227031,0.249515,0.325996,0.221379,0.200828,0.509050,0.111657,0.192650
    Burst Percentage - Avg,34.227141,33.780721,28.504608,35.343516,49.437136,48.152857,35.866315,41.549359,46.903850,47.605490,50.068293,41.324477,49.877913,52.799536,32.033193,30.719013,50.069992,50.060670,50.802124,55.380148,48.942561,56.845783,61.951971,55.119772,39.256159,57.015892,44.355232,59.094136,42.982729,55.868714,56.294195,45.579757,54.575356,65.350061,65.129842,63.695469,48.046700,55.088358,59.884727,48.881869,37.795106,51.959099,33.165364,40.454504,49.326856,58.043034,46.910411,45.132905
    Burst Percentage - Std,34.436182,36.744244,28.093616,33.875157,34.882707,33.088711,34.658234,28.097577,23.609117,31.351753,29.774388,30.290826,25.800213,27.295732,26.547638,20.261288,24.176498,32.832728,25.884700,25.865162,30.194943,30.999808,33.676810,19.088301,32.301672,25.546406,32.066260,28.990536,30.464421,23.636142,18.355540,22.985264,33.838158,23.444626,23.425979,36.106045,31.897032,38.205511,25.849210,28.262373,26.245677,17.968561,31.605402,35.117676,27.588853,17.352535,30.459643,21.589819
Network Burst Metrics
    Number of Network Bursts,83.000000,133.000000,191.000000,149.000000,117.000000,93.000000,133.000000,122.000000,90.000000,126.000000,139.000000,84.000000,118.000000,72.000000,123.000000,146.000000,169.000000,147.000000,117.000000,144.000000,177.000000,121.000000,102.000000,184.000000,103.000000,79.000000,102.000000,98.000000,100.000000,149.000000,169.000000,170.000000,93.000000,148.000000,117.000000,92.000000,144.000000,115.000000,151.000000,184.000000,155.000000,102.000000,126.000000,94.000000,157.000000,187.000000,192.000000,205.000000
    Network Burst Frequency,0.138333,0.221667,0.318333,0.248333,0.195000,0.155000,0.221667,0.203333,0.150000,0.210000,0.231667,0.140000,0.196667,0.120000,0.205000,0.243333,0.281667,0.245000,0.195000,0.240000,0.295000,0.201667,0.170000,0.306667,0.171667,0.131667,0.170000,0.163333,0.166667,0.248333,0.281667,0.283333,0.155000,0.246667,0.195000,0.153333,0.240000,0.191667,0.251667,0.306667,0.258333,0.170000,0.210000,0.156667,0.261667,0.311667,0.320000,0.341667
    Network Burst Duration - Avg (sec),0.345786,0.608794,0.734459,0.907660,0.159467,0.157430,0.185214,0.244702,0.550865,0.700331,0.603405,0.351061,0.729944,0.146629,0.551301,0.549062,0.246003,0.246224,0.257734,0.248807,0.241506,0.282050,0.248350,0.306098,0.302787,0.332228,0.337482,0.318161,0.332954,0.246711,0.274826,0.348785,0.241619,0.225597,0.281229,0.245691,0.243060,0.223960,0.339871,0.305020,0.515717,0.336958,0.506538,0.301854,0.394769,0.245538,0.185349,0.408144
    Network Burst Duration - Std (sec),0.071644,0.349721,0.359866,0.417190,0.028028,0.028982,0.039612,0.074529,0.258394,0.295713,0.364564,0.189017,0.336240,0.085232,0.303569,0.327339,0.230311,0.179523,0.200667,0.148846,0.156148,0.206624,0.179025,0.230679,0.150411,0.270900,0.182009,0.250515,0.268539,0.193965,0.125028,0.237519,0.118432,0.282520,0.189397,0.239410,0.123706,0.110936,0.342916,0.156326,0.299842,0.313925,0.224378,0.280769,0.123450,0.143861,0.246454,0.266105
    Number of Spikes per Network Burst - Avg,127.024096,108.218045,118.481675,150.248322,167.410256,201.322581,73.804511,119.139344,117.655556,154.023810,130.762590,135.535714,131.745763,170.986111,91.073171,96.219178,107.627219,110.612245,107.367521,117.930556,103.209040,128.892562,148.892157,111.288043,96.097087,93.392405,101.284314,109.000000,110.630000,124.261745,123.325444,101.429412,104.075269,142.229730,144.247863,169.478261,88.486111,125.017391,143.748344,140.902174,102.522581,107.186275,95.746032,93.244681,110.968153,121.122995,96.984375,114.965854
    Number of Spikes per Network Burst - Std,17.478890,25.491929,45.439126,49.067646,24.429051,33.040542,10.933309,38.449133,46.808758,86.871350,63.984666,85.776601,84.860588,92.321620,29.794974,56.071813,84.156654,62.928144,63.014722,64.127458,47.321271,79.041529,84.844284,63.662607,42.866760,75.148130,51.603856,79.314330,88.255329,57.798274,73.262700,64.980546,35.771690,146.499290,113.897633,118.715514,34.538513,69.607040,134.208803,76.833588,63.910991,76.594048,80.623861,127.056561,60.022477,67.332994,90.405571,72.677193
    Mean ISI within Network Burst - Avg (sec),0.002799,0.006747,0.007998,0.007811,0.000969,0.000800,0.002553,0.002333,0.005707,0.005493,0.005885,0.003782,0.008588,0.000951,0.006330,0.006735,0.002681,0.002446,0.002593,0.002447,0.002615,0.002291,0.001913,0.003131,0.003429,0.003853,0.003717,0.002959,0.003664,0.002052,0.002940,0.003648,0.002477,0.001566,0.002267,0.001368,0.002954,0.002054,0.002474,0.002551,0.006003,0.003448,0.006221,0.003688,0.004407,0.002496,0.001848,0.004212
    Mean ISI within Network Burst - Std (sec),0.000774,0.006926,0.006281,0.006936,0.000175,0.000158,0.000424,0.001089,0.004035,0.003339,0.004909,0.003838,0.006968,0.000373,0.003271,0.004559,0.001845,0.001551,0.001483,0.001388,0.001583,0.000922,0.001131,0.002261,0.001546,0.002376,0.001970,0.001443,0.002763,0.001062,0.001794,0.001470,0.001127,0.000714,0.001313,0.000433,0.001483,0.000976,0.001738,0.001274,0.003126,0.002640,0.003221,0.002123,0.002118,0.001766,0.000959,0.003127
    Median ISI within Network Burst - Avg (sec),0.001173,0.001638,0.001550,0.001941,0.000567,0.000481,0.001497,0.001104,0.001374,0.001290,0.001837,0.000915,0.002647,0.000539,0.001835,0.001404,0.000935,0.000826,0.001071,0.000930,0.001045,0.000796,0.000931,0.001072,0.001119,0.001338,0.001211,0.000962,0.001337,0.000828,0.001007,0.000993,0.001067,0.000603,0.000828,0.000660,0.001071,0.000763,0.000676,0.000960,0.001372,0.001009,0.001355,0.001354,0.001078,0.000859,0.000739,0.000977
    Median ISI within Network Burst - Std (sec),0.000544,0.001867,0.001027,0.002537,0.000158,0.000152,0.000275,0.000737,0.001177,0.001075,0.002011,0.001021,0.002912,0.000310,0.001213,0.001000,0.000473,0.000348,0.000422,0.000428,0.000502,0.000318,0.000642,0.000638,0.000360,0.000815,0.000462,0.000380,0.000887,0.000416,0.000670,0.000552,0.000577,0.000212,0.000393,0.000162,0.000503,0.000485,0.000353,0.000459,0.000550,0.000441,0.000540,0.000578,0.000537,0.000529,0.000206,0.000481
    Median/Mean ISI within Network Burst - Avg,0.419607,0.274366,0.240869,0.230045,0.582375,0.596351,0.592756,0.440794,0.251851,0.231864,0.307789,0.273547,0.259439,0.552588,0.308350,0.242959,0.410492,0.396321,0.461503,0.425575,0.449873,0.377008,0.481019,0.398016,0.362560,0.373349,0.356212,0.396440,0.407850,0.434775,0.353169,0.282963,0.449864,0.431045,0.408343,0.502892,0.395186,0.366539,0.352422,0.392327,0.253423,0.359819,0.257577,0.422263,0.253296,0.389494,0.451661,0.280505
    Median/Mean ISI within Network Burst - Std,0.088202,0.120563,0.105919,0.092810,0.059972,0.066267,0.097824,0.119215,0.135150,0.083049,0.131362,0.121433,0.140617,0.085032,0.139889,0.136307,0.147457,0.143341,0.139808,0.139697,0.151608,0.150344,0.137438,0.148200,0.130708,0.139058,0.107420,0.200923,0.162973,0.144099,0.108386,0.127194,0.160554,0.165182,0.131130,0.112329,0.143376,0.109134,0.170797,0.106663,0.090096,0.157320,0.138404,0.157655,0.066981,0.132781,0.135217,0.118154
    Number of Elecs Participating in Burst - Avg,11.313253,11.308271,11.905759,13.892617,14.495726,14.204301,8.781955,12.344262,11.522222,11.492063,13.172662,14.095238,12.500000,14.430556,13.317073,12.842466,13.449704,11.741497,13.649573,14.125000,11.350282,13.752066,12.617647,13.885870,10.640777,13.177215,11.254902,10.775510,10.780000,14.651007,14.573964,12.670588,11.290323,14.283784,14.538462,13.750000,12.381944,12.573913,14.490066,13.157609,12.580645,14.245098,10.182540,10.148936,13.382166,13.850267,11.197917,13.497561
    Number of Elecs Participating in Burst - Std,1.081188,0.970633,0.929923,1.640455,0.738404,0.801617,0.655262,1.830732,1.030193,1.343107,2.098751,1.625245,2.190695,1.276289,1.505820,1.791506,1.371093,0.868698,1.061198,1.089524,1.414781,1.142227,1.435367,1.734578,1.539381,1.421082,1.310176,0.989956,1.967309,1.602052,1.579869,1.609059,1.157026,0.990022,0.676432,1.628220,1.083871,1.298183,0.878389,0.857080,1.712714,1.164119,1.189291,1.585943,1.185030,1.747206,0.688268,0.988286
    Number of Spikes per Network Burst per Channel - Avg,11.251435,9.494792,9.820775,10.582698,11.537973,14.154076,8.430080,9.485578,10.049020,13.107492,9.531207,9.353146,9.985979,11.597056,6.774832,7.316745,7.772287,9.263164,7.699287,8.186369,8.865153,9.203627,11.443042,7.816230,8.852007,6.923909,8.790439,9.826463,9.723653,8.267764,8.165387,7.697063,9.117878,9.713346,9.799601,12.312405,7.085877,9.699799,9.745664,10.525129,7.805812,7.396517,9.158333,8.950598,8.068390,8.449597,8.614607,8.373426
    Number of Spikes per Network Burst per Channel - Std,1.496981,1.970111,3.478630,2.925086,1.599532,2.331636,1.264285,2.241471,3.654406,6.767145,3.851318,5.607173,5.473682,5.947715,1.846555,3.618165,5.497872,4.927822,4.123558,4.149074,3.317890,5.210225,5.495583,4.049764,3.179235,4.878419,3.739009,6.135297,6.463721,3.339007,4.295760,4.105565,2.786058,9.626840,7.516460,8.263642,2.504256,4.954996,8.367090,5.434246,3.988603,4.996953,6.165354,10.481643,3.859197,3.926443,8.116799,4.971775
    Network Burst Percentage,76.188756,81.657778,83.824129,87.809374,62.502393,57.774555,70.350462,71.699882,70.720630,83.316876,86.433021,68.625678,70.289822,42.195640,78.621561,76.393496,96.100808,96.053875,91.200813,97.156588,97.731650,90.553330,96.029086,96.185824,84.180983,91.052697,77.548416,93.219304,84.450382,96.558018,80.013821,93.941705,88.627415,99.862422,97.100282,99.699469,90.336760,72.622114,99.096056,87.531652,74.059747,85.628133,87.515415,88.143604,80.486002,95.184065,96.697305,96.800427
    Network IBI Coefficient of Variation,0.522791,0.345858,0.392027,0.315832,0.393492,0.395735,0.325177,0.447362,0.598078,0.380186,0.415201,0.560521,0.530325,0.493861,0.374632,0.512278,0.405349,0.396091,0.486899,0.361282,0.290686,0.359465,0.380968,0.390431,0.421729,0.383376,0.388251,0.377170,0.559541,0.392470,0.490211,0.415551,0.413520,0.399679,0.309051,0.288778,0.356495,0.386142,0.374156,0.376405,0.495974,0.421598,0.444406,0.431325,0.357087,0.427300,0.446113,0.387209
    Network Normalized Duration IQR,0.237148,0.963955,0.574036,0.701932,0.127549,0.194697,0.222841,0.433184,0.597434,0.356694,0.872228,0.468458,0.613813,0.227362,0.630552,0.783824,0.693953,0.910975,0.694588,0.432211,0.481868,0.603220,0.495055,1.001001,0.472935,0.681392,0.503927,1.365389,0.773305,0.870436,0.504537,0.712384,0.609909,1.163616,0.542028,0.597684,0.611432,0.620199,1.130527,0.634869,0.471362,1.198394,0.320141,0.762958,0.346459,0.779899,0.876952,0.797540
Synchrony Metrics
    Area Under Normalized Cross-Correlation,0.259528,0.288178,0.319630,0.368428,0.436268,0.469755,0.174746,0.405399,0.475472,0.329410,0.453625,0.496849,0.478864,0.431751,0.350464,0.503404,0.477937,0.444817,0.410016,0.466201,0.395418,0.482462,0.468239,0.478255,0.311978,0.439014,0.314964,0.374187,0.368882,0.544238,0.554613,0.483211,0.375543,0.641737,0.535635,0.401170,0.382217,0.516086,0.587060,0.436120,0.383050,0.428377,0.277006,0.263656,0.406199,0.531939,0.417582,0.497231
    Area Under Cross-Correlation,1.791403,2.509278,3.806111,4.434333,6.543722,7.591111,1.220528,4.056639,2.794153,4.075153,4.348569,4.050028,4.608153,5.454292,1.706569,3.241361,4.729222,3.911653,2.590806,4.269167,3.916292,4.206014,4.855722,4.921431,1.855597,1.390556,1.857653,2.234778,2.561403,5.138264,6.990472,4.201306,2.203722,7.073972,4.540736,4.102958,2.616847,5.018431,6.932444,6.670819,2.791528,2.293750,1.980375,1.361833,3.756514,6.959528,3.874458,5.798528
    Full Width at Half Height of Normalized Cross-Correlation,20.000000,22.000000,22.000000,20.000000,21.000000,26.000000,29.000000,23.000000,22.000000,26.000000,26.000000,16.000000,19.000000,29.000000,30.000000,16.000000,15.000000,11.000000,17.000000,16.000000,11.000000,19.000000,23.000000,19.000000,12.000000,24.000000,12.000000,12.000000,19.000000,13.000000,25.000000,13.000000,20.000000,13.000000,10.000000,12.000000,17.000000,27.000000,14.000000,14.000000,17.000000,10.000000,12.000000,15.000000,10.000000,12.000000,13.000000,16.000000
    Full Width at Half Height of Cross-Correlation,127.000000,103.000000,113.000000,115.000000,105.000000,111.000000,113.000000,80.000000,54.000000,96.000000,82.000000,62.000000,66.000000,83.000000,68.000000,44.000000,71.000000,73.000000,92.000000,91.000000,79.000000,74.000000,86.000000,72.000000,74.000000,70.000000,82.000000,86.000000,74.000000,69.000000,65.000000,66.000000,81.000000,67.000000,86.000000,103.000000,67.000000,65.000000,74.000000,91.000000,67.000000,69.000000,92.000000,89.000000,81.000000,67.000000,41.000000,62.000000
    Synchrony Index, , , , , , , , , , , , , , , , , , , , , , , , , , , , , , , , , , , , , , , , , , , , , , , , 
    Kreuz SPIKE Distance, , , , , , , , , , , , , , , , , , , , , , , , , , , , , , , , , , , , , , , , , , , , , , , , 
Average Network Burst Metrics
    Start Electrode,44.000000,23.000000,11.000000,32.000000,31.000000,11.000000,13.000000,31.000000,11.000000,11.000000,23.000000,11.000000,11.000000,41.000000,22.000000,11.000000,34.000000,41.000000,13.000000,21.000000,42.000000,11.000000,41.000000,21.000000,13.000000,12.000000,14.000000,41.000000,21.000000,13.000000,23.000000,41.000000,33.000000,44.000000,22.000000,23.000000,14.000000,21.000000,14.000000,21.000000,11.000000,12.000000,12.000000,21.000000,11.000000,13.000000,42.000000,41.000000
    Percent Bursts with Start Electrode,44.578313,24.812030,32.460733,23.489933,27.350427,20.430108,42.105263,24.590164,30.000000,47.619048,50.359712,39.285714,44.067797,19.444444,26.829268,22.602740,30.177515,30.612245,29.059829,29.861111,26.553672,22.314050,34.313725,38.586957,32.038835,26.582278,31.372549,19.387755,25.000000,28.187919,47.337278,28.235294,29.032258,24.324324,37.606838,28.260870,20.138889,33.043478,22.516556,27.717391,43.870968,16.666667,34.126984,28.723404,38.216561,33.155080,26.562500,20.975610
    Burst Peak (Max Spikes per sec),771.084337,375.939850,172.774869,214.765101,1914.529915,2290.322581,706.766917,950.819672,444.444444,150.793651,575.539568,619.047619,355.932203,2319.444444,325.203252,561.643836,1011.834320,863.945578,863.247863,937.500000,762.711864,727.272727,1078.431373,652.173913,514.563107,569.620253,323.529412,744.897959,770.000000,1114.093960,692.307692,811.764706,602.150538,1432.432432,880.341880,1576.086957,708.333333,1060.869565,993.377483,597.826087,154.838710,617.647059,706.349206,478.723404,318.471338,673.796791,1708.333333,414.634146
    Time to Burst Peak (ms),66.500000,30.500000,87.500000,8.500000,30.500000,34.500000,68.500000,86.500000,49.500000,83.500000,94.500000,50.500000,10.500000,46.500000,47.500000,6.500000,10.500000,48.500000,56.500000,87.500000,68.500000,54.500000,80.500000,62.500000,99.500000,78.500000,93.500000,50.500000,92.500000,14.500000,96.500000,12.500000,38.500000,26.500000,28.500000,38.500000,30.500000,94.500000,50.500000,87.500000,84.500000,78.500000,60.500000,73.500000,3.500000,94.500000,10.500000,92.500000

Measurement,A1_11,A1_12,A1_13,A1_14,A1_21,A1_22,A1_23,A1_24,A1_31,A1_32,A1_33,A1_34,A1_41,A1_42,A1_43,A1_44,A2_11,A2_12,A2_13,A2_14,A2_21,A2_22,A2_23,A2_24,A2_31,A2_32,A2_33,A2_34,A2_41,A2_42,A2_43,A2_44,A3_11,A3_12,A3_13,A3_14,A3_21,A3_22,A3_23,A3_24,A3_31,A3_32,A3_33,A3_34,A3_41,A3_42,A3_43,A3_44,A4_11,A4_12,A4_13,A4_14,A4_21,A4_22,A4_23,A4_24,A4_31,A4_32,A4_33,A4_34,A4_41,A4_42,A4_43,A4_44,A5_11,A5_12,A5_13,A5_14,A5_21,A5_22,A5_23,A5_24,A5_31,A5_32,A5_33,A5_34,A5_41,A5_42,A5_43,A5_44,A6_11,A6_12,A6_13,A6_14,A6_21,A6_22,A6_23,A6_24,A6_31,A6_32,A6_33,A6_34,A6_41,A6_42,A6_43,A6_44,A7_11,A7_12,A7_13,A7_14,A7_21,A7_22,A7_23,A7_24,A7_31,A7_32,A7_33,A7_34,A7_41,A7_42,A7_43,A7_44,A8_11,A8_12,A8_13,A8_14,A8_21,A8_22,A8_23,A8_24,A8_31,A8_32,A8_33,A8_34,A8_41,A8_42,A8_43,A8_44,B1_11,B1_12,B1_13,B1_14,B1_21,B1_22,B1_23,B1_24,B1_31,B1_32,B1_33,B1_34,B1_41,B1_42,B1_43,B1_44,B2_11,B2_12,B2_13,B2_14,B2_21,B2_22,B2_23,B2_24,B2_31,B2_32,B2_33,B2_34,B2_41,B2_42,B2_43,B2_44,B3_11,B3_12,B3_13,B3_14,B3_21,B3_22,B3_23,B3_24,B3_31,B3_32,B3_33,B3_34,B3_41,B3_42,B3_43,B3_44,B4_11,B4_12,B4_13,B4_14,B4_21,B4_22,B4_23,B4_24,B4_31,B4_32,B4_33,B4_34,B4_41,B4_42,B4_43,B4_44,B5_11,B5_12,B5_13,B5_14,B5_21,B5_22,B5_23,B5_24,B5_31,B5_32,B5_33,B5_34,B5_41,B5_42,B5_43,B5_44,B6_11,B6_12,B6_13,B6_14,B6_21,B6_22,B6_23,B6_24,B6_31,B6_32,B6_33,B6_34,B6_41,B6_42,B6_43,B6_44,B7_11,B7_12,B7_13,B7_14,B7_21,B7_22,B7_23,B7_24,B7_31,B7_32,B7_33,B7_34,B7_41,B7_42,B7_43,B7_44,B8_11,B8_12,B8_13,B8_14,B8_21,B8_22,B8_23,B8_24,B8_31,B8_32,B8_33,B8_34,B8_41,B8_42,B8_43,B8_44,C1_11,C1_12,C1_13,C1_14,C1_21,C1_22,C1_23,C1_24,C1_31,C1_32,C1_33,C1_34,C1_41,C1_42,C1_43,C1_44,C2_11,C2_12,C2_13,C2_14,C2_21,C2_22,C2_23,C2_24,C2_31,C2_32,C2_33,C2_34,C2_41,C2_42,C2_43,C2_44,C3_11,C3_12,C3_13,C3_14,C3_21,C3_22,C3_23,C3_24,C3_31,C3_32,C3_33,C3_34,C3_41,C3_42,C3_43,C3_44,C4_11,C4_12,C4_13,C4_14,C4_21,C4_22,C4_23,C4_24,C4_31,C4_32,C4_33,C4_34,C4_41,C4_42,C4_43,C4_44,C5_11,C5_12,C5_13,C5_14,C5_21,C5_22,C5_23,C5_24,C5_31,C5_32,C5_33,C5_34,C5_41,C5_42,C5_43,C5_44,C6_11,C6_12,C6_13,C6_14,C6_21,C6_22,C6_23,C6_24,C6_31,C6_32,C6_33,C6_34,C6_41,C6_42,C6_43,C6_44,C7_11,C7_12,C7_13,C7_14,C7_21,C7_22,C7_23,C7_24,C7_31,C7_32,C7_33,C7_34,C7_41,C7_42,C7_43,C7_44,C8_11,C8_12,C8_13,C8_14,C8_21,C8_22,C8_23,C8_24,C8_31,C8_32,C8_33,C8_34,C8_41,C8_42,C8_43,C8_44,D1_11,D1_12,D1_13,D1_14,D1_21,D1_22,D1_23,D1_24,D1_31,D1_32,D1_33,D1_34,D1_41,D1_42,D1_43,D1_44,D2_11,D2_12,D2_13,D2_14,D2_21,D2_22,D2_23,D2_24,D2_31,D2_32,D2_33,D2_34,D2_41,D2_42,D2_43,D2_44,D3_11,D3_12,D3_13,D3_14,D3_21,D3_22,D3_23,D3_24,D3_31,D3_32,D3_33,D3_34,D3_41,D3_42,D3_43,D3_44,D4_11,D4_12,D4_13,D4_14,D4_21,D4_22,D4_23,D4_24,D4_31,D4_32,D4_33,D4_34,D4_41,D4_42,D4_43,D4_44,D5_11,D5_12,D5_13,D5_14,D5_21,D5_22,D5_23,D5_24,D5_31,D5_32,D5_33,D5_34,D5_41,D5_42,D5_43,D5_44,D6_11,D6_12,D6_13,D6_14,D6_21,D6_22,D6_23,D6_24,D6_31,D6_32,D6_33,D6_34,D6_41,D6_42,D6_43,D6_44,D7_11,D7_12,D7_13,D7_14,D7_21,D7_22,D7_23,D7_24,D7_31,D7_32,D7_33,D7_34,D7_41,D7_42,D7_43,D7_44,D8_11,D8_12,D8_13,D8_14,D8_21,D8_22,D8_23,D8_24,D8_31,D8_32,D8_33,D8_34,D8_41,D8_42,D8_43,D8_44,E1_11,E1_12,E1_13,E1_14,E1_21,E1_22,E1_23,E1_24,E1_31,E1_32,E1_33,E1_34,E1_41,E1_42,E1_43,E1_44,E2_11,E2_12,E2_13,E2_14,E2_21,E2_22,E2_23,E2_24,E2_31,E2_32,E2_33,E2_34,E2_41,E2_42,E2_43,E2_44,E3_11,E3_12,E3_13,E3_14,E3_21,E3_22,E3_23,E3_24,E3_31,E3_32,E3_33,E3_34,E3_41,E3_42,E3_43,E3_44,E4_11,E4_12,E4_13,E4_14,E4_21,E4_22,E4_23,E4_24,E4_31,E4_32,E4_33,E4_34,E4_41,E4_42,E4_43,E4_44,E5_11,E5_12,E5_13,E5_14,E5_21,E5_22,E5_23,E5_24,E5_31,E5_32,E5_33,E5_34,E5_41,E5_42,E5_43,E5_44,E6_11,E6_12,E6_13,E6_14,E6_21,E6_22,E6_23,E6_24,E6_31,E6_32,E6_33,E6_34,E6_41,E6_42,E6_43,E6_44,E7_11,E7_12,E7_13,E7_14,E7_21,E7_22,E7_23,E7_24,E7_31,E7_32,E7_33,E7_34,E7_41,E7_42,E7_43,E7_44,E8_11,E8_12,E8_13,E8_14,E8_21,E8_22,E8_23,E8_24,E8_31,E8_32,E8_33,E8_34,E8_41,E8_42,E8_43,E8_44,F1_11,F1_12,F1_13,F1_14,F1_21,F1_22,F1_23,F1_24,F1_31,F1_32,F1_33,F1_34,F1_41,F1_42,F1_43,F1_44,F2_11,F2_12,F2_13,F2_14,F2_21,F2_22,F2_23,F2_24,F2_31,F2_32,F2_33,F2_34,F2_41,F2_42,F2_43,F2_44,F3_11,F3_12,F3_13,F3_14,F3_21,F3_22,F3_23,F3_24,F3_31,F3_32,F3_33,F3_34,F3_41,F3_42,F3_43,F3_44,F4_11,F4_12,F4_13,F4_14,F4_21,F4_22,F4_23,F4_24,F4_31,F4_32,F4_33,F4_34,F4_41,F4_42,F4_43,F4_44,F5_11,F5_12,F5_13,F5_14,F5_21,F5_22,F5_23,F5_24,F5_31,F5_32,F5_33,F5_34,F5_41,F5_42,F5_43,F5_44,F6_11,F6_12,F6_13,F6_14,F6_21,F6_22,F6_23,F6_24,F6_31,F6_32,F6_33,F6_34,F6_41,F6_42,F6_43,F6_44,F7_11,F7_12,F7_13,F7_14,F7_21,F7_22,F7_23,F7_24,F7_31,F7_32,F7_33,F7_34,F7_41,F7_42,F7_43,F7_44,F8_11,F8_12,F8_13,F8_14,F8_21,F8_22,F8_23,F8_24,F8_31,F8_32,F8_33,F8_34,F8_41,F8_42,F8_43,F8_44,
Activity Metrics
    Number of Spikes,23.000000,42.000000,891.000000,266.000000,65.000000,2652.000000,1.000000,2488.000000,1133.000000,523.000000,1.000000,114.000000,1518.000000,2032.000000,0.000000,2089.000000,2.000000,1234.000000,0.000000,0.000000,1962.000000,1353.000000,3298.000000,3295.000000,578.000000,1622.000000,721.000000,75.000000,1768.000000,332.000000,0.000000,1386.000000,1048.000000,1.000000,1.000000,3792.000000,1062.000000,1955.000000,4851.000000,3184.000000,2124.000000,490.000000,303.000000,3.000000,3035.000000,2910.000000,152.000000,2086.000000,622.000000,1414.000000,1238.000000,101.000000,2215.000000,424.000000,1737.000000,2454.000000,365.000000,3437.000000,945.000000,2627.000000,4498.000000,2529.000000,877.000000,12.000000,1822.000000,3975.000000,614.000000,114.000000,2458.000000,1394.000000,630.000000,1875.000000,3520.000000,1.000000,4258.000000,953.000000,1394.000000,1032.000000,6917.000000,381.000000,537.000000,19.000000,1318.000000,368.000000,299.000000,2381.000000,13.000000,1027.000000,1985.000000,2097.000000,3605.000000,4651.000000,3928.000000,3568.000000,4231.000000,2380.000000,2729.000000,0.000000,1971.000000,0.000000,0.000000,4.000000,0.000000,0.000000,149.000000,772.000000,975.000000,1644.000000,649.000000,14.000000,2091.000000,2955.000000,1014.000000,3049.000000,1922.000000,337.000000,7.000000,314.000000,2262.000000,1182.000000,2067.000000,10.000000,1581.000000,1959.000000,85.000000,687.000000,717.000000,3079.000000,723.000000,598.000000,0.000000,2.000000,2312.000000,651.000000,1836.000000,2278.000000,1822.000000,435.000000,0.000000,823.000000,1524.000000,1137.000000,4.000000,828.000000,2920.000000,9.000000,2755.000000,1514.000000,2404.000000,29.000000,0.000000,1354.000000,6.000000,1032.000000,5492.000000,351.000000,869.000000,1128.000000,3206.000000,224.000000,1947.000000,149.000000,1240.000000,1855.000000,0.000000,1127.000000,4833.000000,1210.000000,1070.000000,765.000000,1009.000000,956.000000,830.000000,420.000000,140.000000,3478.000000,2436.000000,735.000000,951.000000,21.000000,1569.000000,945.000000,205.000000,1985.000000,204.000000,507.000000,1639.000000,49.000000,515.000000,574.000000,2464.000000,1791.000000,922.000000,3929.000000,922.000000,1535.000000,150.000000,17.000000,1473.000000,1357.000000,712.000000,1027.000000,639.000000,0.000000,185.000000,1853.000000,1614.000000,5782.000000,145.000000,546.000000,2554.000000,3641.000000,700.000000,675.000000,808.000000,7415.000000,1665.000000,0.000000,525.000000,3268.000000,1354.000000,865.000000,1551.000000,3464.000000,418.000000,316.000000,315.000000,580.000000,861.000000,2196.000000,1.000000,1488.000000,2495.000000,1536.000000,133.000000,918.000000,1437.000000,767.000000,125.000000,662.000000,1886.000000,763.000000,1732.000000,885.000000,1613.000000,2362.000000,2684.000000,271.000000,5.000000,1195.000000,2182.000000,271.000000,93.000000,1814.000000,394.000000,239.000000,361.000000,2528.000000,437.000000,1260.000000,227.000000,1377.000000,713.000000,1317.000000,164.000000,954.000000,2869.000000,2341.000000,1962.000000,0.000000,660.000000,1757.000000,2.000000,1220.000000,1020.000000,45.000000,1309.000000,2628.000000,2208.000000,829.000000,1348.000000,97.000000,35.000000,0.000000,2288.000000,1094.000000,1630.000000,1175.000000,1805.000000,761.000000,2149.000000,32.000000,386.000000,597.000000,535.000000,508.000000,546.000000,1107.000000,6.000000,1320.000000,1104.000000,1067.000000,936.000000,915.000000,972.000000,1204.000000,243.000000,1339.000000,2650.000000,1664.000000,124.000000,1496.000000,1120.000000,957.000000,30.000000,888.000000,408.000000,1288.000000,1020.000000,2076.000000,2671.000000,4.000000,249.000000,1224.000000,395.000000,1978.000000,647.000000,1959.000000,145.000000,1683.000000,1482.000000,10.000000,575.000000,2152.000000,3518.000000,0.000000,1046.000000,1430.000000,61.000000,1290.000000,2745.000000,316.000000,6.000000,952.000000,1255.000000,791.000000,824.000000,441.000000,1045.000000,2370.000000,2313.000000,338.000000,214.000000,1711.000000,956.000000,1884.000000,889.000000,324.000000,10.000000,1456.000000,900.000000,1229.000000,430.000000,7.000000,2126.000000,906.000000,2730.000000,43.000000,568.000000,739.000000,1642.000000,915.000000,2295.000000,2916.000000,118.000000,1640.000000,339.000000,1066.000000,673.000000,2258.000000,787.000000,1315.000000,1853.000000,2165.000000,613.000000,8.000000,2748.000000,37.000000,1547.000000,466.000000,242.000000,1083.000000,2.000000,1348.000000,224.000000,1.000000,33.000000,1668.000000,463.000000,1275.000000,72.000000,855.000000,905.000000,33.000000,614.000000,486.000000,436.000000,851.000000,488.000000,0.000000,541.000000,563.000000,980.000000,487.000000,657.000000,135.000000,630.000000,3030.000000,809.000000,1838.000000,473.000000,123.000000,10.000000,802.000000,0.000000,383.000000,1048.000000,1808.000000,673.000000,1658.000000,2.000000,35.000000,14.000000,0.000000,832.000000,728.000000,24.000000,376.000000,222.000000,0.000000,1127.000000,643.000000,1960.000000,1217.000000,2094.000000,730.000000,0.000000,1492.000000,203.000000,2447.000000,102.000000,712.000000,2274.000000,31.000000,1591.000000,255.000000,7.000000,1368.000000,4.000000,0.000000,538.000000,285.000000,1874.000000,1409.000000,363.000000,376.000000,1713.000000,584.000000,1547.000000,531.000000,1705.000000,501.000000,558.000000,1292.000000,1767.000000,1219.000000,1054.000000,3099.000000,392.000000,2474.000000,799.000000,267.000000,916.000000,1630.000000,928.000000,3819.000000,5428.000000,3064.000000,1918.000000,314.000000,747.000000,867.000000,1077.000000,1446.000000,1086.000000,1742.000000,1957.000000,152.000000,1005.000000,1492.000000,3.000000,177.000000,2969.000000,881.000000,241.000000,243.000000,2448.000000,1271.000000,1032.000000,1659.000000,1756.000000,1069.000000,1321.000000,0.000000,612.000000,963.000000,982.000000,36.000000,0.000000,1148.000000,118.000000,951.000000,1036.000000,1966.000000,9.000000,926.000000,784.000000,69.000000,539.000000,632.000000,1046.000000,2017.000000,983.000000,293.000000,2257.000000,16.000000,1521.000000,558.000000,1210.000000,1471.000000,1732.000000,1850.000000,2236.000000,2718.000000,1322.000000,1288.000000,406.000000,1221.000000,787.000000,994.000000,1491.000000,1223.000000,977.000000,1170.000000,1291.000000,2.000000,515.000000,989.000000,1510.000000,2195.000000,1036.000000,903.000000,2144.000000,491.000000,1268.000000,86.000000,2320.000000,919.000000,1112.000000,399.000000,121.000000,1859.000000,240.000000,22.000000,140.000000,2579.000000,8.000000,676.000000,928.000000,1984.000000,2151.000000,690.000000,2.000000,700.000000,60.000000,402.000000,1426.000000,1443.000000,1114.000000,1445.000000,552.000000,524.000000,1248.000000,34.000000,1292.000000,1326.000000,6059.000000,1464.000000,1.000000,76.000000,1634.000000,56.000000,399.000000,1737.000000,585.000000,994.000000,843.000000,2049.000000,949.000000,1511.000000,2367.000000,2954.000000,1589.000000,1347.000000,21.000000,1467.000000,1072.000000,2376.000000,1156.000000,430.000000,467.000000,453.000000,1505.000000,2240.000000,2988.000000,1631.000000,2193.000000,1311.000000,3269.000000,1995.000000,104.000000,734.000000,1340.000000,0.000000,16.000000,3790.000000,1239.000000,2155.000000,5728.000000,1126.000000,927.000000,35.000000,1448.000000,1884.000000,1653.000000,5173.000000,1972.000000,33.000000,823.000000,1849.000000,368.000000,130.000000,925.000000,495.000000,2644.000000,1098.000000,0.000000,2001.000000,1620.000000,337.000000,874.000000,1060.000000,1225.000000,542.000000,616.000000,534.000000,781.000000,219.000000,967.000000,533.000000,590.000000,869.000000,3.000000,1632.000000,1264.000000,680.000000,1018.000000,64.000000,7.000000,2642.000000,89.000000,233.000000,25.000000,11.000000,1914.000000,234.000000,858.000000,3111.000000,1173.000000,19.000000,774.000000,151.000000,2610.000000,415.000000,40.000000,392.000000,0.000000,1346.000000,3.000000,463.000000,47.000000,0.000000,1534.000000,977.000000,1184.000000,1918.000000,1104.000000,1974.000000,228.000000,1263.000000,1368.000000,1318.000000,4.000000,1764.000000,394.000000,69.000000,4127.000000,1261.000000,2096.000000,1574.000000,1378.000000,708.000000,3196.000000,1968.000000,1714.000000,2116.000000,2275.000000,483.000000,550.000000,3256.000000,126.000000,1004.000000,399.000000,545.000000,1233.000000,2845.000000,2120.000000,1030.000000,1798.000000,3231.000000,13.000000,1072.000000,0.000000,0.000000,2004.000000,1247.000000,337.000000,1263.000000,0.000000,3984.000000,95.000000,1063.000000,2288.000000,1022.000000,2281.000000,748.000000,4.000000,2714.000000,1198.000000,1326.000000,931.000000,3095.000000,30.000000,529.000000,1957.000000,2432.000000,2171.000000,1621.000000
    Mean Firing Rate (Hz),0.038333,0.070000,1.485000,0.443333,0.108333,4.420000,0.001667,4.146667,1.888333,0.871667,0.001667,0.190000,2.530000,3.386667,0.000000,3.481667,0.003333,2.056667,0.000000,0.000000,3.270000,2.255000,5.496667,5.491667,0.963333,2.703333,1.201667,0.125000,2.946667,0.553333,0.000000,2.310000,1.746667,0.001667,0.001667,6.320000,1.770000,3.258333,8.085000,5.306667,3.540000,0.816667,0.505000,0.005000,5.058333,4.850000,0.253333,3.476667,1.036667,2.356667,2.063333,0.168333,3.691667,0.706667,2.895000,4.090000,0.608333,5.728333,1.575000,4.378333,7.496667,4.215000,1.461667,0.020000,3.036667,6.625000,1.023333,0.190000,4.096667,2.323333,1.050000,3.125000,5.866667,0.001667,7.096667,1.588333,2.323333,1.720000,11.528333,0.635000,0.895000,0.031667,2.196667,0.613333,0.498333,3.968333,0.021667,1.711667,3.308333,3.495000,6.008333,7.751667,6.546667,5.946667,7.051667,3.966667,4.548333,0.000000,3.285000,0.000000,0.000000,0.006667,0.000000,0.000000,0.248333,1.286667,1.625000,2.740000,1.081667,0.023333,3.485000,4.925000,1.690000,5.081667,3.203333,0.561667,0.011667,0.523333,3.770000,1.970000,3.445000,0.016667,2.635000,3.265000,0.141667,1.145000,1.195000,5.131667,1.205000,0.996667,0.000000,0.003333,3.853333,1.085000,3.060000,3.796667,3.036667,0.725000,0.000000,1.371667,2.540000,1.895000,0.006667,1.380000,4.866667,0.015000,4.591667,2.523333,4.006667,0.048333,0.000000,2.256667,0.010000,1.720000,9.153333,0.585000,1.448333,1.880000,5.343333,0.373333,3.245000,0.248333,2.066667,3.091667,0.000000,1.878333,8.055000,2.016667,1.783333,1.275000,1.681667,1.593333,1.383333,0.700000,0.233333,5.796667,4.060000,1.225000,1.585000,0.035000,2.615000,1.575000,0.341667,3.308333,0.340000,0.845000,2.731667,0.081667,0.858333,0.956667,4.106667,2.985000,1.536667,6.548333,1.536667,2.558333,0.250000,0.028333,2.455000,2.261667,1.186667,1.711667,1.065000,0.000000,0.308333,3.088333,2.690000,9.636667,0.241667,0.910000,4.256667,6.068333,1.166667,1.125000,1.346667,12.358333,2.775000,0.000000,0.875000,5.446667,2.256667,1.441667,2.585000,5.773333,0.696667,0.526667,0.525000,0.966667,1.435000,3.660000,0.001667,2.480000,4.158333,2.560000,0.221667,1.530000,2.395000,1.278333,0.208333,1.103333,3.143333,1.271667,2.886667,1.475000,2.688333,3.936667,4.473333,0.451667,0.008333,1.991667,3.636667,0.451667,0.155000,3.023333,0.656667,0.398333,0.601667,4.213333,0.728333,2.100000,0.378333,2.295000,1.188333,2.195000,0.273333,1.590000,4.781667,3.901667,3.270000,0.000000,1.100000,2.928333,0.003333,2.033333,1.700000,0.075000,2.181667,4.380000,3.680000,1.381667,2.246667,0.161667,0.058333,0.000000,3.813333,1.823333,2.716667,1.958333,3.008333,1.268333,3.581667,0.053333,0.643333,0.995000,0.891667,0.846667,0.910000,1.845000,0.010000,2.200000,1.840000,1.778333,1.560000,1.525000,1.620000,2.006667,0.405000,2.231667,4.416667,2.773333,0.206667,2.493333,1.866667,1.595000,0.050000,1.480000,0.680000,2.146667,1.700000,3.460000,4.451667,0.006667,0.415000,2.040000,0.658333,3.296667,1.078333,3.265000,0.241667,2.805000,2.470000,0.016667,0.958333,3.586667,5.863333,0.000000,1.743333,2.383333,0.101667,2.150000,4.575000,0.526667,0.010000,1.586667,2.091667,1.318333,1.373333,0.735000,1.741667,3.950000,3.855000,0.563333,0.356667,2.851667,1.593333,3.140000,1.481667,0.540000,0.016667,2.426667,1.500000,2.048333,0.716667,0.011667,3.543333,1.510000,4.550000,0.071667,0.946667,1.231667,2.736667,1.525000,3.825000,4.860000,0.196667,2.733333,0.565000,1.776667,1.121667,3.763333,1.311667,2.191667,3.088333,3.608333,1.021667,0.013333,4.580000,0.061667,2.578333,0.776667,0.403333,1.805000,0.003333,2.246667,0.373333,0.001667,0.055000,2.780000,0.771667,2.125000,0.120000,1.425000,1.508333,0.055000,1.023333,0.810000,0.726667,1.418333,0.813333,0.000000,0.901667,0.938333,1.633333,0.811667,1.095000,0.225000,1.050000,5.050000,1.348333,3.063333,0.788333,0.205000,0.016667,1.336667,0.000000,0.638333,1.746667,3.013333,1.121667,2.763333,0.003333,0.058333,0.023333,0.000000,1.386667,1.213333,0.040000,0.626667,0.370000,0.000000,1.878333,1.071667,3.266667,2.028333,3.490000,1.216667,0.000000,2.486667,0.338333,4.078333,0.170000,1.186667,3.790000,0.051667,2.651667,0.425000,0.011667,2.280000,0.006667,0.000000,0.896667,0.475000,3.123333,2.348333,0.605000,0.626667,2.855000,0.973333,2.578333,0.885000,2.841667,0.835000,0.930000,2.153333,2.945000,2.031667,1.756667,5.165000,0.653333,4.123333,1.331667,0.445000,1.526667,2.716667,1.546667,6.365000,9.046667,5.106667,3.196667,0.523333,1.245000,1.445000,1.795000,2.410000,1.810000,2.903333,3.261667,0.253333,1.675000,2.486667,0.005000,0.295000,4.948333,1.468333,0.401667,0.405000,4.080000,2.118333,1.720000,2.765000,2.926667,1.781667,2.201667,0.000000,1.020000,1.605000,1.636667,0.060000,0.000000,1.913333,0.196667,1.585000,1.726667,3.276667,0.015000,1.543333,1.306667,0.115000,0.898333,1.053333,1.743333,3.361667,1.638333,0.488333,3.761667,0.026667,2.535000,0.930000,2.016667,2.451667,2.886667,3.083333,3.726667,4.530000,2.203333,2.146667,0.676667,2.035000,1.311667,1.656667,2.485000,2.038333,1.628333,1.950000,2.151667,0.003333,0.858333,1.648333,2.516667,3.658333,1.726667,1.505000,3.573333,0.818333,2.113333,0.143333,3.866667,1.531667,1.853333,0.665000,0.201667,3.098333,0.400000,0.036667,0.233333,4.298333,0.013333,1.126667,1.546667,3.306667,3.585000,1.150000,0.003333,1.166667,0.100000,0.670000,2.376667,2.405000,1.856667,2.408333,0.920000,0.873333,2.080000,0.056667,2.153333,2.210000,10.098333,2.440000,0.001667,0.126667,2.723333,0.093333,0.665000,2.895000,0.975000,1.656667,1.405000,3.415000,1.581667,2.518333,3.945000,4.923333,2.648333,2.245000,0.035000,2.445000,1.786667,3.960000,1.926667,0.716667,0.778333,0.755000,2.508333,3.733333,4.980000,2.718333,3.655000,2.185000,5.448333,3.325000,0.173333,1.223333,2.233333,0.000000,0.026667,6.316667,2.065000,3.591667,9.546667,1.876667,1.545000,0.058333,2.413333,3.140000,2.755000,8.621667,3.286667,0.055000,1.371667,3.081667,0.613333,0.216667,1.541667,0.825000,4.406667,1.830000,0.000000,3.335000,2.700000,0.561667,1.456667,1.766667,2.041667,0.903333,1.026667,0.890000,1.301667,0.365000,1.611667,0.888333,0.983333,1.448333,0.005000,2.720000,2.106667,1.133333,1.696667,0.106667,0.011667,4.403333,0.148333,0.388333,0.041667,0.018333,3.190000,0.390000,1.430000,5.185000,1.955000,0.031667,1.290000,0.251667,4.350000,0.691667,0.066667,0.653333,0.000000,2.243333,0.005000,0.771667,0.078333,0.000000,2.556667,1.628333,1.973333,3.196667,1.840000,3.290000,0.380000,2.105000,2.280000,2.196667,0.006667,2.940000,0.656667,0.115000,6.878333,2.101667,3.493333,2.623333,2.296667,1.180000,5.326667,3.280000,2.856667,3.526667,3.791667,0.805000,0.916667,5.426667,0.210000,1.673333,0.665000,0.908333,2.055000,4.741667,3.533333,1.716667,2.996667,5.385000,0.021667,1.786667,0.000000,0.000000,3.340000,2.078333,0.561667,2.105000,0.000000,6.640000,0.158333,1.771667,3.813333,1.703333,3.801667,1.246667,0.006667,4.523333,1.996667,2.210000,1.551667,5.158333,0.050000,0.881667,3.261667,4.053333,3.618333,2.701667
    ISI Coefficient of Variation, , ,2.454230,1.524752,0.854428,4.586975, ,2.269293,1.904223,2.620280, ,0.833601,2.117022,4.101215, ,2.616832, ,2.114908, , ,2.822705,3.028600,3.064517,3.582420,1.469877,2.024039,1.495650,0.804344,2.134913,1.448452, ,2.656736,2.354317, , ,2.681629,1.781482,2.365906,3.214520,2.415714,1.744726,0.990139,1.226493, ,2.194313,2.725755,0.947256,1.976924,1.940136,2.112388,1.844195,0.925484,2.957571,1.344263,2.427668,3.186862,1.049159,2.770137,1.961643,4.259498,3.723566,2.654144,2.440116, ,3.286949,2.916286,1.792305,0.910981,3.398045,2.465913,1.628074,2.424337,2.873478, ,3.399894,2.605274,3.424258,2.084543,1.417514,1.171223,2.111220, ,3.769200,1.461120,1.802589,2.959375, ,1.696416,3.022702,3.370637,3.304529,0.997307,3.896129,1.336931,3.817242,2.863226,3.077448, ,2.720112, , , , , ,1.063337,2.004269,2.153975,3.403513,2.010219, ,2.926870,2.587759,1.562119,3.090034,1.855392,1.617040, ,1.939439,2.558544,3.080375,2.138661, ,1.959746,2.510582,0.930461,1.713380,2.584384,2.826091,1.867051,1.928079, , ,2.046704,2.381618,2.339882,2.617569,2.485903,2.222332, ,1.846436,2.951241,2.457159, ,1.806100,3.349708, ,3.352742,2.043592,3.306477, , ,2.982134, ,2.418812,2.181719,1.536827,2.537597,2.831862,3.657265,1.604921,2.827540,1.225930,2.359241,3.148065, ,2.540848,3.967832,2.093855,2.133806,2.626890,2.969876,2.283394,2.060188,1.525103,1.096304,3.562519,3.458316,2.237172,2.364193, ,2.771995,2.793284,1.337759,1.705312,1.200962,2.001982,2.761231, ,1.469740,1.847005,3.484977,2.935271,2.251119,4.330245,2.689818,3.076382,1.217682, ,1.536950,2.637678,2.154198,2.756880,2.418486, ,1.478534,3.001475,2.767011,2.438116,1.397565,2.439255,1.112955,1.762138,3.384386,2.653395,2.442334,1.026719,2.793833, ,3.021344,2.456917,2.432872,2.022569,2.998443,2.966068,1.624670,1.496909,1.062653,1.288135,2.559213,2.246958, ,2.293847,2.573622,2.674689,1.127295,2.036938,2.622244,2.240041,0.869558,2.024865,2.214545,2.416436,2.153196,1.599361,2.167716,2.439537,2.660036,1.383575, ,1.848129,2.310690,1.133299,0.968602,2.125891,1.195391,1.837962,1.815368,3.506793,1.583004,2.482395,1.144583,2.686166,1.984346,2.506819,1.099810,2.077818,3.710510,3.333457,3.051252, ,1.901016,3.037081, ,2.832378,2.489341, ,2.824376,3.984670,3.684028,2.193837,2.906053,1.142389, , ,3.688092,2.517286,3.112885,2.701473,3.439475,2.128734,3.704750, ,1.557231,2.434441,1.712779,1.849738,2.382642,2.637810, ,2.913777,2.618641,2.569620,2.402588,2.475182,2.326316,2.807961,1.175123,2.772288,4.027685,3.195587,1.305645,3.020059,2.729570,2.352417, ,2.312437,1.829816,2.809320,2.429720,3.567602,3.618880, ,1.829305,2.282556,1.374520,3.069565,1.880910,2.990929,1.704583,2.863629,2.683528, ,1.860774,3.209636,4.173815, ,2.854777,3.394950,1.107310,3.194308,1.591777,1.596243, ,2.720245,3.177275,2.504870,3.309897,1.753959,2.898509,4.418465,1.818813,1.521396,1.508809,3.926782,3.041845,4.214406,2.983826,2.117664, ,3.701425,2.823831,3.220033,2.166022, ,3.583054,2.835175,4.954530, ,1.668293,2.962546,2.613701,2.065971,3.064882,3.563455,1.088506,2.697901,1.658709,2.527432,2.047170,3.159453,2.042527,2.332410,2.833588,2.970765,1.761302, ,3.965866, ,2.984530,2.271825,1.980551,2.501859, ,2.645506,1.493097, , ,2.935908,1.933993,2.732443,1.113970,2.754336,2.908454, ,3.222415,2.390269,2.204562,2.879225,2.589825, ,2.431630,2.244613,3.163877,2.164858,2.561374,1.234591,2.150436,1.319557,1.058309,3.422153,1.771359,1.937852, ,2.274964, ,1.880948,2.743048,3.411350,2.318408,3.420188, , , , ,2.831342,2.437451, ,2.360781,1.919594, ,2.355773,2.404140,4.314838,3.312641,3.732539,2.628577, ,3.029461,1.742345,4.003626,1.072481,2.385551,3.742303, ,3.234851,1.462966, ,2.888282, , ,1.863592,1.847988,3.448462,3.039036,1.576453,1.695387,3.162305,2.262232,2.971077,1.901856,3.246183,1.815619,1.777295,2.809716,3.171381,2.736269,2.438314,4.279973,1.775399,3.839067,2.096014,1.668881,2.403100,3.095805,2.568129,2.030814,1.379963,4.180960,3.112109,1.667346,2.006280,2.240622,2.292067,3.174525,2.470328,3.135320,2.990753,1.005847,2.232812,2.550850, ,2.075242,3.563883,2.096700,1.839789,1.633820,3.010940,2.331846,2.091678,2.763762,2.818548,2.085194,3.274524, ,2.129821,2.706093,2.724525, , ,3.010695,1.445101,3.048198,2.399009,3.569302, ,2.782904,2.430099,1.057570,1.954430,2.107047,2.577989,3.700573,2.505648,2.074483,3.923047, ,3.198619,1.878808,2.817909,3.160773,3.402847,3.538831,3.900071,4.304359,3.061708,3.066255,1.669813,2.931596,2.318049,2.601524,3.265059,2.903877,2.709886,2.885055,2.978309, ,2.709812,2.630234,3.292136,4.047611,3.288588,3.297517,4.779966,2.170471,3.654154,1.003342,4.985400,3.074340,3.371473,2.025207,1.270317,4.451597,1.941778, ,1.216439,5.192871, ,2.136885,2.447226,3.636554,3.770315,3.065604, ,2.131863,1.046176,1.936463,3.042783,1.119248,2.691636,3.038516,1.872765,1.774870,3.313060, ,3.361973,3.422920,0.758989,3.584881, ,1.076215,3.739931, ,1.912049,3.932314,2.263894,3.386367,2.665446,2.562102,2.352255,3.057717,3.678880,4.255144,3.094894,2.870928, ,3.007297,2.533890,3.886049,2.657800,1.508840,1.809310,2.346994,3.044186,3.746464,3.730822,2.233737,3.171733,1.288056,3.653529,3.064823,1.483656,1.296202,2.662889, , ,4.227410,2.312869,3.222532,3.480776,2.362854,1.901005, ,2.521596,2.908656,2.610821,0.899994,2.859464, ,2.328524,2.812521,1.453419,1.596490,2.640904,1.607331,3.296761,3.467863, ,3.312166,2.947519,1.548072,2.259958,2.472865,2.626794,1.857429,1.922367,1.871197,2.094343,1.211675,2.512644,2.091149,2.118229,2.275624, ,2.734575,2.389641,1.773650,2.243185,1.261558, ,3.613185,1.101601,1.267824, , ,2.871895,2.477084,1.998914,3.902841,2.933337, ,2.987094,1.237826,4.024567,1.642588, ,2.817397, ,3.051923, ,1.765930, , ,3.205279,2.556789,2.520959,2.840438,2.360622,3.278676,2.061646,2.724197,2.611638,2.591531, ,3.127080,1.641411,1.272131,0.646805,2.520380,3.318938,2.868254,2.499905,1.720637,3.686768,3.068905,2.854840,3.144435,3.308542,1.927325,2.155293,3.895269,1.495915,2.410738,1.766019,1.789751,2.378503,3.609295,3.068639,2.082349,2.799523,3.821786, ,2.206596, , ,2.994181,2.309637,0.975736,2.303582, ,4.234502,1.282362,2.075782,3.070858,1.977768,3.011273,1.718875, ,3.295929,2.208841,2.310709,2.017243,3.478327, ,1.995246,2.803545,3.138876,2.919201,2.386274
Electrode Burst Metrics
    Number of Bursts,0.000000,0.000000,60.000000,3.000000,0.000000,83.000000,0.000000,82.000000,49.000000,33.000000,0.000000,0.000000,68.000000,84.000000,0.000000,79.000000,0.000000,3.000000,0.000000,0.000000,109.000000,105.000000,120.000000,121.000000,0.000000,45.000000,3.000000,0.000000,32.000000,2.000000,0.000000,105.000000,61.000000,0.000000,0.000000,113.000000,3.000000,99.000000,133.000000,119.000000,46.000000,0.000000,0.000000,0.000000,86.000000,128.000000,0.000000,53.000000,20.000000,55.000000,3.000000,1.000000,119.000000,3.000000,69.000000,121.000000,0.000000,38.000000,3.000000,126.000000,123.000000,57.000000,46.000000,0.000000,116.000000,116.000000,19.000000,0.000000,135.000000,108.000000,7.000000,92.000000,116.000000,0.000000,118.000000,83.000000,108.000000,66.000000,91.000000,0.000000,24.000000,0.000000,90.000000,5.000000,9.000000,110.000000,0.000000,27.000000,93.000000,91.000000,94.000000,82.000000,106.000000,89.000000,125.000000,91.000000,131.000000,0.000000,88.000000,0.000000,0.000000,0.000000,0.000000,0.000000,0.000000,20.000000,38.000000,125.000000,32.000000,0.000000,124.000000,14.000000,40.000000,118.000000,74.000000,8.000000,0.000000,15.000000,92.000000,68.000000,53.000000,0.000000,66.000000,68.000000,0.000000,32.000000,44.000000,104.000000,48.000000,34.000000,0.000000,0.000000,58.000000,46.000000,61.000000,71.000000,65.000000,38.000000,0.000000,39.000000,69.000000,64.000000,0.000000,56.000000,106.000000,0.000000,82.000000,41.000000,98.000000,0.000000,0.000000,78.000000,0.000000,75.000000,109.000000,4.000000,43.000000,77.000000,104.000000,10.000000,85.000000,2.000000,52.000000,91.000000,0.000000,81.000000,91.000000,29.000000,45.000000,79.000000,78.000000,54.000000,45.000000,4.000000,1.000000,107.000000,68.000000,55.000000,60.000000,0.000000,63.000000,60.000000,2.000000,45.000000,3.000000,38.000000,61.000000,0.000000,0.000000,26.000000,67.000000,61.000000,52.000000,109.000000,64.000000,65.000000,3.000000,0.000000,46.000000,66.000000,57.000000,71.000000,36.000000,0.000000,10.000000,74.000000,68.000000,64.000000,7.000000,46.000000,53.000000,66.000000,45.000000,53.000000,54.000000,0.000000,60.000000,0.000000,47.000000,73.000000,59.000000,10.000000,67.000000,67.000000,18.000000,9.000000,0.000000,0.000000,51.000000,49.000000,0.000000,80.000000,64.000000,87.000000,1.000000,54.000000,84.000000,28.000000,0.000000,35.000000,69.000000,46.000000,59.000000,45.000000,59.000000,74.000000,70.000000,4.000000,0.000000,44.000000,62.000000,3.000000,0.000000,58.000000,4.000000,16.000000,30.000000,118.000000,13.000000,57.000000,0.000000,73.000000,31.000000,71.000000,2.000000,27.000000,110.000000,90.000000,93.000000,0.000000,29.000000,80.000000,0.000000,71.000000,66.000000,0.000000,60.000000,114.000000,109.000000,43.000000,71.000000,0.000000,0.000000,0.000000,106.000000,54.000000,97.000000,57.000000,82.000000,36.000000,103.000000,0.000000,13.000000,47.000000,10.000000,30.000000,35.000000,58.000000,0.000000,58.000000,56.000000,45.000000,48.000000,54.000000,43.000000,57.000000,2.000000,73.000000,87.000000,107.000000,6.000000,72.000000,49.000000,49.000000,0.000000,51.000000,24.000000,76.000000,51.000000,108.000000,153.000000,0.000000,7.000000,55.000000,5.000000,104.000000,37.000000,97.000000,9.000000,82.000000,64.000000,0.000000,29.000000,121.000000,161.000000,0.000000,79.000000,94.000000,1.000000,69.000000,101.000000,13.000000,0.000000,62.000000,72.000000,60.000000,49.000000,20.000000,59.000000,119.000000,65.000000,9.000000,17.000000,85.000000,49.000000,77.000000,61.000000,25.000000,0.000000,80.000000,61.000000,77.000000,34.000000,0.000000,104.000000,59.000000,95.000000,0.000000,20.000000,35.000000,72.000000,59.000000,91.000000,146.000000,1.000000,77.000000,11.000000,63.000000,48.000000,119.000000,31.000000,62.000000,93.000000,113.000000,28.000000,0.000000,127.000000,0.000000,74.000000,42.000000,20.000000,60.000000,0.000000,58.000000,1.000000,0.000000,0.000000,80.000000,31.000000,48.000000,1.000000,53.000000,59.000000,1.000000,29.000000,43.000000,35.000000,61.000000,34.000000,0.000000,42.000000,19.000000,62.000000,28.000000,38.000000,2.000000,39.000000,40.000000,0.000000,82.000000,23.000000,9.000000,0.000000,48.000000,0.000000,26.000000,67.000000,85.000000,49.000000,79.000000,0.000000,0.000000,0.000000,0.000000,53.000000,35.000000,0.000000,26.000000,17.000000,0.000000,58.000000,48.000000,88.000000,63.000000,102.000000,43.000000,0.000000,68.000000,17.000000,78.000000,0.000000,48.000000,85.000000,0.000000,66.000000,11.000000,0.000000,57.000000,0.000000,0.000000,32.000000,9.000000,76.000000,65.000000,14.000000,15.000000,86.000000,32.000000,101.000000,18.000000,86.000000,20.000000,12.000000,80.000000,99.000000,69.000000,66.000000,137.000000,16.000000,136.000000,56.000000,14.000000,63.000000,74.000000,61.000000,90.000000,66.000000,123.000000,104.000000,14.000000,42.000000,51.000000,51.000000,72.000000,71.000000,92.000000,97.000000,0.000000,55.000000,78.000000,0.000000,12.000000,135.000000,46.000000,17.000000,15.000000,75.000000,50.000000,42.000000,87.000000,76.000000,23.000000,75.000000,0.000000,38.000000,71.000000,66.000000,0.000000,0.000000,75.000000,5.000000,66.000000,51.000000,90.000000,0.000000,63.000000,54.000000,0.000000,31.000000,24.000000,52.000000,86.000000,45.000000,24.000000,113.000000,0.000000,62.000000,13.000000,66.000000,67.000000,71.000000,98.000000,97.000000,136.000000,80.000000,73.000000,7.000000,76.000000,44.000000,58.000000,80.000000,74.000000,60.000000,58.000000,57.000000,0.000000,29.000000,66.000000,81.000000,99.000000,74.000000,50.000000,90.000000,33.000000,79.000000,1.000000,92.000000,63.000000,58.000000,24.000000,2.000000,90.000000,16.000000,0.000000,5.000000,92.000000,0.000000,40.000000,47.000000,125.000000,134.000000,32.000000,0.000000,28.000000,0.000000,27.000000,113.000000,13.000000,69.000000,102.000000,37.000000,26.000000,85.000000,0.000000,78.000000,73.000000,48.000000,77.000000,0.000000,0.000000,103.000000,0.000000,32.000000,99.000000,42.000000,53.000000,76.000000,82.000000,59.000000,83.000000,113.000000,135.000000,84.000000,76.000000,0.000000,84.000000,53.000000,127.000000,74.000000,3.000000,23.000000,30.000000,75.000000,115.000000,128.000000,49.000000,92.000000,29.000000,113.000000,81.000000,2.000000,1.000000,64.000000,0.000000,0.000000,124.000000,66.000000,91.000000,119.000000,52.000000,10.000000,0.000000,51.000000,74.000000,51.000000,17.000000,60.000000,1.000000,46.000000,67.000000,2.000000,8.000000,49.000000,12.000000,77.000000,50.000000,0.000000,83.000000,73.000000,9.000000,24.000000,43.000000,55.000000,22.000000,37.000000,28.000000,27.000000,4.000000,55.000000,32.000000,32.000000,53.000000,0.000000,60.000000,62.000000,19.000000,48.000000,0.000000,0.000000,106.000000,0.000000,4.000000,0.000000,0.000000,69.000000,15.000000,33.000000,122.000000,68.000000,0.000000,47.000000,1.000000,114.000000,15.000000,0.000000,16.000000,0.000000,59.000000,0.000000,18.000000,0.000000,0.000000,71.000000,45.000000,61.000000,84.000000,58.000000,98.000000,16.000000,67.000000,61.000000,52.000000,0.000000,85.000000,12.000000,0.000000,0.000000,61.000000,99.000000,63.000000,51.000000,17.000000,122.000000,88.000000,95.000000,89.000000,109.000000,30.000000,39.000000,157.000000,9.000000,46.000000,20.000000,26.000000,58.000000,139.000000,90.000000,47.000000,77.000000,144.000000,0.000000,49.000000,0.000000,0.000000,113.000000,48.000000,0.000000,48.000000,0.000000,183.000000,0.000000,20.000000,88.000000,28.000000,86.000000,9.000000,0.000000,115.000000,43.000000,59.000000,43.000000,131.000000,0.000000,25.000000,82.000000,102.000000,86.000000,56.000000
    Burst Duration - Avg (sec), , ,0.142937,0.089227, ,0.141891, ,0.155565,0.131056,0.137074, , ,0.168762,0.228855, ,0.169834, ,0.325627, , ,0.124060,0.127413,0.129801,0.109162, ,0.102332,0.165547, ,0.096435,0.052200, ,0.096628,0.110460, , ,0.163434,0.270933,0.146489,0.166574,0.158009,0.114569, , , ,0.152673,0.115377, ,0.146830,0.088504,0.096915,0.221227,0.034560,0.137334,0.093147,0.134994,0.187814, ,0.169752,0.292587,0.114943,0.131258,0.243752,0.105889, ,0.131239,0.167314,0.101251, ,0.174807,0.096587,0.087063,0.107299,0.124329, ,0.121422,0.088003,0.093821,0.084033,0.119494, ,0.092813, ,0.186972,0.076752,0.088951,0.139607, ,0.118978,0.144472,0.125458,0.134922,0.109883,0.145041,0.073870,0.236744,0.167182,0.132832, ,0.128707, , , , , , ,0.103528,0.104838,0.092748,0.091957, ,0.124016,0.109051,0.090654,0.138911,0.075316,0.076900, ,0.054901,0.087812,0.104668,0.152370, ,0.092754,0.089829, ,0.065387,0.170862,0.157140,0.064287,0.076838, , ,0.130728,0.065066,0.071886,0.201012,0.112726,0.055998, ,0.139346,0.169600,0.098285, ,0.046151,0.112454, ,0.436187,0.260757,0.106469, , ,0.231410, ,0.099102,0.196407,0.101280,0.147740,0.120441,0.179394,0.295840,0.144259,0.016800,0.259600,0.116353, ,0.098947,0.284365,0.102461,0.115182,0.053727,0.056034,0.105576,0.070862,0.083880,0.060880,0.191237,0.121893,0.078447,0.067847, ,0.112973,0.085676,0.254720,0.086430,0.037093,0.062859,0.168611, , ,0.125382,0.108358,0.122010,0.075363,0.161039,0.066201,0.121168,0.041920, ,0.064630,0.111696,0.079548,0.123590,0.189576, ,0.032072,0.190055,0.099682,0.120494,0.042377,0.096099,0.112906,0.150398,0.106914,0.095685,0.110674, ,0.099776, ,0.068092,0.132255,0.103490,0.164152,0.112864,0.144080,0.058738,0.048489, , ,0.166656,0.154727, ,0.163201,0.217484,0.109764,0.102640,0.057643,0.177970,0.211200, ,0.077177,0.181783,0.161235,0.201001,0.040905,0.076770,0.119784,0.112949,0.080460, ,0.090360,0.201339,0.012427, ,0.051229,0.028660,0.043480,0.063480,0.127137,0.102535,0.142483, ,0.086869,0.147858,0.078754,0.045280,0.249810,0.112989,0.171629,0.102332, ,0.097887,0.110913, ,0.141701,0.075697, ,0.117017,0.122681,0.123958,0.113663,0.102879, , , ,0.134655,0.118107,0.103350,0.149815,0.124379,0.202771,0.138326, ,0.181668,0.124429,0.443632,0.120619,0.183024,0.125239, ,0.188872,0.163879,0.201787,0.104495,0.221428,0.151825,0.127092,0.078920,0.117953,0.141741,0.101216,0.044760,0.129206,0.182454,0.101827, ,0.118627,0.121477,0.115763,0.124874,0.129394,0.118967, ,0.096617,0.110061,0.059696,0.108605,0.079524,0.118754,0.076178,0.108350,0.128808, ,0.133650,0.120839,0.113711, ,0.089043,0.126917,0.015040,0.161266,0.086629,0.090898, ,0.139764,0.142050,0.089296,0.147724,0.123204,0.120770,0.127118,0.175825,0.086231,0.061868,0.126047,0.154103,0.150714,0.076640,0.066394, ,0.103973,0.103660,0.103257,0.058489, ,0.147842,0.119687,0.154052, ,0.062340,0.149257,0.134087,0.068805,0.147567,0.113452,0.063680,0.130267,0.180931,0.129648,0.055188,0.094829,0.241961,0.099649,0.158182,0.114872,0.101471, ,0.114411, ,0.124280,0.091291,0.066324,0.123299, ,0.187644,0.794320, , ,0.129101,0.091228,0.164233,0.047200,0.186115,0.155961,0.924800,0.276188,0.068032,0.130263,0.093864,0.129854, ,0.087990,0.355646,0.110426,0.194920,0.148371,0.473480,0.096722,0.201856, ,0.163016,0.081398,0.044960, ,0.104052, ,0.091418,0.087483,0.161857,0.116250,0.140867, , , , ,0.129271,0.210617, ,0.094172,0.070889, ,0.194175,0.067927,0.131466,0.152678,0.114739,0.143740, ,0.127702,0.030640,0.143562, ,0.078698,0.166920, ,0.159638,0.086218, ,0.191556, , ,0.088695,0.506818,0.136998,0.132561,0.081863,0.111227,0.138853,0.158600,0.090990,0.166667,0.148790,0.165632,0.100693,0.081716,0.122806,0.126313,0.060954,0.128326,0.072555,0.115082,0.057296,0.045971,0.081010,0.086732,0.100016,0.131284,0.093468,0.121465,0.144749,0.100760,0.063170,0.105051,0.109498,0.089486,0.079056,0.103221,0.114860, ,0.083664,0.102521, ,0.053253,0.115152,0.087179,0.061040,0.045803,0.245364,0.135885,0.109270,0.083594,0.122878,0.269837,0.113142, ,0.089411,0.097927,0.073401, , ,0.104702,0.085616,0.094341,0.120430,0.138867, ,0.112740,0.074579, ,0.122181,0.185777,0.160637,0.168697,0.156864,0.065777,0.141359, ,0.181188,0.406572,0.127612,0.152038,0.150104,0.135112,0.161188,0.135204,0.129681,0.120098,0.265303,0.116907,0.119755,0.150196,0.151737,0.116663,0.126475,0.160258,0.211875, ,0.153934,0.114503,0.166894,0.127391,0.127606,0.134867,0.172516,0.135476,0.140343,0.040880,0.168470,0.154107,0.192057,0.174867,0.083000,0.161587,0.088040, ,0.043312,0.168141, ,0.112914,0.144991,0.080717,0.123921,0.466688, ,0.232283, ,0.069594,0.092539,0.138418,0.072414,0.102681,0.062543,0.047723,0.077401, ,0.084973,0.093482,0.079553,0.088338, , ,0.086094, ,0.052822,0.093232,0.069015,0.142955,0.074525,0.115631,0.096132,0.092762,0.097978,0.122095,0.191816,0.109924, ,0.087541,0.109595,0.097962,0.091875,0.602613,0.077363,0.135309,0.123212,0.146263,0.157507,0.153094,0.181586,0.067732,0.186276,0.142411,0.101360,0.445760,0.137749, , ,0.139799,0.115714,0.163523,0.339782,0.098046,0.274688, ,0.187180,0.165277,0.215727,0.236438,0.243380,0.022480,0.112997,0.134031,0.045760,0.049480,0.210552,0.113140,0.291542,0.178872, ,0.155511,0.178503,0.094204,0.326533,0.235405,0.192976,0.197556,0.153286,0.194926,0.258006,0.691520,0.109569,0.092863,0.176155,0.147985, ,0.178913,0.144405,0.182699,0.137570, , ,0.124664, ,0.224620, , ,0.118642,0.194523,0.168177,0.136901,0.139152, ,0.114427,0.022480,0.132219,0.142987, ,0.288390, ,0.146696, ,0.073124, , ,0.158412,0.167456,0.135643,0.127451,0.118392,0.131357,0.192595,0.116504,0.152842,0.162925, ,0.126390,0.137933, , ,0.105761,0.123252,0.149897,0.146315,0.112052,0.135406,0.083172,0.094951,0.130631,0.097731,0.080592,0.068581,0.098764,0.068062,0.220379,0.068784,0.106335,0.103966,0.098383,0.163524,0.158049,0.178750,0.155204, ,0.121491, , ,0.113537,0.170937, ,0.212123, ,0.125792, ,0.420528,0.112333,0.150960,0.159484,0.978613, ,0.147905,0.152629,0.126896,0.085142,0.137124, ,0.164829,0.093100,0.118131,0.153774,0.114083
    Burst Duration - Std (sec), , ,0.053748,0.030046, ,0.033980, ,0.046096,0.055780,0.036868, , ,0.061560,0.061894, ,0.054376, ,0.280940, , ,0.101241,0.030707,0.023056,0.023210, ,0.034579,0.061690, ,0.024990,0.011710, ,0.027650,0.024315, , ,0.080312,0.272346,0.027043,0.040353,0.031353,0.029174, , , ,0.050257,0.036174, ,0.033726,0.031551,0.020433,0.105081, ,0.028537,0.036346,0.076231,0.048468, ,0.146928,0.032560,0.030393,0.028089,0.106189,0.032244, ,0.030627,0.066761,0.032781, ,0.123791,0.046266,0.016774,0.038337,0.034540, ,0.052033,0.036241,0.032881,0.029020,0.039278, ,0.040145, ,0.087829,0.059513,0.014003,0.084055, ,0.067895,0.095826,0.037174,0.070119,0.050540,0.031577,0.025133,0.156153,0.059515,0.058498, ,0.070381, , , , , , ,0.079925,0.032831,0.024198,0.039503, ,0.047930,0.041842,0.024502,0.082121,0.024172,0.020361, ,0.017750,0.038774,0.043226,0.091597, ,0.041633,0.025629, ,0.026122,0.168681,0.135082,0.047537,0.020913, , ,0.094831,0.025038,0.067863,0.206174,0.096890,0.068170, ,0.106302,0.158828,0.087799, ,0.022911,0.092227, ,0.215080,0.298918,0.096951, , ,0.133768, ,0.040326,0.192515,0.066506,0.208875,0.108366,0.207023,0.405156,0.047005,0.001810,0.157993,0.069023, ,0.045784,0.121889,0.063092,0.085678,0.025358,0.019626,0.095466,0.078831,0.080161, ,0.137856,0.129194,0.082645,0.030723, ,0.142808,0.110119,0.302642,0.088384,0.018285,0.036729,0.188659, , ,0.190262,0.126867,0.118318,0.061619,0.164275,0.029683,0.135080,0.013720, ,0.028964,0.131647,0.107683,0.188926,0.185120, ,0.017672,0.186301,0.147377,0.115731,0.026952,0.109700,0.098075,0.131794,0.133836,0.080277,0.134776, ,0.078277, ,0.083050,0.104741,0.082847,0.081110,0.107935,0.119142,0.027071,0.018984, , ,0.166256,0.149276, ,0.148336,0.191396,0.101460, ,0.027056,0.151055,0.172626, ,0.071576,0.235813,0.152882,0.201093,0.023044,0.077925,0.175276,0.164120,0.026488, ,0.126434,0.282937,0.000978, ,0.029947,0.015768,0.013670,0.056213,0.135236,0.117936,0.246136, ,0.107429,0.267762,0.057254,0.034959,0.371230,0.116322,0.238802,0.123916, ,0.122908,0.118742, ,0.113820,0.027360, ,0.046474,0.094850,0.123150,0.133688,0.037102, , , ,0.091265,0.180572,0.054950,0.127952,0.078215,0.245772,0.138702, ,0.270842,0.180492,0.340495,0.176043,0.056782,0.092427, ,0.194549,0.240371,0.254171,0.090544,0.218544,0.152840,0.057502,0.022458,0.069870,0.068606,0.064059,0.022875,0.075535,0.108603,0.035037, ,0.065065,0.113599,0.085898,0.077644,0.079509,0.064608, ,0.041787,0.057010,0.027869,0.041264,0.034205,0.066868,0.019222,0.044775,0.073758, ,0.107337,0.060315,0.049967, ,0.055147,0.202167, ,0.211738,0.036274,0.115789, ,0.210653,0.188880,0.079257,0.122976,0.239713,0.112962,0.175616,0.243547,0.130316,0.024798,0.125319,0.194124,0.145866,0.032857,0.019603, ,0.072705,0.068875,0.058963,0.032540, ,0.131355,0.126843,0.136858, ,0.040519,0.079653,0.074062,0.039892,0.140609,0.102094, ,0.106194,0.111904,0.150645,0.026037,0.064037,0.380849,0.086328,0.216317,0.153281,0.075235, ,0.097176, ,0.110097,0.036626,0.021566,0.087730, ,0.134759, , , ,0.100391,0.033550,0.062294, ,0.302168,0.284796, ,0.238272,0.099417,0.232309,0.106206,0.100586, ,0.082065,0.397173,0.194339,0.393412,0.275302,0.630117,0.043664,0.162179, ,0.139165,0.039178,0.016805, ,0.049324, ,0.023466,0.035589,0.139405,0.126646,0.116911, , , , ,0.109787,0.315958, ,0.037010,0.032531, ,0.257026,0.027507,0.168993,0.200588,0.136155,0.197389, ,0.164821,0.021020,0.169576, ,0.099677,0.174078, ,0.188256,0.097879, ,0.268514, , ,0.145972,0.213945,0.163391,0.162911,0.044011,0.044322,0.123184,0.187626,0.076044,0.137150,0.133955,0.087430,0.040641,0.040876,0.137579,0.137904,0.034931,0.095466,0.028321,0.094838,0.034941,0.018651,0.075776,0.040020,0.091112,0.128833,0.045615,0.074648,0.141137,0.144661,0.031837,0.090346,0.149741,0.056382,0.047390,0.073146,0.129197, ,0.159992,0.111882, ,0.009681,0.134994,0.029422,0.010057,0.016792,0.220166,0.167396,0.231168,0.046090,0.169302,0.394214,0.042846, ,0.081577,0.053022,0.044978, , ,0.061845,0.043057,0.047259,0.076518,0.090320, ,0.084633,0.048515, ,0.121914,0.224954,0.235677,0.293280,0.195096,0.107635,0.225199, ,0.273520,0.414482,0.225365,0.279445,0.176911,0.240427,0.260792,0.212905,0.159543,0.075635,0.425280,0.171609,0.191374,0.188880,0.125902,0.135415,0.149695,0.127046,0.162871, ,0.200139,0.098183,0.110875,0.127749,0.163430,0.120851,0.167451,0.187860,0.189011, ,0.187536,0.233649,0.285718,0.191856,0.008994,0.209852,0.030091, ,0.021176,0.210509, ,0.077539,0.123602,0.063362,0.096521,0.434004, ,0.186344, ,0.068705,0.091026,0.084145,0.081189,0.097789,0.030413,0.019932,0.049527, ,0.080279,0.067890,0.035474,0.051931, , ,0.056694, ,0.015208,0.053934,0.042772,0.081971,0.086713,0.084068,0.230676,0.146659,0.161867,0.152699,0.285767,0.199131, ,0.079577,0.259435,0.131155,0.208936,0.827489,0.065478,0.153418,0.216337,0.179585,0.102979,0.116260,0.133091,0.037119,0.114213,0.115352,0.030208, ,0.116990, , ,0.082387,0.090036,0.106163,0.533783,0.056929,0.265206, ,0.250154,0.201538,0.299993,0.477158,0.289509, ,0.046359,0.131889,0.018894,0.017416,0.072032,0.034704,0.339437,0.157492, ,0.190263,0.239316,0.050645,0.340252,0.334160,0.253623,0.249411,0.233015,0.292073,0.370369,0.692844,0.125026,0.046814,0.328114,0.300729, ,0.177107,0.164614,0.290896,0.156153, , ,0.113050, ,0.302230, , ,0.115980,0.114431,0.224401,0.122004,0.277699, ,0.308132, ,0.167763,0.192249, ,0.544908, ,0.222319, ,0.030063, , ,0.224026,0.359350,0.071934,0.078829,0.071414,0.101018,0.102934,0.063031,0.091177,0.089798, ,0.067379,0.057743, , ,0.046309,0.079036,0.086476,0.145930,0.064290,0.089566,0.043138,0.052693,0.097058,0.054997,0.044929,0.042514,0.056120,0.056551,0.198244,0.084467,0.244993,0.080709,0.117648,0.300227,0.225365,0.302921,0.233070, ,0.125649, , ,0.160813,0.310904, ,0.363972, ,0.178991, ,0.540494,0.123368,0.236611,0.137462,0.651152, ,0.135741,0.185220,0.150661,0.049284,0.096928, ,0.196670,0.075123,0.111895,0.162477,0.079613
    Number of Spikes per Burst - Avg, , ,9.583333,6.000000, ,28.060241, ,17.048780,9.816327,7.757576, , ,13.279412,21.714286, ,15.189873, ,11.666667, , ,11.596330,10.695238,20.091667,23.454545, ,9.822222,8.666667, ,9.343750,5.500000, ,10.371429,9.278689, , ,16.309735,10.666667,11.979798,25.511278,15.243697,10.869565, , , ,15.209302,15.164063, ,11.622642,7.400000,9.163636,10.333333,5.000000,15.588235,7.000000,11.347826,16.727273, ,13.526316,11.000000,19.841270,28.284553,19.350877,9.108696, ,14.836207,21.525862,7.684211, ,16.518519,9.851852,7.428571,11.195652,21.146552, ,22.805085,8.795181,11.833333,8.787879,16.978022, ,7.916667, ,14.322222,6.000000,6.333333,16.454545, ,9.000000,15.129032,19.901099,24.031915,15.231707,29.235849,13.314607,25.240000,20.120879,14.580153, ,10.920455, , , , , , ,7.650000,9.052632,12.520000,7.843750, ,13.766129,10.928571,9.075000,20.423729,15.918919,6.000000, ,6.066667,15.934783,14.808824,12.339623, ,10.515152,17.529412, ,7.062500,10.590909,18.105769,7.875000,9.264706, , ,13.551724,10.304348,9.573770,17.985915,14.830769,6.605263, ,9.589744,17.536232,11.578125, ,8.339286,19.000000, ,22.780488,13.121951,17.193878, , ,14.282051, ,9.000000,29.192661,6.250000,12.837209,11.233766,24.490385,8.800000,14.941176,4.500000,14.134615,16.538462, ,10.061728,27.901099,8.793103,9.044444,8.329114,11.628205,9.388889,7.666667,6.250000,5.000000,24.495327,23.823529,9.600000,11.183333, ,16.047619,13.283333,6.500000,10.933333,4.666667,7.736842,13.655738, , ,7.923077,20.925373,18.770492,8.634615,23.532110,11.546875,17.000000,4.666667, ,9.391304,13.272727,8.543860,10.704225,11.111111, ,4.800000,16.770270,14.279412,18.750000,4.571429,9.043478,13.264151,23.333333,13.111111,9.641509,11.018519, ,16.983333, ,9.808511,21.890411,14.728814,9.300000,15.746269,25.552239,6.722222,5.666667, , ,11.235294,12.061224, ,11.825000,15.359375,11.781609,5.000000,8.129630,12.178571,11.071429, ,7.771429,14.391304,10.630435,12.745763,7.644444,11.983051,12.554054,15.042857,6.000000, ,10.045455,15.741935,4.000000, ,9.724138,5.000000,5.812500,7.633333,15.949153,9.461538,12.350877, ,12.671233,11.096774,10.732394,4.500000,10.592593,18.827273,17.122222,13.494624, ,9.724138,16.625000, ,13.338028,9.257576, ,13.433333,18.947368,16.633028,9.418605,13.873239, , , ,16.603774,10.018519,11.865979,14.140351,16.975610,9.888889,17.009709, ,8.076923,9.702128,14.100000,8.033333,11.400000,11.672414, ,16.189655,11.178571,11.688889,9.541667,11.814815,10.139535,14.912281,5.500000,11.808219,24.494253,12.532710,4.666667,14.888889,16.122449,11.959184, ,11.078431,8.000000,11.828947,10.352941,15.851852,15.084967, ,6.142857,12.018182,5.600000,13.480769,8.891892,12.938144,6.111111,14.012195,15.125000, ,9.551724,13.115702,19.695652, ,10.139241,13.138298,4.000000,14.623188,15.554455,6.230769, ,10.870968,13.250000,9.300000,15.204082,6.950000,12.898305,19.235294,19.000000,6.333333,6.058824,17.588235,14.551020,22.090909,12.508197,6.240000, ,16.162500,10.803279,12.766234,7.705882, ,17.625000,11.288136,27.073684, ,6.950000,15.057143,14.638889,8.983051,15.956044,15.301370,6.000000,12.714286,11.909091,11.079365,8.187500,13.285714,11.838710,9.483871,13.032258,13.424779,8.535714, ,18.110236, ,14.783784,7.904762,6.600000,11.266667, ,12.689655,10.000000, , ,14.287500,8.000000,17.354167,4.000000,10.490566,10.559322,7.000000,17.413793,8.837209,8.314286,10.688525,10.617647, ,8.904762,12.210526,12.903226,8.142857,11.315789,8.500000,10.641026,20.700000, ,17.195122,7.956522,4.888889, ,9.333333, ,8.346154,11.656716,17.341176,10.061224,16.607595, , , , ,12.471698,11.971429, ,8.615385,6.705882, ,12.310345,8.125000,20.238636,15.650794,18.578431,11.604651, ,14.382353,5.117647,24.602564, ,8.541667,17.976471, ,18.787879,6.636364, ,13.456140, , ,7.593750,13.666667,17.157895,16.938462,6.714286,7.200000,14.244186,10.781250,10.940594,10.444444,15.662791,9.050000,7.250000,11.475000,13.464646,11.768116,8.030303,20.065693,8.062500,15.669118,7.660714,6.000000,10.317460,15.783784,10.213115,19.633333,16.121212,20.008130,12.576923,6.785714,8.214286,10.196078,9.039216,15.541667,9.732394,13.478261,13.762887, ,9.109091,10.397436, ,6.083333,17.044444,10.173913,6.588235,5.400000,20.453333,11.760000,8.571429,13.551724,15.223684,11.347826,14.760000, ,8.368421,10.605634,11.712121, , ,12.680000,6.200000,12.166667,10.431373,17.466667, ,11.825397,9.592593, ,8.935484,13.708333,11.557692,19.162791,12.600000,7.625000,17.557522, ,18.854839,15.538462,12.787879,16.417910,18.704225,15.408163,19.556701,18.830882,12.712500,13.520548,10.142857,11.750000,10.522727,10.379310,15.175000,11.918919,11.983333,14.810345,15.385965, ,12.586207,10.409091,15.061728,19.707071,12.391892,15.640000,23.111111,8.121212,14.645570,4.000000,24.510870,11.857143,15.517241,9.875000,6.500000,20.000000,8.312500, ,5.000000,27.152174, ,9.900000,12.148936,14.256000,14.940299,11.687500, ,11.642857, ,6.888889,10.601770,10.153846,10.521739,10.990196,7.540541,6.500000,12.788235, ,13.666667,15.260274,14.604167,16.337662, , ,14.407767, ,7.468750,15.909091,8.238095,16.867925,8.368421,16.085366,8.084746,12.734940,16.778761,19.014815,13.202381,11.947368, ,12.130952,10.396226,15.881890,10.581081,9.333333,7.391304,9.333333,14.546667,16.173913,18.500000,11.244898,16.510870,8.724138,20.637168,17.135802,6.000000,13.000000,13.218750, , ,24.120968,10.833333,17.384615,25.210084,11.230769,10.700000, ,15.078431,16.040541,14.470588,16.000000,13.250000,4.000000,12.108696,13.656716,5.500000,5.250000,13.163265,8.583333,17.649351,17.640000, ,17.469880,14.808219,6.333333,15.416667,15.813953,15.018182,9.227273,9.594595,9.607143,11.518519,8.750000,12.236364,9.656250,11.000000,9.981132, ,12.933333,12.725806,9.315789,12.187500, , ,20.292453, ,7.750000, , ,13.942029,10.400000,11.151515,21.073770,12.514706, ,13.872340,4.000000,19.315789,8.000000, ,16.625000, ,15.457627, ,6.833333, , ,15.577465,12.888889,13.557377,12.940476,10.310345,15.040816,8.062500,13.791045,13.950820,13.096154, ,15.200000,7.416667, , ,11.475410,15.757576,16.111111,14.509804,8.647059,18.336066,14.000000,12.084211,15.966292,15.091743,9.033333,8.794872,17.184713,5.444444,14.456522,6.400000,8.000000,12.672414,16.143885,15.688889,11.085106,13.961039,18.444444, ,12.285714, , ,12.575221,13.333333, ,12.041667, ,19.737705, ,19.050000,15.340909,9.714286,15.627907,20.333333, ,15.295652,13.325581,12.067797,9.953488,16.633588, ,10.240000,12.707317,15.686275,14.534884,13.142857
    Number of Spikes per Burst - Std, , ,1.608154,0.000000, ,4.641671, ,2.661581,1.666752,1.225518, , ,2.613659,4.513891, ,2.486249, ,4.041452, , ,3.194669,1.798096,3.425058,3.598611, ,1.402739,1.527525, ,1.003522,0.707107, ,1.750039,1.318220, , ,3.495098,2.516611,1.558255,4.628005,2.288388,1.343440, , , ,2.661783,3.211145, ,1.496488,1.187656,0.811118,1.527525, ,2.416089,1.000000,2.424302,2.840188, ,3.302226,0.000000,3.881057,4.643911,9.335973,1.636096, ,2.126209,4.129346,1.204281, ,4.826624,1.888553,0.534522,2.039388,3.571029, ,5.164406,1.833024,2.215072,1.534377,2.776801, ,1.954185, ,4.326110,1.224745,0.500000,5.760728, ,1.519109,3.346724,4.011248,5.807767,2.902952,7.543590,3.013589,7.243907,3.996763,3.135293, ,1.814511, , , , , , ,1.631112,1.432204,3.394968,1.833547, ,3.638343,1.542440,1.508735,8.773900,4.050222,0.534522, ,1.099784,3.746953,3.337965,2.200904, ,2.735760,2.984890, ,0.877588,5.776126,5.195065,1.963768,2.428478, , ,3.372606,2.771839,1.746034,8.063131,4.068051,1.910702, ,2.769362,9.712908,3.398434, ,1.417768,7.391114, ,7.088548,7.032763,10.155145, , ,3.772413, ,1.479591,16.022829,0.500000,12.804259,5.993189,13.967365,5.308274,3.989131,0.707107,5.346903,3.842186, ,2.057582,8.553173,1.544097,1.845825,1.438674,3.967756,1.975479,1.906925,1.500000, ,10.092379,16.124461,4.629215,3.543874, ,8.174367,6.595046,2.121320,3.326204,0.577350,2.478930,4.040979, , ,3.135896,14.485430,12.909161,2.883549,13.597773,2.506687,9.307255,0.577350, ,2.398873,4.669197,2.712867,4.277497,6.399901, ,0.788811,8.476474,5.121933,8.644661,0.786796,4.268523,6.945256,11.331825,8.407849,3.095247,6.694100, ,9.722404, ,9.814892,11.437708,4.093016,1.567021,7.297453,13.869832,1.994273,0.866025, , ,4.393578,3.831928, ,4.414519,7.017817,3.597238, ,1.780887,4.335788,4.951083, ,1.733506,12.641223,5.363907,5.393461,1.955825,4.203822,5.929129,6.139527,0.816497, ,7.532733,12.016294,0.000000, ,2.419171,0.816497,0.981071,2.988291,8.858669,9.252165,6.168732, ,5.592790,11.163497,5.554812,0.707107,5.956633,12.008299,13.792057,6.382080, ,10.950853,12.641478, ,6.337966,1.791524, ,3.331242,9.767059,10.998031,2.656820,3.931301, , , ,6.045351,4.716453,3.321737,9.030580,5.206775,3.087096,7.640828, ,2.325996,2.827773,6.436873,2.370557,2.702940,2.855514, ,8.221617,5.343159,5.380192,2.559574,4.906961,3.562913,4.653266,0.707107,2.956431,12.259665,4.562600,0.816497,4.719022,7.811937,3.135543, ,3.537474,2.206709,4.218651,2.431654,5.951227,3.993329, ,0.899735,3.009189,0.547723,3.694606,2.157465,3.976007,1.054093,5.105054,5.974815, ,3.670210,3.466963,7.252623, ,2.116687,9.254585, ,11.320338,4.085279,1.235168, ,4.816243,7.088475,2.618707,6.528717,1.904980,6.279949,13.666553,17.241846,1.414214,1.144038,10.533726,10.120238,18.761089,4.380346,0.879394, ,8.521668,3.511029,3.531423,2.139519, ,6.693262,6.625580,14.238278, ,1.468081,7.937042,6.391688,2.063572,8.992481,6.156992, ,5.721283,5.838742,5.787366,2.437790,3.703280,9.374066,2.867237,6.754148,4.945787,1.773929, ,8.935597, ,6.972098,1.635125,1.500877,3.874588, ,5.147668, , , ,6.362855,2.265686,6.641230, ,8.902512,6.539723, ,12.016409,5.103361,5.702277,4.738287,4.148857, ,4.343818,8.972668,13.651049,5.154748,14.691614,6.363961,3.674143,13.263020, ,7.531726,1.941842,0.600925, ,2.754751, ,1.998846,3.839793,8.070453,4.497259,7.298433, , , , ,6.532769,9.240212, ,2.210465,1.649421, ,7.607030,1.941977,16.293285,11.205066,13.630511,7.622459, ,11.085865,1.053705,19.448460, ,2.466441,13.277242, ,17.004538,3.139195, ,6.819275, , ,3.536532,3.316625,10.075783,11.880758,1.266647,1.146423,4.850557,7.360463,4.206713,5.792716,6.010991,2.305029,0.965307,3.299309,5.664629,3.413403,1.488104,7.257050,2.143789,5.692172,1.587185,0.784465,4.737719,5.645389,3.587547,8.986194,3.588508,10.016786,4.354871,3.309161,2.089879,4.029986,2.741976,4.858382,2.937238,6.209667,9.098733, ,3.252764,2.802317, ,1.164500,7.935248,2.153079,1.325652,0.507093,11.863290,8.255017,3.284426,4.355586,6.604238,6.752836,4.232564, ,1.964840,2.707022,3.801883, , ,3.263889,1.303840,3.571612,3.080616,7.734644, ,3.185348,3.361932, ,3.915231,14.125152,7.678372,20.093816,7.613982,6.774713,11.524770, ,17.152973,11.442722,7.482318,15.094801,15.572315,14.828113,18.351867,14.099412,7.121360,7.226705,9.651055,6.423135,6.980000,6.740367,8.547374,6.996588,9.162362,12.746457,14.943649, ,14.797483,4.489226,6.249691,16.495053,9.030872,11.057844,12.193611,3.388930,13.236544, ,18.524409,8.953026,16.722966,3.948720,0.707107,12.893688,2.750000, ,1.224745,21.200215, ,2.734396,4.596685,5.396988,6.009718,4.973721, ,6.848705, ,2.063107,3.216975,2.154304,2.867714,3.586264,1.608909,1.208305,4.753681, ,7.581020,6.643768,3.852270,6.580694, , ,5.314495, ,1.777718,5.774841,3.214370,9.179906,3.342024,8.722330,2.621451,17.820983,15.278214,13.207294,10.632729,14.250048, ,7.779770,10.236322,14.557284,9.115705,4.041452,2.571507,7.072693,11.405657,6.673147,5.990807,3.191986,6.290573,1.509412,7.491736,5.607480,1.414214, ,7.271315, , ,9.609102,2.853248,5.699453,14.283375,2.741228,4.056545, ,9.913311,7.952667,7.433311,10.392305,5.309489, ,3.579126,3.867315,0.707107,0.886405,3.157972,1.564279,10.079638,10.574826, ,8.377288,7.262265,1.000000,10.180615,10.493208,8.765443,3.927095,3.261386,3.446300,8.312967,3.403430,5.188890,3.178652,10.782303,4.369873, ,8.562565,11.216454,7.446495,15.275702, , ,16.011286, ,4.856267, , ,9.127986,4.702583,5.545951,15.899565,13.273802, ,22.770707, ,15.490400,3.229330, ,30.702606, ,21.378625, ,0.857493, , ,19.331441,21.003487,3.122630,3.212743,2.429402,6.304831,2.462214,4.759480,5.806394,4.919986, ,5.494153,0.900337, , ,3.047439,6.356887,7.455483,10.634609,2.119587,6.591518,5.125999,3.187953,6.899357,5.119934,2.822121,2.687001,6.615659,1.333333,4.778222,1.353358,3.929377,4.864436,8.897615,13.167584,4.548434,11.668042,21.878168, ,6.304760, , ,5.688028,5.901076, ,8.641706, ,16.773771, ,17.650034,7.659246,4.446031,6.778941,9.013878, ,5.700068,8.031844,4.940558,2.681093,6.384122, ,7.400901,5.469303,5.731588,8.569024,5.967879
    Mean ISI within Burst - Avg (sec), , ,0.016649,0.017845, ,0.005324, ,0.009776,0.014703,0.020143, , ,0.013699,0.011252, ,0.011947, ,0.026898, , ,0.010862,0.013233,0.006857,0.004858, ,0.011559,0.021071, ,0.011420,0.011538, ,0.010345,0.013405, , ,0.010358,0.025033,0.013385,0.006848,0.011205,0.011555, , , ,0.010792,0.008222, ,0.013760,0.013583,0.011887,0.022948,0.008640,0.009594,0.015457,0.012744,0.011990, ,0.012317,0.029259,0.006134,0.004818,0.013744,0.013175, ,0.009520,0.008052,0.015051, ,0.010718,0.010660,0.013590,0.010517,0.006173, ,0.005536,0.011229,0.008748,0.010673,0.007374, ,0.013523, ,0.013726,0.014037,0.016766,0.008835, ,0.014255,0.009812,0.006638,0.005750,0.007601,0.005529,0.005979,0.009695,0.008742,0.009683, ,0.012506, , , , , , ,0.014233,0.012927,0.008250,0.013214, ,0.009701,0.010669,0.011316,0.006873,0.005119,0.015344, ,0.010674,0.006347,0.007451,0.012936, ,0.009546,0.005409, ,0.010722,0.016018,0.008524,0.008853,0.009621, , ,0.009930,0.007037,0.007749,0.009725,0.007501,0.008623, ,0.015139,0.008718,0.008423, ,0.006203,0.006080, ,0.019476,0.017407,0.006409, , ,0.016918, ,0.012166,0.006257,0.018633,0.011088,0.011083,0.006744,0.027431,0.010538,0.004953,0.017890,0.007480, ,0.010632,0.010472,0.012420,0.013399,0.007256,0.005426,0.011777,0.009543,0.013830,0.015220,0.007548,0.005056,0.008384,0.006731, ,0.006645,0.006118,0.038570,0.007844,0.009738,0.009084,0.012075, , ,0.013875,0.005165,0.006557,0.009009,0.007226,0.006184,0.006758,0.011204, ,0.007533,0.007993,0.009223,0.010147,0.015619, ,0.008153,0.010947,0.006334,0.006065,0.011665,0.010835,0.008706,0.006272,0.007740,0.010178,0.010258, ,0.006052, ,0.007662,0.006182,0.007070,0.019123,0.007111,0.005776,0.009965,0.010235, , ,0.014521,0.012147, ,0.012994,0.013364,0.009177,0.025660,0.007898,0.013779,0.018768, ,0.010585,0.010965,0.014137,0.013691,0.005929,0.006430,0.008281,0.006909,0.015762, ,0.008540,0.010215,0.004142, ,0.005704,0.006817,0.009104,0.008903,0.008111,0.012114,0.009916, ,0.007043,0.011869,0.008049,0.012177,0.019589,0.006562,0.009211,0.007725, ,0.011177,0.007134, ,0.010807,0.009187, ,0.009378,0.006670,0.007699,0.012418,0.008144, , , ,0.008520,0.010892,0.009359,0.010945,0.007901,0.018857,0.008014, ,0.021701,0.012538,0.031135,0.014028,0.017735,0.011387, ,0.011363,0.012867,0.015254,0.011505,0.018038,0.014470,0.009090,0.017360,0.010526,0.006604,0.008378,0.011760,0.009423,0.011932,0.009359, ,0.011567,0.015559,0.009907,0.013024,0.008455,0.008477, ,0.018446,0.010125,0.012589,0.008834,0.010118,0.009795,0.014981,0.008548,0.009207, ,0.014335,0.009866,0.006180, ,0.009710,0.008799,0.005013,0.010498,0.006039,0.014947, ,0.011713,0.010248,0.010174,0.009483,0.015601,0.009416,0.006351,0.008425,0.013137,0.012164,0.007735,0.010019,0.007266,0.006992,0.012528, ,0.007077,0.010357,0.009113,0.008803, ,0.008591,0.010929,0.005670, ,0.010043,0.011227,0.009883,0.008481,0.009217,0.007334,0.012736,0.010302,0.015941,0.011545,0.007533,0.007611,0.015649,0.010638,0.011109,0.008246,0.012708, ,0.006217, ,0.008651,0.013109,0.011854,0.011682, ,0.014714,0.088258, , ,0.009199,0.013004,0.010342,0.015733,0.015415,0.013020,0.154133,0.016969,0.007771,0.013577,0.008905,0.012612, ,0.010411,0.027550,0.008726,0.017630,0.012490,0.042947,0.010047,0.009569, ,0.009962,0.011484,0.011338, ,0.012559, ,0.012639,0.008437,0.009130,0.011510,0.008795, , , , ,0.010444,0.014200, ,0.012271,0.012380, ,0.013222,0.009624,0.006512,0.009185,0.006017,0.011606, ,0.008681,0.006996,0.005892, ,0.009297,0.009217, ,0.008271,0.012215, ,0.012146, , ,0.010211,0.038822,0.007674,0.007440,0.013882,0.017640,0.009832,0.013941,0.008335,0.016820,0.009606,0.019776,0.015818,0.007916,0.008859,0.010802,0.008347,0.006509,0.010214,0.007558,0.008306,0.009061,0.008301,0.006066,0.010082,0.006616,0.006055,0.006653,0.011322,0.013156,0.008626,0.010725,0.011469,0.006450,0.008735,0.008144,0.008345, ,0.008717,0.009874, ,0.010655,0.006717,0.009507,0.011190,0.010328,0.011092,0.011190,0.010964,0.006736,0.007875,0.018879,0.008452, ,0.011398,0.010108,0.006627, , ,0.008988,0.016206,0.008573,0.012123,0.008319, ,0.010070,0.008261, ,0.013691,0.013662,0.012457,0.007839,0.011780,0.008654,0.007293, ,0.009004,0.024602,0.009221,0.007913,0.007967,0.007595,0.007475,0.006511,0.010514,0.009897,0.021693,0.009621,0.011043,0.014518,0.010685,0.010073,0.011228,0.012018,0.015433, ,0.012928,0.011748,0.011570,0.006863,0.009880,0.008958,0.007206,0.015358,0.009107,0.013627,0.006556,0.011857,0.011191,0.017080,0.015111,0.007497,0.012518, ,0.010415,0.005762, ,0.012184,0.012045,0.005762,0.008593,0.037489, ,0.019698, ,0.010446,0.008852,0.014117,0.007319,0.009210,0.009478,0.008510,0.006489, ,0.006318,0.006531,0.005735,0.005922, , ,0.006310, ,0.008274,0.006171,0.009253,0.009070,0.008881,0.007450,0.010515,0.007954,0.005956,0.006500,0.012957,0.009376, ,0.007840,0.009208,0.006428,0.008146,0.053834,0.011448,0.015623,0.008307,0.008543,0.008669,0.013604,0.010829,0.008495,0.009475,0.008655,0.020227,0.037147,0.010651, , ,0.006016,0.011019,0.009665,0.010637,0.009617,0.024015, ,0.010636,0.009882,0.012837,0.009281,0.016557,0.007493,0.010162,0.009811,0.009962,0.011415,0.017641,0.015081,0.014402,0.010192, ,0.008600,0.010941,0.017311,0.019613,0.013049,0.011536,0.019272,0.014719,0.018256,0.018130,0.071574,0.008880,0.010543,0.012925,0.011986, ,0.013628,0.011631,0.017129,0.012252, , ,0.006619, ,0.024575, , ,0.008937,0.020729,0.014735,0.006763,0.010480, ,0.007499,0.007493,0.006886,0.017187, ,0.017784, ,0.010072, ,0.012515, , ,0.010550,0.011838,0.010597,0.010312,0.012191,0.009065,0.026740,0.009128,0.011449,0.012977, ,0.009039,0.021216, , ,0.010055,0.008006,0.009801,0.009890,0.013822,0.007695,0.006549,0.008273,0.008441,0.006973,0.009552,0.008526,0.006101,0.013814,0.015012,0.011355,0.010677,0.008437,0.006243,0.008735,0.013154,0.010910,0.008047, ,0.010253, , ,0.008172,0.011386, ,0.013350, ,0.005753, ,0.018237,0.007347,0.013546,0.010101,0.044508, ,0.009631,0.010743,0.010144,0.009451,0.008516, ,0.014965,0.007646,0.007738,0.010055,0.009136
    Mean ISI within Burst - Std (sec), , ,0.004548,0.006009, ,0.001802, ,0.002465,0.003727,0.002726, , ,0.003793,0.002443, ,0.002997, ,0.014403, , ,0.004637,0.002623,0.000918,0.000663, ,0.002988,0.004002, ,0.002157,0.000789, ,0.002567,0.002385, , ,0.003299,0.020462,0.001882,0.001400,0.002083,0.002222, , , ,0.002941,0.002092, ,0.002273,0.004223,0.002307,0.007028, ,0.002251,0.004822,0.005059,0.002262, ,0.005189,0.003256,0.000997,0.000646,0.003214,0.003419, ,0.001463,0.001607,0.004153, ,0.004090,0.002441,0.002820,0.002589,0.001213, ,0.001504,0.002475,0.002685,0.002646,0.001610, ,0.004760, ,0.003418,0.007202,0.002886,0.002489, ,0.004807,0.004440,0.001312,0.002141,0.002153,0.001907,0.001490,0.004997,0.002154,0.002682, ,0.004256, , , , , , ,0.006762,0.003053,0.001575,0.002824, ,0.002006,0.002436,0.002889,0.001798,0.001194,0.003846, ,0.001806,0.003435,0.001877,0.004239, ,0.003112,0.000965, ,0.003688,0.004257,0.005275,0.004646,0.002713, , ,0.004999,0.001844,0.005034,0.005666,0.005014,0.006494, ,0.007440,0.005326,0.005283, ,0.002482,0.003434, ,0.004772,0.008400,0.002666, , ,0.004783, ,0.003687,0.002026,0.010324,0.003721,0.003400,0.004272,0.032222,0.002580,0.001518,0.007804,0.003976, ,0.003016,0.002649,0.005451,0.006598,0.002617,0.001352,0.007137,0.005698,0.010366, ,0.003129,0.001261,0.002932,0.002415, ,0.002385,0.002345,0.040150,0.003326,0.003801,0.002908,0.006743, , ,0.011302,0.002278,0.001280,0.003582,0.005186,0.001669,0.001831,0.002176, ,0.002076,0.004931,0.007278,0.010582,0.008094, ,0.003962,0.008212,0.004992,0.002370,0.006159,0.003644,0.002214,0.001874,0.002782,0.004104,0.003247, ,0.001284, ,0.001697,0.001610,0.002485,0.006955,0.002956,0.002449,0.003114,0.002943, , ,0.006387,0.007062, ,0.007795,0.005779,0.006479, ,0.002635,0.008314,0.005857, ,0.006030,0.007811,0.008848,0.009018,0.002321,0.003864,0.006155,0.005096,0.002759, ,0.005608,0.007348,0.000326, ,0.002752,0.002935,0.002537,0.002527,0.004373,0.003075,0.009165, ,0.002495,0.010344,0.002514,0.007528,0.016702,0.003773,0.005511,0.004644, ,0.003963,0.002111, ,0.004303,0.002855, ,0.002488,0.002206,0.002961,0.005952,0.002201, , , ,0.003045,0.005926,0.003697,0.003174,0.003969,0.013902,0.003470, ,0.019190,0.010539,0.010925,0.012926,0.004235,0.003816, ,0.005065,0.009327,0.009395,0.005065,0.009105,0.007414,0.002674,0.002263,0.004184,0.002259,0.002723,0.003718,0.003981,0.002697,0.002300, ,0.003955,0.010484,0.003968,0.006299,0.002600,0.003379, ,0.006699,0.004314,0.004799,0.002614,0.003394,0.004009,0.002628,0.002433,0.002875, ,0.007452,0.003524,0.002065, ,0.004730,0.004525, ,0.003622,0.002043,0.013774, ,0.006913,0.004289,0.003677,0.005129,0.019837,0.003581,0.002249,0.003043,0.013259,0.004249,0.003833,0.005540,0.003439,0.003057,0.002892, ,0.003320,0.004878,0.004825,0.004076, ,0.004545,0.005531,0.002083, ,0.005189,0.004248,0.003312,0.003648,0.003906,0.003781, ,0.004982,0.002065,0.004762,0.002316,0.004252,0.011539,0.004818,0.005808,0.004541,0.006934, ,0.003035, ,0.003528,0.003911,0.002973,0.004915, ,0.006333, , , ,0.003338,0.002064,0.002636, ,0.009722,0.010231, ,0.005353,0.002625,0.009158,0.005013,0.003557, ,0.003849,0.015176,0.003427,0.017517,0.003579,0.047574,0.002679,0.002366, ,0.005275,0.003652,0.003611, ,0.004950, ,0.002304,0.002790,0.003487,0.004879,0.003367, , , , ,0.002680,0.007962, ,0.002753,0.003301, ,0.007282,0.003143,0.002714,0.003763,0.001702,0.004774, ,0.002778,0.003386,0.002141, ,0.006827,0.004675, ,0.002126,0.007535, ,0.010347, , ,0.007947,0.010366,0.003843,0.002646,0.005328,0.004581,0.004574,0.006963,0.004112,0.003311,0.004480,0.007265,0.005129,0.003330,0.004226,0.008125,0.003234,0.002823,0.002231,0.003568,0.004040,0.003257,0.003500,0.002355,0.005651,0.003528,0.002098,0.003201,0.005726,0.011832,0.003402,0.006917,0.008329,0.003605,0.003570,0.003385,0.003751, ,0.006577,0.005597, ,0.001590,0.003043,0.002393,0.001686,0.003220,0.004634,0.004671,0.009554,0.002960,0.004791,0.013709,0.003031, ,0.006572,0.004108,0.002384, , ,0.004143,0.005009,0.003561,0.005296,0.004226, ,0.005057,0.003374, ,0.006280,0.006113,0.007229,0.004115,0.007371,0.002806,0.004047, ,0.006490,0.008147,0.006634,0.004850,0.004897,0.003267,0.004317,0.003070,0.004378,0.004366,0.010080,0.005015,0.004643,0.006017,0.003412,0.004294,0.004628,0.004012,0.004720, ,0.006628,0.003757,0.003982,0.001931,0.004666,0.002210,0.002505,0.009491,0.002943, ,0.001742,0.005254,0.004558,0.007876,0.000307,0.002356,0.003493, ,0.002017,0.001472, ,0.005004,0.006356,0.002191,0.003469,0.017661, ,0.010113, ,0.006013,0.004459,0.005348,0.004662,0.005152,0.003562,0.002379,0.002787, ,0.002744,0.002183,0.001456,0.002300, , ,0.002585, ,0.001770,0.001937,0.002393,0.003556,0.006435,0.002158,0.009670,0.002923,0.002375,0.002265,0.009874,0.003653, ,0.002374,0.003881,0.002530,0.002711,0.057254,0.005014,0.009690,0.002513,0.006432,0.004010,0.005695,0.004810,0.003780,0.004512,0.004987,0.000321, ,0.004805, , ,0.002350,0.005895,0.004038,0.007069,0.004967,0.013579, ,0.005367,0.004898,0.008087,0.010184,0.009024, ,0.003030,0.006545,0.002633,0.002856,0.005768,0.004479,0.007258,0.004665, ,0.005321,0.006083,0.007973,0.006554,0.008773,0.007206,0.012783,0.012342,0.017846,0.009729,0.055653,0.005013,0.003626,0.007560,0.012623, ,0.005133,0.004878,0.014458,0.005275, , ,0.002566, ,0.016308, , ,0.002651,0.003584,0.009298,0.002530,0.004472, ,0.002103, ,0.002453,0.009731, ,0.007647, ,0.003637, ,0.004466, , ,0.003762,0.007194,0.003798,0.004633,0.004814,0.003810,0.011718,0.003533,0.003938,0.004092, ,0.003647,0.007308, , ,0.003583,0.002673,0.002445,0.003512,0.005348,0.003767,0.002720,0.002971,0.003747,0.002805,0.002980,0.003583,0.002248,0.006982,0.006434,0.008902,0.009465,0.004328,0.002977,0.004692,0.010852,0.004984,0.002344, ,0.004965, , ,0.005131,0.010280, ,0.008666, ,0.002328, ,0.008087,0.003938,0.009839,0.005164,0.021086, ,0.005083,0.005901,0.005805,0.004239,0.004498, ,0.006600,0.004076,0.004372,0.005187,0.003735
    Median ISI within Burst - Avg (sec), , ,0.013751,0.010773, ,0.003605, ,0.008317,0.012939,0.019084, , ,0.011109,0.008975, ,0.009995, ,0.018307, , ,0.008502,0.011781,0.005572,0.003554, ,0.009663,0.015800, ,0.008841,0.009500, ,0.008822,0.012428, , ,0.007102,0.014400,0.012093,0.005234,0.009200,0.010641, , , ,0.008542,0.006646, ,0.012740,0.011472,0.010165,0.017133,0.008720,0.008128,0.012080,0.009537,0.010363, ,0.009806,0.025027,0.004433,0.003488,0.011585,0.011434, ,0.008669,0.006710,0.012432, ,0.009432,0.008164,0.011989,0.008625,0.004706, ,0.004005,0.010099,0.006876,0.007519,0.005770, ,0.010767, ,0.012137,0.010280,0.016129,0.007213, ,0.011951,0.007380,0.005165,0.004172,0.006397,0.004329,0.004467,0.007836,0.006698,0.008045, ,0.009739, , , , , , ,0.009948,0.010892,0.007778,0.012359, ,0.008225,0.008714,0.009353,0.004982,0.003717,0.014345, ,0.009928,0.004947,0.005002,0.010884, ,0.006676,0.004129, ,0.009584,0.014913,0.006121,0.006723,0.007892, , ,0.007264,0.005863,0.005302,0.007292,0.005675,0.007565, ,0.012528,0.006823,0.007076, ,0.004857,0.004510, ,0.015854,0.014179,0.005085, , ,0.014231, ,0.010206,0.004526,0.014540,0.008883,0.008819,0.005181,0.015600,0.008249,0.005260,0.013005,0.005560, ,0.008661,0.008043,0.009434,0.010093,0.005307,0.004196,0.009141,0.007050,0.010710,0.010160,0.005366,0.003679,0.006680,0.004799, ,0.004708,0.004639,0.041180,0.005972,0.010080,0.007095,0.009458, , ,0.011000,0.003626,0.005005,0.006960,0.005040,0.004480,0.005416,0.007973, ,0.005443,0.005784,0.007065,0.007896,0.010812, ,0.006816,0.008572,0.004612,0.004899,0.010000,0.008132,0.006538,0.004292,0.006407,0.008229,0.008747, ,0.004186, ,0.006452,0.004510,0.005103,0.013612,0.004749,0.004041,0.008996,0.009058, , ,0.011501,0.008724, ,0.010018,0.009004,0.007154,0.028440,0.006654,0.010686,0.015659, ,0.008561,0.009594,0.010814,0.010039,0.004651,0.004557,0.005266,0.004654,0.014610, ,0.006155,0.007994,0.003440, ,0.004441,0.006650,0.008215,0.007721,0.005400,0.009689,0.007622, ,0.005316,0.008926,0.006544,0.011760,0.011590,0.004680,0.005395,0.005531, ,0.009826,0.005825, ,0.007923,0.007598, ,0.007645,0.004410,0.005462,0.009864,0.006422, , , ,0.005755,0.007379,0.006788,0.009131,0.006305,0.011806,0.005716, ,0.014840,0.009467,0.021380,0.009699,0.014537,0.009669, ,0.008712,0.008475,0.010706,0.009422,0.012075,0.010484,0.006901,0.011580,0.008255,0.004931,0.006253,0.010700,0.007922,0.010632,0.008181, ,0.009409,0.011765,0.007605,0.009130,0.006193,0.005004, ,0.016994,0.007492,0.011664,0.007021,0.008258,0.006540,0.014191,0.006405,0.007079, ,0.011899,0.007245,0.003920, ,0.007403,0.006065,0.004880,0.008577,0.004185,0.010609, ,0.009077,0.008221,0.008275,0.007067,0.013870,0.007094,0.004801,0.006130,0.007733,0.011638,0.005731,0.008469,0.005669,0.005340,0.010069, ,0.005409,0.008325,0.007130,0.007392, ,0.005990,0.008921,0.004331, ,0.008502,0.009542,0.007836,0.006452,0.006825,0.004392,0.010800,0.007301,0.015233,0.010167,0.005973,0.005318,0.011266,0.009404,0.008233,0.005987,0.009461, ,0.003756, ,0.006089,0.011437,0.010394,0.008083, ,0.008923,0.052400, , ,0.006744,0.012077,0.008398,0.012960,0.009826,0.008625,0.081080,0.012880,0.006611,0.010711,0.006803,0.009708, ,0.008390,0.016577,0.006419,0.011266,0.010947,0.033140,0.008153,0.008059, ,0.006214,0.009162,0.010769, ,0.010713, ,0.011309,0.006014,0.006361,0.009704,0.006787, , , , ,0.008567,0.010173, ,0.010875,0.011438, ,0.010281,0.008068,0.004778,0.006523,0.004680,0.009538, ,0.007396,0.005424,0.004163, ,0.006456,0.006062, ,0.006697,0.009335, ,0.008242, , ,0.007711,0.027058,0.005649,0.005810,0.010746,0.015480,0.006700,0.011339,0.006083,0.015347,0.005909,0.014380,0.011487,0.005826,0.006052,0.007254,0.006484,0.004693,0.008947,0.005042,0.006205,0.007086,0.006615,0.004388,0.007149,0.004784,0.004212,0.004258,0.008115,0.009134,0.007058,0.008096,0.008129,0.004704,0.007294,0.006372,0.005960, ,0.006034,0.007263, ,0.010200,0.004652,0.007635,0.010355,0.009880,0.007930,0.007682,0.007348,0.005014,0.005612,0.012871,0.006375, ,0.009289,0.008276,0.004612, , ,0.007341,0.013784,0.007005,0.008504,0.004223, ,0.008464,0.005673, ,0.010631,0.010862,0.009577,0.005614,0.007758,0.007732,0.005819, ,0.006482,0.017520,0.007080,0.005346,0.005861,0.005640,0.005382,0.004764,0.007143,0.007482,0.013514,0.006293,0.008835,0.011039,0.007920,0.007242,0.009182,0.010052,0.012836, ,0.010546,0.010109,0.008475,0.004987,0.007735,0.006806,0.005519,0.011944,0.007202,0.013200,0.004955,0.009227,0.008458,0.012643,0.011960,0.005757,0.012428, ,0.010120,0.004261, ,0.010524,0.009054,0.004230,0.006239,0.012980, ,0.012246, ,0.006873,0.006230,0.011375,0.005559,0.006364,0.008139,0.007352,0.004654, ,0.004553,0.005087,0.004574,0.004546, , ,0.004806, ,0.007354,0.004341,0.007659,0.006358,0.006529,0.005476,0.008326,0.006393,0.004180,0.004388,0.009100,0.006662, ,0.006193,0.007044,0.004662,0.006719,0.018960,0.008918,0.011449,0.006926,0.005613,0.005527,0.008914,0.007320,0.007028,0.005787,0.006231,0.018040,0.037200,0.008008, , ,0.003853,0.008185,0.007305,0.008335,0.007388,0.014796, ,0.007717,0.007405,0.009264,0.008021,0.009630,0.006000,0.007991,0.006718,0.007800,0.010195,0.013556,0.011773,0.009015,0.007929, ,0.005547,0.008340,0.012400,0.015495,0.010365,0.008250,0.013647,0.011163,0.014297,0.014714,0.039290,0.005452,0.008165,0.010439,0.007735, ,0.009596,0.009446,0.012526,0.009647, , ,0.004640, ,0.018200, , ,0.006872,0.018051,0.011201,0.004563,0.006892, ,0.006568,0.006320,0.005104,0.012365, ,0.015227, ,0.007675, ,0.009949, , ,0.008132,0.009621,0.008425,0.007102,0.010031,0.006408,0.021312,0.007064,0.009352,0.011145, ,0.006838,0.018063, , ,0.007929,0.005787,0.008051,0.007791,0.010675,0.005054,0.004797,0.006529,0.006040,0.004906,0.008103,0.006375,0.004276,0.011991,0.009257,0.009292,0.006960,0.006383,0.004452,0.006114,0.010233,0.008298,0.006291, ,0.007276, , ,0.004879,0.007945, ,0.008041, ,0.003757, ,0.011800,0.004990,0.008514,0.006331,0.026724, ,0.005682,0.008670,0.007811,0.007849,0.005369, ,0.011870,0.004715,0.005056,0.006754,0.006784
    Median ISI within Burst - Std (sec), , ,0.004386,0.002046, ,0.000836, ,0.001888,0.003557,0.003066, , ,0.003539,0.002420, ,0.002623, ,0.003783, , ,0.002173,0.002637,0.001205,0.000423, ,0.002906,0.005103, ,0.002210,0.001047, ,0.002624,0.002071, , ,0.002644,0.001260,0.001967,0.001463,0.002006,0.002604, , , ,0.002291,0.002158, ,0.002215,0.005218,0.002241,0.003245, ,0.001906,0.006783,0.004162,0.002002, ,0.003534,0.003131,0.001026,0.000372,0.002579,0.003261, ,0.001255,0.001353,0.004193, ,0.003254,0.002562,0.001352,0.002353,0.001117, ,0.001146,0.002795,0.002679,0.002430,0.001547, ,0.004778, ,0.004197,0.006848,0.004242,0.002258, ,0.004351,0.003431,0.001100,0.001403,0.001879,0.002139,0.001313,0.004561,0.001928,0.002224, ,0.003060, , , , , , ,0.003706,0.002326,0.001611,0.002875, ,0.002326,0.001355,0.002638,0.001358,0.000609,0.004682, ,0.002608,0.002752,0.001271,0.002587, ,0.003054,0.000644, ,0.003960,0.003595,0.004612,0.002704,0.002320, , ,0.003624,0.001343,0.002016,0.004698,0.004515,0.005400, ,0.006606,0.004736,0.004746, ,0.002151,0.001703, ,0.003970,0.005989,0.001690, , ,0.003877, ,0.002940,0.001610,0.007560,0.002268,0.002733,0.003411,0.011270,0.002188,0.001838,0.004752,0.002079, ,0.002439,0.001764,0.003762,0.004336,0.001795,0.001319,0.004742,0.003704,0.007167, ,0.002174,0.000923,0.002127,0.001730, ,0.001625,0.001495,0.046188,0.002533,0.005212,0.002512,0.003956, , ,0.008690,0.001695,0.000788,0.002841,0.003988,0.001151,0.001634,0.003021, ,0.001639,0.002160,0.002070,0.008950,0.005042, ,0.003144,0.006519,0.003704,0.001677,0.005316,0.003133,0.001688,0.001252,0.002065,0.003394,0.002527, ,0.000886, ,0.001738,0.001353,0.002099,0.003336,0.001366,0.001481,0.003485,0.003528, , ,0.004062,0.004119, ,0.005586,0.003311,0.005418, ,0.002198,0.005533,0.003741, ,0.004345,0.007495,0.007112,0.006163,0.001795,0.001988,0.002768,0.002448,0.003210, ,0.003589,0.005574,0.000212, ,0.002141,0.002971,0.002872,0.001771,0.002697,0.002290,0.005306, ,0.001818,0.005343,0.002103,0.008372,0.009239,0.001964,0.002546,0.004249, ,0.004549,0.001903, ,0.002886,0.002682, ,0.001977,0.001384,0.002448,0.004901,0.001890, , , ,0.001997,0.003527,0.002846,0.002982,0.002612,0.004296,0.001827, ,0.007681,0.005094,0.003970,0.003088,0.002793,0.002414, ,0.003499,0.004032,0.005030,0.003317,0.003751,0.005089,0.001614,0.002404,0.003000,0.001825,0.002337,0.003544,0.003288,0.002204,0.001987, ,0.003103,0.007596,0.002713,0.003984,0.002161,0.001210, ,0.007097,0.002675,0.004918,0.002082,0.003001,0.002387,0.001764,0.002086,0.002209, ,0.004515,0.002063,0.000824, ,0.003018,0.002459, ,0.003209,0.001117,0.005581, ,0.003667,0.003188,0.002825,0.003410,0.022121,0.002381,0.001582,0.002054,0.004109,0.003477,0.002884,0.004509,0.002742,0.002091,0.001954, ,0.002141,0.003228,0.003334,0.003083, ,0.002923,0.004169,0.001761, ,0.004102,0.003023,0.002150,0.002626,0.002521,0.001538, ,0.003492,0.001738,0.005031,0.002250,0.002307,0.005781,0.004215,0.002959,0.002918,0.003439, ,0.000785, ,0.002051,0.002230,0.002751,0.003310, ,0.004056, , , ,0.001919,0.002074,0.002292, ,0.005163,0.004617, ,0.003411,0.002430,0.005390,0.003273,0.002358, ,0.002790,0.006003,0.002602,0.006196,0.002489,0.038834,0.002742,0.002487, ,0.002278,0.002906,0.003077, ,0.003882, ,0.001825,0.002300,0.002205,0.002910,0.002736, , , , ,0.002434,0.004850, ,0.002369,0.002269, ,0.004329,0.002464,0.001896,0.002422,0.001374,0.003465, ,0.001832,0.002159,0.001671, ,0.001731,0.002510, ,0.002237,0.004033, ,0.006490, , ,0.005666,0.011784,0.002763,0.001982,0.004274,0.005002,0.002438,0.004109,0.001896,0.003138,0.002614,0.003782,0.003099,0.002333,0.002077,0.004163,0.001482,0.001643,0.002164,0.001745,0.002837,0.002578,0.002753,0.001815,0.002385,0.001997,0.001034,0.001578,0.003529,0.005392,0.002605,0.003718,0.003706,0.002807,0.003100,0.002455,0.002198, ,0.002204,0.002411, ,0.001832,0.001659,0.002041,0.001209,0.002596,0.003056,0.002505,0.003883,0.002156,0.003140,0.007380,0.002359, ,0.004275,0.003206,0.001713, , ,0.003631,0.003912,0.003555,0.005165,0.001324, ,0.004333,0.002192, ,0.004544,0.003819,0.003887,0.002200,0.002502,0.002694,0.002654, ,0.004341,0.003582,0.004675,0.002504,0.003481,0.001991,0.002581,0.001861,0.002693,0.003364,0.003363,0.002419,0.002951,0.003493,0.002769,0.003179,0.003061,0.003570,0.003141, ,0.004103,0.003453,0.002944,0.001193,0.002391,0.002454,0.001722,0.005429,0.002664, ,0.001240,0.003591,0.003511,0.002432,0.001527,0.001554,0.004661, ,0.001805,0.000893, ,0.003901,0.003726,0.001061,0.002491,0.004698, ,0.006842, ,0.002481,0.002370,0.004353,0.002418,0.002516,0.003003,0.001596,0.001743, ,0.001879,0.001919,0.000933,0.002089, , ,0.001931, ,0.001455,0.001345,0.002202,0.003209,0.002802,0.001514,0.004221,0.002199,0.001421,0.001457,0.005610,0.002245, ,0.001782,0.002649,0.001856,0.002289,0.004157,0.003476,0.002261,0.002307,0.003666,0.001834,0.003043,0.002963,0.004117,0.002520,0.003390,0.002998, ,0.003793, , ,0.001191,0.003370,0.002710,0.006882,0.003580,0.005958, ,0.003631,0.003410,0.005137,0.009200,0.003787, ,0.002363,0.002721,0.001075,0.002684,0.003810,0.002504,0.003712,0.002129, ,0.002791,0.003351,0.005588,0.005491,0.006066,0.003668,0.006747,0.007752,0.012403,0.007308,0.022516,0.001802,0.003583,0.004232,0.007615, ,0.003415,0.003531,0.007144,0.003574, , ,0.001732, ,0.010029, , ,0.002291,0.003441,0.004819,0.001627,0.002361, ,0.002018, ,0.001735,0.004583, ,0.008191, ,0.002952, ,0.003456, , ,0.002601,0.005420,0.002908,0.002741,0.004028,0.001969,0.011044,0.002548,0.003354,0.003604, ,0.002712,0.003144, , ,0.002610,0.001702,0.001824,0.002891,0.004595,0.001944,0.001925,0.001883,0.002759,0.001699,0.002867,0.002725,0.001125,0.004124,0.003497,0.006603,0.002448,0.003082,0.001651,0.003210,0.008142,0.003643,0.001469, ,0.003319, , ,0.001865,0.005036, ,0.004955, ,0.000846, ,0.003775,0.001713,0.003287,0.002599,0.013308, ,0.002187,0.004493,0.003030,0.004187,0.002346, ,0.005434,0.001234,0.002234,0.002913,0.001901
    Median/Mean ISI within Burst, , ,0.835104,0.649638, ,0.690387, ,0.859237,0.885751,0.947689, , ,0.815953,0.797245, ,0.845020, ,0.783162, , ,0.831094,0.893771,0.809810,0.738096, ,0.837853,0.756510, ,0.776882,0.822188, ,0.854776,0.934144, , ,0.697594,0.805420,0.904071,0.761914,0.824474,0.922822, , , ,0.810611,0.805957, ,0.931366,0.836192,0.860737,0.775631,1.009259,0.854053,0.815431,0.762483,0.872675, ,0.816410,0.859208,0.724262,0.730589,0.851998,0.873798, ,0.915231,0.837283,0.827461, ,0.892458,0.767695,0.915359,0.826975,0.766654, ,0.730210,0.898744,0.785140,0.713852,0.787438, ,0.794754, ,0.870826,0.694381,0.951571,0.817812, ,0.845449,0.757426,0.782746,0.740235,0.844160,0.762057,0.751909,0.794969,0.765286,0.838031, ,0.795139, , , , , , ,0.743158,0.853612,0.944764,0.940775, ,0.845468,0.839750,0.838879,0.731016,0.743750,0.932833, ,0.925810,0.779674,0.687663,0.856246, ,0.701457,0.771986, ,0.885483,0.938980,0.709094,0.809344,0.827367, , ,0.760879,0.851511,0.754165,0.747287,0.753400,0.900225, ,0.838079,0.766499,0.842637, ,0.793755,0.776784, ,0.822796,0.844398,0.812514, , ,0.851814, ,0.860162,0.728776,0.792158,0.831317,0.810295,0.768822,0.777084,0.790250,1.054557,0.765243,0.778661, ,0.828250,0.779515,0.782666,0.769513,0.765491,0.777592,0.810012,0.764900,0.817049,0.667543,0.728732,0.738396,0.816996,0.730549, ,0.725740,0.777223,0.969842,0.779219,0.987120,0.792784,0.813449, , ,0.812612,0.735723,0.773059,0.786093,0.722094,0.741207,0.806616,0.700633, ,0.746307,0.776878,0.874507,0.777292,0.737058, ,0.861854,0.795495,0.751626,0.823318,0.884932,0.758621,0.765932,0.698638,0.851761,0.818954,0.868442, ,0.709131, ,0.843619,0.738105,0.727918,0.748061,0.706132,0.719387,0.902990,0.879542, , ,0.819651,0.768857, ,0.798324,0.715552,0.780066,1.108340,0.856997,0.830524,0.856896, ,0.856574,0.849379,0.782368,0.780142,0.806775,0.736111,0.726716,0.745797,0.928579, ,0.743170,0.801032,0.836346, ,0.800963,0.972843,0.900958,0.884311,0.708952,0.840863,0.834162, ,0.770114,0.827114,0.822384,0.931213,0.694268,0.754959,0.653865,0.721267, ,0.891970,0.822235, ,0.764194,0.834116, ,0.827866,0.689128,0.723554,0.798626,0.797710, , , ,0.700160,0.720842,0.742218,0.836008,0.824348,0.737061,0.746221, ,0.766872,0.824626,0.733907,0.852159,0.834733,0.868852, ,0.788393,0.739994,0.784319,0.845719,0.728792,0.755537,0.783106,0.663663,0.802969,0.750788,0.756855,0.908352,0.850827,0.896556,0.885791, ,0.825551,0.799488,0.798288,0.740578,0.744123,0.645682, ,0.907932,0.765903,0.915672,0.810251,0.827697,0.702233,0.956653,0.758461,0.786451, ,0.868911,0.762447,0.673322, ,0.805095,0.744948,0.973404,0.823160,0.725950,0.826000, ,0.820735,0.821906,0.824642,0.763913,0.825449,0.778477,0.769552,0.747406,0.703771,0.968566,0.756316,0.857483,0.785847,0.783733,0.830209, ,0.796523,0.825378,0.800495,0.859349, ,0.732682,0.838633,0.769414, ,0.873094,0.870790,0.813977,0.776774,0.763571,0.661112,0.847990,0.752710,0.963963,0.856077,0.790986,0.746450,0.815406,0.896787,0.793618,0.760339,0.795017, ,0.685739, ,0.736255,0.891701,0.884523,0.729323, ,0.642530,0.593715, , ,0.766491,0.936282,0.818711,0.823729,0.724569,0.736579,0.526038,0.777887,0.857564,0.837167,0.801885,0.783619, ,0.841764,0.679408,0.744703,0.801448,0.901321,0.700788,0.812260,0.845470, ,0.684036,0.816805,0.959748, ,0.875871, ,0.905969,0.737895,0.718841,0.878990,0.784085, , , , ,0.834211,0.752781, ,0.898779,0.940249, ,0.832528,0.853805,0.752127,0.744601,0.790015,0.846072, ,0.875997,0.815439,0.714154, ,0.789610,0.709844, ,0.809941,0.863579, ,0.728422, , ,0.812569,0.681595,0.755260,0.797466,0.789528,0.875961,0.718123,0.866957,0.795639,0.920456,0.652865,0.776980,0.753354,0.753896,0.723970,0.739155,0.821984,0.752141,0.894044,0.708381,0.787028,0.815282,0.815129,0.747096,0.777991,0.763605,0.733366,0.690228,0.760916,0.817382,0.840517,0.822877,0.789211,0.746045,0.843386,0.807830,0.742967, ,0.757925,0.800048, ,0.958906,0.725477,0.814523,0.933962,0.978487,0.748393,0.748495,0.765806,0.759063,0.747406,0.760579,0.766303, ,0.846095,0.839588,0.709180, , ,0.816852,0.884049,0.808243,0.709051,0.580592, ,0.844532,0.729759, ,0.804938,0.836827,0.839183,0.758671,0.750436,0.904587,0.824322, ,0.733158,0.748014,0.802399,0.714166,0.755702,0.767048,0.754324,0.763918,0.707557,0.770189,0.687977,0.712091,0.832821,0.808267,0.749966,0.745272,0.841537,0.841279,0.853222, ,0.866508,0.868102,0.743627,0.745140,0.821103,0.758030,0.780650,0.835054,0.798648,0.968689,0.768472,0.799946,0.770367,0.808878,0.792686,0.781411,0.970142, ,0.975946,0.751825, ,0.888749,0.789557,0.767330,0.749023,0.404868, ,0.648098, ,0.735067,0.747231,0.842764,0.802954,0.758229,0.868423,0.886329,0.744632, ,0.745151,0.781751,0.811163,0.771242, , ,0.782985, ,0.904867,0.718875,0.835656,0.713194,0.822949,0.749646,0.873948,0.822595,0.725149,0.697336,0.761040,0.746922, ,0.801533,0.788000,0.740191,0.833035,0.609972,0.814076,0.823795,0.837147,0.713854,0.695361,0.705262,0.716049,0.818209,0.648880,0.745750,0.893179,1.001436,0.761336, , ,0.672572,0.786871,0.782220,0.764631,0.795169,0.717335, ,0.767395,0.776861,0.767134,0.851554,0.668729,0.800712,0.800715,0.758165,0.826095,0.894734,0.794398,0.814733,0.685751,0.828364, ,0.685608,0.809604,0.728169,0.798895,0.827387,0.760960,0.774220,0.801302,0.853257,0.835409,0.683666,0.691667,0.787171,0.860076,0.666926, ,0.740304,0.837489,0.810467,0.817277, , ,0.718771, ,0.771474, , ,0.773954,0.877107,0.814663,0.695671,0.709675, ,0.880450,0.843416,0.760798,0.777713, ,0.840514, ,0.771574, ,0.830108, , ,0.791799,0.840405,0.808017,0.729349,0.836220,0.752046,0.790575,0.792535,0.829447,0.868773, ,0.773093,0.888536, , ,0.806553,0.747243,0.833487,0.799075,0.782252,0.702384,0.761712,0.814725,0.732409,0.728935,0.857681,0.776943,0.740420,0.921715,0.644784,0.848758,0.796966,0.775707,0.750068,0.741236,0.818850,0.799825,0.808669, ,0.738870, , ,0.677076,0.769332, ,0.668111, ,0.703418, ,0.696390,0.740546,0.735125,0.673626,0.618983, ,0.659345,0.833348,0.828168,0.831838,0.683237, ,0.822079,0.693510,0.714538,0.723933,0.784309
    Inter-Burst Interval - Avg (sec), , ,9.901963,192.935720, ,7.192998, ,7.281858,11.401807,18.257455, , ,8.294197,7.106267, ,7.562109, ,112.076480, , ,5.448941,5.718443,4.997642,4.956085, ,13.253451,60.670240, ,18.257917,113.259040, ,5.718052,9.798704, , ,5.310361,54.971120,6.111274,4.537173,5.040359,13.164820, , , ,6.774388,4.683236, ,10.893117,27.604669,10.910579,77.290360, ,5.024930,81.632440,8.719389,4.940937, ,15.313924,29.786120,4.743357,4.860069,9.641743,13.092380, ,5.140376,5.140244,23.948369, ,4.411484,5.499025,74.208787,6.465735,5.140403, ,5.052400,7.175571,5.499184,8.945132,6.444731, ,23.652049, ,6.540600,89.784240,69.043470,5.405566, ,19.464412,6.404500,6.547156,6.335830,7.274301,5.611796,6.695958,4.751892,6.548178,4.570906, ,6.829885, , , , , , ,21.854573,10.420115,4.748094,18.702890, ,4.831267,36.362160,14.654862,5.091277,8.190797,70.849589, ,29.395806,6.570683,8.924374,11.204655, ,8.905346,8.924417, ,17.828449,13.852899,5.805303,12.283540,17.386635, , ,10.183782,12.635993,9.673660,8.286529,9.020650,15.603315, ,15.038615,8.489913,9.163837, ,10.496694,5.669328, ,7.348425,14.659358,6.137145, , ,7.730396, ,7.844253,5.511669,161.188427,14.084990,7.783985,5.779452,62.663813,6.991732,153.214800,11.320251,6.525899, ,7.341736,6.510950,20.165806,12.965055,7.513530,7.611022,10.782998,12.988427,96.190907, ,5.562947,8.714740,10.812559,9.896306, ,9.417565,9.896151,119.999120,13.017733,144.138440,15.627267,9.731901, , ,22.683520,8.847184,9.731021,11.566045,5.461736,9.362998,9.216680,146.627680, ,13.108060,9.074834,10.212366,8.426609,16.853310, ,53.231484,8.080305,8.804012,9.362883,76.099520,12.763822,11.264025,9.106214,13.452064,11.056238,11.167428, ,10.031866, ,12.866751,8.220380,10.204377,35.989511,8.967979,8.967788,28.845200,70.566910, , ,11.939261,12.324670, ,7.556864,9.032114,6.941685, ,11.263840,7.126733,21.907707, ,17.160671,8.473852,13.071488,10.244188,12.960915,10.102926,8.027004,8.462419,72.319280, ,13.400404,9.607355,210.050560, ,10.108991,158.853467,38.019477,18.971846,5.085541,44.398540,10.124167, ,8.264949,18.016285,8.501090,489.710560,20.787440,5.458837,6.683572,6.467627, ,19.748394,7.444480, ,8.504773,9.159866, ,10.090328,5.268549,5.512433,14.175211,8.504734, , , ,5.669946,11.119357,6.201511,10.631754,7.317354,15.324416,5.829009, ,43.747240,12.268640,55.058098,18.102634,16.931998,10.282682, ,10.399162,10.467866,12.825784,12.650146,10.969297,13.304034,10.468930,72.690400,8.212094,6.875540,5.607475,106.933552,8.211799,12.318375,12.146552, ,11.660717,25.349520,7.884022,11.660446,5.526120,3.923028, ,43.143493,10.990378,125.973860,5.788339,16.483938,6.181944,52.930170,7.327347,9.178992, ,20.652629,4.969306,3.726712, ,7.494808,6.397514, ,8.749689,5.949730,40.372073, ,9.753293,8.380023,9.876936,12.395135,30.114952,10.258255,5.042149,9.296518,58.353260,31.371645,7.099915,12.424250,7.846912,9.809927,24.071430, ,7.549274,9.938600,7.846833,17.835445, ,5.789991,10.281577,6.344280, ,28.925023,16.250162,8.353529,10.138801,6.620806,4.109480, ,7.803828,54.631200,9.349763,12.677898,5.049633,19.154053,9.639999,6.446365,5.320160,21.490056, ,4.683564, ,8.036956,14.123471,29.627343,9.943881, ,10.367025, , , ,7.425001,19.555760,12.482693, ,11.346771,10.172789, ,19.872797,13.263579,16.808600,9.834769,16.882315, ,14.130244,30.317582,9.228426,21.166261,15.054934,244.094080,15.496726,14.408652, ,7.269875,25.871789,72.703710, ,12.075469, ,23.265050,8.921371,7.009944,12.152958,7.548739, , , , ,11.192975,16.685882, ,22.493584,33.978610, ,10.262293,12.383849,6.773942,9.505421,5.836509,14.034777, ,8.796178,33.500505,7.761123, ,12.717454,7.115376, ,9.195054,49.565376, ,10.673187, , ,18.903879,62.382570,7.968890,9.339008,36.654160,30.678611,6.954187,19.069453,5.952062,30.944019,6.954070,30.176682,41.749593,7.482198,6.073385,8.753467,9.157039,4.376581,37.624859,4.409065,10.506167,44.016757,9.534080,8.186449,9.959183,6.714714,9.193334,4.898247,5.740150,42.295834,13.758191,11.822760,11.821826,8.324985,8.443635,6.566971,6.106028, ,10.624444,7.708385, ,53.304051,4.455968,13.029968,36.646735,40.973634,7.920659,11.706400,13.990685,6.901728,7.961363,23.988196,7.985504, ,15.970019,8.441442,9.091088, , ,7.984809,55.782320,9.090786,11.817891,6.681506, ,9.530774,11.148643, ,19.085557,24.896647,11.524249,6.911203,13.356344,24.253057,5.244985, ,9.634997,42.034820,9.041868,8.903856,8.395922,6.055881,6.119085,4.351399,7.437594,8.160189,76.143040,7.833937,13.062424,10.214643,7.437422,7.891072,9.498991,9.854084,10.332311, ,19.438317,8.862386,7.344900,5.995540,8.063454,12.012824,6.613846,18.393807,7.546706, ,6.468339,9.493754,10.327180,23.860143,111.182000,6.613684,39.244256, ,44.080100,6.468362, ,14.068827,12.752482,4.807500,4.455984,18.490617, ,18.859911, ,21.709618,5.291539,44.206507,8.546812,5.843526,16.295393,22.422122,6.979379, ,7.614249,8.143289,12.475716,7.713958, , ,5.747550, ,17.621499,5.982562,13.758714,11.137948,7.817018,7.238259,9.382771,7.178996,5.310794,4.419344,7.135006,7.849082, ,7.092456,11.320772,4.720592,8.064101,39.764040,23.466025,20.227854,7.680585,5.194681,4.653751,11.902392,6.495297,18.310034,5.277468,7.388786,59.647120, ,9.168866, , ,4.842114,9.092710,6.566185,5.017748,11.589625,56.086907, ,11.802973,8.144408,11.802891,36.884650,9.971817, ,13.114213,8.941567,113.333440,51.986171,12.294632,50.774058,7.763698,12.043763, ,7.244503,8.167260,63.851460,24.684536,14.074004,10.946409,24.335330,15.582553,20.777327,22.735203,44.786773,10.807999,18.742191,18.405665,11.367385, ,10.022663,9.508963,28.378844,12.341297, , ,5.572852, ,129.548720, , ,8.528765,38.045594,18.126528,4.862941,8.724470, ,12.573113, ,5.255584,38.817406, ,32.203424, ,10.078331, ,32.125892, , ,8.400017,13.285091,9.941316,7.058102,10.280625,6.148682,38.538491,9.038200,9.942180,11.694333, ,7.100050,50.789913, , ,9.763557,6.086253,9.620370,11.867440,34.722810,4.951935,6.888069,6.375155,6.811400,5.548676,19.611548,15.768935,3.841332,67.555160,13.319959,31.292135,21.627379,10.513025,4.342321,6.618024,12.804329,7.749974,4.118846, ,12.271008, , ,5.262908,12.398749, ,12.398318, ,3.238367, ,31.000396,6.865417,20.695564,7.026884,62.845130, ,5.239327,14.221909,9.941272,13.950627,4.594472, ,22.910020,7.373697,5.913516,7.026000,10.858042
    Inter-Burst Interval - Std (sec), , ,6.251818,145.576372, ,3.763602, ,3.914436,7.886903,13.701466, , ,4.684273,3.749879, ,4.168191, ,113.200442, , ,2.774658,2.815617,1.784460,1.778250, ,14.132079,72.322882, ,17.223390, , ,2.579307,9.461669, , ,2.886223,33.233566,3.359646,2.029036,2.569301,9.156348, , , ,4.959145,2.081892, ,8.111295,37.396103,9.988561,76.478803, ,1.492876,57.698047,5.944295,1.539574, ,11.992321,9.533214,1.556981,1.407897,8.654616,12.587817, ,2.021062,2.018353,33.482829, ,1.676756,2.386494,74.242226,4.384265,2.023703, ,1.951793,4.653353,2.299790,6.504910,3.126703, ,28.654183, ,2.543946,91.738928,50.739041,2.776998, ,12.401963,2.357531,2.525760,2.334642,3.235464,2.376243,3.075594,2.037347,2.536799,1.629580, ,4.614980, , , , , , ,30.287978,13.617752,1.698620,17.645437, ,1.630129,47.065453,8.148441,2.218918,4.707311,85.166627, ,22.487153,2.984870,5.129154,7.633743, ,6.314891,5.128336, ,9.449492,11.375146,2.986647,7.561738,9.672698, , ,5.868342,7.411342,5.257063,5.441874,4.305516,9.228900, ,10.599052,4.659739,5.032716, ,5.909004,2.048204, ,5.637696,14.240870,2.152106, , ,5.840795, ,4.628390,1.933497,55.535735,11.055176,3.896298,2.067367,54.373648,2.883400, ,8.849728,2.230889, ,3.347976,2.722094,11.962673,9.614477,3.658299,2.658139,7.240158,11.644215,75.426244, ,2.196801,4.513853,5.040845,4.750717, ,4.546363,4.788645, ,7.065476,133.291382,10.998788,5.470184, , ,22.777696,4.433974,4.692842,5.142396,3.269348,3.327186,3.251404,3.879923, ,7.439166,3.351769,4.683944,3.473655,10.527192, ,41.564103,3.473793,3.361611,3.619392,120.125772,7.613245,6.036797,4.316171,6.383742,5.493933,5.010571, ,4.786694, ,6.220164,4.954386,4.733784,29.020110,4.679644,4.362114,27.483486,74.734642, , ,14.140788,9.202192, ,4.488261,6.928751,3.019498, ,6.226814,3.962126,15.541675, ,10.817542,4.710908,8.881782,6.600515,6.696603,5.011059,4.346458,4.444457,52.200303, ,7.301980,5.405479,185.479426, ,5.824524,155.337440,30.536271,14.241435,2.686189,24.079984,8.246154, ,6.047241,11.424698,6.011795, ,12.507663,2.731156,3.530272,3.030898, ,15.293708,4.249105, ,5.433830,4.081479, ,4.744030,2.460383,2.907719,8.125733,4.460852, , , ,2.527945,7.465787,3.516268,6.151381,3.266673,9.518152,2.963823, ,41.927228,6.881251,48.023882,10.410427,10.675898,5.467969, ,4.618992,5.523886,6.562865,6.343973,5.618961,9.949416,6.286716, ,4.670574,3.561792,2.535726,95.877575,4.237277,7.376922,11.037384, ,6.850672,15.673129,4.000006,6.842319,2.739757,1.667516, ,37.172585,6.262077,88.886391,3.041593,14.727574,3.183442,57.018096,4.421119,4.863976, ,19.744560,2.872596,1.261377, ,4.117900,2.851516, ,4.902904,3.005455,23.024030, ,6.122734,3.876526,5.103922,7.762792,17.607242,5.351239,1.905153,5.401572,57.622250,41.645926,3.092740,6.405972,3.330392,5.308304,17.680951, ,3.511366,5.944024,3.286214,14.001027, ,2.259314,4.262988,2.407267, ,17.241246,12.061488,4.467459,5.868359,3.797994,1.963100, ,5.324279,41.355968,4.676067,6.805570,3.007380,12.549672,7.589089,3.982667,2.757610,20.843877, ,2.153896, ,3.823544,8.266740,16.149539,5.660791, ,6.533655, , , ,3.727140,13.200885,7.635650, ,6.876478,6.020064, ,21.012371,7.907324,10.048020,4.798241,11.385807, ,10.021516,29.350892,4.918089,14.292717,8.668850, ,9.173347,8.598154, ,3.407991,18.986317,68.315855, ,5.531566, ,16.937572,4.983403,3.299029,7.189062,3.600049, , , , ,6.440569,10.076687, ,17.096334,26.084429, ,5.863806,6.228503,3.366600,4.407155,2.166557,9.057411, ,4.563805,30.636782,4.306724, ,8.859970,3.354267, ,4.767048,55.400975, ,6.809084, , ,13.693335,50.720677,4.765657,5.466285,29.434795,27.149501,3.393280,14.840291,3.014298,22.410653,3.518235,39.682373,37.667887,3.571160,2.773828,6.890044,5.860467,1.920874,22.962746,1.788569,5.452093,29.304853,4.371322,3.725433,7.191157,3.311742,4.669338,2.408335,3.085692,20.021539,10.019752,8.301782,6.703383,4.526870,4.499732,3.380023,3.469909, ,10.577053,4.210027, ,51.195216,2.265852,5.854427,28.712413,39.023636,4.861789,8.064351,9.749526,3.918325,3.958550,17.676294,4.055830, ,14.587416,4.158177,4.923223, , ,4.231801,46.984673,4.050441,9.367913,3.247431, ,5.324999,6.981202, ,17.296728,30.654411,6.542906,3.283545,10.176369,15.925696,2.623070, ,4.755126,27.250589,3.870359,4.796519,4.313469,3.038623,2.861505,2.068042,2.929455,3.640157,97.063382,3.338905,9.014079,5.077038,2.772141,3.587061,5.806777,5.345457,6.894526, ,12.507898,5.153872,3.548084,2.362743,3.316110,5.806753,2.111072,9.862451,3.058482, ,1.873209,5.674021,4.887888,19.780091, ,1.929184,22.361335, ,37.602144,1.875774, ,6.833602,8.302221,2.062390,1.742305,21.598531, ,16.947063, ,15.435104,2.449115,32.547924,4.671567,2.605325,8.737041,18.045672,2.726500, ,3.262989,3.386251,6.812099,3.149829, , ,2.010615, ,9.699760,2.433953,9.276336,4.805175,4.238616,3.131746,4.814398,3.521031,2.296578,1.879858,3.523631,3.961673, ,3.247533,6.375850,1.991131,4.055543,27.308634,17.492715,19.334891,3.714901,2.082371,1.947767,8.829014,2.860336,10.373354,2.428336,3.769988, , ,6.509353, , ,2.210896,5.717738,3.327674,2.794624,7.245019,68.443389, ,7.033063,4.538113,5.773314,29.934191,7.145139, ,9.420604,4.786254, ,46.486037,7.304110,54.551865,4.623848,6.163646, ,3.936405,3.325216,57.030412,23.562837,6.946042,5.296778,21.218609,7.505807,10.453875,17.586542,57.436551,4.957694,9.544081,9.322461,8.364430, ,7.668345,7.060182,25.530050,8.548083, , ,2.802190, ,143.513192, , ,5.259956,59.236434,17.335018,2.173475,5.361857, ,8.137372, ,2.281530,44.965310, ,27.064946, ,5.363517, ,23.967917, , ,4.128829,10.484064,4.476379,3.257957,5.130703,2.826481,22.675397,4.660197,5.318397,7.076671, ,3.362566,61.739992, , ,5.349066,2.925835,5.676973,7.611845,26.324850,2.436015,3.698490,3.224049,3.720123,2.768011,10.737281,7.982969,1.773863,59.778282,33.270572,38.999795,14.533055,6.097015,2.175812,3.769581,10.846885,5.097125,2.012291, ,8.574880, , ,2.741074,8.658610, ,9.118873, ,1.751053, ,18.765096,3.546817,16.778550,5.197076,48.396356, ,2.460687,9.060023,4.682269,12.577667,2.109520, ,25.101656,4.357602,2.938372,3.822920,8.501077
    Burst Frequency (Hz), , ,0.100000,0.005000, ,0.138333, ,0.136667,0.081667,0.055000, , ,0.113333,0.140000, ,0.131667, ,0.005000, , ,0.181667,0.175000,0.200000,0.201667, ,0.075000,0.005000, ,0.053333,0.003333, ,0.175000,0.101667, , ,0.188333,0.005000,0.165000,0.221667,0.198333,0.076667, , , ,0.143333,0.213333, ,0.088333,0.033333,0.091667,0.005000,0.001667,0.198333,0.005000,0.115000,0.201667, ,0.063333,0.005000,0.210000,0.205000,0.095000,0.076667, ,0.193333,0.193333,0.031667, ,0.225000,0.180000,0.011667,0.153333,0.193333, ,0.196667,0.138333,0.180000,0.110000,0.151667, ,0.040000, ,0.150000,0.008333,0.015000,0.183333, ,0.045000,0.155000,0.151667,0.156667,0.136667,0.176667,0.148333,0.208333,0.151667,0.218333, ,0.146667, , , , , , ,0.033333,0.063333,0.208333,0.053333, ,0.206667,0.023333,0.066667,0.196667,0.123333,0.013333, ,0.025000,0.153333,0.113333,0.088333, ,0.110000,0.113333, ,0.053333,0.073333,0.173333,0.080000,0.056667, , ,0.096667,0.076667,0.101667,0.118333,0.108333,0.063333, ,0.065000,0.115000,0.106667, ,0.093333,0.176667, ,0.136667,0.068333,0.163333, , ,0.130000, ,0.125000,0.181667,0.006667,0.071667,0.128333,0.173333,0.016667,0.141667,0.003333,0.086667,0.151667, ,0.135000,0.151667,0.048333,0.075000,0.131667,0.130000,0.090000,0.075000,0.006667,0.001667,0.178333,0.113333,0.091667,0.100000, ,0.105000,0.100000,0.003333,0.075000,0.005000,0.063333,0.101667, , ,0.043333,0.111667,0.101667,0.086667,0.181667,0.106667,0.108333,0.005000, ,0.076667,0.110000,0.095000,0.118333,0.060000, ,0.016667,0.123333,0.113333,0.106667,0.011667,0.076667,0.088333,0.110000,0.075000,0.088333,0.090000, ,0.100000, ,0.078333,0.121667,0.098333,0.016667,0.111667,0.111667,0.030000,0.015000, , ,0.085000,0.081667, ,0.133333,0.106667,0.145000,0.001667,0.090000,0.140000,0.046667, ,0.058333,0.115000,0.076667,0.098333,0.075000,0.098333,0.123333,0.116667,0.006667, ,0.073333,0.103333,0.005000, ,0.096667,0.006667,0.026667,0.050000,0.196667,0.021667,0.095000, ,0.121667,0.051667,0.118333,0.003333,0.045000,0.183333,0.150000,0.155000, ,0.048333,0.133333, ,0.118333,0.110000, ,0.100000,0.190000,0.181667,0.071667,0.118333, , , ,0.176667,0.090000,0.161667,0.095000,0.136667,0.060000,0.171667, ,0.021667,0.078333,0.016667,0.050000,0.058333,0.096667, ,0.096667,0.093333,0.075000,0.080000,0.090000,0.071667,0.095000,0.003333,0.121667,0.145000,0.178333,0.010000,0.120000,0.081667,0.081667, ,0.085000,0.040000,0.126667,0.085000,0.180000,0.255000, ,0.011667,0.091667,0.008333,0.173333,0.061667,0.161667,0.015000,0.136667,0.106667, ,0.048333,0.201667,0.268333, ,0.131667,0.156667,0.001667,0.115000,0.168333,0.021667, ,0.103333,0.120000,0.100000,0.081667,0.033333,0.098333,0.198333,0.108333,0.015000,0.028333,0.141667,0.081667,0.128333,0.101667,0.041667, ,0.133333,0.101667,0.128333,0.056667, ,0.173333,0.098333,0.158333, ,0.033333,0.058333,0.120000,0.098333,0.151667,0.243333,0.001667,0.128333,0.018333,0.105000,0.080000,0.198333,0.051667,0.103333,0.155000,0.188333,0.046667, ,0.211667, ,0.123333,0.070000,0.033333,0.100000, ,0.096667,0.001667, , ,0.133333,0.051667,0.080000,0.001667,0.088333,0.098333,0.001667,0.048333,0.071667,0.058333,0.101667,0.056667, ,0.070000,0.031667,0.103333,0.046667,0.063333,0.003333,0.065000,0.066667, ,0.136667,0.038333,0.015000, ,0.080000, ,0.043333,0.111667,0.141667,0.081667,0.131667, , , , ,0.088333,0.058333, ,0.043333,0.028333, ,0.096667,0.080000,0.146667,0.105000,0.170000,0.071667, ,0.113333,0.028333,0.130000, ,0.080000,0.141667, ,0.110000,0.018333, ,0.095000, , ,0.053333,0.015000,0.126667,0.108333,0.023333,0.025000,0.143333,0.053333,0.168333,0.030000,0.143333,0.033333,0.020000,0.133333,0.165000,0.115000,0.110000,0.228333,0.026667,0.226667,0.093333,0.023333,0.105000,0.123333,0.101667,0.150000,0.110000,0.205000,0.173333,0.023333,0.070000,0.085000,0.085000,0.120000,0.118333,0.153333,0.161667, ,0.091667,0.130000, ,0.020000,0.225000,0.076667,0.028333,0.025000,0.125000,0.083333,0.070000,0.145000,0.126667,0.038333,0.125000, ,0.063333,0.118333,0.110000, , ,0.125000,0.008333,0.110000,0.085000,0.150000, ,0.105000,0.090000, ,0.051667,0.040000,0.086667,0.143333,0.075000,0.040000,0.188333, ,0.103333,0.021667,0.110000,0.111667,0.118333,0.163333,0.161667,0.226667,0.133333,0.121667,0.011667,0.126667,0.073333,0.096667,0.133333,0.123333,0.100000,0.096667,0.095000, ,0.048333,0.110000,0.135000,0.165000,0.123333,0.083333,0.150000,0.055000,0.131667,0.001667,0.153333,0.105000,0.096667,0.040000,0.003333,0.150000,0.026667, ,0.008333,0.153333, ,0.066667,0.078333,0.208333,0.223333,0.053333, ,0.046667, ,0.045000,0.188333,0.021667,0.115000,0.170000,0.061667,0.043333,0.141667, ,0.130000,0.121667,0.080000,0.128333, , ,0.171667, ,0.053333,0.165000,0.070000,0.088333,0.126667,0.136667,0.098333,0.138333,0.188333,0.225000,0.140000,0.126667, ,0.140000,0.088333,0.211667,0.123333,0.005000,0.038333,0.050000,0.125000,0.191667,0.213333,0.081667,0.153333,0.048333,0.188333,0.135000,0.003333,0.001667,0.106667, , ,0.206667,0.110000,0.151667,0.198333,0.086667,0.016667, ,0.085000,0.123333,0.085000,0.028333,0.100000,0.001667,0.076667,0.111667,0.003333,0.013333,0.081667,0.020000,0.128333,0.083333, ,0.138333,0.121667,0.015000,0.040000,0.071667,0.091667,0.036667,0.061667,0.046667,0.045000,0.006667,0.091667,0.053333,0.053333,0.088333, ,0.100000,0.103333,0.031667,0.080000, , ,0.176667, ,0.006667, , ,0.115000,0.025000,0.055000,0.203333,0.113333, ,0.078333,0.001667,0.190000,0.025000, ,0.026667, ,0.098333, ,0.030000, , ,0.118333,0.075000,0.101667,0.140000,0.096667,0.163333,0.026667,0.111667,0.101667,0.086667, ,0.141667,0.020000, , ,0.101667,0.165000,0.105000,0.085000,0.028333,0.203333,0.146667,0.158333,0.148333,0.181667,0.050000,0.065000,0.261667,0.015000,0.076667,0.033333,0.043333,0.096667,0.231667,0.150000,0.078333,0.128333,0.240000, ,0.081667, , ,0.188333,0.080000, ,0.080000, ,0.305000, ,0.033333,0.146667,0.046667,0.143333,0.015000, ,0.191667,0.071667,0.098333,0.071667,0.218333, ,0.041667,0.136667,0.170000,0.143333,0.093333
    IBI Coefficient of Variation, , ,0.631372,0.754533, ,0.523231, ,0.537560,0.691724,0.750459, , ,0.564765,0.527686, ,0.551194, ,1.010029, , ,0.509211,0.492375,0.357060,0.358801, ,1.066294,1.192065, ,0.943338, , ,0.451081,0.965604, , ,0.543508,0.604564,0.549746,0.447203,0.509746,0.695516, , , ,0.732043,0.444541, ,0.744626,1.354702,0.915493,0.989500, ,0.297094,0.706803,0.681733,0.311596, ,0.783099,0.320056,0.328245,0.289687,0.897619,0.961461, ,0.393174,0.392657,1.398126, ,0.380089,0.433985,1.000451,0.678077,0.393686, ,0.386310,0.648499,0.418206,0.727201,0.485156, ,1.211488, ,0.388947,1.021771,0.734885,0.513729, ,0.637161,0.368105,0.385780,0.368482,0.444780,0.423437,0.459321,0.428744,0.387405,0.356511, ,0.675704, , , , , , ,1.385887,1.306872,0.357748,0.943460, ,0.337412,1.294353,0.556023,0.435827,0.574707,1.202077, ,0.764978,0.454271,0.574735,0.681301, ,0.709112,0.574641, ,0.530023,0.821138,0.514469,0.615599,0.556330, , ,0.576244,0.586526,0.543441,0.656713,0.477296,0.591470, ,0.704789,0.548856,0.549193, ,0.562940,0.361278, ,0.767198,0.971452,0.350669, , ,0.755562, ,0.590036,0.350801,0.344539,0.784891,0.500553,0.357710,0.867704,0.412401, ,0.781761,0.341852, ,0.456020,0.418079,0.593216,0.741569,0.486895,0.349249,0.671442,0.896507,0.784131, ,0.394899,0.517956,0.466203,0.480050, ,0.482754,0.483890, ,0.542758,0.924746,0.703820,0.562088, , ,1.004152,0.501173,0.482256,0.444611,0.598591,0.355355,0.352774,0.026461, ,0.567526,0.369348,0.458654,0.412225,0.624636, ,0.780818,0.429909,0.381827,0.386568,1.578535,0.596471,0.535936,0.473981,0.474555,0.496908,0.448677, ,0.477149, ,0.483429,0.602695,0.463897,0.806349,0.521817,0.486420,0.952792,1.059061, , ,1.184394,0.746648, ,0.593932,0.767124,0.434981, ,0.552814,0.555953,0.709416, ,0.630368,0.555935,0.679477,0.644318,0.516677,0.496001,0.541480,0.525199,0.721803, ,0.544907,0.562640,0.883023, ,0.576173,0.977866,0.803174,0.750662,0.528201,0.542360,0.814502, ,0.731673,0.634132,0.707179, ,0.601693,0.500318,0.528201,0.468626, ,0.774428,0.570773, ,0.638915,0.445583, ,0.470156,0.466995,0.527484,0.573235,0.524514, , , ,0.445850,0.671423,0.567002,0.578586,0.446428,0.621110,0.508461, ,0.958397,0.560881,0.872240,0.575078,0.630516,0.531765, ,0.444170,0.527699,0.511693,0.501494,0.512244,0.747850,0.600512, ,0.568743,0.518038,0.452205,0.896609,0.515999,0.598855,0.908685, ,0.587500,0.618281,0.507356,0.586797,0.495783,0.425058, ,0.861604,0.569778,0.705594,0.525469,0.893450,0.514958,1.077232,0.603372,0.529903, ,0.956031,0.578068,0.338469, ,0.549434,0.445723, ,0.560352,0.505141,0.570296, ,0.627761,0.462591,0.516752,0.626277,0.584668,0.521652,0.377845,0.581032,0.987473,1.327502,0.435602,0.515602,0.424421,0.541116,0.734520, ,0.465126,0.598075,0.418795,0.785011, ,0.390210,0.414624,0.379439, ,0.596067,0.742238,0.534799,0.578802,0.573645,0.477700, ,0.682265,0.757003,0.500127,0.536806,0.595564,0.655197,0.787250,0.617816,0.518332,0.969931, ,0.459884, ,0.475745,0.585319,0.545089,0.569274, ,0.630234, , , ,0.501972,0.675038,0.611699, ,0.606030,0.591781, ,1.057343,0.596168,0.597790,0.487885,0.674422, ,0.709225,0.968115,0.532928,0.675259,0.575815, ,0.591954,0.596735, ,0.468783,0.733862,0.939647, ,0.458083, ,0.728026,0.558592,0.470621,0.591548,0.476907, , , , ,0.575412,0.603905, ,0.760054,0.767672, ,0.571393,0.502954,0.496993,0.463647,0.371208,0.645355, ,0.518840,0.914517,0.554910, ,0.696678,0.471411, ,0.518436,1.117735, ,0.637962, , ,0.724366,0.813058,0.598033,0.585318,0.803041,0.884965,0.487948,0.778223,0.506429,0.724232,0.505925,1.315001,0.902234,0.477288,0.456719,0.787122,0.639996,0.438898,0.610308,0.405657,0.518942,0.665766,0.458494,0.455073,0.722063,0.493207,0.507905,0.491673,0.537563,0.473369,0.728275,0.702186,0.567035,0.543769,0.532914,0.514700,0.568276, ,0.995539,0.546162, ,0.960438,0.508498,0.449305,0.783492,0.952408,0.613811,0.688884,0.696858,0.567731,0.497220,0.736875,0.507899, ,0.913425,0.492591,0.541544, , ,0.529982,0.842286,0.445555,0.792689,0.486033, ,0.558716,0.626193, ,0.906273,1.231267,0.567751,0.475105,0.761913,0.656647,0.500110, ,0.493526,0.648286,0.428049,0.538701,0.513758,0.501764,0.467636,0.475259,0.393871,0.446087,1.274751,0.426210,0.690077,0.497035,0.372729,0.454572,0.611305,0.542461,0.667278, ,0.643466,0.581545,0.483068,0.394083,0.411252,0.483379,0.319190,0.536183,0.405274, ,0.289597,0.597658,0.473303,0.829001, ,0.291696,0.569799, ,0.853041,0.289992, ,0.485727,0.651028,0.428994,0.391003,1.168081, ,0.898576, ,0.710980,0.462836,0.736270,0.546586,0.445848,0.536166,0.804816,0.390651, ,0.428537,0.415833,0.546029,0.408329, , ,0.349821, ,0.550450,0.406841,0.674215,0.431424,0.542229,0.432666,0.513110,0.490463,0.432436,0.425370,0.493851,0.504731, ,0.457885,0.563199,0.421797,0.502913,0.686767,0.745449,0.955855,0.483674,0.400866,0.418537,0.741785,0.440370,0.566539,0.460133,0.510231, , ,0.709941, , ,0.456597,0.628827,0.506790,0.556948,0.625130,1.220310, ,0.595872,0.557206,0.489144,0.811562,0.716533, ,0.718351,0.535281, ,0.894200,0.594089,1.074404,0.595573,0.511771, ,0.543364,0.407140,0.893173,0.954559,0.493537,0.483883,0.871926,0.481680,0.503139,0.773538,1.282444,0.458706,0.509230,0.506500,0.735827, ,0.765101,0.742477,0.899616,0.692641, , ,0.502829, ,1.107793, , ,0.616731,1.556985,0.956334,0.446947,0.614577, ,0.647204, ,0.434115,1.158380, ,0.840437, ,0.532183, ,0.746062, , ,0.491526,0.789160,0.450280,0.461591,0.499065,0.459689,0.588383,0.515611,0.534933,0.605137, ,0.473597,1.215596, , ,0.547860,0.480729,0.590099,0.641406,0.758143,0.491932,0.536941,0.505721,0.546161,0.498860,0.547498,0.506247,0.461783,0.884881,2.497798,1.246313,0.671975,0.579949,0.501071,0.569593,0.847126,0.657696,0.488557, ,0.698792, , ,0.520829,0.698345, ,0.735493, ,0.540721, ,0.605318,0.516621,0.810732,0.739599,0.770089, ,0.469657,0.637047,0.470993,0.901584,0.459143, ,1.095663,0.590966,0.496891,0.544110,0.782929
    Normalized Duration IQR, , ,0.151346, , ,0.144653, ,0.270249,0.329710,0.151851, , ,0.376788,0.281444, ,0.247650, , , , ,0.315707,0.239856,0.156358,0.187313, ,0.305680, , ,0.200601, , ,0.318385,0.188300, , ,0.497374, ,0.210294,0.243790,0.195712,0.276928, , , ,0.262592,0.351599, ,0.269957,0.315441,0.308443, , ,0.218878, ,0.388587,0.221362, ,0.385831, ,0.178942,0.152592,0.746180,0.197826, ,0.152499,0.196223,0.187033, ,0.231570,0.229587,0.117820,0.197203,0.164964, ,0.182598,0.121245,0.224843,0.366220,0.374626, ,0.224944, ,0.472839,0.786950,0.000000,0.254837, ,0.202632,0.508984,0.331897,0.261131,0.196352,0.140472,0.281180,0.787304,0.254319,0.166390, ,0.272406, , , , , , ,0.923007,0.283945,0.223238,0.116721, ,0.267361,0.425777,0.226266,1.041132,0.279609,0.128531, ,0.395966,0.253034,0.431838,0.300060, ,0.453557,0.233442, ,0.331897,0.542058,1.815875,0.222841,0.254319, , ,0.575729,0.166279,0.190740,2.495696,0.550001,0.313597, ,0.795287,4.166049,0.167728, ,0.238561,0.232683, ,0.194975,0.412410,0.373322, , ,0.294875, ,0.422720,0.393228,0.363032,0.940790,0.309460,0.369373,7.116905,0.295281, ,0.773173,0.316239, ,0.327267,0.530031,0.663207,0.537479,0.419883,0.188583,0.514918,0.395340,0.790930, ,1.515218,0.203787,0.332780,0.493915, ,0.248264,0.337264, ,0.574627, ,0.600121,0.398742, , ,0.491008,0.506579,0.323599,0.531317,0.672199,0.338176,0.224239, , ,0.512458,0.415468,0.198297,0.386189,1.271445, ,0.572655,1.340284,0.464861,0.497268,0.710938,0.281972,0.217043,0.525920,0.525001,0.373880,0.359555, ,0.231713, ,0.207161,0.492619,0.333667,0.587787,0.459596,0.439962,0.314978,0.468633, , ,0.834168,0.799887, ,1.647106,0.998543,2.216113, ,0.564899,2.189068,0.896954, ,0.182931,4.771069,1.822018,2.115875,0.295804,0.365863,0.900829,0.487184,0.000000, ,0.771782,3.200875, , ,0.405921,0.000000,0.233879,0.390711,0.736959,0.131296,1.062634, ,0.408906,0.466885,0.402332, ,1.142221,0.316906,0.681085,0.494077, ,0.721598,0.417780, ,1.070360,0.276062, ,0.459681,0.670399,0.504944,0.327553,0.436356, , , ,0.507779,0.650677,0.418479,0.551617,0.467059,0.404445,0.484981, ,0.535180,0.490206,0.853193,0.663794,0.440000,0.264535, ,0.544868,0.576879,0.820194,0.356482,0.613693,0.895030,0.427925, ,0.502914,0.619048,0.805774,0.635153,0.282556,0.719523,0.516193, ,0.605444,1.550497,0.970380,0.720145,0.455166,0.474318, ,0.559427,0.511969,0.699023,0.299462,0.286000,0.584697,0.134688,0.388738,0.479590, ,1.066407,0.450090,0.572655, ,0.534723,0.513071, ,0.320286,0.251508,0.767639, ,0.714660,0.309333,0.253675,0.636229,0.388889,0.789077,0.347570,0.595267,0.217988,0.372951,0.579730,0.504029,0.593010,0.398911,0.288307, ,0.473287,0.450090,0.672113,0.418829, ,0.682578,1.132354,0.669118, ,0.185783,0.812981,0.665054,0.506579,0.611218,0.619125, ,0.620968,1.140959,0.946126,0.561519,0.534152,0.903897,0.666268,0.618411,0.606226,0.681571, ,1.161793, ,0.557599,0.241321,0.290482,0.509882, ,1.282642, , , ,0.605688,0.254319,0.451308, ,0.953698,0.755065, ,0.266318,0.206137,0.324579,0.465726,0.365729, ,0.674893,1.495179,0.471281,0.492296,0.543786, ,0.455829,1.167348, ,0.441099,0.408461,0.204119, ,0.549517, ,0.227294,0.370193,0.601150,0.252523,0.364796, , , , ,0.912490,0.355133, ,0.468853,0.159598, ,0.998007,0.163562,0.217893,0.709786,0.474183,0.335456, ,0.222247,0.000000,0.432959, ,0.898887,1.064895, ,0.518976,2.708336, ,0.982337, , ,0.477122,0.143351,0.444100,0.362682,0.594066,0.391016,0.553447,0.355301,0.858001,0.609995,0.506750,1.231547,0.486679,0.389192,0.476667,0.530191,0.577057,0.506990,0.435723,0.541667,0.634616,0.227087,0.452259,0.501252,0.696688,0.565921,0.493834,0.746459,0.657564,0.731013,0.349756,0.948945,0.754675,0.541667,0.742142,0.767639,0.482643, ,0.346607,0.279766, ,0.000000,0.466015,0.464717,0.000000,0.225858,0.887937,0.445483,0.679566,0.391016,0.230009,2.647632,0.458334, ,0.422007,0.467321,0.632344, , ,0.464717,0.000000,0.459175,0.664549,0.892794, ,0.584697,0.911658, ,1.075882,0.522443,0.583878,0.526843,1.345431,0.240857,0.655678, ,0.311515,1.900918,0.381673,0.376883,0.758334,0.724943,0.704269,0.696752,0.476304,0.594419,0.913322,0.677573,0.499501,0.690346,0.457496,0.674529,0.411596,0.697940,0.803556, ,1.707360,0.296388,0.557661,0.374907,0.371659,0.851191,0.497515,0.000000,0.607994, ,0.498672,0.545445,0.631148,0.661819, ,0.384409,0.116612, ,0.255880,0.461716, ,0.603013,0.820493,0.480634,0.550727,1.318917, ,1.378294, ,0.449282,0.441618,1.581003,0.179262,0.992494,0.175491,0.227087,0.316772, ,0.351722,0.270249,0.447675,0.267647, , ,0.459456, ,0.185371,0.393475,0.361372,0.947366,1.076345,0.668820,0.330582,0.412500,0.401471,0.418829,0.560596,0.260135, ,0.136674,0.683744,0.409352,0.302600, ,0.335007,0.514283,0.432585,0.603886,0.770475,0.662038,1.149585,0.621740,0.788604,0.562782, , ,0.772377, , ,0.671813,0.561603,0.807780,0.966217,0.510454,1.294010, ,0.807838,0.564687,0.981024,0.609623,0.656042, ,0.356736,0.885319, ,0.000000,0.555887,0.090376,1.020042,1.314258, ,0.487247,0.663542,0.292576,0.722819,0.353211,0.589286,0.830568,0.363032,0.329421,0.614865,1.516140,0.651015,0.587994,0.402763,0.715001, ,0.877045,0.566177,0.880474,0.712625, , ,0.373090, ,0.594701, , ,0.386786,0.296646,0.269279,0.469689,0.435976, ,0.604469, ,0.503117,0.466885, ,1.651136, ,0.484230, ,0.468341, , ,0.441826,0.458334,0.342340,0.562993,0.608388,0.593714,0.917854,0.502914,1.121038,0.951800, ,0.457663,0.228192, , ,0.391016,0.682146,0.874445,0.895350,1.192614,0.693935,0.517313,0.562107,0.991308,0.471725,0.705725,0.656825,0.673923,0.734949,0.481135,0.630353,0.704434,0.483575,0.775569,0.535638,0.589749,0.619943,1.017277, ,0.570306, , ,0.790264,0.408572, ,0.725664, ,0.988155, ,1.417637,0.646307,0.620045,0.788687,0.813335, ,0.899534,0.875001,0.725363,0.395132,0.947918, ,0.898027,0.751954,0.784484,1.325154,0.542372
    Burst Percentage,0.000000,0.000000,64.534231,6.766917,0.000000,87.820513,0.000000,56.189711,42.453663,48.948375,0.000000,0.000000,59.486166,89.763780, ,57.443753,0.000000,2.836305, , ,64.424057,83.000739,73.104912,86.130501,0.000000,27.250308,3.606103,0.000000,16.911765,3.313253, ,78.571429,54.007634,0.000000,0.000000,48.602321,3.013183,60.664962,69.944341,56.972362,23.540490,0.000000,0.000000,0.000000,43.097199,66.701031,0.000000,29.530201,23.794212,35.643564,2.504039,4.950495,83.747178,4.952830,45.077720,82.477588,0.000000,14.954903,3.492063,95.165588,77.345487,43.614077,47.776511,0.000000,94.456641,62.817610,23.778502,0.000000,90.724166,76.327116,8.253968,54.933333,69.687500,0.000000,63.198685,76.600210,91.678623,56.201550,22.336273,0.000000,35.381750,0.000000,97.799697,8.152174,19.063545,76.018480,0.000000,23.661149,70.881612,86.361469,62.662968,26.854440,78.895112,33.211883,74.568660,76.932773,69.989007, ,48.756976, , ,0.000000, , ,0.000000,19.818653,35.282051,95.194647,38.674884,0.000000,81.635581,5.177665,35.798817,79.042309,61.290323,14.243323,0.000000,28.980892,64.809903,85.194585,31.640058,0.000000,43.896268,60.847371,0.000000,32.896652,64.993026,61.156220,52.282158,52.675585, ,0.000000,33.996540,72.811060,31.808279,56.057946,52.908891,57.701149, ,45.443499,79.396325,65.171504,0.000000,56.400966,68.972603,0.000000,67.803993,35.535007,70.091514,0.000000, ,82.274742,0.000000,65.406977,57.938820,7.122507,63.521289,76.684397,79.444791,39.285714,65.228557,6.040268,59.274194,81.132075, ,72.315883,52.534658,21.074380,38.037383,86.013072,89.890981,53.033473,41.566265,5.952381,3.571429,75.359402,66.502463,71.836735,70.557308,0.000000,64.435946,84.338624,6.341463,24.785894,6.862745,57.988166,50.823673,0.000000,0.000000,35.888502,56.899351,63.930765,48.698482,65.283787,80.151844,71.986971,9.333333,0.000000,29.327902,64.554164,68.398876,74.001947,62.597809, ,25.945946,66.972477,60.161090,20.754064,22.068966,76.190476,27.525450,42.296073,84.285714,75.703704,73.638614,0.000000,61.201201, ,87.809524,48.898409,64.180207,10.751445,68.020632,49.422633,28.947368,16.139241,0.000000,0.000000,66.550523,26.912568,0.000000,63.575269,39.398798,66.731771,3.759398,47.821351,71.189979,40.417210,0.000000,41.087613,52.651113,64.089122,43.418014,38.870056,43.831370,39.331075,39.232489,8.856089,0.000000,36.987448,44.729606,4.428044,0.000000,31.091510,5.076142,38.912134,63.434903,74.446203,28.146453,55.873016,0.000000,67.175018,48.246844,57.858770,5.487805,29.979036,72.185430,65.826570,63.965341, ,42.727273,75.697211,0.000000,77.622951,59.901961,0.000000,61.573720,82.191781,82.110507,48.854041,73.071217,0.000000,0.000000, ,76.923077,49.451554,70.613497,68.595745,77.119114,46.780552,81.526291,0.000000,27.202073,76.381910,26.355140,47.440945,73.076923,61.156278,0.000000,71.136364,56.702899,49.297095,48.931624,69.726776,44.855967,70.598007,4.526749,64.376400,80.415094,80.588942,22.580645,71.657754,70.535714,61.233020,0.000000,63.626126,47.058824,69.798137,51.764706,82.466281,86.409584,0.000000,17.269076,54.003268,7.088608,70.879676,50.850077,64.063298,37.931034,68.270945,65.317139,0.000000,48.173913,73.745353,90.136441, ,76.577438,86.363636,6.557377,78.217054,57.231330,25.632911,0.000000,70.798319,76.015936,70.543616,90.412621,31.519274,72.822967,96.582278,53.393861,16.863905,48.130841,87.375804,74.581590,90.286624,85.826772,48.148148,0.000000,88.804945,73.222222,79.983727,60.930233,0.000000,86.218250,73.509934,94.212454,0.000000,24.471831,71.312585,64.190012,57.923497,63.267974,76.611797,5.084746,59.695122,38.643068,65.478424,58.395245,70.017715,46.632783,44.714829,65.407447,70.069284,38.988581,0.000000,83.697234,0.000000,70.717518,71.244635,54.545455,62.419206,0.000000,54.599407,4.464286,0.000000,0.000000,68.525180,53.563715,65.333333,5.555556,65.029240,68.839779,21.212121,82.247557,78.189300,66.743119,76.615746,73.975410, ,69.131238,41.207815,81.632653,46.817248,65.449011,12.592593,65.873016,27.326733,0.000000,76.713819,38.689218,35.772358,0.000000,55.860349, ,56.657963,74.522901,81.526549,73.254086,79.131484,0.000000,0.000000,0.000000, ,79.447115,57.554945,0.000000,59.574468,51.351351, ,63.354037,60.653188,90.867347,81.018899,90.496657,68.356164, ,65.549598,42.857143,78.422558,0.000000,57.584270,67.194371,0.000000,77.938404,28.627451,0.000000,56.067251,0.000000, ,45.167286,43.157895,69.583778,78.140525,25.895317,28.723404,71.511967,59.075342,71.428571,35.404896,79.002933,36.127745,15.591398,71.052632,75.438596,66.611977,50.284630,88.706034,32.908163,86.135812,53.692115,31.460674,70.960699,71.656442,67.133621,46.268657,19.602063,80.319843,68.196038,30.254777,46.184739,59.976932,42.804085,77.385892,63.627993,71.182549,68.216658,0.000000,49.850746,54.356568,0.000000,41.242938,77.500842,53.121453,46.473029,33.333333,62.663399,46.262785,34.883721,71.066908,65.888383,24.415341,83.800151, ,51.960784,78.193146,78.716904,0.000000, ,82.839721,26.271186,84.437434,51.351351,79.959308,0.000000,80.453564,66.071429,0.000000,51.391466,52.056962,57.456979,81.705503,57.680570,62.457338,87.904298,0.000000,76.857331,36.200717,69.752066,74.779062,76.674365,81.621622,84.838998,94.223694,76.928896,76.630435,17.487685,73.136773,58.831004,60.563380,81.421865,72.117743,73.592631,73.418803,67.931836,0.000000,70.873786,69.464105,80.794702,88.883827,88.513514,86.600221,97.014925,54.582485,91.246057,4.651163,97.198276,81.284004,80.935252,59.398496,10.743802,96.826251,55.416667,0.000000,17.857143,96.859248,0.000000,58.579882,61.530172,89.818548,93.072989,54.202899,0.000000,46.571429,0.000000,46.268657,84.011220,9.147609,65.170557,77.577855,50.543478,32.251908,87.099359,0.000000,82.507740,84.012066,11.569566,85.928962,0.000000,0.000000,90.820073,0.000000,59.899749,90.673575,59.145299,89.939638,75.444840,64.372865,50.263435,69.953673,80.101394,86.899120,69.792322,67.409057,0.000000,69.461486,51.399254,84.890572,67.733564,6.511628,36.402570,61.810155,72.491694,83.035714,79.250335,33.782955,69.265846,19.298246,71.336800,69.573935,11.538462,1.771117,63.134328, ,0.000000,78.918206,57.707829,73.410673,52.374302,51.865009,11.542611,0.000000,53.107735,63.004246,44.646098,5.258071,40.314402,12.121212,67.679222,49.486209,2.989130,32.307692,69.729730,20.808081,51.399395,80.327869, ,72.463768,66.728395,16.913947,42.334096,64.150943,67.428571,37.453875,57.629870,50.374532,39.820743,15.981735,69.596691,57.973734,59.661017,60.874568,0.000000,47.549020,62.420886,26.029412,57.465619,0.000000,0.000000,81.415594,0.000000,13.304721,0.000000,0.000000,50.261233,66.666667,42.890443,82.642237,72.549020,0.000000,84.237726,2.649007,84.367816,28.915663,0.000000,67.857143, ,67.756315,0.000000,26.565875,0.000000, ,72.099087,59.365404,69.847973,56.673618,54.166667,74.670719,56.578947,73.159145,62.207602,51.669196,0.000000,73.242630,22.588832,0.000000,0.000000,55.511499,74.427481,64.485388,53.701016,20.762712,69.993742,62.601626,66.977830,67.155009,72.307692,56.107660,62.363636,82.862408,38.888889,66.235060,32.080201,38.165138,59.610706,78.875220,66.603774,50.582524,59.788654,82.203652,0.000000,56.156716, , ,70.908184,51.323176,0.000000,45.764054, ,90.662651,0.000000,35.841957,59.003497,26.614481,58.921526,24.465241,0.000000,64.812085,47.829716,53.695324,45.972073,70.403877,0.000000,48.393195,53.244762,65.789474,57.577153,45.404072

