AxIS Spike File,O:\TOX\NTX\Users\Lennart\201121_LvM_256120_1234-53_MEA_rCortex_Permethrin_baseline_male_DIV11(000)_Spike Detector (7 x STD)(000).spk
File Type,48-well

Analysis Start,1200.000000
Analysis End,1800.000000
Active Electrode Criterion (spks/min),
Remove Coincident Artifacts,True

Electrode Burst Settings,
    Algorithm,Poisson Surprise,
    Min Surprise,10.000000

Network Burst Settings,
    Algorithm,ISI Threshold,Adaptive,
    Min # of Spikes,40.000000
    Min # of Electrodes (%),15.000000
Synchrony Settings,
    Synchrony Window,20.000000

Average Network Burst Analysis Settings,
    Number of network bursts vary by well
    Network Burst Window Start (ms),0.000000
    Network Burst Window End (ms),100.000000
    Bin Size (ms),1.000000

Well Averages,A1,A2,A3,A4,A5,A6,A7,A8,B1,B2,B3,B4,B5,B6,B7,B8,C1,C2,C3,C4,C5,C6,C7,C8,D1,D2,D3,D4,D5,D6,D7,D8,E1,E2,E3,E4,E5,E6,E7,E8,F1,F2,F3,F4,F5,F6,F7,F8,
Treatment/ID,,,,,,,,,,,,,,,,,,,,,,,,,,,,,,,,,,,,,,,,,,,,,,,,
Activity Metrics
    Number of Spikes,8654.000000,12573.000000,16412.000000,18124.000000,16165.000000,23310.000000,6507.000000,13778.000000,13025.000000,11545.000000,9828.000000,15359.000000,19122.000000,23297.000000,11082.000000,16020.000000,15720.000000,14603.000000,15384.000000,14433.000000,17412.000000,13543.000000,15873.000000,18568.000000,10985.000000,5377.000000,12488.000000,10818.000000,14616.000000,14484.000000,24902.000000,17708.000000,10305.000000,18342.000000,15679.000000,17714.000000,11456.000000,15523.000000,21297.000000,26859.000000,16558.000000,10747.000000,12070.000000,6985.000000,17240.000000,24063.000000,15736.000000,23587.000000
    Mean Firing Rate (Hz),0.901458,1.309687,1.709583,1.887917,1.683854,2.428125,0.677813,1.435208,1.356771,1.202604,1.023750,1.599896,1.991875,2.426771,1.154375,1.668750,1.637500,1.521146,1.602500,1.503438,1.813750,1.410729,1.653437,1.934167,1.144271,0.560104,1.300833,1.126875,1.522500,1.508750,2.593958,1.844583,1.073438,1.910625,1.633229,1.845208,1.193333,1.616979,2.218437,2.797813,1.724792,1.119479,1.257292,0.727604,1.795833,2.506562,1.639167,2.456979
    ISI Coefficient of Variation - Avg,2.427366,2.555287,3.020513,3.287230,2.850647,2.910327,2.456817,2.763309,2.849781,2.807554,2.999048,3.191464,3.192635,2.863541,2.860937,2.572846,2.462427,3.431496,2.769444,3.005639,3.569783,3.312665,3.645854,3.195232,2.720051,2.419657,3.804232,3.434014,3.344843,2.886822,3.182108,2.810497,2.710202,3.780034,3.313338,3.884353,3.081998,3.769135,3.733283,3.288285,2.600522,2.638643,2.799371,2.825565,2.918701,3.029439,2.921488,3.545040
    Number of Active Electrodes,13.000000,12.000000,13.000000,16.000000,15.000000,14.000000,9.000000,13.000000,12.000000,12.000000,15.000000,15.000000,14.000000,15.000000,15.000000,15.000000,15.000000,12.000000,14.000000,15.000000,13.000000,14.000000,14.000000,16.000000,12.000000,14.000000,11.000000,11.000000,12.000000,16.000000,16.000000,15.000000,12.000000,15.000000,15.000000,15.000000,14.000000,13.000000,15.000000,14.000000,14.000000,15.000000,12.000000,9.000000,14.000000,16.000000,12.000000,14.000000
    Weighted Mean Firing Rate (Hz),1.103846,1.744583,2.097051,1.887917,1.795778,2.764881,1.191667,1.749872,1.808750,1.587361,1.092000,1.701556,2.273214,2.588556,1.230111,1.776444,1.746556,2.015000,1.824167,1.599556,2.226795,1.604286,1.888810,1.934167,1.518611,0.637619,1.878788,1.632879,2.024167,1.508750,2.593958,1.967222,1.421528,2.033667,1.741333,1.965000,1.361071,1.977308,2.363556,3.195833,1.958690,1.193889,1.669167,1.277778,2.047619,2.506563,2.182083,2.803690
Electrode Burst Metrics
    Number of Bursts,539.000000,670.000000,976.000000,975.000000,959.000000,1020.000000,443.000000,961.000000,741.000000,651.000000,652.000000,887.000000,1017.000000,938.000000,594.000000,1129.000000,798.000000,930.000000,857.000000,823.000000,777.000000,734.000000,886.000000,1070.000000,667.000000,437.000000,469.000000,640.000000,749.000000,923.000000,1414.000000,1098.000000,775.000000,971.000000,1036.000000,708.000000,646.000000,655.000000,1171.000000,1380.000000,773.000000,706.000000,553.000000,424.000000,1056.000000,1361.000000,942.000000,1223.000000
    Number of Bursting Electrodes,11.000000,12.000000,13.000000,16.000000,14.000000,14.000000,9.000000,13.000000,12.000000,12.000000,15.000000,14.000000,14.000000,15.000000,14.000000,15.000000,15.000000,11.000000,14.000000,15.000000,14.000000,14.000000,13.000000,15.000000,12.000000,13.000000,13.000000,11.000000,12.000000,16.000000,16.000000,15.000000,11.000000,15.000000,15.000000,14.000000,14.000000,12.000000,15.000000,13.000000,15.000000,15.000000,11.000000,9.000000,13.000000,16.000000,12.000000,14.000000
    Burst Duration - Avg (sec),0.118095,0.150222,0.141668,0.205742,0.149081,0.145553,0.091313,0.073043,0.131068,0.119996,0.120474,0.261558,0.122839,0.118332,0.230390,0.132674,0.108207,0.122459,0.170043,0.235931,0.228972,0.176979,0.135597,0.174362,0.164285,0.092645,0.251567,0.135501,0.158874,0.121377,0.110807,0.119981,0.073441,0.190477,0.180758,0.234412,0.150257,0.157253,0.152566,0.187525,0.294158,0.176791,0.388559,0.145376,0.136734,0.129011,0.209480,0.197119
    Burst Duration - Std (sec),0.030047,0.052071,0.046495,0.258118,0.063655,0.099509,0.024389,0.041965,0.041188,0.050531,0.046859,0.391628,0.021219,0.034547,0.174527,0.201030,0.029114,0.018304,0.077620,0.199624,0.144412,0.064197,0.054011,0.116180,0.207265,0.038818,0.158803,0.039596,0.077380,0.045507,0.044125,0.058397,0.013777,0.146260,0.153199,0.084315,0.112854,0.034599,0.071872,0.175538,0.307856,0.198821,0.453940,0.138311,0.076318,0.049260,0.304245,0.132543
    Number of Spikes per Burst - Avg,10.677099,11.748899,12.574318,13.768700,12.664000,14.006621,9.497821,9.700615,12.217333,11.720884,11.751209,14.504821,13.390680,14.775263,13.378800,10.660108,11.195889,13.879709,12.098552,13.832131,16.582345,14.049363,15.202074,14.737867,11.961279,8.710568,16.978681,13.925644,13.100269,11.434301,12.850420,11.050625,10.486541,16.166823,13.504778,19.519367,11.558549,17.428485,13.821647,15.430233,12.874916,11.253191,13.952712,13.083049,12.090507,12.692032,12.426662,16.369804
    Number of Spikes per Burst - Std,2.969966,2.926883,3.409614,5.707349,3.425497,5.285202,2.136155,2.896986,3.766570,5.193392,5.050461,5.466176,5.720348,6.252718,4.478637,4.272884,3.496916,4.138692,3.235357,4.810524,8.447512,5.385021,7.271261,5.446588,5.114849,2.471401,10.150917,5.590632,5.451879,4.709352,4.271735,4.473758,2.814477,5.260426,3.644283,9.000197,4.048236,5.580795,3.963286,5.091920,4.096785,2.982787,4.495998,8.562844,2.291322,4.452676,4.184239,3.310893
    Mean ISI within Burst - Avg (sec),0.011841,0.014997,0.012016,0.011476,0.011894,0.009905,0.010557,0.007406,0.009783,0.012782,0.010491,0.016570,0.009737,0.008206,0.017910,0.009837,0.010803,0.008274,0.014436,0.016142,0.016750,0.011428,0.008572,0.009597,0.013385,0.010602,0.015220,0.009506,0.013333,0.011089,0.008555,0.009743,0.008050,0.008349,0.012015,0.012987,0.011301,0.007386,0.009991,0.011146,0.017167,0.014180,0.033136,0.010242,0.011336,0.009515,0.018093,0.009363
    Mean ISI within Burst - Std (sec),0.005644,0.010635,0.007185,0.007799,0.005417,0.004928,0.001951,0.002789,0.001338,0.006067,0.005001,0.023943,0.003363,0.002367,0.017244,0.008569,0.004447,0.001787,0.005845,0.020148,0.021924,0.005250,0.002642,0.003850,0.011789,0.002480,0.008073,0.002363,0.006123,0.004302,0.003104,0.002740,0.001918,0.003843,0.008103,0.008557,0.006632,0.002130,0.005721,0.012805,0.014140,0.015458,0.055830,0.004204,0.008883,0.004127,0.031268,0.005510
    Median ISI within Burst - Avg (sec),0.009516,0.011791,0.008123,0.009255,0.008571,0.007657,0.008632,0.006075,0.007402,0.009858,0.007750,0.010756,0.007337,0.006149,0.012098,0.007594,0.007920,0.006241,0.010302,0.011662,0.013354,0.007265,0.006763,0.007202,0.010160,0.008666,0.010541,0.007336,0.010149,0.008235,0.006557,0.007127,0.006473,0.006315,0.009415,0.009701,0.007966,0.005376,0.007036,0.008527,0.012237,0.010233,0.021556,0.008085,0.008560,0.006975,0.011253,0.006853
    Median ISI within Burst - Std (sec),0.004953,0.010329,0.004008,0.007028,0.003682,0.004122,0.002376,0.002891,0.001398,0.004616,0.004007,0.013738,0.002679,0.001859,0.008938,0.006260,0.003101,0.001441,0.003509,0.013464,0.019502,0.001892,0.002716,0.002769,0.007746,0.002366,0.004895,0.002146,0.004724,0.003753,0.002136,0.002324,0.002191,0.002807,0.005518,0.006321,0.003289,0.001676,0.003219,0.010607,0.009425,0.008711,0.033398,0.003594,0.007118,0.002970,0.015252,0.003979
    Median/Mean ISI within Burst - Avg,0.825162,0.782845,0.749258,0.822058,0.778813,0.793561,0.839578,0.821220,0.798700,0.789336,0.801009,0.795848,0.787963,0.782209,0.799785,0.803130,0.770202,0.781223,0.786976,0.804028,0.810796,0.773902,0.812256,0.807251,0.800494,0.845544,0.758725,0.793175,0.801376,0.791618,0.810229,0.786364,0.808915,0.813621,0.830665,0.800917,0.794327,0.779292,0.791219,0.789502,0.798187,0.798372,0.783832,0.815136,0.789201,0.787262,0.756732,0.796251
    Median/Mean ISI within Burst - Std,0.076081,0.079800,0.046069,0.044203,0.058333,0.043286,0.094354,0.053128,0.065376,0.051131,0.078763,0.090219,0.039891,0.048580,0.069364,0.062094,0.085396,0.035206,0.060889,0.050251,0.074453,0.049754,0.080273,0.049524,0.092162,0.072596,0.101613,0.055028,0.065054,0.075613,0.060057,0.086537,0.070642,0.034409,0.063626,0.048851,0.137075,0.048554,0.058870,0.041247,0.067708,0.076937,0.076853,0.057864,0.052915,0.034488,0.089174,0.030102
    Inter-Burst Interval - Avg (sec),21.274603,14.801639,13.516715,16.487850,10.830774,17.960488,27.284590,12.546624,10.658668,34.698925,27.833829,27.313389,10.436857,12.976568,37.662966,13.338404,20.160084,7.287200,13.897225,20.468490,17.126780,14.816095,10.362493,11.253592,26.479734,44.440351,23.081004,22.857366,24.591824,15.644321,11.824748,20.926912,14.424597,12.123691,12.783616,20.283096,15.873726,11.264934,11.312657,9.424665,22.697099,21.588773,27.998749,43.052999,15.749616,15.372694,7.275722,9.793437
    Inter-Burst Interval - Std (sec),21.408985,11.434821,19.480151,21.359508,5.809512,23.981627,44.587378,9.528207,3.891954,59.113633,40.940032,47.837295,7.136218,11.680657,52.528405,19.843880,23.190700,1.480796,11.665918,24.184539,17.347209,10.798544,6.520829,8.872280,51.443819,98.646937,19.301640,39.985861,30.939266,11.758552,16.836146,33.674634,21.377194,9.970653,15.837949,22.647431,10.667896,2.697266,10.459481,12.904191,24.377116,26.690667,36.679246,77.124481,23.833102,18.904034,2.986264,9.204107
    Burst Frequency - Avg (Hz),0.081667,0.093056,0.125128,0.101563,0.114167,0.121429,0.082037,0.123205,0.102917,0.090417,0.072444,0.105595,0.121071,0.104222,0.070714,0.125444,0.088667,0.140909,0.102024,0.091444,0.092500,0.087381,0.113590,0.118889,0.092639,0.056026,0.060128,0.096970,0.104028,0.096146,0.147292,0.122000,0.117424,0.107889,0.115111,0.084286,0.076905,0.090972,0.130111,0.176923,0.085889,0.078444,0.083788,0.078519,0.135385,0.141771,0.130833,0.145595
    Burst Frequency - Std (Hz),0.043173,0.057476,0.052939,0.047150,0.051052,0.071596,0.046456,0.070177,0.034787,0.059379,0.032009,0.056733,0.046269,0.037182,0.054989,0.080744,0.064196,0.023254,0.049911,0.049964,0.063692,0.036314,0.034223,0.048964,0.058173,0.025005,0.040924,0.039291,0.074157,0.053558,0.062766,0.074168,0.041542,0.039448,0.039997,0.039945,0.043657,0.017530,0.056035,0.071618,0.064850,0.044896,0.065158,0.053278,0.055653,0.091325,0.076282,0.061117
    IBI Coefficient of Variation - Avg,0.656820,0.573696,0.588169,0.625024,0.581196,0.633002,0.536072,0.575701,0.568343,0.556983,0.502880,0.556009,0.484555,0.536186,0.679906,0.595629,0.611972,0.424690,0.603386,0.632642,0.656926,0.515646,0.573390,0.578575,0.594438,0.756915,0.715318,0.559520,0.694361,0.500865,0.684560,0.624736,0.547606,0.676199,0.424050,0.617026,0.607908,0.524858,0.757222,0.558130,0.620704,0.653236,0.651078,0.572131,0.457117,0.605785,0.580951,0.587241
    IBI Coefficient of Variation - Std,0.246536,0.115790,0.237882,0.081210,0.219728,0.276426,0.065984,0.204867,0.121006,0.215525,0.180517,0.303046,0.168782,0.147192,0.184598,0.222574,0.108560,0.093641,0.120900,0.230096,0.246231,0.086370,0.108470,0.261798,0.258150,0.206010,0.200815,0.196117,0.155630,0.226805,0.224647,0.265616,0.196294,0.227841,0.108977,0.215815,0.218124,0.070891,0.177091,0.328078,0.132283,0.290427,0.187905,0.205786,0.130148,0.252919,0.188945,0.192050
    Burst Percentage - Avg,49.350217,50.885154,60.356710,72.717165,65.732913,60.560138,47.509333,56.551315,61.015314,52.821116,77.105593,67.265032,72.541494,71.966091,55.131310,58.657158,51.189584,66.265806,58.006545,68.889393,64.848980,68.755127,70.428029,76.138171,55.268361,60.593709,57.661577,70.008209,51.435772,72.210961,73.041566,64.175808,62.121921,78.788719,80.095282,71.811055,59.737363,68.391382,70.482276,69.658055,52.911229,63.258831,41.429206,46.451950,65.010624,70.186426,59.260752,71.777330
    Burst Percentage - Std,36.101421,31.080206,35.618087,20.062135,29.881297,36.869126,34.092972,38.768355,27.218370,37.073559,25.356875,40.763962,27.126488,24.606430,38.434091,35.253492,27.082738,41.868825,28.757345,30.573229,36.004531,33.072504,37.820929,26.285411,37.335310,32.466371,35.235556,37.063567,37.917638,25.670280,22.583217,31.386337,38.707742,25.512731,27.761302,34.742286,36.188205,39.896013,26.574265,34.009956,30.032659,29.346422,36.795366,40.146030,38.671100,27.126801,38.785828,31.624710
Network Burst Metrics
    Number of Network Bursts,84.000000,119.000000,119.000000,95.000000,113.000000,126.000000,79.000000,124.000000,103.000000,104.000000,67.000000,88.000000,106.000000,85.000000,84.000000,138.000000,141.000000,96.000000,121.000000,94.000000,94.000000,76.000000,82.000000,101.000000,98.000000,57.000000,72.000000,78.000000,111.000000,91.000000,134.000000,129.000000,101.000000,90.000000,89.000000,72.000000,79.000000,64.000000,112.000000,142.000000,134.000000,95.000000,109.000000,83.000000,110.000000,145.000000,129.000000,128.000000
    Network Burst Frequency,0.140000,0.198333,0.198333,0.158333,0.188333,0.210000,0.131667,0.206667,0.171667,0.173333,0.111667,0.146667,0.176667,0.141667,0.140000,0.230000,0.235000,0.160000,0.201667,0.156667,0.156667,0.126667,0.136667,0.168333,0.163333,0.095000,0.120000,0.130000,0.185000,0.151667,0.223333,0.215000,0.168333,0.150000,0.148333,0.120000,0.131667,0.106667,0.186667,0.236667,0.223333,0.158333,0.181667,0.138333,0.183333,0.241667,0.215000,0.213333
    Network Burst Duration - Avg (sec),0.198183,0.198904,0.233591,0.436696,0.216669,0.189850,0.190398,0.142912,0.230165,0.272276,0.384513,0.193344,0.232926,0.214419,0.277168,0.241437,0.201762,0.220441,0.280720,0.244471,0.258403,0.390983,0.280026,0.292345,0.240341,0.235544,0.333853,0.257002,0.312440,0.302788,0.247001,0.337422,0.173724,0.318549,0.233354,0.328809,0.350004,0.333140,0.408239,0.205968,0.370733,0.173525,0.428767,0.173192,0.334949,0.219672,0.181883,0.227265
    Network Burst Duration - Std (sec),0.283129,0.195383,0.254937,0.926798,0.216852,0.177266,0.102961,0.091434,0.258241,0.132125,0.383825,0.358763,0.183539,0.209544,0.378039,0.241513,0.181782,0.252357,0.293646,0.381667,0.425328,0.347284,0.328243,0.501600,0.179909,0.228411,0.405581,0.289986,0.234566,0.317060,0.209499,0.256524,0.089287,0.557600,0.258750,0.357578,0.380158,0.297576,0.517227,0.247957,0.412237,0.265145,0.358704,0.382642,0.233609,0.275222,0.278683,0.362659
    Number of Spikes per Network Burst - Avg,94.904762,98.991597,136.336134,188.821053,142.389381,146.349206,68.607595,103.104839,115.252427,109.067308,144.567164,174.261364,161.075472,194.764706,131.142857,115.724638,107.141844,151.020833,122.297521,153.308511,181.521277,168.592105,191.219512,182.960396,109.908163,87.596491,162.986111,137.230769,130.324324,158.901099,176.514925,137.015504,101.049505,202.822222,175.898876,243.777778,129.291139,199.875000,188.151786,172.338028,113.462687,110.915789,107.954128,82.578313,143.763636,165.648276,121.689922,183.515625
    Number of Spikes per Network Burst - Std,47.593818,73.160666,73.753745,193.024250,70.039840,101.314269,21.326171,35.626979,71.740507,43.092419,93.517819,201.852085,106.223816,171.074938,130.063853,130.060052,77.790707,131.579072,63.074380,147.278905,243.796219,119.655971,128.386091,198.065642,51.690811,39.847862,176.380630,124.826833,77.721199,64.173386,102.339898,81.432006,30.366553,260.986141,110.254978,244.535330,130.930315,217.225031,226.861795,101.281917,115.412347,79.268553,134.816912,130.023743,72.672311,114.339075,130.324822,238.852736
    Mean ISI within Network Burst - Avg (sec),0.001918,0.002050,0.001695,0.001667,0.001459,0.001259,0.002824,0.001427,0.001944,0.002580,0.002435,0.000907,0.001455,0.001124,0.001921,0.002165,0.002094,0.001360,0.002517,0.001312,0.001284,0.002235,0.001226,0.001199,0.002189,0.002573,0.001925,0.001734,0.002346,0.001630,0.001360,0.002427,0.001885,0.001366,0.001189,0.001285,0.002726,0.001845,0.001997,0.001048,0.003444,0.001541,0.004817,0.001912,0.002348,0.001272,0.001373,0.001119
    Mean ISI within Network Burst - Std (sec),0.001376,0.001243,0.000923,0.001594,0.000965,0.000319,0.001376,0.000747,0.001246,0.000994,0.001811,0.000425,0.000606,0.000639,0.001448,0.000973,0.001486,0.000538,0.003339,0.000499,0.000777,0.001166,0.000654,0.000791,0.000927,0.001239,0.000663,0.000876,0.000948,0.001068,0.000569,0.000590,0.001202,0.000765,0.000445,0.000472,0.001871,0.000738,0.001405,0.000465,0.001884,0.000985,0.002684,0.001004,0.000997,0.000956,0.000721,0.000538
    Median ISI within Network Burst - Avg (sec),0.000963,0.000789,0.000665,0.000584,0.000624,0.000575,0.001332,0.000550,0.000823,0.000985,0.000714,0.000402,0.000551,0.000479,0.000794,0.000460,0.000768,0.000550,0.000948,0.000600,0.000557,0.000656,0.000525,0.000514,0.000818,0.000989,0.000855,0.000698,0.000885,0.000538,0.000454,0.000593,0.000846,0.000401,0.000526,0.000577,0.000843,0.000449,0.000536,0.000473,0.000856,0.000706,0.001034,0.000993,0.000557,0.000442,0.000609,0.000459
    Median ISI within Network Burst - Std (sec),0.000474,0.000248,0.000238,0.000417,0.000220,0.000154,0.000700,0.000321,0.000392,0.000347,0.000498,0.000104,0.000172,0.000279,0.000323,0.000150,0.000336,0.000167,0.000448,0.000146,0.000142,0.000393,0.000222,0.000285,0.000327,0.000535,0.000242,0.000219,0.000295,0.000209,0.000182,0.000216,0.000517,0.000162,0.000144,0.000177,0.000542,0.000177,0.000274,0.000196,0.000285,0.000328,0.000362,0.000279,0.000181,0.000118,0.000152,0.000181
    Median/Mean ISI within Network Burst - Avg,0.552099,0.447150,0.438493,0.403738,0.494501,0.467936,0.496102,0.406443,0.470227,0.412892,0.367154,0.483823,0.413601,0.445181,0.493732,0.244536,0.433771,0.435929,0.476210,0.489949,0.516471,0.346715,0.477616,0.462646,0.406000,0.426320,0.468471,0.460492,0.418734,0.405839,0.370274,0.253193,0.480877,0.352985,0.467572,0.474505,0.366589,0.277802,0.358578,0.470481,0.318023,0.504703,0.291087,0.570211,0.270895,0.443164,0.493990,0.443040
    Median/Mean ISI within Network Burst - Std,0.115361,0.149396,0.130495,0.115749,0.143660,0.109290,0.156047,0.142632,0.157751,0.149076,0.182569,0.126407,0.137570,0.114536,0.148870,0.118995,0.141960,0.119644,0.155056,0.123236,0.165795,0.170930,0.134911,0.103629,0.139200,0.192108,0.114833,0.146820,0.145580,0.164965,0.143146,0.097941,0.149501,0.171845,0.105372,0.112623,0.166851,0.136928,0.175321,0.097868,0.165888,0.139433,0.182653,0.148039,0.110021,0.171433,0.135079,0.124945
    Number of Elecs Participating in Burst - Avg,12.119048,11.260504,13.319328,15.842105,14.345133,13.888889,9.177215,13.370968,11.514563,11.875000,14.029851,14.840909,13.660377,14.670588,14.178571,14.413043,13.609929,12.250000,13.785124,14.925532,12.606383,14.263158,13.414634,15.198020,11.367347,13.403509,11.152778,11.115385,11.486486,15.648352,15.716418,13.550388,11.801980,14.955556,15.011236,14.722222,12.860759,13.703125,15.008929,13.274648,13.313433,14.263158,10.752294,9.445783,13.990909,15.082759,11.651163,14.015625
    Number of Elecs Participating in Burst - Std,1.293215,0.796839,0.662977,0.394531,0.764969,1.278888,1.163103,1.450919,0.884109,1.676146,1.413894,0.709320,1.050050,0.836493,1.363559,1.037461,1.340432,0.882580,1.170517,0.870538,0.906584,1.170395,0.800482,0.969740,1.263180,1.334429,1.285452,0.755598,1.085984,0.911331,0.514627,1.452160,1.122674,0.846820,0.384187,1.355450,1.106324,0.937401,0.703857,0.745144,1.596132,1.093604,1.341337,1.073551,0.807027,0.975416,0.725120,0.720721
    Number of Spikes per Network Burst per Channel - Avg,7.738954,8.695493,10.162377,11.878565,9.863518,10.419933,7.469804,7.673705,9.915022,9.114492,10.057304,11.607020,11.628471,13.180817,9.064058,7.986565,7.655357,12.379296,8.681439,10.148199,14.296498,11.758747,14.126722,11.927328,9.641173,6.404523,14.432426,12.286791,11.221051,10.077505,11.192306,10.066194,8.501422,13.355535,11.673141,16.424859,9.842922,14.374101,12.444994,12.917396,8.285780,7.727594,9.594098,8.535021,10.191026,10.889010,10.427043,12.997751
    Number of Spikes per Network Burst per Channel - Std,3.720072,6.099299,5.221596,12.042849,4.717911,6.677777,2.099075,2.503193,6.235295,3.241962,6.065432,12.804930,6.926523,11.336963,8.306711,8.634085,5.030958,10.463339,4.055604,9.349786,18.863348,8.309209,8.944826,12.432630,4.479352,2.568224,15.648099,10.829929,6.061406,3.883123,6.346244,5.861529,2.297201,16.654360,7.118114,16.001839,8.691442,14.959932,14.651315,7.426446,7.684636,5.357226,9.560503,11.708889,4.680329,7.438705,11.024243,16.641224
    Network Burst Percentage,92.119251,93.692834,98.854497,98.973736,99.536035,79.107679,83.294913,92.792858,91.140115,98.250325,98.555149,99.843740,89.289823,71.060652,99.404440,99.687890,96.100509,99.280970,96.190848,99.847572,97.995635,94.609762,98.784099,99.520681,98.051889,92.858471,93.970211,98.946201,98.973727,99.834300,94.984339,99.813644,99.039301,99.520227,99.846929,99.085469,89.158520,82.406751,98.948209,91.112849,91.822684,98.045966,97.489644,98.124553,91.728538,99.817147,99.758516,99.588757
    Network IBI Coefficient of Variation,0.409132,0.376371,0.303492,0.465486,0.272247,0.318046,0.452488,0.373567,0.447851,0.348209,0.318010,0.340982,0.347773,0.443368,0.486070,0.297805,0.422117,0.339032,0.404677,0.311930,0.443650,0.555658,0.494697,0.341991,0.303577,0.416521,0.538378,0.404183,0.584394,0.249539,0.504147,0.264950,0.275466,0.521338,0.321955,0.475246,0.422373,0.511973,0.636014,0.376491,0.361597,0.384830,0.434747,0.341727,0.246052,0.335286,0.347285,0.416691
    Network Normalized Duration IQR,0.341406,0.757875,0.990744,0.574496,0.993663,0.629297,0.723588,0.603428,1.228133,0.698589,2.945276,0.407740,0.663658,0.718792,0.458454,0.558935,0.880686,0.679357,0.787658,0.713641,1.011793,0.879258,1.103466,0.885528,0.572219,0.879924,1.213923,1.777116,0.914232,1.190637,0.658306,0.388807,0.527398,0.753442,0.487410,0.846012,1.356481,0.653502,1.796181,0.715001,0.812079,0.523901,0.495741,0.493396,0.696667,1.198086,0.638859,0.791653
Synchrony Metrics
    Area Under Normalized Cross-Correlation,0.377715,0.432429,0.511276,0.597085,0.548980,0.484219,0.302201,0.622355,0.487859,0.340849,0.639312,0.628236,0.549339,0.589927,0.487244,0.706585,0.517210,0.540756,0.426006,0.562149,0.463417,0.556752,0.557647,0.660359,0.370415,0.537400,0.357093,0.459205,0.359740,0.637625,0.697845,0.582050,0.484545,0.740983,0.595789,0.487658,0.486268,0.592232,0.659757,0.574565,0.471418,0.556313,0.320963,0.294426,0.588541,0.648297,0.466669,0.638038
    Area Under Cross-Correlation,1.741819,2.613028,4.507181,5.642472,4.697958,5.781569,0.883528,4.692792,3.059889,2.298917,3.115764,5.806736,5.776278,6.801500,2.531542,5.530806,4.194778,4.343958,3.298208,4.034639,4.624792,3.747306,5.296653,6.231806,2.385125,1.198764,2.217417,2.558153,3.160333,4.978167,9.823750,5.269750,2.815931,7.953708,5.035167,5.191375,2.641306,4.665792,7.760500,9.214431,3.182389,2.894819,2.016500,1.118042,4.902361,9.540639,3.939444,8.599431
    Full Width at Half Height of Normalized Cross-Correlation,16.000000,12.000000,11.000000,11.000000,11.000000,25.000000,11.000000,14.000000,15.000000,16.000000,22.000000,10.000000,13.000000,21.000000,21.000000,16.000000,14.000000,13.000000,19.000000,19.000000,11.000000,16.000000,19.000000,17.000000,12.000000,17.000000,8.000000,14.000000,15.000000,16.000000,17.000000,12.000000,19.000000,18.000000,12.000000,15.000000,19.000000,22.000000,18.000000,18.000000,17.000000,8.000000,10.000000,15.000000,11.000000,12.000000,13.000000,17.000000
    Full Width at Half Height of Cross-Correlation,75.000000,61.000000,68.000000,70.000000,73.000000,78.000000,61.000000,46.000000,62.000000,89.000000,59.000000,61.000000,71.000000,63.000000,73.000000,41.000000,59.000000,64.000000,100.000000,75.000000,79.000000,67.000000,73.000000,60.000000,77.000000,55.000000,81.000000,76.000000,87.000000,61.000000,65.000000,56.000000,66.000000,65.000000,80.000000,101.000000,55.000000,54.000000,66.000000,67.000000,68.000000,63.000000,82.000000,69.000000,58.000000,64.000000,57.000000,63.000000
    Synchrony Index, , , , , , , , , , , , , , , , , , , , , , , , , , , , , , , , , , , , , , , , , , , , , , , , 
    Kreuz SPIKE Distance, , , , , , , , , , , , , , , , , , , , , , , , , , , , , , , , , , , , , , , , , , , , , , , , 
Average Network Burst Metrics
    Start Electrode,41.000000,41.000000,14.000000,23.000000,11.000000,34.000000,13.000000,44.000000,24.000000,33.000000,31.000000,12.000000,12.000000,24.000000,22.000000,42.000000,32.000000,41.000000,13.000000,21.000000,43.000000,11.000000,41.000000,31.000000,13.000000,13.000000,12.000000,34.000000,21.000000,13.000000,11.000000,41.000000,11.000000,44.000000,22.000000,13.000000,14.000000,21.000000,14.000000,43.000000,11.000000,21.000000,44.000000,21.000000,11.000000,21.000000,42.000000,41.000000
    Percent Bursts with Start Electrode,26.190476,43.697479,34.453782,29.473684,30.973451,28.571429,35.443038,24.193548,32.038835,29.807692,31.343284,19.318182,26.415094,37.647059,41.666667,22.463768,31.205674,19.791667,49.586777,39.361702,19.148936,23.684211,41.463415,20.792079,21.428571,43.859649,19.444444,26.923077,45.045045,29.670330,26.119403,20.155039,30.693069,23.333333,30.337079,45.833333,34.177215,35.937500,30.357143,42.957746,54.477612,30.526316,26.605505,39.759036,40.909091,17.931034,27.131783,28.906250
    Burst Peak (Max Spikes per sec),1297.619048,1100.840336,1336.134454,1126.315789,1292.035398,1325.396825,784.810127,1475.806452,980.582524,750.000000,2432.835821,2477.272727,1839.622642,1188.235294,1142.857143,2311.594203,1326.241135,1854.166667,975.206612,1563.829787,1531.914894,1434.210526,2548.780488,2267.326733,897.959184,1210.526316,1069.444444,1435.897436,1099.099099,2307.692308,1067.164179,1767.441860,1198.019802,2500.000000,2044.943820,1750.000000,1594.936709,1078.125000,1526.785714,2028.169014,582.089552,1273.684211,1073.394495,951.807229,600.000000,1765.517241,1682.170543,1585.937500
    Time to Burst Peak (ms),32.500000,12.500000,12.500000,33.500000,18.500000,82.500000,18.500000,38.500000,36.500000,68.500000,20.500000,32.500000,20.500000,22.500000,36.500000,12.500000,9.500000,24.500000,42.500000,37.500000,36.500000,22.500000,26.500000,32.500000,38.500000,50.500000,48.500000,44.500000,44.500000,26.500000,36.500000,20.500000,40.500000,38.500000,54.500000,44.500000,16.500000,34.500000,27.500000,38.500000,14.500000,40.500000,36.500000,30.500000,78.500000,36.500000,8.500000,56.500000

Measurement,A1_11,A1_12,A1_13,A1_14,A1_21,A1_22,A1_23,A1_24,A1_31,A1_32,A1_33,A1_34,A1_41,A1_42,A1_43,A1_44,A2_11,A2_12,A2_13,A2_14,A2_21,A2_22,A2_23,A2_24,A2_31,A2_32,A2_33,A2_34,A2_41,A2_42,A2_43,A2_44,A3_11,A3_12,A3_13,A3_14,A3_21,A3_22,A3_23,A3_24,A3_31,A3_32,A3_33,A3_34,A3_41,A3_42,A3_43,A3_44,A4_11,A4_12,A4_13,A4_14,A4_21,A4_22,A4_23,A4_24,A4_31,A4_32,A4_33,A4_34,A4_41,A4_42,A4_43,A4_44,A5_11,A5_12,A5_13,A5_14,A5_21,A5_22,A5_23,A5_24,A5_31,A5_32,A5_33,A5_34,A5_41,A5_42,A5_43,A5_44,A6_11,A6_12,A6_13,A6_14,A6_21,A6_22,A6_23,A6_24,A6_31,A6_32,A6_33,A6_34,A6_41,A6_42,A6_43,A6_44,A7_11,A7_12,A7_13,A7_14,A7_21,A7_22,A7_23,A7_24,A7_31,A7_32,A7_33,A7_34,A7_41,A7_42,A7_43,A7_44,A8_11,A8_12,A8_13,A8_14,A8_21,A8_22,A8_23,A8_24,A8_31,A8_32,A8_33,A8_34,A8_41,A8_42,A8_43,A8_44,B1_11,B1_12,B1_13,B1_14,B1_21,B1_22,B1_23,B1_24,B1_31,B1_32,B1_33,B1_34,B1_41,B1_42,B1_43,B1_44,B2_11,B2_12,B2_13,B2_14,B2_21,B2_22,B2_23,B2_24,B2_31,B2_32,B2_33,B2_34,B2_41,B2_42,B2_43,B2_44,B3_11,B3_12,B3_13,B3_14,B3_21,B3_22,B3_23,B3_24,B3_31,B3_32,B3_33,B3_34,B3_41,B3_42,B3_43,B3_44,B4_11,B4_12,B4_13,B4_14,B4_21,B4_22,B4_23,B4_24,B4_31,B4_32,B4_33,B4_34,B4_41,B4_42,B4_43,B4_44,B5_11,B5_12,B5_13,B5_14,B5_21,B5_22,B5_23,B5_24,B5_31,B5_32,B5_33,B5_34,B5_41,B5_42,B5_43,B5_44,B6_11,B6_12,B6_13,B6_14,B6_21,B6_22,B6_23,B6_24,B6_31,B6_32,B6_33,B6_34,B6_41,B6_42,B6_43,B6_44,B7_11,B7_12,B7_13,B7_14,B7_21,B7_22,B7_23,B7_24,B7_31,B7_32,B7_33,B7_34,B7_41,B7_42,B7_43,B7_44,B8_11,B8_12,B8_13,B8_14,B8_21,B8_22,B8_23,B8_24,B8_31,B8_32,B8_33,B8_34,B8_41,B8_42,B8_43,B8_44,C1_11,C1_12,C1_13,C1_14,C1_21,C1_22,C1_23,C1_24,C1_31,C1_32,C1_33,C1_34,C1_41,C1_42,C1_43,C1_44,C2_11,C2_12,C2_13,C2_14,C2_21,C2_22,C2_23,C2_24,C2_31,C2_32,C2_33,C2_34,C2_41,C2_42,C2_43,C2_44,C3_11,C3_12,C3_13,C3_14,C3_21,C3_22,C3_23,C3_24,C3_31,C3_32,C3_33,C3_34,C3_41,C3_42,C3_43,C3_44,C4_11,C4_12,C4_13,C4_14,C4_21,C4_22,C4_23,C4_24,C4_31,C4_32,C4_33,C4_34,C4_41,C4_42,C4_43,C4_44,C5_11,C5_12,C5_13,C5_14,C5_21,C5_22,C5_23,C5_24,C5_31,C5_32,C5_33,C5_34,C5_41,C5_42,C5_43,C5_44,C6_11,C6_12,C6_13,C6_14,C6_21,C6_22,C6_23,C6_24,C6_31,C6_32,C6_33,C6_34,C6_41,C6_42,C6_43,C6_44,C7_11,C7_12,C7_13,C7_14,C7_21,C7_22,C7_23,C7_24,C7_31,C7_32,C7_33,C7_34,C7_41,C7_42,C7_43,C7_44,C8_11,C8_12,C8_13,C8_14,C8_21,C8_22,C8_23,C8_24,C8_31,C8_32,C8_33,C8_34,C8_41,C8_42,C8_43,C8_44,D1_11,D1_12,D1_13,D1_14,D1_21,D1_22,D1_23,D1_24,D1_31,D1_32,D1_33,D1_34,D1_41,D1_42,D1_43,D1_44,D2_11,D2_12,D2_13,D2_14,D2_21,D2_22,D2_23,D2_24,D2_31,D2_32,D2_33,D2_34,D2_41,D2_42,D2_43,D2_44,D3_11,D3_12,D3_13,D3_14,D3_21,D3_22,D3_23,D3_24,D3_31,D3_32,D3_33,D3_34,D3_41,D3_42,D3_43,D3_44,D4_11,D4_12,D4_13,D4_14,D4_21,D4_22,D4_23,D4_24,D4_31,D4_32,D4_33,D4_34,D4_41,D4_42,D4_43,D4_44,D5_11,D5_12,D5_13,D5_14,D5_21,D5_22,D5_23,D5_24,D5_31,D5_32,D5_33,D5_34,D5_41,D5_42,D5_43,D5_44,D6_11,D6_12,D6_13,D6_14,D6_21,D6_22,D6_23,D6_24,D6_31,D6_32,D6_33,D6_34,D6_41,D6_42,D6_43,D6_44,D7_11,D7_12,D7_13,D7_14,D7_21,D7_22,D7_23,D7_24,D7_31,D7_32,D7_33,D7_34,D7_41,D7_42,D7_43,D7_44,D8_11,D8_12,D8_13,D8_14,D8_21,D8_22,D8_23,D8_24,D8_31,D8_32,D8_33,D8_34,D8_41,D8_42,D8_43,D8_44,E1_11,E1_12,E1_13,E1_14,E1_21,E1_22,E1_23,E1_24,E1_31,E1_32,E1_33,E1_34,E1_41,E1_42,E1_43,E1_44,E2_11,E2_12,E2_13,E2_14,E2_21,E2_22,E2_23,E2_24,E2_31,E2_32,E2_33,E2_34,E2_41,E2_42,E2_43,E2_44,E3_11,E3_12,E3_13,E3_14,E3_21,E3_22,E3_23,E3_24,E3_31,E3_32,E3_33,E3_34,E3_41,E3_42,E3_43,E3_44,E4_11,E4_12,E4_13,E4_14,E4_21,E4_22,E4_23,E4_24,E4_31,E4_32,E4_33,E4_34,E4_41,E4_42,E4_43,E4_44,E5_11,E5_12,E5_13,E5_14,E5_21,E5_22,E5_23,E5_24,E5_31,E5_32,E5_33,E5_34,E5_41,E5_42,E5_43,E5_44,E6_11,E6_12,E6_13,E6_14,E6_21,E6_22,E6_23,E6_24,E6_31,E6_32,E6_33,E6_34,E6_41,E6_42,E6_43,E6_44,E7_11,E7_12,E7_13,E7_14,E7_21,E7_22,E7_23,E7_24,E7_31,E7_32,E7_33,E7_34,E7_41,E7_42,E7_43,E7_44,E8_11,E8_12,E8_13,E8_14,E8_21,E8_22,E8_23,E8_24,E8_31,E8_32,E8_33,E8_34,E8_41,E8_42,E8_43,E8_44,F1_11,F1_12,F1_13,F1_14,F1_21,F1_22,F1_23,F1_24,F1_31,F1_32,F1_33,F1_34,F1_41,F1_42,F1_43,F1_44,F2_11,F2_12,F2_13,F2_14,F2_21,F2_22,F2_23,F2_24,F2_31,F2_32,F2_33,F2_34,F2_41,F2_42,F2_43,F2_44,F3_11,F3_12,F3_13,F3_14,F3_21,F3_22,F3_23,F3_24,F3_31,F3_32,F3_33,F3_34,F3_41,F3_42,F3_43,F3_44,F4_11,F4_12,F4_13,F4_14,F4_21,F4_22,F4_23,F4_24,F4_31,F4_32,F4_33,F4_34,F4_41,F4_42,F4_43,F4_44,F5_11,F5_12,F5_13,F5_14,F5_21,F5_22,F5_23,F5_24,F5_31,F5_32,F5_33,F5_34,F5_41,F5_42,F5_43,F5_44,F6_11,F6_12,F6_13,F6_14,F6_21,F6_22,F6_23,F6_24,F6_31,F6_32,F6_33,F6_34,F6_41,F6_42,F6_43,F6_44,F7_11,F7_12,F7_13,F7_14,F7_21,F7_22,F7_23,F7_24,F7_31,F7_32,F7_33,F7_34,F7_41,F7_42,F7_43,F7_44,F8_11,F8_12,F8_13,F8_14,F8_21,F8_22,F8_23,F8_24,F8_31,F8_32,F8_33,F8_34,F8_41,F8_42,F8_43,F8_44,
Activity Metrics
    Number of Spikes,63.000000,89.000000,921.000000,561.000000,230.000000,1342.000000,43.000000,1090.000000,893.000000,300.000000,1.000000,212.000000,1224.000000,637.000000,0.000000,1048.000000,8.000000,1478.000000,0.000000,0.000000,1002.000000,660.000000,1721.000000,1970.000000,526.000000,1463.000000,1383.000000,60.000000,871.000000,452.000000,4.000000,975.000000,814.000000,1.000000,27.000000,2055.000000,826.000000,802.000000,2161.000000,1269.000000,1282.000000,854.000000,988.000000,27.000000,1709.000000,2101.000000,298.000000,1198.000000,746.000000,643.000000,898.000000,220.000000,1483.000000,473.000000,2327.000000,1308.000000,782.000000,1622.000000,910.000000,1246.000000,2808.000000,1296.000000,600.000000,762.000000,1150.000000,1292.000000,557.000000,83.000000,1098.000000,787.000000,573.000000,1408.000000,2051.000000,3.000000,2192.000000,880.000000,716.000000,734.000000,2041.000000,600.000000,681.000000,31.000000,370.000000,2748.000000,293.000000,1766.000000,54.000000,639.000000,1790.000000,1248.000000,2115.000000,3950.000000,2615.000000,1813.000000,1793.000000,1404.000000,1388.000000,0.000000,1101.000000,2.000000,0.000000,34.000000,0.000000,0.000000,157.000000,528.000000,940.000000,599.000000,413.000000,36.000000,621.000000,688.000000,839.000000,1037.000000,1324.000000,448.000000,54.000000,407.000000,1548.000000,1031.000000,1309.000000,26.000000,1604.000000,1480.000000,49.000000,504.000000,276.000000,1842.000000,810.000000,584.000000,0.000000,1.000000,1709.000000,485.000000,1367.000000,1859.000000,1502.000000,389.000000,0.000000,727.000000,1520.000000,1253.000000,1.000000,818.000000,1891.000000,34.000000,1132.000000,994.000000,1060.000000,41.000000,0.000000,429.000000,41.000000,742.000000,2211.000000,197.000000,298.000000,532.000000,1826.000000,117.000000,960.000000,100.000000,507.000000,926.000000,0.000000,538.000000,1290.000000,585.000000,682.000000,491.000000,507.000000,576.000000,827.000000,272.000000,119.000000,1448.000000,2324.000000,652.000000,1248.000000,65.000000,1587.000000,1383.000000,274.000000,977.000000,257.000000,790.000000,1416.000000,45.000000,314.000000,853.000000,1798.000000,1376.000000,796.000000,3341.000000,1434.000000,1504.000000,357.000000,27.000000,1112.000000,1281.000000,797.000000,956.000000,734.000000,0.000000,295.000000,1170.000000,1881.000000,3437.000000,231.000000,886.000000,1303.000000,2570.000000,711.000000,655.000000,1046.000000,3658.000000,1237.000000,0.000000,503.000000,4548.000000,1140.000000,634.000000,1344.000000,2831.000000,326.000000,251.000000,185.000000,209.000000,622.000000,1590.000000,11.000000,998.000000,1669.000000,1090.000000,209.000000,983.000000,1421.000000,396.000000,97.000000,1025.000000,1339.000000,978.000000,1128.000000,1280.000000,1376.000000,1715.000000,1938.000000,329.000000,32.000000,1106.000000,1805.000000,516.000000,191.000000,1350.000000,756.000000,181.000000,277.000000,2049.000000,323.000000,1073.000000,185.000000,1181.000000,563.000000,1133.000000,196.000000,759.000000,2358.000000,1901.000000,1660.000000,1.000000,619.000000,1442.000000,4.000000,1168.000000,836.000000,48.000000,1197.000000,2195.000000,1850.000000,711.000000,1410.000000,79.000000,43.000000,0.000000,1897.000000,876.000000,1127.000000,1162.000000,2145.000000,848.000000,2328.000000,57.000000,394.000000,912.000000,615.000000,625.000000,625.000000,1294.000000,4.000000,1397.000000,1186.000000,1106.000000,864.000000,984.000000,830.000000,1043.000000,226.000000,1168.000000,1653.000000,1327.000000,164.000000,1345.000000,980.000000,761.000000,37.000000,826.000000,436.000000,1103.000000,720.000000,1814.000000,2010.000000,4.000000,133.000000,1804.000000,382.000000,1499.000000,744.000000,1643.000000,167.000000,1530.000000,1822.000000,39.000000,1084.000000,1574.000000,2977.000000,0.000000,710.000000,1219.000000,57.000000,1297.000000,1748.000000,286.000000,10.000000,819.000000,966.000000,585.000000,629.000000,394.000000,907.000000,1873.000000,1791.000000,252.000000,244.000000,1533.000000,1275.000000,2089.000000,957.000000,496.000000,5.000000,1449.000000,901.000000,930.000000,465.000000,2.000000,1722.000000,1135.000000,2596.000000,74.000000,598.000000,720.000000,1556.000000,959.000000,1958.000000,2177.000000,109.000000,1191.000000,310.000000,1334.000000,693.000000,1840.000000,1047.000000,877.000000,1307.000000,1892.000000,787.000000,10.000000,2246.000000,38.000000,1514.000000,442.000000,289.000000,1161.000000,3.000000,1211.000000,162.000000,0.000000,60.000000,1470.000000,478.000000,1114.000000,65.000000,370.000000,543.000000,21.000000,356.000000,379.000000,457.000000,570.000000,260.000000,0.000000,462.000000,253.000000,710.000000,355.000000,467.000000,109.000000,463.000000,1619.000000,943.000000,2068.000000,369.000000,50.000000,4.000000,991.000000,0.000000,134.000000,798.000000,2078.000000,943.000000,1994.000000,2.000000,32.000000,20.000000,0.000000,866.000000,903.000000,21.000000,339.000000,120.000000,0.000000,948.000000,578.000000,1780.000000,1422.000000,1681.000000,760.000000,0.000000,1380.000000,199.000000,2619.000000,136.000000,882.000000,2292.000000,31.000000,1828.000000,408.000000,4.000000,1350.000000,7.000000,0.000000,600.000000,455.000000,2072.000000,1733.000000,351.000000,274.000000,1181.000000,540.000000,1096.000000,451.000000,1260.000000,513.000000,364.000000,1116.000000,1553.000000,864.000000,713.000000,2195.000000,301.000000,1712.000000,1079.000000,262.000000,1361.000000,2105.000000,1345.000000,3213.000000,2443.000000,3173.000000,1522.000000,656.000000,1082.000000,979.000000,1273.000000,1398.000000,1121.000000,1890.000000,1910.000000,167.000000,1429.000000,1320.000000,3.000000,187.000000,2777.000000,754.000000,336.000000,311.000000,2176.000000,1075.000000,923.000000,1711.000000,1666.000000,963.000000,1321.000000,0.000000,561.000000,1009.000000,994.000000,53.000000,0.000000,1188.000000,174.000000,1008.000000,821.000000,1537.000000,17.000000,860.000000,676.000000,86.000000,464.000000,610.000000,1062.000000,1635.000000,821.000000,374.000000,1993.000000,39.000000,1477.000000,566.000000,1115.000000,1344.000000,1705.000000,1429.000000,1671.000000,2037.000000,1044.000000,1268.000000,363.000000,1163.000000,664.000000,755.000000,1439.000000,1084.000000,972.000000,1003.000000,1163.000000,7.000000,480.000000,868.000000,1339.000000,2067.000000,1396.000000,823.000000,2284.000000,540.000000,1703.000000,89.000000,2362.000000,1081.000000,1316.000000,357.000000,164.000000,2064.000000,666.000000,29.000000,217.000000,2623.000000,12.000000,662.000000,869.000000,1410.000000,1583.000000,558.000000,11.000000,502.000000,73.000000,209.000000,1056.000000,1426.000000,944.000000,1083.000000,614.000000,444.000000,1088.000000,43.000000,1124.000000,1112.000000,3622.000000,1560.000000,0.000000,88.000000,1120.000000,57.000000,356.000000,1584.000000,567.000000,1265.000000,513.000000,1424.000000,802.000000,1591.000000,2124.000000,3017.000000,1568.000000,1413.000000,25.000000,1534.000000,1088.000000,2132.000000,1181.000000,495.000000,470.000000,557.000000,1408.000000,1892.000000,2579.000000,1072.000000,1963.000000,693.000000,3153.000000,2112.000000,77.000000,493.000000,1186.000000,0.000000,14.000000,3301.000000,1523.000000,2131.000000,5153.000000,1409.000000,764.000000,50.000000,1543.000000,1879.000000,1502.000000,2551.000000,1362.000000,55.000000,682.000000,1585.000000,448.000000,161.000000,596.000000,411.000000,1825.000000,1144.000000,2.000000,1561.000000,1240.000000,293.000000,485.000000,977.000000,1100.000000,507.000000,653.000000,630.000000,598.000000,128.000000,851.000000,539.000000,514.000000,669.000000,3.000000,1275.000000,1124.000000,509.000000,944.000000,95.000000,20.000000,2432.000000,102.000000,246.000000,26.000000,3.000000,1566.000000,151.000000,818.000000,2756.000000,846.000000,24.000000,770.000000,144.000000,1820.000000,406.000000,37.000000,463.000000,0.000000,0.000000,5.000000,367.000000,19.000000,0.000000,1243.000000,841.000000,1262.000000,1452.000000,1022.000000,1733.000000,235.000000,1256.000000,1615.000000,924.000000,15.000000,1628.000000,400.000000,25.000000,1849.000000,1096.000000,1582.000000,1146.000000,1271.000000,658.000000,3109.000000,1872.000000,1883.000000,2403.000000,2359.000000,561.000000,770.000000,2875.000000,154.000000,600.000000,540.000000,965.000000,1268.000000,2775.000000,1798.000000,764.000000,1299.000000,2331.000000,24.000000,1151.000000,0.000000,0.000000,1652.000000,1215.000000,214.000000,1196.000000,1.000000,3086.000000,98.000000,907.000000,2248.000000,935.000000,1854.000000,555.000000,3.000000,2335.000000,1655.000000,1425.000000,887.000000,2692.000000,33.000000,612.000000,2150.000000,2472.000000,2017.000000,1714.000000
    Mean Firing Rate (Hz),0.105000,0.148333,1.535000,0.935000,0.383333,2.236667,0.071667,1.816667,1.488333,0.500000,0.001667,0.353333,2.040000,1.061667,0.000000,1.746667,0.013333,2.463333,0.000000,0.000000,1.670000,1.100000,2.868333,3.283333,0.876667,2.438333,2.305000,0.100000,1.451667,0.753333,0.006667,1.625000,1.356667,0.001667,0.045000,3.425000,1.376667,1.336667,3.601667,2.115000,2.136667,1.423333,1.646667,0.045000,2.848333,3.501667,0.496667,1.996667,1.243333,1.071667,1.496667,0.366667,2.471667,0.788333,3.878333,2.180000,1.303333,2.703333,1.516667,2.076667,4.680000,2.160000,1.000000,1.270000,1.916667,2.153333,0.928333,0.138333,1.830000,1.311667,0.955000,2.346667,3.418333,0.005000,3.653333,1.466667,1.193333,1.223333,3.401667,1.000000,1.135000,0.051667,0.616667,4.580000,0.488333,2.943333,0.090000,1.065000,2.983333,2.080000,3.525000,6.583333,4.358333,3.021667,2.988333,2.340000,2.313333,0.000000,1.835000,0.003333,0.000000,0.056667,0.000000,0.000000,0.261667,0.880000,1.566667,0.998333,0.688333,0.060000,1.035000,1.146667,1.398333,1.728333,2.206667,0.746667,0.090000,0.678333,2.580000,1.718333,2.181667,0.043333,2.673333,2.466667,0.081667,0.840000,0.460000,3.070000,1.350000,0.973333,0.000000,0.001667,2.848333,0.808333,2.278333,3.098333,2.503333,0.648333,0.000000,1.211667,2.533333,2.088333,0.001667,1.363333,3.151667,0.056667,1.886667,1.656667,1.766667,0.068333,0.000000,0.715000,0.068333,1.236667,3.685000,0.328333,0.496667,0.886667,3.043333,0.195000,1.600000,0.166667,0.845000,1.543333,0.000000,0.896667,2.150000,0.975000,1.136667,0.818333,0.845000,0.960000,1.378333,0.453333,0.198333,2.413333,3.873333,1.086667,2.080000,0.108333,2.645000,2.305000,0.456667,1.628333,0.428333,1.316667,2.360000,0.075000,0.523333,1.421667,2.996667,2.293333,1.326667,5.568333,2.390000,2.506667,0.595000,0.045000,1.853333,2.135000,1.328333,1.593333,1.223333,0.000000,0.491667,1.950000,3.135000,5.728333,0.385000,1.476667,2.171667,4.283333,1.185000,1.091667,1.743333,6.096667,2.061667,0.000000,0.838333,7.580000,1.900000,1.056667,2.240000,4.718333,0.543333,0.418333,0.308333,0.348333,1.036667,2.650000,0.018333,1.663333,2.781667,1.816667,0.348333,1.638333,2.368333,0.660000,0.161667,1.708333,2.231667,1.630000,1.880000,2.133333,2.293333,2.858333,3.230000,0.548333,0.053333,1.843333,3.008333,0.860000,0.318333,2.250000,1.260000,0.301667,0.461667,3.415000,0.538333,1.788333,0.308333,1.968333,0.938333,1.888333,0.326667,1.265000,3.930000,3.168333,2.766667,0.001667,1.031667,2.403333,0.006667,1.946667,1.393333,0.080000,1.995000,3.658333,3.083333,1.185000,2.350000,0.131667,0.071667,0.000000,3.161667,1.460000,1.878333,1.936667,3.575000,1.413333,3.880000,0.095000,0.656667,1.520000,1.025000,1.041667,1.041667,2.156667,0.006667,2.328333,1.976667,1.843333,1.440000,1.640000,1.383333,1.738333,0.376667,1.946667,2.755000,2.211667,0.273333,2.241667,1.633333,1.268333,0.061667,1.376667,0.726667,1.838333,1.200000,3.023333,3.350000,0.006667,0.221667,3.006667,0.636667,2.498333,1.240000,2.738333,0.278333,2.550000,3.036667,0.065000,1.806667,2.623333,4.961667,0.000000,1.183333,2.031667,0.095000,2.161667,2.913333,0.476667,0.016667,1.365000,1.610000,0.975000,1.048333,0.656667,1.511667,3.121667,2.985000,0.420000,0.406667,2.555000,2.125000,3.481667,1.595000,0.826667,0.008333,2.415000,1.501667,1.550000,0.775000,0.003333,2.870000,1.891667,4.326667,0.123333,0.996667,1.200000,2.593333,1.598333,3.263333,3.628333,0.181667,1.985000,0.516667,2.223333,1.155000,3.066667,1.745000,1.461667,2.178333,3.153333,1.311667,0.016667,3.743333,0.063333,2.523333,0.736667,0.481667,1.935000,0.005000,2.018333,0.270000,0.000000,0.100000,2.450000,0.796667,1.856667,0.108333,0.616667,0.905000,0.035000,0.593333,0.631667,0.761667,0.950000,0.433333,0.000000,0.770000,0.421667,1.183333,0.591667,0.778333,0.181667,0.771667,2.698333,1.571667,3.446667,0.615000,0.083333,0.006667,1.651667,0.000000,0.223333,1.330000,3.463333,1.571667,3.323333,0.003333,0.053333,0.033333,0.000000,1.443333,1.505000,0.035000,0.565000,0.200000,0.000000,1.580000,0.963333,2.966667,2.370000,2.801667,1.266667,0.000000,2.300000,0.331667,4.365000,0.226667,1.470000,3.820000,0.051667,3.046667,0.680000,0.006667,2.250000,0.011667,0.000000,1.000000,0.758333,3.453333,2.888333,0.585000,0.456667,1.968333,0.900000,1.826667,0.751667,2.100000,0.855000,0.606667,1.860000,2.588333,1.440000,1.188333,3.658333,0.501667,2.853333,1.798333,0.436667,2.268333,3.508333,2.241667,5.355000,4.071667,5.288333,2.536667,1.093333,1.803333,1.631667,2.121667,2.330000,1.868333,3.150000,3.183333,0.278333,2.381667,2.200000,0.005000,0.311667,4.628333,1.256667,0.560000,0.518333,3.626667,1.791667,1.538333,2.851667,2.776667,1.605000,2.201667,0.000000,0.935000,1.681667,1.656667,0.088333,0.000000,1.980000,0.290000,1.680000,1.368333,2.561667,0.028333,1.433333,1.126667,0.143333,0.773333,1.016667,1.770000,2.725000,1.368333,0.623333,3.321667,0.065000,2.461667,0.943333,1.858333,2.240000,2.841667,2.381667,2.785000,3.395000,1.740000,2.113333,0.605000,1.938333,1.106667,1.258333,2.398333,1.806667,1.620000,1.671667,1.938333,0.011667,0.800000,1.446667,2.231667,3.445000,2.326667,1.371667,3.806667,0.900000,2.838333,0.148333,3.936667,1.801667,2.193333,0.595000,0.273333,3.440000,1.110000,0.048333,0.361667,4.371667,0.020000,1.103333,1.448333,2.350000,2.638333,0.930000,0.018333,0.836667,0.121667,0.348333,1.760000,2.376667,1.573333,1.805000,1.023333,0.740000,1.813333,0.071667,1.873333,1.853333,6.036667,2.600000,0.000000,0.146667,1.866667,0.095000,0.593333,2.640000,0.945000,2.108333,0.855000,2.373333,1.336667,2.651667,3.540000,5.028333,2.613333,2.355000,0.041667,2.556667,1.813333,3.553333,1.968333,0.825000,0.783333,0.928333,2.346667,3.153333,4.298333,1.786667,3.271667,1.155000,5.255000,3.520000,0.128333,0.821667,1.976667,0.000000,0.023333,5.501667,2.538333,3.551667,8.588333,2.348333,1.273333,0.083333,2.571667,3.131667,2.503333,4.251667,2.270000,0.091667,1.136667,2.641667,0.746667,0.268333,0.993333,0.685000,3.041667,1.906667,0.003333,2.601667,2.066667,0.488333,0.808333,1.628333,1.833333,0.845000,1.088333,1.050000,0.996667,0.213333,1.418333,0.898333,0.856667,1.115000,0.005000,2.125000,1.873333,0.848333,1.573333,0.158333,0.033333,4.053333,0.170000,0.410000,0.043333,0.005000,2.610000,0.251667,1.363333,4.593333,1.410000,0.040000,1.283333,0.240000,3.033333,0.676667,0.061667,0.771667,0.000000,0.000000,0.008333,0.611667,0.031667,0.000000,2.071667,1.401667,2.103333,2.420000,1.703333,2.888333,0.391667,2.093333,2.691667,1.540000,0.025000,2.713333,0.666667,0.041667,3.081667,1.826667,2.636667,1.910000,2.118333,1.096667,5.181667,3.120000,3.138333,4.005000,3.931667,0.935000,1.283333,4.791667,0.256667,1.000000,0.900000,1.608333,2.113333,4.625000,2.996667,1.273333,2.165000,3.885000,0.040000,1.918333,0.000000,0.000000,2.753333,2.025000,0.356667,1.993333,0.001667,5.143333,0.163333,1.511667,3.746667,1.558333,3.090000,0.925000,0.005000,3.891667,2.758333,2.375000,1.478333,4.486667,0.055000,1.020000,3.583333,4.120000,3.361667,2.856667
    ISI Coefficient of Variation,1.234936,0.922692,2.946265,2.505460,1.558815,3.626582, ,3.239773,2.884784,1.838324, ,1.653175,3.439370,2.524473, ,3.181107, ,3.114457, , ,2.620323,2.228234,3.353164,3.632948,1.829867,3.102591,3.033036,1.201145,2.320826,1.702234, ,2.524616,2.496927, , ,3.954708,2.445552,2.456205,4.157573,3.178828,3.135849,2.509100,2.726069, ,3.683139,4.087607,1.381810,3.053307,2.835596,2.602748,3.146824,1.425779,4.044192,2.304050,4.957783,3.809209,2.880201,3.275144,3.106681,3.737885,5.411585,3.785107,2.532405,2.740486,3.059907,3.273340,2.294000,0.905834,3.025124,2.488858,2.110273,3.424428,4.178048, ,4.318027,2.650367,2.397888,2.446272,4.003004,2.184340,2.199759, ,2.148164,2.074979,1.638512,3.719426, ,2.216530,3.548665,3.082144,3.996456,0.858159,4.535640,3.768992,3.669309,3.287841,3.477335, ,3.082259, , , , , ,1.366789,2.203294,2.812217,2.244456,2.190096, ,2.367133,2.367775,2.559884,2.889083,3.315387,1.959439, ,1.720739,3.601283,2.923216,3.247367, ,2.730533,3.514965, ,1.927931,1.596579,3.936619,2.485968,2.188160, , ,3.527219,2.110310,3.150068,3.710193,3.329648,2.254774, ,2.625325,3.359783,3.067032, ,2.388896,4.139087, ,3.208967,2.929563,3.126491, , ,2.106670, ,2.494296,4.503090,1.614768,1.749782,2.192038,4.074195,1.551696,3.752882,1.427299,2.704448,3.749728, ,3.008066,4.324432,2.876880,3.125369,2.963664,2.748684,2.897851,3.474698,1.968936,1.407242,4.555535,5.190664,2.681944,3.790644,1.183422,4.296093,3.996226,1.553648,3.324036,1.486294,2.961849,4.047630, ,1.703144,3.082796,4.590250,3.983317,2.683540,5.624536,3.697610,3.771674,2.304087, ,3.025675,3.474386,2.662435,2.964469,2.726625, ,1.590912,3.294961,3.707453,3.168522,1.591384,2.300079,3.526275,3.008385,3.197608,2.922107,3.581206,1.669516,3.949579, ,2.508765,2.152734,3.781258,2.277835,3.969818,2.516563,2.127380,2.049839,1.501227,1.622578,2.861587,4.607152, ,3.265894,4.731583,3.798034,1.571340,3.326264,4.359540,2.167902,1.262688,3.661049,3.020353,2.539420,2.745454,2.652769,3.071670,3.457796,3.678019,1.357326, ,2.724161,3.532084,1.741170,1.051427,3.053417,2.176367,1.791248,1.657876,3.613958,1.699960,2.585168,1.133819,2.772659,1.912195,2.643489,1.188462,2.115169,3.887711,3.463789,3.240059, ,1.972332,3.049755, ,3.463700,2.906578, ,3.522944,4.812508,4.415367,2.655104,3.842625,1.200728, , ,4.473151,3.004309,3.412868,3.468067,3.968323,2.388510,4.135236, ,1.778624,2.830559,1.926389,2.143486,2.358456,3.043297, ,3.210742,2.921188,2.773361,2.449747,2.844295,2.866972,3.284261,1.345099,3.451083,4.141263,3.707351,1.385690,3.714950,3.157910,2.735832, ,2.853513,2.084543,3.359638,2.659643,4.336842,4.803988, ,1.649808,2.915955,1.930374,4.108235,2.822443,4.307823,1.610910,4.160570,4.544041, ,3.477317,4.218894,5.856820, ,3.299810,4.368275, ,4.492371,1.778843,2.014827, ,3.545269,3.856079,2.976831,3.662203,2.359607,3.762147,5.429489,2.985617,1.845941,2.006868,4.604167,4.166668,5.387196,3.618306,2.537229, ,4.473417,3.491159,3.552982,2.416846, ,3.647338,3.921021,6.018593,1.200164,2.300035,2.924138,3.838845,2.859461,4.345752,4.607802,1.183847,3.347955,1.776054,3.601946,2.542780,4.214310,3.316259,2.849344,3.543227,3.871956,1.949014, ,4.660201, ,3.833489,2.060340,1.739386,3.328605, ,3.408661,1.461611, ,1.075693,3.775646,2.087169,3.260792,1.371916,2.305943,2.781456, ,2.839300,2.597472,2.596681,2.865835,2.802912, ,2.639880,1.838589,3.241796,2.181060,2.559613,1.252751,2.240363,3.649765,2.405602,5.848805,2.334658, , ,4.015425, ,2.246826,3.575869,5.883759,3.900355,5.745124, , , , ,3.402149,3.254057, ,2.364950,1.358660, ,3.536470,2.730887,4.962920,3.997227,4.756462,3.179446, ,4.230929,1.622261,5.344623,1.258671,3.033662,4.984748, ,4.470676,1.993339, ,3.789426, , ,2.436281,2.168811,4.755237,4.280379,1.785146,1.640122,3.488934,2.469318,3.348976,2.150758,3.604552,2.208151,1.788352,3.407469,4.004852,2.997818,2.662419,4.813042,1.600807,4.218438,2.957181,1.538628,3.337268,4.168804,3.283090,2.861741,3.382278,5.152562,3.540536,2.228435,2.257537,2.717329,3.216745,3.401407,3.014418,3.855762,3.714037,1.160669,3.195837,3.042832, ,2.226962,4.460842,2.369779,1.983066,1.486658,3.770674,2.723444,2.503850,3.507206,3.450135,2.561460,3.480899, ,2.292974,3.080912,3.051873, , ,3.325936,1.421966,3.037558,2.716118,3.778600, ,2.789321,2.442444,1.103825,2.323389,2.579715,3.209597,4.540692,3.135976,2.778438,4.992910, ,4.293339,2.581114,3.718811,4.102391,4.575603,4.234141,4.546016,5.088376,3.388713,3.725472,1.846853,3.586381,2.656353,2.836650,4.007537,3.457788,3.255853,3.301093,3.571613, ,2.269920,3.083048,3.856005,4.856797,4.674452,3.629308,5.599764,2.809605,5.177318,0.895830,5.956659,4.091684,4.423488,2.248896,1.701183,5.707042,3.249481, ,1.774941,6.325646, ,2.898303,3.386972,4.380362,4.613895,4.914641, ,2.542051,1.098174,2.189147,3.759622,0.905645,3.532253,3.780911,2.810961,2.335040,4.264279, ,4.536061,4.527286,1.279530,5.399629, ,1.263075,4.542860, ,2.510261,5.422676,3.164436,4.865676,2.987978,4.235012,2.832282,4.053485,4.657208,5.608618,4.046530,3.809054, ,3.983040,3.376086,4.804100,3.531776,2.221557,2.204528,2.529880,3.870159,4.470940,4.277531,2.665637,3.740589,2.162994,4.558150,3.884061,1.625568,1.768324,2.846980, , ,4.876636,2.405165,3.899368,4.178552,3.146432,2.164974, ,3.238494,3.600738,3.190975,1.230827,3.023149, ,2.283430,3.290608,1.708984,1.707354,2.429226,1.628488,3.544580,3.365481, ,3.988218,3.517007,1.548435,2.385197,3.158948,3.333799,2.217742,2.588117,2.629007,2.408322,1.354123,2.887971,2.715814,2.246281,2.600665, ,3.379079,3.150166,2.030270,2.869058,0.935349, ,4.739265,1.045400,1.597584, , ,3.553936,2.620645,2.653766,5.017932,3.131831, ,2.988695,1.293442,4.489620,2.053163, ,2.651632, , , ,1.924052, , ,3.813863,3.083784,3.251419,3.502593,2.922461,3.886643,1.691467,3.273958,3.689976,2.762272, ,3.747046,1.701239, ,0.612642,3.025670,3.685776,3.108657,2.867684,2.010860,4.502037,3.547075,3.538786,4.013563,4.002603,2.154720,2.246769,4.439458,1.764838,1.987969,1.720559,2.459031,2.863473,4.351597,3.703684,2.335460,3.113439,4.235798, ,2.872917, , ,3.552118,3.006636,0.994726,2.985927, ,4.793104,0.915470,2.548582,4.259949,2.657652,3.837183,2.151367, ,4.332903,3.623089,3.341309,2.620488,4.648352, ,2.195576,4.142286,4.393619,4.019783,3.407003
Electrode Burst Metrics
    Number of Bursts,0.000000,0.000000,55.000000,43.000000,9.000000,79.000000,0.000000,78.000000,54.000000,21.000000,0.000000,9.000000,75.000000,53.000000,0.000000,63.000000,0.000000,98.000000,0.000000,0.000000,57.000000,41.000000,84.000000,102.000000,18.000000,81.000000,84.000000,1.000000,28.000000,17.000000,0.000000,59.000000,53.000000,0.000000,0.000000,113.000000,54.000000,58.000000,111.000000,79.000000,84.000000,48.000000,66.000000,0.000000,108.000000,111.000000,6.000000,85.000000,61.000000,53.000000,78.000000,7.000000,81.000000,26.000000,83.000000,84.000000,47.000000,97.000000,51.000000,82.000000,101.000000,70.000000,33.000000,21.000000,71.000000,86.000000,34.000000,0.000000,59.000000,60.000000,26.000000,94.000000,112.000000,0.000000,112.000000,63.000000,55.000000,49.000000,112.000000,26.000000,50.000000,0.000000,35.000000,7.000000,14.000000,96.000000,0.000000,33.000000,95.000000,85.000000,123.000000,28.000000,125.000000,120.000000,104.000000,105.000000,98.000000,0.000000,75.000000,0.000000,0.000000,0.000000,0.000000,0.000000,4.000000,41.000000,67.000000,44.000000,23.000000,0.000000,46.000000,45.000000,70.000000,81.000000,113.000000,27.000000,0.000000,21.000000,117.000000,94.000000,121.000000,0.000000,26.000000,118.000000,0.000000,40.000000,18.000000,115.000000,58.000000,34.000000,0.000000,0.000000,95.000000,38.000000,80.000000,75.000000,75.000000,34.000000,0.000000,46.000000,74.000000,81.000000,0.000000,51.000000,103.000000,0.000000,52.000000,69.000000,76.000000,0.000000,0.000000,31.000000,0.000000,56.000000,99.000000,5.000000,18.000000,42.000000,97.000000,3.000000,62.000000,4.000000,43.000000,53.000000,0.000000,43.000000,46.000000,52.000000,55.000000,45.000000,47.000000,50.000000,63.000000,22.000000,3.000000,64.000000,90.000000,58.000000,88.000000,0.000000,89.000000,80.000000,4.000000,81.000000,4.000000,65.000000,86.000000,0.000000,4.000000,59.000000,89.000000,90.000000,72.000000,106.000000,100.000000,102.000000,28.000000,0.000000,83.000000,83.000000,56.000000,64.000000,48.000000,0.000000,19.000000,67.000000,106.000000,83.000000,12.000000,58.000000,81.000000,83.000000,24.000000,59.000000,65.000000,52.000000,82.000000,0.000000,47.000000,82.000000,77.000000,53.000000,81.000000,82.000000,12.000000,14.000000,1.000000,3.000000,44.000000,80.000000,0.000000,72.000000,85.000000,74.000000,5.000000,69.000000,69.000000,10.000000,0.000000,56.000000,104.000000,68.000000,95.000000,90.000000,118.000000,124.000000,136.000000,1.000000,0.000000,78.000000,128.000000,31.000000,1.000000,113.000000,35.000000,7.000000,21.000000,109.000000,19.000000,52.000000,1.000000,68.000000,27.000000,65.000000,3.000000,29.000000,115.000000,91.000000,99.000000,0.000000,25.000000,74.000000,0.000000,79.000000,80.000000,0.000000,91.000000,96.000000,95.000000,56.000000,95.000000,0.000000,0.000000,0.000000,97.000000,65.000000,96.000000,80.000000,110.000000,50.000000,118.000000,0.000000,15.000000,59.000000,13.000000,45.000000,47.000000,85.000000,0.000000,69.000000,73.000000,69.000000,51.000000,53.000000,68.000000,54.000000,4.000000,85.000000,81.000000,91.000000,7.000000,72.000000,29.000000,45.000000,0.000000,40.000000,19.000000,87.000000,54.000000,87.000000,95.000000,0.000000,4.000000,46.000000,12.000000,92.000000,53.000000,86.000000,9.000000,88.000000,76.000000,1.000000,26.000000,94.000000,95.000000,0.000000,68.000000,70.000000,0.000000,76.000000,74.000000,13.000000,0.000000,61.000000,60.000000,48.000000,35.000000,23.000000,46.000000,77.000000,62.000000,21.000000,19.000000,84.000000,66.000000,81.000000,81.000000,51.000000,0.000000,82.000000,76.000000,79.000000,37.000000,0.000000,82.000000,65.000000,83.000000,0.000000,44.000000,31.000000,92.000000,80.000000,93.000000,104.000000,0.000000,88.000000,12.000000,69.000000,63.000000,105.000000,30.000000,79.000000,80.000000,100.000000,48.000000,0.000000,98.000000,1.000000,87.000000,35.000000,23.000000,74.000000,0.000000,89.000000,4.000000,0.000000,0.000000,95.000000,42.000000,71.000000,0.000000,32.000000,55.000000,0.000000,21.000000,37.000000,36.000000,43.000000,25.000000,0.000000,40.000000,19.000000,57.000000,28.000000,42.000000,2.000000,24.000000,52.000000,19.000000,59.000000,27.000000,3.000000,0.000000,46.000000,0.000000,13.000000,57.000000,72.000000,26.000000,70.000000,0.000000,1.000000,0.000000,0.000000,70.000000,61.000000,0.000000,21.000000,5.000000,0.000000,68.000000,63.000000,73.000000,70.000000,78.000000,55.000000,0.000000,76.000000,12.000000,111.000000,2.000000,55.000000,110.000000,0.000000,102.000000,15.000000,0.000000,91.000000,0.000000,0.000000,35.000000,13.000000,105.000000,98.000000,20.000000,11.000000,85.000000,39.000000,87.000000,27.000000,82.000000,25.000000,24.000000,82.000000,90.000000,70.000000,78.000000,93.000000,18.000000,92.000000,91.000000,8.000000,93.000000,128.000000,81.000000,132.000000,119.000000,134.000000,104.000000,21.000000,50.000000,67.000000,88.000000,79.000000,93.000000,126.000000,125.000000,3.000000,103.000000,111.000000,0.000000,16.000000,133.000000,55.000000,32.000000,11.000000,113.000000,74.000000,71.000000,105.000000,108.000000,38.000000,91.000000,0.000000,50.000000,86.000000,75.000000,0.000000,0.000000,92.000000,5.000000,77.000000,73.000000,88.000000,0.000000,69.000000,69.000000,0.000000,38.000000,36.000000,61.000000,86.000000,56.000000,41.000000,90.000000,0.000000,67.000000,12.000000,71.000000,75.000000,80.000000,84.000000,83.000000,91.000000,81.000000,86.000000,7.000000,79.000000,50.000000,66.000000,87.000000,89.000000,74.000000,72.000000,57.000000,0.000000,30.000000,87.000000,82.000000,89.000000,68.000000,49.000000,73.000000,30.000000,70.000000,0.000000,72.000000,59.000000,62.000000,23.000000,7.000000,71.000000,43.000000,0.000000,10.000000,71.000000,0.000000,41.000000,55.000000,81.000000,77.000000,31.000000,0.000000,25.000000,1.000000,13.000000,77.000000,16.000000,62.000000,71.000000,55.000000,41.000000,61.000000,0.000000,59.000000,61.000000,54.000000,61.000000,0.000000,0.000000,64.000000,0.000000,35.000000,63.000000,33.000000,50.000000,53.000000,61.000000,65.000000,88.000000,109.000000,123.000000,81.000000,80.000000,0.000000,96.000000,71.000000,111.000000,93.000000,15.000000,20.000000,27.000000,84.000000,108.000000,138.000000,69.000000,127.000000,49.000000,137.000000,125.000000,0.000000,11.000000,63.000000,0.000000,0.000000,140.000000,118.000000,129.000000,145.000000,129.000000,19.000000,0.000000,85.000000,103.000000,67.000000,54.000000,97.000000,1.000000,42.000000,91.000000,6.000000,11.000000,31.000000,8.000000,113.000000,45.000000,0.000000,86.000000,85.000000,6.000000,14.000000,62.000000,81.000000,33.000000,56.000000,42.000000,46.000000,2.000000,66.000000,43.000000,30.000000,54.000000,0.000000,66.000000,63.000000,17.000000,64.000000,0.000000,0.000000,105.000000,1.000000,4.000000,0.000000,0.000000,72.000000,8.000000,42.000000,111.000000,77.000000,0.000000,49.000000,3.000000,86.000000,33.000000,0.000000,8.000000,0.000000,0.000000,0.000000,23.000000,0.000000,0.000000,83.000000,62.000000,91.000000,103.000000,86.000000,109.000000,7.000000,92.000000,100.000000,71.000000,0.000000,107.000000,13.000000,0.000000,0.000000,82.000000,104.000000,91.000000,90.000000,26.000000,147.000000,131.000000,135.000000,137.000000,144.000000,33.000000,62.000000,148.000000,8.000000,23.000000,16.000000,47.000000,70.000000,144.000000,117.000000,53.000000,93.000000,124.000000,0.000000,67.000000,0.000000,0.000000,127.000000,89.000000,1.000000,93.000000,0.000000,131.000000,1.000000,46.000000,120.000000,60.000000,102.000000,14.000000,0.000000,124.000000,67.000000,89.000000,64.000000,128.000000,0.000000,26.000000,106.000000,124.000000,113.000000,86.000000
    Burst Duration - Avg (sec), , ,0.152794,0.131970,0.153582,0.099313, ,0.096453,0.154806,0.108876, ,0.075742,0.106090,0.077772, ,0.141647, ,0.119985, , ,0.115656,0.128129,0.135606,0.109406,0.144560,0.126250,0.123570,0.218480,0.250989,0.231275, ,0.098761,0.115155, , ,0.129851,0.121572,0.119279,0.122080,0.136316,0.137338,0.168125,0.123807, ,0.131658,0.128910,0.289707,0.117890,0.115868,0.112706,0.083176,0.055829,0.110206,0.193418,0.320555,0.130452,0.166197,0.166871,0.151689,0.108313,0.128628,0.157677,0.141593,1.148693,0.188318,0.127357,0.130619, ,0.151135,0.124251,0.256843,0.139999,0.135001, ,0.125981,0.111841,0.069824,0.085097,0.132882,0.307985,0.100608, ,0.051330,0.201611,0.192680,0.109923, ,0.159484,0.135458,0.100119,0.106724,0.461611,0.115487,0.093389,0.119918,0.089403,0.104663, ,0.100274, , , , , ,0.054200,0.091772,0.098639,0.067684,0.139638, ,0.079403,0.085541,0.083678,0.074032,0.057632,0.103446, ,0.031459,0.064823,0.052022,0.066298, ,0.194514,0.065445, ,0.041082,0.032476,0.082656,0.077800,0.114268, , ,0.152171,0.067297,0.167218,0.186980,0.147341,0.075038, ,0.174221,0.165383,0.124468, ,0.120626,0.100523, ,0.206863,0.160867,0.079271, , ,0.205481, ,0.080629,0.142412,0.052768,0.107982,0.071293,0.130152,0.101707,0.124089,0.130260,0.137027,0.149475, ,0.063667,0.247758,0.130872,0.126953,0.084395,0.051651,0.117504,0.132786,0.064953,0.104880,0.140834,0.118190,0.101883,0.115271, ,0.131304,0.140039,0.748580,0.122173,0.031720,0.138702,0.135026, ,1.487260,0.143860,0.121371,0.126427,0.090666,0.145078,0.101962,0.125087,0.125343, ,0.105375,0.116418,0.127457,0.117839,0.157182, ,0.108206,0.162153,0.102575,0.134412,0.074533,0.110397,0.127585,0.140328,0.215697,0.091460,0.137759,0.113362,0.099447, ,0.082773,0.137535,0.120846,0.083155,0.107505,0.132605,0.173553,0.070234,0.431840,0.141653,0.106991,0.181584, ,0.112530,0.174097,0.097621,0.645520,0.138361,0.203093,0.521560, ,0.226817,0.088829,0.086953,0.086376,0.064590,0.075257,0.081579,0.080438,0.853440, ,0.084898,0.100411,0.034821,0.077680,0.055524,0.153909,0.065406,0.062830,0.120361,0.064893,0.134597,0.105440,0.080932,0.139852,0.094423,0.109627,0.170877,0.098766,0.132619,0.086369, ,0.115206,0.106314, ,0.149224,0.102795, ,0.121865,0.135094,0.128096,0.135109,0.105508, , , ,0.133362,0.118930,0.085199,0.131868,0.129612,0.157355,0.140537, ,0.184683,0.163982,0.425945,0.097438,0.150831,0.135383, ,0.183268,0.148228,0.155477,0.124802,0.183057,0.157274,0.167889,0.875440,0.149372,0.150728,0.119772,0.038309,0.187027,0.355294,0.190994, ,0.279012,0.403541,0.120409,0.153671,0.190234,0.159490, ,0.064900,0.303569,0.487973,0.151008,0.212842,0.173365,0.058213,0.151969,0.219519,0.447040,0.477551,0.150374,0.147800, ,0.109829,0.162472, ,0.202514,0.109096,0.144985, ,0.198064,0.226015,0.145343,0.151431,0.348341,0.177419,0.181025,0.224431,0.096747,0.071234,0.121260,0.213508,0.192733,0.069824,0.082102, ,0.158269,0.135721,0.081933,0.080742, ,0.169832,0.195584,0.190024, ,0.069995,0.193068,0.146859,0.065305,0.228021,0.143024, ,0.144121,0.167933,0.252995,0.051430,0.094424,0.511669,0.075515,0.263293,0.207782,0.089640, ,0.123522,0.048320,0.128527,0.084379,0.057997,0.132118, ,0.133451,0.813780, , ,0.130067,0.076011,0.153607, ,0.097410,0.090726, ,0.201303,0.073059,0.114002,0.074454,0.100835, ,0.079306,0.076291,0.086240,0.102011,0.081823,0.026920,0.074153,0.302508,0.550615,0.232507,0.315547,0.048427, ,0.258863, ,0.139317,0.217498,0.224007,0.553342,0.267832, ,0.085760, , ,0.131759,0.160359, ,0.126495,0.056112, ,0.171832,0.070353,0.155179,0.165281,0.134286,0.141014, ,0.177842,0.073927,0.133981,0.085360,0.162023,0.169344, ,0.134602,0.166837, ,0.139680, , ,0.165872,0.384763,0.141365,0.148737,0.097076,0.084058,0.123801,0.134139,0.138738,0.123203,0.164629,0.232925,0.074423,0.087109,0.166981,0.109160,0.069073,0.147388,0.050818,0.138507,0.085781,0.041630,0.116870,0.099608,0.116888,0.121007,0.143006,0.122424,0.112508,0.247581,0.072670,0.088013,0.125150,0.097518,0.075665,0.106597,0.133910,0.029653,0.125709,0.126391, ,0.046815,0.129262,0.081430,0.050240,0.105178,0.168043,0.157608,0.142354,0.089763,0.146955,0.266408,0.086829, ,0.052064,0.079793,0.063345, , ,0.086683,0.061392,0.077492,0.072232,0.096115, ,0.074747,0.057152, ,0.158644,0.109031,0.196222,0.165100,0.170391,0.044053,0.189375, ,0.199249,0.699713,0.127634,0.134733,0.183424,0.159091,0.160463,0.160031,0.143837,0.125579,0.723326,0.139135,0.144501,0.142596,0.157323,0.119544,0.124606,0.130027,0.217618, ,0.174872,0.072563,0.149953,0.145895,0.209969,0.154580,0.248848,0.296208,0.207496, ,0.246693,0.226000,0.231514,0.171558,0.496240,0.218474,0.172156, ,0.172728,0.229300, ,0.146626,0.125248,0.113370,0.184297,0.510214, ,0.221542,0.045200,0.073175,0.137874,0.091940,0.120840,0.141901,0.082720,0.108648,0.142706, ,0.158849,0.122178,0.142963,0.157495, , ,0.148424, ,0.097326,0.179864,0.228538,0.201950,0.142669,0.164070,0.092790,0.109910,0.106197,0.153205,0.306961,0.149292, ,0.099195,0.113482,0.095192,0.095779,0.301845,0.230336,0.176581,0.128283,0.129440,0.127474,0.199199,0.144646,0.053646,0.145209,0.144539, ,0.751527,0.149103, , ,0.126565,0.102428,0.145821,0.244458,0.103211,0.583019, ,0.172153,0.156246,0.228050,0.118279,0.181607,0.037120,0.097930,0.180658,0.986440,0.049687,0.192095,0.986890,0.175869,0.266324, ,0.113099,0.109914,0.057880,0.319263,0.132417,0.120081,0.140853,0.101476,0.131206,0.129087,0.861760,0.090838,0.068999,0.174035,0.100964, ,0.178822,0.199482,0.352424,0.147295, , ,0.153136,1.570160,0.934800, , ,0.170381,0.205120,0.227040,0.135495,0.093972, ,0.114140,0.050107,0.104138,0.075035, ,0.508220, , , ,0.125791, , ,0.108182,0.128799,0.126484,0.113911,0.106681,0.115866,0.388160,0.110497,0.144196,0.116533, ,0.105154,0.123994, , ,0.105923,0.114011,0.106131,0.097849,0.222520,0.116838,0.073786,0.110375,0.117539,0.097842,0.204434,0.089485,0.096713,0.058540,0.179944,0.200685,0.147358,0.143519,0.106752,0.119152,0.132136,0.125443,0.132168, ,0.160316, , ,0.093511,0.101333,1.169920,0.114322, ,0.112003,0.060480,0.192977,0.134973,0.165657,0.151080,0.634337, ,0.137484,0.191180,0.159192,0.155680,0.140309, ,0.296800,0.131159,0.149846,0.142437,0.169525
    Burst Duration - Std (sec), , ,0.214539,0.200877,0.153360,0.134003, ,0.131714,0.247324,0.029490, ,0.013389,0.155459,0.042720, ,0.265165, ,0.148383, , ,0.152285,0.169542,0.172576,0.143045,0.092237,0.156601,0.155989, ,0.276465,0.131051, ,0.159684,0.080997, , ,0.087414,0.080919,0.190198,0.087092,0.161496,0.207537,0.256526,0.190612, ,0.246255,0.154377,0.389466,0.169871,0.292732,0.311287,0.035694,0.017582,0.282153,0.403740,0.792875,0.286824,0.382436,0.335638,0.207380,0.218976,0.138740,0.331539,0.307693,1.531796,0.254280,0.168394,0.151635, ,0.133275,0.175852,0.267348,0.176482,0.142356, ,0.120181,0.141364,0.033449,0.126902,0.132026,0.277664,0.238215, ,0.021838,0.300366,0.089397,0.128798, ,0.271483,0.177672,0.118807,0.161785,0.462371,0.146061,0.153595,0.192361,0.044756,0.069872, ,0.074789, , , , , ,0.023170,0.043932,0.064210,0.027086,0.096551, ,0.052178,0.065615,0.099726,0.127400,0.093837,0.058028, ,0.014155,0.091534,0.025466,0.095754, ,0.441115,0.091386, ,0.022067,0.010506,0.092870,0.057264,0.178068, , ,0.244110,0.037524,0.258881,0.307631,0.241509,0.071507, ,0.293518,0.257905,0.183395, ,0.237370,0.043456, ,0.121251,0.087616,0.023745, , ,0.067918, ,0.038241,0.085872,0.014981,0.031803,0.020202,0.095049,0.023133,0.195176,0.022736,0.198597,0.268646, ,0.024652,0.290508,0.229107,0.213044,0.094558,0.020993,0.237615,0.235739,0.056724,0.143347,0.225229,0.213411,0.193622,0.291764, ,0.318389,0.304096,0.473630,0.306019,0.013040,0.298467,0.315342, ,0.618256,0.337009,0.308302,0.284482,0.131956,0.155885,0.145268,0.176043,0.056540, ,0.154544,0.161317,0.197271,0.193247,0.227425, ,0.251459,0.211076,0.107930,0.182674,0.127356,0.241318,0.191194,0.187542,0.383825,0.137962,0.212328,0.193392,0.150795, ,0.208719,0.176240,0.210844,0.061002,0.120790,0.185596,0.233479,0.069114, ,0.063555,0.116080,0.261435, ,0.190528,0.315946,0.187706,0.735732,0.337011,0.344001,0.536832, ,0.398693,0.254118,0.124527,0.203473,0.182890,0.198880,0.214424,0.164711, , ,0.279896,0.227524,0.033879, ,0.120007,0.438995,0.032833,0.026413,0.128871,0.029911,0.194656, ,0.110631,0.232764,0.099184,0.116470,0.203518,0.080595,0.168939,0.081882, ,0.137307,0.125359, ,0.199154,0.294763, ,0.203924,0.171954,0.194866,0.362251,0.155517, , , ,0.196037,0.348926,0.150298,0.178324,0.080936,0.152774,0.113633, ,0.234948,0.162416,0.305112,0.130413,0.057974,0.119092, ,0.157789,0.182910,0.182569,0.135669,0.178423,0.333793,0.286294,0.577700,0.291834,0.198529,0.226702,0.015407,0.336248,0.445541,0.374973, ,0.421334,0.506411,0.233814,0.333062,0.336242,0.360946, ,0.023805,0.552598,0.829822,0.277241,0.498965,0.396091,0.009120,0.290282,0.438314, ,0.676582,0.348992,0.254680, ,0.167866,0.305368, ,0.307294,0.123135,0.251894, ,0.374546,0.333387,0.268281,0.121709,0.603290,0.246708,0.288603,0.321638,0.280811,0.021349,0.177740,0.312281,0.269697,0.104573,0.064326, ,0.239117,0.209599,0.129865,0.118791, ,0.294218,0.286779,0.285649, ,0.095866,0.147842,0.233782,0.140237,0.414081,0.297061, ,0.309252,0.206890,0.479603,0.040657,0.160937,0.724921,0.090621,0.483000,0.408393,0.037100, ,0.153208, ,0.166930,0.021816,0.016439,0.216255, ,0.190628,0.448114, , ,0.216717,0.019313,0.209970, ,0.205061,0.172001, ,0.059163,0.147100,0.186560,0.073078,0.051951, ,0.038903,0.102126,0.101528,0.223908,0.073360,0.001414,0.042520,0.413026,0.675163,0.397972,0.553755,0.001000, ,0.446968, ,0.233234,0.420948,0.337347,0.635119,0.403197, , , , ,0.154811,0.272045, ,0.138025,0.013607, ,0.270859,0.102009,0.240934,0.256082,0.244405,0.279050, ,0.261088,0.071919,0.154972,0.013237,0.147219,0.169780, ,0.148361,0.226191, ,0.160473, , ,0.222745,0.309403,0.171433,0.169482,0.102620,0.079923,0.136202,0.105292,0.242378,0.081599,0.196833,0.103201,0.037973,0.071390,0.261583,0.151787,0.100687,0.133360,0.027629,0.207185,0.161249,0.013607,0.195779,0.080211,0.076351,0.148715,0.182653,0.145281,0.187142,0.275499,0.072190,0.113743,0.178853,0.154742,0.091658,0.124756,0.235558,0.019868,0.242193,0.241640, ,0.008925,0.207579,0.025673,0.016563,0.188973,0.241563,0.278618,0.293676,0.083051,0.243044,0.397623,0.039162, ,0.027747,0.037655,0.034646, , ,0.041871,0.021287,0.033568,0.039907,0.058840, ,0.035752,0.040155, ,0.454525,0.235415,0.435876,0.456721,0.465433,0.015454,0.445247, ,0.497619,0.858416,0.316445,0.332530,0.457190,0.450189,0.396470,0.375918,0.238057,0.149313,0.554941,0.237878,0.202115,0.256990,0.192367,0.214311,0.132363,0.086631,0.282239, ,0.265908,0.023204,0.224906,0.222126,0.335403,0.132319,0.321969,0.423499,0.321595, ,0.339066,0.369580,0.355035,0.179596,0.577039,0.326774,0.296708, ,0.388558,0.289371, ,0.323656,0.269085,0.211637,0.302760,0.912991, ,0.360857, ,0.086736,0.324444,0.044120,0.212183,0.329495,0.215370,0.277743,0.264443, ,0.303897,0.153140,0.259652,0.293747, , ,0.279037, ,0.190030,0.286624,0.365274,0.309140,0.302945,0.293246,0.344229,0.250332,0.235328,0.233556,0.529694,0.377810, ,0.131016,0.331530,0.168995,0.282971,0.461371,0.430221,0.202518,0.302728,0.270774,0.245969,0.365271,0.276426,0.021977,0.256297,0.277343, ,0.485796,0.181892, , ,0.181991,0.239317,0.268755,0.462150,0.263216,0.921830, ,0.408633,0.257596,0.536296,0.248266,0.374124, ,0.050896,0.425447,1.423905,0.022738,0.107455,1.009062,0.411894,0.483681, ,0.164087,0.117297,0.018639,0.505120,0.260165,0.226387,0.282079,0.222518,0.289381,0.300143,0.113476,0.067587,0.034975,0.346706,0.224721, ,0.439109,0.433677,0.727948,0.207005, , ,0.281476, ,1.080784, , ,0.409903,0.090262,0.441060,0.201390,0.321893, ,0.350248,0.044188,0.184367,0.137212, ,0.807745, , , ,0.385594, , ,0.238258,0.427751,0.144914,0.154925,0.164843,0.153632,0.294158,0.135660,0.193331,0.136852, ,0.120032,0.195545, , ,0.182945,0.149806,0.142117,0.083724,0.506425,0.166138,0.069833,0.203159,0.165914,0.156793,0.485898,0.204559,0.102104,0.035049,0.272576,0.595006,0.322207,0.264363,0.204549,0.256904,0.311882,0.305067,0.219515, ,0.275793, , ,0.192718,0.199188, ,0.282208, ,0.164851, ,0.433452,0.307210,0.370647,0.353393,0.770559, ,0.288419,0.398034,0.367124,0.266541,0.293705, ,0.375663,0.298067,0.314300,0.317954,0.390317
    Number of Spikes per Burst - Avg, , ,12.290909,9.627907,6.333333,14.848101, ,11.923077,11.648148,8.142857, ,6.222222,13.746667,9.188679, ,13.476190, ,12.122449, , ,11.473684,10.634146,16.095238,16.392157,8.333333,13.345679,13.119048,6.000000,12.107143,10.058824, ,11.305085,10.188679, , ,17.044248,10.129630,9.086207,18.198198,13.392405,12.488095,10.708333,10.409091, ,14.833333,17.603604,7.666667,11.717647,9.213115,7.867925,10.012821,5.571429,15.666667,8.884615,24.614458,14.309524,10.829787,14.340206,12.058824,13.756098,25.435644,15.642857,11.333333,20.761905,12.647887,12.988372,9.558824, ,14.254237,9.016667,10.115385,13.574468,17.857143, ,18.669643,9.650794,9.272727,9.183673,17.544643,12.961538,7.680000, ,7.428571,11.714286,9.000000,16.281250, ,9.757576,16.526316,12.317647,16.552846,26.892857,20.144000,14.450000,15.471154,11.876190,12.867347, ,11.400000, , , , , ,5.250000,8.658537,10.731343,8.727273,9.869565, ,9.065217,8.911111,8.771429,10.456790,11.194690,8.185185, ,5.666667,12.803419,9.893617,10.553719, ,9.769231,12.084746, ,6.400000,5.111111,15.217391,9.258621,9.794118, , ,14.610526,7.473684,12.325000,19.733333,15.613333,7.764706, ,12.021739,16.351351,12.308642, ,9.352941,17.388350, ,16.673077,11.173913,11.657895, , ,9.064516, ,9.428571,21.131313,5.600000,6.888889,8.190476,17.453608,6.000000,14.451613,7.500000,9.651163,16.113208, ,10.906977,22.913043,9.769231,10.963636,9.755556,9.553191,10.060000,12.444444,6.045455,5.000000,21.140625,24.600000,9.137931,13.920455, ,17.595506,16.562500,9.500000,11.456790,4.750000,10.415385,16.104651, ,22.250000,11.932203,19.786517,15.055556,8.694444,30.179245,13.840000,14.372549,8.392857, ,10.879518,13.662651,10.303571,11.937500,11.812500, ,6.000000,14.447761,16.669811,16.277108,5.250000,10.775862,14.444444,24.518072,21.875000,10.016949,14.184615,11.653846,14.609756, ,8.127660,24.475610,14.077922,8.283019,15.567901,23.768293,12.666667,5.928571,12.000000,7.000000,11.295455,19.200000, ,11.958333,19.270588,13.648649,8.800000,12.391304,19.304348,18.500000, ,15.339286,10.990385,9.926471,9.463158,8.544444,10.533898,13.008065,13.882353,23.000000, ,10.333333,13.234375,5.677419,6.000000,10.336283,9.400000,5.571429,7.333333,15.293578,6.473684,12.403846,6.000000,11.632353,10.851852,10.476923,6.333333,10.379310,16.695652,15.571429,12.898990, ,11.040000,14.554054, ,13.215190,9.225000, ,12.439560,21.708333,18.526316,9.232143,14.242105, , , ,18.907216,10.753846,11.239583,13.187500,17.172727,10.240000,17.949153, ,7.800000,12.661017,13.846154,7.733333,10.021277,11.376471, ,15.869565,11.657534,10.826087,9.000000,13.226415,10.308824,15.851852,9.750000,12.858824,18.740741,13.956044,4.571429,16.680556,24.103448,11.488889, ,14.375000,13.263158,11.827586,9.648148,20.057471,20.957895, ,5.000000,26.152174,10.416667,15.619565,10.622642,18.197674,5.222222,16.590909,22.302632,6.000000,30.846154,16.308511,27.915789, ,9.661765,16.571429, ,16.855263,15.702703,7.000000, ,11.950820,14.366667,10.166667,16.542857,9.260870,16.608696,23.805195,22.483871,5.714286,6.736842,17.964286,17.696970,25.308642,11.185185,7.117647, ,17.414634,11.197368,11.113924,6.891892, ,18.548780,15.523077,30.927711, ,7.386364,18.677419,15.532609,9.975000,19.827957,19.913462, ,12.136364,8.250000,16.768116,8.476190,16.323810,26.266667,8.924051,15.000000,17.610000,8.729167, ,22.163265,5.000000,16.149425,7.542857,6.130435,13.783784, ,12.764045,16.000000, , ,14.978947,7.166667,13.126761, ,7.531250,8.472727, ,13.857143,8.567568,9.833333,10.790698,8.720000, ,9.100000,6.000000,11.245614,6.857143,8.261905,4.000000,8.958333,23.423077,16.052632,32.220339,8.851852,5.000000, ,18.739130, ,6.230769,12.508772,28.402778,28.192308,28.142857, ,4.000000, , ,11.528571,13.081967, ,9.571429,5.800000, ,12.897059,7.809524,23.438356,18.842857,21.141026,11.781818, ,17.289474,5.833333,22.360360,6.000000,10.036364,19.481818, ,16.578431,8.533333, ,12.593407, , ,8.400000,13.692308,18.285714,15.408163,7.350000,5.909091,12.952941,9.358974,11.919540,8.666667,14.243902,11.480000,7.041667,12.500000,16.522222,10.500000,7.974359,22.956989,5.833333,17.739130,9.626374,5.250000,11.892473,15.445313,13.049383,19.416667,15.680672,22.902985,12.519231,11.714286,8.720000,9.626866,11.488636,14.417722,9.602151,14.253968,14.704000,4.333333,12.398058,10.657658, ,5.375000,20.285714,9.090909,5.968750,5.909091,15.495575,10.986486,9.197183,13.961905,14.185185,13.210526,13.274725, ,8.100000,10.604651,11.493333, , ,11.923913,5.600000,11.272727,9.041096,15.954545, ,10.043478,8.043478, ,7.763158,11.027778,13.311475,18.651163,11.232143,7.146341,21.777778, ,20.194030,23.833333,13.732394,16.320000,20.187500,16.476190,18.783133,22.065934,12.222222,14.151163,15.857143,13.924051,9.760000,9.621212,16.252874,12.000000,11.608108,12.250000,16.859649, ,9.966667,9.551724,15.524390,23.022472,19.926471,15.163265,29.630137,11.333333,23.542857, ,32.097222,16.830508,20.193548,10.000000,11.428571,28.309859,13.813953, ,6.100000,34.901408, ,12.195122,13.454545,17.172840,19.155844,10.903226, ,13.160000,4.000000,7.000000,13.077922,8.812500,12.951613,13.478873,9.018182,7.439024,17.229508, ,18.254237,17.295082,16.462963,25.032787, , ,17.359375, ,7.571429,24.349206,13.363636,23.360000,8.584906,20.278689,7.584615,14.568182,17.348624,23.081301,16.814815,14.037500, ,13.010417,11.760563,17.324324,10.978495,9.533333,8.600000,13.259259,14.238095,15.185185,18.246377,10.333333,14.842520,8.061224,22.116788,15.968000, ,15.000000,13.222222, , ,22.871429,10.177966,15.930233,23.427586,10.395349,14.368421, ,13.894118,15.407767,16.223881,12.185185,11.010309,4.000000,10.333333,13.615385,12.500000,5.727273,12.935484,15.875000,14.292035,20.755556, ,17.093023,13.294118,5.666667,15.714286,13.564516,12.320988,8.575758,9.107143,10.666667,9.152174,13.500000,10.712121,9.767442,10.366667,9.296296, ,14.818182,13.936508,10.470588,10.781250, , ,21.971429,9.000000,12.750000, , ,15.611111,9.875000,12.166667,22.099099,10.363636, ,12.571429,4.333333,19.569767,6.606061, ,32.375000, , , ,6.565217, , ,13.975904,11.387097,12.142857,12.825243,10.186047,15.743119,9.857143,12.369565,14.780000,10.225352, ,14.420561,8.000000, , ,10.975610,14.442308,11.208791,10.611111,9.269231,20.000000,13.175573,13.148148,16.547445,15.958333,9.363636,8.145161,19.074324,4.875000,12.086957,7.312500,11.787234,12.842857,18.875000,14.427350,9.245283,11.548387,17.782258, ,12.492537, , ,12.559055,11.000000,11.000000,10.623656, ,21.702290,5.000000,11.739130,18.000000,10.250000,16.362745,19.000000, ,18.169355,19.462687,13.584270,10.171875,20.453125, ,13.423077,18.000000,19.274194,16.584071,16.441860
    Number of Spikes per Burst - Std, , ,9.713817,5.673763,0.866025,6.078733, ,4.353739,5.505254,1.621287, ,0.666667,6.621205,3.013155, ,8.813218, ,5.852597, , ,7.360865,6.762973,10.877875,11.726383,2.300895,11.025154,7.982518, ,8.999339,3.508393, ,11.014496,3.380126, , ,7.324603,3.108396,2.563471,7.413526,4.158457,4.999986,7.085972,6.099123, ,11.137627,8.978033,2.338090,6.251879,7.530194,4.827954,2.035360,1.511858,25.048952,4.966503,37.573288,15.770169,11.909658,8.564567,6.129965,13.242805,22.177654,22.181096,16.725106,16.729928,6.387708,4.671551,5.070361, ,9.565731,3.089027,3.840072,6.573798,8.733138, ,7.934857,2.930148,2.460462,5.126213,7.489197,5.847945,3.425236, ,2.004197,5.992058,2.385856,14.761046, ,5.408502,11.536106,6.423935,16.384821,19.645637,11.389514,10.056855,13.298629,3.115394,4.285285, ,3.865999, , , , , ,0.957427,2.007607,3.435916,2.106067,3.946280, ,2.743900,2.600893,4.239809,5.922519,3.396054,2.774015, ,1.197219,5.102804,2.673921,4.799219, ,5.038315,4.205361, ,1.481510,0.471405,5.656517,3.126347,3.890777, , ,8.450475,1.519901,7.339463,20.187856,8.040259,3.330837, ,7.132053,10.305514,5.776335, ,2.938187,4.140269, ,7.086915,3.940575,2.919144, , ,1.569193, ,2.775589,10.118327,0.894427,1.231398,1.517991,7.476380,1.000000,6.045395,2.516611,5.528643,12.759100, ,3.257328,15.269179,5.008289,7.941834,3.612828,2.093556,8.809573,9.989959,1.132939,1.000000,21.595022,28.706105,2.910648,13.583477, ,18.396961,23.575273,3.000000,11.193803,0.500000,7.559953,24.507876, ,7.274384,13.394369,25.350485,15.623636,3.606094,18.306802,9.331948,12.351231,2.499471, ,5.715613,10.064762,7.757506,7.278747,6.027089, ,1.699673,10.856200,6.762251,13.065793,1.356801,10.395753,13.411749,23.577770,43.806206,4.129338,17.953840,5.914040,5.772981, ,9.940294,20.107259,14.000720,2.626619,6.606698,23.782605,13.779651,1.268814, ,1.732051,8.270372,12.913931, ,9.029588,22.451741,13.286549,3.114482,11.595153,22.874533,12.633729, ,19.823106,15.587831,6.398032,6.946315,5.221307,12.739790,15.549813,12.597506, , ,19.599673,18.832241,0.832150, ,15.440907,13.029830,0.786796,1.852926,7.288122,0.904828,8.369552, ,5.566168,9.054127,4.650631,2.081666,7.565966,8.703875,12.953886,7.292007, ,12.554813,10.028920, ,9.708139,7.254811, ,12.002045,18.651325,19.148825,6.660579,7.823472, , , ,19.527802,13.305345,9.558402,9.923880,4.984120,3.034227,5.556005, ,2.274078,3.726004,5.520359,2.199173,2.722606,3.446794, ,6.070452,5.249918,4.559917,2.315167,6.005259,7.407655,17.482506,3.774917,9.945270,12.555654,11.129453,0.534522,18.284779,24.412153,8.815333, ,12.605834,10.550630,7.475863,6.681875,24.907436,29.511958, ,0.816497,40.081565,6.612087,10.736445,9.030347,30.379103,0.440959,9.393855,32.468660, ,40.433345,19.088941,34.403631, ,3.069398,16.563948, ,14.643045,4.914975,2.081666, ,8.666845,8.806713,5.455169,7.852848,5.698623,11.719837,20.648715,24.203198,2.472708,1.694504,13.690597,16.881460,23.450822,2.788867,1.336369, ,9.241548,5.547419,3.886160,2.065373, ,12.882328,13.738754,28.779983, ,4.581134,12.554912,13.476435,12.606985,25.012442,17.704758, ,8.006006,3.840573,23.410119,3.094517,11.840685,33.623610,3.727143,12.962458,19.332756,2.090908, ,10.933439, ,9.345474,1.421326,0.919701,10.745206, ,7.961587,6.633250, , ,10.848060,1.033976,5.729447, ,5.309665,3.137908, ,4.441686,3.078063,7.362065,3.211276,2.922898, ,2.447395,2.285218,3.855797,2.850787,2.871725,0.000000,3.223274,21.887723,11.097916,48.067147,4.478184,1.000000, ,21.759733, ,1.423250,6.458999,33.448577,28.988300,31.457948, , , , ,6.906669,13.450273, ,3.042555,1.303840, ,9.608982,2.161669,25.819344,18.245218,24.982448,10.977571, ,19.425630,1.114641,14.530715,1.414214,2.694051,12.672829, ,13.651559,3.979710, ,5.420082, , ,3.273782,8.097166,12.035775,11.098283,1.725200,1.300350,4.239570,3.240266,7.994502,2.601775,6.420571,3.776242,1.458980,2.663192,10.390389,3.662382,1.823187,9.009553,0.985184,11.904261,5.244359,0.707107,7.683215,5.765508,5.858543,10.683541,8.996169,15.698699,10.604067,8.450697,3.003671,4.372212,10.839471,10.524218,3.413973,7.702401,12.025527,0.577350,7.614923,4.825115, ,0.619139,13.448877,1.702642,0.860771,1.640399,9.406612,7.783884,5.455324,4.867324,6.716068,12.615216,4.184803, ,2.178279,2.347860,3.867303, , ,3.064270,0.894427,2.940804,2.825668,6.561660, ,3.173580,2.219133, ,4.658234,15.472531,14.216822,26.496955,9.486816,2.056222,23.139915, ,25.304353,22.364068,14.508084,21.137363,26.560222,25.129293,25.677193,24.356976,5.892792,4.494487,8.071113,11.476589,4.428848,5.493395,8.036571,7.813159,5.133339,5.177824,19.139002, ,6.288925,1.647822,11.213116,20.463925,24.136005,8.627347,23.103936,9.128709,30.962664, ,29.583094,19.422838,25.687171,4.451762,8.403514,31.956932,13.042524, ,2.183270,36.282288, ,9.935340,18.829467,11.883592,20.355437,8.657770, ,12.026637, ,3.464102,12.881817,1.424488,14.851646,19.571743,6.459248,7.280277,16.139386, ,23.276889,11.384704,16.215195,34.701569, , ,12.694665, ,5.807124,27.939542,12.601632,32.697600,6.443345,27.891535,3.872549,22.594270,21.343477,19.909465,18.377371,23.094437, ,11.241366,19.058905,21.377202,12.945520,4.778922,5.432844,6.682886,16.571582,11.799056,10.240760,6.144502,11.915992,1.599585,18.431936,9.664481, ,3.577709,10.375910, , ,9.144596,5.093370,10.900965,21.708212,6.676005,13.861259, ,14.911663,12.678094,23.966404,7.455716,6.623026, ,3.412078,13.447651,10.212737,1.190874,3.957571,10.696294,15.356875,21.909064, ,8.542803,5.485530,0.816497,17.713222,10.777361,8.035588,4.562279,4.886637,7.380484,8.181191,2.121320,3.889889,3.462983,11.547453,5.648943, ,23.745386,21.347262,10.706993,7.645870, , ,21.781457, ,7.847505, , ,22.234699,3.356763,7.978375,22.281650,12.275252, ,23.289840,0.577350,17.015246,2.249158, ,56.289906, , , ,3.300497, , ,17.704193,19.557695,5.822507,6.686872,7.960951,9.013779,5.177791,5.139199,10.947607,5.914141, ,7.811503,5.291503, , ,5.682930,7.560535,5.542796,4.317965,5.667858,15.055605,5.606975,8.845708,11.375910,9.168108,7.582126,2.745170,7.853325,0.834523,7.482787,4.541934,15.439836,9.696310,15.809121,14.483829,5.886444,11.112582,24.201915, ,10.186701, , ,12.521508,4.512609, ,11.133492, ,21.879634, ,14.337883,20.662962,9.620996,18.844223,15.496898, ,21.308696,34.836557,17.538146,6.009397,22.689225, ,11.035119,26.325074,21.874490,21.539302,22.166007
    Mean ISI within Burst - Avg (sec), , ,0.011036,0.011968,0.026644,0.006543, ,0.007837,0.010945,0.015165, ,0.014618,0.007529,0.009216, ,0.008749, ,0.009608, , ,0.009946,0.012178,0.008214,0.006590,0.019002,0.009554,0.009052,0.043696,0.018699,0.025102, ,0.008321,0.011791, , ,0.007866,0.012697,0.012354,0.006985,0.009922,0.010249,0.013995,0.010857, ,0.007963,0.007006,0.034754,0.009770,0.009960,0.010477,0.009054,0.012429,0.006256,0.015703,0.008289,0.007811,0.012242,0.008978,0.011490,0.007339,0.004937,0.009382,0.010209,0.039060,0.013486,0.009266,0.013745, ,0.010954,0.013154,0.024072,0.009629,0.007054, ,0.006538,0.011211,0.008520,0.008954,0.007184,0.022751,0.010415, ,0.008023,0.013177,0.023407,0.006552, ,0.014246,0.007831,0.008014,0.006144,0.014334,0.005374,0.006056,0.006936,0.008158,0.008499, ,0.009212, , , , , ,0.012279,0.011817,0.009805,0.008904,0.014484, ,0.009494,0.010522,0.009029,0.006530,0.005058,0.013612, ,0.006649,0.004980,0.005791,0.006094, ,0.012594,0.005407, ,0.007342,0.007802,0.005386,0.008826,0.011264, , ,0.008807,0.010402,0.011227,0.007887,0.008301,0.009919, ,0.011350,0.008519,0.009342, ,0.011548,0.006284, ,0.012313,0.015444,0.007741, , ,0.025070, ,0.009582,0.007367,0.011877,0.018248,0.010083,0.007826,0.021549,0.007597,0.021258,0.012437,0.007123, ,0.006422,0.009916,0.010709,0.010263,0.008773,0.006322,0.008686,0.008105,0.011785,0.022304,0.005669,0.004235,0.010070,0.006238, ,0.005727,0.007046,0.076769,0.007670,0.008202,0.009972,0.007129, ,0.068870,0.008667,0.004572,0.006814,0.009893,0.004445,0.007224,0.008499,0.016761, ,0.009345,0.008373,0.011056,0.008701,0.012291, ,0.015336,0.010682,0.005966,0.007743,0.013850,0.008550,0.008423,0.005547,0.010986,0.008400,0.009794,0.007999,0.006113, ,0.008124,0.005306,0.007948,0.010289,0.006565,0.005193,0.012201,0.012921,0.039258,0.022745,0.009582,0.008111, ,0.007729,0.007380,0.006078,0.068360,0.008275,0.009131,0.026157, ,0.012816,0.006568,0.007931,0.007173,0.006067,0.005996,0.005434,0.005162,0.038793, ,0.006369,0.006740,0.006985,0.015536,0.005402,0.009564,0.013838,0.009845,0.007716,0.011842,0.009854,0.021088,0.006781,0.011527,0.008969,0.018305,0.016021,0.006357,0.008308,0.006777, ,0.011396,0.007257, ,0.010340,0.008985, ,0.009159,0.006027,0.006517,0.011592,0.006886, , , ,0.006726,0.008157,0.007109,0.009513,0.007913,0.015445,0.007850, ,0.022336,0.012804,0.030577,0.012738,0.016502,0.012076, ,0.011516,0.011619,0.013319,0.013943,0.013466,0.010920,0.009182,0.087625,0.009103,0.007815,0.006974,0.010364,0.009238,0.013059,0.012282, ,0.015615,0.022232,0.008052,0.011672,0.007992,0.005946, ,0.015877,0.010091,0.030864,0.007735,0.011760,0.007803,0.013779,0.007390,0.008171,0.089408,0.014215,0.006855,0.004599, ,0.010284,0.007297, ,0.009995,0.006660,0.019333, ,0.012235,0.012423,0.011891,0.008731,0.025576,0.009267,0.006118,0.008240,0.011948,0.012603,0.005907,0.009549,0.006451,0.006313,0.012697, ,0.007454,0.010167,0.007052,0.011142, ,0.006963,0.010354,0.004780, ,0.009261,0.010919,0.008714,0.006529,0.008445,0.005535, ,0.008730,0.019043,0.010472,0.006408,0.005379,0.016727,0.008213,0.011529,0.008046,0.011556, ,0.005314,0.012080,0.007707,0.012910,0.011279,0.008675, ,0.009666,0.050103, , ,0.007757,0.012307,0.011261, ,0.010145,0.009859, ,0.016209,0.007902,0.010279,0.007346,0.012864, ,0.009628,0.013011,0.008319,0.012574,0.010719,0.008973,0.009271,0.010577,0.025719,0.006684,0.026912,0.012601, ,0.010234, ,0.022864,0.012801,0.006613,0.017069,0.007932, ,0.028587, , ,0.010952,0.010187, ,0.013210,0.011778, ,0.011206,0.009104,0.006089,0.007720,0.005450,0.009357, ,0.009510,0.014270,0.005820,0.017393,0.016303,0.008318, ,0.008258,0.018012, ,0.010577, , ,0.017710,0.026660,0.007178,0.009497,0.013957,0.015228,0.009195,0.014750,0.008373,0.015529,0.010315,0.022213,0.011909,0.007388,0.007854,0.009697,0.008739,0.005883,0.010170,0.006230,0.008123,0.009652,0.008835,0.006588,0.009115,0.005722,0.008377,0.004980,0.008033,0.018940,0.008539,0.008624,0.010073,0.006313,0.007866,0.007098,0.007480,0.008433,0.007661,0.009506, ,0.010804,0.005427,0.010147,0.010039,0.016089,0.009336,0.010961,0.010737,0.006476,0.008884,0.014168,0.007137, ,0.007081,0.008304,0.005946, , ,0.007917,0.013242,0.007649,0.008853,0.006459, ,0.008317,0.007644, ,0.012874,0.008517,0.010037,0.005873,0.009834,0.007237,0.006359, ,0.006662,0.020134,0.007439,0.006413,0.006487,0.006184,0.005956,0.005234,0.009855,0.008548,0.040121,0.008241,0.013369,0.011760,0.008952,0.008345,0.010549,0.011421,0.012549, ,0.014026,0.008474,0.008422,0.005589,0.009065,0.010378,0.007376,0.020432,0.007900, ,0.006588,0.011117,0.010134,0.016982,0.036971,0.006749,0.010354, ,0.021813,0.005959, ,0.009613,0.008135,0.005230,0.008923,0.032847, ,0.012329,0.015067,0.011094,0.008477,0.011317,0.008827,0.008429,0.007618,0.010313,0.005940, ,0.006320,0.006377,0.006474,0.004984, , ,0.005948, ,0.010021,0.006056,0.011945,0.008122,0.009887,0.006559,0.008898,0.007102,0.005644,0.006123,0.013243,0.008576, ,0.007742,0.007517,0.005402,0.006886,0.026098,0.018587,0.013499,0.007414,0.007136,0.005625,0.013627,0.007515,0.007621,0.005467,0.007219, ,0.053115,0.010225, , ,0.004935,0.007797,0.007326,0.007430,0.006989,0.028156, ,0.009952,0.009089,0.010549,0.007764,0.012698,0.012373,0.010248,0.009957,0.048926,0.010108,0.016668,0.050748,0.009528,0.010736, ,0.006228,0.008253,0.012304,0.016954,0.008627,0.008669,0.013102,0.009337,0.009754,0.011185,0.069166,0.008922,0.007691,0.013580,0.008930, ,0.009419,0.012018,0.021024,0.012522, , ,0.006408,0.196270,0.054738, , ,0.008493,0.023036,0.014870,0.005703,0.007148, ,0.007791,0.013896,0.004952,0.010576, ,0.018503, , , ,0.012751, , ,0.007248,0.009312,0.009949,0.008042,0.009480,0.006688,0.040258,0.008633,0.008709,0.010901, ,0.006865,0.013621, , ,0.008244,0.007286,0.008696,0.009058,0.016516,0.005446,0.005749,0.007358,0.006501,0.005537,0.014903,0.009435,0.004864,0.014243,0.013346,0.015581,0.009484,0.009334,0.004889,0.007009,0.010567,0.008724,0.007344, ,0.011489, , ,0.006656,0.008387,0.116992,0.008291, ,0.004822,0.015120,0.011712,0.005744,0.010761,0.006984,0.024583, ,0.005832,0.008063,0.008569,0.012004,0.005332, ,0.017607,0.005853,0.005945,0.006557,0.007242
    Mean ISI within Burst - Std (sec), , ,0.005342,0.007630,0.020523,0.004660, ,0.004979,0.008928,0.002327, ,0.002635,0.006082,0.003234, ,0.006597, ,0.005082, , ,0.004859,0.006460,0.004532,0.003109,0.008462,0.004757,0.004113, ,0.010252,0.010881, ,0.004370,0.005656, , ,0.003168,0.005620,0.010047,0.002969,0.005520,0.007336,0.007870,0.005551, ,0.003774,0.003382,0.031662,0.005063,0.005708,0.009109,0.002698,0.003022,0.002216,0.015615,0.004284,0.002799,0.005795,0.006835,0.006156,0.002575,0.001325,0.003518,0.005213,0.033626,0.007717,0.005715,0.010276, ,0.004280,0.009308,0.016873,0.005130,0.003892, ,0.003212,0.008287,0.003145,0.003792,0.003386,0.010815,0.010320, ,0.002554,0.011792,0.006903,0.002132, ,0.007648,0.002485,0.003024,0.001812,0.006913,0.001718,0.002144,0.002413,0.003166,0.003898, ,0.005280, , , , , ,0.003718,0.003169,0.003192,0.003644,0.006398, ,0.004202,0.005750,0.004814,0.005516,0.005116,0.004852, ,0.002365,0.002487,0.001974,0.003163, ,0.018665,0.002776, ,0.002463,0.002111,0.002146,0.004275,0.010648, , ,0.004969,0.004741,0.006984,0.003192,0.005951,0.004226, ,0.008982,0.004967,0.007998, ,0.013350,0.002510, ,0.003328,0.004568,0.002368, , ,0.005691, ,0.003542,0.002882,0.004316,0.004174,0.002740,0.002865,0.009298,0.005474,0.004373,0.010823,0.004161, ,0.001386,0.004676,0.009258,0.004619,0.004561,0.003079,0.005414,0.004956,0.007635,0.027527,0.002213,0.001131,0.011184,0.003473, ,0.002720,0.002883,0.043616,0.004696,0.002746,0.008000,0.001927, ,0.016714,0.004636,0.001915,0.002970,0.006275,0.001389,0.002387,0.002455,0.004459, ,0.004094,0.003470,0.005196,0.004477,0.005388, ,0.021936,0.004830,0.002425,0.003607,0.017215,0.004696,0.003704,0.002379,0.005702,0.006196,0.003395,0.005063,0.003865, ,0.002833,0.001500,0.003701,0.005754,0.003548,0.001630,0.004961,0.007454, ,0.004953,0.002337,0.003469, ,0.003954,0.002705,0.002798,0.063818,0.004991,0.002911,0.016749, ,0.006251,0.002968,0.003442,0.004813,0.004732,0.002808,0.002156,0.002233, , ,0.003534,0.003145,0.004666, ,0.002801,0.007271,0.005739,0.002789,0.003965,0.005005,0.004889, ,0.003078,0.005955,0.004189,0.018922,0.008548,0.003420,0.003919,0.003791, ,0.003728,0.003475, ,0.004437,0.005515, ,0.003889,0.002400,0.002474,0.008396,0.002557, , , ,0.002070,0.004231,0.003151,0.003524,0.003709,0.008569,0.003175, ,0.019268,0.007648,0.012448,0.008657,0.003534,0.004987, ,0.004540,0.006547,0.007704,0.009130,0.004743,0.009891,0.003776,0.048796,0.005270,0.004683,0.003477,0.002891,0.003741,0.004074,0.010851, ,0.007228,0.019044,0.005686,0.011462,0.002792,0.001833, ,0.004500,0.004188,0.036160,0.004240,0.011805,0.003060,0.001528,0.004911,0.002732, ,0.005955,0.002990,0.001434, ,0.009405,0.003508, ,0.004539,0.004487,0.027480, ,0.010699,0.008064,0.010944,0.002805,0.036140,0.004941,0.003920,0.003771,0.017781,0.002471,0.002312,0.004420,0.002395,0.004545,0.006187, ,0.005015,0.008044,0.006024,0.009863, ,0.004938,0.004492,0.002009, ,0.005364,0.004947,0.003980,0.002800,0.004537,0.003571, ,0.007689,0.012982,0.006926,0.002366,0.002131,0.015501,0.004759,0.009335,0.007508,0.003829, ,0.002614, ,0.003845,0.001978,0.002602,0.003115, ,0.004537,0.014865, , ,0.003281,0.002030,0.010027, ,0.007482,0.007310, ,0.004163,0.006056,0.005537,0.003854,0.003820, ,0.003125,0.007342,0.004383,0.011383,0.003654,0.000471,0.003315,0.004416,0.017154,0.002049,0.035024,0.002986, ,0.004683, ,0.027680,0.014540,0.002103,0.006298,0.002935, , , , ,0.004693,0.004952, ,0.007910,0.001310, ,0.006049,0.006893,0.001869,0.003048,0.001421,0.004512, ,0.004589,0.009374,0.002223,0.002272,0.010247,0.003314, ,0.002638,0.016166, ,0.005229, , ,0.013929,0.013538,0.002691,0.004377,0.009440,0.010521,0.007027,0.006901,0.006684,0.006880,0.006856,0.007765,0.004727,0.004828,0.005153,0.008975,0.008327,0.002769,0.003337,0.003489,0.005916,0.001680,0.006292,0.002944,0.002861,0.002773,0.004250,0.001918,0.004658,0.011401,0.004895,0.004347,0.005546,0.002713,0.004509,0.003944,0.003498,0.004171,0.006203,0.008471, ,0.002085,0.002215,0.002917,0.002446,0.019965,0.006311,0.008464,0.011585,0.002691,0.007852,0.009836,0.002546, ,0.002455,0.003181,0.002155, , ,0.003058,0.003779,0.003154,0.003504,0.002751, ,0.002860,0.003577, ,0.017956,0.002515,0.006378,0.003562,0.011554,0.001699,0.003690, ,0.005410,0.012991,0.007334,0.006076,0.004000,0.003754,0.004836,0.003235,0.006808,0.005508,0.020754,0.003968,0.008366,0.008267,0.003775,0.004821,0.004075,0.003196,0.003481, ,0.011276,0.002070,0.003493,0.001646,0.003613,0.004620,0.002912,0.015282,0.002826, ,0.002351,0.006478,0.003773,0.007376,0.026353,0.002373,0.004370, ,0.033258,0.002164, ,0.005280,0.004403,0.003041,0.005249,0.025511, ,0.008638, ,0.004926,0.006921,0.003564,0.005437,0.006907,0.005372,0.011328,0.003279, ,0.003319,0.003075,0.003201,0.002044, , ,0.004382, ,0.005946,0.002653,0.007509,0.005040,0.012364,0.002853,0.009462,0.003006,0.002635,0.002081,0.011424,0.008412, ,0.003628,0.002814,0.002074,0.003451,0.020220,0.022173,0.004752,0.002757,0.006696,0.003379,0.013132,0.004238,0.002464,0.002300,0.005104, ,0.032688,0.005354, , ,0.003636,0.006825,0.004378,0.006583,0.006917,0.022465, ,0.004837,0.005300,0.005866,0.004984,0.009559, ,0.004284,0.006947,0.058814,0.002548,0.008064,0.038676,0.006425,0.006008, ,0.002879,0.003218,0.002334,0.006960,0.003545,0.003788,0.010540,0.006797,0.006187,0.006693,0.002660,0.003974,0.002056,0.006568,0.007224, ,0.003415,0.005784,0.017799,0.005294, , ,0.002408, ,0.055463, , ,0.003546,0.006408,0.012727,0.001901,0.003585, ,0.001970,0.009881,0.001312,0.008831, ,0.003503, , , ,0.018315, , ,0.002297,0.004149,0.004776,0.003986,0.003953,0.003650,0.025453,0.006066,0.003662,0.007677, ,0.003057,0.006479, , ,0.006278,0.003760,0.006471,0.003925,0.017966,0.001733,0.001967,0.003344,0.002448,0.002468,0.017473,0.011960,0.001862,0.006113,0.008155,0.024383,0.004771,0.004982,0.001665,0.003016,0.008568,0.004257,0.001845, ,0.007422, , ,0.002346,0.006387, ,0.004648, ,0.001327, ,0.007112,0.002912,0.010507,0.003727,0.014847, ,0.003329,0.003580,0.005184,0.010172,0.002866, ,0.010948,0.003243,0.003383,0.003309,0.003969
    Median ISI within Burst - Avg (sec), , ,0.007996,0.010248,0.021013,0.004638, ,0.006145,0.007512,0.014156, ,0.013840,0.005588,0.007168, ,0.006367, ,0.006470, , ,0.007338,0.009617,0.005834,0.004497,0.013067,0.006863,0.007005,0.040560,0.010576,0.023071, ,0.006601,0.009100, , ,0.005329,0.009110,0.008506,0.004836,0.007748,0.006649,0.009285,0.008219, ,0.005259,0.004367,0.020160,0.007030,0.008210,0.008731,0.007489,0.010617,0.004902,0.011048,0.005866,0.006249,0.009831,0.006358,0.008933,0.005849,0.003406,0.007595,0.008570,0.034432,0.009316,0.006295,0.011644, ,0.008688,0.008818,0.017740,0.007296,0.005237, ,0.004355,0.007871,0.006905,0.006955,0.005020,0.013852,0.007017, ,0.006506,0.008960,0.019186,0.005040, ,0.011533,0.006609,0.006158,0.004316,0.011870,0.003997,0.004598,0.005584,0.005821,0.006502, ,0.006135, , , , , ,0.012670,0.009783,0.008360,0.007565,0.012082, ,0.007115,0.007476,0.007311,0.004790,0.003546,0.012001, ,0.005280,0.003684,0.004504,0.004689, ,0.011942,0.003975, ,0.006183,0.007187,0.003889,0.006672,0.009107, , ,0.006391,0.008614,0.007200,0.005334,0.005906,0.008475, ,0.009606,0.006088,0.006976, ,0.008453,0.004459, ,0.009894,0.012696,0.006204, , ,0.019250, ,0.008108,0.005267,0.008152,0.014822,0.008511,0.005924,0.015013,0.005373,0.020680,0.008988,0.005451, ,0.005488,0.007996,0.007312,0.008049,0.006606,0.004885,0.007082,0.004826,0.009993,0.009427,0.004102,0.003235,0.007132,0.004736, ,0.004513,0.005574,0.030670,0.005685,0.007740,0.007478,0.005940, ,0.052210,0.006999,0.003459,0.005211,0.006543,0.003183,0.005317,0.006585,0.013731, ,0.007379,0.006928,0.008767,0.006315,0.009518, ,0.010406,0.007959,0.004170,0.005919,0.009303,0.006603,0.006240,0.003833,0.008657,0.006024,0.008523,0.006215,0.004278, ,0.006814,0.003828,0.005832,0.007835,0.004568,0.003676,0.010223,0.009746,0.035920,0.017293,0.007915,0.006468, ,0.006053,0.005516,0.004593,0.024880,0.005677,0.007609,0.016868, ,0.010610,0.005162,0.006500,0.005776,0.004624,0.004377,0.004211,0.003851,0.028440, ,0.005013,0.005271,0.005857,0.010240,0.004287,0.007609,0.012697,0.007568,0.004914,0.010019,0.007811,0.011280,0.005068,0.009766,0.006961,0.014453,0.012076,0.004444,0.005189,0.004585, ,0.009069,0.005597, ,0.007635,0.007025, ,0.007193,0.004205,0.004743,0.008469,0.005352, , , ,0.004939,0.005969,0.005296,0.007821,0.006041,0.010932,0.005556, ,0.013875,0.009275,0.019102,0.010042,0.014147,0.009804, ,0.009040,0.007388,0.008773,0.009813,0.010443,0.007332,0.007413,0.059450,0.006876,0.005546,0.005125,0.008617,0.007574,0.011469,0.009436, ,0.011692,0.014265,0.005884,0.008110,0.006133,0.004552, ,0.015610,0.008054,0.013127,0.005897,0.009128,0.005699,0.013089,0.004868,0.006691,0.079840,0.011545,0.005485,0.003371, ,0.006069,0.005319, ,0.008497,0.004489,0.008240, ,0.008410,0.009152,0.008578,0.006498,0.010885,0.007268,0.004254,0.006114,0.007945,0.012815,0.004527,0.008128,0.005249,0.004547,0.010431, ,0.005350,0.006950,0.005034,0.007658, ,0.004640,0.008905,0.003682, ,0.007465,0.009286,0.007109,0.005193,0.006661,0.003507, ,0.005433,0.013513,0.008522,0.005204,0.003940,0.011641,0.006334,0.008716,0.005508,0.009168, ,0.003502,0.010920,0.005298,0.011381,0.009967,0.006442, ,0.006005,0.033300, , ,0.005955,0.011535,0.008452, ,0.007815,0.007134, ,0.013579,0.005656,0.008194,0.005435,0.011026, ,0.007816,0.010878,0.006241,0.010160,0.009402,0.009320,0.006945,0.008119,0.016516,0.005071,0.015920,0.011800, ,0.007749, ,0.019449,0.007711,0.004733,0.011802,0.006019, ,0.015200, , ,0.008762,0.007683, ,0.010211,0.010120, ,0.008979,0.007182,0.004221,0.005227,0.004030,0.007059, ,0.007216,0.011507,0.004329,0.012700,0.010412,0.005811, ,0.006945,0.015219, ,0.008294, , ,0.013854,0.020129,0.005306,0.007289,0.011520,0.013076,0.005995,0.012502,0.005467,0.013680,0.006643,0.015285,0.008750,0.005089,0.005224,0.006031,0.006206,0.003848,0.008318,0.004134,0.006289,0.009310,0.006817,0.005139,0.007088,0.004309,0.005607,0.003589,0.006114,0.012581,0.007255,0.006738,0.007914,0.004878,0.006040,0.005245,0.004970,0.007880,0.004390,0.006431, ,0.010228,0.003812,0.008089,0.009119,0.011735,0.005853,0.007159,0.007012,0.004646,0.005920,0.009663,0.005691, ,0.006283,0.006799,0.004229, , ,0.006486,0.012432,0.006054,0.006833,0.004175, ,0.006770,0.005452, ,0.008142,0.007489,0.008382,0.004606,0.007066,0.006050,0.004716, ,0.004905,0.015043,0.005647,0.004532,0.004862,0.004968,0.004434,0.003879,0.007519,0.006191,0.027663,0.006022,0.010618,0.009738,0.007003,0.006234,0.008685,0.009544,0.011376, ,0.012315,0.007401,0.006504,0.004414,0.007199,0.008018,0.005455,0.014909,0.005944, ,0.004714,0.008124,0.008154,0.013553,0.028200,0.004979,0.008973, ,0.013252,0.004339, ,0.007923,0.006206,0.003674,0.006676,0.012609, ,0.007846,0.016880,0.008686,0.005700,0.009210,0.006590,0.005861,0.006446,0.007221,0.004170, ,0.004526,0.004752,0.004736,0.003745, , ,0.004264, ,0.007623,0.004135,0.009236,0.005682,0.006834,0.004813,0.007176,0.005561,0.004104,0.003909,0.009447,0.005776, ,0.005745,0.006695,0.004292,0.005693,0.016483,0.009068,0.010079,0.005933,0.005572,0.004060,0.008594,0.005175,0.006037,0.004037,0.005441, ,0.043444,0.008643, , ,0.003337,0.005591,0.005610,0.006020,0.004862,0.015949, ,0.006863,0.006557,0.008027,0.006131,0.007734,0.010480,0.008498,0.006622,0.036620,0.009400,0.014245,0.031930,0.006695,0.007812, ,0.004540,0.006510,0.010227,0.013697,0.007462,0.007043,0.009524,0.007199,0.008443,0.009012,0.040600,0.006333,0.005966,0.010695,0.006239, ,0.007590,0.010013,0.016362,0.010408, , ,0.004552,0.120280,0.026460, , ,0.006617,0.017865,0.012745,0.004221,0.005571, ,0.006873,0.010067,0.003749,0.008287, ,0.016295, , , ,0.008649, , ,0.005967,0.007310,0.007729,0.005022,0.007385,0.004861,0.031463,0.005945,0.006525,0.008162, ,0.005069,0.011542, , ,0.006109,0.005023,0.006446,0.007084,0.011618,0.003945,0.004261,0.005560,0.005018,0.003977,0.011207,0.006670,0.003580,0.010885,0.010414,0.010345,0.006497,0.006895,0.003637,0.005051,0.008238,0.006726,0.005921, ,0.008570, , ,0.004533,0.006348,0.059080,0.005678, ,0.003496,0.012520,0.008876,0.004141,0.006883,0.005216,0.017911, ,0.004395,0.006732,0.006824,0.008266,0.003926, ,0.012935,0.004113,0.004270,0.005010,0.005325
    Median ISI within Burst - Std (sec), , ,0.003834,0.004290,0.011846,0.002274, ,0.002657,0.004437,0.002056, ,0.002952,0.003622,0.002350, ,0.003513, ,0.002756, , ,0.002948,0.003242,0.002204,0.001721,0.003994,0.002338,0.002927, ,0.005847,0.012868, ,0.003279,0.003129, , ,0.001879,0.003324,0.004000,0.001756,0.003154,0.003693,0.004284,0.003055, ,0.001761,0.001319,0.007918,0.002804,0.003770,0.004466,0.002079,0.003455,0.001657,0.007291,0.001829,0.002438,0.003750,0.003366,0.003729,0.002209,0.000628,0.002516,0.005117,0.030770,0.003236,0.002675,0.007708, ,0.002094,0.002888,0.009235,0.003111,0.002115, ,0.001380,0.003578,0.002820,0.002656,0.001895,0.005704,0.004109, ,0.002498,0.007005,0.004702,0.001806, ,0.003333,0.002135,0.001903,0.000985,0.006896,0.001127,0.001401,0.001968,0.001937,0.002490, ,0.002687, , , , , ,0.003080,0.002991,0.002400,0.003526,0.005472, ,0.003263,0.002712,0.004068,0.002847,0.001620,0.005084, ,0.001953,0.001040,0.001612,0.001817, ,0.019027,0.001280, ,0.002371,0.002261,0.001379,0.002939,0.006635, , ,0.002839,0.002772,0.003700,0.001795,0.004039,0.003143, ,0.006215,0.003192,0.005853, ,0.006245,0.001345, ,0.002990,0.002889,0.002283, , ,0.004300, ,0.002284,0.002277,0.001932,0.004037,0.002754,0.002216,0.004769,0.003032,0.005929,0.006326,0.002642, ,0.001350,0.003119,0.004493,0.002522,0.003035,0.001657,0.003660,0.002353,0.006421,0.007286,0.001381,0.000402,0.002600,0.002091, ,0.001839,0.002250,0.020132,0.002238,0.002875,0.004010,0.001671, ,0.015050,0.002563,0.001009,0.002176,0.002712,0.000521,0.001787,0.001846,0.002094, ,0.003232,0.002875,0.003354,0.002562,0.003140, ,0.009009,0.002492,0.001464,0.002953,0.008587,0.003217,0.002281,0.001147,0.004045,0.003408,0.002835,0.003738,0.001916, ,0.001830,0.000930,0.002890,0.004730,0.002169,0.000924,0.003106,0.002195, ,0.004223,0.002579,0.002553, ,0.002916,0.001588,0.001806,0.015272,0.002441,0.002309,0.003630, ,0.004800,0.002573,0.003562,0.003373,0.002974,0.001708,0.001787,0.001345, , ,0.002745,0.002609,0.002683, ,0.001935,0.005122,0.004977,0.002194,0.001891,0.004518,0.002820, ,0.002063,0.004617,0.002842,0.014136,0.005479,0.001937,0.001922,0.001564, ,0.003494,0.001675, ,0.003161,0.003248, ,0.002728,0.001493,0.001921,0.004040,0.001581, , , ,0.001332,0.002721,0.002212,0.002858,0.002315,0.002712,0.001577, ,0.004106,0.003794,0.003373,0.002857,0.003008,0.002449, ,0.002519,0.003104,0.003719,0.003475,0.003211,0.004427,0.002391,0.039299,0.003571,0.002157,0.001965,0.002045,0.002737,0.003118,0.005370, ,0.003639,0.008110,0.002750,0.003806,0.002359,0.001180, ,0.008692,0.003647,0.007382,0.002277,0.009060,0.002294,0.001995,0.002001,0.002100, ,0.004017,0.002151,0.000607, ,0.002037,0.002241, ,0.003481,0.001891,0.003855, ,0.004817,0.004442,0.004540,0.002521,0.010102,0.003125,0.001676,0.002446,0.007001,0.002661,0.001970,0.003652,0.001930,0.001518,0.002685, ,0.002984,0.004319,0.002788,0.003724, ,0.002492,0.003116,0.001503, ,0.003096,0.003739,0.002221,0.002133,0.003262,0.000725, ,0.002377,0.002567,0.005239,0.002039,0.001566,0.007165,0.002585,0.006412,0.004294,0.003265, ,0.000700, ,0.001923,0.002019,0.001887,0.001840, ,0.002582,0.007193, , ,0.002211,0.002376,0.006004, ,0.003690,0.004097, ,0.003791,0.002864,0.003703,0.001745,0.004819, ,0.002543,0.004262,0.003072,0.006645,0.002740,0.000735,0.002086,0.002865,0.010138,0.001813,0.018915,0.000904, ,0.003194, ,0.022468,0.006156,0.001420,0.003230,0.002023, , , , ,0.003530,0.002804, ,0.001264,0.001160, ,0.004413,0.004226,0.001351,0.001793,0.001041,0.003490, ,0.002935,0.005483,0.001427,0.005629,0.005626,0.001620, ,0.002156,0.009694, ,0.003633, , ,0.012677,0.009051,0.001778,0.003027,0.004130,0.008987,0.002721,0.005170,0.002128,0.005566,0.003697,0.003685,0.003106,0.002056,0.002398,0.004338,0.001950,0.000945,0.002255,0.001355,0.002849,0.001541,0.003266,0.002133,0.002090,0.001629,0.002440,0.000892,0.002570,0.006209,0.002960,0.002382,0.003689,0.002144,0.002613,0.002020,0.002097,0.004434,0.001664,0.003130, ,0.002061,0.001006,0.002683,0.002611,0.010533,0.002798,0.003545,0.005176,0.001682,0.003614,0.005708,0.001996, ,0.002615,0.002509,0.001251, , ,0.002631,0.004300,0.002386,0.002498,0.001487, ,0.002702,0.002439, ,0.005207,0.002399,0.004713,0.002207,0.005698,0.001762,0.002230, ,0.003698,0.008403,0.003804,0.003321,0.002403,0.002237,0.002956,0.001450,0.003835,0.003033,0.013730,0.002494,0.004471,0.005325,0.002644,0.002363,0.002397,0.002460,0.002017, ,0.008294,0.001794,0.002189,0.000878,0.002220,0.002806,0.001930,0.006727,0.001948, ,0.001476,0.004223,0.002848,0.003174,0.020408,0.001506,0.002976, ,0.011182,0.001383, ,0.003974,0.002377,0.001474,0.003241,0.008424, ,0.006045, ,0.005136,0.003237,0.002745,0.004555,0.004409,0.003327,0.003941,0.001800, ,0.002007,0.002194,0.002081,0.001364, , ,0.002683, ,0.002540,0.001884,0.004867,0.003580,0.005853,0.001858,0.004449,0.001972,0.001709,0.001020,0.007998,0.002813, ,0.002280,0.002725,0.001751,0.002533,0.003628,0.004643,0.002091,0.002259,0.004756,0.001323,0.007715,0.002324,0.001821,0.001282,0.003798, ,0.023535,0.003951, , ,0.000866,0.002862,0.002366,0.006160,0.004029,0.009299, ,0.003076,0.002152,0.002981,0.004153,0.002946, ,0.002117,0.002352,0.043604,0.002364,0.006122,0.021334,0.002434,0.002502, ,0.002240,0.002408,0.003126,0.004680,0.002546,0.002821,0.004714,0.004273,0.004418,0.004150,0.013407,0.002735,0.001966,0.003613,0.004358, ,0.003115,0.004332,0.011928,0.004228, , ,0.001839, ,0.019993, , ,0.002661,0.004643,0.010651,0.001470,0.002599, ,0.001835,0.007916,0.000945,0.005238, ,0.003356, , , ,0.006061, , ,0.001869,0.003104,0.003130,0.001997,0.002747,0.001575,0.030287,0.001866,0.002676,0.003501, ,0.001517,0.003539, , ,0.003884,0.001775,0.002401,0.003141,0.008434,0.000958,0.001211,0.002008,0.001847,0.001139,0.008819,0.005060,0.000854,0.004946,0.005157,0.012368,0.003162,0.002998,0.000791,0.001859,0.006353,0.002155,0.001230, ,0.002719, , ,0.001535,0.004528, ,0.002962, ,0.000664, ,0.005044,0.001360,0.004211,0.002568,0.008953, ,0.001571,0.002498,0.003288,0.004644,0.001415, ,0.006502,0.001606,0.001707,0.001975,0.002266
    Median/Mean ISI within Burst, , ,0.753131,0.905999,0.845215,0.749008, ,0.830058,0.757478,0.940077, ,0.952176,0.780707,0.791979, ,0.770952, ,0.729517, , ,0.777990,0.837049,0.749381,0.719169,0.743671,0.770383,0.794735,0.928231,0.635104,0.899268, ,0.809641,0.820499, , ,0.706526,0.765661,0.781179,0.720405,0.812385,0.727979,0.721323,0.810649, ,0.706829,0.675731,0.734948,0.756235,0.853211,0.899231,0.847778,0.844468,0.800339,0.807446,0.770465,0.812890,0.842222,0.791126,0.817466,0.803843,0.712500,0.830100,0.836075,0.883764,0.759605,0.729136,0.905624, ,0.827627,0.779469,0.809504,0.801156,0.785812, ,0.711336,0.784462,0.807994,0.804737,0.733260,0.663656,0.756060, ,0.821888,0.764495,0.839068,0.780310, ,0.872011,0.853669,0.794247,0.725368,0.802346,0.763646,0.776266,0.819059,0.741420,0.806885, ,0.725087, , , , , ,1.059193,0.833341,0.874010,0.847682,0.851933, ,0.774594,0.783477,0.829677,0.790518,0.785648,0.876248, ,0.811622,0.786696,0.788846,0.814940, ,0.898220,0.774475, ,0.851263,0.925656,0.742050,0.785615,0.852961, , ,0.770497,0.878338,0.724193,0.712521,0.733582,0.877593, ,0.889432,0.746491,0.773157, ,0.840026,0.734553, ,0.810471,0.851070,0.800391, , ,0.786799, ,0.863250,0.722317,0.731179,0.828211,0.844353,0.763080,0.736362,0.776324,0.961944,0.802943,0.798769, ,0.861246,0.841832,0.785377,0.821508,0.775621,0.804340,0.858891,0.650380,0.869027,0.658619,0.748312,0.785712,0.859994,0.787931, ,0.805707,0.799111,0.528396,0.795479,0.945829,0.824258,0.842352, ,0.756638,0.845096,0.790439,0.774928,0.735668,0.743516,0.754972,0.790840,0.848161, ,0.809842,0.838089,0.836188,0.765883,0.809985, ,0.816342,0.784343,0.725543,0.772106,0.769422,0.811197,0.777438,0.729294,0.819091,0.779056,0.882982,0.819928,0.745922, ,0.855880,0.739574,0.751330,0.800116,0.718884,0.733025,0.870746,0.825222,0.914969,0.763265,0.826230,0.808564, ,0.797274,0.774549,0.779938,0.619480,0.747120,0.846253,0.774774, ,0.848601,0.790534,0.810432,0.847830,0.809203,0.764150,0.786531,0.771700,0.733127, ,0.800201,0.791003,0.888599,0.659114,0.831791,0.844062,0.918674,0.788266,0.690712,0.851298,0.843482,0.534901,0.775168,0.871960,0.805755,0.816808,0.802213,0.738659,0.677718,0.740356, ,0.804704,0.811032, ,0.764338,0.831982, ,0.808277,0.723456,0.743190,0.788677,0.798146, , , ,0.757566,0.767933,0.774828,0.835059,0.787669,0.791015,0.742773, ,0.802390,0.767588,0.684443,0.890529,0.866907,0.853396, ,0.829160,0.702349,0.719907,0.781990,0.797548,0.768389,0.844640,0.694471,0.795956,0.758215,0.768237,0.849628,0.837316,0.894226,0.869184, ,0.798628,0.807012,0.788316,0.814238,0.771969,0.783301, ,0.916477,0.802446,0.687551,0.802853,0.793893,0.756382,0.953619,0.710595,0.833047,0.892985,0.844639,0.814710,0.758652, ,0.743941,0.756684, ,0.869414,0.737919,0.720736, ,0.793206,0.805695,0.832147,0.743981,0.684857,0.813364,0.752255,0.762061,0.818367,1.018652,0.769585,0.859712,0.820487,0.763901,0.865199, ,0.758597,0.748660,0.761969,0.806540, ,0.714372,0.887137,0.784516, ,0.868989,0.865347,0.849058,0.805244,0.816274,0.719392, ,0.729599,0.868683,0.826400,0.823984,0.745582,0.804400,0.829027,0.802842,0.753938,0.813085, ,0.724678,0.903974,0.733729,0.888634,0.904544,0.772830, ,0.658750,0.685165, , ,0.789729,0.939784,0.791028, ,0.862590,0.780827, ,0.837078,0.757811,0.822202,0.787047,0.850882, ,0.831377,0.892926,0.775417,0.861829,0.894171,1.037913,0.788012,0.799934,0.680121,0.770000,0.695138,0.970538, ,0.780192, ,0.867766,0.730668,0.736171,0.734847,0.778324, ,0.531716, , ,0.810577,0.814884, ,0.860599,0.859839, ,0.832220,0.831231,0.704543,0.710120,0.750442,0.762574, ,0.787899,0.863537,0.762977,0.757768,0.703635,0.746435, ,0.850351,0.951804, ,0.805773, , ,0.814768,0.794788,0.763013,0.801664,0.912305,0.882436,0.756134,0.886416,0.787098,0.895393,0.701113,0.730827,0.778001,0.753722,0.720069,0.711426,0.854061,0.716706,0.850662,0.729524,0.825115,0.967790,0.826765,0.803565,0.790317,0.783532,0.710768,0.755713,0.802562,0.750152,0.901002,0.844639,0.828452,0.789863,0.802647,0.780779,0.693991,0.932062,0.676450,0.782138, ,0.949097,0.732761,0.805157,0.912301,0.828598,0.696361,0.747678,0.807986,0.739633,0.740112,0.751137,0.805101, ,0.887918,0.833375,0.738561, , ,0.824619,0.944148,0.818556,0.799723,0.687812, ,0.817508,0.740743, ,0.805699,0.880876,0.861958,0.817642,0.846101,0.836948,0.772544, ,0.769643,0.805073,0.818357,0.769035,0.788647,0.843674,0.798590,0.789532,0.819344,0.757048,0.717015,0.762469,0.859489,0.879690,0.796031,0.801944,0.860228,0.849486,0.929093, ,0.944757,0.880938,0.793893,0.808543,0.830252,0.813194,0.762593,0.838164,0.771653, ,0.734451,0.751534,0.818750,0.857381,0.812736,0.755268,0.902231, ,0.819445,0.745189, ,0.845506,0.807344,0.765888,0.769731,0.495976, ,0.648545,1.120354,0.764724,0.752982,0.825460,0.762283,0.780015,0.896813,0.884954,0.738784, ,0.765231,0.768489,0.770933,0.774315, , ,0.763330, ,0.841255,0.722684,0.818620,0.734739,0.892075,0.761057,0.889239,0.813175,0.755608,0.670507,0.768774,0.774032, ,0.771276,0.886831,0.802779,0.843126,0.793530,0.697763,0.783770,0.808685,0.809192,0.775238,0.726055,0.736816,0.809896,0.764739,0.776977, ,0.864477,0.861478, , ,0.758476,0.802034,0.806762,0.791821,0.788756,0.689991, ,0.725250,0.782224,0.817254,0.811928,0.729701,0.846983,0.874166,0.767442,0.818778,0.943403,0.862461,0.717671,0.806470,0.779086, ,0.738924,0.799966,0.818395,0.856532,0.885977,0.829456,0.803751,0.814992,0.889484,0.846785,0.583694,0.743545,0.781254,0.848313,0.734506, ,0.809390,0.858852,0.851447,0.844653, , ,0.720906,0.612829,0.727647, , ,0.788547,0.785895,0.868661,0.753322,0.793937, ,0.885496,0.699054,0.769498,0.840089, ,0.883098, , , ,0.822610, , ,0.836337,0.806109,0.807881,0.673502,0.809415,0.777715,0.763211,0.784918,0.774655,0.823338, ,0.784531,0.904398, , ,0.800514,0.735504,0.820028,0.802280,0.810537,0.746942,0.764744,0.785287,0.784726,0.751571,0.880483,0.817203,0.770149,0.785607,0.825640,0.778642,0.744004,0.776878,0.771494,0.753178,0.809357,0.806672,0.821905, ,0.807958, , ,0.703317,0.795740,0.504992,0.716588, ,0.747982,0.828042,0.785057,0.771485,0.772786,0.779552,0.784201, ,0.818273,0.869199,0.836323,0.790566,0.791723, ,0.811271,0.752243,0.779396,0.807040,0.783454
    Inter-Burst Interval - Avg (sec), , ,10.856083,13.696419,64.943760,7.515848, ,7.613582,11.061150,29.005804, ,60.676100,7.922081,11.274014, ,9.455790, ,6.096783, , ,10.558701,14.783750,7.172281,5.854306,34.781736,7.392371,7.123971, ,21.903336,36.955835, ,10.194959,11.155605, , ,5.321606,10.948581,10.457051,5.418335,7.641211,7.114765,12.681300,9.084878, ,5.570278,5.418332,77.810032,7.095314,9.719656,11.214440,7.573499,92.744040,7.289577,23.327530,7.111419,7.025760,12.541381,6.075535,11.461334,7.199756,5.831896,8.360751,17.586833,28.742196,8.378595,6.899948,17.313632, ,9.929492,9.940705,21.937690,6.306487,5.283831, ,5.330794,9.459738,10.861173,12.218727,5.330939,22.439078,12.130217, ,17.340075,91.957320,45.351077,6.206021, ,17.610890,6.323242,7.018650,4.871743,21.364533,4.793273,4.994559,5.770361,5.714870,6.151673, ,8.062402, , , , , ,145.514693,14.587288,9.041245,13.356197,22.534531, ,13.260843,13.052438,8.436598,7.416188,5.298000,21.593403, ,22.772080,5.114648,6.351958,4.944061, ,23.154099,5.049056, ,14.536699,33.257501,5.181817,10.213273,16.897937, , ,6.307614,15.733859,7.504954,8.011961,7.683044,16.662279, ,12.389742,7.974455,7.411076, ,11.113826,5.770545, ,11.227426,8.420473,7.779049, , ,19.091600, ,10.410250,6.005527,90.784460,30.154202,13.964636,6.130851,206.648080,9.704198,155.059520,14.094451,11.384128, ,14.094337,13.154946,11.607286,10.812966,13.453655,12.868960,12.081166,9.582755,27.670061,92.508640,9.430372,6.638291,10.365078,6.790840, ,6.713695,7.478628,123.790827,7.384943,154.346267,9.231331,6.950617, ,19.158880,10.186259,6.713670,6.638124,8.153152,5.677794,6.021896,5.902691,20.924516, ,7.152798,7.152668,10.664111,9.309360,12.479123, ,30.960649,8.886644,5.677843,7.152748,51.904313,10.456502,7.450352,7.267550,25.096369,10.276254,9.312636,11.680908,7.360527, ,12.957417,7.357668,7.842261,10.878085,7.450165,7.357514,38.207498,44.230683, ,189.478560,13.681059,7.365833, ,8.285808,7.003466,8.058822,94.732820,8.575905,8.575964,50.725831, ,10.696305,5.820124,8.824788,6.333914,6.643290,5.088521,4.873745,4.440523, , ,7.732053,4.720102,18.809560, ,5.315875,17.269299,77.527453,29.296972,5.504630,31.154578,11.655537, ,8.870623,22.535994,9.198934,94.182840,20.390837,5.215156,6.605915,5.979180, ,23.623213,8.026774, ,7.567732,7.471916, ,6.558411,6.213293,6.279578,10.732396,6.279477, , , ,6.148546,9.222763,6.213347,7.471745,5.463394,11.831007,5.090090, ,37.960377,9.994874,43.408087,13.175202,12.602452,7.089592, ,8.609555,8.231160,8.525258,11.431846,11.148254,8.836078,11.169192,70.227253,7.048413,7.338678,6.577471,85.072080,8.268512,20.045694,13.063925, ,15.053163,29.481996,6.884291,11.076210,6.884395,6.312627, ,27.429173,12.520007,40.558065,6.520728,10.386758,6.981035,63.065970,6.820520,7.755689, ,21.604419,6.380532,6.312617, ,8.664090,8.413162, ,7.740155,7.951939,45.705467, ,9.675008,9.839162,12.056548,16.666482,24.091295,12.592500,7.637939,9.303558,27.088028,30.467582,7.122498,8.689390,7.390075,7.389501,11.556477, ,7.298792,7.882362,7.579303,15.776682, ,7.298543,9.051533,7.209672, ,13.506707,18.979629,6.501772,7.489500,6.371014,5.744294, ,6.800723,38.750364,8.700934,9.367503,5.689008,19.851354,7.585345,7.489383,5.976351,12.283906, ,6.082397, ,6.859871,16.979129,25.014233,7.982598, ,6.704512,180.586000, , ,6.276386,14.080570,8.427466, ,17.452947,10.667689, ,25.629616,15.027467,15.398873,13.714461,20.887240, ,14.769087,28.480764,10.285170,19.466444,13.674328,372.270480,23.643729,11.474750,29.320929,9.912677,20.915320,74.655800, ,12.776203, ,43.088580,10.637736,8.390291,23.522672,8.633366, , , , ,8.643098,9.802668, ,29.458736,141.944000, ,8.778848,9.502724,8.168923,8.524122,7.744984,10.911073, ,7.951855,43.715338,5.353465,110.007680,10.356816,5.402597, ,5.830505,38.526320, ,6.479884, , ,16.292426,41.403620,5.662328,6.070912,25.237406,46.346784,7.008990,15.493029,6.846040,20.847305,7.268549,22.813610,25.598184,7.268583,6.615212,8.532649,7.646177,6.399517,29.917304,6.469793,6.517240,71.478606,6.424836,4.654227,7.258032,4.512175,5.009181,4.444235,5.738760,27.293892,11.636322,8.818541,6.794176,7.461998,6.424924,4.728825,4.799899,134.180840,5.834937,5.410552, ,34.638843,4.508852,10.881953,17.120142,47.261168,5.313730,8.152748,8.502802,5.649821,5.561941,16.085459,6.553140, ,11.934327,6.939097,7.970105, , ,6.480582,78.713300,7.760129,8.192664,6.778570, ,8.674336,8.674316, ,15.824556,16.952770,9.889108,6.980759,10.788097,14.833342,6.666938, ,8.990183,45.946065,8.476517,8.018277,7.510825,7.148846,7.236114,6.592964,7.344251,6.912699,68.830667,7.533319,11.989949,9.039177,6.832470,6.676996,8.048849,8.275904,10.410031, ,19.096963,6.832205,7.253880,6.676879,8.871533,12.383012,8.255453,20.079183,8.614563, ,8.371697,10.248046,9.546186,22.995236,82.206227,8.491166,14.152183, ,61.257547,8.491317, ,13.959940,10.343061,7.372718,7.760472,19.670629, ,23.257753, ,40.771727,7.760943,33.328565,9.188814,8.305607,10.484615,14.153600,9.840849, ,9.809796,9.840719,11.140094,9.840841, , ,9.371888, ,16.330428,9.523414,17.351040,11.611964,10.677372,9.840803,9.026651,6.640302,5.449719,4.824985,7.221131,7.312748, ,6.196504,8.252829,5.251831,6.398008,39.984343,29.048665,21.723077,6.960074,5.398983,4.318386,8.665954,4.695582,12.014862,4.350167,4.771327, ,51.552192,9.504528, , ,4.256426,5.056749,4.622132,4.108465,4.603878,30.092498, ,6.983221,5.753145,8.891310,10.989665,6.055794, ,14.206152,6.520251,77.369344,48.204888,15.553115,68.664651,5.237412,13.237942, ,6.974288,7.057784,111.791920,37.784062,9.530108,7.410087,17.385118,10.512544,13.530431,12.918357,35.351680,9.047292,13.659714,19.782497,11.095719, ,8.799586,8.862519,36.297515,9.419289, , ,5.705952, ,116.243067, , ,8.357610,67.550103,13.357319,5.394525,7.784751, ,12.325628,244.710120,6.960666,17.826352, ,54.215943, , , ,26.891822, , ,7.214846,9.546862,6.647497,5.864820,7.037784,5.539071,85.324787,6.573945,6.042579,8.469826, ,5.643730,47.819947, , ,7.385177,5.808011,6.587832,6.718725,22.977382,4.095473,4.599460,4.462245,4.396485,4.181339,18.069045,9.548226,4.067688,76.694983,25.167516,35.711403,12.649628,8.442031,4.181476,5.151592,11.412268,6.497037,4.858365, ,9.053845, , ,4.742668,6.790685, ,6.497093, ,4.596631, ,13.157040,4.961483,9.847604,5.845579,37.821932, ,4.800073,8.945785,6.708969,9.172276,4.648849, ,21.773856,5.623122,4.800094,5.271414,6.887084
    Inter-Burst Interval - Std (sec), , ,6.439978,9.323444,42.011103,3.309494, ,3.120285,9.081423,25.724816, ,74.535756,3.740903,6.979690, ,4.031976, ,2.875745, , ,5.184365,8.921016,3.657434,2.598555,29.176786,3.684137,3.990553, ,13.926122,25.707034, ,5.728873,6.836993, , ,2.222383,7.674968,7.027339,1.972197,3.732826,2.879008,11.015472,6.319007, ,2.110066,1.921292,91.256266,3.655038,5.965111,7.289250,3.814902,64.708503,4.944623,17.750738,3.819782,4.650318,8.055654,3.230038,7.368123,4.366289,2.886944,4.612039,12.700958,20.258724,4.874102,3.362903,16.162825, ,6.244777,5.945283,16.700764,2.545791,1.507804, ,1.629782,6.018181,6.144997,7.250923,1.756390,23.026801,8.223635, ,11.681508,125.903605,30.579860,3.919985, ,11.268562,3.685802,4.256272,1.634909,21.116528,1.462198,1.608885,2.882310,3.174438,2.429608, ,4.256708, , , , , ,74.585062,8.202705,4.770861,7.500241,12.402478, ,7.141948,8.466704,4.992454,3.996354,2.305739,15.758274, ,21.532868,2.085584,2.535998,1.832496, ,16.467064,1.888937, ,10.407774,29.670329,1.926839,6.174505,15.256342, , ,3.090542,7.214694,3.525745,3.976636,4.097125,10.369938, ,7.312878,4.307123,3.622703, ,6.926865,2.607939, ,5.566601,3.715374,3.586843, , ,19.444119, ,6.854312,2.228496,24.766064,24.500581,8.322152,2.254024,152.271768,3.286133,158.957123,7.087517,4.638145, ,6.408565,5.805015,5.521150,4.226166,6.529632,4.912323,6.135486,3.616988,18.415116,67.332292,3.403812,2.482818,6.568008,2.630083, ,2.410870,3.023720,164.714070,3.339175,176.438176,5.052202,2.584652, ,10.485152,5.094588,2.410565,2.484232,3.985796,1.984493,1.932843,1.994553,13.902861, ,2.778026,3.073977,6.187035,4.168339,8.729036, ,27.897426,3.741555,1.964230,2.921655,45.894161,6.032074,2.971091,3.014603,16.086919,5.814045,4.375071,8.717214,3.069061, ,8.730036,2.993689,3.436299,6.137748,3.264337,2.995278,28.760830,29.310753, ,196.563353,9.265910,4.101381, ,4.380930,3.503316,3.782271,80.885935,4.641729,5.205614,50.928685, ,6.925767,2.784369,8.370391,4.067180,3.747809,2.282370,1.910494,1.597544, , ,4.379050,1.509454,12.190479, ,2.742515,14.127226,80.744012,23.262242,2.814692,23.491792,6.062021, ,5.974709,17.122367,4.540030,65.409470,12.398661,2.329503,3.581431,3.401431, ,14.563259,4.691910, ,3.458004,4.033279, ,2.307548,2.113594,2.193222,6.420848,2.220601, , , ,2.177826,4.817830,2.203615,3.365519,2.153070,7.691169,2.208119, ,27.737882,6.235461,31.524405,8.099885,8.839335,3.519203, ,4.895068,4.572330,4.456597,9.512743,6.656843,4.463637,6.910372,64.626884,2.731932,3.215442,2.642814,72.454248,3.478645,18.447089,10.415953, ,11.160859,29.831853,2.608502,7.884943,2.643209,2.875820, ,27.386058,10.697285,39.931570,2.771943,6.102568,3.311710,66.400723,3.297650,3.816986, ,18.021334,2.837923,2.857179, ,4.048027,4.324191, ,4.325019,4.266634,31.862957, ,5.576391,5.304057,5.244591,6.841416,14.795081,5.254371,4.344816,4.557924,10.680803,25.869955,3.655943,5.496129,3.655748,3.965463,7.969538, ,3.616285,3.828057,3.828148,10.460795, ,3.611516,5.301290,3.665982, ,8.760496,19.037388,2.029756,3.398488,2.251340,2.116875, ,2.661147,38.307036,5.933527,6.226305,2.096558,20.816889,5.137022,2.829845,2.034475,7.016695, ,1.866570, ,2.784375,15.767875,26.266753,4.258286, ,2.598568,151.009071, , ,1.980846,10.595275,3.798892, ,17.234892,5.167503, ,28.907514,11.766025,12.155166,8.331264,20.924505, ,9.717861,18.512922,4.842762,16.488342,9.240095, ,14.098020,7.297500,24.603564,5.661810,17.325563,83.764039, ,8.939543, ,44.580860,5.609869,4.670024,15.676478,4.370217, , , , ,3.837580,4.574762, ,25.564418,135.898333, ,4.564387,6.476158,3.389920,3.232499,3.136850,6.345054, ,3.472148,35.932001,3.226040, ,10.863862,3.243406, ,3.288298,29.234203, ,5.456856, , ,10.648709,23.713330,3.265039,3.619699,21.103514,36.158605,1.991490,10.853614,2.208251,13.206741,2.294606,18.308499,15.406768,2.364710,1.636520,3.212028,3.201257,1.850449,24.185353,1.754934,4.067040,79.811901,3.249057,2.317875,7.205955,2.214372,2.741136,2.243595,2.802743,23.668655,13.242664,5.557581,5.040877,5.076780,3.871004,2.479582,1.524445,115.134803,3.002615,2.215605, ,36.827162,1.375024,7.622284,14.954053,47.140683,2.022875,4.861514,4.521612,2.639926,2.101553,15.729947,2.026458, ,9.272985,2.708857,3.951935, , ,2.273875,78.071593,4.308044,4.493814,3.118204, ,4.604715,5.325767, ,13.368875,17.364758,5.869205,3.643933,9.755881,13.578442,3.489011, ,6.207922,52.552365,4.079032,4.052500,3.524134,3.596953,3.581053,3.475457,3.039554,2.695295,48.581272,2.873629,6.820799,3.271383,2.513933,2.143262,2.880887,3.873965,4.474891, ,10.617973,2.224480,2.842890,2.140606,3.928731,8.391248,4.063434,12.988522,3.892110, ,4.005543,4.818267,4.349724,19.506071,68.047886,3.929136,10.777365, ,71.041236,3.928957, ,10.075459,6.165307,3.291340,3.380125,23.452950, ,19.961201, ,20.589601,3.463053,20.908913,4.342152,3.548793,5.453281,9.255597,4.772011, ,4.809894,4.766322,4.655132,4.773078, , ,4.853138, ,11.580188,4.844355,10.003675,6.366796,5.761752,5.271877,6.253721,4.733403,3.677436,3.359211,4.776886,4.656105, ,3.895607,5.950728,3.644104,4.121509,52.421167,27.791300,19.131958,5.082776,3.870652,1.467161,6.406883,1.704393,10.147350,1.428390,1.888972, ,75.259993,7.659978, , ,1.518690,2.271672,1.789973,1.709916,1.701286,19.279063, ,4.393772,2.721114,5.628053,7.093895,3.155453, ,11.493166,3.473959,46.017822,23.722777,12.890594,50.192357,2.019198,10.238597, ,3.183940,2.838509,76.799160,59.529964,4.643142,3.099334,10.572656,6.483190,9.313637,8.669053, ,4.022675,8.930005,15.023267,7.506855, ,5.309926,4.891165,30.420075,5.620449, , ,2.533224, ,109.983242, , ,3.897496,59.974120,9.738126,2.413188,2.885392, ,7.688191,119.168819,2.462235,12.476407, ,47.858323, , , ,22.728154, , ,2.476584,5.183990,2.942709,2.018142,2.949088,1.583236,60.907153,2.820578,2.229205,5.035210, ,1.643529,27.680334, , ,4.099923,2.180645,3.583210,4.093953,22.842830,1.379064,2.142807,1.667450,1.917520,1.531412,15.501962,5.953935,1.375348,42.356230,27.886705,22.089296,9.285792,7.834800,1.462587,2.286625,8.000642,3.484867,1.909705, ,7.776702, , ,1.944645,4.273349, ,3.740622, ,1.695311, ,11.740172,2.225941,6.104252,3.007558,39.523791, ,2.021927,7.555693,4.126716,6.028209,1.953298, ,16.898598,2.304466,1.971418,2.375070,4.048595
    Burst Frequency (Hz), , ,0.091667,0.071667,0.015000,0.131667, ,0.130000,0.090000,0.035000, ,0.015000,0.125000,0.088333, ,0.105000, ,0.163333, , ,0.095000,0.068333,0.140000,0.170000,0.030000,0.135000,0.140000,0.001667,0.046667,0.028333, ,0.098333,0.088333, , ,0.188333,0.090000,0.096667,0.185000,0.131667,0.140000,0.080000,0.110000, ,0.180000,0.185000,0.010000,0.141667,0.101667,0.088333,0.130000,0.011667,0.135000,0.043333,0.138333,0.140000,0.078333,0.161667,0.085000,0.136667,0.168333,0.116667,0.055000,0.035000,0.118333,0.143333,0.056667, ,0.098333,0.100000,0.043333,0.156667,0.186667, ,0.186667,0.105000,0.091667,0.081667,0.186667,0.043333,0.083333, ,0.058333,0.011667,0.023333,0.160000, ,0.055000,0.158333,0.141667,0.205000,0.046667,0.208333,0.200000,0.173333,0.175000,0.163333, ,0.125000, , , , , ,0.006667,0.068333,0.111667,0.073333,0.038333, ,0.076667,0.075000,0.116667,0.135000,0.188333,0.045000, ,0.035000,0.195000,0.156667,0.201667, ,0.043333,0.196667, ,0.066667,0.030000,0.191667,0.096667,0.056667, , ,0.158333,0.063333,0.133333,0.125000,0.125000,0.056667, ,0.076667,0.123333,0.135000, ,0.085000,0.171667, ,0.086667,0.115000,0.126667, , ,0.051667, ,0.093333,0.165000,0.008333,0.030000,0.070000,0.161667,0.005000,0.103333,0.006667,0.071667,0.088333, ,0.071667,0.076667,0.086667,0.091667,0.075000,0.078333,0.083333,0.105000,0.036667,0.005000,0.106667,0.150000,0.096667,0.146667, ,0.148333,0.133333,0.006667,0.135000,0.006667,0.108333,0.143333, ,0.006667,0.098333,0.148333,0.150000,0.120000,0.176667,0.166667,0.170000,0.046667, ,0.138333,0.138333,0.093333,0.106667,0.080000, ,0.031667,0.111667,0.176667,0.138333,0.020000,0.096667,0.135000,0.138333,0.040000,0.098333,0.108333,0.086667,0.136667, ,0.078333,0.136667,0.128333,0.088333,0.135000,0.136667,0.020000,0.023333,0.001667,0.005000,0.073333,0.133333, ,0.120000,0.141667,0.123333,0.008333,0.115000,0.115000,0.016667, ,0.093333,0.173333,0.113333,0.158333,0.150000,0.196667,0.206667,0.226667,0.001667, ,0.130000,0.213333,0.051667,0.001667,0.188333,0.058333,0.011667,0.035000,0.181667,0.031667,0.086667,0.001667,0.113333,0.045000,0.108333,0.005000,0.048333,0.191667,0.151667,0.165000, ,0.041667,0.123333, ,0.131667,0.133333, ,0.151667,0.160000,0.158333,0.093333,0.158333, , , ,0.161667,0.108333,0.160000,0.133333,0.183333,0.083333,0.196667, ,0.025000,0.098333,0.021667,0.075000,0.078333,0.141667, ,0.115000,0.121667,0.115000,0.085000,0.088333,0.113333,0.090000,0.006667,0.141667,0.135000,0.151667,0.011667,0.120000,0.048333,0.075000, ,0.066667,0.031667,0.145000,0.090000,0.145000,0.158333, ,0.006667,0.076667,0.020000,0.153333,0.088333,0.143333,0.015000,0.146667,0.126667,0.001667,0.043333,0.156667,0.158333, ,0.113333,0.116667, ,0.126667,0.123333,0.021667, ,0.101667,0.100000,0.080000,0.058333,0.038333,0.076667,0.128333,0.103333,0.035000,0.031667,0.140000,0.110000,0.135000,0.135000,0.085000, ,0.136667,0.126667,0.131667,0.061667, ,0.136667,0.108333,0.138333, ,0.073333,0.051667,0.153333,0.133333,0.155000,0.173333, ,0.146667,0.020000,0.115000,0.105000,0.175000,0.050000,0.131667,0.133333,0.166667,0.080000, ,0.163333,0.001667,0.145000,0.058333,0.038333,0.123333, ,0.148333,0.006667, , ,0.158333,0.070000,0.118333, ,0.053333,0.091667, ,0.035000,0.061667,0.060000,0.071667,0.041667, ,0.066667,0.031667,0.095000,0.046667,0.070000,0.003333,0.040000,0.086667,0.031667,0.098333,0.045000,0.005000, ,0.076667, ,0.021667,0.095000,0.120000,0.043333,0.116667, ,0.001667, , ,0.116667,0.101667, ,0.035000,0.008333, ,0.113333,0.105000,0.121667,0.116667,0.130000,0.091667, ,0.126667,0.020000,0.185000,0.003333,0.091667,0.183333, ,0.170000,0.025000, ,0.151667, , ,0.058333,0.021667,0.175000,0.163333,0.033333,0.018333,0.141667,0.065000,0.145000,0.045000,0.136667,0.041667,0.040000,0.136667,0.150000,0.116667,0.130000,0.155000,0.030000,0.153333,0.151667,0.013333,0.155000,0.213333,0.135000,0.220000,0.198333,0.223333,0.173333,0.035000,0.083333,0.111667,0.146667,0.131667,0.155000,0.210000,0.208333,0.005000,0.171667,0.185000, ,0.026667,0.221667,0.091667,0.053333,0.018333,0.188333,0.123333,0.118333,0.175000,0.180000,0.063333,0.151667, ,0.083333,0.143333,0.125000, , ,0.153333,0.008333,0.128333,0.121667,0.146667, ,0.115000,0.115000, ,0.063333,0.060000,0.101667,0.143333,0.093333,0.068333,0.150000, ,0.111667,0.020000,0.118333,0.125000,0.133333,0.140000,0.138333,0.151667,0.135000,0.143333,0.011667,0.131667,0.083333,0.110000,0.145000,0.148333,0.123333,0.120000,0.095000, ,0.050000,0.145000,0.136667,0.148333,0.113333,0.081667,0.121667,0.050000,0.116667, ,0.120000,0.098333,0.103333,0.038333,0.011667,0.118333,0.071667, ,0.016667,0.118333, ,0.068333,0.091667,0.135000,0.128333,0.051667, ,0.041667,0.001667,0.021667,0.128333,0.026667,0.103333,0.118333,0.091667,0.068333,0.101667, ,0.098333,0.101667,0.090000,0.101667, , ,0.106667, ,0.058333,0.105000,0.055000,0.083333,0.088333,0.101667,0.108333,0.146667,0.181667,0.205000,0.135000,0.133333, ,0.160000,0.118333,0.185000,0.155000,0.025000,0.033333,0.045000,0.140000,0.180000,0.230000,0.115000,0.211667,0.081667,0.228333,0.208333, ,0.018333,0.105000, , ,0.233333,0.196667,0.215000,0.241667,0.215000,0.031667, ,0.141667,0.171667,0.111667,0.090000,0.161667,0.001667,0.070000,0.151667,0.010000,0.018333,0.051667,0.013333,0.188333,0.075000, ,0.143333,0.141667,0.010000,0.023333,0.103333,0.135000,0.055000,0.093333,0.070000,0.076667,0.003333,0.110000,0.071667,0.050000,0.090000, ,0.110000,0.105000,0.028333,0.106667, , ,0.175000,0.001667,0.006667, , ,0.120000,0.013333,0.070000,0.185000,0.128333, ,0.081667,0.005000,0.143333,0.055000, ,0.013333, , , ,0.038333, , ,0.138333,0.103333,0.151667,0.171667,0.143333,0.181667,0.011667,0.153333,0.166667,0.118333, ,0.178333,0.021667, , ,0.136667,0.173333,0.151667,0.150000,0.043333,0.245000,0.218333,0.225000,0.228333,0.240000,0.055000,0.103333,0.246667,0.013333,0.038333,0.026667,0.078333,0.116667,0.240000,0.195000,0.088333,0.155000,0.206667, ,0.111667, , ,0.211667,0.148333,0.001667,0.155000, ,0.218333,0.001667,0.076667,0.200000,0.100000,0.170000,0.023333, ,0.206667,0.111667,0.148333,0.106667,0.213333, ,0.043333,0.176667,0.206667,0.188333,0.143333
    IBI Coefficient of Variation, , ,0.593214,0.680721,0.646884,0.440335, ,0.409831,0.821020,0.886885, ,1.228420,0.472212,0.619095, ,0.426403, ,0.471682, , ,0.491004,0.603434,0.509940,0.443871,0.838854,0.498370,0.560159, ,0.635799,0.695615, ,0.561932,0.612875, , ,0.417615,0.701001,0.672019,0.363986,0.488512,0.404653,0.868639,0.695552, ,0.378808,0.354591,1.172808,0.515134,0.613716,0.649988,0.503717,0.697711,0.678314,0.760935,0.537134,0.661895,0.642326,0.531647,0.642868,0.606450,0.495027,0.551630,0.722186,0.704843,0.581733,0.487381,0.933532, ,0.628912,0.598075,0.761282,0.403678,0.285362, ,0.305730,0.636189,0.565777,0.593427,0.329471,1.026192,0.677946, ,0.673671,1.369153,0.674292,0.631642, ,0.639863,0.582897,0.606423,0.335590,0.988392,0.305052,0.322128,0.499503,0.555470,0.394951, ,0.527970, , , , , ,0.512560,0.562319,0.527677,0.561555,0.550377, ,0.538574,0.648668,0.591762,0.538869,0.435209,0.729773, ,0.945582,0.407767,0.399247,0.370646, ,0.711194,0.374117, ,0.715965,0.892139,0.371846,0.604557,0.902852, , ,0.489970,0.458546,0.469789,0.496337,0.533268,0.622360, ,0.590236,0.540115,0.488823, ,0.623266,0.451940, ,0.495804,0.441231,0.461090, , ,1.018465, ,0.658420,0.371074,0.272801,0.812510,0.595945,0.367653,0.736865,0.338630,1.025136,0.502859,0.407422, ,0.454691,0.441280,0.475662,0.390842,0.485343,0.381719,0.507855,0.377448,0.665525,0.727849,0.360941,0.374015,0.633667,0.387299, ,0.359097,0.404315,1.330584,0.452160,1.143132,0.547289,0.371859, ,0.547274,0.500143,0.359053,0.374237,0.488866,0.349518,0.320969,0.337906,0.664429, ,0.388383,0.429766,0.580174,0.447758,0.699491, ,0.901061,0.421031,0.345946,0.408466,0.884207,0.576873,0.398785,0.414803,0.641006,0.565775,0.469799,0.746279,0.416962, ,0.673748,0.406880,0.438177,0.564231,0.438156,0.407105,0.752754,0.662679, ,1.037391,0.677280,0.556812, ,0.528727,0.500226,0.469333,0.853832,0.541252,0.607001,1.003999, ,0.647491,0.478404,0.948509,0.642127,0.564150,0.448533,0.391997,0.359765, , ,0.566350,0.319793,0.648100, ,0.515910,0.818054,1.041489,0.794015,0.511332,0.754040,0.520098, ,0.673539,0.759779,0.493539,0.694495,0.608051,0.446680,0.542155,0.568879, ,0.616481,0.584532, ,0.456941,0.539792, ,0.351846,0.340173,0.349263,0.598268,0.353628, , , ,0.354202,0.522385,0.354658,0.450433,0.394090,0.650086,0.433807, ,0.730706,0.623866,0.726233,0.614783,0.701398,0.496390, ,0.568562,0.555490,0.522752,0.832127,0.597120,0.505160,0.618699,0.920254,0.387595,0.438150,0.401798,0.851681,0.420710,0.920252,0.797307, ,0.741429,1.011867,0.378906,0.711881,0.383942,0.455566, ,0.998428,0.854415,0.984553,0.425097,0.587533,0.474387,1.052877,0.483489,0.492153, ,0.834150,0.444778,0.452614, ,0.467219,0.513979, ,0.558777,0.536553,0.697137, ,0.576371,0.539076,0.434999,0.410489,0.614126,0.417262,0.568847,0.489912,0.394300,0.849098,0.513295,0.632510,0.494683,0.536635,0.689617, ,0.495464,0.485648,0.505079,0.663054, ,0.494827,0.585679,0.508481, ,0.648603,1.003043,0.312185,0.453767,0.353372,0.368518, ,0.391304,0.988559,0.681941,0.664671,0.368528,1.048638,0.677230,0.377848,0.340421,0.571210, ,0.306881, ,0.405893,0.928662,1.050072,0.533446, ,0.387585,0.836217, , ,0.315603,0.752475,0.450775, ,0.987506,0.484407, ,1.127895,0.782968,0.789354,0.607480,1.001784, ,0.657987,0.650015,0.470849,0.847014,0.675726, ,0.596269,0.635962,0.839113,0.571169,0.828367,1.122003, ,0.699703, ,1.034633,0.527356,0.556599,0.666441,0.506201, , , , ,0.444005,0.466685, ,0.867804,0.957408, ,0.519930,0.681505,0.414978,0.379218,0.405017,0.581524, ,0.436646,0.821954,0.602608, ,1.048958,0.600342, ,0.563982,0.758811, ,0.842123, , ,0.653599,0.572736,0.576625,0.596236,0.836200,0.780175,0.284134,0.700548,0.322559,0.633499,0.315690,0.802525,0.601870,0.325333,0.247387,0.376440,0.418674,0.289155,0.808407,0.271250,0.624043,1.116584,0.505703,0.498015,0.992825,0.490755,0.547222,0.504833,0.488388,0.867178,1.138046,0.630216,0.741941,0.680351,0.602498,0.524355,0.317599,0.858057,0.514592,0.409497, ,1.063175,0.304961,0.700452,0.873477,0.997451,0.380688,0.596304,0.531779,0.467258,0.377845,0.977899,0.309235, ,0.777001,0.390376,0.495845, , ,0.350875,0.991848,0.555151,0.548517,0.460009, ,0.530843,0.613970, ,0.844818,1.024302,0.593502,0.521997,0.904319,0.915400,0.523330, ,0.690522,1.143784,0.481216,0.505408,0.469207,0.503151,0.494886,0.527146,0.413868,0.389905,0.705809,0.381456,0.568876,0.361912,0.367939,0.320992,0.357925,0.468102,0.429863, ,0.556003,0.325587,0.391913,0.320600,0.442847,0.677642,0.492212,0.646865,0.451806, ,0.478463,0.470165,0.455650,0.848266,0.827770,0.462732,0.761534, ,1.159714,0.462703, ,0.721741,0.596081,0.446422,0.435557,1.192283, ,0.858260, ,0.504997,0.446216,0.627357,0.472548,0.427277,0.520122,0.653939,0.484919, ,0.490315,0.484347,0.417872,0.485027, , ,0.517840, ,0.709117,0.508678,0.576546,0.548296,0.539623,0.535716,0.692806,0.712830,0.674794,0.696212,0.661515,0.636711, ,0.628678,0.721053,0.693873,0.644186,1.311042,0.956715,0.880720,0.730276,0.716922,0.339747,0.739316,0.362978,0.844567,0.328353,0.395901, ,1.459880,0.805929, , ,0.356799,0.449236,0.387261,0.416193,0.369533,0.640660, ,0.629190,0.472979,0.632984,0.645506,0.521063, ,0.809027,0.532795,0.594781,0.492124,0.828811,0.730978,0.385534,0.773428, ,0.456525,0.402181,0.686983,1.575531,0.487208,0.418259,0.608144,0.616710,0.688347,0.671065, ,0.444628,0.653748,0.759422,0.676554, ,0.603429,0.551893,0.838076,0.596696, , ,0.443962, ,0.946149, , ,0.466341,0.887846,0.729048,0.447340,0.370647, ,0.623756,0.486980,0.353736,0.699886, ,0.882735, , , ,0.845170, , ,0.343262,0.543005,0.442679,0.344110,0.419037,0.285831,0.713827,0.429054,0.368916,0.594488, ,0.291213,0.578845, , ,0.555156,0.375455,0.543913,0.609335,0.994144,0.336729,0.465882,0.373680,0.436149,0.366249,0.857929,0.623565,0.338115,0.552269,1.108044,0.618550,0.734076,0.928071,0.349778,0.443868,0.701056,0.536378,0.393076, ,0.858939, , ,0.410032,0.629296, ,0.575738, ,0.368816, ,0.892311,0.448644,0.619872,0.514501,1.044997, ,0.421228,0.844609,0.615104,0.657221,0.420168, ,0.776096,0.409820,0.410704,0.450557,0.587853
    Normalized Duration IQR, , ,0.975001,0.444231,0.738513,0.444758, ,0.311644,0.945360,0.167616, ,0.133112,1.024416,0.737766, ,0.567461, ,0.498258, , ,0.520271,0.338481,0.321796,0.498755,0.834477,0.557102,0.457287, ,2.326862,0.558368, ,0.706124,0.969127, , ,0.824548,0.527398,0.432959,0.624585,0.403304,1.032492,0.883583,1.054796, ,0.910001,1.009074,0.278210,0.621277,0.525736,0.203125,0.535295,0.401042,0.339553,0.582994,0.724663,0.587442,0.743318,0.962501,0.647757,0.455829,0.823869,0.853680,0.976015,7.455357,0.559427,0.466015,0.784894, ,0.650242,0.388789,2.875495,0.554141,0.724313, ,0.753118,0.393475,0.457775,0.448477,0.635960,1.517243,0.814484, ,0.459175,3.487808,0.462677,0.660727, ,0.929147,0.873474,0.444758,0.453900,3.430475,0.600985,0.154475,0.300060,0.673440,0.708590, ,0.956196, , , , , ,0.000000,0.363384,0.379550,0.145833,0.940790, ,0.491973,0.461716,0.811842,0.461716,0.521355,0.717563, ,0.000000,0.418479,0.429983,0.500501, ,0.449282,0.206307, ,0.566818,0.000000,0.461149,0.681881,0.569722, , ,0.517581,0.331238,1.175988,0.770339,0.623754,0.549598, ,0.680398,0.730658,0.396384, ,0.449551,0.222050, ,0.778747,0.510715,0.259327, , ,0.383378, ,0.385000,0.629674,0.182664,0.269086,0.297209,0.582429, ,0.148165,0.000000,1.364293,0.710938, ,0.547993,1.715722,0.400080,0.268797,0.652543,0.000000,0.222841,0.905064,0.667334, ,0.278056,0.282928,0.338176,0.186060, ,0.154475,0.333667,0.118592,0.376316,0.000000,0.375188,0.299880, ,0.091357,0.181604,0.375188,0.307622,0.912656,0.523975,0.518653,0.450901,0.565324, ,0.802084,0.481250,0.586066,0.444758,0.534951, ,0.611361,1.024776,0.507607,0.697724,0.538173,1.040974,0.780406,1.058389,1.188837,0.784484,0.490687,1.013159,1.022125, ,0.279922,0.747016,0.728319,1.315568,0.952039,1.126126,0.000000,0.416390, , ,0.422245,0.591408, ,0.387384,0.741849,0.400080,2.578776,0.833057,0.412614,1.910307, ,0.538559,0.733155,0.630883,0.823192,0.328412,0.750751,0.417432,0.614865, , ,0.558594,0.623547,0.000000, ,0.293033,0.847348,0.627194,0.332338,0.943451,0.369101,1.423494, ,0.509329,0.513334,0.662038, ,0.767639,0.772377,0.875001,0.951522, ,0.352465,0.572655, ,1.191668,0.963984, ,0.848306,0.800984,0.897414,0.685617,0.611112, , , ,0.604469,0.622513,0.750376,0.813633,0.610615,0.562150,0.629447, ,0.768312,0.569861,1.336490,0.328844,0.572655,0.572655, ,0.376203,0.754415,1.098465,0.622513,0.424873,1.040974,0.649663,0.342353,0.440581,0.605444,0.508639,0.417084,0.524634,3.767208,0.626409, ,0.577279,18.381213,0.914657,0.673168,0.866346,0.454450, ,0.130953,0.657400,5.497488,0.543137,0.570479,0.834168,0.000000,0.796130,0.610963, ,2.227747,0.666002,0.550606, ,0.324579,0.158086, ,0.618513,0.417548,0.361633, ,0.450631,2.057556,0.291837,1.364293,7.272229,1.870331,0.514918,3.087777,0.285023,0.289307,0.282449,0.600481,0.356821,0.180556,0.148605, ,0.420824,0.665117,0.189011,0.678798, ,0.718697,0.134254,0.425114, ,0.692574,1.460889,0.642326,0.446477,0.760177,0.314187, ,0.547194,0.360418,1.221584,0.700327,0.490046,9.682301,0.573092,1.252817,0.688446,0.374439, ,0.562360, ,0.570826,0.253803,0.164638,0.245223, ,0.723964,0.000000, , ,0.369101,0.135051,1.199979, ,0.819597,0.793186, ,0.184346,0.197983,0.322487,0.320013,0.401042, ,0.604104,0.200843,0.143657,0.523171,0.310099, ,0.679105,2.618463,6.781401,0.609871,1.186020, , ,1.270306, ,0.279609,0.702161,0.835212,5.274461,0.878071, , , , ,0.511759,0.605933, ,0.537479,0.188158, ,0.252396,0.192204,0.337872,0.596686,0.424873,0.483731, ,0.487342,0.000000,0.332191, ,0.935865,1.156781, ,0.338024,1.803355, ,0.547833, , ,2.069324,1.252885,0.234098,0.555125,0.275151,1.360056,1.193088,1.179313,0.437500,0.423077,1.357373,0.513158,0.958201,0.305743,0.136228,0.889304,0.234098,0.587442,0.216479,0.512108,0.586524,0.279922,0.797992,0.672354,1.126239,0.834631,1.199666,0.817366,0.678185,2.919947,0.415353,0.958079,0.881680,0.726416,0.579283,0.911658,0.576613, ,0.700001,0.497845, ,0.228957,0.511759,0.245103,0.451308,1.430001,1.342806,0.958813,1.396486,0.424153,0.527676,5.651280,0.669118, ,0.636769,0.428755,0.348538, , ,0.526289,0.425114,0.733442,0.489407,0.589657, ,0.471577,0.930298, ,0.210294,0.398805,0.618666,0.343514,0.375751,0.243434,0.445682, ,0.295804,10.788917,0.512108,0.569614,0.288639,0.378593,0.355975,0.298272,0.269957,0.119565,1.038431,0.596544,0.259865,0.154571,0.392858,0.161870,0.231071,0.275505,0.515767, ,0.168632,0.277132,0.360072,0.115217,0.736030,0.509053,1.066840,2.571064,1.269661, ,0.524450,0.385792,0.774369,0.521355,5.153344,0.643869,0.369828, ,0.353461,0.877045, ,0.650846,0.491329,0.905392,1.074035,3.331545, ,2.266173, ,0.197358,0.952729,0.620968,0.941380,1.137501,0.229587,0.608881,1.350271, ,1.269017,0.479407,1.416129,0.945054, , ,1.338237, ,0.257990,1.609326,1.181664,1.485424,0.000000,1.260253,0.267361,0.876840,0.465149,0.915997,1.551721,0.350000, ,0.454175,0.642766,0.468633,0.422007,0.487139,1.167575,0.507460,0.778141,0.532070,0.440840,1.369358,0.601563,0.202468,0.377641,0.286328, ,1.684231,0.871518, , ,0.261085,0.444889,0.415698,0.615773,0.478490,1.334499, ,0.673319,0.603303,0.498010,0.494892,1.155890, ,0.666741,1.146622,25.578592,0.564474,0.418879,2.188162,1.014920,1.115055, ,0.265096,0.371291,0.198297,0.903648,0.251634,0.547594,0.495872,0.546001,0.460583,0.460583, ,0.813381,0.646641,0.609623,0.701472, ,0.576613,0.871518,0.412500,0.733872, , ,0.412274, ,1.810582, , ,0.545802,0.569339,0.742268,0.633224,0.205123, ,0.179006, ,0.547294,0.736030, ,0.914594, , , ,0.261222, , ,0.559218,0.458054,0.983302,0.828643,0.652118,0.558594,1.346155,0.815590,0.862932,0.653395, ,0.863925,0.265941, , ,0.715512,0.587442,0.502511,0.713370,0.475761,0.627508,0.509329,0.564262,0.549397,0.443182,0.340014,0.435597,0.546100,0.485295,1.700936,0.657256,0.868924,0.543432,0.619431,0.631945,0.542450,0.477577,0.486395, ,0.529742, , ,0.368557,0.453352, ,0.777175, ,0.566818, ,1.031049,0.350000,0.423435,1.067165,4.049072, ,0.556937,1.074035,0.977540,0.720145,0.705925, ,3.232014,0.344697,0.843161,1.058588,1.441771
    Burst Percentage,0.000000,0.000000,73.398480,73.796791,24.782609,87.406855,0.000000,85.321101,70.436730,57.000000,0.000000,26.415094,84.232026,76.452119, ,81.011450,0.000000,80.378890, , ,65.269461,66.060606,78.558977,84.873096,28.517110,73.889269,79.681851,10.000000,38.920781,37.831858,0.000000,68.410256,66.339066,0.000000,0.000000,93.722628,66.222760,65.710723,93.475243,83.372734,81.825273,60.187354,69.534413,0.000000,93.739029,93.003332,15.436242,83.138564,75.335121,64.852255,86.971047,17.727273,85.569791,48.837209,87.795445,91.896024,65.089514,85.758323,67.582418,90.529695,91.488604,84.490741,62.333333,57.217848,78.086957,86.455108,58.348294,0.000000,76.593807,68.742058,45.898778,90.625000,97.513408,0.000000,95.392336,69.090909,71.229050,61.307902,96.276335,56.166667,56.387665,0.000000,70.270270,2.983988,43.003413,88.505096,0.000000,50.391236,87.709497,83.894231,96.264775,19.063291,96.290631,95.642581,89.737869,88.817664,90.850144, ,77.656676,0.000000, ,0.000000, , ,13.375796,67.234848,76.489362,64.106845,54.963680,0.000000,67.149758,58.284884,73.182360,81.677917,95.543807,49.330357,0.000000,29.238329,96.770026,90.203686,97.555386,0.000000,15.835411,96.351351,0.000000,50.793651,33.333333,95.005429,66.296296,57.020548, ,0.000000,81.217086,58.556701,72.128749,79.612695,77.962716,67.866324, ,76.066025,79.605263,79.569034,0.000000,58.312958,94.711793,0.000000,76.590106,77.565392,83.584906,0.000000, ,65.501166,0.000000,71.159030,94.617820,14.213198,41.610738,64.661654,92.716320,15.384615,93.333333,30.000000,81.854043,92.224622, ,87.174721,81.705426,86.837607,88.416422,89.409369,88.560158,87.326389,94.800484,48.897059,12.605042,93.439227,95.266781,81.288344,98.157051,0.000000,98.676749,95.806218,13.868613,94.984647,7.392996,85.696203,97.810734,0.000000,28.343949,82.532239,97.942158,98.473837,78.643216,95.749776,96.513250,97.473404,65.826331,0.000000,81.205036,88.524590,72.396487,79.916318,77.247956, ,38.644068,82.735043,93.939394,39.307536,27.272727,70.541761,89.792786,79.182879,73.839662,90.229008,88.145315,16.566430,96.847211, ,75.944334,44.129288,95.087719,69.242902,93.824405,68.844931,46.625767,33.067729,6.486486,10.047847,79.903537,96.603774,0.000000,86.272545,98.142600,92.660550,21.052632,86.978637,93.736805,46.717172,0.000000,83.804878,85.362211,69.018405,79.698582,60.078125,90.334302,94.052478,97.420021,6.990881,0.000000,72.875226,93.850416,34.108527,3.141361,86.518519,43.518519,21.546961,55.595668,81.356759,38.080495,60.111836,3.243243,66.977138,52.042629,60.105914,9.693878,39.657444,81.424936,74.539716,76.927711,0.000000,44.588045,74.687933,0.000000,89.383562,88.277512,0.000000,94.569758,94.943052,95.135135,72.714487,95.957447,0.000000,0.000000, ,96.678967,79.794521,95.740905,90.791738,88.065268,60.377358,90.979381,0.000000,29.695431,81.907895,29.268293,55.680000,75.360000,74.729521,0.000000,78.382248,71.753794,67.540687,53.125000,71.239837,84.457831,82.070949,17.256637,93.578767,91.833031,95.704597,19.512195,89.293680,71.326531,67.936925,0.000000,69.612591,57.798165,93.291024,72.361111,96.196251,99.054726,0.000000,15.037594,66.685144,32.722513,95.863909,75.672043,95.252587,28.143713,95.424837,93.029638,15.384615,73.985240,97.395172,89.082969, ,92.535211,95.159967,0.000000,98.766384,66.475973,31.818182,0.000000,89.010989,89.233954,83.418803,92.050874,54.060914,84.233738,97.864389,77.833613,47.619048,52.459016,98.434442,91.607843,98.133078,94.670846,73.185484,0.000000,98.550725,94.450610,94.408602,54.838710,0.000000,88.327526,88.898678,98.882897,0.000000,54.347826,80.416667,91.838046,83.211679,94.177732,95.130914,0.000000,89.672544,31.935484,86.731634,77.056277,93.152174,75.262655,80.387685,91.813313,93.076110,53.240152,0.000000,96.705254,13.157895,92.800528,59.728507,48.788927,87.855297,0.000000,93.806771,39.506173, ,0.000000,96.802721,62.970711,83.662478,0.000000,65.135135,85.819521,0.000000,81.741573,83.641161,77.461707,81.403509,83.846154, ,78.787879,45.059289,90.281690,54.084507,74.304069,7.339450,46.436285,75.231624,32.343584,91.924565,64.769648,30.000000,0.000000,86.982846, ,60.447761,89.348371,98.411935,77.730647,98.796389,0.000000,12.500000,0.000000, ,93.187067,88.372093,0.000000,59.292035,24.166667, ,92.510549,85.121107,96.123596,92.756681,98.096371,85.263158, ,95.217391,35.175879,94.768996,8.823529,62.585034,93.499127,0.000000,92.505470,31.372549,0.000000,84.888889,0.000000, ,49.000000,39.120879,92.664093,87.132141,41.880342,23.722628,93.226080,67.592593,94.616788,51.884701,92.698413,55.945419,46.428571,91.845878,95.750161,85.069444,87.237027,97.266515,34.883721,95.327103,81.186284,16.030534,81.263777,93.919240,78.587361,79.769686,76.381498,96.722345,85.545335,37.500000,40.295749,65.883555,79.418696,81.473534,79.661017,95.026455,96.230366,7.784431,89.363191,89.621212,0.000000,45.989305,97.155203,66.312997,56.845238,20.900322,80.468750,75.627907,70.747562,85.680888,91.956783,52.128764,91.445874, ,72.192513,90.386521,86.720322,0.000000, ,92.340067,16.091954,86.111111,80.389769,91.346779,0.000000,80.581395,82.100592,0.000000,63.577586,65.081967,76.459510,98.103976,76.613886,78.342246,98.344205,0.000000,91.604604,50.530035,87.443946,91.071429,94.721408,96.850945,93.297427,98.576338,94.827586,95.977918,30.578512,94.582975,73.493976,84.105960,98.262682,98.523985,88.374486,87.936191,82.631126,0.000000,62.291667,95.737327,95.070948,99.129173,97.063037,90.279465,94.702277,62.962963,96.770405,0.000000,97.840813,91.859389,95.136778,64.425770,48.780488,97.383721,89.189189,0.000000,28.110599,94.471979,0.000000,75.528701,85.155351,98.652482,93.177511,60.573477,0.000000,65.537849,5.479452,43.540670,95.359848,9.887798,85.063559,88.365651,80.781759,68.693694,96.599265,0.000000,95.818505,94.874101,24.544451,97.884615, ,0.000000,99.196429,0.000000,74.438202,96.843434,77.777778,92.332016,88.693957,86.867978,61.471322,80.578253,89.030132,94.100099,86.862245,79.476292,0.000000,81.421121,76.746324,90.196998,86.452159,28.888889,36.595745,64.272890,84.943182,86.680761,97.634742,66.511194,96.026490,56.998557,96.098953,94.507576,0.000000,33.468560,70.236088, ,0.000000,97.000909,78.857518,96.433599,65.922763,95.173882,35.732984,0.000000,76.539209,84.459819,72.370173,25.793806,78.414097,7.272727,63.636364,78.170347,16.741071,39.130435,67.281879,30.900243,88.493151,81.643357,0.000000,94.170404,91.129032,11.604096,45.360825,86.079836,90.727273,55.818540,78.101072,71.111111,70.401338,21.093750,83.078731,77.922078,60.505837,75.037369,0.000000,76.705882,78.113879,34.970530,73.093220,0.000000,0.000000,94.860197,8.823529,20.731707,0.000000,0.000000,71.775223,52.317881,62.469438,89.005806,94.326241,0.000000,80.000000,9.027778,92.472527,53.694581,0.000000,55.939525, , ,0.000000,41.144414,0.000000, ,93.322607,83.947681,87.559429,90.977961,85.714286,99.019042,29.361702,90.605096,91.517028,78.571429,0.000000,94.778870,26.000000,0.000000,0.000000,82.116788,94.943110,89.005236,75.137687,36.626140,94.564169,92.200855,94.264472,94.340408,97.414159,55.080214,65.584416,98.191304,25.324675,46.333333,21.666667,57.409326,70.899054,97.945946,93.882091,64.136126,82.678984,94.594595,0.000000,72.719374, , ,96.549637,80.576132,5.140187,82.608696,0.000000,92.125729,5.102041,59.536935,96.085409,65.775401,90.021575,47.927928,0.000000,96.488223,78.791541,84.842105,73.393461,97.251114,0.000000,57.026144,88.744186,96.682848,92.910263,82.497083

