AxIS Spike File,O:\TOX\NTX\Users\Arjun\201210_LvM_256136_1298-19_MEA_rCortex_Lindane_exposure_male_DIV10(000)_Spike Detector (7 x STD)(000).spk
File Type,48-well

Analysis Start,1500.000000
Analysis End,2100.000000
Active Electrode Criterion (spks/min),
Remove Coincident Artifacts,True

Electrode Burst Settings,
    Algorithm,Poisson Surprise,
    Min Surprise,10.000000

Network Burst Settings,
    Algorithm,ISI Threshold,Adaptive,
    Min # of Spikes,40.000000
    Min # of Electrodes (%),15.000000
Synchrony Settings,
    Synchrony Window,20.000000

Average Network Burst Analysis Settings,
    Number of network bursts vary by well
    Network Burst Window Start (ms),0.000000
    Network Burst Window End (ms),100.000000
    Bin Size (ms),1.000000

Well Averages,A1,A2,A3,A4,A5,A6,A7,A8,B1,B2,B3,B4,B5,B6,B7,B8,C1,C2,C3,C4,C5,C6,C7,C8,D1,D2,D3,D4,D5,D6,D7,D8,E1,E2,E3,E4,E5,E6,E7,E8,F1,F2,F3,F4,F5,F6,F7,F8,
Treatment/ID,,,,,,,,,,,,,,,,,,,,,,,,,,,,,,,,,,,,,,,,,,,,,,,,
Activity Metrics
    Number of Spikes,13291.000000,29530.000000,7727.000000,1930.000000,10491.000000,4683.000000,19440.000000,37.000000,18934.000000,13074.000000,15935.000000,13089.000000,13630.000000,17440.000000,17215.000000,13037.000000,29890.000000,23417.000000,23958.000000,34554.000000,23611.000000,20352.000000,11856.000000,8841.000000,14785.000000,20309.000000,9147.000000,6586.000000,13311.000000,8236.000000,13394.000000,9884.000000,10320.000000,5886.000000,26197.000000,10151.000000,5268.000000,8165.000000,7966.000000,8425.000000,14604.000000,12054.000000,9185.000000,9473.000000,2060.000000,124.000000,18133.000000,0.000000
    Mean Firing Rate (Hz),1.384479,3.076042,0.804896,0.201042,1.092813,0.487812,2.025000,0.003854,1.972292,1.361875,1.659896,1.363438,1.419792,1.816667,1.793229,1.358021,3.113542,2.439271,2.495625,3.599375,2.459479,2.120000,1.235000,0.920937,1.540104,2.115521,0.952812,0.686042,1.386562,0.857917,1.395208,1.029583,1.075000,0.613125,2.728854,1.057396,0.548750,0.850521,0.829792,0.877604,1.521250,1.255625,0.956771,0.986771,0.214583,0.012917,1.888854,0.000000
    ISI Coefficient of Variation - Avg,2.373103,3.007547,2.117029,1.089695,2.344003,1.963181,2.232940, ,2.076831,2.005301,2.170348,2.139607,2.167581,2.304492,1.791045,2.186066,3.724164,3.201228,3.572261,4.861985,3.394512,2.867967,2.158858,2.847151,2.531293,2.380206,2.818839,2.445189,2.415960,2.190183,2.872665,2.427449,2.120713,2.534382,2.966258,2.396149,2.084969,2.020754,3.061308,1.769659,2.045414,1.834571,2.071579,1.872414,1.425224,2.017457,1.989843, 
    Number of Active Electrodes,12.000000,15.000000,8.000000,4.000000,8.000000,5.000000,14.000000,0.000000,15.000000,12.000000,13.000000,14.000000,12.000000,12.000000,15.000000,7.000000,15.000000,14.000000,13.000000,10.000000,11.000000,15.000000,11.000000,5.000000,9.000000,13.000000,13.000000,5.000000,14.000000,8.000000,11.000000,10.000000,13.000000,6.000000,13.000000,10.000000,7.000000,10.000000,3.000000,9.000000,15.000000,14.000000,10.000000,12.000000,7.000000,1.000000,13.000000,0.000000
    Weighted Mean Firing Rate (Hz),1.840694,3.278556,1.590417,0.803750,2.172708,1.553667,2.314286, ,2.099000,1.815833,2.030641,1.552738,1.892639,2.422083,1.909556,3.097143,3.320000,2.785000,3.065256,5.757333,3.575909,2.256556,1.796212,2.938667,2.728148,2.602949,1.168462,2.187000,1.582619,1.711042,2.020909,1.644833,1.314487,1.630556,3.358077,1.691667,1.252857,1.360833,4.390556,1.554444,1.622667,1.428095,1.520833,1.311806,0.480714,0.203333,2.324744, 
Electrode Burst Metrics
    Number of Bursts,462.000000,1411.000000,279.000000,0.000000,454.000000,235.000000,717.000000,0.000000,706.000000,452.000000,606.000000,524.000000,620.000000,826.000000,548.000000,351.000000,1605.000000,1529.000000,1407.000000,743.000000,1081.000000,1319.000000,798.000000,427.000000,711.000000,847.000000,626.000000,309.000000,720.000000,334.000000,641.000000,533.000000,474.000000,236.000000,1330.000000,423.000000,216.000000,390.000000,326.000000,281.000000,624.000000,453.000000,359.000000,405.000000,30.000000,5.000000,606.000000,0.000000
    Number of Bursting Electrodes,8.000000,13.000000,5.000000,0.000000,6.000000,4.000000,10.000000,0.000000,14.000000,11.000000,10.000000,13.000000,12.000000,12.000000,14.000000,7.000000,15.000000,14.000000,14.000000,9.000000,10.000000,13.000000,8.000000,4.000000,9.000000,12.000000,12.000000,5.000000,14.000000,8.000000,10.000000,9.000000,14.000000,6.000000,13.000000,8.000000,6.000000,9.000000,3.000000,9.000000,14.000000,13.000000,10.000000,10.000000,5.000000,1.000000,10.000000,0.000000
    Burst Duration - Avg (sec),0.191643,0.121650,0.145693, ,0.641921,0.077636,0.106083, ,0.094803,0.157345,0.149889,0.099562,0.056757,0.065521,0.099351,0.157202,0.102547,0.206826,0.149969,0.347320,0.115894,0.080526,0.056740,0.229942,0.203989,0.118967,0.140547,0.343898,0.114370,0.115417,0.210259,0.096132,0.097502,0.156294,0.137298,0.199063,0.252683,0.121305,0.094683,0.120311,0.092302,0.193310,0.334425,0.171110,0.254631,0.347216,0.134493, 
    Burst Duration - Std (sec),0.092299,0.037473,0.049570, ,1.257730,0.037605,0.027033, ,0.025279,0.182967,0.181695,0.045577,0.017855,0.046792,0.067697,0.062134,0.053517,0.281536,0.074585,0.065326,0.071548,0.032949,0.021840,0.168089,0.160364,0.063616,0.103073,0.601344,0.086277,0.090951,0.237508,0.028119,0.031676,0.029942,0.120626,0.175508,0.159423,0.076767,0.013894,0.077917,0.051933,0.206908,0.382963,0.147230,0.224464, ,0.087675, 
    Number of Spikes per Burst - Avg,13.821039,14.312017,9.439423, ,13.854178,8.187067,11.014418, ,11.246764,12.336900,12.807057,11.550597,9.926290,10.893747,10.809190,14.267626,14.692721,12.434225,14.682022,36.298129,15.806751,11.009802,8.640082,14.855857,13.101284,12.514558,11.906801,16.441263,10.787013,10.846572,13.080377,12.117902,10.311665,15.793386,14.397081,16.336531,13.853139,10.530105,15.375107,9.885432,11.123759,13.189370,14.024727,11.709349,8.495238,15.200000,12.139395, 
    Number of Spikes per Burst - Std,9.361251,7.116973,1.606854, ,6.638116,3.282084,6.126051, ,3.405062,3.638038,5.177557,3.217160,4.590360,3.863361,2.360082,4.476999,6.865707,4.721075,5.959419,32.383329,8.811808,3.942481,2.037147,2.293390,3.598814,3.993083,5.538465,15.574334,3.725811,5.368745,5.925600,2.729325,3.932838,4.312930,2.821083,8.732021,5.778528,3.131643,2.966262,4.963120,3.063639,6.185595,4.272571,3.711845,2.278722, ,2.569230, 
    Mean ISI within Burst - Avg (sec),0.019379,0.010069,0.015965, ,0.038342,0.010961,0.011348, ,0.009316,0.012558,0.012723,0.009059,0.007319,0.006850,0.010545,0.010937,0.006422,0.012496,0.007371,0.015532,0.009513,0.006408,0.006045,0.015960,0.012690,0.008903,0.012208,0.012469,0.011528,0.011350,0.018334,0.008093,0.011167,0.010337,0.008993,0.012377,0.015583,0.013634,0.006760,0.013282,0.008624,0.013730,0.022526,0.014365,0.025092,0.030074,0.010141, 
    Mean ISI within Burst - Std (sec),0.013854,0.003872,0.004314, ,0.064017,0.004459,0.003098, ,0.002937,0.011947,0.015626,0.003981,0.002749,0.005128,0.010244,0.004650,0.002739,0.017667,0.002855,0.008586,0.012335,0.001978,0.000760,0.012895,0.013112,0.004647,0.012816,0.010018,0.007209,0.006857,0.018200,0.001868,0.004809,0.004007,0.008329,0.007843,0.009005,0.012074,0.001002,0.009633,0.003008,0.010672,0.030315,0.009705,0.014517, ,0.007193, 
    Median ISI within Burst - Avg (sec),0.006912,0.004262,0.007164, ,0.017371,0.009014,0.005299, ,0.007702,0.009036,0.009954,0.006974,0.005706,0.005498,0.007065,0.008368,0.004372,0.009346,0.005047,0.011169,0.007688,0.005134,0.004913,0.007551,0.010403,0.006740,0.008716,0.009688,0.009500,0.007792,0.015149,0.006769,0.008978,0.008206,0.006150,0.009322,0.011508,0.008229,0.004973,0.011772,0.007280,0.010685,0.014950,0.011644,0.018938,0.021424,0.007290, 
    Median ISI within Burst - Std (sec),0.001864,0.000932,0.001929, ,0.023827,0.005079,0.001271, ,0.002784,0.006275,0.013175,0.002997,0.002203,0.004463,0.003426,0.004228,0.001307,0.013790,0.002113,0.005961,0.012465,0.001671,0.000813,0.003468,0.011823,0.003052,0.006017,0.007721,0.006104,0.004000,0.016165,0.001878,0.003628,0.003318,0.004734,0.006016,0.006740,0.003464,0.001396,0.009761,0.002995,0.007971,0.017156,0.008534,0.008607, ,0.004924, 
    Median/Mean ISI within Burst - Avg,0.517555,0.501683,0.527192, ,0.617617,0.804257,0.573714, ,0.846448,0.782095,0.775930,0.796134,0.797067,0.814441,0.782484,0.784893,0.769429,0.848159,0.788634,0.731725,0.781728,0.857154,0.873534,0.658318,0.839862,0.833413,0.824025,0.800471,0.856823,0.757985,0.824199,0.850606,0.849540,0.800932,0.762399,0.776964,0.776972,0.730429,0.751539,0.853851,0.843172,0.811495,0.778799,0.812332,0.816133,0.746416,0.757007, 
    Median/Mean ISI within Burst - Std,0.278953,0.168976,0.105562, ,0.144535,0.146731,0.107327, ,0.072656,0.093263,0.068627,0.071670,0.094552,0.051834,0.123414,0.070522,0.087793,0.047929,0.054956,0.066402,0.113224,0.037518,0.076449,0.221456,0.062076,0.047724,0.101403,0.058406,0.058355,0.075408,0.053985,0.063824,0.053197,0.058531,0.043796,0.033649,0.111293,0.160077,0.083098,0.104391,0.069413,0.067886,0.073905,0.069801,0.120195, ,0.041755, 
    Inter-Burst Interval - Avg (sec),70.158130,35.161460,20.527365, ,12.519613,62.820755,51.846042, ,20.345214,57.426212,33.329428,31.359739,58.338996,16.080075,21.590430,31.865649,10.694339,12.389656,42.118790,8.402150,33.134919,9.982695,8.961929,21.584591,10.956592,18.308905,28.743431,36.477920,27.500285,50.196782,52.784394,11.524536,27.099380,19.586133,15.977420,25.375825,66.363847,16.730320,6.993232,90.915885,39.762482,42.676453,59.898206,42.163624,99.263198,140.689020,36.485050, 
    Inter-Burst Interval - Std (sec),94.548774,64.132506,17.246248, ,13.608526,66.617598,90.690764, ,18.121612,90.212603,53.858113,36.951916,107.697777,19.984985,13.543803,36.748069,19.277476,16.896849,97.925622,4.563936,62.532574,14.562366,8.702173,33.750890,9.586232,19.741861,47.768370,32.869347,31.525031,46.859284,66.355969,4.087787,23.554697,10.607224,28.697745,24.186427,96.197148,11.922757,4.561581,150.526057,52.601617,59.767177,93.236459,51.833293,78.491305,0.000000,52.148362, 
    Burst Frequency - Avg (Hz),0.096250,0.180897,0.093000, ,0.126111,0.097917,0.119500, ,0.084048,0.068485,0.101000,0.067179,0.086111,0.114722,0.065238,0.083571,0.178333,0.182024,0.167500,0.137593,0.180167,0.169103,0.166250,0.177917,0.131667,0.117639,0.086944,0.103000,0.085714,0.069583,0.106833,0.098704,0.056429,0.065556,0.170513,0.088125,0.060000,0.072222,0.181111,0.052037,0.074286,0.058077,0.059833,0.067500,0.010000,0.008333,0.101000, 
    Burst Frequency - Std (Hz),0.099506,0.117703,0.075704, ,0.111453,0.113891,0.125204, ,0.060258,0.072032,0.074615,0.046748,0.074723,0.088918,0.057482,0.070903,0.088223,0.093793,0.083880,0.044489,0.103999,0.073209,0.079111,0.125125,0.096491,0.097119,0.050482,0.116782,0.076193,0.074540,0.096821,0.042978,0.042717,0.042618,0.087033,0.069991,0.058205,0.045758,0.092050,0.054030,0.068842,0.059826,0.081757,0.064076,0.008250, ,0.081768, 
    IBI Coefficient of Variation - Avg,0.683105,0.513893,0.987313, ,0.706924,0.689010,0.689232, ,0.892373,0.799774,0.646562,0.722356,0.668750,0.629989,0.841023,0.765269,0.593582,0.623471,0.580791,0.461903,0.625304,0.576262,0.581934,0.502968,0.607644,0.625244,0.628409,0.708953,0.647434,0.603943,0.591819,0.529155,0.617817,0.729372,0.502560,0.658845,0.698181,0.664727,0.768408,0.474917,0.778685,0.695848,1.121548,0.732525,0.675925,0.581208,0.702284, 
    IBI Coefficient of Variation - Std,0.376556,0.362295,0.374295, ,0.271555,0.113494,0.366345, ,0.236270,0.194295,0.122631,0.098300,0.168921,0.112600,0.235852,0.247004,0.110886,0.132210,0.128655,0.218858,0.259846,0.127598,0.168096,0.146453,0.139438,0.109288,0.176524,0.303457,0.159835,0.284222,0.264079,0.161504,0.237421,0.147523,0.070583,0.216853,0.129770,0.100485,0.233791,0.224767,0.157927,0.262404,0.801648,0.222811,0.155310,0.000000,0.105345, 
    Burst Percentage - Avg,28.560135,54.806658,14.161760,0.000000,29.952538,21.431085,28.634117,0.000000,41.307044,37.124770,33.551162,36.720603,41.093106,48.309036,29.145679,25.854768,72.867867,66.484413,77.090775,67.200641,59.619505,63.506764,40.824291,37.392957,45.497422,44.779960,63.149156,24.365523,50.997579,34.090240,44.299769,49.623193,45.172598,46.679126,64.717761,42.823576,37.830096,44.344324,27.624809,26.065820,42.453938,32.256226,34.504705,26.186211,6.350409,31.147541,29.403799, 
    Burst Percentage - Std,41.655132,45.694174,25.205167,0.000000,39.125291,34.986741,35.115878,0.000000,20.926167,19.560528,31.474104,23.238700,24.829347,28.958435,16.972944,24.714630,36.764628,37.448280,32.091169,37.907436,43.375365,35.451711,35.578382,45.136126,34.686841,27.962591,35.835296,34.571993,32.122690,33.978999,39.044441,32.465397,23.905451,30.779624,27.014265,34.771719,32.550351,24.111825,34.780552,22.154391,25.134352,26.238280,26.836304,29.655553,8.559506,44.049275,26.393566, 
Network Burst Metrics
    Number of Network Bursts,130.000000,165.000000,145.000000,0.000000,161.000000,0.000000,205.000000,0.000000,157.000000,111.000000,135.000000,105.000000,118.000000,147.000000,156.000000,102.000000,141.000000,151.000000,137.000000,103.000000,149.000000,158.000000,164.000000,123.000000,162.000000,185.000000,85.000000,46.000000,120.000000,74.000000,135.000000,94.000000,73.000000,43.000000,191.000000,89.000000,30.000000,69.000000,53.000000,56.000000,122.000000,100.000000,71.000000,88.000000,3.000000,0.000000,180.000000,0.000000
    Network Burst Frequency,0.216667,0.275000,0.241667, ,0.268333, ,0.341667, ,0.261667,0.185000,0.225000,0.175000,0.196667,0.245000,0.260000,0.170000,0.235000,0.251667,0.228333,0.171667,0.248333,0.263333,0.273333,0.205000,0.270000,0.308333,0.141667,0.076667,0.200000,0.123333,0.225000,0.156667,0.121667,0.071667,0.318333,0.148333,0.050000,0.115000,0.088333,0.093333,0.203333,0.166667,0.118333,0.146667,0.005000, ,0.300000, 
    Network Burst Duration - Avg (sec),0.212747,0.163510,0.171423, ,0.210058, ,0.145789, ,0.216470,0.252029,0.223681,0.205547,0.135536,0.175752,0.251703,0.328889,0.163508,0.249417,0.228193,0.695919,0.225091,0.212357,0.232829,0.516440,0.338069,0.225122,0.132000,0.649854,0.133943,0.206428,0.210739,0.177923,0.186103,0.248502,0.218493,0.329284,0.511205,0.254369,0.165807,0.258421,0.212485,0.199206,0.253997,0.173572,0.456453, ,0.271834, 
    Network Burst Duration - Std (sec),0.070947,0.041500,0.069130, ,0.044289, ,0.048947, ,0.139273,0.198038,0.227909,0.178523,0.100521,0.080569,0.127206,0.331479,0.208396,0.496044,0.415025,0.218879,0.220635,0.273149,0.348021,0.242032,0.399107,0.253731,0.198162,0.857954,0.137357,0.199945,0.265673,0.201274,0.163165,0.267679,0.280306,0.295127,0.654499,0.222458,0.164214,0.235335,0.156405,0.231759,0.403849,0.154291,0.067412, ,0.225475, 
    Number of Spikes per Network Burst - Avg,102.061538,176.733333,48.648276, ,64.267081, ,94.726829, ,90.012739,79.072072,94.400000,90.761905,86.542373,91.517007,76.243590,70.813725,211.822695,154.662252,174.576642,333.961165,155.295302,122.550633,68.591463,58.154472,82.117284,100.064865,106.329412,65.782609,98.800000,75.540541,98.385185,87.712766,103.027397,88.162791,134.324607,91.078652,83.800000,75.985507,61.433962,74.250000,91.286885,84.320000,76.873239,76.068182,45.000000, ,79.011111, 
    Number of Spikes per Network Burst - Std,18.774366,24.431870,8.879229, ,7.103483, ,24.262323, ,78.467859,71.181038,90.721503,79.767996,52.544917,52.073756,65.829729,62.746028,156.405119,168.973208,214.941501,77.720833,70.077033,81.305475,27.559821,18.143342,71.381260,81.115297,93.983837,46.535966,68.277929,43.745901,76.525967,52.999416,73.692298,83.427736,169.728915,75.415399,82.832777,46.690940,43.316594,59.575849,71.476920,86.065617,119.945217,82.933403,3.000000, ,70.985008, 
    Mean ISI within Network Burst - Avg (sec),0.002080,0.000922,0.003522, ,0.003323, ,0.001539, ,0.003081,0.003710,0.002802,0.002951,0.001859,0.002379,0.004289,0.004898,0.000691,0.001292,0.001110,0.002118,0.001368,0.001618,0.003042,0.008993,0.004078,0.002558,0.001098,0.008460,0.001507,0.002646,0.001961,0.002072,0.002315,0.002949,0.001852,0.003864,0.005551,0.003453,0.002780,0.003503,0.002937,0.002729,0.003363,0.002519,0.010351, ,0.003900, 
    Mean ISI within Network Burst - Std (sec),0.000393,0.000169,0.000791, ,0.000577, ,0.000318, ,0.002079,0.002943,0.001898,0.002939,0.001284,0.001401,0.002575,0.003269,0.000235,0.001333,0.000896,0.000495,0.000746,0.000994,0.002583,0.003529,0.003246,0.002349,0.000638,0.005849,0.001037,0.001762,0.001067,0.002008,0.002687,0.001395,0.001686,0.002764,0.004035,0.002088,0.001889,0.001372,0.002255,0.002782,0.002305,0.001209,0.001008, ,0.002560, 
    Median ISI within Network Burst - Avg (sec),0.001033,0.000383,0.001438, ,0.001864, ,0.000753, ,0.001041,0.001243,0.001062,0.000916,0.000827,0.001049,0.000690,0.002305,0.000333,0.000361,0.000387,0.001052,0.000507,0.000492,0.000920,0.002672,0.001061,0.000787,0.000647,0.003876,0.000752,0.001190,0.000958,0.000887,0.000860,0.001565,0.000540,0.001335,0.002492,0.001203,0.001928,0.001504,0.000853,0.001042,0.001242,0.001061,0.005907, ,0.001042, 
    Median ISI within Network Burst - Std (sec),0.000160,0.000045,0.000289, ,0.000330, ,0.000110, ,0.000702,0.000558,0.000459,0.000533,0.000406,0.000760,0.000373,0.002018,0.000052,0.000203,0.000149,0.000164,0.000141,0.000248,0.000471,0.000584,0.000660,0.000383,0.000339,0.003632,0.000352,0.000388,0.000381,0.000495,0.000421,0.000481,0.000246,0.000533,0.000810,0.000349,0.000619,0.000601,0.000485,0.000717,0.000469,0.000417,0.000546, ,0.000365, 
    Median/Mean ISI within Network Burst - Avg,0.504266,0.426460,0.417862, ,0.570325, ,0.503177, ,0.373146,0.442208,0.444484,0.420281,0.522697,0.450744,0.220707,0.500809,0.504126,0.431638,0.410331,0.511151,0.440895,0.363083,0.449396,0.344670,0.350980,0.426996,0.596068,0.486362,0.564102,0.547444,0.539571,0.532895,0.509728,0.568813,0.387787,0.440372,0.528713,0.405152,0.769102,0.464075,0.386675,0.480939,0.469768,0.467866,0.570834, ,0.346395, 
    Median/Mean ISI within Network Burst - Std,0.074260,0.083009,0.086923, ,0.105699, ,0.097208, ,0.136784,0.203042,0.148907,0.175946,0.179813,0.162469,0.145709,0.174209,0.095375,0.216072,0.122385,0.087118,0.162879,0.155536,0.227820,0.155263,0.168598,0.185366,0.107332,0.195311,0.148714,0.179906,0.145260,0.160730,0.168161,0.139353,0.170546,0.183852,0.160069,0.143006,0.153150,0.182855,0.182335,0.149201,0.203468,0.151155,0.008283, ,0.167291, 
    Number of Elecs Participating in Burst - Avg,11.676923,14.412121,8.496552, ,8.086957, ,12.912195, ,12.777070,10.261261,10.614815,12.047619,10.000000,10.931973,13.884615,6.911765,14.780142,14.026490,12.905109,10.067961,10.758389,13.487342,10.493902,4.479675,9.074074,12.318919,12.482353,4.913043,12.508333,7.837838,9.762963,9.925532,12.643836,6.162791,12.392670,8.359551,6.300000,9.043478,3.339623,8.428571,12.967213,12.390000,9.563380,11.238636,7.000000, ,11.466667, 
    Number of Elecs Participating in Burst - Std,0.799374,0.707002,0.708325, ,0.692742, ,0.787212, ,2.153110,1.305316,1.606819,1.893211,1.426250,1.011305,1.118533,0.759142,0.522251,0.515713,0.435269,0.426158,0.622234,1.127182,0.641097,0.605299,0.700980,1.179959,1.181321,0.755015,1.847077,0.722003,1.023656,0.533589,1.828553,0.432613,0.806388,1.079217,0.534983,0.898279,0.552734,1.059282,1.547776,1.496764,1.250513,1.114113,1.732051, ,0.923922, 
    Number of Spikes per Network Burst per Channel - Avg,8.744103,12.267414,5.742178, ,7.990696, ,7.311427, ,6.786645,7.479810,8.609932,7.175660,8.381669,8.184069,5.358209,10.128431,14.341029,11.009906,13.407207,33.102396,14.488287,9.008892,6.539953,13.051355,9.058064,7.980105,8.348919,14.174275,7.618009,9.463589,10.041184,8.758221,7.884210,14.099668,10.583106,10.633440,13.429683,8.359098,18.498742,8.627346,6.816362,6.565201,7.784159,6.588400,6.750000, ,6.796833, 
    Number of Spikes per Network Burst per Channel - Std,1.492738,1.640375,1.010952, ,1.013974, ,1.753013, ,5.011985,5.755351,6.898035,5.216266,4.123474,4.122184,4.080126,8.502471,10.585245,11.942606,16.119738,7.609473,6.658280,5.770025,2.545760,3.850231,7.723048,6.100183,6.886172,13.357441,4.563116,4.697399,7.505247,4.948174,4.797886,12.369343,12.514313,7.705283,13.338904,5.066272,11.807413,5.953952,4.596900,5.707324,10.965962,6.071859,1.984313, ,5.544459, 
    Network Burst Percentage,99.826951,98.750423,91.290281, ,98.627395, ,99.891975, ,74.638217,67.133242,79.974898,72.809229,74.922964,77.138761,69.090909,55.403851,99.923051,99.730965,99.828867,99.548533,98.000932,95.140527,94.880229,80.907137,89.976327,91.151706,98.808352,45.945946,89.069191,67.872754,99.163805,83.417645,72.877907,64.407068,97.934878,79.854202,47.722096,64.213105,40.873713,49.353116,76.259929,69.951883,59.422972,70.663992,6.553398, ,78.431589, 
    Network IBI Coefficient of Variation,0.338336,0.259916,0.330125, ,0.287399, ,0.346911, ,0.500478,0.683171,0.527558,0.619417,0.493569,0.494340,0.596542,0.579480,0.505602,0.493311,0.474806,0.314830,0.463445,0.506754,0.340033,0.448843,0.415341,0.401797,0.494659,0.799202,0.479686,0.414366,0.466943,0.397418,0.494730,0.690939,0.380024,0.544551,0.943969,0.583288,0.824586,0.443989,0.589841,0.599087,0.670120,0.448411,0.428041, ,0.520644, 
    Network Normalized Duration IQR,0.108006,0.127809,0.137803, ,0.146975, ,0.441692, ,0.555663,1.253639,0.412954,1.004711,0.763249,0.551212,0.654784,0.969783,0.280340,2.115642,0.398488,0.254929,1.106690,0.718697,1.722737,0.696322,1.759847,1.307928,0.134111,1.440199,0.536327,1.246189,0.909700,0.719110,0.583528,0.402147,0.776692,1.656954,1.605588,0.490110,0.172944,0.487153,1.042965,1.024090,0.867920,0.726838, , ,0.914825, 
Synchrony Metrics
    Area Under Normalized Cross-Correlation,0.323361,0.621317,0.301726,0.045375,0.202738,0.032978,0.394338,0.000000,0.465368,0.316175,0.299450,0.467283,0.351734,0.395007,0.548506,0.174020,0.712554,0.692350,0.599889,0.276194,0.417205,0.576853,0.370909,0.128898,0.293215,0.456301,0.545360,0.105822,0.440234,0.261261,0.287514,0.374001,0.418096,0.156975,0.544133,0.209918,0.127948,0.233040,0.085704,0.190480,0.436122,0.385606,0.238595,0.316245,0.110274,-0.000949,0.324565,0.000000
    Area Under Cross-Correlation,2.112583,11.820806,0.742778,0.014278,0.965208,0.107264,4.253472,0.000000,3.902597,1.882764,2.890458,2.895986,3.084653,4.305375,3.937556,1.017361,14.461792,9.949792,9.190458,6.149347,7.556556,6.971528,2.232611,0.594819,2.420472,5.195903,2.451111,0.365931,3.473681,0.977028,2.426681,1.896875,2.112056,0.534111,9.508361,1.301111,0.277403,0.949931,0.434778,0.718528,3.301167,2.130708,1.045667,1.317361,0.051167,-0.000000,2.724708,0.000000
    Full Width at Half Height of Normalized Cross-Correlation,15.000000,16.000000,17.000000,43.000000,20.000000,29.000000,23.000000, ,16.000000,16.000000,12.000000,15.000000,15.000000,21.000000,13.000000,16.000000,17.000000,18.000000,21.000000,27.000000,18.000000,20.000000,21.000000,25.000000,26.000000,16.000000,18.000000,21.000000,21.000000,21.000000,20.000000,22.000000,16.000000,17.000000,13.000000,16.000000,18.000000,13.000000,19.000000,20.000000,18.000000,15.000000,21.000000,27.000000,20.000000,1.000000,13.000000, 
    Full Width at Half Height of Cross-Correlation,39.000000,37.000000,31.000000,53.000000,58.000000,74.000000,45.000000, ,60.000000,63.000000,69.000000,60.000000,56.000000,60.000000,37.000000,56.000000,49.000000,41.000000,48.000000,273.000000,50.000000,48.000000,49.000000,71.000000,54.000000,54.000000,53.000000,60.000000,70.000000,62.000000,71.000000,68.000000,73.000000,102.000000,61.000000,91.000000,82.000000,64.000000,78.000000,59.000000,62.000000,59.000000,52.000000,66.000000,32.000000,1.000000,42.000000, 
    Synchrony Index, , , , , , , , , , , , , , , , , , , , , , , , , , , , , , , , , , , , , , , , , , , , , , , , 
    Kreuz SPIKE Distance, , , , , , , , , , , , , , , , , , , , , , , , , , , , , , , , , , , , , , , , , , , , , , , , 
Average Network Burst Metrics
    Start Electrode,23.000000,11.000000,14.000000, ,21.000000, ,44.000000, ,13.000000,11.000000,31.000000,33.000000,12.000000,14.000000,11.000000,21.000000,41.000000,41.000000,13.000000,21.000000,11.000000,11.000000,44.000000,24.000000,21.000000,14.000000,23.000000,14.000000,31.000000,23.000000,44.000000,22.000000,44.000000,31.000000,11.000000,34.000000,44.000000,34.000000,34.000000,43.000000,31.000000,13.000000,43.000000,11.000000,33.000000, ,11.000000, 
    Percent Bursts with Start Electrode,40.000000,47.272727,28.965517, ,57.142857, ,23.414634, ,38.853503,23.423423,30.370370,19.047619,22.033898,30.612245,40.384615,38.235294,36.879433,21.854305,34.306569,33.009709,34.899329,32.278481,35.365854,75.609756,30.864198,29.189189,41.176471,36.956522,50.000000,25.675676,23.703704,27.659574,28.767123,48.837209,24.083770,41.573034,33.333333,30.434783,45.283019,32.142857,22.950820,27.000000,42.253521,51.136364,66.666667, ,22.222222, 
    Burst Peak (Max Spikes per sec),1961.538462,3193.939394,1144.827586, ,801.242236, ,1800.000000, ,630.573248,639.639640,896.296296,761.904762,1025.423729,938.775510,685.897436,519.607843,3865.248227,3152.317881,3233.576642,1514.563107,1812.080537,1968.354430,1012.195122,788.617886,1030.864198,1459.459459,2035.294118,630.434783,1333.333333,878.378378,1237.037037,1436.170213,1260.273973,790.697674,1492.146597,674.157303,566.666667,913.043478,679.245283,928.571429,672.131148,910.000000,718.309859,784.090909,666.666667, ,677.777778, 
    Time to Burst Peak (ms),12.500000,14.500000,14.500000, ,10.500000, ,22.500000, ,98.500000,20.500000,58.500000,42.500000,24.500000,26.500000,12.500000,12.500000,14.500000,24.500000,22.500000,28.500000,14.500000,18.500000,22.500000,40.500000,26.500000,27.500000,24.500000,28.500000,32.500000,15.500000,22.500000,40.500000,54.500000,76.500000,40.500000,35.500000,42.500000,64.500000,50.500000,22.500000,20.500000,30.500000,21.500000,36.500000,4.500000, ,8.500000, 

Measurement,A1_11,A1_12,A1_13,A1_14,A1_21,A1_22,A1_23,A1_24,A1_31,A1_32,A1_33,A1_34,A1_41,A1_42,A1_43,A1_44,A2_11,A2_12,A2_13,A2_14,A2_21,A2_22,A2_23,A2_24,A2_31,A2_32,A2_33,A2_34,A2_41,A2_42,A2_43,A2_44,A3_11,A3_12,A3_13,A3_14,A3_21,A3_22,A3_23,A3_24,A3_31,A3_32,A3_33,A3_34,A3_41,A3_42,A3_43,A3_44,A4_11,A4_12,A4_13,A4_14,A4_21,A4_22,A4_23,A4_24,A4_31,A4_32,A4_33,A4_34,A4_41,A4_42,A4_43,A4_44,A5_11,A5_12,A5_13,A5_14,A5_21,A5_22,A5_23,A5_24,A5_31,A5_32,A5_33,A5_34,A5_41,A5_42,A5_43,A5_44,A6_11,A6_12,A6_13,A6_14,A6_21,A6_22,A6_23,A6_24,A6_31,A6_32,A6_33,A6_34,A6_41,A6_42,A6_43,A6_44,A7_11,A7_12,A7_13,A7_14,A7_21,A7_22,A7_23,A7_24,A7_31,A7_32,A7_33,A7_34,A7_41,A7_42,A7_43,A7_44,A8_11,A8_12,A8_13,A8_14,A8_21,A8_22,A8_23,A8_24,A8_31,A8_32,A8_33,A8_34,A8_41,A8_42,A8_43,A8_44,B1_11,B1_12,B1_13,B1_14,B1_21,B1_22,B1_23,B1_24,B1_31,B1_32,B1_33,B1_34,B1_41,B1_42,B1_43,B1_44,B2_11,B2_12,B2_13,B2_14,B2_21,B2_22,B2_23,B2_24,B2_31,B2_32,B2_33,B2_34,B2_41,B2_42,B2_43,B2_44,B3_11,B3_12,B3_13,B3_14,B3_21,B3_22,B3_23,B3_24,B3_31,B3_32,B3_33,B3_34,B3_41,B3_42,B3_43,B3_44,B4_11,B4_12,B4_13,B4_14,B4_21,B4_22,B4_23,B4_24,B4_31,B4_32,B4_33,B4_34,B4_41,B4_42,B4_43,B4_44,B5_11,B5_12,B5_13,B5_14,B5_21,B5_22,B5_23,B5_24,B5_31,B5_32,B5_33,B5_34,B5_41,B5_42,B5_43,B5_44,B6_11,B6_12,B6_13,B6_14,B6_21,B6_22,B6_23,B6_24,B6_31,B6_32,B6_33,B6_34,B6_41,B6_42,B6_43,B6_44,B7_11,B7_12,B7_13,B7_14,B7_21,B7_22,B7_23,B7_24,B7_31,B7_32,B7_33,B7_34,B7_41,B7_42,B7_43,B7_44,B8_11,B8_12,B8_13,B8_14,B8_21,B8_22,B8_23,B8_24,B8_31,B8_32,B8_33,B8_34,B8_41,B8_42,B8_43,B8_44,C1_11,C1_12,C1_13,C1_14,C1_21,C1_22,C1_23,C1_24,C1_31,C1_32,C1_33,C1_34,C1_41,C1_42,C1_43,C1_44,C2_11,C2_12,C2_13,C2_14,C2_21,C2_22,C2_23,C2_24,C2_31,C2_32,C2_33,C2_34,C2_41,C2_42,C2_43,C2_44,C3_11,C3_12,C3_13,C3_14,C3_21,C3_22,C3_23,C3_24,C3_31,C3_32,C3_33,C3_34,C3_41,C3_42,C3_43,C3_44,C4_11,C4_12,C4_13,C4_14,C4_21,C4_22,C4_23,C4_24,C4_31,C4_32,C4_33,C4_34,C4_41,C4_42,C4_43,C4_44,C5_11,C5_12,C5_13,C5_14,C5_21,C5_22,C5_23,C5_24,C5_31,C5_32,C5_33,C5_34,C5_41,C5_42,C5_43,C5_44,C6_11,C6_12,C6_13,C6_14,C6_21,C6_22,C6_23,C6_24,C6_31,C6_32,C6_33,C6_34,C6_41,C6_42,C6_43,C6_44,C7_11,C7_12,C7_13,C7_14,C7_21,C7_22,C7_23,C7_24,C7_31,C7_32,C7_33,C7_34,C7_41,C7_42,C7_43,C7_44,C8_11,C8_12,C8_13,C8_14,C8_21,C8_22,C8_23,C8_24,C8_31,C8_32,C8_33,C8_34,C8_41,C8_42,C8_43,C8_44,D1_11,D1_12,D1_13,D1_14,D1_21,D1_22,D1_23,D1_24,D1_31,D1_32,D1_33,D1_34,D1_41,D1_42,D1_43,D1_44,D2_11,D2_12,D2_13,D2_14,D2_21,D2_22,D2_23,D2_24,D2_31,D2_32,D2_33,D2_34,D2_41,D2_42,D2_43,D2_44,D3_11,D3_12,D3_13,D3_14,D3_21,D3_22,D3_23,D3_24,D3_31,D3_32,D3_33,D3_34,D3_41,D3_42,D3_43,D3_44,D4_11,D4_12,D4_13,D4_14,D4_21,D4_22,D4_23,D4_24,D4_31,D4_32,D4_33,D4_34,D4_41,D4_42,D4_43,D4_44,D5_11,D5_12,D5_13,D5_14,D5_21,D5_22,D5_23,D5_24,D5_31,D5_32,D5_33,D5_34,D5_41,D5_42,D5_43,D5_44,D6_11,D6_12,D6_13,D6_14,D6_21,D6_22,D6_23,D6_24,D6_31,D6_32,D6_33,D6_34,D6_41,D6_42,D6_43,D6_44,D7_11,D7_12,D7_13,D7_14,D7_21,D7_22,D7_23,D7_24,D7_31,D7_32,D7_33,D7_34,D7_41,D7_42,D7_43,D7_44,D8_11,D8_12,D8_13,D8_14,D8_21,D8_22,D8_23,D8_24,D8_31,D8_32,D8_33,D8_34,D8_41,D8_42,D8_43,D8_44,E1_11,E1_12,E1_13,E1_14,E1_21,E1_22,E1_23,E1_24,E1_31,E1_32,E1_33,E1_34,E1_41,E1_42,E1_43,E1_44,E2_11,E2_12,E2_13,E2_14,E2_21,E2_22,E2_23,E2_24,E2_31,E2_32,E2_33,E2_34,E2_41,E2_42,E2_43,E2_44,E3_11,E3_12,E3_13,E3_14,E3_21,E3_22,E3_23,E3_24,E3_31,E3_32,E3_33,E3_34,E3_41,E3_42,E3_43,E3_44,E4_11,E4_12,E4_13,E4_14,E4_21,E4_22,E4_23,E4_24,E4_31,E4_32,E4_33,E4_34,E4_41,E4_42,E4_43,E4_44,E5_11,E5_12,E5_13,E5_14,E5_21,E5_22,E5_23,E5_24,E5_31,E5_32,E5_33,E5_34,E5_41,E5_42,E5_43,E5_44,E6_11,E6_12,E6_13,E6_14,E6_21,E6_22,E6_23,E6_24,E6_31,E6_32,E6_33,E6_34,E6_41,E6_42,E6_43,E6_44,E7_11,E7_12,E7_13,E7_14,E7_21,E7_22,E7_23,E7_24,E7_31,E7_32,E7_33,E7_34,E7_41,E7_42,E7_43,E7_44,E8_11,E8_12,E8_13,E8_14,E8_21,E8_22,E8_23,E8_24,E8_31,E8_32,E8_33,E8_34,E8_41,E8_42,E8_43,E8_44,F1_11,F1_12,F1_13,F1_14,F1_21,F1_22,F1_23,F1_24,F1_31,F1_32,F1_33,F1_34,F1_41,F1_42,F1_43,F1_44,F2_11,F2_12,F2_13,F2_14,F2_21,F2_22,F2_23,F2_24,F2_31,F2_32,F2_33,F2_34,F2_41,F2_42,F2_43,F2_44,F3_11,F3_12,F3_13,F3_14,F3_21,F3_22,F3_23,F3_24,F3_31,F3_32,F3_33,F3_34,F3_41,F3_42,F3_43,F3_44,F4_11,F4_12,F4_13,F4_14,F4_21,F4_22,F4_23,F4_24,F4_31,F4_32,F4_33,F4_34,F4_41,F4_42,F4_43,F4_44,F5_11,F5_12,F5_13,F5_14,F5_21,F5_22,F5_23,F5_24,F5_31,F5_32,F5_33,F5_34,F5_41,F5_42,F5_43,F5_44,F6_11,F6_12,F6_13,F6_14,F6_21,F6_22,F6_23,F6_24,F6_31,F6_32,F6_33,F6_34,F6_41,F6_42,F6_43,F6_44,F7_11,F7_12,F7_13,F7_14,F7_21,F7_22,F7_23,F7_24,F7_31,F7_32,F7_33,F7_34,F7_41,F7_42,F7_43,F7_44,F8_11,F8_12,F8_13,F8_14,F8_21,F8_22,F8_23,F8_24,F8_31,F8_32,F8_33,F8_34,F8_41,F8_42,F8_43,F8_44,
Activity Metrics
    Number of Spikes,1310.000000,438.000000,136.000000,296.000000,1208.000000,3448.000000,4219.000000,191.000000,359.000000,0.000000,38.000000,771.000000,0.000000,0.000000,678.000000,199.000000,4059.000000,2109.000000,2613.000000,1376.000000,23.000000,4828.000000,399.000000,2671.000000,558.000000,2530.000000,891.000000,78.000000,3659.000000,2103.000000,427.000000,1206.000000,1685.000000,31.000000,5.000000,1182.000000,0.000000,556.000000,494.000000,369.000000,42.000000,1428.000000,1.000000,886.000000,0.000000,11.000000,1034.000000,3.000000,0.000000,71.000000,0.000000,0.000000,0.000000,0.000000,926.000000,0.000000,0.000000,1.000000,494.000000,0.000000,0.000000,0.000000,0.000000,438.000000,43.000000,0.000000,0.000000,449.000000,4122.000000,858.000000,0.000000,0.000000,1858.000000,1168.000000,0.000000,0.000000,19.000000,146.000000,1519.000000,309.000000,370.000000,0.000000,0.000000,1038.000000,383.000000,0.000000,0.000000,0.000000,0.000000,9.000000,655.000000,0.000000,2215.000000,13.000000,0.000000,0.000000,1601.000000,1208.000000,1426.000000,1685.000000,499.000000,524.000000,457.000000,485.000000,5507.000000,1479.000000,0.000000,0.000000,229.000000,1033.000000,91.000000,3216.000000,0.000000,0.000000,36.000000,0.000000,0.000000,0.000000,0.000000,0.000000,1.000000,0.000000,0.000000,0.000000,0.000000,0.000000,0.000000,0.000000,1065.000000,2785.000000,2207.000000,43.000000,1520.000000,163.000000,459.000000,2793.000000,330.000000,359.000000,3936.000000,275.000000,679.000000,409.000000,834.000000,1077.000000,2857.000000,805.000000,0.000000,73.000000,475.000000,3173.000000,2522.000000,175.000000,0.000000,845.000000,0.000000,610.000000,0.000000,789.000000,200.000000,550.000000,131.000000,67.000000,1218.000000,98.000000,367.000000,983.000000,0.000000,290.000000,3116.000000,3246.000000,2225.000000,41.000000,1875.000000,175.000000,55.000000,2048.000000,3.000000,70.000000,805.000000,74.000000,929.000000,1774.000000,1802.000000,43.000000,240.000000,1879.000000,1337.000000,1261.000000,303.000000,1693.000000,589.000000,287.000000,197.000000,1228.000000,1071.000000,0.000000,693.000000,2093.000000,2888.000000,0.000000,1461.000000,1141.000000,130.000000,3.000000,87.000000,112.000000,0.000000,2526.000000,308.000000,1320.000000,0.000000,2860.000000,2503.000000,263.000000,2453.000000,0.000000,1674.000000,0.000000,568.000000,1268.000000,2912.000000,888.000000,422.000000,1.000000,3026.000000,29.000000,929.000000,608.000000,967.000000,1597.000000,668.000000,1174.000000,1661.000000,1416.000000,788.000000,328.000000,2907.000000,294.000000,127.000000,696.000000,0.000000,15.000000,0.000000,756.000000,3818.000000,0.000000,2667.000000,0.000000,0.000000,0.000000,809.000000,1643.000000,1.000000,13.000000,2801.000000,514.000000,2328.000000,2123.000000,3596.000000,3902.000000,2134.000000,1347.000000,10.000000,2640.000000,138.000000,414.000000,3773.000000,1142.000000,1942.000000,922.000000,2412.000000,1067.000000,1475.000000,1579.000000,3352.000000,561.000000,2262.000000,2771.000000,2.000000,802.000000,1416.000000,3300.000000,1660.000000,1789.000000,1403.000000,441.000000,21.000000,583.000000,1598.000000,1192.000000,3845.000000,258.000000,1519.000000,47.000000,1993.000000,3176.000000,1211.000000,2934.000000,1281.000000,2.000000,2400.000000,0.000000,1222.000000,1280.000000,0.000000,2198.000000,0.000000,303.000000,4377.000000,1302.000000,0.000000,0.000000,7038.000000,10.000000,0.000000,1467.000000,811.000000,1384.000000,12164.000000,3500.000000,3263.000000,209.000000,2722.000000,1206.000000,3897.000000,0.000000,2578.000000,0.000000,0.000000,3779.000000,269.000000,254.000000,0.000000,932.000000,10.000000,4492.000000,1556.000000,1285.000000,2189.000000,60.000000,989.000000,998.000000,43.000000,821.000000,2657.000000,1945.000000,1773.000000,109.000000,1141.000000,774.000000,2863.000000,1149.000000,1389.000000,1546.000000,0.000000,1783.000000,1.000000,904.000000,341.000000,0.000000,0.000000,1581.000000,239.000000,237.000000,0.000000,994.000000,669.000000,2172.000000,0.000000,2796.000000,0.000000,66.000000,0.000000,2541.000000,0.000000,2402.000000,1011.000000,0.000000,0.000000,1.000000,0.000000,24.000000,0.000000,0.000000,659.000000,1833.000000,0.000000,0.000000,3285.000000,50.000000,954.000000,0.000000,1475.000000,0.000000,282.000000,3.000000,1465.000000,0.000000,1706.000000,3073.000000,0.000000,6.000000,3009.000000,1352.000000,912.000000,3541.000000,4096.000000,759.000000,1751.000000,549.000000,515.000000,1797.000000,523.000000,0.000000,599.000000,900.000000,511.000000,375.000000,849.000000,1577.000000,68.000000,724.000000,1503.000000,661.000000,349.000000,0.000000,1001.000000,33.000000,0.000000,809.000000,113.000000,574.000000,0.000000,1.000000,1.000000,2508.000000,266.000000,0.000000,1.000000,0.000000,418.000000,2027.000000,11.000000,0.000000,11.000000,0.000000,0.000000,1342.000000,330.000000,2582.000000,624.000000,148.000000,1776.000000,190.000000,0.000000,565.000000,1932.000000,1050.000000,329.000000,1901.000000,17.000000,533.000000,780.000000,554.000000,23.000000,1929.000000,2250.000000,0.000000,1831.000000,221.000000,625.000000,184.000000,806.000000,0.000000,0.000000,0.000000,0.000000,0.000000,367.000000,0.000000,0.000000,2807.000000,1389.000000,3024.000000,103.000000,1231.000000,0.000000,240.000000,802.000000,2.000000,54.000000,0.000000,171.000000,227.000000,494.000000,2850.000000,1.000000,682.000000,0.000000,0.000000,785.000000,1425.000000,14.000000,1300.000000,730.000000,701.000000,1284.000000,0.000000,840.000000,233.000000,1889.000000,0.000000,586.000000,126.000000,1313.000000,965.000000,187.000000,0.000000,209.000000,56.000000,411.000000,1405.000000,11.000000,891.000000,401.000000,347.000000,2084.000000,1328.000000,0.000000,1604.000000,0.000000,0.000000,0.000000,701.000000,519.000000,3.000000,1810.000000,0.000000,363.000000,0.000000,873.000000,13.000000,0.000000,0.000000,1846.000000,1596.000000,2443.000000,1659.000000,2008.000000,2520.000000,2992.000000,1494.000000,4.000000,0.000000,3583.000000,3291.000000,0.000000,357.000000,311.000000,2093.000000,1793.000000,905.000000,0.000000,102.000000,787.000000,2082.000000,0.000000,474.000000,0.000000,1.000000,0.000000,3432.000000,118.000000,175.000000,282.000000,0.000000,0.000000,0.000000,77.000000,6.000000,0.000000,791.000000,0.000000,0.000000,1218.000000,315.000000,0.000000,1665.000000,0.000000,193.000000,0.000000,1003.000000,106.000000,1309.000000,994.000000,91.000000,0.000000,606.000000,0.000000,963.000000,0.000000,1735.000000,312.000000,1741.000000,0.000000,0.000000,0.000000,308.000000,29.000000,3250.000000,0.000000,0.000000,0.000000,0.000000,0.000000,3.000000,22.000000,0.000000,0.000000,3614.000000,1039.000000,0.000000,0.000000,9.000000,0.000000,1700.000000,0.000000,0.000000,2966.000000,222.000000,726.000000,1.000000,0.000000,0.000000,30.000000,142.000000,525.000000,333.000000,1686.000000,94.000000,1345.000000,0.000000,613.000000,631.000000,2301.000000,109.000000,334.000000,87.000000,2998.000000,1029.000000,1715.000000,1054.000000,595.000000,445.000000,582.000000,766.000000,311.000000,71.000000,915.000000,1631.000000,630.000000,143.000000,408.000000,1074.000000,56.000000,291.000000,2.000000,1628.000000,721.000000,2469.000000,405.000000,1299.000000,1804.000000,136.000000,402.000000,968.000000,41.000000,0.000000,0.000000,0.000000,1036.000000,19.000000,237.000000,520.000000,343.000000,341.000000,3338.000000,0.000000,1967.000000,1375.000000,2.000000,351.000000,2261.000000,400.000000,70.000000,313.000000,934.000000,201.000000,105.000000,431.000000,1037.000000,3.000000,6.000000,17.000000,19.000000,0.000000,398.000000,0.000000,95.000000,309.000000,61.000000,235.000000,13.000000,0.000000,752.000000,2.000000,0.000000,0.000000,7.000000,169.000000,0.000000,122.000000,0.000000,2.000000,0.000000,0.000000,0.000000,0.000000,0.000000,0.000000,0.000000,0.000000,0.000000,0.000000,0.000000,0.000000,1340.000000,108.000000,0.000000,208.000000,2597.000000,0.000000,703.000000,1726.000000,935.000000,3564.000000,1525.000000,2341.000000,1758.000000,252.000000,0.000000,1076.000000,0.000000,0.000000,0.000000,0.000000,0.000000,0.000000,0.000000,0.000000,0.000000,0.000000,0.000000,0.000000,0.000000,0.000000,0.000000,0.000000
    Mean Firing Rate (Hz),2.183333,0.730000,0.226667,0.493333,2.013333,5.746667,7.031667,0.318333,0.598333,0.000000,0.063333,1.285000,0.000000,0.000000,1.130000,0.331667,6.765000,3.515000,4.355000,2.293333,0.038333,8.046667,0.665000,4.451667,0.930000,4.216667,1.485000,0.130000,6.098333,3.505000,0.711667,2.010000,2.808333,0.051667,0.008333,1.970000,0.000000,0.926667,0.823333,0.615000,0.070000,2.380000,0.001667,1.476667,0.000000,0.018333,1.723333,0.005000,0.000000,0.118333,0.000000,0.000000,0.000000,0.000000,1.543333,0.000000,0.000000,0.001667,0.823333,0.000000,0.000000,0.000000,0.000000,0.730000,0.071667,0.000000,0.000000,0.748333,6.870000,1.430000,0.000000,0.000000,3.096667,1.946667,0.000000,0.000000,0.031667,0.243333,2.531667,0.515000,0.616667,0.000000,0.000000,1.730000,0.638333,0.000000,0.000000,0.000000,0.000000,0.015000,1.091667,0.000000,3.691667,0.021667,0.000000,0.000000,2.668333,2.013333,2.376667,2.808333,0.831667,0.873333,0.761667,0.808333,9.178333,2.465000,0.000000,0.000000,0.381667,1.721667,0.151667,5.360000,0.000000,0.000000,0.060000,0.000000,0.000000,0.000000,0.000000,0.000000,0.001667,0.000000,0.000000,0.000000,0.000000,0.000000,0.000000,0.000000,1.775000,4.641667,3.678333,0.071667,2.533333,0.271667,0.765000,4.655000,0.550000,0.598333,6.560000,0.458333,1.131667,0.681667,1.390000,1.795000,4.761667,1.341667,0.000000,0.121667,0.791667,5.288333,4.203333,0.291667,0.000000,1.408333,0.000000,1.016667,0.000000,1.315000,0.333333,0.916667,0.218333,0.111667,2.030000,0.163333,0.611667,1.638333,0.000000,0.483333,5.193333,5.410000,3.708333,0.068333,3.125000,0.291667,0.091667,3.413333,0.005000,0.116667,1.341667,0.123333,1.548333,2.956667,3.003333,0.071667,0.400000,3.131667,2.228333,2.101667,0.505000,2.821667,0.981667,0.478333,0.328333,2.046667,1.785000,0.000000,1.155000,3.488333,4.813333,0.000000,2.435000,1.901667,0.216667,0.005000,0.145000,0.186667,0.000000,4.210000,0.513333,2.200000,0.000000,4.766667,4.171667,0.438333,4.088333,0.000000,2.790000,0.000000,0.946667,2.113333,4.853333,1.480000,0.703333,0.001667,5.043333,0.048333,1.548333,1.013333,1.611667,2.661667,1.113333,1.956667,2.768333,2.360000,1.313333,0.546667,4.845000,0.490000,0.211667,1.160000,0.000000,0.025000,0.000000,1.260000,6.363333,0.000000,4.445000,0.000000,0.000000,0.000000,1.348333,2.738333,0.001667,0.021667,4.668333,0.856667,3.880000,3.538333,5.993333,6.503333,3.556667,2.245000,0.016667,4.400000,0.230000,0.690000,6.288333,1.903333,3.236667,1.536667,4.020000,1.778333,2.458333,2.631667,5.586667,0.935000,3.770000,4.618333,0.003333,1.336667,2.360000,5.500000,2.766667,2.981667,2.338333,0.735000,0.035000,0.971667,2.663333,1.986667,6.408333,0.430000,2.531667,0.078333,3.321667,5.293333,2.018333,4.890000,2.135000,0.003333,4.000000,0.000000,2.036667,2.133333,0.000000,3.663333,0.000000,0.505000,7.295000,2.170000,0.000000,0.000000,11.730000,0.016667,0.000000,2.445000,1.351667,2.306667,20.273333,5.833333,5.438333,0.348333,4.536667,2.010000,6.495000,0.000000,4.296667,0.000000,0.000000,6.298333,0.448333,0.423333,0.000000,1.553333,0.016667,7.486667,2.593333,2.141667,3.648333,0.100000,1.648333,1.663333,0.071667,1.368333,4.428333,3.241667,2.955000,0.181667,1.901667,1.290000,4.771667,1.915000,2.315000,2.576667,0.000000,2.971667,0.001667,1.506667,0.568333,0.000000,0.000000,2.635000,0.398333,0.395000,0.000000,1.656667,1.115000,3.620000,0.000000,4.660000,0.000000,0.110000,0.000000,4.235000,0.000000,4.003333,1.685000,0.000000,0.000000,0.001667,0.000000,0.040000,0.000000,0.000000,1.098333,3.055000,0.000000,0.000000,5.475000,0.083333,1.590000,0.000000,2.458333,0.000000,0.470000,0.005000,2.441667,0.000000,2.843333,5.121667,0.000000,0.010000,5.015000,2.253333,1.520000,5.901667,6.826667,1.265000,2.918333,0.915000,0.858333,2.995000,0.871667,0.000000,0.998333,1.500000,0.851667,0.625000,1.415000,2.628333,0.113333,1.206667,2.505000,1.101667,0.581667,0.000000,1.668333,0.055000,0.000000,1.348333,0.188333,0.956667,0.000000,0.001667,0.001667,4.180000,0.443333,0.000000,0.001667,0.000000,0.696667,3.378333,0.018333,0.000000,0.018333,0.000000,0.000000,2.236667,0.550000,4.303333,1.040000,0.246667,2.960000,0.316667,0.000000,0.941667,3.220000,1.750000,0.548333,3.168333,0.028333,0.888333,1.300000,0.923333,0.038333,3.215000,3.750000,0.000000,3.051667,0.368333,1.041667,0.306667,1.343333,0.000000,0.000000,0.000000,0.000000,0.000000,0.611667,0.000000,0.000000,4.678333,2.315000,5.040000,0.171667,2.051667,0.000000,0.400000,1.336667,0.003333,0.090000,0.000000,0.285000,0.378333,0.823333,4.750000,0.001667,1.136667,0.000000,0.000000,1.308333,2.375000,0.023333,2.166667,1.216667,1.168333,2.140000,0.000000,1.400000,0.388333,3.148333,0.000000,0.976667,0.210000,2.188333,1.608333,0.311667,0.000000,0.348333,0.093333,0.685000,2.341667,0.018333,1.485000,0.668333,0.578333,3.473333,2.213333,0.000000,2.673333,0.000000,0.000000,0.000000,1.168333,0.865000,0.005000,3.016667,0.000000,0.605000,0.000000,1.455000,0.021667,0.000000,0.000000,3.076667,2.660000,4.071667,2.765000,3.346667,4.200000,4.986667,2.490000,0.006667,0.000000,5.971667,5.485000,0.000000,0.595000,0.518333,3.488333,2.988333,1.508333,0.000000,0.170000,1.311667,3.470000,0.000000,0.790000,0.000000,0.001667,0.000000,5.720000,0.196667,0.291667,0.470000,0.000000,0.000000,0.000000,0.128333,0.010000,0.000000,1.318333,0.000000,0.000000,2.030000,0.525000,0.000000,2.775000,0.000000,0.321667,0.000000,1.671667,0.176667,2.181667,1.656667,0.151667,0.000000,1.010000,0.000000,1.605000,0.000000,2.891667,0.520000,2.901667,0.000000,0.000000,0.000000,0.513333,0.048333,5.416667,0.000000,0.000000,0.000000,0.000000,0.000000,0.005000,0.036667,0.000000,0.000000,6.023333,1.731667,0.000000,0.000000,0.015000,0.000000,2.833333,0.000000,0.000000,4.943333,0.370000,1.210000,0.001667,0.000000,0.000000,0.050000,0.236667,0.875000,0.555000,2.810000,0.156667,2.241667,0.000000,1.021667,1.051667,3.835000,0.181667,0.556667,0.145000,4.996667,1.715000,2.858333,1.756667,0.991667,0.741667,0.970000,1.276667,0.518333,0.118333,1.525000,2.718333,1.050000,0.238333,0.680000,1.790000,0.093333,0.485000,0.003333,2.713333,1.201667,4.115000,0.675000,2.165000,3.006667,0.226667,0.670000,1.613333,0.068333,0.000000,0.000000,0.000000,1.726667,0.031667,0.395000,0.866667,0.571667,0.568333,5.563333,0.000000,3.278333,2.291667,0.003333,0.585000,3.768333,0.666667,0.116667,0.521667,1.556667,0.335000,0.175000,0.718333,1.728333,0.005000,0.010000,0.028333,0.031667,0.000000,0.663333,0.000000,0.158333,0.515000,0.101667,0.391667,0.021667,0.000000,1.253333,0.003333,0.000000,0.000000,0.011667,0.281667,0.000000,0.203333,0.000000,0.003333,0.000000,0.000000,0.000000,0.000000,0.000000,0.000000,0.000000,0.000000,0.000000,0.000000,0.000000,0.000000,2.233333,0.180000,0.000000,0.346667,4.328333,0.000000,1.171667,2.876667,1.558333,5.940000,2.541667,3.901667,2.930000,0.420000,0.000000,1.793333,0.000000,0.000000,0.000000,0.000000,0.000000,0.000000,0.000000,0.000000,0.000000,0.000000,0.000000,0.000000,0.000000,0.000000,0.000000,0.000000
    ISI Coefficient of Variation,3.101065,1.624760,0.974353,1.190151,2.969599,5.134780,5.716230,0.930532,1.449432, , ,2.283034, , ,2.128120,0.975175,4.422348,3.431725,3.841679,2.713619, ,4.942781,1.327658,3.897042,1.577254,3.696168,2.015250,1.366918,4.588954,3.421091,1.349646,2.521075,3.012635, , ,2.474456, ,1.570532,1.444217,1.292000, ,2.753902, ,2.091473, , ,2.297013, , ,1.018715, , , , ,1.330751, , , ,0.772883, , , , ,1.236433, , , ,1.402241,4.737757,2.107675, , ,3.263344,2.534030, , , ,0.767626,2.932986,1.006368,1.178390, , ,2.306509,1.192487, , , , , ,1.726785, ,3.411734, , , ,2.697620,2.290672,2.510965,2.769710,1.270608,1.421350,1.296041,1.325183,5.181034,2.565554, , ,0.993309,2.090805,0.940747,3.907560, , , , , , , , , , , , , , , , ,2.036005,3.333120,2.889837, ,2.422311,0.971565,1.485806,3.330499,2.098590,2.060119,1.359947,1.684782,2.122394,1.463576,1.983008,1.910904,3.106223,1.778120, ,1.914655,1.276540,3.309087,2.943851,1.170067, ,1.903231, ,1.628233, ,1.853824,1.667130,1.512647,1.285793,1.242055,2.289609,0.889007,1.233686,1.955543, ,2.619499,3.411850,3.430384,3.062164, ,2.653450,1.255464, ,2.886017, ,1.080194,2.224557,1.710439,2.257663,2.831125,2.726064, ,1.850311,2.874993,2.396351,2.445470,1.639699,2.679494,1.535509,1.702623,1.324447,2.249988,2.214212, ,1.713553,2.894523,3.544479, ,2.534804,2.222898,1.323757, ,1.231572,1.492834, ,3.263904,0.990510,2.504702, ,3.123676,1.851466,2.002046,3.350133, ,2.658291, ,1.555145,2.620934,3.573350,1.952235,1.471418, ,2.511898, ,1.702306,1.556800,1.720654,2.292843,1.429373,1.899113,2.261649,1.999010,1.601481,1.344734,3.070083,0.801341,1.107471,1.566918, , , ,1.385092,2.835836, ,2.529944, , , ,1.545284,2.096952, , ,3.145899,1.763454,4.281579,4.079411,5.364525,5.580768,4.105068,3.209638, ,4.580714,0.873537,1.620823,5.492354,2.938594,3.918733,2.608798,4.371394,2.836521,3.138906,3.262137,4.767507,1.826098,3.937649,4.368782, ,2.247299,3.089019,4.794899,3.348070,3.485389,3.056601,1.671311, ,1.823519,3.491412,2.942336,5.459618,1.238658,3.359882, ,3.894607,4.926199,2.983970,4.738309,3.070726, ,4.280923, ,2.991893,3.060861, ,4.257630, ,1.470217,6.319370,3.363807, , ,7.878795, , ,3.596812,2.626355,3.557885,9.905200,5.643779,4.922786,0.983731,3.175501,2.916144,4.911932, ,4.373738, , ,5.321699,1.308753,1.106114, ,2.521239, ,5.797993,3.224616,1.702612,3.865140,1.033221,2.659037,2.530460, ,2.286166,4.282441,3.627665,3.477243,2.012994,2.733407,2.397349,4.451911,2.735242,2.642493,2.741260, ,2.940466, ,2.062466,1.233139, , ,2.779620,1.048761,1.103544, ,2.227451,1.708907,3.259331, ,4.010633, ,0.871480, ,3.494044, ,3.683906,2.175693, , , , , , , ,2.003554,2.866192, , ,3.897949, ,1.990557, ,2.026823, ,1.031512, ,2.534858, ,2.795901,3.634286, , ,3.343567,2.192078,2.132944,3.623183,3.924426,1.867786,2.786580,1.664943,1.971177,2.707795,1.339919, ,1.612846,1.775428,2.513736,2.193446,3.302738,4.582437,1.007394,3.044642,4.461262,2.884139,2.010465, ,3.596010, , ,3.218417,1.158033,2.672192, , , ,3.362222,1.370521, , , ,1.462271,3.481397, , , , , ,2.549536,1.386451,4.221386,2.014730,1.240095,3.473346,1.519656, ,2.238308,3.419346,2.813225,1.373488,3.263122, ,2.724186,2.384235,1.751861, ,3.325154,3.600183, ,3.178885,1.275488,1.687836,1.049778,1.941694, , , , , ,1.462448, , ,4.695272,3.240526,4.866818,2.119759,3.041540, ,1.921092,2.416641, , , ,1.717347,1.133177,1.760297,4.686842, ,2.509782, , ,2.204362,2.947368, ,2.828012,2.257733,1.980392,2.843693, ,2.322351,1.035906,3.344889, ,2.270992,1.601902,2.664347,2.595775,1.459848, ,1.603261, ,1.701137,2.680779, ,2.106102,1.908651,1.316004,3.241120,2.419349, ,2.765228, , , ,2.234049,1.995680, ,3.414923, ,1.913521, ,2.882888, , , ,2.806994,2.717090,3.362639,2.810210,3.081705,3.430644,3.709778,2.557937, , ,4.059905,3.931347, ,1.327537,1.565220,3.200355,3.362740,2.425586, ,0.937344,2.988216,3.680467, ,1.768901, , , ,4.131103,1.126721,1.870173,1.670240, , , ,0.998644, , ,2.139014, , ,2.894120,1.373714, ,3.103455, ,1.626065, ,2.459769,0.953167,2.430825,2.314004,1.033680, ,2.057201, ,2.112560, ,2.853250,1.506150,2.820258, , , ,2.126442, ,3.384282, , , , , , , , , ,3.599650,2.199991, , , , ,2.233121, , ,2.860410,1.422062,2.053038, , , , ,1.074179,1.459329,1.161453,2.246788,1.416555,2.707923, ,1.497094,2.470134,2.958304,1.114096,1.634380,2.131204,3.372258,1.969398,2.832204,1.564706,1.785129,1.530865,1.214943,1.898570,1.001029,1.063570,1.664800,2.483335,1.864104,0.959545,1.456967,2.055911, ,1.398801, ,2.669193,2.138598,3.008310,1.564052,2.355780,2.917063,1.579675,1.578936,1.969398, , , , ,2.354802, ,2.113446,1.424574,2.039345,1.169922,3.568629, ,2.415778,2.586647, ,1.509745,3.124185,1.844745,1.013985,1.288043,2.689330,0.876501,1.074290,1.481651,2.564064, , , , , ,1.573026, ,1.870608,1.247951,1.023467,1.780320, , ,1.603425, , , , ,0.877774, ,2.017457, , , , , , , , , , , , , , ,1.987107,1.056654, ,1.122454,3.037814, ,1.452847,2.430782,1.612843,2.950426,2.074334,2.784720,2.309185,0.983063, ,2.065737, , , , , , , , , , , , , , , , 
Electrode Burst Metrics
    Number of Bursts,93.000000,1.000000,0.000000,0.000000,88.000000,130.000000,135.000000,0.000000,3.000000,0.000000,0.000000,10.000000,0.000000,0.000000,2.000000,0.000000,164.000000,153.000000,162.000000,62.000000,0.000000,165.000000,2.000000,164.000000,0.000000,161.000000,11.000000,0.000000,164.000000,153.000000,4.000000,46.000000,124.000000,0.000000,0.000000,53.000000,0.000000,0.000000,0.000000,0.000000,0.000000,72.000000,0.000000,16.000000,0.000000,0.000000,14.000000,0.000000,0.000000,0.000000,0.000000,0.000000,0.000000,0.000000,0.000000,0.000000,0.000000,0.000000,0.000000,0.000000,0.000000,0.000000,0.000000,0.000000,0.000000,0.000000,0.000000,1.000000,163.000000,9.000000,0.000000,0.000000,134.000000,48.000000,0.000000,0.000000,0.000000,0.000000,99.000000,0.000000,0.000000,0.000000,0.000000,89.000000,3.000000,0.000000,0.000000,0.000000,0.000000,0.000000,2.000000,0.000000,141.000000,0.000000,0.000000,0.000000,84.000000,27.000000,49.000000,97.000000,0.000000,2.000000,0.000000,3.000000,207.000000,39.000000,0.000000,0.000000,0.000000,14.000000,0.000000,195.000000,0.000000,0.000000,0.000000,0.000000,0.000000,0.000000,0.000000,0.000000,0.000000,0.000000,0.000000,0.000000,0.000000,0.000000,0.000000,0.000000,39.000000,117.000000,71.000000,0.000000,74.000000,0.000000,14.000000,125.000000,19.000000,25.000000,63.000000,21.000000,45.000000,9.000000,45.000000,39.000000,108.000000,23.000000,0.000000,2.000000,4.000000,124.000000,84.000000,0.000000,0.000000,29.000000,0.000000,25.000000,0.000000,24.000000,6.000000,23.000000,0.000000,2.000000,50.000000,0.000000,3.000000,38.000000,0.000000,23.000000,120.000000,125.000000,87.000000,0.000000,69.000000,0.000000,0.000000,89.000000,0.000000,0.000000,43.000000,2.000000,56.000000,74.000000,61.000000,0.000000,6.000000,72.000000,47.000000,55.000000,15.000000,74.000000,5.000000,14.000000,7.000000,54.000000,50.000000,0.000000,24.000000,82.000000,135.000000,0.000000,76.000000,60.000000,6.000000,0.000000,2.000000,7.000000,0.000000,117.000000,1.000000,79.000000,0.000000,135.000000,56.000000,24.000000,116.000000,0.000000,80.000000,0.000000,30.000000,70.000000,179.000000,47.000000,9.000000,0.000000,72.000000,0.000000,31.000000,29.000000,35.000000,52.000000,13.000000,32.000000,55.000000,33.000000,21.000000,11.000000,140.000000,0.000000,1.000000,23.000000,0.000000,0.000000,0.000000,6.000000,83.000000,0.000000,66.000000,0.000000,0.000000,0.000000,13.000000,42.000000,0.000000,0.000000,122.000000,19.000000,141.000000,141.000000,145.000000,145.000000,139.000000,119.000000,0.000000,144.000000,1.000000,8.000000,145.000000,72.000000,143.000000,43.000000,144.000000,75.000000,143.000000,125.000000,159.000000,29.000000,151.000000,156.000000,0.000000,62.000000,107.000000,159.000000,151.000000,145.000000,119.000000,11.000000,0.000000,12.000000,132.000000,97.000000,147.000000,2.000000,135.000000,2.000000,124.000000,146.000000,91.000000,143.000000,110.000000,0.000000,142.000000,0.000000,87.000000,49.000000,0.000000,100.000000,0.000000,0.000000,102.000000,61.000000,0.000000,0.000000,103.000000,0.000000,0.000000,72.000000,28.000000,70.000000,106.000000,101.000000,150.000000,2.000000,150.000000,107.000000,151.000000,0.000000,152.000000,0.000000,0.000000,151.000000,6.000000,0.000000,0.000000,60.000000,0.000000,152.000000,113.000000,0.000000,154.000000,0.000000,79.000000,72.000000,0.000000,50.000000,155.000000,134.000000,138.000000,9.000000,79.000000,86.000000,142.000000,108.000000,130.000000,127.000000,0.000000,130.000000,0.000000,57.000000,0.000000,0.000000,0.000000,114.000000,0.000000,0.000000,0.000000,65.000000,18.000000,157.000000,0.000000,171.000000,0.000000,0.000000,0.000000,87.000000,0.000000,160.000000,9.000000,0.000000,0.000000,0.000000,0.000000,0.000000,0.000000,0.000000,39.000000,117.000000,0.000000,0.000000,164.000000,0.000000,19.000000,0.000000,29.000000,0.000000,1.000000,0.000000,95.000000,0.000000,115.000000,132.000000,0.000000,0.000000,131.000000,40.000000,57.000000,165.000000,178.000000,36.000000,94.000000,21.000000,25.000000,65.000000,0.000000,0.000000,8.000000,27.000000,51.000000,21.000000,70.000000,80.000000,0.000000,59.000000,87.000000,52.000000,23.000000,0.000000,84.000000,0.000000,0.000000,83.000000,3.000000,13.000000,0.000000,0.000000,0.000000,140.000000,7.000000,0.000000,0.000000,0.000000,11.000000,137.000000,0.000000,0.000000,0.000000,0.000000,0.000000,14.000000,15.000000,125.000000,30.000000,3.000000,106.000000,9.000000,0.000000,41.000000,126.000000,67.000000,1.000000,99.000000,0.000000,39.000000,52.000000,7.000000,0.000000,89.000000,105.000000,0.000000,89.000000,5.000000,8.000000,2.000000,31.000000,0.000000,0.000000,0.000000,0.000000,0.000000,5.000000,0.000000,0.000000,134.000000,99.000000,128.000000,6.000000,91.000000,0.000000,8.000000,35.000000,0.000000,0.000000,0.000000,4.000000,0.000000,3.000000,133.000000,0.000000,35.000000,0.000000,0.000000,44.000000,79.000000,0.000000,74.000000,47.000000,42.000000,63.000000,0.000000,36.000000,0.000000,113.000000,0.000000,36.000000,7.000000,60.000000,57.000000,12.000000,0.000000,9.000000,1.000000,22.000000,61.000000,0.000000,42.000000,30.000000,7.000000,85.000000,45.000000,0.000000,50.000000,0.000000,0.000000,0.000000,35.000000,17.000000,0.000000,85.000000,0.000000,17.000000,0.000000,32.000000,0.000000,0.000000,0.000000,82.000000,76.000000,127.000000,85.000000,103.000000,138.000000,163.000000,81.000000,0.000000,0.000000,165.000000,163.000000,0.000000,6.000000,14.000000,127.000000,84.000000,54.000000,0.000000,0.000000,51.000000,101.000000,0.000000,13.000000,0.000000,0.000000,0.000000,108.000000,0.000000,2.000000,10.000000,0.000000,0.000000,0.000000,0.000000,0.000000,0.000000,19.000000,0.000000,0.000000,68.000000,2.000000,0.000000,89.000000,0.000000,8.000000,0.000000,30.000000,1.000000,66.000000,58.000000,0.000000,0.000000,37.000000,0.000000,45.000000,0.000000,73.000000,14.000000,77.000000,0.000000,0.000000,0.000000,19.000000,0.000000,119.000000,0.000000,0.000000,0.000000,0.000000,0.000000,0.000000,0.000000,0.000000,0.000000,158.000000,49.000000,0.000000,0.000000,0.000000,0.000000,69.000000,0.000000,0.000000,77.000000,10.000000,28.000000,0.000000,0.000000,0.000000,0.000000,2.000000,16.000000,3.000000,73.000000,3.000000,77.000000,0.000000,7.000000,39.000000,116.000000,0.000000,14.000000,3.000000,131.000000,50.000000,79.000000,26.000000,25.000000,20.000000,2.000000,35.000000,1.000000,0.000000,8.000000,66.000000,35.000000,0.000000,3.000000,27.000000,1.000000,6.000000,0.000000,74.000000,41.000000,121.000000,18.000000,52.000000,100.000000,3.000000,8.000000,19.000000,0.000000,0.000000,0.000000,0.000000,52.000000,0.000000,5.000000,8.000000,17.000000,2.000000,145.000000,0.000000,52.000000,80.000000,0.000000,11.000000,107.000000,10.000000,0.000000,3.000000,64.000000,0.000000,1.000000,8.000000,69.000000,0.000000,0.000000,0.000000,0.000000,0.000000,3.000000,0.000000,1.000000,6.000000,0.000000,6.000000,0.000000,0.000000,14.000000,0.000000,0.000000,0.000000,0.000000,0.000000,0.000000,5.000000,0.000000,0.000000,0.000000,0.000000,0.000000,0.000000,0.000000,0.000000,0.000000,0.000000,0.000000,0.000000,0.000000,0.000000,13.000000,0.000000,0.000000,0.000000,113.000000,0.000000,6.000000,75.000000,4.000000,147.000000,34.000000,101.000000,71.000000,0.000000,0.000000,42.000000,0.000000,0.000000,0.000000,0.000000,0.000000,0.000000,0.000000,0.000000,0.000000,0.000000,0.000000,0.000000,0.000000,0.000000,0.000000,0.000000
    Burst Duration - Avg (sec),0.150922,0.343760, , ,0.165914,0.176643,0.184964, ,0.030213, , ,0.201008, , ,0.279720, ,0.140278,0.138310,0.142311,0.130604, ,0.148896,0.016960,0.137445, ,0.134557,0.132342, ,0.143065,0.128554,0.067060,0.121064,0.143759, , ,0.103195, , , , , ,0.166989, ,0.096855, , ,0.217669, , , , , , , , , , , , , , , , , , , , ,3.208800,0.165933,0.112302, , ,0.140989,0.097607, , , , ,0.125893, , , , ,0.043508,0.047200, , , , , ,0.104120, ,0.115715, , , ,0.122517,0.105967,0.140625,0.104511, ,0.066600, ,0.060080,0.123614,0.126137, , , ,0.086343, ,0.124436, , , , , , , , , , , , , , , , ,0.113069,0.087505,0.122940, ,0.089850, ,0.150063,0.093096,0.099537,0.072058,0.090466,0.066777,0.055198,0.119938,0.072372,0.094377,0.101792,0.109023, ,0.702520,0.066960,0.095619,0.109470, , ,0.099512, ,0.089850, ,0.088963,0.179093,0.087990, ,0.037320,0.121331, ,0.662933,0.090328, ,0.084372,0.097999,0.090553,0.098882, ,0.117112, , ,0.098057, , ,0.070917,0.187760,0.071190,0.064859,0.106102, ,0.187587,0.095611,0.095239,0.067476,0.073733,0.089861,0.044096,0.139880,0.073966,0.070601,0.059786, ,0.075497,0.074180,0.066601, ,0.054839,0.050712,0.022787, ,0.030320,0.038720, ,0.063076,0.010560,0.054778, ,0.092080,0.066396,0.045737,0.068924, ,0.056582, ,0.028856,0.046231,0.061933,0.054805,0.199369, ,0.072973, ,0.080648,0.065752,0.060661,0.079575,0.102948,0.080233,0.070128,0.060192,0.160312,0.098887,0.059078, ,0.316480,0.083050, , , ,0.108573,0.148978, ,0.133699, , , ,0.277194,0.099865, , ,0.131866,0.200236,0.099374,0.104892,0.107771,0.118517,0.085592,0.092801, ,0.104687,0.013760,0.024890,0.119469,0.144234,0.068052,0.251473,0.094191,0.108502,0.098946,0.117395,0.113525,0.027537,0.114661,0.110595, ,0.048272,0.136155,0.122340,0.102115,0.109751,0.132079,0.597113, ,1.065080,0.085068,0.158708,0.125579,0.033520,0.125866,0.300640,0.125674,0.125662,0.173483,0.124410,0.142059, ,0.103200, ,0.165354,0.310338, ,0.337072, , ,0.391614,0.340603, , ,0.393554, , ,0.377688,0.251437,0.274238,0.458319,0.301351,0.112810,0.300360,0.095457,0.107180,0.113873, ,0.093552, , ,0.108362,0.012093, , ,0.101697, ,0.113553,0.122925, ,0.109310, ,0.047676,0.050769, ,0.050637,0.104629,0.112909,0.085997,0.029938,0.100485,0.035938,0.110864,0.084768,0.068262,0.053272, ,0.073721, ,0.032116, , , ,0.078964, , , ,0.046479,0.022058,0.079046, ,0.075122, , , ,0.380825, ,0.094036,0.369787, , , , , , , ,0.054351,0.148814, , ,0.079997, ,0.516547, ,0.280811, ,0.399600, ,0.105999, ,0.103109,0.146672, , ,0.100798,0.194138,0.066310,0.092839,0.100383,0.174147,0.070807,0.076400,0.094118,0.120087, , ,0.273610,0.063961,0.054634,0.138194,0.088047,0.109448, ,0.095893,0.114277,0.111748,0.099245, ,0.098903, , ,0.082786,0.274347,0.419046, , , ,0.101859,0.074846, , , ,0.032138,0.092091, , , , , ,1.418554,0.075259,0.073828,0.113739,0.133573,0.091326,0.177538, ,0.073534,0.082999,0.094503,0.043360,0.081650, ,0.096601,0.070817,0.392457, ,0.100363,0.097827, ,0.097162,0.064992,0.324190,0.017960,0.136490, , , , , ,0.084352, , ,0.127930,0.132288,0.130570,0.186120,0.095989, ,0.164160,0.095925, , , ,0.160900, ,0.881333,0.127377, ,0.137719, , ,0.080878,0.122862, ,0.077831,0.085232,0.061745,0.101346, ,0.130182, ,0.067390, ,0.112016,0.095463,0.096680,0.092189,0.043840, ,0.102240,0.084800,0.077815,0.105483, ,0.091330,0.065709,0.184891,0.091357,0.121212, ,0.148835, , , ,0.123824,0.195736, ,0.123101, ,0.181736, ,0.164532, , , ,0.128248,0.115172,0.100581,0.097478,0.112371,0.094140,0.086859,0.100554, , ,0.095779,0.090379, ,0.534280,0.147423,0.081605,0.100605,0.092265, , ,0.086626,0.102074, ,0.246148, , , ,0.169007, ,0.610360,0.185416, , , , , , ,0.303360, , ,0.161807,0.060520, ,0.135170, ,0.381200, ,0.474040,0.312320,0.079244,0.071356, , ,0.145628, ,0.106485, ,0.100738,0.052543,0.100579, , , ,0.122855, ,0.110605, , , , , , , , , ,0.088430,0.085016, , , , ,0.112152, , ,0.128669,0.215520,0.137454, , , , ,0.263680,0.076900,0.038693,0.081387,0.028347,0.068918, ,0.189920,0.077908,0.075977, ,0.101040,0.230427,0.075962,0.062096,0.074675,0.070748,0.078211,0.070352,0.044440,0.071550,0.050160, ,0.444660,0.113470,0.103680, ,0.779867,0.196625,0.251120,0.186853, ,0.063332,0.077979,0.068146,0.074267,0.102875,0.091454,0.258053,0.168540,0.314139, , , , ,0.114385, ,0.392512,0.186170,0.358452,1.378120,0.082429, ,0.089640,0.065649, ,0.123796,0.081600,0.205040, ,0.547227,0.094154, ,0.162960,0.266630,0.074401, , , , , ,0.145920, ,0.090480,0.646480, ,0.162360, , ,0.227914, , , , , , ,0.347216, , , , , , , , , , , , , , ,0.274837, , , ,0.089575, ,0.313627,0.097410,0.041600,0.094612,0.120247,0.089339,0.095772, , ,0.127910, , , , , , , , , , , , , , , , 
    Burst Duration - Std (sec),0.061341, , , ,0.073514,0.071265,0.057019, ,0.009578, , ,0.095140, , ,0.009108, ,0.031286,0.034420,0.032690,0.053701, ,0.033388,0.009730,0.033633, ,0.030365,0.048792, ,0.032077,0.035350,0.047455,0.057588,0.058226, , ,0.069098, , , , , ,0.089395, ,0.077634, , ,0.114080, , , , , , , , , , , , , , , , , , , , , ,0.035024,0.048419, , ,0.030814,0.042609, , , , ,0.056269, , , , ,0.018377,0.011392, , , , , ,0.005940, ,0.040399, , , ,0.044535,0.049423,0.039881,0.058674, ,0.069749, ,0.066935,0.051866,0.044458, , , ,0.056455, ,0.056477, , , , , , , , , , , , , , , , ,0.148481,0.106501,0.137755, ,0.085686, ,0.206543,0.111271,0.078296,0.073392,0.079942,0.081688,0.020391,0.167272,0.070892,0.075462,0.100617,0.112590, ,0.398299,0.013346,0.084381,0.112196, , ,0.175454, ,0.182082, ,0.128205,0.272370,0.205906, ,0.003903,0.277114, ,1.011736,0.253201, ,0.064451,0.085232,0.115948,0.039652, ,0.218981, , ,0.164172, , ,0.055560,0.112798,0.105257,0.035017,0.149821, ,0.221785,0.133306,0.154294,0.054654,0.070353,0.119711,0.016772,0.266481,0.028458,0.052733,0.034017, ,0.086923,0.058754,0.059219, ,0.043797,0.016371,0.007315, ,0.011766,0.019945, ,0.063910, ,0.024233, ,0.060974,0.068507,0.025729,0.051715, ,0.022419, ,0.013420,0.022396,0.047005,0.019581,0.157311, ,0.078426, ,0.085136,0.058709,0.032299,0.100065,0.193860,0.047016,0.078498,0.022220,0.299787,0.116267,0.057930, , ,0.089587, , , ,0.120559,0.204324, ,0.179057, , , ,0.542238,0.120619, , ,0.228828,0.210829,0.185333,0.127504,0.118208,0.112065,0.165264,0.192206, ,0.091441, ,0.018350,0.118150,0.276032,0.118923,0.421808,0.123555,0.176464,0.239260,0.316048,0.283275,0.017755,0.307164,0.292885, ,0.178053,0.361201,0.300346,0.286191,0.287987,0.366198,0.649752, ,0.675516,0.158751,0.389656,0.236460,0.011201,0.356751,0.045481,0.328593,0.260559,0.422024,0.276111,0.342229, ,0.268422, ,0.401022,0.562127, ,0.102260, , ,0.096108,0.086145, , ,0.095291, , ,0.102477,0.127935,0.182342,0.133498,0.087829,0.168548,0.408255,0.160258,0.272365,0.119791, ,0.133518, , ,0.147249,0.002482, , ,0.213840, ,0.114359,0.285669, ,0.283380, ,0.023498,0.038351, ,0.036214,0.257694,0.248923,0.180472,0.012833,0.047804,0.019291,0.256199,0.250110,0.171391,0.072217, ,0.156878, ,0.018076, , , ,0.170508, , , ,0.008034,0.006729,0.219337, ,0.051622, , , ,0.279378, ,0.086889,0.142036, , , , , , , ,0.024268,0.361211, , ,0.124375, ,0.630745, ,0.465187, , , ,0.264824, ,0.242635,0.242238, , ,0.185840,0.382128,0.090915,0.147811,0.173578,0.351489,0.105556,0.026518,0.065933,0.140478, , ,0.466389,0.154584,0.052536,0.165356,0.130114,0.180720, ,0.188233,0.184717,0.177213,0.163267, ,0.189492, , ,0.188067,0.021827,0.395223, , , ,0.287616,0.042666, , , ,0.014304,0.175760, , , , , ,1.639741,0.060007,0.056618,0.160848,0.122930,0.096159,0.223574, ,0.055154,0.101158,0.106095, ,0.101377, ,0.114299,0.036769,0.273964, ,0.142098,0.127330, ,0.112247,0.022982,0.224508,0.004469,0.218914, , , , , ,0.025129, , ,0.195289,0.235997,0.202800,0.097880,0.117153, ,0.142403,0.061975, , , ,0.090456, ,0.201184,0.219520, ,0.163753, , ,0.098108,0.179644, ,0.078196,0.092553,0.033728,0.050729, ,0.125325, ,0.057585, ,0.092485,0.029160,0.085161,0.110767,0.038197, ,0.131560, ,0.066381,0.100379, ,0.070332,0.057316,0.212913,0.102718,0.140185, ,0.224898, , , ,0.165527,0.262447, ,0.179046, ,0.270942, ,0.201824, , , ,0.301240,0.268474,0.221139,0.172232,0.300919,0.219724,0.189216,0.184870, , ,0.157928,0.178792, ,0.539558,0.163915,0.173461,0.167532,0.116979, , ,0.148090,0.122530, ,0.414127, , , ,0.187020, ,0.775385,0.131973, , , , , , ,0.408543, , ,0.381304,0.017932, ,0.276092, ,0.485297, ,1.059737, ,0.041107,0.079418, , ,0.059531, ,0.218439, ,0.094896,0.016317,0.180434, , , ,0.144420, ,0.085079, , , , , , , , , ,0.077352,0.082133, , , , ,0.173629, , ,0.189239,0.350694,0.245898, , , , ,0.282164,0.083038,0.006755,0.169550,0.002360,0.072480, ,0.229110,0.084422,0.066830, ,0.115383,0.277985,0.064847,0.051140,0.075334,0.028572,0.072367,0.021931,0.022118,0.131654, , ,0.445981,0.185039,0.141247, ,0.523079,0.310281, ,0.254641, ,0.083182,0.099554,0.092664,0.096209,0.176052,0.236685,0.361490,0.191614,0.591605, , , , ,0.361363, ,0.398328,0.275443,0.608676,0.089548,0.155171, ,0.140337,0.108723, ,0.215117,0.109739,0.290984, ,0.449852,0.125548, , ,0.351302,0.086750, , , , , ,0.078274, , ,0.808118, ,0.105772, , ,0.550223, , , , , , ,0.203492, , , , , , , , , , , , , , ,0.476968, , , ,0.172311, ,0.400886,0.191764,0.012659,0.172621,0.182190,0.169097,0.176975, , ,0.254135, , , , , , , , , , , , , , , , 
    Number of Spikes per Burst - Avg,11.225806,9.000000, , ,10.079545,25.900000,31.229630, ,5.333333, , ,8.800000, , ,9.000000, ,24.310976,13.130719,16.030864,9.677419, ,27.975758,4.500000,16.274390, ,15.322981,8.181818, ,22.262195,12.986928,6.250000,9.152174,10.717742, , ,8.207547, , , , , ,11.111111, ,7.375000, , ,9.785714, , , , , , , , , , , , , , , , , , , , ,20.000000,24.067485,7.666667, , ,12.074627,8.770833, , , , ,10.545455, , , , ,7.067416,5.666667, , , , , ,7.000000, ,13.014184, , , ,10.107143,9.259259,9.877551,9.680412, ,6.000000, ,5.666667,26.463768,9.564103, , , ,7.571429, ,15.953846, , , , , , , , , , , , , , , , ,10.974359,16.683761,15.084507, ,9.851351, ,10.142857,15.128000,9.105263,8.320000,16.984127,6.142857,8.422222,9.000000,9.666667,11.948718,16.240741,10.826087, ,16.500000,6.500000,17.362903,14.690476, , ,12.344828, ,8.480000, ,13.000000,11.500000,8.260870, ,4.500000,12.960000, ,9.000000,7.947368, ,7.652174,17.066667,18.656000,18.977011, ,14.985507, , ,16.325843, , ,11.046512,10.500000,9.678571,14.243243,14.327869, ,14.833333,14.111111,15.276596,12.927273,7.133333,12.851351,5.800000,7.428571,6.428571,9.462963,11.120000, ,8.541667,15.829268,16.540741, ,12.236842,10.166667,4.000000, ,4.000000,4.857143, ,15.931624,4.000000,11.291139, ,15.481481,12.553571,6.666667,16.500000, ,13.137500, ,6.266667,12.285714,14.005587,9.425532,9.111111, ,15.319444, ,11.677419,8.931034,9.285714,13.826923,8.384615,13.812500,10.745455,9.787879,10.333333,8.545455,13.157143, ,8.000000,9.521739, , , ,7.833333,18.626506, ,15.333333, , , ,19.076923,10.952381, , ,17.524590,10.526316,16.191489,14.567376,24.386207,26.641379,14.712230,9.823529, ,17.944444,4.000000,5.125000,25.751724,10.597222,13.258741,12.139535,16.131944,9.120000,9.685315,11.056000,20.905660,5.379310,14.364238,17.269231, ,6.161290,10.850467,20.364780,10.668874,11.696552,10.109244,9.818182, ,15.750000,11.295455,9.670103,25.721088,5.000000,10.748148,23.000000,15.032258,20.945205,10.725275,19.671329,9.881818, ,16.359155, ,10.804598,16.693878, ,20.390000, , ,41.852941,15.000000, , ,66.572816, , ,15.777778,10.035714,15.714286,108.339623,33.000000,21.206667,6.000000,14.866667,8.953271,24.602649, ,16.638158, , ,24.814570,4.166667, , ,7.983333, ,28.835526,11.654867, ,13.831169, ,10.037975,7.750000, ,7.320000,16.812903,13.537313,11.913043,6.444444,9.316456,7.139535,19.119718,8.250000,8.407692,8.850394, ,10.115385, ,6.350877, , , ,9.456140, , , ,8.384615,5.555556,12.000000, ,15.842105, , , ,17.356322, ,14.225000,12.000000, , , , , , , ,7.769231,12.170940, , ,17.817073, ,13.631579, ,16.034483, ,10.000000, ,10.968421, ,11.330435,18.189394, , ,16.625954,13.500000,9.508772,16.624242,18.471910,10.222222,12.925532,8.714286,10.480000,17.523077, , ,8.875000,6.703704,7.039216,9.857143,10.914286,19.125000, ,10.305085,17.103448,9.846154,6.826087, ,11.547619, , ,9.445783,6.333333,24.538462, , , ,14.385714,5.714286, , , ,5.727273,13.021898, , , , , ,43.357143,6.733333,18.504000,9.033333,7.000000,13.735849,7.444444, ,8.731707,12.730159,12.253731,5.000000,14.656566, ,10.692308,10.788462,13.714286, ,16.483146,17.161905, ,15.977528,5.200000,12.750000,4.000000,8.000000, , , , , ,7.200000, , ,20.029851,11.313131,22.328125,7.333333,10.065934, ,9.375000,8.000000, , , ,7.000000, ,14.666667,20.691729, ,14.028571, , ,8.727273,14.329114, ,14.351351,9.638298,7.595238,14.047619, ,12.166667, ,14.176991, ,11.416667,7.571429,14.766667,13.052632,5.250000, ,6.222222,5.000000,7.727273,13.836066, ,10.738095,8.266667,8.714286,17.623529,14.177778, ,21.660000, , , ,12.714286,15.411765, ,16.941176, ,9.470588, ,18.562500, , , ,14.512195,14.644737,15.244094,14.458824,15.135922,15.050725,16.012270,10.938272, , ,18.587879,17.723926, ,14.000000,7.357143,13.496063,17.428571,10.518519, , ,12.686275,16.772277, ,8.538462, , , ,23.648148, ,33.500000,7.600000, , , , , , ,21.000000, , ,12.779412,5.500000, ,14.797753, ,9.875000, ,19.166667,8.000000,10.681818,9.500000, , ,9.783784, ,11.088889, ,15.890411,5.928571,14.792208, , , ,9.105263, ,17.462185, , , , , , , , , ,16.683544,11.979592, , , , ,14.130435, , ,19.545455,6.700000,11.714286, , , , ,8.500000,6.812500,5.333333,12.232877,4.000000,13.116883, ,12.285714,10.974359,13.818966, ,8.714286,14.666667,16.748092,8.680000,14.645570,8.769231,9.320000,7.650000,7.000000,9.342857,5.000000, ,15.375000,13.378788,10.828571, ,30.333333,13.703704,7.000000,14.833333, ,14.918919,10.682927,14.900826,7.333333,13.173077,12.530000,9.333333,9.000000,17.789474, , , , ,11.903846, ,23.400000,13.375000,12.529412,14.000000,16.386207, ,13.576923,11.962500, ,6.181818,16.691589,11.800000, ,16.333333,10.828125, ,6.000000,14.125000,9.594203, , , , , ,10.333333, ,5.000000,10.666667, ,7.833333, , ,8.642857, , , , , , ,15.200000, , , , , , , , , , , , , , ,14.153846, , , ,14.123894, ,9.000000,12.026667,7.250000,15.442177,11.970588,14.257426,12.478873, , ,10.690476, , , , , , , , , , , , , , , , 
    Number of Spikes per Burst - Std,2.111712, , , ,1.517875,5.618146,5.651497, ,0.577350, , ,1.135292, , ,0.000000, ,3.583483,2.493921,2.807317,1.686729, ,3.890187,0.707107,2.763314, ,2.508990,1.167748, ,3.081436,2.575152,0.957427,1.966016,1.533159, , ,1.853878, , , , , ,2.724720, ,1.962142, , ,1.761930, , , , , , , , , , , , , , , , , , , , , ,3.633060,1.000000, , ,1.534696,1.417813, , , , ,1.842097, , , , ,1.020224,0.577350, , , , , ,0.000000, ,3.229298, , , ,1.888570,1.972749,1.201261,2.284670, ,1.414214, ,1.154701,7.568290,1.428928, , , ,1.398586, ,4.124721, , , , , , , , , , , , , , , , ,5.517852,16.812685,10.780600, ,4.592079, ,9.898385,12.897222,9.109792,6.368673,9.914948,1.590148,2.261223,8.306624,6.306562,5.170507,6.944197,7.252913, ,10.606602,0.577350,15.511514,12.511177, , ,14.531434, ,6.880649, ,10.163875,13.516656,7.040257, ,0.707107,15.388785, ,4.358899,3.623850, ,3.562541,15.615513,15.832849,7.445893, ,18.081102, , ,10.719328, , ,6.546368,4.949747,6.688136,6.688389,13.455756, ,15.263246,10.031718,17.096532,6.463156,3.020564,10.172057,0.447214,4.783212,1.397276,3.864268,4.627513, ,5.594867,8.432455,10.579312, ,5.496346,3.031846,0.000000, ,0.000000,0.899735, ,10.350518, ,4.111123, ,5.373861,7.485549,1.926174,8.600809, ,5.506598, ,1.311312,5.493456,7.475426,2.954324,3.100179, ,14.957994, ,8.680964,3.863113,3.005597,11.956984,6.850042,5.710418,6.840019,1.916337,7.818781,6.846366,10.891401, , ,3.578592, , , ,1.169045,19.846183, ,11.823488, , , ,27.332708,6.351310, , ,15.839700,4.538336,14.039696,7.553906,18.443678,16.467002,12.689859,5.442530, ,8.231593, ,0.991031,17.861166,7.016399,9.682068,9.533353,9.578711,4.675873,5.306679,12.837259,26.003844,0.621852,17.211811,21.576076, ,1.985138,12.755172,21.359616,8.724465,9.669054,11.282047,4.214693, ,6.662309,5.933137,6.182505,28.047363,0.000000,8.482395,2.828427,24.679387,28.135088,10.046631,24.043615,6.613486, ,20.451063, ,12.635166,20.221898, ,3.369186, , ,10.914063,2.949576, , ,16.301451, , ,3.054538,1.731669,6.799708,30.970304,7.492663,11.996250,2.828427,7.430814,6.111207,10.111432, ,8.702249, , ,9.087283,0.408248, , ,2.567672, ,11.256459,7.179795, ,14.998390, ,2.945849,1.851912, ,1.845458,16.860692,7.650895,4.076778,1.810463,2.151590,1.557999,23.919037,2.758589,3.274748,1.898532, ,4.709605, ,0.834335, , , ,3.828492, , , ,2.275497,0.704792,10.628337, ,5.715169, , , ,7.026490, ,7.135658,3.082207, , , , , , , ,2.610319,11.890514, , ,8.883884, ,10.802317, ,17.232616, , , ,10.618583, ,11.711983,14.027308, , ,14.304026,8.292722,3.179863,14.130210,16.685587,5.451664,7.423067,1.874643,4.114203,10.384947, , ,5.462535,1.682828,1.854301,6.799160,6.717364,19.699884, ,12.246399,15.955632,7.160306,3.214345, ,9.111630, , ,5.937177,0.577350,19.939974, , , ,9.402729,0.951190, , , ,0.786245,7.561967, , , , , ,43.990571,1.830951,10.426102,3.846031,3.605551,8.708290,4.901814, ,3.834217,5.792979,8.464441, ,10.501858, ,7.619759,4.064850,7.609518, ,11.066034,12.888668, ,11.510842,0.447214,6.158618,0.000000,3.346640, , , , , ,2.167948, , ,17.951036,8.179924,22.176852,2.065591,3.866673, ,5.449443,1.680336, , , ,1.632993, ,3.055050,21.516090, ,10.388018, , ,5.427594,10.143485, ,7.686374,6.001542,1.808645,5.998464, ,6.313251, ,6.516778, ,6.677788,1.812654,6.830556,11.439938,1.544786, ,1.563472, ,2.930656,7.328439, ,4.596178,3.722562,4.347961,15.638000,11.184992, ,22.272533, , , ,9.730399,18.384976, ,15.071538, ,5.304687, ,15.835724, , , ,19.382596,15.057848,14.369123,15.336350,19.995121,18.861122,17.620130,6.245690, , ,24.126695,20.558645, ,8.197561,2.734597,11.365413,17.377652,6.973645, , ,9.843760,13.402896, ,5.010246, , , ,21.728707, ,40.305087,2.270585, , , , , , ,27.890660, , ,15.364084,0.707107, ,16.292901, ,6.334430, ,25.868478, ,3.762810,5.442684, , ,2.070093, ,10.029099, ,11.380492,0.828742,10.851070, , , ,6.657450, ,13.672185, , , , , , , , , ,11.926574,7.001458, , , , ,12.076853, , ,19.159679,2.002776,8.822770, , , , ,2.121320,2.344319,0.577350,12.870639,0.000000,10.851842, ,9.050125,5.132390,7.642671, ,5.649079,12.662280,11.295570,3.683610,13.007925,1.450729,8.194104,1.663066,1.414214,7.400091, , ,8.105333,13.005047,9.632927, ,7.094599,11.196891, ,14.400231, ,15.200718,6.976529,16.860410,3.217599,13.666506,17.399324,7.571878,5.806400,28.275586, , , , ,20.360727, ,20.647034,13.437022,6.472226,1.414214,20.062467, ,18.606710,16.644795, ,3.124682,20.156656,12.263768, ,9.865766,9.243710, , ,14.257204,5.021480, , , , , ,4.509250, , ,4.844241, ,1.722401, , ,7.034062, , , , , , ,9.444575, , , , , , , , , , , , , , ,14.316926, , , ,20.699436, ,3.687818,11.288566,0.500000,16.110547,7.740039,17.575923,10.530038, , ,8.721960, , , , , , , , , , , , , , , , 
    Mean ISI within Burst - Avg (sec),0.014609,0.042970, , ,0.017726,0.006943,0.006029, ,0.006913, , ,0.024879, , ,0.034965, ,0.005967,0.011424,0.009470,0.014418, ,0.005465,0.004660,0.008981, ,0.009396,0.017750, ,0.006684,0.010712,0.011973,0.013992,0.014470, , ,0.012895, , , , , ,0.015833, ,0.013227, , ,0.023399, , , , , , , , , , , , , , , , , , , , ,0.168884,0.007226,0.016137, , ,0.012813,0.012153, , , , ,0.012836, , , , ,0.007014,0.010063, , , , , ,0.017353, ,0.009415, , , ,0.013027,0.012044,0.015546,0.011026, ,0.011820, ,0.011204,0.004659,0.014233, , , ,0.011985, ,0.007940, , , , , , , , , , , , , , , , ,0.009698,0.005433,0.008113, ,0.009070, ,0.014899,0.006075,0.013231,0.009693,0.005480,0.011710,0.007587,0.012877,0.008223,0.008340,0.006542,0.010028, ,0.047700,0.012259,0.006089,0.008072, , ,0.007953, ,0.009414, ,0.006648,0.014894,0.008536, ,0.011000,0.007679, ,0.056706,0.008833, ,0.012141,0.006387,0.005060,0.005820, ,0.007912, , ,0.005690, , ,0.007158,0.019289,0.007025,0.005200,0.007543, ,0.012163,0.006886,0.006212,0.005603,0.010763,0.007347,0.009005,0.013573,0.013071,0.007965,0.005967, ,0.009180,0.005225,0.004418, ,0.004790,0.005725,0.007596, ,0.010107,0.009572, ,0.004212,0.003520,0.005607, ,0.006259,0.005530,0.007926,0.004586, ,0.004977, ,0.005335,0.004258,0.004782,0.006717,0.022707, ,0.005255, ,0.007382,0.007844,0.007251,0.006243,0.010054,0.006288,0.006800,0.006813,0.012702,0.011915,0.004840, ,0.045211,0.009027, , , ,0.014386,0.007746, ,0.008244, , , ,0.012198,0.008574, , ,0.006111,0.019300,0.004985,0.006813,0.004220,0.004375,0.004713,0.007306, ,0.005814,0.004587,0.005681,0.004541,0.009875,0.004353,0.013597,0.005380,0.010090,0.007324,0.005880,0.003678,0.006136,0.005031,0.004054, ,0.006093,0.006622,0.003942,0.005655,0.005823,0.007125,0.048221, ,0.059366,0.006372,0.009806,0.003811,0.008380,0.006452,0.013645,0.005054,0.004730,0.008804,0.004604,0.008871, ,0.004076, ,0.008165,0.010428, ,0.017333, , ,0.009698,0.024593, , ,0.006053, , ,0.025432,0.026351,0.016688,0.004331,0.009311,0.004849,0.044021,0.005685,0.008012,0.004453, ,0.005137, , ,0.004191,0.003822, , ,0.011104, ,0.003857,0.007204, ,0.005006, ,0.005316,0.007134, ,0.007678,0.004181,0.006131,0.006021,0.005388,0.011697,0.005747,0.004190,0.007616,0.006467,0.006264, ,0.006207, ,0.005836, , , ,0.007080, , , ,0.006580,0.004810,0.005117, ,0.004801, , , ,0.020239, ,0.006511,0.032291, , , , , , , ,0.007892,0.006920, , ,0.004309, ,0.022830, ,0.009548, ,0.044400, ,0.006128, ,0.005617,0.006570, , ,0.005483,0.010143,0.006977,0.005229,0.005019,0.013169,0.005374,0.009756,0.009353,0.006669, , ,0.021357,0.008302,0.008311,0.011300,0.007285,0.005057, ,0.007125,0.005933,0.009517,0.012560, ,0.006689, , ,0.006051,0.051799,0.014867, , , ,0.005593,0.014974, , , ,0.006661,0.006104, , , , , ,0.029012,0.012167,0.004349,0.011365,0.018940,0.006787,0.023098, ,0.008995,0.006388,0.007783,0.010840,0.005648, ,0.008786,0.007268,0.028985, ,0.005674,0.005630, ,0.005945,0.015219,0.024732,0.005987,0.013613, , , , , ,0.013998, , ,0.005812,0.009314,0.005255,0.028939,0.009020, ,0.017505,0.012878, , , ,0.024945, ,0.064450,0.005219, ,0.009522, , ,0.008991,0.007729, ,0.005437,0.008877,0.009050,0.007791, ,0.010546, ,0.004892, ,0.010510,0.014877,0.006711,0.007504,0.009349, ,0.016831,0.021200,0.010752,0.007840, ,0.009190,0.008532,0.018758,0.005552,0.008733, ,0.006835, , , ,0.009066,0.012937, ,0.007200, ,0.017217, ,0.008767, , , ,0.007266,0.006040,0.005699,0.006433,0.005517,0.005359,0.004789,0.007958, , ,0.005043,0.004754, ,0.033659,0.019152,0.005235,0.005837,0.009057, , ,0.006445,0.006300, ,0.021685, , , ,0.007141, ,0.017257,0.025294, , , , , , ,0.014202, , ,0.009445,0.013300, ,0.008046, ,0.033014, ,0.015491,0.044617,0.008162,0.007997, , ,0.016611, ,0.008313, ,0.006899,0.010456,0.006444, , , ,0.013209, ,0.007174, , , , , , , , , ,0.005618,0.007489, , , , ,0.007582, , ,0.006224,0.028862,0.010354, , , , ,0.031080,0.011112,0.008899,0.005975,0.009449,0.005701, ,0.014344,0.007494,0.005859, ,0.011590,0.013757,0.004901,0.007652,0.005705,0.009126,0.009662,0.010523,0.007171,0.007249,0.012540, ,0.024858,0.008081,0.009412, ,0.024879,0.011815,0.041853,0.011541, ,0.004484,0.007037,0.004815,0.010106,0.007073,0.006389,0.021022,0.017175,0.013917, , , , ,0.006385, ,0.015844,0.010317,0.022349,0.107017,0.004841, ,0.006848,0.005655, ,0.014768,0.005206,0.015237, ,0.029110,0.008851, ,0.032592,0.017422,0.007959, , , , , ,0.015721, ,0.022620,0.050074, ,0.022916, , ,0.014129, , , , , , ,0.030074, , , , , , , , , , , , , , ,0.013775, , , ,0.005933, ,0.029344,0.007331,0.006734,0.005471,0.009427,0.006077,0.007390, , ,0.009924, , , , , , , , , , , , , , , , 
    Mean ISI within Burst - Std (sec),0.003969, , , ,0.004692,0.001325,0.000823, ,0.001742, , ,0.008182, , ,0.001138, ,0.000779,0.002289,0.001634,0.004595, ,0.000723,0.001838,0.001613, ,0.001564,0.005547, ,0.000975,0.002430,0.007043,0.005049,0.003473, , ,0.006170, , , , , ,0.005240, ,0.007512, , ,0.008277, , , , , , , , , , , , , , , , , , , , , ,0.001181,0.006149, , ,0.002493,0.004422, , , , ,0.003330, , , , ,0.002108,0.001636, , , , , ,0.000990, ,0.002600, , , ,0.003961,0.004747,0.003471,0.004966, ,0.010607, ,0.010126,0.000891,0.004166, , , ,0.006452, ,0.002423, , , , , , , , , , , , , , , , ,0.004485,0.002424,0.004023, ,0.004121, ,0.010071,0.003576,0.002919,0.003390,0.002248,0.008070,0.002077,0.003447,0.003066,0.002007,0.002535,0.003842, ,0.006944,0.002542,0.002359,0.003290, , ,0.003315, ,0.003466, ,0.002273,0.003183,0.004534, ,0.003338,0.003463, ,0.072949,0.008880, ,0.002646,0.002284,0.001736,0.002180, ,0.003348, , ,0.002744, , ,0.002243,0.001823,0.003159,0.001747,0.003163, ,0.002892,0.002674,0.002065,0.001616,0.003729,0.002636,0.003009,0.014164,0.003011,0.002980,0.002010, ,0.002007,0.002529,0.001911, ,0.001647,0.001613,0.002438, ,0.003922,0.003294, ,0.001669, ,0.002236, ,0.002813,0.002278,0.002158,0.001694, ,0.001822, ,0.001627,0.001389,0.002050,0.002152,0.008596, ,0.001561, ,0.001655,0.002044,0.002251,0.002459,0.004921,0.001769,0.002053,0.001759,0.012441,0.003247,0.001910, , ,0.003859, , , ,0.012388,0.002805, ,0.004135, , , ,0.003480,0.003644, , ,0.003353,0.013042,0.002123,0.002559,0.000975,0.000899,0.002086,0.006344, ,0.001616, ,0.003385,0.000943,0.007709,0.002079,0.011508,0.002163,0.006240,0.007640,0.004990,0.001685,0.002744,0.003017,0.002329, ,0.010806,0.006183,0.002481,0.005989,0.005525,0.007641,0.047778, ,0.033317,0.004202,0.013376,0.001307,0.002800,0.007581,0.000313,0.002839,0.001546,0.009825,0.001958,0.010483, ,0.002393, ,0.007712,0.008589, ,0.003660, , ,0.001150,0.005021, , ,0.000641, , ,0.004815,0.010208,0.006200,0.000555,0.001387,0.001919,0.056749,0.003279,0.008598,0.001599, ,0.002348, , ,0.001759,0.000673, , ,0.011335, ,0.001139,0.007536, ,0.003504, ,0.001148,0.002621, ,0.002160,0.002616,0.005883,0.007946,0.000663,0.003665,0.001247,0.001775,0.012376,0.007113,0.003519, ,0.004851, ,0.002118, , , ,0.005925, , , ,0.001220,0.001036,0.003333, ,0.001209, , , ,0.009570, ,0.001579,0.011647, , , , , , , ,0.001548,0.006905, , ,0.003765, ,0.023810, ,0.008445, , , ,0.005149, ,0.004459,0.003480, , ,0.002789,0.009702,0.004035,0.002907,0.002565,0.015645,0.002191,0.001684,0.002115,0.004217, , ,0.022229,0.011297,0.004887,0.006791,0.003328,0.001537, ,0.002898,0.002090,0.004604,0.011412, ,0.004167, , ,0.005721,0.006611,0.004428, , , ,0.003865,0.006716, , , ,0.002295,0.005010, , , , , ,0.009796,0.005027,0.001578,0.007732,0.009378,0.002276,0.020457, ,0.001809,0.002685,0.001793, ,0.002284, ,0.002285,0.001667,0.005903, ,0.003233,0.002629, ,0.001945,0.003734,0.014573,0.001490,0.014656, , , , , ,0.003816, , ,0.003128,0.005972,0.001910,0.011325,0.005165, ,0.005197,0.004941, , , ,0.010270, ,0.004030,0.002789, ,0.002666, , ,0.003136,0.003625, ,0.001692,0.002989,0.003454,0.001450, ,0.002150, ,0.001348, ,0.002221,0.004547,0.002141,0.002245,0.004944, ,0.012910, ,0.003307,0.002357, ,0.002253,0.002293,0.012170,0.001923,0.004121, ,0.002106, , , ,0.003496,0.003474, ,0.002474, ,0.011078, ,0.002671, , , ,0.003790,0.002957,0.002366,0.003578,0.002738,0.002190,0.002138,0.005167, , ,0.001699,0.001937, ,0.016000,0.012253,0.002695,0.002005,0.003199, , ,0.002790,0.002000, ,0.019932, , , ,0.003035, ,0.002457,0.013736, , , , , , ,0.009851, , ,0.006037,0.001895, ,0.004218, ,0.029594, ,0.009736, ,0.002788,0.002695, , ,0.005738, ,0.003644, ,0.002521,0.002673,0.002396, , , ,0.003769, ,0.002875, , , , , , , , , ,0.002353,0.002034, , , , ,0.002994, , ,0.002312,0.037962,0.004269, , , , ,0.028831,0.006253,0.000358,0.002299,0.000787,0.002187, ,0.004282,0.002779,0.002349, ,0.006598,0.005093,0.002039,0.002176,0.001733,0.003341,0.003300,0.002288,0.001996,0.002940, , ,0.014181,0.005687,0.003458, ,0.010775,0.005551, ,0.004125, ,0.002365,0.002807,0.001794,0.004590,0.004442,0.002310,0.016439,0.006991,0.013381, , , , ,0.003034, ,0.002951,0.006268,0.020337,0.018530,0.002065, ,0.003004,0.002453, ,0.018824,0.001482,0.004277, ,0.015530,0.002745, , ,0.005434,0.002705, , , , , ,0.002643, , ,0.050143, ,0.013406, , ,0.023345, , , , , , ,0.023070, , , , , , , , , , , , , , ,0.007774, , , ,0.003395, ,0.026013,0.003227,0.002308,0.002662,0.003631,0.002244,0.002780, , ,0.005059, , , , , , , , , , , , , , , , 
    Median ISI within Burst - Avg (sec),0.006131,0.008240, , ,0.007913,0.004392,0.004601, ,0.007053, , ,0.009948, , ,0.007020, ,0.003063,0.005147,0.003509,0.004847, ,0.003146,0.004360,0.003995, ,0.003717,0.005793, ,0.003935,0.003610,0.005930,0.004351,0.009197, , ,0.006500, , , , , ,0.006410, ,0.004670, , ,0.009040, , , , , , , , , , , , , , , , , , , , ,0.065840,0.005269,0.010573, , ,0.009370,0.006890, , , , ,0.006283, , , , ,0.005967,0.008280, , , , , ,0.016400, ,0.005409, , , ,0.004665,0.005321,0.007446,0.004507, ,0.005380, ,0.006053,0.003097,0.006890, , , ,0.005303, ,0.004326, , , , , , , , , , , , , , , , ,0.007207,0.003816,0.006646, ,0.007202, ,0.010711,0.004412,0.012379,0.008629,0.004077,0.010093,0.006500,0.012182,0.006908,0.007067,0.004657,0.008304, ,0.026340,0.011380,0.004316,0.006141, , ,0.006302, ,0.007189, ,0.005258,0.012233,0.007277, ,0.008020,0.005715, ,0.046933,0.006426, ,0.010802,0.004513,0.003467,0.004314, ,0.005202, , ,0.004150, , ,0.005698,0.013540,0.005434,0.003871,0.005983, ,0.011707,0.005454,0.004712,0.004405,0.007971,0.005903,0.005824,0.010163,0.010234,0.006093,0.004766, ,0.006890,0.003952,0.003349, ,0.003748,0.004595,0.006947, ,0.005880,0.008749, ,0.003269,0.003200,0.004406, ,0.004166,0.004069,0.006578,0.003482, ,0.004026, ,0.004513,0.003321,0.003537,0.005332,0.019347, ,0.004061, ,0.006205,0.006890,0.006184,0.005132,0.007665,0.005125,0.005343,0.005355,0.008796,0.010091,0.003419, ,0.017200,0.007442, , , ,0.009440,0.005344, ,0.005670, , , ,0.010031,0.006987, , ,0.004408,0.016695,0.003447,0.004427,0.003086,0.003233,0.003485,0.004487, ,0.004251,0.004800,0.004035,0.003255,0.005738,0.003343,0.007315,0.003874,0.006805,0.005007,0.004497,0.002970,0.005041,0.003812,0.003159, ,0.004879,0.004609,0.003126,0.003891,0.004415,0.005271,0.028662, ,0.051500,0.004693,0.005851,0.002981,0.006640,0.005049,0.011160,0.003448,0.003436,0.004942,0.003239,0.005360, ,0.003014, ,0.005143,0.005702, ,0.014068, , ,0.007362,0.017142, , ,0.004394, , ,0.018821,0.016636,0.012847,0.003403,0.005852,0.003177,0.043040,0.003371,0.004579,0.003281, ,0.003304, , ,0.003042,0.003593, , ,0.006428, ,0.003067,0.005333, ,0.003815, ,0.004561,0.005787, ,0.006465,0.003226,0.004592,0.004157,0.004889,0.009705,0.005415,0.003348,0.005449,0.004165,0.005038, ,0.004626, ,0.005140, , , ,0.005170, , , ,0.006598,0.004618,0.003950, ,0.003905, , , ,0.010954, ,0.005308,0.010036, , , , , , , ,0.006959,0.005460, , ,0.003484, ,0.016354, ,0.006826, ,0.040240, ,0.005229, ,0.004425,0.004653, , ,0.004037,0.008351,0.005405,0.003723,0.003387,0.009956,0.004463,0.008263,0.008461,0.005304, , ,0.013590,0.005936,0.006952,0.009162,0.005761,0.004236, ,0.006355,0.004704,0.007428,0.010497, ,0.005450, , ,0.005171,0.026013,0.012862, , , ,0.004172,0.011274, , , ,0.006011,0.004462, , , , , ,0.022520,0.009197,0.003337,0.008175,0.014147,0.005509,0.017560, ,0.008067,0.005039,0.007007,0.010440,0.004511, ,0.007948,0.006021,0.026040, ,0.004061,0.003698, ,0.004841,0.010888,0.014970,0.005360,0.010065, , , , , ,0.008456, , ,0.004089,0.006957,0.004117,0.024607,0.007298, ,0.012625,0.010896, , , ,0.020970, ,0.056347,0.003580, ,0.008174, , ,0.007796,0.006436, ,0.004247,0.006700,0.006768,0.007110, ,0.009892, ,0.003796, ,0.009121,0.012069,0.005337,0.006604,0.007570, ,0.011271,0.018000,0.009878,0.006678, ,0.007686,0.007699,0.012971,0.004156,0.006648, ,0.005562, , , ,0.007949,0.010675, ,0.004978, ,0.013555, ,0.006516, , , ,0.005199,0.004512,0.004516,0.004942,0.003827,0.003914,0.003436,0.005723, , ,0.003723,0.003491, ,0.019087,0.013743,0.003836,0.004180,0.007314, , ,0.004915,0.004468, ,0.014806, , , ,0.005132, ,0.013880,0.019880, , , , , , ,0.010947, , ,0.004802,0.011160, ,0.005942, ,0.023750, ,0.012444,0.014560,0.005913,0.006220, , ,0.011342, ,0.005818, ,0.005165,0.009206,0.004718, , , ,0.011120, ,0.005012, , , , , , , , , ,0.003558,0.006349, , , , ,0.005410, , ,0.004462,0.023052,0.008220, , , , ,0.033060,0.009265,0.007907,0.004656,0.009920,0.004452, ,0.012931,0.006005,0.004062, ,0.009820,0.012107,0.003386,0.006306,0.004272,0.008123,0.008736,0.009328,0.006640,0.005757,0.011120, ,0.022280,0.006288,0.008133, ,0.016467,0.007701,0.030520,0.010407, ,0.003375,0.005448,0.003639,0.008313,0.005215,0.004459,0.014187,0.012340,0.011272, , , , ,0.004847, ,0.012576,0.007970,0.016101,0.062180,0.003570, ,0.004606,0.004155, ,0.010207,0.003779,0.012584, ,0.022067,0.007093, ,0.029280,0.016050,0.006621, , , , , ,0.012867, ,0.021880,0.032247, ,0.017153, , ,0.010543, , , , , , ,0.021424, , , , , , , , , , , , , , ,0.010517, , , ,0.003996, ,0.020033,0.005116,0.005130,0.003531,0.007106,0.004180,0.006141, , ,0.007149, , , , , , , , , , , , , , , , 
    Median ISI within Burst - Std (sec),0.001468, , , ,0.001561,0.000663,0.000513, ,0.002375, , ,0.002432, , ,0.000651, ,0.000193,0.001144,0.000451,0.001056, ,0.000200,0.000849,0.000640, ,0.000666,0.001218, ,0.000430,0.000691,0.001015,0.001025,0.001119, , ,0.001431, , , , , ,0.002282, ,0.001461, , ,0.003368, , , , , , , , , , , , , , , , , , , , , ,0.001000,0.003717, , ,0.001127,0.002012, , , , ,0.002271, , , , ,0.001847,0.003457, , , , , ,0.000566, ,0.001652, , , ,0.000865,0.001483,0.001415,0.001251, ,0.001386, ,0.001378,0.000180,0.002628, , , ,0.001672, ,0.000868, , , , , , , , , , , , , , , , ,0.002828,0.000971,0.003050, ,0.003541, ,0.002967,0.002800,0.002511,0.002837,0.001300,0.003064,0.002249,0.002477,0.002717,0.002078,0.001447,0.004376, ,0.000198,0.002735,0.001350,0.002105, , ,0.002915, ,0.002647, ,0.002402,0.003999,0.003007, ,0.000707,0.002743, ,0.058436,0.005890, ,0.002059,0.001520,0.000808,0.001282, ,0.001962, , ,0.002276, , ,0.002106,0.006873,0.002303,0.001230,0.002601, ,0.002422,0.002436,0.001426,0.001274,0.002284,0.002037,0.002526,0.007182,0.002403,0.002012,0.001294, ,0.001858,0.001439,0.000810, ,0.000940,0.001471,0.002081, ,0.004243,0.003870, ,0.000633, ,0.001934, ,0.001294,0.001433,0.002000,0.000926, ,0.001512, ,0.001350,0.000515,0.001237,0.002185,0.006145, ,0.001328, ,0.001707,0.002063,0.002041,0.002410,0.004525,0.001566,0.001661,0.001147,0.006016,0.002323,0.000754, , ,0.002806, , , ,0.006472,0.001542, ,0.002204, , , ,0.003018,0.002509, , ,0.002502,0.007789,0.000658,0.001168,0.000277,0.000317,0.000709,0.002152, ,0.000851, ,0.001023,0.000325,0.002591,0.000695,0.003210,0.001057,0.002675,0.002510,0.002910,0.000374,0.001384,0.001050,0.000518, ,0.005219,0.001388,0.001357,0.001352,0.001607,0.003615,0.033695, ,0.035816,0.001345,0.005066,0.000292,0.002206,0.003340,0.001301,0.000690,0.000530,0.002376,0.000458,0.004176, ,0.000334, ,0.002197,0.002739, ,0.003350, , ,0.001014,0.005127, , ,0.000309, , ,0.005789,0.008714,0.005148,0.000274,0.001239,0.000458,0.055098,0.000678,0.001719,0.000358, ,0.000566, , ,0.000223,0.000993, , ,0.005446, ,0.000269,0.003654, ,0.001063, ,0.001020,0.001692, ,0.001914,0.000786,0.002526,0.003918,0.000260,0.003371,0.000835,0.000687,0.006400,0.001604,0.001247, ,0.001481, ,0.001208, , , ,0.002971, , , ,0.001240,0.001178,0.001277, ,0.000529, , , ,0.006436, ,0.001177,0.004041, , , , , , , ,0.001338,0.005429, , ,0.002603, ,0.015729, ,0.005624, , , ,0.003706, ,0.002983,0.002519, , ,0.001186,0.006790,0.002211,0.001303,0.000608,0.010196,0.001345,0.001174,0.001172,0.002179, , ,0.009729,0.003581,0.004718,0.005984,0.001924,0.001205, ,0.002606,0.001478,0.002537,0.009835, ,0.002797, , ,0.004160,0.008973,0.003598, , , ,0.002494,0.006042, , , ,0.002447,0.003938, , , , , ,0.007215,0.002286,0.000561,0.004315,0.005749,0.001220,0.007968, ,0.001591,0.001635,0.001722, ,0.001287, ,0.001561,0.001509,0.005061, ,0.001435,0.000633, ,0.001290,0.003368,0.004225,0.001923,0.011539, , , , , ,0.001957, , ,0.001198,0.003774,0.000871,0.008710,0.003228, ,0.003629,0.003632, , , ,0.009022, ,0.007585,0.000916, ,0.001143, , ,0.001906,0.003009, ,0.000926,0.001921,0.002346,0.001465, ,0.001648, ,0.000882, ,0.001707,0.003950,0.001668,0.002255,0.002495, ,0.003992, ,0.002267,0.001488, ,0.001801,0.002142,0.004981,0.001356,0.003154, ,0.001926, , , ,0.004176,0.003292, ,0.001473, ,0.006157, ,0.002837, , , ,0.003437,0.001782,0.001672,0.002765,0.001353,0.001265,0.000815,0.002590, , ,0.000845,0.000862, ,0.005322,0.006723,0.001626,0.001110,0.002415, , ,0.002331,0.001383, ,0.008819, , , ,0.001635, ,0.000057,0.011786, , , , , , ,0.005658, , ,0.002014,0.003790, ,0.003219, ,0.021527, ,0.004172, ,0.001927,0.002323, , ,0.003027, ,0.002093, ,0.002120,0.003321,0.001521, , , ,0.003757, ,0.001825, , , , , , , , , ,0.000931,0.002247, , , , ,0.001962, , ,0.001710,0.035788,0.002377, , , , ,0.034365,0.004566,0.000607,0.001637,0.001598,0.002045, ,0.003407,0.002499,0.001191, ,0.004258,0.003179,0.000854,0.001815,0.001484,0.002631,0.003604,0.002229,0.002602,0.001872, , ,0.013526,0.005789,0.002243, ,0.001760,0.002861, ,0.003606, ,0.000715,0.002333,0.001099,0.004000,0.001447,0.001544,0.006920,0.002888,0.008369, , , , ,0.001815, ,0.002023,0.003790,0.010280,0.015019,0.001300, ,0.001345,0.001421, ,0.013183,0.000827,0.003613, ,0.012355,0.002110, , ,0.003778,0.002222, , , , , ,0.002686, , ,0.032387, ,0.006873, , ,0.017311, , , , , , ,0.013827, , , , , , , , , , , , , , ,0.007920, , , ,0.002061, ,0.018984,0.001903,0.000716,0.001179,0.002279,0.001217,0.002415, , ,0.003271, , , , , , , , , , , , , , , , 
    Median/Mean ISI within Burst,0.435150,0.191762, , ,0.457391,0.648331,0.772859, ,1.005014, , ,0.429359, , ,0.200576, ,0.523507,0.468259,0.385113,0.390351, ,0.586145,0.975631,0.454629, ,0.405081,0.374392, ,0.598648,0.358953,0.614098,0.387072,0.658479, , ,0.611062, , , , , ,0.432355, ,0.512146, , ,0.421919, , , , , , , , , , , , , , , , , , , , ,0.389853,0.733732,0.711196, , ,0.749709,0.617118, , , , ,0.504093, , , , ,0.861646,0.805496, , , , , ,0.947535, ,0.602350, , , ,0.408202,0.521181,0.508984,0.506355, ,0.673856, ,0.766408,0.689361,0.513548, , , ,0.556788, ,0.592454, , , , , , , , , , , , , , , , ,0.774869,0.746859,0.842458, ,0.808076, ,0.822394,0.760028,0.948127,0.912927,0.774593,0.933948,0.854856,0.974484,0.848820,0.847839,0.740360,0.803239, ,0.558423,0.932746,0.736728,0.792646, , ,0.794624, ,0.776242, ,0.778046,0.815204,0.874791, ,0.774493,0.758714, ,0.893510,0.777888, ,0.901086,0.727192,0.721893,0.763991, ,0.698357, , ,0.742172, , ,0.806464,0.688180,0.812038,0.764692,0.806796, ,0.971398,0.797435,0.781984,0.797302,0.767691,0.819318,0.682496,0.853946,0.784369,0.782601,0.821480, ,0.759067,0.791241,0.807964, ,0.809507,0.811563,0.925411, ,0.541084,0.910605, ,0.819909,0.909091,0.791856, ,0.719968,0.765881,0.843035,0.791303, ,0.821939, ,0.856695,0.817098,0.783095,0.794059,0.879267, ,0.784019, ,0.845268,0.880407,0.857592,0.822453,0.754230,0.825235,0.800777,0.801236,0.743617,0.860160,0.754178, ,0.380435,0.845173, , , ,0.728395,0.728372, ,0.728403, , , ,0.829201,0.844154, , ,0.738447,0.897277,0.743504,0.680297,0.758018,0.757449,0.795944,0.727305, ,0.750252,1.046512,0.823497,0.736269,0.702292,0.824385,0.682981,0.760395,0.752337,0.822387,0.832921,0.866997,0.862250,0.827933,0.860715, ,0.914340,0.846937,0.868950,0.844651,0.898843,0.891463,0.714535, ,0.821305,0.817353,0.776285,0.827919,0.792628,0.915474,0.816983,0.779001,0.762500,0.738350,0.761094,0.765769, ,0.830474, ,0.784514,0.672532, ,0.815973, , ,0.761868,0.699947, , ,0.731695, , ,0.740734,0.631287,0.782839,0.789908,0.631275,0.697095,1.011206,0.680862,0.745195,0.774778, ,0.713611, , ,0.771053,0.936639, , ,0.664967, ,0.821878,0.833501, ,0.858083, ,0.865519,0.838745, ,0.850765,0.846398,0.843030,0.822381,0.914597,0.836374,0.956766,0.839067,0.837774,0.790079,0.853341, ,0.825391, ,0.906859, , , ,0.806198, , , ,1.006087,0.957553,0.842766, ,0.838814, , , ,0.593800, ,0.827994,0.372666, , , , , , , ,0.893789,0.822033, , ,0.850286, ,0.865373, ,0.765028, ,0.906306, ,0.898375, ,0.833290,0.724277, , ,0.786600,0.877820,0.815262,0.779998,0.758835,0.843309,0.857012,0.863696,0.921760,0.843547, , ,0.790701,0.862420,0.867557,0.814990,0.826167,0.843981, ,0.901547,0.807592,0.824934,0.853636, ,0.855206, , ,0.899815,0.517137,0.875738, , , ,0.778512,0.781413, , , ,0.900284,0.747529, , , , , ,0.794619,0.806341,0.808403,0.780986,0.780459,0.843051,0.902188, ,0.903068,0.815924,0.906932,0.963100,0.826674, ,0.921736,0.832680,0.903975, ,0.771149,0.732019, ,0.832279,0.713297,0.719138,0.882678,0.774167, , , , , ,0.639151, , ,0.769339,0.797299,0.819882,0.856564,0.843905, ,0.744228,0.869154, , , ,0.900221, ,0.879099,0.762296, ,0.883214, , ,0.906028,0.841328, ,0.808159,0.782879,0.778621,0.917266, ,0.945391, ,0.792568, ,0.877869,0.831923,0.809873,0.884605,0.897803, ,0.778764,0.849057,0.946134,0.874074, ,0.843921,0.916691,0.828348,0.768297,0.786205, ,0.820204, , , ,0.862313,0.839094, ,0.716539, ,0.827420, ,0.740021, , , ,0.735371,0.779556,0.813927,0.784739,0.737917,0.766370,0.771148,0.774411, , ,0.769875,0.776743, ,0.633283,0.792362,0.775480,0.741976,0.825354, , ,0.774527,0.728364, ,0.789612, , , ,0.755514, ,0.812306,0.788057, , , , , , ,0.818184, , ,0.574470,0.868213, ,0.749966, ,0.773246, ,0.877754,0.326332,0.744278,0.790303, , ,0.719416, ,0.754175, ,0.757668,0.885454,0.757482, , , ,0.838748, ,0.728731, , , , , , , , , ,0.682227,0.843659, , , , ,0.745443, , ,0.741068,0.769520,0.825103, , , , ,0.966855,0.897040,0.887668,0.806429,1.045533,0.779352, ,0.916028,0.807235,0.731506, ,0.893395,0.902046,0.737139,0.840685,0.757828,0.904964,0.898357,0.900002,0.910675,0.825197,0.886762, ,0.895717,0.757288,0.891140, ,0.749358,0.706065,0.729213,0.912702, ,0.802457,0.789881,0.788418,0.824620,0.815808,0.722553,0.778072,0.777791,0.858500, , , , ,0.796299, ,0.805231,0.844067,0.834396,0.602206,0.768870, ,0.731492,0.780709, ,0.778312,0.749876,0.842720, ,0.741931,0.812967, ,0.898380,0.942490,0.844441, , , , , ,0.828823, ,0.967286,0.630306, ,0.828809, , ,0.825439, , , , , , ,0.746416, , , , , , , , , , , , , , ,0.742478, , , ,0.725036, ,0.740537,0.738714,0.802561,0.708365,0.786484,0.722118,0.842484, , ,0.761293, , , , , , , , , , , , , , , , 
    Inter-Burst Interval - Avg (sec),6.094405, , , ,6.808013,4.637731,4.464607, ,209.806800, , ,57.775911, , ,201.519440, ,3.655066,3.919599,3.700573,9.619877, ,3.632836,198.178000,3.655169, ,3.723638,57.813312, ,3.655120,3.919651,149.898160,11.727986,4.831804, , ,11.345094, , , , , ,8.156006, ,36.675499, , ,41.628425, , , , , , , , , , , , , , , , , , , , , ,3.658975,36.041180, , ,4.360019,12.530868, , , , ,6.007022, , , , ,6.718913,111.348840, , , , , ,128.988080, ,4.227186, , , ,7.059787,21.125077,12.026512,6.177708, ,289.646400, ,119.860200,2.898918,15.177341, , , ,41.410222, ,3.078254, , , , , , , , , , , , , , , , ,14.963554,5.060072,8.292121, ,8.097813, ,41.536554,4.768074,31.587258,21.295020,9.361898,28.014180,12.632020,71.071250,13.191853,14.961333,5.534639,24.982705, ,310.597360,109.555547,4.828200,7.016846, , ,19.870226, ,23.182460, ,20.164163,80.418480,25.537709, ,175.897120,12.094971, ,70.212480,16.016579, ,26.936785,4.979650,4.817302,6.890829, ,8.714340, , ,6.734223, , ,13.910869,138.083280,10.224102,8.003495,9.737899, ,57.884176,8.405774,12.701197,10.819664,40.169857,8.003856,55.884080,33.848363,86.777933,11.040232,11.941363, ,23.781412,7.223903,4.366860, ,7.775044,9.917951,95.724400, ,384.661520,51.812853, ,5.044478, ,7.521508, ,4.442005,10.821715,24.947450,5.176024, ,7.534302, ,18.726593,8.458957,3.343837,12.826515,73.081920, ,8.238650, ,19.497979,20.890754,17.204318,11.559986,44.066227,18.869030,10.832179,18.279598,29.247036,51.160224,4.241456, , ,26.588153, , , ,107.332976,7.169538, ,9.110095, , , ,47.758860,14.507157, , ,4.931760,32.249156,4.220237,4.211837,4.133408,4.133418,4.313137,4.997113, ,4.162358, ,76.973589,4.133458,8.243645,4.191636,13.935170,4.162388,7.909351,4.152674,4.798600,3.765999,19.911880,3.966835,3.838877, ,9.318275,5.362546,3.765994,3.966858,4.096852,5.042513,55.406168, ,46.061105,4.549861,6.048276,4.082356,181.516880,4.447991,340.754400,4.814365,4.110522,6.426952,4.197398,5.432758, ,4.227155, ,6.800520,12.253628, ,5.988186, , ,5.869357,9.681988, , ,5.811747, , ,8.275247,19.904148,8.515232,5.645531,5.927913,3.966659,186.317680,3.966674,5.575820,3.940305, ,3.914183, , ,3.940338,106.006768, , ,9.806489, ,3.914270,5.308458, ,3.913339, ,7.622364,8.305981, ,9.446108,3.887950,4.501871,4.370433,58.061030,7.560447,6.954835,4.246453,5.595768,4.502059,4.693930, ,4.473277, ,10.253930, , , ,5.233919, , , ,9.037888,29.691478,3.808951, ,3.518236, , , ,6.900437, ,3.761510,72.158180, , , , , , , ,13.648621,5.081223, , ,3.673353, ,30.938898, ,18.263634, , , ,6.241234, ,5.251887,4.553885, , ,4.578066,15.260199,10.627937,3.641678,3.374279,17.004752,6.399738,29.272184,23.964890,9.299301, , ,74.930446,21.353388,11.487528,27.525456,8.560398,7.476963, ,10.184011,6.868565,10.971175,26.531873, ,7.116712, , ,7.203515,175.682920,45.312053, , , ,4.275243,81.847107, , , ,48.766360,4.369818, , , , , ,43.131071,36.326514,4.792187,20.138174,110.163960,5.654060,56.087750, ,14.706014,4.706157,8.912839, ,6.002815, ,15.480526,11.534475,62.998240, ,6.702406,5.671128, ,6.702349,88.586280,82.718789,65.404160,18.989981, , , , , ,126.799160, , ,4.509175,6.119650,4.722263,99.640752,6.663452, ,61.018457,16.377414, , , ,141.434160, ,182.815360,4.543258, ,16.995496, , ,13.155533,7.608275, ,8.129181,12.516850,13.935711,9.571677, ,16.509438, ,5.298659, ,16.402775,83.269747,9.968887,10.502881,48.343440, ,61.044590, ,22.786328,9.802745, ,14.200782,20.076665,35.943667,7.001938,12.947500, ,12.079989, , , ,15.964553,32.761715, ,7.047063, ,32.154680, ,17.508797, , , ,7.343232,7.930644,4.720585,7.052903,5.855421,4.341623,3.671585,7.405450, , ,3.626836,3.685464, ,105.185056,42.167865,4.719796,7.034831,10.886806, , ,11.539770,5.839022, ,47.497013, , , ,5.457042, ,52.831760,61.920356, , , , , , ,30.872658, , ,8.766629,255.865280, ,6.746535, ,75.808526, ,20.123457, ,9.112503,10.391203, , ,15.149929, ,13.428682, ,8.206361,40.850431,7.774497, , , ,28.928951, ,4.969632, , , , , , , , , ,3.793524,12.216540, , , , ,8.620259, , ,7.825854,60.236453,20.838904, , , , ,470.814880,36.557355,42.109800,8.095579,163.143880,7.746059, ,61.844920,14.816874,5.189069, ,39.956991,171.322120,4.590283,11.869122,7.607116,21.561341,22.828727,26.873958,144.353840,16.114332, , ,61.983109,8.752934,16.734080, ,206.840960,21.468858, ,82.725904, ,8.114494,14.223946,4.974375,32.409445,11.212872,5.884688,15.979560,64.980606,29.800587, , , , ,10.836609, ,82.801940,47.322811,22.654140,314.597360,4.123758, ,11.343156,7.559957, ,54.267848,5.634313,51.582356, ,164.642280,9.376930, , ,66.322777,8.742998, , , , , ,204.391440, , ,114.038912, ,42.768576, , ,35.853865, , , , , , ,140.689020, , , , , , , , , , , , , , ,45.063633, , , ,5.299877, ,95.627824,7.968124,160.911867,4.085786,17.506172,5.896393,8.400481, , ,14.090340, , , , , , , , , , , , , , , , 
    Inter-Burst Interval - Std (sec),3.513307, , , ,4.382980,1.574530,1.743978, ,289.455123, , ,44.406275, , , , ,0.912011,1.391369,1.009236,7.774241, ,0.949900, ,0.912138, ,1.051996,57.525644, ,0.912216,1.329648,192.176126,9.639720,2.307299, , ,16.632434, , , , , ,7.119922, ,44.538661, , ,37.700046, , , , , , , , , , , , , , , , , , , , , ,1.103962,24.594933, , ,3.298928,13.326696, , , , ,4.387242, , , , ,4.434815,90.657821, , , , , , , ,2.505882, , , ,6.178576,13.996692,7.712624,4.191098, , , ,34.476320,1.048456,13.267450, , , ,61.056999, ,1.070334, , , , , , , , , , , , , , , , ,15.159746,3.020372,6.153536, ,5.652328, ,41.646658,2.627759,35.597790,22.847404,8.644002,21.937510,8.775777,101.184467,11.377978,14.993465,4.182361,15.188527, , ,113.487743,3.355414,5.690130, , ,15.853340, ,16.833744, ,10.432690,94.808749,22.269259, , ,9.158607, ,35.584894,11.179868, ,21.373901,2.836792,2.706934,4.547874, ,6.931089, , ,3.209269, , ,10.063484, ,7.867971,4.846813,6.446446, ,54.985274,5.445229,10.060508,8.651532,24.188561,5.638038,41.715141,22.518004,42.667086,7.303276,8.442096, ,19.973800,3.633971,2.454118, ,4.973803,7.015566,60.028269, , ,55.657928, ,2.738085, ,4.294829, ,2.391852,7.184501,20.642909,3.160940, ,4.149861, ,14.852686,4.543266,1.841116,9.721340,38.648297, ,5.331586, ,13.673364,15.834501,11.876745,7.747106,64.768489,17.125660,8.478714,14.796677,24.401403,59.035243,2.642943, , ,23.542441, , , ,54.984242,4.523602, ,7.091167, , , ,59.169739,12.327525, , ,2.664046,26.006112,2.165432,2.213170,2.147010,2.146658,2.218200,3.094010, ,2.141962, ,58.934118,2.145977,6.082097,2.272685,11.444704,2.145849,5.403163,2.177998,2.788908,1.981432,15.595944,2.380466,1.970927, ,9.064010,3.825067,1.996672,2.035109,2.462191,3.340761,38.119737, ,23.919157,2.105137,4.018823,2.115127, ,2.081279, ,2.564340,2.128702,3.915723,2.106626,3.060653, ,2.080958, ,5.116042,10.865426, ,1.734128, , ,1.796018,6.050905, , ,1.855548, , ,4.824578,18.694972,3.788757,2.012901,1.740098,1.924658, ,1.893283,3.691455,1.910721, ,1.891329, , ,1.921006,131.605627, , ,8.062023, ,1.894304,2.815837, ,1.914301, ,5.032386,4.927070, ,8.174190,1.913717,1.942009,1.896736,38.740119,5.025835,4.659305,1.825136,3.154422,1.852380,2.219840, ,2.287788, ,8.175648, , , ,2.872320, , , ,6.552609,23.715618,1.484780, ,1.297330, , , ,4.221553, ,1.448075,46.641375, , , , , , , ,9.505449,2.388358, , ,1.457812, ,26.250205, ,12.383733, , , ,3.817451, ,3.113622,2.581135, , ,2.751211,10.077127,6.153860,1.758591,1.818771,11.364240,3.199930,15.426349,14.797279,7.328102, , ,54.297929,17.408094,7.609983,19.360662,4.742458,3.762425, ,5.147711,3.527149,6.157349,19.437077, ,3.470381, , ,3.673600,195.126116,31.572771, , , ,1.808347,69.194633, , , ,36.921307,1.742417, , , , , ,48.329495,21.484480,2.259869,12.644725,109.079480,2.904799,45.161664, ,10.369032,2.326698,5.123074, ,2.737746, ,11.840681,7.002532,51.299859, ,3.666979,2.225764, ,3.815134,104.013351,30.403413, ,14.298249, , , , , ,53.782406, , ,2.115610,2.956940,2.065807,48.135724,4.606341, ,67.681757,12.486128, , , ,120.075837, ,31.736197,2.089000, ,7.336865, , ,9.917074,2.991707, ,3.666173,6.449505,11.813229,4.436543, ,8.425898, ,2.097322, ,7.384240,26.030691,5.387355,5.410084,41.272052, ,28.188723, ,18.757366,4.830513, ,6.387508,14.530061,43.745973,3.993450,8.039446, ,7.674305, , , ,11.272025,23.959044, ,3.640196, ,28.371826, ,15.839348, , , ,4.445332,4.444161,2.330517,4.146412,2.921260,1.969603,1.645575,4.612693, , ,1.622568,1.544848, ,43.190557,20.906948,2.309621,4.121512,5.662981, , ,7.494969,3.297345, ,28.785582, , , ,2.970478, , ,70.668693, , , , , , ,25.310925, , ,5.747446, , ,3.321308, ,58.692846, ,15.070979, ,5.198192,6.650293, , ,9.961603, ,11.142011, ,4.539801,30.235020,4.466994, , , ,21.760727, ,3.353068, , , , , , , , , ,2.260933,12.638180, , , , ,4.810986, , ,3.657070,44.744751,11.186624, , , , , ,23.070799,4.420322,4.800413,26.963565,5.670214, ,43.800637,10.537037,2.951357, ,38.833067,179.644211,3.138038,9.392866,4.905996,14.303585,15.115967,27.659678, ,14.625520, , ,55.243395,5.383455,15.177431, ,6.107706,21.918284, ,57.787720, ,5.588554,11.738361,2.786592,25.693172,7.009332,3.744783,8.805176,59.690400,20.905176, , , , ,7.678418, ,141.485050,66.407433,67.097494, ,2.078672, ,7.684947,4.268748, ,51.718894,2.433780,43.655269, ,142.361808,4.788871, , ,73.276941,5.587042, , , , , ,105.905249, , ,101.501033, ,27.869352, , ,23.084921, , , , , , ,81.769538, , , , , , , , , , , , , , ,35.381349, , , ,3.164320, ,55.152309,6.529768,96.795123,2.655722,15.587479,3.983098,5.657427, , ,10.617137, , , , , , , , , , , , , , , , 
    Burst Frequency (Hz),0.155000,0.001667, , ,0.146667,0.216667,0.225000, ,0.005000, , ,0.016667, , ,0.003333, ,0.273333,0.255000,0.270000,0.103333, ,0.275000,0.003333,0.273333, ,0.268333,0.018333, ,0.273333,0.255000,0.006667,0.076667,0.206667, , ,0.088333, , , , , ,0.120000, ,0.026667, , ,0.023333, , , , , , , , , , , , , , , , , , , , ,0.001667,0.271667,0.015000, , ,0.223333,0.080000, , , , ,0.165000, , , , ,0.148333,0.005000, , , , , ,0.003333, ,0.235000, , , ,0.140000,0.045000,0.081667,0.161667, ,0.003333, ,0.005000,0.345000,0.065000, , , ,0.023333, ,0.325000, , , , , , , , , , , , , , , , ,0.065000,0.195000,0.118333, ,0.123333, ,0.023333,0.208333,0.031667,0.041667,0.105000,0.035000,0.075000,0.015000,0.075000,0.065000,0.180000,0.038333, ,0.003333,0.006667,0.206667,0.140000, , ,0.048333, ,0.041667, ,0.040000,0.010000,0.038333, ,0.003333,0.083333, ,0.005000,0.063333, ,0.038333,0.200000,0.208333,0.145000, ,0.115000, , ,0.148333, , ,0.071667,0.003333,0.093333,0.123333,0.101667, ,0.010000,0.120000,0.078333,0.091667,0.025000,0.123333,0.008333,0.023333,0.011667,0.090000,0.083333, ,0.040000,0.136667,0.225000, ,0.126667,0.100000,0.010000, ,0.003333,0.011667, ,0.195000,0.001667,0.131667, ,0.225000,0.093333,0.040000,0.193333, ,0.133333, ,0.050000,0.116667,0.298333,0.078333,0.015000, ,0.120000, ,0.051667,0.048333,0.058333,0.086667,0.021667,0.053333,0.091667,0.055000,0.035000,0.018333,0.233333, ,0.001667,0.038333, , , ,0.010000,0.138333, ,0.110000, , , ,0.021667,0.070000, , ,0.203333,0.031667,0.235000,0.235000,0.241667,0.241667,0.231667,0.198333, ,0.240000,0.001667,0.013333,0.241667,0.120000,0.238333,0.071667,0.240000,0.125000,0.238333,0.208333,0.265000,0.048333,0.251667,0.260000, ,0.103333,0.178333,0.265000,0.251667,0.241667,0.198333,0.018333, ,0.020000,0.220000,0.161667,0.245000,0.003333,0.225000,0.003333,0.206667,0.243333,0.151667,0.238333,0.183333, ,0.236667, ,0.145000,0.081667, ,0.166667, , ,0.170000,0.101667, , ,0.171667, , ,0.120000,0.046667,0.116667,0.176667,0.168333,0.250000,0.003333,0.250000,0.178333,0.251667, ,0.253333, , ,0.251667,0.010000, , ,0.100000, ,0.253333,0.188333, ,0.256667, ,0.131667,0.120000, ,0.083333,0.258333,0.223333,0.230000,0.015000,0.131667,0.143333,0.236667,0.180000,0.216667,0.211667, ,0.216667, ,0.095000, , , ,0.190000, , , ,0.108333,0.030000,0.261667, ,0.285000, , , ,0.145000, ,0.266667,0.015000, , , , , , , ,0.065000,0.195000, , ,0.273333, ,0.031667, ,0.048333, ,0.001667, ,0.158333, ,0.191667,0.220000, , ,0.218333,0.066667,0.095000,0.275000,0.296667,0.060000,0.156667,0.035000,0.041667,0.108333, , ,0.013333,0.045000,0.085000,0.035000,0.116667,0.133333, ,0.098333,0.145000,0.086667,0.038333, ,0.140000, , ,0.138333,0.005000,0.021667, , , ,0.233333,0.011667, , , ,0.018333,0.228333, , , , , ,0.023333,0.025000,0.208333,0.050000,0.005000,0.176667,0.015000, ,0.068333,0.210000,0.111667,0.001667,0.165000, ,0.065000,0.086667,0.011667, ,0.148333,0.175000, ,0.148333,0.008333,0.013333,0.003333,0.051667, , , , , ,0.008333, , ,0.223333,0.165000,0.213333,0.010000,0.151667, ,0.013333,0.058333, , , ,0.006667, ,0.005000,0.221667, ,0.058333, , ,0.073333,0.131667, ,0.123333,0.078333,0.070000,0.105000, ,0.060000, ,0.188333, ,0.060000,0.011667,0.100000,0.095000,0.020000, ,0.015000,0.001667,0.036667,0.101667, ,0.070000,0.050000,0.011667,0.141667,0.075000, ,0.083333, , , ,0.058333,0.028333, ,0.141667, ,0.028333, ,0.053333, , , ,0.136667,0.126667,0.211667,0.141667,0.171667,0.230000,0.271667,0.135000, , ,0.275000,0.271667, ,0.010000,0.023333,0.211667,0.140000,0.090000, , ,0.085000,0.168333, ,0.021667, , , ,0.180000, ,0.003333,0.016667, , , , , , ,0.031667, , ,0.113333,0.003333, ,0.148333, ,0.013333, ,0.050000,0.001667,0.110000,0.096667, , ,0.061667, ,0.075000, ,0.121667,0.023333,0.128333, , , ,0.031667, ,0.198333, , , , , , , , , ,0.263333,0.081667, , , , ,0.115000, , ,0.128333,0.016667,0.046667, , , , ,0.003333,0.026667,0.005000,0.121667,0.005000,0.128333, ,0.011667,0.065000,0.193333, ,0.023333,0.005000,0.218333,0.083333,0.131667,0.043333,0.041667,0.033333,0.003333,0.058333,0.001667, ,0.013333,0.110000,0.058333, ,0.005000,0.045000,0.001667,0.010000, ,0.123333,0.068333,0.201667,0.030000,0.086667,0.166667,0.005000,0.013333,0.031667, , , , ,0.086667, ,0.008333,0.013333,0.028333,0.003333,0.241667, ,0.086667,0.133333, ,0.018333,0.178333,0.016667, ,0.005000,0.106667, ,0.001667,0.013333,0.115000, , , , , ,0.005000, ,0.001667,0.010000, ,0.010000, , ,0.023333, , , , , , ,0.008333, , , , , , , , , , , , , , ,0.021667, , , ,0.188333, ,0.010000,0.125000,0.006667,0.245000,0.056667,0.168333,0.118333, , ,0.070000, , , , , , , , , , , , , , , , 
    IBI Coefficient of Variation,0.576481, , , ,0.643797,0.339504,0.390623, ,1.379627, , ,0.768595, , , , ,0.249520,0.354977,0.272724,0.808144, ,0.261476, ,0.249547, ,0.282518,0.995024, ,0.249572,0.339226,1.282045,0.821942,0.477523, , ,1.466046, , , , , ,0.872967, ,1.214398, , ,0.905632, , , , , , , , , , , , , , , , , , , , , ,0.301713,0.682412, , ,0.756632,1.063509, , , , ,0.730352, , , , ,0.660050,0.814178, , , , , , , ,0.592802, , , ,0.875179,0.662563,0.641302,0.678423, , , ,0.287638,0.361672,0.874162, , , ,1.474443, ,0.347708, , , , , , , , , , , , , , , , ,1.013111,0.596903,0.742094, ,0.698007, ,1.002651,0.551116,1.126967,1.072899,0.923317,0.783086,0.694725,1.423705,0.862500,1.002148,0.755670,0.607962, , ,1.035892,0.694962,0.810924, , ,0.797844, ,0.726141, ,0.517388,1.178942,0.872015, , ,0.757224, ,0.506817,0.698018, ,0.793484,0.569677,0.561919,0.659989, ,0.795366, , ,0.476561, , ,0.723426, ,0.769551,0.605587,0.661996, ,0.949919,0.647796,0.792091,0.799612,0.602157,0.704415,0.746458,0.665261,0.491681,0.661515,0.706962, ,0.839891,0.503048,0.561987, ,0.639714,0.707360,0.627095, , ,1.074211, ,0.542789, ,0.571006, ,0.538462,0.663897,0.827456,0.610689, ,0.550796, ,0.793133,0.537095,0.550600,0.757910,0.528835, ,0.647143, ,0.701271,0.757967,0.690335,0.670166,1.469799,0.907607,0.782734,0.809464,0.834321,1.153929,0.623122, , ,0.885449, , , ,0.512277,0.630947, ,0.778386, , , ,1.238927,0.849755, , ,0.540182,0.806412,0.513107,0.525464,0.519428,0.519342,0.514289,0.619159, ,0.514603, ,0.765641,0.519172,0.737792,0.542195,0.821282,0.515533,0.683136,0.524481,0.581192,0.526137,0.783248,0.600092,0.513412, ,0.972713,0.713293,0.530184,0.513028,0.600996,0.662519,0.688005, ,0.519292,0.462682,0.664458,0.518114, ,0.467914, ,0.532643,0.517866,0.609266,0.501889,0.563370, ,0.492283, ,0.752302,0.886711, ,0.289592, , ,0.305999,0.624965, , ,0.319275, , ,0.583013,0.939250,0.444939,0.356548,0.293543,0.485209, ,0.477297,0.662047,0.484917, ,0.483199, , ,0.487523,1.241483, , ,0.822111, ,0.483948,0.530444, ,0.489173, ,0.660213,0.593195, ,0.865350,0.492218,0.431378,0.433993,0.667231,0.664754,0.669938,0.429802,0.563716,0.411452,0.472917, ,0.511434, ,0.797318, , , ,0.548790, , , ,0.725016,0.798735,0.389813, ,0.368744, , , ,0.611780, ,0.384972,0.646377, , , , , , , ,0.696440,0.470036, , ,0.396861, ,0.848453, ,0.678054, , , ,0.611650, ,0.592858,0.566799, , ,0.600955,0.660354,0.579027,0.482907,0.539010,0.668298,0.500010,0.526997,0.617457,0.788027, , ,0.724644,0.815238,0.662456,0.703373,0.554000,0.503202, ,0.505470,0.513521,0.561230,0.732593, ,0.487638, , ,0.509973,1.110672,0.696785, , , ,0.422981,0.845413, , , ,0.757106,0.398739, , , , , ,1.120526,0.591427,0.471574,0.627898,0.990156,0.513754,0.805197, ,0.705088,0.494395,0.574797, ,0.456077, ,0.764876,0.607096,0.814306, ,0.547114,0.392473, ,0.569223,1.174147,0.367551, ,0.752936, , , , , ,0.424154, , ,0.469179,0.483188,0.437461,0.483093,0.691284, ,1.109201,0.762399, , , ,0.848988, ,0.173597,0.459802, ,0.431695, , ,0.753833,0.393218, ,0.450989,0.515266,0.847695,0.463507, ,0.510369, ,0.395821, ,0.450182,0.312607,0.540417,0.515105,0.853726, ,0.461773, ,0.823185,0.492771, ,0.449800,0.723729,1.217070,0.570335,0.620927, ,0.635291, , , ,0.706066,0.731312, ,0.516555, ,0.882354, ,0.904651, , , ,0.605365,0.560378,0.493692,0.587901,0.498898,0.453656,0.448192,0.622878, , ,0.447378,0.419173, ,0.410615,0.495803,0.489348,0.585872,0.520169, , ,0.649490,0.564709, ,0.606050, , , ,0.544338, , ,1.141284, , , , , , ,0.819849, , ,0.655605, , ,0.492298, ,0.774225, ,0.748926, ,0.570446,0.639993, , ,0.657535, ,0.829717, ,0.553205,0.740140,0.574570, , , ,0.752213, ,0.674712, , , , , , , , , ,0.595998,1.034514, , , , ,0.558102, , ,0.467306,0.742818,0.536814, , , , , ,0.631085,0.104971,0.592967,0.165275,0.732013, ,0.708233,0.711151,0.568764, ,0.971872,1.048576,0.683626,0.791370,0.644922,0.663390,0.662147,1.029237, ,0.907609, , ,0.891265,0.615046,0.906977, ,0.029529,1.020934, ,0.698544, ,0.688713,0.825254,0.560189,0.792768,0.625115,0.636361,0.551027,0.918588,0.701502, , , , ,0.708563, ,1.708717,1.403286,2.961820, ,0.504072, ,0.677496,0.564652, ,0.953030,0.431957,0.846322, ,0.864673,0.510708, , ,1.104853,0.639030, , , , , ,0.518149, , ,0.890056, ,0.651632, , ,0.643861, , , , , , ,0.581208, , , , , , , , , , , , , , ,0.785142, , , ,0.597055, ,0.576739,0.819486,0.601541,0.649990,0.890399,0.675514,0.673465, , ,0.753505, , , , , , , , , , , , , , , , 
    Normalized Duration IQR,0.075513, , , ,0.148826,0.270760,0.058252, , , , ,1.175533, , , , ,0.000000,0.146089,0.143946,0.219968, ,0.134111, ,0.147902, ,0.076576,0.076156, ,0.070612,0.155725,0.845440,0.244544,0.158587, , ,0.719110, , , , , ,0.565081, ,0.757824, , ,1.222721, , , , , , , , , , , , , , , , , , , , , ,0.184550,0.075286, , ,0.142188,0.562150, , , , ,0.173424, , , , ,0.247773, , , , , , , , ,0.243276, , , ,0.161296,0.322695,0.141705,0.810396, , , , ,0.638756,0.236382, , , ,0.863826, ,0.648317, , , , , , , , , , , , , , , , ,0.691299,0.638393,0.490206, ,1.116477, ,0.566177,0.592308,0.531317,0.363208,0.424633,0.211360,0.189297,0.144153,0.529443,0.248511,0.466667,0.676352, , ,0.151851,0.483575,0.573705, , ,0.488134, ,0.186198, ,0.497845,0.149136,0.637310, , ,0.668225, , ,0.643869, ,0.569398,0.503775,0.493590,0.409575, ,0.389798, , ,0.423674, , ,0.172586, ,0.451715,0.334112,0.433459, ,7.670506,0.282609,0.333223,0.181868,0.206477,0.144821,0.188441,0.242022,0.444100,0.356228,0.346367, ,0.192500,0.456939,0.362157, ,0.412614,0.197203,0.000000, , ,1.114700, ,0.575729, ,0.000000, ,0.566177,0.576613,0.000000,0.314978, ,0.192648, ,0.412954,0.696429,0.573092,0.543235,0.588978, ,0.466305, ,0.149136,0.178750,0.187033,0.146004,0.000000,0.253932,0.326272,0.385594,0.274397,0.444758,0.418479, , ,0.145494, , , ,0.295455,0.757187, ,0.786244, , , ,1.452129,0.638393, , ,0.711443,0.492065,0.554469,0.268797,0.244147,0.217420,1.132354,1.044886, ,0.230009, ,0.000000,0.218368,0.857021,0.310484,0.747760,0.739510,0.870941,0.000000,0.000000,0.000000,0.408906,0.000000,0.000000, ,0.000000,0.000000,0.225451,0.000000,0.000000,0.000000,5.967433, ,0.303951,0.219133,0.610366,0.186198, ,0.320013, ,0.000000,0.205798,0.285674,0.435976,0.565537, ,0.296505, ,0.000000,3.316570, ,0.243198, , ,0.355686,0.342297, , ,0.324094, , ,0.258470,0.707171,1.450232,0.360377,0.323154,0.118378, ,0.627194,1.386428,0.113441, ,0.607699, , ,0.000000,0.000000, , ,0.569722, ,0.000000,0.232575, ,0.287314, ,0.000000,0.238107, ,0.214439,0.000000,0.000000,0.000000,0.306679,0.630353,0.000000,0.000000,0.000000,0.000000,0.236531, ,0.222445, ,0.000000, , , ,0.230645, , , ,0.000000,0.000000,0.263977, ,0.331897, , , ,1.323466, ,0.297386,0.118535, , , , , , , ,0.396593,0.558594, , ,0.388587, ,72.138465, ,0.719110, , , ,0.000000, ,0.000000,0.625939, , ,0.504537,0.425837,0.594890,0.697076,0.521717,0.610739,0.600121,0.281496,0.817048,0.753766, , ,0.556112,0.000000,0.503522,7.645120,0.202796,0.000000, ,0.283089,0.156406,0.203787,0.000000, ,0.239245, , ,0.000000, ,6.400493, , , ,0.180296,0.772377, , , ,0.644975,0.602529, , , , , ,3.894330,0.605444,0.310099,0.175245, ,0.301688,0.824276, ,0.356482,0.496528,0.297917, ,0.510715, ,0.491973,0.158386,2.113438, ,0.512808,0.799011, ,0.462855,0.168405,0.849139, ,0.695140, , , , , ,0.322487, , ,0.446610,0.518474,0.426321,0.737295,0.339553, ,1.228570,0.812501, , , ,0.057648, , ,0.537018, ,0.432585, , ,0.205629,0.421297, ,0.555289,0.716024,0.761797,0.653736, ,0.465495, ,0.532447, ,0.482643,0.225248,0.257459,0.286000,0.652543, ,0.000000, ,0.485609,0.118940, ,0.269957,0.423794,4.134090,0.534152,0.458334, ,0.210471, , , ,0.763734,0.585244, ,0.429983, ,0.533355, ,0.387234, , , ,0.325212,0.187033,0.355975,0.333223,0.400400,0.644975,0.603497,0.368557, , ,0.914657,0.719110, ,1.816479,1.295962,0.662038,0.272307,0.287149, , ,0.545604,0.403196, ,0.000000, , , ,0.762958, , ,1.233399, , , , , , ,6.084066, , ,0.582655, , ,0.552429, ,1.906338, ,0.296388, ,0.559844,0.339092, , ,0.451987, ,0.529443, ,0.342184,0.171993,0.417084, , , ,0.533583, ,0.320560, , , , , , , , , ,0.674893,0.000000, , , , ,0.432460, , ,0.389394,3.803195,0.587166, , , , , ,0.933770, ,0.390406, ,0.515626, ,1.033238,0.325847,0.437246, ,0.322904, ,0.589518,0.369646,0.453352,0.153905,0.471577,0.262730, ,0.207504, , ,1.571810,0.521626,0.344223, , ,0.832087, ,0.606562, ,0.693855,0.188158,0.428511,0.401042,0.523536,0.369373, ,0.000000,0.859966, , , , ,0.559844, ,4.859228,1.463452,0.598685, ,0.593010, ,0.596307,0.772377, ,1.620792,0.319604,0.275454, , ,0.147293, , ,0.745744,0.368557, , , , , , , , ,8.951496, ,0.920038, , ,0.637580, , , , , , ,0.944218, , , , , , , , , , , , , , ,0.871518, , , ,1.082397, ,3.361815,0.430971,0.000000,0.887412,0.495790,0.480634,0.457775, , ,0.454725, , , , , , , , , , , , , , , , 
    Burst Percentage,79.694656,2.054795,0.000000,0.000000,73.427152,97.650812,99.928893,0.000000,4.456825, ,0.000000,11.413748, , ,2.654867,0.000000,98.226164,95.258416,99.387677,43.604651,0.000000,95.608948,2.255639,99.925122,0.000000,97.509881,10.101010,0.000000,99.781361,94.484070,5.854801,34.908789,78.872404,0.000000,0.000000,36.802030, ,0.000000,0.000000,0.000000,0.000000,56.022409,0.000000,13.318284, ,0.000000,13.249516,0.000000, ,0.000000, , , , ,0.000000, , ,0.000000,0.000000, , , , ,0.000000,0.000000, , ,4.454343,95.172246,8.041958, , ,87.082885,36.044521, , ,0.000000,0.000000,68.729427,0.000000,0.000000, , ,60.597303,4.438642, , , , ,0.000000,2.137405, ,82.844244,0.000000, , ,53.029357,20.695364,33.941094,55.727003,0.000000,2.290076,0.000000,3.505155,99.473397,25.219743, , ,0.000000,10.261375,0.000000,96.735075, , ,0.000000, , , , , ,0.000000, , , , , , , ,40.187793,70.089767,48.527413,0.000000,47.960526,0.000000,30.936819,67.704977,52.424242,57.938719,27.184959,46.909091,55.817378,19.804401,52.158273,43.268338,61.393070,30.931677, ,45.205479,5.473684,67.853766,48.929421,0.000000, ,42.366864, ,34.754098, ,39.543726,34.500000,34.545455,0.000000,13.432836,53.201970,0.000000,7.356948,30.722279, ,60.689655,65.725289,71.842267,74.202247,0.000000,55.146667,0.000000,0.000000,70.947266,0.000000,0.000000,59.006211,28.378378,58.342304,59.413754,48.501665,0.000000,37.083333,54.071315,53.702319,56.383822,35.313531,56.172475,4.923599,36.236934,22.842640,41.612378,51.914099, ,29.581530,62.016245,77.319945, ,63.655031,53.461876,18.461538,0.000000,9.195402,30.357143, ,73.792557,1.298701,67.575758, ,73.076923,28.086296,60.836502,78.026906, ,62.783751, ,33.098592,67.823344,86.092033,49.887387,19.431280,0.000000,36.450760,0.000000,38.966631,42.598684,33.609100,45.021916,16.317365,37.649063,35.580975,22.810734,27.538071,28.658537,63.364293,0.000000,6.299213,31.465517, ,0.000000, ,6.216931,40.492404, ,37.945257, , , ,30.655130,27.997565,0.000000,0.000000,76.329882,38.910506,98.067010,96.749882,98.331479,99.000513,95.829428,86.785449,0.000000,97.878788,2.898551,9.903382,98.966340,66.812609,97.631308,56.616052,96.310116,64.104967,93.898305,87.523749,99.164678,27.807487,95.888594,97.221220,0.000000,47.630923,81.991525,98.121212,97.048193,94.801565,85.744833,24.489796,0.000000,32.418525,93.304130,78.691275,98.335501,3.875969,95.523371,97.872340,93.527346,96.284635,80.594550,95.875937,84.855582,0.000000,96.791667, ,76.923077,63.906250, ,92.766151, ,0.000000,97.532557,70.276498, , ,97.428247,0.000000, ,77.436946,34.648582,79.479769,94.409734,95.228571,97.486975,5.741627,81.925055,79.436153,95.329741, ,98.099302, , ,99.153215,9.293680,0.000000, ,51.394850,0.000000,97.573464,84.640103,0.000000,97.304705,0.000000,80.182002,55.911824,0.000000,44.579781,98.080542,93.264781,92.724196,53.211009,64.504820,79.328165,94.830597,77.545692,78.689705,72.703752, ,73.752103,0.000000,40.044248,0.000000, , ,68.184693,0.000000,0.000000, ,54.828974,14.947683,86.740331, ,96.888412, ,0.000000, ,59.425423, ,94.754371,10.682493, , ,0.000000, ,0.000000, , ,45.978756,77.686852, , ,88.949772,0.000000,27.148847, ,31.525424, ,3.546099,0.000000,71.126280, ,76.377491,78.132118, ,0.000000,72.382851,39.940828,59.429825,77.463993,80.273438,48.484848,69.388921,33.333333,50.873786,63.383417,0.000000, ,11.853088,20.111111,70.254403,55.200000,89.988221,97.019658,0.000000,83.977901,99.001996,77.458396,44.985673, ,96.903097,0.000000, ,96.909765,16.814159,55.574913, ,0.000000,0.000000,80.303030,15.037594, ,0.000000, ,15.071770,88.011840,0.000000, ,0.000000, , ,45.230999,30.606061,89.581720,43.429487,14.189189,81.981982,35.263158, ,63.362832,83.022774,78.190476,1.519757,76.328248,0.000000,78.236398,71.923077,17.328520,0.000000,76.049767,80.088889, ,77.662480,11.764706,16.320000,4.347826,30.769231, , , , , ,9.809264, , ,95.618098,80.633549,94.510582,42.718447,74.411048, ,31.250000,34.912718,0.000000,0.000000, ,16.374269,0.000000,8.906883,96.561404,0.000000,71.994135, , ,48.917197,79.438596,0.000000,81.692308,62.054795,45.506419,68.925234, ,52.142857,0.000000,84.806776, ,70.136519,42.063492,67.479056,77.098446,33.689840, ,26.794258,8.928571,41.362530,60.071174,0.000000,50.617284,61.845387,17.579251,71.880998,48.042169, ,67.518703, , , ,63.480742,50.481696,0.000000,79.558011, ,44.352617, ,68.041237,0.000000, , ,64.463705,69.736842,79.246828,74.080772,77.639442,82.420635,87.232620,59.303882,0.000000, ,85.598660,87.784868, ,23.529412,33.118971,81.892021,81.650864,62.762431, ,0.000000,82.210928,81.364073, ,23.417722, ,0.000000, ,74.417249,0.000000,38.285714,26.950355, , , ,0.000000,0.000000, ,50.442478, , ,71.346470,3.492063, ,79.099099, ,40.932642, ,57.328016,7.547170,53.857907,55.432596,0.000000, ,59.735974, ,51.817238, ,66.858790,26.602564,65.422171, , , ,56.168831,0.000000,63.938462, , , , , ,0.000000,0.000000, , ,72.938572,56.496631, , ,0.000000, ,57.352941, , ,50.741740,30.180180,45.179063,0.000000, , ,0.000000,11.971831,20.761905,4.804805,52.965599,12.765957,75.092937, ,14.029364,67.828843,69.665363,0.000000,36.526946,50.574713,73.182121,42.176871,67.463557,21.631879,39.159664,34.382022,2.405498,42.689295,1.607717,0.000000,13.442623,54.138565,60.158730,0.000000,22.303922,34.450652,12.500000,30.584192,0.000000,67.813268,60.748960,73.025516,32.592593,52.732871,69.456763,20.588235,17.910448,34.917355,0.000000, , , ,59.749035,0.000000,49.367089,20.576923,62.099125,8.211144,71.180348, ,35.892222,69.600000,0.000000,19.373219,78.991597,29.500000,0.000000,15.654952,74.197002,0.000000,5.714286,26.218097,63.837994,0.000000,0.000000,0.000000,0.000000, ,7.788945, ,5.263158,20.711974,0.000000,20.000000,0.000000, ,16.090426,0.000000, , ,0.000000,0.000000, ,62.295082, ,0.000000, , , , , , , , , , , , ,13.731343,0.000000, ,0.000000,61.455526, ,7.681366,52.259560,3.101604,63.692480,26.688525,61.512174,50.398180,0.000000, ,41.728625, , , , , , , , , , , , , , , , 

