AxIS Spike File,O:\TOX\NTX\Users\Arjun\201210_LvM_256136_1298-19_MEA_rCortex_Lindane_baseline_male_DIV10(000)_Spike Detector (7 x STD)(000).spk
File Type,48-well

Analysis Start,1200.000000
Analysis End,1800.000000
Active Electrode Criterion (spks/min),
Remove Coincident Artifacts,True

Electrode Burst Settings,
    Algorithm,Poisson Surprise,
    Min Surprise,10.000000

Network Burst Settings,
    Algorithm,ISI Threshold,Adaptive,
    Min # of Spikes,40.000000
    Min # of Electrodes (%),15.000000
Synchrony Settings,
    Synchrony Window,20.000000

Average Network Burst Analysis Settings,
    Number of network bursts vary by well
    Network Burst Window Start (ms),0.000000
    Network Burst Window End (ms),100.000000
    Bin Size (ms),1.000000

Well Averages,A1,A2,A3,A4,A5,A6,A7,A8,B1,B2,B3,B4,B5,B6,B7,B8,C1,C2,C3,C4,C5,C6,C7,C8,D1,D2,D3,D4,D5,D6,D7,D8,E1,E2,E3,E4,E5,E6,E7,E8,F1,F2,F3,F4,F5,F6,F7,F8,
Treatment/ID,,,,,,,,,,,,,,,,,,,,,,,,,,,,,,,,,,,,,,,,,,,,,,,,
Activity Metrics
    Number of Spikes,7630.000000,18686.000000,6842.000000,2276.000000,6855.000000,4360.000000,11156.000000,934.000000,17071.000000,11449.000000,14372.000000,9853.000000,9927.000000,15867.000000,12771.000000,11170.000000,13107.000000,11027.000000,9805.000000,6487.000000,13822.000000,9161.000000,4783.000000,2387.000000,12019.000000,11561.000000,3972.000000,3561.000000,8083.000000,4807.000000,8429.000000,3689.000000,8456.000000,5024.000000,18303.000000,8794.000000,4010.000000,6863.000000,6840.000000,6961.000000,12688.000000,8069.000000,7375.000000,9988.000000,2164.000000,112.000000,14038.000000,2.000000
    Mean Firing Rate (Hz),0.794792,1.946458,0.712708,0.237083,0.714063,0.454167,1.162083,0.097292,1.778229,1.192604,1.497083,1.026354,1.034063,1.652813,1.330313,1.163542,1.365312,1.148646,1.021354,0.675729,1.439792,0.954271,0.498229,0.248646,1.251979,1.204271,0.413750,0.370937,0.841979,0.500729,0.878021,0.384271,0.880833,0.523333,1.906562,0.916042,0.417708,0.714896,0.712500,0.725104,1.321667,0.840521,0.768229,1.040417,0.225417,0.011667,1.462292,0.000208
    ISI Coefficient of Variation - Avg,2.010823,1.772446,1.854746,1.871469,1.911216,1.801827,1.935299,3.022832,1.866270,2.392536,2.287154,2.257645,2.334135,2.485848,1.945155,2.340700,2.100084,1.977651,2.283128,2.329801,2.689872,2.223886,1.830092,2.613568,2.172204,1.926569,2.086722,2.226609,2.050777,1.834727,2.317839,1.948678,1.907452,2.522920,2.784130,2.439459,2.172781,1.991752,2.772528,1.808537,2.180836,1.669887,2.077293,2.035870,1.374103,1.740582,2.076117, 
    Number of Active Electrodes,13.000000,15.000000,11.000000,7.000000,10.000000,6.000000,14.000000,3.000000,16.000000,12.000000,13.000000,12.000000,12.000000,12.000000,14.000000,7.000000,14.000000,13.000000,13.000000,9.000000,10.000000,14.000000,9.000000,4.000000,9.000000,13.000000,11.000000,5.000000,14.000000,8.000000,11.000000,10.000000,12.000000,6.000000,13.000000,10.000000,6.000000,10.000000,4.000000,8.000000,12.000000,14.000000,9.000000,13.000000,7.000000,1.000000,13.000000,0.000000
    Weighted Mean Firing Rate (Hz),0.978205,2.074333,1.024394,0.541429,1.142000,1.207222,1.327976,0.456111,1.778229,1.590000,1.831795,1.351111,1.378472,2.203472,1.512500,2.653095,1.555714,1.405128,1.249872,1.199259,2.301167,1.082262,0.880370,0.984583,2.221481,1.482179,0.593788,1.180000,0.960119,1.000208,1.270758,0.614333,1.164028,1.390556,2.346410,1.465500,1.097778,1.143500,2.837500,1.430000,1.746250,0.953571,1.359259,1.275641,0.504286,0.171667,1.799744, 
Electrode Burst Metrics
    Number of Bursts,299.000000,684.000000,281.000000,30.000000,309.000000,133.000000,576.000000,51.000000,734.000000,472.000000,789.000000,332.000000,580.000000,989.000000,581.000000,478.000000,583.000000,631.000000,554.000000,267.000000,739.000000,393.000000,178.000000,107.000000,421.000000,470.000000,203.000000,154.000000,352.000000,170.000000,451.000000,157.000000,404.000000,207.000000,1226.000000,368.000000,178.000000,428.000000,327.000000,252.000000,661.000000,346.000000,333.000000,502.000000,34.000000,3.000000,641.000000,0.000000
    Number of Bursting Electrodes,13.000000,13.000000,11.000000,7.000000,9.000000,6.000000,12.000000,3.000000,14.000000,12.000000,12.000000,13.000000,11.000000,11.000000,13.000000,7.000000,14.000000,13.000000,12.000000,9.000000,8.000000,14.000000,8.000000,4.000000,9.000000,12.000000,12.000000,5.000000,14.000000,7.000000,10.000000,10.000000,12.000000,6.000000,13.000000,9.000000,6.000000,9.000000,4.000000,9.000000,13.000000,11.000000,9.000000,11.000000,5.000000,1.000000,13.000000,0.000000
    Burst Duration - Avg (sec),0.189512,0.041818,0.220096,2.314667,0.110239,0.182919,0.111422,0.126938,0.073247,0.592726,0.070974,0.292341,0.089975,0.057228,0.079384,0.128666,0.089243,0.058682,0.158393,0.235595,0.115592,0.313844,0.178174,0.170086,0.422773,0.271825,0.238884,0.254268,0.247294,0.230175,0.329615,0.173886,0.107611,0.197689,0.071343,0.281031,0.146845,0.078160,0.150789,0.133400,0.063166,0.066425,0.195590,0.196986,0.328611,0.428667,0.264141, 
    Burst Duration - Std (sec),0.142172,0.007264,0.194181,1.193809,0.042870,0.142091,0.112122,0.026766,0.020763,0.807786,0.034253,0.244923,0.048573,0.023741,0.022178,0.062784,0.016675,0.014452,0.162173,0.254962,0.047272,0.768644,0.077202,0.079596,0.421001,0.228247,0.271767,0.396658,0.287303,0.200321,0.670696,0.081519,0.057757,0.066862,0.016331,0.348548,0.099738,0.038702,0.125699,0.117102,0.012266,0.035945,0.171553,0.143305,0.191270, ,0.285787, 
    Number of Spikes per Burst - Avg,10.653317,8.012666,11.450290,34.456463,9.763166,13.225341,11.198611,9.680135,9.157570,16.564844,10.056848,15.381263,10.094913,10.435132,10.413869,12.166682,11.373609,7.896819,11.477931,13.296472,13.461574,10.749578,10.894897,13.082377,19.172755,13.561634,10.999815,15.694526,12.335069,11.285175,12.087738,11.312916,9.583107,14.563617,11.144143,17.129722,10.903386,8.502061,16.756432,9.308320,9.121946,9.207443,10.970783,12.620400,10.022055,17.333333,11.103328, 
    Number of Spikes per Burst - Std,4.413424,2.539164,2.800789,16.721744,3.481197,5.509184,4.325628,6.472551,2.981340,9.148585,5.165855,5.708558,3.969120,3.344208,1.744242,3.372015,2.825227,2.379382,3.096475,10.074446,3.680360,3.971243,2.968509,3.450202,9.271209,5.840451,3.935545,16.250838,4.055773,3.249270,6.881675,2.413798,2.269024,3.689242,2.615975,13.324464,4.385443,2.603214,6.933583,3.524063,3.047976,2.575707,2.734644,4.178935,3.466261, ,3.199358, 
    Mean ISI within Burst - Avg (sec),0.020306,0.006393,0.018512,0.067044,0.013765,0.013820,0.008839,0.017300,0.008956,0.029376,0.008572,0.015736,0.009749,0.006540,0.007640,0.009292,0.008730,0.008905,0.010811,0.018191,0.008049,0.019191,0.012188,0.011760,0.020186,0.016976,0.028974,0.010974,0.018634,0.020221,0.019034,0.012619,0.012393,0.011776,0.007613,0.014186,0.012525,0.009864,0.008129,0.015956,0.008731,0.007813,0.015095,0.014115,0.028206,0.028373,0.020073, 
    Mean ISI within Burst - Std (sec),0.019221,0.002303,0.016191,0.035843,0.009726,0.007610,0.004804,0.006939,0.002890,0.044110,0.004755,0.013145,0.009462,0.003383,0.002359,0.003866,0.001812,0.002674,0.006702,0.011858,0.003603,0.033650,0.004306,0.004293,0.020583,0.012036,0.058172,0.007116,0.016988,0.018834,0.021155,0.003901,0.007677,0.004232,0.004116,0.007283,0.004219,0.003864,0.002859,0.016730,0.003654,0.003630,0.013527,0.009458,0.011078, ,0.019051, 
    Median ISI within Burst - Avg (sec),0.013112,0.005393,0.013178,0.034475,0.011004,0.010495,0.006960,0.012547,0.007228,0.020780,0.006439,0.011169,0.006113,0.005379,0.006303,0.006917,0.006732,0.007319,0.007779,0.013828,0.005849,0.010792,0.009015,0.006660,0.014016,0.012025,0.018040,0.009199,0.014061,0.011667,0.014277,0.010477,0.010329,0.008902,0.005933,0.009871,0.009530,0.007358,0.005886,0.010957,0.006904,0.006423,0.010724,0.012598,0.022175,0.023120,0.014004, 
    Median ISI within Burst - Std (sec),0.009286,0.002333,0.010394,0.014572,0.007839,0.006039,0.005329,0.004695,0.002636,0.032249,0.003253,0.008297,0.003942,0.003301,0.002207,0.003293,0.001848,0.003048,0.004921,0.008335,0.002996,0.013496,0.003077,0.001449,0.013660,0.008226,0.030519,0.006784,0.010746,0.006859,0.016196,0.003575,0.006552,0.003668,0.003910,0.004970,0.004226,0.003024,0.002604,0.007754,0.003548,0.002944,0.008187,0.011312,0.009363, ,0.013147, 
    Median/Mean ISI within Burst - Avg,0.756574,0.857741,0.785515,0.623710,0.811909,0.794607,0.818619,0.794222,0.827242,0.785185,0.815254,0.772724,0.791214,0.828005,0.838342,0.782236,0.785504,0.826131,0.752563,0.783097,0.776049,0.769902,0.807812,0.743692,0.763513,0.787680,0.782770,0.823467,0.825295,0.728292,0.765616,0.858416,0.849751,0.794477,0.774753,0.750670,0.776285,0.792663,0.758494,0.823749,0.791663,0.855699,0.810214,0.856089,0.823665,0.800664,0.774815, 
    Median/Mean ISI within Burst - Std,0.146244,0.058411,0.068569,0.120843,0.098813,0.160236,0.084594,0.080502,0.067850,0.065030,0.074804,0.040861,0.064747,0.044489,0.048607,0.069624,0.096605,0.079415,0.056398,0.121951,0.062280,0.125298,0.044898,0.082085,0.077990,0.089433,0.103644,0.080618,0.077703,0.166523,0.057767,0.067380,0.072252,0.081228,0.047561,0.093094,0.101853,0.127368,0.081653,0.141937,0.087163,0.100191,0.080326,0.123341,0.164187, ,0.099118, 
    Inter-Burst Interval - Avg (sec),50.816971,21.488220,67.338665,122.634060,20.520968,61.206820,19.932345,46.096062,20.852812,27.288151,23.004772,79.852014,26.135059,12.408696,21.753368,16.796225,40.163467,24.123724,21.789388,49.228534,14.316200,33.175735,34.729196,21.854285,47.029771,40.893572,48.964582,62.739083,102.423491,127.419069,49.323911,38.065066,51.691031,23.870377,24.891920,23.289972,72.220116,20.731232,14.716889,79.093282,16.496770,28.372421,54.997393,43.948630,83.033669,144.657280,41.676458, 
    Inter-Burst Interval - Std (sec),56.740437,16.831142,94.934569,60.094764,14.823677,65.629120,16.652780,23.894347,17.000832,25.631157,43.852097,95.931769,30.088055,11.977326,14.386435,14.189931,87.126944,22.748450,16.471425,87.625509,21.585632,21.247722,21.323054,1.632719,45.346463,35.506376,44.149764,64.765331,147.907370,156.759837,60.026088,16.616301,62.670851,12.882513,51.838237,18.506563,97.591982,21.739002,14.736183,108.265328,11.589761,19.542903,48.615284,42.710171,39.960647,0.000000,57.246523, 
    Burst Frequency - Avg (Hz),0.038333,0.087692,0.042576,0.007143,0.057222,0.036944,0.080000,0.028333,0.087381,0.065556,0.109583,0.042564,0.087879,0.149848,0.074487,0.113810,0.069405,0.080897,0.076944,0.049444,0.153958,0.046786,0.037083,0.044583,0.077963,0.065278,0.028194,0.051333,0.041905,0.040476,0.075167,0.026167,0.056111,0.057500,0.157179,0.068148,0.049444,0.079259,0.136250,0.046667,0.084744,0.052424,0.061667,0.076061,0.011333,0.005000,0.082179, 
    Burst Frequency - Std (Hz),0.049352,0.084704,0.041146,0.002999,0.047704,0.044315,0.077061,0.023094,0.074063,0.076822,0.097188,0.031897,0.062530,0.093567,0.068763,0.085682,0.046135,0.071853,0.056483,0.040139,0.075087,0.044272,0.018230,0.005672,0.089825,0.082996,0.017616,0.055595,0.040435,0.041973,0.076608,0.017900,0.052389,0.038855,0.079697,0.065173,0.043136,0.061085,0.109124,0.055126,0.077142,0.049455,0.080152,0.078805,0.011926, ,0.086782, 
    IBI Coefficient of Variation - Avg,0.611584,0.696831,0.745626,0.602134,0.572221,0.622381,0.615308,0.712797,0.743995,0.918529,0.634320,0.636469,0.530289,0.576661,0.829073,0.834852,0.587095,0.652892,0.599267,0.634943,0.544356,0.799837,0.824830,0.635911,0.779184,0.903740,0.818419,0.519764,0.756455,0.623396,0.698215,0.717709,0.631734,0.805541,0.513629,0.667405,0.840147,0.643756,0.744432,0.641374,0.777656,0.649593,0.910652,0.677964,0.844920,1.116933,0.703390, 
    IBI Coefficient of Variation - Std,0.047561,0.125230,0.210187,0.140129,0.089870,0.308473,0.087527,0.096649,0.244518,0.258163,0.438642,0.197700,0.205080,0.264465,0.279787,0.284725,0.110487,0.169216,0.155111,0.103438,0.214942,0.128517,0.152266,0.084483,0.168079,0.327809,0.157228,0.131634,0.150566,0.101731,0.324793,0.169138,0.244145,0.246605,0.182574,0.173398,0.286910,0.130579,0.223526,0.103379,0.277676,0.076298,0.542848,0.153688,0.191495,0.000000,0.216779, 
    Burst Percentage - Avg,40.823421,28.921149,27.809677,40.052242,35.679705,28.012443,39.487532,37.155117,39.790976,42.361416,41.658296,39.717165,48.958164,51.223858,36.028872,32.762889,44.410317,36.302282,50.288585,37.857827,48.141725,38.702390,29.508070,40.523200,35.298340,37.790213,45.245216,28.196203,44.462907,24.995373,37.381904,43.144994,32.433331,44.492870,66.306853,45.138779,29.876983,41.162329,32.178592,20.514909,40.210421,30.261132,24.356241,32.129543,7.410576,25.242718,37.192431,0.000000
    Burst Percentage - Std,22.887275,23.327259,22.944716,17.530533,27.541660,27.544740,28.139487,40.731141,23.578713,23.785825,38.937008,24.011158,31.888999,37.280159,22.490879,28.548194,24.200152,27.887779,32.270950,31.323826,41.596985,24.478592,20.626482,34.798617,29.919631,24.453514,23.754145,32.182964,24.649378,26.728595,30.590151,22.403438,24.491419,29.787678,31.152617,32.079188,31.577153,31.021967,35.793559,22.935051,30.668869,25.709404,27.077844,31.844323,9.869230,35.698595,29.067470, 
Network Burst Metrics
    Number of Network Bursts,50.000000,163.000000,55.000000,6.000000,54.000000,21.000000,91.000000,4.000000,177.000000,109.000000,154.000000,65.000000,101.000000,161.000000,159.000000,106.000000,110.000000,145.000000,99.000000,51.000000,135.000000,72.000000,30.000000,18.000000,103.000000,116.000000,25.000000,13.000000,59.000000,29.000000,106.000000,23.000000,66.000000,37.000000,160.000000,77.000000,23.000000,66.000000,33.000000,40.000000,131.000000,62.000000,53.000000,107.000000,2.000000,0.000000,152.000000,0.000000
    Network Burst Frequency,0.083333,0.271667,0.091667,0.010000,0.090000,0.035000,0.151667,0.006667,0.295000,0.181667,0.256667,0.108333,0.168333,0.268333,0.265000,0.176667,0.183333,0.241667,0.165000,0.085000,0.225000,0.120000,0.050000,0.030000,0.171667,0.193333,0.041667,0.021667,0.098333,0.048333,0.176667,0.038333,0.110000,0.061667,0.266667,0.128333,0.038333,0.110000,0.055000,0.066667,0.218333,0.103333,0.088333,0.178333,0.003333, ,0.253333, 
    Network Burst Duration - Avg (sec),0.310451,0.084454,0.158612,2.549813,0.273982,0.241966,0.141618,0.324520,0.184128,0.178062,0.136917,0.180164,0.143201,0.119394,0.245237,0.248996,0.198167,0.121058,0.173440,0.601249,0.256183,0.218093,0.241317,0.480613,0.243367,0.169241,0.237674,0.910369,0.169494,0.222932,0.174540,0.157287,0.117668,0.345107,0.157002,0.325363,0.361736,0.201606,0.249857,0.342604,0.118849,0.148766,0.257518,0.161166,1.159800, ,0.203393, 
    Network Burst Duration - Std (sec),0.288174,0.033282,0.224970,2.550808,0.244030,0.206646,0.114660,0.040742,0.107904,0.281416,0.073692,0.332590,0.206998,0.062358,0.153727,0.311204,0.168508,0.084422,0.236877,0.388332,0.244243,0.188436,0.484333,0.250652,0.349645,0.195150,0.332086,1.264555,0.254690,0.305152,0.231064,0.187207,0.099427,0.505940,0.103228,0.388749,0.566427,0.198637,0.306179,0.244606,0.047830,0.160231,0.343596,0.208192,0.027662, ,0.220660, 
    Number of Spikes per Network Burst - Avg,90.440000,65.791411,71.636364,157.666667,75.740741,66.619048,84.813187,42.750000,75.604520,83.211009,89.032468,106.123077,86.227723,92.204969,70.025157,67.047170,95.200000,68.751724,90.686869,74.882353,96.592593,78.444444,73.300000,60.277778,79.834951,73.810345,101.320000,100.615385,94.491525,70.379310,66.301887,82.434783,78.151515,85.756757,112.681250,87.805195,75.086957,63.393939,79.454545,69.675000,81.038168,75.758065,72.301887,76.775701,93.000000, ,79.026316, 
    Number of Spikes per Network Burst - Std,90.741427,30.071202,87.937976,179.531241,62.571072,49.260000,67.351303,4.856267,53.663001,164.771732,34.474281,192.739422,86.067518,32.132172,67.929408,66.953770,83.874502,25.954696,116.990201,37.620020,63.597768,74.935632,119.737111,22.823635,119.876660,94.213625,115.295533,139.483893,107.305457,64.935360,72.085157,78.499465,67.237408,114.157641,51.363224,118.146100,78.178068,28.318452,91.556707,64.237295,36.874925,48.122346,103.877440,101.271567,38.183766, ,84.723387, 
    Mean ISI within Network Burst - Avg (sec),0.004443,0.001439,0.002336,0.018391,0.003807,0.003696,0.001889,0.007862,0.002853,0.002555,0.001736,0.001893,0.001768,0.001406,0.004388,0.003668,0.002670,0.001949,0.002138,0.008416,0.002832,0.003092,0.003094,0.007932,0.003129,0.002570,0.002169,0.008373,0.002025,0.002833,0.002754,0.001832,0.001769,0.003969,0.001568,0.004003,0.004110,0.003005,0.003195,0.005281,0.001702,0.002390,0.003788,0.002341,0.013863, ,0.002716, 
    Mean ISI within Network Burst - Std (sec),0.004452,0.000640,0.002063,0.003107,0.002220,0.001401,0.001243,0.001430,0.001522,0.001977,0.001079,0.001057,0.001257,0.000785,0.002942,0.002402,0.002202,0.001533,0.001427,0.004878,0.001824,0.001958,0.002307,0.002180,0.001919,0.001252,0.001533,0.004080,0.001755,0.001634,0.001799,0.000491,0.001184,0.002960,0.001210,0.003058,0.002080,0.001477,0.002147,0.001571,0.000925,0.002750,0.002868,0.001632,0.006054, ,0.001437, 
    Median ISI within Network Burst - Avg (sec),0.001519,0.000626,0.000894,0.012167,0.001179,0.002530,0.000765,0.006020,0.000840,0.001108,0.000831,0.000830,0.000748,0.000645,0.000744,0.001631,0.000948,0.000777,0.000864,0.004271,0.000757,0.000914,0.001277,0.002587,0.001202,0.001121,0.000891,0.004415,0.000990,0.001444,0.001323,0.001017,0.000926,0.001773,0.000541,0.001477,0.002064,0.001203,0.001884,0.001351,0.000774,0.001015,0.001285,0.000981,0.009880, ,0.000875, 
    Median ISI within Network Burst - Std (sec),0.001031,0.000292,0.000325,0.003074,0.000397,0.000615,0.000545,0.000654,0.000400,0.000543,0.000386,0.000331,0.000405,0.000295,0.000424,0.001090,0.000510,0.000289,0.000384,0.004568,0.000283,0.000348,0.000361,0.000766,0.000391,0.000420,0.000274,0.003740,0.000422,0.000403,0.000553,0.000268,0.000346,0.000472,0.000298,0.000729,0.000597,0.000414,0.000697,0.000454,0.000355,0.000594,0.000483,0.000380,0.003790, ,0.000318, 
    Median/Mean ISI within Network Burst - Avg,0.467903,0.460621,0.486108,0.657300,0.374536,0.719003,0.446333,0.775305,0.330465,0.526389,0.513270,0.485029,0.492660,0.498472,0.247553,0.495582,0.443786,0.483549,0.467238,0.496677,0.361451,0.394254,0.508940,0.370877,0.474498,0.474195,0.513411,0.488185,0.569641,0.597201,0.540241,0.560653,0.582589,0.569294,0.407277,0.463269,0.536868,0.464403,0.677505,0.274630,0.504294,0.564037,0.450625,0.514717,0.721830, ,0.373158, 
    Median/Mean ISI within Network Burst - Std,0.178551,0.135119,0.164024,0.074806,0.148900,0.133625,0.152879,0.082190,0.123175,0.169292,0.119695,0.136544,0.180926,0.130911,0.174365,0.175189,0.167246,0.158583,0.158351,0.285579,0.193062,0.206006,0.185562,0.224781,0.197808,0.138305,0.183655,0.164785,0.139673,0.198601,0.156428,0.078333,0.129195,0.216602,0.136669,0.192798,0.118645,0.180586,0.175306,0.110842,0.159368,0.190028,0.204571,0.188978,0.041847, ,0.147367, 
    Number of Elecs Participating in Burst - Avg,11.100000,12.742331,11.400000,6.000000,8.981481,6.000000,12.329670,5.000000,12.870056,10.357798,10.850649,11.892308,10.316832,11.267081,13.459119,7.056604,13.554545,12.620690,12.060606,7.843137,9.229630,11.930556,9.100000,4.611111,8.970874,11.543103,12.040000,5.153846,12.694915,7.827586,9.094340,10.086957,11.575758,6.216216,12.056250,8.454545,6.739130,8.818182,4.333333,8.425000,12.267176,13.145161,8.830189,11.822430,8.000000, ,11.375000, 
    Number of Elecs Participating in Burst - Std,1.887121,1.561848,1.064581,1.264911,0.999825,0.707107,1.556741,0.000000,2.031025,1.251095,1.533003,1.659472,1.310959,0.772640,1.123636,0.454191,1.223518,1.000479,1.028355,1.172562,0.837023,1.730638,0.803012,0.607685,0.568043,1.470831,0.978093,0.800641,1.734580,0.601722,0.971286,0.417029,1.772097,0.417342,0.926526,1.094790,0.540824,0.892862,0.478714,1.129727,1.287959,1.212595,1.014052,1.497250,1.414214, ,1.090674, 
    Number of Spikes per Network Burst per Channel - Avg,7.855387,5.093976,6.289007,24.114286,8.224773,10.933333,6.815538,8.550000,5.710250,7.779586,8.070786,8.267126,8.069641,8.118881,5.082763,9.431772,6.861366,5.411432,7.341172,9.441838,10.482833,6.329086,7.852632,13.187037,8.737325,6.233677,8.111846,20.035897,7.077695,8.968117,7.163594,8.188494,6.530129,13.889961,9.206581,10.117697,11.105849,7.184018,18.436364,8.279105,6.472044,5.671817,7.877687,6.411027,11.380952, ,6.863294, 
    Number of Spikes per Network Burst per Channel - Std,6.765048,1.890111,7.740607,24.599552,5.745055,6.794582,5.097892,0.971253,3.204263,13.647756,2.503040,12.913589,6.952854,2.545187,4.232228,8.908047,5.529310,1.825087,8.291243,4.127681,6.156812,4.811517,11.879060,4.897877,12.448322,7.136692,8.066941,27.973450,7.120260,8.095758,6.462357,7.859376,4.592800,18.933044,3.772033,11.964494,11.111857,3.061518,21.467258,7.178231,2.448743,3.328863,9.306867,8.147115,2.761084, ,6.980869, 
    Network Burst Percentage,59.266055,57.390560,57.585501,41.564148,59.664478,32.087156,69.182503,18.308351,78.390252,79.220893,95.400779,70.009134,87.730432,93.558959,87.181896,63.625783,79.896239,90.405369,91.565528,58.871589,94.342353,61.652658,45.975329,45.454545,68.416674,74.059337,63.771400,36.731255,68.971916,42.458914,83.378811,51.396042,60.998108,63.156847,98.502978,76.881965,43.067332,60.964593,38.333333,40.037351,83.669609,58.210435,51.959322,82.248698,8.595194, ,85.567745, 
    Network IBI Coefficient of Variation,0.568108,0.498727,0.719127,0.929841,0.453075,0.584864,0.670597,0.548943,0.396646,0.615256,0.318287,0.913412,0.471030,0.234246,0.474562,0.586788,0.500780,0.371073,0.350404,0.697204,0.354927,0.763352,0.931159,0.497467,0.650560,0.536185,0.999255,0.608766,0.570614,0.856552,0.530086,0.626937,0.597553,0.775108,0.334794,0.669738,0.665061,0.557738,0.797175,0.476082,0.430098,0.580329,0.577343,0.525366, , ,0.431223, 
    Network Normalized Duration IQR,2.330318,0.490206,0.673923,1.552493,0.986259,0.211628,0.751252,0.091343,0.466885,0.426175,0.328197,0.777779,0.867419,0.584242,0.868623,0.757083,0.638937,0.417432,0.702512,1.029836,0.922946,1.302741,0.643553,0.444582,1.145685,0.553651,0.541277,1.922926,0.273000,0.371567,0.471133,0.286984,0.213524,2.101839,0.819418,1.190682,0.579551,0.724663,1.108119,0.439867,0.455995,0.738513,0.841069,0.653151, , ,0.713133, 
Synchrony Metrics
    Area Under Normalized Cross-Correlation,0.262941,0.492211,0.441860,0.098045,0.229549,0.078769,0.420693,0.048296,0.478002,0.348028,0.351624,0.423456,0.403367,0.453189,0.550120,0.224877,0.521038,0.481845,0.389995,0.141238,0.339163,0.388521,0.243409,0.090519,0.245104,0.321753,0.416438,0.088256,0.383007,0.239273,0.243582,0.286963,0.386510,0.147873,0.557154,0.211611,0.136605,0.257848,0.108678,0.214539,0.438894,0.393791,0.237781,0.353911,0.121732,0.000656,0.373466,0.000000
    Area Under Cross-Correlation,0.933597,3.521514,1.035319,0.045111,0.718778,0.178333,2.484722,0.018847,3.386167,1.972083,3.395583,1.766361,2.578750,4.787889,3.168333,1.159208,3.105194,2.371292,2.093236,0.353542,3.067486,1.439819,0.388639,0.098986,1.423986,1.645431,0.601431,0.129347,1.395500,0.390167,1.035417,0.372861,1.419639,0.393500,6.595458,0.976514,0.228111,0.825778,0.455236,0.605403,2.948708,1.480556,0.814431,1.726889,0.061931,0.000014,2.459778,0.000000
    Full Width at Half Height of Normalized Cross-Correlation,19.000000,17.000000,16.000000,12.000000,22.000000,14.000000,19.000000,13.000000,17.000000,13.000000,15.000000,15.000000,16.000000,17.000000,14.000000,19.000000,17.000000,13.000000,20.000000,19.000000,14.000000,15.000000,16.000000,22.000000,24.000000,11.000000,21.000000,19.000000,17.000000,17.000000,12.000000,14.000000,15.000000,14.000000,13.000000,15.000000,19.000000,11.000000,14.000000,19.000000,16.000000,18.000000,18.000000,22.000000,22.000000,3.000000,14.000000, 
    Full Width at Half Height of Cross-Correlation,67.000000,32.000000,39.000000,22.000000,63.000000,84.000000,45.000000,89.000000,47.000000,60.000000,66.000000,60.000000,51.000000,52.000000,39.000000,41.000000,66.000000,44.000000,70.000000,89.000000,65.000000,45.000000,63.000000,78.000000,54.000000,47.000000,61.000000,60.000000,74.000000,56.000000,68.000000,69.000000,53.000000,98.000000,54.000000,86.000000,84.000000,46.000000,60.000000,45.000000,53.000000,60.000000,42.000000,63.000000,33.000000,3.000000,39.000000, 
    Synchrony Index, , , , , , , , , , , , , , , , , , , , , , , , , , , , , , , , , , , , , , , , , , , , , , , , 
    Kreuz SPIKE Distance, , , , , , , , , , , , , , , , , , , , , , , , , , , , , , , , , , , , , , , , , , , , , , , , 
Average Network Burst Metrics
    Start Electrode,22.000000,22.000000,32.000000,44.000000,21.000000,33.000000,31.000000,13.000000,11.000000,11.000000,31.000000,23.000000,44.000000,14.000000,11.000000,21.000000,11.000000,21.000000,24.000000,21.000000,11.000000,11.000000,44.000000,24.000000,21.000000,23.000000,42.000000,14.000000,31.000000,23.000000,44.000000,43.000000,43.000000,31.000000,22.000000,34.000000,44.000000,12.000000,34.000000,21.000000,31.000000,24.000000,43.000000,11.000000,33.000000, ,24.000000, 
    Percent Bursts with Start Electrode,30.000000,25.153374,21.818182,50.000000,48.148148,33.333333,54.945055,75.000000,21.468927,22.935780,31.818182,21.538462,47.524752,31.677019,41.509434,33.018868,21.818182,28.965517,33.333333,21.568627,54.814815,34.722222,20.000000,38.888889,28.155340,44.827586,32.000000,69.230769,50.847458,31.034483,28.301887,30.434783,33.333333,54.054054,26.250000,35.064935,39.130435,22.727273,54.545455,35.000000,35.877863,40.322581,41.509434,54.205607,50.000000, ,16.447368, 
    Burst Peak (Max Spikes per sec),800.000000,1006.134969,1072.727273,500.000000,629.629630,809.523810,1274.725275,750.000000,474.576271,825.688073,1259.740260,784.615385,1287.128713,1546.583851,735.849057,726.415094,881.818182,1144.827586,919.191919,549.019608,570.370370,583.333333,766.666667,777.777778,815.533981,672.413793,1040.000000,769.230769,1050.847458,793.103448,905.660377,1173.913043,1166.666667,810.810811,1618.750000,636.363636,695.652174,878.787879,909.090909,800.000000,854.961832,1048.387097,1075.471698,915.887850,1500.000000, ,980.263158, 
    Time to Burst Peak (ms),35.500000,42.500000,14.500000,86.500000,64.500000,60.500000,21.500000,7.500000,92.500000,39.500000,26.500000,26.500000,32.500000,22.500000,16.500000,6.500000,66.500000,18.500000,34.500000,79.500000,36.500000,7.500000,54.500000,20.500000,20.500000,43.500000,95.500000,17.500000,52.500000,34.500000,3.500000,50.500000,14.500000,50.500000,30.500000,16.500000,8.500000,20.500000,36.500000,19.500000,44.500000,45.500000,20.500000,36.500000,25.500000, ,12.500000, 

Measurement,A1_11,A1_12,A1_13,A1_14,A1_21,A1_22,A1_23,A1_24,A1_31,A1_32,A1_33,A1_34,A1_41,A1_42,A1_43,A1_44,A2_11,A2_12,A2_13,A2_14,A2_21,A2_22,A2_23,A2_24,A2_31,A2_32,A2_33,A2_34,A2_41,A2_42,A2_43,A2_44,A3_11,A3_12,A3_13,A3_14,A3_21,A3_22,A3_23,A3_24,A3_31,A3_32,A3_33,A3_34,A3_41,A3_42,A3_43,A3_44,A4_11,A4_12,A4_13,A4_14,A4_21,A4_22,A4_23,A4_24,A4_31,A4_32,A4_33,A4_34,A4_41,A4_42,A4_43,A4_44,A5_11,A5_12,A5_13,A5_14,A5_21,A5_22,A5_23,A5_24,A5_31,A5_32,A5_33,A5_34,A5_41,A5_42,A5_43,A5_44,A6_11,A6_12,A6_13,A6_14,A6_21,A6_22,A6_23,A6_24,A6_31,A6_32,A6_33,A6_34,A6_41,A6_42,A6_43,A6_44,A7_11,A7_12,A7_13,A7_14,A7_21,A7_22,A7_23,A7_24,A7_31,A7_32,A7_33,A7_34,A7_41,A7_42,A7_43,A7_44,A8_11,A8_12,A8_13,A8_14,A8_21,A8_22,A8_23,A8_24,A8_31,A8_32,A8_33,A8_34,A8_41,A8_42,A8_43,A8_44,B1_11,B1_12,B1_13,B1_14,B1_21,B1_22,B1_23,B1_24,B1_31,B1_32,B1_33,B1_34,B1_41,B1_42,B1_43,B1_44,B2_11,B2_12,B2_13,B2_14,B2_21,B2_22,B2_23,B2_24,B2_31,B2_32,B2_33,B2_34,B2_41,B2_42,B2_43,B2_44,B3_11,B3_12,B3_13,B3_14,B3_21,B3_22,B3_23,B3_24,B3_31,B3_32,B3_33,B3_34,B3_41,B3_42,B3_43,B3_44,B4_11,B4_12,B4_13,B4_14,B4_21,B4_22,B4_23,B4_24,B4_31,B4_32,B4_33,B4_34,B4_41,B4_42,B4_43,B4_44,B5_11,B5_12,B5_13,B5_14,B5_21,B5_22,B5_23,B5_24,B5_31,B5_32,B5_33,B5_34,B5_41,B5_42,B5_43,B5_44,B6_11,B6_12,B6_13,B6_14,B6_21,B6_22,B6_23,B6_24,B6_31,B6_32,B6_33,B6_34,B6_41,B6_42,B6_43,B6_44,B7_11,B7_12,B7_13,B7_14,B7_21,B7_22,B7_23,B7_24,B7_31,B7_32,B7_33,B7_34,B7_41,B7_42,B7_43,B7_44,B8_11,B8_12,B8_13,B8_14,B8_21,B8_22,B8_23,B8_24,B8_31,B8_32,B8_33,B8_34,B8_41,B8_42,B8_43,B8_44,C1_11,C1_12,C1_13,C1_14,C1_21,C1_22,C1_23,C1_24,C1_31,C1_32,C1_33,C1_34,C1_41,C1_42,C1_43,C1_44,C2_11,C2_12,C2_13,C2_14,C2_21,C2_22,C2_23,C2_24,C2_31,C2_32,C2_33,C2_34,C2_41,C2_42,C2_43,C2_44,C3_11,C3_12,C3_13,C3_14,C3_21,C3_22,C3_23,C3_24,C3_31,C3_32,C3_33,C3_34,C3_41,C3_42,C3_43,C3_44,C4_11,C4_12,C4_13,C4_14,C4_21,C4_22,C4_23,C4_24,C4_31,C4_32,C4_33,C4_34,C4_41,C4_42,C4_43,C4_44,C5_11,C5_12,C5_13,C5_14,C5_21,C5_22,C5_23,C5_24,C5_31,C5_32,C5_33,C5_34,C5_41,C5_42,C5_43,C5_44,C6_11,C6_12,C6_13,C6_14,C6_21,C6_22,C6_23,C6_24,C6_31,C6_32,C6_33,C6_34,C6_41,C6_42,C6_43,C6_44,C7_11,C7_12,C7_13,C7_14,C7_21,C7_22,C7_23,C7_24,C7_31,C7_32,C7_33,C7_34,C7_41,C7_42,C7_43,C7_44,C8_11,C8_12,C8_13,C8_14,C8_21,C8_22,C8_23,C8_24,C8_31,C8_32,C8_33,C8_34,C8_41,C8_42,C8_43,C8_44,D1_11,D1_12,D1_13,D1_14,D1_21,D1_22,D1_23,D1_24,D1_31,D1_32,D1_33,D1_34,D1_41,D1_42,D1_43,D1_44,D2_11,D2_12,D2_13,D2_14,D2_21,D2_22,D2_23,D2_24,D2_31,D2_32,D2_33,D2_34,D2_41,D2_42,D2_43,D2_44,D3_11,D3_12,D3_13,D3_14,D3_21,D3_22,D3_23,D3_24,D3_31,D3_32,D3_33,D3_34,D3_41,D3_42,D3_43,D3_44,D4_11,D4_12,D4_13,D4_14,D4_21,D4_22,D4_23,D4_24,D4_31,D4_32,D4_33,D4_34,D4_41,D4_42,D4_43,D4_44,D5_11,D5_12,D5_13,D5_14,D5_21,D5_22,D5_23,D5_24,D5_31,D5_32,D5_33,D5_34,D5_41,D5_42,D5_43,D5_44,D6_11,D6_12,D6_13,D6_14,D6_21,D6_22,D6_23,D6_24,D6_31,D6_32,D6_33,D6_34,D6_41,D6_42,D6_43,D6_44,D7_11,D7_12,D7_13,D7_14,D7_21,D7_22,D7_23,D7_24,D7_31,D7_32,D7_33,D7_34,D7_41,D7_42,D7_43,D7_44,D8_11,D8_12,D8_13,D8_14,D8_21,D8_22,D8_23,D8_24,D8_31,D8_32,D8_33,D8_34,D8_41,D8_42,D8_43,D8_44,E1_11,E1_12,E1_13,E1_14,E1_21,E1_22,E1_23,E1_24,E1_31,E1_32,E1_33,E1_34,E1_41,E1_42,E1_43,E1_44,E2_11,E2_12,E2_13,E2_14,E2_21,E2_22,E2_23,E2_24,E2_31,E2_32,E2_33,E2_34,E2_41,E2_42,E2_43,E2_44,E3_11,E3_12,E3_13,E3_14,E3_21,E3_22,E3_23,E3_24,E3_31,E3_32,E3_33,E3_34,E3_41,E3_42,E3_43,E3_44,E4_11,E4_12,E4_13,E4_14,E4_21,E4_22,E4_23,E4_24,E4_31,E4_32,E4_33,E4_34,E4_41,E4_42,E4_43,E4_44,E5_11,E5_12,E5_13,E5_14,E5_21,E5_22,E5_23,E5_24,E5_31,E5_32,E5_33,E5_34,E5_41,E5_42,E5_43,E5_44,E6_11,E6_12,E6_13,E6_14,E6_21,E6_22,E6_23,E6_24,E6_31,E6_32,E6_33,E6_34,E6_41,E6_42,E6_43,E6_44,E7_11,E7_12,E7_13,E7_14,E7_21,E7_22,E7_23,E7_24,E7_31,E7_32,E7_33,E7_34,E7_41,E7_42,E7_43,E7_44,E8_11,E8_12,E8_13,E8_14,E8_21,E8_22,E8_23,E8_24,E8_31,E8_32,E8_33,E8_34,E8_41,E8_42,E8_43,E8_44,F1_11,F1_12,F1_13,F1_14,F1_21,F1_22,F1_23,F1_24,F1_31,F1_32,F1_33,F1_34,F1_41,F1_42,F1_43,F1_44,F2_11,F2_12,F2_13,F2_14,F2_21,F2_22,F2_23,F2_24,F2_31,F2_32,F2_33,F2_34,F2_41,F2_42,F2_43,F2_44,F3_11,F3_12,F3_13,F3_14,F3_21,F3_22,F3_23,F3_24,F3_31,F3_32,F3_33,F3_34,F3_41,F3_42,F3_43,F3_44,F4_11,F4_12,F4_13,F4_14,F4_21,F4_22,F4_23,F4_24,F4_31,F4_32,F4_33,F4_34,F4_41,F4_42,F4_43,F4_44,F5_11,F5_12,F5_13,F5_14,F5_21,F5_22,F5_23,F5_24,F5_31,F5_32,F5_33,F5_34,F5_41,F5_42,F5_43,F5_44,F6_11,F6_12,F6_13,F6_14,F6_21,F6_22,F6_23,F6_24,F6_31,F6_32,F6_33,F6_34,F6_41,F6_42,F6_43,F6_44,F7_11,F7_12,F7_13,F7_14,F7_21,F7_22,F7_23,F7_24,F7_31,F7_32,F7_33,F7_34,F7_41,F7_42,F7_43,F7_44,F8_11,F8_12,F8_13,F8_14,F8_21,F8_22,F8_23,F8_24,F8_31,F8_32,F8_33,F8_34,F8_41,F8_42,F8_43,F8_44,
Activity Metrics
    Number of Spikes,431.000000,224.000000,115.000000,138.000000,716.000000,1886.000000,2197.000000,468.000000,196.000000,0.000000,197.000000,721.000000,0.000000,0.000000,153.000000,188.000000,2388.000000,782.000000,1591.000000,791.000000,17.000000,6043.000000,262.000000,273.000000,157.000000,1330.000000,1202.000000,241.000000,393.000000,1329.000000,98.000000,1789.000000,1023.000000,987.000000,213.000000,309.000000,0.000000,796.000000,398.000000,352.000000,130.000000,1091.000000,18.000000,1013.000000,0.000000,55.000000,449.000000,8.000000,0.000000,712.000000,140.000000,0.000000,97.000000,0.000000,343.000000,0.000000,0.000000,379.000000,270.000000,0.000000,0.000000,2.000000,0.000000,333.000000,72.000000,0.000000,0.000000,64.000000,2291.000000,1052.000000,0.000000,0.000000,869.000000,683.000000,3.000000,0.000000,237.000000,157.000000,1093.000000,334.000000,326.000000,0.000000,0.000000,577.000000,713.000000,0.000000,0.000000,0.000000,14.000000,557.000000,558.000000,0.000000,1615.000000,0.000000,0.000000,0.000000,496.000000,970.000000,1168.000000,990.000000,362.000000,410.000000,199.000000,78.000000,3075.000000,1038.000000,0.000000,1.000000,268.000000,822.000000,88.000000,1191.000000,0.000000,54.000000,574.000000,0.000000,0.000000,135.000000,0.000000,0.000000,112.000000,59.000000,0.000000,0.000000,0.000000,0.000000,0.000000,0.000000,904.000000,2447.000000,1685.000000,129.000000,1404.000000,154.000000,368.000000,2389.000000,294.000000,230.000000,4363.000000,238.000000,621.000000,382.000000,750.000000,713.000000,2416.000000,729.000000,0.000000,89.000000,320.000000,2674.000000,2053.000000,167.000000,0.000000,843.000000,1.000000,538.000000,0.000000,802.000000,212.000000,605.000000,94.000000,59.000000,1100.000000,128.000000,368.000000,912.000000,0.000000,261.000000,2401.000000,2779.000000,2425.000000,25.000000,1547.000000,186.000000,84.000000,2003.000000,2.000000,41.000000,607.000000,54.000000,820.000000,1423.000000,1438.000000,28.000000,235.000000,1477.000000,1075.000000,952.000000,77.000000,992.000000,398.000000,234.000000,226.000000,757.000000,797.000000,0.000000,555.000000,1502.000000,1934.000000,0.000000,1028.000000,866.000000,142.000000,2.000000,100.000000,65.000000,0.000000,1953.000000,335.000000,1338.000000,0.000000,2243.000000,2196.000000,272.000000,2596.000000,1.000000,1493.000000,1.000000,491.000000,1411.000000,2359.000000,864.000000,267.000000,0.000000,2168.000000,10.000000,754.000000,507.000000,711.000000,1215.000000,491.000000,854.000000,1283.000000,1048.000000,536.000000,243.000000,2259.000000,162.000000,56.000000,474.000000,0.000000,16.000000,0.000000,770.000000,2988.000000,0.000000,2122.000000,0.000000,0.000000,0.000000,709.000000,1406.000000,2.000000,9.000000,2564.000000,584.000000,1664.000000,1067.000000,1861.000000,1756.000000,1060.000000,694.000000,2.000000,675.000000,37.000000,348.000000,1405.000000,384.000000,838.000000,332.000000,623.000000,361.000000,459.000000,617.000000,1875.000000,56.000000,1362.000000,1473.000000,0.000000,264.000000,345.000000,1552.000000,999.000000,806.000000,468.000000,216.000000,11.000000,524.000000,656.000000,395.000000,1694.000000,56.000000,703.000000,66.000000,650.000000,939.000000,584.000000,1406.000000,412.000000,0.000000,1446.000000,0.000000,350.000000,448.000000,0.000000,825.000000,0.000000,6.000000,587.000000,883.000000,0.000000,0.000000,1137.000000,5.000000,0.000000,344.000000,191.000000,139.000000,1979.000000,391.000000,1730.000000,232.000000,2077.000000,668.000000,2449.000000,0.000000,1589.000000,0.000000,0.000000,1925.000000,13.000000,64.000000,0.000000,401.000000,2.000000,2672.000000,794.000000,753.000000,1039.000000,45.000000,231.000000,422.000000,25.000000,195.000000,1571.000000,1053.000000,919.000000,78.000000,161.000000,196.000000,1192.000000,487.000000,716.000000,797.000000,0.000000,700.000000,0.000000,142.000000,134.000000,0.000000,0.000000,581.000000,10.000000,19.000000,0.000000,483.000000,415.000000,786.000000,0.000000,454.000000,0.000000,12.000000,0.000000,713.000000,0.000000,644.000000,552.000000,0.000000,0.000000,0.000000,0.000000,12.000000,0.000000,0.000000,319.000000,1593.000000,0.000000,0.000000,2949.000000,22.000000,630.000000,0.000000,1437.000000,0.000000,333.000000,1.000000,804.000000,0.000000,1544.000000,2387.000000,0.000000,0.000000,1847.000000,660.000000,462.000000,2416.000000,2585.000000,350.000000,1057.000000,187.000000,215.000000,809.000000,380.000000,0.000000,270.000000,323.000000,245.000000,101.000000,379.000000,570.000000,10.000000,334.000000,735.000000,311.000000,165.000000,0.000000,451.000000,13.000000,0.000000,408.000000,30.000000,220.000000,0.000000,0.000000,1.000000,1223.000000,153.000000,0.000000,0.000000,0.000000,158.000000,1062.000000,6.000000,0.000000,14.000000,0.000000,0.000000,944.000000,161.000000,1663.000000,372.000000,140.000000,1139.000000,266.000000,0.000000,238.000000,1304.000000,640.000000,129.000000,1148.000000,18.000000,253.000000,379.000000,233.000000,6.000000,1179.000000,1180.000000,0.000000,1022.000000,128.000000,446.000000,131.000000,492.000000,0.000000,0.000000,0.000000,0.000000,0.000000,223.000000,0.000000,0.000000,1607.000000,978.000000,1677.000000,82.000000,847.000000,1.000000,134.000000,516.000000,0.000000,41.000000,0.000000,117.000000,205.000000,246.000000,1978.000000,3.000000,200.000000,0.000000,0.000000,489.000000,475.000000,0.000000,423.000000,188.000000,215.000000,305.000000,0.000000,218.000000,348.000000,825.000000,0.000000,498.000000,37.000000,1046.000000,745.000000,87.000000,1.000000,93.000000,24.000000,344.000000,1399.000000,13.000000,796.000000,232.000000,338.000000,1714.000000,1089.000000,0.000000,1280.000000,0.000000,0.000000,0.000000,486.000000,363.000000,3.000000,1613.000000,0.000000,395.000000,0.000000,869.000000,15.000000,0.000000,0.000000,1220.000000,1123.000000,1820.000000,1283.000000,1278.000000,1648.000000,2057.000000,1060.000000,1.000000,0.000000,2423.000000,2221.000000,0.000000,199.000000,178.000000,1792.000000,1697.000000,775.000000,0.000000,109.000000,540.000000,1913.000000,0.000000,414.000000,1.000000,0.000000,0.000000,2717.000000,115.000000,256.000000,257.000000,0.000000,0.000000,0.000000,55.000000,1.000000,0.000000,596.000000,0.000000,0.000000,991.000000,318.000000,0.000000,1214.000000,2.000000,143.000000,0.000000,690.000000,81.000000,1131.000000,960.000000,82.000000,0.000000,462.000000,0.000000,782.000000,0.000000,1456.000000,251.000000,1431.000000,0.000000,0.000000,2.000000,225.000000,14.000000,2649.000000,0.000000,578.000000,0.000000,0.000000,0.000000,4.000000,11.000000,0.000000,0.000000,2700.000000,883.000000,0.000000,0.000000,1.000000,0.000000,1159.000000,0.000000,2.000000,2339.000000,178.000000,984.000000,10.000000,0.000000,0.000000,35.000000,156.000000,273.000000,435.000000,1340.000000,50.000000,1302.000000,0.000000,485.000000,593.000000,1889.000000,16.000000,57.000000,42.000000,2619.000000,918.000000,1517.000000,693.000000,581.000000,403.000000,932.000000,641.000000,256.000000,60.000000,528.000000,1093.000000,339.000000,174.000000,218.000000,711.000000,59.000000,179.000000,0.000000,1084.000000,433.000000,1767.000000,285.000000,883.000000,1531.000000,11.000000,374.000000,754.000000,8.000000,4.000000,1.000000,1.000000,974.000000,10.000000,168.000000,424.000000,217.000000,268.000000,2630.000000,0.000000,1494.000000,1545.000000,9.000000,423.000000,2387.000000,491.000000,69.000000,325.000000,1131.000000,198.000000,126.000000,317.000000,1212.000000,232.000000,6.000000,23.000000,12.000000,0.000000,389.000000,0.000000,67.000000,280.000000,82.000000,316.000000,13.000000,0.000000,753.000000,9.000000,0.000000,0.000000,12.000000,231.000000,0.000000,103.000000,0.000000,9.000000,0.000000,0.000000,0.000000,0.000000,0.000000,0.000000,0.000000,0.000000,0.000000,0.000000,0.000000,0.000000,804.000000,130.000000,0.000000,172.000000,1954.000000,0.000000,412.000000,1673.000000,686.000000,2667.000000,1078.000000,1925.000000,1428.000000,110.000000,0.000000,999.000000,0.000000,0.000000,0.000000,0.000000,0.000000,0.000000,0.000000,0.000000,0.000000,0.000000,0.000000,0.000000,0.000000,0.000000,2.000000,0.000000
    Mean Firing Rate (Hz),0.718333,0.373333,0.191667,0.230000,1.193333,3.143333,3.661667,0.780000,0.326667,0.000000,0.328333,1.201667,0.000000,0.000000,0.255000,0.313333,3.980000,1.303333,2.651667,1.318333,0.028333,10.071667,0.436667,0.455000,0.261667,2.216667,2.003333,0.401667,0.655000,2.215000,0.163333,2.981667,1.705000,1.645000,0.355000,0.515000,0.000000,1.326667,0.663333,0.586667,0.216667,1.818333,0.030000,1.688333,0.000000,0.091667,0.748333,0.013333,0.000000,1.186667,0.233333,0.000000,0.161667,0.000000,0.571667,0.000000,0.000000,0.631667,0.450000,0.000000,0.000000,0.003333,0.000000,0.555000,0.120000,0.000000,0.000000,0.106667,3.818333,1.753333,0.000000,0.000000,1.448333,1.138333,0.005000,0.000000,0.395000,0.261667,1.821667,0.556667,0.543333,0.000000,0.000000,0.961667,1.188333,0.000000,0.000000,0.000000,0.023333,0.928333,0.930000,0.000000,2.691667,0.000000,0.000000,0.000000,0.826667,1.616667,1.946667,1.650000,0.603333,0.683333,0.331667,0.130000,5.125000,1.730000,0.000000,0.001667,0.446667,1.370000,0.146667,1.985000,0.000000,0.090000,0.956667,0.000000,0.000000,0.225000,0.000000,0.000000,0.186667,0.098333,0.000000,0.000000,0.000000,0.000000,0.000000,0.000000,1.506667,4.078333,2.808333,0.215000,2.340000,0.256667,0.613333,3.981667,0.490000,0.383333,7.271667,0.396667,1.035000,0.636667,1.250000,1.188333,4.026667,1.215000,0.000000,0.148333,0.533333,4.456667,3.421667,0.278333,0.000000,1.405000,0.001667,0.896667,0.000000,1.336667,0.353333,1.008333,0.156667,0.098333,1.833333,0.213333,0.613333,1.520000,0.000000,0.435000,4.001667,4.631667,4.041667,0.041667,2.578333,0.310000,0.140000,3.338333,0.003333,0.068333,1.011667,0.090000,1.366667,2.371667,2.396667,0.046667,0.391667,2.461667,1.791667,1.586667,0.128333,1.653333,0.663333,0.390000,0.376667,1.261667,1.328333,0.000000,0.925000,2.503333,3.223333,0.000000,1.713333,1.443333,0.236667,0.003333,0.166667,0.108333,0.000000,3.255000,0.558333,2.230000,0.000000,3.738333,3.660000,0.453333,4.326667,0.001667,2.488333,0.001667,0.818333,2.351667,3.931667,1.440000,0.445000,0.000000,3.613333,0.016667,1.256667,0.845000,1.185000,2.025000,0.818333,1.423333,2.138333,1.746667,0.893333,0.405000,3.765000,0.270000,0.093333,0.790000,0.000000,0.026667,0.000000,1.283333,4.980000,0.000000,3.536667,0.000000,0.000000,0.000000,1.181667,2.343333,0.003333,0.015000,4.273333,0.973333,2.773333,1.778333,3.101667,2.926667,1.766667,1.156667,0.003333,1.125000,0.061667,0.580000,2.341667,0.640000,1.396667,0.553333,1.038333,0.601667,0.765000,1.028333,3.125000,0.093333,2.270000,2.455000,0.000000,0.440000,0.575000,2.586667,1.665000,1.343333,0.780000,0.360000,0.018333,0.873333,1.093333,0.658333,2.823333,0.093333,1.171667,0.110000,1.083333,1.565000,0.973333,2.343333,0.686667,0.000000,2.410000,0.000000,0.583333,0.746667,0.000000,1.375000,0.000000,0.010000,0.978333,1.471667,0.000000,0.000000,1.895000,0.008333,0.000000,0.573333,0.318333,0.231667,3.298333,0.651667,2.883333,0.386667,3.461667,1.113333,4.081667,0.000000,2.648333,0.000000,0.000000,3.208333,0.021667,0.106667,0.000000,0.668333,0.003333,4.453333,1.323333,1.255000,1.731667,0.075000,0.385000,0.703333,0.041667,0.325000,2.618333,1.755000,1.531667,0.130000,0.268333,0.326667,1.986667,0.811667,1.193333,1.328333,0.000000,1.166667,0.000000,0.236667,0.223333,0.000000,0.000000,0.968333,0.016667,0.031667,0.000000,0.805000,0.691667,1.310000,0.000000,0.756667,0.000000,0.020000,0.000000,1.188333,0.000000,1.073333,0.920000,0.000000,0.000000,0.000000,0.000000,0.020000,0.000000,0.000000,0.531667,2.655000,0.000000,0.000000,4.915000,0.036667,1.050000,0.000000,2.395000,0.000000,0.555000,0.001667,1.340000,0.000000,2.573333,3.978333,0.000000,0.000000,3.078333,1.100000,0.770000,4.026667,4.308333,0.583333,1.761667,0.311667,0.358333,1.348333,0.633333,0.000000,0.450000,0.538333,0.408333,0.168333,0.631667,0.950000,0.016667,0.556667,1.225000,0.518333,0.275000,0.000000,0.751667,0.021667,0.000000,0.680000,0.050000,0.366667,0.000000,0.000000,0.001667,2.038333,0.255000,0.000000,0.000000,0.000000,0.263333,1.770000,0.010000,0.000000,0.023333,0.000000,0.000000,1.573333,0.268333,2.771667,0.620000,0.233333,1.898333,0.443333,0.000000,0.396667,2.173333,1.066667,0.215000,1.913333,0.030000,0.421667,0.631667,0.388333,0.010000,1.965000,1.966667,0.000000,1.703333,0.213333,0.743333,0.218333,0.820000,0.000000,0.000000,0.000000,0.000000,0.000000,0.371667,0.000000,0.000000,2.678333,1.630000,2.795000,0.136667,1.411667,0.001667,0.223333,0.860000,0.000000,0.068333,0.000000,0.195000,0.341667,0.410000,3.296667,0.005000,0.333333,0.000000,0.000000,0.815000,0.791667,0.000000,0.705000,0.313333,0.358333,0.508333,0.000000,0.363333,0.580000,1.375000,0.000000,0.830000,0.061667,1.743333,1.241667,0.145000,0.001667,0.155000,0.040000,0.573333,2.331667,0.021667,1.326667,0.386667,0.563333,2.856667,1.815000,0.000000,2.133333,0.000000,0.000000,0.000000,0.810000,0.605000,0.005000,2.688333,0.000000,0.658333,0.000000,1.448333,0.025000,0.000000,0.000000,2.033333,1.871667,3.033333,2.138333,2.130000,2.746667,3.428333,1.766667,0.001667,0.000000,4.038333,3.701667,0.000000,0.331667,0.296667,2.986667,2.828333,1.291667,0.000000,0.181667,0.900000,3.188333,0.000000,0.690000,0.001667,0.000000,0.000000,4.528333,0.191667,0.426667,0.428333,0.000000,0.000000,0.000000,0.091667,0.001667,0.000000,0.993333,0.000000,0.000000,1.651667,0.530000,0.000000,2.023333,0.003333,0.238333,0.000000,1.150000,0.135000,1.885000,1.600000,0.136667,0.000000,0.770000,0.000000,1.303333,0.000000,2.426667,0.418333,2.385000,0.000000,0.000000,0.003333,0.375000,0.023333,4.415000,0.000000,0.963333,0.000000,0.000000,0.000000,0.006667,0.018333,0.000000,0.000000,4.500000,1.471667,0.000000,0.000000,0.001667,0.000000,1.931667,0.000000,0.003333,3.898333,0.296667,1.640000,0.016667,0.000000,0.000000,0.058333,0.260000,0.455000,0.725000,2.233333,0.083333,2.170000,0.000000,0.808333,0.988333,3.148333,0.026667,0.095000,0.070000,4.365000,1.530000,2.528333,1.155000,0.968333,0.671667,1.553333,1.068333,0.426667,0.100000,0.880000,1.821667,0.565000,0.290000,0.363333,1.185000,0.098333,0.298333,0.000000,1.806667,0.721667,2.945000,0.475000,1.471667,2.551667,0.018333,0.623333,1.256667,0.013333,0.006667,0.001667,0.001667,1.623333,0.016667,0.280000,0.706667,0.361667,0.446667,4.383333,0.000000,2.490000,2.575000,0.015000,0.705000,3.978333,0.818333,0.115000,0.541667,1.885000,0.330000,0.210000,0.528333,2.020000,0.386667,0.010000,0.038333,0.020000,0.000000,0.648333,0.000000,0.111667,0.466667,0.136667,0.526667,0.021667,0.000000,1.255000,0.015000,0.000000,0.000000,0.020000,0.385000,0.000000,0.171667,0.000000,0.015000,0.000000,0.000000,0.000000,0.000000,0.000000,0.000000,0.000000,0.000000,0.000000,0.000000,0.000000,0.000000,1.340000,0.216667,0.000000,0.286667,3.256667,0.000000,0.686667,2.788333,1.143333,4.445000,1.796667,3.208333,2.380000,0.183333,0.000000,1.665000,0.000000,0.000000,0.000000,0.000000,0.000000,0.000000,0.000000,0.000000,0.000000,0.000000,0.000000,0.000000,0.000000,0.000000,0.003333,0.000000
    ISI Coefficient of Variation,2.092538,2.098281,1.141223,1.454271,1.911031,3.267526,3.590286,1.657793,1.624106, ,1.226932,2.016087, , ,2.346391,1.714238,2.782585,1.826998,2.541265,1.715201, ,2.761307,1.190902,1.481752,1.387226,2.236692,1.263676,1.062880,1.309578,2.287430,1.158907,1.580291,2.536486,2.128240,1.425464,1.215184, ,2.109289,1.520017,1.590623,0.945970,2.550196, ,2.533272, , ,1.847463, , ,1.940259,1.624534, ,1.834357, ,2.003842, , ,1.803046,2.313612, , , , ,1.580634,0.888006, , ,1.228229,2.838208,2.467242, , ,2.244530,2.192958, , ,1.221362,1.645458,2.551349,1.834813,1.287385, , ,1.927313,1.725996, , , , ,1.397822,1.440803, ,3.031640, , , ,2.229844,2.178912,2.346796,2.417908,1.518923,1.450599,1.227178,0.986076,3.617183,2.481348, , ,1.165229,2.086060,0.930012,2.458121, , ,5.019707, , ,2.239039, , ,1.809752, , , , , , , ,1.905274,3.330197,2.699892,1.151748,2.454058,1.011831,1.236845,3.282282,1.604376,1.672124,1.046848,1.626482,1.888493,1.308954,1.819591,1.821330,3.955813,2.178895, ,2.291200,1.352437,4.023731,3.421683,1.120188, ,2.326307, ,1.834488, ,2.288546,1.964903,1.952245,0.838524, ,2.429094,1.067449,1.257414,2.177411, ,2.380380,3.655345,3.866481,3.709118, ,2.887847,1.251702,0.969246,3.242986, , ,2.192681, ,2.535344,2.672060,2.657154, ,2.282010,2.878767,2.506042,2.535881,1.148666,2.404151,1.484891,1.794089,1.489979,2.334885,2.414564, ,1.989893,2.880128,3.866512, ,2.791297,2.534221,1.225373, ,1.302897,1.350258, ,3.829612,1.174446,2.757134, ,3.394369,2.515396,1.584808,3.886201, ,2.917011, ,1.524394,2.841664,3.712202,2.137639,1.384912, ,2.602878, ,1.880946,1.651290,1.758866,2.443097,1.516871,2.080421,2.486439,2.158222,1.619090,1.385930,3.382570,0.735092, ,1.530455, , , ,1.633502,3.092187, ,2.803346, , , ,1.560303,2.395058, , ,3.310910,1.589592,2.670769,2.001768,2.942590,2.836874,2.124005,1.771301, ,1.980880, ,1.309849,2.657046,1.819987,1.898959,1.592948,1.733792,2.060411,1.698247,1.771547,3.163244, ,2.615464,2.774524, ,1.274606,1.255588,2.852582,2.288058,2.042459,1.449228,1.039435, ,1.484488,2.574640,1.751972,3.516551, ,1.657578,0.448949,2.394930,2.821627,2.249849,3.370458,2.024318, ,3.309282, ,1.581233,1.979274, ,3.813797, , ,2.136974,2.752156, , ,3.012609, , ,1.674157,1.520189,1.385329,2.921493,1.751506,3.525432,1.323532,2.989201,2.095950,2.858331, ,3.384658, , ,3.748889, ,0.979775, ,1.567331, ,4.425621,1.948558,4.652592,2.275380, ,1.564134,1.303202, ,1.827134,2.844294,2.326343,2.387706,2.028137,1.800337,2.063151,2.554528,1.558904,1.896188,2.026609, ,2.192795, ,0.975316,1.486575, , ,1.936781, , , ,1.988406,1.597438,2.370723, ,2.617712, , , ,3.140671, ,2.247713,2.448178, , , , , , , ,1.298643,2.557914, , ,3.560737, ,1.390397, ,1.909498, ,1.187389, ,1.849935, ,2.580930,3.214391, , ,2.898516,1.649292,1.573946,3.355822,3.436235,1.412301,2.204804,1.163788,1.480777,2.030012,1.139891, ,1.468748,1.231266,1.624489,2.764749,1.952036,2.469047, ,2.149343,2.798177,1.893929,1.618580, ,2.117818, , ,2.073364, ,1.492410, , , ,2.559603,1.486346, , , ,1.197777,2.951881, , , , , ,2.937440,1.375546,3.424069,1.724480,1.098320,2.776227,1.539167, ,1.983182,2.869936,2.291011,1.386716,2.670032, ,2.479265,1.802834,1.290089, ,2.762954,2.769368, ,2.604851,1.270244,1.508053,0.984784,1.590497, , , , , ,1.187063, , ,3.422360,2.596416,3.449789,1.804415,2.446222, ,1.704296,2.165367, , , ,1.893173,1.172105,1.064538,3.777545, ,2.409034, , ,1.672896,1.899665, ,1.777763,2.399677,1.453649,2.460018, ,1.631792,1.457242,2.325046, ,1.602640, ,2.378236,2.180999,1.213253, ,1.516080, ,1.419751,2.664434, ,2.010513,1.407378,1.220357,3.013383,2.262402, ,2.899647, , , ,2.013317,1.817132, ,3.400949, ,2.018775, ,2.987697, , , ,2.649716,2.573996,3.287683,2.708223,2.779218,3.110642,3.472098,2.412783, , ,3.794199,3.647012, ,1.137630,1.340146,3.280343,3.552875,2.431734, ,0.953181,2.492922,3.833666, ,1.762835, , , ,3.916671,1.315109,2.186026,1.949574, , , , , , ,2.252972, , ,2.722929,1.407046, ,3.032050, ,1.346530, ,2.275156,0.991241,2.581882,2.369511,0.910380, ,2.019474, ,2.176933, ,2.912845,1.275065,2.906077, , , ,1.774112, ,3.469869, ,2.025075, , , , , , , ,3.519355,2.075814, , , , ,2.083872, , ,2.884422,1.082806,2.199771, , , , ,1.192134,1.179151,1.292180,2.553959, ,2.754805, ,1.482078,2.215116,3.180548, , , ,3.751547,2.154817,2.938475,1.805787,1.726971,1.451711,0.870534,1.837646,0.872247,1.155528,1.403192,2.287936,1.895474,0.977357,1.321802,1.835251, ,1.318355, ,2.347993,1.806202,2.875007,1.212460,2.069616,2.990968, ,1.663906,2.004775, , , , ,2.376251, ,1.818881,1.449812,1.568934,1.161198,3.660915, ,2.799979,3.042790, ,1.647258,3.910696,1.887735,1.081771,1.449655,2.737359,0.847877,1.222591,1.526891,2.748154,1.563552, , , , ,1.452106, ,1.403098,1.358007,1.148454,1.639476, , ,1.757360, , , , ,0.860223, ,1.740582, , , , , , , , , , , , , , ,1.753672,0.818964, ,1.165964,3.049995, ,1.393909,2.765687,1.666184,3.253661,2.164715,2.996460,2.481875,1.212557, ,2.265881, , , , , , , , , , , , , , , , 
Electrode Burst Metrics
    Number of Bursts,14.000000,14.000000,1.000000,3.000000,17.000000,87.000000,89.000000,14.000000,14.000000,0.000000,1.000000,25.000000,0.000000,0.000000,10.000000,10.000000,159.000000,37.000000,109.000000,29.000000,0.000000,114.000000,9.000000,17.000000,9.000000,85.000000,0.000000,0.000000,13.000000,79.000000,1.000000,23.000000,56.000000,39.000000,5.000000,2.000000,0.000000,26.000000,5.000000,10.000000,1.000000,65.000000,0.000000,58.000000,0.000000,0.000000,14.000000,0.000000,0.000000,7.000000,4.000000,0.000000,2.000000,0.000000,6.000000,0.000000,0.000000,3.000000,5.000000,0.000000,0.000000,0.000000,0.000000,3.000000,0.000000,0.000000,0.000000,2.000000,79.000000,57.000000,0.000000,0.000000,45.000000,44.000000,0.000000,0.000000,2.000000,4.000000,58.000000,18.000000,7.000000,0.000000,0.000000,24.000000,18.000000,0.000000,0.000000,0.000000,0.000000,7.000000,3.000000,0.000000,74.000000,0.000000,0.000000,0.000000,32.000000,42.000000,64.000000,63.000000,19.000000,14.000000,1.000000,0.000000,178.000000,56.000000,0.000000,0.000000,9.000000,44.000000,0.000000,54.000000,0.000000,0.000000,33.000000,0.000000,0.000000,9.000000,0.000000,0.000000,9.000000,0.000000,0.000000,0.000000,0.000000,0.000000,0.000000,0.000000,35.000000,146.000000,85.000000,0.000000,78.000000,0.000000,12.000000,138.000000,18.000000,16.000000,54.000000,19.000000,47.000000,9.000000,40.000000,37.000000,123.000000,20.000000,0.000000,1.000000,2.000000,124.000000,89.000000,1.000000,0.000000,38.000000,0.000000,18.000000,0.000000,30.000000,6.000000,20.000000,0.000000,1.000000,69.000000,1.000000,5.000000,64.000000,0.000000,23.000000,147.000000,148.000000,113.000000,0.000000,104.000000,1.000000,0.000000,113.000000,0.000000,0.000000,27.000000,3.000000,32.000000,47.000000,37.000000,0.000000,5.000000,55.000000,26.000000,47.000000,2.000000,39.000000,5.000000,7.000000,9.000000,48.000000,56.000000,0.000000,32.000000,88.000000,108.000000,0.000000,66.000000,59.000000,6.000000,0.000000,4.000000,0.000000,0.000000,104.000000,0.000000,112.000000,0.000000,148.000000,77.000000,16.000000,156.000000,0.000000,113.000000,0.000000,24.000000,117.000000,157.000000,61.000000,8.000000,0.000000,80.000000,0.000000,26.000000,22.000000,30.000000,51.000000,14.000000,32.000000,73.000000,46.000000,15.000000,11.000000,161.000000,0.000000,0.000000,20.000000,0.000000,0.000000,0.000000,20.000000,118.000000,0.000000,89.000000,0.000000,0.000000,0.000000,17.000000,82.000000,0.000000,0.000000,138.000000,14.000000,86.000000,31.000000,93.000000,76.000000,42.000000,30.000000,0.000000,28.000000,0.000000,2.000000,67.000000,21.000000,35.000000,15.000000,28.000000,29.000000,25.000000,34.000000,125.000000,1.000000,82.000000,103.000000,0.000000,8.000000,14.000000,106.000000,65.000000,47.000000,15.000000,0.000000,0.000000,6.000000,44.000000,11.000000,97.000000,0.000000,16.000000,0.000000,44.000000,73.000000,38.000000,91.000000,27.000000,0.000000,92.000000,0.000000,4.000000,17.000000,0.000000,19.000000,0.000000,0.000000,33.000000,54.000000,0.000000,0.000000,61.000000,0.000000,0.000000,15.000000,1.000000,2.000000,62.000000,20.000000,118.000000,0.000000,91.000000,36.000000,124.000000,0.000000,115.000000,0.000000,0.000000,119.000000,0.000000,0.000000,0.000000,9.000000,0.000000,127.000000,30.000000,1.000000,40.000000,0.000000,10.000000,14.000000,0.000000,9.000000,84.000000,53.000000,60.000000,7.000000,8.000000,10.000000,60.000000,7.000000,35.000000,23.000000,0.000000,24.000000,0.000000,0.000000,7.000000,0.000000,0.000000,32.000000,0.000000,0.000000,0.000000,15.000000,9.000000,33.000000,0.000000,27.000000,0.000000,0.000000,0.000000,30.000000,0.000000,28.000000,22.000000,0.000000,0.000000,0.000000,0.000000,0.000000,0.000000,0.000000,4.000000,60.000000,0.000000,0.000000,157.000000,0.000000,5.000000,0.000000,14.000000,0.000000,4.000000,0.000000,8.000000,0.000000,78.000000,91.000000,0.000000,0.000000,89.000000,5.000000,18.000000,122.000000,142.000000,7.000000,35.000000,4.000000,7.000000,31.000000,0.000000,0.000000,8.000000,2.000000,14.000000,6.000000,23.000000,23.000000,0.000000,19.000000,39.000000,15.000000,12.000000,0.000000,23.000000,0.000000,0.000000,24.000000,1.000000,4.000000,0.000000,0.000000,0.000000,62.000000,6.000000,0.000000,0.000000,0.000000,3.000000,72.000000,0.000000,0.000000,0.000000,0.000000,0.000000,11.000000,6.000000,68.000000,15.000000,2.000000,61.000000,5.000000,0.000000,17.000000,67.000000,27.000000,5.000000,41.000000,0.000000,17.000000,19.000000,2.000000,0.000000,53.000000,48.000000,0.000000,52.000000,2.000000,3.000000,0.000000,10.000000,0.000000,0.000000,0.000000,0.000000,0.000000,2.000000,0.000000,0.000000,94.000000,62.000000,91.000000,3.000000,47.000000,0.000000,5.000000,15.000000,0.000000,0.000000,0.000000,7.000000,0.000000,1.000000,126.000000,0.000000,7.000000,0.000000,0.000000,14.000000,17.000000,0.000000,19.000000,11.000000,9.000000,25.000000,0.000000,8.000000,6.000000,41.000000,0.000000,21.000000,2.000000,52.000000,37.000000,0.000000,0.000000,5.000000,0.000000,13.000000,76.000000,0.000000,38.000000,10.000000,3.000000,102.000000,45.000000,0.000000,45.000000,0.000000,0.000000,0.000000,22.000000,14.000000,0.000000,76.000000,0.000000,17.000000,0.000000,33.000000,0.000000,0.000000,0.000000,84.000000,81.000000,125.000000,76.000000,94.000000,128.000000,143.000000,72.000000,0.000000,0.000000,144.000000,145.000000,0.000000,4.000000,6.000000,124.000000,78.000000,37.000000,0.000000,0.000000,33.000000,96.000000,0.000000,10.000000,0.000000,0.000000,0.000000,96.000000,1.000000,3.000000,14.000000,0.000000,0.000000,0.000000,0.000000,0.000000,0.000000,25.000000,0.000000,0.000000,61.000000,5.000000,0.000000,61.000000,0.000000,3.000000,0.000000,23.000000,1.000000,78.000000,67.000000,0.000000,0.000000,31.000000,0.000000,44.000000,0.000000,88.000000,5.000000,98.000000,0.000000,0.000000,0.000000,16.000000,0.000000,122.000000,0.000000,12.000000,0.000000,0.000000,0.000000,0.000000,0.000000,0.000000,0.000000,151.000000,42.000000,0.000000,0.000000,0.000000,0.000000,45.000000,0.000000,0.000000,83.000000,2.000000,41.000000,0.000000,0.000000,0.000000,0.000000,2.000000,2.000000,4.000000,72.000000,1.000000,86.000000,0.000000,14.000000,41.000000,116.000000,0.000000,0.000000,1.000000,149.000000,47.000000,93.000000,27.000000,25.000000,18.000000,1.000000,43.000000,0.000000,0.000000,10.000000,50.000000,20.000000,0.000000,1.000000,29.000000,0.000000,10.000000,0.000000,52.000000,23.000000,106.000000,11.000000,34.000000,90.000000,0.000000,10.000000,15.000000,0.000000,0.000000,0.000000,0.000000,51.000000,0.000000,6.000000,9.000000,8.000000,4.000000,140.000000,0.000000,81.000000,90.000000,0.000000,12.000000,130.000000,11.000000,0.000000,5.000000,70.000000,0.000000,1.000000,5.000000,92.000000,5.000000,0.000000,0.000000,0.000000,0.000000,3.000000,0.000000,1.000000,4.000000,0.000000,7.000000,0.000000,0.000000,19.000000,0.000000,0.000000,0.000000,0.000000,0.000000,0.000000,3.000000,0.000000,0.000000,0.000000,0.000000,0.000000,0.000000,0.000000,0.000000,0.000000,0.000000,0.000000,0.000000,0.000000,0.000000,7.000000,1.000000,0.000000,1.000000,118.000000,0.000000,4.000000,85.000000,6.000000,151.000000,41.000000,105.000000,66.000000,1.000000,0.000000,55.000000,0.000000,0.000000,0.000000,0.000000,0.000000,0.000000,0.000000,0.000000,0.000000,0.000000,0.000000,0.000000,0.000000,0.000000,0.000000,0.000000
    Burst Duration - Avg (sec),0.159297,0.135417,0.025760,0.298960,0.425751,0.084422,0.097066,0.221663,0.068971, ,0.509600,0.132995, , ,0.167288,0.136472,0.043294,0.037012,0.041794,0.045434, ,0.060794,0.037147,0.035078,0.037947,0.036105, , ,0.049298,0.038193,0.035840,0.045701,0.077664,0.112644,0.313296,0.742000, ,0.137243,0.298448,0.176848,0.263600,0.075993, ,0.072230, , ,0.151086, , ,1.604251,1.153880, ,2.697760, ,1.411627, , ,3.564240,1.558112, , , , ,4.212800, , , ,0.072360,0.125413,0.088883, , ,0.089140,0.092407, , ,0.086080,0.210120,0.089052,0.138698,0.101874, , ,0.097767,0.116467, , , , ,0.255120,0.442907, ,0.083381, , , ,0.085150,0.102939,0.077614,0.051035,0.114606,0.093943,0.461120, ,0.063467,0.098673, , ,0.043298,0.070049, ,0.075166, , ,0.157845, , ,0.111449, , ,0.111520, , , , , , , ,0.074082,0.069527,0.080784, ,0.072283, ,0.128380,0.090116,0.084253,0.055580,0.078401,0.048703,0.049900,0.048782,0.072714,0.071959,0.084798,0.181772, ,2.422640,1.303920,0.082063,0.095979,1.858320, ,0.127996, ,0.183818, ,0.127272,0.464960,0.179168, ,0.014560,0.077952,0.021200,0.132256,0.047116, ,0.117948,0.074323,0.074812,0.090227, ,0.073646,0.054880, ,0.072763, , ,0.188495,0.599760,0.158940,0.132325,0.145524, ,0.760240,0.131279,0.157846,0.100456,0.128040,0.160954,0.731488,0.405086,0.187280,0.082355,0.061601, ,0.103582,0.072000,0.068893, ,0.065752,0.070743,0.025573, ,0.174000, , ,0.077942, ,0.050610, ,0.063632,0.057512,0.040710,0.065833, ,0.054366, ,0.029987,0.042534,0.056872,0.046087,0.121370, ,0.064348, ,0.086071,0.077905,0.046301,0.073965,0.108737,0.083940,0.056016,0.063565,0.113984,0.109855,0.055825, , ,0.091480, , , ,0.063248,0.126351, ,0.116687, , , ,0.245318,0.074711, , ,0.101402,0.172943,0.097237,0.094735,0.084243,0.090571,0.098202,0.101539, ,0.094766, ,0.039200,0.091933,0.101570,0.094725,0.095755,0.096671,0.068251,0.050669,0.069866,0.064019,0.045040,0.099170,0.060871, ,0.052540,0.051537,0.059663,0.053154,0.054693,0.040859, , ,0.060787,0.108802,0.122305,0.094634, ,0.174385, ,0.075949,0.079621,0.091571,0.093742,0.133736, ,0.074315, ,0.659120,0.192536, ,0.867533, , ,0.132880,0.202250, , ,0.156062, , ,0.088027,0.380640,0.072600,0.140764,0.079596,0.084881, ,0.102228,0.144756,0.103368, ,0.086904, , ,0.084344, , , ,0.222098, ,0.096156,0.127067,2.979280,0.107532, ,0.087168,0.063371, ,0.112169,0.092372,0.094332,0.056692,0.102766,0.256370,0.102840,0.077768,0.134091,0.125221,0.158647, ,0.182477, , ,0.114149, , ,0.137305, , , ,0.233968,0.343484,0.130145, ,0.083742, , , ,0.272699, ,0.140863,0.183040, , , , , , , ,0.347820,0.158335, , ,0.079228, ,1.367472, ,0.458817, ,0.357800, ,0.798410, ,0.109410,0.127668, , ,0.099427,0.773136,0.205902,0.099838,0.097923,0.438126,0.135623,0.079260,0.180914,0.176777, , ,0.356620,0.618360,0.142451,0.171573,0.100397,0.139812, ,0.124888,0.114406,0.203653,0.147853, ,0.132953, , ,0.130623,1.066800,0.391200, , , ,0.093105,0.077720, , , ,0.022613,0.116782, , , , , ,0.961120,0.176133,0.103294,0.212149,0.503200,0.109890,0.378592, ,0.108588,0.107541,0.130803,0.059824,0.134226, ,0.191958,0.094354,1.151560, ,0.095141,0.109260, ,0.084702,0.059120,0.410027, ,0.271456, , , , , ,0.581520, , ,0.094944,0.090347,0.100048,0.132880,0.108402, ,0.236336,0.085216, , , ,0.128331, ,2.234160,0.085482, ,0.169360, , ,0.200571,0.157092, ,0.150678,0.189302,0.073867,0.088451, ,0.259070,0.343947,0.106525, ,0.090549,0.198320,0.074686,0.079901, , ,0.174992, ,0.056948,0.074595, ,0.082695,0.073360,0.227787,0.068174,0.089326, ,0.143449, , , ,0.162451,0.273006, ,0.131522, ,0.287308, ,0.188395, , , ,0.071812,0.050612,0.067338,0.076907,0.056358,0.059831,0.063244,0.065081, , ,0.085136,0.064774, ,0.109100,0.094387,0.062873,0.111839,0.189706, , ,0.199716,0.126883, ,0.143632, , , ,0.146342,0.167680,1.204560,0.238920, , , , , , ,0.133053, , ,0.106194,0.076256, ,0.145458, ,0.077920, ,0.342191,0.048480,0.069496,0.081022, , ,0.169832, ,0.094105, ,0.075088,0.035776,0.074784, , , ,0.054855, ,0.115819, ,0.337020, , , , , , , ,0.080436,0.069880, , , , ,0.092466, , ,0.112760,0.375440,0.118098, , , , ,0.283000,0.078320,0.029240,0.070238,0.041040,0.058158, ,0.087777,0.057132,0.074564, , ,0.052880,0.072014,0.055661,0.065146,0.075932,0.054554,0.068804,0.056640,0.041892, , ,0.159856,0.069405,0.063264, ,0.011200,0.077206, ,0.061176, ,0.043006,0.055614,0.057254,0.055644,0.077047,0.083952, ,0.092288,0.228459, , , , ,0.083802, ,0.187400,0.070347,0.383510,0.559220,0.071334, ,0.077544,0.072463, ,0.128327,0.073017,0.276662, ,0.420272,0.090751, ,0.180400,0.429440,0.079719,0.338256, , , , ,0.507653, ,0.105600,0.492920, ,0.391543, , ,0.145339, , , , , , ,0.428667, , , , , , , , , , , , , , ,0.504811,0.192880, ,0.070640,0.074925, ,0.689380,0.087810,0.346080,0.074533,0.130872,0.088385,0.105182,0.964000, ,0.104329, , , , , , , , , , , , , , , , 
    Burst Duration - Std (sec),0.222432,0.178643, ,0.172164,0.227956,0.133929,0.134461,0.304738,0.054684, , ,0.206072, , ,0.212013,0.175789,0.027994,0.028595,0.023993,0.026981, ,0.076707,0.021920,0.015830,0.026685,0.021020, , ,0.028041,0.022710, ,0.023102,0.139560,0.201639,0.325837,0.142892, ,0.193639,0.359807,0.283437, ,0.168731, ,0.137203, , ,0.254502, , ,2.845030,0.929442, ,0.267230, ,1.450819, , ,2.376825,3.045481, , , , ,2.512490, , , ,0.005374,0.195979,0.118642, , ,0.121087,0.115842, , ,0.044689,0.074283,0.117924,0.195353,0.022935, , ,0.151497,0.162018, , , , ,0.316503,0.353556, ,0.102374, , , ,0.213111,0.193640,0.163613,0.074663,0.269297,0.194521, , ,0.099163,0.185183, , ,0.032978,0.070133, ,0.078421, , ,0.066174, , ,0.109400, , ,0.058443, , , , , , , ,0.083048,0.091853,0.118169, ,0.062452, ,0.230879,0.135164,0.030384,0.021179,0.072458,0.016819,0.020076,0.013185,0.120727,0.025791,0.110914,0.557947, , ,1.792657,0.082898,0.149263, , ,0.407466, ,0.521231, ,0.355528,1.015099,0.566996, , ,0.081481, ,0.134550,0.047075, ,0.253819,0.042780,0.045763,0.028117, ,0.052245, , ,0.061842, , ,0.480936,0.767968,0.450066,0.346030,0.306339, ,1.019111,0.290225,0.336759,0.252649,0.129712,0.402983,0.985434,0.610095,0.404017,0.181440,0.163063, ,0.284565,0.180735,0.137772, ,0.191498,0.200208,0.013405, ,0.152274, , ,0.162830, ,0.023776, ,0.034875,0.030786,0.012344,0.038854, ,0.032449, ,0.021866,0.020461,0.036480,0.025597,0.064531, ,0.096510, ,0.151956,0.087076,0.021802,0.128854,0.201114,0.109282,0.102840,0.113880,0.204399,0.117889,0.074080, , ,0.165055, , , ,0.084043,0.198257, ,0.262232, , , ,0.557666,0.180058, , ,0.186678,0.140204,0.101862,0.032970,0.089447,0.089065,0.095213,0.125342, ,0.085680, ,0.008146,0.095611,0.128164,0.108657,0.126273,0.142307,0.037155,0.016021,0.019228,0.042541, ,0.235428,0.047729, ,0.015644,0.023725,0.044300,0.047863,0.017901,0.016172, , ,0.029644,0.306214,0.151867,0.157712, ,0.517725, ,0.133210,0.213303,0.219655,0.195479,0.356889, ,0.155668, ,0.983932,0.504696, ,0.549479, , ,0.326889,0.229411, , ,0.189434, , ,0.041587, ,0.001754,0.170281,0.037387,0.070360, ,0.163621,0.369169,0.166770, ,0.194864, , ,0.090357, , , ,0.552469, ,0.107797,0.245698, ,0.215156, ,0.090504,0.018000, ,0.158024,0.149015,0.155952,0.028287,0.169729,0.512813,0.150249,0.159572,0.259393,0.437216,0.489181, ,0.542301, , ,0.099614, , ,0.401921, , , ,0.683134,0.816829,0.412412, ,0.065067, , , ,0.437406, ,0.133554,0.383778, , , , , , , ,0.359290,0.352953, , ,0.156266, ,0.420518, ,0.517708, ,0.093403, ,0.672554, ,0.289829,0.256396, , ,0.202932,0.669214,0.346871,0.166987,0.178089,0.479127,0.243999,0.074915,0.299837,0.340580, , ,0.494481,0.843720,0.136238,0.353757,0.158290,0.281515, ,0.321840,0.197285,0.375379,0.361896, ,0.284089, , ,0.266882, ,0.644338, , , ,0.324310,0.096187, , , ,0.002530,0.304404, , , , , ,1.520782,0.278318,0.169778,0.345895,0.215979,0.201122,0.510639, ,0.152862,0.200741,0.172581,0.016323,0.250651, ,0.360618,0.072600,0.075519, ,0.156972,0.173688, ,0.117692,0.013803,0.323092, ,0.462538, , , , , ,0.279335, , ,0.203611,0.263000,0.200715,0.048183,0.135435, ,0.418972,0.024222, , , ,0.055507, , ,0.117553, ,0.247751, , ,0.431784,0.395684, ,0.392319,0.462931,0.085010,0.096658, ,0.557083,0.637101,0.273662, ,0.074856,0.251617,0.079174,0.102388, , ,0.250420, ,0.018375,0.089663, ,0.069854,0.084144,0.274122,0.075390,0.116493, ,0.262759, , , ,0.326371,0.702318, ,0.243498, ,0.543171, ,0.423489, , , ,0.105765,0.026574,0.053381,0.062362,0.055319,0.049083,0.035191,0.031440, , ,0.058633,0.033116, ,0.070969,0.075439,0.033454,0.225544,0.421332, , ,0.553437,0.206832, ,0.201398, , , ,0.171432, ,0.924652,0.363707, , , , , , ,0.315433, , ,0.222467,0.068488, ,0.323839, ,0.018115, ,0.825464, ,0.102844,0.146559, , ,0.056683, ,0.179792, ,0.035399,0.019812,0.149181, , , ,0.025682, ,0.167220, ,0.457570, , , , , , , ,0.105157,0.085322, , , , ,0.144949, , ,0.170173,0.437162,0.222182, , , , ,0.061151,0.069127,0.009893,0.176101, ,0.032753, ,0.032088,0.024952,0.041202, , , ,0.036396,0.036587,0.038990,0.038245,0.026631,0.025886, ,0.025139, , ,0.251268,0.039377,0.019211, , ,0.049337, ,0.019738, ,0.031472,0.021939,0.064149,0.023846,0.140637,0.187048, ,0.122180,0.459301, , , , ,0.290859, ,0.285637,0.128299,0.741448,0.990480,0.107497, ,0.162930,0.171466, ,0.198459,0.107296,0.496290, ,0.541368,0.189060, , ,0.531944,0.170914,0.364469, , , , ,0.384869, , ,0.472238, ,0.493856, , ,0.295415, , , , , , ,0.310900, , , , , , , , , , , , , , ,0.882659, , , ,0.160859, ,0.775062,0.133925,0.786431,0.134243,0.317574,0.133613,0.251059, , ,0.191673, , , , , , , , , , , , , , , , 
    Number of Spikes per Burst - Avg,17.571429,9.642857,4.000000,7.000000,15.294118,15.034483,17.235955,10.000000,6.214286, ,8.000000,12.000000, , ,9.400000,7.100000,10.641509,8.243243,9.596330,6.655172, ,13.122807,5.111111,6.941176,5.444444,8.576471, , ,6.846154,8.594937,4.000000,10.391304,10.500000,11.025641,11.000000,15.000000, ,11.807692,17.000000,8.500000,7.000000,10.353846, ,10.551724, , ,13.214286, , ,33.428571,15.000000, ,25.000000, ,24.500000, , ,63.333333,29.600000, , , , ,50.333333, , , ,6.000000,16.177215,12.192982, , ,10.155556,9.681818, , ,5.500000,6.500000,12.327586,9.333333,8.571429, , ,11.541667,10.222222, , , , ,9.142857,22.333333, ,17.540541, , , ,10.843750,13.071429,9.390625,9.666667,7.210526,6.785714,22.000000, ,14.230337,11.410714, , ,5.777778,10.477273, ,13.518519, , ,17.151515, , ,6.111111, , ,5.777778, , , , , , , ,8.771429,13.116438,10.929412, ,8.705128, ,7.083333,13.362319,7.333333,6.437500,15.314815,5.684211,7.765957,5.777778,8.600000,9.324324,14.804878,15.750000, ,45.000000,14.000000,15.669355,13.876404,13.000000, ,11.105263, ,10.722222, ,14.366667,17.333333,13.150000, ,4.000000,9.724638,4.000000,7.000000,7.015625, ,7.260870,14.741497,17.209459,18.469027, ,11.500000,5.000000, ,14.761062, , ,12.518519,10.000000,14.656250,18.021277,18.000000, ,29.200000,15.927273,22.230769,12.340426,6.500000,13.333333,14.800000,12.428571,7.000000,8.312500,9.482143, ,8.625000,13.397727,16.120370, ,11.181818,10.084746,4.666667, ,5.500000, , ,16.673077, ,9.633929, ,13.635135,11.649351,6.250000,16.000000, ,11.053097, ,5.708333,10.273504,14.503185,7.704918,8.375000, ,12.787500, ,11.846154,9.863636,8.266667,12.274510,9.428571,12.968750,9.219178,8.565217,10.000000,8.818182,12.291925, , ,9.050000, , , ,6.650000,15.754237, ,13.258427, , , ,14.588235,8.792683, , ,14.623188,11.500000,11.953488,13.064516,14.655914,15.197368,12.523810,9.333333, ,14.071429, ,6.000000,14.895522,8.666667,10.485714,9.400000,10.500000,8.482759,7.440000,7.441176,12.520000,4.000000,9.841463,10.184466, ,5.375000,6.357143,10.764151,8.415385,7.553191,6.266667, , ,6.500000,11.750000,9.909091,14.969072, ,7.625000, ,9.454545,10.575342,9.473684,13.648352,8.370370, ,12.989130, ,18.500000,10.470588, ,37.736842, , ,8.848485,11.370370, , ,12.311475, , ,7.333333,9.000000,6.000000,19.967742,7.100000,13.203390, ,13.835165,9.527778,16.250000, ,12.460870, , ,14.983193, , , ,7.888889, ,19.543307,10.533333,23.000000,11.125000, ,10.500000,7.357143, ,7.666667,12.750000,12.245283,9.833333,7.857143,9.000000,9.700000,11.783333,7.142857,8.314286,12.391304, ,14.291667, , ,6.142857, , ,8.562500, , , ,14.133333,10.777778,12.545455, ,13.111111, , , ,16.533333, ,14.321429,8.363636, , , , , , , ,14.000000,14.300000, , ,15.452229, ,21.200000, ,22.857143, ,10.500000, ,41.500000, ,13.525641,19.219780, , ,13.033708,29.800000,10.444444,14.426230,14.042254,16.142857,13.514286,6.250000,12.428571,14.032258, , ,8.125000,10.500000,8.071429,10.500000,10.260870,16.956522, ,12.052632,13.615385,10.800000,6.416667, ,9.782609, , ,8.541667,6.000000,19.000000, , , ,12.048387,6.000000, , , ,4.333333,12.000000, , , , , ,44.090909,7.666667,18.161765,10.866667,10.500000,12.622951,14.000000, ,9.411765,12.149254,14.111111,5.000000,14.829268, ,11.529412,10.842105,21.000000, ,13.396226,14.083333, ,12.250000,6.000000,14.666667, ,8.100000, , , , , ,10.500000, , ,13.446809,8.338710,14.032967,8.000000,9.531915, ,10.600000,7.133333, , , ,6.285714, ,30.000000,13.507937, ,14.428571, , ,10.214286,13.705882, ,12.578947,11.818182,6.000000,9.240000, ,11.375000,12.500000,11.268293, ,10.000000,7.000000,12.000000,11.648649, , ,5.800000, ,6.461538,10.605263, ,9.921053,7.600000,10.666667,12.294118,11.000000, ,18.244444, , , ,10.045455,11.857143, ,16.539474, ,12.058824, ,18.636364, , , ,10.071429,10.012346,12.656000,12.355263,10.893617,11.171875,13.188811,9.250000, , ,15.277778,14.082759, ,7.000000,6.333333,12.580645,16.230769,11.513514, , ,12.333333,16.343750, ,8.200000, , , ,20.260417,9.000000,51.000000,9.285714, , , , , , ,12.880000, , ,11.278689,5.800000, ,14.606557, ,5.333333, ,15.521739,5.000000,9.012821,9.059701, , ,10.258065, ,9.090909, ,11.863636,5.000000,11.295918, , , ,5.937500, ,15.918033, ,26.500000, , , , , , , ,14.417219,10.190476, , , , ,11.844444, , ,14.843373,6.500000,11.073171, , , , ,12.000000,5.500000,5.250000,10.763889,6.000000,11.465116, ,7.571429,9.463415,12.620690, , ,4.000000,15.389262,7.914894,12.440860,8.000000,8.000000,7.277778,7.000000,7.441860, , ,8.400000,10.580000,9.950000, ,4.000000,8.965517, ,6.700000, ,12.250000,9.869565,12.160377,6.818182,11.588235,11.877778, ,7.600000,14.533333, , , , ,10.921569, ,13.666667,8.555556,9.375000,8.000000,14.207143, ,12.160494,12.855556, ,7.333333,15.615385,14.000000, ,13.600000,11.585714, ,6.000000,21.400000,9.673913,14.600000, , , , ,13.666667, ,5.000000,11.000000, ,12.285714, , ,8.157895, , , , , , ,17.333333, , , , , , , , , , , , , , ,14.571429,6.000000, ,5.000000,11.364407, ,11.500000,12.447059,8.666667,13.582781,9.658537,13.485714,11.939394,16.000000, ,10.127273, , , , , , , , , , , , , , , , 
    Number of Spikes per Burst - Std,17.421094,7.468983, ,1.732051,4.857529,17.219816,22.185695,5.751254,1.423893, , ,11.213831, , ,8.289217,2.378141,3.990944,3.932807,3.786231,1.587358, ,5.249762,1.054093,1.519481,1.236033,3.342997, , ,1.519109,3.264098, ,3.299299,9.504066,15.292735,8.485281,4.242641, ,13.392593,16.628289,6.363961, ,13.338655, ,13.968853, , ,16.333913, , ,42.453336,3.366502, ,8.485281, ,20.926060, , ,43.143172,47.830952, , , , ,45.081408, , , ,0.000000,17.982726,10.007923, , ,7.824657,4.491712, , ,0.707107,0.577350,12.777980,8.116794,1.812654, , ,13.413099,11.064280, , , , ,2.794553,15.502688, ,13.067988, , , ,9.565089,16.978312,6.393492,6.250161,2.507299,2.636389, , ,13.414209,7.947045, , ,2.682246,5.276048, ,11.044918, , ,5.820874, , ,2.472066, , ,1.301708, , , , , , , ,3.971114,14.150185,8.302020, ,2.460646, ,2.391589,11.072384,1.571810,1.998958,7.745538,0.820070,1.879093,0.666667,3.841741,2.828958,14.846570,36.611581, , ,12.727922,15.181676,17.290841, , ,15.933628, ,14.851443, ,26.090669,30.216993,25.897114, , ,2.964913, ,1.224745,1.637770, ,2.799633,5.466070,6.131499,5.724432, ,3.881747, , ,4.662300, , ,13.923888,5.567764,26.339728,26.323646,32.463655, ,32.957548,25.530559,39.975300,13.240709,2.121320,16.134848,15.319922,12.067272,3.570714,5.634832,6.930804, ,9.506365,13.960157,16.765406, ,8.285129,6.094905,0.816497, ,1.000000, , ,18.851717, ,2.567979, ,4.142280,3.538384,1.483240,5.675073, ,3.605157, ,1.041703,3.682727,5.072076,1.926519,1.846812, ,13.397235, ,13.698737,4.611533,2.664367,11.106896,8.317861,8.483321,9.048092,3.873856,10.385429,6.242086,12.026866, , ,4.839258, , , ,2.207046,18.590475, ,15.861279, , , ,25.712494,7.321097, , ,14.340593,6.618738,8.497622,3.549042,12.862563,10.771592,5.802599,4.663381, ,8.606322, ,1.414214,14.366559,8.248232,10.531106,5.408987,10.358393,3.531700,1.733974,1.283725,4.380308, ,3.756376,3.613015, ,0.517549,1.499084,3.796118,2.486792,1.678619,1.279881, , ,1.048809,16.216737,7.489386,16.652361, ,5.987487, ,6.151024,7.485018,10.983370,17.076542,3.164079, ,17.148027, ,23.699508,16.183007, ,18.846874, , ,2.670688,6.926287, , ,5.448367, , ,1.877181, ,0.000000,21.072838,1.713722,4.603156, ,5.451328,10.845634,11.087696, ,8.057128, , ,5.771031, , , ,6.508541, ,15.077975,7.735870, ,13.827115, ,9.192388,1.150728, ,4.358899,12.482156,10.124049,3.618065,4.740906,5.345225,9.718825,15.346939,3.933979,6.239209,21.831460, ,27.515180, , ,1.772811, , ,6.955794, , , ,27.774260,12.122064,28.508870, ,6.154006, , , ,12.907451, ,5.178685,3.619332, , , , , , , ,9.416298,18.601349, , ,16.290412, ,4.868265, ,21.263393, ,1.290994, ,32.160313, ,21.138212,30.887898, , ,15.345602,21.522082,8.786502,19.101260,16.611059,12.928374,14.831151,2.500000,16.174642,20.772552, , ,2.850439,7.778175,2.673640,14.010710,5.618293,22.400240, ,22.302152,15.168554,11.238963,3.752777, ,9.788474, , ,6.227423, ,27.337398, , , ,19.341137,3.033150, , , ,0.577350,15.300741, , , , , ,63.430993,6.055301,17.058819,9.970432,2.121320,11.707781,14.106736, ,8.573643,10.593385,14.431092,0.000000,19.575370, ,11.916992,6.085166,1.414214, ,13.381014,15.487584, ,12.799931,1.414214,7.767453, ,4.724640, , , , , ,2.121320, , ,16.738094,6.285407,17.055107,1.732051,4.095868, ,12.541930,1.302013, , , ,1.496026, , ,14.730510, ,23.193800, , ,11.233046,20.309372, ,15.174232,19.343310,2.000000,6.443860, ,15.638209,15.921683,10.770386, ,7.745967,4.242641,7.886449,12.921163, , ,1.303840, ,1.613246,6.897495, ,4.845625,4.948625,8.144528,12.997020,7.945839, ,24.064455, , , ,6.395514,14.032145, ,19.987623, ,13.381286, ,26.319929, , , ,5.122089,3.749979,4.650883,4.468270,4.441902,4.124269,4.835245,2.360174, , ,7.560890,5.320954, ,2.160247,1.966384,4.096591,22.440063,13.219560, , ,14.012643,18.290537, ,5.072803, , , ,21.439386, ,41.243181,4.140393, , , , , , ,22.738220, , ,12.845403,0.836660, ,13.829050, ,0.577350, ,22.691347, ,3.205084,4.063439, , ,2.516184, ,6.003170, ,4.158309,1.224745,7.480847, , , ,1.569235, ,19.185734, ,35.044128, , , , , , , ,12.901348,7.238913, , , , ,10.315380, , ,15.861813,2.121320,9.701521, , , , ,1.414214,0.707107,0.500000,13.774331, ,5.409573, ,1.949923,3.170943,4.496675, , , ,5.835251,2.093777,5.855994,1.687055,3.278719,1.840894, ,2.693045, , ,3.864367,4.655872,3.546310, , ,2.896830, ,2.162817, ,8.510374,3.817476,7.524103,1.662419,9.309876,15.069001, ,4.812022,22.283455, , , , ,19.948778, ,16.883917,7.891627,5.208167,5.354126,15.146050, ,17.169345,20.026702, ,3.472838,19.560039,16.443844, ,11.907981,13.508444, , ,20.719556,6.458845,12.280065, , , , ,6.806859, , ,6.633250, ,10.950103, , ,6.440007, , , , , , ,13.316656, , , , , , , , , , , , , , ,18.572894, , , ,15.615391, ,5.802298,11.106096,8.500980,16.350885,6.912343,14.236407,14.273029, , ,8.062383, , , , , , , , , , , , , , , , 
    Mean ISI within Burst - Avg (sec),0.008308,0.012998,0.008587,0.046437,0.027202,0.005503,0.006049,0.019127,0.012533, ,0.072800,0.009860, , ,0.016524,0.018045,0.004380,0.004795,0.004858,0.007633, ,0.004482,0.008464,0.005915,0.008155,0.004688, , ,0.008161,0.004916,0.011947,0.004714,0.006808,0.009715,0.026231,0.053930, ,0.011649,0.013686,0.014939,0.043933,0.006540, ,0.006740, , ,0.009461, , ,0.029686,0.077995, ,0.122000, ,0.043002, , ,0.061437,0.031798, , , , ,0.103387, , , ,0.014472,0.007486,0.007416, , ,0.008609,0.009209, , ,0.018578,0.037554,0.007473,0.013085,0.013889, , ,0.008464,0.011490, , , , ,0.026171,0.018224, ,0.004683, , , ,0.006462,0.007248,0.007543,0.005269,0.013207,0.011346,0.021958, ,0.004362,0.007457, , ,0.008269,0.006921, ,0.006032, , ,0.009667, , ,0.019006, , ,0.023227, , , , , , , ,0.008559,0.005439,0.007257, ,0.008538, ,0.015812,0.006524,0.013129,0.010455,0.005275,0.010298,0.007271,0.010064,0.007959,0.008804,0.006138,0.008678, ,0.055060,0.062984,0.005749,0.007232,0.154860, ,0.008578, ,0.011022, ,0.007675,0.015743,0.008793, ,0.004853,0.008393,0.007067,0.019831,0.007199, ,0.014007,0.005504,0.004632,0.005520, ,0.006821,0.013720, ,0.005316, , ,0.009332,0.048952,0.007452,0.005831,0.007900, ,0.018845,0.007822,0.006746,0.006679,0.020237,0.009050,0.035167,0.020554,0.018630,0.008309,0.005595, ,0.008256,0.004866,0.004181, ,0.004837,0.005795,0.006712, ,0.035515, , ,0.004544, ,0.005892, ,0.005059,0.005408,0.007907,0.004356, ,0.005458, ,0.006188,0.004635,0.004128,0.006722,0.016192, ,0.005478, ,0.006974,0.007838,0.006203,0.006162,0.009733,0.006660,0.006008,0.007022,0.010216,0.013323,0.004752, , ,0.008955, , , ,0.009017,0.007646, ,0.006793, , , ,0.013956,0.006255, , ,0.005906,0.015472,0.008280,0.008196,0.006179,0.006568,0.008176,0.011213, ,0.007389, ,0.007927,0.007056,0.012709,0.009927,0.009749,0.009565,0.009290,0.007935,0.010820,0.005541,0.015013,0.008996,0.006398, ,0.011911,0.009409,0.006071,0.006862,0.008465,0.007680, , ,0.010658,0.007960,0.011953,0.006567, ,0.012738, ,0.007575,0.006472,0.008538,0.006902,0.012605, ,0.005500, ,0.030261,0.012659, ,0.023883, , ,0.013377,0.017682, , ,0.012320, , ,0.013673,0.047580,0.014520,0.007717,0.012967,0.006516, ,0.007143,0.012639,0.006185, ,0.006313, , ,0.005728, , , ,0.014814, ,0.005052,0.009952,0.135422,0.008606, ,0.009334,0.010036, ,0.013511,0.007229,0.007328,0.006359,0.010450,0.020229,0.010340,0.006465,0.013417,0.009606,0.008744, ,0.010038, , ,0.020295, , ,0.011637, , , ,0.010939,0.017441,0.008806, ,0.006668, , , ,0.013742, ,0.010105,0.016524, , , , , , , ,0.019420,0.007955, , ,0.004640, ,0.067546, ,0.016113, ,0.037761, ,0.016750, ,0.005443,0.006048, , ,0.006757,0.021351,0.013928,0.006864,0.006634,0.021831,0.008588,0.013179,0.013404,0.010873, , ,0.037085,0.043219,0.017785,0.010267,0.009369,0.007457, ,0.008870,0.008585,0.014417,0.015295, ,0.011775, , ,0.012814,0.213360,0.017692, , , ,0.006007,0.012282, , , ,0.006967,0.006722, , , , , ,0.022892,0.018785,0.005938,0.015978,0.056926,0.008285,0.022694, ,0.011040,0.008267,0.009513,0.014956,0.008948, ,0.012222,0.009729,0.057588, ,0.007026,0.007967, ,0.007219,0.011910,0.024826, ,0.023186, , , , , ,0.059411, , ,0.007024,0.008831,0.007220,0.018618,0.011479, ,0.015870,0.013833, , , ,0.023917, ,0.077040,0.006507, ,0.015497, , ,0.014813,0.008506, ,0.008612,0.011607,0.012761,0.010501, ,0.015481,0.020212,0.008199, ,0.010194,0.024302,0.006638,0.007568, , ,0.029912, ,0.010481,0.007419, ,0.009153,0.009734,0.018606,0.006139,0.008567, ,0.007714, , , ,0.013329,0.014341, ,0.007841, ,0.018245, ,0.009183, , , ,0.007100,0.005649,0.005746,0.006775,0.005515,0.005733,0.005177,0.007827, , ,0.005702,0.004990, ,0.017036,0.016365,0.005351,0.006447,0.012161, , ,0.009843,0.007584, ,0.014584, , , ,0.007568,0.020960,0.025837,0.022693, , , , , , ,0.009889, , ,0.008164,0.014699, ,0.008408, ,0.017835, ,0.016154,0.012120,0.007526,0.008150, , ,0.018902, ,0.009388, ,0.007007,0.008467,0.006286, , , ,0.010931, ,0.007397, ,0.012241, , , , , , , ,0.005612,0.007266, , , , ,0.007461, , ,0.007318,0.057187,0.009132, , , , ,0.025581,0.016400,0.006773,0.005542,0.008208,0.005659, ,0.013590,0.006752,0.006299, , ,0.017627,0.005055,0.007654,0.005873,0.010752,0.007871,0.010686,0.009440,0.006242, , ,0.016376,0.007373,0.007520, ,0.003733,0.009218, ,0.010993, ,0.003887,0.006430,0.005114,0.009192,0.006105,0.006839, ,0.011329,0.012815, , , , ,0.005894, ,0.013084,0.006163,0.029606,0.045045,0.005079, ,0.006314,0.005438, ,0.014235,0.004928,0.014201, ,0.021850,0.007400, ,0.036080,0.016915,0.007682,0.020225, , , , ,0.034025, ,0.026400,0.040901, ,0.028598, , ,0.011107, , , , , , ,0.028373, , , , , , , , , , , , , , ,0.021618,0.038576, ,0.017660,0.005840, ,0.049844,0.006770,0.017875,0.005244,0.010182,0.006498,0.007581,0.064267, ,0.008991, , , , , , , , , , , , , , , , 
    Mean ISI within Burst - Std (sec),0.002845,0.005031, ,0.018323,0.011138,0.002301,0.002335,0.011184,0.006360, , ,0.002939, , ,0.008609,0.014153,0.001852,0.001537,0.002062,0.003444, ,0.002557,0.003646,0.002608,0.004726,0.001650, , ,0.003527,0.001895, ,0.001422,0.002300,0.005442,0.017319,0.006137, ,0.003828,0.006681,0.011740, ,0.002304, ,0.002034, , ,0.003921, , ,0.019193,0.047333, ,0.054268, ,0.031834, , ,0.013521,0.018593, , , , ,0.029579, , , ,0.001075,0.004350,0.002679, , ,0.003106,0.004491, , ,0.007012,0.010427,0.002581,0.004643,0.003491, , ,0.002238,0.004669, , , , ,0.019399,0.007702, ,0.001369, , , ,0.003055,0.002909,0.005262,0.002067,0.016680,0.012855, , ,0.002128,0.004487, , ,0.004484,0.002627, ,0.002155, , ,0.001989, , ,0.014683, , ,0.008438, , , , , , , ,0.002841,0.002817,0.004727, ,0.004157, ,0.016036,0.003620,0.002575,0.003344,0.001667,0.002718,0.001881,0.001707,0.004534,0.002207,0.002423,0.002937, , ,0.076231,0.002384,0.003359, , ,0.004345, ,0.006562, ,0.003387,0.009017,0.004371, , ,0.004390, ,0.015183,0.003941, ,0.015664,0.001905,0.001965,0.001925, ,0.003348, , ,0.002455, , ,0.006561,0.049468,0.002976,0.002782,0.002820, ,0.008975,0.002786,0.002170,0.003125,0.015779,0.004153,0.033002,0.017174,0.027090,0.005802,0.003106, ,0.005126,0.002348,0.001983, ,0.002840,0.004222,0.002334, ,0.029519, , ,0.002024, ,0.002372, ,0.002249,0.002335,0.002150,0.001603, ,0.002639, ,0.003411,0.001702,0.001612,0.002600,0.006698, ,0.001836, ,0.001816,0.002490,0.001635,0.002273,0.004030,0.002214,0.002117,0.003705,0.003258,0.003418,0.002036, , ,0.005480, , , ,0.006002,0.002957, ,0.003829, , , ,0.013377,0.004318, , ,0.003050,0.004344,0.003092,0.002905,0.002165,0.001959,0.004140,0.004913, ,0.003249, ,0.000613,0.002453,0.004457,0.003563,0.003527,0.002569,0.002141,0.001838,0.002019,0.002054, ,0.007784,0.003167, ,0.002676,0.003383,0.002891,0.004034,0.002399,0.002337, , ,0.003254,0.002746,0.003441,0.002929, ,0.016136, ,0.003131,0.004316,0.004501,0.002676,0.015980, ,0.002178, ,0.016258,0.010516, ,0.005210, , ,0.018291,0.005863, , ,0.007159, , ,0.005270, ,0.000351,0.004839,0.005202,0.003077, ,0.004151,0.005295,0.002934, ,0.003178, , ,0.003282, , , ,0.021029, ,0.001873,0.006780, ,0.004166, ,0.002518,0.002568, ,0.007720,0.002711,0.003860,0.002334,0.009061,0.024411,0.002302,0.002066,0.015609,0.009513,0.003916, ,0.002675, , ,0.008616, , ,0.008145, , , ,0.004302,0.016408,0.004103, ,0.001569, , , ,0.013086, ,0.005117,0.021508, , , , , , , ,0.014821,0.003752, , ,0.001883, ,0.013417, ,0.011485, ,0.008575, ,0.005391, ,0.002517,0.002012, , ,0.003002,0.010397,0.009627,0.002827,0.003226,0.017204,0.003178,0.005661,0.003763,0.008170, , ,0.039799,0.053427,0.010081,0.007079,0.005097,0.002480, ,0.002302,0.003036,0.010769,0.020851, ,0.004551, , ,0.007842, ,0.003737, , , ,0.002427,0.006627, , , ,0.001692,0.004806, , , , , ,0.004155,0.011239,0.002583,0.006979,0.035446,0.002735,0.015123, ,0.002851,0.002712,0.002119,0.004081,0.002642, ,0.006039,0.002542,0.000296, ,0.003280,0.003080, ,0.001604,0.000608,0.015523, ,0.026588, , , , , ,0.016137, , ,0.002138,0.005090,0.002355,0.002965,0.004782, ,0.008660,0.002341, , , ,0.008428, , ,0.002982, ,0.002888, , ,0.006979,0.002970, ,0.004068,0.004880,0.007098,0.003159, ,0.007480,0.008788,0.003943, ,0.001922,0.024752,0.001995,0.002002, , ,0.033239, ,0.001859,0.002540, ,0.002201,0.003347,0.008879,0.003164,0.006021, ,0.003616, , , ,0.008007,0.010101, ,0.002542, ,0.007869, ,0.003259, , , ,0.003087,0.001731,0.002491,0.003595,0.002293,0.002377,0.002260,0.002739, , ,0.001967,0.001695, ,0.004478,0.005857,0.002066,0.002028,0.012424, , ,0.009057,0.003391, ,0.009163, , , ,0.002965, ,0.003998,0.021696, , , , , , ,0.002553, , ,0.004496,0.010345, ,0.004223, ,0.001722, ,0.006346, ,0.004510,0.006381, , ,0.006468, ,0.005546, ,0.002246,0.003259,0.002616, , , ,0.003267, ,0.003243, ,0.006537, , , , , , , ,0.002698,0.001971, , , , ,0.002406, , ,0.004581,0.057427,0.005197, , , , ,0.002270,0.012784,0.001536,0.002162, ,0.002349, ,0.004570,0.001789,0.002594, , , ,0.002028,0.003477,0.002467,0.004508,0.002393,0.002581, ,0.002007, , ,0.011398,0.003169,0.001752, , ,0.003440, ,0.001622, ,0.000841,0.001507,0.002038,0.002264,0.002536,0.002992, ,0.005250,0.007093, , , , ,0.002535, ,0.005364,0.003532,0.030823,0.060867,0.002600, ,0.002417,0.001756, ,0.012535,0.001414,0.006294, ,0.015314,0.002022, , ,0.006411,0.003119,0.006728, , , , ,0.017288, , ,0.031710, ,0.033537, , ,0.017048, , , , , , ,0.020522, , , , , , , , , , , , , , ,0.025076, , , ,0.004312, ,0.042892,0.002887,0.029510,0.002397,0.007355,0.003120,0.004890, , ,0.004615, , , , , , , , , , , , , , , , 
    Median ISI within Burst - Avg (sec),0.006603,0.011826,0.006160,0.031267,0.012551,0.003827,0.004532,0.013574,0.009257, ,0.033120,0.008605, , ,0.012036,0.017096,0.003314,0.004032,0.003905,0.006234, ,0.003493,0.007302,0.005311,0.007120,0.003724, , ,0.006148,0.003885,0.011600,0.004043,0.005294,0.006889,0.015552,0.035320, ,0.010145,0.010320,0.012072,0.030840,0.005270, ,0.005235, , ,0.008017, , ,0.019914,0.040150, ,0.043940, ,0.022053, , ,0.034987,0.021144, , , , ,0.059133, , , ,0.014600,0.004278,0.005919, , ,0.007014,0.007200, , ,0.014820,0.029240,0.005546,0.010422,0.013611, , ,0.007210,0.009182, , , , ,0.020891,0.008520, ,0.003555, , , ,0.004956,0.005323,0.005910,0.003930,0.008939,0.007769,0.023120, ,0.003134,0.004915, , ,0.006009,0.005087, ,0.004423, , ,0.007370, , ,0.013742, , ,0.016529, , , , , , , ,0.007463,0.003672,0.005319, ,0.006667, ,0.010877,0.004177,0.012331,0.009177,0.004133,0.009229,0.005775,0.009084,0.005810,0.007476,0.004538,0.006808, ,0.034920,0.035080,0.004075,0.005614,0.116960, ,0.006691, ,0.007962, ,0.005951,0.013373,0.007394, ,0.004560,0.006088,0.006720,0.012912,0.005376, ,0.009475,0.004176,0.003264,0.004334, ,0.004580,0.011960, ,0.003825, , ,0.006299,0.027787,0.005575,0.004099,0.006360, ,0.014696,0.005929,0.004935,0.004995,0.017340,0.006497,0.026536,0.014154,0.011849,0.006019,0.004201, ,0.006220,0.003704,0.003253, ,0.003496,0.004515,0.005047, ,0.015460, , ,0.003477, ,0.004524, ,0.003866,0.004058,0.006875,0.003357, ,0.004175, ,0.005202,0.003699,0.003150,0.005476,0.014790, ,0.004247, ,0.006072,0.006998,0.005575,0.004666,0.008157,0.005171,0.004941,0.005789,0.008413,0.011891,0.003491, , ,0.006528, , , ,0.006534,0.004829, ,0.004682, , , ,0.010567,0.005100, , ,0.004184,0.012526,0.005357,0.006215,0.003957,0.004872,0.005370,0.007071, ,0.005769, ,0.007240,0.004941,0.010229,0.007149,0.009341,0.008657,0.008076,0.006597,0.008936,0.004114,0.014400,0.005961,0.004101, ,0.011335,0.007960,0.004286,0.004607,0.007539,0.006571, , ,0.008747,0.006239,0.008531,0.004562, ,0.010683, ,0.004596,0.004710,0.006583,0.004626,0.008850, ,0.003817, ,0.021800,0.008355, ,0.022120, , ,0.009872,0.011657, , ,0.008353, , ,0.011837,0.032080,0.014520,0.005277,0.008736,0.004443, ,0.004578,0.010393,0.004390, ,0.004239, , ,0.003975, , , ,0.010964, ,0.003807,0.006673,0.057120,0.005626, ,0.007904,0.008811, ,0.011902,0.005305,0.005261,0.005049,0.006806,0.008910,0.009636,0.004494,0.007594,0.006565,0.006485, ,0.008765, , ,0.015560, , ,0.008066, , , ,0.009133,0.011004,0.006543, ,0.005544, , , ,0.008463, ,0.007203,0.005433, , , , , , , ,0.010380,0.005695, , ,0.003437, ,0.041904, ,0.010509, ,0.031820, ,0.013935, ,0.004154,0.004314, , ,0.004831,0.014768,0.011100,0.004512,0.004200,0.013257,0.006606,0.011690,0.011943,0.007730, , ,0.020560,0.033100,0.012357,0.007533,0.006586,0.005703, ,0.007147,0.006884,0.008760,0.010747, ,0.009583, , ,0.010125,0.114480,0.016580, , , ,0.004298,0.010627, , , ,0.005600,0.004987, , , , , ,0.020484,0.016987,0.004167,0.012144,0.032900,0.006926,0.020040, ,0.010082,0.006731,0.008184,0.013312,0.006852, ,0.009993,0.007421,0.041120, ,0.004699,0.005574, ,0.006195,0.010160,0.015133, ,0.017204, , , , , ,0.022700, , ,0.004931,0.006639,0.005351,0.013467,0.009573, ,0.011320,0.011741, , , ,0.016703, ,0.058880,0.004170, ,0.014366, , ,0.011297,0.006991, ,0.006556,0.010353,0.010013,0.009637, ,0.012930,0.016940,0.005686, ,0.009044,0.024840,0.005438,0.006619, , ,0.021264, ,0.010209,0.005662, ,0.007564,0.008272,0.014387,0.004225,0.006420, ,0.006020, , , ,0.010185,0.010980, ,0.005036, ,0.014616, ,0.006577, , , ,0.004979,0.004265,0.004320,0.004891,0.004113,0.004087,0.003584,0.006293, , ,0.004059,0.003705, ,0.015420,0.013700,0.003717,0.004932,0.008286, , ,0.006515,0.005362, ,0.012004, , , ,0.005324,0.011880,0.017747,0.016786, , , , , , ,0.008571, , ,0.004410,0.009872, ,0.006056, ,0.016080, ,0.012190,0.012760,0.005165,0.005291, , ,0.011701, ,0.005566, ,0.005239,0.007608,0.004631, , , ,0.008263, ,0.004630, ,0.009487, , , , , , , ,0.003478,0.005948, , , , ,0.005348, , ,0.004900,0.025860,0.006590, , , , ,0.019220,0.017040,0.006860,0.004393,0.008400,0.004168, ,0.012357,0.005387,0.003998, , ,0.015360,0.003381,0.006002,0.004278,0.008409,0.006771,0.008933,0.005720,0.004982, , ,0.012852,0.005264,0.007074, ,0.004000,0.006394, ,0.010132, ,0.003252,0.004974,0.003706,0.007985,0.005024,0.004490, ,0.009888,0.008915, , , , ,0.004445, ,0.012180,0.004871,0.021950,0.026220,0.003554, ,0.004595,0.004131, ,0.012240,0.003648,0.012127, ,0.015376,0.006191, ,0.043440,0.013528,0.006139,0.017160, , , , ,0.022613, ,0.029080,0.031840, ,0.019360, , ,0.007981, , , , , , ,0.023120, , , , , , , , , , , , , , ,0.011251,0.032320, ,0.018520,0.003906, ,0.029270,0.004688,0.010860,0.003271,0.007849,0.004048,0.005947,0.044000, ,0.006125, , , , , , , , , , , , , , , , 
    Median ISI within Burst - Std (sec),0.002551,0.003611, ,0.007882,0.008992,0.001033,0.001360,0.004008,0.003942, , ,0.002680, , ,0.002322,0.012645,0.000722,0.001334,0.001220,0.003058, ,0.001785,0.002966,0.002538,0.002461,0.001101, , ,0.002770,0.001194, ,0.001269,0.001957,0.002026,0.003468,0.000057, ,0.004702,0.003053,0.007683, ,0.002036, ,0.001735, , ,0.003296, , ,0.010132,0.012550, ,0.004723, ,0.014690, , ,0.006330,0.007274, , , , ,0.005140, , , ,0.000735,0.001084,0.002343, , ,0.002272,0.002760, , ,0.001329,0.014992,0.002150,0.002827,0.004548, , ,0.002754,0.004080, , , , ,0.012172,0.004415, ,0.000732, , , ,0.001195,0.001947,0.002020,0.001367,0.003759,0.004474, , ,0.000745,0.002303, , ,0.002280,0.001645, ,0.001468, , ,0.001356, , ,0.005098, , ,0.006938, , , , , , , ,0.002107,0.000938,0.001711, ,0.002801, ,0.005477,0.001420,0.003876,0.003440,0.001174,0.002079,0.001909,0.003335,0.002233,0.002689,0.001479,0.002366, , ,0.035468,0.001227,0.002004, , ,0.003191, ,0.004585, ,0.002492,0.006030,0.003159, , ,0.002248, ,0.004170,0.002333, ,0.002392,0.001284,0.000650,0.001320, ,0.001544, , ,0.001492, , ,0.002949,0.021537,0.001872,0.001042,0.001503, ,0.003867,0.002279,0.001776,0.002174,0.015981,0.002344,0.023522,0.012201,0.011615,0.002912,0.001323, ,0.002725,0.001255,0.000796, ,0.000901,0.001748,0.001698, ,0.008862, , ,0.001206, ,0.002028, ,0.001636,0.001494,0.002429,0.000957, ,0.001565, ,0.001474,0.001161,0.000510,0.001998,0.007456, ,0.001404, ,0.001853,0.001651,0.001792,0.001636,0.004044,0.001771,0.001709,0.001868,0.002925,0.002875,0.000950, , ,0.002745, , , ,0.003815,0.001375, ,0.002350, , , ,0.005579,0.002418, , ,0.001993,0.003089,0.002040,0.002473,0.001350,0.001512,0.001873,0.002919, ,0.002744, ,0.001923,0.002286,0.003782,0.003295,0.003032,0.002518,0.001935,0.001788,0.002855,0.001138, ,0.002598,0.001332, ,0.003378,0.004084,0.001096,0.001416,0.002204,0.002136, , ,0.001029,0.001950,0.003192,0.001806, ,0.013867, ,0.001475,0.001802,0.003652,0.001769,0.005812, ,0.001164, ,0.010300,0.005738, ,0.005501, , ,0.010840,0.003915, , ,0.004990, , ,0.005591, ,0.001301,0.003545,0.003490,0.001425, ,0.001674,0.004167,0.001633, ,0.001354, , ,0.001362, , , ,0.011222, ,0.001097,0.002942, ,0.001973, ,0.002096,0.003633, ,0.005140,0.002062,0.001813,0.002113,0.002160,0.002216,0.002323,0.001381,0.005096,0.003503,0.002405, ,0.002455, , ,0.002792, , ,0.003080, , , ,0.002402,0.004603,0.002011, ,0.001538, , , ,0.004020, ,0.002876,0.001721, , , , , , , ,0.005062,0.002784, , ,0.000741, ,0.006271, ,0.004559, ,0.004484, ,0.002666, ,0.001461,0.001044, , ,0.001580,0.007024,0.004283,0.001594,0.001252,0.007848,0.003126,0.001738,0.002671,0.004134, , ,0.011985,0.040305,0.006433,0.005095,0.002317,0.001637, ,0.001716,0.002345,0.003842,0.008022, ,0.004021, , ,0.005729, ,0.003068, , , ,0.001390,0.004211, , , ,0.003018,0.004081, , , , , ,0.003782,0.010587,0.001428,0.005024,0.000481,0.002185,0.012373, ,0.002373,0.002075,0.002333,0.005092,0.002323, ,0.002739,0.002134,0.003394, ,0.001384,0.002184, ,0.001679,0.002206,0.008456, ,0.017215, , , , , ,0.009532, , ,0.001675,0.003195,0.001729,0.002102,0.003413, ,0.003291,0.002488, , , ,0.007285, , ,0.001190, ,0.002843, , ,0.002493,0.002438, ,0.002329,0.003018,0.003482,0.003220, ,0.003512,0.004053,0.002325, ,0.001943,0.026983,0.001567,0.001904, , ,0.016597, ,0.001617,0.001565, ,0.001919,0.002722,0.006318,0.002210,0.003659, ,0.002322, , , ,0.003575,0.003245, ,0.001225, ,0.003788, ,0.002578, , , ,0.001742,0.001294,0.001393,0.001642,0.001285,0.001663,0.000897,0.002957, , ,0.001039,0.000993, ,0.004728,0.004840,0.001159,0.001958,0.003900, , ,0.004245,0.002104, ,0.004975, , , ,0.001744, ,0.004721,0.009373, , , , , , ,0.003089, , ,0.001417,0.003653, ,0.002812, ,0.002114, ,0.004012, ,0.001670,0.001925, , ,0.002578, ,0.001850, ,0.001577,0.002005,0.001299, , , ,0.003076, ,0.001348, ,0.003131, , , , , , , ,0.000761,0.001858, , , , ,0.001621, , ,0.002974,0.016150,0.002380, , , , ,0.003875,0.015726,0.001495,0.001467, ,0.001803, ,0.002872,0.001792,0.001071, , , ,0.000758,0.002239,0.001412,0.002998,0.002261,0.003203, ,0.001747, , ,0.003292,0.002461,0.002240, , ,0.002367, ,0.001490, ,0.000551,0.001193,0.001116,0.002061,0.001959,0.001833, ,0.004180,0.003661, , , , ,0.001314, ,0.005322,0.003003,0.012220,0.027052,0.001189, ,0.001366,0.001301, ,0.013131,0.000656,0.003369, ,0.006367,0.001729, , ,0.002549,0.002067,0.003873, , , , ,0.015965, , ,0.027815, ,0.019016, , ,0.012541, , , , , , ,0.018543, , , , , , , , , , , , , , ,0.009648, , , ,0.002527, ,0.023733,0.001601,0.014870,0.000633,0.004090,0.001208,0.002771, , ,0.002802, , , , , , , , , , , , , , , , 
    Median/Mean ISI within Burst,0.800904,0.932749,0.717391,0.719728,0.482270,0.740702,0.783753,0.792200,0.789363, ,0.454945,0.876238, , ,0.802085,0.943127,0.809947,0.852502,0.836045,0.830521, ,0.820128,0.888905,0.893184,0.959728,0.827663, , ,0.766790,0.823144,0.970982,0.871095,0.784393,0.785039,0.711779,0.659133, ,0.851950,0.815751,0.863896,0.701973,0.822835, ,0.782543, , ,0.861370, , ,0.742011,0.628599, ,0.390152, ,0.674303, , ,0.587221,0.744388, , , , ,0.599296, , , ,1.009742,0.638965,0.816325, , ,0.842936,0.817505, , ,0.844351,0.756421,0.751736,0.829200,0.969484, , ,0.849129,0.825015, , , , ,0.843271,0.492126, ,0.788618, , , ,0.820656,0.772849,0.847955,0.782655,0.856367,0.832387,1.052915, ,0.790250,0.708116, , ,0.821363,0.769662, ,0.768258, , ,0.781432, , ,0.880353, , ,0.720881, , , , , , , ,0.889917,0.742607,0.802435, ,0.811320, ,0.804905,0.691779,0.926367,0.872732,0.800581,0.913167,0.796916,0.901567,0.780160,0.846934,0.770698,0.795410, ,0.634217,0.808003,0.748491,0.807079,0.755263, ,0.804270, ,0.744157, ,0.795018,0.887528,0.872086, ,0.939560,0.764207,0.950943,0.797179,0.788430, ,0.858997,0.782376,0.758086,0.807554, ,0.713792,0.871720, ,0.750201, , ,0.745636,0.701513,0.778118,0.764076,0.841765, ,0.842308,0.769603,0.747668,0.773144,0.788733,0.759992,0.807554,0.725306,0.834837,0.798141,0.806536, ,0.812255,0.810781,0.838143, ,0.784452,0.837112,0.763932, ,0.608193, , ,0.808969, ,0.778975, ,0.789614,0.788512,0.862223,0.802710, ,0.806811, ,0.898945,0.822885,0.813007,0.834066,0.910313, ,0.789168, ,0.877484,0.911419,0.895486,0.787633,0.833822,0.791543,0.837627,0.862766,0.836120,0.906219,0.787999, , ,0.781156, , , ,0.754713,0.681431, ,0.739276, , , ,0.857089,0.862398, , ,0.744772,0.835975,0.689005,0.770244,0.668818,0.753450,0.727565,0.666136, ,0.799428, ,0.906703,0.712032,0.810353,0.739144,0.964162,0.912067,0.877942,0.833161,0.816236,0.773647,0.959147,0.741490,0.704535, ,0.938668,0.838691,0.762815,0.738571,0.899027,0.865078, , ,0.868637,0.805765,0.731499,0.727575, ,0.837936, ,0.649595,0.795652,0.783500,0.694617,0.804219, ,0.734720, ,0.773229,0.692449, ,0.936633, , ,0.781672,0.682049, , ,0.699808, , ,0.867073,0.674233,0.999209,0.702149,0.705042,0.735272, ,0.702737,0.860399,0.756183, ,0.732140, , ,0.760936, , , ,0.878050, ,0.782674,0.744051,0.421793,0.728566, ,0.857116,0.864143, ,0.927816,0.760526,0.776367,0.801779,0.824618,0.694077,0.928334,0.720150,0.729297,0.755327,0.779781, ,0.874142, , ,0.833429, , ,0.761729, , , ,0.863993,0.795822,0.798272, ,0.841968, , , ,0.733982, ,0.756589,0.642227, , , , , , , ,0.671850,0.739703, , ,0.783564, ,0.636927, ,0.769942, ,0.854271, ,0.879036, ,0.796424,0.739902, , ,0.753097,0.698872,0.908286,0.697072,0.698336,0.730101,0.762204,0.958760,0.904998,0.758506, , ,0.778876,0.803054,0.733432,0.759870,0.768585,0.778625, ,0.826417,0.812662,0.679444,0.879458, ,0.828965, , ,0.847763,0.536558,0.941465, , , ,0.752379,0.912145, , , ,0.798126,0.748576, , , , , ,0.906107,0.923352,0.743085,0.767779,0.713664,0.852197,0.935299, ,0.924898,0.829209,0.856682,0.875921,0.773005, ,0.871965,0.773179,0.713890, ,0.729807,0.729374, ,0.863239,0.849443,0.734377, ,0.817706, , , , , ,0.374096, , ,0.712522,0.779295,0.763127,0.723718,0.855954, ,0.802028,0.852156, , , ,0.707742, ,0.764278,0.695339, ,0.926916, , ,0.827426,0.835330, ,0.788343,0.943683,0.842585,0.921949, ,0.880965,0.888206,0.728759, ,0.889714,0.948832,0.833625,0.879909, , ,0.848929, ,0.984406,0.794334, ,0.844039,0.879222,0.779779,0.738755,0.775466, ,0.809258, , , ,0.837819,0.879166, ,0.670160, ,0.848850, ,0.721608, , , ,0.734822,0.771362,0.779807,0.754528,0.772125,0.740502,0.746553,0.795540, , ,0.743872,0.771023, ,0.899145,0.836802,0.725711,0.761965,0.799975, , ,0.717984,0.743745, ,0.892511, , , ,0.735285,0.566794,0.695307,0.842465, , , , , , ,0.866373, , ,0.612179,0.766420, ,0.737519, ,0.899664, ,0.775558,1.052805,0.751023,0.751251, , ,0.661356, ,0.665202, ,0.766771,0.945643,0.775666, , , ,0.764251, ,0.679644, ,0.837212, , , , , , , ,0.696965,0.820156, , , , ,0.745736, , ,0.705398,0.626069,0.774182, , , , ,0.747551,0.955633,1.014740,0.821043,1.023392,0.753060, ,0.941490,0.796264,0.686980, , ,0.871407,0.722992,0.817670,0.761325,0.810689,0.867091,0.841357,0.605932,0.815363, , ,0.888250,0.738367,0.929466, ,1.071429,0.727365, ,0.924354, ,0.852538,0.788095,0.771773,0.879508,0.841539,0.685808, ,0.888718,0.746963, , , , ,0.807119, ,0.935975,0.807692,0.888265,0.772378,0.759008, ,0.762791,0.780131, ,0.787517,0.765607,0.895682, ,0.828771,0.846546, ,1.203991,0.850071,0.823894,0.871974, , , , ,0.683565, ,1.101515,0.731965, ,0.772963, , ,0.828319, , , , , , ,0.800664, , , , , , , , , , , , , , ,0.769439,0.837827, ,1.048698,0.735530, ,0.677943,0.738419,0.799037,0.705318,0.825359,0.695404,0.823351,0.684647, ,0.731627, , , , , , , , , , , , , , , , 
    Inter-Burst Interval - Avg (sec),40.160314,42.541151, ,213.686680,27.551210,6.934784,6.777215,43.495711,39.203760, , ,23.889167, , ,51.041351,63.705342,3.775855,16.244189,5.436100,19.095837, ,5.175219,42.986530,33.143955,50.291100,6.989398, , ,41.324167,7.527122, ,25.869167,10.775686,15.596625,93.216340,320.787840, ,20.981846,94.652700,56.595769, ,9.278198, ,10.100462, , ,41.401188, , ,74.330373,154.591680, ,63.829760, ,104.278928, , ,149.927840,79.641480, , , , ,231.838360, , , ,28.753360,7.615038,10.606496, , ,13.196029,13.813098, , ,17.165360,54.368373,10.420554,28.750405,62.459613, , ,18.285510,30.377581, , , , ,60.620133,187.389000, ,8.109081, , , ,18.131675,14.299214,9.305705,9.517277,31.226538,39.659778, , ,3.371047,10.219585, , ,58.830420,13.632887, ,11.061662, , ,18.527167, , ,60.832790, , ,58.928230, , , , , , , ,15.592285,4.110426,6.849266, ,7.603986, ,44.633775,4.330266,32.329529,32.733280,10.855828,29.672902,12.496395,61.373030,14.092390,15.266016,4.907959,29.357571, , ,37.180800,4.868077,6.804302, , ,15.727204, ,32.212489, ,19.792050,91.822752,30.208303, , ,8.596135, ,138.485180,9.318728, ,26.192971,4.068844,4.025577,5.304198, ,5.767439, , ,5.283876, , ,22.875929,292.923640,18.898852,12.929793,16.274189, ,146.466740,11.013996,23.434221,12.736097,239.121840,15.651320,135.454940,90.294627,55.430190,12.424264,10.678495, ,18.944606,6.750776,5.529008, ,9.035018,10.126112,55.339744, ,97.525680, , ,5.701751, ,5.365156, ,4.051258,7.836349,33.980267,3.863922, ,5.317103, ,23.918525,5.134229,3.839090,9.805944,33.383817, ,7.512420, ,21.025933,25.031634,18.273716,11.526272,39.241458,18.180681,8.004517,12.524484,37.547080,52.566600,3.692608, , ,27.666379, , , ,28.377604,5.109396, ,6.706406, , , ,27.278710,7.125923, , ,4.338546,38.636991,6.983681,18.474333,6.451951,7.914470,14.478135,20.470041, ,20.526916, ,341.701360,8.993852,24.770228,15.001678,33.338171,21.984456,21.199269,23.563763,17.136754,4.802401, ,7.263872,5.768261, ,72.963634,36.423422,5.647275,8.896400,12.790421,33.822377, , ,60.406112,13.848951,54.344448,6.202994, ,37.808875, ,13.849176,8.271097,15.345503,6.616810,21.837538, ,6.544176, ,43.882240,32.920845, ,8.723587, , ,18.228680,11.089804, , ,9.775367, , ,41.665669, ,264.079840,9.563073,30.702257,5.049449, ,6.564117,16.164327,4.850664, ,5.233550, , ,5.056165, , , ,66.876230, ,4.735097,19.862574, ,14.932697, ,60.298356,41.744972, ,55.748520,7.064822,11.276671,9.938979,52.784600,53.839120,55.310924,9.637353,38.844960,17.118188,26.454818, ,24.192198, , ,70.959213, , ,17.948557, , , ,39.741686,63.094840,18.324065, ,22.231308, , , ,19.932157, ,21.408865,23.844811, , , , , , , ,101.231227,9.627511, , ,3.814610, ,89.248500, ,35.502683, ,118.687333, ,50.856343, ,7.687828,6.611903, , ,6.718009,113.607300,28.758974,4.913470,4.190121,81.484533,16.151753,38.241733,68.611013,18.124099, , ,73.321383,36.600480,43.365655,88.416256,25.625953,25.626109, ,31.317720,14.835897,40.268589,51.247193, ,25.624625, , ,24.510800, ,167.771600, , , ,9.556908,95.461072, , , ,159.816440,8.305803, , , , , ,40.555192,112.762784,8.618622,36.865246,437.263440,9.624332,109.316020, ,35.240355,8.749415,21.687351,135.868300,14.096804, ,35.242540,31.327342,437.266320, ,11.094297,12.128906, ,11.413053,245.319440,122.668680, ,63.340151, , , , , ,425.968960, , ,6.382785,9.509634,6.595512,170.920200,12.707857, ,117.672380,39.724754, , , ,75.653213, , ,4.748861, ,47.687387, , ,29.076892,31.457130, ,30.708249,51.760192,49.855080,23.030993, ,70.919234,31.218064,14.937436, ,27.451576,146.782080,11.626947,16.063098, , ,85.991560, ,43.683040,7.525504, ,15.629042,44.865307,201.883800,5.817112,12.973311, ,13.436215, , , ,28.151090,42.041834, ,7.882830, ,33.234760, ,18.475533, , , ,7.209293,7.461442,4.814066,7.959248,6.418348,4.711509,4.213816,8.407515, , ,4.174402,4.155294, ,185.735147,73.481520,4.853354,7.683848,15.357980, , ,18.491155,6.254282, ,35.308142, , , ,6.227830, ,54.467760,42.528775, , , , , , ,24.778643, , ,9.911549,106.393100, ,9.831808, ,257.199800, ,25.205796, ,7.607384,8.954333, , ,19.008741, ,13.622748, ,6.792863,69.130960,6.108376, , , ,34.624448, ,4.928356, ,35.684036, , , , , , , ,3.953227,14.301938, , , , ,13.267184, , ,7.072153,138.478640,13.641038, , , , ,320.980880,45.149600,85.854933,8.301825, ,6.949401, ,38.891434,14.767406,5.136581, , , ,3.991223,12.841475,6.420606,22.719194,23.088260,32.594744, ,14.064145, , ,58.111947,11.648390,28.450341, , ,18.657497, ,56.019858, ,11.511725,25.944255,5.665896,50.417592,17.296713,6.671858, ,57.622444,41.436086, , , , ,11.602595, ,87.238464,58.099680,69.803543,158.229733,4.272137, ,7.362246,6.521387, ,51.406662,4.606905,56.549896, ,103.830040,8.406692, , ,95.021920,6.530375,99.250180, , , , ,104.543040, , ,121.276267, ,76.398400, , ,29.916969, , , , , , ,144.657280, , , , , , , , , , , , , , ,82.856587, , , ,5.107221, ,160.892427,7.042965,116.486832,3.983610,14.790106,5.688573,8.960594, , ,10.955667, , , , , , , , , , , , , , , , 
    Inter-Burst Interval - Std (sec),27.599489,24.268233, ,123.871928,17.990771,4.262828,4.116480,26.028200,23.247186, , ,15.454012, , ,26.492813,41.892278,1.838686,12.299641,3.408805,12.159829, ,3.135026,27.448595,30.711895,40.327481,4.127997, , ,35.445040,5.106821, ,19.515034,6.566733,9.209729,49.588595, , ,18.855795,110.057893,35.840635, ,6.163953, ,6.746867, , ,39.403069, , ,53.815800,96.838613, , , ,50.498019, , ,119.855844,35.203481, , , , ,124.421208, , , , ,4.826369,4.508114, , ,7.697463,6.872559, , , ,32.634131,5.888411,20.141066,32.607617, , ,17.529933,19.743277, , , , ,54.031767,17.555651, ,5.016389, , , ,9.630789,10.263722,5.335563,5.977003,18.835553,32.688296, , ,1.971509,6.196312, , ,30.237569,8.389444, ,6.306678, , ,13.345484, , ,48.998685, , ,36.099822, , , , , , , ,10.001371,2.047742,4.282169, ,5.471989, ,36.937488,2.289564,28.238725,20.708226,7.013790,23.217112,7.842037,92.575315,10.539367,11.552469,3.010068,34.381626, , , ,3.107346,4.669180, , ,14.444688, ,28.829819, ,16.375511,119.511890,36.716237, , ,4.772067, ,244.260897,6.456738, ,15.705191,1.497323,1.473964,2.358159, ,3.106198, , ,2.008675, , ,15.204741,39.244822,11.042396,8.071580,12.421172, ,87.144897,7.207967,15.378716,8.021342, ,10.094213,88.987001,92.987763,21.695758,6.662480,7.117056, ,14.033770,3.636854,2.541157, ,4.679028,5.582470,49.110950, ,8.067136, , ,2.626199, ,2.591998, ,1.207705,4.718573,35.637673,1.001011, ,2.437358, ,23.089421,2.393513,1.210977,7.014164,24.417316, ,5.564932, ,13.158575,18.793111,12.093244,8.919510,54.139198,13.592014,5.993067,9.562875,33.806768,75.924613,1.641643, , ,22.026663, , , ,25.563131,3.111194, ,4.129449, , , ,32.650273,4.903386, , ,2.548279,48.145720,5.079621,9.232207,3.548015,4.134814,8.274376,10.466960, ,9.008032, , ,4.912792,20.382288,8.586577,22.460454,15.368961,10.532809,17.427335,10.858262,2.020225, ,4.892101,3.434189, ,64.456813,29.452700,2.802762,6.705020,9.197010,26.861773, , ,19.131643,7.541820,47.464241,2.579177, ,30.172209, ,7.533499,4.194186,11.057010,3.096393,15.637922, ,2.388475, ,26.489026,20.909641, ,4.383489, , ,13.079799,6.583457, , ,5.466263, , ,33.826676, , ,6.241851,18.641530,2.128955, ,3.275129,14.870985,2.095594, ,2.163008, , ,2.205428, , , ,57.139691, ,1.791680,19.663709, ,10.459324, ,44.762027,31.155279, ,44.877249,4.749415,10.181518,6.478267,56.177541,48.968044,43.190879,7.094826,27.035696,19.176936,22.463652, ,21.807323, , ,41.998301, , ,13.806841, , , ,30.403738,54.116356,13.632633, ,12.283453, , , ,12.393164, ,13.182291,17.969632, , , , , , , ,71.870908,8.420072, , ,2.109396, ,60.674845, ,27.664422, ,116.518027, ,54.834321, ,5.140632,4.545331, , ,4.565639,99.267921,46.202725,2.934649,2.415639,76.116498,13.076168,33.419049,98.645009,13.968513, , ,57.291413, ,38.609779,76.520229,24.985235,25.081278, ,26.731366,9.733100,31.143260,54.892345, ,17.073408, , ,17.012204, ,97.073602, , , ,6.111496,50.714890, , , ,49.137529,4.180803, , , , , ,25.032693,85.191340,4.874068,30.779985, ,6.411601,91.576404, ,31.021175,4.969794,16.954511,77.732166,10.472471, ,38.084985,24.807569, , ,6.836947,9.061744, ,7.086842, ,57.352526, ,42.128768, , , , , , , , ,3.463846,5.667884,3.751859,54.577160,7.809070, ,173.628808,32.540609, , , ,58.914346, , ,2.702791, ,31.651525, , ,33.410946,24.917726, ,17.338203,29.524319,33.099833,15.177376, ,44.230318,22.528300,11.485931, ,18.955382, ,7.822673,10.650337, , ,82.768039, ,27.971767,4.646042, ,9.103088,35.315083,0.752305,2.883007,10.814514, ,10.380221, , , ,23.546618,53.878053, ,4.952009, ,21.705399, ,12.220188, , , ,3.693958,4.905223,1.973989,3.828396,3.702764,1.890729,1.709538,5.086159, , ,1.469875,1.654097, ,79.740314,76.195444,1.994926,6.069702,10.756961, , ,14.654248,4.198839, ,32.374070, , , ,3.655728, ,20.756243,21.267302, , , , , , ,18.702366, , ,5.974513,145.900979, ,5.865157, ,234.498727, ,20.257792, ,4.451313,4.833354, , ,9.667585, ,9.826482, ,3.646515,59.310846,3.712022, , , ,27.449183, ,3.039645, ,35.719810, , , , , , , ,2.006501,12.190960, , , , ,6.119363, , ,4.710343, ,9.718386, , , , , , ,60.684099,5.481933, ,3.574419, ,38.497897,11.329217,2.396485, , , ,1.468308,11.508201,3.160311,25.537713,25.240174,34.372432, ,11.085020, , ,40.960699,8.647301,14.982814, , ,11.766640, ,39.513997, ,8.009957,16.903436,3.058742,35.923947,10.141810,3.792703, ,43.820073,25.201492, , , , ,8.244706, ,91.166572,91.926094,139.871572,59.536271,2.310582, ,4.189081,3.601761, ,34.817266,2.426825,37.623273, ,88.213690,4.753225, , ,78.655149,3.748860,96.484724, , , , ,106.267854, , ,76.822892, ,55.959282, , ,29.835003, , , , , , ,161.572542, , , , , , , , , , , , , , ,94.696414, , , ,3.110802, ,73.504449,4.697838,113.262023,2.040057,12.284392,3.174901,5.301379, , ,7.595139, , , , , , , , , , , , , , , , 
    Burst Frequency (Hz),0.023333,0.023333,0.001667,0.005000,0.028333,0.145000,0.148333,0.023333,0.023333, ,0.001667,0.041667, , ,0.016667,0.016667,0.265000,0.061667,0.181667,0.048333, ,0.190000,0.015000,0.028333,0.015000,0.141667, , ,0.021667,0.131667,0.001667,0.038333,0.093333,0.065000,0.008333,0.003333, ,0.043333,0.008333,0.016667,0.001667,0.108333, ,0.096667, , ,0.023333, , ,0.011667,0.006667, ,0.003333, ,0.010000, , ,0.005000,0.008333, , , , ,0.005000, , , ,0.003333,0.131667,0.095000, , ,0.075000,0.073333, , ,0.003333,0.006667,0.096667,0.030000,0.011667, , ,0.040000,0.030000, , , , ,0.011667,0.005000, ,0.123333, , , ,0.053333,0.070000,0.106667,0.105000,0.031667,0.023333,0.001667, ,0.296667,0.093333, , ,0.015000,0.073333, ,0.090000, , ,0.055000, , ,0.015000, , ,0.015000, , , , , , , ,0.058333,0.243333,0.141667, ,0.130000, ,0.020000,0.230000,0.030000,0.026667,0.090000,0.031667,0.078333,0.015000,0.066667,0.061667,0.205000,0.033333, ,0.001667,0.003333,0.206667,0.148333,0.001667, ,0.063333, ,0.030000, ,0.050000,0.010000,0.033333, ,0.001667,0.115000,0.001667,0.008333,0.106667, ,0.038333,0.245000,0.246667,0.188333, ,0.173333,0.001667, ,0.188333, , ,0.045000,0.005000,0.053333,0.078333,0.061667, ,0.008333,0.091667,0.043333,0.078333,0.003333,0.065000,0.008333,0.011667,0.015000,0.080000,0.093333, ,0.053333,0.146667,0.180000, ,0.110000,0.098333,0.010000, ,0.006667, , ,0.173333, ,0.186667, ,0.246667,0.128333,0.026667,0.260000, ,0.188333, ,0.040000,0.195000,0.261667,0.101667,0.013333, ,0.133333, ,0.043333,0.036667,0.050000,0.085000,0.023333,0.053333,0.121667,0.076667,0.025000,0.018333,0.268333, , ,0.033333, , , ,0.033333,0.196667, ,0.148333, , , ,0.028333,0.136667, , ,0.230000,0.023333,0.143333,0.051667,0.155000,0.126667,0.070000,0.050000, ,0.046667, ,0.003333,0.111667,0.035000,0.058333,0.025000,0.046667,0.048333,0.041667,0.056667,0.208333,0.001667,0.136667,0.171667, ,0.013333,0.023333,0.176667,0.108333,0.078333,0.025000, , ,0.010000,0.073333,0.018333,0.161667, ,0.026667, ,0.073333,0.121667,0.063333,0.151667,0.045000, ,0.153333, ,0.006667,0.028333, ,0.031667, , ,0.055000,0.090000, , ,0.101667, , ,0.025000,0.001667,0.003333,0.103333,0.033333,0.196667, ,0.151667,0.060000,0.206667, ,0.191667, , ,0.198333, , , ,0.015000, ,0.211667,0.050000,0.001667,0.066667, ,0.016667,0.023333, ,0.015000,0.140000,0.088333,0.100000,0.011667,0.013333,0.016667,0.100000,0.011667,0.058333,0.038333, ,0.040000, , ,0.011667, , ,0.053333, , , ,0.025000,0.015000,0.055000, ,0.045000, , , ,0.050000, ,0.046667,0.036667, , , , , , , ,0.006667,0.100000, , ,0.261667, ,0.008333, ,0.023333, ,0.006667, ,0.013333, ,0.130000,0.151667, , ,0.148333,0.008333,0.030000,0.203333,0.236667,0.011667,0.058333,0.006667,0.011667,0.051667, , ,0.013333,0.003333,0.023333,0.010000,0.038333,0.038333, ,0.031667,0.065000,0.025000,0.020000, ,0.038333, , ,0.040000,0.001667,0.006667, , , ,0.103333,0.010000, , , ,0.005000,0.120000, , , , , ,0.018333,0.010000,0.113333,0.025000,0.003333,0.101667,0.008333, ,0.028333,0.111667,0.045000,0.008333,0.068333, ,0.028333,0.031667,0.003333, ,0.088333,0.080000, ,0.086667,0.003333,0.005000, ,0.016667, , , , , ,0.003333, , ,0.156667,0.103333,0.151667,0.005000,0.078333, ,0.008333,0.025000, , , ,0.011667, ,0.001667,0.210000, ,0.011667, , ,0.023333,0.028333, ,0.031667,0.018333,0.015000,0.041667, ,0.013333,0.010000,0.068333, ,0.035000,0.003333,0.086667,0.061667, , ,0.008333, ,0.021667,0.126667, ,0.063333,0.016667,0.005000,0.170000,0.075000, ,0.075000, , , ,0.036667,0.023333, ,0.126667, ,0.028333, ,0.055000, , , ,0.140000,0.135000,0.208333,0.126667,0.156667,0.213333,0.238333,0.120000, , ,0.240000,0.241667, ,0.006667,0.010000,0.206667,0.130000,0.061667, , ,0.055000,0.160000, ,0.016667, , , ,0.160000,0.001667,0.005000,0.023333, , , , , , ,0.041667, , ,0.101667,0.008333, ,0.101667, ,0.005000, ,0.038333,0.001667,0.130000,0.111667, , ,0.051667, ,0.073333, ,0.146667,0.008333,0.163333, , , ,0.026667, ,0.203333, ,0.020000, , , , , , , ,0.251667,0.070000, , , , ,0.075000, , ,0.138333,0.003333,0.068333, , , , ,0.003333,0.003333,0.006667,0.120000,0.001667,0.143333, ,0.023333,0.068333,0.193333, , ,0.001667,0.248333,0.078333,0.155000,0.045000,0.041667,0.030000,0.001667,0.071667, , ,0.016667,0.083333,0.033333, ,0.001667,0.048333, ,0.016667, ,0.086667,0.038333,0.176667,0.018333,0.056667,0.150000, ,0.016667,0.025000, , , , ,0.085000, ,0.010000,0.015000,0.013333,0.006667,0.233333, ,0.135000,0.150000, ,0.020000,0.216667,0.018333, ,0.008333,0.116667, ,0.001667,0.008333,0.153333,0.008333, , , , ,0.005000, ,0.001667,0.006667, ,0.011667, , ,0.031667, , , , , , ,0.005000, , , , , , , , , , , , , , ,0.011667,0.001667, ,0.001667,0.196667, ,0.006667,0.141667,0.010000,0.251667,0.068333,0.175000,0.110000,0.001667, ,0.091667, , , , , , , , , , , , , , , , 
    IBI Coefficient of Variation,0.687233,0.570465, ,0.579690,0.652994,0.614702,0.607400,0.598408,0.592984, , ,0.646905, , ,0.519046,0.657594,0.486959,0.757172,0.627068,0.636779, ,0.605777,0.638539,0.926621,0.801881,0.590608, , ,0.857732,0.678456, ,0.754374,0.609403,0.590495,0.531973, , ,0.898672,1.162755,0.633274, ,0.664348, ,0.667976, , ,0.951738, , ,0.724008,0.626415, , , ,0.484259, , ,0.799424,0.442024, , , , ,0.536672, , , , ,0.633795,0.425033, , ,0.583317,0.497539, , , ,0.600241,0.565077,0.700549,0.522059, , ,0.958679,0.649929, , , , ,0.891317,0.093686, ,0.618614, , , ,0.531158,0.717782,0.573365,0.628016,0.603191,0.824218, , ,0.584836,0.606317, , ,0.513978,0.615383, ,0.570138, , ,0.720320, , ,0.805465, , ,0.612607, , , , , , , ,0.641431,0.498182,0.625201, ,0.719621, ,0.827568,0.528735,0.873465,0.632635,0.646085,0.782435,0.627544,1.508404,0.747877,0.756744,0.613303,1.171133, , , ,0.638311,0.686210, , ,0.918452, ,0.894989, ,0.827378,1.301550,1.215435, , ,0.555141, ,1.763805,0.692878, ,0.599596,0.367997,0.366150,0.444584, ,0.538575, , ,0.380152, , ,0.664661,0.133976,0.584289,0.624262,0.763244, ,0.594981,0.654437,0.656250,0.629812, ,0.644943,0.656949,1.029826,0.391407,0.536247,0.666485, ,0.740779,0.538731,0.459605, ,0.517877,0.551295,0.887444, ,0.082718, , ,0.460595, ,0.483117, ,0.298106,0.602139,1.048776,0.259066, ,0.458400, ,0.965336,0.466187,0.315433,0.715297,0.731412, ,0.740764, ,0.625826,0.750774,0.661784,0.773842,1.379643,0.747608,0.748711,0.763534,0.900383,1.444351,0.444576, , ,0.796153, , , ,0.900821,0.608916, ,0.615747, , , ,1.196914,0.688105, , ,0.587358,1.246104,0.727356,0.499732,0.549914,0.522437,0.571508,0.511331, ,0.438840, , ,0.546239,0.822854,0.572374,0.673716,0.699083,0.496848,0.739582,0.633624,0.420670, ,0.673484,0.595360, ,0.883410,0.808620,0.496303,0.753678,0.719055,0.794201, , ,0.316717,0.544577,0.873396,0.415796, ,0.798019, ,0.543967,0.507089,0.720537,0.467959,0.716103, ,0.364977, ,0.603639,0.635149, ,0.502487, , ,0.717540,0.593650, , ,0.559187, , ,0.811860, , ,0.652704,0.607171,0.421621, ,0.498944,0.919988,0.432022, ,0.413296, , ,0.436186, , , ,0.854410, ,0.378383,0.989988, ,0.700431, ,0.742342,0.746324, ,0.804994,0.672263,0.902883,0.651804,1.064279,0.909525,0.780874,0.736180,0.695990,1.120267,0.849133, ,0.901420, , ,0.591865, , ,0.769245, , , ,0.765034,0.857699,0.743974, ,0.552529, , , ,0.621767, ,0.615740,0.753608, , , , , , , ,0.709968,0.874585, , ,0.552978, ,0.679842, ,0.779221, ,0.981723, ,1.078220, ,0.668672,0.687447, , ,0.679612,0.873781,1.606550,0.597266,0.576508,0.934122,0.809582,0.873889,1.437743,0.770715, , ,0.781374, ,0.890331,0.865454,0.974997,0.978739, ,0.853554,0.656051,0.773388,1.071129, ,0.666289, , ,0.694070, ,0.578606, , , ,0.639485,0.531263, , , ,0.307462,0.503359, , , , , ,0.617250,0.755492,0.565528,0.834932, ,0.666187,0.837722, ,0.880274,0.568014,0.781770,0.572114,0.742897, ,1.080654,0.791882, , ,0.616258,0.747120, ,0.620942, ,0.467540, ,0.665119, , , , , , , , ,0.542686,0.596015,0.568850,0.319314,0.614507, ,1.475527,0.819152, , , ,0.778742, , ,0.569145, ,0.663729, , ,1.149055,0.792117, ,0.564611,0.570406,0.663921,0.658998, ,0.623672,0.721643,0.768936, ,0.690503, ,0.672805,0.663031, , ,0.962514, ,0.640335,0.617373, ,0.582447,0.787136,0.003726,0.495608,0.833597, ,0.772555, , , ,0.836437,1.281534, ,0.628202, ,0.653093, ,0.661426, , , ,0.512388,0.657409,0.410046,0.481000,0.576903,0.401300,0.405698,0.604954, , ,0.352116,0.398070, ,0.429323,1.036933,0.411041,0.789930,0.700415, , ,0.792500,0.671354, ,0.916901, , , ,0.586999, ,0.381074,0.500069, , , , , , ,0.754778, , ,0.602783,1.371339, ,0.596549, ,0.911738, ,0.803696, ,0.585131,0.539778, , ,0.508586, ,0.721329, ,0.536816,0.857949,0.607694, , , ,0.792769, ,0.616766, ,1.001003, , , , , , , ,0.507560,0.852399, , , , ,0.461241, , ,0.666041, ,0.712437, , , , , , ,0.706821,0.660329, ,0.514349, ,0.989881,0.767177,0.466553, , , ,0.367884,0.896174,0.492214,1.124059,1.093204,1.054539, ,0.788176, , ,0.704858,0.742360,0.526630, , ,0.630665, ,0.705357, ,0.695809,0.651529,0.539851,0.712528,0.586343,0.568463, ,0.760469,0.608202, , , , ,0.710592, ,1.045027,1.582213,2.003789,0.376265,0.540849, ,0.568995,0.552300, ,0.677291,0.526780,0.665311, ,0.849597,0.565410, , ,0.827758,0.574065,0.972137, , , , ,1.016499, , ,0.633454, ,0.732467, , ,0.997260, , , , , , ,1.116933, , , , , , , , , , , , , , ,1.142895, , , ,0.609099, ,0.456855,0.667026,0.972316,0.512113,0.830582,0.558119,0.591633, , ,0.693261, , , , , , , , , , , , , , , , 
    Normalized Duration IQR,0.782032,0.285185, , ,0.707527,1.086470,0.710938,0.484043,0.873474, , ,0.696688, , ,1.073377,1.022622,0.595834,0.812501,0.593010,0.951522, ,0.731013,0.504537,0.306679,0.547594,0.355469, , ,0.696429,0.727472, ,0.921732,0.421652,0.958079,5.358678, , ,0.457914,11.375011,0.711612, ,0.826818, ,0.706257, , ,1.031251, , ,2.482577,0.718497, , , ,2.838125, , , ,1.606375, , , , , , , , , ,0.690536,0.475159, , ,0.481250,0.329928, , , ,0.264349,0.496200,0.320013,0.220291, , ,0.187876,0.743686, , , , ,0.556465, , ,1.204781, , , ,0.207161,0.386786,0.421652,0.502511,0.184823,0.816033, , ,0.750001,1.017277, , ,1.082397,0.337948, ,0.672716, , ,0.674529, , ,1.748890, , ,0.305929, , , , , , , ,0.486238,0.603983,0.744792, ,0.760639, ,0.319809,0.486553,0.237317,0.395966,0.633545,0.207504,0.415009,0.000000,0.575729,0.285674,0.438523,0.575288, , , ,0.572983,0.587442, , ,0.544417, ,0.511411, ,0.336811,0.163562,0.664970, , ,0.326272, ,0.000000,0.290989, ,0.764824,0.304071,0.298985,0.230009, ,0.513861, , ,0.158186, , ,0.596544, ,0.393475,0.359039,0.306679, ,20.827279,0.568751,0.317778,0.539332, ,0.419414,15.876091,19.731270,0.775569,0.832318,0.257195, ,0.288973,0.233879,0.210826, ,0.481714,0.000000,0.480327, ,0.658380, , ,0.390102, ,0.216479, ,0.381188,0.409575,0.000000,0.355469, ,0.418479, ,0.000000,0.532447,0.407574,0.488770,0.487627, ,0.370741, ,0.344223,0.333667,0.632477,0.599641,0.000000,0.279922,0.562360,0.469073,0.570479,0.259327,0.790264, , ,0.168292, , , ,0.247773,0.886963, ,0.786950, , , ,0.645640,0.340014, , ,0.772377,0.349878,0.739292,0.425234,0.533014,0.404282,0.571087,0.281655, ,0.281180, , ,0.370193,0.367655,0.278056,0.288639,0.142674,0.157588,0.393475,0.299880,0.340477, ,0.609623,0.560262, ,0.000000,0.415698,0.387384,0.610366,0.188441,0.539332, , ,0.191323,0.317576,0.314780,0.432959, ,0.214439, ,0.185646,0.378593,0.578836,0.438011,0.296505, ,0.596781, ,0.721427,0.649438, ,0.404936, , ,0.248511,0.578781, , ,1.145310, , ,0.700327, , ,0.650001,0.542548,0.719937, ,0.566818,0.523536,0.518922, ,0.848881, , ,0.424153, , , ,0.534723, ,0.522989,0.482798, ,0.663794, ,0.334559,0.156016, ,0.533583,0.314187,0.347088,0.539332,0.798246,0.276367,0.159700,0.347570,1.203126,0.416390,0.625626, ,0.284699, , ,0.126902, , ,0.163349, , , ,0.180296,0.479866,0.430723, ,0.286984, , , ,0.925824, ,0.201409,3.503872, , , , , , , ,1.639833,0.799011, , ,0.623547, ,0.391560, ,6.860257, ,0.062594, ,1.378532, ,0.298628,1.007449, , ,0.526473,1.108362,0.313597,0.764824,0.716024,11.122233,0.312813,0.224440,0.717461,0.415238, , ,0.412784, ,0.662915,0.000000,0.445285,0.408017, ,0.387985,0.552429,0.780082,0.462143, ,0.607404, , ,0.462855, ,0.133681, , , ,0.429614,0.633011, , , , ,0.720490, , , , , ,1.927854,0.875511,0.393063,0.492134, ,0.263144,5.291005, ,0.179262,0.270834,0.227294,0.153152,0.249005, ,0.436483,0.140748, , ,0.451172,0.377262, ,0.335906, , , ,0.454725, , , , , , , , ,0.433459,0.617902,0.386985, ,0.481250, ,0.175245,0.538752, , , ,0.689606, , ,0.621740, ,0.237429, , ,0.678553,0.316772, ,0.490046,0.209590,0.000000,0.298985, ,0.000000,0.115376,0.283730, ,0.264815, ,0.151300,0.160211, , ,0.292348, ,0.187313,0.305929, ,0.254837,0.397223, ,0.513861,0.317980, ,0.230645, , , ,0.609178,0.755282, ,0.551455, ,0.530191, ,0.571348, , , ,0.186615,0.440581,0.333667,0.446344,0.427413,0.564899,0.505216,0.504198, , ,0.933770,0.332780, ,0.120952,0.148958,0.523536,0.604834,0.281813, , ,0.512808,0.506836, ,0.718594, , , ,0.598446, , ,1.219458, , , , , , ,0.431466, , ,0.556937,0.218750, ,0.567204, , , ,0.383584, ,0.406911,0.542450, , ,0.499751, ,0.348053, ,0.429983,0.458334,0.575729, , , ,0.206989, ,0.517046, ,1.481501, , , , , , , ,0.901478,0.355217, , , , ,0.471577, , ,0.762029, ,0.306679, , , , , , ,0.369646,0.516512, ,0.586983, ,0.357671,0.547993,0.574627, , , ,0.588132,0.690028,0.499834,0.636769,0.207504,0.285023, ,0.553651, , ,0.240048,0.477273,0.000000, , ,0.386189, ,0.368829, ,1.361906,0.178750,0.393785,0.368557,0.709427,0.660727, ,1.161793,0.631945, , , , ,0.847348, ,0.509156,1.443751,0.081435,0.287975,0.635153, ,0.399761,0.654534, ,0.686872,0.353711,0.296505, ,14.758348,0.330145, , ,4.762548,0.180556,6.482634, , , , , , , ,1.518848, ,11.911172, , ,0.496528, , , , , , , , , , , , , , , , , , , , , ,18.377753, , , ,0.802942, ,1.379826,0.648317,0.451715,1.035804,0.529443,0.484981,0.365596, , ,0.910663, , , , , , , , , , , , , , , , 
    Burst Percentage,57.076566,60.267857,3.478261,15.217391,36.312849,69.353128,69.822485,29.914530,44.387755, ,4.060914,41.608877, , ,61.437908,37.765957,70.854271,39.002558,65.744815,24.399494,0.000000,24.755916,17.557252,43.223443,31.210191,54.812030,0.000000,0.000000,22.646310,51.091046,4.081633,13.359419,57.478006,43.566363,25.821596,9.708738, ,38.567839,21.356784,24.147727,5.384615,61.686526,0.000000,60.414610, ,0.000000,41.202673,0.000000, ,32.865169,42.857143, ,51.546392, ,42.857143, , ,50.131926,54.814815, , ,0.000000, ,45.345345,0.000000, , ,18.750000,55.783501,66.064639, , ,52.589183,62.371889,0.000000, ,4.641350,16.560510,65.416285,50.299401,18.404908, , ,48.006932,25.806452, , , ,0.000000,11.490126,12.007168, ,80.371517, , , ,69.959677,56.597938,51.455479,61.515152,37.845304,23.170732,11.055276,0.000000,82.373984,61.560694, ,0.000000,19.402985,56.082725,0.000000,61.293031, ,0.000000,98.606272, , ,40.740741, , ,46.428571,0.000000, , , , , , ,33.960177,78.259093,55.133531,0.000000,48.361823,0.000000,23.097826,77.187108,44.897959,44.782609,18.954848,45.378151,58.776167,13.612565,45.866667,48.387097,75.372517,43.209877, ,50.561798,8.750000,72.662678,60.155869,7.784431, ,50.059312,0.000000,35.873606, ,53.740648,49.056604,43.471074,0.000000,6.779661,61.000000,3.125000,9.510870,49.232456, ,63.984674,90.254061,91.651673,86.061856,0.000000,77.310924,2.688172,0.000000,83.275087,0.000000,0.000000,55.683690,55.555556,57.195122,59.522136,46.314325,0.000000,62.127660,59.309411,53.767442,60.924370,16.883117,52.419355,18.592965,37.179487,27.876106,52.708058,66.624843, ,49.729730,78.495340,90.020683, ,71.789883,68.706697,19.718310,0.000000,22.000000,0.000000, ,88.786482,0.000000,80.642750, ,89.968792,40.846995,36.764706,96.147920,0.000000,83.657066,0.000000,27.902240,85.187810,96.523951,54.398148,25.093633, ,47.186347,0.000000,40.848806,42.800789,34.880450,51.522634,26.883910,48.594848,52.455183,37.595420,27.985075,39.917695,87.605135,0.000000,0.000000,38.185654, ,0.000000, ,17.272727,62.215529, ,55.607917, , , ,34.978843,51.280228,0.000000,0.000000,78.705148,27.568493,61.778846,37.956888,73.240193,65.774487,49.622642,40.345821,0.000000,58.370370,0.000000,3.448276,71.032028,47.395833,43.794749,42.469880,47.191011,68.144044,40.522876,41.004862,83.466667,7.142857,59.251101,71.215207, ,16.287879,25.797101,73.518041,54.754755,44.044665,20.085470,0.000000,0.000000,7.442748,78.810976,27.594937,85.714286,0.000000,17.354196,0.000000,64.000000,82.215122,61.643836,88.335704,54.854369, ,82.641770, ,21.142857,39.732143, ,86.909091, ,0.000000,49.744463,69.535674, , ,66.051011,0.000000, ,31.976744,4.712042,8.633094,62.556847,36.317136,90.057803,0.000000,60.616273,51.347305,82.278481, ,90.182505, , ,92.623377,0.000000,0.000000, ,17.705736,0.000000,92.889222,39.798489,3.054449,42.829644,0.000000,45.454545,24.407583,0.000000,35.384615,68.173138,61.633428,64.200218,70.512821,44.720497,49.489796,59.312081,10.266940,40.642458,35.759097, ,49.000000, ,0.000000,32.089552, , ,47.160069,0.000000,0.000000, ,43.892340,23.373494,52.671756, ,77.973568, ,0.000000, ,69.565217, ,62.267081,33.333333, , , , ,0.000000, , ,17.554859,53.860640, , ,82.265175,0.000000,16.825397, ,22.268615, ,12.612613,0.000000,41.293532, ,68.329016,73.271889, , ,62.804548,22.575758,40.692641,72.847682,77.137331,32.285714,44.749290,13.368984,40.465116,53.770087,0.000000, ,24.074074,6.501548,46.122449,62.376238,62.269129,68.421053,0.000000,68.562874,72.244898,52.090032,46.666667, ,49.889135,0.000000, ,50.245098,20.000000,34.545455, , ,0.000000,61.079313,23.529412, , , ,8.227848,81.355932,0.000000, ,0.000000, , ,51.377119,28.571429,74.263379,43.817204,15.000000,67.603161,26.315789, ,67.226891,62.423313,59.531250,19.379845,52.961672,0.000000,77.470356,54.353562,18.025751,0.000000,60.220526,57.288136, ,62.328767,9.375000,9.865471,0.000000,16.463415, , , , , ,9.417040, , ,78.655881,52.862986,76.147883,29.268293,52.892562,0.000000,39.552239,20.736434, ,0.000000, ,37.606838,0.000000,12.195122,86.046512,0.000000,50.500000, , ,29.243354,49.052632, ,56.501182,69.148936,25.116279,75.737705, ,41.743119,21.551724,56.000000, ,42.168675,37.837838,59.655832,57.852349,0.000000,0.000000,31.182796,0.000000,24.418605,57.612580,0.000000,47.361809,32.758621,9.467456,73.162194,45.454545, ,64.140625, , , ,45.473251,45.730028,0.000000,77.929324, ,51.898734, ,70.771001,0.000000, , ,69.344262,72.217275,86.923077,73.187841,80.125196,86.771845,91.686923,62.830189,0.000000, ,90.796533,91.940567, ,14.070352,21.348315,87.053571,74.602239,54.967742, ,0.000000,75.370370,82.017773, ,19.806763,0.000000, , ,71.586308,7.826087,59.765625,50.583658, , , ,0.000000,0.000000, ,54.026846, , ,69.424823,9.119497, ,73.393740,0.000000,11.188811, ,51.739130,6.172840,62.157383,63.229167,0.000000, ,68.831169, ,51.150895, ,71.703297,9.960159,77.358491, , ,0.000000,42.222222,0.000000,73.310683, ,55.017301, , , ,0.000000,0.000000, , ,80.629630,48.471121, , ,0.000000, ,45.987921, ,0.000000,52.672082,7.303371,46.138211,0.000000, , ,0.000000,15.384615,4.029304,4.827586,57.835821,12.000000,75.729647, ,21.855670,65.430017,77.501323,0.000000,0.000000,9.523810,87.552501,40.522876,76.268952,31.168831,34.423408,32.506203,0.751073,49.921997,0.000000,0.000000,15.909091,48.398902,58.702065,0.000000,1.834862,36.568214,0.000000,37.430168, ,58.763838,52.424942,72.948500,26.315789,44.620612,69.823645,0.000000,20.320856,28.912467,0.000000,0.000000,0.000000,0.000000,57.186858,0.000000,48.809524,18.160377,34.562212,11.940299,75.627376, ,65.930388,74.886731,0.000000,20.803783,85.043988,31.364562,0.000000,20.923077,71.706454,0.000000,4.761905,33.753943,73.432343,31.465517,0.000000,0.000000,0.000000, ,10.539846, ,7.462687,15.714286,0.000000,27.215190,0.000000, ,20.584329,0.000000, , ,0.000000,0.000000, ,50.485437, ,0.000000, , , , , , , , , , , , ,12.686567,4.615385, ,2.906977,68.628454, ,11.165049,63.239689,7.580175,76.902887,36.734694,73.558442,55.182073,14.545455, ,55.755756, , , , , , , , , , , , , , ,0.000000, 

