AxIS Spike File,O:\DGK\IRAS\TOX\NTX\Users\Lennart\190919_LvM_256003_1260-11_MEA_rCortex_Acute_female_exposure(000)_Spike Detector (7 x STD)(000).spk
File Type,48-well

Analysis Start,1500.000000
Analysis End,2100.000000
Active Electrode Criterion (spks/min),
Remove Coincident Artifacts,True

Electrode Burst Settings,
    Algorithm,Poisson Surprise,
    Min Surprise,10.000000

Network Burst Settings,
    Algorithm,ISI Threshold,Adaptive,
    Min # of Spikes,40.000000
    Min # of Electrodes (%),15.000000
Synchrony Settings,
    Synchrony Window,20.000000

Evoked Analysis Settings,
    Events,0 to 0
    Peri-stimulus Window Start (ms),0.000000
    Peri-stimulus Window End (ms),100.000000
    Bin Size (ms),1.000000

Well Averages,A1,A2,A3,A4,A5,A6,A7,A8,B1,B2,B3,B4,B5,B6,B7,B8,C1,C2,C3,C4,C5,C6,C7,C8,D1,D2,D3,D4,D5,D6,D7,D8,E1,E2,E3,E4,E5,E6,E7,E8,F1,F2,F3,F4,F5,F6,F7,F8,
Treatment/ID,,,,,,,,,,,,,,,,,,,,,,,,,,,,,,,,,,,,,,,,,,,,,,,,
Activity Metrics
    Number of Spikes,26467.000000,704.000000,11313.000000,38993.000000,14163.000000,8777.000000,16040.000000,24859.000000,76054.000000,22956.000000,30074.000000,18860.000000,8007.000000,4772.000000,13177.000000,15619.000000,28551.000000,9312.000000,9592.000000,29464.000000,21562.000000,4706.000000,28192.000000,36930.000000,9066.000000,12922.000000,11446.000000,2243.000000,14984.000000,4277.000000,8388.000000,35735.000000,22379.000000,19875.000000,21169.000000,9171.000000,5023.000000,17613.000000,27164.000000,14775.000000,14709.000000,20241.000000,20649.000000,31192.000000,16107.000000,17528.000000,13495.000000,19537.000000
    Mean Firing Rate (Hz),2.756979,0.073333,1.178438,4.061771,1.475313,0.914271,1.670833,2.589479,7.922292,2.391250,3.132708,1.964583,0.834063,0.497083,1.372604,1.626979,2.974063,0.970000,0.999167,3.069167,2.246042,0.490208,2.936667,3.846875,0.944375,1.346042,1.192292,0.233646,1.560833,0.445521,0.873750,3.722396,2.331146,2.070313,2.205104,0.955313,0.523229,1.834688,2.829583,1.539063,1.532188,2.108438,2.150937,3.249167,1.677812,1.825833,1.405729,2.035104
    ISI Coefficient of Variation - Avg,2.359009,1.868482,1.793458,2.155622,1.741981,2.141737,1.750224,2.248585,2.189732,2.143470,2.201518,2.453049,1.048838,1.077470,1.538408,2.218883,2.256542,1.428074,1.811104,2.168800,1.876311,1.474549,1.795496,1.991942,1.704756,2.007269,1.668293,1.879863,1.901152,2.409308,1.815988,2.747188,1.736902,1.964612,1.960080,1.840270,2.239520,1.977186,2.276189,2.417659,1.814337,2.008550,2.227608,2.266139,2.400938,1.827947,2.068212,1.294414
    Number of Active Electrodes,15.000000,2.000000,15.000000,16.000000,12.000000,7.000000,13.000000,15.000000,12.000000,11.000000,15.000000,13.000000,12.000000,8.000000,12.000000,14.000000,14.000000,13.000000,12.000000,15.000000,13.000000,7.000000,15.000000,15.000000,9.000000,11.000000,11.000000,4.000000,13.000000,7.000000,10.000000,14.000000,15.000000,13.000000,15.000000,8.000000,8.000000,16.000000,15.000000,10.000000,15.000000,15.000000,14.000000,14.000000,15.000000,13.000000,14.000000,15.000000
    Weighted Mean Firing Rate (Hz),2.935111,0.562500,1.257000,4.061771,1.966528,2.068095,2.047949,2.761222,10.562639,3.469242,3.336333,2.404744,1.107639,0.994167,1.829722,1.855714,3.397976,1.191410,1.330833,3.273778,2.764359,1.109762,3.131111,4.103333,1.678704,1.952576,1.733788,0.899167,1.919615,1.017143,1.392167,4.252619,2.486556,2.547821,2.352000,1.902917,1.029583,1.834688,3.018222,2.451000,1.631444,2.248778,2.456786,3.710833,1.789444,2.243590,1.606190,2.169444
Electrode Burst Metrics
    Number of Bursts,982.000000,23.000000,404.000000,918.000000,322.000000,169.000000,488.000000,810.000000,1034.000000,737.000000,1022.000000,1028.000000,23.000000,1.000000,487.000000,710.000000,757.000000,154.000000,321.000000,748.000000,458.000000,124.000000,476.000000,805.000000,259.000000,300.000000,195.000000,55.000000,478.000000,122.000000,193.000000,1177.000000,416.000000,452.000000,491.000000,202.000000,184.000000,697.000000,805.000000,339.000000,313.000000,653.000000,631.000000,842.000000,616.000000,456.000000,278.000000,246.000000
    Number of Bursting Electrodes,16.000000,1.000000,14.000000,16.000000,12.000000,7.000000,12.000000,14.000000,10.000000,9.000000,13.000000,11.000000,4.000000,1.000000,7.000000,11.000000,14.000000,9.000000,10.000000,14.000000,12.000000,5.000000,13.000000,15.000000,7.000000,10.000000,9.000000,4.000000,13.000000,6.000000,10.000000,14.000000,14.000000,13.000000,15.000000,8.000000,8.000000,16.000000,15.000000,10.000000,15.000000,15.000000,13.000000,14.000000,15.000000,10.000000,13.000000,10.000000
    Burst Duration - Avg (sec),0.090454,0.213889,0.134003,0.120690,0.351690,0.350740,0.105962,0.152703,0.168098,0.122329,0.125316,0.084375,0.112712,0.159360,0.113008,0.108951,0.112372,0.085231,0.100152,0.127640,0.150714,0.136055,0.114479,0.083970,0.272219,0.208116,0.683760,0.418320,0.121115,0.326560,0.179858,0.189018,0.217297,0.275376,0.255496,0.366926,0.251978,0.129190,0.185258,0.368594,0.342112,0.123108,0.175818,0.136929,0.179145,0.239892,1.132223,0.114666
    Burst Duration - Std (sec),0.035016, ,0.072282,0.031966,0.410297,0.190602,0.031041,0.077493,0.075853,0.027700,0.098047,0.022805,0.012579, ,0.033087,0.042287,0.049668,0.043042,0.044508,0.042712,0.085327,0.043248,0.047755,0.043469,0.174215,0.139798,0.768006,0.203439,0.096433,0.554783,0.197611,0.029935,0.159206,0.157000,0.358925,0.285089,0.160724,0.089613,0.092161,0.399502,0.366552,0.051763,0.053876,0.051859,0.056828,0.108292,1.100097,0.040902
    Number of Spikes per Burst - Avg,12.949889,15.956522,9.651345,14.505421,14.678754,15.117348,10.463898,14.503793,22.857293,12.807122,13.253991,10.646495,8.741667,7.000000,10.474195,11.926874,13.419096,7.938254,9.242974,13.670679,11.745126,8.981469,11.950230,13.589948,11.672146,14.570572,15.233075,15.224673,10.205995,12.116647,10.444615,17.682910,13.404273,15.093793,13.704038,15.634935,13.131171,11.544774,13.525828,18.370358,15.423604,11.559817,14.505596,13.892938,14.234080,14.230318,29.912795,9.645730
    Number of Spikes per Burst - Std,2.991446, ,3.213102,4.015275,10.591167,8.254134,3.705773,3.276274,12.915808,5.355008,7.433871,3.568726,1.164403, ,3.717326,6.075039,4.881484,2.458378,3.739288,6.008828,6.457129,2.602480,4.762921,3.550805,4.182897,10.223188,4.255843,7.900619,3.194869,7.716794,2.521013,4.687785,5.836722,4.826808,4.009047,4.291582,4.914425,3.122007,5.431155,11.373321,9.264138,3.689897,4.398530,3.460081,3.838328,2.716509,21.464916,3.484872
    Mean ISI within Burst - Avg (sec),0.008291,0.012851,0.012831,0.008981,0.019281,0.024984,0.011295,0.008767,0.009414,0.011410,0.011301,0.009107,0.014701,0.026560,0.012857,0.011400,0.008477,0.011505,0.012282,0.010381,0.016318,0.017498,0.010668,0.006286,0.023461,0.015092,0.040985,0.033200,0.012397,0.013088,0.014459,0.010684,0.016422,0.016745,0.016816,0.020822,0.017959,0.012290,0.012409,0.019118,0.017588,0.011330,0.013155,0.010616,0.012180,0.014781,0.020937,0.013855
    Mean ISI within Burst - Std (sec),0.005371, ,0.005035,0.002171,0.011370,0.009830,0.003493,0.003677,0.004985,0.003447,0.006958,0.002096,0.001281, ,0.004178,0.006028,0.002211,0.002310,0.004125,0.004325,0.010576,0.005319,0.003557,0.002363,0.026306,0.005540,0.042457,0.021874,0.009192,0.006335,0.008494,0.002570,0.008332,0.008932,0.016822,0.011244,0.014027,0.010641,0.004765,0.012028,0.008324,0.002682,0.004728,0.003362,0.003708,0.006938,0.010965,0.005466
    Median ISI within Burst - Avg (sec),0.006087,0.010073,0.009375,0.006393,0.014133,0.019653,0.008257,0.006198,0.006697,0.009859,0.008834,0.006301,0.011349,0.025600,0.011199,0.008916,0.006268,0.009378,0.009787,0.008234,0.014757,0.015633,0.008610,0.004715,0.016557,0.011292,0.023089,0.026198,0.009187,0.010726,0.011261,0.007469,0.012645,0.012571,0.010378,0.016325,0.012798,0.008643,0.009034,0.014289,0.012265,0.008608,0.009010,0.007377,0.009593,0.010052,0.012236,0.010644
    Median ISI within Burst - Std (sec),0.004490, ,0.003524,0.001930,0.008941,0.009142,0.003092,0.003055,0.002297,0.003076,0.005515,0.001564,0.001903, ,0.004303,0.006071,0.001734,0.001553,0.003264,0.003232,0.010044,0.004799,0.003186,0.001784,0.022596,0.004431,0.022257,0.018610,0.006353,0.005059,0.006087,0.002364,0.006715,0.007008,0.004039,0.008869,0.007177,0.007041,0.004047,0.009840,0.006520,0.002311,0.004313,0.002892,0.003436,0.005565,0.004731,0.004471
    Median/Mean ISI within Burst - Avg,0.740270,0.804076,0.795509,0.732865,0.764211,0.798869,0.762631,0.750795,0.755719,0.857460,0.782215,0.707185,0.766037,0.963855,0.855791,0.764840,0.762000,0.855769,0.811110,0.812808,0.889087,0.902046,0.815061,0.788298,0.755064,0.781797,0.641386,0.789613,0.778622,0.827635,0.826415,0.721353,0.777289,0.774207,0.746332,0.782398,0.806765,0.747627,0.751061,0.747074,0.757277,0.773734,0.702315,0.706883,0.790648,0.740663,0.707582,0.774976
    Median/Mean ISI within Burst - Std,0.062140, ,0.064918,0.033743,0.103913,0.070588,0.079251,0.055581,0.135566,0.069842,0.081803,0.065519,0.065159, ,0.088313,0.096654,0.059785,0.066244,0.051503,0.075360,0.126023,0.079678,0.057987,0.038595,0.066392,0.106904,0.135616,0.070556,0.061949,0.047168,0.056453,0.063805,0.110456,0.071221,0.150565,0.042522,0.074938,0.082601,0.100599,0.059391,0.118583,0.065124,0.099626,0.078241,0.061611,0.104514,0.130694,0.064718
    Inter-Burst Interval - Avg (sec),34.379028,26.967553,40.049596,15.258868,104.142847,41.098366,26.072858,15.848230,16.899828,15.015198,22.228086,33.120774,82.817187, ,26.838354,13.608988,13.690624,42.212280,24.804981,28.634473,37.198220,33.418307,25.313105,12.411721,58.187599,49.708368,99.054884,126.612975,26.012445,32.178377,37.932391,7.647536,53.061952,33.987084,53.977150,32.076755,51.058395,44.347472,22.960383,39.127628,64.189310,20.595974,16.361410,28.965559,20.133672,35.686784,98.646830,75.080700
    Inter-Burst Interval - Std (sec),91.206721,0.000000,36.603969,15.545250,150.443599,36.450511,23.047733,13.720580,35.363868,24.193258,34.346706,60.907486,68.736397, ,27.387739,10.797873,7.271990,36.634323,22.144684,46.549542,41.360396,25.035655,22.950622,6.450866,103.032532,50.507762,130.345621,183.415828,23.598398,15.841375,20.994451,2.247809,56.031215,36.400198,109.560869,18.813687,51.782320,74.607470,33.273879,44.500688,82.042464,16.954594,11.587315,52.005558,17.061840,51.536659,111.988433,89.850338
    Burst Frequency - Avg (Hz),0.102292,0.038333,0.048095,0.095625,0.044722,0.040238,0.067778,0.096429,0.172333,0.136481,0.131026,0.155758,0.009583,0.001667,0.115952,0.107576,0.090119,0.028519,0.053500,0.089048,0.063611,0.041333,0.061026,0.089444,0.061667,0.050000,0.036111,0.022917,0.061282,0.033889,0.032167,0.140119,0.049524,0.057949,0.054556,0.042083,0.038333,0.072604,0.089444,0.056500,0.034778,0.072556,0.080897,0.100238,0.068444,0.076000,0.035641,0.041000
    Burst Frequency - Std (Hz),0.048838, ,0.036007,0.042093,0.042515,0.038591,0.045596,0.048806,0.109076,0.127392,0.125123,0.090650,0.010308, ,0.131113,0.062890,0.039443,0.017489,0.035228,0.056854,0.075048,0.042629,0.035840,0.021498,0.053886,0.058983,0.038622,0.017918,0.035513,0.019139,0.018427,0.043802,0.039078,0.051425,0.038542,0.029811,0.026156,0.037143,0.072011,0.044308,0.036720,0.041951,0.039998,0.081314,0.033079,0.064326,0.052399,0.047863
    IBI Coefficient of Variation - Avg,0.598842,0.735535,0.780982,0.700225,0.800707,0.947345,0.695347,0.677524,0.702500,0.707249,0.773124,0.627262,0.677523, ,0.812980,0.691844,0.581399,0.722303,0.743918,0.613490,0.590700,0.877270,0.687776,0.775294,0.763352,0.736335,0.698690,0.608850,0.777659,0.804598,0.715008,0.664403,0.822929,0.710121,0.734159,0.609284,0.692231,0.569855,0.709369,0.991312,0.796622,0.748964,0.655156,0.776354,0.763998,0.686827,0.977895,0.780444
    IBI Coefficient of Variation - Std,0.090339,0.000000,0.198409,0.083003,0.299964,0.366299,0.228619,0.081751,0.072934,0.295739,0.451769,0.285103,0.474239, ,0.344720,0.379149,0.283972,0.185801,0.090365,0.178177,0.263064,0.228379,0.303823,0.065468,0.128913,0.110427,0.070507,0.046489,0.169971,0.223176,0.106342,0.122357,0.329288,0.255627,0.165966,0.158198,0.141953,0.094082,0.105442,0.553442,0.208527,0.179123,0.107717,0.141225,0.234780,0.073286,0.163605,0.236045
    Burst Percentage - Avg,48.970750,21.575544,34.979679,34.443011,23.360724,23.605833,29.550450,42.684060,25.459222,24.026461,36.268240,42.191587,1.061499,0.194444,18.982502,41.310520,42.051522,14.166525,28.409362,40.104159,23.577456,8.814224,22.116793,39.583892,25.573252,26.724592,14.152026,15.559102,31.194038,32.357639,24.340248,55.215251,26.455348,28.889863,26.990303,32.757220,30.584771,44.793902,37.534137,27.809809,30.515656,34.760670,39.909140,32.833359,51.179477,22.967192,34.911636,10.380814
    Burst Percentage - Std,14.086721,37.369938,18.759626,11.776205,13.318532,26.157974,21.184075,20.186613,20.984886,32.543300,35.187849,39.644476,2.462427,0.549972,30.597372,33.586821,27.848449,19.953961,22.012752,28.719260,25.533776,14.595064,19.346281,19.355218,20.724436,25.170496,15.275237,24.244106,16.636042,36.647085,18.708800,18.542511,17.689748,17.855809,17.569955,20.682409,29.672262,17.938305,23.115344,22.376498,18.338687,18.147650,19.016913,20.576672,21.080339,21.686468,25.267312,13.252178
Network Burst Metrics
    Number of Network Bursts,246.000000,1.000000,81.000000,335.000000,105.000000,52.000000,103.000000,215.000000,393.000000,205.000000,171.000000,149.000000,20.000000,0.000000,193.000000,104.000000,73.000000,36.000000,47.000000,116.000000,156.000000,8.000000,110.000000,148.000000,57.000000,110.000000,103.000000,4.000000,110.000000,24.000000,57.000000,233.000000,170.000000,168.000000,197.000000,54.000000,32.000000,113.000000,192.000000,78.000000,91.000000,165.000000,185.000000,257.000000,102.000000,167.000000,94.000000,112.000000
    Network Burst Frequency,0.410000,0.001667,0.135000,0.558333,0.175000,0.086667,0.171667,0.358333,0.655000,0.341667,0.285000,0.248333,0.033333, ,0.321667,0.173333,0.121667,0.060000,0.078333,0.193333,0.260000,0.013333,0.183333,0.246667,0.095000,0.183333,0.171667,0.006667,0.183333,0.040000,0.095000,0.388333,0.283333,0.280000,0.328333,0.090000,0.053333,0.188333,0.320000,0.130000,0.151667,0.275000,0.308333,0.428333,0.170000,0.278333,0.156667,0.186667
    Network Burst Duration - Avg (sec),0.280045,1.759920,0.334614,0.345904,0.317934,0.548648,0.279035,0.295091,0.460377,0.222850,0.185392,0.165181,0.181300, ,0.274104,0.265766,0.068744,0.104660,0.147634,0.150344,0.530484,0.509730,0.281643,0.257139,0.865538,0.470257,0.458882,1.383040,0.549983,0.184667,0.482494,0.413435,0.406964,0.371797,0.324598,0.530024,0.315755,0.340809,0.452470,0.306316,0.448647,0.486726,0.349363,0.437661,0.267351,0.436535,0.257101,0.298699
    Network Burst Duration - Std (sec),0.156429, ,0.338980,0.207335,0.272151,0.209230,0.156134,0.217023,0.131829,0.056106,0.023022,0.036947,0.039979, ,0.120677,0.086110,0.017442,0.015036,0.026623,0.029126,0.207218,0.128866,0.089661,0.117022,0.512861,0.263448,0.288935,0.689550,0.283051,0.039917,0.411716,0.406248,0.206062,0.268066,0.221510,0.395920,0.304244,0.264037,0.421858,0.121780,0.432060,0.246507,0.246391,0.183130,0.293268,0.271464,0.304370,0.113079
    Number of Spikes per Network Burst - Avg,101.264228,113.000000,81.827160,107.289552,76.838095,63.269231,89.805825,101.823256,143.086514,92.321951,144.222222,109.993289,43.200000, ,61.766839,126.278846,127.465753,49.805556,77.893617,131.068966,100.134615,44.875000,99.927273,114.567568,71.719298,71.181818,66.388350,114.000000,87.736364,50.833333,65.368421,146.077253,89.058824,89.250000,91.984772,82.666667,76.187500,116.070796,126.567708,83.564103,101.043956,101.327273,101.497297,106.190661,127.745098,80.227545,83.765957,64.919643
    Number of Spikes per Network Burst - Std,77.785415, ,58.975374,75.912117,86.636411,22.308106,43.963902,114.005273,86.216195,17.896866,13.443467,14.082525,2.966479, ,11.880592,15.250947,47.964420,6.037121,13.382718,51.269743,38.621085,4.290771,47.969736,76.680374,39.196736,34.848606,35.747544,66.387750,40.953246,7.154607,35.141363,148.129554,56.843885,90.899744,87.660144,59.741266,71.467763,69.654468,129.056242,39.133999,116.659420,57.168681,71.349882,70.380652,164.550795,73.821559,125.214433,25.943507
    Mean ISI within Network Burst - Avg (sec),0.003638,0.015714,0.004210,0.003868,0.004688,0.009025,0.003593,0.003852,0.004118,0.002474,0.001305,0.001520,0.004300, ,0.004501,0.002166,0.000590,0.002162,0.001950,0.001426,0.006372,0.011598,0.003593,0.003285,0.012576,0.007025,0.007346,0.013015,0.007238,0.003718,0.007958,0.003587,0.005358,0.004946,0.004152,0.007012,0.004283,0.003720,0.004268,0.004118,0.004894,0.006030,0.004259,0.005026,0.002653,0.006178,0.003457,0.004921
    Mean ISI within Network Burst - Std (sec),0.002538, ,0.002176,0.002041,0.002711,0.002456,0.001934,0.002444,0.001722,0.000586,0.000196,0.000294,0.000926, ,0.001837,0.000992,0.000151,0.000338,0.000344,0.000782,0.003880,0.002554,0.001906,0.002018,0.004897,0.003017,0.003580,0.004195,0.004679,0.000687,0.006742,0.003171,0.002303,0.002755,0.002259,0.003575,0.001682,0.002818,0.002673,0.001680,0.002153,0.003788,0.002853,0.002503,0.001789,0.003409,0.001163,0.001650
    Median ISI within Network Burst - Avg (sec),0.000684,0.012560,0.001430,0.000503,0.001402,0.003725,0.001049,0.000769,0.002513,0.001270,0.000648,0.000642,0.002206, ,0.001581,0.000770,0.000396,0.001406,0.000952,0.000834,0.001834,0.004605,0.001940,0.001331,0.002978,0.002161,0.002094,0.005650,0.001301,0.001712,0.002466,0.000746,0.001155,0.001457,0.001056,0.002301,0.001754,0.001088,0.001122,0.002408,0.001615,0.001333,0.000984,0.001116,0.000884,0.001088,0.001459,0.001446
    Median ISI within Network Burst - Std (sec),0.000377, ,0.000963,0.000225,0.000541,0.001419,0.000505,0.000354,0.001456,0.000285,0.000099,0.000095,0.000452, ,0.000352,0.000689,0.000137,0.000353,0.000239,0.000594,0.001161,0.002330,0.001446,0.001012,0.001436,0.001078,0.000603,0.001100,0.000786,0.000670,0.002319,0.000352,0.000371,0.000680,0.000408,0.001034,0.000964,0.001396,0.000492,0.001401,0.000648,0.000784,0.000348,0.000621,0.000442,0.000363,0.000574,0.000514
    Median/Mean ISI within Network Burst - Avg,0.240874,0.799309,0.359080,0.159646,0.340420,0.415185,0.325008,0.245685,0.569159,0.526828,0.501944,0.434878,0.524768, ,0.402878,0.363286,0.663399,0.647390,0.491550,0.548774,0.301934,0.386666,0.482813,0.368124,0.251850,0.333915,0.327765,0.447512,0.220867,0.458196,0.357113,0.302127,0.240236,0.331513,0.294941,0.373539,0.436135,0.292916,0.319259,0.560996,0.355372,0.247407,0.301073,0.236295,0.378878,0.221603,0.433378,0.304755
    Median/Mean ISI within Network Burst - Std,0.134528, ,0.174531,0.085985,0.120938,0.090091,0.116119,0.126849,0.129025,0.103281,0.072242,0.087971,0.102942, ,0.158849,0.100662,0.098906,0.094208,0.093274,0.093765,0.083643,0.116015,0.150083,0.124611,0.107453,0.133146,0.120325,0.071737,0.133610,0.111599,0.175710,0.163128,0.087839,0.124623,0.114757,0.144484,0.170270,0.111118,0.138603,0.115214,0.119929,0.100907,0.138494,0.089436,0.133856,0.116477,0.128140,0.086716
    Number of Elecs Participating in Burst - Avg,14.260163,3.000000,12.703704,15.850746,10.819048,7.076923,12.067961,13.074419,8.814249,10.736585,15.134503,12.751678,12.000000, ,11.274611,13.163462,13.575342,11.777778,10.765957,13.879310,11.826923,6.375000,11.881818,13.081081,7.947368,8.472727,9.776699,5.250000,11.954545,6.083333,9.614035,13.884120,12.552941,11.577381,14.629442,8.037037,8.781250,14.592920,13.604167,8.692308,12.989011,14.236364,12.627027,12.412451,14.362745,11.095808,12.234043,12.107143
    Number of Elecs Participating in Burst - Std,1.094233, ,1.503699,0.478700,1.141700,1.117528,1.366706,1.326948,1.889445,0.821809,0.519652,0.804599,0.458831, ,0.778773,0.925482,0.998858,0.831904,0.666358,1.550064,1.494780,0.517549,2.646555,1.921994,0.811107,1.431680,1.119629,1.258306,1.111956,0.408248,1.130019,0.472846,1.515255,1.364639,0.662206,0.725882,0.870090,1.320424,1.357386,1.548419,1.906098,0.889580,0.947723,1.097369,0.793404,1.313661,1.363310,1.595925
    Number of Spikes per Network Burst per Channel - Avg,6.895753,37.666667,6.314003,6.741178,6.973620,8.986371,7.295651,7.492295,15.253471,8.597283,9.537845,8.643288,3.605915, ,5.474212,9.596226,9.233746,4.230977,7.224876,9.167942,8.288556,7.089286,8.044272,8.373880,9.049290,8.369242,6.747889,23.937500,7.224168,8.354960,6.791401,10.438690,6.877406,7.469059,6.245397,10.270907,8.506030,7.793504,9.063405,9.645659,7.505988,7.007395,7.811198,8.358327,8.715348,7.035293,6.600133,5.321289
    Number of Spikes per Network Burst per Channel - Std,4.842416, ,3.967030,4.722718,7.126909,2.850859,3.163517,7.860731,6.589345,1.569845,0.921107,1.109282,0.292663, ,0.965594,1.076500,3.153822,0.440060,1.132865,3.025516,2.607992,0.957364,2.615008,4.865968,4.715640,3.487151,3.388142,18.755149,3.034982,1.028925,3.390551,10.532125,3.791850,6.621932,5.828655,7.311972,7.491509,4.297151,8.770381,4.042289,7.260595,3.727164,5.012933,4.893718,10.908402,5.327016,8.794009,1.798097
    Network Burst Percentage,94.120981,16.051136,58.587466,92.175519,56.965332,37.484334,57.668329,88.064685,73.938254,82.444677,82.004389,86.898197,10.790558, ,90.468240,84.083488,32.590802,19.254725,38.167223,51.601955,72.446897,7.628559,38.989784,45.913891,45.091551,60.594335,59.741394,20.329915,64.408703,28.524667,44.420601,95.245558,67.652710,75.441509,85.601587,48.675172,48.536731,74.467723,89.460315,44.115059,62.512747,82.599674,90.934186,87.493588,80.896505,76.437700,58.347536,37.216563
    Network IBI Coefficient of Variation,0.424647, ,0.682166,0.368447,0.641228,0.965630,0.508734,0.543410,0.485315,0.361452,0.351835,0.326055,0.789138, ,0.321307,0.383573,0.453102,0.499518,0.739534,0.469586,0.410526,0.942325,0.625289,0.647796,0.752341,0.570078,0.582387,0.704609,0.655629,0.660994,0.642441,0.479970,0.572889,0.551249,0.503399,0.689765,0.820151,0.519830,0.455821,0.943756,0.537797,0.503080,0.440361,0.405087,0.588290,0.495477,0.583023,0.643964
    Network Normalized Duration IQR,0.874167, ,0.683351,0.585994,0.493729,0.497872,0.627298,0.675946,0.377485,0.273597,0.161730,0.195000,0.213024, ,0.778095,0.404347,0.293377,0.095588,0.209590,0.134942,0.466544,0.231772,0.343226,0.504622,0.654266,0.580515,0.647239,0.499365,0.681295,0.289307,1.040655,1.212262,0.427641,0.684424,0.697508,0.773853,0.647199,0.760639,0.874523,0.416910,0.783120,0.689456,0.775708,0.335263,0.745184,0.805959,0.524234,0.319197
Synchrony Metrics
    Area Under Normalized Cross-Correlation,0.696567,0.011569,0.364997,0.692989,0.286374,0.079411,0.366933,0.588843,0.186749,0.262118,0.469038,0.514786,0.358628,0.087831,0.289473,0.400109,0.405237,0.153710,0.273082,0.451274,0.260227,0.105812,0.348423,0.560686,0.123837,0.267025,0.240136,0.067316,0.387693,0.107810,0.279801,0.563956,0.367168,0.336234,0.485051,0.174932,0.187159,0.574388,0.391080,0.117234,0.290625,0.489464,0.411920,0.421480,0.477698,0.355288,0.262735,0.249134
    Area Under Cross-Correlation,9.633847,0.002958,1.383167,11.275361,1.308597,0.201056,2.211139,7.164111,9.427806,2.814583,6.800181,4.153875,0.529306,0.062014,1.405500,3.107861,5.423611,0.344931,0.811889,5.484958,2.490208,0.128028,3.015875,8.380236,0.415639,0.924417,0.782111,0.037028,2.099583,0.150125,0.667736,9.611069,2.614069,2.356806,3.365236,0.468333,0.330556,4.294681,4.658347,0.789722,1.451069,3.645500,3.793069,5.847069,3.377792,2.310042,1.271292,1.235403
    Full Width at Half Height of Normalized Cross-Correlation,15.000000,28.000000,21.000000,11.000000,17.000000,16.000000,14.000000,16.000000,47.000000,17.000000,19.000000,18.000000,21.000000,40.000000,24.000000,17.000000,31.000000,32.000000,28.000000,30.000000,21.000000,23.000000,27.000000,21.000000,25.000000,16.000000,16.000000,10.000000,16.000000,41.000000,25.000000,13.000000,12.000000,12.000000,12.000000,11.000000,10.000000,14.000000,13.000000,13.000000,19.000000,13.000000,14.000000,13.000000,10.000000,12.000000,16.000000,14.000000
    Full Width at Half Height of Cross-Correlation,49.000000,54.000000,49.000000,28.000000,49.000000,111.000000,42.000000,46.000000,188.000000,101.000000,73.000000,37.000000,27.000000,57.000000,65.000000,74.000000,67.000000,66.000000,65.000000,81.000000,82.000000,85.000000,73.000000,50.000000,45.000000,55.000000,27.000000,23.000000,51.000000,73.000000,53.000000,60.000000,26.000000,55.000000,38.000000,36.000000,55.000000,57.000000,69.000000,95.000000,61.000000,60.000000,52.000000,49.000000,74.000000,31.000000,70.000000,34.000000
    Synchrony Index, , , , , , , , , , , , , , , , , , , , , , , , , , , , , , , , , , , , , , , , , , , , , , , , 
    Kreuz SPIKE Distance, , , , , , , , , , , , , , , , , , , , , , , , , , , , , , , , , , , , , , , , , , , , , , , , 
Evoked Metrics
    Number of Trials, , , , , , , , , , , , , , , , , , , , , , , , , , , , , , , , , , , , , , , , , , , , , , , , 
    Evoked Spike Count - Avg, , , , , , , , , , , , , , , , , , , , , , , , , , , , , , , , , , , , , , , , , , , , , , , , 
    Evoked Spike Count - Std, , , , , , , , , , , , , , , , , , , , , , , , , , , , , , , , , , , , , , , , , , , , , , , , 
    Evoked Response Probability, , , , , , , , , , , , , , , , , , , , , , , , , , , , , , , , , , , , , , , , , , , , , , , , 
    Evoked First Spike Latency (ms), , , , , , , , , , , , , , , , , , , , , , , , , , , , , , , , , , , , , , , , , , , , , , , , 
    Evoked Jitter (ms), , , , , , , , , , , , , , , , , , , , , , , , , , , , , , , , , , , , , , , , , , , , , , , , 

Measurement,A1_11,A1_12,A1_13,A1_14,A1_21,A1_22,A1_23,A1_24,A1_31,A1_32,A1_33,A1_34,A1_41,A1_42,A1_43,A1_44,A2_11,A2_12,A2_13,A2_14,A2_21,A2_22,A2_23,A2_24,A2_31,A2_32,A2_33,A2_34,A2_41,A2_42,A2_43,A2_44,A3_11,A3_12,A3_13,A3_14,A3_21,A3_22,A3_23,A3_24,A3_31,A3_32,A3_33,A3_34,A3_41,A3_42,A3_43,A3_44,A4_11,A4_12,A4_13,A4_14,A4_21,A4_22,A4_23,A4_24,A4_31,A4_32,A4_33,A4_34,A4_41,A4_42,A4_43,A4_44,A5_11,A5_12,A5_13,A5_14,A5_21,A5_22,A5_23,A5_24,A5_31,A5_32,A5_33,A5_34,A5_41,A5_42,A5_43,A5_44,A6_11,A6_12,A6_13,A6_14,A6_21,A6_22,A6_23,A6_24,A6_31,A6_32,A6_33,A6_34,A6_41,A6_42,A6_43,A6_44,A7_11,A7_12,A7_13,A7_14,A7_21,A7_22,A7_23,A7_24,A7_31,A7_32,A7_33,A7_34,A7_41,A7_42,A7_43,A7_44,A8_11,A8_12,A8_13,A8_14,A8_21,A8_22,A8_23,A8_24,A8_31,A8_32,A8_33,A8_34,A8_41,A8_42,A8_43,A8_44,B1_11,B1_12,B1_13,B1_14,B1_21,B1_22,B1_23,B1_24,B1_31,B1_32,B1_33,B1_34,B1_41,B1_42,B1_43,B1_44,B2_11,B2_12,B2_13,B2_14,B2_21,B2_22,B2_23,B2_24,B2_31,B2_32,B2_33,B2_34,B2_41,B2_42,B2_43,B2_44,B3_11,B3_12,B3_13,B3_14,B3_21,B3_22,B3_23,B3_24,B3_31,B3_32,B3_33,B3_34,B3_41,B3_42,B3_43,B3_44,B4_11,B4_12,B4_13,B4_14,B4_21,B4_22,B4_23,B4_24,B4_31,B4_32,B4_33,B4_34,B4_41,B4_42,B4_43,B4_44,B5_11,B5_12,B5_13,B5_14,B5_21,B5_22,B5_23,B5_24,B5_31,B5_32,B5_33,B5_34,B5_41,B5_42,B5_43,B5_44,B6_11,B6_12,B6_13,B6_14,B6_21,B6_22,B6_23,B6_24,B6_31,B6_32,B6_33,B6_34,B6_41,B6_42,B6_43,B6_44,B7_11,B7_12,B7_13,B7_14,B7_21,B7_22,B7_23,B7_24,B7_31,B7_32,B7_33,B7_34,B7_41,B7_42,B7_43,B7_44,B8_11,B8_12,B8_13,B8_14,B8_21,B8_22,B8_23,B8_24,B8_31,B8_32,B8_33,B8_34,B8_41,B8_42,B8_43,B8_44,C1_11,C1_12,C1_13,C1_14,C1_21,C1_22,C1_23,C1_24,C1_31,C1_32,C1_33,C1_34,C1_41,C1_42,C1_43,C1_44,C2_11,C2_12,C2_13,C2_14,C2_21,C2_22,C2_23,C2_24,C2_31,C2_32,C2_33,C2_34,C2_41,C2_42,C2_43,C2_44,C3_11,C3_12,C3_13,C3_14,C3_21,C3_22,C3_23,C3_24,C3_31,C3_32,C3_33,C3_34,C3_41,C3_42,C3_43,C3_44,C4_11,C4_12,C4_13,C4_14,C4_21,C4_22,C4_23,C4_24,C4_31,C4_32,C4_33,C4_34,C4_41,C4_42,C4_43,C4_44,C5_11,C5_12,C5_13,C5_14,C5_21,C5_22,C5_23,C5_24,C5_31,C5_32,C5_33,C5_34,C5_41,C5_42,C5_43,C5_44,C6_11,C6_12,C6_13,C6_14,C6_21,C6_22,C6_23,C6_24,C6_31,C6_32,C6_33,C6_34,C6_41,C6_42,C6_43,C6_44,C7_11,C7_12,C7_13,C7_14,C7_21,C7_22,C7_23,C7_24,C7_31,C7_32,C7_33,C7_34,C7_41,C7_42,C7_43,C7_44,C8_11,C8_12,C8_13,C8_14,C8_21,C8_22,C8_23,C8_24,C8_31,C8_32,C8_33,C8_34,C8_41,C8_42,C8_43,C8_44,D1_11,D1_12,D1_13,D1_14,D1_21,D1_22,D1_23,D1_24,D1_31,D1_32,D1_33,D1_34,D1_41,D1_42,D1_43,D1_44,D2_11,D2_12,D2_13,D2_14,D2_21,D2_22,D2_23,D2_24,D2_31,D2_32,D2_33,D2_34,D2_41,D2_42,D2_43,D2_44,D3_11,D3_12,D3_13,D3_14,D3_21,D3_22,D3_23,D3_24,D3_31,D3_32,D3_33,D3_34,D3_41,D3_42,D3_43,D3_44,D4_11,D4_12,D4_13,D4_14,D4_21,D4_22,D4_23,D4_24,D4_31,D4_32,D4_33,D4_34,D4_41,D4_42,D4_43,D4_44,D5_11,D5_12,D5_13,D5_14,D5_21,D5_22,D5_23,D5_24,D5_31,D5_32,D5_33,D5_34,D5_41,D5_42,D5_43,D5_44,D6_11,D6_12,D6_13,D6_14,D6_21,D6_22,D6_23,D6_24,D6_31,D6_32,D6_33,D6_34,D6_41,D6_42,D6_43,D6_44,D7_11,D7_12,D7_13,D7_14,D7_21,D7_22,D7_23,D7_24,D7_31,D7_32,D7_33,D7_34,D7_41,D7_42,D7_43,D7_44,D8_11,D8_12,D8_13,D8_14,D8_21,D8_22,D8_23,D8_24,D8_31,D8_32,D8_33,D8_34,D8_41,D8_42,D8_43,D8_44,E1_11,E1_12,E1_13,E1_14,E1_21,E1_22,E1_23,E1_24,E1_31,E1_32,E1_33,E1_34,E1_41,E1_42,E1_43,E1_44,E2_11,E2_12,E2_13,E2_14,E2_21,E2_22,E2_23,E2_24,E2_31,E2_32,E2_33,E2_34,E2_41,E2_42,E2_43,E2_44,E3_11,E3_12,E3_13,E3_14,E3_21,E3_22,E3_23,E3_24,E3_31,E3_32,E3_33,E3_34,E3_41,E3_42,E3_43,E3_44,E4_11,E4_12,E4_13,E4_14,E4_21,E4_22,E4_23,E4_24,E4_31,E4_32,E4_33,E4_34,E4_41,E4_42,E4_43,E4_44,E5_11,E5_12,E5_13,E5_14,E5_21,E5_22,E5_23,E5_24,E5_31,E5_32,E5_33,E5_34,E5_41,E5_42,E5_43,E5_44,E6_11,E6_12,E6_13,E6_14,E6_21,E6_22,E6_23,E6_24,E6_31,E6_32,E6_33,E6_34,E6_41,E6_42,E6_43,E6_44,E7_11,E7_12,E7_13,E7_14,E7_21,E7_22,E7_23,E7_24,E7_31,E7_32,E7_33,E7_34,E7_41,E7_42,E7_43,E7_44,E8_11,E8_12,E8_13,E8_14,E8_21,E8_22,E8_23,E8_24,E8_31,E8_32,E8_33,E8_34,E8_41,E8_42,E8_43,E8_44,F1_11,F1_12,F1_13,F1_14,F1_21,F1_22,F1_23,F1_24,F1_31,F1_32,F1_33,F1_34,F1_41,F1_42,F1_43,F1_44,F2_11,F2_12,F2_13,F2_14,F2_21,F2_22,F2_23,F2_24,F2_31,F2_32,F2_33,F2_34,F2_41,F2_42,F2_43,F2_44,F3_11,F3_12,F3_13,F3_14,F3_21,F3_22,F3_23,F3_24,F3_31,F3_32,F3_33,F3_34,F3_41,F3_42,F3_43,F3_44,F4_11,F4_12,F4_13,F4_14,F4_21,F4_22,F4_23,F4_24,F4_31,F4_32,F4_33,F4_34,F4_41,F4_42,F4_43,F4_44,F5_11,F5_12,F5_13,F5_14,F5_21,F5_22,F5_23,F5_24,F5_31,F5_32,F5_33,F5_34,F5_41,F5_42,F5_43,F5_44,F6_11,F6_12,F6_13,F6_14,F6_21,F6_22,F6_23,F6_24,F6_31,F6_32,F6_33,F6_34,F6_41,F6_42,F6_43,F6_44,F7_11,F7_12,F7_13,F7_14,F7_21,F7_22,F7_23,F7_24,F7_31,F7_32,F7_33,F7_34,F7_41,F7_42,F7_43,F7_44,F8_11,F8_12,F8_13,F8_14,F8_21,F8_22,F8_23,F8_24,F8_31,F8_32,F8_33,F8_34,F8_41,F8_42,F8_43,F8_44,
Activity Metrics
    Number of Spikes,2635.000000,1466.000000,1453.000000,1651.000000,2594.000000,3020.000000,2013.000000,1992.000000,2377.000000,1642.000000,887.000000,422.000000,51.000000,805.000000,1123.000000,2336.000000,0.000000,0.000000,0.000000,108.000000,0.000000,29.000000,0.000000,0.000000,0.000000,0.000000,0.000000,0.000000,0.000000,567.000000,0.000000,0.000000,1712.000000,609.000000,228.000000,0.000000,1085.000000,392.000000,343.000000,313.000000,384.000000,276.000000,1799.000000,312.000000,1986.000000,524.000000,971.000000,379.000000,1918.000000,1534.000000,1158.000000,2380.000000,1362.000000,3194.000000,2353.000000,2637.000000,2892.000000,3229.000000,2251.000000,2616.000000,2859.000000,1147.000000,6107.000000,1356.000000,146.000000,1594.000000,297.000000,0.000000,2788.000000,788.000000,0.000000,657.000000,708.000000,3173.000000,0.000000,4.000000,134.000000,1922.000000,706.000000,1246.000000,30.000000,685.000000,2043.000000,0.000000,564.000000,7.000000,0.000000,0.000000,922.000000,0.000000,107.000000,3.000000,4028.000000,337.000000,11.000000,40.000000,152.000000,39.000000,2044.000000,4391.000000,0.000000,676.000000,469.000000,312.000000,1727.000000,1709.000000,696.000000,27.000000,208.000000,319.000000,1320.000000,1951.000000,2292.000000,1646.000000,2436.000000,434.000000,2866.000000,1186.000000,8.000000,2952.000000,989.000000,444.000000,2806.000000,2516.000000,1001.000000,2661.000000,532.000000,90.000000,8335.000000,126.000000,0.000000,7738.000000,3589.000000,0.000000,19445.000000,3.000000,358.000000,2425.000000,205.000000,0.000000,7201.000000,10483.000000,15631.000000,515.000000,1854.000000,3.000000,1454.000000,734.000000,2574.000000,5521.000000,2122.000000,4469.000000,201.000000,1.000000,1844.000000,0.000000,414.000000,24.000000,1710.000000,31.000000,6044.000000,3039.000000,732.000000,303.000000,1029.000000,2806.000000,872.000000,283.000000,900.000000,939.000000,4397.000000,996.000000,47.000000,4659.000000,1342.000000,1686.000000,889.000000,2832.000000,446.000000,1358.000000,2990.000000,560.000000,716.000000,1646.000000,39.000000,1005.000000,2258.000000,59.000000,610.000000,2108.000000,1339.000000,5.000000,768.000000,284.000000,250.000000,29.000000,362.000000,246.000000,1852.000000,470.000000,214.000000,342.000000,0.000000,3.000000,1088.000000,490.000000,0.000000,1609.000000,0.000000,450.000000,759.000000,0.000000,0.000000,1118.000000,1046.000000,0.000000,0.000000,92.000000,0.000000,0.000000,562.000000,608.000000,0.000000,137.000000,583.000000,739.000000,3.000000,197.000000,887.000000,155.000000,247.000000,0.000000,1888.000000,1233.000000,195.000000,3575.000000,234.000000,3241.000000,0.000000,0.000000,1752.000000,712.000000,2479.000000,2797.000000,388.000000,473.000000,993.000000,123.000000,31.000000,1777.000000,610.000000,201.000000,2232.000000,550.000000,0.000000,501.000000,3041.000000,1491.000000,928.000000,236.000000,3946.000000,1296.000000,1244.000000,2241.000000,3730.000000,889.000000,4429.000000,6.000000,260.000000,3504.000000,1308.000000,2.000000,539.000000,0.000000,11.000000,2095.000000,139.000000,430.000000,8.000000,242.000000,726.000000,779.000000,464.000000,68.000000,3093.000000,323.000000,63.000000,332.000000,1026.000000,1049.000000,61.000000,175.000000,0.000000,769.000000,202.000000,0.000000,227.000000,1660.000000,216.000000,10.000000,3043.000000,1047.000000,0.000000,107.000000,1736.000000,5570.000000,2392.000000,3902.000000,163.000000,1001.000000,1892.000000,4199.000000,482.000000,2190.000000,1785.000000,332.000000,2858.000000,0.000000,369.000000,593.000000,0.000000,4226.000000,1648.000000,1082.000000,390.000000,1325.000000,2079.000000,0.000000,0.000000,1667.000000,476.000000,208.000000,207.000000,5655.000000,1734.000000,865.000000,361.000000,1684.000000,8.000000,17.000000,0.000000,1.000000,1427.000000,0.000000,438.000000,174.000000,14.000000,3.000000,0.000000,2.000000,134.000000,443.000000,4138.000000,1484.000000,5484.000000,1576.000000,3771.000000,138.000000,2649.000000,1565.000000,2061.000000,785.000000,12.000000,1850.000000,1040.000000,1233.000000,183.000000,223.000000,1869.000000,5644.000000,0.000000,1691.000000,3258.000000,3682.000000,2760.000000,183.000000,1848.000000,2747.000000,1811.000000,867.000000,4481.000000,4228.000000,1202.000000,659.000000,0.000000,645.000000,0.000000,0.000000,1041.000000,0.000000,1119.000000,573.000000,3884.000000,63.000000,1.000000,0.000000,134.000000,0.000000,843.000000,763.000000,3966.000000,1824.000000,12.000000,1999.000000,1210.000000,1256.000000,156.000000,1385.000000,204.000000,523.000000,0.000000,288.000000,23.000000,76.000000,0.000000,0.000000,0.000000,2195.000000,1192.000000,341.000000,477.000000,0.000000,0.000000,81.000000,1959.000000,1322.000000,0.000000,175.000000,489.000000,512.000000,2700.000000,3.000000,0.000000,0.000000,8.000000,17.000000,117.000000,1175.000000,0.000000,0.000000,440.000000,0.000000,8.000000,4.000000,0.000000,426.000000,19.000000,29.000000,2418.000000,521.000000,1603.000000,11.000000,139.000000,768.000000,1580.000000,0.000000,676.000000,0.000000,1462.000000,1335.000000,1497.000000,1797.000000,798.000000,379.000000,0.000000,673.000000,0.000000,589.000000,489.000000,99.000000,0.000000,0.000000,132.000000,1.000000,2.000000,0.000000,2154.000000,2.000000,136.000000,0.000000,984.000000,0.000000,1044.000000,0.000000,1088.000000,681.000000,1381.000000,0.000000,32.000000,1438.000000,3.000000,184.000000,0.000000,283.000000,590.000000,680.000000,3232.000000,2542.000000,2577.000000,2520.000000,1824.000000,1839.000000,2119.000000,3782.000000,13.000000,1782.000000,0.000000,1444.000000,3389.000000,1178.000000,2224.000000,5270.000000,6168.000000,220.000000,163.000000,2066.000000,1836.000000,176.000000,430.000000,2737.000000,920.000000,654.000000,0.000000,1744.000000,867.000000,2440.000000,1633.000000,325.000000,1423.000000,909.000000,0.000000,1630.000000,2.000000,267.000000,769.000000,0.000000,677.000000,2786.000000,210.000000,2032.000000,4470.000000,2208.000000,1872.000000,620.000000,1531.000000,830.000000,1410.000000,2380.000000,449.000000,1.000000,996.000000,1112.000000,1418.000000,671.000000,842.000000,1162.000000,1565.000000,2233.000000,2479.000000,2090.000000,421.000000,1854.000000,851.000000,0.000000,827.000000,2474.000000,882.000000,0.000000,0.000000,0.000000,37.000000,0.000000,1321.000000,504.000000,0.000000,0.000000,0.000000,620.000000,652.000000,5.000000,337.000000,1761.000000,3.000000,48.000000,0.000000,115.000000,1.000000,557.000000,24.000000,720.000000,180.000000,0.000000,1713.000000,2558.000000,945.000000,1390.000000,776.000000,1044.000000,1233.000000,610.000000,1134.000000,1182.000000,200.000000,191.000000,1482.000000,177.000000,1464.000000,1514.000000,2703.000000,240.000000,3095.000000,391.000000,3805.000000,1400.000000,238.000000,684.000000,1938.000000,0.000000,3640.000000,1087.000000,1108.000000,3381.000000,1351.000000,2103.000000,20.000000,386.000000,0.000000,932.000000,1128.000000,3267.000000,13.000000,5.000000,3992.000000,0.000000,700.000000,2162.000000,639.000000,164.000000,31.000000,1336.000000,2180.000000,1653.000000,1911.000000,1456.000000,257.000000,496.000000,1852.000000,258.000000,246.000000,281.000000,230.000000,1220.000000,26.000000,338.000000,2068.000000,237.000000,2400.000000,763.000000,1530.000000,1496.000000,1364.000000,942.000000,1185.000000,161.000000,2509.000000,2188.000000,2.000000,1675.000000,1530.000000,601.000000,729.000000,1166.000000,1726.000000,1696.000000,1790.000000,2039.000000,0.000000,799.000000,833.000000,180.000000,767.000000,2023.000000,1716.000000,1061.000000,3319.000000,2589.000000,12.000000,99.000000,4106.000000,7.000000,137.000000,4028.000000,146.000000,2092.000000,2250.000000,1231.000000,1825.000000,2968.000000,762.000000,1822.000000,1453.000000,14.000000,2721.000000,5630.000000,476.000000,1418.000000,1025.000000,1403.000000,987.000000,1129.000000,2.000000,652.000000,2476.000000,1104.000000,1343.000000,1863.000000,683.000000,747.000000,249.000000,550.000000,12.000000,279.000000,173.000000,585.000000,3515.000000,1553.000000,742.000000,1187.000000,81.000000,0.000000,2068.000000,16.000000,2837.000000,311.000000,2962.000000,1207.000000,622.000000,2986.000000,200.000000,378.000000,288.000000,966.000000,328.000000,318.000000,1412.000000,0.000000,391.000000,3.000000,160.000000,3112.000000,973.000000,1358.000000,63.000000,1929.000000,228.000000,9436.000000,12.000000,604.000000,2154.000000,219.000000,83.000000,360.000000,681.000000,907.000000,948.000000,98.000000,1142.000000,673.000000
    Mean Firing Rate (Hz),4.391667,2.443333,2.421667,2.751667,4.323333,5.033333,3.355000,3.320000,3.961667,2.736667,1.478333,0.703333,0.085000,1.341667,1.871667,3.893333,0.000000,0.000000,0.000000,0.180000,0.000000,0.048333,0.000000,0.000000,0.000000,0.000000,0.000000,0.000000,0.000000,0.945000,0.000000,0.000000,2.853333,1.015000,0.380000,0.000000,1.808333,0.653333,0.571667,0.521667,0.640000,0.460000,2.998333,0.520000,3.310000,0.873333,1.618333,0.631667,3.196667,2.556667,1.930000,3.966667,2.270000,5.323333,3.921667,4.395000,4.820000,5.381667,3.751667,4.360000,4.765000,1.911667,10.178333,2.260000,0.243333,2.656667,0.495000,0.000000,4.646667,1.313333,0.000000,1.095000,1.180000,5.288333,0.000000,0.006667,0.223333,3.203333,1.176667,2.076667,0.050000,1.141667,3.405000,0.000000,0.940000,0.011667,0.000000,0.000000,1.536667,0.000000,0.178333,0.005000,6.713333,0.561667,0.018333,0.066667,0.253333,0.065000,3.406667,7.318333,0.000000,1.126667,0.781667,0.520000,2.878333,2.848333,1.160000,0.045000,0.346667,0.531667,2.200000,3.251667,3.820000,2.743333,4.060000,0.723333,4.776667,1.976667,0.013333,4.920000,1.648333,0.740000,4.676667,4.193333,1.668333,4.435000,0.886667,0.150000,13.891667,0.210000,0.000000,12.896667,5.981667,0.000000,32.408333,0.005000,0.596667,4.041667,0.341667,0.000000,12.001667,17.471667,26.051667,0.858333,3.090000,0.005000,2.423333,1.223333,4.290000,9.201667,3.536667,7.448333,0.335000,0.001667,3.073333,0.000000,0.690000,0.040000,2.850000,0.051667,10.073333,5.065000,1.220000,0.505000,1.715000,4.676667,1.453333,0.471667,1.500000,1.565000,7.328333,1.660000,0.078333,7.765000,2.236667,2.810000,1.481667,4.720000,0.743333,2.263333,4.983333,0.933333,1.193333,2.743333,0.065000,1.675000,3.763333,0.098333,1.016667,3.513333,2.231667,0.008333,1.280000,0.473333,0.416667,0.048333,0.603333,0.410000,3.086667,0.783333,0.356667,0.570000,0.000000,0.005000,1.813333,0.816667,0.000000,2.681667,0.000000,0.750000,1.265000,0.000000,0.000000,1.863333,1.743333,0.000000,0.000000,0.153333,0.000000,0.000000,0.936667,1.013333,0.000000,0.228333,0.971667,1.231667,0.005000,0.328333,1.478333,0.258333,0.411667,0.000000,3.146667,2.055000,0.325000,5.958333,0.390000,5.401667,0.000000,0.000000,2.920000,1.186667,4.131667,4.661667,0.646667,0.788333,1.655000,0.205000,0.051667,2.961667,1.016667,0.335000,3.720000,0.916667,0.000000,0.835000,5.068333,2.485000,1.546667,0.393333,6.576667,2.160000,2.073333,3.735000,6.216667,1.481667,7.381667,0.010000,0.433333,5.840000,2.180000,0.003333,0.898333,0.000000,0.018333,3.491667,0.231667,0.716667,0.013333,0.403333,1.210000,1.298333,0.773333,0.113333,5.155000,0.538333,0.105000,0.553333,1.710000,1.748333,0.101667,0.291667,0.000000,1.281667,0.336667,0.000000,0.378333,2.766667,0.360000,0.016667,5.071667,1.745000,0.000000,0.178333,2.893333,9.283333,3.986667,6.503333,0.271667,1.668333,3.153333,6.998333,0.803333,3.650000,2.975000,0.553333,4.763333,0.000000,0.615000,0.988333,0.000000,7.043333,2.746667,1.803333,0.650000,2.208333,3.465000,0.000000,0.000000,2.778333,0.793333,0.346667,0.345000,9.425000,2.890000,1.441667,0.601667,2.806667,0.013333,0.028333,0.000000,0.001667,2.378333,0.000000,0.730000,0.290000,0.023333,0.005000,0.000000,0.003333,0.223333,0.738333,6.896667,2.473333,9.140000,2.626667,6.285000,0.230000,4.415000,2.608333,3.435000,1.308333,0.020000,3.083333,1.733333,2.055000,0.305000,0.371667,3.115000,9.406667,0.000000,2.818333,5.430000,6.136667,4.600000,0.305000,3.080000,4.578333,3.018333,1.445000,7.468333,7.046667,2.003333,1.098333,0.000000,1.075000,0.000000,0.000000,1.735000,0.000000,1.865000,0.955000,6.473333,0.105000,0.001667,0.000000,0.223333,0.000000,1.405000,1.271667,6.610000,3.040000,0.020000,3.331667,2.016667,2.093333,0.260000,2.308333,0.340000,0.871667,0.000000,0.480000,0.038333,0.126667,0.000000,0.000000,0.000000,3.658333,1.986667,0.568333,0.795000,0.000000,0.000000,0.135000,3.265000,2.203333,0.000000,0.291667,0.815000,0.853333,4.500000,0.005000,0.000000,0.000000,0.013333,0.028333,0.195000,1.958333,0.000000,0.000000,0.733333,0.000000,0.013333,0.006667,0.000000,0.710000,0.031667,0.048333,4.030000,0.868333,2.671667,0.018333,0.231667,1.280000,2.633333,0.000000,1.126667,0.000000,2.436667,2.225000,2.495000,2.995000,1.330000,0.631667,0.000000,1.121667,0.000000,0.981667,0.815000,0.165000,0.000000,0.000000,0.220000,0.001667,0.003333,0.000000,3.590000,0.003333,0.226667,0.000000,1.640000,0.000000,1.740000,0.000000,1.813333,1.135000,2.301667,0.000000,0.053333,2.396667,0.005000,0.306667,0.000000,0.471667,0.983333,1.133333,5.386667,4.236667,4.295000,4.200000,3.040000,3.065000,3.531667,6.303333,0.021667,2.970000,0.000000,2.406667,5.648333,1.963333,3.706667,8.783333,10.280000,0.366667,0.271667,3.443333,3.060000,0.293333,0.716667,4.561667,1.533333,1.090000,0.000000,2.906667,1.445000,4.066667,2.721667,0.541667,2.371667,1.515000,0.000000,2.716667,0.003333,0.445000,1.281667,0.000000,1.128333,4.643333,0.350000,3.386667,7.450000,3.680000,3.120000,1.033333,2.551667,1.383333,2.350000,3.966667,0.748333,0.001667,1.660000,1.853333,2.363333,1.118333,1.403333,1.936667,2.608333,3.721667,4.131667,3.483333,0.701667,3.090000,1.418333,0.000000,1.378333,4.123333,1.470000,0.000000,0.000000,0.000000,0.061667,0.000000,2.201667,0.840000,0.000000,0.000000,0.000000,1.033333,1.086667,0.008333,0.561667,2.935000,0.005000,0.080000,0.000000,0.191667,0.001667,0.928333,0.040000,1.200000,0.300000,0.000000,2.855000,4.263333,1.575000,2.316667,1.293333,1.740000,2.055000,1.016667,1.890000,1.970000,0.333333,0.318333,2.470000,0.295000,2.440000,2.523333,4.505000,0.400000,5.158333,0.651667,6.341667,2.333333,0.396667,1.140000,3.230000,0.000000,6.066667,1.811667,1.846667,5.635000,2.251667,3.505000,0.033333,0.643333,0.000000,1.553333,1.880000,5.445000,0.021667,0.008333,6.653333,0.000000,1.166667,3.603333,1.065000,0.273333,0.051667,2.226667,3.633333,2.755000,3.185000,2.426667,0.428333,0.826667,3.086667,0.430000,0.410000,0.468333,0.383333,2.033333,0.043333,0.563333,3.446667,0.395000,4.000000,1.271667,2.550000,2.493333,2.273333,1.570000,1.975000,0.268333,4.181667,3.646667,0.003333,2.791667,2.550000,1.001667,1.215000,1.943333,2.876667,2.826667,2.983333,3.398333,0.000000,1.331667,1.388333,0.300000,1.278333,3.371667,2.860000,1.768333,5.531667,4.315000,0.020000,0.165000,6.843333,0.011667,0.228333,6.713333,0.243333,3.486667,3.750000,2.051667,3.041667,4.946667,1.270000,3.036667,2.421667,0.023333,4.535000,9.383333,0.793333,2.363333,1.708333,2.338333,1.645000,1.881667,0.003333,1.086667,4.126667,1.840000,2.238333,3.105000,1.138333,1.245000,0.415000,0.916667,0.020000,0.465000,0.288333,0.975000,5.858333,2.588333,1.236667,1.978333,0.135000,0.000000,3.446667,0.026667,4.728333,0.518333,4.936667,2.011667,1.036667,4.976667,0.333333,0.630000,0.480000,1.610000,0.546667,0.530000,2.353333,0.000000,0.651667,0.005000,0.266667,5.186667,1.621667,2.263333,0.105000,3.215000,0.380000,15.726667,0.020000,1.006667,3.590000,0.365000,0.138333,0.600000,1.135000,1.511667,1.580000,0.163333,1.903333,1.121667
    ISI Coefficient of Variation,2.932515,2.283220,2.178845,2.332626,2.626324,2.990388,2.633165,2.645718,2.647719,2.199865,1.897599,1.553489, ,1.468379,2.346447,2.648827, , , ,1.130696, , , , , , , , , ,2.606267, , ,2.449743,1.527702,1.225476, ,2.009889,1.748888,2.325058,1.765259,1.788010,1.608239,2.143946,1.315509,2.324975,1.009146,2.174435,1.485593,2.053565,1.871132,1.647386,2.355614,1.647995,2.609617,2.406885,2.554684,2.387367,2.433644,2.284806,2.525097,2.586360,1.506580,1.848652,1.770562,1.493087,2.285500,1.477043, ,1.860819,1.585708, ,1.380854,1.442938,1.844842, , ,1.440434,2.336847,1.641439,2.114268, ,2.394675,3.209001, ,1.899159, , , ,2.285533, ,2.187044, ,0.640465,2.376280, , ,1.045739, ,2.368564,1.326033, ,1.430682,1.398432,1.556533,2.115696,2.026535,1.641480, ,1.355400,1.753827,2.096292,2.637694,2.841420,2.280467,2.854382,2.153166,2.981337,1.947736, ,2.674813,1.770653,1.440240,2.877009,2.801101,1.959524,2.204474,1.746737,1.195716,2.457576,1.126063, ,2.891700,2.867478, ,3.394182, ,0.992698,2.331456,1.193605, ,2.579007,1.156122,3.796026,1.490871,2.356510, ,1.714493,1.310153,2.622182,3.532039,1.369450,3.683161,0.561156, ,2.536168, ,1.453205, ,2.439658, ,4.736320,2.912548,1.629390,0.994090,1.720287,3.108953,2.123986,0.977916,1.956501,2.196610,3.401199,2.225774, ,2.248748,1.303156,1.487284,2.205801,3.312027,1.304936,2.860845,2.445752,1.745350,1.224319,3.150849, ,2.459935,3.317354, ,1.712867,3.275222,2.874379, ,1.693439,0.593937,0.550788, ,0.981573,0.457442,1.230382,1.204692,0.452831,0.884305, , ,1.534975,1.236886, ,1.764802, ,1.335199,0.862564, , ,1.348174,1.031745, , ,1.184232, , ,0.729623,0.911663, ,1.216562,1.429056,1.647975, ,0.822345,1.793121,0.633030,0.757399, ,2.843853,1.823526,0.423579,2.753984,0.632331,2.900700, , ,2.527685,2.567299,2.799211,4.001036,1.004128,1.739492,2.481832,0.960359, ,2.625781,2.331629,0.898019,3.110710,2.214827, ,1.802359,1.728142,2.694885,2.804452,1.938198,2.107583,3.056957,1.380399,3.210901,2.411098,2.064893,2.060203, ,1.900787,2.498116,1.734979, ,1.767302, , ,1.742112,1.039974,1.514204, ,0.856191,1.389800,1.193984,1.776673,1.010580,1.711972,2.327168,1.009557,1.225441,1.787071,1.666213,1.285222,1.462929, ,1.647119,1.848723, ,2.430619,2.038743,1.973081, ,2.009168,2.150640, ,1.433716,2.811995,1.826220,3.148643,0.973600,1.283689,2.663839,1.953492,2.915257,1.648701,3.077464,1.264746,1.969884,2.866744, ,1.651996,2.475726, ,3.057838,2.064681,2.280141,1.163530,1.739203,1.145206, , ,1.640643,1.408066,1.251303,1.184494,3.308341,1.992164,2.156429,1.081031,1.915714, , , , ,2.113362, ,1.581497,1.163674, , , , ,0.803408,1.663158,1.913762,1.589161,2.490340,1.555666,1.960008,0.955149,1.700144,1.660077,1.626739,1.854409, ,1.804581,2.504383,2.056542,1.615619,1.645860,2.057768,1.104176, ,1.380973,2.012981,2.749730,1.921590,1.803655,1.669446,1.828710,1.893305,1.825388,1.930297,1.797755,2.747030,3.156332, ,1.672320, , ,2.153154, ,2.162927,2.219659,2.907599,1.047898, , ,1.145960, ,0.652260,1.381027,3.169853,2.098017, ,1.966287,1.761332,1.837701,1.445703,1.855263,3.426088,1.473894, ,2.006797, ,1.039026, , , ,2.518164,1.941867,1.377940,1.353770, , ,0.898582,2.229960,1.821861, ,1.055083,1.237514,1.230028,2.686451, , , , , ,1.295655,1.521767, , ,2.397344, , , , ,2.304685, , ,2.285884,1.600456,2.059545, ,1.600198,1.605473,2.245630, ,1.610358, ,2.037731,1.885829,1.578646,2.279255,1.951393,1.974578, ,2.407318, ,1.553498,3.501303,2.059658, , ,2.668415, , , ,3.531097, ,1.143868, ,1.638665, ,1.625815, ,1.770839,1.809005,1.951560, , ,2.195404, ,2.049844, ,1.793104,1.661182,1.664460,3.120080,2.990678,2.556754,2.697000,2.406770,2.403529,2.560011,3.417847, ,2.325323, ,2.198949,3.281480,1.867325,2.635252,3.999633,1.332763,1.500513,1.133107,2.261959,1.973359,1.100665,1.263390,2.548615,1.579174,1.331422, ,2.043187,1.350362,2.328370,1.870541,2.436106,1.901767,1.488442, ,1.899287, ,1.399578,1.904651, ,1.352785,2.703898,1.745926,2.159138,2.513843,2.462153,2.390106,1.618389,2.109946,1.589192,1.984696,2.497537,1.316962, ,1.708641,1.682809,2.127760,1.370534,1.578003,1.703155,2.210590,2.513603,2.660676,2.347092,1.941268,1.355875,1.799382, ,1.849807,2.103164,2.590939, , , , , ,1.519072,1.562651, , , ,1.913624,2.304146, ,2.458567,1.789222, , , ,1.480151, ,2.759152, ,3.467930,1.743365, ,2.087848,2.436333,2.055214,2.366415,1.741557,1.859914,2.106057,1.946874,2.205610,2.173076,1.159675,1.192366,2.317304,1.552487,2.208430,2.225821,2.993178,1.332332,2.801777,1.236021,3.128074,2.069095,1.016009,1.848372,2.630423, ,3.044745,2.008913,1.849022,3.122839,2.052058,3.009980, ,1.918597, ,1.943243,3.447797,3.161130, , ,2.958358, ,2.686073,2.111693,2.119763,2.248847, ,1.581087,2.480866,2.081839,2.146642,1.869502,1.312066,0.602700,2.434657,1.493498,1.649290,1.596691,1.553450,1.710536, ,1.660938,2.840089,1.782287,2.640831,1.686983,2.284119,1.591378,2.098222,1.676623,2.024241,1.233988,2.919492,2.323366, ,2.600146,1.593003,1.775453,1.644783,2.035623,2.544780,2.496980,2.591161,2.822925, ,1.695339,1.832334,1.587900,1.686944,1.894802,2.519850,2.049911,3.276000,2.924790, ,1.262798,3.440682, ,1.088629,0.934192,1.599224,2.411403,2.607204,1.874411,2.275295,2.865388,1.825243,2.196745,2.048348, ,2.793499,3.765687,1.887117,3.075913,2.454923,2.661065,2.558180,2.214930, ,2.189149,3.526996,2.669738,2.579509,2.438610,2.063649,2.573056,1.224040,1.897188, ,1.057478,1.232868,1.622036,2.759842,2.070221,1.393512,1.829793,0.916391, ,2.348536, ,2.910818,1.040309,2.778739,1.802764,1.697506,3.761315,3.709472,1.708619,1.432556,2.215011,2.139897,1.426002,2.706676, ,1.666012, ,0.995773,0.987362,2.236872,2.271899,1.112810,1.963360,1.006884,0.925754, ,1.426174,2.236890,1.040011,1.075169,1.298422,1.154178,1.195347,1.372413,1.282018,1.447925,0.878851
Electrode Burst Metrics
    Number of Bursts,92.000000,60.000000,55.000000,67.000000,94.000000,109.000000,80.000000,72.000000,68.000000,50.000000,52.000000,11.000000,2.000000,25.000000,63.000000,82.000000,0.000000,0.000000,0.000000,0.000000,0.000000,0.000000,0.000000,0.000000,0.000000,0.000000,0.000000,0.000000,0.000000,23.000000,0.000000,0.000000,68.000000,22.000000,6.000000,0.000000,49.000000,15.000000,27.000000,13.000000,18.000000,10.000000,56.000000,5.000000,55.000000,0.000000,48.000000,12.000000,45.000000,40.000000,31.000000,65.000000,22.000000,71.000000,79.000000,82.000000,60.000000,75.000000,69.000000,86.000000,64.000000,9.000000,93.000000,27.000000,6.000000,60.000000,2.000000,0.000000,52.000000,12.000000,0.000000,6.000000,2.000000,71.000000,0.000000,0.000000,5.000000,42.000000,18.000000,46.000000,0.000000,21.000000,71.000000,0.000000,16.000000,0.000000,0.000000,0.000000,33.000000,0.000000,5.000000,0.000000,2.000000,21.000000,0.000000,0.000000,0.000000,0.000000,69.000000,69.000000,0.000000,18.000000,8.000000,16.000000,50.000000,47.000000,31.000000,0.000000,7.000000,21.000000,66.000000,86.000000,89.000000,65.000000,74.000000,30.000000,89.000000,46.000000,0.000000,89.000000,19.000000,9.000000,78.000000,89.000000,35.000000,72.000000,26.000000,0.000000,140.000000,0.000000,0.000000,128.000000,111.000000,0.000000,212.000000,0.000000,1.000000,67.000000,0.000000,0.000000,101.000000,112.000000,158.000000,4.000000,78.000000,0.000000,5.000000,1.000000,111.000000,205.000000,1.000000,188.000000,0.000000,0.000000,87.000000,0.000000,0.000000,0.000000,61.000000,0.000000,171.000000,163.000000,7.000000,0.000000,32.000000,168.000000,40.000000,0.000000,27.000000,28.000000,171.000000,40.000000,0.000000,170.000000,1.000000,4.000000,64.000000,149.000000,0.000000,115.000000,134.000000,3.000000,0.000000,115.000000,0.000000,63.000000,148.000000,0.000000,3.000000,146.000000,88.000000,0.000000,2.000000,0.000000,0.000000,0.000000,0.000000,0.000000,3.000000,0.000000,0.000000,0.000000,0.000000,0.000000,3.000000,0.000000,0.000000,15.000000,0.000000,1.000000,0.000000,0.000000,0.000000,0.000000,0.000000,0.000000,0.000000,0.000000,0.000000,0.000000,0.000000,0.000000,0.000000,0.000000,3.000000,4.000000,0.000000,0.000000,13.000000,0.000000,0.000000,0.000000,125.000000,16.000000,0.000000,193.000000,0.000000,133.000000,0.000000,0.000000,95.000000,42.000000,103.000000,103.000000,0.000000,17.000000,60.000000,0.000000,0.000000,103.000000,38.000000,0.000000,103.000000,38.000000,0.000000,8.000000,52.000000,68.000000,57.000000,26.000000,72.000000,73.000000,22.000000,82.000000,28.000000,51.000000,77.000000,0.000000,23.000000,90.000000,36.000000,0.000000,25.000000,0.000000,0.000000,12.000000,1.000000,14.000000,0.000000,0.000000,15.000000,0.000000,28.000000,0.000000,30.000000,25.000000,0.000000,4.000000,37.000000,28.000000,0.000000,1.000000,0.000000,34.000000,7.000000,0.000000,20.000000,56.000000,21.000000,0.000000,67.000000,50.000000,0.000000,0.000000,79.000000,83.000000,84.000000,52.000000,0.000000,63.000000,25.000000,93.000000,2.000000,95.000000,11.000000,18.000000,85.000000,0.000000,12.000000,46.000000,0.000000,110.000000,74.000000,83.000000,0.000000,9.000000,1.000000,0.000000,0.000000,3.000000,6.000000,1.000000,3.000000,118.000000,27.000000,23.000000,0.000000,59.000000,0.000000,0.000000,0.000000,0.000000,45.000000,0.000000,11.000000,1.000000,0.000000,0.000000,0.000000,0.000000,0.000000,8.000000,48.000000,33.000000,71.000000,47.000000,43.000000,0.000000,46.000000,0.000000,13.000000,6.000000,0.000000,54.000000,60.000000,39.000000,8.000000,8.000000,45.000000,56.000000,0.000000,53.000000,56.000000,74.000000,72.000000,17.000000,49.000000,51.000000,58.000000,50.000000,60.000000,53.000000,60.000000,51.000000,0.000000,20.000000,0.000000,0.000000,36.000000,0.000000,55.000000,29.000000,100.000000,0.000000,0.000000,0.000000,2.000000,0.000000,0.000000,17.000000,124.000000,46.000000,0.000000,17.000000,23.000000,25.000000,9.000000,30.000000,4.000000,4.000000,0.000000,18.000000,0.000000,0.000000,0.000000,0.000000,0.000000,43.000000,31.000000,9.000000,1.000000,0.000000,0.000000,0.000000,52.000000,2.000000,0.000000,0.000000,1.000000,2.000000,54.000000,0.000000,0.000000,0.000000,0.000000,0.000000,2.000000,17.000000,0.000000,0.000000,27.000000,0.000000,0.000000,0.000000,0.000000,9.000000,0.000000,0.000000,71.000000,5.000000,55.000000,0.000000,7.000000,19.000000,55.000000,0.000000,28.000000,0.000000,38.000000,24.000000,41.000000,57.000000,58.000000,20.000000,0.000000,31.000000,0.000000,5.000000,31.000000,8.000000,0.000000,0.000000,20.000000,0.000000,0.000000,0.000000,27.000000,0.000000,0.000000,0.000000,27.000000,0.000000,7.000000,0.000000,20.000000,18.000000,13.000000,0.000000,0.000000,47.000000,0.000000,12.000000,0.000000,16.000000,16.000000,17.000000,113.000000,87.000000,67.000000,86.000000,66.000000,74.000000,73.000000,108.000000,0.000000,64.000000,0.000000,63.000000,115.000000,44.000000,76.000000,141.000000,63.000000,10.000000,4.000000,49.000000,43.000000,0.000000,6.000000,62.000000,35.000000,5.000000,0.000000,59.000000,4.000000,44.000000,9.000000,23.000000,15.000000,14.000000,0.000000,38.000000,0.000000,3.000000,30.000000,0.000000,5.000000,79.000000,3.000000,28.000000,93.000000,72.000000,57.000000,15.000000,51.000000,33.000000,42.000000,61.000000,2.000000,0.000000,13.000000,15.000000,33.000000,1.000000,19.000000,6.000000,35.000000,56.000000,77.000000,47.000000,20.000000,7.000000,13.000000,0.000000,22.000000,62.000000,40.000000,0.000000,0.000000,0.000000,0.000000,0.000000,25.000000,13.000000,0.000000,0.000000,0.000000,13.000000,29.000000,0.000000,9.000000,44.000000,0.000000,0.000000,0.000000,4.000000,0.000000,38.000000,0.000000,37.000000,10.000000,0.000000,61.000000,71.000000,57.000000,67.000000,34.000000,45.000000,53.000000,35.000000,53.000000,51.000000,3.000000,2.000000,57.000000,4.000000,51.000000,53.000000,99.000000,4.000000,101.000000,1.000000,110.000000,30.000000,1.000000,18.000000,70.000000,0.000000,105.000000,37.000000,17.000000,103.000000,24.000000,85.000000,0.000000,7.000000,0.000000,8.000000,49.000000,83.000000,0.000000,0.000000,67.000000,0.000000,28.000000,41.000000,18.000000,4.000000,0.000000,34.000000,73.000000,27.000000,25.000000,4.000000,2.000000,0.000000,52.000000,11.000000,12.000000,8.000000,10.000000,11.000000,1.000000,13.000000,56.000000,8.000000,68.000000,25.000000,64.000000,32.000000,63.000000,19.000000,42.000000,3.000000,97.000000,44.000000,0.000000,72.000000,40.000000,26.000000,16.000000,42.000000,58.000000,57.000000,55.000000,60.000000,0.000000,25.000000,28.000000,11.000000,23.000000,50.000000,59.000000,31.000000,96.000000,78.000000,0.000000,0.000000,134.000000,0.000000,2.000000,23.000000,3.000000,71.000000,79.000000,30.000000,59.000000,95.000000,34.000000,21.000000,39.000000,0.000000,84.000000,168.000000,21.000000,62.000000,41.000000,56.000000,47.000000,40.000000,0.000000,30.000000,80.000000,50.000000,49.000000,57.000000,24.000000,41.000000,5.000000,13.000000,0.000000,0.000000,0.000000,18.000000,92.000000,41.000000,13.000000,21.000000,0.000000,0.000000,54.000000,0.000000,108.000000,2.000000,91.000000,16.000000,9.000000,109.000000,3.000000,2.000000,4.000000,20.000000,5.000000,4.000000,62.000000,0.000000,2.000000,0.000000,0.000000,3.000000,26.000000,29.000000,0.000000,59.000000,0.000000,62.000000,0.000000,11.000000,75.000000,0.000000,0.000000,10.000000,3.000000,2.000000,5.000000,3.000000,16.000000,0.000000
    Burst Duration - Avg (sec),0.089343,0.080708,0.083568,0.074186,0.073438,0.088862,0.074680,0.095077,0.093029,0.089213,0.066111,0.217644,0.069120,0.081850,0.079751,0.090691, , , , , , , , , , , , , ,0.213889, , ,0.142392,0.069655,0.100413, ,0.077309,0.070400,0.226083,0.110978,0.312093,0.152032,0.106367,0.193424,0.158691, ,0.117578,0.038620,0.150251,0.124716,0.098145,0.110862,0.115069,0.119973,0.096469,0.096081,0.176211,0.145265,0.098669,0.088473,0.198296,0.110978,0.116439,0.085141,0.264440,0.109165,1.130080, ,0.167477,0.310813, ,0.090667,1.295920,0.137503, , ,0.121456,0.153350,0.294160,0.145249, ,0.478747,0.260783, ,0.238830, , , ,0.199280, ,0.272496, ,0.732560,0.272484, , , , ,0.121741,0.127283, ,0.087720,0.123250,0.058675,0.161430,0.150603,0.079812, ,0.078080,0.099429,0.096804,0.086713,0.094006,0.109182,0.159439,0.102405,0.124924,0.130275, ,0.116477,0.236472,0.382320,0.125265,0.093561,0.202128,0.121670,0.139720, ,0.124265, , ,0.197512,0.160863, ,0.185368, ,0.131760,0.099376, , ,0.203476,0.156032,0.348086,0.074240,0.124332, ,0.173248,0.077280,0.124951,0.149705,0.124400,0.120025, , ,0.107856, , , ,0.099162, ,0.137739,0.113996,0.104971, ,0.440480,0.106085,0.076058, ,0.047911,0.092917,0.136764,0.104454, ,0.109112,0.064560,0.094060,0.052020,0.106155, ,0.084957,0.100801,0.033600, ,0.109008, ,0.080930,0.093997, ,0.082720,0.090944,0.092995, ,0.096960, , , , , ,0.113067, , , , , ,0.113067, , ,0.127755, ,0.159360, , , , , , , , , , , , , , ,0.111573,0.114080, , ,0.116086, , , ,0.090195,0.088630, ,0.088062, ,0.182426, , ,0.107225,0.134790,0.140990,0.110979, ,0.046725,0.113488, , ,0.135724,0.071358, ,0.091071,0.054352, ,0.191760,0.187377,0.106836,0.061615,0.041495,0.113838,0.189364,0.093000,0.179618,0.145046,0.066604,0.116011, ,0.043141,0.112691,0.116569, ,0.163728, , ,0.092633,0.053520,0.058309, , ,0.058379, ,0.067800, ,0.150075,0.077133, ,0.045500,0.129001,0.157391, ,0.064960, ,0.067035,0.044823, ,0.103924,0.131373,0.064545, ,0.170899,0.067571, , ,0.125504,0.186509,0.101361,0.204495, ,0.125535,0.180426,0.139585,0.044880,0.129324,0.083367,0.100391,0.117299, ,0.146833,0.101456, ,0.115580,0.117880,0.068899, ,0.189431,0.052480, , ,0.332587,0.072267,0.112400,0.284400,0.156678,0.127336,0.178626, ,0.111429, , , , ,0.162507, ,0.198698,0.113120, , , , , ,0.094520,0.189122,0.091583,0.157971,0.113151,0.160463, ,0.097184, ,0.090172,0.052000, ,0.085564,0.119071,0.195668,0.049090,0.087190,0.218190,0.077193, ,0.068581,0.084553,0.111958,0.103657,0.032475,0.054029,0.058182,0.109597,0.058013,0.083283,0.078913,0.072916,0.048017, ,0.210208, , ,0.182593, ,0.090817,0.205288,0.198616, , , ,0.596440, , ,0.421567,0.151913,0.161163, ,0.200871,0.174786,0.161491,0.045573,0.211733,0.577740,0.242260, ,0.153631, , , , , ,0.182033,0.116625,0.115769,1.391520, , , ,0.196614,0.846640, , ,2.375600,0.687520,0.241516, , , , , ,0.471640,0.304678, , ,0.217630, , , , ,0.679333, , ,0.105192,0.416320,0.102033, ,0.046309,0.056981,0.186612, ,0.081854, ,0.134029,0.107823,0.084704,0.124726,0.069862,0.058044, ,0.220490, ,0.140960,0.058994,0.058280, , ,0.030648, , , ,1.449988, , , ,0.068421, ,0.246686, ,0.086176,0.165240,0.721305, , ,0.099867, ,0.101487, ,0.068240,0.134440,0.106720,0.180096,0.157009,0.220246,0.243852,0.222404,0.162566,0.179940,0.232462, ,0.200500, ,0.158815,0.163291,0.166520,0.165536,0.193013,0.172733,0.089088,0.076400,0.161071,0.203570, ,0.125987,0.201525,0.097403,0.342800, ,0.113702,0.428720,0.307096,0.629689,0.092376,0.444357,0.297846, ,0.180766, ,0.245493,0.195176, ,0.691168,0.172935,0.373280,0.307114,0.206410,0.162950,0.215399,0.086992,0.130314,0.120160,0.112903,0.135321,0.077680, ,0.334560,0.146837,0.182633,1.534320,0.111293,0.215533,0.162434,0.176444,0.190499,0.201510,0.134816,0.992103,0.516874, ,0.268742,0.180582,0.151524, , , , , ,0.274557,0.416209, , , ,0.247711,0.206872, ,0.502640,0.224167, , , ,0.484380, ,0.114884, ,0.173440,0.061728, ,0.094745,0.107226,0.077743,0.083362,0.137842,0.083033,0.075992,0.073598,0.129668,0.112756,0.035707,0.431080,0.160881,0.196600,0.143034,0.123775,0.186514,0.094040,0.147268,0.068400,0.208295,0.227152,0.012880,0.266493,0.178961, ,0.185726,0.148575,0.283144,0.172742,0.398683,0.199999, ,0.845943, ,1.316950,0.100678,0.162673, , ,0.368921, ,0.164500,0.245516,0.165876,0.220400, ,0.094485,0.140243,0.237576,0.336416,0.969820,1.378280, ,0.198534,0.051535,0.145840,0.264510,0.079496,0.486858,0.085040,0.153668,0.208834,0.395030,0.160571,0.093971,0.120434,0.109330,0.075477,0.125128,0.130310,0.036027,0.118888,0.279022, ,0.114154,0.103528,0.111831,0.134260,0.133695,0.131368,0.131971,0.181910,0.208176, ,0.279299,0.233020,0.065956,0.131155,0.206384,0.183890,0.190650,0.154555,0.187305, , ,0.116586, ,0.081160,0.195572,0.098080,0.119372,0.100091,0.141003,0.110042,0.144696,0.099689,0.286510,0.150094, ,0.130366,0.143750,0.160945,0.143502,0.150045,0.150017,0.160994,0.185078, ,0.197731,0.155243,0.156205,0.202955,0.186470,0.285507,0.143091,0.091632,0.317766, , , ,0.252547,0.161474,0.162952,0.269052,0.268221, , ,0.208321, ,0.095525,0.464400,0.161393,0.355035,0.420320,0.138914,2.067680,3.180520,1.637580,0.319808,1.263680,1.646440,0.146741, ,3.037000, , ,0.391280,0.257951,0.210982, ,0.123519, ,0.099680, ,0.167047,0.079596, , ,0.103824,0.089680,0.060280,0.137536,0.092853,0.192650, 
    Burst Duration - Std (sec),0.046363,0.044337,0.039015,0.043919,0.050657,0.058351,0.040671,0.050805,0.049110,0.053531,0.033951,0.116664,0.053288,0.041985,0.043042,0.049714, , , , , , , , , , , , , ,0.327191, , ,0.294192,0.054025,0.034506, ,0.044187,0.041201,0.621339,0.056154,0.785989,0.058633,0.122065,0.250006,0.353246, ,0.078903,0.009904,0.073824,0.043868,0.042642,0.051008,0.047195,0.064366,0.060208,0.065975,0.081613,0.086819,0.070626,0.072932,0.319767,0.042995,0.071446,0.038596,0.446866,0.210185,1.524296, ,0.204303,0.711516, ,0.082636,1.610846,0.255006, , ,0.040111,0.381026,0.555009,0.367415, ,0.360542,0.160249, ,0.181972, , , ,0.136935, ,0.105254, ,0.713329,0.414966, , , , ,0.124590,0.086972, ,0.078823,0.113058,0.021704,0.169426,0.139483,0.057992, ,0.032837,0.110403,0.083096,0.086335,0.200860,0.271706,0.286124,0.268014,0.217677,0.300792, ,0.120740,0.517690,0.663586,0.168066,0.134099,0.425155,0.178618,0.341830, ,0.068108, , ,0.092762,0.042416, ,0.072335, , ,0.035515, , ,0.066324,0.043080,0.231185,0.031471,0.025217, ,0.088876, ,0.034135,0.036395, ,0.023738, , ,0.027161, , , ,0.039385, ,0.019055,0.020662,0.028934, ,0.248053,0.026086,0.027319, ,0.030716,0.017353,0.026811,0.033361, ,0.020247, ,0.019354,0.027364,0.017704, ,0.025106,0.034291,0.028509, ,0.040023, ,0.013818,0.018425, ,0.026051,0.021764,0.020361, ,0.001245, , , , , ,0.016102, , , , , ,0.005671, , ,0.021928, , , , , , , , , , , , , , , , ,0.006157,0.018155, , ,0.042550, , , ,0.024843,0.026910, ,0.019254, ,0.092391, , ,0.028152,0.026715,0.030188,0.025636, ,0.028866,0.173303, , ,0.029130,0.035486, ,0.022651,0.016922, ,0.136068,0.225349,0.126039,0.019028,0.022561,0.117542,0.195437,0.128563,0.136607,0.105924,0.051355,0.106421, ,0.022261,0.128839,0.066221, ,0.307495, , ,0.054359, ,0.020170, , ,0.023617, ,0.017065, ,0.047686,0.022078, ,0.010922,0.156607,0.095883, , , ,0.021534,0.015960, ,0.054417,0.082387,0.058597, ,0.155648,0.030088, , ,0.069746,0.126626,0.095209,0.179745, ,0.111909,0.223988,0.105985,0.005883,0.127502,0.045069,0.188593,0.126720, ,0.083342,0.145009, ,0.073023,0.045679,0.025941, ,0.074853, , , ,0.050077,0.012494, ,0.092754,0.081921,0.167249,0.052784, ,0.030562, , , , ,0.063554, ,0.131992, , , , , , ,0.043916,0.142219,0.058828,0.078410,0.072571,0.122782, ,0.035091, ,0.038367,0.011880, ,0.034772,0.109688,0.097410,0.020357,0.040025,0.410755,0.060485, ,0.024564,0.076385,0.072417,0.064319,0.017691,0.016045,0.022982,0.166717,0.027093,0.124774,0.096992,0.075573,0.026685, ,0.414876, , ,0.324441, ,0.201790,0.521634,0.343448, , , ,0.369675, , ,0.241952,0.134262,0.119172, ,0.164994,0.244804,0.213237,0.018260,0.222167,0.522459,0.076512, ,0.118434, , , , , ,0.248674,0.172125,0.044383, , , , ,0.211190,0.791394, , , ,0.727132,0.280388, , , , , ,0.219203,0.414865, , ,0.351700, , , , ,0.566177, , ,0.087908,0.246937,0.049879, ,0.024418,0.035423,0.185315, ,0.053850, ,0.177642,0.052006,0.049860,0.159737,0.057634,0.046625, ,0.202173, ,0.059559,0.026936,0.018207, , ,0.007128, , , ,3.868897, , , ,0.038274, ,0.444729, ,0.045883,0.135207,0.789673, , ,0.051603, ,0.148896, ,0.057572,0.205494,0.056778,0.152139,0.090148,0.304660,0.225018,0.170939,0.150025,0.269256,0.222783, ,0.223291, ,0.183428,0.217649,0.247169,0.207614,0.185264,0.203858,0.028299,0.030630,0.157032,0.193407, ,0.073240,0.123345,0.065959,0.267729, ,0.064042,0.422613,0.272021,0.455204,0.041859,0.682616,0.584664, ,0.071664, ,0.183530,0.395500, ,0.583060,0.307326,0.540261,0.400577,0.243284,0.282100,0.321001,0.069048,0.151218,0.101940,0.076259,0.095470,0.002376, ,0.589372,0.150301,0.338902, ,0.126647,0.225754,0.296135,0.266765,0.222328,0.344380,0.069549,0.566182,0.774077, ,0.330621,0.276507,0.228271, , , , , ,0.202998,0.336737, , , ,0.366294,0.371280, ,0.608038,0.457598, , , ,0.495220, ,0.304755, ,0.118031,0.019503, ,0.074499,0.051816,0.053928,0.036799,0.358017,0.036867,0.038059,0.037337,0.292717,0.055751,0.018458,0.499331,0.328848,0.088330,0.273150,0.091241,0.189447,0.052683,0.121480, ,0.240025,0.424788, ,0.319732,0.314739, ,0.267037,0.129240,0.755418,0.299519,0.958273,0.425851, ,1.509077, ,0.918337,0.061820,0.167596, , ,0.211189, ,0.103375,0.353314,0.118057,0.075653, ,0.047031,0.193616,0.320751,0.636847,1.268276,1.750514, ,0.358476,0.030336,0.064879,0.565558,0.044829,0.896178, ,0.190215,0.300842,0.896936,0.073704,0.047830,0.059371,0.063696,0.056019,0.084795,0.107947,0.017956,0.089091,0.274927, ,0.058583,0.053106,0.059987,0.075011,0.078114,0.084363,0.073272,0.141476,0.119766, ,0.123255,0.198345,0.042648,0.107488,0.131014,0.187830,0.196362,0.153782,0.172172, , ,0.084888, ,0.013180,0.108012,0.084270,0.063519,0.088376,0.125485,0.062274,0.090134,0.063849,0.320863,0.150714, ,0.117753,0.168501,0.330230,0.232719,0.360633,0.325439,0.345323,0.383312, ,0.427951,0.204970,0.341045,0.375214,0.329098,0.441478,0.190445,0.032189,0.562817, , , ,0.509983,0.221912,0.203208,0.734386,0.395821, , ,0.244436, ,0.122960,0.610375,0.213351,0.274966,0.998842,0.182431,3.482017,4.262609,3.136504,0.626780,2.696106,3.108833,0.351917, ,4.132275, , ,0.272455,0.576373,0.492471, ,0.105998, ,0.063510, ,0.231232,0.076540, , ,0.031117,0.015354,0.025626,0.080310,0.022093,0.136935, 
    Number of Spikes per Burst - Avg,15.402174,14.216667,13.690909,12.537313,14.191489,15.128440,14.550000,16.986111,14.647059,12.940000,10.423077,8.545455,5.500000,10.040000,12.619048,15.780488, , , , , , , , , , , , , ,15.956522, , ,15.426471,7.181818,6.833333, ,9.979592,7.266667,8.888889,7.461538,10.000000,8.400000,11.571429,7.800000,17.309091, ,10.166667,6.833333,16.288889,13.825000,9.548387,15.676923,10.909091,16.084507,13.253165,13.573171,17.083333,18.893333,13.144928,12.197674,23.234375,8.666667,19.892473,9.814815,5.833333,10.216667,21.000000, ,17.653846,12.166667, ,8.166667,45.000000,16.014085, , ,5.600000,11.261905,10.166667,13.065217, ,14.142857,18.859155, ,10.812500, , , ,12.454545, ,7.600000, ,32.000000,9.952381, , , , ,14.449275,16.260870, ,7.277778,7.125000,6.875000,13.140000,12.000000,8.129032, ,6.000000,7.761905,11.106061,15.441860,16.775281,12.969231,20.378378,9.500000,17.101124,13.086957, ,18.078652,13.000000,13.000000,17.205128,13.820225,13.857143,15.819444,8.461538, ,22.642857, , ,28.234375,17.477477, ,39.150943, ,7.000000,13.223881, , ,23.465347,24.276786,46.601266,6.500000,11.038462, ,10.200000,7.000000,12.216216,22.697561,11.000000,21.085106, , ,10.321839, , , ,9.704918, ,32.619883,15.828221,7.428571, ,14.156250,14.458333,7.925000, ,6.666667,8.464286,19.456140,8.225000, ,19.823529,8.000000,9.250000,7.000000,17.026846, ,9.652174,12.925373,5.333333, ,11.643478, ,8.301587,14.047297, ,7.000000,13.397260,10.784091, ,7.500000, , , , , ,9.666667, , , , , ,8.000000, , ,9.800000, ,7.000000, , , , , , , , , , , , , , ,7.333333,7.500000, , ,8.538462, , , ,10.144000,8.375000, ,15.000000, ,16.428571, , ,12.284211,8.333333,18.679612,23.990291, ,5.764706,8.750000, , ,13.582524,6.631579, ,18.495146,6.684211, ,8.000000,14.384615,15.029412,12.631579,5.846154,19.430556,14.890411,8.454545,20.780488,13.321429,9.235294,18.597403, ,6.304348,18.600000,10.361111, ,8.360000, , ,10.000000,5.000000,6.214286, , ,7.200000, ,7.500000, ,13.100000,8.320000, ,5.750000,10.054054,10.714286, ,5.000000, ,8.500000,5.428571, ,5.950000,14.732143,5.619048, ,14.671642,11.760000, , ,15.012658,20.807229,22.583333,15.692308, ,10.476190,10.920000,16.752688,6.000000,16.589474,8.818182,7.055556,24.200000, ,7.416667,9.065217, ,22.681818,10.716216,9.216867, ,10.333333,8.000000, , ,13.333333,6.500000,6.000000,8.000000,26.881356,10.148148,9.130435, ,10.440678, , , , ,12.466667, ,9.000000,6.000000, , , , , ,7.000000,16.333333,9.848485,23.042254,12.042553,14.232558, ,13.739130, ,9.615385,7.000000, ,13.685185,12.916667,11.897436,5.375000,5.625000,12.555556,16.875000, ,14.150943,18.821429,18.351351,16.097222,4.764706,12.857143,13.921569,11.068966,9.840000,15.266667,14.018868,14.083333,11.176471, ,8.650000, , ,10.805556, ,10.236364,8.793103,18.220000, , , ,8.000000, , ,17.000000,19.209677,13.434783, ,12.647059,12.260870,10.320000,5.444444,12.833333,41.750000,9.750000, ,8.055556, , , , , ,14.534884,9.129032,9.777778,14.000000, , , ,14.211538,20.500000, , ,21.000000,15.000000,18.944444, , , , , ,8.500000,16.176471, , ,10.222222, , , , ,26.000000, , ,13.760563,10.200000,10.218182, ,4.714286,7.578947,16.290909, ,8.571429, ,12.000000,9.833333,11.585366,13.245614,8.379310,6.300000, ,13.516129, ,7.800000,13.709677,5.750000, , ,5.850000, , , ,26.074074, , , ,9.555556, ,9.000000, ,10.000000,12.277778,16.461538, , ,12.085106, ,9.250000, ,8.687500,8.187500,8.941176,20.522124,21.436782,18.462687,18.139535,14.575758,16.148649,16.191781,25.675926, ,14.125000, ,11.174603,19.747826,11.977273,13.184211,26.198582,21.285714,7.300000,6.000000,14.857143,14.604651, ,8.166667,22.467742,8.514286,9.800000, ,12.694915,12.000000,19.113636,22.333333,8.521739,20.666667,12.642857, ,13.973684, ,7.333333,11.800000, ,18.200000,16.658228,14.000000,15.321429,24.903226,16.277778,16.842105,7.600000,12.745098,10.909091,11.666667,15.016393,6.000000, ,15.307692,9.866667,15.666667,21.000000,8.842105,10.666667,16.028571,17.196429,17.350649,17.297872,11.450000,24.142857,14.692308, ,13.636364,19.580645,13.925000, , , , , ,15.960000,11.692308, , , ,15.692308,12.172414, ,20.888889,15.681818, , , ,8.500000, ,11.184211, ,15.729730,5.200000, ,13.000000,16.450704,10.140351,12.701493,9.235294,12.888889,11.490566,8.971429,12.679245,13.843137,5.000000,8.500000,13.403509,7.000000,14.411765,15.000000,16.858586,6.500000,15.504950,6.000000,20.345455,10.766667,4.000000,10.166667,14.742857, ,21.057143,10.432432,13.058824,20.708738,16.333333,16.411765, ,18.142857, ,42.625000,14.163265,20.518072, , ,33.238806, ,13.214286,16.536585,9.500000,6.500000, ,9.264706,14.671233,12.962963,17.600000,36.500000,29.500000, ,20.557692,5.545455,9.416667,7.625000,7.900000,17.818182,4.000000,8.846154,24.785714,13.625000,18.367647,8.680000,13.453125,10.843750,9.603175,8.789474,12.690476,4.666667,14.721649,17.477273, ,14.777778,10.625000,8.692308,8.937500,11.071429,14.379310,14.298246,16.854545,20.683333, ,12.600000,11.714286,7.090909,9.130435,15.160000,13.305085,12.129032,22.958333,18.269231, , ,18.194030, ,6.500000,16.391304,12.000000,13.676056,13.746835,14.033333,12.457627,16.000000,10.029412,13.190476,11.948718, ,15.892857,20.440476,9.619048,16.451613,15.341463,16.821429,14.170213,13.175000, ,11.800000,22.987500,14.800000,16.224490,13.052632,12.708333,12.390244,6.200000,17.769231, , , ,14.888889,19.032609,14.341463,8.692308,12.761905, , ,15.851852, ,15.287037,12.000000,15.384615,14.062500,10.555556,20.825688,55.000000,79.500000,18.500000,18.650000,36.600000,23.500000,12.725806, ,59.000000, , ,25.000000,14.423077,14.586207, ,11.610169, ,17.145161, ,9.363636,12.080000, , ,7.200000,7.333333,7.000000,8.600000,5.000000,11.125000, 
    Number of Spikes per Burst - Std,6.434898,5.272544,5.006931,4.840888,7.434700,7.417573,6.521435,6.703989,5.822665,4.469443,3.732980,2.018100,2.121320,3.445770,4.484484,7.258923, , , , , , , , , , , , , ,20.452780, , ,18.838921,1.500361,1.329160, ,3.105706,2.658320,7.914608,2.817072,11.722276,3.272783,4.003894,3.563706,23.129965, ,3.441507,1.527525,6.103733,4.471491,2.110904,5.556831,2.942449,6.065703,5.321626,5.454708,5.788040,9.473396,5.829124,5.268820,24.336753,1.118034,8.605436,2.304461,1.602082,7.185418,22.627417, ,21.966003,14.153916, ,3.060501,50.911688,18.995107, , ,0.894427,7.886572,3.434256,21.983228, ,6.085111,7.193838, ,5.256345, , , ,5.124030, ,1.516575, ,18.384776,4.116749, , , , ,5.534746,5.022456, ,1.840894,1.125992,1.543805,7.253458,3.730019,1.927726, ,1.154701,4.323248,3.762686,9.146654,19.066721,12.224424,18.548495,7.370725,16.247409,9.923767, ,10.224997,13.345827,14.265343,9.303482,8.267628,16.840328,10.599397,4.580225, ,5.641663, , ,7.341484,3.466323, ,12.468951, , ,2.527551, , ,5.481905,4.482619,14.135351,1.000000,1.678298, ,1.483240, ,1.702434,5.286520, ,4.392896, , ,1.735366, , , ,1.605659, ,2.948871,2.556993,0.534522, ,3.960363,2.646553,1.439150, ,1.386750,0.999338,2.260168,1.143263, ,3.083364, ,0.957427,1.126872,2.678610, ,1.955844,2.577015,0.577350, ,3.055600, ,1.041632,2.330906, ,0.000000,2.640479,1.908534, ,0.707107, , , , , ,0.577350, , , , , ,0.000000, , ,0.941124, , , , , , , , , , , , , , , , ,0.577350,0.577350, , ,0.660225, , , ,1.589806,0.718795, ,2.259240, ,5.420620, , ,2.055937,0.954237,3.036425,3.585087, ,0.970143,3.028816, , ,2.403120,1.024591, ,2.930147,0.903604, ,1.309307,4.895592,4.398000,3.091645,1.155588,6.046362,8.063225,2.132007,7.763518,3.345019,1.784245,5.575463, ,1.794810,6.621042,2.368276, ,2.721519, , ,1.809068, ,0.578934, , ,1.146423, ,1.666667, ,1.953776,2.154840, ,0.500000,2.054074,2.979649, , , ,1.637626,0.534522, ,0.887041,3.938117,1.321975, ,4.825400,2.846839, , ,3.600191,8.090129,4.812655,6.533589, ,4.207739,4.050926,3.726100,0.000000,4.639091,1.250454,4.079680,7.742585, ,1.781640,6.526534, ,6.803846,2.441200,1.900245, ,1.414214, , , ,1.527525,0.547723, ,2.645751,9.201607,3.879965,1.391675, ,1.578642, , , , ,3.526523, ,4.404543, , , , , , ,1.603567,4.737058,2.209655,5.787762,3.309784,3.993073, ,2.831841, ,1.192928,0.632456, ,3.173142,4.941322,2.370819,0.916125,0.744024,4.966046,3.894343, ,3.845058,14.846006,4.488745,5.132497,0.831370,2.843120,3.327721,3.578013,2.122378,6.114353,5.044001,5.059951,4.033390, ,4.934039, , ,6.373245, ,4.586468,6.444152,17.391848, , , ,1.414214, , ,4.596194,11.282243,5.475814, ,3.161115,7.300171,5.305029,1.509231,5.106340,38.646906,0.957427, ,2.182072, , , , , ,11.549786,2.459565,5.333333, , , , ,4.267233,12.020815, , , ,7.071068,16.204375, , , , , ,3.535534,15.125456, , ,7.526023, , , , ,29.103264, , ,4.008793,2.774887,1.771073, ,0.755929,1.574653,6.765032, ,2.741027, ,5.432634,2.496374,4.684953,6.308386,2.375515,1.688974, ,5.572976, ,0.836660,3.607340,1.832251, , ,0.933302, , , ,44.440043, , , ,4.200122, ,4.000000, ,4.279695,9.633310,8.120092, , ,5.187065, ,7.712151, ,6.247333,5.528336,2.075771,10.049962,8.827417,10.216339,8.849278,5.547170,7.882150,9.134272,17.600355, ,7.509782, ,3.424483,13.192797,6.109423,7.849774,16.637831,10.420867,1.494434,2.000000,6.055301,5.062183, ,3.250641,10.997344,1.738347,2.588436, ,3.935928,6.683313,10.111508,12.619429,4.294495,23.147560,12.833892, ,3.830792, ,2.309401,12.882493, ,13.046072,15.003321,15.588457,9.221768,25.087700,16.069587,16.764961,2.414243,8.359051,7.645929,3.397752,5.305632,0.000000, ,17.250046,4.307247,25.593782, ,3.961806,4.718757,27.104900,21.474229,11.611888,13.768134,4.871777,9.007933,13.536276, ,6.911312,24.061770,13.713904, , , , , ,6.393226,4.732593, , , ,18.140124,11.829349, ,17.595770,14.868060, , , ,3.696846, ,11.315751, ,10.568950,0.421637, ,3.311596,5.101229,3.136414,3.451021,4.519713,3.844844,2.700589,2.162321,7.092178,5.285348,1.000000,4.949747,9.246350,0.816497,9.996352,5.155281,7.953962,1.732051,6.073918, ,13.187036,4.938821, ,4.328429,9.397326, ,17.485064,3.516157,13.948434,23.120160,25.518393,23.408024, ,22.041087, ,29.990177,5.846462,10.055167, , ,18.472822, ,5.626374,15.480791,2.640187,0.577350, ,1.620116,19.223867,8.916197,19.440079,29.949958,33.234019, ,20.542079,0.820200,1.928652,4.779047,1.791957,22.058188, ,6.053183,24.827927,16.944763,5.917100,1.930458,4.642556,2.566652,2.791344,1.750522,3.612229,0.577350,5.407830,10.178611, ,5.376585,2.723944,2.093212,1.878608,4.713203,5.593943,5.288008,7.186454,7.674505, ,3.905125,3.473254,1.921174,2.701924,4.220262,5.651531,4.080375,15.886384,8.930719, , ,10.652034, ,0.707107,4.849922,11.357817,6.112691,7.986316,9.282848,5.599637,6.285749,4.181382,5.980126,4.844686, ,9.020750,15.024811,9.189539,16.460263,22.473996,16.035310,16.601885,15.423737, ,15.073155,21.086617,19.439073,22.065495,9.002819,8.067536,8.805902,0.836660,25.801014, , , ,18.870733,17.538310,13.035739,6.485684,11.622843, , ,13.222918, ,16.817354,9.899495,11.919889,5.893146,9.261629,18.644751,83.162492,99.702056,25.670995,25.791216,64.002344,35.000000,14.728326, ,73.539105, , ,17.776389,15.702670,19.642369, ,4.631291, ,5.312672, ,2.907670,7.549405, , ,1.398412,0.577350,1.414214,2.073644,0.000000,3.180671, 
    Mean ISI within Burst - Avg (sec),0.006309,0.005983,0.006726,0.006236,0.005511,0.006195,0.005492,0.005922,0.006797,0.007348,0.006950,0.026851,0.014140,0.009206,0.006850,0.006141, , , , , , , , , , , , , ,0.012851, , ,0.008195,0.010363,0.017243, ,0.008420,0.010915,0.013987,0.017084,0.014242,0.021198,0.009035,0.022445,0.007876, ,0.011754,0.006880,0.010024,0.009995,0.011306,0.007592,0.011522,0.007868,0.007552,0.007175,0.010936,0.007983,0.007493,0.006951,0.007866,0.014121,0.005937,0.009368,0.040838,0.009373,0.037196, ,0.010098,0.016991, ,0.011360,0.025024,0.008393, , ,0.026182,0.010743,0.024939,0.010237, ,0.034756,0.013989, ,0.022559, , , ,0.016303, ,0.041124, ,0.020394,0.025764, , , , ,0.008451,0.007826, ,0.012265,0.018562,0.010117,0.011970,0.012677,0.010584, ,0.015616,0.012655,0.009037,0.005776,0.004942,0.006527,0.006933,0.008609,0.006819,0.007715, ,0.006225,0.012156,0.018505,0.006756,0.006307,0.011818,0.007080,0.012349, ,0.005702, , ,0.007370,0.009897, ,0.004921, ,0.021960,0.008242, , ,0.009093,0.006688,0.007138,0.013130,0.012431, ,0.017953,0.012880,0.011090,0.006992,0.012440,0.006087, , ,0.011539, , , ,0.011280, ,0.004378,0.007894,0.016162, ,0.031685,0.007926,0.010593, ,0.007796,0.012473,0.007433,0.014153, ,0.005890,0.009223,0.011310,0.008377,0.006725, ,0.009876,0.008359,0.007297, ,0.010135, ,0.011143,0.007356, ,0.013787,0.007432,0.009691, ,0.015016, , , , , ,0.013057, , , , , ,0.016152, , ,0.014577, ,0.026560, , , , , , , , , , , , , , ,0.017693,0.017475, , ,0.015275, , , ,0.009836,0.011893, ,0.006362, ,0.011465, , ,0.009625,0.018345,0.008039,0.004818, ,0.009242,0.011685, , ,0.010948,0.012032, ,0.005211,0.009555, ,0.025902,0.011377,0.007480,0.005409,0.008295,0.005802,0.010659,0.010647,0.008401,0.010717,0.007931,0.006146, ,0.008102,0.005950,0.011764, ,0.016624, , ,0.009961,0.013380,0.011114, , ,0.009375, ,0.010796, ,0.012199,0.010631, ,0.009465,0.013404,0.015325, ,0.016240, ,0.008933,0.010175, ,0.020193,0.009111,0.012282, ,0.010941,0.006211, , ,0.008716,0.008652,0.004608,0.011603, ,0.011447,0.014391,0.008319,0.008976,0.007864,0.010211,0.012368,0.004905, ,0.022141,0.011138, ,0.005297,0.011891,0.008311, ,0.019840,0.007497, , ,0.026924,0.013266,0.022480,0.041198,0.006158,0.011332,0.021619, ,0.011764, , , , ,0.014084, ,0.023649,0.022624, , , , , ,0.015367,0.011024,0.009846,0.007219,0.009872,0.011070, ,0.007632, ,0.010195,0.008708, ,0.006702,0.009453,0.017600,0.010971,0.018395,0.013275,0.004684, ,0.005216,0.004649,0.006690,0.006870,0.008441,0.004571,0.004490,0.008594,0.006478,0.004978,0.005334,0.005443,0.004584, ,0.016748, , ,0.012123, ,0.007385,0.012470,0.008534, , , ,0.081535, , ,0.025430,0.007937,0.012323, ,0.015821,0.012476,0.014321,0.010323,0.016118,0.013444,0.027353, ,0.020801, , , , , ,0.011273,0.012079,0.014169,0.107040, , , ,0.013406,0.038159, , ,0.118780,0.041254,0.012706, , , , , ,0.062996,0.016067, , ,0.017545, , , , ,0.036191, , ,0.007905,0.042646,0.010764, ,0.011878,0.008251,0.011245, ,0.010384, ,0.010553,0.011735,0.008054,0.008841,0.008897,0.010001, ,0.016172, ,0.020271,0.004865,0.012647, , ,0.006349, , , ,0.018222, , , ,0.008259, ,0.020864, ,0.009734,0.015054,0.036060, , ,0.009095, ,0.010469, ,0.008778,0.013398,0.012881,0.008726,0.007625,0.010783,0.013033,0.015141,0.009938,0.009857,0.008909, ,0.013523, ,0.013933,0.007719,0.012320,0.010954,0.007115,0.007326,0.014182,0.015310,0.010417,0.013806, ,0.016968,0.009354,0.012162,0.035168, ,0.009584,0.030162,0.015496,0.026659,0.013317,0.016940,0.016690, ,0.013809, ,0.035547,0.013164, ,0.034472,0.009149,0.020948,0.017034,0.007985,0.008944,0.011634,0.011366,0.010484,0.012420,0.010150,0.009204,0.015536, ,0.018138,0.014180,0.011724,0.076716,0.012552,0.018674,0.010666,0.010470,0.011007,0.010314,0.012935,0.039975,0.024646, ,0.019823,0.008426,0.009684, , , , , ,0.017865,0.033222, , , ,0.014151,0.014278, ,0.018798,0.010323, , , ,0.051693, ,0.007551, ,0.012182,0.014699, ,0.007545,0.006952,0.007943,0.007157,0.011717,0.007303,0.007176,0.009047,0.009040,0.008879,0.008499,0.045394,0.010371,0.031809,0.009308,0.008502,0.010693,0.016325,0.009573,0.013680,0.009651,0.017894,0.004293,0.023619,0.010666, ,0.008428,0.014400,0.013389,0.007591,0.015517,0.010415, ,0.036094, ,0.031727,0.007414,0.007610, , ,0.011948, ,0.013072,0.014033,0.018729,0.039342, ,0.011210,0.009281,0.016569,0.014851,0.022871,0.039203, ,0.008882,0.010799,0.017411,0.022744,0.011342,0.020402,0.028347,0.016660,0.008498,0.015962,0.009430,0.011950,0.009668,0.010566,0.008353,0.014888,0.010543,0.009576,0.008030,0.014194, ,0.008224,0.010461,0.014337,0.016391,0.013336,0.009797,0.009733,0.011730,0.010947, ,0.024273,0.020077,0.010768,0.014536,0.013936,0.013183,0.015581,0.006783,0.009670, , ,0.006661, ,0.015035,0.012193,0.009877,0.009684,0.007548,0.011081,0.009473,0.009407,0.011191,0.019130,0.012236, ,0.008364,0.006748,0.013880,0.008417,0.008818,0.007901,0.010388,0.012554, ,0.014403,0.006917,0.009595,0.012348,0.013144,0.019789,0.010969,0.017190,0.016383, , , ,0.014118,0.008302,0.011721,0.017182,0.016941, , ,0.012592, ,0.006274,0.028989,0.009151,0.022545,0.021643,0.006581,0.020000,0.031187,0.039348,0.014646,0.015769,0.034836,0.010244, ,0.036673, , ,0.016213,0.014215,0.010822, ,0.010736, ,0.005819, ,0.016439,0.006794, , ,0.016817,0.014123,0.009816,0.017067,0.023213,0.017723, 
    Mean ISI within Burst - Std (sec),0.002516,0.001804,0.002687,0.002526,0.002651,0.002822,0.001658,0.002129,0.002621,0.002940,0.002611,0.010887,0.005176,0.003889,0.002322,0.002446, , , , , , , , , , , , , ,0.005277, , ,0.004605,0.005784,0.005541, ,0.003645,0.004729,0.017590,0.007184,0.017522,0.004650,0.005448,0.016903,0.003863, ,0.005090,0.002068,0.004046,0.002974,0.004080,0.002809,0.003454,0.003033,0.003332,0.003501,0.003824,0.002527,0.003542,0.003919,0.002805,0.003789,0.002190,0.003338,0.052076,0.005176,0.034133, ,0.002600,0.011374, ,0.004687,0.007656,0.002450, , ,0.005952,0.006118,0.025753,0.005288, ,0.015805,0.005031, ,0.008647, , , ,0.004873, ,0.013224, ,0.010916,0.024299, , , , ,0.004493,0.003379, ,0.007478,0.012985,0.003428,0.007128,0.006450,0.006495, ,0.005164,0.005636,0.004864,0.003395,0.002506,0.004148,0.003608,0.007891,0.003166,0.007174, ,0.002984,0.008106,0.015591,0.004124,0.003205,0.005638,0.003722,0.013075, ,0.002206, , ,0.002751,0.002284, ,0.001145, , ,0.002536, , ,0.002059,0.001365,0.003065,0.003046,0.001736, ,0.007179, ,0.002316,0.001180, ,0.001035, , ,0.002117, , , ,0.002637, ,0.000639,0.001948,0.003454, ,0.009793,0.001692,0.002962, ,0.003845,0.001905,0.001163,0.003492, ,0.001221, ,0.001117,0.003047,0.001190, ,0.002461,0.002052,0.005246, ,0.002237, ,0.001555,0.001590, ,0.004342,0.001632,0.002316, ,0.001825, , , , , ,0.001703, , , , , ,0.000810, , ,0.002315, , , , , , , , , , , , , , , , ,0.001595,0.001339, , ,0.005007, , , ,0.002159,0.002877, ,0.001360, ,0.003404, , ,0.002367,0.002303,0.001525,0.000796, ,0.005152,0.009205, , ,0.002184,0.004643, ,0.000935,0.002666, ,0.012984,0.008614,0.008047,0.001319,0.003730,0.004604,0.006565,0.007771,0.004775,0.004837,0.005117,0.003281, ,0.003203,0.004864,0.004713, ,0.019079, , ,0.004055, ,0.003492, , ,0.003467, ,0.002995, ,0.002236,0.001299, ,0.001460,0.010133,0.006176, , , ,0.002079,0.003288, ,0.008277,0.003412,0.007599, ,0.006111,0.001956, , ,0.002600,0.002634,0.002941,0.006031, ,0.005924,0.010417,0.004719,0.001177,0.004014,0.003928,0.006807,0.002213, ,0.010222,0.002828, ,0.002289,0.002651,0.002139, ,0.004622, , , ,0.001671,0.002652, ,0.006470,0.002420,0.007757,0.003096, ,0.002329, , , , ,0.003404, ,0.009378, , , , , , ,0.003689,0.005718,0.003830,0.002954,0.004309,0.004450, ,0.002318, ,0.003504,0.001971, ,0.002100,0.007298,0.005844,0.003574,0.006906,0.015033,0.002434, ,0.001190,0.001032,0.004322,0.003670,0.003754,0.000897,0.001244,0.009095,0.002025,0.003341,0.003442,0.003830,0.000770, ,0.020139, , ,0.012644, ,0.007786,0.021944,0.005762, , , ,0.036338, , ,0.012197,0.003154,0.005680, ,0.006763,0.007473,0.008302,0.003185,0.008365,0.006736,0.006435, ,0.011680, , , , , ,0.005984,0.010394,0.003482, , , , ,0.008137,0.017061, , , ,0.031101,0.005050, , , , , ,0.000470,0.008807, , ,0.011251, , , , ,0.020231, , ,0.003726,0.012899,0.003818, ,0.004343,0.004168,0.006834, ,0.005355, ,0.007646,0.003741,0.003884,0.004560,0.003700,0.005228, ,0.007983, ,0.007349,0.002850,0.002373, , ,0.001147, , , ,0.025782, , , ,0.004104, ,0.023441, ,0.003830,0.007034,0.024326, , ,0.002996, ,0.003211, ,0.001970,0.011552,0.004544,0.003890,0.001759,0.007432,0.006090,0.005849,0.004644,0.006482,0.003738, ,0.006329, ,0.008748,0.003527,0.007656,0.006367,0.002467,0.003450,0.003144,0.001642,0.006538,0.007043, ,0.001953,0.002505,0.006408,0.016584, ,0.004323,0.022516,0.006037,0.011772,0.005800,0.007940,0.009784, ,0.003150, ,0.013251,0.005996, ,0.024442,0.003924,0.009715,0.008198,0.002754,0.004382,0.005151,0.006468,0.003370,0.004403,0.004295,0.004158,0.000475, ,0.008110,0.006192,0.005143, ,0.004834,0.009807,0.004114,0.003925,0.003868,0.003621,0.003149,0.015031,0.022653, ,0.015396,0.003772,0.004158, , , , , ,0.009137,0.018220, , , ,0.005807,0.008728, ,0.008444,0.005891, , , ,0.038906, ,0.004335, ,0.002011,0.004401, ,0.004186,0.002678,0.003121,0.002300,0.010618,0.003019,0.002859,0.003235,0.005008,0.002992,0.002631,0.036619,0.005587,0.009988,0.004188,0.002780,0.005862,0.004071,0.003781, ,0.004018,0.012110, ,0.015636,0.005141, ,0.003168,0.007368,0.010315,0.002774,0.009510,0.004786, ,0.019191, ,0.014357,0.002716,0.005204, , ,0.004433, ,0.004735,0.005201,0.011274,0.009814, ,0.004875,0.004927,0.007976,0.009253,0.010839,0.015707, ,0.003561,0.004964,0.005893,0.028471,0.004692,0.011251, ,0.006399,0.002512,0.013568,0.003366,0.005106,0.003443,0.004326,0.004252,0.007941,0.004771,0.003806,0.003886,0.007310, ,0.003001,0.003906,0.005765,0.006617,0.006134,0.005253,0.003852,0.004876,0.004395, ,0.008578,0.009102,0.005728,0.008048,0.005983,0.007252,0.009975,0.003368,0.004146, , ,0.002707, ,0.004329,0.002868,0.002501,0.003765,0.003430,0.007643,0.003813,0.003889,0.005831,0.011021,0.007171, ,0.003609,0.002929,0.006462,0.003226,0.003367,0.003392,0.003910,0.005601, ,0.005456,0.002027,0.003217,0.002815,0.005511,0.008917,0.004925,0.003480,0.006287, , , ,0.005884,0.003044,0.003861,0.023196,0.012208, , ,0.006567, ,0.003456,0.029400,0.004479,0.011970,0.026616,0.001814,0.017836,0.014690,0.049516,0.004570,0.014507,0.032887,0.004438, ,0.024748, , ,0.005846,0.005656,0.005792, ,0.004480, ,0.001617, ,0.014057,0.002499, , ,0.004140,0.001659,0.001957,0.005081,0.005523,0.006680, 
    Median ISI within Burst - Avg (sec),0.004151,0.004136,0.004631,0.004477,0.003821,0.004073,0.003855,0.004105,0.004343,0.005345,0.005135,0.020756,0.013000,0.006379,0.004736,0.004454, , , , , , , , , , , , , ,0.010073, , ,0.005771,0.008584,0.013500, ,0.006364,0.009387,0.009862,0.014412,0.009618,0.016616,0.006153,0.011272,0.005290, ,0.008568,0.005860,0.007172,0.007553,0.007947,0.005068,0.008582,0.005500,0.005033,0.004462,0.008661,0.006037,0.004959,0.004500,0.005278,0.010884,0.003913,0.006742,0.035313,0.006059,0.018020, ,0.007815,0.012210, ,0.008320,0.019340,0.005397, , ,0.023144,0.008370,0.017882,0.007723, ,0.027253,0.009406, ,0.018487, , , ,0.013463, ,0.036288, ,0.015960,0.016716, , , , ,0.005024,0.005247, ,0.008313,0.014770,0.008483,0.007259,0.009031,0.007355, ,0.011400,0.011290,0.007187,0.003720,0.003350,0.004478,0.004598,0.006893,0.004466,0.004777, ,0.004074,0.009362,0.014084,0.004556,0.003958,0.010079,0.004894,0.007197, ,0.004239, , ,0.005846,0.008763, ,0.003625, ,0.008800,0.006045, , ,0.007611,0.004889,0.006237,0.010920,0.011889, ,0.014448,0.011480,0.009554,0.005606,0.010520,0.004501, , ,0.010207, , , ,0.010524, ,0.003312,0.004918,0.013743, ,0.023495,0.005960,0.007796, ,0.005665,0.010573,0.005428,0.013361, ,0.003856,0.007920,0.008820,0.006933,0.004295, ,0.006281,0.005246,0.004547, ,0.007936, ,0.007636,0.005134, ,0.008960,0.004964,0.007378, ,0.011220, , , , , ,0.008960, , , , , ,0.013600, , ,0.011616, ,0.025600, , , , , , , , , , , , , , ,0.017480,0.013650, , ,0.014286, , , ,0.007892,0.010702, ,0.004662, ,0.009718, , ,0.006404,0.017146,0.005857,0.003510, ,0.005322,0.007974, , ,0.009021,0.008367, ,0.003694,0.007306, ,0.023475,0.008757,0.005713,0.003865,0.006374,0.004269,0.008203,0.009049,0.005883,0.006753,0.005790,0.004306, ,0.006904,0.004174,0.007709, ,0.010400, , ,0.007223,0.012280,0.009823, , ,0.007352, ,0.008746, ,0.009737,0.009838, ,0.009000,0.010044,0.012247, ,0.014320, ,0.007352,0.008726, ,0.014618,0.006339,0.009992, ,0.009630,0.004606, , ,0.006287,0.006810,0.003667,0.009892, ,0.008580,0.009718,0.006771,0.008960,0.005701,0.007935,0.010960,0.003893, ,0.016383,0.009723, ,0.003811,0.009977,0.006506, ,0.019893,0.008640, , ,0.024093,0.012927,0.020800,0.037760,0.004035,0.008683,0.019963, ,0.010174, , , , ,0.013511, ,0.018309,0.022480, , , , , ,0.013690,0.008282,0.007676,0.005687,0.007642,0.008945, ,0.005663, ,0.007723,0.007753, ,0.004901,0.007161,0.014992,0.010495,0.015005,0.010202,0.003588, ,0.004110,0.003434,0.004132,0.005388,0.006299,0.003695,0.003467,0.005922,0.005261,0.003406,0.003913,0.004071,0.003845, ,0.009912, , ,0.006814, ,0.004692,0.005789,0.004453, , , ,0.066760, , ,0.017478,0.005123,0.009055, ,0.008520,0.010151,0.010056,0.008809,0.011453,0.013390,0.021150, ,0.015211, , , , , ,0.005468,0.008001,0.012249,0.061520, , , ,0.009052,0.019460, , ,0.060320,0.023920,0.007813, , , , , ,0.051980,0.013506, , ,0.011670, , , , ,0.027636, , ,0.005584,0.029648,0.008651, ,0.010731,0.006480,0.008523, ,0.008030, ,0.007159,0.009665,0.005518,0.005903,0.006194,0.007342, ,0.012199, ,0.015464,0.003871,0.011080, , ,0.005570, , , ,0.016170, , , ,0.006268, ,0.015097, ,0.008514,0.012940,0.026668, , ,0.006739, ,0.009293, ,0.006890,0.010125,0.010075,0.005856,0.005698,0.007207,0.009816,0.011225,0.007684,0.006010,0.005043, ,0.010935, ,0.010023,0.004818,0.009335,0.006455,0.004453,0.004635,0.012272,0.014260,0.005860,0.010655, ,0.016427,0.007052,0.008910,0.027008, ,0.006879,0.025090,0.010333,0.015724,0.011932,0.011544,0.012146, ,0.012300, ,0.027893,0.011339, ,0.024576,0.006485,0.017747,0.012536,0.005552,0.005804,0.008809,0.006696,0.007990,0.009693,0.007233,0.006200,0.015200, ,0.013711,0.010963,0.009299,0.022040,0.010225,0.011020,0.008435,0.008162,0.007541,0.007964,0.010674,0.030371,0.018492, ,0.015575,0.006573,0.007152, , , , , ,0.013978,0.027785, , , ,0.011874,0.010116, ,0.015427,0.007915, , , ,0.028840, ,0.005026, ,0.010863,0.012320, ,0.004446,0.004278,0.005479,0.004614,0.008246,0.005059,0.005137,0.006903,0.006292,0.006711,0.008133,0.026600,0.007490,0.026210,0.006400,0.006297,0.006612,0.014680,0.006329,0.013840,0.005619,0.012875,0.003120,0.016767,0.008009, ,0.005483,0.010129,0.009101,0.004913,0.011033,0.007001, ,0.023286, ,0.024395,0.005420,0.004930, , ,0.008285, ,0.009489,0.011180,0.014327,0.034370, ,0.007209,0.006279,0.010387,0.008546,0.010400,0.026400, ,0.006125,0.008204,0.014087,0.011590,0.009900,0.013724,0.027360,0.013631,0.005721,0.011625,0.006958,0.009637,0.007245,0.008220,0.005890,0.011577,0.008162,0.009653,0.005071,0.010734, ,0.005383,0.007124,0.011197,0.012227,0.010047,0.006229,0.006366,0.007986,0.007273, ,0.019299,0.015884,0.009953,0.009024,0.008921,0.008007,0.009991,0.003837,0.004353, , ,0.004176, ,0.012840,0.010435,0.007013,0.006466,0.004614,0.008385,0.006609,0.005695,0.008387,0.012375,0.007811, ,0.004622,0.003845,0.011726,0.005698,0.006113,0.006226,0.008089,0.009559, ,0.011289,0.004869,0.007626,0.010342,0.009846,0.016363,0.008191,0.015368,0.012591, , , ,0.011269,0.005917,0.009402,0.008806,0.011672, , ,0.008429, ,0.003696,0.024000,0.006007,0.011327,0.014004,0.004293,0.012200,0.019540,0.013270,0.011512,0.010440,0.021500,0.008099, ,0.013940, , ,0.012213,0.012011,0.006046, ,0.008102, ,0.004183, ,0.011516,0.004459, , ,0.014996,0.010813,0.008800,0.013352,0.018507,0.011715, 
    Median ISI within Burst - Std (sec),0.001230,0.001527,0.002033,0.001685,0.001337,0.001016,0.000946,0.001301,0.001496,0.002574,0.001992,0.011188,0.002546,0.003666,0.001329,0.001690, , , , , , , , , , , , , ,0.004787, , ,0.002778,0.004679,0.002711, ,0.002969,0.003937,0.007288,0.004815,0.008289,0.005772,0.002945,0.005829,0.002230, ,0.003252,0.002111,0.002339,0.002504,0.003213,0.001712,0.002661,0.002220,0.001677,0.001323,0.003011,0.001885,0.001739,0.002245,0.002219,0.004892,0.000901,0.002807,0.044105,0.003248,0.014962, ,0.002719,0.006641, ,0.003698,0.000141,0.001808, , ,0.000984,0.004528,0.010539,0.003278, ,0.012392,0.003147, ,0.007636, , , ,0.004085, ,0.006760, ,0.010691,0.006572, , , , ,0.002142,0.001977, ,0.003743,0.006658,0.002138,0.003354,0.005020,0.003626, ,0.004873,0.005732,0.003516,0.001046,0.000644,0.001944,0.002132,0.004722,0.001546,0.003004, ,0.001345,0.005239,0.014526,0.002565,0.001250,0.005506,0.002510,0.003715, ,0.001775, , ,0.002826,0.002683, ,0.000658, , ,0.002335, , ,0.001833,0.001157,0.003431,0.002805,0.002183, ,0.006896, ,0.002735,0.001289, ,0.001086, , ,0.002842, , , ,0.002251, ,0.000302,0.001332,0.002837, ,0.004639,0.001451,0.003150, ,0.002903,0.001819,0.000679,0.003665, ,0.000776, ,0.002620,0.002910,0.000987, ,0.002412,0.001527,0.001200, ,0.003113, ,0.002513,0.001464, ,0.002642,0.001514,0.002702, ,0.002857, , , , , ,0.001925, , , , , ,0.001120, , ,0.002904, , , , , , , , , , , , , , , , ,0.001537,0.002959, , ,0.004412, , , ,0.002269,0.003729, ,0.001134, ,0.003529, , ,0.002126,0.001745,0.001493,0.000406, ,0.002426,0.006866, , ,0.002602,0.004607, ,0.000590,0.002627, ,0.009021,0.006718,0.006333,0.001130,0.002720,0.003588,0.005498,0.007247,0.003639,0.003319,0.003628,0.002469, ,0.001745,0.002961,0.002727, ,0.003831, , ,0.001974, ,0.003839, , ,0.002083, ,0.002464, ,0.002451,0.001420, ,0.001971,0.005609,0.005142, , , ,0.002405,0.004137, ,0.004326,0.002515,0.005569, ,0.005711,0.001133, , ,0.002050,0.002629,0.002473,0.005413, ,0.004298,0.004598,0.004618,0.001358,0.002622,0.003978,0.003813,0.002219, ,0.007090,0.002126, ,0.001133,0.002169,0.001980, ,0.003919, , , ,0.004002,0.004554, ,0.005141,0.001187,0.004621,0.002900, ,0.002398, , , , ,0.004016, ,0.007605, , , , , , ,0.003650,0.004366,0.003055,0.002459,0.004309,0.004379, ,0.001997, ,0.002414,0.002331, ,0.001390,0.004741,0.003872,0.004283,0.004321,0.011165,0.001918, ,0.000679,0.000548,0.002426,0.003513,0.001857,0.000818,0.000624,0.005973,0.000882,0.001180,0.002919,0.002382,0.000676, ,0.006408, , ,0.004572, ,0.001904,0.003442,0.002391, , , ,0.040673, , ,0.003087,0.002039,0.003520, ,0.002039,0.005657,0.003947,0.004592,0.004530,0.007136,0.005197, ,0.005924, , , , , ,0.001994,0.003771,0.002304, , , , ,0.004321,0.016207, , , ,0.014255,0.002607, , , , , ,0.007552,0.007166, , ,0.007286, , , , ,0.012387, , ,0.002297,0.004208,0.002911, ,0.004393,0.002975,0.005595, ,0.004994, ,0.005033,0.003802,0.002448,0.002548,0.002307,0.002449, ,0.006086, ,0.006142,0.002542,0.002984, , ,0.001156, , , ,0.023616, , , ,0.004286, ,0.011934, ,0.002477,0.005296,0.016312, , ,0.001849, ,0.002771, ,0.001394,0.006753,0.004236,0.002359,0.001476,0.005108,0.004692,0.005089,0.004141,0.003531,0.001662, ,0.004708, ,0.004798,0.001755,0.004970,0.002539,0.001076,0.001722,0.002431,0.002468,0.002131,0.007247, ,0.003459,0.002146,0.004209,0.014238, ,0.002747,0.022208,0.004859,0.006779,0.004783,0.004334,0.005212, ,0.003493, ,0.010794,0.004610, ,0.015417,0.002273,0.008286,0.004984,0.002117,0.002630,0.003970,0.004454,0.002422,0.004184,0.002821,0.002314,0.002715, ,0.005719,0.004659,0.003896, ,0.003218,0.005847,0.003366,0.002502,0.002530,0.002844,0.003170,0.014740,0.021605, ,0.009218,0.003373,0.002438, , , , , ,0.007537,0.015677, , , ,0.004281,0.003594, ,0.004960,0.004077, , , ,0.019585, ,0.002065, ,0.002053,0.003189, ,0.001525,0.001213,0.001836,0.001487,0.003251,0.002816,0.002307,0.003435,0.002858,0.002161,0.002474,0.008881,0.004310,0.003635,0.002866,0.002162,0.003498,0.004274,0.002917, ,0.001999,0.006088, ,0.007188,0.003402, ,0.002164,0.003712,0.005860,0.001567,0.005229,0.003184, ,0.012367, ,0.009717,0.002741,0.004194, , ,0.003313, ,0.003766,0.004444,0.008059,0.015973, ,0.003255,0.003113,0.004915,0.004429,0.003761,0.001131, ,0.002840,0.005248,0.003339,0.005138,0.003277,0.006648, ,0.005072,0.001909,0.004387,0.002768,0.003352,0.003127,0.003637,0.002639,0.007047,0.002903,0.006329,0.001502,0.006128, ,0.001812,0.003215,0.004274,0.004829,0.003729,0.003178,0.001955,0.003035,0.003025, ,0.006217,0.006268,0.005664,0.004738,0.003617,0.003212,0.005834,0.001246,0.001146, , ,0.001165, ,0.004130,0.002466,0.000910,0.002767,0.002028,0.005990,0.002937,0.002160,0.005198,0.008758,0.004175, ,0.001938,0.001029,0.004754,0.002469,0.002820,0.002611,0.003157,0.004606, ,0.004369,0.001660,0.002998,0.002668,0.003673,0.006459,0.003552,0.002965,0.005264, , , ,0.005210,0.001858,0.003042,0.003477,0.008230, , ,0.003695, ,0.001108,0.021892,0.002786,0.008397,0.010964,0.001029,0.006589,0.002687,0.010159,0.004792,0.005835,0.010046,0.003988, ,0.006590, , ,0.005397,0.003688,0.002498, ,0.003892, ,0.000833, ,0.007221,0.001369, , ,0.003427,0.002596,0.006562,0.006723,0.000686,0.004343, 
    Median/Mean ISI within Burst,0.697821,0.703033,0.715540,0.745115,0.740212,0.715842,0.728001,0.720813,0.670474,0.736493,0.756047,0.787257,0.950081,0.708259,0.718546,0.750783, , , , , , , , , , , , , ,0.804076, , ,0.751426,0.846700,0.822622, ,0.782721,0.888672,0.828401,0.889191,0.813048,0.783647,0.738111,0.669709,0.711526, ,0.761191,0.850160,0.747080,0.770921,0.725823,0.697822,0.761654,0.718800,0.722045,0.694472,0.806068,0.770478,0.723776,0.706523,0.685318,0.754178,0.698539,0.742345,0.886436,0.702984,0.518000, ,0.772596,0.761089, ,0.745555,0.811728,0.663118, , ,0.913490,0.802316,0.815688,0.777533, ,0.794094,0.700545, ,0.827812, , , ,0.830988, ,0.921147, ,0.749662,0.767834, , , , ,0.640533,0.705727, ,0.751496,0.873127,0.858499,0.681353,0.729263,0.751894, ,0.745686,0.877456,0.831704,0.704838,0.755090,0.759454,0.700270,0.866767,0.697767,0.729636, ,0.704583,0.811164,0.761205,0.716354,0.708281,0.853031,0.725919,0.721609, ,0.752444, , ,0.776726,0.878698, ,0.749195, ,0.400729,0.734800, , ,0.838785,0.735646,0.839932,0.850235,0.958404, ,0.801824,0.891304,0.860235,0.801224,0.845659,0.739421, , ,0.878500, , , ,0.940568, ,0.765394,0.639375,0.857859, ,0.784037,0.759740,0.749099, ,0.779798,0.853464,0.738724,0.942868, ,0.665672,0.858736,0.774032,0.832447,0.644736, ,0.643517,0.643096,0.766616, ,0.778228, ,0.681779,0.704373, ,0.657422,0.672242,0.754579, ,0.741106, , , , , ,0.691217, , , , , ,0.843683, , ,0.788143, ,0.963855, , , , , , , , , , , , , , ,0.988303,0.785716, , ,0.942013, , , ,0.805687,0.887108, ,0.741023, ,0.840688, , ,0.669740,0.941521,0.733216,0.738095, ,0.676031,0.691616, , ,0.821618,0.708928, ,0.720024,0.775186, ,0.937265,0.775748,0.786685,0.723223,0.799518,0.756261,0.764133,0.849714,0.719766,0.656174,0.766116,0.720361, ,0.891871,0.754457,0.703969, ,0.815052, , ,0.755700,0.917788,0.885503, , ,0.822369, ,0.823962, ,0.804617,0.926578, ,0.950355,0.790840,0.805749, ,0.881773, ,0.825414,0.837481, ,0.772323,0.710290,0.848666, ,0.865795,0.772768, , ,0.730130,0.779905,0.797525,0.846853, ,0.782198,0.773270,0.798756,0.996869,0.742767,0.762160,0.925072,0.785917, ,0.771396,0.886489, ,0.739341,0.848838,0.791926, ,1.018180,1.152439, , ,0.891152,0.949582,0.925267,0.918680,0.679855,0.825552,0.928234, ,0.868211, , , , ,0.960769, ,0.790754,0.993635, , , , , ,0.896858,0.766226,0.802735,0.795387,0.772510,0.809380, ,0.748172, ,0.795967,0.886687, ,0.748707,0.799834,0.873523,0.941306,0.855359,0.794504,0.779402, ,0.804532,0.752512,0.687733,0.781630,0.809104,0.815107,0.795010,0.785315,0.845555,0.771481,0.756508,0.802506,0.843569, ,0.811560, , ,0.735045, ,0.761154,0.818693,0.621565, , , ,0.785656, , ,0.751776,0.670639,0.773841, ,0.601313,0.849238,0.789871,0.814857,0.747270,1.007540,0.780425, ,0.782978, , , , , ,0.567532,0.775231,0.892519,0.574738, , , ,0.716826,0.461117, , ,0.507830,0.628043,0.648641, , , , , ,0.825601,0.854153, , ,0.692333, , , , ,0.786362, , ,0.735120,0.753095,0.821345, ,0.919886,0.825275,0.766214, ,0.779745, ,0.720458,0.832455,0.715465,0.708645,0.726656,0.817723, ,0.771725, ,0.790914,0.794454,0.870873, , ,0.880540, , , ,0.857306, , , ,0.741839, ,0.843057, ,0.899639,0.887247,0.780839, , ,0.766775, ,0.897923, ,0.802545,0.842590,0.801695,0.698425,0.759283,0.693163,0.769460,0.741320,0.775719,0.651822,0.606200, ,0.825778, ,0.767234,0.669334,0.796071,0.685659,0.659473,0.665751,0.882719,0.931807,0.634587,0.762884, ,0.969053,0.761744,0.785877,0.778411, ,0.744376,0.751989,0.672064,0.627877,0.912909,0.722030,0.794170, ,0.887062, ,0.795935,0.872247, ,0.797948,0.747694,0.847032,0.774480,0.715062,0.688780,0.780416,0.641832,0.778789,0.785416,0.730684,0.713493,0.981505, ,0.771601,0.794659,0.805806,0.287293,0.847533,0.596347,0.797126,0.802926,0.716426,0.785376,0.821788,0.726848,0.722439, ,0.824590,0.784302,0.768604, , , , , ,0.778843,0.831772, , , ,0.862566,0.782859, ,0.863745,0.784111, , , ,0.686781, ,0.722087, ,0.894891,0.857082, ,0.629502,0.653087,0.728426,0.664940,0.801614,0.693159,0.726053,0.762550,0.725717,0.776375,0.970451,0.751642,0.738048,0.865103,0.720172,0.755197,0.656412,0.909071,0.677454,1.011696,0.625453,0.778448,0.726708,0.781222,0.783652, ,0.664482,0.764359,0.722980,0.682643,0.771956,0.709377, ,0.699189, ,0.786968,0.734999,0.671468, , ,0.717426, ,0.735358,0.802756,0.796129,0.849694, ,0.676750,0.726164,0.679590,0.652530,0.475588,0.738481, ,0.702891,0.783464,0.846731,0.757756,0.897213,0.733715,0.965193,0.831423,0.691395,0.877026,0.748866,0.845094,0.754907,0.784619,0.742460,0.792626,0.794733,0.943425,0.685329,0.750645, ,0.683693,0.702910,0.795903,0.783240,0.797561,0.670275,0.692027,0.710628,0.680119, ,0.806217,0.813645,0.924648,0.673034,0.673037,0.649814,0.691242,0.630149,0.515265, , ,0.670750, ,0.849709,0.862715,0.725552,0.685703,0.650967,0.768943,0.716205,0.642166,0.736973,0.661964,0.699066, ,0.592022,0.633630,0.868176,0.693698,0.695807,0.804258,0.794350,0.772244, ,0.805000,0.709280,0.796112,0.840599,0.770719,0.853272,0.765602,0.908264,0.782342, , , ,0.801469,0.737692,0.822282,0.734210,0.774997, , ,0.724914, ,0.674415,0.916075,0.703340,0.517233,0.775298,0.677415,0.739801,0.681887,0.500812,0.780832,0.803326,0.808262,0.796294, ,0.413677, , ,0.737193,0.870097,0.613678, ,0.767304, ,0.742699, ,0.755483,0.696136, , ,0.900233,0.759794,0.846679,0.749387,0.829751,0.702291, 
    Inter-Burst Interval - Avg (sec),6.425842,9.845105,10.704667,8.926615,6.334931,5.378327,7.352702,8.297908,8.669897,11.796890,11.389465,39.622240,374.898640,23.691243,9.368865,7.361110, , , , , , , , , , , , , ,26.967553, , ,8.927150,27.740621,85.978624, ,12.460888,40.122937,22.406483,40.866593,34.817609,59.306684,10.871862,140.574140,11.076495, ,12.582063,52.962196,12.786004,14.713134,18.567381,9.029574,26.530758,8.256750,7.408679,7.135148,9.992266,7.911976,8.439298,6.838233,9.358566,69.207990,6.326408,21.639726,111.818192,9.484713,455.638320, ,11.634897,47.160604, ,103.752800,373.670560,8.333806, , ,67.910360,14.228238,33.432889,12.648782, ,28.483168,8.481451, ,26.568352, , , ,18.592475, ,63.687420, ,114.182160,27.693536, , , , ,8.552404,8.564475, ,29.362428,77.512686,36.169600,12.029641,12.813073,19.410328, ,63.337027,29.121980,9.066962,6.933689,6.731624,9.255544,8.137698,20.423763,6.750618,13.163413, ,6.750512,32.655973,54.922520,7.714911,6.681867,17.423504,8.366993,22.896282, ,4.251584, , ,4.652924,5.372468, ,2.811212, , ,8.953902, , ,5.850754,5.323910,3.788628,111.093067,7.542673, ,69.620880, ,5.412098,2.927998, ,3.194199, , ,6.894750, , , ,9.513787, ,3.491696,3.664099,57.314720, ,16.704462,3.554497,12.731083, ,18.587480,8.953247,3.491864,14.380554, ,3.512266, ,120.351067,9.392467,4.026669, ,5.156794,4.480673,152.774320, ,5.156829, ,8.944699,4.054101, ,159.655200,4.109811,6.576946, ,82.096560, , , , , ,52.711000, , , , , ,178.205680, , ,18.255509, , , , , , , , , , , , , , , , ,71.920040,55.685147, , ,18.225433, , , ,4.740362,29.754203, ,3.107685, ,4.435607, , ,6.114758,13.553380,5.737016,5.737038, ,34.523360,9.424828, , ,5.737040,14.097648, ,5.737016,15.333736, ,33.703051,11.234312,8.769057,10.491461,22.499350,8.275334,7.940320,27.224160,7.253369,19.578646,11.750501,7.730196, ,25.986316,6.601180,16.334539, ,23.140197, , ,47.325389, ,42.626240, , ,31.828891, ,21.014474, ,19.730623,22.835120, ,129.197307,16.279473,19.996382, , , ,15.649370,80.321600, ,30.027747,10.714239,29.300380, ,8.928807,12.026826, , ,7.618392,7.246300,7.159538,11.651164, ,9.584160,24.313833,6.459198,183.061520,6.321140,47.495888,26.352522,7.074373, ,43.690785,12.853803, ,5.487557,8.091859,7.294445, ,46.868900, , , ,133.225280,81.639088, ,34.976800,5.112230,22.436409,26.849629, ,10.103985, , , , ,13.457931, ,54.048672, , , , , , ,56.062640,12.374080,17.344747,8.308161,12.646214,13.847156, ,12.332292, ,45.112107,26.604624, ,10.975805,9.859916,15.308638,70.003554,74.353074,13.253215,10.602655, ,11.268825,10.653802,8.026947,8.273200,35.186365,12.149327,11.663357,10.226702,11.901249,10.050533,11.268695,9.931532,11.719410, ,27.496998, , ,16.533282, ,10.811990,20.668080,5.877263, , , ,290.777120, , ,35.148460,4.808721,13.073573, ,34.330035,24.981298,22.899650,61.465630,20.215070,153.447840,127.379440, ,34.482419, , , , , ,14.140996,19.274160,67.904580, , , , ,11.643305,245.032080, , , ,324.253280,11.135786, , , , , ,401.150720,34.751860, , ,20.623991, , , , ,49.925330, , ,8.495907,61.147280,11.013523, ,88.643253,29.034947,11.013507, ,20.774127, ,16.073429,24.744021,14.867716,10.619817,10.433582,31.300674, ,19.356656, ,42.455860,19.351627,59.021246, , ,30.556771, , , ,22.328105, , , ,21.113317, ,90.611027, ,29.976947,31.043736,42.555013, , ,12.468071, ,47.496815, ,34.831413,36.244645,32.982925,5.276141,6.795971,8.859322,6.875016,8.995103,8.005474,8.120612,5.462228, ,9.276949, ,9.425270,5.128781,12.784969,7.838222,4.221453,9.475790,49.045058,127.842213,11.769182,13.424750, ,97.795840,9.322939,16.236871,98.312120, ,10.264132,188.389573,13.446716,70.679860,26.862284,38.092857,42.896898, ,15.463583, ,15.487200,19.393374, ,90.238160,7.334087,127.955360,20.758127,6.365078,8.155777,10.214614,39.476977,11.595557,17.945555,14.140798,9.663215,426.282000, ,45.878227,39.874640,17.207313, ,32.211369,93.483712,16.493715,10.540346,7.761259,12.602390,25.335082,64.773253,45.789520, ,26.171714,9.660033,15.019065, , , , , ,22.078190,47.787187, , , ,45.374673,20.860491, ,68.062590,13.583576, , , ,167.121733, ,15.201191, ,15.773409,62.489493, ,9.939063,8.519527,10.649023,9.035657,17.898080,13.553447,11.468109,17.539005,11.358063,11.926706,139.690680,269.446080,10.647133,144.494507,11.926619,11.467862,6.024687,128.227467,5.903967, ,5.416639,18.965644, ,29.160395,8.595841, ,5.703421,16.397938,35.634590,5.815420,25.666591,6.972382, ,74.190200, ,51.957989,12.357250,7.231089, , ,8.922325, ,21.773144,14.695050,34.580649,150.059040, ,15.509547,7.929096,21.817689,21.640460,157.419920,318.104960, ,10.964924,42.351216,46.911331,62.300834,45.909324,48.487760, ,42.996153,10.167558,61.649109,8.797232,24.560120,9.455905,17.897205,9.607815,32.488547,14.529703,71.740600,6.205293,13.599671, ,8.302407,15.113372,23.392266,38.986357,14.263116,10.277697,10.590501,10.851917,9.931102, ,21.650257,21.031384,49.751056,23.966509,11.958243,9.894906,18.932325,6.218717,7.643713, , ,4.433886, ,205.091040,24.413324,45.284360,8.424272,7.560622,20.334083,10.167230,6.273409,17.867295,29.484480,15.518851, ,7.103583,3.561399,27.734088,9.649729,13.868930,10.477501,12.527539,15.094304, ,19.127258,7.451099,12.013001,12.155857,10.512206,21.788511,14.716378,73.125400,41.763287, , , ,33.064428,6.476768,14.650022,46.839580,27.243172, , ,11.056444, ,5.475707,177.062800,6.594876,28.404048,68.061430,5.510967,272.368680,13.607120,181.599360,29.428404,136.186320,125.943120,9.719102, ,356.397600, , ,41.367840,21.789920,20.428929, ,10.143443, ,9.670828, ,52.835432,8.058792, , ,49.813982,38.269920,298.201040,97.359260,149.104760,37.349541, 
    Inter-Burst Interval - Std (sec),3.324781,5.762166,6.303039,5.389167,3.259293,3.006396,4.036708,4.625278,5.544230,5.817756,6.604498,33.032290, ,17.916041,5.882539,4.248868, , , , , , , , , , , , , ,19.835578, , ,6.506816,18.419185,24.432874, ,9.560298,31.301261,16.066146,42.564050,31.932343,53.617887,8.690879,84.129205,8.528307, ,10.826995,58.325510,9.502807,9.407309,13.681575,6.369105,17.976030,5.987896,4.435149,4.547310,6.451835,5.560788,6.036649,4.941933,5.921909,66.962309,4.338406,14.443745,61.505616,11.620947, , ,7.070099,41.098600, ,146.283473, ,5.476556, , ,31.507527,10.517273,26.957028,8.552509, ,38.318679,6.275640, ,11.111305, , , ,13.862553, ,75.149161, , ,34.756785, , , , ,3.804254,5.095596, ,33.155429,33.881062,35.625264,8.265090,9.550708,17.448552, ,45.195259,22.635260,4.740180,2.829937,4.205339,7.234907,4.970490,16.452156,4.783406,8.621521, ,4.253417,25.148088,41.146007,4.433924,3.694092,11.389889,5.188721,17.132753, ,3.237639, , ,3.308231,3.832552, ,1.778729, , ,6.609468, , ,4.038838,3.745574,2.119210,90.264610,5.394432, ,81.788675, ,3.435188,1.062329, ,1.121555, , ,5.388211, , , ,8.853776, ,1.227422,1.787386,88.327994, ,13.411412,1.375419,20.300804, ,16.832849,10.503514,1.227654,8.297436, ,1.237157, ,90.634321,7.812036,1.317886, ,2.882308,1.668966,157.208844, ,2.461713, ,6.201471,1.343390, ,135.971090,1.420374,7.110419, , , , , , , ,42.037498, , , , , ,27.588931, , ,19.720441, , , , , , , , , , , , , , , , ,96.233556,49.601932, , ,17.194497, , , ,3.131419,30.889624, ,1.001415, ,2.207240, , ,2.388666,10.046551,2.170281,2.170525, ,39.588534,6.176631, , ,2.172497,9.556907, ,2.170889,23.061733, ,33.052971,5.605741,4.032757,4.612186,14.596840,4.330093,4.313423,16.017658,3.044094,30.008710,4.826752,3.238783, ,15.249412,3.162396,9.628450, ,11.630445, , ,37.547605, ,26.625378, , ,25.178831, ,17.904739, ,19.307346,9.846373, ,103.999640,14.052406,13.770429, , , ,11.095424,67.342597, ,18.412691,7.186708,20.017134, ,7.541019,9.432824, , ,3.738318,3.706100,3.552117,8.190447, ,5.484240,25.819366,3.420449, ,3.223999,39.249593,19.663879,3.671211, ,17.952636,7.686418, ,3.073237,5.159760,4.141269, ,24.013818, , , ,124.347273,18.545614, ,6.738784,2.518924,21.900322,21.673087, ,6.533130, , , , ,14.765275, ,56.658472, , , , , , ,40.200461,7.778927,13.059230,4.842525,5.787053,7.767611, ,5.487107, ,41.083397,11.147519, ,5.038933,4.611098,10.226028,92.820359,93.890206,9.463986,7.558830, ,9.122359,8.045052,5.612703,6.483144,27.393773,9.435164,9.381870,9.381161,9.511696,8.789086,8.126093,6.725898,9.445578, ,26.420230, , ,12.791299, ,6.772247,15.633147,4.930842, , , , , , ,21.928350,3.124150,9.961562, ,29.425945,20.803266,19.045759,50.366889,15.791783,81.033209,86.533769, ,21.449912, , , , , ,11.296053,12.618228,50.624829, , , , ,7.365228, , , , , ,7.370352, , , , , , ,20.361195, , ,11.926776, , , , ,33.068068, , ,6.103547,65.617640,6.797675, ,102.735803,26.467062,7.762406, ,14.916148, ,12.278703,17.372179,9.326209,7.746050,6.397501,24.153239, ,13.631059, ,51.543706,16.161131,45.555019, , ,16.676786, , , ,16.893300, , , ,13.412315, ,54.554794, ,22.446622,25.097191,36.099254, , ,6.729342, ,37.814622, ,28.085426,26.921887,20.523019,2.983561,4.371298,5.655592,4.056087,5.613200,5.689227,4.852972,3.254484, ,7.302012, ,5.461044,3.260344,12.703684,6.270917,2.281974,7.273368,58.250411,136.364583,9.850138,11.559518, ,51.084669,6.384231,13.147063,148.244494, ,7.327208,8.953914,11.562120,65.397869,19.604602,36.245460,32.809185, ,12.881755, ,1.072087,16.426050, ,50.161723,4.902695,80.082841,19.134705,4.156363,4.750192,6.437146,44.543577,6.961418,10.779544,8.442231,6.105357, , ,48.027445,27.479775,16.264574, ,24.534689,87.232605,14.948147,6.954517,4.781657,7.006859,17.338319,23.561780,34.478554, ,9.530241,7.069740,10.427526, , , , , ,13.149591,32.844286, , , ,36.236558,15.861001, ,35.868239,9.589464, , , ,72.801622, ,13.111763, ,11.113897,46.441533, ,4.974957,4.407706,5.492485,4.424379,12.852911,9.341085,5.994965,9.777748,5.629967,7.154495,60.058199, ,6.068685,109.331449,7.746298,6.138923,3.721783,110.999763,3.095768, ,3.166628,12.880368, ,22.765852,6.299242, ,3.567569,14.072067,26.733188,3.818327,20.749967,5.144561, ,88.234454, ,129.215169,11.558080,5.743191, , ,7.659430, ,16.976626,13.192746,18.247101,99.237868, ,12.134878,5.693457,18.791581,14.090561,187.846494, , ,6.458520,23.858566,35.374798,55.464853,52.567510,40.802857, ,39.553434,5.233329,44.044834,4.807101,17.977119,5.625248,13.586273,6.367418,27.187951,11.405879,87.427870,3.575899,10.357183, ,4.908485,14.386601,19.783437,21.691446,11.634536,6.747460,7.563855,5.329100,4.898221, ,15.879493,14.946834,42.566098,18.018684,7.638587,5.646990,13.863219,3.535620,4.587654, , ,2.910808, , ,24.010760,32.328413,5.633843,5.464923,18.729563,9.457936,3.891964,13.854336,30.440716,11.685908, ,4.752748,2.298860,14.768455,6.157956,9.964527,7.292534,7.225952,9.317848, ,20.349896,4.838904,7.124428,10.019812,5.608145,25.226800,8.993999,76.371274,50.249226, , , ,19.094747,3.898560,10.682545,30.837591,20.731599, , ,7.342815, ,3.663652, ,4.713655,22.880676,68.201342,3.611360,354.794335, ,198.496711,26.056965,148.439179,131.421715,8.401335, , , , ,39.426577,20.940849,18.516433, ,6.165658, ,7.871940, ,40.748551,4.946667, , ,49.045826,32.568207, ,31.161654,159.558758,37.025588, 
    Burst Frequency (Hz),0.153333,0.100000,0.091667,0.111667,0.156667,0.181667,0.133333,0.120000,0.113333,0.083333,0.086667,0.018333,0.003333,0.041667,0.105000,0.136667, , , , , , , , , , , , , ,0.038333, , ,0.113333,0.036667,0.010000, ,0.081667,0.025000,0.045000,0.021667,0.030000,0.016667,0.093333,0.008333,0.091667, ,0.080000,0.020000,0.075000,0.066667,0.051667,0.108333,0.036667,0.118333,0.131667,0.136667,0.100000,0.125000,0.115000,0.143333,0.106667,0.015000,0.155000,0.045000,0.010000,0.100000,0.003333, ,0.086667,0.020000, ,0.010000,0.003333,0.118333, , ,0.008333,0.070000,0.030000,0.076667, ,0.035000,0.118333, ,0.026667, , , ,0.055000, ,0.008333, ,0.003333,0.035000, , , , ,0.115000,0.115000, ,0.030000,0.013333,0.026667,0.083333,0.078333,0.051667, ,0.011667,0.035000,0.110000,0.143333,0.148333,0.108333,0.123333,0.050000,0.148333,0.076667, ,0.148333,0.031667,0.015000,0.130000,0.148333,0.058333,0.120000,0.043333, ,0.233333, , ,0.213333,0.185000, ,0.353333, ,0.001667,0.111667, , ,0.168333,0.186667,0.263333,0.006667,0.130000, ,0.008333,0.001667,0.185000,0.341667,0.001667,0.313333, , ,0.145000, , , ,0.101667, ,0.285000,0.271667,0.011667, ,0.053333,0.280000,0.066667, ,0.045000,0.046667,0.285000,0.066667, ,0.283333,0.001667,0.006667,0.106667,0.248333, ,0.191667,0.223333,0.005000, ,0.191667, ,0.105000,0.246667, ,0.005000,0.243333,0.146667, ,0.003333, , , , , ,0.005000, , , , , ,0.005000, , ,0.025000, ,0.001667, , , , , , , , , , , , , , ,0.005000,0.006667, , ,0.021667, , , ,0.208333,0.026667, ,0.321667, ,0.221667, , ,0.158333,0.070000,0.171667,0.171667, ,0.028333,0.100000, , ,0.171667,0.063333, ,0.171667,0.063333, ,0.013333,0.086667,0.113333,0.095000,0.043333,0.120000,0.121667,0.036667,0.136667,0.046667,0.085000,0.128333, ,0.038333,0.150000,0.060000, ,0.041667, , ,0.020000,0.001667,0.023333, , ,0.025000, ,0.046667, ,0.050000,0.041667, ,0.006667,0.061667,0.046667, ,0.001667, ,0.056667,0.011667, ,0.033333,0.093333,0.035000, ,0.111667,0.083333, , ,0.131667,0.138333,0.140000,0.086667, ,0.105000,0.041667,0.155000,0.003333,0.158333,0.018333,0.030000,0.141667, ,0.020000,0.076667, ,0.183333,0.123333,0.138333, ,0.015000,0.001667, , ,0.005000,0.010000,0.001667,0.005000,0.196667,0.045000,0.038333, ,0.098333, , , , ,0.075000, ,0.018333,0.001667, , , , , ,0.013333,0.080000,0.055000,0.118333,0.078333,0.071667, ,0.076667, ,0.021667,0.010000, ,0.090000,0.100000,0.065000,0.013333,0.013333,0.075000,0.093333, ,0.088333,0.093333,0.123333,0.120000,0.028333,0.081667,0.085000,0.096667,0.083333,0.100000,0.088333,0.100000,0.085000, ,0.033333, , ,0.060000, ,0.091667,0.048333,0.166667, , , ,0.003333, , ,0.028333,0.206667,0.076667, ,0.028333,0.038333,0.041667,0.015000,0.050000,0.006667,0.006667, ,0.030000, , , , , ,0.071667,0.051667,0.015000,0.001667, , , ,0.086667,0.003333, , ,0.001667,0.003333,0.090000, , , , , ,0.003333,0.028333, , ,0.045000, , , , ,0.015000, , ,0.118333,0.008333,0.091667, ,0.011667,0.031667,0.091667, ,0.046667, ,0.063333,0.040000,0.068333,0.095000,0.096667,0.033333, ,0.051667, ,0.008333,0.051667,0.013333, , ,0.033333, , , ,0.045000, , , ,0.045000, ,0.011667, ,0.033333,0.030000,0.021667, , ,0.078333, ,0.020000, ,0.026667,0.026667,0.028333,0.188333,0.145000,0.111667,0.143333,0.110000,0.123333,0.121667,0.180000, ,0.106667, ,0.105000,0.191667,0.073333,0.126667,0.235000,0.105000,0.016667,0.006667,0.081667,0.071667, ,0.010000,0.103333,0.058333,0.008333, ,0.098333,0.006667,0.073333,0.015000,0.038333,0.025000,0.023333, ,0.063333, ,0.005000,0.050000, ,0.008333,0.131667,0.005000,0.046667,0.155000,0.120000,0.095000,0.025000,0.085000,0.055000,0.070000,0.101667,0.003333, ,0.021667,0.025000,0.055000,0.001667,0.031667,0.010000,0.058333,0.093333,0.128333,0.078333,0.033333,0.011667,0.021667, ,0.036667,0.103333,0.066667, , , , , ,0.041667,0.021667, , , ,0.021667,0.048333, ,0.015000,0.073333, , , ,0.006667, ,0.063333, ,0.061667,0.016667, ,0.101667,0.118333,0.095000,0.111667,0.056667,0.075000,0.088333,0.058333,0.088333,0.085000,0.005000,0.003333,0.095000,0.006667,0.085000,0.088333,0.165000,0.006667,0.168333,0.001667,0.183333,0.050000,0.001667,0.030000,0.116667, ,0.175000,0.061667,0.028333,0.171667,0.040000,0.141667, ,0.011667, ,0.013333,0.081667,0.138333, , ,0.111667, ,0.046667,0.068333,0.030000,0.006667, ,0.056667,0.121667,0.045000,0.041667,0.006667,0.003333, ,0.086667,0.018333,0.020000,0.013333,0.016667,0.018333,0.001667,0.021667,0.093333,0.013333,0.113333,0.041667,0.106667,0.053333,0.105000,0.031667,0.070000,0.005000,0.161667,0.073333, ,0.120000,0.066667,0.043333,0.026667,0.070000,0.096667,0.095000,0.091667,0.100000, ,0.041667,0.046667,0.018333,0.038333,0.083333,0.098333,0.051667,0.160000,0.130000, , ,0.223333, ,0.003333,0.038333,0.005000,0.118333,0.131667,0.050000,0.098333,0.158333,0.056667,0.035000,0.065000, ,0.140000,0.280000,0.035000,0.103333,0.068333,0.093333,0.078333,0.066667, ,0.050000,0.133333,0.083333,0.081667,0.095000,0.040000,0.068333,0.008333,0.021667, , , ,0.030000,0.153333,0.068333,0.021667,0.035000, , ,0.090000, ,0.180000,0.003333,0.151667,0.026667,0.015000,0.181667,0.005000,0.003333,0.006667,0.033333,0.008333,0.006667,0.103333, ,0.003333, , ,0.005000,0.043333,0.048333, ,0.098333, ,0.103333, ,0.018333,0.125000, , ,0.016667,0.005000,0.003333,0.008333,0.005000,0.026667, 
    IBI Coefficient of Variation,0.517408,0.585282,0.588812,0.603719,0.514495,0.558983,0.549010,0.557403,0.639481,0.493160,0.579878,0.833681, ,0.756231,0.627882,0.577205, , , , , , , , , , , , , ,0.735535, , ,0.728879,0.663979,0.284174, ,0.767224,0.780134,0.717031,1.041537,0.917132,0.904078,0.799392,0.598469,0.769946, ,0.860510,1.101267,0.743219,0.639382,0.736861,0.705361,0.677554,0.725212,0.598642,0.637311,0.645683,0.702832,0.715302,0.722692,0.632779,0.967552,0.685761,0.667464,0.550050,1.225229, , ,0.607663,0.871460, ,1.409923, ,0.657150, , ,0.463958,0.739183,0.806303,0.676153, ,1.345310,0.739925, ,0.418216, , , ,0.745600, ,1.179969, , ,1.255050, , , , ,0.444817,0.594969, ,1.129179,0.437103,0.984950,0.687060,0.745388,0.898931, ,0.713568,0.777257,0.522797,0.408143,0.624714,0.781684,0.610798,0.805540,0.708588,0.654961, ,0.630088,0.770092,0.749165,0.574721,0.552853,0.653708,0.620142,0.748277, ,0.761514, , ,0.711000,0.713369, ,0.632727, , ,0.738166, , ,0.690311,0.703538,0.559361,0.812513,0.715188, ,1.174772, ,0.634724,0.362818, ,0.351123, , ,0.781495, , , ,0.930626, ,0.351526,0.487811,1.541105, ,0.802864,0.386952,1.594586, ,0.905601,1.173151,0.351575,0.576990, ,0.352239, ,0.753083,0.831734,0.327289, ,0.558934,0.372481,1.029027, ,0.477369, ,0.693312,0.331366, ,0.851655,0.345606,1.081112, , , , , , , ,0.797509, , , , , ,0.154815, , ,1.080246, , , , , , , , , , , , , , , , ,1.338063,0.890757, , ,0.943434, , , ,0.660586,1.038160, ,0.322238, ,0.497618, , ,0.390639,0.741258,0.378294,0.378335, ,1.146717,0.655357, , ,0.378679,0.677908, ,0.378400,1.503987, ,0.980712,0.498984,0.459885,0.439613,0.648767,0.523253,0.543230,0.588362,0.419680,1.532727,0.410770,0.418978, ,0.586825,0.479065,0.589453, ,0.502608, , ,0.793392, ,0.624624, , ,0.791068, ,0.852019, ,0.978547,0.431194, ,0.804968,0.863198,0.688646, , , ,0.709001,0.838412, ,0.613189,0.670762,0.683170, ,0.844572,0.784315, , ,0.490697,0.511447,0.496138,0.702972, ,0.572219,1.061921,0.529547, ,0.510034,0.826379,0.746186,0.518945, ,0.410902,0.597988, ,0.560037,0.637648,0.567729, ,0.512361, , , ,0.933361,0.227166, ,0.192664,0.492725,0.976106,0.807202, ,0.646589, , , , ,1.097143, ,1.048286, , , , , , ,0.717063,0.628647,0.752921,0.582864,0.457611,0.560954, ,0.444938, ,0.910696,0.419007, ,0.459095,0.467661,0.667991,1.325938,1.262762,0.714090,0.712919, ,0.809522,0.755134,0.699233,0.783632,0.778534,0.776600,0.804389,0.917320,0.799218,0.874490,0.721121,0.677227,0.805977, ,0.960841, , ,0.773670, ,0.626365,0.756391,0.838969, , , , , , ,0.623878,0.649684,0.761962, ,0.857149,0.832754,0.831705,0.819432,0.781189,0.528083,0.679339, ,0.622054, , , , , ,0.798816,0.654671,0.745529, , , , ,0.632572, , , , , ,0.661862, , , , , , ,0.585902, , ,0.578296, , , , ,0.662351, , ,0.718410,1.073108,0.617212, ,1.158981,0.911559,0.704808, ,0.718016, ,0.763913,0.702076,0.627279,0.729396,0.613164,0.771652, ,0.704205, ,1.214054,0.835130,0.771841, , ,0.545764, , , ,0.756594, , , ,0.635254, ,0.602077, ,0.748796,0.808446,0.848296, , ,0.539726, ,0.796151, ,0.806325,0.742782,0.622232,0.565482,0.643219,0.638377,0.589975,0.624028,0.710667,0.597612,0.595816, ,0.787114, ,0.579405,0.635696,0.993642,0.800043,0.540566,0.767574,1.187692,1.066663,0.836943,0.861060, ,0.522360,0.684787,0.809704,1.507896, ,0.713865,0.047529,0.859847,0.925269,0.729819,0.951503,0.764838, ,0.833038, ,0.069224,0.846993, ,0.555881,0.668481,0.625865,0.921793,0.652995,0.582433,0.630190,1.128343,0.600352,0.600680,0.597012,0.631814, , ,1.046846,0.689154,0.945213, ,0.761678,0.933132,0.906293,0.659800,0.616093,0.555994,0.684360,0.363758,0.752979, ,0.364143,0.731855,0.694286, , , , , ,0.595592,0.687303, , , ,0.798608,0.760337, ,0.526989,0.705960, , , ,0.435620, ,0.862548, ,0.704597,0.743189, ,0.500546,0.517365,0.515774,0.489658,0.718117,0.689204,0.522751,0.557486,0.495680,0.599872,0.429937, ,0.569983,0.756648,0.649497,0.535315,0.617755,0.865647,0.524354, ,0.584611,0.679142, ,0.780711,0.732824, ,0.625514,0.858161,0.750203,0.656586,0.808443,0.737848, ,1.189301, ,2.486916,0.935328,0.794236, , ,0.858457, ,0.779705,0.897768,0.527668,0.661325, ,0.782413,0.718046,0.861300,0.651121,1.193283, , ,0.589016,0.563350,0.754078,0.890275,1.145029,0.841508, ,0.919930,0.514709,0.714444,0.546433,0.731964,0.594893,0.759128,0.662733,0.836847,0.785004,1.218667,0.576266,0.761576, ,0.591212,0.951912,0.845726,0.556386,0.815708,0.656515,0.714211,0.491075,0.493220, ,0.733455,0.710692,0.855582,0.751828,0.638772,0.570697,0.732251,0.568545,0.600187, , ,0.656491, , ,0.983510,0.713898,0.668763,0.722814,0.921092,0.930237,0.620391,0.775402,1.032432,0.753014, ,0.669063,0.645494,0.532502,0.638148,0.718478,0.696018,0.576805,0.617309, ,1.063921,0.649422,0.593060,0.824279,0.533489,1.157803,0.611156,1.044388,1.203191, , , ,0.577501,0.601930,0.729183,0.658366,0.760983, , ,0.664121, ,0.669074, ,0.714745,0.805543,1.002056,0.655304,1.302625, ,1.093047,0.885436,1.089971,1.043501,0.864415, , , , ,0.953073,0.961034,0.906383, ,0.607847, ,0.813988, ,0.771235,0.613822, , ,0.984580,0.851013, ,0.320069,1.070112,0.991326, 
    Normalized Duration IQR,0.750376,0.586066,0.598112,0.964975,1.077117,0.969962,0.744349,0.571609,0.582791,0.885842,0.785468,0.473959, ,0.653736,0.449551,0.747334, , , , , , , , , , , , , ,0.962501, , ,0.976110,1.193562,0.465149, ,0.776210,0.848717,0.666741,0.000000,0.886365,0.596544,0.918109,0.736994,0.792648, ,0.839453,0.000000,0.427778,0.321349,0.415353,0.529070,0.435521,0.592609,0.610366,0.862507,0.622823,1.011584,1.014528,1.440980,0.423149,0.188583,0.948636,0.458754,0.114426,0.962501, , ,0.446875,0.554141, ,0.499834, ,0.495349, , ,0.385000,0.699675,0.644643,0.511759, ,0.799862,0.846075, ,1.116690, , , ,0.718078, ,0.374402, , ,1.288551, , , , ,0.636229,0.665054, ,1.463452,0.593573,0.195355,0.817811,0.589022,0.971217, ,0.402332,0.441618,0.716365,0.767639,0.794445,1.214807,1.030779,1.132354,1.019349,0.947918, ,1.003007,0.740385,0.860953,0.937706,1.223290,0.883236,0.958813,1.057821, ,0.268797, , ,0.401594,0.255097, ,0.335306, , ,0.333371, , ,0.260786,0.258390,1.328383,0.000000,0.162342, ,0.702591, ,0.415698,0.274698, ,0.167280, , ,0.188441, , , ,0.208022, ,0.147640,0.178368,0.402332, ,0.488341,0.183872,0.242373, ,1.224316,0.211004,0.073258,0.361895, ,0.185921, ,0.103366,0.476214,0.094648, ,0.118378,0.313597, , ,0.287644, ,0.127160,0.109903, , ,0.221362,0.108099, , , , , , , , , , , , , , , , ,0.249917, , , , , , , , , , , , , , , , , ,0.179907, , ,0.446875, , , ,0.225858,0.356144, ,0.115005, ,1.013432, , ,0.186337,0.150526,0.268077,0.185783, ,0.959549,0.301506, , ,0.148693,0.662476, ,0.233879,0.000000, ,0.072181,0.443313,0.664675,0.331457,0.539332,0.539042,4.387701,0.341406,1.625504,0.848594,0.388587,0.451308, ,0.000000,0.570046,1.031960, ,0.277747, , ,0.000000, ,0.372673, , ,0.710938, ,0.156504, ,0.358833,0.134688, ,0.199562,0.298391,1.236240, , , ,0.317778,0.254837, ,0.683433,0.503319,0.697076, ,1.939040,0.313597, , ,0.263606,1.336975,0.114165,1.482877, ,2.374026,1.247509,0.633011, ,0.194596,1.036539,0.197358,0.200200, ,0.616886,0.284052, ,0.400561,0.353586,0.301144, ,0.226676, , , , ,0.000000, , ,0.511909,0.411145,0.535009, ,0.183737, , , , ,0.387584, ,1.200817, , , , , , ,0.000000,2.012737,0.644311,0.603376,0.573442,0.778787, ,0.462143, ,0.741849,0.191616, ,0.388587,0.978632,0.341561,0.397538,0.487817,1.539571,0.163776, ,0.159192,0.500167,0.351969,0.857441,0.468633,0.186198,0.189871,0.442921,0.193243,0.193393,0.571348,0.368015,0.240163, ,1.281145, , ,1.797488, ,0.758334,0.325000,2.162814, , , , , , ,0.496233,0.663794,0.737766, ,0.461078,0.747973,0.888200,0.215733,0.408794,1.135258,0.000000, ,0.806681, , , , , ,0.914657,0.646976,0.548794, , , , ,1.024416, , , , , ,0.782236, , , , , , ,1.064248, , ,1.086327, , , , ,0.886973, , ,0.579820,0.410516,0.562107, ,0.985237,0.731726,0.927477, ,0.563310, ,0.627194,0.482364,0.662038,0.479866,0.577945,0.715682, ,0.595204, ,0.537530,0.338176,0.000000, , ,0.000000, , , ,0.452259, , , ,0.637580, ,0.398065, ,0.438523,1.120652,2.865242, , ,0.737476, ,0.193842, ,0.616886,0.383525,0.479040,0.543010,0.535868,0.772854,0.787611,0.977942,0.795708,0.677923,0.768897, ,0.648130, ,0.652665,0.619870,0.804340,1.111325,0.576282,0.797992,0.110097,0.151667,1.030994,0.481019, ,0.798428,1.064140,0.863783,0.036910, ,0.732951,1.587408,0.700174,1.058034,0.346287,1.821070,1.440980, ,0.336735, , ,0.417954, ,1.150127,0.518761, ,0.569182,1.142347,0.710074,0.444021,1.873131,0.479407,0.483109,0.489343,0.680490, , ,1.261342,1.209913,0.615946, ,0.118490,1.577207,0.590213,0.578900,0.388185,0.769785,0.788328,0.860082,2.787706, ,0.326130,0.984532,0.539914, , , , , ,1.129798,1.164273, , , ,0.640026,0.650001, ,5.945848,0.599545, , , ,0.490206, ,0.640572, ,0.693855,0.535486, ,0.517046,0.491072,0.771425,0.404936,0.280079,0.379550,0.419414,0.311644,0.344065,0.574847, , ,0.520055,0.056914,0.410246,0.382353,0.839766,0.133254,0.514213, ,0.738994,0.582558, ,0.819272,0.648557, ,0.569490,0.688446,0.762294,0.874322,0.885450,1.013980, ,1.592260, ,0.803667,0.674789,1.037991, , ,0.768016, ,0.764654,0.581977,1.583862,0.403991, ,0.681262,1.171584,1.135073,1.763182,0.433577, , ,1.765780,0.717735,0.079520,0.475460,0.262317,1.132924, ,0.600738,1.053856,0.211182,0.465026,0.753010,0.617684,0.634884,0.650846,0.724838,0.522443, ,0.955154,2.596937, ,0.640963,0.618411,0.526399,0.347449,0.706423,0.898027,0.721702,0.452182,0.481765, ,0.348635,0.820301,1.015626,1.291059,0.614237,1.025616,1.260951,0.756551,1.009364, , ,0.737269, , ,0.422312, ,0.387985,0.722571,0.596544,0.556112,0.689184,0.830214,1.046197,1.018030, ,0.855191,0.982775,0.540497,0.655350,0.710266,0.666741,0.577057,0.802406, ,0.460866,0.651693,0.572917,0.464286,0.409709,0.461206,1.080735,0.504537,0.940201, , , ,0.510090,0.695381,0.590213,0.576613,1.408868, , ,0.888988, ,0.848785, ,0.933770,1.177384,0.646641,0.606562, , ,0.506836,0.576946,0.340477,0.000000,0.683433, , , , , ,0.576234,1.121640, ,0.792558, ,0.662915, ,0.744792,0.663794, , ,0.369782, , ,0.376656, ,0.495790, 
    Burst Percentage,53.776091,58.185539,51.823813,50.878256,51.426369,54.602649,57.824143,61.395582,41.901557,39.403167,61.104848,22.274882,21.568627,31.180124,70.792520,55.393836, , , ,0.000000, ,0.000000, , , , , , , ,64.726631, , ,61.273364,25.944171,17.982456, ,45.069124,27.806122,69.970845,30.990415,46.875000,30.434783,36.020011,12.500000,47.935549,0.000000,50.257467,21.635884,38.216893,36.049544,25.561313,42.815126,17.621145,35.754540,44.496388,42.207053,35.442600,43.883555,40.293203,40.099388,52.011193,6.800349,30.293106,19.542773,23.972603,38.456713,14.141414, ,32.926829,18.527919, ,7.458143,12.711864,35.833596, ,0.000000,20.895522,24.609781,25.920680,48.234350,0.000000,43.357664,65.540871, ,30.673759,0.000000, , ,44.577007, ,35.514019,0.000000,1.588878,62.017804,0.000000,0.000000,0.000000,0.000000,48.776908,25.552266, ,19.378698,12.153518,35.256410,38.042849,33.001755,36.206897,0.000000,20.192308,51.097179,55.530303,68.067658,65.139616,51.215067,61.904762,65.668203,53.105373,50.758853,0.000000,54.505420,24.974722,26.351351,47.826087,48.887122,48.451548,42.803457,41.353383,0.000000,38.032394,0.000000, ,46.704575,54.054054, ,42.684495,0.000000,1.955307,36.536082,0.000000, ,32.912096,25.937232,47.105112,5.048544,46.440129,0.000000,3.507565,0.953678,52.680653,84.278210,0.518379,88.699933,0.000000,0.000000,48.698482, ,0.000000,0.000000,34.619883,0.000000,92.289874,84.896347,7.103825,0.000000,44.023324,86.564505,36.353211,0.000000,20.000000,25.239617,75.665226,33.032129,0.000000,72.333119,0.596125,2.194543,50.393701,89.583333,0.000000,81.737850,57.926421,2.857143,0.000000,81.348724,0.000000,52.039801,92.072631,0.000000,3.442623,92.789374,70.873786,0.000000,1.953125,0.000000,0.000000,0.000000,0.000000,0.000000,1.565875,0.000000,0.000000,0.000000, ,0.000000,2.205882,0.000000, ,9.136109, ,1.555556,0.000000, , ,0.000000,0.000000, , ,0.000000, , ,0.000000,0.000000, ,0.000000,3.773585,4.059540,0.000000,0.000000,12.514092,0.000000,0.000000, ,67.161017,10.867802,0.000000,80.979021,0.000000,67.417464, , ,66.609589,49.157303,77.611940,88.344655,0.000000,20.718816,52.870091,0.000000,0.000000,78.728194,41.311475,0.000000,85.349462,46.181818, ,12.774451,24.597172,68.544601,77.586207,64.406780,35.453624,83.873457,14.951768,76.037483,10.000000,52.980877,32.332355,0.000000,55.769231,47.773973,28.516820,0.000000,38.775510, ,0.000000,5.727924,3.597122,20.232558,0.000000,0.000000,14.876033,0.000000,45.258621,0.000000,12.706111,64.396285,0.000000,6.927711,36.257310,28.598665,0.000000,2.857143, ,37.581274,18.811881, ,52.422907,49.698795,54.629630,0.000000,32.303648,56.160458, ,0.000000,68.317972,31.005386,79.306020,20.912353,0.000000,65.934066,14.429175,37.104072,2.489627,71.963470,5.434174,38.253012,71.973408, ,24.119241,70.320405, ,59.039281,48.118932,70.702403,0.000000,7.018868,0.384800, , ,2.399520,8.193277,2.884615,11.594203,56.091954,15.801615,24.277457,0.000000,36.579572,0.000000,0.000000, ,0.000000,39.313245, ,22.602740,3.448276,0.000000,0.000000, ,0.000000,0.000000,12.641084,18.946351,21.900270,29.832239,35.913706,16.229117,0.000000,23.858060,0.000000,6.065017,5.350318,0.000000,39.945946,74.519231,37.631792,23.497268,20.179372,30.230070,16.743444, ,44.352454,32.351136,36.882129,41.992754,44.262295,34.090909,25.846378,35.450028,56.747405,20.441866,17.573321,70.299501,86.494689, ,26.821705, , ,37.367915, ,50.312779,44.502618,46.910402,0.000000,0.000000, ,11.940299, ,0.000000,37.876802,60.060514,33.881579,0.000000,10.755378,23.305785,20.541401,31.410256,27.797834,81.862745,7.456979, ,50.347222,0.000000,0.000000, , , ,28.473804,23.741611,25.806452,2.935010, , ,0.000000,37.723328,3.101362, ,0.000000,4.294479,5.859375,37.888889,0.000000, , ,0.000000,0.000000,14.529915,23.404255, , ,62.727273, ,0.000000,0.000000, ,54.929577,0.000000,0.000000,40.405294,9.788868,35.059264,0.000000,23.741007,18.750000,56.708861, ,35.502959, ,31.190150,17.677903,31.730127,42.014469,60.902256,33.245383, ,62.258544, ,6.621392,86.912065,46.464646, , ,88.636364,0.000000,0.000000, ,32.683380,0.000000,0.000000, ,26.219512, ,6.034483, ,18.382353,32.452276,15.496017, ,0.000000,39.499305,0.000000,60.326087, ,49.116608,22.203390,22.352941,71.751238,73.367427,48.001552,61.904762,52.741228,64.980968,55.781029,73.320994,0.000000,50.729517, ,48.753463,67.010918,44.736842,45.053957,70.094877,21.741245,33.181818,14.723926,35.237173,34.204793,0.000000,11.395349,50.895141,32.391304,7.492355, ,42.947248,5.536332,34.467213,12.308634,60.307692,21.784961,19.471947, ,32.576687,0.000000,8.239700,46.033810, ,13.441654,47.236181,20.000000,21.112205,51.812081,53.079710,51.282051,18.387097,42.455911,43.373494,34.751773,38.487395,2.672606,0.000000,19.979920,13.309353,36.459803,3.129657,19.952494,5.507745,35.846645,43.125840,53.892699,38.899522,54.394299,9.115426,22.444183, ,36.275695,49.070331,63.151927, , , ,0.000000, ,30.204391,30.158730, , , ,32.903226,54.141104,0.000000,55.786350,39.182283,0.000000,0.000000, ,29.565217,0.000000,76.301616,0.000000,80.833333,28.888889, ,46.293053,45.660672,61.164021,61.223022,40.463918,55.555556,49.391727,51.475410,59.259259,59.729272,7.500000,8.900524,51.551957,15.819209,50.204918,52.509908,61.746208,10.833333,50.597738,1.534527,58.817346,23.071429,1.680672,26.754386,53.250774, ,60.741758,35.510580,20.036101,63.087844,29.015544,66.333809,0.000000,32.901554, ,36.587983,61.524823,52.127334,0.000000,0.000000,55.786573, ,52.857143,31.359852,26.760563,15.853659,0.000000,23.577844,49.128440,21.173624,23.024594,10.027473,22.957198,0.000000,57.721382,23.643411,45.934959,21.708185,34.347826,16.065574,15.384615,34.023669,67.117988,45.991561,52.041667,28.440367,56.274510,23.195187,44.354839,17.728238,44.978903,8.695652,56.915106,35.146252,0.000000,63.522388,27.777778,37.603993,19.615912,39.879931,48.319815,48.054245,51.787709,60.863168, ,39.424280,39.375750,43.333333,27.379400,37.469105,45.745921,35.438266,66.405544,55.040556,0.000000,0.000000,59.376522,0.000000,9.489051,9.359484,24.657534,46.414914,48.266667,34.199838,40.273973,51.212938,44.750656,15.203074,32.071576,0.000000,49.062845,60.994671,42.436975,71.932299,61.365854,67.141839,67.477204,46.678477,0.000000,54.294479,74.273021,67.028986,59.195830,39.935588,44.655930,68.005355,12.449799,42.000000,0.000000,0.000000,0.000000,45.811966,49.815078,37.862202,15.229111,22.577928,0.000000, ,41.392650,0.000000,58.195277,7.717042,47.265361,18.641259,15.273312,76.021433,82.500000,42.063492,25.694444,38.612836,55.792683,29.559748,55.878187, ,30.179028,0.000000,0.000000,2.410026,38.540596,31.148748,0.000000,35.510627,0.000000,11.265367,0.000000,17.052980,42.061281,0.000000,0.000000,20.000000,3.230543,1.543550,4.535865,15.306122,15.586690,0.000000
Evoked Metrics
    Number of Trials, , , , , , , , , , , , , , , , , , , , , , , , , , , , , , , , , , , , , , , , , , , , , , , , , , , , , , , , , , , , , , , , , , , , , , , , , , , , , , , , , , , , , , , , , , , , , , , , , , , , , , , , , , , , , , , , , , , , , , , , , , , , , , , , , , , , , , , , , , , , , , , , , , , , , , , , , , , , , , , , , , , , , , , , , , , , , , , , , , , , , , , , , , , , , , , , , , , , , , , , , , , , , , , , , , , , , , , , , , , , , , , , , , , , , , , , , , , , , , , , , , , , , , , , , , , , , , , , , , , , , , , , , , , , , , , , , , , , , , , , , , , , , , , , , , , , , , , , , , , , , , , , , , , , , , , , , , , , , , , , , , , , , , , , , , , , , , , , , , , , , , , , , , , , , , , , , , , , , , , , , , , , , , , , , , , , , , , , , , , , , , , , , , , , , , , , , , , , , , , , , , , , , , , , , , , , , , , , , , , , , , , , , , , , , , , , , , , , , , , , , , , , , , , , , , , , , , , , , , , , , , , , , , , , , , , , , , , , , , , , , , , , , , , , , , , , , , , , , , , , , , , , , , , , , , , , , , , , , , , , , , , , , , , , , , , , , , , , , , , , , , , , , , , , , , , , , , , , , , , , , , , , , , , , , , , , , , , , , , , , , , , , , , , , , , , , , , , , , , , , , , , , , , , , , , , , , , , , , , , , , , , , , , , , , , , , , , , , , , , , , , , , , , , , , , , , , , , , , , , , , , , , , , , , , , , , , , , , , , , , , , , , , , , , , , , , , , , , , , , , , , , , , , , , , , , , , , , , , , , , , , , , , , , , , , , , , , , , , , , , , , , , , , , , , , , , , , , , , , , , , , , , , , , , 
    Evoked Spike Count - Avg, , , , , , , , , , , , , , , , , , , , , , , , , , , , , , , , , , , , , , , , , , , , , , , , , , , , , , , , , , , , , , , , , , , , , , , , , , , , , , , , , , , , , , , , , , , , , , , , , , , , , , , , , , , , , , , , , , , , , , , , , , , , , , , , , , , , , , , , , , , , , , , , , , , , , , , , , , , , , , , , , , , , , , , , , , , , , , , , , , , , , , , , , , , , , , , , , , , , , , , , , , , , , , , , , , , , , , , , , , , , , , , , , , , , , , , , , , , , , , , , , , , , , , , , , , , , , , , , , , , , , , , , , , , , , , , , , , , , , , , , , , , , , , , , , , , , , , , , , , , , , , , , , , , , , , , , , , , , , , , , , , , , , , , , , , , , , , , , , , , , , , , , , , , , , , , , , , , , , , , , , , , , , , , , , , , , , , , , , , , , , , , , , , , , , , , , , , , , , , , , , , , , , , , , , , , , , , , , , , , , , , , , , , , , , , , , , , , , , , , , , , , , , , , , , , , , , , , , , , , , , , , , , , , , , , , , , , , , , , , , , , , , , , , , , , , , , , , , , , , , , , , , , , , , , , , , , , , , , , , , , , , , , , , , , , , , , , , , , , , , , , , , , , , , , , , , , , , , , , , , , , , , , , , , , , , , , , , , , , , , , , , , , , , , , , , , , , , , , , , , , , , , , , , , , , , , , , , , , , , , , , , , , , , , , , , , , , , , , , , , , , , , , , , , , , , , , , , , , , , , , , , , , , , , , , , , , , , , , , , , , , , , , , , , , , , , , , , , , , , , , , , , , , , , , , , , , , , , , , , , , , , , , , , , , , , , , , , , , , , , , , , , , , , , , , , , , , , , , , , , , , , , , , , , 
    Evoked Spike Count - Std, , , , , , , , , , , , , , , , , , , , , , , , , , , , , , , , , , , , , , , , , , , , , , , , , , , , , , , , , , , , , , , , , , , , , , , , , , , , , , , , , , , , , , , , , , , , , , , , , , , , , , , , , , , , , , , , , , , , , , , , , , , , , , , , , , , , , , , , , , , , , , , , , , , , , , , , , , , , , , , , , , , , , , , , , , , , , , , , , , , , , , , , , , , , , , , , , , , , , , , , , , , , , , , , , , , , , , , , , , , , , , , , , , , , , , , , , , , , , , , , , , , , , , , , , , , , , , , , , , , , , , , , , , , , , , , , , , , , , , , , , , , , , , , , , , , , , , , , , , , , , , , , , , , , , , , , , , , , , , , , , , , , , , , , , , , , , , , , , , , , , , , , , , , , , , , , , , , , , , , , , , , , , , , , , , , , , , , , , , , , , , , , , , , , , , , , , , , , , , , , , , , , , , , , , , , , , , , , , , , , , , , , , , , , , , , , , , , , , , , , , , , , , , , , , , , , , , , , , , , , , , , , , , , , , , , , , , , , , , , , , , , , , , , , , , , , , , , , , , , , , , , , , , , , , , , , , , , , , , , , , , , , , , , , , , , , , , , , , , , , , , , , , , , , , , , , , , , , , , , , , , , , , , , , , , , , , , , , , , , , , , , , , , , , , , , , , , , , , , , , , , , , , , , , , , , , , , , , , , , , , , , , , , , , , , , , , , , , , , , , , , , , , , , , , , , , , , , , , , , , , , , , , , , , , , , , , , , , , , , , , , , , , , , , , , , , , , , , , , , , , , , , , , , , , , , , , , , , , , , , , , , , , , , , , , , , , , , , , , , , , , , , , , , , , , , , , , , , , , , , , , , , , , , , 
    Evoked Response Probability, , , , , , , , , , , , , , , , , , , , , , , , , , , , , , , , , , , , , , , , , , , , , , , , , , , , , , , , , , , , , , , , , , , , , , , , , , , , , , , , , , , , , , , , , , , , , , , , , , , , , , , , , , , , , , , , , , , , , , , , , , , , , , , , , , , , , , , , , , , , , , , , , , , , , , , , , , , , , , , , , , , , , , , , , , , , , , , , , , , , , , , , , , , , , , , , , , , , , , , , , , , , , , , , , , , , , , , , , , , , , , , , , , , , , , , , , , , , , , , , , , , , , , , , , , , , , , , , , , , , , , , , , , , , , , , , , , , , , , , , , , , , , , , , , , , , , , , , , , , , , , , , , , , , , , , , , , , , , , , , , , , , , , , , , , , , , , , , , , , , , , , , , , , , , , , , , , , , , , , , , , , , , , , , , , , , , , , , , , , , , , , , , , , , , , , , , , , , , , , , , , , , , , , , , , , , , , , , , , , , , , , , , , , , , , , , , , , , , , , , , , , , , , , , , , , , , , , , , , , , , , , , , , , , , , , , , , , , , , , , , , , , , , , , , , , , , , , , , , , , , , , , , , , , , , , , , , , , , , , , , , , , , , , , , , , , , , , , , , , , , , , , , , , , , , , , , , , , , , , , , , , , , , , , , , , , , , , , , , , , , , , , , , , , , , , , , , , , , , , , , , , , , , , , , , , , , , , , , , , , , , , , , , , , , , , , , , , , , , , , , , , , , , , , , , , , , , , , , , , , , , , , , , , , , , , , , , , , , , , , , , , , , , , , , , , , , , , , , , , , , , , , , , , , , , , , , , , , , , , , , , , , , , , , , , , , , , , , , , , , , , , , , , , , , , , , , , , , , , , , , , , , , , , , 
    Evoked First Spike Latency (ms), , , , , , , , , , , , , , , , , , , , , , , , , , , , , , , , , , , , , , , , , , , , , , , , , , , , , , , , , , , , , , , , , , , , , , , , , , , , , , , , , , , , , , , , , , , , , , , , , , , , , , , , , , , , , , , , , , , , , , , , , , , , , , , , , , , , , , , , , , , , , , , , , , , , , , , , , , , , , , , , , , , , , , , , , , , , , , , , , , , , , , , , , , , , , , , , , , , , , , , , , , , , , , , , , , , , , , , , , , , , , , , , , , , , , , , , , , , , , , , , , , , , , , , , , , , , , , , , , , , , , , , , , , , , , , , , , , , , , , , , , , , , , , , , , , , , , , , , , , , , , , , , , , , , , , , , , , , , , , , , , , , , , , , , , , , , , , , , , , , , , , , , , , , , , , , , , , , , , , , , , , , , , , , , , , , , , , , , , , , , , , , , , , , , , , , , , , , , , , , , , , , , , , , , , , , , , , , , , , , , , , , , , , , , , , , , , , , , , , , , , , , , , , , , , , , , , , , , , , , , , , , , , , , , , , , , , , , , , , , , , , , , , , , , , , , , , , , , , , , , , , , , , , , , , , , , , , , , , , , , , , , , , , , , , , , , , , , , , , , , , , , , , , , , , , , , , , , , , , , , , , , , , , , , , , , , , , , , , , , , , , , , , , , , , , , , , , , , , , , , , , , , , , , , , , , , , , , , , , , , , , , , , , , , , , , , , , , , , , , , , , , , , , , , , , , , , , , , , , , , , , , , , , , , , , , , , , , , , , , , , , , , , , , , , , , , , , , , , , , , , , , , , , , , , , , , , , , , , , , , , , , , , , , , , , , , , , , , , , , , , , , , , , , , , , , , , , , , , , , , , , , , , , , , 
    Evoked Jitter (ms), , , , , , , , , , , , , , , , , , , , , , , , , , , , , , , , , , , , , , , , , , , , , , , , , , , , , , , , , , , , , , , , , , , , , , , , , , , , , , , , , , , , , , , , , , , , , , , , , , , , , , , , , , , , , , , , , , , , , , , , , , , , , , , , , , , , , , , , , , , , , , , , , , , , , , , , , , , , , , , , , , , , , , , , , , , , , , , , , , , , , , , , , , , , , , , , , , , , , , , , , , , , , , , , , , , , , , , , , , , , , , , , , , , , , , , , , , , , , , , , , , , , , , , , , , , , , , , , , , , , , , , , , , , , , , , , , , , , , , , , , , , , , , , , , , , , , , , , , , , , , , , , , , , , , , , , , , , , , , , , , , , , , , , , , , , , , , , , , , , , , , , , , , , , , , , , , , , , , , , , , , , , , , , , , , , , , , , , , , , , , , , , , , , , , , , , , , , , , , , , , , , , , , , , , , , , , , , , , , , , , , , , , , , , , , , , , , , , , , , , , , , , , , , , , , , , , , , , , , , , , , , , , , , , , , , , , , , , , , , , , , , , , , , , , , , , , , , , , , , , , , , , , , , , , , , , , , , , , , , , , , , , , , , , , , , , , , , , , , , , , , , , , , , , , , , , , , , , , , , , , , , , , , , , , , , , , , , , , , , , , , , , , , , , , , , , , , , , , , , , , , , , , , , , , , , , , , , , , , , , , , , , , , , , , , , , , , , , , , , , , , , , , , , , , , , , , , , , , , , , , , , , , , , , , , , , , , , , , , , , , , , , , , , , , , , , , , , , , , , , , , , , , , , , , , , , , , , , , , , , , , , , , , , , , , , , , , , , , , , , , , , , , , , , , , , , , , , , , , , , , , , , , , , , 

