AxIS Spike File,O:\DGK\IRAS\TOX\NTX\Users\Lennart\190919_LvM_256004_1260-17_MEA_rCortex_Acute_male_baseline(000)_Spike Detector (7 x STD)(000).spk
File Type,48-well

Analysis Start,1200.000000
Analysis End,1800.000000
Active Electrode Criterion (spks/min),
Remove Coincident Artifacts,True

Electrode Burst Settings,
    Algorithm,Poisson Surprise,
    Min Surprise,10.000000

Network Burst Settings,
    Algorithm,ISI Threshold,Adaptive,
    Min # of Spikes,40.000000
    Min # of Electrodes (%),15.000000
Synchrony Settings,
    Synchrony Window,20.000000

Evoked Analysis Settings,
    Events,0 to 0
    Peri-stimulus Window Start (ms),0.000000
    Peri-stimulus Window End (ms),100.000000
    Bin Size (ms),1.000000

Well Averages,A1,A2,A3,A4,A5,A6,A7,A8,B1,B2,B3,B4,B5,B6,B7,B8,C1,C2,C3,C4,C5,C6,C7,C8,D1,D2,D3,D4,D5,D6,D7,D8,E1,E2,E3,E4,E5,E6,E7,E8,F1,F2,F3,F4,F5,F6,F7,F8,
Treatment/ID,,,,,,,,,,,,,,,,,,,,,,,,,,,,,,,,,,,,,,,,,,,,,,,,
Activity Metrics
    Number of Spikes,20514.000000,6355.000000,3507.000000,17695.000000,21501.000000,15108.000000,29278.000000,21556.000000,12355.000000,14882.000000,2906.000000,21838.000000,25078.000000,4367.000000,24263.000000,24678.000000,17520.000000,5158.000000,16726.000000,17212.000000,15788.000000,23653.000000,17747.000000,17652.000000,14560.000000,3163.000000,16141.000000,13774.000000,15838.000000,25898.000000,16953.000000,17580.000000,14083.000000,14284.000000,18573.000000,19587.000000,19810.000000,22556.000000,21759.000000,18178.000000,17128.000000,23952.000000,13644.000000,15312.000000,20719.000000,13196.000000,14000.000000,20885.000000
    Mean Firing Rate (Hz),2.136875,0.661979,0.365312,1.843229,2.239688,1.573750,3.049792,2.245417,1.286979,1.550208,0.302708,2.274792,2.612292,0.454896,2.527396,2.570625,1.825000,0.537292,1.742292,1.792917,1.644583,2.463854,1.848646,1.838750,1.516667,0.329479,1.681354,1.434792,1.649792,2.697708,1.765937,1.831250,1.466979,1.487917,1.934687,2.040313,2.063542,2.349583,2.266563,1.893542,1.784167,2.495000,1.421250,1.595000,2.158229,1.374583,1.458333,2.175521
    ISI Coefficient of Variation - Avg,3.630320,1.723405,2.244844,3.668760,3.655039,3.100384,4.733689,3.471336,2.393869,3.380786,2.794037,3.897930,4.175689,2.632492,5.780852,3.015976,2.190852,2.206233,3.660940,3.908946,3.652578,4.824500,3.952121,3.302072,3.091072,1.668957,4.244662,3.682330,3.154522,5.130259,6.625264,3.652568,2.816622,3.271343,4.377967,4.017299,4.044215,5.332500,4.033361,3.532141,3.992916,3.007979,3.270608,3.559823,4.144809,4.045822,3.497548,3.358830
    Number of Active Electrodes,15.000000,10.000000,5.000000,16.000000,16.000000,16.000000,16.000000,16.000000,16.000000,15.000000,5.000000,16.000000,16.000000,6.000000,16.000000,15.000000,16.000000,9.000000,15.000000,16.000000,15.000000,16.000000,16.000000,16.000000,16.000000,6.000000,14.000000,15.000000,16.000000,15.000000,16.000000,16.000000,16.000000,16.000000,15.000000,16.000000,16.000000,15.000000,16.000000,16.000000,14.000000,15.000000,14.000000,14.000000,16.000000,16.000000,16.000000,15.000000
    Weighted Mean Firing Rate (Hz),2.279333,1.033833,1.153000,1.843229,2.239688,1.573750,3.049792,2.245417,1.286979,1.651222,0.938333,2.274792,2.612292,1.192500,2.527396,2.740667,1.825000,0.930741,1.856000,1.792917,1.750667,2.463854,1.848646,1.838750,1.516667,0.872222,1.917500,1.527556,1.649792,2.877444,1.765937,1.831250,1.466979,1.487917,2.063444,2.040312,2.063542,2.503333,2.266563,1.893542,2.030119,2.656444,1.622262,1.822857,2.158229,1.374583,1.458333,2.317556
Electrode Burst Metrics
    Number of Bursts,758.000000,323.000000,155.000000,1004.000000,813.000000,971.000000,1603.000000,1163.000000,599.000000,647.000000,115.000000,1111.000000,1042.000000,199.000000,842.000000,968.000000,794.000000,282.000000,933.000000,840.000000,538.000000,1006.000000,868.000000,953.000000,871.000000,133.000000,703.000000,760.000000,825.000000,816.000000,678.000000,833.000000,628.000000,855.000000,926.000000,965.000000,991.000000,998.000000,846.000000,795.000000,622.000000,1082.000000,632.000000,669.000000,1040.000000,799.000000,787.000000,1091.000000
    Number of Bursting Electrodes,15.000000,8.000000,6.000000,16.000000,16.000000,16.000000,16.000000,16.000000,16.000000,15.000000,6.000000,16.000000,16.000000,6.000000,16.000000,15.000000,16.000000,7.000000,15.000000,16.000000,15.000000,16.000000,16.000000,16.000000,16.000000,5.000000,14.000000,15.000000,16.000000,15.000000,16.000000,16.000000,16.000000,16.000000,15.000000,16.000000,16.000000,15.000000,16.000000,16.000000,15.000000,15.000000,13.000000,14.000000,16.000000,16.000000,16.000000,16.000000
    Burst Duration - Avg (sec),0.217012,0.142010,0.180055,0.098347,0.220326,0.069920,0.081583,0.087473,0.097307,0.107385,0.180570,0.090830,0.105893,0.157931,0.158321,0.080041,0.069413,0.208434,0.063216,0.104044,0.139119,0.108801,0.097905,0.079854,0.077067,0.086018,0.316046,0.074968,0.081716,0.133022,0.116335,0.082400,0.081140,0.079172,0.092878,0.085491,0.086287,0.099484,0.100505,0.110916,0.170408,0.093811,0.110065,0.102536,0.114829,0.081626,0.146653,0.084440
    Burst Duration - Std (sec),0.148578,0.119169,0.134542,0.022573,0.105812,0.019461,0.026130,0.019625,0.026712,0.033508,0.034715,0.020822,0.023000,0.062851,0.050518,0.022461,0.017256,0.104136,0.012001,0.033193,0.041898,0.046977,0.022900,0.020833,0.033585,0.042277,0.252042,0.021328,0.032621,0.045035,0.035147,0.019376,0.028169,0.023231,0.037567,0.032911,0.017625,0.039490,0.035784,0.026921,0.108800,0.017187,0.080402,0.032853,0.031281,0.019109,0.099771,0.023564
    Number of Spikes per Burst - Avg,20.006731,9.006081,10.561752,14.502357,20.155730,12.512791,15.075900,15.309225,11.975343,17.000456,12.067529,17.395268,21.035726,12.227918,25.934393,13.709916,9.904264,11.857266,14.091903,17.628159,21.555148,20.860574,17.940658,13.871858,12.786553,8.721665,20.652329,15.499405,13.433006,27.448705,22.578723,17.000964,14.331657,12.832192,18.454273,18.178546,18.007061,20.827059,20.590472,17.256174,18.114643,15.356201,14.437048,17.822759,17.882245,14.632898,13.301115,14.410789
    Number of Spikes per Burst - Std,12.117477,2.078595,4.270927,5.513555,9.872203,4.349488,4.397006,4.731337,5.479746,6.360166,5.920774,5.931954,4.836585,4.809897,10.180016,4.472204,2.795500,1.749573,3.831394,5.388602,6.924259,8.429040,6.538350,4.169013,4.827474,4.307571,4.891059,6.349293,5.784551,7.083668,8.415352,6.226289,4.748969,4.638142,5.327368,5.591052,4.183628,6.405729,7.716518,4.934555,8.472083,4.091534,6.001081,5.304487,5.579447,4.658195,4.969349,4.817804
    Mean ISI within Burst - Avg (sec),0.010074,0.013957,0.016692,0.007160,0.009937,0.006401,0.006129,0.006938,0.009866,0.007665,0.018787,0.005993,0.005779,0.013962,0.006044,0.006801,0.007735,0.015278,0.005270,0.006350,0.007287,0.005974,0.006617,0.006605,0.007076,0.010880,0.011249,0.006007,0.007202,0.005216,0.006086,0.006526,0.006968,0.006716,0.005237,0.005339,0.005580,0.005396,0.006298,0.006432,0.013474,0.007050,0.009400,0.006898,0.006154,0.006172,0.008950,0.006307
    Mean ISI within Burst - Std (sec),0.004287,0.007511,0.008937,0.001880,0.004522,0.001404,0.001322,0.001542,0.003016,0.002707,0.012925,0.001561,0.001058,0.004474,0.002239,0.001462,0.002952,0.006339,0.001652,0.001336,0.002019,0.001706,0.001964,0.001485,0.002951,0.002322,0.007212,0.002168,0.002079,0.000747,0.002835,0.004299,0.003778,0.002489,0.000836,0.002048,0.001281,0.001196,0.004331,0.001403,0.022538,0.001744,0.008579,0.001754,0.001425,0.001655,0.004285,0.001504
    Median ISI within Burst - Avg (sec),0.006346,0.011263,0.011476,0.005285,0.006879,0.004859,0.004724,0.005205,0.007051,0.006040,0.013745,0.004888,0.004598,0.010716,0.004004,0.005252,0.005369,0.010378,0.004141,0.004982,0.004878,0.004594,0.005143,0.005073,0.005297,0.007919,0.008447,0.005070,0.005983,0.004059,0.004670,0.004986,0.005137,0.005171,0.004193,0.004185,0.004372,0.004305,0.005125,0.004770,0.012871,0.005154,0.006624,0.005423,0.004718,0.004621,0.006062,0.005105
    Median ISI within Burst - Std (sec),0.002262,0.006338,0.004415,0.001474,0.002949,0.001543,0.000954,0.001605,0.002511,0.002597,0.009820,0.001763,0.000917,0.004161,0.000884,0.001269,0.002020,0.003074,0.001229,0.001219,0.001243,0.001240,0.001531,0.001449,0.002484,0.001498,0.004777,0.002098,0.001845,0.000589,0.002104,0.003007,0.002896,0.001796,0.000739,0.001619,0.000983,0.000979,0.003626,0.001051,0.027757,0.001162,0.004226,0.001702,0.001401,0.001372,0.001970,0.001619
    Median/Mean ISI within Burst - Avg,0.696274,0.817709,0.746288,0.764618,0.725324,0.769329,0.774733,0.763769,0.732155,0.782138,0.753949,0.814742,0.800166,0.779360,0.750474,0.790785,0.737441,0.759523,0.797863,0.797525,0.722932,0.789337,0.795842,0.775597,0.767825,0.792474,0.806194,0.838675,0.843202,0.786040,0.806696,0.792155,0.762787,0.798910,0.812424,0.795266,0.797149,0.810634,0.811552,0.768758,0.795113,0.766298,0.768608,0.787037,0.794811,0.774491,0.782083,0.810836
    Median/Mean ISI within Burst - Std,0.111656,0.068264,0.064460,0.049142,0.071657,0.066058,0.024069,0.062800,0.072370,0.065271,0.066068,0.074254,0.031664,0.071408,0.042467,0.045226,0.039468,0.102893,0.028199,0.029451,0.062134,0.030728,0.049014,0.058363,0.078420,0.115106,0.059208,0.049020,0.053407,0.041365,0.015932,0.052146,0.046377,0.035978,0.038727,0.025719,0.031755,0.033680,0.034291,0.028051,0.130567,0.046317,0.077424,0.058474,0.044522,0.051047,0.094562,0.052365
    Inter-Burst Interval - Avg (sec),18.903308,31.420078,45.783241,9.926594,13.646922,14.967030,6.559186,23.619839,19.967567,19.287105,72.037661,10.890180,9.806559,23.366684,11.518090,17.642072,16.918734,21.000898,10.127029,12.464958,17.430341,11.095372,11.332138,11.996249,15.593557,47.353024,17.272856,23.362611,18.467688,10.886234,19.924471,17.705848,26.563202,18.053262,12.311198,10.478991,9.955518,9.511959,11.833990,14.236578,15.618443,8.727595,15.978162,14.377388,9.604313,16.955484,12.333810,9.021461
    Inter-Burst Interval - Std (sec),24.930790,33.709919,62.309825,2.042928,7.660819,16.266574,2.139706,60.193108,13.531307,21.982475,69.737333,11.273810,3.814665,13.210912,2.565112,24.543280,14.917593,14.383840,2.933549,4.732968,5.145938,6.680907,2.587436,6.708484,16.666224,46.253901,13.747590,39.764969,19.945928,0.489802,26.563503,19.273907,37.823746,24.400107,11.572268,3.567907,1.905004,2.892960,2.968908,10.140727,7.590465,2.422059,11.255884,7.387128,2.478861,19.605817,5.844629,3.643814
    Burst Frequency - Avg (Hz),0.084222,0.067292,0.043056,0.104583,0.084687,0.101146,0.166979,0.121146,0.062396,0.071889,0.031944,0.115729,0.108542,0.055278,0.087708,0.107556,0.082708,0.067143,0.103667,0.087500,0.059778,0.104792,0.090417,0.099271,0.090729,0.044333,0.083690,0.084444,0.085938,0.090667,0.070625,0.086771,0.065417,0.089062,0.102889,0.100521,0.103229,0.110889,0.088125,0.082813,0.069111,0.120222,0.081026,0.079643,0.108333,0.083229,0.081979,0.113646
    Burst Frequency - Std (Hz),0.046551,0.060369,0.035985,0.017633,0.024827,0.040399,0.050307,0.045001,0.025283,0.026991,0.034066,0.032728,0.021550,0.045294,0.013525,0.054178,0.034528,0.044114,0.021558,0.025019,0.016641,0.027324,0.014188,0.032346,0.034518,0.038848,0.040726,0.030678,0.037854,0.003873,0.019128,0.034697,0.031555,0.039172,0.025405,0.018951,0.014662,0.020265,0.014843,0.023631,0.028500,0.027681,0.039695,0.026628,0.019235,0.024339,0.037383,0.043124
    IBI Coefficient of Variation - Avg,0.588490,0.795710,0.642566,0.608282,0.418278,0.449534,0.821491,0.466562,0.727584,0.597085,0.740669,0.373728,0.519003,0.658918,0.689339,0.591989,0.537931,0.754168,0.505899,0.524873,0.508138,0.571932,0.429750,0.466786,0.499485,0.837747,0.725895,0.317158,0.517825,0.283662,1.099954,0.511465,0.504472,0.705993,0.536341,0.368381,0.483637,0.707063,0.264633,0.678421,0.478034,0.543877,0.542723,0.561569,0.514642,0.626976,0.646371,0.587370
    IBI Coefficient of Variation - Std,0.089359,0.176562,0.115309,0.033207,0.114356,0.166101,0.181222,0.180801,0.132908,0.124491,0.155735,0.107269,0.148457,0.080358,0.068354,0.102293,0.162794,0.216570,0.072377,0.114352,0.075935,0.102635,0.107850,0.183488,0.144646,0.399478,0.106998,0.211198,0.161407,0.045839,0.033020,0.227403,0.079908,0.194312,0.207273,0.090292,0.157198,0.049848,0.179377,0.088372,0.075551,0.083137,0.174804,0.042709,0.186220,0.103219,0.091386,0.192343
    Burst Percentage - Avg,71.964636,21.880293,28.937139,85.678184,77.995932,81.000403,84.974324,83.415442,60.101202,72.720907,36.751368,88.734515,89.747805,32.276538,92.348129,67.694460,55.138813,29.408437,83.915816,89.630905,71.057921,91.667819,90.142336,82.622607,78.040012,24.363837,73.699211,80.686507,79.836837,84.681115,91.349852,83.010858,70.804494,79.627272,86.847441,91.423951,91.670876,88.592416,90.667447,78.222326,74.806350,69.024405,63.112325,81.522963,91.322289,89.486833,74.617693,79.051826
    Burst Percentage - Std,25.952896,26.115878,28.251909,14.145834,19.647164,23.968073,9.931389,22.022366,19.675749,25.395897,35.939793,22.270948,8.309477,35.917284,4.884578,30.426541,23.036725,35.201837,28.523247,7.905964,22.228927,13.221719,6.989231,19.314832,21.432516,29.208893,31.810390,33.971851,20.854483,28.511499,19.445437,18.851251,24.684323,23.706117,27.741570,9.953664,6.184029,24.376728,16.157381,15.691682,32.289604,21.553057,37.921960,12.445675,9.240431,18.671853,29.599331,23.888851
Network Burst Metrics
    Number of Network Bursts,92.000000,44.000000,25.000000,76.000000,66.000000,89.000000,145.000000,101.000000,79.000000,68.000000,23.000000,82.000000,79.000000,32.000000,58.000000,104.000000,97.000000,59.000000,71.000000,69.000000,71.000000,70.000000,67.000000,83.000000,77.000000,15.000000,75.000000,60.000000,76.000000,54.000000,48.000000,75.000000,57.000000,76.000000,68.000000,66.000000,73.000000,75.000000,58.000000,86.000000,53.000000,125.000000,71.000000,71.000000,71.000000,58.000000,70.000000,101.000000
    Network Burst Frequency,0.153333,0.073333,0.041667,0.126667,0.110000,0.148333,0.241667,0.168333,0.131667,0.113333,0.038333,0.136667,0.131667,0.053333,0.096667,0.173333,0.161667,0.098333,0.118333,0.115000,0.118333,0.116667,0.111667,0.138333,0.128333,0.025000,0.125000,0.100000,0.126667,0.090000,0.080000,0.125000,0.095000,0.126667,0.113333,0.110000,0.121667,0.125000,0.096667,0.143333,0.088333,0.208333,0.118333,0.118333,0.118333,0.096667,0.116667,0.168333
    Network Burst Duration - Avg (sec),0.500738,0.179015,0.377229,0.244385,0.601364,0.119288,0.233348,0.154152,0.248659,0.268951,0.435377,0.244943,0.353158,0.345263,0.334057,0.211917,0.192961,0.218944,0.113617,0.223830,0.269650,0.333498,0.383584,0.164389,0.457208,0.335493,0.270075,0.343875,0.231158,0.418231,0.236320,0.304128,0.199857,0.181811,0.391191,0.371566,0.515237,0.330816,0.278324,0.228243,0.466350,0.355654,0.239864,0.391665,0.316664,0.181574,0.457137,0.169293
    Network Burst Duration - Std (sec),0.733154,0.312051,0.309572,0.176806,0.383500,0.086607,0.137203,0.062741,0.199617,0.233437,0.348467,0.146386,0.257152,0.327158,0.343901,0.068755,0.091915,0.277144,0.032084,0.321754,0.255010,0.308974,0.189847,0.083466,0.228618,0.226753,0.517931,0.200322,0.136837,0.318907,0.294672,0.184632,0.112148,0.169376,0.336340,0.346556,0.247351,0.343074,0.059558,0.245552,0.495491,0.150115,0.098522,0.198125,0.378927,0.087340,0.663858,0.169347
    Number of Spikes per Network Burst - Avg,221.597826,65.295455,63.320000,215.473684,290.803030,168.314607,200.075862,212.643564,134.632911,201.823529,69.521739,265.121951,307.151899,79.125000,410.793103,167.230769,116.432990,68.389831,200.957746,247.000000,204.492958,337.457143,259.716418,189.060241,179.090909,55.600000,213.413333,228.950000,184.342105,431.425926,352.520833,231.253333,187.614035,177.565789,272.705882,288.393939,268.013699,300.440000,327.224138,194.139535,265.339623,168.984000,164.295775,201.323944,285.436620,223.724138,192.642857,190.287129
    Number of Spikes per Network Burst - Std,225.307510,42.190917,49.773420,87.349944,174.531656,79.518808,75.919739,91.765090,78.948081,133.778826,36.978949,104.640170,172.470666,62.310746,269.297641,75.279058,51.591526,52.191629,58.488933,179.297157,179.443176,113.809233,103.673848,77.168070,68.563874,17.406074,303.268817,45.609033,75.766053,152.142014,109.594221,111.009994,93.269723,83.443607,109.700006,71.575002,117.080278,99.330902,73.608505,183.072545,189.831397,98.662424,65.827349,114.600271,152.456620,62.260571,132.342007,112.964803
    Mean ISI within Network Burst - Avg (sec),0.001779,0.002418,0.006032,0.001178,0.002604,0.000781,0.001406,0.000852,0.002349,0.001484,0.006183,0.001008,0.001424,0.004242,0.000727,0.001499,0.001929,0.002917,0.000596,0.000969,0.001806,0.000947,0.002126,0.001021,0.002899,0.005838,0.001051,0.001427,0.001404,0.000916,0.000651,0.001487,0.001412,0.001033,0.001399,0.001292,0.002097,0.001359,0.000885,0.001607,0.001678,0.002801,0.001717,0.002641,0.000982,0.000829,0.002107,0.000992
    Mean ISI within Network Burst - Std (sec),0.000915,0.001137,0.001635,0.000749,0.002575,0.000381,0.001038,0.000508,0.001784,0.000751,0.003890,0.000599,0.001088,0.001849,0.000280,0.000746,0.001071,0.001427,0.000159,0.000655,0.001104,0.000554,0.002405,0.000660,0.001804,0.002284,0.000431,0.000655,0.000798,0.000323,0.000548,0.000875,0.001008,0.000469,0.000710,0.001078,0.000991,0.001511,0.000238,0.001038,0.000588,0.001700,0.000874,0.002536,0.000507,0.000301,0.001680,0.000581
    Median ISI within Network Burst - Avg (sec),0.000636,0.001278,0.002384,0.000368,0.000674,0.000366,0.000457,0.000389,0.000709,0.000591,0.002739,0.000305,0.000391,0.001899,0.000272,0.000586,0.000617,0.001475,0.000278,0.000417,0.000708,0.000297,0.000537,0.000453,0.000582,0.002749,0.000474,0.000291,0.000519,0.000272,0.000292,0.000475,0.000564,0.000351,0.000320,0.000289,0.000386,0.000395,0.000265,0.000649,0.000397,0.000612,0.000619,0.000935,0.000291,0.000296,0.000583,0.000405
    Median ISI within Network Burst - Std (sec),0.000262,0.000493,0.000610,0.000181,0.000863,0.000143,0.000248,0.000178,0.000438,0.000364,0.000891,0.000128,0.000341,0.000454,0.000054,0.000378,0.000737,0.000438,0.000073,0.000252,0.000452,0.000092,0.000670,0.000315,0.000774,0.001233,0.000111,0.000054,0.000366,0.000075,0.000165,0.000428,0.000463,0.000127,0.000280,0.000169,0.000479,0.000347,0.000052,0.000497,0.000194,0.000479,0.000356,0.001291,0.000123,0.000073,0.000538,0.000161
    Median/Mean ISI within Network Burst - Avg,0.392427,0.549718,0.417802,0.371236,0.252578,0.491901,0.381908,0.483386,0.340796,0.406585,0.536336,0.345373,0.298987,0.502601,0.415409,0.389359,0.302397,0.556132,0.475711,0.464801,0.403672,0.364463,0.267035,0.451387,0.190418,0.503242,0.484481,0.272547,0.381190,0.314573,0.518856,0.329399,0.390763,0.380191,0.259266,0.310990,0.178411,0.396387,0.310485,0.389020,0.235976,0.230396,0.379978,0.314148,0.350216,0.384385,0.324585,0.452950
    Median/Mean ISI within Network Burst - Std,0.119442,0.120285,0.133447,0.158575,0.111570,0.116560,0.136115,0.102572,0.114863,0.142626,0.205044,0.129897,0.132945,0.166205,0.137617,0.113203,0.135328,0.156628,0.095679,0.130046,0.155106,0.109322,0.103920,0.107051,0.103271,0.163348,0.120459,0.162944,0.130905,0.088966,0.156756,0.157208,0.101819,0.141482,0.137890,0.168320,0.094863,0.140588,0.063542,0.114066,0.057136,0.102069,0.120362,0.162031,0.152499,0.103927,0.146069,0.126319
    Number of Elecs Participating in Burst - Avg,14.293478,10.340909,5.360000,15.921053,15.606061,15.134831,15.634483,15.306931,15.189873,14.352941,6.000000,15.841463,15.632911,6.906250,15.982759,14.288462,15.103093,9.576271,15.028169,15.420290,14.563380,15.785714,15.313433,15.289157,14.974026,5.933333,14.293333,15.333333,14.302632,15.018519,15.791667,14.786667,14.596491,15.210526,14.779412,15.848485,15.712329,14.920000,15.931034,15.139535,14.528302,14.792000,13.323944,13.323944,15.971831,15.793103,15.342857,14.861386
    Number of Elecs Participating in Burst - Std,0.920321,1.180130,0.568624,0.356395,0.990397,1.068038,0.632607,0.845489,1.220298,1.301718,1.243163,0.637695,0.701230,0.777065,0.131306,1.479130,1.245697,1.328772,0.696354,0.829702,1.239036,0.446982,1.405713,0.862924,1.926095,0.798809,0.693080,0.509791,1.818569,0.136083,0.459340,1.142465,1.771396,1.062272,0.483939,0.472063,0.754237,0.955213,0.316897,1.257100,0.972779,1.166024,1.216255,1.537852,0.166633,0.449507,0.915023,0.721522
    Number of Spikes per Network Burst per Channel - Avg,15.324540,6.243211,11.791619,13.499060,18.414943,10.895787,12.691797,13.718535,8.657113,13.498930,11.785041,16.655880,19.444128,11.399665,25.688218,11.525413,7.537413,7.085331,13.291650,15.752369,13.314667,21.336888,16.542818,12.225570,11.659680,9.438730,14.534845,14.910804,12.637170,28.728781,22.217671,15.388195,12.342554,11.540441,18.441334,18.175884,16.874681,19.914478,20.522465,12.376785,17.895647,11.169447,12.104608,14.643536,17.892136,14.131876,12.456849,12.641791
    Number of Spikes per Network Burst per Channel - Std,15.394045,3.425902,8.493857,5.430758,11.005020,4.745280,4.580306,5.559292,4.810358,8.156811,5.476107,6.497297,10.661486,8.563363,16.820033,4.698590,3.046113,4.779204,3.612610,11.022096,11.037296,7.132911,6.077226,4.699439,3.841567,2.822679,19.654612,2.850484,4.577176,10.146666,6.689820,6.984266,5.505683,5.279528,7.300554,4.375730,7.153157,5.967751,4.526562,11.294791,12.043013,6.248398,4.185036,7.872836,9.637694,3.789103,8.222363,7.253334
    Network Burst Percentage,99.380911,45.208497,45.138295,92.545917,89.265616,99.152767,99.088052,99.633513,86.086605,92.218788,55.024088,99.551241,96.758115,57.980307,98.198904,70.475727,64.463470,78.227995,85.304317,99.018127,91.962250,99.868938,98.050375,88.896442,94.711538,26.367373,99.163621,99.731378,88.458139,89.956753,99.811243,98.657565,75.935525,94.476337,99.843859,97.176699,98.763251,99.898032,87.223678,91.847288,82.105325,88.188878,85.495456,93.351620,97.813601,98.332828,96.321429,92.022983
    Network IBI Coefficient of Variation,0.490837,0.823596,0.698688,0.604702,0.401922,0.325293,1.034548,0.234927,0.436073,0.614812,0.645937,0.273772,0.316850,0.531046,0.731764,0.391492,0.437026,0.648662,0.442001,0.392701,0.655287,0.518751,0.379329,0.291246,0.473914,0.701128,0.642225,0.195273,0.357521,0.228358,1.080649,0.289844,0.512933,0.512254,0.418970,0.340838,0.293077,0.744667,0.152705,0.590056,0.415418,0.478035,0.381540,0.476731,0.407312,0.590809,0.600895,0.375625
    Network Normalized Duration IQR,1.952115,0.407043,0.350982,0.696049,0.487738,0.293951,0.606912,0.437500,0.582655,0.780812,0.822515,0.491739,0.794025,0.525535,0.594962,0.299522,0.369412,0.558906,0.189154,0.473446,0.782032,0.658091,0.554426,0.297563,0.462399,0.976586,0.668225,1.217839,0.613609,0.385411,0.421889,0.946939,0.456661,0.796053,0.775507,1.182471,0.522677,1.504846,0.210059,0.905678,0.277987,0.443601,0.482093,0.833593,1.020180,0.349919,1.350001,0.298094
Synchrony Metrics
    Area Under Normalized Cross-Correlation,0.496193,0.335101,0.147688,0.780564,0.689769,0.791317,0.815234,0.724158,0.645504,0.610432,0.109864,0.747159,0.773714,0.179605,0.791592,0.593174,0.683977,0.269846,0.754893,0.732147,0.629761,0.755484,0.751687,0.731068,0.761997,0.103825,0.549890,0.743605,0.566544,0.735484,0.751935,0.722245,0.670559,0.708163,0.795157,0.837051,0.804752,0.741162,0.730369,0.724248,0.591323,0.690540,0.518213,0.624870,0.751690,0.807287,0.756764,0.695338
    Area Under Cross-Correlation,5.718681,0.757333,0.167264,9.037792,8.594653,8.214208,17.023750,12.789694,4.191458,7.437611,0.128389,14.591694,18.568625,0.329903,18.065264,8.222681,5.043417,0.539444,9.785153,11.251542,8.765583,16.928639,11.395778,9.215569,7.629903,0.111847,5.546792,8.669528,7.075056,18.680292,13.258667,11.641292,6.739333,7.517972,13.406472,14.811444,14.757486,16.779319,14.534194,9.964792,7.336153,10.956014,5.036556,7.481278,13.171972,8.444111,6.328264,10.846167
    Full Width at Half Height of Normalized Cross-Correlation,13.000000,11.000000,8.000000,13.000000,20.000000,14.000000,9.000000,14.000000,11.000000,23.000000,11.000000,18.000000,19.000000,11.000000,20.000000,30.000000,16.000000,13.000000,18.000000,28.000000,23.000000,27.000000,23.000000,25.000000,21.000000,15.000000,9.000000,23.000000,27.000000,28.000000,20.000000,16.000000,20.000000,10.000000,24.000000,20.000000,23.000000,24.000000,29.000000,24.000000,26.000000,16.000000,26.000000,18.000000,12.000000,16.000000,23.000000,20.000000
    Full Width at Half Height of Cross-Correlation,79.000000,28.000000,37.000000,69.000000,75.000000,61.000000,68.000000,81.000000,61.000000,93.000000,59.000000,82.000000,95.000000,57.000000,105.000000,73.000000,41.000000,60.000000,64.000000,90.000000,103.000000,99.000000,86.000000,72.000000,61.000000,50.000000,89.000000,75.000000,85.000000,109.000000,95.000000,77.000000,66.000000,65.000000,77.000000,75.000000,85.000000,89.000000,92.000000,80.000000,82.000000,71.000000,84.000000,84.000000,80.000000,68.000000,62.000000,75.000000
    Synchrony Index, , , , , , , , , , , , , , , , , , , , , , , , , , , , , , , , , , , , , , , , , , , , , , , , 
    Kreuz SPIKE Distance, , , , , , , , , , , , , , , , , , , , , , , , , , , , , , , , , , , , , , , , , , , , , , , , 
Evoked Metrics
    Number of Trials, , , , , , , , , , , , , , , , , , , , , , , , , , , , , , , , , , , , , , , , , , , , , , , , 
    Evoked Spike Count - Avg, , , , , , , , , , , , , , , , , , , , , , , , , , , , , , , , , , , , , , , , , , , , , , , , 
    Evoked Spike Count - Std, , , , , , , , , , , , , , , , , , , , , , , , , , , , , , , , , , , , , , , , , , , , , , , , 
    Evoked Response Probability, , , , , , , , , , , , , , , , , , , , , , , , , , , , , , , , , , , , , , , , , , , , , , , , 
    Evoked First Spike Latency (ms), , , , , , , , , , , , , , , , , , , , , , , , , , , , , , , , , , , , , , , , , , , , , , , , 
    Evoked Jitter (ms), , , , , , , , , , , , , , , , , , , , , , , , , , , , , , , , , , , , , , , , , , , , , , , , 

Measurement,A1_11,A1_12,A1_13,A1_14,A1_21,A1_22,A1_23,A1_24,A1_31,A1_32,A1_33,A1_34,A1_41,A1_42,A1_43,A1_44,A2_11,A2_12,A2_13,A2_14,A2_21,A2_22,A2_23,A2_24,A2_31,A2_32,A2_33,A2_34,A2_41,A2_42,A2_43,A2_44,A3_11,A3_12,A3_13,A3_14,A3_21,A3_22,A3_23,A3_24,A3_31,A3_32,A3_33,A3_34,A3_41,A3_42,A3_43,A3_44,A4_11,A4_12,A4_13,A4_14,A4_21,A4_22,A4_23,A4_24,A4_31,A4_32,A4_33,A4_34,A4_41,A4_42,A4_43,A4_44,A5_11,A5_12,A5_13,A5_14,A5_21,A5_22,A5_23,A5_24,A5_31,A5_32,A5_33,A5_34,A5_41,A5_42,A5_43,A5_44,A6_11,A6_12,A6_13,A6_14,A6_21,A6_22,A6_23,A6_24,A6_31,A6_32,A6_33,A6_34,A6_41,A6_42,A6_43,A6_44,A7_11,A7_12,A7_13,A7_14,A7_21,A7_22,A7_23,A7_24,A7_31,A7_32,A7_33,A7_34,A7_41,A7_42,A7_43,A7_44,A8_11,A8_12,A8_13,A8_14,A8_21,A8_22,A8_23,A8_24,A8_31,A8_32,A8_33,A8_34,A8_41,A8_42,A8_43,A8_44,B1_11,B1_12,B1_13,B1_14,B1_21,B1_22,B1_23,B1_24,B1_31,B1_32,B1_33,B1_34,B1_41,B1_42,B1_43,B1_44,B2_11,B2_12,B2_13,B2_14,B2_21,B2_22,B2_23,B2_24,B2_31,B2_32,B2_33,B2_34,B2_41,B2_42,B2_43,B2_44,B3_11,B3_12,B3_13,B3_14,B3_21,B3_22,B3_23,B3_24,B3_31,B3_32,B3_33,B3_34,B3_41,B3_42,B3_43,B3_44,B4_11,B4_12,B4_13,B4_14,B4_21,B4_22,B4_23,B4_24,B4_31,B4_32,B4_33,B4_34,B4_41,B4_42,B4_43,B4_44,B5_11,B5_12,B5_13,B5_14,B5_21,B5_22,B5_23,B5_24,B5_31,B5_32,B5_33,B5_34,B5_41,B5_42,B5_43,B5_44,B6_11,B6_12,B6_13,B6_14,B6_21,B6_22,B6_23,B6_24,B6_31,B6_32,B6_33,B6_34,B6_41,B6_42,B6_43,B6_44,B7_11,B7_12,B7_13,B7_14,B7_21,B7_22,B7_23,B7_24,B7_31,B7_32,B7_33,B7_34,B7_41,B7_42,B7_43,B7_44,B8_11,B8_12,B8_13,B8_14,B8_21,B8_22,B8_23,B8_24,B8_31,B8_32,B8_33,B8_34,B8_41,B8_42,B8_43,B8_44,C1_11,C1_12,C1_13,C1_14,C1_21,C1_22,C1_23,C1_24,C1_31,C1_32,C1_33,C1_34,C1_41,C1_42,C1_43,C1_44,C2_11,C2_12,C2_13,C2_14,C2_21,C2_22,C2_23,C2_24,C2_31,C2_32,C2_33,C2_34,C2_41,C2_42,C2_43,C2_44,C3_11,C3_12,C3_13,C3_14,C3_21,C3_22,C3_23,C3_24,C3_31,C3_32,C3_33,C3_34,C3_41,C3_42,C3_43,C3_44,C4_11,C4_12,C4_13,C4_14,C4_21,C4_22,C4_23,C4_24,C4_31,C4_32,C4_33,C4_34,C4_41,C4_42,C4_43,C4_44,C5_11,C5_12,C5_13,C5_14,C5_21,C5_22,C5_23,C5_24,C5_31,C5_32,C5_33,C5_34,C5_41,C5_42,C5_43,C5_44,C6_11,C6_12,C6_13,C6_14,C6_21,C6_22,C6_23,C6_24,C6_31,C6_32,C6_33,C6_34,C6_41,C6_42,C6_43,C6_44,C7_11,C7_12,C7_13,C7_14,C7_21,C7_22,C7_23,C7_24,C7_31,C7_32,C7_33,C7_34,C7_41,C7_42,C7_43,C7_44,C8_11,C8_12,C8_13,C8_14,C8_21,C8_22,C8_23,C8_24,C8_31,C8_32,C8_33,C8_34,C8_41,C8_42,C8_43,C8_44,D1_11,D1_12,D1_13,D1_14,D1_21,D1_22,D1_23,D1_24,D1_31,D1_32,D1_33,D1_34,D1_41,D1_42,D1_43,D1_44,D2_11,D2_12,D2_13,D2_14,D2_21,D2_22,D2_23,D2_24,D2_31,D2_32,D2_33,D2_34,D2_41,D2_42,D2_43,D2_44,D3_11,D3_12,D3_13,D3_14,D3_21,D3_22,D3_23,D3_24,D3_31,D3_32,D3_33,D3_34,D3_41,D3_42,D3_43,D3_44,D4_11,D4_12,D4_13,D4_14,D4_21,D4_22,D4_23,D4_24,D4_31,D4_32,D4_33,D4_34,D4_41,D4_42,D4_43,D4_44,D5_11,D5_12,D5_13,D5_14,D5_21,D5_22,D5_23,D5_24,D5_31,D5_32,D5_33,D5_34,D5_41,D5_42,D5_43,D5_44,D6_11,D6_12,D6_13,D6_14,D6_21,D6_22,D6_23,D6_24,D6_31,D6_32,D6_33,D6_34,D6_41,D6_42,D6_43,D6_44,D7_11,D7_12,D7_13,D7_14,D7_21,D7_22,D7_23,D7_24,D7_31,D7_32,D7_33,D7_34,D7_41,D7_42,D7_43,D7_44,D8_11,D8_12,D8_13,D8_14,D8_21,D8_22,D8_23,D8_24,D8_31,D8_32,D8_33,D8_34,D8_41,D8_42,D8_43,D8_44,E1_11,E1_12,E1_13,E1_14,E1_21,E1_22,E1_23,E1_24,E1_31,E1_32,E1_33,E1_34,E1_41,E1_42,E1_43,E1_44,E2_11,E2_12,E2_13,E2_14,E2_21,E2_22,E2_23,E2_24,E2_31,E2_32,E2_33,E2_34,E2_41,E2_42,E2_43,E2_44,E3_11,E3_12,E3_13,E3_14,E3_21,E3_22,E3_23,E3_24,E3_31,E3_32,E3_33,E3_34,E3_41,E3_42,E3_43,E3_44,E4_11,E4_12,E4_13,E4_14,E4_21,E4_22,E4_23,E4_24,E4_31,E4_32,E4_33,E4_34,E4_41,E4_42,E4_43,E4_44,E5_11,E5_12,E5_13,E5_14,E5_21,E5_22,E5_23,E5_24,E5_31,E5_32,E5_33,E5_34,E5_41,E5_42,E5_43,E5_44,E6_11,E6_12,E6_13,E6_14,E6_21,E6_22,E6_23,E6_24,E6_31,E6_32,E6_33,E6_34,E6_41,E6_42,E6_43,E6_44,E7_11,E7_12,E7_13,E7_14,E7_21,E7_22,E7_23,E7_24,E7_31,E7_32,E7_33,E7_34,E7_41,E7_42,E7_43,E7_44,E8_11,E8_12,E8_13,E8_14,E8_21,E8_22,E8_23,E8_24,E8_31,E8_32,E8_33,E8_34,E8_41,E8_42,E8_43,E8_44,F1_11,F1_12,F1_13,F1_14,F1_21,F1_22,F1_23,F1_24,F1_31,F1_32,F1_33,F1_34,F1_41,F1_42,F1_43,F1_44,F2_11,F2_12,F2_13,F2_14,F2_21,F2_22,F2_23,F2_24,F2_31,F2_32,F2_33,F2_34,F2_41,F2_42,F2_43,F2_44,F3_11,F3_12,F3_13,F3_14,F3_21,F3_22,F3_23,F3_24,F3_31,F3_32,F3_33,F3_34,F3_41,F3_42,F3_43,F3_44,F4_11,F4_12,F4_13,F4_14,F4_21,F4_22,F4_23,F4_24,F4_31,F4_32,F4_33,F4_34,F4_41,F4_42,F4_43,F4_44,F5_11,F5_12,F5_13,F5_14,F5_21,F5_22,F5_23,F5_24,F5_31,F5_32,F5_33,F5_34,F5_41,F5_42,F5_43,F5_44,F6_11,F6_12,F6_13,F6_14,F6_21,F6_22,F6_23,F6_24,F6_31,F6_32,F6_33,F6_34,F6_41,F6_42,F6_43,F6_44,F7_11,F7_12,F7_13,F7_14,F7_21,F7_22,F7_23,F7_24,F7_31,F7_32,F7_33,F7_34,F7_41,F7_42,F7_43,F7_44,F8_11,F8_12,F8_13,F8_14,F8_21,F8_22,F8_23,F8_24,F8_31,F8_32,F8_33,F8_34,F8_41,F8_42,F8_43,F8_44,
Activity Metrics
    Number of Spikes,2344.000000,1998.000000,0.000000,2318.000000,1280.000000,2814.000000,3065.000000,965.000000,1250.000000,630.000000,77.000000,495.000000,1796.000000,182.000000,432.000000,868.000000,457.000000,141.000000,830.000000,21.000000,32.000000,1076.000000,0.000000,129.000000,908.000000,39.000000,331.000000,345.000000,402.000000,58.000000,1584.000000,2.000000,0.000000,1296.000000,4.000000,554.000000,0.000000,154.000000,0.000000,947.000000,0.000000,0.000000,1.000000,508.000000,0.000000,42.000000,0.000000,1.000000,1329.000000,2002.000000,1258.000000,622.000000,564.000000,1541.000000,540.000000,1832.000000,963.000000,2003.000000,446.000000,1225.000000,800.000000,869.000000,739.000000,962.000000,908.000000,1072.000000,1154.000000,2105.000000,1147.000000,2010.000000,2007.000000,2902.000000,167.000000,1220.000000,494.000000,1023.000000,619.000000,1406.000000,1405.000000,1862.000000,953.000000,1494.000000,1215.000000,721.000000,143.000000,900.000000,1216.000000,1263.000000,389.000000,92.000000,695.000000,1254.000000,1341.000000,1580.000000,732.000000,1120.000000,2097.000000,1410.000000,1722.000000,782.000000,1244.000000,2525.000000,758.000000,3534.000000,1946.000000,2717.000000,2661.000000,818.000000,2865.000000,1792.000000,1469.000000,938.000000,1082.000000,1550.000000,1280.000000,1900.000000,1828.000000,1478.000000,1789.000000,1817.000000,1398.000000,1712.000000,562.000000,423.000000,1932.000000,128.000000,1913.000000,764.000000,608.000000,337.000000,599.000000,823.000000,698.000000,825.000000,452.000000,439.000000,1050.000000,1595.000000,152.000000,373.000000,1635.000000,1578.000000,558.000000,633.000000,948.000000,1160.000000,1613.000000,1432.000000,1933.000000,156.000000,572.000000,260.000000,1080.000000,534.000000,543.000000,21.000000,1106.000000,1494.000000,481.000000,1549.000000,287.000000,1476.000000,30.000000,0.000000,0.000000,17.000000,31.000000,0.000000,592.000000,278.000000,0.000000,182.000000,0.000000,13.000000,0.000000,0.000000,767.000000,1155.000000,153.000000,1423.000000,1119.000000,1528.000000,1785.000000,2069.000000,703.000000,1640.000000,1532.000000,2061.000000,1611.000000,1032.000000,1058.000000,2202.000000,1503.000000,1850.000000,1826.000000,1505.000000,934.000000,2217.000000,1066.000000,1619.000000,2394.000000,1736.000000,1476.000000,1343.000000,1926.000000,266.000000,1698.000000,1719.000000,0.000000,804.000000,7.000000,0.000000,1578.000000,52.000000,0.000000,1.000000,0.000000,697.000000,164.000000,0.000000,14.000000,664.000000,386.000000,0.000000,1322.000000,1520.000000,571.000000,1657.000000,1318.000000,1675.000000,2840.000000,640.000000,958.000000,669.000000,2782.000000,1831.000000,1815.000000,1133.000000,1145.000000,2387.000000,600.000000,1792.000000,12.000000,860.000000,276.000000,1989.000000,525.000000,1751.000000,377.000000,717.000000,1837.000000,7074.000000,1914.000000,1504.000000,1351.000000,2099.000000,815.000000,627.000000,1006.000000,1413.000000,1089.000000,1157.000000,3412.000000,339.000000,3430.000000,395.000000,1062.000000,208.000000,428.000000,974.000000,501.000000,664.000000,1.000000,61.000000,1296.000000,7.000000,16.000000,74.000000,0.000000,779.000000,39.000000,468.000000,644.000000,39.000000,388.000000,353.000000,30.000000,963.000000,22.000000,1433.000000,782.000000,991.000000,826.000000,1185.000000,3530.000000,1334.000000,1310.000000,395.000000,291.000000,1094.000000,965.000000,1129.000000,912.000000,527.000000,1255.000000,1626.000000,1717.000000,1212.000000,1182.000000,1093.000000,1225.000000,1379.000000,596.000000,428.000000,1813.000000,237.000000,1194.000000,812.000000,302.000000,1141.000000,1723.000000,32.000000,1126.000000,1657.000000,519.000000,605.000000,1119.000000,1454.000000,721.000000,337.000000,1439.000000,363.000000,1146.000000,1404.000000,1380.000000,763.000000,2058.000000,239.000000,2294.000000,302.000000,2028.000000,2090.000000,2069.000000,628.000000,1724.000000,1143.000000,1834.000000,983.000000,861.000000,1666.000000,2322.000000,1412.000000,1303.000000,1145.000000,2065.000000,1096.000000,1198.000000,1465.000000,572.000000,1242.000000,787.000000,626.000000,1674.000000,600.000000,1468.000000,1184.000000,1105.000000,217.000000,834.000000,1403.000000,1160.000000,839.000000,254.000000,272.000000,768.000000,316.000000,1359.000000,1018.000000,1440.000000,1536.000000,1449.000000,904.000000,961.000000,3139.000000,905.000000,938.000000,318.000000,1071.000000,1448.000000,172.000000,637.000000,486.000000,1426.000000,1439.000000,1165.000000,1046.000000,1597.000000,174.000000,1168.000000,570.000000,428.000000,0.000000,0.000000,1399.000000,0.000000,595.000000,147.000000,0.000000,3.000000,247.000000,0.000000,2.000000,0.000000,324.000000,18.000000,0.000000,19.000000,620.000000,1665.000000,778.000000,1906.000000,1413.000000,1350.000000,765.000000,465.000000,589.000000,15.000000,1190.000000,581.000000,1561.000000,1527.000000,1697.000000,1415.000000,1372.000000,184.000000,185.000000,1319.000000,650.000000,1329.000000,921.000000,1271.000000,1310.000000,26.000000,660.000000,942.000000,622.000000,422.000000,1146.000000,1092.000000,914.000000,345.000000,1416.000000,1601.000000,1280.000000,1454.000000,523.000000,1154.000000,256.000000,83.000000,3274.000000,340.000000,112.000000,1162.000000,832.000000,2021.000000,2154.000000,1.000000,831.000000,1745.000000,3115.000000,1058.000000,1699.000000,1611.000000,1497.000000,1285.000000,1925.000000,1451.000000,2248.000000,1202.000000,2055.000000,396.000000,954.000000,1250.000000,1523.000000,500.000000,1383.000000,1584.000000,1240.000000,1400.000000,1308.000000,1249.000000,1295.000000,419.000000,92.000000,1312.000000,1048.000000,199.000000,1179.000000,1526.000000,1702.000000,133.000000,190.000000,1446.000000,1131.000000,1642.000000,1119.000000,853.000000,1567.000000,1468.000000,1664.000000,1018.000000,743.000000,833.000000,2372.000000,1239.000000,1622.000000,444.000000,964.000000,1365.000000,335.000000,137.000000,788.000000,1244.000000,337.000000,73.000000,515.000000,1090.000000,725.000000,1238.000000,915.000000,1408.000000,68.000000,897.000000,422.000000,1323.000000,782.000000,288.000000,1261.000000,326.000000,334.000000,2179.000000,900.000000,1183.000000,760.000000,1361.000000,1145.000000,1279.000000,137.000000,1438.000000,989.000000,1288.000000,1436.000000,947.000000,1156.000000,1008.000000,1401.000000,1661.000000,2.000000,2057.000000,1268.000000,911.000000,1284.000000,1412.000000,704.000000,1432.000000,1227.000000,980.000000,1342.000000,1369.000000,1578.000000,1536.000000,288.000000,1409.000000,1612.000000,493.000000,2010.000000,1342.000000,1238.000000,440.000000,1506.000000,1226.000000,536.000000,1154.000000,1989.000000,961.000000,1521.000000,1141.000000,1062.000000,1473.000000,1318.000000,1624.000000,1279.000000,2221.000000,1653.000000,26.000000,2119.000000,1139.000000,2000.000000,922.000000,328.000000,1812.000000,1744.000000,2203.000000,1448.000000,1478.000000,1202.000000,605.000000,1656.000000,1856.000000,1359.000000,1844.000000,610.000000,4646.000000,1446.000000,1518.000000,1199.000000,1718.000000,954.000000,1402.000000,377.000000,522.000000,537.000000,612.000000,1159.000000,851.000000,500.000000,1263.000000,174.000000,1304.000000,1405.000000,1394.000000,802.000000,627.000000,1282.000000,824.000000,2113.000000,1166.000000,1423.000000,1603.000000,1447.000000,34.000000,4518.000000,300.000000,1417.000000,1207.000000,942.000000,1215.000000,41.000000,1857.000000,189.000000,210.000000,1317.000000,1267.000000,1059.000000,1170.000000,385.000000,738.000000,1753.000000,44.000000,1063.000000,1873.000000,3221.000000,1184.000000,2391.000000,992.000000,2005.000000,1750.000000,1125.000000,1016.000000,1730.000000,2519.000000,548.000000,1464.000000,1044.000000,826.000000,707.000000,3052.000000,1111.000000,1284.000000,276.000000,1405.000000,140.000000,221.000000,847.000000,1050.000000,200.000000,4.000000,13.000000,1828.000000,1142.000000,517.000000,194.000000,1139.000000,1551.000000,643.000000,2368.000000,681.000000,0.000000,1090.000000,1147.000000,1346.000000,644.000000,1022.000000,0.000000,685.000000,1400.000000,626.000000,389.000000,1496.000000,1299.000000,807.000000,1897.000000,1240.000000,1387.000000,1278.000000,1802.000000,1696.000000,1107.000000,2056.000000,1554.000000,1105.000000,572.000000,735.000000,1039.000000,736.000000,799.000000,592.000000,629.000000,1190.000000,1054.000000,1161.000000,1099.000000,821.000000,125.000000,1274.000000,265.000000,325.000000,474.000000,1099.000000,679.000000,80.000000,1254.000000,955.000000,116.000000,1170.000000,793.000000,1483.000000,1434.000000,1318.000000,888.000000,684.000000,1248.000000,1667.000000,2331.000000,1127.000000,293.000000,1424.000000,27.000000,928.000000,1654.000000,1097.000000,2041.000000,1097.000000,1986.000000,974.000000,1714.000000,826.000000,1699.000000
    Mean Firing Rate (Hz),3.906667,3.330000,0.000000,3.863333,2.133333,4.690000,5.108333,1.608333,2.083333,1.050000,0.128333,0.825000,2.993333,0.303333,0.720000,1.446667,0.761667,0.235000,1.383333,0.035000,0.053333,1.793333,0.000000,0.215000,1.513333,0.065000,0.551667,0.575000,0.670000,0.096667,2.640000,0.003333,0.000000,2.160000,0.006667,0.923333,0.000000,0.256667,0.000000,1.578333,0.000000,0.000000,0.001667,0.846667,0.000000,0.070000,0.000000,0.001667,2.215000,3.336667,2.096667,1.036667,0.940000,2.568333,0.900000,3.053333,1.605000,3.338333,0.743333,2.041667,1.333333,1.448333,1.231667,1.603333,1.513333,1.786667,1.923333,3.508333,1.911667,3.350000,3.345000,4.836667,0.278333,2.033333,0.823333,1.705000,1.031667,2.343333,2.341667,3.103333,1.588333,2.490000,2.025000,1.201667,0.238333,1.500000,2.026667,2.105000,0.648333,0.153333,1.158333,2.090000,2.235000,2.633333,1.220000,1.866667,3.495000,2.350000,2.870000,1.303333,2.073333,4.208333,1.263333,5.890000,3.243333,4.528333,4.435000,1.363333,4.775000,2.986667,2.448333,1.563333,1.803333,2.583333,2.133333,3.166667,3.046667,2.463333,2.981667,3.028333,2.330000,2.853333,0.936667,0.705000,3.220000,0.213333,3.188333,1.273333,1.013333,0.561667,0.998333,1.371667,1.163333,1.375000,0.753333,0.731667,1.750000,2.658333,0.253333,0.621667,2.725000,2.630000,0.930000,1.055000,1.580000,1.933333,2.688333,2.386667,3.221667,0.260000,0.953333,0.433333,1.800000,0.890000,0.905000,0.035000,1.843333,2.490000,0.801667,2.581667,0.478333,2.460000,0.050000,0.000000,0.000000,0.028333,0.051667,0.000000,0.986667,0.463333,0.000000,0.303333,0.000000,0.021667,0.000000,0.000000,1.278333,1.925000,0.255000,2.371667,1.865000,2.546667,2.975000,3.448333,1.171667,2.733333,2.553333,3.435000,2.685000,1.720000,1.763333,3.670000,2.505000,3.083333,3.043333,2.508333,1.556667,3.695000,1.776667,2.698333,3.990000,2.893333,2.460000,2.238333,3.210000,0.443333,2.830000,2.865000,0.000000,1.340000,0.011667,0.000000,2.630000,0.086667,0.000000,0.001667,0.000000,1.161667,0.273333,0.000000,0.023333,1.106667,0.643333,0.000000,2.203333,2.533333,0.951667,2.761667,2.196667,2.791667,4.733333,1.066667,1.596667,1.115000,4.636667,3.051667,3.025000,1.888333,1.908333,3.978333,1.000000,2.986667,0.020000,1.433333,0.460000,3.315000,0.875000,2.918333,0.628333,1.195000,3.061667,11.790000,3.190000,2.506667,2.251667,3.498333,1.358333,1.045000,1.676667,2.355000,1.815000,1.928333,5.686667,0.565000,5.716667,0.658333,1.770000,0.346667,0.713333,1.623333,0.835000,1.106667,0.001667,0.101667,2.160000,0.011667,0.026667,0.123333,0.000000,1.298333,0.065000,0.780000,1.073333,0.065000,0.646667,0.588333,0.050000,1.605000,0.036667,2.388333,1.303333,1.651667,1.376667,1.975000,5.883333,2.223333,2.183333,0.658333,0.485000,1.823333,1.608333,1.881667,1.520000,0.878333,2.091667,2.710000,2.861667,2.020000,1.970000,1.821667,2.041667,2.298333,0.993333,0.713333,3.021667,0.395000,1.990000,1.353333,0.503333,1.901667,2.871667,0.053333,1.876667,2.761667,0.865000,1.008333,1.865000,2.423333,1.201667,0.561667,2.398333,0.605000,1.910000,2.340000,2.300000,1.271667,3.430000,0.398333,3.823333,0.503333,3.380000,3.483333,3.448333,1.046667,2.873333,1.905000,3.056667,1.638333,1.435000,2.776667,3.870000,2.353333,2.171667,1.908333,3.441667,1.826667,1.996667,2.441667,0.953333,2.070000,1.311667,1.043333,2.790000,1.000000,2.446667,1.973333,1.841667,0.361667,1.390000,2.338333,1.933333,1.398333,0.423333,0.453333,1.280000,0.526667,2.265000,1.696667,2.400000,2.560000,2.415000,1.506667,1.601667,5.231667,1.508333,1.563333,0.530000,1.785000,2.413333,0.286667,1.061667,0.810000,2.376667,2.398333,1.941667,1.743333,2.661667,0.290000,1.946667,0.950000,0.713333,0.000000,0.000000,2.331667,0.000000,0.991667,0.245000,0.000000,0.005000,0.411667,0.000000,0.003333,0.000000,0.540000,0.030000,0.000000,0.031667,1.033333,2.775000,1.296667,3.176667,2.355000,2.250000,1.275000,0.775000,0.981667,0.025000,1.983333,0.968333,2.601667,2.545000,2.828333,2.358333,2.286667,0.306667,0.308333,2.198333,1.083333,2.215000,1.535000,2.118333,2.183333,0.043333,1.100000,1.570000,1.036667,0.703333,1.910000,1.820000,1.523333,0.575000,2.360000,2.668333,2.133333,2.423333,0.871667,1.923333,0.426667,0.138333,5.456667,0.566667,0.186667,1.936667,1.386667,3.368333,3.590000,0.001667,1.385000,2.908333,5.191667,1.763333,2.831667,2.685000,2.495000,2.141667,3.208333,2.418333,3.746667,2.003333,3.425000,0.660000,1.590000,2.083333,2.538333,0.833333,2.305000,2.640000,2.066667,2.333333,2.180000,2.081667,2.158333,0.698333,0.153333,2.186667,1.746667,0.331667,1.965000,2.543333,2.836667,0.221667,0.316667,2.410000,1.885000,2.736667,1.865000,1.421667,2.611667,2.446667,2.773333,1.696667,1.238333,1.388333,3.953333,2.065000,2.703333,0.740000,1.606667,2.275000,0.558333,0.228333,1.313333,2.073333,0.561667,0.121667,0.858333,1.816667,1.208333,2.063333,1.525000,2.346667,0.113333,1.495000,0.703333,2.205000,1.303333,0.480000,2.101667,0.543333,0.556667,3.631667,1.500000,1.971667,1.266667,2.268333,1.908333,2.131667,0.228333,2.396667,1.648333,2.146667,2.393333,1.578333,1.926667,1.680000,2.335000,2.768333,0.003333,3.428333,2.113333,1.518333,2.140000,2.353333,1.173333,2.386667,2.045000,1.633333,2.236667,2.281667,2.630000,2.560000,0.480000,2.348333,2.686667,0.821667,3.350000,2.236667,2.063333,0.733333,2.510000,2.043333,0.893333,1.923333,3.315000,1.601667,2.535000,1.901667,1.770000,2.455000,2.196667,2.706667,2.131667,3.701667,2.755000,0.043333,3.531667,1.898333,3.333333,1.536667,0.546667,3.020000,2.906667,3.671667,2.413333,2.463333,2.003333,1.008333,2.760000,3.093333,2.265000,3.073333,1.016667,7.743333,2.410000,2.530000,1.998333,2.863333,1.590000,2.336667,0.628333,0.870000,0.895000,1.020000,1.931667,1.418333,0.833333,2.105000,0.290000,2.173333,2.341667,2.323333,1.336667,1.045000,2.136667,1.373333,3.521667,1.943333,2.371667,2.671667,2.411667,0.056667,7.530000,0.500000,2.361667,2.011667,1.570000,2.025000,0.068333,3.095000,0.315000,0.350000,2.195000,2.111667,1.765000,1.950000,0.641667,1.230000,2.921667,0.073333,1.771667,3.121667,5.368333,1.973333,3.985000,1.653333,3.341667,2.916667,1.875000,1.693333,2.883333,4.198333,0.913333,2.440000,1.740000,1.376667,1.178333,5.086667,1.851667,2.140000,0.460000,2.341667,0.233333,0.368333,1.411667,1.750000,0.333333,0.006667,0.021667,3.046667,1.903333,0.861667,0.323333,1.898333,2.585000,1.071667,3.946667,1.135000,0.000000,1.816667,1.911667,2.243333,1.073333,1.703333,0.000000,1.141667,2.333333,1.043333,0.648333,2.493333,2.165000,1.345000,3.161667,2.066667,2.311667,2.130000,3.003333,2.826667,1.845000,3.426667,2.590000,1.841667,0.953333,1.225000,1.731667,1.226667,1.331667,0.986667,1.048333,1.983333,1.756667,1.935000,1.831667,1.368333,0.208333,2.123333,0.441667,0.541667,0.790000,1.831667,1.131667,0.133333,2.090000,1.591667,0.193333,1.950000,1.321667,2.471667,2.390000,2.196667,1.480000,1.140000,2.080000,2.778333,3.885000,1.878333,0.488333,2.373333,0.045000,1.546667,2.756667,1.828333,3.401667,1.828333,3.310000,1.623333,2.856667,1.376667,2.831667
    ISI Coefficient of Variation,4.950701,4.466662, ,5.131090,3.830329,5.601879,5.814820,3.492183,3.754083,2.703951,1.146642,2.378497,4.520976,1.533671,2.203126,2.926189,1.444542,0.988919,2.100075, , ,2.435740, ,0.927162,2.165475, ,1.335589,1.284089,1.525723, ,3.026731, , ,3.204979, ,1.953907, ,1.277324, ,2.719463, , , ,2.068549, , , , ,4.733735,1.504557,4.604171,3.184753,3.008993,5.108456,2.978446,4.850674,2.186826,5.842613,2.700317,4.541691,2.161971,3.795203,3.497022,4.000737,2.211941,3.869547,3.962895,2.101355,2.878166,4.159877,5.614520,3.331375,1.621012,4.285165,2.768925,3.945295,3.143234,4.683700,4.626795,5.276823,3.211580,4.087070,3.627348,2.756965,1.419595,3.121326,3.654668,3.737686,2.097678,1.126286,2.699991,3.727533,3.841462,4.198193,2.788179,3.510591,5.344149,4.348993,4.821653,3.162858,4.076790,5.864065,3.305625,6.942737,5.139460,6.106102,5.999364,3.276427,4.448626,4.934630,4.456641,3.510910,3.215045,3.815196,3.358455,4.163364,4.175716,3.736312,4.128585,4.077589,3.661610,4.032166,2.260415,2.281164,4.322383,1.370273,4.277306,2.665800,2.082936,1.340222,2.078165,2.391903,2.161845,2.310413,1.684996,1.972862,2.974595,3.492985,1.931374,2.023275,3.404009,3.459055,2.119004,2.874262,3.403066,4.521202,3.972674,4.082876,4.612144,1.715263,2.477675,2.719951,3.595393,2.580610,3.047393, ,3.619828,3.981430,2.582169,3.800117,1.894769,4.255481, , , , , , ,2.181159,2.429697, ,3.209078, , , , ,3.060909,3.728535,1.195059,3.937775,3.652311,4.065259,4.685424,5.053753,2.872795,4.092649,4.358786,5.051141,4.361622,3.509750,3.564869,5.176249,4.389934,4.475223,4.484723,4.430224,3.648456,4.165509,4.059870,4.293201,5.458747,4.655019,4.333693,4.154001,4.601529,2.171861,2.937721,4.551309, ,3.081094, , ,3.981909, , , , ,2.613287,1.314918, , ,2.791905,2.011842, ,5.764875,6.187510,3.762076,3.130400,5.751210,6.545770,8.402729,3.974278,4.808004,4.113517,8.331490,6.803607,6.731426,5.375642,5.341781,7.469318,2.673514,4.118489, ,2.022039,1.676860,4.234154,2.635000,3.176261,2.284458,2.606241,4.062739,0.797051,4.137538,3.641634,3.466089,3.707571,2.263648,2.731655,2.488982,3.021404,2.702373,2.834269,1.928486,1.424051,1.311120,2.430698,2.688090,1.525058,1.683132,1.955562,1.696668,2.368432, ,0.769300,3.601678, , ,1.031745, ,2.798414, ,2.255666,2.554318, ,1.978288,1.822492, ,3.044198, ,4.804358,3.492260,3.957483,3.593405,4.324855,1.886991,4.478630,4.586274,2.378266,2.497498,4.171356,3.908377,4.229243,3.789304,2.815802,4.347571,4.787271,5.048120,3.948996,4.224464,4.093835,4.243891,4.498235,3.086118,2.682525,5.173582,2.550428,4.207345,3.552638,2.029709,4.068405,4.557005, ,3.735090,4.448735,4.013518,2.858423,4.214910,4.175142,3.669045,2.212810,4.101648,1.618521,3.679887,4.234978,4.097242,3.171712,5.954433,1.853991,6.239101,2.217183,5.870896,5.929541,5.957829,3.202984,5.446085,4.413468,5.623129,4.069193,3.800668,5.356471,6.323668,4.933351,4.472845,3.838569,5.411872,3.417759,4.386495,4.372927,3.159495,4.519055,3.596212,3.276743,5.014190,2.854455,4.566740,3.947205,4.214456,2.184921,3.202934,4.065301,3.677625,3.150625,1.823861,2.232412,3.219913,1.883506,3.997609,3.457060,4.134047,4.293980,4.154704,3.232640,3.345765,2.961166,3.610914,2.986669,2.214143,3.759843,4.239285,1.567356,2.829977,2.265540,3.805800,3.787498,3.483500,3.977746,2.779168,1.372560,4.053629,2.723522,0.431160, , ,2.855789, ,2.077182,1.169067, , ,1.996957, , , ,1.483587, , , ,3.152456,5.307122,3.534587,5.655845,4.878737,4.719322,3.533803,2.893613,2.689734, ,4.459446,3.034099,5.132288,5.075134,5.359084,4.826563,4.749248,1.515727,1.494888,4.667402,3.208808,4.683051,3.846054,4.579932,4.654315, ,3.237644,3.898809,3.124148,2.520830,4.227536,3.887141,3.522478,2.516963,3.884982,4.730144,4.203476,4.491325,2.587263,4.137874,1.955869,1.659026,1.252953,2.373326,1.919020,3.987626,3.362883,6.025629,2.550633, ,3.873634,5.598753,4.990387,4.415690,5.598761,5.449091,5.149930,4.888189,5.957117,5.169634,6.419837,4.703918,6.162687,4.110783,6.502935,7.466768,8.243171,4.677709,7.850889,8.399010,7.435033,7.893250,7.635980,7.450164,7.593194,4.368171,1.962560,7.599726,6.814878,1.893347,3.836052,4.514334,4.645682,1.706524,1.949858,4.243511,3.736480,4.462571,3.828709,3.629800,4.479121,4.242343,4.678086,3.547234,3.047432,3.131073,2.433434,3.276994,3.764792,3.175685,2.872505,3.472895,1.936755,1.906563,2.586943,3.299923,2.683072,1.142063,2.923344,3.045954,3.413950,4.380528,3.735986,4.682011,1.368540,3.694282,2.428998,4.517978,2.737449,2.426751,4.423150,2.336466,2.220508,1.989197,3.701934,4.276746,3.420971,4.715724,4.314137,4.560547,1.510092,4.844602,3.886519,4.572363,4.823947,3.910906,4.290816,4.029027,4.731570,5.185052, ,5.769018,4.525181,3.752822,4.533097,4.742800,3.283188,4.759236,4.408927,3.933371,4.641930,2.516290,5.004487,2.530360,2.154514,4.706787,4.931218,2.744778,5.632974,4.705000,4.187927,2.404730,4.586976,4.220127,3.132281,3.950662,4.625660,3.609553,4.558876,3.876020,3.807026,4.522563,4.097985,4.318339,4.103712,6.603031,5.737753, ,6.475874,4.703138,6.296125,4.235760,2.686632,5.994248,5.878101,6.594035,5.340129,5.408023,4.924957,3.391622,5.718073,5.596544,4.780600,5.567877,3.131825,0.957484,4.934802,5.057886,4.490281,5.299405,3.987167,4.869949,2.506917,2.840775,2.972366,3.136239,4.403664,3.121702,2.543350,3.747541,1.823810,3.881644,3.995060,4.097236,2.678224,3.451831,4.029112,2.939232,4.086531,3.833463,4.051460,4.232160,4.001903, ,0.842152,2.410981,5.418983,5.001800,4.322214,4.917012, ,6.067254,1.869347,2.541835,5.211624,5.081464,4.620929,4.899580,2.695641,2.551944,3.548253, ,2.955344,3.211987,4.186234,2.699452,1.836920,2.656944,4.041358,3.521078,2.629382,2.879744,3.180554,2.973490,2.247003,4.595535,4.042647,3.397758,1.594334,3.996513,4.101965,4.299800,2.319164,4.503313,2.365376,1.862153,3.447921,3.828945,1.433089, , ,4.309304,3.696443,3.223300,1.837951,4.179817,4.334819,3.278978,4.494706,3.295393, ,4.159452,3.560583,4.013470,2.781691,2.671613, ,3.173446,4.579183,3.002243,2.388521,4.778511,4.439843,3.332982,5.389875,3.166979,4.603871,4.381717,3.457721,5.087691,4.090329,5.615394,4.828640,4.982857,3.550890,4.012286,4.824943,3.991270,4.198125,3.613960,3.706151,5.137001,4.863619,3.244986,4.958540,4.263013,1.740782,5.356962,2.287771,2.327696,2.934813,4.201235,3.454547,1.350835,4.641191,4.010810,1.267587,4.380897,3.610779,4.945631,2.245608,4.831293,3.825040,3.313852,4.618954,4.094778,4.887915,3.387310,1.892794,3.842685, ,3.062790,4.152833,3.335274,4.616381,3.336213,1.238540,3.125987,2.675496,2.876840,3.856622
Electrode Burst Metrics
    Number of Bursts,64.000000,70.000000,0.000000,62.000000,82.000000,62.000000,65.000000,37.000000,80.000000,50.000000,1.000000,26.000000,93.000000,6.000000,21.000000,39.000000,12.000000,0.000000,57.000000,0.000000,0.000000,69.000000,0.000000,0.000000,41.000000,0.000000,13.000000,4.000000,18.000000,0.000000,109.000000,0.000000,0.000000,57.000000,0.000000,24.000000,0.000000,4.000000,0.000000,42.000000,0.000000,0.000000,0.000000,27.000000,0.000000,1.000000,0.000000,0.000000,70.000000,67.000000,71.000000,62.000000,40.000000,74.000000,46.000000,75.000000,60.000000,75.000000,49.000000,68.000000,55.000000,61.000000,63.000000,68.000000,21.000000,60.000000,60.000000,59.000000,49.000000,35.000000,61.000000,61.000000,15.000000,54.000000,44.000000,59.000000,51.000000,60.000000,61.000000,63.000000,67.000000,77.000000,76.000000,52.000000,11.000000,66.000000,75.000000,74.000000,41.000000,2.000000,55.000000,75.000000,76.000000,88.000000,59.000000,77.000000,101.000000,88.000000,94.000000,53.000000,77.000000,128.000000,67.000000,145.000000,104.000000,134.000000,140.000000,68.000000,122.000000,84.000000,133.000000,65.000000,70.000000,82.000000,78.000000,87.000000,95.000000,85.000000,93.000000,87.000000,84.000000,91.000000,37.000000,33.000000,92.000000,3.000000,93.000000,53.000000,40.000000,5.000000,38.000000,40.000000,38.000000,44.000000,20.000000,38.000000,45.000000,59.000000,11.000000,31.000000,60.000000,52.000000,34.000000,44.000000,48.000000,53.000000,53.000000,55.000000,70.000000,6.000000,43.000000,22.000000,50.000000,31.000000,36.000000,0.000000,41.000000,48.000000,30.000000,61.000000,5.000000,58.000000,2.000000,0.000000,0.000000,0.000000,0.000000,0.000000,20.000000,20.000000,0.000000,10.000000,0.000000,0.000000,0.000000,0.000000,53.000000,66.000000,2.000000,79.000000,70.000000,80.000000,80.000000,79.000000,62.000000,79.000000,79.000000,78.000000,80.000000,72.000000,72.000000,80.000000,69.000000,64.000000,71.000000,69.000000,48.000000,74.000000,58.000000,72.000000,79.000000,67.000000,68.000000,65.000000,74.000000,25.000000,65.000000,74.000000,0.000000,38.000000,0.000000,0.000000,82.000000,0.000000,0.000000,0.000000,0.000000,32.000000,2.000000,0.000000,0.000000,29.000000,16.000000,0.000000,55.000000,57.000000,43.000000,58.000000,55.000000,59.000000,58.000000,43.000000,46.000000,30.000000,58.000000,58.000000,58.000000,52.000000,54.000000,58.000000,43.000000,92.000000,0.000000,55.000000,17.000000,97.000000,46.000000,85.000000,26.000000,40.000000,95.000000,6.000000,89.000000,93.000000,87.000000,97.000000,53.000000,57.000000,55.000000,81.000000,68.000000,55.000000,56.000000,8.000000,69.000000,46.000000,66.000000,10.000000,27.000000,57.000000,30.000000,56.000000,0.000000,0.000000,83.000000,0.000000,0.000000,0.000000,0.000000,50.000000,0.000000,25.000000,35.000000,0.000000,16.000000,10.000000,0.000000,63.000000,0.000000,71.000000,67.000000,71.000000,60.000000,71.000000,68.000000,71.000000,71.000000,34.000000,33.000000,71.000000,60.000000,71.000000,61.000000,53.000000,62.000000,66.000000,70.000000,56.000000,52.000000,55.000000,61.000000,67.000000,40.000000,30.000000,65.000000,24.000000,55.000000,45.000000,27.000000,65.000000,56.000000,0.000000,33.000000,50.000000,27.000000,32.000000,32.000000,45.000000,31.000000,24.000000,38.000000,19.000000,34.000000,45.000000,41.000000,31.000000,73.000000,18.000000,69.000000,31.000000,72.000000,70.000000,73.000000,50.000000,73.000000,70.000000,73.000000,62.000000,60.000000,73.000000,71.000000,68.000000,57.000000,56.000000,60.000000,51.000000,57.000000,60.000000,49.000000,60.000000,50.000000,51.000000,58.000000,49.000000,64.000000,55.000000,63.000000,28.000000,52.000000,69.000000,74.000000,58.000000,19.000000,32.000000,56.000000,25.000000,80.000000,61.000000,79.000000,78.000000,79.000000,55.000000,69.000000,67.000000,61.000000,66.000000,36.000000,63.000000,75.000000,8.000000,58.000000,45.000000,72.000000,69.000000,68.000000,51.000000,72.000000,9.000000,63.000000,55.000000,0.000000,0.000000,0.000000,62.000000,0.000000,37.000000,4.000000,0.000000,0.000000,19.000000,0.000000,0.000000,0.000000,11.000000,0.000000,0.000000,0.000000,36.000000,74.000000,31.000000,75.000000,72.000000,69.000000,27.000000,26.000000,11.000000,0.000000,72.000000,16.000000,69.000000,73.000000,52.000000,60.000000,60.000000,10.000000,4.000000,60.000000,53.000000,60.000000,60.000000,60.000000,60.000000,0.000000,56.000000,60.000000,55.000000,42.000000,60.000000,66.000000,64.000000,38.000000,69.000000,73.000000,69.000000,71.000000,43.000000,58.000000,25.000000,7.000000,74.000000,30.000000,11.000000,68.000000,59.000000,54.000000,50.000000,0.000000,50.000000,55.000000,54.000000,53.000000,56.000000,56.000000,57.000000,54.000000,57.000000,57.000000,56.000000,52.000000,55.000000,38.000000,44.000000,47.000000,48.000000,42.000000,45.000000,47.000000,46.000000,48.000000,48.000000,47.000000,48.000000,31.000000,3.000000,48.000000,48.000000,19.000000,53.000000,57.000000,71.000000,8.000000,15.000000,61.000000,66.000000,74.000000,58.000000,49.000000,68.000000,68.000000,71.000000,48.000000,47.000000,42.000000,39.000000,46.000000,76.000000,36.000000,48.000000,66.000000,21.000000,6.000000,41.000000,54.000000,30.000000,2.000000,37.000000,45.000000,39.000000,66.000000,58.000000,74.000000,2.000000,69.000000,29.000000,71.000000,53.000000,22.000000,74.000000,32.000000,25.000000,75.000000,72.000000,72.000000,61.000000,70.000000,66.000000,69.000000,11.000000,68.000000,49.000000,57.000000,69.000000,64.000000,69.000000,59.000000,69.000000,69.000000,0.000000,68.000000,69.000000,60.000000,64.000000,65.000000,52.000000,66.000000,67.000000,59.000000,64.000000,67.000000,66.000000,64.000000,22.000000,66.000000,66.000000,51.000000,66.000000,62.000000,60.000000,43.000000,66.000000,59.000000,40.000000,70.000000,65.000000,63.000000,65.000000,62.000000,61.000000,71.000000,69.000000,70.000000,65.000000,75.000000,65.000000,0.000000,72.000000,58.000000,78.000000,62.000000,31.000000,75.000000,68.000000,78.000000,71.000000,69.000000,60.000000,58.000000,78.000000,58.000000,58.000000,58.000000,47.000000,58.000000,58.000000,58.000000,58.000000,58.000000,54.000000,58.000000,30.000000,34.000000,50.000000,51.000000,58.000000,48.000000,33.000000,55.000000,11.000000,61.000000,56.000000,48.000000,41.000000,42.000000,54.000000,41.000000,55.000000,60.000000,55.000000,70.000000,65.000000,0.000000,53.000000,29.000000,53.000000,53.000000,52.000000,51.000000,1.000000,53.000000,19.000000,19.000000,51.000000,53.000000,53.000000,51.000000,31.000000,54.000000,86.000000,0.000000,71.000000,80.000000,102.000000,68.000000,66.000000,65.000000,81.000000,79.000000,56.000000,66.000000,74.000000,97.000000,37.000000,68.000000,56.000000,64.000000,0.000000,67.000000,57.000000,69.000000,25.000000,68.000000,15.000000,15.000000,61.000000,61.000000,6.000000,0.000000,0.000000,73.000000,51.000000,35.000000,15.000000,51.000000,63.000000,36.000000,75.000000,40.000000,0.000000,46.000000,49.000000,53.000000,33.000000,49.000000,0.000000,44.000000,71.000000,50.000000,36.000000,71.000000,71.000000,58.000000,73.000000,69.000000,71.000000,71.000000,70.000000,71.000000,71.000000,72.000000,71.000000,57.000000,48.000000,56.000000,58.000000,56.000000,57.000000,41.000000,49.000000,58.000000,58.000000,58.000000,57.000000,57.000000,7.000000,58.000000,24.000000,20.000000,40.000000,58.000000,46.000000,2.000000,68.000000,58.000000,1.000000,65.000000,58.000000,67.000000,66.000000,61.000000,63.000000,48.000000,66.000000,95.000000,100.000000,70.000000,30.000000,85.000000,1.000000,67.000000,86.000000,67.000000,88.000000,60.000000,42.000000,66.000000,80.000000,65.000000,89.000000
    Burst Duration - Avg (sec),0.466979,0.245753, ,0.464099,0.159469,0.482392,0.300703,0.149613,0.254161,0.056994,0.078640,0.116908,0.117971,0.180013,0.080983,0.100505,0.130120, ,0.041955, , ,0.085176, , ,0.128796, ,0.084166,0.422300,0.161316, ,0.082250, , ,0.193364, ,0.169950, ,0.426100, ,0.168110, , , ,0.087763, ,0.035040, , ,0.129855,0.097461,0.108753,0.073236,0.087302,0.106612,0.075330,0.106739,0.110772,0.123536,0.040909,0.102911,0.116292,0.119285,0.085577,0.088973,0.300613,0.075496,0.193907,0.208050,0.257936,0.433403,0.281778,0.305993,0.022944,0.292933,0.078113,0.188362,0.247865,0.258604,0.111656,0.267557,0.070741,0.085633,0.083081,0.069135,0.025687,0.073352,0.087536,0.081105,0.048960,0.031000,0.069137,0.074867,0.094971,0.084444,0.065185,0.073891,0.090364,0.069525,0.081265,0.075192,0.063094,0.089601,0.044933,0.101569,0.077049,0.090907,0.143575,0.045479,0.123679,0.084782,0.057774,0.066538,0.072562,0.088396,0.094093,0.107458,0.097135,0.088724,0.101114,0.106429,0.098907,0.101299,0.068316,0.079406,0.091812,0.027787,0.096268,0.079869,0.080072,0.102448,0.111036,0.129730,0.101768,0.099860,0.071276,0.066095,0.117292,0.149238,0.053440,0.062872,0.107859,0.125372,0.078616,0.099931,0.091727,0.110361,0.158696,0.104521,0.110045,0.055400,0.080452,0.122233,0.092293,0.088663,0.077100, ,0.173922,0.125155,0.071925,0.148285,0.200816,0.163717,0.220960, , , , , ,0.205296,0.127048, ,0.165584, , , , ,0.076181,0.095453,0.035720,0.081760,0.118029,0.093050,0.096923,0.107633,0.065708,0.110785,0.082949,0.105715,0.102867,0.093571,0.076079,0.110859,0.082953,0.113000,0.137675,0.097108,0.087243,0.110404,0.083772,0.122211,0.138160,0.128215,0.090111,0.128313,0.103091,0.053878,0.116911,0.101244, ,0.226939, , ,0.120089, , , , ,0.205820,0.103720, , ,0.208819,0.082200, ,0.139962,0.133777,0.142182,0.122465,0.124505,0.100202,0.228119,0.186990,0.156922,0.256096,0.236331,0.145612,0.183612,0.081426,0.108843,0.186095,0.057609,0.092103, ,0.050205,0.055139,0.105092,0.067993,0.095272,0.050357,0.086636,0.095411,0.055880,0.094302,0.084431,0.086700,0.123487,0.069795,0.055194,0.106828,0.071870,0.066435,0.059399,0.072911,0.096580,0.085055,0.042856,0.072618,0.077624,0.077301,0.053235,0.052539,0.050373, , ,0.120811, , , , ,0.150016, ,0.192928,0.154158, ,0.294380,0.405600, ,0.141145, ,0.072005,0.054512,0.056295,0.066493,0.080744,0.062487,0.070691,0.072610,0.075614,0.037935,0.064460,0.061339,0.066409,0.066535,0.040116,0.096792,0.102047,0.146417,0.094947,0.092792,0.089079,0.135235,0.090221,0.152022,0.064381,0.149548,0.066597,0.155828,0.086992,0.054166,0.087633,0.163194, ,0.133384,0.127358,0.087553,0.101563,0.171072,0.171868,0.121308,0.073967,0.209457,0.097229,0.217071,0.122846,0.144047,0.144867,0.116445,0.050284,0.211181,0.046286,0.129838,0.213831,0.116311,0.080576,0.108888,0.080066,0.102278,0.084583,0.092656,0.093638,0.128776,0.085173,0.097178,0.128004,0.124227,0.126281,0.088846,0.109873,0.085391,0.088100,0.075323,0.089798,0.122760,0.099602,0.110508,0.091764,0.090361,0.038457,0.095915,0.079600,0.087979,0.089777,0.056952,0.040212,0.057891,0.040381,0.108000,0.088506,0.104981,0.097240,0.084257,0.074121,0.082420,0.089426,0.068643,0.070149,0.034687,0.072706,0.075980,0.083990,0.048117,0.050937,0.125868,0.089118,0.074273,0.166580,0.107144,0.045902,0.073177,0.045805, , , ,0.134528, ,0.126383,0.038280, , ,0.070021, , , ,0.060880, , , ,0.233018,0.200584,0.356594,0.186372,0.158274,0.208048,0.374836,0.163332,1.040218, ,0.168346,0.696295,0.200815,0.198340,0.239572,0.091567,0.095365,0.044464,0.042620,0.087193,0.061494,0.094904,0.121060,0.075639,0.075936, ,0.057424,0.068043,0.076948,0.053234,0.078629,0.068952,0.107184,0.047004,0.130216,0.094306,0.088159,0.116098,0.114212,0.080781,0.051894,0.035634,0.134110,0.054616,0.030662,0.078774,0.074852,0.212136,0.084285, ,0.088502,0.109289,0.154843,0.085315,0.155660,0.139059,0.128004,0.091769,0.161298,0.125061,0.231460,0.092711,0.135943,0.165501,0.094064,0.107236,0.118770,0.071227,0.116197,0.169731,0.103637,0.146243,0.107342,0.149985,0.131203,0.061448,0.058880,0.157037,0.102863,0.039318,0.087796,0.089155,0.109776,0.103490,0.046197,0.087216,0.085571,0.108848,0.073094,0.071793,0.078986,0.091145,0.089052,0.085582,0.071379,0.071646,0.067996,0.082713,0.087061,0.051333,0.091893,0.106913,0.145429,0.111373,0.074552,0.103049,0.058480,0.028520,0.049105,0.088421,0.079752,0.090057,0.081157,0.084432,0.025040,0.081728,0.132259,0.095202,0.067472,0.072600,0.089064,0.051543,0.100906,0.077312,0.079306,0.079882,0.058793,0.075728,0.068816,0.080845,0.024247,0.077996,0.068038,0.148185,0.101748,0.058565,0.094749,0.090593,0.100959,0.116437, ,0.183111,0.103157,0.073776,0.084967,0.081062,0.063342,0.080095,0.077095,0.062346,0.082027,0.087752,0.088382,0.075438,0.090775,0.081516,0.089973,0.048149,0.201158,0.087626,0.091871,0.059550,0.092710,0.079397,0.060338,0.081390,0.108802,0.069761,0.084352,0.094754,0.088025,0.076490,0.132711,0.089249,0.083561,0.208782,0.100724, ,0.146459,0.097189,0.120730,0.066454,0.052823,0.089493,0.094398,0.127721,0.089752,0.075125,0.076247,0.058717,0.087650,0.114872,0.090149,0.128596,0.070815,0.107942,0.108032,0.108610,0.082956,0.111531,0.070723,0.091097,0.111155,0.210052,0.056131,0.070188,0.075237,0.097543,0.135665,0.102208,0.034764,0.096250,0.147183,0.103105,0.100980,0.093804,0.120573,0.137171,0.130297,0.113669,0.097712,0.130438,0.133298, ,0.115592,0.066910,0.193001,0.130516,0.107592,0.242039,0.466640,0.225066,0.034985,0.141655,0.110143,0.126670,0.089858,0.201075,0.304377,0.073519,0.085403, ,0.069319,0.093865,0.122619,0.083364,0.086257,0.085914,0.093933,0.096277,0.104549,0.081498,0.099921,0.134798,0.095922,0.107428,0.073913,0.079669, ,0.239432,0.088041,0.086806,0.048467,0.109881,0.040123,0.050277,0.077612,0.108755,0.320440, , ,0.131451,0.085416,0.067979,0.055867,0.175981,0.092853,0.071096,0.138681,0.085810, ,0.092287,0.109020,0.137381,0.098725,0.092955, ,0.117575,0.146639,0.077109,0.058216,0.098190,0.085808,0.079822,0.120053,0.099888,0.099328,0.141559,0.126096,0.155734,0.115879,0.155873,0.159487,0.086114,0.086615,0.093919,0.082643,0.080200,0.103175,0.114078,0.069068,0.080971,0.075030,0.077215,0.092480,0.088827,0.032891,0.091211,0.051580,0.322644,0.138808,0.305713,0.277334,0.021240,0.183784,0.062857,0.052480,0.078626,0.054948,0.177704,0.069216,0.263646,0.078583,0.174108,0.084758,0.095696,0.099521,0.072398,0.034029,0.076153,0.043200,0.051496,0.108137,0.077035,0.108903,0.109981,0.097219,0.095855,0.091790,0.096242,0.093378
    Burst Duration - Std (sec),0.842394,0.249069, ,0.795985,0.307808,0.797936,0.279943,0.105865,0.528249,0.044101, ,0.064704,0.229764,0.159821,0.038063,0.044788,0.222456, ,0.028287, , ,0.186677, , ,0.276187, ,0.021011,0.584440,0.268558, ,0.187577, , ,0.168503, ,0.183807, ,0.599101, ,0.182189, , , ,0.043879, , , , ,0.206969,0.126909,0.207138,0.107511,0.132801,0.077460,0.055271,0.121077,0.218301,0.122408,0.016688,0.166425,0.218607,0.150669,0.043049,0.108598,0.229616,0.022761,0.249516,0.198738,0.377704,0.503403,0.388902,0.422728,0.011938,0.432044,0.116852,0.239442,0.381482,0.379430,0.040311,0.357973,0.034393,0.044860,0.076348,0.031019,0.008885,0.045200,0.053585,0.043161,0.027850,0.003564,0.037851,0.042857,0.075276,0.058508,0.035784,0.044930,0.031110,0.026106,0.029670,0.031759,0.024017,0.031247,0.015932,0.030975,0.029025,0.040630,0.097896,0.017058,0.089269,0.022461,0.015592,0.022345,0.021326,0.028124,0.040552,0.034320,0.048214,0.034553,0.043989,0.041421,0.054957,0.047861,0.021686,0.031921,0.038531,0.010536,0.043551,0.029070,0.042744,0.059600,0.152811,0.098473,0.083793,0.083693,0.043903,0.037104,0.072772,0.092385,0.023754,0.034236,0.056692,0.075849,0.030006,0.068662,0.084690,0.151152,0.191246,0.038126,0.051690,0.019384,0.037626,0.051481,0.030812,0.022676,0.024029, ,0.129149,0.053073,0.025547,0.155619,0.190336,0.157015,0.091075, , , , , ,0.329502,0.109061, ,0.153053, , , , ,0.027879,0.049300,0.010691,0.035664,0.100343,0.087038,0.043995,0.100259,0.033581,0.096084,0.031389,0.060955,0.104698,0.130805,0.055580,0.100303,0.027821,0.076875,0.171418,0.035108,0.021906,0.034968,0.024295,0.190054,0.057128,0.175863,0.026218,0.193659,0.046552,0.015516,0.045813,0.046640, ,0.345971, , ,0.180819, , , , ,0.240506,0.006053, , ,0.306344,0.063212, ,0.221446,0.152139,0.243201,0.123556,0.147491,0.050160,0.255521,0.338162,0.277374,0.413628,0.310152,0.203880,0.235948,0.037912,0.143290,0.227531,0.023576,0.057899, ,0.031772,0.028483,0.057104,0.044274,0.053857,0.025453,0.050990,0.045445,0.016975,0.044988,0.046693,0.061914,0.068949,0.105392,0.098380,0.168552,0.028221,0.028577,0.032149,0.099667,0.059302,0.044367,0.104265,0.023057,0.134383,0.141416,0.024038,0.018988,0.020662, , ,0.146310, , , , ,0.256601, ,0.351232,0.270055, ,0.428029,0.538229, ,0.220863, ,0.029945,0.030189,0.015475,0.019943,0.032770,0.029900,0.028592,0.029662,0.033713,0.013303,0.019431,0.019000,0.025188,0.029025,0.010512,0.048329,0.043321,0.237410,0.077044,0.030502,0.030843,0.323401,0.037570,0.389630,0.029151,0.294737,0.034218,0.328076,0.038808,0.022651,0.040127,0.190741, ,0.135072,0.096150,0.060702,0.031096,0.050897,0.208914,0.083852,0.024797,0.237082,0.183154,0.239183,0.059662,0.157218,0.189776,0.031909,0.014305,0.137494,0.014937,0.116359,0.265610,0.042999,0.112178,0.090423,0.019642,0.033655,0.038495,0.093960,0.030530,0.084872,0.030676,0.021728,0.108330,0.028707,0.073660,0.020165,0.072969,0.030702,0.039431,0.018757,0.026480,0.054565,0.046916,0.040272,0.027732,0.036695,0.013135,0.119404,0.030586,0.037963,0.040196,0.030071,0.034179,0.016147,0.014136,0.100358,0.125203,0.113232,0.108051,0.028455,0.016968,0.033099,0.049319,0.030008,0.046830,0.011677,0.021054,0.026261,0.057121,0.020123,0.019027,0.157721,0.048713,0.034877,0.074215,0.078545,0.065151,0.024765,0.022282, , , ,0.143656, ,0.116207,0.019238, , ,0.038133, , , ,0.049332, , , ,0.524780,0.473136,0.644703,0.389148,0.350131,0.481762,0.714084,0.205813,0.983986, ,0.384920,0.937768,0.483666,0.496006,0.504210,0.036700,0.022173,0.018624,0.008157,0.015063,0.018569,0.016825,0.078686,0.014418,0.013586, ,0.014048,0.010375,0.024696,0.013966,0.022452,0.018826,0.191266,0.014536,0.200335,0.036677,0.020651,0.157502,0.190051,0.022333,0.018182,0.008747,0.168450,0.019707,0.013649,0.021935,0.022066,0.232486,0.018455, ,0.023347,0.030451,0.153954,0.021499,0.088304,0.064692,0.130945,0.020716,0.105467,0.066379,0.096210,0.027119,0.041446,0.339264,0.037393,0.034826,0.042470,0.023383,0.039298,0.247444,0.031224,0.216640,0.034899,0.257044,0.210396,0.017962,0.023546,0.270378,0.029701,0.016134,0.023971,0.028940,0.042406,0.061602,0.007350,0.028000,0.052473,0.053823,0.020233,0.021226,0.027746,0.047453,0.045681,0.033519,0.044774,0.018257,0.017276,0.029325,0.127509,0.011935,0.047496,0.140802,0.071374,0.069019,0.025421,0.089471,0.026844,0.010465,0.016503,0.046310,0.056362,0.129012,0.110069,0.142599,0.000453,0.173487,0.303061,0.219561,0.100214,0.025947,0.199152,0.015768,0.190643,0.061226,0.203761,0.136500,0.024571,0.039263,0.019087,0.060967,0.006742,0.027706,0.020774,0.301384,0.108904,0.031199,0.072404,0.045867,0.112873,0.137044, ,0.319475,0.072676,0.021028,0.017275,0.021053,0.017281,0.019038,0.021974,0.016454,0.013666,0.054524,0.019586,0.015571,0.030996,0.024898,0.020647,0.015572,0.316726,0.018676,0.031337,0.023026,0.030435,0.022293,0.018675,0.033268,0.140355,0.017456,0.021626,0.032821,0.030182,0.025929,0.138249,0.032087,0.023313,0.253437,0.030903, ,0.267684,0.031010,0.052572,0.018555,0.016568,0.022054,0.025257,0.058423,0.030256,0.020387,0.019762,0.023133,0.019633,0.024082,0.014226,0.031612,0.018757,0.018273,0.028016,0.022172,0.014268,0.023755,0.016702,0.013988,0.027632,0.052128,0.021436,0.016567,0.015045,0.049037,0.398993,0.145136,0.014646,0.144265,0.086946,0.078174,0.047445,0.204279,0.275403,0.331380,0.287606,0.261402,0.071353,0.285222,0.263632, ,0.135559,0.051349,0.366462,0.094760,0.122253,0.480400, ,0.443541,0.018302,0.095416,0.130155,0.163948,0.045869,0.374494,0.579768,0.031288,0.043539, ,0.029883,0.068732,0.081078,0.050773,0.037883,0.049880,0.044286,0.047156,0.055406,0.049242,0.053266,0.097986,0.077550,0.040710,0.022441,0.025143, ,0.556835,0.037729,0.028072,0.015313,0.088792,0.014245,0.019581,0.027470,0.043193,0.313314, , ,0.044131,0.026505,0.023248,0.017358,0.128135,0.028801,0.021466,0.057349,0.026150, ,0.024767,0.051916,0.094019,0.035961,0.027825, ,0.239240,0.329782,0.080701,0.013939,0.085316,0.070780,0.067855,0.157062,0.163207,0.159563,0.295863,0.202191,0.364937,0.201663,0.318442,0.322535,0.034576,0.160371,0.171033,0.042737,0.122080,0.182555,0.134047,0.030414,0.037805,0.031315,0.043879,0.035538,0.066064,0.013450,0.049178,0.046582,0.991198,0.401034,0.665555,0.463165,0.012615,0.430158,0.017748, ,0.041389,0.020535,0.293770,0.036797,0.601677,0.107972,0.315884,0.058683,0.149499,0.126391,0.024777,0.016035,0.026107, ,0.016976,0.243799,0.036471,0.129760,0.177787,0.154084,0.251123,0.154030,0.250570,0.116134
    Number of Spikes per Burst - Avg,33.203125,24.428571, ,33.774194,14.024390,41.338710,41.476923,20.918919,13.850000,8.920000,5.000000,10.038462,17.440860,8.166667,11.571429,15.948718,6.500000, ,6.631579, , ,9.057971, , ,9.804878, ,7.615385,12.000000,8.833333, ,11.605505, , ,16.140351, ,9.583333, ,10.250000, ,14.285714, , , ,9.111111, ,4.000000, , ,18.471429,15.358209,17.253521,9.000000,10.350000,20.108108,9.130435,23.186667,10.400000,26.453333,7.693878,17.250000,10.200000,12.803279,10.952381,13.426471,13.190476,16.600000,17.000000,19.762712,15.857143,41.285714,31.819672,36.245902,4.933333,20.592593,8.704545,15.542373,10.803922,22.366667,20.278689,27.507937,12.626866,18.415584,14.921053,11.500000,5.090909,12.075758,14.920000,16.175676,6.707317,4.000000,10.054545,15.506667,16.539474,17.500000,10.508475,13.662338,18.009901,12.534091,15.340426,8.698113,13.103896,18.210938,10.104478,23.434483,16.519231,19.305970,18.457143,9.632353,18.590164,18.297619,10.390977,10.584615,13.142857,17.560976,14.500000,20.218391,18.652632,16.094118,18.559140,19.218391,15.500000,17.923077,10.405405,8.242424,20.054348,4.333333,19.731183,10.811321,9.450000,6.400000,9.447368,10.325000,10.684211,12.909091,7.300000,7.184211,18.733333,21.559322,5.363636,7.516129,18.866667,22.307692,11.058824,12.500000,15.625000,20.415094,25.132075,22.909091,24.342857,5.000000,10.255814,10.045455,18.020000,13.129032,11.472222, ,22.414634,24.729167,12.500000,19.016393,8.800000,22.655172,6.000000, , , , , ,10.450000,9.700000, ,14.800000, , , , ,12.207547,16.242424,5.000000,16.455696,14.914286,18.362500,21.850000,25.746835,10.032258,18.860759,19.012658,25.461538,19.612500,13.583333,13.944444,27.037500,20.840580,23.765625,23.211268,20.898551,17.479167,27.310811,17.500000,21.152778,28.582278,23.970149,19.735294,19.723077,24.270270,7.280000,18.892308,21.959459, ,14.894737, , ,16.951220, , , , ,14.375000,6.000000, , ,14.896552,6.250000, ,22.636364,25.684211,11.744186,22.775862,22.654545,27.762712,46.431034,13.395349,18.391304,19.600000,46.534483,30.603448,30.224138,20.634615,19.481481,36.396552,10.744186,18.163043, ,8.672727,6.647059,18.845361,7.956522,16.823529,8.307692,12.100000,17.673684,13.166667,19.224719,14.440860,13.862069,19.020619,9.754717,9.701754,10.709091,12.382716,11.485294,10.563636,12.392857,6.625000,16.333333,7.086957,12.500000,6.300000,6.888889,9.736842,6.400000,9.607143, , ,14.506024, , , , ,11.100000, ,10.200000,11.657143, ,9.625000,13.500000, ,12.412698, ,20.070423,11.298507,13.859155,12.816667,16.197183,15.691176,18.633803,18.380282,8.000000,7.515152,15.154930,15.166667,15.746479,14.131148,8.716981,18.854839,23.348485,24.042857,18.696429,20.769231,18.363636,18.918033,19.716418,12.625000,11.833333,26.600000,8.291667,20.090909,16.311111,7.296296,16.292308,25.196429, ,26.393939,26.440000,17.851852,13.500000,29.187500,25.733333,19.161290,9.333333,28.578947,7.421053,23.735294,26.044444,25.975610,18.774194,27.616438,6.222222,32.000000,7.774194,27.416667,28.885714,27.369863,10.280000,23.191781,16.042857,24.630137,14.822581,13.366667,22.547945,31.352113,20.250000,21.947368,17.160714,31.900000,16.333333,20.175439,21.783333,10.734694,20.033333,14.680000,11.450980,26.637931,10.265306,21.765625,19.218182,17.142857,5.821429,13.634615,18.536232,14.837838,12.793103,6.052632,6.562500,12.428571,7.240000,16.575000,15.311475,17.658228,19.153846,17.746835,14.109091,12.623188,16.686567,13.704918,12.212121,6.805556,15.603175,18.626667,6.125000,8.913793,7.777778,16.708333,18.304348,15.382353,17.431373,15.930556,4.666667,17.428571,8.963636, , , ,15.887097, ,9.270270,5.250000, , ,7.473684, , , ,5.727273, , , ,12.611111,22.094595,19.000000,24.480000,18.666667,18.724638,21.333333,12.961538,28.909091, ,15.916667,23.812500,21.898551,20.493151,28.230769,22.750000,22.350000,5.400000,5.250000,21.766667,11.641509,22.066667,15.200000,20.966667,21.633333, ,11.428571,15.550000,10.709091,8.428571,17.350000,15.636364,13.500000,7.684211,18.565217,21.342466,17.768116,19.985915,8.813953,18.758621,5.880000,4.857143,19.000000,9.066667,4.818182,16.352941,12.898305,36.722222,17.100000, ,15.760000,30.418182,30.722222,19.528302,29.767857,27.982143,25.684211,23.296296,32.982456,24.842105,39.071429,22.307692,35.545455,9.157895,20.863636,26.148936,30.895833,11.119048,29.555556,33.191489,26.326087,28.687500,26.750000,26.148936,26.687500,11.935484,6.000000,26.604167,21.187500,6.736842,19.943396,23.228070,23.070423,5.375000,6.133333,21.803279,15.272727,21.094595,17.637931,16.387755,21.985294,20.161765,22.788732,18.375000,12.021277,17.214286,17.333333,21.565217,17.736842,11.444444,15.687500,16.454545,9.809524,7.500000,14.926829,17.074074,9.766667,4.000000,12.135135,19.555556,17.102564,17.833333,14.431034,18.743243,4.500000,12.652174,9.379310,18.140845,11.811321,8.590909,16.918919,6.812500,7.200000,18.693333,12.263889,16.000000,11.344262,19.285714,17.090909,18.202899,4.636364,20.808824,16.857143,21.245614,20.492754,14.406250,16.304348,16.338983,19.768116,23.362319, ,29.955882,18.057971,13.983333,19.796875,20.892308,12.461538,20.833333,17.910448,15.762712,20.546875,15.373134,23.303030,19.156250,8.318182,20.393939,23.166667,8.882353,30.075758,20.919355,19.050000,7.697674,21.818182,19.728814,11.900000,15.885714,24.015385,14.190476,22.307692,17.096774,16.196721,20.042254,17.782609,21.142857,18.338462,28.800000,24.723077, ,28.125000,18.017241,25.346154,14.274194,7.806452,23.440000,24.823529,27.358974,19.619718,20.637681,19.033333,9.362069,21.038462,31.137931,23.137931,30.500000,12.000000,29.672414,24.500000,25.706897,20.431034,28.413793,17.314815,24.034483,9.133333,12.147059,10.280000,11.313725,19.724138,14.208333,10.545455,19.181818,5.818182,18.590164,21.803571,24.958333,13.707317,13.476190,21.203704,14.121951,18.836364,17.550000,22.254545,20.442857,19.400000, ,23.830189,8.275862,26.113208,22.018868,17.230769,22.921569,6.000000,33.698113,5.842105,8.578947,23.529412,22.716981,19.056604,22.294118,9.612903,10.370370,17.895349, ,12.436620,18.175000,22.568627,12.794118,17.363636,11.938462,22.395062,18.000000,11.785714,12.636364,16.608108,15.835052,9.540541,20.823529,17.303571,12.015625, ,24.880597,18.000000,18.057971,8.280000,19.132353,6.000000,6.133333,12.770492,15.950820,8.333333, , ,21.739726,18.411765,12.485714,5.866667,20.627451,22.936508,14.916667,26.800000,14.725000, ,21.673913,15.551020,22.075472,15.545455,16.163265, ,12.818182,19.366197,10.140000,7.555556,20.338028,17.549296,12.258621,25.232877,14.405797,19.112676,17.746479,21.185714,23.549296,15.323944,28.138889,21.394366,19.245614,11.125000,12.803571,17.775862,13.000000,13.824561,12.731707,11.755102,20.189655,18.034483,16.534483,19.087719,14.210526,6.142857,21.706897,5.958333,7.200000,9.375000,17.620690,12.826087,4.500000,17.897059,15.224138,5.000000,16.076923,11.913793,20.104478,12.666667,20.540984,12.809524,11.729167,17.333333,16.715789,22.730000,13.657143,6.633333,15.447059,5.000000,11.746269,18.348837,14.492537,22.079545,15.483333,11.404762,12.136364,16.075000,10.892308,17.730337
    Number of Spikes per Burst - Std,45.559025,17.664811, ,35.295669,12.731778,54.237771,33.153105,15.317706,11.628316,5.086356, ,3.872785,13.973159,3.920034,5.055407,8.580727,1.732051, ,1.344720, , ,5.136044, , ,4.859113, ,1.757767,9.345231,3.312188, ,13.866439, , ,11.918531, ,7.008794, ,8.539126, ,14.916492, , , ,2.606697, , , , ,12.307322,7.029594,10.674025,2.592549,4.282044,8.258773,3.442278,10.553203,5.253570,13.800992,1.583826,8.893021,4.428025,6.027215,3.357363,4.779671,4.411565,3.678614,6.933094,5.919981,9.318440,39.709661,16.579614,29.962007,0.961150,13.294230,2.278101,4.014294,4.656263,11.286660,5.568157,18.192406,3.671495,6.926970,6.476137,3.987726,1.044466,4.431741,5.933779,5.195778,1.289261,0.000000,3.826894,4.872353,6.409245,7.633863,3.861270,4.485680,4.320868,3.005546,4.036269,1.693709,2.845053,5.892278,2.250484,6.646651,5.517810,6.899087,5.343417,1.843945,5.018567,4.728228,2.088332,2.524210,4.260658,5.670146,6.040448,7.309480,6.661685,6.015107,6.278781,7.763099,5.244619,6.662050,3.531284,1.696141,5.945474,0.577350,7.123354,3.414092,2.308846,1.341641,3.753898,2.176654,2.372196,4.274414,1.625455,1.392165,7.475414,10.775565,1.026911,1.690581,7.335696,7.962014,3.463587,5.551032,6.037560,10.794290,18.067222,10.895586,11.059635,0.632456,2.952747,3.631572,6.813821,3.030313,3.281865, ,10.052302,10.572424,3.954482,10.029111,3.701351,20.085389,1.414214, , , , , ,8.654022,5.282543, ,8.978988, , , , ,4.378086,5.437931,0.000000,4.816631,10.319171,6.743480,5.313227,8.192348,2.573304,7.337529,4.476416,8.984391,8.253106,9.680458,5.425264,10.976896,8.519223,11.549400,11.649544,8.685933,6.636423,10.191221,7.019397,16.091866,9.915809,15.295048,8.040230,14.126115,10.616990,2.031420,5.892588,7.999040, ,13.420012, , ,15.603025, , , , ,12.127681,0.000000, , ,17.432205,1.238278, ,13.094194,15.449408,6.354949,10.087413,12.037316,12.739213,38.062788,7.260918,11.932175,9.601006,42.336669,21.144399,19.669232,11.944363,10.025892,21.525130,3.678075,8.976498, ,2.694676,1.656094,8.202312,2.707656,7.040996,2.093212,3.019594,6.382226,3.060501,5.925202,5.716989,6.482844,9.113840,2.921444,4.387339,8.077570,3.551647,3.642587,2.370839,10.193899,0.744024,4.516853,2.429688,2.591406,3.497618,1.739437,2.183758,0.770132,2.826360, , ,8.273339, , , , ,9.930884, ,8.558621,8.457308, ,5.463515,10.710846, ,9.729627, ,4.838311,3.312122,4.206443,4.560299,4.821439,4.045478,5.858424,5.210885,1.938447,1.787477,2.851806,5.285627,4.048698,4.670744,2.003625,9.002453,10.881873,14.453760,8.566148,7.905360,7.474311,16.673627,8.164606,13.643234,5.860936,24.589632,2.595635,20.576211,7.908058,1.705530,8.381011,17.618605, ,10.090030,13.349555,5.868453,3.918525,9.464492,13.938827,6.723574,1.970801,12.671806,1.426565,12.493171,13.348401,11.550948,8.110527,6.939481,1.555089,11.378514,2.171170,9.250428,11.948613,8.083775,3.551602,6.651352,5.536272,8.099223,5.508635,3.695928,6.377132,10.113779,7.359378,6.628998,4.368386,6.614570,4.188874,5.467837,5.692968,2.572090,6.812169,4.239946,3.401845,8.151414,2.008062,5.879051,5.778924,5.447276,1.248809,5.452213,6.463881,5.383962,4.343814,1.078769,2.285120,3.431709,1.451436,6.336103,6.512913,7.655878,6.801598,5.616981,4.306209,3.970855,5.734555,3.702901,3.681618,1.704103,4.774055,4.468428,1.246423,2.019940,1.832644,6.832890,5.068079,4.239225,5.886442,5.313619,0.866025,5.327089,2.680268, , , ,11.684521, ,2.642060,0.957427, , ,2.318247, , , ,0.904534, , , ,11.652781,31.927645,20.871033,29.794503,18.955099,23.521507,28.762957,7.426874,20.452161, ,18.489243,26.108029,28.981812,26.358176,42.898702,6.135821,5.061737,0.966092,0.500000,3.801724,2.609851,4.642715,4.689693,4.610109,3.593623, ,3.520626,3.475946,2.948149,1.684113,3.635163,5.988801,5.682052,1.725880,11.136160,6.133286,5.948665,14.763365,3.445189,7.712624,0.927362,1.069045,8.664208,2.803118,0.981650,6.814744,4.225109,14.426674,4.665330, ,5.593582,7.847365,9.467754,6.017934,8.713607,8.308793,8.205307,6.629350,9.322575,7.078109,10.899303,7.614585,7.654140,3.976460,5.805334,6.355343,8.244249,2.838777,6.706698,16.490628,6.401577,9.109631,6.972591,8.592157,5.907645,4.146770,1.000000,9.176148,5.514608,1.446916,6.643143,8.932320,8.255429,0.916125,1.060099,7.669897,5.688167,8.223203,5.717619,4.640476,8.985050,7.490512,8.612143,5.389608,3.352412,4.381423,3.942570,5.612099,14.018434,2.912480,5.504954,10.734820,2.993644,2.664583,4.885643,7.025162,3.180580,0.000000,3.765060,5.960306,5.897345,8.545954,5.181316,11.313782,0.707107,5.855681,5.171445,18.840151,5.027068,2.754375,11.277031,1.468761,2.661453,7.353935,10.825105,7.449360,3.641818,5.756264,5.532359,5.624473,0.809040,5.420407,5.488625,10.896069,6.286361,5.184589,4.659918,4.787232,3.626475,7.830880, ,27.362920,5.425658,3.397365,4.880085,5.703954,3.380808,4.501567,3.772835,4.658470,4.132449,3.137437,4.898884,4.986390,1.936771,3.999534,4.291614,2.312116,20.520392,6.514293,6.965837,1.551265,8.277698,7.177144,3.698926,4.847061,10.517088,4.268630,7.958728,5.553642,6.120511,7.661474,6.758153,7.606797,6.617394,10.044496,8.243383, ,9.160444,4.954145,6.733955,5.375016,2.006977,6.776829,7.751632,7.155008,7.106066,6.745306,6.254400,2.640430,6.677044,7.042349,4.725624,7.486245,3.050303,4.616477,5.885605,4.966585,5.102844,5.908764,4.785292,4.246631,2.300425,2.996284,3.398919,3.355534,5.730170,5.607587,6.275403,11.556770,2.182576,15.462187,11.026282,12.024723,4.583906,6.883129,16.459647,10.092559,14.376889,15.224228,10.550089,16.527216,17.355475, ,12.158783,3.682939,22.052961,10.313342,8.590043,19.564093, ,40.766967,1.014515,3.501044,8.670301,12.631428,6.026911,16.643670,7.455099,2.909297,6.211998, ,3.632128,6.744477,9.604568,4.177262,5.018846,3.239777,8.525959,7.119853,3.706085,4.036893,5.423989,5.015975,3.468866,8.178861,6.627545,4.610176, ,8.347604,7.394496,5.525034,2.264214,6.775514,1.414214,1.355764,4.543836,5.392669,3.265986, , ,7.015909,7.244795,4.925154,1.125463,10.684495,7.951208,4.783155,12.433607,4.529037, ,7.774758,5.657080,9.758328,6.791957,6.430225, ,6.206796,11.004206,3.505157,1.811778,6.555137,5.502697,4.567468,10.573185,6.090781,7.833170,9.311618,9.761345,20.313112,8.991702,24.835972,14.945118,4.111311,4.280709,5.206359,5.380416,4.524680,7.704643,4.631546,4.441896,5.206126,4.913160,6.575381,4.085168,4.374181,2.035401,6.897771,1.573674,5.482988,4.897344,25.218920,8.672573,0.707107,13.108206,4.615166, ,5.044513,4.425938,7.030527,3.860384,22.617525,5.934745,6.373948,7.742656,10.978376,12.737327,4.552068,2.157318,6.512819, ,4.793756,17.783513,3.653032,14.429553,12.775097,4.161728,7.427364,10.499879,6.917196,8.392047
    Mean ISI within Burst - Avg (sec),0.009027,0.009236, ,0.009016,0.008589,0.008146,0.007422,0.008468,0.010749,0.006946,0.019660,0.012722,0.005417,0.019981,0.008065,0.007658,0.018092, ,0.006924, , ,0.008209, , ,0.011459, ,0.013059,0.028343,0.019049, ,0.006519, , ,0.012826, ,0.017833, ,0.034255, ,0.012566, , , ,0.010990, ,0.011680, , ,0.006571,0.006158,0.005724,0.008280,0.008215,0.005452,0.008713,0.004402,0.009903,0.004603,0.006069,0.005725,0.010660,0.008802,0.008523,0.006763,0.021955,0.004880,0.010339,0.010251,0.011912,0.008649,0.006688,0.006455,0.005594,0.010516,0.009506,0.011962,0.017862,0.008762,0.006026,0.007630,0.006124,0.004906,0.005672,0.006685,0.006313,0.006515,0.006178,0.005320,0.008429,0.010333,0.007452,0.005131,0.005931,0.004901,0.006807,0.005713,0.005686,0.006457,0.005975,0.009831,0.005472,0.005499,0.005041,0.004651,0.005263,0.005158,0.007970,0.005430,0.007148,0.005282,0.006256,0.006939,0.006389,0.005811,0.007828,0.006231,0.005763,0.006472,0.006020,0.006466,0.006884,0.006303,0.007858,0.011244,0.005032,0.008238,0.005684,0.008792,0.009549,0.017627,0.011771,0.013790,0.010310,0.008027,0.010960,0.010362,0.006807,0.007317,0.012126,0.009743,0.006316,0.006060,0.008032,0.009057,0.006141,0.005352,0.006447,0.005582,0.005437,0.013671,0.008681,0.013921,0.005905,0.007660,0.007817, ,0.007804,0.005690,0.006820,0.008050,0.021808,0.008076,0.043350, , , , , ,0.015545,0.013502, ,0.010442, , , , ,0.006988,0.006434,0.008930,0.005554,0.008978,0.005264,0.004617,0.004166,0.007309,0.006122,0.004712,0.004303,0.005263,0.007152,0.006043,0.004062,0.004597,0.005180,0.006016,0.005336,0.005938,0.004622,0.005678,0.005846,0.005414,0.005622,0.005544,0.006640,0.004902,0.008903,0.007034,0.005189, ,0.013644, , ,0.006656, , , , ,0.014591,0.020744, , ,0.013768,0.014367, ,0.005444,0.005327,0.009345,0.005359,0.005511,0.003805,0.004453,0.011169,0.007274,0.010094,0.004281,0.004316,0.005301,0.004732,0.005843,0.004449,0.006235,0.005465, ,0.006253,0.009748,0.006304,0.009587,0.006261,0.007316,0.008298,0.005990,0.004578,0.005346,0.006622,0.006682,0.007333,0.007099,0.005527,0.009505,0.006584,0.006500,0.006184,0.005913,0.016643,0.005460,0.005617,0.006402,0.010124,0.010525,0.006035,0.009632,0.006012, , ,0.008019, , , , ,0.012699, ,0.015596,0.011971, ,0.024499,0.023373, ,0.010789, ,0.003841,0.005469,0.004606,0.006106,0.005385,0.004272,0.004107,0.004144,0.010706,0.005914,0.004596,0.004513,0.004682,0.005351,0.005355,0.006013,0.004982,0.005712,0.005948,0.004954,0.005536,0.005907,0.005137,0.008683,0.006425,0.005176,0.009224,0.007033,0.006030,0.008424,0.006419,0.006866, ,0.005553,0.005887,0.005173,0.008714,0.006388,0.006832,0.006926,0.009178,0.007212,0.012982,0.008739,0.005438,0.005692,0.007726,0.004532,0.010041,0.006720,0.007024,0.004756,0.006795,0.004545,0.008590,0.004967,0.005747,0.004535,0.006572,0.007355,0.004575,0.004168,0.004668,0.005026,0.008256,0.004158,0.008188,0.004921,0.005633,0.008835,0.004848,0.005948,0.009322,0.005069,0.010764,0.005598,0.005480,0.005821,0.007996,0.007667,0.004817,0.006879,0.008042,0.010938,0.006851,0.005270,0.006503,0.006936,0.005970,0.005968,0.005254,0.005321,0.006174,0.007383,0.005708,0.005477,0.006131,0.006108,0.005209,0.004390,0.015921,0.006216,0.007591,0.007474,0.005128,0.005365,0.010048,0.007047,0.010663,0.004575,0.005870, , , ,0.008604, ,0.014231,0.008990, , ,0.010495, , , ,0.012079, , , ,0.012741,0.006686,0.013369,0.006059,0.006398,0.008409,0.012100,0.011950,0.030543, ,0.007464,0.022683,0.006277,0.006343,0.006470,0.004165,0.004552,0.009978,0.009971,0.004237,0.005814,0.004620,0.008139,0.003851,0.003705, ,0.005903,0.004843,0.008225,0.007253,0.004846,0.005252,0.007667,0.007060,0.006943,0.004883,0.005669,0.005993,0.012353,0.005142,0.010574,0.009757,0.006632,0.007003,0.007770,0.005794,0.006733,0.005226,0.005491, ,0.006478,0.003878,0.005038,0.004892,0.005919,0.005696,0.005415,0.004346,0.005319,0.005729,0.006045,0.004795,0.003965,0.014326,0.005291,0.004483,0.004140,0.007449,0.004333,0.004517,0.004290,0.004989,0.004350,0.005726,0.004879,0.005967,0.011445,0.005604,0.005587,0.006861,0.005004,0.004376,0.005616,0.021871,0.009213,0.004454,0.006517,0.005997,0.004659,0.004852,0.004146,0.004886,0.004158,0.005177,0.006631,0.004696,0.004264,0.004094,0.004776,0.005265,0.006990,0.006418,0.016036,0.015950,0.005805,0.006508,0.006845,0.009507,0.004639,0.004851,0.004850,0.005064,0.005762,0.004439,0.007317,0.006166,0.011041,0.004923,0.005765,0.009805,0.004869,0.009056,0.012355,0.004408,0.005797,0.004883,0.005801,0.004315,0.004463,0.004984,0.006805,0.004126,0.004464,0.005932,0.004886,0.004602,0.006429,0.006022,0.005331,0.005023, ,0.005015,0.006152,0.005839,0.004770,0.004262,0.005753,0.004126,0.004698,0.004395,0.004357,0.006161,0.004092,0.004370,0.012479,0.004374,0.004184,0.006264,0.005296,0.004714,0.005431,0.008989,0.004805,0.004585,0.005776,0.005901,0.004564,0.005698,0.004285,0.006306,0.006244,0.004311,0.007649,0.004655,0.005360,0.007254,0.004424, ,0.005130,0.005862,0.005367,0.005447,0.008024,0.004241,0.004234,0.004991,0.005493,0.004068,0.004568,0.007055,0.004785,0.003872,0.004222,0.004436,0.006627,0.003805,0.004670,0.004538,0.004550,0.004153,0.004516,0.004035,0.014110,0.019479,0.006148,0.007276,0.004332,0.007639,0.009276,0.005217,0.007305,0.005325,0.007118,0.004336,0.008140,0.006029,0.004996,0.008066,0.006279,0.005928,0.004686,0.005813,0.006764, ,0.004644,0.009182,0.005546,0.006239,0.005961,0.007223,0.093328,0.004760,0.007054,0.016770,0.004695,0.005250,0.005025,0.006763,0.019663,0.008024,0.005290, ,0.006282,0.005539,0.005885,0.007375,0.005564,0.008087,0.004577,0.006040,0.009836,0.007135,0.006655,0.008876,0.010589,0.006023,0.004915,0.007982, ,0.008197,0.005800,0.005415,0.006788,0.006558,0.008110,0.009903,0.007104,0.007816,0.037594, , ,0.007192,0.005626,0.006539,0.011521,0.008605,0.004599,0.005439,0.006314,0.006671, ,0.004965,0.007952,0.006232,0.007717,0.007196, ,0.007950,0.005894,0.008019,0.009186,0.004942,0.005044,0.007171,0.004338,0.006737,0.004887,0.006598,0.005433,0.004957,0.006801,0.004433,0.006079,0.004695,0.007386,0.006996,0.004954,0.005880,0.007015,0.009228,0.006835,0.004162,0.004459,0.005076,0.005114,0.006351,0.006693,0.004317,0.009589,0.020037,0.011252,0.011213,0.014334,0.005823,0.007446,0.004621,0.013120,0.005359,0.005196,0.007739,0.006030,0.007862,0.006131,0.011550,0.005488,0.005704,0.004363,0.006005,0.006139,0.005833,0.010800,0.005217,0.005524,0.005642,0.005124,0.007134,0.007688,0.006929,0.005749,0.007582,0.005472
    Mean ISI within Burst - Std (sec),0.005367,0.003734, ,0.006193,0.009365,0.003820,0.003726,0.002917,0.011794,0.003361, ,0.004285,0.003508,0.012642,0.003796,0.003065,0.021202, ,0.003292, , ,0.004396, , ,0.006897, ,0.003189,0.015837,0.021204, ,0.002352, , ,0.004379, ,0.007174, ,0.018765, ,0.004616, , , ,0.004629, , , , ,0.002363,0.002083,0.002224,0.004999,0.004703,0.001547,0.003870,0.001382,0.005128,0.001149,0.001956,0.002273,0.007001,0.004382,0.003440,0.003198,0.010866,0.001130,0.006255,0.006671,0.009793,0.002755,0.005015,0.003100,0.001855,0.008190,0.010706,0.013061,0.020074,0.007485,0.002244,0.004589,0.002310,0.001190,0.002163,0.002134,0.001388,0.001939,0.001866,0.001831,0.004351,0.001188,0.002232,0.002059,0.002625,0.001143,0.002502,0.002446,0.002520,0.003056,0.002346,0.003749,0.002409,0.001804,0.001753,0.001116,0.002010,0.001651,0.003376,0.002379,0.003638,0.002049,0.001498,0.001642,0.002042,0.002326,0.003652,0.003094,0.002495,0.003147,0.002440,0.003204,0.002738,0.002856,0.003219,0.004456,0.002072,0.002484,0.003305,0.003436,0.004144,0.007499,0.008721,0.008596,0.006104,0.003706,0.005308,0.003854,0.003067,0.003498,0.004404,0.004861,0.003312,0.002858,0.002525,0.004729,0.002943,0.002443,0.002836,0.002587,0.003065,0.004179,0.002979,0.004182,0.002294,0.002334,0.002613, ,0.002786,0.001744,0.003019,0.003406,0.010945,0.004741,0.005954, , , , , ,0.008994,0.003641, ,0.003532, , , , ,0.001475,0.002930,0.002673,0.001977,0.003380,0.001869,0.001095,0.001210,0.001806,0.002456,0.001224,0.000987,0.001602,0.001954,0.001973,0.000828,0.002010,0.001705,0.002874,0.001870,0.002087,0.001867,0.001945,0.002221,0.002298,0.002623,0.002692,0.002721,0.002567,0.002628,0.003245,0.002557, ,0.004931, , ,0.002301, , , , ,0.008036,0.001211, , ,0.003426,0.006698, ,0.002657,0.001716,0.008817,0.001768,0.002052,0.000612,0.000906,0.011362,0.004506,0.009389,0.001220,0.001510,0.002015,0.001673,0.002513,0.001713,0.002229,0.002031, ,0.002485,0.004896,0.003047,0.003452,0.002534,0.004183,0.005207,0.002449,0.000829,0.002312,0.002795,0.002522,0.003762,0.004084,0.002991,0.006512,0.002693,0.002476,0.003022,0.002247,0.008574,0.001940,0.005169,0.001870,0.008130,0.010358,0.002337,0.002997,0.002256, , ,0.003752, , , , ,0.004171, ,0.006764,0.006341, ,0.018329,0.017456, ,0.003964, ,0.001222,0.002222,0.001171,0.001990,0.001213,0.001196,0.000964,0.000560,0.003781,0.001818,0.001087,0.000753,0.001393,0.001969,0.001355,0.002573,0.001852,0.002850,0.005748,0.001323,0.001616,0.003098,0.001767,0.005884,0.002059,0.002225,0.002604,0.003407,0.001780,0.002656,0.002848,0.002911, ,0.003140,0.003243,0.001847,0.003066,0.001512,0.003926,0.003206,0.003477,0.003907,0.017717,0.004245,0.002102,0.002866,0.005047,0.001510,0.003087,0.002772,0.001664,0.001823,0.003845,0.001997,0.008065,0.003271,0.001608,0.001586,0.003107,0.004679,0.001703,0.001241,0.001439,0.001740,0.007409,0.001255,0.003967,0.001451,0.004772,0.002696,0.002151,0.002347,0.003650,0.002275,0.004224,0.002424,0.002511,0.002056,0.002053,0.004393,0.001588,0.003091,0.003061,0.004372,0.002179,0.001438,0.001900,0.002947,0.003028,0.002355,0.002471,0.001829,0.002173,0.002340,0.001834,0.001560,0.002285,0.001826,0.001535,0.001356,0.007799,0.002251,0.002414,0.005557,0.001799,0.002300,0.002692,0.003693,0.012408,0.000971,0.002143, , , ,0.003488, ,0.009239,0.003561, , ,0.003223, , , ,0.007350, , , ,0.008341,0.002767,0.007596,0.002264,0.004024,0.003875,0.005286,0.007749,0.012269, ,0.003675,0.017457,0.003298,0.003943,0.002066,0.000767,0.000804,0.003639,0.000716,0.000533,0.001148,0.000832,0.002935,0.000460,0.000452, ,0.001782,0.000913,0.002408,0.001458,0.001105,0.002045,0.005644,0.001359,0.002872,0.001680,0.001592,0.001826,0.010020,0.001922,0.003177,0.003573,0.002735,0.001845,0.001701,0.002181,0.002204,0.002346,0.001373, ,0.002131,0.001109,0.002133,0.001278,0.004429,0.004322,0.004832,0.001259,0.004429,0.004271,0.001555,0.002214,0.000853,0.015766,0.003864,0.001592,0.001417,0.003025,0.002100,0.002329,0.001398,0.003598,0.001356,0.005034,0.005079,0.001669,0.002655,0.005207,0.003067,0.002138,0.001629,0.001657,0.002737,0.011170,0.001791,0.001384,0.003913,0.002987,0.001300,0.001295,0.001459,0.001708,0.001062,0.001873,0.003015,0.001652,0.000926,0.000954,0.002636,0.001803,0.004532,0.003168,0.006606,0.004615,0.002594,0.003813,0.002629,0.003488,0.001662,0.001738,0.001903,0.001881,0.002998,0.001486,0.001607,0.003317,0.009542,0.001557,0.002625,0.002270,0.001928,0.002290,0.011349,0.001404,0.002150,0.001988,0.001934,0.002336,0.000975,0.004061,0.001628,0.001930,0.000885,0.005593,0.002362,0.002784,0.004520,0.001873,0.005362,0.003250, ,0.001958,0.002872,0.001758,0.001468,0.001391,0.001643,0.000936,0.001573,0.000908,0.001198,0.003389,0.001357,0.001268,0.003147,0.001875,0.001300,0.001740,0.002858,0.001342,0.001842,0.002762,0.001787,0.001639,0.001417,0.002957,0.002400,0.002062,0.001254,0.002557,0.002063,0.001335,0.003861,0.001405,0.002430,0.006130,0.000927, ,0.004164,0.001250,0.002837,0.001838,0.002231,0.001392,0.001349,0.002219,0.003091,0.001087,0.001389,0.001835,0.001876,0.000524,0.001020,0.000709,0.001379,0.000565,0.000779,0.001280,0.001450,0.000771,0.001020,0.000700,0.003189,0.004745,0.001390,0.002265,0.001322,0.002805,0.008941,0.001750,0.001495,0.001747,0.001920,0.001474,0.002921,0.004016,0.002233,0.004574,0.003609,0.002856,0.001545,0.002798,0.002805, ,0.001658,0.005034,0.003014,0.002365,0.002369,0.005562, ,0.002174,0.002874,0.008426,0.002658,0.002184,0.001591,0.004333,0.023629,0.002297,0.002029, ,0.002355,0.002420,0.003110,0.004248,0.002418,0.004112,0.001549,0.002720,0.004083,0.003113,0.003320,0.005186,0.003932,0.002256,0.001619,0.003133, ,0.011743,0.002679,0.002144,0.001486,0.004304,0.002195,0.003654,0.002783,0.002924,0.021383, , ,0.003902,0.002760,0.002385,0.003180,0.002695,0.001679,0.001878,0.003372,0.002092, ,0.001793,0.003022,0.002046,0.002992,0.003766, ,0.005266,0.004213,0.003545,0.002305,0.002994,0.001946,0.002464,0.001888,0.004020,0.002453,0.004820,0.003325,0.002455,0.003086,0.001656,0.003052,0.000922,0.005228,0.004898,0.001090,0.003322,0.003055,0.005516,0.002195,0.000843,0.000978,0.001321,0.001256,0.002712,0.001983,0.000895,0.004637,0.041794,0.011563,0.009202,0.014718,0.002428,0.006450,0.001499, ,0.002787,0.001172,0.008854,0.002838,0.006138,0.003331,0.015360,0.003456,0.001976,0.001009,0.001595,0.001835,0.001796, ,0.001690,0.002254,0.001780,0.001914,0.002956,0.005069,0.003844,0.002142,0.003690,0.003137
    Median ISI within Burst - Avg (sec),0.006052,0.005915, ,0.006067,0.005647,0.005019,0.005634,0.005694,0.007443,0.004727,0.006280,0.010091,0.003363,0.012607,0.005114,0.005543,0.013260, ,0.005138, , ,0.005914, , ,0.010344, ,0.011911,0.023570,0.015233, ,0.004736, , ,0.010144, ,0.013842, ,0.019420, ,0.008216, , , ,0.008517, ,0.008720, , ,0.004250,0.004930,0.004002,0.006896,0.005896,0.003821,0.006817,0.003286,0.007035,0.003314,0.004749,0.004125,0.007843,0.006224,0.006683,0.004687,0.014339,0.003530,0.006921,0.006794,0.008051,0.006006,0.004667,0.004519,0.004781,0.007889,0.007926,0.007272,0.012540,0.005695,0.004283,0.004858,0.004246,0.003673,0.004026,0.004982,0.005553,0.004778,0.004196,0.003990,0.006490,0.009680,0.006040,0.003829,0.003850,0.003641,0.004716,0.004056,0.004324,0.005296,0.004536,0.007039,0.004281,0.004153,0.004002,0.003420,0.004037,0.004020,0.006301,0.004301,0.005485,0.004078,0.005064,0.005248,0.004618,0.004349,0.005584,0.004080,0.004272,0.004697,0.004132,0.004232,0.005004,0.004339,0.006277,0.008943,0.003758,0.008080,0.003651,0.007269,0.006534,0.013040,0.008524,0.009283,0.006537,0.005423,0.008438,0.008157,0.004467,0.004294,0.010171,0.006752,0.003739,0.003915,0.006505,0.007031,0.004175,0.003995,0.004678,0.004497,0.004493,0.012473,0.007092,0.011491,0.004785,0.006471,0.006497, ,0.004928,0.004022,0.005337,0.005668,0.016152,0.005183,0.032440, , , , , ,0.010382,0.009470, ,0.008844, , , , ,0.005800,0.004541,0.009120,0.004451,0.008032,0.004123,0.003405,0.003131,0.006555,0.004496,0.003642,0.003318,0.003784,0.005688,0.004968,0.003155,0.003689,0.004042,0.004483,0.004196,0.004902,0.003697,0.004654,0.004672,0.004069,0.004325,0.004552,0.005909,0.003872,0.007320,0.005038,0.004155, ,0.011703, , ,0.004593, , , , ,0.010086,0.017480, , ,0.011066,0.009370, ,0.004296,0.003812,0.005020,0.003920,0.003991,0.003148,0.003118,0.006127,0.004937,0.004851,0.003146,0.003063,0.003512,0.003714,0.004343,0.003061,0.005212,0.004283, ,0.004682,0.007920,0.004449,0.007712,0.004624,0.005951,0.006575,0.004383,0.003847,0.003886,0.005243,0.005258,0.004760,0.005014,0.004044,0.006258,0.004527,0.004722,0.004480,0.004461,0.011870,0.003832,0.004142,0.004401,0.006876,0.006960,0.003862,0.006127,0.004331, , ,0.005799, , , , ,0.010486, ,0.012770,0.009755, ,0.011675,0.014752, ,0.007411, ,0.003065,0.004153,0.003649,0.005035,0.004118,0.003508,0.003297,0.003168,0.008078,0.004698,0.003406,0.003592,0.003797,0.004077,0.004482,0.004830,0.003838,0.004265,0.004526,0.003910,0.004212,0.004529,0.003964,0.006893,0.005155,0.003915,0.007903,0.005145,0.004795,0.006941,0.004895,0.005059, ,0.003921,0.003678,0.004047,0.006586,0.004139,0.004414,0.004632,0.007063,0.004406,0.007678,0.004709,0.003992,0.003815,0.005034,0.003603,0.007624,0.004782,0.006006,0.003764,0.004675,0.003561,0.006351,0.003852,0.004502,0.003619,0.005219,0.005360,0.003700,0.003217,0.003671,0.004039,0.005801,0.003329,0.005867,0.003830,0.004102,0.006812,0.003849,0.005265,0.007372,0.003823,0.007989,0.004133,0.004209,0.004441,0.007429,0.005610,0.003563,0.004797,0.005501,0.009571,0.006005,0.003998,0.005206,0.005301,0.004567,0.004460,0.003484,0.004064,0.004827,0.006136,0.004080,0.004054,0.004461,0.004832,0.003793,0.003329,0.012760,0.005119,0.006596,0.004508,0.003616,0.004102,0.005776,0.004449,0.009391,0.003497,0.004467, , , ,0.005355, ,0.008525,0.008210, , ,0.009284, , , ,0.008218, , , ,0.010176,0.005075,0.010714,0.004484,0.004741,0.006457,0.010770,0.009525,0.020655, ,0.005526,0.015095,0.004870,0.004929,0.005248,0.003217,0.003593,0.008424,0.009620,0.003241,0.004698,0.003817,0.006795,0.003187,0.003039, ,0.005143,0.004009,0.006882,0.006591,0.003795,0.004090,0.005866,0.006396,0.005571,0.004105,0.004453,0.004861,0.009629,0.004120,0.009258,0.008674,0.004805,0.006076,0.007480,0.004781,0.005563,0.003433,0.004447, ,0.005017,0.003200,0.003504,0.003979,0.004417,0.004338,0.004745,0.003540,0.004106,0.004469,0.004651,0.003894,0.003139,0.010629,0.004303,0.003574,0.003269,0.005652,0.003548,0.003398,0.003477,0.003646,0.003442,0.004306,0.003540,0.004803,0.008867,0.003862,0.004410,0.005758,0.003971,0.003462,0.004035,0.015200,0.008301,0.003610,0.005010,0.003646,0.003774,0.003910,0.003432,0.003541,0.003219,0.003762,0.005139,0.003748,0.003371,0.003229,0.003043,0.004311,0.004861,0.004158,0.012630,0.011320,0.004047,0.004040,0.005137,0.007680,0.003806,0.003500,0.003309,0.003949,0.004264,0.003568,0.006260,0.004652,0.008018,0.003589,0.004592,0.008604,0.003734,0.007394,0.007746,0.003442,0.004667,0.003781,0.004472,0.003610,0.003447,0.004134,0.006193,0.003475,0.003700,0.004337,0.003898,0.003706,0.004864,0.004936,0.004143,0.003703, ,0.003961,0.004787,0.004441,0.003753,0.003396,0.004900,0.003248,0.003502,0.003634,0.003359,0.004706,0.003190,0.003592,0.009804,0.003368,0.003233,0.005015,0.003821,0.003695,0.004359,0.007237,0.003865,0.003799,0.004680,0.004823,0.003393,0.004707,0.003447,0.004226,0.004868,0.003473,0.005541,0.003631,0.004215,0.005136,0.003518, ,0.003839,0.004805,0.004324,0.004328,0.006415,0.003396,0.003413,0.004006,0.004220,0.003381,0.003736,0.006303,0.003753,0.003077,0.003497,0.003320,0.005462,0.003007,0.003460,0.003502,0.003594,0.003281,0.003672,0.003274,0.011453,0.016206,0.005323,0.006129,0.003742,0.006140,0.006627,0.003762,0.005920,0.004101,0.005385,0.003387,0.006100,0.004366,0.003654,0.005439,0.004577,0.004077,0.003605,0.004043,0.005143, ,0.003392,0.006432,0.003649,0.004389,0.003778,0.004844,0.112240,0.003540,0.005901,0.015221,0.003444,0.003601,0.003664,0.004332,0.014640,0.006844,0.004008, ,0.005106,0.003891,0.003973,0.005756,0.004304,0.006054,0.003610,0.004339,0.007092,0.005380,0.004692,0.005467,0.006789,0.004581,0.004000,0.006204, ,0.006539,0.004444,0.004023,0.005352,0.005074,0.007219,0.007768,0.005889,0.004901,0.020127, , ,0.005327,0.004436,0.005466,0.010411,0.006120,0.003543,0.004364,0.004681,0.005361, ,0.003979,0.005747,0.003918,0.006583,0.005980, ,0.005808,0.004226,0.006395,0.008469,0.003384,0.003891,0.005824,0.003260,0.005140,0.003689,0.004543,0.003814,0.003705,0.005356,0.003377,0.004601,0.003466,0.005004,0.004851,0.003637,0.004632,0.005107,0.006355,0.005190,0.003174,0.003357,0.003916,0.003668,0.004412,0.005543,0.003233,0.008393,0.008330,0.007734,0.009211,0.009788,0.006000,0.005541,0.003635,0.007120,0.003878,0.004093,0.005685,0.004393,0.005404,0.004593,0.007362,0.004228,0.004531,0.003392,0.004894,0.005428,0.004496,0.010280,0.004304,0.004423,0.004199,0.003743,0.005841,0.006545,0.005139,0.004281,0.005999,0.004182
    Median ISI within Burst - Std (sec),0.003190,0.002130, ,0.004226,0.004215,0.001820,0.002949,0.002646,0.008246,0.001514, ,0.004630,0.000836,0.005407,0.002523,0.002751,0.014658, ,0.002484, , ,0.003280, , ,0.005951, ,0.003413,0.012740,0.018963, ,0.001550, , ,0.004263, ,0.006093, ,0.004665, ,0.002541, , , ,0.003072, , , , ,0.001503,0.001953,0.000998,0.002500,0.002408,0.001065,0.003171,0.000666,0.002584,0.000500,0.002078,0.001398,0.003491,0.002938,0.003210,0.001501,0.007839,0.000723,0.004511,0.005339,0.006493,0.002154,0.003297,0.002141,0.001112,0.006637,0.008757,0.007863,0.012453,0.004087,0.001684,0.003257,0.001550,0.000869,0.001385,0.001646,0.001636,0.001391,0.000930,0.001335,0.003116,0.002036,0.002076,0.001335,0.001150,0.000600,0.001823,0.001301,0.002001,0.003121,0.002124,0.002850,0.002149,0.001514,0.001444,0.000657,0.001458,0.001277,0.002814,0.002087,0.003024,0.001781,0.001626,0.001618,0.001557,0.001533,0.002499,0.001740,0.001640,0.002068,0.001227,0.001465,0.001936,0.001548,0.002990,0.004002,0.001287,0.003418,0.001307,0.003198,0.002188,0.006186,0.006508,0.006137,0.003947,0.002524,0.003053,0.002514,0.002269,0.001980,0.003425,0.002760,0.001984,0.001881,0.002312,0.004559,0.001899,0.001524,0.002333,0.002831,0.002837,0.003699,0.003295,0.005229,0.002464,0.002435,0.002606, ,0.001919,0.001488,0.002770,0.002370,0.003645,0.002881,0.007976, , , , , ,0.005504,0.002477, ,0.003519, , , , ,0.001526,0.001354,0.002885,0.001374,0.002955,0.001130,0.000720,0.000373,0.001357,0.001594,0.000916,0.000535,0.000824,0.001767,0.001946,0.000461,0.001188,0.001604,0.001884,0.001737,0.002477,0.001405,0.002012,0.001799,0.001858,0.002077,0.002435,0.002804,0.001929,0.002430,0.002075,0.002008, ,0.004314, , ,0.001268, , , , ,0.004087,0.004016, , ,0.003197,0.004241, ,0.001839,0.000881,0.001490,0.000707,0.001219,0.000478,0.000401,0.001648,0.001743,0.001448,0.000339,0.000286,0.000606,0.001076,0.001611,0.000268,0.002249,0.001706, ,0.001610,0.003065,0.001862,0.002170,0.001915,0.003136,0.004072,0.002138,0.000675,0.001478,0.002345,0.002624,0.001699,0.001769,0.001594,0.003487,0.002092,0.002100,0.002037,0.001774,0.006461,0.001078,0.001329,0.001626,0.005692,0.003721,0.001293,0.001084,0.001457, , ,0.002107, , , , ,0.002867, ,0.004492,0.004560, ,0.006463,0.007958, ,0.002063, ,0.000380,0.001109,0.000983,0.002058,0.001161,0.000721,0.000717,0.000268,0.003592,0.001618,0.000617,0.000975,0.001210,0.001383,0.001094,0.002429,0.001247,0.001557,0.004276,0.001230,0.001264,0.001733,0.001220,0.003789,0.002286,0.001470,0.001675,0.002161,0.001745,0.002426,0.001872,0.002318, ,0.001917,0.001227,0.001269,0.002800,0.001246,0.001951,0.002439,0.002304,0.001995,0.002969,0.001790,0.001878,0.001303,0.002314,0.001396,0.003253,0.001745,0.001814,0.001549,0.001950,0.001864,0.003115,0.002270,0.001458,0.001488,0.002346,0.001632,0.001232,0.000706,0.000890,0.001383,0.004702,0.001104,0.002933,0.000972,0.002019,0.001921,0.001489,0.002832,0.003144,0.001804,0.002799,0.001586,0.001744,0.001518,0.001842,0.002655,0.000957,0.001983,0.002567,0.003336,0.002341,0.001598,0.001301,0.002487,0.002139,0.001486,0.001057,0.001515,0.002193,0.002475,0.001288,0.001185,0.001485,0.001732,0.001062,0.000906,0.004536,0.001598,0.002450,0.002437,0.001102,0.001775,0.002283,0.001769,0.012298,0.000927,0.001326, , , ,0.001707, ,0.003338,0.003229, , ,0.002612, , , ,0.002092, , , ,0.003652,0.001748,0.003892,0.001435,0.001920,0.002466,0.003514,0.004548,0.007644, ,0.002420,0.010187,0.002226,0.003311,0.001729,0.000316,0.000648,0.002984,0.001359,0.000271,0.001003,0.000779,0.002447,0.000334,0.000213, ,0.002167,0.000761,0.002239,0.001521,0.000760,0.001237,0.002446,0.001442,0.002032,0.001457,0.001425,0.001677,0.003114,0.001637,0.002319,0.003551,0.001331,0.001869,0.001987,0.002222,0.002139,0.000568,0.001190, ,0.001743,0.000879,0.000818,0.001080,0.003120,0.003564,0.004709,0.000907,0.003828,0.003373,0.001434,0.001708,0.000595,0.010557,0.002838,0.001045,0.000929,0.001509,0.002089,0.001037,0.001133,0.001437,0.000966,0.002881,0.001165,0.001335,0.002597,0.002179,0.002102,0.001898,0.001642,0.001253,0.001945,0.009507,0.001341,0.001189,0.003067,0.001068,0.001088,0.001297,0.000993,0.000964,0.000643,0.001300,0.002411,0.001398,0.000791,0.000693,0.000339,0.001564,0.002993,0.001216,0.003498,0.002093,0.001657,0.001466,0.002419,0.005544,0.001730,0.000951,0.000952,0.001226,0.001307,0.001072,0.002461,0.001962,0.005153,0.000962,0.001344,0.002805,0.000954,0.002698,0.004378,0.001063,0.001404,0.001217,0.001441,0.002361,0.000635,0.003424,0.001989,0.001756,0.000834,0.003043,0.001700,0.002347,0.003727,0.002085,0.003925,0.001709, ,0.001314,0.003149,0.001318,0.001042,0.000852,0.001592,0.000761,0.000900,0.000940,0.000735,0.002766,0.000983,0.001007,0.003594,0.001349,0.000942,0.001348,0.001466,0.001077,0.001657,0.002259,0.001234,0.001547,0.001435,0.002325,0.001124,0.001855,0.000949,0.001505,0.001897,0.001080,0.002085,0.001014,0.001891,0.004222,0.000955, ,0.002200,0.001420,0.002360,0.001426,0.002096,0.000949,0.001104,0.001681,0.001788,0.000910,0.001168,0.001607,0.001269,0.000265,0.000820,0.000660,0.001643,0.000235,0.000873,0.000971,0.001054,0.000652,0.000781,0.000449,0.003045,0.004519,0.001731,0.002307,0.001388,0.002741,0.003285,0.001101,0.001331,0.001556,0.001599,0.001507,0.002519,0.001179,0.001043,0.002098,0.002443,0.001661,0.001256,0.001585,0.002386, ,0.000673,0.003228,0.001068,0.002551,0.000787,0.002954, ,0.000967,0.002186,0.007962,0.001080,0.000893,0.000787,0.001532,0.014725,0.002453,0.001395, ,0.002259,0.001122,0.001595,0.003157,0.002088,0.002693,0.001028,0.001652,0.002899,0.001991,0.002380,0.002331,0.002152,0.001970,0.001573,0.002694, ,0.010995,0.001649,0.001240,0.001886,0.003476,0.002151,0.002522,0.002737,0.002043,0.010815, , ,0.002784,0.002406,0.002156,0.003332,0.002129,0.001068,0.001873,0.002344,0.002095, ,0.001581,0.002795,0.001209,0.003134,0.003741, ,0.002097,0.001525,0.001813,0.002704,0.000827,0.000869,0.001949,0.000591,0.001750,0.000796,0.001990,0.001199,0.001039,0.001827,0.000747,0.002155,0.000561,0.001838,0.001604,0.000834,0.001026,0.001716,0.002714,0.002183,0.000417,0.000632,0.001289,0.000757,0.001633,0.002445,0.000565,0.002702,0.002431,0.004000,0.007780,0.008897,0.002828,0.004806,0.001455, ,0.001451,0.001255,0.007170,0.001700,0.003191,0.002297,0.008149,0.001888,0.001447,0.000584,0.001773,0.001656,0.001560, ,0.001590,0.001644,0.001187,0.001197,0.002569,0.004740,0.001829,0.001452,0.001574,0.002043
    Median/Mean ISI within Burst,0.718888,0.672419, ,0.705444,0.771226,0.672518,0.783816,0.676962,0.740544,0.749186,0.319430,0.786779,0.714021,0.740729,0.665234,0.726913,0.817855, ,0.772255, , ,0.741699, , ,0.911920, ,0.920914,0.837538,0.781036, ,0.758453, , ,0.792951, ,0.796391, ,0.648619, ,0.689378, , , ,0.803817, ,0.746575, , ,0.667728,0.800394,0.729453,0.888897,0.763311,0.716969,0.802353,0.777563,0.758857,0.741014,0.786483,0.738671,0.797482,0.732273,0.790070,0.742365,0.663176,0.737115,0.672121,0.658409,0.718385,0.691086,0.727627,0.714576,0.903516,0.753785,0.842610,0.636343,0.794273,0.713476,0.725753,0.652935,0.720837,0.760796,0.730671,0.756803,0.899856,0.750005,0.704488,0.759822,0.798178,0.931602,0.820436,0.763599,0.687487,0.762530,0.721230,0.740925,0.769592,0.801586,0.753680,0.720262,0.780501,0.758716,0.803355,0.748896,0.781933,0.789802,0.792514,0.795446,0.752761,0.772879,0.808682,0.765131,0.738614,0.768696,0.742016,0.697861,0.763740,0.752580,0.723615,0.700455,0.744528,0.724221,0.793288,0.805427,0.771638,0.955458,0.711929,0.826238,0.727580,0.789376,0.739883,0.696389,0.665019,0.705752,0.820797,0.818692,0.675787,0.620178,0.849291,0.727965,0.617556,0.677667,0.811658,0.770880,0.711678,0.774026,0.733538,0.789465,0.826033,0.914774,0.816045,0.826762,0.792185,0.838898,0.823246, ,0.657805,0.707241,0.795505,0.724874,0.817755,0.667805,0.768208, , , , , ,0.711350,0.719997, ,0.838577, , , , ,0.829360,0.734107,1.018553,0.822641,0.905814,0.805500,0.752334,0.779553,0.907672,0.755791,0.779558,0.786457,0.737360,0.809405,0.822510,0.789259,0.820629,0.779610,0.769000,0.781367,0.805114,0.813911,0.811124,0.806025,0.764985,0.781937,0.817274,0.875056,0.801098,0.832758,0.737371,0.805398, ,0.864252, , ,0.724456, , , , ,0.733248,0.849750, , ,0.810198,0.694257, ,0.812384,0.738833,0.718488,0.757024,0.748803,0.833682,0.715459,0.741539,0.749064,0.660527,0.765998,0.752275,0.704115,0.805055,0.764707,0.739632,0.834725,0.787735, ,0.784825,0.849563,0.743154,0.841608,0.755622,0.834124,0.806269,0.747783,0.848085,0.749535,0.800621,0.775934,0.702196,0.752412,0.780820,0.706655,0.703430,0.739845,0.747954,0.772416,0.715114,0.728385,0.834077,0.696800,0.740091,0.764483,0.685739,0.684888,0.745946, , ,0.754027, , , , ,0.847205, ,0.845237,0.844698, ,0.560289,0.737973, ,0.727235, ,0.825248,0.796622,0.801297,0.812544,0.764034,0.833068,0.811314,0.774019,0.757589,0.814198,0.760159,0.790122,0.813170,0.767040,0.847518,0.793896,0.782072,0.786921,0.785948,0.791340,0.768132,0.800879,0.786605,0.828576,0.796690,0.778784,0.882633,0.759123,0.791988,0.834739,0.792068,0.746341, ,0.743266,0.711307,0.803068,0.757991,0.646947,0.716300,0.687220,0.795569,0.648391,0.820600,0.590022,0.734470,0.725285,0.717205,0.795907,0.766059,0.724403,0.852576,0.794381,0.732535,0.785312,0.807936,0.799986,0.786430,0.799175,0.797376,0.773524,0.822408,0.791203,0.800189,0.810022,0.734109,0.806464,0.736785,0.790455,0.781465,0.795474,0.812436,0.860175,0.801274,0.767522,0.779920,0.760351,0.786063,0.771164,0.939797,0.763842,0.761176,0.718583,0.681232,0.902647,0.877622,0.757349,0.824600,0.768977,0.782108,0.765458,0.704896,0.768712,0.775989,0.823225,0.733129,0.752350,0.749229,0.795670,0.742622,0.775305,0.862692,0.844839,0.871485,0.668374,0.730001,0.776321,0.585217,0.690426,0.882940,0.766743,0.790982, , , ,0.668854, ,0.687898,0.914346, , ,0.901646, , , ,0.789624, , , ,0.882320,0.778735,0.862149,0.756393,0.793930,0.790251,0.926817,0.859992,0.694842, ,0.764705,0.778139,0.792511,0.787998,0.817940,0.788179,0.798013,0.868083,0.962103,0.772413,0.814987,0.826914,0.845112,0.833352,0.828346, ,0.861626,0.831785,0.838080,0.914418,0.796709,0.802411,0.830231,0.907364,0.822211,0.843111,0.784812,0.809680,0.873664,0.803202,0.898117,0.883242,0.753989,0.873711,0.964579,0.815047,0.825867,0.707650,0.812450, ,0.779912,0.833971,0.723443,0.815768,0.754273,0.753671,0.852963,0.823398,0.767354,0.780759,0.767011,0.820217,0.797767,0.820306,0.832201,0.814593,0.806818,0.792085,0.812985,0.798029,0.818026,0.794290,0.804706,0.796268,0.828359,0.815254,0.805075,0.766504,0.801628,0.849872,0.784067,0.804548,0.752190,0.770020,0.908038,0.816562,0.781588,0.676381,0.815808,0.805595,0.843544,0.747976,0.788561,0.745163,0.784563,0.803516,0.797842,0.803467,0.747790,0.823229,0.717636,0.719219,0.836073,0.752495,0.713377,0.689425,0.762174,0.751455,0.824829,0.748506,0.713557,0.794833,0.778065,0.815911,0.838882,0.781659,0.783758,0.749008,0.826206,0.880050,0.795956,0.816651,0.727330,0.792661,0.828703,0.791300,0.781584,0.834796,0.782490,0.841857,0.913725,0.844342,0.833364,0.793503,0.814499,0.812535,0.761633,0.806085,0.796261,0.783384, ,0.809500,0.758391,0.774023,0.795668,0.813361,0.854366,0.796193,0.764822,0.828717,0.784402,0.774778,0.788746,0.827998,0.778069,0.783339,0.784950,0.812753,0.762074,0.793500,0.804472,0.817473,0.816420,0.825033,0.809984,0.824309,0.791750,0.825766,0.813020,0.700806,0.780833,0.812845,0.757019,0.789290,0.791868,0.738924,0.794272, ,0.799002,0.816819,0.806516,0.803182,0.799095,0.815591,0.815009,0.812054,0.798950,0.835648,0.821472,0.905470,0.797501,0.801212,0.835122,0.749816,0.825092,0.800374,0.741711,0.780407,0.801370,0.796328,0.820580,0.818565,0.817279,0.832686,0.867032,0.837782,0.859477,0.806439,0.803156,0.739832,0.819456,0.775321,0.766371,0.778712,0.768587,0.787712,0.772147,0.720771,0.758895,0.730684,0.778349,0.733208,0.760492, ,0.763614,0.732730,0.716972,0.708749,0.679741,0.727051,1.202640,0.785275,0.869008,0.910163,0.773427,0.730568,0.755312,0.711534,0.859906,0.849839,0.783531, ,0.815705,0.749852,0.733866,0.800126,0.785204,0.778428,0.803867,0.756936,0.757311,0.780678,0.736937,0.690474,0.671711,0.759704,0.815011,0.776184, ,0.763780,0.787166,0.764434,0.785149,0.785408,0.890716,0.811277,0.822460,0.647489,0.583128, , ,0.757110,0.794491,0.833599,0.908370,0.726452,0.791653,0.798909,0.762533,0.805225, ,0.799615,0.721113,0.668439,0.838052,0.812963, ,0.779976,0.772145,0.841890,0.920394,0.730546,0.796530,0.821970,0.789280,0.809953,0.806397,0.744029,0.751176,0.781697,0.814496,0.787103,0.769399,0.752380,0.742995,0.752705,0.742350,0.845697,0.762062,0.741994,0.757403,0.778657,0.765947,0.776541,0.731757,0.728947,0.824622,0.762103,0.925701,0.901462,0.786403,0.812134,0.774972,1.017517,0.768767,0.786154,0.542683,0.757171,0.786815,0.722736,0.753712,0.752426,0.777653,0.780711,0.792014,0.805376,0.788675,0.806255,0.895883,0.773875,0.951852,0.822900,0.810777,0.760784,0.747831,0.811605,0.845218,0.786262,0.762214,0.826173,0.777698
    Inter-Burst Interval - Avg (sec),9.439218,8.617783, ,9.747919,7.340730,9.748021,9.290997,15.739169,7.526656,11.545381, ,23.790886,6.463020,102.832144,26.911972,15.652419,39.108087, ,9.616126, , ,8.570764, , ,14.519678, ,38.800120,107.989627,27.387096, ,5.369127, , ,10.557871, ,25.706010, ,156.743840, ,14.420519, , , ,21.487966, , , , ,8.613547,9.005012,8.490455,9.743487,15.239311,8.141228,13.207828,8.031552,9.905702,8.031538,12.176152,8.870776,11.006273,9.905761,9.586081,8.870804,26.987264,9.972900,9.972957,10.142553,12.258137,16.186960,9.805123,9.806751,37.255469,11.100044,13.683142,10.143263,11.767694,9.972951,9.806799,9.488748,8.856434,7.814284,7.917860,11.459377,56.582480,9.135792,8.025806,8.135659,14.147040,56.163920,10.823196,8.025371,7.792835,6.826493,10.075741,7.690199,5.928394,6.814252,6.374590,11.138968,7.800539,4.668009,8.982424,4.116923,5.755699,4.457416,4.264990,8.848390,4.899484,7.142613,4.491200,9.263090,8.515103,7.253778,7.630630,6.831912,6.303990,6.994428,6.386156,6.831730,7.078941,6.584051,16.321000,18.133623,6.511842,248.940320,6.441017,11.158898,14.793259,51.551180,15.593200,14.791009,15.591710,13.415161,30.361865,15.592480,13.111018,10.113807,53.350432,19.229784,9.777641,11.310889,17.482206,13.415425,12.016822,10.861003,10.860782,10.458812,8.185184,97.111056,13.446650,24.855524,11.526002,18.824611,16.136421, ,14.118856,12.016213,19.475015,9.413629,110.483620,9.994181,195.087680, , , , , ,29.426825,29.185697, ,58.047964, , , , ,11.180826,8.944343,52.983200,7.453468,8.425908,7.359454,7.359229,7.453648,9.530755,7.453439,7.453517,7.550166,7.359149,8.188309,8.188180,7.359293,8.641582,9.327576,8.394112,8.641239,12.349094,8.049596,10.182682,8.276258,7.533539,8.903251,8.770475,9.181477,8.049412,23.486283,9.068941,8.049420, ,16.052482, , ,7.332626, , , , ,18.941288,44.721440, , ,20.838471,32.313797, ,10.658640,10.278017,13.704097,10.096695,10.657782,9.923274,10.097900,13.703615,12.790535,19.846292,10.096637,10.097823,10.096688,11.285330,10.859395,10.096713,13.742851,6.559349, ,10.971564,35.406815,6.217640,13.165339,7.105746,21.859824,15.305011,6.349482,101.519152,6.782743,6.487867,6.940557,6.217142,11.358138,10.349374,10.594742,7.421194,8.861119,10.730704,10.537709,56.062960,8.685731,13.124770,9.086674,51.633458,21.184683,10.547044,19.983892,10.537549, , ,7.224739, , , , ,12.020362, ,23.804747,16.803525, ,29.712112,48.090356, ,9.350446, ,8.446072,8.957959,8.446062,10.020811,8.446114,8.824226,8.445887,8.446115,17.110664,17.037855,8.445736,10.020927,8.446071,9.724732,11.086205,9.685196,9.088462,8.562736,10.741036,11.585155,10.941024,9.759104,8.872423,14.656821,19.710546,9.229735,24.167071,10.939708,12.633091,19.935815,8.931401,10.655985, ,17.565275,11.568010,21.405575,18.129832,18.131025,13.211051,18.552923,24.197701,15.191894,30.418289,16.863947,12.775331,14.051574,18.736699,8.203156,33.703313,8.685141,19.687576,8.318508,8.559165,8.202527,12.053340,8.202917,8.559620,8.202880,9.682067,10.010564,8.202884,8.437286,8.815002,10.546189,10.735824,10.011523,11.595888,10.353930,10.010049,12.079805,10.010022,11.833357,11.596770,10.361491,12.079080,9.374860,10.737151,9.526183,20.462086,11.585079,8.689367,8.093365,10.365651,30.490813,19.060132,10.742769,24.179263,7.479433,9.847568,7.575038,7.673230,7.575102,10.941927,8.689104,8.952135,9.760613,9.010777,16.732391,9.445870,7.914166,73.470926,10.275062,13.309773,8.248195,8.613033,8.740954,11.712584,8.248210,33.724310,9.445077,10.844976, , , ,9.645331, ,16.344213,124.278107, , ,32.686582, , , ,53.810888, , , ,16.783641,8.129074,19.378411,8.019216,8.358046,8.638659,22.015658,22.895590,55.809664, ,8.358077,35.154181,8.638676,8.241992,11.399095,9.940812,9.940591,53.588080,161.328560,9.940811,11.130277,9.940662,9.940376,9.940603,9.940576, ,10.523449,9.940578,10.718154,13.684667,9.940975,9.097188,9.251243,15.752992,8.695622,8.212433,8.695415,8.447097,13.876840,10.225780,24.285047,80.423413,8.099954,18.865269,52.533808,8.825631,10.195273,10.948995,11.842229, ,11.842069,10.745990,10.948623,11.158968,10.549807,10.550643,10.362119,10.948405,10.361403,10.361813,10.549968,11.377545,10.744929,15.026884,13.210188,12.709974,12.439954,13.600215,12.909965,12.710530,12.992555,12.439174,12.439552,12.709814,12.439860,18.936200,119.346480,12.439920,12.440266,30.601924,11.268254,10.462937,8.370387,81.590149,40.643411,9.766021,9.014623,8.026733,10.279302,12.206365,8.745002,8.744844,8.370029,12.466237,12.737355,13.399998,14.458381,12.209564,7.804201,15.010640,11.688780,8.851722,26.275936,74.960944,13.736218,10.691873,18.944938,155.437600,14.593916,12.486862,14.459657,8.770913,10.001865,7.809718,106.736320,8.383995,20.037143,8.144427,10.963612,24.782728,7.809807,18.390999,23.754697,7.704328,8.029835,8.029854,9.501953,8.618293,9.148879,8.745248,53.976096,8.875632,12.388727,10.619044,8.745642,9.439172,8.745591,10.252960,8.745632,8.745335, ,8.876112,8.745613,10.007284,9.372003,9.225721,11.577133,9.083657,8.946113,10.179670,9.372050,8.945956,9.083582,9.371920,23.439722,9.083508,9.083461,11.808518,9.083552,9.690690,10.019394,14.074663,9.094526,10.192030,15.157153,8.567066,9.236683,9.534378,9.236621,9.690635,9.852784,8.444734,8.693087,8.567213,9.236634,8.008946,9.260452, ,8.347637,10.397819,7.697112,9.716070,19.375376,8.009204,8.846191,7.697173,8.466785,8.715885,10.045479,10.398011,7.697244,10.340954,10.340669,10.340563,12.813400,10.340667,10.340688,10.340602,10.340587,10.341012,11.121118,10.340608,20.324447,17.860766,12.028753,11.788270,10.340737,12.315908,17.587325,10.733935,51.273288,9.793696,10.683920,12.333517,14.271818,13.923579,11.087383,14.274648,10.880815,9.960130,10.734458,8.628144,9.302686, ,11.219083,20.363371,11.386755,11.386372,11.610050,11.662173, ,11.386463,31.679369,32.415582,11.669616,11.386305,11.394005,11.662046,19.437013,11.050074,6.934949, ,8.366449,7.413428,5.837373,8.741214,9.010281,9.210410,7.320980,7.508493,10.648409,9.010162,8.022820,6.141447,15.697431,8.651659,10.539564,9.200992, ,8.693642,10.246160,8.524635,22.690927,8.651420,26.072737,33.603229,9.661085,9.563320,41.616736, , ,8.156421,11.571832,16.801816,37.688943,11.570970,9.471586,16.530494,7.935418,14.834929, ,13.048112,12.233668,11.126022,18.079988,12.233240, ,13.679980,8.403033,12.004475,16.806830,8.403598,8.403587,10.320063,8.168897,8.650728,8.403473,8.403213,8.525408,8.403570,8.403885,8.284974,8.403301,10.645103,12.683472,10.838065,10.458444,10.838540,10.645184,14.675976,12.419890,10.458222,10.458380,10.458744,10.644580,10.644370,89.040507,10.458538,25.919732,28.044463,14.544562,10.356932,12.536068,23.967200,8.811627,9.994536, ,8.901399,10.357099,8.944857,8.764455,9.839581,9.148618,12.068880,8.726879,6.258089,6.004204,8.525587,20.121561,7.003133, ,8.912944,6.920388,8.841804,6.707029,9.890056,13.800154,8.977874,7.386694,9.287741,6.684651
    Inter-Burst Interval - Std (sec),5.001311,4.393103, ,5.085331,4.649184,5.442297,4.922118,8.219228,4.347469,8.542840, ,15.293592,3.313006,82.239123,16.562280,8.542682,33.534406, ,6.408766, , ,7.280077, , ,10.586993, ,37.639660,91.379039,27.237828, ,2.428770, , ,6.565129, ,21.475017, ,99.585069, ,7.630271, , , ,12.702315, , , , ,5.224599,5.364173,5.143624,5.778079,10.023935,4.861894,8.707809,4.853902,6.274501,4.813222,6.700883,5.560938,6.107335,6.429584,5.453901,5.588531,14.008850,3.487043,3.498973,3.585362,4.318177,9.490349,3.446912,3.450620,27.759307,4.016789,6.927537,4.113296,4.198004,3.491549,3.450448,3.794791,3.246527,2.898742,2.858927,5.168468,49.721927,3.310850,3.034697,3.043049,11.116696, ,5.536032,3.032398,2.784336,2.067846,5.072482,2.778317,5.207614,4.877481,5.027286,6.274973,5.176346,4.487655,5.489881,4.276691,4.899286,4.344409,4.288031,5.067334,4.488488,5.276080,5.259110,6.419588,6.325552,3.423149,3.379344,2.808418,1.932465,2.616687,1.922510,2.383116,3.140175,2.201469,11.333249,16.569647,1.954897,142.678083,1.986523,5.555726,10.193206,44.870030,11.394857,11.161157,10.913876,9.526041,18.460422,12.742312,9.317217,6.695061,59.651360,14.316745,4.949561,7.746496,10.936796,9.516212,8.769225,6.737698,5.929101,5.744487,5.413950,89.695231,9.465387,14.660957,6.844250,8.495679,8.384992, ,7.014843,5.667607,9.065073,5.962996,62.047346,5.961197, , , , , , ,22.648473,25.974208, ,51.410925, , , , ,6.763052,4.126235, ,2.291470,3.856360,1.965404,2.224222,2.278815,5.413408,2.283230,2.281948,2.609661,2.225698,2.584333,3.708367,2.226243,4.096962,6.051349,4.258285,4.748372,10.202901,3.108582,6.711758,2.771368,2.405602,5.159566,3.540583,5.921179,2.720182,14.102059,5.845321,3.120555, ,10.759702, , ,4.372245, , , , ,11.410793, , , ,13.188047,25.616244, ,7.319583,7.418953,7.000570,7.467408,7.317971,7.468727,7.470311,7.878767,8.077763,13.794418,7.467404,7.474247,7.467134,7.376891,7.351172,7.470283,9.448047,3.118324, ,7.656108,21.257052,2.657551,9.146567,4.430914,14.864125,11.207469,2.899992,67.359621,3.217203,3.236539,3.954802,3.715049,6.613031,4.478178,4.783317,3.302547,4.115810,4.769099,6.491561,20.658102,3.643139,7.297289,3.997258,52.345634,11.288075,6.035156,15.808600,5.024199, , ,4.045781, , , , ,7.000710, ,21.842499,12.037738, ,34.693257,32.483785, ,6.168582, ,3.755826,4.491164,3.756883,6.268506,3.755525,3.953478,3.755792,3.754969,10.378855,10.085818,3.756787,5.812921,3.753920,5.345388,6.347745,4.335230,3.797939,3.515510,5.679701,7.538722,5.553167,4.164838,3.581282,9.132821,11.541378,3.941517,14.225488,5.797449,8.633034,15.258195,3.585358,6.918769, ,8.581970,7.333616,9.452152,7.260427,8.352542,7.714925,8.326300,10.342615,7.788430,14.989509,8.940758,7.470279,7.310225,8.370443,4.615696,28.322745,4.938405,15.728105,4.605190,4.468763,4.610043,6.319256,4.618541,4.468856,4.607052,4.277039,5.160668,4.610505,4.711154,4.353958,3.981285,3.604832,3.800706,5.430835,3.979657,3.447205,6.193680,4.028651,5.567973,4.964727,3.965177,4.648900,3.467669,4.997600,3.626340,16.136384,5.248691,3.598332,2.643520,4.950876,19.139247,18.177999,5.404450,18.181721,2.290349,4.578071,2.105208,2.044885,2.380846,5.388944,3.141870,4.268256,3.823880,3.572942,10.728206,3.837827,3.653926,40.703813,4.391357,6.958166,3.539919,3.562546,3.555560,5.513128,4.265326,32.518927,3.860971,6.287035, , , ,5.592602, ,8.037654,173.840948, , ,19.546867, , , ,60.285491, , , ,12.169453,5.210659,13.735709,5.223922,5.633094,5.815063,16.087557,20.677442,56.102408, ,5.709715,22.836782,5.895851,5.296862,9.029142,1.954898,1.956535,51.235466,68.396365,1.954885,4.702044,1.955861,1.956660,1.956534,1.956185, ,3.210626,1.956005,3.327640,7.777756,1.956765,4.075588,4.103310,12.101844,3.265558,3.088201,3.172194,3.018058,7.020579,6.925101,16.277267,58.156032,2.914843,15.233573,26.640855,3.111259,5.589404,2.503968,3.466025, ,4.269934,2.843976,2.510227,2.732201,3.129976,3.109469,3.342393,2.509402,3.342925,3.349337,3.697463,2.614516,2.846342,16.129098,14.873663,14.439747,13.553563,15.229729,14.766345,13.651859,14.605760,13.588420,14.359883,13.654242,13.584621,19.352866,130.489485,13.585587,13.584562,23.165882,4.734081,5.032760,2.803260,93.532751,33.490565,3.613017,3.246951,2.334961,5.171155,6.382085,3.216593,3.269106,2.809852,5.980591,7.845664,5.970586,6.894379,5.846802,4.132076,7.554983,5.691473,4.180341,19.456704,44.628453,5.824116,5.189198,10.595970, ,6.677289,6.068495,6.157450,5.609903,7.930112,4.040233, ,4.866260,17.699530,4.324449,9.392709,21.935044,3.953184,17.310606,25.885995,4.190846,4.047116,4.239359,7.511107,3.883478,3.594897,3.817352,60.068764,3.765579,9.762501,8.001953,3.820191,3.746662,3.770459,7.097167,3.821743,3.786699, ,3.753616,3.816821,3.306432,2.934805,3.225173,3.968018,3.128040,3.199592,3.272536,2.984590,3.214140,3.126433,2.983678,15.731223,3.125676,3.125806,5.788555,3.132733,5.520368,4.961285,8.992298,3.940684,5.231396,14.356302,2.790699,4.727272,4.756772,3.532533,5.347424,4.433984,2.665617,2.835675,2.794889,4.174069,5.970557,5.987998, ,5.969024,7.105155,5.983884,5.897081,13.703858,5.958301,6.142362,5.988391,5.824554,5.969266,6.765273,7.109064,5.985107,1.596018,1.600927,1.598280,4.813558,1.596793,1.597676,1.596849,1.597905,1.597644,2.958340,1.599170,10.962287,13.672626,4.365331,4.469650,1.600413,9.720498,12.782166,7.858569,46.472575,6.521026,7.641337,7.895604,8.695665,8.212796,6.158653,9.775294,7.244007,6.584349,7.729511,5.360308,5.315596, ,5.570222,10.807755,4.777834,4.770368,5.200748,5.231620, ,4.774644,21.320023,17.049912,5.229547,4.772803,4.755615,5.247761,11.218427,6.295084,3.752155, ,4.145976,3.674237,3.353567,5.183488,4.153079,4.236291,3.797746,3.659098,6.069608,4.830823,3.864108,3.536215,12.529915,3.818082,5.617124,3.524777, ,4.192434,4.906763,3.117188,17.639311,3.293158,17.559237,27.328558,4.031797,4.354929,35.531550, , ,3.881366,6.274409,9.822276,22.257129,6.473268,5.069073,9.597422,4.350585,8.781866, ,8.322841,6.911582,5.827706,11.106764,6.268134, ,10.475434,3.437451,9.658739,15.577395,3.436123,3.438800,8.151483,3.626601,3.401580,3.435875,3.445898,3.491317,3.436678,3.446021,3.523751,3.446276,6.312074,7.245484,6.234603,6.231159,6.236144,6.165045,9.086242,7.156221,6.231125,6.228506,6.229964,6.308320,6.308091,80.457280,6.229702,22.679434,23.173281,11.652153,5.584082,9.758068, ,5.489450,5.994653, ,5.425212,6.569015,5.102844,5.308199,5.634543,5.450457,8.320878,5.268411,2.407073,2.360380,5.361876,15.125065,3.085120, ,5.421039,3.018674,6.421413,3.171111,5.894815,9.852412,5.529096,3.474300,10.405753,3.019014
    Burst Frequency (Hz),0.106667,0.116667, ,0.103333,0.136667,0.103333,0.108333,0.061667,0.133333,0.083333,0.001667,0.043333,0.155000,0.010000,0.035000,0.065000,0.020000, ,0.095000, , ,0.115000, , ,0.068333, ,0.021667,0.006667,0.030000, ,0.181667, , ,0.095000, ,0.040000, ,0.006667, ,0.070000, , , ,0.045000, ,0.001667, , ,0.116667,0.111667,0.118333,0.103333,0.066667,0.123333,0.076667,0.125000,0.100000,0.125000,0.081667,0.113333,0.091667,0.101667,0.105000,0.113333,0.035000,0.100000,0.100000,0.098333,0.081667,0.058333,0.101667,0.101667,0.025000,0.090000,0.073333,0.098333,0.085000,0.100000,0.101667,0.105000,0.111667,0.128333,0.126667,0.086667,0.018333,0.110000,0.125000,0.123333,0.068333,0.003333,0.091667,0.125000,0.126667,0.146667,0.098333,0.128333,0.168333,0.146667,0.156667,0.088333,0.128333,0.213333,0.111667,0.241667,0.173333,0.223333,0.233333,0.113333,0.203333,0.140000,0.221667,0.108333,0.116667,0.136667,0.130000,0.145000,0.158333,0.141667,0.155000,0.145000,0.140000,0.151667,0.061667,0.055000,0.153333,0.005000,0.155000,0.088333,0.066667,0.008333,0.063333,0.066667,0.063333,0.073333,0.033333,0.063333,0.075000,0.098333,0.018333,0.051667,0.100000,0.086667,0.056667,0.073333,0.080000,0.088333,0.088333,0.091667,0.116667,0.010000,0.071667,0.036667,0.083333,0.051667,0.060000, ,0.068333,0.080000,0.050000,0.101667,0.008333,0.096667,0.003333, , , , , ,0.033333,0.033333, ,0.016667, , , , ,0.088333,0.110000,0.003333,0.131667,0.116667,0.133333,0.133333,0.131667,0.103333,0.131667,0.131667,0.130000,0.133333,0.120000,0.120000,0.133333,0.115000,0.106667,0.118333,0.115000,0.080000,0.123333,0.096667,0.120000,0.131667,0.111667,0.113333,0.108333,0.123333,0.041667,0.108333,0.123333, ,0.063333, , ,0.136667, , , , ,0.053333,0.003333, , ,0.048333,0.026667, ,0.091667,0.095000,0.071667,0.096667,0.091667,0.098333,0.096667,0.071667,0.076667,0.050000,0.096667,0.096667,0.096667,0.086667,0.090000,0.096667,0.071667,0.153333, ,0.091667,0.028333,0.161667,0.076667,0.141667,0.043333,0.066667,0.158333,0.010000,0.148333,0.155000,0.145000,0.161667,0.088333,0.095000,0.091667,0.135000,0.113333,0.091667,0.093333,0.013333,0.115000,0.076667,0.110000,0.016667,0.045000,0.095000,0.050000,0.093333, , ,0.138333, , , , ,0.083333, ,0.041667,0.058333, ,0.026667,0.016667, ,0.105000, ,0.118333,0.111667,0.118333,0.100000,0.118333,0.113333,0.118333,0.118333,0.056667,0.055000,0.118333,0.100000,0.118333,0.101667,0.088333,0.103333,0.110000,0.116667,0.093333,0.086667,0.091667,0.101667,0.111667,0.066667,0.050000,0.108333,0.040000,0.091667,0.075000,0.045000,0.108333,0.093333, ,0.055000,0.083333,0.045000,0.053333,0.053333,0.075000,0.051667,0.040000,0.063333,0.031667,0.056667,0.075000,0.068333,0.051667,0.121667,0.030000,0.115000,0.051667,0.120000,0.116667,0.121667,0.083333,0.121667,0.116667,0.121667,0.103333,0.100000,0.121667,0.118333,0.113333,0.095000,0.093333,0.100000,0.085000,0.095000,0.100000,0.081667,0.100000,0.083333,0.085000,0.096667,0.081667,0.106667,0.091667,0.105000,0.046667,0.086667,0.115000,0.123333,0.096667,0.031667,0.053333,0.093333,0.041667,0.133333,0.101667,0.131667,0.130000,0.131667,0.091667,0.115000,0.111667,0.101667,0.110000,0.060000,0.105000,0.125000,0.013333,0.096667,0.075000,0.120000,0.115000,0.113333,0.085000,0.120000,0.015000,0.105000,0.091667, , , ,0.103333, ,0.061667,0.006667, , ,0.031667, , , ,0.018333, , , ,0.060000,0.123333,0.051667,0.125000,0.120000,0.115000,0.045000,0.043333,0.018333, ,0.120000,0.026667,0.115000,0.121667,0.086667,0.100000,0.100000,0.016667,0.006667,0.100000,0.088333,0.100000,0.100000,0.100000,0.100000, ,0.093333,0.100000,0.091667,0.070000,0.100000,0.110000,0.106667,0.063333,0.115000,0.121667,0.115000,0.118333,0.071667,0.096667,0.041667,0.011667,0.123333,0.050000,0.018333,0.113333,0.098333,0.090000,0.083333, ,0.083333,0.091667,0.090000,0.088333,0.093333,0.093333,0.095000,0.090000,0.095000,0.095000,0.093333,0.086667,0.091667,0.063333,0.073333,0.078333,0.080000,0.070000,0.075000,0.078333,0.076667,0.080000,0.080000,0.078333,0.080000,0.051667,0.005000,0.080000,0.080000,0.031667,0.088333,0.095000,0.118333,0.013333,0.025000,0.101667,0.110000,0.123333,0.096667,0.081667,0.113333,0.113333,0.118333,0.080000,0.078333,0.070000,0.065000,0.076667,0.126667,0.060000,0.080000,0.110000,0.035000,0.010000,0.068333,0.090000,0.050000,0.003333,0.061667,0.075000,0.065000,0.110000,0.096667,0.123333,0.003333,0.115000,0.048333,0.118333,0.088333,0.036667,0.123333,0.053333,0.041667,0.125000,0.120000,0.120000,0.101667,0.116667,0.110000,0.115000,0.018333,0.113333,0.081667,0.095000,0.115000,0.106667,0.115000,0.098333,0.115000,0.115000, ,0.113333,0.115000,0.100000,0.106667,0.108333,0.086667,0.110000,0.111667,0.098333,0.106667,0.111667,0.110000,0.106667,0.036667,0.110000,0.110000,0.085000,0.110000,0.103333,0.100000,0.071667,0.110000,0.098333,0.066667,0.116667,0.108333,0.105000,0.108333,0.103333,0.101667,0.118333,0.115000,0.116667,0.108333,0.125000,0.108333, ,0.120000,0.096667,0.130000,0.103333,0.051667,0.125000,0.113333,0.130000,0.118333,0.115000,0.100000,0.096667,0.130000,0.096667,0.096667,0.096667,0.078333,0.096667,0.096667,0.096667,0.096667,0.096667,0.090000,0.096667,0.050000,0.056667,0.083333,0.085000,0.096667,0.080000,0.055000,0.091667,0.018333,0.101667,0.093333,0.080000,0.068333,0.070000,0.090000,0.068333,0.091667,0.100000,0.091667,0.116667,0.108333, ,0.088333,0.048333,0.088333,0.088333,0.086667,0.085000,0.001667,0.088333,0.031667,0.031667,0.085000,0.088333,0.088333,0.085000,0.051667,0.090000,0.143333, ,0.118333,0.133333,0.170000,0.113333,0.110000,0.108333,0.135000,0.131667,0.093333,0.110000,0.123333,0.161667,0.061667,0.113333,0.093333,0.106667, ,0.111667,0.095000,0.115000,0.041667,0.113333,0.025000,0.025000,0.101667,0.101667,0.010000, , ,0.121667,0.085000,0.058333,0.025000,0.085000,0.105000,0.060000,0.125000,0.066667, ,0.076667,0.081667,0.088333,0.055000,0.081667, ,0.073333,0.118333,0.083333,0.060000,0.118333,0.118333,0.096667,0.121667,0.115000,0.118333,0.118333,0.116667,0.118333,0.118333,0.120000,0.118333,0.095000,0.080000,0.093333,0.096667,0.093333,0.095000,0.068333,0.081667,0.096667,0.096667,0.096667,0.095000,0.095000,0.011667,0.096667,0.040000,0.033333,0.066667,0.096667,0.076667,0.003333,0.113333,0.096667,0.001667,0.108333,0.096667,0.111667,0.110000,0.101667,0.105000,0.080000,0.110000,0.158333,0.166667,0.116667,0.050000,0.141667,0.001667,0.111667,0.143333,0.111667,0.146667,0.100000,0.070000,0.110000,0.133333,0.108333,0.148333
    IBI Coefficient of Variation,0.529844,0.509772, ,0.521684,0.633341,0.558298,0.529773,0.522215,0.577610,0.739936, ,0.642834,0.512610,0.799741,0.615424,0.545774,0.857480, ,0.666460, , ,0.849408, , ,0.729148, ,0.970091,0.846183,0.994550, ,0.452358, , ,0.621823, ,0.835408, ,0.635336, ,0.529126, , , ,0.591136, , , , ,0.606556,0.595687,0.605813,0.593020,0.657768,0.597194,0.659292,0.604354,0.633423,0.599290,0.550328,0.626883,0.554896,0.649075,0.568940,0.629991,0.519091,0.349652,0.350846,0.353497,0.352270,0.586296,0.351542,0.351862,0.745107,0.361871,0.506283,0.405520,0.356740,0.350102,0.351842,0.399925,0.366573,0.370954,0.361073,0.451025,0.878751,0.362404,0.378117,0.374038,0.785797, ,0.511497,0.377851,0.357294,0.302915,0.503435,0.361280,0.878419,0.715776,0.788645,0.563335,0.663588,0.961364,0.611180,1.038808,0.851206,0.974647,1.005402,0.572684,0.916114,0.738677,1.170981,0.693029,0.742863,0.471913,0.442866,0.411074,0.306546,0.374110,0.301043,0.348830,0.443594,0.334364,0.694397,0.913753,0.300206,0.573142,0.308418,0.497874,0.689044,0.870398,0.730758,0.754591,0.699979,0.710095,0.608013,0.817209,0.710640,0.661972,1.118105,0.744509,0.506212,0.684871,0.625596,0.709349,0.729746,0.620357,0.545918,0.549249,0.661433,0.923636,0.703922,0.589847,0.593810,0.451307,0.519632, ,0.496842,0.471663,0.465472,0.633443,0.561598,0.596467, , , , , , ,0.769654,0.889964, ,0.885663, , , , ,0.604879,0.461323, ,0.307437,0.457679,0.267058,0.302236,0.305731,0.567994,0.306332,0.306157,0.345643,0.302440,0.315613,0.452893,0.302508,0.474099,0.648759,0.507294,0.549501,0.826206,0.386179,0.659135,0.334858,0.319319,0.579515,0.403693,0.644905,0.337936,0.600438,0.644543,0.387674, ,0.670283, , ,0.596273, , , , ,0.602430, , , ,0.632870,0.792734, ,0.686728,0.721827,0.510838,0.739589,0.686632,0.752647,0.739789,0.574941,0.631542,0.695063,0.739593,0.740184,0.739563,0.653671,0.676941,0.739873,0.687488,0.475401, ,0.697814,0.600366,0.427421,0.694746,0.623568,0.679975,0.732274,0.456729,0.663516,0.474322,0.498860,0.569810,0.597549,0.582228,0.432700,0.451480,0.445016,0.464480,0.444435,0.616032,0.368480,0.419440,0.555994,0.439903,1.013793,0.532841,0.572213,0.791067,0.476790, , ,0.559990, , , , ,0.582404, ,0.917569,0.716382, ,1.167647,0.675474, ,0.659710, ,0.444683,0.501360,0.444809,0.625549,0.444645,0.448026,0.444689,0.444579,0.606572,0.591965,0.444815,0.580078,0.444458,0.549669,0.572581,0.447614,0.417886,0.410559,0.528785,0.650723,0.507555,0.426764,0.403642,0.623111,0.585543,0.427046,0.588631,0.529946,0.683367,0.765366,0.401433,0.649285, ,0.488576,0.633957,0.441574,0.400469,0.460677,0.583975,0.448786,0.427421,0.512670,0.492779,0.530170,0.584743,0.520242,0.446741,0.562673,0.840355,0.568604,0.798885,0.553608,0.522103,0.562027,0.524274,0.563036,0.522086,0.561638,0.441749,0.515522,0.562059,0.558373,0.493926,0.377509,0.335776,0.379633,0.468341,0.384362,0.344374,0.512730,0.402462,0.470532,0.428113,0.382684,0.384872,0.369890,0.465449,0.380671,0.788599,0.453056,0.414107,0.326628,0.477623,0.627705,0.953718,0.503078,0.751955,0.306220,0.464894,0.277914,0.266496,0.314299,0.492504,0.361587,0.476786,0.391766,0.396519,0.641164,0.406297,0.461694,0.554013,0.427380,0.522786,0.429175,0.413623,0.406770,0.470701,0.517121,0.964258,0.408781,0.579719, , , ,0.579825, ,0.491774,1.398806, , ,0.598009, , , ,1.120321, , , ,0.725078,0.640991,0.708815,0.651426,0.673973,0.673144,0.730732,0.903119,1.005245, ,0.683137,0.649618,0.682495,0.642668,0.792093,0.196654,0.196823,0.956098,0.423957,0.196652,0.422455,0.196754,0.196840,0.196823,0.196788, ,0.305093,0.196770,0.310468,0.568356,0.196838,0.448005,0.443541,0.768225,0.375540,0.376040,0.364812,0.357289,0.505921,0.677220,0.670259,0.723123,0.359859,0.807493,0.507118,0.352525,0.548235,0.228694,0.292684, ,0.360573,0.264655,0.229273,0.244844,0.296686,0.294718,0.322559,0.229202,0.322632,0.323238,0.350471,0.229796,0.264901,1.073349,1.125924,1.136096,1.089519,1.119815,1.143794,1.074059,1.124164,1.092389,1.154373,1.074307,1.092024,1.022004,1.093367,1.092096,1.091983,0.757007,0.420126,0.481008,0.334902,1.146373,0.824010,0.369958,0.360187,0.290898,0.503065,0.522849,0.367821,0.373832,0.335704,0.479743,0.615957,0.445566,0.476843,0.478871,0.529468,0.503309,0.486918,0.472263,0.740476,0.595356,0.423997,0.485340,0.559303, ,0.457539,0.485990,0.425837,0.639603,0.792863,0.517334, ,0.580423,0.883336,0.530970,0.856717,0.885094,0.506182,0.941254,1.089721,0.543960,0.504010,0.527950,0.790480,0.450609,0.392933,0.436506,1.112877,0.424260,0.788015,0.753547,0.436811,0.396927,0.431127,0.692207,0.436989,0.432996, ,0.422890,0.436427,0.330403,0.313146,0.349585,0.342746,0.344359,0.357652,0.321478,0.318456,0.359284,0.344185,0.318364,0.671135,0.344105,0.344121,0.490202,0.344880,0.569657,0.495168,0.638900,0.433303,0.513283,0.947164,0.325747,0.511793,0.498907,0.382449,0.551814,0.450023,0.315654,0.326199,0.326231,0.451904,0.745486,0.646620, ,0.715056,0.683331,0.777419,0.606941,0.707282,0.743932,0.694351,0.777999,0.687930,0.684872,0.673464,0.683695,0.777565,0.154339,0.154819,0.154564,0.375666,0.154419,0.154504,0.154425,0.154527,0.154496,0.266011,0.154650,0.539365,0.765512,0.362908,0.379161,0.154768,0.789264,0.726783,0.732124,0.906370,0.665839,0.715218,0.640175,0.609289,0.589848,0.555465,0.684801,0.665760,0.661071,0.720065,0.621259,0.571404, ,0.496495,0.530745,0.419596,0.418954,0.447952,0.448597, ,0.419326,0.672994,0.525979,0.448134,0.419170,0.417379,0.449986,0.577168,0.569687,0.541050, ,0.495548,0.495619,0.574499,0.592994,0.460927,0.459946,0.518748,0.487328,0.570001,0.536153,0.481640,0.575795,0.798214,0.441312,0.532956,0.383087, ,0.482241,0.478888,0.365668,0.777373,0.380649,0.673471,0.813272,0.417323,0.455378,0.853780, , ,0.475866,0.542214,0.584596,0.590548,0.559440,0.535187,0.580589,0.548249,0.591972, ,0.637858,0.564964,0.523791,0.614313,0.512385, ,0.765749,0.409073,0.804595,0.926849,0.408887,0.409206,0.789868,0.443952,0.393213,0.408864,0.410069,0.409519,0.408954,0.410051,0.425318,0.410110,0.592956,0.571254,0.575251,0.595802,0.575368,0.579139,0.619124,0.576190,0.595811,0.595552,0.595670,0.592632,0.592622,0.903603,0.595657,0.874987,0.826305,0.801135,0.539164,0.778399, ,0.622978,0.599793, ,0.609479,0.634252,0.570478,0.605651,0.572641,0.595768,0.689449,0.603699,0.384634,0.393121,0.628916,0.751684,0.440534, ,0.608221,0.436200,0.726256,0.472804,0.596035,0.713935,0.615858,0.470346,1.120375,0.451634
    Normalized Duration IQR,1.504511,2.075377, ,0.750376,1.392489,2.653205,1.737139,0.653822,1.232760,1.084508, ,0.580403,1.223290,1.552207,0.256404,0.408572,1.205057, ,0.604469, , ,0.895030, , ,0.350818, ,0.119622,0.141384,0.206818, ,1.206995, , ,0.552293, ,0.645212, ,0.340755, ,1.000637, , , ,0.376505, , , , ,0.913739,0.388990,0.539332,0.392549,0.511759,0.556359,0.862932,0.614563,0.562360,0.629824,0.492619,0.383427,0.548193,1.436569,0.663442,0.429000,1.047346,0.413865,0.843161,0.871124,0.733155,8.638345,0.392242,0.611218,0.000000,0.421829,0.190015,0.729289,0.763890,0.579551,0.297445,0.968461,0.446875,0.515980,0.763890,0.667779,0.431466,0.436991,0.518653,0.575619,0.721876, ,0.807259,0.580627,0.386387,0.585723,0.780812,0.650846,0.354128,0.159497,0.136749,0.320013,0.174027,0.355975,0.230433,0.210826,0.424153,0.383036,0.605017,0.238788,0.383232,0.124689,0.176481,0.284052,0.281180,0.123580,0.233334,0.295106,0.347892,0.242491,0.324439,0.402008,0.349186,0.326982,0.293721,0.396803,0.116341, ,0.446875,0.401042,0.477273,0.893751,0.644643,0.472914,0.626565,0.502763,0.867719,0.359555,0.507813,1.040708,0.621482,0.366399,0.506374,0.360591,0.413409,0.372027,0.392242,0.360245,0.376316,0.383525,0.371429,0.169892,0.563627,0.500501,0.436356,0.122073,0.409352, ,1.200652,0.346367,0.449282,0.421297,1.006576,0.923433, , , , , , ,0.618207,0.468633, ,1.604168, , , , ,0.397643,0.341406, ,0.130203,0.288307,0.252778,0.111321,0.221853,0.158487,0.318385,0.121954,0.103968,0.238675,0.130543,0.000000,0.105859,0.245103,0.418654,0.469337,0.333371,0.228853,0.382207,0.251381,0.231499,0.325423,0.216479,0.239359,0.219904,0.428878,0.182931,0.375188,0.325564, ,0.981724, , ,0.715341, , , , ,0.815147, , , ,0.600121,0.552429, ,0.464717,0.435672,0.573968,0.504740,0.537018,0.657976,0.554352,0.692830,0.534152,1.587727,0.546995,0.443510,0.408739,0.384409,0.377451,0.561099,0.189584,0.571348, ,0.527954,0.631945,0.428144,0.360851,0.469954,0.237429,0.423197,0.343436,0.186893,0.376505,0.426079,0.290651,0.524634,0.175985,0.537018,1.003677,0.295106,0.171875,0.397854,0.537402,0.369101,0.405373,0.000000,0.292007,1.252817,0.417084,0.387384,0.000000,0.208368, , ,0.591329, , , , ,0.427961, ,0.448879,0.528847, ,0.987003,5.334429, ,0.854513, ,0.145157,0.000000,0.178750,0.150030,0.253546,0.000000,0.141544,0.295106,0.270249,0.000000,0.160829,0.295629,0.157192,0.158386,0.000000,0.465365,0.394716,0.388437,0.375375,0.217514,0.474858,0.390203,0.351804,0.506579,0.496857,0.381770,0.174634,0.545445,0.554264,0.380320,0.500501,0.490046, ,0.181078,0.269860,0.394716,0.312033,0.170354,0.183468,0.305680,0.293033,0.349219,0.540887,0.503811,0.423866,0.261040,0.304688,0.179262,0.195661,0.565154,0.228331,0.194899,0.235937,0.377451,0.325212,0.108427,0.261768,0.324719,0.127419,0.255227,0.224239,0.370741,0.258657,0.200040,0.501906,0.250334,0.784484,0.112827,0.215454,0.355469,0.270395,0.132198,0.228748,0.475038,0.551698,0.495545,0.226266,0.244624,0.283409,0.262454,0.130203,0.397013,0.352796,0.613358,0.287975,0.170586,0.518116,0.229167,0.280550,0.250752,0.247405,0.257990,0.133254,0.259058,0.394716,0.155435,0.315773,0.283409,0.136451,0.287644,0.285348,0.224038,0.211004,0.959864,0.394302,0.309716,0.553406,0.637093,0.473959,0.280235,0.235641, , , ,0.909009, ,0.701472,0.298272, , ,0.484981, , , ,0.244385, , , ,0.364265,0.253932,0.786950,0.460866,0.298628,0.347892,0.112929,0.437883,4.173093, ,0.483731,5.929184,0.684492,0.283730,0.456037,0.385396,0.109471,0.671512,0.000000,0.113441,0.353961,0.108852,0.884277,0.135858,0.131711, ,0.178623,0.000000,0.265377,0.193692,0.130611,0.294239,0.139493,0.474408,0.309460,0.222247,0.225248,0.221853,0.387384,0.238675,0.385594,0.000000,0.547594,0.194294,0.429983,0.263977,0.136898,0.348927,0.120661, ,0.231285,0.094292,0.217231,0.124875,0.284052,0.236979,0.208022,0.223637,0.215362,0.180426,0.314724,0.235641,0.153340,0.751051,0.237317,0.198769,0.186615,0.147033,0.095080,0.185508,0.204871,0.096809,0.098060,0.285674,0.000000,0.317174, ,0.099940,0.104663,0.308951,0.225451,0.449686,0.369373,0.369101,0.000000,0.340631,0.406691,0.301506,0.272752,0.287975,0.261768,0.351804,0.341872,0.253034,0.158386,0.289140,0.153152,0.262730,0.923433,0.000000,0.526843,0.824548,0.485250,0.304317,0.300420,0.486868,0.183603, ,0.222247,0.129798,0.301144,0.261631,0.154095,0.148516, ,0.000000,1.464675,0.141066,0.178241,0.145494,0.320218,0.000000,0.649438,0.146004,0.196583,0.158487,0.555289,0.143987,0.147640,0.277439,0.445285,0.134543,0.145157,0.244624,0.132408,0.182398,0.253290,0.117599,0.126902,0.115111, ,0.417780,0.221853,0.282449,0.121717,0.243434,0.160726,0.128005,0.139028,0.165948,0.122133,0.269086,0.114636,0.133396,0.108380,0.000000,0.000000,0.202468,0.215084,0.228226,0.456245,0.380898,0.221951,0.252523,0.329710,0.266507,0.234536,0.297563,0.117931,0.311515,0.356144,0.134111,0.412614,0.247527,0.249751,0.589418,0.309971, ,0.184279,0.321658,0.194520,0.154571,0.395340,0.116939,0.336207,0.365729,0.231285,0.136599,0.138643,0.184823,0.115642,0.091902,0.113544,0.235271,0.298985,0.097147,0.282875,0.180556,0.120835,0.185646,0.280864,0.000000,0.368286,0.191031,0.389798,0.277439,0.133681,0.774369,0.337720,0.648317,0.312813,0.273199,0.882198,0.562107,0.439036,0.500834,0.536442,0.398911,0.680768,0.424153,0.544022,0.380127,0.444494, ,0.255097,0.676352,0.243909,0.633011,0.280079,0.465582, ,0.263144,0.312813,1.146768,0.229167,0.623133,0.249253,0.246067,0.363736,0.297917,0.263421, ,0.305183,0.374253,0.551212,0.401256,0.261631,0.420353,0.464717,0.442921,0.684055,0.455829,0.324579,0.932224,0.464286,0.194294,0.391628,0.245825, ,0.389192,0.112725,0.362331,0.206818,0.327125,0.241554,0.374066,0.414322,0.297917,1.409596, , ,0.341639,0.376883,0.153905,0.158990,2.109389,0.335756,0.140039,0.528911,0.124565, ,0.324579,0.204620,0.895172,0.220291,0.219904, ,0.427291,0.121128,0.332117,0.000000,0.000000,0.140118,0.000000,0.120777,0.141865,0.135564,0.000000,0.117654,0.000000,0.130884,0.221951,0.107588,0.000000,0.346367,0.162395,0.137955,0.170007,0.265658,0.491651,0.164206,0.136674,0.000000,0.302235,0.224440,0.648317,0.658553,0.248387,0.256930,0.000000,0.633946,0.156016,1.887257, ,0.249253,0.169661, ,0.276520,0.188300,0.351804,0.304626,0.476365,0.377451,0.570046,0.130068,0.390609,0.118043,0.146602,0.000000,0.275606, ,0.406250,0.132408,0.262042,0.227707,0.252141,0.156798,0.502847,0.272307,0.323321,0.263699
    Burst Percentage,90.656997,85.585586, ,90.336497,89.843750,91.080313,87.960848,80.207254,88.640000,70.793651,6.493506,52.727273,90.311804,26.923077,56.250000,71.658986,17.067834,0.000000,45.542169,0.000000,0.000000,58.085502, ,0.000000,44.273128,0.000000,29.909366,13.913043,39.552239,0.000000,79.861111,0.000000, ,70.987654,0.000000,41.516245, ,26.623377, ,63.357973, , ,0.000000,48.425197, ,9.523810, ,0.000000,97.291196,51.398601,97.376789,89.710611,73.404255,96.560675,77.777778,94.923581,64.797508,99.051423,84.529148,95.755102,70.125000,89.873418,93.369418,94.906445,30.506608,92.910448,88.388215,55.391924,67.741935,71.890547,96.711510,76.188835,44.311377,91.147541,77.530364,89.638319,89.014540,95.448080,88.042705,93.071966,88.772298,94.912985,93.333333,82.940361,39.160839,88.555556,92.023026,94.774347,70.694087,8.695652,79.568345,92.743222,93.736018,97.468354,84.699454,93.928571,86.742966,78.226950,83.739837,58.951407,81.109325,92.316832,89.313984,96.151669,88.283659,95.215311,97.106351,80.073350,79.162304,85.770089,94.077604,73.347548,85.027726,92.903226,88.359375,92.578947,96.936543,92.557510,96.478480,92.019813,93.133047,95.268692,68.505338,64.302600,95.496894,10.156250,95.922635,75.000000,62.171053,9.495549,59.933222,50.182260,58.166189,68.848485,32.300885,62.186788,80.285714,79.749216,38.815789,62.466488,69.235474,73.510773,67.383513,86.887836,79.113924,93.275862,82.579045,87.988827,88.153130,19.230769,77.097902,85.000000,83.425926,76.217228,76.058932,0.000000,83.092224,79.451138,77.962578,74.887024,15.331010,89.024390,40.000000, , ,0.000000,0.000000, ,35.304054,69.784173, ,81.318681, ,0.000000, , ,84.354628,92.813853,6.535948,91.356290,93.297587,96.138743,97.927171,98.308362,88.477952,90.853659,98.041775,96.360990,97.392924,94.767442,94.896030,98.228883,95.675316,82.216216,90.251917,95.813953,89.828694,91.159224,95.215760,94.070414,94.319131,92.511521,90.921409,95.457930,93.250260,68.421053,72.320377,94.531704, ,70.398010,0.000000, ,88.086185,0.000000, ,0.000000, ,65.997131,7.317073, ,0.000000,65.060241,25.906736, ,94.175492,96.315789,88.441331,79.722390,94.537178,97.791045,94.823944,90.000000,88.308977,87.892377,97.016535,96.941562,96.584022,94.704325,91.877729,88.437369,77.000000,93.247768,0.000000,55.465116,40.942029,91.905480,69.714286,81.667619,57.294430,67.503487,91.399020,1.116766,89.393939,89.295213,89.267209,87.899000,63.435583,88.197767,58.548708,70.983723,71.717172,50.216076,20.339977,15.634218,32.857143,82.531646,77.683616,30.288462,43.457944,56.981520,38.323353,81.024096,0.000000,0.000000,92.901235,0.000000,0.000000,0.000000, ,71.245186,0.000000,54.487179,63.354037,0.000000,39.690722,38.243626,0.000000,81.204569,0.000000,99.441731,96.803069,99.293643,93.099274,97.046414,30.226629,99.175412,99.618321,68.860759,85.223368,98.354662,94.300518,99.025686,94.517544,87.666034,93.147410,94.772448,98.019802,86.386139,91.370558,92.406221,94.204082,95.794054,84.731544,82.943925,95.366795,83.966245,92.546064,90.394089,65.231788,92.813322,81.892049,0.000000,77.353464,79.782740,92.870906,71.404959,83.467382,79.642366,82.385576,66.468843,75.469076,38.842975,70.418848,83.475783,77.173913,76.277851,97.959184,46.861925,96.251090,79.801325,97.337278,96.746411,96.568391,81.847134,98.201856,98.250219,98.037077,93.489318,93.147503,98.799520,95.865633,97.521246,96.009210,83.930131,92.687651,76.003650,95.993322,89.215017,91.958042,96.779388,93.265565,93.290735,92.293907,83.833333,94.891008,89.273649,97.737557,75.115207,85.011990,91.161796,94.655172,88.438617,45.275591,77.205882,90.625000,57.278481,97.571744,91.748527,96.875000,97.265625,96.756384,85.840708,90.634755,35.616438,92.375691,85.927505,77.044025,91.783380,96.477901,28.488372,81.161695,72.016461,84.361851,87.769284,89.785408,84.990440,71.822167,24.137931,94.006849,86.491228,0.000000, , ,70.407434, ,57.647059,14.285714, ,0.000000,57.489879, ,0.000000, ,19.444444,0.000000, ,0.000000,73.225806,98.198198,75.706941,96.327387,95.116773,95.703704,75.294118,72.473118,53.989813,0.000000,96.302521,65.576592,96.796925,97.969876,86.505598,96.466431,97.740525,29.347826,11.351351,99.014405,94.923077,99.623777,99.022801,98.977183,99.083969,0.000000,96.969697,99.044586,94.694534,83.886256,90.837696,94.505495,94.529540,84.637681,90.466102,97.314179,95.781250,97.592847,72.466539,94.280763,57.421875,40.963855,42.944411,80.000000,47.321429,95.697074,91.466346,98.119743,39.693593,0.000000,94.825511,95.873926,53.258427,97.826087,98.116539,97.268777,97.795591,97.898833,97.662338,97.587870,97.330961,96.505824,95.133820,87.878788,96.226415,98.320000,97.373605,93.400000,96.167751,98.484848,97.661290,98.357143,98.165138,98.398719,98.918919,88.305489,19.565217,97.332317,97.041985,64.321608,89.652248,86.762779,96.239718,32.330827,48.421053,91.977870,89.124668,95.066991,91.420912,94.138335,95.405233,93.392371,97.235577,86.640472,76.043069,86.794718,28.499157,80.064568,83.107275,92.792793,78.112033,79.560440,61.492537,32.846715,77.664975,74.115756,86.943620,10.958904,87.184466,80.733945,92.000000,95.072698,91.475410,98.508523,13.235294,97.324415,64.454976,97.354497,80.051151,65.625000,99.286281,66.871166,53.892216,64.341441,98.111111,97.379544,91.052632,99.191771,98.515284,98.201720,37.226277,98.400556,83.518706,94.021739,98.467967,97.360084,97.318339,95.634921,97.359029,97.049970,0.000000,99.027710,98.264984,92.096597,98.676012,96.175637,92.045455,96.019553,97.799511,94.897959,97.988077,75.237400,97.465146,79.817708,63.541667,95.528744,94.851117,91.886410,98.756219,96.646796,92.326333,75.227273,95.617530,94.942904,88.805970,96.360485,78.481649,93.028096,95.332018,92.900964,93.032015,96.605567,93.095599,91.133005,93.197811,97.253489,97.217181,0.000000,95.563945,91.747147,98.850000,95.986985,73.780488,97.019868,96.788991,96.867907,96.201657,96.346414,95.008319,89.752066,99.094203,97.306034,98.749080,95.932755,92.459016,37.042617,98.271093,98.221344,98.832360,95.925495,98.008386,99.429387,72.679045,79.118774,95.716946,94.281046,98.705781,80.141011,69.600000,83.531275,36.781609,86.963190,86.903915,85.939742,70.074813,90.271132,89.313573,70.266990,49.029815,90.308748,86.015460,89.270119,87.145819,0.000000,27.954847,80.000000,97.671136,96.685998,95.116773,96.213992,14.634146,96.176629,58.730159,77.619048,91.116173,95.027624,95.372993,97.179487,77.402597,75.880759,87.792356,0.000000,83.066792,77.629471,71.468488,73.479730,47.929737,78.225806,90.473815,81.257143,58.666667,82.086614,71.040462,60.976578,64.416058,96.721311,92.816092,93.099274,0.000000,54.619921,92.349235,97.040498,75.000000,92.597865,64.285714,41.628959,91.971665,92.666667,25.000000,0.000000,0.000000,86.816193,82.224168,84.526112,45.360825,92.361721,93.165700,83.514774,84.881757,86.490455, ,91.467890,66.434176,86.924220,79.658385,77.495108, ,82.335766,98.214286,80.990415,69.922879,96.524064,95.919938,88.104089,97.100685,80.161290,97.837058,98.591549,82.297447,98.584906,98.283650,98.540856,97.747748,99.276018,93.356643,97.551020,99.230029,98.913043,98.623279,88.175676,91.573927,98.403361,99.240987,82.601206,98.999090,98.660171,34.400000,98.822606,53.962264,44.307692,79.113924,92.993631,86.892489,11.250000,97.049442,92.460733,4.310345,89.316239,87.137453,90.829400,58.298466,95.068285,90.878378,82.309942,91.666667,95.260948,97.511798,84.826974,67.918089,92.205056,18.518519,84.806034,95.405079,88.514129,95.198432,84.685506,24.118832,82.238193,75.029172,85.714286,92.878164
Evoked Metrics
    Number of Trials, , , , , , , , , , , , , , , , , , , , , , , , , , , , , , , , , , , , , , , , , , , , , , , , , , , , , , , , , , , , , , , , , , , , , , , , , , , , , , , , , , , , , , , , , , , , , , , , , , , , , , , , , , , , , , , , , , , , , , , , , , , , , , , , , , , , , , , , , , , , , , , , , , , , , , , , , , , , , , , , , , , , , , , , , , , , , , , , , , , , , , , , , , , , , , , , , , , , , , , , , , , , , , , , , , , , , , , , , , , , , , , , , , , , , , , , , , , , , , , , , , , , , , , , , , , , , , , , , , , , , , , , , , , , , , , , , , , , , , , , , , , , , , , , , , , , , , , , , , , , , , , , , , , , , , , , , , , , , , , , , , , , , , , , , , , , , , , , , , , , , , , , , , , , , , , , , , , , , , , , , , , , , , , , , , , , , , , , , , , , , , , , , , , , , , , , , , , , , , , , , , , , , , , , , , , , , , , , , , , , , , , , , , , , , , , , , , , , , , , , , , , , , , , , , , , , , , , , , , , , , , , , , , , , , , , , , , , , , , , , , , , , , , , , , , , , , , , , , , , , , , , , , , , , , , , , , , , , , , , , , , , , , , , , , , , , , , , , , , , , , , , , , , , , , , , , , , , , , , , , , , , , , , , , , , , , , , , , , , , , , , , , , , , , , , , , , , , , , , , , , , , , , , , , , , , , , , , , , , , , , , , , , , , , , , , , , , , , , , , , , , , , , , , , , , , , , , , , , , , , , , , , , , , , , , , , , , , , , , , , , , , , , , , , , , , , , , , , , , , , , , , , , , , , , , , , , , , , , , , , , , , , , , , , , , , , , , , , , , , , , , , , , , , , , , , , , , , , , , , , , , , , , , , , 
    Evoked Spike Count - Avg, , , , , , , , , , , , , , , , , , , , , , , , , , , , , , , , , , , , , , , , , , , , , , , , , , , , , , , , , , , , , , , , , , , , , , , , , , , , , , , , , , , , , , , , , , , , , , , , , , , , , , , , , , , , , , , , , , , , , , , , , , , , , , , , , , , , , , , , , , , , , , , , , , , , , , , , , , , , , , , , , , , , , , , , , , , , , , , , , , , , , , , , , , , , , , , , , , , , , , , , , , , , , , , , , , , , , , , , , , , , , , , , , , , , , , , , , , , , , , , , , , , , , , , , , , , , , , , , , , , , , , , , , , , , , , , , , , , , , , , , , , , , , , , , , , , , , , , , , , , , , , , , , , , , , , , , , , , , , , , , , , , , , , , , , , , , , , , , , , , , , , , , , , , , , , , , , , , , , , , , , , , , , , , , , , , , , , , , , , , , , , , , , , , , , , , , , , , , , , , , , , , , , , , , , , , , , , , , , , , , , , , , , , , , , , , , , , , , , , , , , , , , , , , , , , , , , , , , , , , , , , , , , , , , , , , , , , , , , , , , , , , , , , , , , , , , , , , , , , , , , , , , , , , , , , , , , , , , , , , , , , , , , , , , , , , , , , , , , , , , , , , , , , , , , , , , , , , , , , , , , , , , , , , , , , , , , , , , , , , , , , , , , , , , , , , , , , , , , , , , , , , , , , , , , , , , , , , , , , , , , , , , , , , , , , , , , , , , , , , , , , , , , , , , , , , , , , , , , , , , , , , , , , , , , , , , , , , , , , , , , , , , , , , , , , , , , , , , , , , , , , , , , , , , , , , , , , , , , , , , , , , , , , , , , , , , , , , , , , , , , , , , , , , , , , , , , , , , , , , , , , , , , , , , 
    Evoked Spike Count - Std, , , , , , , , , , , , , , , , , , , , , , , , , , , , , , , , , , , , , , , , , , , , , , , , , , , , , , , , , , , , , , , , , , , , , , , , , , , , , , , , , , , , , , , , , , , , , , , , , , , , , , , , , , , , , , , , , , , , , , , , , , , , , , , , , , , , , , , , , , , , , , , , , , , , , , , , , , , , , , , , , , , , , , , , , , , , , , , , , , , , , , , , , , , , , , , , , , , , , , , , , , , , , , , , , , , , , , , , , , , , , , , , , , , , , , , , , , , , , , , , , , , , , , , , , , , , , , , , , , , , , , , , , , , , , , , , , , , , , , , , , , , , , , , , , , , , , , , , , , , , , , , , , , , , , , , , , , , , , , , , , , , , , , , , , , , , , , , , , , , , , , , , , , , , , , , , , , , , , , , , , , , , , , , , , , , , , , , , , , , , , , , , , , , , , , , , , , , , , , , , , , , , , , , , , , , , , , , , , , , , , , , , , , , , , , , , , , , , , , , , , , , , , , , , , , , , , , , , , , , , , , , , , , , , , , , , , , , , , , , , , , , , , , , , , , , , , , , , , , , , , , , , , , , , , , , , , , , , , , , , , , , , , , , , , , , , , , , , , , , , , , , , , , , , , , , , , , , , , , , , , , , , , , , , , , , , , , , , , , , , , , , , , , , , , , , , , , , , , , , , , , , , , , , , , , , , , , , , , , , , , , , , , , , , , , , , , , , , , , , , , , , , , , , , , , , , , , , , , , , , , , , , , , , , , , , , , , , , , , , , , , , , , , , , , , , , , , , , , , , , , , , , , , , , , , , , , , , , , , , , , , , , , , , , , , , , , , , , , , , , , , , , , , , , , , , , , , , , , , , , , , , , , , , , 
    Evoked Response Probability, , , , , , , , , , , , , , , , , , , , , , , , , , , , , , , , , , , , , , , , , , , , , , , , , , , , , , , , , , , , , , , , , , , , , , , , , , , , , , , , , , , , , , , , , , , , , , , , , , , , , , , , , , , , , , , , , , , , , , , , , , , , , , , , , , , , , , , , , , , , , , , , , , , , , , , , , , , , , , , , , , , , , , , , , , , , , , , , , , , , , , , , , , , , , , , , , , , , , , , , , , , , , , , , , , , , , , , , , , , , , , , , , , , , , , , , , , , , , , , , , , , , , , , , , , , , , , , , , , , , , , , , , , , , , , , , , , , , , , , , , , , , , , , , , , , , , , , , , , , , , , , , , , , , , , , , , , , , , , , , , , , , , , , , , , , , , , , , , , , , , , , , , , , , , , , , , , , , , , , , , , , , , , , , , , , , , , , , , , , , , , , , , , , , , , , , , , , , , , , , , , , , , , , , , , , , , , , , , , , , , , , , , , , , , , , , , , , , , , , , , , , , , , , , , , , , , , , , , , , , , , , , , , , , , , , , , , , , , , , , , , , , , , , , , , , , , , , , , , , , , , , , , , , , , , , , , , , , , , , , , , , , , , , , , , , , , , , , , , , , , , , , , , , , , , , , , , , , , , , , , , , , , , , , , , , , , , , , , , , , , , , , , , , , , , , , , , , , , , , , , , , , , , , , , , , , , , , , , , , , , , , , , , , , , , , , , , , , , , , , , , , , , , , , , , , , , , , , , , , , , , , , , , , , , , , , , , , , , , , , , , , , , , , , , , , , , , , , , , , , , , , , , , , , , , , , , , , , , , , , , , , , , , , , , , , , , , , , , , , , , , , , , , , , , , , , , , , , , , , , , , , , , , , , 
    Evoked First Spike Latency (ms), , , , , , , , , , , , , , , , , , , , , , , , , , , , , , , , , , , , , , , , , , , , , , , , , , , , , , , , , , , , , , , , , , , , , , , , , , , , , , , , , , , , , , , , , , , , , , , , , , , , , , , , , , , , , , , , , , , , , , , , , , , , , , , , , , , , , , , , , , , , , , , , , , , , , , , , , , , , , , , , , , , , , , , , , , , , , , , , , , , , , , , , , , , , , , , , , , , , , , , , , , , , , , , , , , , , , , , , , , , , , , , , , , , , , , , , , , , , , , , , , , , , , , , , , , , , , , , , , , , , , , , , , , , , , , , , , , , , , , , , , , , , , , , , , , , , , , , , , , , , , , , , , , , , , , , , , , , , , , , , , , , , , , , , , , , , , , , , , , , , , , , , , , , , , , , , , , , , , , , , , , , , , , , , , , , , , , , , , , , , , , , , , , , , , , , , , , , , , , , , , , , , , , , , , , , , , , , , , , , , , , , , , , , , , , , , , , , , , , , , , , , , , , , , , , , , , , , , , , , , , , , , , , , , , , , , , , , , , , , , , , , , , , , , , , , , , , , , , , , , , , , , , , , , , , , , , , , , , , , , , , , , , , , , , , , , , , , , , , , , , , , , , , , , , , , , , , , , , , , , , , , , , , , , , , , , , , , , , , , , , , , , , , , , , , , , , , , , , , , , , , , , , , , , , , , , , , , , , , , , , , , , , , , , , , , , , , , , , , , , , , , , , , , , , , , , , , , , , , , , , , , , , , , , , , , , , , , , , , , , , , , , , , , , , , , , , , , , , , , , , , , , , , , , , , , , , , , , , , , , , , , , , , , , , , , , , , , , , , , , , , , , , , , , , , , , , , , , , , , , , , , , , , , , 
    Evoked Jitter (ms), , , , , , , , , , , , , , , , , , , , , , , , , , , , , , , , , , , , , , , , , , , , , , , , , , , , , , , , , , , , , , , , , , , , , , , , , , , , , , , , , , , , , , , , , , , , , , , , , , , , , , , , , , , , , , , , , , , , , , , , , , , , , , , , , , , , , , , , , , , , , , , , , , , , , , , , , , , , , , , , , , , , , , , , , , , , , , , , , , , , , , , , , , , , , , , , , , , , , , , , , , , , , , , , , , , , , , , , , , , , , , , , , , , , , , , , , , , , , , , , , , , , , , , , , , , , , , , , , , , , , , , , , , , , , , , , , , , , , , , , , , , , , , , , , , , , , , , , , , , , , , , , , , , , , , , , , , , , , , , , , , , , , , , , , , , , , , , , , , , , , , , , , , , , , , , , , , , , , , , , , , , , , , , , , , , , , , , , , , , , , , , , , , , , , , , , , , , , , , , , , , , , , , , , , , , , , , , , , , , , , , , , , , , , , , , , , , , , , , , , , , , , , , , , , , , , , , , , , , , , , , , , , , , , , , , , , , , , , , , , , , , , , , , , , , , , , , , , , , , , , , , , , , , , , , , , , , , , , , , , , , , , , , , , , , , , , , , , , , , , , , , , , , , , , , , , , , , , , , , , , , , , , , , , , , , , , , , , , , , , , , , , , , , , , , , , , , , , , , , , , , , , , , , , , , , , , , , , , , , , , , , , , , , , , , , , , , , , , , , , , , , , , , , , , , , , , , , , , , , , , , , , , , , , , , , , , , , , , , , , , , , , , , , , , , , , , , , , , , , , , , , , , , , , , , , , , , , , , , , , , , , , , , , , , , , , , , , , , , , , , , , , , , , , , , , , , , , , , , , , , , , , , , , , 

