AxIS Spike File,O:\DGK\IRAS\TOX\NTX\Users\Lennart\190919_LvM_256004_1260-17_MEA_rCortex_Acute_male_exposure(000)_Spike Detector (7 x STD)(000).spk
File Type,48-well

Analysis Start,1500.000000
Analysis End,2100.000000
Active Electrode Criterion (spks/min),
Remove Coincident Artifacts,True

Electrode Burst Settings,
    Algorithm,Poisson Surprise,
    Min Surprise,10.000000

Network Burst Settings,
    Algorithm,ISI Threshold,Adaptive,
    Min # of Spikes,40.000000
    Min # of Electrodes (%),15.000000
Synchrony Settings,
    Synchrony Window,20.000000

Evoked Analysis Settings,
    Events,0 to 0
    Peri-stimulus Window Start (ms),0.000000
    Peri-stimulus Window End (ms),100.000000
    Bin Size (ms),1.000000

Well Averages,A1,A2,A3,A4,A5,A6,A7,A8,B1,B2,B3,B4,B5,B6,B7,B8,C1,C2,C3,C4,C5,C6,C7,C8,D1,D2,D3,D4,D5,D6,D7,D8,E1,E2,E3,E4,E5,E6,E7,E8,F1,F2,F3,F4,F5,F6,F7,F8,
Treatment/ID,,,,,,,,,,,,,,,,,,,,,,,,,,,,,,,,,,,,,,,,,,,,,,,,
Activity Metrics
    Number of Spikes,35274.000000,7308.000000,3422.000000,15230.000000,17781.000000,12204.000000,22097.000000,24139.000000,33763.000000,32355.000000,7720.000000,43303.000000,40957.000000,8567.000000,46886.000000,24773.000000,29507.000000,8563.000000,41162.000000,13845.000000,19187.000000,21407.000000,25331.000000,14506.000000,9705.000000,3132.000000,19339.000000,18842.000000,11479.000000,26359.000000,23685.000000,20562.000000,13400.000000,17671.000000,18485.000000,19407.000000,19057.000000,21659.000000,25580.000000,15247.000000,17625.000000,20811.000000,14282.000000,15232.000000,17613.000000,15417.000000,13432.000000,15033.000000
    Mean Firing Rate (Hz),3.674375,0.761250,0.356458,1.586458,1.852188,1.271250,2.301771,2.514479,3.516979,3.370312,0.804167,4.510729,4.266354,0.892396,4.883958,2.580521,3.073646,0.891979,4.287708,1.442188,1.998646,2.229896,2.638646,1.511042,1.010938,0.326250,2.014479,1.962708,1.195729,2.745729,2.467188,2.141875,1.395833,1.840729,1.925521,2.021562,1.985104,2.256146,2.664583,1.588229,1.835938,2.167813,1.487708,1.586667,1.834688,1.605938,1.399167,1.565938
    ISI Coefficient of Variation - Avg,3.847718,1.581818,1.956794,2.557695,2.961697,2.648340,3.806913,3.482749,2.144413,3.733361,2.104721,3.212332,4.003831,1.537857,4.188921,3.538847,2.319412,1.593840,3.656104,3.619934,3.219755,4.370987,3.039495,2.612112,3.243400,1.580673,2.820232,3.017479,3.124505,4.221270,3.943444,3.886122,2.959330,2.675220,3.891618,3.791184,3.832301,4.194828,4.053415,3.084470,2.901001,2.853127,3.364331,4.037014,3.487602,3.496745,2.723753,3.319707
    Number of Active Electrodes,15.000000,10.000000,5.000000,16.000000,16.000000,16.000000,16.000000,16.000000,16.000000,15.000000,4.000000,16.000000,16.000000,5.000000,16.000000,15.000000,16.000000,8.000000,15.000000,16.000000,15.000000,16.000000,16.000000,16.000000,16.000000,6.000000,14.000000,15.000000,16.000000,15.000000,16.000000,15.000000,16.000000,16.000000,15.000000,16.000000,16.000000,15.000000,16.000000,16.000000,15.000000,15.000000,13.000000,14.000000,16.000000,16.000000,16.000000,15.000000
    Weighted Mean Firing Rate (Hz),3.919333,1.200000,1.127333,1.586458,1.852187,1.271250,2.301771,2.514479,3.516979,3.592889,3.207083,4.510729,4.266354,2.843667,4.883958,2.752111,3.073646,1.769583,4.573111,1.442188,2.128778,2.229896,2.638646,1.511042,1.010938,0.866944,2.295119,2.091333,1.195729,2.928667,2.467187,2.281889,1.395833,1.840729,2.053889,2.021562,1.985104,2.404222,2.664583,1.588229,1.956333,2.306889,1.820256,1.813333,1.834688,1.605937,1.399167,1.668444
Electrode Burst Metrics
    Number of Bursts,776.000000,195.000000,136.000000,721.000000,799.000000,672.000000,1080.000000,1145.000000,788.000000,1104.000000,157.000000,1334.000000,1283.000000,247.000000,1382.000000,804.000000,683.000000,188.000000,1553.000000,491.000000,635.000000,676.000000,819.000000,594.000000,451.000000,95.000000,819.000000,971.000000,499.000000,994.000000,998.000000,917.000000,559.000000,820.000000,865.000000,950.000000,872.000000,901.000000,873.000000,650.000000,563.000000,898.000000,585.000000,654.000000,775.000000,836.000000,702.000000,717.000000
    Number of Bursting Electrodes,15.000000,8.000000,6.000000,16.000000,16.000000,16.000000,16.000000,16.000000,16.000000,13.000000,2.000000,15.000000,16.000000,3.000000,16.000000,15.000000,15.000000,7.000000,15.000000,16.000000,15.000000,16.000000,16.000000,16.000000,16.000000,4.000000,15.000000,15.000000,16.000000,15.000000,16.000000,15.000000,16.000000,16.000000,15.000000,16.000000,16.000000,15.000000,16.000000,16.000000,15.000000,15.000000,14.000000,14.000000,16.000000,16.000000,16.000000,15.000000
    Burst Duration - Avg (sec),0.314478,0.198332,0.139021,0.081337,0.093250,0.087312,0.108539,0.100507,0.128944,0.145835,0.188154,0.139608,0.133580,0.137190,0.128556,0.132876,0.132676,0.108289,0.119274,0.142444,0.118304,0.140382,0.112195,0.081720,0.100675,0.132401,0.142032,0.080452,0.085549,0.117822,0.096425,0.089303,0.083796,0.086971,0.095822,0.099110,0.091593,0.100419,0.106432,0.094707,0.090577,0.089918,0.151527,0.111175,0.099106,0.088562,0.081808,0.083431
    Burst Duration - Std (sec),0.108710,0.119589,0.067252,0.020428,0.025968,0.030701,0.078295,0.026870,0.077260,0.035962,0.079601,0.032421,0.030396,0.042604,0.039898,0.070831,0.084619,0.031339,0.028612,0.055186,0.047011,0.059029,0.033859,0.025103,0.063786,0.063647,0.092280,0.019044,0.040230,0.022333,0.024345,0.032624,0.040901,0.022173,0.028973,0.060920,0.017363,0.022713,0.032634,0.026780,0.035283,0.013941,0.172933,0.042718,0.020186,0.024251,0.027261,0.016081
    Number of Spikes per Burst - Avg,29.779529,10.129498,10.562069,13.028101,15.446188,12.579743,15.914488,16.315776,16.048000,24.718125,19.562925,22.454081,26.477107,12.696870,26.089519,20.582833,14.039655,9.939490,20.143252,22.265132,19.289292,25.254605,19.396835,14.559617,15.139871,10.935355,15.289987,13.892239,15.866994,22.834022,19.599075,18.523647,16.242287,14.267167,18.525378,18.178170,18.847608,21.084194,22.008968,17.214492,17.911720,15.822621,15.292230,19.181481,18.471243,15.342944,12.702184,17.004201
    Number of Spikes per Burst - Std,15.421059,2.430173,4.592626,5.126874,4.521483,4.455561,4.651083,5.142835,12.364353,9.289285,11.402698,8.168389,8.957262,6.017547,13.800725,10.410522,5.021276,3.532190,5.735938,7.616063,6.815550,11.429697,9.060993,4.442218,6.133890,6.105450,4.167267,4.712616,7.418131,5.397587,7.145964,6.495805,5.429465,5.301993,4.410814,4.581434,4.978296,6.129182,7.991229,5.043159,8.196268,4.356550,7.649803,6.178057,4.601908,4.650066,4.663856,4.691064
    Mean ISI within Burst - Avg (sec),0.013272,0.019821,0.014645,0.007377,0.006953,0.007779,0.007155,0.006453,0.009771,0.006970,0.014085,0.007193,0.005777,0.013231,0.006219,0.007873,0.009072,0.013072,0.006595,0.007877,0.007198,0.006707,0.007591,0.006885,0.007020,0.013049,0.010418,0.007227,0.006736,0.006194,0.006482,0.005647,0.006361,0.007579,0.006239,0.006076,0.005839,0.005839,0.006030,0.006435,0.006505,0.006746,0.012171,0.006521,0.006315,0.006555,0.007837,0.005804
    Mean ISI within Burst - Std (sec),0.011864,0.009941,0.004227,0.001519,0.001672,0.001668,0.004392,0.001319,0.002793,0.002348,0.012576,0.001908,0.001776,0.005171,0.002293,0.003094,0.004685,0.005016,0.001898,0.003055,0.002278,0.001966,0.003936,0.001953,0.002655,0.003173,0.005995,0.001627,0.002300,0.001069,0.002582,0.001481,0.004314,0.002301,0.001026,0.002296,0.001148,0.001197,0.003103,0.001484,0.002585,0.001957,0.015825,0.001539,0.001133,0.001624,0.001768,0.000821
    Median ISI within Burst - Avg (sec),0.009756,0.014862,0.012150,0.005649,0.005080,0.005887,0.005198,0.004865,0.007058,0.005423,0.013152,0.005310,0.004463,0.011868,0.004535,0.005574,0.006398,0.010736,0.004840,0.005709,0.005387,0.005123,0.005564,0.005307,0.005290,0.010663,0.008066,0.006219,0.005317,0.004955,0.005209,0.004533,0.004682,0.005961,0.004906,0.004766,0.004605,0.004600,0.004924,0.005025,0.005002,0.005170,0.007134,0.005070,0.004729,0.004742,0.006391,0.004625
    Median ISI within Burst - Std (sec),0.011133,0.008748,0.004263,0.001481,0.001232,0.001748,0.002393,0.001197,0.002589,0.001908,0.013106,0.001743,0.001322,0.005329,0.001511,0.002202,0.002958,0.004047,0.001577,0.002123,0.001553,0.001459,0.002470,0.001592,0.002502,0.003245,0.003367,0.001709,0.001703,0.000910,0.002560,0.001409,0.003083,0.001888,0.000725,0.001573,0.000838,0.001159,0.002623,0.001280,0.002150,0.001204,0.004753,0.001412,0.000857,0.001241,0.001877,0.000822
    Median/Mean ISI within Burst - Avg,0.711514,0.761737,0.843763,0.774531,0.751104,0.769843,0.764625,0.769972,0.736090,0.777348,0.868205,0.744112,0.783467,0.876450,0.752660,0.723009,0.760105,0.853999,0.740937,0.750254,0.764536,0.773572,0.762431,0.788810,0.769862,0.829207,0.814430,0.858438,0.807080,0.803967,0.811073,0.806181,0.770350,0.809343,0.801122,0.795489,0.802240,0.799943,0.814260,0.788183,0.779538,0.792819,0.773989,0.787288,0.762765,0.761682,0.816041,0.796016
    Median/Mean ISI within Burst - Std,0.069800,0.092033,0.082608,0.072332,0.038880,0.076019,0.040508,0.051837,0.078231,0.040209,0.161553,0.059886,0.052709,0.069874,0.035753,0.074935,0.056110,0.056928,0.034614,0.053116,0.031916,0.046888,0.050583,0.051877,0.127103,0.159738,0.074690,0.055997,0.060369,0.036595,0.057619,0.040083,0.031746,0.062412,0.039834,0.038625,0.019950,0.045911,0.035210,0.044962,0.082498,0.043752,0.097728,0.056195,0.029473,0.070806,0.097468,0.034256
    Inter-Burst Interval - Avg (sec),48.369476,37.169389,100.354141,13.857996,13.412509,22.898988,9.580139,14.539618,22.232406,7.164134,20.461960,6.816524,9.106921,8.485860,7.235825,14.254418,12.533731,28.639154,5.997288,19.362564,16.148552,16.163263,12.170855,18.053362,20.301985,21.646763,14.107903,19.635079,25.294466,9.332985,14.174433,11.341306,23.681817,19.209817,11.455481,10.938425,11.117940,10.645571,12.061379,17.474176,24.201550,10.636051,44.642364,13.592517,12.445157,13.667534,23.364428,13.056566
    Inter-Burst Interval - Std (sec),138.858778,22.752316,126.769983,3.147925,6.907458,26.886666,2.838740,24.157346,35.375635,0.754469,23.192443,0.785579,8.290482,5.091238,2.737818,11.886113,2.748411,20.699841,1.257377,4.295357,8.260803,9.303021,3.234559,7.476015,5.539230,10.558064,10.307344,28.739782,18.225540,1.295964,16.804813,6.709942,19.940613,23.664267,5.654989,4.446221,2.385863,3.888702,5.662613,13.256245,35.145547,3.941828,69.655614,4.133470,2.037109,10.452862,29.011451,3.463455
    Burst Frequency - Avg (Hz),0.086222,0.040625,0.037778,0.075104,0.083229,0.070000,0.112500,0.119271,0.082083,0.141538,0.130833,0.148222,0.133646,0.137222,0.143958,0.089333,0.075889,0.044762,0.172556,0.051146,0.070556,0.070417,0.085313,0.061875,0.046979,0.039583,0.091000,0.107889,0.051979,0.110444,0.103958,0.101889,0.058229,0.085417,0.096111,0.098958,0.090833,0.100111,0.090938,0.067708,0.062556,0.099778,0.069643,0.077857,0.080729,0.087083,0.073125,0.079667
    Burst Frequency - Std (Hz),0.039099,0.051339,0.030978,0.016210,0.020892,0.028964,0.032614,0.041992,0.051440,0.015176,0.161456,0.017417,0.031271,0.189842,0.028590,0.034828,0.026479,0.039222,0.032943,0.009264,0.020399,0.017176,0.019477,0.018327,0.016196,0.031663,0.041437,0.058352,0.019353,0.014177,0.038422,0.028997,0.036991,0.041350,0.023852,0.023093,0.014116,0.021533,0.020120,0.017330,0.018256,0.019849,0.040873,0.015490,0.012501,0.024717,0.037257,0.017242
    IBI Coefficient of Variation - Avg,0.640199,0.901753,0.736459,0.628726,0.542482,0.523462,0.576948,0.570850,0.628270,0.522799,0.784794,0.484624,0.474450,0.844391,0.541409,0.539944,0.601284,0.804084,0.432602,0.525557,0.582848,0.388133,0.402229,0.500555,0.550176,0.584884,0.626334,0.582432,0.511249,0.450173,0.403983,0.528566,0.462635,0.551413,0.458566,0.458844,0.433669,0.420510,0.391465,0.518258,0.515777,0.581933,0.516244,0.527125,0.579803,0.526083,0.704778,0.635713
    IBI Coefficient of Variation - Std,0.081867,0.198552,0.315915,0.113011,0.108206,0.082042,0.153435,0.105782,0.280993,0.058664,0.199984,0.067749,0.095792,0.417242,0.097409,0.095096,0.051427,0.231284,0.099048,0.060152,0.077980,0.056020,0.074233,0.087076,0.085379,0.011088,0.102562,0.083874,0.073035,0.037979,0.108243,0.095050,0.136851,0.081456,0.069276,0.108771,0.129957,0.065899,0.135178,0.065867,0.030400,0.089546,0.164908,0.068253,0.077228,0.117937,0.194918,0.047037
    Burst Percentage - Avg,64.961187,14.185854,32.588580,69.880683,77.336445,72.018705,82.567691,79.395330,42.324155,71.049435,12.240176,69.920240,84.313340,14.298554,83.056078,69.996237,41.128957,12.764085,75.163502,84.600867,65.964399,85.718852,74.819892,69.215038,76.595152,18.960683,61.823289,67.111621,76.761643,82.539679,85.759668,79.892415,74.055070,70.432114,89.325782,90.248314,89.469227,85.188113,88.773639,76.036124,69.522924,68.151442,62.036630,86.289527,83.402429,85.515544,67.576773,78.001281
    Burst Percentage - Std,17.538705,17.264381,25.056034,18.931211,15.422686,20.373126,10.645246,16.650105,25.953110,35.578137,28.768203,22.707782,17.691220,29.578403,16.011456,28.733535,24.805203,15.767843,21.201720,5.985952,24.494290,17.708983,18.296199,13.711207,24.163666,29.538484,25.691365,29.324112,18.219204,24.308477,18.927761,24.945852,23.384962,19.655013,8.330152,6.588004,10.484122,23.618712,18.141803,17.734685,29.034790,23.948112,35.296756,11.162821,8.098818,12.770776,24.961636,23.282907
Network Burst Metrics
    Number of Network Bursts,147.000000,45.000000,27.000000,66.000000,62.000000,59.000000,107.000000,116.000000,98.000000,107.000000,63.000000,171.000000,88.000000,42.000000,124.000000,51.000000,62.000000,42.000000,171.000000,44.000000,63.000000,53.000000,60.000000,52.000000,38.000000,9.000000,107.000000,129.000000,44.000000,75.000000,86.000000,73.000000,42.000000,90.000000,74.000000,77.000000,64.000000,73.000000,65.000000,61.000000,52.000000,92.000000,68.000000,56.000000,64.000000,66.000000,92.000000,64.000000
    Network Burst Frequency,0.245000,0.075000,0.045000,0.110000,0.103333,0.098333,0.178333,0.193333,0.163333,0.178333,0.105000,0.285000,0.146667,0.070000,0.206667,0.085000,0.103333,0.070000,0.285000,0.073333,0.105000,0.088333,0.100000,0.086667,0.063333,0.015000,0.178333,0.215000,0.073333,0.125000,0.143333,0.121667,0.070000,0.150000,0.123333,0.128333,0.106667,0.121667,0.108333,0.101667,0.086667,0.153333,0.113333,0.093333,0.106667,0.110000,0.153333,0.106667
    Network Burst Duration - Avg (sec),0.527207,0.347902,0.424370,0.337301,0.573477,0.244252,0.323097,0.176793,0.413527,0.600736,0.224159,0.784654,0.368617,0.294362,0.481355,0.165827,0.090586,0.165303,0.766987,0.521736,0.467867,0.445079,0.169001,0.106854,0.763646,0.475004,0.331455,0.235802,0.357209,0.328432,0.235930,0.519620,0.387600,0.394298,0.292824,0.317750,0.171390,0.218777,0.286930,0.330689,0.319520,0.304613,0.234527,0.420783,0.290260,0.231811,0.292563,0.240045
    Network Burst Duration - Std (sec),0.690500,0.312691,0.246011,0.137022,0.241527,0.245799,0.168786,0.225362,0.115717,0.201857,0.054134,0.446900,0.076663,0.068717,0.182981,0.017809,0.026367,0.052390,0.290982,0.332736,0.210424,0.215085,0.028583,0.021848,0.388190,0.272775,0.266077,0.164228,0.164606,0.159747,0.088480,0.319986,0.133434,0.160868,0.168181,0.263078,0.035865,0.074041,0.062921,0.143653,0.097382,0.089986,0.115377,0.176068,0.098886,0.085953,0.112704,0.143696
    Number of Spikes per Network Burst - Avg,229.183673,62.244444,57.592593,175.227273,233.241935,177.728814,191.373832,201.758621,210.765306,288.065421,49.126984,230.590643,424.068182,44.714286,343.129032,307.725490,149.354839,61.380952,232.187135,279.477273,232.444444,361.377358,281.583333,183.500000,207.605263,74.888889,159.757009,143.868217,218.590909,325.280000,272.720930,266.136986,229.880952,170.833333,241.932432,244.233766,274.015625,288.095890,327.123077,213.737705,233.307692,184.836957,174.411765,252.303571,245.234375,221.257576,133.793478,214.453125
    Number of Spikes per Network Burst - Std,353.011254,30.387015,24.070824,75.256238,100.666254,83.396194,100.207664,191.031735,83.314557,117.873555,7.477907,147.433082,72.939559,3.657840,173.599154,21.210449,63.184896,17.776323,153.673987,190.296646,140.650307,158.959988,92.506214,93.535880,108.664756,37.146482,96.672452,94.342741,101.172273,169.214286,121.825106,101.141995,89.922786,87.445938,122.584757,105.966094,119.798838,134.879593,109.860353,114.953020,111.463269,91.147541,78.809469,101.611903,120.161101,83.692718,82.871612,106.706678
    Mean ISI within Network Burst - Avg (sec),0.003039,0.005389,0.007477,0.002500,0.003101,0.001597,0.002293,0.001118,0.002612,0.004152,0.004691,0.006802,0.000974,0.006728,0.003437,0.000540,0.000692,0.002801,0.005631,0.004060,0.003418,0.002039,0.000719,0.000748,0.005433,0.006299,0.002350,0.001884,0.001951,0.001146,0.001284,0.002710,0.002520,0.003037,0.001630,0.001999,0.000804,0.001039,0.001035,0.002116,0.001919,0.002252,0.001711,0.001934,0.001688,0.001222,0.003317,0.001597
    Mean ISI within Network Burst - Std (sec),0.001658,0.003443,0.002633,0.001842,0.003555,0.001987,0.002090,0.000762,0.001815,0.005691,0.001029,0.006676,0.000685,0.001445,0.004395,0.000043,0.000269,0.000691,0.004908,0.006232,0.003530,0.003349,0.000394,0.000373,0.006193,0.001428,0.001618,0.000936,0.001219,0.000636,0.001456,0.003873,0.002488,0.001937,0.001233,0.003267,0.000538,0.000956,0.000683,0.001507,0.001524,0.001440,0.001120,0.001522,0.001331,0.000782,0.002520,0.001657
    Median ISI within Network Burst - Avg (sec),0.000860,0.001946,0.002508,0.000564,0.000594,0.000502,0.000724,0.000447,0.001200,0.002087,0.003046,0.001794,0.000295,0.003537,0.001363,0.000294,0.000405,0.001489,0.000860,0.001533,0.001266,0.000968,0.000405,0.000453,0.001389,0.003133,0.000809,0.000667,0.000635,0.000377,0.000514,0.000733,0.000627,0.000635,0.000631,0.000931,0.000353,0.000483,0.000342,0.000696,0.000575,0.000576,0.000656,0.000585,0.000628,0.000439,0.000917,0.000481
    Median ISI within Network Burst - Std (sec),0.000447,0.000785,0.000726,0.000419,0.001548,0.000381,0.000899,0.000241,0.001155,0.004437,0.000390,0.001917,0.000219,0.000626,0.001977,0.000037,0.000198,0.000337,0.000926,0.002909,0.001937,0.002640,0.000332,0.000315,0.002612,0.000957,0.000478,0.000328,0.000695,0.000208,0.000548,0.001823,0.000804,0.000397,0.000751,0.001993,0.000262,0.000577,0.000287,0.000644,0.000586,0.000397,0.000475,0.000838,0.000703,0.000378,0.000699,0.000390
    Median/Mean ISI within Network Burst - Avg,0.308732,0.415230,0.367375,0.254140,0.160024,0.389897,0.295544,0.429030,0.406091,0.315281,0.669940,0.272154,0.311196,0.544113,0.337144,0.545998,0.570269,0.546438,0.158283,0.321197,0.298694,0.332641,0.526436,0.573132,0.171177,0.503184,0.383013,0.381093,0.297363,0.346501,0.421669,0.236638,0.219147,0.227865,0.368079,0.387668,0.444842,0.456149,0.324648,0.310977,0.274833,0.262556,0.398458,0.265174,0.348926,0.353500,0.305831,0.384736
    Median/Mean ISI within Network Burst - Std,0.101372,0.142902,0.142588,0.116081,0.065430,0.135145,0.105035,0.106699,0.106331,0.167426,0.114827,0.101939,0.063921,0.131078,0.108221,0.070933,0.086136,0.119624,0.078252,0.151992,0.132447,0.148584,0.097336,0.099369,0.143837,0.110413,0.145217,0.138882,0.146234,0.112574,0.104356,0.140292,0.096813,0.095201,0.144126,0.148825,0.086924,0.106728,0.068065,0.137885,0.080667,0.090364,0.112275,0.114050,0.137798,0.123792,0.114786,0.160019
    Number of Elecs Participating in Burst - Avg,13.789116,9.866667,5.333333,15.393939,15.532258,15.152542,14.934579,14.870690,14.724490,13.859813,3.968254,14.175439,15.863636,4.976190,14.427419,15.058824,15.112903,8.333333,13.707602,14.340909,14.380952,15.037736,15.550000,14.980769,14.394737,5.000000,13.766355,13.782946,14.454545,14.960000,14.790698,14.479452,14.833333,14.244444,14.256757,14.961039,15.703125,14.780822,15.769231,15.131148,14.269231,14.989130,12.705882,13.589286,15.437500,15.409091,13.934783,14.734375
    Number of Elecs Participating in Burst - Std,1.361060,1.272078,0.960769,1.238843,1.224313,0.961564,1.776530,1.261677,2.232749,2.357039,0.438776,2.107043,0.483802,0.604378,2.857520,0.237635,1.281710,0.979464,1.804211,2.420294,2.351585,2.278345,1.254483,1.577916,2.899576,0.866025,1.278114,1.883154,2.337307,0.304915,1.199179,1.501014,2.346941,1.730825,1.111100,2.148693,0.920312,1.181414,0.606456,1.297117,1.681682,0.831979,1.753962,1.290198,1.193567,0.764144,1.777789,1.011712
    Number of Spikes per Network Burst per Channel - Avg,15.882268,6.226261,10.861684,11.115013,14.799390,11.559127,12.426062,13.112761,13.754994,19.874745,12.532540,15.289924,26.631752,9.107937,22.011084,20.441830,9.677328,7.405611,15.977154,18.178029,15.360094,23.119024,17.762717,11.867959,13.630674,15.516667,11.238432,9.947441,14.365665,21.671366,18.005848,18.064849,14.837040,11.559019,16.613217,16.040222,17.242093,19.096277,20.592344,13.671595,15.677099,12.158332,13.249671,18.277415,15.565767,14.175990,9.097527,14.220013
    Number of Spikes per Network Burst per Channel - Std,23.672025,2.510037,3.870115,4.468678,6.082907,5.045468,5.844365,11.758044,4.513104,7.042119,2.365401,8.797606,4.372030,1.250530,9.916638,1.474979,3.662237,2.135757,9.695911,11.180903,8.234784,9.096867,5.421081,5.455623,5.976296,9.299903,6.165652,5.660256,5.542561,11.183587,7.326455,6.259037,4.929875,5.072003,7.908265,6.011912,7.323627,8.318329,6.663923,6.940159,6.630271,5.793489,4.738543,7.028092,7.241091,5.036403,4.798941,6.680649
    Network Burst Percentage,95.509440,38.327860,45.441262,75.935653,81.328384,85.922648,92.668688,96.955135,61.176436,95.265029,40.090674,91.058356,91.115072,21.921326,90.747771,63.351229,31.382384,30.106271,96.457898,88.819068,76.322510,89.470734,66.696933,65.779677,81.287996,21.519796,88.391334,98.498036,83.787786,92.552828,99.024699,94.484972,72.052239,87.006961,96.851501,96.903179,92.023928,97.100512,83.123534,85.511904,68.834043,81.711595,83.041591,92.758666,89.110316,94.720114,91.639369,91.299142
    Network IBI Coefficient of Variation,0.781411,0.824522,0.578141,0.527733,0.491762,0.476294,0.783584,0.486602,0.515348,0.464570,0.683251,0.464249,0.426036,0.964559,0.404773,0.481459,0.590390,0.643893,0.433088,0.586239,0.670152,0.411012,0.413048,0.532278,0.475441,0.624159,0.517376,0.375651,0.571779,0.394875,0.284725,0.461317,0.475196,0.470619,0.409238,0.403351,0.227534,0.355766,0.265804,0.582103,0.536200,0.562814,0.501942,0.539351,0.679933,0.450896,0.398420,0.655080
    Network Normalized Duration IQR,1.501877,1.707464,0.445099,0.556177,0.447014,0.656538,0.650090,0.338909,0.246625,0.527452,0.185921,0.666355,0.277871,0.280118,0.600387,0.059726,0.113595,0.322072,0.525792,0.980946,0.490436,0.498110,0.112270,0.278986,0.621299,0.728018,0.892592,0.752255,0.823995,0.629602,0.458670,0.922473,0.344187,0.535237,0.701328,0.850870,0.118182,0.395028,0.208890,0.640518,0.318709,0.346175,0.526440,0.457540,0.388642,0.414856,0.624340,1.328660
Synchrony Metrics
    Area Under Normalized Cross-Correlation,0.490104,0.230535,0.127168,0.697847,0.735026,0.709659,0.742833,0.766395,0.427059,0.605942,0.057306,0.558935,0.769811,0.084169,0.643947,0.572590,0.464197,0.132120,0.663444,0.699240,0.585332,0.708762,0.608653,0.689066,0.745400,0.084528,0.485222,0.592669,0.660114,0.658923,0.662247,0.696655,0.689165,0.623839,0.699007,0.749811,0.784230,0.677588,0.669071,0.709916,0.607876,0.700465,0.524570,0.646320,0.724895,0.755308,0.696403,0.711813
    Area Under Cross-Correlation,11.150958,0.466069,0.140556,5.843403,8.389597,5.167236,11.975375,14.058778,6.881458,15.319250,0.177472,18.547167,27.040528,0.246347,27.639528,9.864514,5.539708,0.430486,21.457583,7.866458,8.075167,12.352278,11.044986,6.492194,4.933778,0.073556,6.066028,8.680708,5.648375,16.960542,16.311292,13.209514,6.933597,7.882931,12.144181,12.971125,13.378375,15.245778,16.093444,8.090708,7.577333,9.819792,5.484972,8.156111,10.964181,9.377764,5.580639,8.930597
    Full Width at Half Height of Normalized Cross-Correlation,15.000000,13.000000,9.000000,15.000000,17.000000,14.000000,15.000000,17.000000,22.000000,22.000000,15.000000,26.000000,24.000000,15.000000,26.000000,22.000000,28.000000,19.000000,20.000000,23.000000,26.000000,25.000000,30.000000,30.000000,24.000000,12.000000,8.000000,28.000000,24.000000,30.000000,23.000000,19.000000,21.000000,20.000000,28.000000,22.000000,26.000000,24.000000,32.000000,28.000000,30.000000,26.000000,31.000000,25.000000,34.000000,26.000000,24.000000,24.000000
    Full Width at Half Height of Cross-Correlation,144.000000,23.000000,48.000000,68.000000,74.000000,62.000000,74.000000,74.000000,106.000000,129.000000,116.000000,126.000000,127.000000,75.000000,129.000000,106.000000,60.000000,75.000000,97.000000,116.000000,105.000000,119.000000,103.000000,74.000000,64.000000,44.000000,98.000000,88.000000,81.000000,116.000000,100.000000,80.000000,66.000000,78.000000,92.000000,83.000000,88.000000,101.000000,102.000000,82.000000,85.000000,73.000000,89.000000,90.000000,89.000000,73.000000,71.000000,80.000000
    Synchrony Index, , , , , , , , , , , , , , , , , , , , , , , , , , , , , , , , , , , , , , , , , , , , , , , , 
    Kreuz SPIKE Distance, , , , , , , , , , , , , , , , , , , , , , , , , , , , , , , , , , , , , , , , , , , , , , , , 
Evoked Metrics
    Number of Trials, , , , , , , , , , , , , , , , , , , , , , , , , , , , , , , , , , , , , , , , , , , , , , , , 
    Evoked Spike Count - Avg, , , , , , , , , , , , , , , , , , , , , , , , , , , , , , , , , , , , , , , , , , , , , , , , 
    Evoked Spike Count - Std, , , , , , , , , , , , , , , , , , , , , , , , , , , , , , , , , , , , , , , , , , , , , , , , 
    Evoked Response Probability, , , , , , , , , , , , , , , , , , , , , , , , , , , , , , , , , , , , , , , , , , , , , , , , 
    Evoked First Spike Latency (ms), , , , , , , , , , , , , , , , , , , , , , , , , , , , , , , , , , , , , , , , , , , , , , , , 
    Evoked Jitter (ms), , , , , , , , , , , , , , , , , , , , , , , , , , , , , , , , , , , , , , , , , , , , , , , , 

Measurement,A1_11,A1_12,A1_13,A1_14,A1_21,A1_22,A1_23,A1_24,A1_31,A1_32,A1_33,A1_34,A1_41,A1_42,A1_43,A1_44,A2_11,A2_12,A2_13,A2_14,A2_21,A2_22,A2_23,A2_24,A2_31,A2_32,A2_33,A2_34,A2_41,A2_42,A2_43,A2_44,A3_11,A3_12,A3_13,A3_14,A3_21,A3_22,A3_23,A3_24,A3_31,A3_32,A3_33,A3_34,A3_41,A3_42,A3_43,A3_44,A4_11,A4_12,A4_13,A4_14,A4_21,A4_22,A4_23,A4_24,A4_31,A4_32,A4_33,A4_34,A4_41,A4_42,A4_43,A4_44,A5_11,A5_12,A5_13,A5_14,A5_21,A5_22,A5_23,A5_24,A5_31,A5_32,A5_33,A5_34,A5_41,A5_42,A5_43,A5_44,A6_11,A6_12,A6_13,A6_14,A6_21,A6_22,A6_23,A6_24,A6_31,A6_32,A6_33,A6_34,A6_41,A6_42,A6_43,A6_44,A7_11,A7_12,A7_13,A7_14,A7_21,A7_22,A7_23,A7_24,A7_31,A7_32,A7_33,A7_34,A7_41,A7_42,A7_43,A7_44,A8_11,A8_12,A8_13,A8_14,A8_21,A8_22,A8_23,A8_24,A8_31,A8_32,A8_33,A8_34,A8_41,A8_42,A8_43,A8_44,B1_11,B1_12,B1_13,B1_14,B1_21,B1_22,B1_23,B1_24,B1_31,B1_32,B1_33,B1_34,B1_41,B1_42,B1_43,B1_44,B2_11,B2_12,B2_13,B2_14,B2_21,B2_22,B2_23,B2_24,B2_31,B2_32,B2_33,B2_34,B2_41,B2_42,B2_43,B2_44,B3_11,B3_12,B3_13,B3_14,B3_21,B3_22,B3_23,B3_24,B3_31,B3_32,B3_33,B3_34,B3_41,B3_42,B3_43,B3_44,B4_11,B4_12,B4_13,B4_14,B4_21,B4_22,B4_23,B4_24,B4_31,B4_32,B4_33,B4_34,B4_41,B4_42,B4_43,B4_44,B5_11,B5_12,B5_13,B5_14,B5_21,B5_22,B5_23,B5_24,B5_31,B5_32,B5_33,B5_34,B5_41,B5_42,B5_43,B5_44,B6_11,B6_12,B6_13,B6_14,B6_21,B6_22,B6_23,B6_24,B6_31,B6_32,B6_33,B6_34,B6_41,B6_42,B6_43,B6_44,B7_11,B7_12,B7_13,B7_14,B7_21,B7_22,B7_23,B7_24,B7_31,B7_32,B7_33,B7_34,B7_41,B7_42,B7_43,B7_44,B8_11,B8_12,B8_13,B8_14,B8_21,B8_22,B8_23,B8_24,B8_31,B8_32,B8_33,B8_34,B8_41,B8_42,B8_43,B8_44,C1_11,C1_12,C1_13,C1_14,C1_21,C1_22,C1_23,C1_24,C1_31,C1_32,C1_33,C1_34,C1_41,C1_42,C1_43,C1_44,C2_11,C2_12,C2_13,C2_14,C2_21,C2_22,C2_23,C2_24,C2_31,C2_32,C2_33,C2_34,C2_41,C2_42,C2_43,C2_44,C3_11,C3_12,C3_13,C3_14,C3_21,C3_22,C3_23,C3_24,C3_31,C3_32,C3_33,C3_34,C3_41,C3_42,C3_43,C3_44,C4_11,C4_12,C4_13,C4_14,C4_21,C4_22,C4_23,C4_24,C4_31,C4_32,C4_33,C4_34,C4_41,C4_42,C4_43,C4_44,C5_11,C5_12,C5_13,C5_14,C5_21,C5_22,C5_23,C5_24,C5_31,C5_32,C5_33,C5_34,C5_41,C5_42,C5_43,C5_44,C6_11,C6_12,C6_13,C6_14,C6_21,C6_22,C6_23,C6_24,C6_31,C6_32,C6_33,C6_34,C6_41,C6_42,C6_43,C6_44,C7_11,C7_12,C7_13,C7_14,C7_21,C7_22,C7_23,C7_24,C7_31,C7_32,C7_33,C7_34,C7_41,C7_42,C7_43,C7_44,C8_11,C8_12,C8_13,C8_14,C8_21,C8_22,C8_23,C8_24,C8_31,C8_32,C8_33,C8_34,C8_41,C8_42,C8_43,C8_44,D1_11,D1_12,D1_13,D1_14,D1_21,D1_22,D1_23,D1_24,D1_31,D1_32,D1_33,D1_34,D1_41,D1_42,D1_43,D1_44,D2_11,D2_12,D2_13,D2_14,D2_21,D2_22,D2_23,D2_24,D2_31,D2_32,D2_33,D2_34,D2_41,D2_42,D2_43,D2_44,D3_11,D3_12,D3_13,D3_14,D3_21,D3_22,D3_23,D3_24,D3_31,D3_32,D3_33,D3_34,D3_41,D3_42,D3_43,D3_44,D4_11,D4_12,D4_13,D4_14,D4_21,D4_22,D4_23,D4_24,D4_31,D4_32,D4_33,D4_34,D4_41,D4_42,D4_43,D4_44,D5_11,D5_12,D5_13,D5_14,D5_21,D5_22,D5_23,D5_24,D5_31,D5_32,D5_33,D5_34,D5_41,D5_42,D5_43,D5_44,D6_11,D6_12,D6_13,D6_14,D6_21,D6_22,D6_23,D6_24,D6_31,D6_32,D6_33,D6_34,D6_41,D6_42,D6_43,D6_44,D7_11,D7_12,D7_13,D7_14,D7_21,D7_22,D7_23,D7_24,D7_31,D7_32,D7_33,D7_34,D7_41,D7_42,D7_43,D7_44,D8_11,D8_12,D8_13,D8_14,D8_21,D8_22,D8_23,D8_24,D8_31,D8_32,D8_33,D8_34,D8_41,D8_42,D8_43,D8_44,E1_11,E1_12,E1_13,E1_14,E1_21,E1_22,E1_23,E1_24,E1_31,E1_32,E1_33,E1_34,E1_41,E1_42,E1_43,E1_44,E2_11,E2_12,E2_13,E2_14,E2_21,E2_22,E2_23,E2_24,E2_31,E2_32,E2_33,E2_34,E2_41,E2_42,E2_43,E2_44,E3_11,E3_12,E3_13,E3_14,E3_21,E3_22,E3_23,E3_24,E3_31,E3_32,E3_33,E3_34,E3_41,E3_42,E3_43,E3_44,E4_11,E4_12,E4_13,E4_14,E4_21,E4_22,E4_23,E4_24,E4_31,E4_32,E4_33,E4_34,E4_41,E4_42,E4_43,E4_44,E5_11,E5_12,E5_13,E5_14,E5_21,E5_22,E5_23,E5_24,E5_31,E5_32,E5_33,E5_34,E5_41,E5_42,E5_43,E5_44,E6_11,E6_12,E6_13,E6_14,E6_21,E6_22,E6_23,E6_24,E6_31,E6_32,E6_33,E6_34,E6_41,E6_42,E6_43,E6_44,E7_11,E7_12,E7_13,E7_14,E7_21,E7_22,E7_23,E7_24,E7_31,E7_32,E7_33,E7_34,E7_41,E7_42,E7_43,E7_44,E8_11,E8_12,E8_13,E8_14,E8_21,E8_22,E8_23,E8_24,E8_31,E8_32,E8_33,E8_34,E8_41,E8_42,E8_43,E8_44,F1_11,F1_12,F1_13,F1_14,F1_21,F1_22,F1_23,F1_24,F1_31,F1_32,F1_33,F1_34,F1_41,F1_42,F1_43,F1_44,F2_11,F2_12,F2_13,F2_14,F2_21,F2_22,F2_23,F2_24,F2_31,F2_32,F2_33,F2_34,F2_41,F2_42,F2_43,F2_44,F3_11,F3_12,F3_13,F3_14,F3_21,F3_22,F3_23,F3_24,F3_31,F3_32,F3_33,F3_34,F3_41,F3_42,F3_43,F3_44,F4_11,F4_12,F4_13,F4_14,F4_21,F4_22,F4_23,F4_24,F4_31,F4_32,F4_33,F4_34,F4_41,F4_42,F4_43,F4_44,F5_11,F5_12,F5_13,F5_14,F5_21,F5_22,F5_23,F5_24,F5_31,F5_32,F5_33,F5_34,F5_41,F5_42,F5_43,F5_44,F6_11,F6_12,F6_13,F6_14,F6_21,F6_22,F6_23,F6_24,F6_31,F6_32,F6_33,F6_34,F6_41,F6_42,F6_43,F6_44,F7_11,F7_12,F7_13,F7_14,F7_21,F7_22,F7_23,F7_24,F7_31,F7_32,F7_33,F7_34,F7_41,F7_42,F7_43,F7_44,F8_11,F8_12,F8_13,F8_14,F8_21,F8_22,F8_23,F8_24,F8_31,F8_32,F8_33,F8_34,F8_41,F8_42,F8_43,F8_44,
Activity Metrics
    Number of Spikes,2885.000000,3684.000000,0.000000,2876.000000,3122.000000,3669.000000,4638.000000,2354.000000,2160.000000,1458.000000,146.000000,1369.000000,3520.000000,378.000000,929.000000,2086.000000,330.000000,154.000000,750.000000,1.000000,25.000000,1325.000000,0.000000,129.000000,1027.000000,32.000000,341.000000,410.000000,322.000000,50.000000,2412.000000,0.000000,0.000000,1502.000000,5.000000,494.000000,0.000000,84.000000,0.000000,853.000000,0.000000,0.000000,0.000000,449.000000,0.000000,32.000000,0.000000,3.000000,1054.000000,2026.000000,1154.000000,403.000000,372.000000,1217.000000,384.000000,1865.000000,1139.000000,1678.000000,289.000000,979.000000,785.000000,598.000000,494.000000,793.000000,437.000000,1049.000000,1145.000000,2407.000000,897.000000,1209.000000,1444.000000,2590.000000,171.000000,1020.000000,426.000000,842.000000,556.000000,1075.000000,1261.000000,1252.000000,790.000000,996.000000,1127.000000,483.000000,68.000000,628.000000,1103.000000,1014.000000,283.000000,74.000000,521.000000,1002.000000,1217.000000,1529.000000,539.000000,830.000000,1531.000000,906.000000,1195.000000,575.000000,943.000000,1811.000000,574.000000,2625.000000,1460.000000,1859.000000,2543.000000,601.000000,2559.000000,1322.000000,958.000000,635.000000,1082.000000,1660.000000,1561.000000,2128.000000,1964.000000,1618.000000,2075.000000,1933.000000,1712.000000,2050.000000,523.000000,502.000000,2193.000000,127.000000,2134.000000,877.000000,763.000000,621.000000,1083.000000,465.000000,1459.000000,4085.000000,791.000000,668.000000,5397.000000,5312.000000,130.000000,846.000000,4807.000000,5496.000000,637.000000,1203.000000,1963.000000,3103.000000,3244.000000,3599.000000,4398.000000,172.000000,1409.000000,72.000000,2206.000000,1548.000000,841.000000,19.000000,2240.000000,3124.000000,992.000000,3425.000000,21.000000,5269.000000,1.000000,0.000000,0.000000,0.000000,1.000000,0.000000,1336.000000,276.000000,0.000000,816.000000,0.000000,0.000000,0.000000,0.000000,1046.000000,1465.000000,81.000000,1797.000000,1509.000000,2677.000000,2881.000000,3348.000000,1366.000000,4231.000000,5537.000000,4442.000000,3575.000000,1741.000000,2371.000000,5236.000000,2639.000000,3187.000000,2503.000000,3215.000000,1501.000000,3417.000000,1420.000000,3064.000000,3524.000000,3171.000000,3095.000000,2081.000000,3664.000000,201.000000,1671.000000,2604.000000,0.000000,2330.000000,1.000000,0.000000,5049.000000,35.000000,0.000000,0.000000,0.000000,637.000000,297.000000,0.000000,0.000000,218.000000,0.000000,0.000000,2054.000000,2432.000000,524.000000,1775.000000,2465.000000,3579.000000,4978.000000,758.000000,1466.000000,865.000000,6432.000000,3824.000000,3336.000000,2440.000000,2026.000000,7932.000000,863.000000,3689.000000,4.000000,648.000000,341.000000,2051.000000,1139.000000,1520.000000,321.000000,669.000000,2319.000000,811.000000,2407.000000,1627.000000,1310.000000,5054.000000,1734.000000,949.000000,1833.000000,2222.000000,1842.000000,1988.000000,4211.000000,284.000000,6280.000000,748.000000,3679.000000,488.000000,584.000000,1075.000000,560.000000,1030.000000,0.000000,60.000000,3602.000000,0.000000,1.000000,29.000000,0.000000,1372.000000,18.000000,522.000000,1187.000000,18.000000,267.000000,227.000000,3.000000,1257.000000,4.000000,5333.000000,2514.000000,2912.000000,1750.000000,3055.000000,4001.000000,3691.000000,3949.000000,1146.000000,1012.000000,3268.000000,1978.000000,3184.000000,2285.000000,1080.000000,1117.000000,1394.000000,1339.000000,1072.000000,778.000000,665.000000,901.000000,1003.000000,686.000000,316.000000,1624.000000,171.000000,938.000000,776.000000,170.000000,895.000000,2061.000000,28.000000,1752.000000,1846.000000,522.000000,384.000000,1301.000000,2019.000000,602.000000,1207.000000,2536.000000,219.000000,1503.000000,1371.000000,1291.000000,545.000000,1883.000000,136.000000,2216.000000,194.000000,1679.000000,2117.000000,2629.000000,460.000000,1352.000000,903.000000,1672.000000,827.000000,753.000000,1331.000000,1845.000000,1410.000000,1505.000000,1208.000000,6231.000000,1319.000000,1499.000000,1557.000000,433.000000,2078.000000,761.000000,292.000000,2871.000000,846.000000,1420.000000,2027.000000,971.000000,313.000000,479.000000,1058.000000,1065.000000,699.000000,128.000000,326.000000,523.000000,194.000000,1499.000000,679.000000,1730.000000,1168.000000,1873.000000,672.000000,635.000000,1778.000000,546.000000,604.000000,191.000000,579.000000,724.000000,114.000000,465.000000,294.000000,1208.000000,1111.000000,668.000000,701.000000,1304.000000,116.000000,724.000000,356.000000,658.000000,0.000000,0.000000,1481.000000,1.000000,608.000000,99.000000,0.000000,1.000000,211.000000,0.000000,3.000000,0.000000,64.000000,6.000000,0.000000,46.000000,968.000000,1980.000000,792.000000,2315.000000,1728.000000,1478.000000,913.000000,555.000000,710.000000,14.000000,1487.000000,1091.000000,1928.000000,1685.000000,1649.000000,2024.000000,1807.000000,242.000000,256.000000,2093.000000,745.000000,1851.000000,1354.000000,1801.000000,2076.000000,20.000000,763.000000,1353.000000,640.000000,471.000000,1346.000000,728.000000,647.000000,291.000000,1030.000000,1282.000000,1109.000000,1134.000000,488.000000,931.000000,112.000000,87.000000,1758.000000,330.000000,96.000000,861.000000,595.000000,2277.000000,1064.000000,1.000000,1019.000000,2031.000000,2709.000000,1007.000000,1937.000000,1596.000000,1574.000000,1484.000000,2327.000000,1607.000000,2255.000000,1151.000000,2320.000000,344.000000,1161.000000,1826.000000,2156.000000,565.000000,1956.000000,2351.000000,1981.000000,2164.000000,1955.000000,1820.000000,1759.000000,530.000000,63.000000,1793.000000,1261.000000,184.000000,1363.000000,1752.000000,2032.000000,25.000000,251.000000,1576.000000,1196.000000,2031.000000,1220.000000,1065.000000,1826.000000,1627.000000,1954.000000,1361.000000,1099.000000,676.000000,2246.000000,1067.000000,2064.000000,428.000000,797.000000,1103.000000,470.000000,143.000000,794.000000,948.000000,496.000000,74.000000,544.000000,830.000000,720.000000,1233.000000,946.000000,1837.000000,60.000000,1197.000000,508.000000,1737.000000,1021.000000,273.000000,1810.000000,291.000000,300.000000,2570.000000,1326.000000,1638.000000,924.000000,1399.000000,933.000000,1405.000000,138.000000,1387.000000,926.000000,1244.000000,1445.000000,938.000000,1165.000000,878.000000,1469.000000,1891.000000,0.000000,1968.000000,1299.000000,779.000000,1282.000000,1352.000000,646.000000,1487.000000,1137.000000,882.000000,1382.000000,1182.000000,1612.000000,1249.000000,610.000000,1543.000000,1861.000000,391.000000,2012.000000,1271.000000,1163.000000,376.000000,1426.000000,1125.000000,449.000000,929.000000,2052.000000,867.000000,1467.000000,1136.000000,1005.000000,1372.000000,1102.000000,2115.000000,1202.000000,1965.000000,1575.000000,21.000000,2231.000000,945.000000,1682.000000,858.000000,273.000000,1765.000000,1680.000000,2158.000000,1525.000000,1521.000000,1160.000000,547.000000,1753.000000,2102.000000,1594.000000,2223.000000,660.000000,6460.000000,1611.000000,1543.000000,1258.000000,1939.000000,1134.000000,1570.000000,495.000000,459.000000,573.000000,681.000000,1278.000000,855.000000,498.000000,1016.000000,158.000000,1065.000000,1330.000000,1115.000000,641.000000,477.000000,1013.000000,892.000000,1775.000000,861.000000,1095.000000,1293.000000,1163.000000,18.000000,5368.000000,428.000000,1363.000000,1307.000000,1022.000000,1241.000000,61.000000,1460.000000,235.000000,295.000000,1145.000000,1237.000000,994.000000,1121.000000,330.000000,791.000000,1444.000000,49.000000,1019.000000,1421.000000,2621.000000,925.000000,2622.000000,922.000000,1608.000000,1438.000000,943.000000,933.000000,1558.000000,2012.000000,505.000000,1712.000000,1191.000000,755.000000,58.000000,3828.000000,1146.000000,1254.000000,325.000000,1576.000000,130.000000,217.000000,795.000000,1123.000000,146.000000,4.000000,22.000000,1664.000000,1047.000000,564.000000,207.000000,1178.000000,1469.000000,695.000000,2086.000000,694.000000,0.000000,1162.000000,1390.000000,1303.000000,711.000000,1062.000000,0.000000,637.000000,1123.000000,633.000000,374.000000,1149.000000,918.000000,914.000000,1511.000000,1003.000000,1054.000000,1070.000000,1442.000000,1448.000000,1006.000000,1764.000000,1567.000000,1216.000000,658.000000,851.000000,1201.000000,913.000000,965.000000,749.000000,762.000000,1364.000000,1169.000000,1406.000000,1280.000000,894.000000,110.000000,1576.000000,303.000000,322.000000,476.000000,697.000000,822.000000,70.000000,1062.000000,698.000000,83.000000,1030.000000,920.000000,1483.000000,1540.000000,1453.000000,766.000000,840.000000,1170.000000,1329.000000,1823.000000,1073.000000,286.000000,1126.000000,17.000000,769.000000,1291.000000,631.000000,1439.000000,862.000000,706.000000,895.000000,896.000000,702.000000,1188.000000
    Mean Firing Rate (Hz),4.808333,6.140000,0.000000,4.793333,5.203333,6.115000,7.730000,3.923333,3.600000,2.430000,0.243333,2.281667,5.866667,0.630000,1.548333,3.476667,0.550000,0.256667,1.250000,0.001667,0.041667,2.208333,0.000000,0.215000,1.711667,0.053333,0.568333,0.683333,0.536667,0.083333,4.020000,0.000000,0.000000,2.503333,0.008333,0.823333,0.000000,0.140000,0.000000,1.421667,0.000000,0.000000,0.000000,0.748333,0.000000,0.053333,0.000000,0.005000,1.756667,3.376667,1.923333,0.671667,0.620000,2.028333,0.640000,3.108333,1.898333,2.796667,0.481667,1.631667,1.308333,0.996667,0.823333,1.321667,0.728333,1.748333,1.908333,4.011667,1.495000,2.015000,2.406667,4.316667,0.285000,1.700000,0.710000,1.403333,0.926667,1.791667,2.101667,2.086667,1.316667,1.660000,1.878333,0.805000,0.113333,1.046667,1.838333,1.690000,0.471667,0.123333,0.868333,1.670000,2.028333,2.548333,0.898333,1.383333,2.551667,1.510000,1.991667,0.958333,1.571667,3.018333,0.956667,4.375000,2.433333,3.098333,4.238333,1.001667,4.265000,2.203333,1.596667,1.058333,1.803333,2.766667,2.601667,3.546667,3.273333,2.696667,3.458333,3.221667,2.853333,3.416667,0.871667,0.836667,3.655000,0.211667,3.556667,1.461667,1.271667,1.035000,1.805000,0.775000,2.431667,6.808333,1.318333,1.113333,8.995000,8.853333,0.216667,1.410000,8.011667,9.160000,1.061667,2.005000,3.271667,5.171667,5.406667,5.998333,7.330000,0.286667,2.348333,0.120000,3.676667,2.580000,1.401667,0.031667,3.733333,5.206667,1.653333,5.708333,0.035000,8.781667,0.001667,0.000000,0.000000,0.000000,0.001667,0.000000,2.226667,0.460000,0.000000,1.360000,0.000000,0.000000,0.000000,0.000000,1.743333,2.441667,0.135000,2.995000,2.515000,4.461667,4.801667,5.580000,2.276667,7.051667,9.228333,7.403333,5.958333,2.901667,3.951667,8.726667,4.398333,5.311667,4.171667,5.358333,2.501667,5.695000,2.366667,5.106667,5.873333,5.285000,5.158333,3.468333,6.106667,0.335000,2.785000,4.340000,0.000000,3.883333,0.001667,0.000000,8.415000,0.058333,0.000000,0.000000,0.000000,1.061667,0.495000,0.000000,0.000000,0.363333,0.000000,0.000000,3.423333,4.053333,0.873333,2.958333,4.108333,5.965000,8.296667,1.263333,2.443333,1.441667,10.720000,6.373333,5.560000,4.066667,3.376667,13.220000,1.438333,6.148333,0.006667,1.080000,0.568333,3.418333,1.898333,2.533333,0.535000,1.115000,3.865000,1.351667,4.011667,2.711667,2.183333,8.423333,2.890000,1.581667,3.055000,3.703333,3.070000,3.313333,7.018333,0.473333,10.466667,1.246667,6.131667,0.813333,0.973333,1.791667,0.933333,1.716667,0.000000,0.100000,6.003333,0.000000,0.001667,0.048333,0.000000,2.286667,0.030000,0.870000,1.978333,0.030000,0.445000,0.378333,0.005000,2.095000,0.006667,8.888333,4.190000,4.853333,2.916667,5.091667,6.668333,6.151667,6.581667,1.910000,1.686667,5.446667,3.296667,5.306667,3.808333,1.800000,1.861667,2.323333,2.231667,1.786667,1.296667,1.108333,1.501667,1.671667,1.143333,0.526667,2.706667,0.285000,1.563333,1.293333,0.283333,1.491667,3.435000,0.046667,2.920000,3.076667,0.870000,0.640000,2.168333,3.365000,1.003333,2.011667,4.226667,0.365000,2.505000,2.285000,2.151667,0.908333,3.138333,0.226667,3.693333,0.323333,2.798333,3.528333,4.381667,0.766667,2.253333,1.505000,2.786667,1.378333,1.255000,2.218333,3.075000,2.350000,2.508333,2.013333,10.385000,2.198333,2.498333,2.595000,0.721667,3.463333,1.268333,0.486667,4.785000,1.410000,2.366667,3.378333,1.618333,0.521667,0.798333,1.763333,1.775000,1.165000,0.213333,0.543333,0.871667,0.323333,2.498333,1.131667,2.883333,1.946667,3.121667,1.120000,1.058333,2.963333,0.910000,1.006667,0.318333,0.965000,1.206667,0.190000,0.775000,0.490000,2.013333,1.851667,1.113333,1.168333,2.173333,0.193333,1.206667,0.593333,1.096667,0.000000,0.000000,2.468333,0.001667,1.013333,0.165000,0.000000,0.001667,0.351667,0.000000,0.005000,0.000000,0.106667,0.010000,0.000000,0.076667,1.613333,3.300000,1.320000,3.858333,2.880000,2.463333,1.521667,0.925000,1.183333,0.023333,2.478333,1.818333,3.213333,2.808333,2.748333,3.373333,3.011667,0.403333,0.426667,3.488333,1.241667,3.085000,2.256667,3.001667,3.460000,0.033333,1.271667,2.255000,1.066667,0.785000,2.243333,1.213333,1.078333,0.485000,1.716667,2.136667,1.848333,1.890000,0.813333,1.551667,0.186667,0.145000,2.930000,0.550000,0.160000,1.435000,0.991667,3.795000,1.773333,0.001667,1.698333,3.385000,4.515000,1.678333,3.228333,2.660000,2.623333,2.473333,3.878333,2.678333,3.758333,1.918333,3.866667,0.573333,1.935000,3.043333,3.593333,0.941667,3.260000,3.918333,3.301667,3.606667,3.258333,3.033333,2.931667,0.883333,0.105000,2.988333,2.101667,0.306667,2.271667,2.920000,3.386667,0.041667,0.418333,2.626667,1.993333,3.385000,2.033333,1.775000,3.043333,2.711667,3.256667,2.268333,1.831667,1.126667,3.743333,1.778333,3.440000,0.713333,1.328333,1.838333,0.783333,0.238333,1.323333,1.580000,0.826667,0.123333,0.906667,1.383333,1.200000,2.055000,1.576667,3.061667,0.100000,1.995000,0.846667,2.895000,1.701667,0.455000,3.016667,0.485000,0.500000,4.283333,2.210000,2.730000,1.540000,2.331667,1.555000,2.341667,0.230000,2.311667,1.543333,2.073333,2.408333,1.563333,1.941667,1.463333,2.448333,3.151667,0.000000,3.280000,2.165000,1.298333,2.136667,2.253333,1.076667,2.478333,1.895000,1.470000,2.303333,1.970000,2.686667,2.081667,1.016667,2.571667,3.101667,0.651667,3.353333,2.118333,1.938333,0.626667,2.376667,1.875000,0.748333,1.548333,3.420000,1.445000,2.445000,1.893333,1.675000,2.286667,1.836667,3.525000,2.003333,3.275000,2.625000,0.035000,3.718333,1.575000,2.803333,1.430000,0.455000,2.941667,2.800000,3.596667,2.541667,2.535000,1.933333,0.911667,2.921667,3.503333,2.656667,3.705000,1.100000,10.766667,2.685000,2.571667,2.096667,3.231667,1.890000,2.616667,0.825000,0.765000,0.955000,1.135000,2.130000,1.425000,0.830000,1.693333,0.263333,1.775000,2.216667,1.858333,1.068333,0.795000,1.688333,1.486667,2.958333,1.435000,1.825000,2.155000,1.938333,0.030000,8.946667,0.713333,2.271667,2.178333,1.703333,2.068333,0.101667,2.433333,0.391667,0.491667,1.908333,2.061667,1.656667,1.868333,0.550000,1.318333,2.406667,0.081667,1.698333,2.368333,4.368333,1.541667,4.370000,1.536667,2.680000,2.396667,1.571667,1.555000,2.596667,3.353333,0.841667,2.853333,1.985000,1.258333,0.096667,6.380000,1.910000,2.090000,0.541667,2.626667,0.216667,0.361667,1.325000,1.871667,0.243333,0.006667,0.036667,2.773333,1.745000,0.940000,0.345000,1.963333,2.448333,1.158333,3.476667,1.156667,0.000000,1.936667,2.316667,2.171667,1.185000,1.770000,0.000000,1.061667,1.871667,1.055000,0.623333,1.915000,1.530000,1.523333,2.518333,1.671667,1.756667,1.783333,2.403333,2.413333,1.676667,2.940000,2.611667,2.026667,1.096667,1.418333,2.001667,1.521667,1.608333,1.248333,1.270000,2.273333,1.948333,2.343333,2.133333,1.490000,0.183333,2.626667,0.505000,0.536667,0.793333,1.161667,1.370000,0.116667,1.770000,1.163333,0.138333,1.716667,1.533333,2.471667,2.566667,2.421667,1.276667,1.400000,1.950000,2.215000,3.038333,1.788333,0.476667,1.876667,0.028333,1.281667,2.151667,1.051667,2.398333,1.436667,1.176667,1.491667,1.493333,1.170000,1.980000
    ISI Coefficient of Variation,4.236086,4.642072, ,4.599616,4.323110,5.403317,5.925086,4.447499,4.141866,3.342933,1.211343,2.915384,4.624899,2.260064,2.914423,2.728071,1.182488,0.912864,1.595914, , ,2.043394, ,1.157867,1.714464, ,1.379262,1.489471,1.412871, ,2.929587, , ,2.675780, ,1.728635, ,1.211278, ,2.077511, , , ,2.090763, , , , ,3.120555,1.045436,3.055856,2.154782,2.507012,3.300518,2.859548,2.852984,1.717379,3.647448,2.430827,2.950739,1.515369,2.695340,2.455845,2.613479,2.149805,3.892726,3.054382,1.411852,2.963971,3.907765,4.050666,1.481353,1.767538,3.127020,2.767024,2.897728,3.043107,3.689941,3.783795,3.398476,2.556342,3.407286,2.745111,2.654045,1.265168,3.105247,2.962461,3.429811,2.269150,1.059436,2.066522,3.026813,3.130971,3.230855,2.639364,2.824858,4.663669,3.550461,3.712201,2.465693,3.532809,4.212449,2.954122,5.534868,4.155596,5.122589,4.776185,2.919719,2.335867,4.312231,3.698251,2.963894,3.150363,3.631517,3.489614,4.053639,4.006534,3.744355,4.175064,3.875630,3.663227,4.083984,2.610180,2.528154,4.183990,1.426690,4.260550,2.840486,1.436055,1.342627,2.126154,1.230532,1.929743,2.945157,1.567052,2.522855,1.813204,2.619608,1.043323,2.785835,2.770176,2.959613,2.750401,2.468266,4.181666,5.207534,4.898371,5.227168,5.022904,1.071407,2.763240,0.966725,4.621337,4.392280,3.008860, ,4.287743,3.654775,3.626158,3.070245, ,4.168892, , , , , , ,1.858289,0.758637, ,1.633066, , , , ,3.273217,2.893151,0.785088,3.011005,2.295510,3.078732,3.340282,4.269434,3.048918,3.316274,3.760893,4.381027,2.959523,3.452809,3.201439,4.330017,5.397856,2.085104,4.251854,2.886862,4.290643,5.608876,4.315661,5.094702,4.289007,3.827534,1.913591,4.859401,5.604899,1.427251,3.059069,5.148990, ,1.685389, , ,3.290378, , , , ,1.381512,0.623844, , ,0.708159, , ,4.070270,4.868340,2.302692,2.958691,4.096587,6.300090,5.374960,2.411040,3.308132,3.108032,5.775243,5.316663,4.564116,5.309356,3.682253,3.576276,4.466805,5.845205, ,2.927742,1.783003,3.571826,1.674313,4.458573,2.607779,3.702958,4.045714,2.350410,3.003876,4.268486,4.722678,3.653334,1.986341,3.780120,2.354442,2.749357,2.280248,2.423614,2.094686,1.172470,1.633557,2.890678,2.856280,1.669824,2.417084,2.361400,2.095487,2.345008, ,0.747855,2.859775, , , , ,2.108659, ,1.420462,1.569752, ,1.166703,1.346600, ,1.530910, ,4.270622,3.594374,3.832945,3.244108,3.875735,2.568116,4.241085,4.390220,2.618820,3.589641,4.101329,3.710552,4.155217,3.678428,2.970362,4.415032,3.377660,3.544935,3.578821,4.353174,4.203842,3.651904,3.002066,3.770876,3.568666,4.163540,2.794327,3.188242,4.667441,2.378396,3.260020,3.255599, ,3.400676,4.021181,3.403204,2.139501,4.546072,3.058838,3.533106,3.442229,3.381866,1.632534,2.962238,3.169263,3.586580,2.763437,6.167827,1.709628,4.037195,2.049331,5.737598,2.690226,3.984827,3.126821,5.261603,4.390954,5.895777,4.061503,3.736317,5.398458,6.412838,5.274892,4.150661,2.885171,1.532785,2.412857,3.959174,4.087079,2.760155,4.895671,3.601384,2.086882,2.092193,2.050531,3.555216,2.162035,4.026010,2.374118,3.348742,3.206055,2.474919,2.312016,1.909633,2.887455,2.993811,2.004585,2.124571,3.933394,2.480583,2.879392,2.055930,2.150374,2.452352,2.579975,3.950066,3.099664,2.750674,4.284060,4.240089,1.935799,3.377964,2.425805,3.161929,3.012804,3.010083,4.879845,2.547181,1.263152,4.697729,3.257556,0.627901, , ,2.409583, ,2.135394,1.078634, , ,2.278834, , , ,0.953691, , , ,2.351296,3.096094,2.855173,3.555571,3.120446,3.577369,2.668898,2.843769,1.482689, ,2.646271,2.229078,3.159124,2.834728,3.062735,3.884036,3.642085,1.287153,1.772419,3.895186,2.501403,3.657591,3.082478,3.628387,3.910420, ,2.930136,3.101220,2.643147,2.209304,3.117228,4.431188,2.995531,3.197934,2.524594,3.760020,3.158324,3.348474,2.590841,4.202528,1.673725,1.598260,3.326320,3.201322,1.862804,4.426504,3.693720,4.438679,2.650071, ,3.661039,5.090933,3.238256,3.816794,4.127880,4.139834,3.613392,4.596954,4.616784,4.341156,5.523511,4.070063,5.393701,1.894032,3.841618,4.912023,4.977370,2.483920,4.749792,5.032288,4.743368,4.731328,4.673281,4.391877,4.372079,2.876138,1.441935,4.171807,3.802249,1.880441,3.800650,4.909258,5.012477, ,2.168897,4.750878,3.376761,3.835822,4.370945,4.319511,4.904060,3.536785,5.330785,3.343293,2.751262,3.818504,1.105048,3.134899,3.665912,3.656912,2.571628,2.733749,1.827039,1.787190,2.529387,2.974135,3.810055,1.313104,3.866605,4.183794,4.371312,3.545030,2.963213,3.342230,1.354928,3.220040,2.059977,3.297611,2.135785,2.353148,3.292980,2.340825,1.645991,2.127638,2.786620,3.081231,3.256272,4.354855,3.717461,4.355172,2.067141,4.453586,3.262117,4.268648,3.994903,3.797847,3.595374,3.737260,4.094508,4.579905, ,4.347206,3.748284,3.154304,4.204471,4.070130,3.128341,4.031622,3.708354,3.700231,4.470097,2.656606,4.634070,3.703159,3.103476,4.360136,4.763720,2.603306,4.366924,4.628125,4.193501,2.263490,4.376546,4.175091,3.152524,3.620029,4.342394,3.637307,4.745613,3.756600,3.874710,4.621386,3.504675,2.164252,4.260565,4.526769,4.810797, ,4.822740,3.696709,4.991252,3.581187,2.159440,4.770132,4.857043,4.727539,3.976778,4.762709,4.157880,2.729329,4.352120,5.587311,4.908394,5.371564,3.253563,0.900653,5.024617,4.902171,4.431250,5.228151,4.361876,4.943363,2.927836,2.331073,3.038314,3.193325,4.451177,3.107500,2.095483,3.038110,2.075646,3.510645,3.521925,3.673431,2.977047,3.260082,3.916569,2.069661,3.095660,3.702544,3.384739,3.142122,2.780364, ,0.910286,3.106520,3.147561,3.441170,2.638877,2.936908,1.377451,3.290953,2.424902,2.845293,5.005750,3.701525,3.611395,3.047450,2.028968,3.058903,3.774391, ,3.031166,2.930373,3.017594,3.020739,1.197610,2.787737,4.410436,3.224081,2.196008,3.609010,2.591524,2.189287,1.758046,4.309276,4.552543,3.261681, ,3.977531,4.182234,4.539812,2.596948,4.903501,1.858480,1.806759,3.171717,3.420295,1.155530, , ,3.977346,4.340122,3.698814,2.072612,5.096689,5.289177,3.951514,4.247585,3.631764, ,4.881551,4.430278,4.630903,3.789772,2.480069, ,3.600597,3.007653,2.656373,2.983183,4.310249,4.155725,2.556949,5.208168,2.642033,4.782471,3.372738,2.564204,3.863995,2.980921,3.699930,3.416439,4.492413,2.809715,3.539026,3.867464,3.378141,3.433219,3.783168,3.270633,4.161378,4.280186,2.693977,4.160243,3.746990,1.791961,4.456564,2.082843,1.761360,2.854258,2.751797,3.062745,1.710913,2.788845,4.004771,1.486345,2.903596,2.910823,3.315929,1.386505,3.225730,2.844643,2.995039,3.576754,3.421622,3.844686,3.486350,2.616433,3.882843, ,4.006952,3.233382,2.879650,3.755812,2.792045,1.811228,3.480075,3.396140,3.675773,3.512621
Electrode Burst Metrics
    Number of Bursts,50.000000,61.000000,0.000000,64.000000,63.000000,66.000000,57.000000,39.000000,77.000000,57.000000,2.000000,36.000000,100.000000,20.000000,38.000000,46.000000,1.000000,0.000000,15.000000,0.000000,0.000000,35.000000,0.000000,0.000000,22.000000,0.000000,12.000000,8.000000,6.000000,0.000000,96.000000,0.000000,0.000000,50.000000,0.000000,21.000000,0.000000,2.000000,0.000000,31.000000,0.000000,0.000000,0.000000,30.000000,0.000000,2.000000,0.000000,0.000000,55.000000,47.000000,60.000000,39.000000,31.000000,53.000000,38.000000,58.000000,30.000000,57.000000,32.000000,47.000000,40.000000,43.000000,44.000000,47.000000,38.000000,55.000000,57.000000,53.000000,55.000000,54.000000,60.000000,59.000000,16.000000,57.000000,31.000000,46.000000,41.000000,59.000000,58.000000,60.000000,46.000000,53.000000,52.000000,39.000000,6.000000,49.000000,55.000000,53.000000,27.000000,2.000000,29.000000,53.000000,54.000000,59.000000,43.000000,52.000000,63.000000,56.000000,64.000000,38.000000,59.000000,77.000000,49.000000,104.000000,65.000000,80.000000,108.000000,57.000000,75.000000,61.000000,82.000000,42.000000,65.000000,74.000000,74.000000,82.000000,84.000000,79.000000,102.000000,81.000000,92.000000,94.000000,39.000000,41.000000,90.000000,6.000000,88.000000,54.000000,10.000000,4.000000,61.000000,1.000000,67.000000,84.000000,25.000000,42.000000,76.000000,74.000000,2.000000,68.000000,75.000000,86.000000,52.000000,61.000000,85.000000,84.000000,84.000000,85.000000,107.000000,0.000000,84.000000,0.000000,84.000000,84.000000,65.000000,0.000000,89.000000,90.000000,77.000000,86.000000,0.000000,147.000000,0.000000,0.000000,0.000000,0.000000,0.000000,0.000000,10.000000,0.000000,0.000000,0.000000,0.000000,0.000000,0.000000,0.000000,80.000000,88.000000,0.000000,84.000000,68.000000,89.000000,95.000000,89.000000,83.000000,89.000000,109.000000,98.000000,86.000000,86.000000,82.000000,108.000000,85.000000,84.000000,84.000000,87.000000,84.000000,87.000000,84.000000,84.000000,87.000000,84.000000,84.000000,84.000000,87.000000,10.000000,84.000000,84.000000,0.000000,30.000000,0.000000,0.000000,213.000000,0.000000,0.000000,0.000000,0.000000,4.000000,0.000000,0.000000,0.000000,0.000000,0.000000,0.000000,91.000000,91.000000,31.000000,91.000000,91.000000,91.000000,93.000000,61.000000,91.000000,83.000000,97.000000,93.000000,93.000000,91.000000,91.000000,103.000000,51.000000,104.000000,0.000000,51.000000,10.000000,54.000000,49.000000,51.000000,32.000000,51.000000,52.000000,50.000000,53.000000,51.000000,58.000000,87.000000,58.000000,62.000000,36.000000,58.000000,50.000000,41.000000,36.000000,0.000000,60.000000,47.000000,64.000000,1.000000,36.000000,51.000000,37.000000,46.000000,0.000000,0.000000,68.000000,0.000000,0.000000,0.000000,0.000000,32.000000,0.000000,9.000000,44.000000,0.000000,1.000000,9.000000,0.000000,25.000000,0.000000,139.000000,107.000000,105.000000,82.000000,103.000000,126.000000,110.000000,123.000000,65.000000,81.000000,118.000000,89.000000,117.000000,98.000000,90.000000,34.000000,39.000000,36.000000,36.000000,31.000000,31.000000,30.000000,30.000000,29.000000,23.000000,38.000000,20.000000,31.000000,30.000000,21.000000,32.000000,51.000000,0.000000,48.000000,50.000000,31.000000,27.000000,46.000000,51.000000,33.000000,58.000000,51.000000,14.000000,46.000000,50.000000,49.000000,30.000000,56.000000,11.000000,44.000000,29.000000,44.000000,44.000000,51.000000,37.000000,47.000000,45.000000,46.000000,39.000000,47.000000,43.000000,43.000000,50.000000,52.000000,51.000000,60.000000,50.000000,57.000000,53.000000,45.000000,81.000000,49.000000,29.000000,52.000000,48.000000,58.000000,52.000000,52.000000,30.000000,31.000000,44.000000,44.000000,30.000000,15.000000,29.000000,34.000000,22.000000,44.000000,38.000000,50.000000,51.000000,50.000000,26.000000,37.000000,49.000000,29.000000,36.000000,24.000000,28.000000,32.000000,15.000000,28.000000,25.000000,45.000000,34.000000,34.000000,27.000000,35.000000,1.000000,29.000000,29.000000,0.000000,0.000000,0.000000,45.000000,0.000000,32.000000,1.000000,0.000000,0.000000,17.000000,0.000000,0.000000,0.000000,0.000000,0.000000,0.000000,2.000000,50.000000,77.000000,43.000000,92.000000,71.000000,82.000000,42.000000,41.000000,13.000000,0.000000,52.000000,48.000000,74.000000,61.000000,71.000000,80.000000,94.000000,6.000000,10.000000,117.000000,43.000000,96.000000,82.000000,98.000000,108.000000,0.000000,43.000000,64.000000,41.000000,32.000000,57.000000,37.000000,34.000000,29.000000,32.000000,41.000000,40.000000,37.000000,35.000000,35.000000,8.000000,11.000000,50.000000,28.000000,12.000000,39.000000,31.000000,83.000000,49.000000,0.000000,59.000000,70.000000,69.000000,57.000000,68.000000,61.000000,62.000000,71.000000,71.000000,71.000000,70.000000,58.000000,75.000000,21.000000,64.000000,76.000000,78.000000,48.000000,74.000000,85.000000,74.000000,79.000000,76.000000,73.000000,74.000000,37.000000,4.000000,71.000000,64.000000,18.000000,63.000000,67.000000,72.000000,0.000000,22.000000,69.000000,69.000000,77.000000,66.000000,63.000000,66.000000,71.000000,73.000000,64.000000,57.000000,35.000000,33.000000,35.000000,110.000000,32.000000,34.000000,40.000000,21.000000,9.000000,34.000000,34.000000,33.000000,6.000000,33.000000,34.000000,36.000000,55.000000,46.000000,78.000000,2.000000,79.000000,29.000000,70.000000,45.000000,25.000000,64.000000,27.000000,16.000000,75.000000,71.000000,77.000000,61.000000,65.000000,48.000000,68.000000,16.000000,62.000000,44.000000,59.000000,66.000000,54.000000,59.000000,54.000000,66.000000,69.000000,0.000000,77.000000,58.000000,52.000000,71.000000,66.000000,44.000000,66.000000,59.000000,56.000000,67.000000,63.000000,67.000000,65.000000,23.000000,69.000000,71.000000,38.000000,73.000000,53.000000,55.000000,33.000000,55.000000,55.000000,35.000000,58.000000,57.000000,57.000000,61.000000,55.000000,56.000000,62.000000,57.000000,61.000000,62.000000,74.000000,64.000000,0.000000,70.000000,51.000000,68.000000,52.000000,24.000000,67.000000,66.000000,70.000000,62.000000,67.000000,52.000000,47.000000,67.000000,61.000000,63.000000,63.000000,49.000000,61.000000,62.000000,61.000000,60.000000,62.000000,54.000000,63.000000,43.000000,18.000000,43.000000,49.000000,61.000000,41.000000,33.000000,42.000000,8.000000,48.000000,45.000000,44.000000,38.000000,36.000000,43.000000,35.000000,39.000000,47.000000,49.000000,54.000000,48.000000,0.000000,39.000000,35.000000,44.000000,43.000000,46.000000,39.000000,3.000000,49.000000,30.000000,31.000000,41.000000,44.000000,41.000000,43.000000,35.000000,59.000000,68.000000,0.000000,61.000000,60.000000,79.000000,56.000000,63.000000,56.000000,61.000000,63.000000,49.000000,63.000000,63.000000,72.000000,25.000000,60.000000,59.000000,49.000000,3.000000,71.000000,48.000000,64.000000,31.000000,66.000000,9.000000,16.000000,48.000000,58.000000,3.000000,0.000000,0.000000,58.000000,50.000000,41.000000,22.000000,48.000000,53.000000,41.000000,59.000000,44.000000,0.000000,52.000000,47.000000,50.000000,39.000000,50.000000,0.000000,46.000000,49.000000,38.000000,33.000000,50.000000,45.000000,47.000000,54.000000,42.000000,49.000000,47.000000,44.000000,58.000000,53.000000,60.000000,60.000000,60.000000,48.000000,52.000000,61.000000,59.000000,59.000000,40.000000,47.000000,61.000000,63.000000,56.000000,60.000000,57.000000,11.000000,72.000000,30.000000,18.000000,33.000000,40.000000,75.000000,5.000000,44.000000,37.000000,2.000000,48.000000,52.000000,65.000000,45.000000,85.000000,46.000000,54.000000,53.000000,58.000000,63.000000,53.000000,26.000000,53.000000,0.000000,46.000000,52.000000,36.000000,53.000000,38.000000,33.000000,55.000000,44.000000,54.000000,53.000000
    Burst Duration - Avg (sec),0.524054,0.346514, ,0.396494,0.364535,0.482888,0.374538,0.301717,0.216304,0.171711,0.347400,0.340782,0.152546,0.223920,0.215956,0.257810,0.151920, ,0.072256, , ,0.154880, , ,0.218062, ,0.141293,0.471820,0.215880, ,0.160547, , ,0.254670, ,0.151832, ,0.124200, ,0.156188, , , ,0.075192, ,0.072040, , ,0.097066,0.085658,0.098683,0.052773,0.066137,0.100841,0.059815,0.101246,0.088731,0.118703,0.040853,0.090220,0.081624,0.071494,0.070218,0.077328,0.075825,0.073917,0.123051,0.117995,0.104257,0.156061,0.094495,0.096300,0.043745,0.093270,0.066686,0.099998,0.076935,0.081680,0.105236,0.082552,0.078009,0.094892,0.097132,0.068738,0.035880,0.075992,0.115101,0.110992,0.053055,0.036640,0.104552,0.079840,0.136680,0.134256,0.068757,0.106474,0.096297,0.070861,0.080212,0.360392,0.065364,0.090652,0.048909,0.104432,0.091778,0.101050,0.222210,0.046465,0.121209,0.091949,0.061525,0.083326,0.105726,0.110404,0.109778,0.106479,0.128488,0.109853,0.109360,0.116523,0.112449,0.115756,0.057001,0.078689,0.116552,0.021080,0.101263,0.108710,0.047896,0.063780,0.095858,0.064720,0.104737,0.186115,0.089402,0.085891,0.201598,0.298986,0.029960,0.085454,0.176763,0.249981,0.101474,0.180494,0.116374,0.157410,0.151015,0.152650,0.226276, ,0.100215, ,0.145946,0.106102,0.104388, ,0.168670,0.177168,0.121475,0.168169, ,0.131868, , , , , , ,0.244440, , , , , , , ,0.107480,0.122018, ,0.107836,0.116093,0.133199,0.123789,0.132790,0.129302,0.151147,0.198015,0.206195,0.168529,0.113540,0.111585,0.172599,0.126869,0.153936,0.136041,0.150709,0.169037,0.142331,0.097526,0.134145,0.147741,0.144132,0.129691,0.148534,0.151589,0.036624,0.124449,0.143927, ,0.182896, , ,0.130094, , , , ,0.098580, , , , , , ,0.142663,0.121161,0.069432,0.109898,0.115667,0.149271,0.177819,0.071953,0.104879,0.081547,0.216350,0.138691,0.138020,0.109651,0.131131,0.178759,0.090573,0.284798, ,0.092096,0.058568,0.108566,0.111812,0.111448,0.085580,0.088971,0.168660,0.072618,0.153093,0.141165,0.127668,0.297525,0.108539,0.157348,0.372971,0.146419,0.094019,0.141143,0.055527, ,0.174020,0.123837,0.109486,0.027680,0.239971,0.071009,0.073613,0.094553, , ,0.103593, , , , ,0.138153, ,0.137280,0.087447, ,0.052880,0.133298, ,0.105373, ,0.174225,0.115112,0.104728,0.099164,0.150711,0.118570,0.131550,0.146657,0.151328,0.076500,0.131176,0.089056,0.123108,0.096107,0.081124,0.188856,0.152693,0.167107,0.144529,0.116364,0.140418,0.126016,0.114765,0.311206,0.111704,0.162899,0.093188,0.142694,0.132397,0.051074,0.123192,0.143776, ,0.101308,0.126637,0.094199,0.093970,0.167090,0.126216,0.095360,0.253541,0.119962,0.038657,0.112633,0.108224,0.102452,0.090533,0.186077,0.033025,0.286358,0.044803,0.168600,0.133040,0.154373,0.086938,0.129355,0.123061,0.184313,0.168970,0.149918,0.125626,0.155661,0.115997,0.119605,0.097539,0.144509,0.105395,0.117770,0.113928,0.077319,0.196986,0.078627,0.059189,0.124097,0.161595,0.099463,0.112508,0.094148,0.092437,0.072137,0.082491,0.076638,0.074104,0.062261,0.052400,0.065645,0.042851,0.123191,0.081512,0.111699,0.080744,0.100827,0.072658,0.071062,0.137293,0.083429,0.118860,0.030337,0.084074,0.084025,0.038261,0.068134,0.051862,0.212962,0.157718,0.088532,0.261695,0.126571,0.047760,0.102320,0.054254, , , ,0.182340, ,0.181407,0.048560, , ,0.117299, , , , , , ,0.038280,0.113013,0.123700,0.134649,0.126824,0.102602,0.112997,0.146333,0.099346,0.459403, ,0.133517,0.157515,0.126795,0.104580,0.150924,0.105467,0.104292,0.040147,0.044024,0.077099,0.075829,0.084002,0.094220,0.078774,0.077644, ,0.078523,0.083849,0.095013,0.069208,0.098695,0.077699,0.081885,0.046480,0.112203,0.113789,0.099552,0.105392,0.104674,0.098690,0.046530,0.032756,0.193712,0.062357,0.026647,0.085684,0.080728,0.144119,0.088529, ,0.109063,0.115098,0.118027,0.085364,0.135714,0.125470,0.112217,0.097619,0.128359,0.120639,0.171467,0.095979,0.119666,0.079928,0.082821,0.101488,0.106416,0.060763,0.102110,0.144468,0.100151,0.123404,0.109807,0.115244,0.101505,0.061981,0.050600,0.106784,0.095329,0.040338,0.086659,0.090830,0.189450, ,0.047996,0.094115,0.086792,0.091137,0.077768,0.076480,0.095926,0.092311,0.102528,0.091814,0.075406,0.075973,0.070572,0.096770,0.067715,0.049517,0.068061,0.106810,0.218827,0.092116,0.077635,0.090849,0.078395,0.026307,0.058131,0.088028,0.075027,0.092401,0.082157,0.095867,0.025360,0.070287,0.109868,0.103531,0.073442,0.073997,0.110581,0.070361,0.091605,0.109774,0.100418,0.105635,0.076252,0.087440,0.076362,0.099748,0.032080,0.085530,0.082693,0.099928,0.097618,0.071375,0.092955,0.088784,0.112699,0.130157, ,0.161280,0.118677,0.068812,0.076269,0.080766,0.068173,0.088566,0.082887,0.067813,0.086679,0.089214,0.088930,0.080432,0.319176,0.099397,0.110367,0.056568,0.121713,0.098702,0.101270,0.060131,0.114877,0.086234,0.060544,0.081197,0.121850,0.076246,0.093414,0.099734,0.087330,0.087192,0.111712,0.098867,0.086195,0.118376,0.106551, ,0.141071,0.093903,0.100461,0.073392,0.056903,0.103304,0.104794,0.136611,0.109502,0.088956,0.094377,0.070380,0.107700,0.128097,0.100317,0.147324,0.073438,0.117030,0.117244,0.100346,0.088539,0.115630,0.084847,0.093886,0.115857,0.196467,0.063559,0.079677,0.080660,0.115366,0.069983,0.089796,0.043830,0.082787,0.159666,0.090831,0.124381,0.065418,0.093155,0.089806,0.118187,0.079323,0.093269,0.091870,0.107645, ,0.098829,0.055211,0.109904,0.155027,0.082572,0.143438,0.029760,0.091559,0.037805,0.102661,0.097713,0.110416,0.085770,0.105046,0.052946,0.085711,0.083412, ,0.074250,0.085516,0.115479,0.074393,0.087012,0.076156,0.100509,0.089967,0.086261,0.074366,0.093359,0.114296,0.108086,0.129689,0.084830,0.079342,0.110160,0.376214,0.086905,0.091496,0.047151,0.124977,0.057129,0.041340,0.078537,0.132618,0.680987, , ,0.145521,0.088896,0.067543,0.046945,0.220753,0.105852,0.089007,0.133410,0.090569, ,0.089338,0.136681,0.142429,0.109902,0.089606, ,0.076311,0.113158,0.069665,0.074497,0.084760,0.091364,0.084160,0.116591,0.086558,0.091896,0.106703,0.123007,0.103932,0.097647,0.134067,0.131381,0.087029,0.065453,0.081714,0.086633,0.090066,0.117121,0.142616,0.093045,0.084973,0.074086,0.090017,0.096856,0.102327,0.031636,0.105998,0.067413,0.060733,0.094284,0.092100,0.094098,0.026880,0.121715,0.070629,0.027400,0.087397,0.072054,0.123874,0.072546,0.101688,0.079976,0.088876,0.094684,0.096777,0.107731,0.089642,0.045237,0.086121, ,0.070798,0.096772,0.073700,0.105861,0.093832,0.070696,0.074575,0.079571,0.076493,0.083654
    Burst Duration - Std (sec),0.827181,0.297448, ,0.646032,0.358940,0.565603,0.240985,0.374431,0.396757,0.252962,0.052100,0.668604,0.216139,0.102997,0.527547,0.444591, , ,0.043078, , ,0.207454, , ,0.271070, ,0.072438,0.427832,0.203921, ,0.207582, , ,0.185584, ,0.229141, ,0.074274, ,0.230371, , , ,0.030042, ,0.025060, , ,0.044137,0.029704,0.054247,0.023210,0.026698,0.042732,0.024152,0.049315,0.054144,0.063433,0.025516,0.037763,0.045805,0.033652,0.047529,0.032423,0.044003,0.032955,0.113922,0.042854,0.057287,0.132280,0.037431,0.051123,0.019472,0.034505,0.033850,0.052280,0.038432,0.037056,0.048096,0.046400,0.035858,0.038280,0.050889,0.032090,0.014619,0.035110,0.076672,0.186660,0.025111,0.002150,0.072859,0.041220,0.215795,0.185163,0.039297,0.207033,0.029092,0.026817,0.021427,0.993673,0.023111,0.028679,0.014550,0.033988,0.067978,0.046460,0.279005,0.013419,0.122936,0.028709,0.021662,0.035156,0.242655,0.169560,0.272845,0.160432,0.247460,0.234984,0.205104,0.175601,0.151981,0.192357,0.031182,0.035220,0.232127,0.004937,0.122060,0.295229,0.024743,0.082956,0.079087, ,0.034543,0.150001,0.029910,0.046497,0.086768,0.097709,0.000622,0.023535,0.080479,0.121374,0.032979,0.075774,0.028326,0.026151,0.030315,0.035765,0.162564, ,0.020936, ,0.027687,0.029792,0.023067, ,0.034878,0.062291,0.024222,0.031117, ,0.048430, , , , , , ,0.070473, , , , , , , ,0.028294,0.025710, ,0.020947,0.059071,0.021097,0.028493,0.034294,0.019245,0.085385,0.080221,0.060321,0.039198,0.039736,0.036433,0.068138,0.017774,0.025931,0.033933,0.026619,0.049630,0.017098,0.018777,0.024918,0.033177,0.017706,0.022004,0.024678,0.032500,0.022898,0.025012,0.019929, ,0.059502, , ,0.041283, , , , ,0.027195, , , , , , ,0.020039,0.025921,0.045581,0.044296,0.021945,0.016120,0.025436,0.025852,0.031955,0.029417,0.089446,0.023065,0.020739,0.020564,0.048746,0.049433,0.017656,0.160935, ,0.028141,0.032685,0.017827,0.031487,0.026715,0.040585,0.017252,0.036406,0.022699,0.034347,0.027245,0.096688,0.211597,0.068723,0.140122,0.417744,0.241332,0.056721,0.132405,0.025561, ,0.215674,0.216526,0.085154, ,0.251110,0.141228,0.214978,0.191169, , ,0.055512, , , , ,0.082742, ,0.025540,0.030276, , ,0.170086, ,0.039921, ,0.128968,0.065030,0.036200,0.036323,0.063738,0.039032,0.058707,0.059625,0.133515,0.033520,0.094915,0.025498,0.038331,0.032369,0.045282,0.190639,0.065297,0.236295,0.091948,0.041548,0.063219,0.050360,0.035810,0.383190,0.038438,0.110780,0.031616,0.067195,0.052728,0.028535,0.065451,0.056424, ,0.042508,0.059091,0.031440,0.039569,0.063769,0.060762,0.036337,0.286025,0.037965,0.029326,0.048771,0.050982,0.028874,0.041627,0.096708,0.019243,0.087623,0.018192,0.035741,0.030763,0.043637,0.022644,0.036690,0.026989,0.066535,0.043397,0.046832,0.025344,0.042856,0.027735,0.022715,0.023937,0.028103,0.029451,0.031115,0.020368,0.033497,0.174340,0.015048,0.026542,0.027990,0.039238,0.018343,0.023033,0.030370,0.031045,0.024659,0.033851,0.032742,0.030180,0.023535,0.014373,0.029936,0.023751,0.130228,0.023436,0.091576,0.022450,0.078874,0.017419,0.026985,0.088990,0.027747,0.294709,0.009199,0.025724,0.026407,0.013647,0.062382,0.017663,0.405626,0.315755,0.091913,0.098859,0.122177, ,0.029933,0.016673, , , ,0.209238, ,0.207645, , , ,0.092902, , , , , , ,0.006053,0.037312,0.053006,0.054012,0.114747,0.031263,0.152985,0.169633,0.037488,0.514098, ,0.101270,0.079051,0.054351,0.041976,0.168662,0.047894,0.033668,0.012280,0.019593,0.033044,0.028006,0.036882,0.070660,0.033730,0.025939, ,0.026989,0.018509,0.029231,0.019253,0.020379,0.023390,0.043401,0.009886,0.028192,0.031546,0.027390,0.023944,0.099897,0.030636,0.028339,0.007795,0.135587,0.017919,0.010123,0.019429,0.017885,0.105545,0.028089, ,0.039175,0.038901,0.039162,0.029563,0.048205,0.047693,0.028827,0.031743,0.039492,0.044983,0.086100,0.037125,0.039983,0.054413,0.017106,0.022531,0.031443,0.026385,0.024819,0.070750,0.023810,0.046793,0.025737,0.035750,0.029804,0.017583,0.005428,0.035475,0.025068,0.013557,0.021858,0.032995,0.285164, ,0.012827,0.035339,0.049556,0.043307,0.022936,0.030399,0.033352,0.031380,0.028046,0.036425,0.024952,0.018079,0.015060,0.036560,0.082190,0.011181,0.021301,0.087736,0.049347,0.074811,0.039718,0.037288,0.021378,0.016739,0.012923,0.022333,0.025634,0.023940,0.018994,0.058063,0.000339,0.019260,0.076092,0.079750,0.014586,0.026675,0.082519,0.031512,0.074454,0.076775,0.060358,0.082485,0.029933,0.023418,0.025451,0.026695,0.013851,0.024372,0.022201,0.034558,0.029635,0.021373,0.029622,0.019661,0.029626,0.046915, ,0.091026,0.040589,0.022385,0.025218,0.019514,0.023988,0.026300,0.017688,0.023869,0.022139,0.033456,0.023526,0.021442,0.390356,0.025960,0.027549,0.017114,0.048253,0.021614,0.028910,0.028141,0.029126,0.021943,0.020573,0.020633,0.123200,0.023966,0.027379,0.049210,0.023126,0.024106,0.046356,0.030628,0.026053,0.050350,0.035355, ,0.054118,0.029750,0.026599,0.020735,0.019077,0.025942,0.031777,0.050582,0.043660,0.024973,0.026763,0.025247,0.029878,0.023114,0.018931,0.043845,0.019812,0.016482,0.031372,0.023755,0.019835,0.023393,0.017852,0.017896,0.026938,0.061484,0.020052,0.017521,0.021740,0.035743,0.047288,0.024616,0.011979,0.024228,0.078648,0.030198,0.063744,0.023137,0.025638,0.082094,0.056580,0.030146,0.033732,0.036640,0.045626, ,0.020081,0.018279,0.025895,0.043415,0.021749,0.076768,0.009720,0.033559,0.012426,0.066207,0.029413,0.030612,0.014853,0.029219,0.044555,0.027516,0.028389, ,0.032526,0.031133,0.061762,0.034188,0.042561,0.032274,0.036880,0.029188,0.057645,0.028699,0.034970,0.062752,0.120892,0.046423,0.038083,0.020380,0.121473,0.880015,0.021689,0.040848,0.015405,0.059125,0.056355,0.014651,0.075408,0.235047,1.065684, , ,0.075200,0.034223,0.020060,0.010046,0.197741,0.065927,0.025326,0.073359,0.026947, ,0.062378,0.182678,0.182703,0.032096,0.031087, ,0.031427,0.066842,0.021983,0.025736,0.022399,0.032596,0.027404,0.058251,0.022160,0.028037,0.052714,0.056414,0.032360,0.032966,0.076775,0.067864,0.032152,0.029595,0.116157,0.027894,0.095037,0.111761,0.117281,0.112315,0.019569,0.020054,0.033571,0.045285,0.132065,0.009998,0.060234,0.131308,0.036641,0.039434,0.035224,0.052063,0.009407,0.084066,0.014447,0.023363,0.038923,0.035923,0.049328,0.033834,0.049488,0.047384,0.031983,0.029996,0.031917,0.045726,0.027964,0.014909,0.030911, ,0.022282,0.034309,0.023611,0.040025,0.027668,0.045527,0.028587,0.024509,0.031602,0.025586
    Number of Spikes per Burst - Avg,40.340000,38.114754, ,36.703125,34.571429,44.787879,64.508772,44.025641,18.922078,16.789474,7.500000,17.166667,25.140000,11.900000,17.157895,29.065217,7.000000, ,7.200000, , ,10.800000, , ,11.181818, ,8.833333,11.500000,10.166667, ,14.354167, , ,17.740000, ,8.523810, ,9.000000, ,13.741935, , , ,9.866667, ,4.500000, , ,16.654545,14.127660,14.633333,7.615385,8.935484,19.566038,8.421053,19.068966,9.500000,24.456140,7.125000,17.127660,9.275000,10.465116,9.159091,12.319149,8.289474,17.909091,15.649123,19.830189,13.400000,18.185185,22.200000,20.000000,6.375000,15.473684,10.548387,14.369565,10.951220,16.864407,19.810345,17.283333,12.500000,16.754717,15.653846,10.230769,4.666667,11.510204,15.309091,17.113208,7.814815,4.500000,9.896552,15.528302,17.907407,18.542373,10.232558,13.115385,21.000000,13.250000,15.562500,9.657895,13.847458,19.025974,10.510204,22.528846,19.230769,20.962500,19.546296,9.684211,18.226667,20.114754,10.317073,11.166667,13.553846,18.864865,16.945946,21.195122,20.535714,17.962025,18.401961,20.246914,15.760870,18.936170,10.153846,8.585366,21.822222,4.333333,21.272727,12.481481,7.200000,6.000000,9.442623,8.000000,11.716418,21.261905,7.720000,7.642857,31.105263,42.527027,4.000000,10.617647,32.226667,35.930233,9.557692,11.819672,20.647059,33.702381,34.095238,36.600000,34.485981, ,13.785714, ,24.726190,17.273810,10.246154, ,23.112360,28.911111,12.051948,31.697674, ,27.625850, , , , , , ,11.500000, , , , , , , ,11.962500,14.193182, ,17.250000,11.897059,22.988764,24.157895,31.191011,14.445783,22.662921,28.678899,37.683673,26.279070,17.209302,21.146341,35.064815,30.105882,27.773810,25.238095,28.873563,17.488095,37.735632,16.630952,31.797619,34.574713,33.678571,26.011905,23.309524,39.436782,5.300000,16.595238,29.083333, ,12.100000, , ,18.990610, , , , ,7.000000, , , , , , ,21.164835,24.758242,7.419355,14.263736,24.329670,38.131868,49.279570,8.737705,14.582418,9.578313,49.309278,37.795699,32.204301,26.065934,19.714286,40.097087,16.627451,30.346154, ,11.235294,5.700000,29.462963,10.469388,26.137255,7.281250,12.901961,35.615385,10.080000,32.698113,29.313725,20.793103,30.080460,12.327586,14.080645,21.083333,17.379310,15.480000,15.951220,12.722222, ,23.650000,11.574468,19.312500,5.000000,9.444444,11.823529,7.135135,13.630435, , ,15.147059, , , , ,11.312500, ,7.888889,12.659091, ,5.000000,6.888889, ,10.680000, ,30.848921,18.093458,20.590476,17.560976,22.796117,21.611111,27.018182,26.089431,11.846154,11.777778,21.432203,19.348315,22.965812,19.714286,10.455556,27.470588,28.794872,30.444444,23.972222,23.096774,19.967742,25.033333,26.633333,19.896552,12.478261,34.052632,8.050000,23.129032,24.200000,6.428571,22.593750,23.098039, ,22.625000,30.560000,14.193548,8.925926,25.826087,23.862745,15.393939,17.793103,24.196078,5.214286,17.086957,23.180000,23.183673,14.200000,33.017857,5.181818,38.045455,5.655172,37.113636,24.136364,35.098039,11.459459,27.914894,18.800000,35.130435,20.000000,15.234043,30.000000,40.046512,27.240000,26.673077,15.862745,36.433333,13.680000,23.333333,26.283019,8.355556,25.172840,14.428571,6.655172,31.865385,10.666667,19.689655,26.461538,17.788462,7.000000,13.838710,19.795455,15.772727,14.533333,5.933333,8.689655,12.794118,6.272727,16.568182,15.657895,17.140000,18.450980,20.780000,16.769231,12.243243,17.714286,17.655172,14.583333,7.125000,19.964286,20.781250,5.400000,12.071429,9.840000,16.422222,22.411765,16.235294,22.962963,16.371429,5.000000,23.689655,11.724138, , , ,19.333333, ,10.937500,5.000000, , ,8.470588, , , , , , ,4.000000,14.000000,17.428571,14.139535,21.195652,18.788732,15.707317,15.619048,10.731707,13.538462, ,15.038462,13.562500,19.662162,17.557377,18.380282,22.200000,17.127660,5.166667,5.200000,16.529915,12.093023,16.208333,12.353659,16.438776,17.731481, ,12.604651,15.671875,12.048780,9.500000,17.508772,18.864865,14.441176,9.758621,21.843750,26.975610,21.150000,23.189189,10.628571,24.742857,5.000000,4.545455,18.660000,10.964286,4.666667,20.666667,17.774194,24.325301,13.979592, ,15.542373,28.028571,24.768116,16.368421,24.705882,23.065574,21.467742,20.366197,29.239437,21.394366,31.257143,17.948276,30.053333,7.809524,17.046875,23.657895,26.269231,9.729167,25.256757,26.552941,25.527027,25.101266,24.197368,22.643836,21.810811,12.648649,4.750000,22.661972,17.921875,6.555556,19.476190,23.268657,26.819444, ,6.409091,21.985507,13.724638,22.025974,17.878788,16.365079,26.106061,19.929577,26.287671,18.531250,12.491228,18.342857,18.787879,25.000000,13.890909,13.156250,17.176471,19.050000,13.000000,6.222222,17.588235,20.588235,14.636364,4.333333,15.696970,22.823529,19.583333,19.509091,17.173913,19.487179,4.000000,13.835443,10.862069,19.485714,15.688889,8.240000,21.781250,7.777778,7.937500,19.866667,13.112676,16.155844,13.360656,20.569231,18.208333,20.014706,5.437500,21.290323,17.181818,19.576271,19.833333,16.055556,16.864407,15.277778,20.393939,24.811594, ,22.883117,19.482759,12.500000,17.521127,19.318182,12.795455,20.863636,17.745763,14.785714,19.910448,14.523810,22.970149,18.107692,20.695652,21.057971,25.380282,8.578947,24.095890,23.075472,20.072727,7.878788,24.200000,19.763636,11.400000,15.155172,26.421053,14.649123,23.557377,18.436364,17.017857,21.661290,16.350877,23.163934,18.758065,23.608108,23.890625, ,28.757143,16.607843,24.382353,15.096154,8.541667,25.238806,24.893939,27.814286,21.209677,22.164179,20.519231,9.255319,24.283582,33.393443,24.317460,33.587302,12.448980,33.114754,25.338710,24.573770,20.433333,29.903226,20.351852,24.571429,10.279070,14.833333,12.023256,12.448980,20.524590,17.292683,9.060606,19.261905,7.125000,18.229167,25.244444,22.818182,13.842105,12.138889,21.441860,12.542857,21.615385,16.617021,20.204082,19.351852,18.645833, ,25.512821,10.685714,25.409091,25.372093,16.760870,22.512821,4.000000,23.183673,6.833333,7.935484,26.414634,24.613636,21.195122,21.046512,7.200000,11.406780,18.955882, ,13.459016,18.066667,22.303797,13.571429,18.269841,13.035714,24.262295,18.968254,10.346939,13.015873,17.396825,15.000000,9.280000,25.666667,19.542373,13.040816,4.666667,28.436620,21.333333,18.937500,8.903226,22.075758,7.111111,6.312500,14.208333,16.189655,7.666667, , ,24.500000,19.100000,12.536585,5.863636,23.541667,26.660377,15.829268,29.050847,14.340909, ,21.634615,18.978723,23.520000,16.564103,16.420000, ,12.456522,17.367347,12.710526,9.575758,21.240000,19.288889,14.893617,26.481481,17.071429,20.326531,19.191489,24.022727,22.086207,15.377358,22.750000,20.700000,19.500000,11.083333,14.846154,17.491803,13.677966,14.152542,16.600000,14.021277,20.950820,17.904762,17.875000,19.800000,15.017544,5.090909,20.875000,6.600000,6.500000,11.878788,12.975000,9.666667,4.000000,16.272727,17.351351,4.000000,16.479167,13.596154,17.815385,13.022222,14.764706,13.739130,11.796296,19.377358,18.965517,25.015873,17.433962,8.384615,19.509434, ,15.717391,20.192308,14.638889,24.264151,17.763158,10.333333,14.400000,16.909091,11.629630,19.905660
    Number of Spikes per Burst - Std,44.490132,29.681699, ,30.864620,27.894221,42.969941,39.945553,29.558583,18.627065,10.107877,0.707107,13.762267,27.306720,4.876366,8.833371,19.983774, , ,1.320173, , ,4.020536, , ,4.360388, ,1.898963,4.000000,5.980524, ,10.449859, , ,6.808788, ,2.657424, ,5.656854, ,10.102698, , , ,2.700362, ,0.707107, , ,4.591531,3.138935,4.933341,1.710884,2.528972,7.294649,2.261685,6.450519,2.177471,7.876435,2.012060,5.792112,2.275708,2.938649,2.302104,3.551524,2.817972,8.133772,5.702416,7.528755,4.292974,6.225553,9.621304,8.017223,0.885061,5.716846,3.085868,5.693500,3.974615,6.859319,9.215656,7.526432,3.931355,6.507113,5.820466,4.331412,1.032796,3.500729,5.965558,9.122374,2.304461,0.707107,3.667861,5.282787,12.263258,7.207090,3.939043,6.239199,4.246441,4.403511,3.481812,5.348788,3.305239,5.855663,2.799721,8.007226,6.125687,6.696766,7.935940,2.080160,5.015040,4.676531,3.336584,3.290168,8.003965,7.075569,15.892526,18.115841,13.175778,11.973735,16.380537,11.325338,8.240038,17.004622,3.022185,1.687833,16.190979,0.816497,17.307049,11.953906,1.398412,1.414214,2.432588, ,1.730353,6.080027,0.979796,1.077971,6.223780,8.271461,0.000000,2.369139,4.746473,8.434928,1.924185,2.831420,3.682991,3.382377,3.672165,5.152900,7.066216, ,2.117463, ,3.125300,2.519089,2.270949, ,4.262517,5.400051,2.383585,4.700613, ,10.422717, , , , , , ,1.509231, , , , , , , ,2.378404,3.161761, ,2.810801,2.286493,4.203609,5.045149,4.988342,2.323018,4.712034,6.264067,9.960331,3.683512,3.905099,3.742060,9.696587,3.952165,3.387970,3.378240,4.966878,2.604417,5.753583,2.976939,3.005135,4.010545,3.390848,3.043833,2.555298,6.436995,1.159502,2.671217,2.921496, ,1.516575, , ,4.351307, , , , ,0.816497, , , , , , ,3.000977,3.535033,1.500538,2.727780,2.569284,3.562798,6.624010,1.787938,2.840446,1.828771,10.705685,4.839959,3.987914,3.133341,3.317582,8.491651,2.244645,8.424155, ,1.644241,0.948683,5.800823,1.646993,3.124225,1.689328,1.878882,4.839194,1.816478,5.793182,3.765582,5.303950,10.404849,3.378923,5.868221,10.950212,10.559485,6.373542,7.806892,2.972359, ,15.604025,4.514444,9.979145, ,3.605111,6.904219,5.452635,7.672052, , ,4.516189, , , , ,3.125726, ,1.054093,4.903455, , ,1.900292, ,3.760762, ,12.766529,5.356239,6.739230,4.513622,6.149062,5.212251,8.959626,8.518070,6.953486,2.970690,5.747506,4.871301,6.251802,5.756216,2.987469,10.968924,14.589433,14.576781,11.170078,9.554597,6.720535,10.489677,7.954540,7.508780,3.355722,18.865022,1.904980,11.101777,11.978141,1.567528,10.370116,8.345669, ,11.488431,12.938094,4.928958,2.585848,11.369168,10.720111,5.338184,8.424606,8.623270,1.311404,7.644391,12.648610,9.089081,5.081406,11.023101,0.981650,10.650810,1.110851,10.228132,6.109813,9.695886,2.049317,8.926828,4.784444,11.704906,4.316431,3.546050,8.173709,11.077548,8.842292,4.937734,3.092052,7.618814,2.614247,6.156684,4.417523,1.967411,8.277666,2.483277,1.421163,5.940980,1.534474,3.784580,4.390103,4.521567,1.082781,3.899545,8.418086,5.408278,4.584331,1.162919,2.536920,3.867341,1.906925,5.350061,5.919625,5.111052,6.322385,6.224671,4.998461,4.205852,6.140711,3.912214,11.033391,1.801268,5.692634,5.505038,1.055597,2.707036,2.055075,10.441371,13.502228,3.782406,5.236569,6.417282, ,6.222674,2.750280, , , ,17.216535, ,5.929356, , , ,5.013951, , , , , , ,0.000000,3.979540,6.072866,5.587322,10.866057,7.373535,9.359075,8.979522,3.066141,7.101824, ,5.477088,4.176460,7.476497,4.856352,10.725625,11.384422,7.805752,0.408248,0.632456,8.175418,4.010783,7.766211,4.028822,8.376534,8.730232, ,4.158408,5.380903,3.827213,2.271847,5.230825,6.386453,3.474506,2.516448,5.668870,7.104533,7.357362,7.156341,3.181617,7.593894,1.195229,0.820200,7.552834,2.617352,0.778499,7.234178,4.737859,13.667755,5.352141, ,8.164942,12.637615,11.260479,7.902603,11.223721,11.546816,10.147628,9.820153,11.338260,10.023514,15.153022,10.538854,13.278608,2.159144,6.150054,7.774407,8.427958,3.029919,9.518635,8.210774,7.402745,7.518515,7.014309,7.680006,7.808804,4.791290,0.500000,8.717706,6.976843,1.503808,5.547034,8.834475,11.633277, ,1.563241,6.554057,3.977451,7.657081,3.986574,5.734169,7.616033,6.401616,7.347485,5.847177,3.257534,3.048074,2.654684,3.547990,10.060683,2.215916,3.511631,5.999786,1.816590,2.048034,3.285576,2.775626,3.238616,0.516398,3.127348,3.638769,4.087437,7.244085,5.774674,7.004161,0.000000,4.383624,2.799543,7.698565,3.854291,2.773085,6.984038,2.154304,1.878608,6.629853,4.932543,5.266740,4.593593,7.555977,7.911635,7.067885,1.209339,8.763537,6.817463,7.981019,7.625026,6.537026,8.073921,5.877417,7.546530,8.657325, ,9.432550,7.998336,4.591125,7.026194,7.373881,5.757016,6.413655,5.221287,6.398052,7.091889,4.291241,7.304980,7.011426,21.651023,6.545955,7.430374,2.585109,8.966240,7.282352,8.254863,1.615503,7.872597,7.480750,4.030764,4.887513,8.752443,4.248913,9.030549,5.349848,6.716306,8.516028,4.478086,8.248597,7.144149,10.157415,10.395538, ,8.316974,6.648544,9.513587,6.639926,2.686183,9.082266,10.521961,10.848486,8.600681,8.553923,8.843942,3.017832,8.612545,8.033842,6.301115,10.778765,3.102830,4.683654,7.388390,7.365367,6.386869,7.221801,5.002480,5.807988,2.612475,3.417085,3.548899,3.175828,6.837657,6.357059,1.853028,5.378637,1.885092,5.578224,11.732154,7.827420,4.233242,3.208496,5.342116,2.790139,4.158791,5.632025,7.678378,6.295124,6.498738, ,5.113819,3.863642,8.342433,8.560772,4.634100,7.782814,0.000000,8.618472,1.315251,2.096592,8.479315,8.333781,5.473662,5.731922,1.079215,2.665997,5.467499, ,3.721889,5.596205,8.657818,3.779645,4.856676,3.495266,7.901269,5.940480,2.402698,3.936971,3.916630,3.135440,3.878574,9.051017,8.043678,4.799996,1.154701,13.599089,6.498227,6.975865,2.534493,7.486009,2.934469,1.778342,4.593975,8.253563,4.618802, , ,7.655407,6.478378,4.336459,0.774317,11.962634,8.651241,5.238809,11.781669,4.650297, ,8.827384,8.820651,12.991740,6.410497,6.298980, ,4.277624,4.833451,2.769602,2.121767,6.714468,6.118609,4.868863,10.733022,5.028663,6.577701,5.689954,7.565185,4.874871,4.239133,9.392794,5.814360,5.077368,4.570178,7.266319,5.377803,4.854577,5.205480,6.054454,6.404785,5.226300,5.681646,7.970542,4.936203,6.648016,1.221028,8.017477,1.792706,1.757338,3.007881,4.531867,3.565349,0.000000,4.233662,3.917314,0.000000,5.649288,4.943840,6.749751,3.899236,6.437700,4.887330,3.692826,7.545315,6.902747,9.936073,4.936167,3.645018,6.482588, ,5.097551,7.682520,5.172194,9.458718,4.721625,2.545421,4.851880,5.148123,3.416366,6.995230
    Mean ISI within Burst - Avg (sec),0.011628,0.009423, ,0.009264,0.010401,0.010098,0.006692,0.006560,0.010066,0.010402,0.054203,0.015160,0.006274,0.020360,0.010203,0.008352,0.025320, ,0.010822, , ,0.013311, , ,0.018289, ,0.018035,0.040818,0.021566, ,0.010407, , ,0.014938, ,0.016811, ,0.016323, ,0.010841, , , ,0.008680, ,0.020273, , ,0.006200,0.006624,0.007407,0.007928,0.008934,0.005668,0.008251,0.005851,0.010205,0.005080,0.006760,0.005783,0.009846,0.007890,0.008513,0.007095,0.009993,0.004643,0.008188,0.006848,0.008638,0.008960,0.004712,0.005260,0.008172,0.006667,0.007020,0.008046,0.007878,0.005325,0.005825,0.005078,0.007136,0.006406,0.006750,0.007875,0.010076,0.007273,0.007958,0.006229,0.008019,0.010750,0.011633,0.005540,0.007199,0.006817,0.007616,0.007185,0.004976,0.005966,0.005807,0.022479,0.005243,0.005391,0.005276,0.005207,0.004922,0.005459,0.011165,0.005582,0.007213,0.004865,0.006887,0.008037,0.007196,0.006061,0.006054,0.005182,0.006301,0.006041,0.005914,0.005920,0.007315,0.006054,0.006275,0.010563,0.005106,0.006529,0.005101,0.007631,0.007385,0.010540,0.010586,0.009246,0.009713,0.008368,0.013246,0.012663,0.006843,0.007121,0.009987,0.009025,0.005821,0.007315,0.012039,0.016434,0.005950,0.004808,0.004548,0.004285,0.007482, ,0.007932, ,0.006158,0.006478,0.011612, ,0.007884,0.006469,0.011498,0.005505, ,0.005193, , , , , , ,0.022978, , , , , , , ,0.010048,0.009508, ,0.006758,0.010665,0.006194,0.005543,0.004697,0.009853,0.006821,0.007265,0.005815,0.006750,0.007039,0.005513,0.005427,0.004404,0.005759,0.005602,0.005493,0.010384,0.004010,0.006332,0.004362,0.004470,0.004420,0.005192,0.006687,0.004038,0.008056,0.008086,0.005145, ,0.016173, , ,0.007260, , , , ,0.016259, , , , , , ,0.007174,0.005115,0.010605,0.008340,0.004968,0.004026,0.003720,0.009349,0.007821,0.009455,0.004566,0.003787,0.004457,0.004372,0.006910,0.004844,0.005839,0.010635, ,0.009051,0.011754,0.004020,0.011832,0.004414,0.013290,0.007661,0.004984,0.008073,0.004921,0.004966,0.006335,0.010328,0.009252,0.011445,0.016080,0.007677,0.006583,0.008800,0.004654, ,0.006468,0.010243,0.005787,0.006920,0.022465,0.005539,0.007907,0.006255, , ,0.007237, , , , ,0.012936, ,0.020132,0.007924, ,0.013220,0.019081, ,0.010974, ,0.005819,0.006811,0.005612,0.006121,0.006994,0.005802,0.005226,0.005914,0.012782,0.007013,0.006229,0.005035,0.005938,0.005413,0.008213,0.006922,0.006454,0.006672,0.007813,0.005827,0.007262,0.005596,0.004553,0.016387,0.009743,0.006525,0.013415,0.007094,0.006418,0.009001,0.006343,0.007072, ,0.005267,0.004416,0.007692,0.011938,0.007103,0.006001,0.006903,0.012251,0.005577,0.008413,0.007625,0.005662,0.005021,0.007023,0.006803,0.007663,0.007819,0.009545,0.005032,0.006050,0.004840,0.008367,0.005189,0.007255,0.005567,0.008973,0.010579,0.004641,0.004200,0.004788,0.004730,0.006710,0.004182,0.008454,0.005670,0.004553,0.010532,0.008026,0.005969,0.010582,0.004076,0.016861,0.005623,0.004457,0.005590,0.015445,0.005994,0.004854,0.005272,0.005787,0.012629,0.007329,0.006417,0.007930,0.008256,0.006426,0.007340,0.005210,0.005564,0.005093,0.007220,0.008835,0.005059,0.006775,0.005034,0.004523,0.004539,0.008699,0.005922,0.005965,0.011647,0.006663,0.006290,0.011935,0.007629,0.011940,0.004542,0.005162, , , ,0.008967, ,0.015898,0.012140, , ,0.015190, , , , , , ,0.012760,0.008977,0.008215,0.010567,0.006576,0.006423,0.007701,0.009473,0.010465,0.030898, ,0.009717,0.012188,0.007194,0.006589,0.008522,0.005426,0.007385,0.009745,0.010192,0.005349,0.007087,0.006071,0.008198,0.005730,0.005180, ,0.007534,0.006302,0.009096,0.008494,0.006621,0.004668,0.006473,0.005619,0.005748,0.004537,0.005482,0.005332,0.010853,0.004418,0.010888,0.009449,0.010103,0.006304,0.007645,0.005178,0.005083,0.006469,0.007303, ,0.008597,0.004663,0.005486,0.006372,0.006562,0.006829,0.006595,0.005651,0.004933,0.006516,0.005777,0.006678,0.004481,0.011613,0.005817,0.004859,0.004457,0.007215,0.004841,0.006120,0.004443,0.005783,0.005140,0.006028,0.005614,0.005790,0.013863,0.005609,0.006524,0.007529,0.005032,0.004367,0.006105, ,0.009079,0.004739,0.007515,0.004545,0.004786,0.005296,0.003857,0.005376,0.004207,0.005452,0.006815,0.004534,0.003958,0.004059,0.004832,0.004177,0.004425,0.006274,0.018478,0.015528,0.004906,0.004644,0.005911,0.007824,0.004029,0.004025,0.004176,0.005588,0.005517,0.005781,0.008453,0.005855,0.010523,0.005964,0.005294,0.010482,0.005794,0.010313,0.012579,0.006397,0.008545,0.007736,0.006450,0.004875,0.004950,0.005897,0.007241,0.004709,0.005889,0.006101,0.005952,0.005256,0.007006,0.006916,0.006929,0.006280, ,0.008127,0.007459,0.006482,0.004937,0.005022,0.006366,0.004624,0.005260,0.005378,0.004977,0.007110,0.004224,0.005194,0.013913,0.005332,0.004857,0.007834,0.005714,0.004845,0.005996,0.008729,0.005331,0.005149,0.006161,0.006325,0.005050,0.006104,0.004546,0.006176,0.006191,0.004634,0.007880,0.004855,0.005456,0.006232,0.005129, ,0.005492,0.006654,0.004720,0.005910,0.007917,0.004619,0.004887,0.005891,0.006274,0.004546,0.005502,0.008695,0.005113,0.004198,0.004609,0.004837,0.006541,0.003699,0.005098,0.004584,0.005120,0.004235,0.004620,0.004144,0.012850,0.014314,0.005932,0.007294,0.004409,0.007684,0.008459,0.005336,0.007606,0.005224,0.006857,0.004596,0.009972,0.006197,0.004836,0.007649,0.005712,0.005648,0.005611,0.005273,0.006296, ,0.004155,0.006498,0.004986,0.006740,0.005823,0.006975,0.009920,0.004463,0.006524,0.013879,0.004112,0.005124,0.004636,0.005570,0.008174,0.008480,0.005036, ,0.006249,0.005561,0.005755,0.006088,0.005327,0.006756,0.004502,0.005440,0.009180,0.006553,0.005980,0.008368,0.011914,0.005842,0.004955,0.007764,0.025669,0.009205,0.004504,0.005546,0.006061,0.006482,0.008362,0.007968,0.006045,0.007920,0.064064, , ,0.006582,0.005366,0.006277,0.009763,0.008788,0.004163,0.006391,0.005377,0.007180, ,0.004557,0.006933,0.005663,0.007801,0.006455, ,0.006907,0.007808,0.006220,0.008612,0.004495,0.005860,0.006679,0.004812,0.005951,0.005143,0.006846,0.005546,0.005095,0.007179,0.006770,0.007123,0.004914,0.006853,0.005710,0.005739,0.006869,0.008316,0.009138,0.007055,0.004386,0.004707,0.005948,0.005203,0.006898,0.007883,0.005311,0.009952,0.010557,0.008804,0.008342,0.010584,0.008960,0.008387,0.004501,0.009133,0.006157,0.006071,0.008827,0.006317,0.007727,0.006445,0.008809,0.005774,0.005936,0.004801,0.005781,0.006793,0.005013, ,0.005305,0.005548,0.005788,0.005013,0.005929,0.007389,0.005950,0.005616,0.007346,0.004851
    Mean ISI within Burst - Std (sec),0.007506,0.003951, ,0.005674,0.005075,0.003983,0.002504,0.002326,0.005566,0.008454,0.013912,0.009757,0.003086,0.006082,0.014799,0.008492, , ,0.005039, , ,0.008495, , ,0.015110, ,0.008352,0.022750,0.005593, ,0.004196, , ,0.004965, ,0.012833, ,0.002258, ,0.004902, , , ,0.003124, ,0.003064, , ,0.001741,0.002014,0.003675,0.002226,0.004220,0.001802,0.003259,0.002737,0.005039,0.002340,0.003334,0.001957,0.004503,0.004243,0.003873,0.002998,0.004011,0.001359,0.003700,0.002989,0.004178,0.006915,0.001135,0.002208,0.003426,0.001829,0.002738,0.003915,0.002983,0.001903,0.001474,0.001942,0.003388,0.002427,0.002664,0.002818,0.004350,0.002267,0.003366,0.003133,0.003237,0.002786,0.006009,0.001935,0.003557,0.003728,0.003513,0.005518,0.001558,0.001739,0.002180,0.036559,0.001980,0.001837,0.001317,0.001714,0.001714,0.002668,0.006498,0.002073,0.005200,0.001153,0.002065,0.002138,0.004096,0.003929,0.003331,0.002033,0.003331,0.003515,0.002903,0.002703,0.003418,0.002334,0.002551,0.004823,0.002043,0.001916,0.002402,0.004064,0.002711,0.010903,0.004931, ,0.002728,0.004160,0.003717,0.005304,0.003223,0.001841,0.000207,0.001931,0.003193,0.003091,0.003473,0.004832,0.000947,0.000597,0.000613,0.000702,0.006209, ,0.001569, ,0.000943,0.001269,0.002922, ,0.002331,0.002301,0.003415,0.000763, ,0.001505, , , , , , ,0.003135, , , , , , , ,0.002847,0.002226, ,0.001472,0.003976,0.001108,0.001645,0.002560,0.002070,0.002846,0.002700,0.001682,0.001654,0.001956,0.001419,0.002597,0.000628,0.000794,0.001097,0.000906,0.002767,0.001119,0.001172,0.000744,0.001314,0.000402,0.000675,0.000978,0.001209,0.003307,0.001662,0.000650, ,0.003175, , ,0.001473, , , , ,0.003454, , , , , , ,0.001166,0.000866,0.006190,0.003117,0.000817,0.000304,0.000482,0.002897,0.002255,0.002891,0.002042,0.000485,0.000617,0.000567,0.001933,0.001920,0.001144,0.006346, ,0.002618,0.005036,0.001241,0.002543,0.000768,0.005100,0.002030,0.001655,0.002367,0.001058,0.000534,0.003460,0.006264,0.004357,0.007824,0.013695,0.006970,0.003120,0.003357,0.001266, ,0.003548,0.014083,0.002627, ,0.018815,0.002873,0.005651,0.002934, , ,0.002797, , , , ,0.004414, ,0.003833,0.001983, , ,0.014812, ,0.001937, ,0.002593,0.002423,0.001569,0.001847,0.002107,0.001414,0.001508,0.001522,0.004275,0.002081,0.002824,0.001603,0.002298,0.001853,0.002378,0.005846,0.003456,0.008960,0.007557,0.002484,0.001903,0.001651,0.000746,0.020270,0.002331,0.006943,0.004345,0.003838,0.001958,0.003323,0.002526,0.003416, ,0.001793,0.001116,0.002388,0.004898,0.001619,0.002869,0.002061,0.007364,0.002111,0.004305,0.003173,0.002823,0.001392,0.001805,0.004629,0.002952,0.001499,0.003207,0.001999,0.001679,0.001948,0.001706,0.001975,0.001802,0.001606,0.001500,0.002591,0.001381,0.001119,0.001508,0.000768,0.001776,0.000825,0.002370,0.002114,0.000591,0.003990,0.004893,0.001250,0.004692,0.000756,0.004009,0.002051,0.000691,0.000997,0.005115,0.002722,0.002060,0.001374,0.002146,0.004217,0.002583,0.004977,0.003261,0.007563,0.002960,0.006110,0.002287,0.004688,0.002243,0.004030,0.005273,0.001282,0.004699,0.001211,0.000813,0.002308,0.002353,0.003431,0.001952,0.011625,0.005738,0.005770,0.003999,0.004489, ,0.000770,0.001429, , , ,0.003425, ,0.007985, , , ,0.002956, , , , , , ,0.002018,0.002412,0.004164,0.002437,0.002533,0.002540,0.003090,0.003879,0.002830,0.017420, ,0.006069,0.002831,0.002626,0.002939,0.003252,0.001680,0.002997,0.003293,0.003655,0.001469,0.001777,0.002320,0.003312,0.002431,0.001447, ,0.003699,0.002251,0.002552,0.002423,0.002599,0.001454,0.003563,0.001564,0.002418,0.001191,0.002246,0.002399,0.005912,0.001175,0.003758,0.002242,0.004027,0.001213,0.003417,0.003013,0.001263,0.002847,0.002368, ,0.003446,0.001492,0.001778,0.002402,0.003171,0.003923,0.003421,0.001903,0.001631,0.002485,0.000929,0.002452,0.001232,0.006883,0.002096,0.001440,0.001532,0.002721,0.002246,0.003441,0.001867,0.003637,0.002114,0.003207,0.002992,0.001872,0.003730,0.002758,0.003054,0.002606,0.001806,0.001469,0.006230, ,0.001865,0.002391,0.005299,0.002102,0.001601,0.001952,0.000767,0.002747,0.001202,0.001854,0.002298,0.001669,0.000491,0.001574,0.002980,0.001222,0.002406,0.004697,0.004645,0.008836,0.003460,0.001753,0.001519,0.004491,0.000856,0.000748,0.001773,0.002158,0.001661,0.003180,0.000113,0.001798,0.006034,0.003196,0.001595,0.002092,0.003458,0.003261,0.008243,0.003643,0.003756,0.005901,0.002102,0.001600,0.001553,0.002471,0.002597,0.001658,0.002850,0.002808,0.002897,0.001655,0.003603,0.002218,0.004008,0.003473, ,0.004642,0.003874,0.002597,0.001298,0.002227,0.001684,0.001215,0.001391,0.001586,0.001400,0.003347,0.000881,0.001648,0.004329,0.001869,0.002135,0.002136,0.002074,0.001702,0.002420,0.003819,0.001909,0.002050,0.001625,0.002659,0.004950,0.002784,0.001682,0.003371,0.002629,0.001486,0.004292,0.001854,0.002581,0.004157,0.001638, ,0.002757,0.002101,0.001473,0.002166,0.002522,0.001470,0.001674,0.003692,0.003654,0.001208,0.002017,0.001601,0.002121,0.001464,0.001554,0.001815,0.001279,0.000646,0.001583,0.001451,0.002575,0.001330,0.001417,0.000938,0.002521,0.004258,0.001136,0.001899,0.001140,0.002882,0.004156,0.002234,0.002831,0.002202,0.001572,0.002091,0.004218,0.002454,0.001971,0.005646,0.002315,0.002762,0.003235,0.002282,0.001831, ,0.001107,0.003449,0.001804,0.001514,0.002558,0.004355,0.003240,0.001439,0.001935,0.007437,0.001456,0.001878,0.001872,0.002332,0.004746,0.002478,0.002315, ,0.002957,0.003213,0.002697,0.002640,0.002652,0.003768,0.001515,0.002391,0.005516,0.002631,0.002816,0.004698,0.007481,0.002639,0.001591,0.003813,0.021808,0.013842,0.001038,0.002772,0.001543,0.003428,0.003144,0.002578,0.003264,0.004894,0.082630, , ,0.003848,0.002826,0.001897,0.002035,0.002925,0.001384,0.002081,0.003461,0.001940, ,0.001823,0.003008,0.002214,0.002726,0.003090, ,0.002306,0.006634,0.002877,0.002106,0.001398,0.004252,0.003447,0.001584,0.002671,0.001753,0.005515,0.001798,0.001719,0.003015,0.003431,0.004845,0.001992,0.002664,0.002663,0.002624,0.003052,0.004010,0.003793,0.004170,0.000965,0.001530,0.002257,0.001913,0.003384,0.001912,0.001880,0.009431,0.004170,0.003225,0.003529,0.003662,0.003136,0.006543,0.001214,0.007788,0.002770,0.002670,0.005122,0.002915,0.002942,0.002965,0.003298,0.002220,0.002295,0.002076,0.001878,0.002215,0.001648, ,0.002033,0.002243,0.001983,0.002226,0.001909,0.003779,0.002182,0.002751,0.002257,0.001612
    Median ISI within Burst - Avg (sec),0.007870,0.006520, ,0.005899,0.007194,0.006721,0.004737,0.004272,0.006113,0.006151,0.048620,0.010573,0.003860,0.015700,0.006484,0.005625,0.017120, ,0.007416, , ,0.008483, , ,0.014262, ,0.015433,0.034245,0.014700, ,0.007240, , ,0.011678, ,0.012573, ,0.016240, ,0.008160, , , ,0.006747, ,0.017500, , ,0.004621,0.005023,0.004773,0.007176,0.007343,0.004017,0.007163,0.003890,0.008183,0.003483,0.005927,0.003945,0.007304,0.005984,0.006241,0.005303,0.007041,0.003556,0.006164,0.004592,0.005856,0.005976,0.003387,0.003741,0.006898,0.005072,0.005703,0.005493,0.006034,0.003946,0.004330,0.003493,0.004953,0.004458,0.004685,0.006577,0.008693,0.005689,0.005399,0.004555,0.006570,0.009340,0.009229,0.004121,0.004921,0.004176,0.005634,0.005186,0.003608,0.004651,0.004259,0.013104,0.004052,0.004297,0.004269,0.003865,0.003518,0.004261,0.007781,0.004543,0.005652,0.003511,0.005736,0.006060,0.005001,0.004451,0.004488,0.003746,0.004563,0.004610,0.004171,0.004296,0.005421,0.004281,0.004609,0.008258,0.003773,0.006280,0.003618,0.006275,0.006104,0.005090,0.007477,0.004960,0.006895,0.006070,0.010504,0.009622,0.004900,0.004684,0.007320,0.007445,0.003605,0.005133,0.009975,0.013147,0.004395,0.003630,0.003257,0.003251,0.006342, ,0.006660, ,0.004798,0.005346,0.008507, ,0.006087,0.004901,0.009302,0.004029, ,0.003885, , , , , , ,0.022420, , , , , , , ,0.007274,0.006968, ,0.005043,0.009027,0.004890,0.004222,0.003568,0.008338,0.004700,0.004632,0.003605,0.005035,0.004629,0.003936,0.003785,0.003506,0.004410,0.004030,0.004301,0.007564,0.003367,0.004768,0.003354,0.003516,0.003472,0.003899,0.005757,0.003254,0.006892,0.005556,0.003756, ,0.014629, , ,0.005725, , , , ,0.015250, , , , , , ,0.005317,0.003794,0.007565,0.005680,0.003671,0.003182,0.002985,0.006634,0.005822,0.006606,0.003274,0.003042,0.003319,0.003325,0.004509,0.003842,0.004213,0.008343, ,0.005869,0.007268,0.003305,0.010509,0.003326,0.008091,0.005438,0.003409,0.005518,0.003408,0.003565,0.004941,0.006405,0.006505,0.008690,0.011388,0.004930,0.004781,0.006980,0.003611, ,0.005046,0.006800,0.003711,0.004480,0.014017,0.003910,0.006253,0.004875, , ,0.005295, , , , ,0.010681, ,0.016769,0.006357, ,0.011680,0.014182, ,0.010186, ,0.004126,0.005011,0.004034,0.004511,0.005044,0.004330,0.003587,0.004028,0.009794,0.005444,0.004371,0.003526,0.004378,0.003851,0.006562,0.005522,0.004960,0.004531,0.006133,0.004245,0.004676,0.004031,0.003460,0.011662,0.005543,0.004786,0.009526,0.005294,0.004996,0.007137,0.004840,0.005706, ,0.004039,0.003295,0.005779,0.008344,0.005510,0.004318,0.004977,0.008106,0.004158,0.007509,0.005563,0.004029,0.003985,0.005483,0.005379,0.006495,0.005866,0.007521,0.003931,0.004745,0.003554,0.005938,0.003975,0.005743,0.004068,0.006101,0.007933,0.003713,0.003266,0.003744,0.003746,0.004848,0.003306,0.006048,0.004284,0.003622,0.007627,0.007304,0.004433,0.008288,0.003143,0.010482,0.004212,0.003344,0.004089,0.010251,0.004434,0.003675,0.003898,0.004432,0.009851,0.006716,0.004673,0.006849,0.005663,0.004708,0.005006,0.004148,0.004294,0.004035,0.006219,0.006314,0.003371,0.004998,0.004075,0.003359,0.003674,0.008232,0.004434,0.004419,0.007115,0.004495,0.004791,0.006364,0.005056,0.013080,0.003221,0.003960, , , ,0.005937, ,0.011147,0.012680, , ,0.012887, , , , , , ,0.011840,0.007628,0.006158,0.009473,0.004903,0.005153,0.006698,0.008427,0.009429,0.017674, ,0.006891,0.009817,0.005289,0.004908,0.006700,0.004076,0.006372,0.009127,0.008836,0.004505,0.005832,0.004925,0.007240,0.004557,0.004323, ,0.006620,0.005341,0.008422,0.007741,0.005374,0.003750,0.004847,0.004964,0.004624,0.003542,0.004142,0.004246,0.008122,0.003552,0.008710,0.007927,0.006057,0.005031,0.006920,0.004250,0.004379,0.004250,0.005940, ,0.006883,0.003772,0.004451,0.005197,0.005155,0.005194,0.005928,0.004797,0.003832,0.005241,0.004674,0.005453,0.003553,0.008354,0.004844,0.003953,0.003485,0.005974,0.003919,0.003967,0.003484,0.004290,0.004026,0.004581,0.004181,0.004870,0.013730,0.004473,0.005207,0.006442,0.003739,0.003460,0.004582, ,0.008085,0.003703,0.006022,0.003507,0.003869,0.004267,0.003145,0.004130,0.003289,0.004031,0.005717,0.003265,0.003001,0.003134,0.003035,0.003364,0.003307,0.004516,0.012933,0.011804,0.003506,0.003379,0.004359,0.005560,0.003242,0.003122,0.003382,0.004527,0.004737,0.004270,0.008080,0.004902,0.008028,0.003986,0.004284,0.009656,0.004266,0.008458,0.008228,0.004691,0.006492,0.005279,0.005496,0.003890,0.003953,0.004716,0.005928,0.003817,0.004576,0.005108,0.004664,0.004491,0.005407,0.005990,0.005310,0.004506, ,0.005530,0.005703,0.005015,0.003874,0.003896,0.005458,0.003450,0.003999,0.004374,0.004134,0.005885,0.003437,0.004359,0.009640,0.004332,0.003670,0.006607,0.004124,0.003903,0.004687,0.006669,0.004149,0.004132,0.005128,0.005139,0.004042,0.004983,0.003738,0.004401,0.004965,0.003775,0.005988,0.003858,0.004117,0.004310,0.004071, ,0.003756,0.005690,0.003941,0.004809,0.006220,0.003568,0.003949,0.004257,0.004352,0.003802,0.004582,0.007849,0.003842,0.003281,0.003820,0.003709,0.005506,0.003066,0.003840,0.003801,0.004133,0.003374,0.003798,0.003413,0.011313,0.011427,0.004911,0.005642,0.003753,0.005845,0.006674,0.003972,0.007145,0.004267,0.005576,0.003585,0.007622,0.005054,0.003654,0.005762,0.004330,0.004322,0.003961,0.003904,0.004718, ,0.003344,0.005567,0.003960,0.003943,0.004587,0.004120,0.007093,0.003511,0.005321,0.011369,0.003211,0.003741,0.003874,0.004234,0.007151,0.007189,0.003984, ,0.005032,0.004277,0.004050,0.005081,0.004211,0.005733,0.003517,0.004401,0.006371,0.005530,0.004514,0.006256,0.007406,0.004179,0.003759,0.006153,0.018427,0.007764,0.003467,0.004334,0.005126,0.004921,0.007062,0.007188,0.004877,0.005208,0.017413, , ,0.004579,0.004254,0.005457,0.008507,0.006369,0.003242,0.004662,0.004019,0.005695, ,0.003762,0.004933,0.003658,0.006693,0.005148, ,0.005282,0.005673,0.004582,0.006567,0.003423,0.004793,0.004942,0.003888,0.004472,0.003873,0.004994,0.003849,0.003730,0.005845,0.004765,0.004983,0.003650,0.005098,0.004346,0.003735,0.005001,0.004923,0.005962,0.004968,0.003256,0.003686,0.004239,0.003924,0.005046,0.007356,0.003462,0.007224,0.009547,0.006869,0.007268,0.008534,0.006544,0.005408,0.003658,0.010360,0.004717,0.004643,0.006972,0.005101,0.005907,0.005005,0.006976,0.004742,0.004604,0.003603,0.004421,0.005854,0.004032, ,0.004383,0.004279,0.004609,0.003744,0.004518,0.006142,0.004660,0.004650,0.006169,0.003700
    Median ISI within Burst - Std (sec),0.005623,0.002828, ,0.003440,0.004191,0.003941,0.001668,0.001387,0.002842,0.005228,0.003026,0.006501,0.001070,0.004045,0.007938,0.004892, , ,0.003773, , ,0.006204, , ,0.009502, ,0.008082,0.012548,0.003866, ,0.002609, , ,0.003764, ,0.005426, ,0.002093, ,0.003909, , , ,0.001553, ,0.000368, , ,0.001602,0.001666,0.002001,0.001870,0.003607,0.001525,0.003076,0.001406,0.003795,0.001175,0.002946,0.001304,0.003847,0.003347,0.002750,0.002713,0.002585,0.000934,0.002822,0.001878,0.002348,0.002861,0.000672,0.001374,0.003415,0.001576,0.002376,0.002408,0.002509,0.001594,0.001331,0.000887,0.002195,0.001632,0.002568,0.002995,0.004441,0.002165,0.002212,0.002276,0.002690,0.001329,0.004546,0.001406,0.002389,0.001242,0.002814,0.002974,0.001148,0.001667,0.001693,0.020070,0.001622,0.001996,0.001534,0.001380,0.000963,0.002324,0.004912,0.001596,0.004755,0.000865,0.001913,0.001928,0.002736,0.002731,0.002260,0.001670,0.002131,0.002647,0.001876,0.002398,0.002292,0.001377,0.001317,0.004111,0.001236,0.002653,0.001119,0.003346,0.003047,0.001019,0.003402, ,0.002155,0.003313,0.004983,0.004122,0.002897,0.001515,0.004356,0.001873,0.001419,0.002349,0.003145,0.003775,0.001012,0.000368,0.000208,0.000432,0.005926, ,0.001653, ,0.000942,0.000568,0.002578, ,0.001245,0.002223,0.002928,0.000845, ,0.001162, , , , , , ,0.002087, , , , , , , ,0.002703,0.002679, ,0.001502,0.003201,0.001053,0.001694,0.001953,0.001857,0.001312,0.000806,0.001038,0.001366,0.001194,0.000665,0.001484,0.000583,0.000666,0.000575,0.000711,0.002253,0.001247,0.000982,0.000289,0.000787,0.000251,0.000523,0.000925,0.001101,0.002280,0.001429,0.000503, ,0.002879, , ,0.001132, , , , ,0.004682, , , , , , ,0.001096,0.000500,0.003964,0.001745,0.000567,0.000203,0.000326,0.002339,0.001514,0.002365,0.000783,0.000267,0.000467,0.000317,0.000900,0.001803,0.000963,0.005452, ,0.001692,0.006427,0.001024,0.001854,0.000298,0.003264,0.001358,0.001436,0.001635,0.000607,0.000369,0.003569,0.003996,0.001999,0.006253,0.010327,0.003608,0.002382,0.003822,0.000695, ,0.002626,0.006522,0.000948, ,0.009761,0.001030,0.001748,0.002499, , ,0.001253, , , , ,0.003138, ,0.005034,0.001741, , ,0.003087, ,0.001720, ,0.001733,0.001788,0.001506,0.001427,0.001691,0.001223,0.001090,0.001021,0.003117,0.001719,0.002314,0.000962,0.002057,0.001274,0.001859,0.005790,0.003267,0.003201,0.007504,0.001291,0.001149,0.000998,0.000361,0.011957,0.001322,0.003580,0.004580,0.003507,0.001958,0.002658,0.002104,0.003828, ,0.001431,0.000502,0.002143,0.003942,0.001910,0.001801,0.001988,0.003345,0.001408,0.004905,0.001779,0.001255,0.001342,0.001950,0.003751,0.002097,0.001202,0.002245,0.001802,0.001811,0.001374,0.002181,0.001483,0.001982,0.001385,0.001659,0.003073,0.001201,0.000769,0.001074,0.000751,0.001298,0.000518,0.001723,0.001995,0.000511,0.003066,0.005192,0.001330,0.003021,0.000457,0.003385,0.001651,0.000506,0.000861,0.002774,0.002862,0.001035,0.001123,0.002123,0.004561,0.003292,0.002374,0.002061,0.003210,0.002461,0.003381,0.001945,0.003105,0.001668,0.004251,0.004030,0.000800,0.003680,0.000856,0.000688,0.002505,0.001795,0.001639,0.001882,0.007227,0.003175,0.004179,0.004079,0.002228, ,0.000298,0.001314, , , ,0.001893, ,0.005107, , , ,0.002831, , , , , , ,0.002376,0.002185,0.003036,0.002484,0.001855,0.002211,0.002904,0.003410,0.002808,0.005581, ,0.003351,0.002365,0.002198,0.001881,0.002420,0.001326,0.002981,0.001942,0.002269,0.001634,0.001631,0.001570,0.002953,0.001412,0.001476, ,0.003801,0.001924,0.002562,0.002864,0.002310,0.001143,0.002845,0.001389,0.002225,0.000930,0.001820,0.002042,0.002970,0.001270,0.003507,0.003642,0.001934,0.001012,0.003728,0.002574,0.001629,0.001320,0.002128, ,0.003143,0.001180,0.001523,0.002215,0.002313,0.002793,0.003318,0.002035,0.001153,0.002122,0.000973,0.002522,0.000924,0.003987,0.001936,0.001296,0.000992,0.002359,0.001823,0.001404,0.001121,0.002212,0.001706,0.002028,0.001683,0.001930,0.003243,0.002553,0.002439,0.002600,0.001161,0.001098,0.004407, ,0.001607,0.002383,0.004429,0.001252,0.001370,0.001818,0.000576,0.002122,0.001089,0.001635,0.002630,0.000827,0.000217,0.000620,0.000329,0.000818,0.001606,0.003125,0.002495,0.006407,0.002137,0.001250,0.001271,0.003459,0.000660,0.000540,0.001479,0.002133,0.001862,0.001807,0.001245,0.001995,0.004584,0.001480,0.001560,0.002468,0.001983,0.002942,0.003979,0.002254,0.002795,0.003220,0.002093,0.001385,0.001354,0.001847,0.001124,0.001449,0.001927,0.002365,0.002438,0.001831,0.002612,0.002750,0.002930,0.002558, ,0.003004,0.002630,0.002318,0.001303,0.001633,0.001957,0.000799,0.001180,0.001576,0.001491,0.003240,0.000753,0.001768,0.002895,0.001836,0.001370,0.002042,0.001564,0.001537,0.001920,0.002386,0.001535,0.001864,0.001841,0.002200,0.005257,0.002198,0.001499,0.001758,0.002400,0.001409,0.002464,0.001590,0.001713,0.002021,0.001379, ,0.001156,0.002396,0.001345,0.001791,0.002591,0.000918,0.001572,0.002342,0.001837,0.001172,0.001917,0.001688,0.001579,0.001074,0.001400,0.001680,0.001825,0.000368,0.001640,0.001410,0.002524,0.001039,0.001286,0.000787,0.002173,0.004073,0.001128,0.001864,0.001235,0.001572,0.002930,0.001605,0.003188,0.002297,0.001581,0.001528,0.003879,0.002757,0.001316,0.005751,0.002070,0.002319,0.001831,0.001368,0.001673, ,0.000986,0.003399,0.002012,0.001301,0.002450,0.002003,0.001256,0.001010,0.001663,0.006275,0.000872,0.001755,0.002148,0.002322,0.002937,0.002572,0.001593, ,0.002485,0.002438,0.001493,0.002945,0.002190,0.003361,0.001263,0.002191,0.003337,0.002534,0.002346,0.003261,0.004262,0.001936,0.001137,0.003350,0.013195,0.013344,0.000779,0.002936,0.001499,0.002640,0.002346,0.002335,0.002836,0.002097,0.014035, , ,0.002471,0.001965,0.002101,0.002292,0.001967,0.000738,0.001915,0.002212,0.002246, ,0.001517,0.001965,0.000897,0.002937,0.002612, ,0.002108,0.005642,0.002177,0.001811,0.000819,0.003922,0.002001,0.001473,0.002346,0.001388,0.003651,0.001375,0.000939,0.003268,0.002563,0.002918,0.001056,0.002069,0.001868,0.001178,0.001625,0.001506,0.002839,0.001965,0.000558,0.001154,0.001800,0.001290,0.002223,0.001524,0.000754,0.002400,0.004582,0.003259,0.003700,0.003135,0.001826,0.004192,0.001280,0.008768,0.002311,0.001789,0.004595,0.002976,0.002170,0.002511,0.003132,0.002341,0.001914,0.001484,0.001561,0.002310,0.001390, ,0.001924,0.002252,0.002056,0.001948,0.001710,0.003181,0.001756,0.002797,0.002804,0.001338
    Median/Mean ISI within Burst,0.697041,0.711969, ,0.676261,0.696393,0.664641,0.721629,0.661991,0.650176,0.635418,0.920143,0.727696,0.677430,0.795127,0.728078,0.708723,0.676145, ,0.732265, , ,0.655676, , ,0.848314, ,0.858354,0.895138,0.695793, ,0.732209, , ,0.792036, ,0.821437, ,0.995551, ,0.766383, , , ,0.812610, ,0.874563, , ,0.746860,0.761819,0.676847,0.919101,0.828255,0.711488,0.873064,0.707129,0.833306,0.709002,0.884713,0.703737,0.760532,0.767779,0.759286,0.749582,0.732525,0.780456,0.766106,0.699848,0.716116,0.716821,0.737210,0.739927,0.843863,0.766041,0.815864,0.714476,0.773727,0.750119,0.744813,0.719752,0.726153,0.710306,0.690102,0.826459,0.925980,0.786883,0.698733,0.740618,0.836350,0.915610,0.807370,0.756967,0.705528,0.672818,0.753996,0.763618,0.740237,0.783891,0.741978,0.684648,0.784269,0.784032,0.805378,0.750779,0.738610,0.784518,0.711734,0.827691,0.764301,0.731652,0.836655,0.763633,0.718844,0.757216,0.768058,0.743531,0.750163,0.775910,0.744777,0.723042,0.765449,0.730074,0.775664,0.788104,0.763361,0.934399,0.747656,0.833299,0.807862,0.754535,0.722190,0.536465,0.727085,0.725777,0.779885,0.771284,0.702316,0.660736,0.728605,0.835308,0.654746,0.706968,0.845984,0.817701,0.740044,0.760193,0.725535,0.768183,0.810933, ,0.840001, ,0.779798,0.842413,0.746085, ,0.796724,0.749016,0.814926,0.731672, ,0.753969, , , , , , ,0.982440, , , , , , , ,0.731127,0.729293, ,0.749660,0.856056,0.788964,0.756546,0.779202,0.852802,0.719894,0.685174,0.633970,0.748747,0.670775,0.734345,0.725129,0.798277,0.769585,0.730285,0.786698,0.729923,0.834412,0.759044,0.779067,0.797902,0.789570,0.755949,0.862907,0.810390,0.902260,0.695777,0.733421, ,0.907489, , ,0.796434, , , , ,0.925428, , , , , , ,0.744192,0.751114,0.743099,0.705643,0.745795,0.792690,0.805666,0.728451,0.763988,0.719646,0.752630,0.809017,0.749510,0.768765,0.675652,0.786711,0.726617,0.770959, ,0.665852,0.613993,0.825353,0.905366,0.766655,0.651037,0.721146,0.687009,0.705713,0.702812,0.722043,0.745908,0.634669,0.756855,0.763849,0.723852,0.722969,0.727657,0.776588,0.793822, ,0.796724,0.805816,0.691695,0.647399,0.750458,0.768466,0.891912,0.783511, , ,0.769363, , , , ,0.852970, ,0.833682,0.807937, ,0.883510,0.889113, ,0.941418, ,0.733670,0.753157,0.721102,0.746955,0.725875,0.753639,0.696481,0.694567,0.791319,0.788255,0.716540,0.718305,0.736295,0.723386,0.814508,0.767807,0.751163,0.790930,0.758815,0.751533,0.676091,0.735408,0.770942,0.781856,0.602193,0.793498,0.712437,0.740716,0.769016,0.835129,0.766532,0.786237, ,0.773589,0.767546,0.749248,0.718157,0.763942,0.741721,0.723669,0.737528,0.759983,0.847937,0.758140,0.760198,0.795241,0.784912,0.786128,0.887130,0.753544,0.823053,0.776333,0.776696,0.749664,0.713899,0.771852,0.787642,0.730344,0.679258,0.754227,0.804156,0.791814,0.791411,0.793399,0.735277,0.797955,0.735331,0.750420,0.799053,0.765680,0.865487,0.742311,0.826597,0.779129,0.640298,0.755283,0.759064,0.738037,0.715581,0.740309,0.794225,0.758839,0.763335,0.768342,0.885144,0.780075,0.907527,0.772635,0.728710,0.741752,0.809595,0.794886,0.809691,0.835429,0.730466,0.682363,0.743951,0.827064,0.746506,0.791860,0.968177,0.799186,0.752268,0.662039,0.733634,0.780792,0.514730,0.717214,1.095477,0.723322,0.779212, , , ,0.691629, ,0.726095,1.044481, , ,0.854622, , , , , , ,0.924739,0.859176,0.757488,0.896187,0.759166,0.801021,0.868057,0.891003,0.908766,0.667261, ,0.759179,0.823054,0.742970,0.759765,0.798614,0.755071,0.848402,0.987412,0.896524,0.836326,0.829881,0.830063,0.889239,0.814934,0.832927, ,0.861309,0.848320,0.927045,0.907552,0.811561,0.810673,0.770732,0.889581,0.802410,0.789281,0.757974,0.794401,0.788419,0.803068,0.815461,0.835845,0.644881,0.810287,0.924765,0.825444,0.850057,0.703498,0.812668, ,0.797403,0.815756,0.812323,0.810261,0.797568,0.778479,0.882693,0.837848,0.788938,0.804858,0.808591,0.805577,0.803037,0.782083,0.830551,0.816207,0.796953,0.839905,0.818407,0.718902,0.804654,0.776512,0.787043,0.779878,0.784971,0.836765,0.997344,0.799356,0.807637,0.873714,0.761294,0.803340,0.814679, ,0.900192,0.776926,0.801580,0.800825,0.814499,0.801631,0.821416,0.779335,0.782462,0.740661,0.820167,0.741795,0.766332,0.803865,0.771476,0.824197,0.765968,0.759800,0.715355,0.777169,0.744725,0.745524,0.745953,0.745944,0.813118,0.782969,0.821415,0.797310,0.843609,0.780789,0.954936,0.832247,0.790924,0.729493,0.812175,0.918996,0.781906,0.835194,0.735441,0.768794,0.777961,0.740567,0.849145,0.803829,0.805783,0.816657,0.863594,0.816201,0.801093,0.840095,0.785349,0.843433,0.789266,0.839393,0.779605,0.739962, ,0.711407,0.781167,0.777547,0.787490,0.792867,0.850052,0.757629,0.765878,0.810598,0.826355,0.824450,0.818838,0.831247,0.725358,0.809198,0.768057,0.850111,0.732144,0.809070,0.789450,0.804999,0.782938,0.801502,0.831781,0.815608,0.803627,0.829054,0.823010,0.758211,0.799859,0.819918,0.795255,0.798589,0.772968,0.752492,0.795927, ,0.739096,0.837500,0.836001,0.817016,0.796480,0.785944,0.805012,0.745659,0.752310,0.837698,0.827479,0.907406,0.763123,0.790760,0.828743,0.762537,0.837559,0.837853,0.747705,0.825554,0.799981,0.806982,0.821595,0.826595,0.890277,0.798862,0.832058,0.773952,0.847155,0.783577,0.820141,0.760184,0.932403,0.808956,0.814981,0.796965,0.772917,0.797281,0.769267,0.748857,0.761145,0.778784,0.751980,0.765223,0.748270, ,0.810855,0.857036,0.776619,0.583910,0.784858,0.637207,0.759670,0.800181,0.829997,0.841016,0.800045,0.730541,0.818146,0.751270,0.911724,0.841924,0.816901, ,0.813282,0.784774,0.744568,0.824601,0.801849,0.849010,0.786792,0.810053,0.756842,0.839853,0.763918,0.773197,0.684714,0.722174,0.773928,0.795258,0.805265,0.779681,0.777750,0.777637,0.844788,0.778323,0.862456,0.912133,0.801504,0.721744,0.483203, , ,0.717583,0.812949,0.864831,0.875548,0.751203,0.803071,0.727137,0.778367,0.782843, ,0.829708,0.737505,0.694433,0.845242,0.801617, ,0.769738,0.743249,0.751100,0.782551,0.782172,0.802274,0.769146,0.810670,0.755737,0.765024,0.763004,0.705550,0.751141,0.801936,0.728738,0.722214,0.770121,0.763078,0.785791,0.699855,0.770251,0.651593,0.670412,0.768562,0.757021,0.792701,0.719226,0.773256,0.771653,0.950890,0.696576,0.845930,0.900499,0.779762,0.857599,0.830160,0.771234,0.684022,0.812226,1.139103,0.773561,0.786800,0.778391,0.794805,0.781447,0.781234,0.780691,0.805129,0.779256,0.765449,0.766219,0.860958,0.814157, ,0.825370,0.762121,0.795459,0.752456,0.764554,0.855169,0.795262,0.810333,0.820978,0.772494
    Inter-Burst Interval - Avg (sec),11.942792,9.753317, ,9.288118,9.438626,9.003031,10.449947,15.399453,7.699985,10.450007,549.860960,16.719945,5.911039,30.803608,15.817866,13.003442, , ,40.850983, , ,16.323174, , ,26.325909, ,40.053695,67.513737,62.822000, ,6.296227, , ,11.696611, ,28.655476, ,296.142640, ,19.171435, , , ,19.832127, ,226.626560, , ,10.861394,12.665047,9.941189,15.331276,18.863117,11.278992,15.852685,10.289686,20.221920,10.473196,17.889845,12.750896,15.038968,13.964356,13.639433,12.665930,15.502759,10.849801,10.462599,11.266502,10.850369,11.055944,9.930237,10.101938,37.501264,10.462424,19.161091,12.774578,14.369660,10.101612,10.278919,9.930450,12.991108,11.242148,11.461089,15.382314,99.286096,12.179445,10.824216,11.241798,20.860354,82.309200,20.876700,11.241168,11.030139,10.079200,13.917789,11.461046,9.455390,10.659545,9.305923,16.112225,10.107898,7.713714,12.213902,5.793958,9.160472,7.420946,5.576799,10.469099,7.921871,9.771369,7.299337,14.299778,9.255124,8.113778,8.157329,7.312217,7.135843,7.593650,5.896353,7.403545,6.543959,6.403234,14.837644,14.807660,6.655086,104.535312,6.807780,11.175372,44.259378,145.223413,9.802588, ,9.038892,7.187577,22.706763,14.116937,7.954498,8.172127,19.747840,8.904133,8.061810,7.018578,11.348816,9.942741,7.098109,7.183628,7.183638,7.098113,5.624913, ,7.183587, ,7.183449,7.183575,9.060796, ,6.775240,6.699151,7.845083,7.014455, ,4.062426, , , , , , ,36.861493, , , , , , , ,7.459357,6.773514, ,7.099873,8.754886,6.696779,6.269040,6.770603,7.186736,6.776286,5.521355,6.147626,6.933090,7.010508,7.275084,5.573130,7.021613,7.106275,7.106458,6.858623,7.105693,6.858362,7.105853,7.106418,6.858487,7.106189,7.106206,7.106326,6.858203,40.193582,7.106338,7.106113, ,12.653834, , ,2.811372, , , , ,9.992373, , , , , , ,6.424800,6.424892,17.146083,6.421528,6.424801,6.424653,6.341729,9.110059,6.424576,7.051400,6.206758,6.340976,6.341738,6.424767,6.423940,5.840498,11.737973,5.697996, ,11.737315,56.122933,11.073571,12.227067,11.737531,18.047610,11.737966,11.507867,11.976976,11.287546,11.738384,10.296771,6.888759,10.155290,9.489395,15.918114,10.019166,11.655634,14.278498,16.318144, ,9.745847,12.415913,9.065596, ,16.431221,11.422723,15.864787,12.691904, , ,8.797518, , , , ,18.207985, ,52.490750,13.504480, , ,56.876080, ,21.958110, ,4.327987,5.634761,5.682475,7.295994,5.793270,4.778129,5.421223,4.895559,9.232449,7.195970,5.105236,6.715706,5.148755,6.092179,6.639629,16.737181,14.534895,15.780914,15.781209,18.411067,18.410957,19.045975,19.045873,20.060511,25.105851,14.928065,29.069693,18.410819,19.045206,27.616300,17.816511,11.701398, ,12.448177,11.940356,19.502283,21.459058,13.001520,11.701733,18.283348,10.264303,11.701389,42.917975,13.001849,11.940387,12.188977,20.175523,10.760732,50.077936,13.763699,20.518474,13.763645,13.763598,11.836293,15.958736,12.866141,13.450938,13.151824,15.573621,12.865930,14.091867,14.091248,12.077535,11.323741,11.551523,9.875852,11.786540,10.404584,11.106622,13.126444,7.421450,12.032780,19.703920,11.325247,12.288249,10.223008,11.324562,11.323958,19.915197,19.395501,13.532324,13.532270,20.064568,39.994834,20.781900,17.632844,27.709086,13.533466,15.726666,11.874913,11.637970,11.874882,23.275318,16.164116,12.123143,19.927880,16.768926,23.548341,20.666033,17.998945,37.831886,20.666148,22.567887,13.285649,16.915156,16.908672,21.178326,16.411224, ,19.928143,19.926557, , , ,13.025896, ,18.491729, , , ,33.422665, , , , , , ,33.409760,12.041990,7.763562,14.048297,6.484039,8.429393,7.284683,14.392660,14.557600,43.014407, ,11.568009,12.390286,8.082640,9.833084,8.318138,7.411956,6.377851,112.174848,57.910000,5.113376,13.581958,6.243779,7.322796,6.114774,5.543386, ,13.941947,9.293952,14.638516,18.401375,10.455674,16.429093,17.922701,21.123271,19.078748,14.786382,15.165198,16.429113,17.395478,17.395525,77.539726,49.693352,12.068944,21.905342,52.499251,15.564377,19.714949,7.306920,12.479230, ,10.327640,8.680809,8.808418,10.696126,8.940346,9.982889,9.819157,8.556610,8.556918,8.557075,8.680669,10.508048,8.093924,26.349880,9.278621,7.872788,7.668452,12.437146,8.087963,7.029717,8.088568,7.569092,7.871699,8.201977,8.007492,16.237662,74.460667,8.350678,9.278532,28.615101,9.393239,8.823714,8.202104, ,26.926050,8.564252,8.564304,7.663714,8.959680,9.392996,8.960737,8.319753,8.089394,9.244703,10.399854,16.851944,17.445500,16.851494,5.418190,18.008743,16.917275,15.084966,27.911796,52.005980,17.359464,17.361588,17.446128,89.069568,17.446050,17.361248,16.369145,10.826815,12.991980,7.630427,103.407600,7.595825,20.880194,8.515214,13.286900,24.359910,9.326551,21.535298,32.993552,8.005806,8.462913,7.794212,9.743873,9.165816,12.480451,8.755200,31.125339,9.616636,13.641769,10.113570,9.024724,11.067976,10.113884,11.068391,9.024599,8.624192, ,7.718463,10.291211,11.493992,8.374206,9.017796,13.447327,9.018143,10.106688,10.657943,8.881273,9.454640,8.881794,9.158855,25.757898,8.620566,8.374173,15.627894,8.141616,11.109740,10.698480,17.204897,10.698219,10.698323,16.991435,10.135434,10.316250,10.316324,9.628547,10.698428,10.504124,9.470671,10.316556,9.628569,9.471049,8.049568,9.326545, ,8.516896,11.587731,8.769799,11.521355,23.721419,8.902568,9.039540,8.516242,9.632755,8.902393,11.520555,12.773437,8.902760,9.801737,9.485714,9.485841,12.252830,9.801829,9.641154,9.802012,9.968243,9.641112,11.096785,9.485817,14.004267,32.457769,14.002615,12.252302,9.802044,14.389478,17.987295,14.039180,66.667531,12.427353,13.274300,13.869286,15.556646,16.688761,14.199463,16.929614,15.148263,12.697459,12.422913,10.860940,12.428335, ,15.150754,16.932953,13.519687,13.841453,12.919271,15.150905,150.993200,12.111113,19.852328,19.190843,14.533224,13.518616,14.533716,13.841490,16.933694,10.080332,8.726302, ,9.744369,9.909680,7.586089,10.630176,9.430076,10.630044,9.744411,9.429954,12.181198,9.429775,9.429827,8.234530,24.354000,9.768306,9.936851,12.007317,201.382280,8.233230,12.263016,9.148250,19.211013,8.866469,65.147320,38.423232,12.263125,10.111843,208.230840, , ,10.373552,12.066932,14.671624,26.881981,12.486974,11.370946,14.671712,10.194662,13.648357, ,11.593595,12.757904,12.065966,15.444076,12.066958, ,12.842341,12.039808,15.228214,17.606957,11.794567,13.006042,12.563485,10.906521,14.095735,12.040405,12.563332,13.441589,10.187830,11.167402,9.795432,9.842857,9.746469,12.234870,11.275506,9.712141,9.915396,9.912916,14.549659,12.500901,9.584317,9.275031,10.456090,9.746590,10.269206,51.467320,8.205227,19.828902,32.965671,17.179872,14.369483,7.864256,114.618420,13.032820,15.568520,72.169600,11.923879,10.988874,9.153286,12.737871,6.973866,12.454359,11.051701,10.778375,10.190432,9.368508,11.170354,21.643706,11.170277, ,12.907573,11.388776,16.595577,11.170237,15.698225,18.150660,10.756604,13.508221,10.959401,11.169940
    Inter-Burst Interval - Std (sec),8.261337,6.330223, ,5.904764,6.164366,5.844695,6.452845,10.124676,4.829301,6.364719, ,7.744408,4.170386,25.717309,9.804611,7.143178, , ,38.377890, , ,14.381215, , ,18.024081, ,44.152310,72.785802,65.186008, ,3.708974, , ,7.581102, ,34.519959, , , ,10.689545, , , ,10.619309, , , , ,5.827093,6.804988,5.550633,8.954333,14.302365,6.026286,10.908937,5.394281,18.154139,5.416968,13.305503,6.618367,10.711133,10.013664,8.875000,7.355828,9.334304,4.631440,4.990014,5.920607,6.124363,6.557558,4.722184,4.866963,33.119540,5.652025,12.121040,5.730716,8.151150,4.864199,4.971114,4.929987,6.583635,4.961657,5.338858,8.105339,56.487674,5.893321,5.257184,5.827440,13.824068, ,15.505243,5.832074,4.781166,5.010119,6.588005,6.029309,4.597717,4.523102,4.616313,11.480745,4.498021,4.036361,6.151172,4.427322,4.056610,4.128667,4.264458,4.416412,4.760111,4.396014,6.777555,10.166372,5.337815,4.131534,4.418077,3.922020,3.848411,3.884882,3.007615,4.078208,3.959728,3.569030,8.130147,9.686797,3.743167,97.176960,3.777732,4.987463,61.594184,149.049267,5.437405, ,4.167940,3.432066,19.317385,10.069615,3.802594,3.545194, ,4.095872,3.571950,3.376187,5.586413,5.291774,3.734152,3.696659,3.696300,3.625017,2.579412, ,3.697925, ,3.703571,3.691446,6.204835, ,3.703244,2.854631,4.280811,3.679124, ,2.613700, , , , , , ,34.141240, , , , , , , ,3.508299,3.226003, ,3.339584,6.330577,3.095668,2.785908,3.131352,3.522009,3.243324,2.507649,2.650166,3.329250,3.258258,3.502406,2.674055,3.105590,3.248100,3.247905,2.981532,3.251213,2.980797,3.247845,3.250480,2.978911,3.250576,3.249425,3.250555,3.018997,33.434437,3.250602,3.251264, ,15.243359, , ,1.088617, , , , ,9.405914, , , , , , ,3.443015,3.438569,13.681388,3.431940,3.438625,3.441286,2.795519,6.592340,3.444862,4.120730,2.750046,2.794726,2.795254,3.438025,3.441390,2.965741,5.710817,3.426071, ,5.713311,47.016568,5.307399,7.079342,5.713732,10.240792,5.713336,5.764484,5.623871,5.583841,5.708568,5.395695,4.216727,6.351468,5.484610,10.019626,6.341719,6.876960,7.965877,9.140615, ,5.811978,6.689067,6.078970, ,11.763255,6.271766,9.895101,6.977610, , ,5.407872, , , , ,12.994056, ,40.936619,8.590630, , ,70.758720, ,18.358121, ,1.899731,2.143069,2.177337,4.011614,2.086380,2.041525,1.891127,1.993338,6.598118,3.923411,1.880046,2.888529,1.894352,2.302720,2.583926,8.943122,7.994391,8.271086,9.077874,9.413673,9.412844,10.122731,10.120908,11.050248,11.946695,7.955464,10.993619,8.849571,10.146299,18.743368,9.083569,6.268557, ,7.015032,6.721367,10.374187,12.541478,6.793056,6.847974,8.870049,6.610355,6.822560,35.396003,8.025871,7.102337,7.031485,10.704402,4.814045,25.010612,4.710114,10.583699,4.716326,5.053239,4.951833,5.733750,4.668428,5.103863,4.824411,5.563707,5.002535,4.680191,4.679176,4.812490,3.999685,3.929118,4.115719,3.925060,4.106710,4.018057,5.905218,3.245805,4.157911,9.530640,4.036613,5.432433,3.954307,4.037777,4.031075,12.382857,9.958953,7.178086,7.619205,10.093690,15.046715,13.957347,7.641394,13.231847,6.746984,7.053031,6.390383,6.160976,6.709681,7.454411,6.934895,7.410725,9.994442,7.763532,14.862852,11.893480,7.331493,26.897068,11.892639,13.676703,7.076530,7.387217,7.412556,11.816151,9.962596, ,12.044180,12.046709, , , ,7.730893, ,10.887463, , , ,19.130316, , , , , , , ,6.870958,4.824204,7.588732,3.484188,6.050317,3.714710,9.123766,8.485102,37.105792, ,7.856490,7.690999,4.400225,7.715164,4.684303,4.217883,3.812647,58.386154,42.780596,2.008704,7.980457,3.548743,4.527710,3.261453,2.683348, ,7.798542,6.023810,9.151163,10.947009,7.301459,8.046142,8.624824,9.512970,8.392260,7.912034,8.048749,8.049196,9.029376,8.500536,37.966458,28.613919,7.453289,8.790316,36.923128,7.950737,9.007118,2.938523,6.675975, ,4.865768,3.925464,4.060957,4.323982,4.098421,4.616846,4.809981,3.914608,3.916231,3.370407,3.926166,4.815889,3.208980,14.428058,3.201474,2.820408,2.653000,6.364055,2.800844,2.158299,2.863984,2.572009,2.819644,2.783366,2.779602,8.749329,51.636758,2.884759,3.577614,16.892901,4.155830,4.377386,4.007101, ,22.838523,4.466205,3.863123,4.030900,4.367737,4.953594,4.756330,4.168555,4.188484,4.704262,5.106429,6.574224,6.875312,6.574867,3.737804,7.079610,7.107307,6.738084,15.689432,44.880327,6.785255,6.787157,6.874918,46.514605,6.875314,6.790091,6.050218,5.297353,7.507680,3.601254, ,4.250884,13.531814,4.542242,7.124346,11.652870,4.899286,13.225233,25.580216,4.431711,4.648678,3.956382,4.396380,3.645605,7.055826,3.456144,19.506944,4.741214,6.011925,4.165384,3.551879,5.534185,4.052281,4.897706,3.876152,3.466184, ,3.666260,5.198810,6.112481,3.363662,3.425032,5.423887,3.423895,5.538076,4.885018,3.685863,4.593468,3.453961,3.655253,20.741363,3.391691,3.366455,8.289999,3.410745,6.148956,4.546572,11.482850,5.582772,4.187985,11.842551,3.606347,4.234824,4.395765,2.904076,5.966043,3.994380,2.873709,3.400818,3.407696,2.496747,2.824875,3.952384, ,3.201833,5.180745,3.270366,5.407895,14.641544,3.275829,3.626226,3.515106,3.702010,3.392693,5.502317,5.466177,3.539444,3.510668,2.433644,2.436316,7.554688,3.509366,2.702106,3.020307,3.698590,2.481511,4.742546,2.434219,8.185942,14.982978,7.758761,7.553468,2.937938,8.466134,8.788342,6.693004,37.341154,6.661725,6.701247,6.503410,6.425459,9.140205,6.521917,9.671529,6.255890,6.976326,6.321179,7.242214,6.701339, ,7.927171,8.289079,6.758228,7.387422,6.277489,7.262191,83.336437,6.454473,10.241547,11.234326,7.344038,6.714043,7.328931,6.673436,9.322984,5.331020,4.854565, ,5.362576,5.432070,4.798680,6.028267,4.349317,5.394954,5.200708,4.930776,9.809398,5.444542,5.181926,5.466663,17.639365,4.976271,5.758536,6.826073,170.805263,4.951991,5.765511,4.894728,11.670359,4.444970,28.251696,21.569229,5.752245,4.851184,13.015460, , ,6.242531,6.596123,5.330043,16.629752,6.435046,6.470704,6.134550,5.756804,6.931831, ,6.392361,6.336069,6.612337,7.891371,6.846337, ,9.239789,5.991130,7.285945,9.626713,7.178256,7.398948,7.971953,6.494054,6.822399,7.111773,6.582332,6.790326,7.072740,7.326481,5.030174,6.491547,4.490864,5.144519,6.771785,4.393009,4.330619,4.608861,9.921360,7.756563,4.505366,4.247519,5.275792,4.330039,4.257201,34.432167,4.061701,16.332419,40.296378,13.679548,10.285843,4.162135,111.190912,10.391454,12.936641, ,7.496310,5.935912,5.379090,7.603473,3.508225,8.493516,6.126438,6.648120,6.722509,6.223494,7.310978,15.084155,7.132978, ,7.648977,6.929970,9.544061,7.140881,11.325986,9.848422,6.939965,7.957005,7.283324,7.186367
    Burst Frequency (Hz),0.083333,0.101667, ,0.106667,0.105000,0.110000,0.095000,0.065000,0.128333,0.095000,0.003333,0.060000,0.166667,0.033333,0.063333,0.076667,0.001667, ,0.025000, , ,0.058333, , ,0.036667, ,0.020000,0.013333,0.010000, ,0.160000, , ,0.083333, ,0.035000, ,0.003333, ,0.051667, , , ,0.050000, ,0.003333, , ,0.091667,0.078333,0.100000,0.065000,0.051667,0.088333,0.063333,0.096667,0.050000,0.095000,0.053333,0.078333,0.066667,0.071667,0.073333,0.078333,0.063333,0.091667,0.095000,0.088333,0.091667,0.090000,0.100000,0.098333,0.026667,0.095000,0.051667,0.076667,0.068333,0.098333,0.096667,0.100000,0.076667,0.088333,0.086667,0.065000,0.010000,0.081667,0.091667,0.088333,0.045000,0.003333,0.048333,0.088333,0.090000,0.098333,0.071667,0.086667,0.105000,0.093333,0.106667,0.063333,0.098333,0.128333,0.081667,0.173333,0.108333,0.133333,0.180000,0.095000,0.125000,0.101667,0.136667,0.070000,0.108333,0.123333,0.123333,0.136667,0.140000,0.131667,0.170000,0.135000,0.153333,0.156667,0.065000,0.068333,0.150000,0.010000,0.146667,0.090000,0.016667,0.006667,0.101667,0.001667,0.111667,0.140000,0.041667,0.070000,0.126667,0.123333,0.003333,0.113333,0.125000,0.143333,0.086667,0.101667,0.141667,0.140000,0.140000,0.141667,0.178333, ,0.140000, ,0.140000,0.140000,0.108333, ,0.148333,0.150000,0.128333,0.143333, ,0.245000, , , , , , ,0.016667, , , , , , , ,0.133333,0.146667, ,0.140000,0.113333,0.148333,0.158333,0.148333,0.138333,0.148333,0.181667,0.163333,0.143333,0.143333,0.136667,0.180000,0.141667,0.140000,0.140000,0.145000,0.140000,0.145000,0.140000,0.140000,0.145000,0.140000,0.140000,0.140000,0.145000,0.016667,0.140000,0.140000, ,0.050000, , ,0.355000, , , , ,0.006667, , , , , , ,0.151667,0.151667,0.051667,0.151667,0.151667,0.151667,0.155000,0.101667,0.151667,0.138333,0.161667,0.155000,0.155000,0.151667,0.151667,0.171667,0.085000,0.173333, ,0.085000,0.016667,0.090000,0.081667,0.085000,0.053333,0.085000,0.086667,0.083333,0.088333,0.085000,0.096667,0.145000,0.096667,0.103333,0.060000,0.096667,0.083333,0.068333,0.060000, ,0.100000,0.078333,0.106667,0.001667,0.060000,0.085000,0.061667,0.076667, , ,0.113333, , , , ,0.053333, ,0.015000,0.073333, ,0.001667,0.015000, ,0.041667, ,0.231667,0.178333,0.175000,0.136667,0.171667,0.210000,0.183333,0.205000,0.108333,0.135000,0.196667,0.148333,0.195000,0.163333,0.150000,0.056667,0.065000,0.060000,0.060000,0.051667,0.051667,0.050000,0.050000,0.048333,0.038333,0.063333,0.033333,0.051667,0.050000,0.035000,0.053333,0.085000, ,0.080000,0.083333,0.051667,0.045000,0.076667,0.085000,0.055000,0.096667,0.085000,0.023333,0.076667,0.083333,0.081667,0.050000,0.093333,0.018333,0.073333,0.048333,0.073333,0.073333,0.085000,0.061667,0.078333,0.075000,0.076667,0.065000,0.078333,0.071667,0.071667,0.083333,0.086667,0.085000,0.100000,0.083333,0.095000,0.088333,0.075000,0.135000,0.081667,0.048333,0.086667,0.080000,0.096667,0.086667,0.086667,0.050000,0.051667,0.073333,0.073333,0.050000,0.025000,0.048333,0.056667,0.036667,0.073333,0.063333,0.083333,0.085000,0.083333,0.043333,0.061667,0.081667,0.048333,0.060000,0.040000,0.046667,0.053333,0.025000,0.046667,0.041667,0.075000,0.056667,0.056667,0.045000,0.058333,0.001667,0.048333,0.048333, , , ,0.075000, ,0.053333,0.001667, , ,0.028333, , , , , , ,0.003333,0.083333,0.128333,0.071667,0.153333,0.118333,0.136667,0.070000,0.068333,0.021667, ,0.086667,0.080000,0.123333,0.101667,0.118333,0.133333,0.156667,0.010000,0.016667,0.195000,0.071667,0.160000,0.136667,0.163333,0.180000, ,0.071667,0.106667,0.068333,0.053333,0.095000,0.061667,0.056667,0.048333,0.053333,0.068333,0.066667,0.061667,0.058333,0.058333,0.013333,0.018333,0.083333,0.046667,0.020000,0.065000,0.051667,0.138333,0.081667, ,0.098333,0.116667,0.115000,0.095000,0.113333,0.101667,0.103333,0.118333,0.118333,0.118333,0.116667,0.096667,0.125000,0.035000,0.106667,0.126667,0.130000,0.080000,0.123333,0.141667,0.123333,0.131667,0.126667,0.121667,0.123333,0.061667,0.006667,0.118333,0.106667,0.030000,0.105000,0.111667,0.120000, ,0.036667,0.115000,0.115000,0.128333,0.110000,0.105000,0.110000,0.118333,0.121667,0.106667,0.095000,0.058333,0.055000,0.058333,0.183333,0.053333,0.056667,0.066667,0.035000,0.015000,0.056667,0.056667,0.055000,0.010000,0.055000,0.056667,0.060000,0.091667,0.076667,0.130000,0.003333,0.131667,0.048333,0.116667,0.075000,0.041667,0.106667,0.045000,0.026667,0.125000,0.118333,0.128333,0.101667,0.108333,0.080000,0.113333,0.026667,0.103333,0.073333,0.098333,0.110000,0.090000,0.098333,0.090000,0.110000,0.115000, ,0.128333,0.096667,0.086667,0.118333,0.110000,0.073333,0.110000,0.098333,0.093333,0.111667,0.105000,0.111667,0.108333,0.038333,0.115000,0.118333,0.063333,0.121667,0.088333,0.091667,0.055000,0.091667,0.091667,0.058333,0.096667,0.095000,0.095000,0.101667,0.091667,0.093333,0.103333,0.095000,0.101667,0.103333,0.123333,0.106667, ,0.116667,0.085000,0.113333,0.086667,0.040000,0.111667,0.110000,0.116667,0.103333,0.111667,0.086667,0.078333,0.111667,0.101667,0.105000,0.105000,0.081667,0.101667,0.103333,0.101667,0.100000,0.103333,0.090000,0.105000,0.071667,0.030000,0.071667,0.081667,0.101667,0.068333,0.055000,0.070000,0.013333,0.080000,0.075000,0.073333,0.063333,0.060000,0.071667,0.058333,0.065000,0.078333,0.081667,0.090000,0.080000, ,0.065000,0.058333,0.073333,0.071667,0.076667,0.065000,0.005000,0.081667,0.050000,0.051667,0.068333,0.073333,0.068333,0.071667,0.058333,0.098333,0.113333, ,0.101667,0.100000,0.131667,0.093333,0.105000,0.093333,0.101667,0.105000,0.081667,0.105000,0.105000,0.120000,0.041667,0.100000,0.098333,0.081667,0.005000,0.118333,0.080000,0.106667,0.051667,0.110000,0.015000,0.026667,0.080000,0.096667,0.005000, , ,0.096667,0.083333,0.068333,0.036667,0.080000,0.088333,0.068333,0.098333,0.073333, ,0.086667,0.078333,0.083333,0.065000,0.083333, ,0.076667,0.081667,0.063333,0.055000,0.083333,0.075000,0.078333,0.090000,0.070000,0.081667,0.078333,0.073333,0.096667,0.088333,0.100000,0.100000,0.100000,0.080000,0.086667,0.101667,0.098333,0.098333,0.066667,0.078333,0.101667,0.105000,0.093333,0.100000,0.095000,0.018333,0.120000,0.050000,0.030000,0.055000,0.066667,0.125000,0.008333,0.073333,0.061667,0.003333,0.080000,0.086667,0.108333,0.075000,0.141667,0.076667,0.090000,0.088333,0.096667,0.105000,0.088333,0.043333,0.088333, ,0.076667,0.086667,0.060000,0.088333,0.063333,0.055000,0.091667,0.073333,0.090000,0.088333
    IBI Coefficient of Variation,0.691743,0.649033, ,0.635733,0.653100,0.649192,0.617500,0.657470,0.627183,0.609064, ,0.463184,0.705525,0.834880,0.619844,0.549330, , ,0.939461, , ,0.881031, , ,0.684652, ,1.102328,1.078089,1.037630, ,0.589079, , ,0.648145, ,1.204655, , , ,0.557577, , , ,0.535460, , , , ,0.536496,0.537305,0.558347,0.584057,0.758219,0.534293,0.688144,0.524242,0.897746,0.517222,0.743746,0.519051,0.712225,0.717087,0.650687,0.580757,0.602106,0.426869,0.476938,0.525505,0.564438,0.593125,0.475536,0.481785,0.883158,0.540221,0.632586,0.448603,0.567247,0.481527,0.483622,0.496452,0.506780,0.441344,0.465825,0.526926,0.568938,0.483874,0.485687,0.518373,0.662696, ,0.742706,0.518814,0.433464,0.497075,0.473351,0.526070,0.486254,0.424324,0.496062,0.712549,0.445001,0.523271,0.503621,0.764127,0.442839,0.556353,0.764679,0.421852,0.600882,0.449887,0.928516,0.710946,0.576742,0.509200,0.541608,0.536365,0.539307,0.511596,0.510081,0.550845,0.605097,0.557379,0.547941,0.654175,0.562452,0.929609,0.554914,0.446291,1.391664,1.026345,0.554691, ,0.461112,0.477500,0.850733,0.713300,0.478043,0.433815, ,0.459997,0.443071,0.481036,0.492246,0.532225,0.526077,0.514595,0.514544,0.510701,0.458569, ,0.514774, ,0.515570,0.513873,0.684800, ,0.546585,0.426118,0.545668,0.524506, ,0.643384, , , , , , ,0.926203, , , , , , , ,0.470322,0.476267, ,0.470372,0.723091,0.462262,0.444392,0.462492,0.490071,0.478628,0.454173,0.431088,0.480197,0.464768,0.481425,0.479812,0.442290,0.457075,0.457036,0.434713,0.457550,0.434622,0.457066,0.457401,0.434339,0.457429,0.457266,0.457417,0.440202,0.831835,0.457423,0.457531, ,1.204644, , ,0.387219, , , , ,0.941309, , , , , , ,0.535894,0.535195,0.797931,0.534443,0.535211,0.535638,0.440813,0.723633,0.536201,0.584385,0.443073,0.440741,0.440771,0.535121,0.535713,0.507789,0.486525,0.601276, ,0.486765,0.837743,0.479285,0.578989,0.486792,0.567432,0.486740,0.500917,0.469557,0.494690,0.486316,0.524018,0.612117,0.625434,0.577973,0.629448,0.632959,0.590012,0.557893,0.560150, ,0.596354,0.538750,0.670554, ,0.715909,0.549060,0.623715,0.549769, , ,0.614704, , , , ,0.713646, ,0.779883,0.636132, , ,1.244086, ,0.836052, ,0.438941,0.380330,0.383167,0.549838,0.360139,0.427264,0.348838,0.407173,0.714666,0.545223,0.368258,0.430115,0.367924,0.377980,0.389167,0.534327,0.550014,0.524120,0.575233,0.511305,0.511263,0.531489,0.531396,0.550846,0.475853,0.532920,0.378181,0.480672,0.532748,0.678707,0.509840,0.535710, ,0.563539,0.562912,0.531947,0.584437,0.522482,0.585210,0.485144,0.644014,0.583056,0.824736,0.617287,0.594816,0.576872,0.530564,0.447372,0.499434,0.342213,0.515813,0.342666,0.367145,0.418360,0.359286,0.362846,0.379443,0.366824,0.357252,0.388820,0.332120,0.332063,0.398466,0.353212,0.340139,0.416746,0.333012,0.394702,0.361771,0.449872,0.437355,0.345549,0.483693,0.356426,0.442084,0.386805,0.356550,0.355978,0.621779,0.513467,0.530440,0.563040,0.503060,0.376216,0.671611,0.433361,0.477527,0.498541,0.448476,0.538141,0.529386,0.565031,0.320271,0.429030,0.611287,0.501531,0.462971,0.631163,0.575509,0.407329,0.710963,0.575465,0.606025,0.532645,0.436722,0.438388,0.557936,0.607060, ,0.604380,0.604555, , , ,0.593502, ,0.588775, , , ,0.572376, , , , , , , ,0.570583,0.621391,0.540189,0.537348,0.717764,0.509934,0.633918,0.582864,0.862636, ,0.679157,0.620728,0.544404,0.784613,0.563143,0.569065,0.597795,0.520492,0.738743,0.392833,0.587578,0.568365,0.618303,0.533373,0.484063, ,0.559358,0.648143,0.625143,0.594902,0.698325,0.489750,0.481223,0.450355,0.439875,0.535089,0.530738,0.489935,0.519065,0.488662,0.489639,0.575810,0.617559,0.401286,0.703308,0.510829,0.456867,0.402156,0.534967, ,0.471140,0.452200,0.461031,0.404257,0.458419,0.462476,0.489857,0.457495,0.457668,0.393874,0.452288,0.458305,0.396468,0.547557,0.345038,0.358248,0.345963,0.511697,0.346298,0.307025,0.354078,0.339804,0.358200,0.339353,0.347125,0.538829,0.693477,0.345452,0.385580,0.590349,0.442428,0.496093,0.488545, ,0.848194,0.521494,0.451073,0.525972,0.487488,0.527371,0.530797,0.501043,0.517775,0.508860,0.491010,0.390117,0.394102,0.390165,0.689862,0.393121,0.420121,0.446675,0.562108,0.862984,0.390868,0.390930,0.394066,0.522228,0.394090,0.391106,0.369611,0.489281,0.577870,0.471960, ,0.559634,0.648069,0.533427,0.536193,0.478363,0.525305,0.614119,0.775310,0.553562,0.549300,0.507605,0.451194,0.397739,0.565350,0.394753,0.626722,0.493022,0.440700,0.411861,0.393572,0.500018,0.400665,0.442495,0.429510,0.401914, ,0.474999,0.505170,0.531798,0.401669,0.379808,0.403343,0.379667,0.547961,0.458345,0.415015,0.485843,0.388881,0.399095,0.805243,0.393442,0.402004,0.530462,0.418927,0.553474,0.424974,0.667418,0.521841,0.391462,0.696972,0.355816,0.410500,0.426098,0.301611,0.557656,0.380268,0.303432,0.329647,0.353915,0.263619,0.350935,0.423778, ,0.375939,0.447089,0.372912,0.469380,0.617229,0.367964,0.401152,0.412753,0.384315,0.381099,0.477609,0.427933,0.397567,0.358168,0.256559,0.256837,0.616567,0.358032,0.280268,0.308131,0.371037,0.257388,0.427380,0.256617,0.584532,0.461615,0.554094,0.616494,0.299727,0.588356,0.488586,0.476738,0.560110,0.536053,0.504829,0.468907,0.413036,0.547686,0.459307,0.571279,0.412977,0.549427,0.508832,0.666813,0.539198, ,0.523220,0.489524,0.499880,0.533717,0.485901,0.479324,0.551922,0.532938,0.515886,0.585400,0.505327,0.496652,0.504271,0.482133,0.550558,0.528854,0.556314, ,0.550326,0.548158,0.632563,0.567090,0.461218,0.507519,0.533712,0.522884,0.805290,0.577378,0.549525,0.663871,0.724290,0.509430,0.579513,0.568493,0.848164,0.601464,0.470154,0.535045,0.607483,0.501324,0.433659,0.561359,0.469068,0.479753,0.062505, , ,0.601774,0.546628,0.363289,0.618621,0.515341,0.569056,0.418121,0.564688,0.507888, ,0.551370,0.496639,0.548016,0.510964,0.567362, ,0.719479,0.497610,0.478450,0.546756,0.608607,0.568885,0.634534,0.595429,0.484005,0.590659,0.523932,0.505173,0.694234,0.656060,0.513522,0.659519,0.460768,0.420480,0.600575,0.452321,0.436757,0.464935,0.681896,0.620480,0.470077,0.457952,0.504566,0.444262,0.414560,0.669010,0.495014,0.823667,1.222374,0.796254,0.715812,0.529247,0.970096,0.797330,0.830949, ,0.628680,0.540175,0.587668,0.596919,0.503053,0.681971,0.554343,0.616802,0.659688,0.664299,0.654498,0.696930,0.638568, ,0.592596,0.608491,0.575097,0.639278,0.721482,0.542593,0.645182,0.589049,0.664573,0.643367
    Normalized Duration IQR,2.044250,1.428471, ,1.080583,1.965795,2.103610,0.752545,0.881163,0.601150,0.765031, ,0.594262,0.669790,0.545462,0.587442,0.562993, , ,1.278418, , ,0.519623, , ,0.516868, ,0.343987,0.601346,0.788190, ,0.632401, , ,0.485666, ,0.663207, , , ,0.722223, , , ,0.446344, , , , ,0.456245,0.364796,0.462356,0.215362,0.152406,0.543078,0.520271,0.546159,0.927998,0.455995,0.298985,0.478490,0.580290,0.307056,0.339322,0.434966,0.711747,0.295106,0.526621,0.262317,0.642216,0.668721,0.344697,0.639699,0.000000,0.315441,0.520632,0.605640,0.444758,0.429000,0.490687,0.544614,0.571674,0.571348,0.560848,0.676352,0.266507,0.556112,0.741012,0.255097,0.427778, ,0.852019,0.406250,0.454381,0.798671,0.904083,0.642904,0.105948,0.446344,0.127289,1.873364,0.318385,0.229798,0.206477,0.307181,0.489727,0.346607,0.606520,0.219133,0.401364,0.343122,0.167841,0.566433,0.292348,0.369101,0.435218,0.367475,0.327410,0.270541,0.381285,0.334858,0.459175,0.446676,0.379167,0.856044,0.344381,0.000000,0.377831,0.509675,0.750751,0.389192,0.400187, ,0.380609,0.971531,0.124255,0.256273,0.317308,0.407217, ,0.240510,0.254967,0.305077,0.286765,0.590213,0.087317,0.128235,0.069226,0.272159,0.370741, ,0.202222, ,0.214684,0.301264,0.287424, ,0.185646,0.184505,0.170819,0.121392, ,0.474858, , , , , , ,0.172884, , , , , , , ,0.266129,0.080596, ,0.095552,0.188583,0.152778,0.163991,0.078894,0.155050,0.297386,0.394184,0.441186,0.308038,0.188797,0.467408,0.191469,0.078301,0.064514,0.154285,0.133538,0.182398,0.140432,0.101316,0.077838,0.069708,0.070414,0.154380,0.069591,0.138643,0.554879,0.242022,0.141624, ,0.374813, , ,0.243750, , , , ,0.000000, , , , , , ,0.070692,0.170470,0.628769,0.294875,0.088054,0.135051,0.168254,0.289641,0.297681,0.382256,0.321246,0.147553,0.144905,0.092823,0.485923,0.177566,0.110242,0.867419, ,0.469073,0.997013,0.089824,0.289195,0.187453,0.231285,0.232359,0.241671,0.286164,0.273199,0.213889,0.203538,1.263417,0.896954,1.468282,1.235342,0.267791,0.364796,0.485357,0.197047, ,0.961761,0.399123,0.517848, ,5.362505,0.215733,0.295804,0.296681, , ,0.437500, , , , ,0.353336, ,0.071175,0.229482, , ,0.577945, ,0.612858, ,0.682501,0.412614,0.407574,0.215640,0.451987,0.264070,0.338405,0.445021,0.831089,0.610366,0.491265,0.225248,0.337492,0.219518,0.552429,0.617597,0.678553,0.475503,0.476214,0.544699,0.626765,0.752758,0.425885,0.557350,0.418759,0.511628,0.103752,0.841069,0.556730,0.849746,0.333112,0.366291, ,0.633812,0.805815,0.220485,0.458754,0.394628,0.662915,0.508639,1.317107,0.434161,0.890570,0.584697,0.694588,0.405264,0.531091,0.174837,0.000000,0.196583,0.227087,0.229430,0.147684,0.195712,0.233442,0.226130,0.321865,0.418216,0.232251,0.390203,0.153716,0.196429,0.251424,0.160520,0.297917,0.208195,0.281496,0.259416,0.089311,0.771584,1.138297,0.000000,0.500501,0.161088,0.176814,0.103409,0.174208,0.340322,0.412954,0.286984,0.500001,0.517046,0.297740,0.441099,0.189011,0.000000,0.847348,0.236643,0.248141,0.368015,0.125125,0.224239,0.416852,0.163991,0.740385,0.249751,0.315177,0.000000,0.247283,0.230115,0.283089,0.175614,0.200200,0.729593,0.343436,0.297386,0.444231,0.793605, ,0.376033,0.177735, , , ,0.978931, ,0.601202, , , ,0.655792, , , , , , , ,0.284807,0.266035,0.578613,0.389343,0.212798,0.232467,0.189154,0.319741,0.541667, ,0.554264,0.484713,0.497021,0.403304,0.523171,0.619943,0.304564,0.266791,0.448879,0.430971,0.280864,0.481019,0.240510,0.424633,0.386387, ,0.128862,0.118154,0.220485,0.160829,0.202141,0.248511,0.143328,0.216479,0.269860,0.337037,0.302966,0.099385,0.230858,0.098369,1.024217,0.299342,1.388351,0.162606,0.414322,0.113750,0.123764,0.630127,0.247039, ,0.473600,0.432510,0.262868,0.383036,0.378479,0.432959,0.185714,0.314912,0.241866,0.492942,0.583636,0.435029,0.261586,0.497845,0.249253,0.097336,0.298272,0.341406,0.295804,0.482488,0.202714,0.265471,0.181538,0.273597,0.202059,0.165729,0.202960,0.289418,0.215640,0.000000,0.120197,0.452532,0.241438, ,0.230645,0.347892,0.431962,0.485923,0.279766,0.439036,0.354295,0.336358,0.192057,0.345490,0.276214,0.140590,0.149136,0.225654,1.687622,0.000000,0.291158,0.244624,0.187735,1.800362,0.137425,0.121422,0.127160,0.472170,0.173064,0.118997,0.294066,0.317308,0.232359,0.234646, ,0.147379,2.186326,0.213615,0.134543,0.434462,0.103026,0.454450,1.289001,0.214992,0.437500,0.237204,0.539914,0.230858,0.396803,0.211271,0.000000,0.235752,0.122612,0.305183,0.104663,0.281338,0.324439,0.221853,0.186754,0.175491, ,0.561099,0.268990,0.294933,0.419414,0.255357,0.438267,0.365863,0.247283,0.459175,0.238334,0.402332,0.229798,0.252778,6.231976,0.206307,0.185921,0.182000,0.266602,0.205967,0.312813,0.358525,0.273797,0.230221,0.369646,0.244983,0.198297,0.139183,0.318926,0.336962,0.230752,0.370924,0.294643,0.108616,0.372212,0.458334,0.402332, ,0.313597,0.542607,0.196275,0.272011,0.370467,0.302966,0.475399,0.320628,0.388286,0.335756,0.331019,0.307056,0.289418,0.080208,0.099940,0.353661,0.143987,0.089503,0.253632,0.200360,0.110632,0.086174,0.121717,0.103153,0.259955,0.140118,0.154666,0.262868,0.247283,0.254147,0.350982,0.235530,0.000000,0.263560,0.702950,0.342340,0.823192,0.319604,0.223837,0.311644,0.581977,0.397223,0.233225,0.486868,0.529967, ,0.103153,0.175245,0.282237,0.256273,0.254319,0.845440, ,0.227087,0.000000,0.934467,0.418129,0.269957,0.115005,0.192648,0.221460,0.250000,0.258657, ,0.451172,0.385000,0.751825,0.290651,0.265377,0.462285,0.336057,0.488293,1.013159,0.444231,0.369464,0.879614,0.886514,0.249088,0.243198,0.243671, ,0.370193,0.117599,0.348700,0.206137,0.579283,0.000000,0.000000,0.154954,0.309205, , , ,0.378593,0.119110,0.148605,0.210826,1.857295,0.106945,0.224641,0.266791,0.228435, ,0.456453,0.504130,0.639481,0.184143,0.229798, ,0.431218,0.432959,0.290651,0.260677,0.112878,0.241554,0.243909,0.386487,0.123094,0.228331,0.229167,0.269957,0.210826,0.331019,0.633774,0.449767,0.260949,0.318993,0.152313,0.247039,0.276825,0.593573,0.593412,0.293721,0.118154,0.137048,0.361459,0.230433,0.284052,0.000000,0.430538,0.246309,0.729593,0.606912,0.124689,0.737476,0.425596,0.949266,0.000000, ,0.249875,0.165729,0.614219,0.302235,0.633011,0.428022,0.368557,0.221069,0.213615,0.293951,0.233660,0.210471,0.250752, ,0.147466,0.233879,0.140196,0.400721,0.226471,1.060382,0.279297,0.132128,0.402763,0.242022
    Burst Percentage,69.913345,63.110749, ,81.675939,69.762972,80.566912,79.279862,72.939677,67.453704,65.637860,10.273973,45.142440,71.420455,62.962963,70.182992,64.093960,2.121212,0.000000,14.400000,0.000000,0.000000,28.528302, ,0.000000,23.953262,0.000000,31.085044,22.439024,18.944099,0.000000,57.131012, , ,59.054594,0.000000,36.234818, ,21.428571, ,49.941383, , , ,65.924276, ,28.125000, ,0.000000,86.907021,32.773939,76.083189,73.697270,74.462366,85.209532,83.333333,59.302949,25.021949,83.075089,78.892734,82.226762,47.261146,75.250836,81.578947,73.013871,72.082380,93.898951,77.903930,43.664312,82.162765,81.224152,92.243767,45.559846,59.649123,86.470588,76.760563,78.503563,80.755396,92.558140,91.118160,82.827476,72.784810,89.156627,72.227152,82.608696,41.176471,89.808917,76.337262,89.447732,74.558304,12.162162,55.086372,82.135729,79.457683,71.550033,81.632653,82.168675,86.414108,81.898455,83.347280,63.826087,86.638388,80.894533,89.721254,89.257143,85.616438,90.209790,83.012190,91.846922,53.419304,92.813918,88.308977,73.858268,81.423290,84.096386,80.333120,81.672932,87.830957,87.700865,90.457831,84.842214,84.696262,86.829268,75.717017,70.119522,89.557684,20.472441,87.722587,76.852908,9.436435,3.864734,53.185596,1.720430,53.803975,43.720930,24.399494,48.053892,43.802112,59.243223,6.153846,85.342790,50.280840,56.222707,78.021978,59.933500,89.403974,91.234289,88.286067,86.440678,83.901774,0.000000,82.185947,0.000000,94.152312,93.733850,79.191439,0.000000,91.830357,83.290653,93.548387,79.591241,0.000000,77.073448,0.000000, , , ,0.000000, ,8.607784,0.000000, ,0.000000, , , , ,91.491396,85.255973,0.000000,80.634391,53.611663,76.428838,79.659840,82.915173,87.774524,47.671945,56.456565,83.138226,63.216783,85.008616,73.133699,72.326203,96.968549,73.203640,84.698362,78.133748,97.868088,96.078431,98.380282,87.173629,85.357548,89.214759,70.597738,94.089380,93.640830,26.368159,83.423100,93.817204, ,15.579399,0.000000, ,80.114874,0.000000, , , ,4.395604,0.000000, , ,0.000000, , ,93.768257,92.639803,43.893130,73.126761,89.817444,96.954457,92.065086,70.316623,90.518417,91.907514,74.362562,91.919456,89.778177,97.213115,88.548865,52.067574,98.261877,85.551640,0.000000,88.425926,16.715543,77.571916,45.039508,87.697368,72.585670,98.355755,79.862009,62.145499,71.998338,91.886908,92.061069,51.780768,41.234141,91.991570,41.407529,45.364536,42.019544,32.897384,10.876276,0.000000,22.595541,72.727273,33.596086,1.024590,58.219178,56.093023,47.142857,60.873786, ,0.000000,28.595225, ,0.000000,0.000000, ,26.384840,0.000000,13.601533,46.925021,0.000000,1.872659,27.312775,0.000000,21.241050,0.000000,80.405025,77.008751,74.244505,82.285714,76.857610,68.057986,80.520184,81.261079,67.190227,94.268775,77.386781,87.057634,84.390704,84.551422,87.129630,83.616831,80.559541,81.852128,80.503731,92.030848,93.082707,83.351831,79.661017,84.110787,90.822785,79.679803,94.152047,76.439232,93.556701,79.411765,80.782123,57.156720,0.000000,61.986301,82.773564,84.291188,62.760417,91.314374,60.277365,84.385382,85.501243,48.659306,33.333333,52.295409,84.536834,87.993803,78.165138,98.194371,41.911765,75.541516,84.536082,97.260274,50.165328,68.086725,92.173913,97.041420,93.687708,96.650718,94.316808,95.086321,96.919609,93.333333,96.595745,92.159468,66.970199,35.082651,51.857468,88.725817,89.466924,86.836028,98.123195,92.904074,66.095890,57.715082,60.520095,80.422535,67.883572,95.262616,67.092652,89.561587,82.325142,65.164319,62.374821,69.531250,77.300613,83.173996,71.134021,48.632422,87.628866,49.537572,80.565068,55.472504,64.880952,71.338583,48.818898,93.772894,86.920530,89.528796,96.545769,91.850829,71.052632,72.688172,83.673469,61.175497,68.586859,82.634731,88.445078,43.941718,4.310345,94.889503,95.505618,0.000000, , ,58.744092,0.000000,57.565789,5.050505, ,0.000000,68.246445, ,0.000000, ,0.000000,0.000000, ,17.391304,72.314050,67.777778,76.767677,84.233261,77.199074,87.144790,71.851041,79.279279,24.788732,0.000000,52.589106,59.670027,75.466805,63.560831,79.138872,87.747036,89.097952,12.809917,20.312500,92.403249,69.798658,84.062669,74.815362,89.450305,92.244701,0.000000,71.035387,74.131559,77.187500,64.543524,74.145617,95.879121,75.888717,97.250859,67.864078,86.271451,76.284941,75.661376,76.229508,93.018260,35.714286,57.471264,53.071672,93.030303,58.333333,93.612079,92.605042,88.669302,64.379699,0.000000,89.990186,96.602659,63.086010,92.651440,86.732060,88.157895,84.561626,97.439353,89.213580,94.523958,97.028825,90.443093,97.155172,47.674419,93.970715,98.466594,95.037106,82.654867,95.552147,96.001701,95.355881,91.635860,94.066496,90.824176,91.756680,88.301887,30.158730,89.737869,90.959556,64.130435,90.022010,88.984018,95.029528,0.000000,56.175299,96.256345,79.180602,83.505662,96.721311,96.807512,94.359255,86.969883,98.208802,87.141807,64.786169,94.970414,27.604630,82.005623,74.031008,98.364486,73.274780,69.084316,58.085106,39.160839,75.314861,73.839662,97.379032,35.135135,95.220588,93.493976,97.916667,87.023520,83.509514,82.743604,13.333333,91.311612,62.007874,78.526195,69.147894,75.457875,77.016575,72.164948,42.333333,57.976654,70.211161,75.946276,88.203463,95.568263,93.676313,96.868327,63.043478,95.169430,81.641469,92.845659,90.588235,92.430704,85.407725,93.963554,91.626957,90.534109, ,89.532520,86.989992,83.440308,97.035881,94.304734,87.151703,92.602555,92.084433,93.877551,96.526773,77.411168,95.471464,94.235388,78.032787,94.167207,96.829661,83.375959,87.425447,96.223446,94.926913,69.148936,93.338008,96.622222,88.864143,94.617869,73.391813,96.309112,97.955010,89.260563,94.825871,97.886297,84.573503,66.808511,96.755408,88.905852,97.079365,0.000000,90.228597,89.629630,98.573127,91.491841,75.091575,95.807365,97.797619,90.222428,86.229508,97.633136,91.982759,79.524680,92.812322,96.907707,96.110414,95.186685,92.424242,31.269350,97.517070,97.148412,97.456280,95.616297,96.913580,98.598726,89.292929,58.169935,90.226876,89.574156,97.965571,82.923977,60.040161,79.625984,36.075949,82.159624,85.413534,90.044843,82.059282,91.614256,91.016782,49.215247,47.492958,90.708479,90.410959,80.819799,76.956148,0.000000,18.535768,87.383178,82.024945,83.473604,75.440313,70.749396,19.672131,77.808219,87.234043,83.389831,94.585153,87.550525,87.424547,80.731490,76.363636,85.082174,89.265928,0.000000,80.569185,76.284307,67.226250,82.162162,43.897788,79.175705,92.039801,83.101530,53.764581,87.888532,70.346598,53.677932,45.940594,89.953271,96.809404,84.635762,24.137931,52.742947,89.354276,96.650718,84.923077,92.449239,49.230769,46.543779,85.786164,83.615316,15.753425,0.000000,0.000000,85.396635,91.212989,91.134752,62.318841,95.925297,96.187883,93.381295,82.166826,90.922190, ,96.815835,64.172662,90.253262,90.857947,77.306968, ,89.952904,75.779163,76.303318,84.491979,92.428198,94.553377,76.586433,94.639312,71.485543,94.497154,84.299065,73.300971,88.466851,81.013917,77.380952,79.259732,96.217105,80.851064,90.716804,88.842631,88.389923,86.528497,88.651535,86.482940,93.695015,96.492729,71.194879,92.812500,95.749441,50.909091,95.368020,65.346535,36.335404,82.352941,74.461980,88.199513,28.571429,67.419962,91.977077,9.638554,76.796117,76.847826,78.084963,38.051948,86.373021,82.506527,75.833333,87.777778,82.768999,86.450905,86.113700,76.223776,91.829485,0.000000,94.018205,81.332301,83.518225,89.367616,78.306265,48.300283,88.491620,83.035714,89.458689,88.804714
Evoked Metrics
    Number of Trials, , , , , , , , , , , , , , , , , , , , , , , , , , , , , , , , , , , , , , , , , , , , , , , , , , , , , , , , , , , , , , , , , , , , , , , , , , , , , , , , , , , , , , , , , , , , , , , , , , , , , , , , , , , , , , , , , , , , , , , , , , , , , , , , , , , , , , , , , , , , , , , , , , , , , , , , , , , , , , , , , , , , , , , , , , , , , , , , , , , , , , , , , , , , , , , , , , , , , , , , , , , , , , , , , , , , , , , , , , , , , , , , , , , , , , , , , , , , , , , , , , , , , , , , , , , , , , , , , , , , , , , , , , , , , , , , , , , , , , , , , , , , , , , , , , , , , , , , , , , , , , , , , , , , , , , , , , , , , , , , , , , , , , , , , , , , , , , , , , , , , , , , , , , , , , , , , , , , , , , , , , , , , , , , , , , , , , , , , , , , , , , , , , , , , , , , , , , , , , , , , , , , , , , , , , , , , , , , , , , , , , , , , , , , , , , , , , , , , , , , , , , , , , , , , , , , , , , , , , , , , , , , , , , , , , , , , , , , , , , , , , , , , , , , , , , , , , , , , , , , , , , , , , , , , , , , , , , , , , , , , , , , , , , , , , , , , , , , , , , , , , , , , , , , , , , , , , , , , , , , , , , , , , , , , , , , , , , , , , , , , , , , , , , , , , , , , , , , , , , , , , , , , , , , , , , , , , , , , , , , , , , , , , , , , , , , , , , , , , , , , , , , , , , , , , , , , , , , , , , , , , , , , , , , , , , , , , , , , , , , , , , , , , , , , , , , , , , , , , , , , , , , , , , , , , , , , , , , , , , , , , , , , , , , , , , , , , , , , , , , , , , , , , , , , , , , , , , , , , , , , , , , , , , , 
    Evoked Spike Count - Avg, , , , , , , , , , , , , , , , , , , , , , , , , , , , , , , , , , , , , , , , , , , , , , , , , , , , , , , , , , , , , , , , , , , , , , , , , , , , , , , , , , , , , , , , , , , , , , , , , , , , , , , , , , , , , , , , , , , , , , , , , , , , , , , , , , , , , , , , , , , , , , , , , , , , , , , , , , , , , , , , , , , , , , , , , , , , , , , , , , , , , , , , , , , , , , , , , , , , , , , , , , , , , , , , , , , , , , , , , , , , , , , , , , , , , , , , , , , , , , , , , , , , , , , , , , , , , , , , , , , , , , , , , , , , , , , , , , , , , , , , , , , , , , , , , , , , , , , , , , , , , , , , , , , , , , , , , , , , , , , , , , , , , , , , , , , , , , , , , , , , , , , , , , , , , , , , , , , , , , , , , , , , , , , , , , , , , , , , , , , , , , , , , , , , , , , , , , , , , , , , , , , , , , , , , , , , , , , , , , , , , , , , , , , , , , , , , , , , , , , , , , , , , , , , , , , , , , , , , , , , , , , , , , , , , , , , , , , , , , , , , , , , , , , , , , , , , , , , , , , , , , , , , , , , , , , , , , , , , , , , , , , , , , , , , , , , , , , , , , , , , , , , , , , , , , , , , , , , , , , , , , , , , , , , , , , , , , , , , , , , , , , , , , , , , , , , , , , , , , , , , , , , , , , , , , , , , , , , , , , , , , , , , , , , , , , , , , , , , , , , , , , , , , , , , , , , , , , , , , , , , , , , , , , , , , , , , , , , , , , , , , , , , , , , , , , , , , , , , , , , , , , , , , , , , , , , , , , , , , , , , , , , , , , , , , , , , , , , , , , , , , , , , , , , , , , , , , , , , , , , , , , , , , , , 
    Evoked Spike Count - Std, , , , , , , , , , , , , , , , , , , , , , , , , , , , , , , , , , , , , , , , , , , , , , , , , , , , , , , , , , , , , , , , , , , , , , , , , , , , , , , , , , , , , , , , , , , , , , , , , , , , , , , , , , , , , , , , , , , , , , , , , , , , , , , , , , , , , , , , , , , , , , , , , , , , , , , , , , , , , , , , , , , , , , , , , , , , , , , , , , , , , , , , , , , , , , , , , , , , , , , , , , , , , , , , , , , , , , , , , , , , , , , , , , , , , , , , , , , , , , , , , , , , , , , , , , , , , , , , , , , , , , , , , , , , , , , , , , , , , , , , , , , , , , , , , , , , , , , , , , , , , , , , , , , , , , , , , , , , , , , , , , , , , , , , , , , , , , , , , , , , , , , , , , , , , , , , , , , , , , , , , , , , , , , , , , , , , , , , , , , , , , , , , , , , , , , , , , , , , , , , , , , , , , , , , , , , , , , , , , , , , , , , , , , , , , , , , , , , , , , , , , , , , , , , , , , , , , , , , , , , , , , , , , , , , , , , , , , , , , , , , , , , , , , , , , , , , , , , , , , , , , , , , , , , , , , , , , , , , , , , , , , , , , , , , , , , , , , , , , , , , , , , , , , , , , , , , , , , , , , , , , , , , , , , , , , , , , , , , , , , , , , , , , , , , , , , , , , , , , , , , , , , , , , , , , , , , , , , , , , , , , , , , , , , , , , , , , , , , , , , , , , , , , , , , , , , , , , , , , , , , , , , , , , , , , , , , , , , , , , , , , , , , , , , , , , , , , , , , , , , , , , , , , , , , , , , , , , , , , , , , , , , , , , , , , , , , , , , , , , , , , , , , , , , , , , , , , , , , , , , , , , , , , , , 
    Evoked Response Probability, , , , , , , , , , , , , , , , , , , , , , , , , , , , , , , , , , , , , , , , , , , , , , , , , , , , , , , , , , , , , , , , , , , , , , , , , , , , , , , , , , , , , , , , , , , , , , , , , , , , , , , , , , , , , , , , , , , , , , , , , , , , , , , , , , , , , , , , , , , , , , , , , , , , , , , , , , , , , , , , , , , , , , , , , , , , , , , , , , , , , , , , , , , , , , , , , , , , , , , , , , , , , , , , , , , , , , , , , , , , , , , , , , , , , , , , , , , , , , , , , , , , , , , , , , , , , , , , , , , , , , , , , , , , , , , , , , , , , , , , , , , , , , , , , , , , , , , , , , , , , , , , , , , , , , , , , , , , , , , , , , , , , , , , , , , , , , , , , , , , , , , , , , , , , , , , , , , , , , , , , , , , , , , , , , , , , , , , , , , , , , , , , , , , , , , , , , , , , , , , , , , , , , , , , , , , , , , , , , , , , , , , , , , , , , , , , , , , , , , , , , , , , , , , , , , , , , , , , , , , , , , , , , , , , , , , , , , , , , , , , , , , , , , , , , , , , , , , , , , , , , , , , , , , , , , , , , , , , , , , , , , , , , , , , , , , , , , , , , , , , , , , , , , , , , , , , , , , , , , , , , , , , , , , , , , , , , , , , , , , , , , , , , , , , , , , , , , , , , , , , , , , , , , , , , , , , , , , , , , , , , , , , , , , , , , , , , , , , , , , , , , , , , , , , , , , , , , , , , , , , , , , , , , , , , , , , , , , , , , , , , , , , , , , , , , , , , , , , , , , , , , , , , , , , , , , , , , , , , , , , , , , , , , , , , , , , , , , , , , , , , , , , , , , , , , , , , , , , , , , , , , , , , , , 
    Evoked First Spike Latency (ms), , , , , , , , , , , , , , , , , , , , , , , , , , , , , , , , , , , , , , , , , , , , , , , , , , , , , , , , , , , , , , , , , , , , , , , , , , , , , , , , , , , , , , , , , , , , , , , , , , , , , , , , , , , , , , , , , , , , , , , , , , , , , , , , , , , , , , , , , , , , , , , , , , , , , , , , , , , , , , , , , , , , , , , , , , , , , , , , , , , , , , , , , , , , , , , , , , , , , , , , , , , , , , , , , , , , , , , , , , , , , , , , , , , , , , , , , , , , , , , , , , , , , , , , , , , , , , , , , , , , , , , , , , , , , , , , , , , , , , , , , , , , , , , , , , , , , , , , , , , , , , , , , , , , , , , , , , , , , , , , , , , , , , , , , , , , , , , , , , , , , , , , , , , , , , , , , , , , , , , , , , , , , , , , , , , , , , , , , , , , , , , , , , , , , , , , , , , , , , , , , , , , , , , , , , , , , , , , , , , , , , , , , , , , , , , , , , , , , , , , , , , , , , , , , , , , , , , , , , , , , , , , , , , , , , , , , , , , , , , , , , , , , , , , , , , , , , , , , , , , , , , , , , , , , , , , , , , , , , , , , , , , , , , , , , , , , , , , , , , , , , , , , , , , , , , , , , , , , , , , , , , , , , , , , , , , , , , , , , , , , , , , , , , , , , , , , , , , , , , , , , , , , , , , , , , , , , , , , , , , , , , , , , , , , , , , , , , , , , , , , , , , , , , , , , , , , , , , , , , , , , , , , , , , , , , , , , , , , , , , , , , , , , , , , , , , , , , , , , , , , , , , , , , , , , , , , , , , , , , , , , , , , , , , , , , , , , , , , , , , , , , , , , , , , , , , , , , , , , , , , , , , , , , , 
    Evoked Jitter (ms), , , , , , , , , , , , , , , , , , , , , , , , , , , , , , , , , , , , , , , , , , , , , , , , , , , , , , , , , , , , , , , , , , , , , , , , , , , , , , , , , , , , , , , , , , , , , , , , , , , , , , , , , , , , , , , , , , , , , , , , , , , , , , , , , , , , , , , , , , , , , , , , , , , , , , , , , , , , , , , , , , , , , , , , , , , , , , , , , , , , , , , , , , , , , , , , , , , , , , , , , , , , , , , , , , , , , , , , , , , , , , , , , , , , , , , , , , , , , , , , , , , , , , , , , , , , , , , , , , , , , , , , , , , , , , , , , , , , , , , , , , , , , , , , , , , , , , , , , , , , , , , , , , , , , , , , , , , , , , , , , , , , , , , , , , , , , , , , , , , , , , , , , , , , , , , , , , , , , , , , , , , , , , , , , , , , , , , , , , , , , , , , , , , , , , , , , , , , , , , , , , , , , , , , , , , , , , , , , , , , , , , , , , , , , , , , , , , , , , , , , , , , , , , , , , , , , , , , , , , , , , , , , , , , , , , , , , , , , , , , , , , , , , , , , , , , , , , , , , , , , , , , , , , , , , , , , , , , , , , , , , , , , , , , , , , , , , , , , , , , , , , , , , , , , , , , , , , , , , , , , , , , , , , , , , , , , , , , , , , , , , , , , , , , , , , , , , , , , , , , , , , , , , , , , , , , , , , , , , , , , , , , , , , , , , , , , , , , , , , , , , , , , , , , , , , , , , , , , , , , , , , , , , , , , , , , , , , , , , , , , , , , , , , , , , , , , , , , , , , , , , , , , , , , , , , , , , , , , , , , , , , , , , , , , , , , , , , , , , , , , , , , , , , , , , , , , , , , , , , , , , , , , , , , 

