AxIS Spike File,O:\TOX\NTX\Users\Lennart\201204_LvM_256128_1297-36_MEA_rCortex_Lindane_baseline_male_DIV11(000)_Spike Detector (7 x STD)(000).spk
File Type,48-well

Analysis Start,1200.000000
Analysis End,1800.000000
Active Electrode Criterion (spks/min),
Remove Coincident Artifacts,True

Electrode Burst Settings,
    Algorithm,Poisson Surprise,
    Min Surprise,10.000000

Network Burst Settings,
    Algorithm,ISI Threshold,Adaptive,
    Min # of Spikes,40.000000
    Min # of Electrodes (%),15.000000
Synchrony Settings,
    Synchrony Window,20.000000

Average Network Burst Analysis Settings,
    Number of network bursts vary by well
    Network Burst Window Start (ms),0.000000
    Network Burst Window End (ms),100.000000
    Bin Size (ms),1.000000

Well Averages,A1,A2,A3,A4,A5,A6,A7,A8,B1,B2,B3,B4,B5,B6,B7,B8,C1,C2,C3,C4,C5,C6,C7,C8,D1,D2,D3,D4,D5,D6,D7,D8,E1,E2,E3,E4,E5,E6,E7,E8,F1,F2,F3,F4,F5,F6,F7,F8,
Treatment/ID,,,,,,,,,,,,,,,,,,,,,,,,,,,,,,,,,,,,,,,,,,,,,,,,
Activity Metrics
    Number of Spikes,12580.000000,13265.000000,16292.000000,9786.000000,7944.000000,19050.000000,12499.000000,18561.000000,17346.000000,15883.000000,23832.000000,13674.000000,14130.000000,21188.000000,17912.000000,19440.000000,17892.000000,24601.000000,16948.000000,15674.000000,16934.000000,17164.000000,767.000000,18920.000000,25374.000000,15716.000000,19308.000000,11588.000000,20369.000000,23450.000000,17558.000000,21948.000000,18476.000000,28593.000000,21376.000000,14211.000000,19937.000000,22044.000000,29972.000000,30821.000000,16365.000000,18761.000000,12704.000000,21965.000000,7941.000000,30398.000000,32590.000000,28380.000000
    Mean Firing Rate (Hz),1.310417,1.381771,1.697083,1.019375,0.827500,1.984375,1.301979,1.933437,1.806875,1.654479,2.482500,1.424375,1.471875,2.207083,1.865833,2.025000,1.863750,2.562604,1.765417,1.632708,1.763958,1.787917,0.079896,1.970833,2.643125,1.637083,2.011250,1.207083,2.121771,2.442708,1.828958,2.286250,1.924583,2.978438,2.226667,1.480312,2.076771,2.296250,3.122083,3.210521,1.704687,1.954271,1.323333,2.288021,0.827187,3.166458,3.394792,2.956250
    ISI Coefficient of Variation - Avg,6.355825,5.011629,6.589593,5.310784,6.707107,4.483503,5.130129,4.529376,3.970128,4.108951,4.842195,4.687073,4.413794,5.015499,4.557231,4.302680,3.517941,3.735338,4.200136,4.360816,4.599109,3.835753,4.568439,4.012656,3.195099,3.734443,4.672313,3.577048,3.649819,3.887276,4.281072,4.136496,3.065568,4.007472,3.570319,3.707235,3.822551,3.177567,4.678050,3.567277,3.307195,3.148913,3.014845,4.073934,2.327164,3.932421,3.802726,4.257286
    Number of Active Electrodes,13.000000,15.000000,16.000000,14.000000,6.000000,15.000000,15.000000,16.000000,15.000000,16.000000,16.000000,16.000000,16.000000,16.000000,16.000000,16.000000,14.000000,15.000000,15.000000,15.000000,16.000000,16.000000,1.000000,16.000000,16.000000,15.000000,12.000000,12.000000,15.000000,16.000000,14.000000,16.000000,15.000000,15.000000,13.000000,13.000000,15.000000,16.000000,16.000000,16.000000,15.000000,15.000000,9.000000,14.000000,11.000000,16.000000,16.000000,16.000000
    Weighted Mean Firing Rate (Hz),1.611282,1.472000,1.697083,1.165000,2.206111,2.113000,1.388778,1.933438,1.920889,1.654479,2.482500,1.424375,1.471875,2.207083,1.865833,2.025000,2.128095,2.733111,1.883111,1.737556,1.763958,1.787917,1.275000,1.970833,2.643125,1.744000,2.681667,1.607222,2.263222,2.442708,2.088095,2.286250,2.052222,3.177000,2.740513,1.821923,2.214667,2.296250,3.122083,3.210521,1.813444,2.084222,2.351852,2.614881,1.199394,3.166458,3.394792,2.956250
Electrode Burst Metrics
    Number of Bursts,416.000000,497.000000,466.000000,370.000000,288.000000,796.000000,560.000000,672.000000,863.000000,1013.000000,1516.000000,672.000000,780.000000,788.000000,864.000000,1024.000000,1026.000000,1454.000000,884.000000,850.000000,909.000000,907.000000,29.000000,919.000000,1733.000000,1067.000000,766.000000,805.000000,1440.000000,1301.000000,997.000000,1174.000000,1269.000000,1656.000000,1446.000000,1056.000000,1086.000000,1681.000000,1367.000000,1825.000000,793.000000,878.000000,854.000000,1083.000000,264.000000,2059.000000,1962.000000,1405.000000
    Number of Bursting Electrodes,13.000000,15.000000,16.000000,14.000000,6.000000,16.000000,15.000000,16.000000,15.000000,16.000000,16.000000,16.000000,16.000000,16.000000,16.000000,16.000000,14.000000,15.000000,15.000000,16.000000,16.000000,16.000000,1.000000,16.000000,16.000000,15.000000,12.000000,12.000000,15.000000,16.000000,14.000000,16.000000,15.000000,15.000000,13.000000,13.000000,15.000000,16.000000,16.000000,16.000000,16.000000,15.000000,9.000000,14.000000,11.000000,16.000000,16.000000,16.000000
    Burst Duration - Avg (sec),0.107382,0.083358,0.110469,0.095514,0.091847,0.072915,0.079173,0.077729,0.071093,0.053394,0.051812,0.070073,0.064820,0.091621,0.072354,0.067573,0.058099,0.060964,0.093336,0.077502,0.096403,0.075048,1.026921,0.071923,0.050620,0.083605,0.141256,0.058618,0.064607,0.148036,0.104946,0.067680,0.060216,0.084691,0.066841,0.074801,0.213352,0.057673,0.142895,0.065100,0.265642,0.172842,0.081290,0.130020,0.143487,0.058357,0.078861,0.136257
    Burst Duration - Std (sec),0.019493,0.016842,0.011482,0.025614,0.010672,0.016660,0.021897,0.011487,0.022726,0.011323,0.010649,0.014211,0.010076,0.020758,0.010477,0.013119,0.012290,0.011245,0.032945,0.012994,0.029185,0.018704, ,0.015238,0.010370,0.021501,0.020362,0.009278,0.016553,0.050257,0.038338,0.015960,0.019089,0.016472,0.006903,0.010140,0.170932,0.007522,0.042843,0.009060,0.277058,0.060364,0.066934,0.052417,0.074706,0.003957,0.017652,0.034356
    Number of Spikes per Burst - Avg,29.865385,23.572838,33.068534,24.793367,27.458333,20.001179,21.199829,23.288690,17.486496,15.201999,15.479041,20.125000,17.695718,25.902764,20.567130,18.688477,15.079999,15.099748,16.142866,16.514646,16.867558,16.710175,24.482759,18.294864,11.994704,13.040913,20.120453,12.830935,12.330746,15.593236,15.645206,17.928164,11.694497,15.321352,13.486280,12.411390,14.699265,11.717234,18.869882,15.181077,14.405588,15.175289,11.618334,17.162374,10.668569,14.244967,14.220920,17.775781
    Number of Spikes per Burst - Std,8.078184,10.063727,7.487185,8.945469,9.763603,8.427395,9.356344,4.127822,7.532538,3.900174,3.730414,5.395699,4.154132,5.576299,4.857220,5.015859,3.950630,3.665359,6.219469,4.750464,5.408576,4.857410, ,3.923848,3.727695,3.311640,4.740536,3.728186,3.442008,4.918732,4.639389,3.928231,3.840506,3.733101,2.618151,2.727684,5.271507,2.626958,6.255436,3.863908,6.936420,4.859713,3.637305,4.998236,4.306365,1.650953,3.992647,4.574799
    Mean ISI within Burst - Avg (sec),0.003912,0.004727,0.003737,0.004654,0.003995,0.004497,0.004687,0.003584,0.005132,0.003875,0.003666,0.003809,0.004015,0.003838,0.003840,0.003973,0.004321,0.004275,0.005081,0.004753,0.004699,0.005244,0.042954,0.004232,0.004277,0.005694,0.004563,0.004678,0.005087,0.007424,0.005199,0.004046,0.006650,0.004933,0.004811,0.005086,0.009956,0.004830,0.004990,0.004845,0.017642,0.009910,0.007192,0.005955,0.014866,0.003519,0.004265,0.006701
    Mean ISI within Burst - Std (sec),0.000859,0.002679,0.001288,0.002290,0.001697,0.001585,0.001945,0.000740,0.002674,0.000542,0.000544,0.000604,0.001132,0.000431,0.000662,0.000702,0.000896,0.000732,0.001536,0.002987,0.001564,0.000920, ,0.000829,0.001276,0.002434,0.000896,0.002521,0.001365,0.002542,0.001842,0.000520,0.004735,0.001604,0.000867,0.002132,0.012494,0.000656,0.000999,0.001023,0.025297,0.003768,0.006468,0.002648,0.004952,0.000190,0.000927,0.001711
    Median ISI within Burst - Avg (sec),0.003165,0.003473,0.003039,0.003277,0.003240,0.003509,0.003586,0.003055,0.004005,0.003174,0.003053,0.003071,0.003158,0.003094,0.003081,0.003098,0.003456,0.003592,0.004200,0.003855,0.003732,0.004048,0.030154,0.003237,0.003768,0.004639,0.003595,0.004040,0.004223,0.005685,0.004312,0.003181,0.005631,0.003899,0.003892,0.004099,0.008320,0.003942,0.003941,0.003858,0.010254,0.006883,0.005528,0.004756,0.011726,0.003020,0.003626,0.004922
    Median ISI within Burst - Std (sec),0.000559,0.001126,0.000523,0.000540,0.000722,0.000780,0.001077,0.000391,0.002041,0.000386,0.000363,0.000285,0.000666,0.000261,0.000326,0.000375,0.000688,0.000599,0.001276,0.002103,0.001010,0.000864, ,0.000634,0.001241,0.002271,0.000649,0.002130,0.001147,0.001575,0.001569,0.000384,0.004077,0.001074,0.000801,0.001527,0.011877,0.000612,0.000848,0.000829,0.009863,0.002330,0.004111,0.002187,0.004349,0.000111,0.000922,0.001301
    Median/Mean ISI within Burst - Avg,0.820896,0.809215,0.843721,0.764966,0.858628,0.820042,0.800310,0.867314,0.800003,0.831054,0.845864,0.821314,0.814760,0.823542,0.818969,0.799495,0.823597,0.859662,0.869254,0.845186,0.851288,0.796981,0.718779,0.795464,0.888037,0.833317,0.849484,0.881507,0.849236,0.827693,0.864062,0.804847,0.854621,0.828266,0.836790,0.849456,0.839980,0.835505,0.843315,0.814390,0.767287,0.751693,0.851573,0.825748,0.812093,0.878465,0.872940,0.762003
    Median/Mean ISI within Burst - Std,0.048037,0.128004,0.073577,0.126309,0.119250,0.100993,0.066667,0.061678,0.039666,0.036872,0.048096,0.047338,0.043402,0.033622,0.055804,0.053296,0.044819,0.029097,0.039951,0.048494,0.043180,0.039622, ,0.051127,0.040641,0.043823,0.030516,0.017226,0.026043,0.029377,0.029200,0.050444,0.027617,0.046202,0.021262,0.024305,0.051354,0.030002,0.020739,0.032584,0.118488,0.038260,0.032972,0.025254,0.091301,0.014695,0.041425,0.030200
    Inter-Burst Interval - Avg (sec),18.703074,18.449493,20.690372,28.059322,12.060598,11.461255,16.677793,14.540913,17.745027,9.612218,6.369091,14.216189,12.346115,12.377384,11.049137,9.360791,9.422179,6.824707,10.591357,10.569746,10.669416,11.003126,21.064520,10.338764,9.773946,11.291198,9.471782,12.436591,7.178737,7.808595,9.430465,8.077444,19.450066,5.783953,5.706417,10.671084,15.380683,5.890903,21.150435,5.436102,31.932302,11.597031,17.350599,13.878202,39.200635,4.679848,9.306844,7.319237
    Inter-Burst Interval - Std (sec),0.000232,1.390571,0.244695,24.588802,0.000141,0.000102,4.614600,0.000268,25.237755,1.525449,0.070587,0.000176,0.210727,0.993784,0.000238,0.000144,6.164560,2.683064,4.072112,0.224678,1.308607,2.247957,0.000000,0.132919,12.552729,14.346132,0.547906,13.893635,3.713530,2.294133,4.573532,0.158739,33.224458,1.918949,1.882860,13.671583,18.804493,1.156121,58.295974,1.248538,61.180090,5.501473,24.008666,18.392011,52.592447,0.022243,18.585088,2.194100
    Burst Frequency - Avg (Hz),0.053333,0.055222,0.048542,0.044048,0.080000,0.082917,0.062222,0.070000,0.095889,0.105521,0.157917,0.070000,0.081250,0.082083,0.090000,0.106667,0.122143,0.161556,0.098222,0.088542,0.094688,0.094479,0.048333,0.095729,0.180521,0.118556,0.106389,0.111806,0.160000,0.135521,0.118690,0.122292,0.141000,0.184000,0.185385,0.135385,0.120667,0.175104,0.142396,0.190104,0.082604,0.097556,0.158148,0.128929,0.040000,0.214479,0.204375,0.146354
    Burst Frequency - Std (Hz),0.000000,0.003500,0.000569,0.009800,0.000000,0.021667,0.009547,0.000000,0.032895,0.011250,0.001667,0.000000,0.001291,0.005947,0.000000,0.000000,0.028212,0.041830,0.037180,0.023237,0.009569,0.016167, ,0.001212,0.072113,0.032925,0.005588,0.034366,0.045852,0.029108,0.030524,0.002267,0.071074,0.038831,0.037921,0.036191,0.061104,0.031438,0.039903,0.034208,0.057284,0.043802,0.086548,0.052108,0.021654,0.001003,0.058547,0.035732
    IBI Coefficient of Variation - Avg,0.648182,0.667735,0.674428,0.513605,0.897437,0.411569,0.628967,0.454638,0.309268,0.462587,0.774431,0.388909,0.537598,0.321006,0.283998,0.232646,0.500011,0.458527,0.614118,0.495484,0.654117,0.369223,0.192692,0.190867,0.478140,0.550532,0.655043,0.480838,0.643523,0.539390,0.679079,0.252378,0.553756,0.546479,0.415959,0.567614,0.638645,0.435618,0.630312,0.366909,0.693419,0.591321,0.504281,0.552259,0.560685,0.450030,0.515622,0.661628
    IBI Coefficient of Variation - Std,0.000029,0.053418,0.009880,0.180821,0.000055,0.000056,0.075072,0.000165,0.208916,0.073987,0.005522,0.000072,0.010437,0.026204,0.000043,0.000370,0.198805,0.079612,0.031379,0.001123,0.033258,0.077643,0.000000,0.011491,0.250563,0.049686,0.029939,0.054259,0.041400,0.085419,0.065813,0.026091,0.255070,0.188171,0.074653,0.030826,0.040020,0.112828,0.095402,0.066315,0.214348,0.084875,0.280371,0.159563,0.282308,0.020594,0.106711,0.049660
    Burst Percentage - Avg,85.724099,87.590751,95.965280,94.222537,74.726248,89.620983,95.849881,90.918427,82.208567,97.332116,98.635658,98.755464,97.972918,97.207172,99.212542,98.413363,81.379632,85.029277,85.872457,90.583609,92.987138,91.242732,46.405229,92.833299,82.150231,83.775230,86.912069,76.602540,87.645154,87.759239,84.214646,96.536209,73.202440,89.972955,91.612847,91.306954,73.616395,90.686206,86.847417,91.501344,66.715719,67.362601,67.387329,84.842939,40.345793,96.849106,86.383479,89.376317
    Burst Percentage - Std,34.807553,26.362363,7.845662,17.100751,46.122845,24.876131,10.666219,19.905073,33.006864,7.584103,1.445505,1.423742,1.619428,1.215212,0.694815,1.451457,26.190098,24.571756,23.667881,22.401486,7.188354,4.482099,65.626904,11.623019,27.791382,27.550340,15.915309,38.117764,15.930542,9.292113,27.339738,2.969127,34.272975,10.764870,10.545882,20.208095,29.840492,6.967581,22.131334,6.385644,30.701277,23.263766,39.955005,23.789000,36.876701,3.774072,21.144736,7.754193
Network Burst Metrics
    Number of Network Bursts,32.000000,34.000000,29.000000,28.000000,48.000000,53.000000,39.000000,42.000000,65.000000,65.000000,95.000000,42.000000,49.000000,53.000000,54.000000,64.000000,86.000000,117.000000,74.000000,57.000000,60.000000,73.000000,0.000000,58.000000,131.000000,82.000000,64.000000,78.000000,118.000000,99.000000,83.000000,74.000000,123.000000,124.000000,129.000000,91.000000,100.000000,126.000000,99.000000,144.000000,89.000000,109.000000,135.000000,96.000000,43.000000,130.000000,141.000000,114.000000
    Network Burst Frequency,0.053333,0.056667,0.048333,0.046667,0.080000,0.088333,0.065000,0.070000,0.108333,0.108333,0.158333,0.070000,0.081667,0.088333,0.090000,0.106667,0.143333,0.195000,0.123333,0.095000,0.100000,0.121667, ,0.096667,0.218333,0.136667,0.106667,0.130000,0.196667,0.165000,0.138333,0.123333,0.205000,0.206667,0.215000,0.151667,0.166667,0.210000,0.165000,0.240000,0.148333,0.181667,0.225000,0.160000,0.071667,0.216667,0.235000,0.190000
    Network Burst Duration - Avg (sec),0.161582,0.240231,0.292897,0.162717,0.116158,0.182865,0.142418,0.136244,0.232583,0.097025,0.115273,0.152112,0.188671,0.211331,0.122108,0.148884,0.174826,0.128961,0.205349,0.424773,0.324307,0.254467, ,0.206589,0.109144,0.155104,0.432426,0.088123,0.104144,0.268336,0.141200,0.195325,0.084594,0.222038,0.107920,0.099851,0.195093,0.103777,0.198192,0.101166,0.373020,0.309105,0.116964,0.174152,0.395496,0.090463,0.121102,0.201307
    Network Burst Duration - Std (sec),0.014346,0.079759,0.050214,0.022299,0.012180,0.050331,0.016388,0.019555,0.107953,0.015139,0.030722,0.025454,0.122360,0.065103,0.025641,0.033592,0.087893,0.218885,0.366034,0.286460,0.372941,0.183945, ,0.104991,0.147559,0.343284,0.653497,0.178394,0.186847,0.461421,0.308838,0.075498,0.042905,0.297539,0.134518,0.264725,0.550529,0.120655,0.468964,0.036159,0.487485,0.315918,0.150425,0.383197,0.148618,0.166177,0.302126,0.328516
    Number of Spikes per Network Burst - Avg,391.375000,357.588235,536.000000,348.535714,164.812500,320.037736,319.512821,375.309524,265.492308,244.000000,250.557895,324.404762,285.530612,397.245283,330.833333,303.312500,200.139535,209.829060,226.283784,265.192982,279.833333,233.506849, ,299.931034,185.366412,190.682927,266.750000,147.256410,171.525424,234.636364,209.036145,291.121622,149.894309,230.258065,165.426357,155.593407,197.490000,171.952381,302.060606,213.444444,182.865169,158.724771,93.666667,228.552083,87.558140,230.900000,230.985816,247.701754
    Number of Spikes per Network Burst - Std,16.305056,8.352527,66.395998,7.951157,12.871966,21.859659,15.090729,9.557242,19.326248,8.607773,27.818452,37.344187,20.321481,142.759468,13.438539,17.041383,81.049899,191.744860,247.136007,180.593312,306.005050,103.973838, ,58.245055,180.810279,202.821206,417.034695,127.774094,140.923797,261.693053,248.135557,74.534529,72.664828,286.652898,181.236283,184.935723,332.639475,119.751533,520.220181,87.191196,257.463907,137.285447,100.226237,346.735569,35.898867,339.432058,395.301097,206.657381
    Mean ISI within Network Burst - Avg (sec),0.000414,0.000674,0.000551,0.000468,0.000711,0.000570,0.000447,0.000364,0.000875,0.000399,0.000460,0.000473,0.000650,0.000609,0.000370,0.000493,0.001035,0.000538,0.000912,0.001695,0.001137,0.001101, ,0.000702,0.000552,0.000700,0.001655,0.000533,0.000572,0.000933,0.000527,0.000693,0.000578,0.000985,0.000652,0.000496,0.000702,0.000600,0.000455,0.000537,0.002150,0.002274,0.001269,0.000583,0.005083,0.000366,0.000416,0.000736
    Mean ISI within Network Burst - Std (sec),0.000037,0.000227,0.000099,0.000062,0.000071,0.000144,0.000049,0.000049,0.000383,0.000062,0.000099,0.000074,0.000383,0.000284,0.000075,0.000112,0.000797,0.000227,0.001063,0.000838,0.000591,0.000576, ,0.000395,0.000215,0.000234,0.000716,0.000189,0.000202,0.000645,0.000184,0.000283,0.000177,0.000706,0.000321,0.000176,0.000410,0.000260,0.000173,0.000245,0.001166,0.001517,0.000429,0.000242,0.002128,0.000095,0.000142,0.000368
    Median ISI within Network Burst - Avg (sec),0.000235,0.000214,0.000160,0.000239,0.000491,0.000196,0.000224,0.000160,0.000242,0.000177,0.000163,0.000169,0.000166,0.000217,0.000169,0.000176,0.000315,0.000265,0.000274,0.000204,0.000212,0.000368, ,0.000197,0.000205,0.000294,0.000284,0.000289,0.000291,0.000368,0.000280,0.000186,0.000305,0.000242,0.000325,0.000280,0.000336,0.000271,0.000226,0.000265,0.000464,0.000692,0.000481,0.000298,0.001892,0.000168,0.000201,0.000358
    Median ISI within Network Burst - Std (sec),0.000020,0.000037,0.000000,0.000008,0.000055,0.000040,0.000033,0.000000,0.000027,0.000032,0.000013,0.000024,0.000020,0.000147,0.000025,0.000032,0.000254,0.000085,0.000086,0.000080,0.000076,0.000273, ,0.000071,0.000046,0.000115,0.000112,0.000086,0.000101,0.000231,0.000089,0.000038,0.000093,0.000038,0.000143,0.000086,0.000118,0.000105,0.000091,0.000100,0.000140,0.000431,0.000112,0.000089,0.000837,0.000026,0.000061,0.000153
    Median/Mean ISI within Network Burst - Avg,0.571827,0.353255,0.297462,0.517798,0.694717,0.368157,0.503948,0.447685,0.310933,0.449492,0.366576,0.369344,0.324803,0.354593,0.475208,0.372463,0.347949,0.531734,0.503845,0.159376,0.259972,0.388516, ,0.326395,0.411055,0.436462,0.190494,0.565794,0.524415,0.431905,0.547102,0.300471,0.541536,0.347860,0.522669,0.577149,0.526710,0.480532,0.503664,0.514208,0.284527,0.333645,0.414163,0.539771,0.386719,0.478775,0.493971,0.504732
    Median/Mean ISI within Network Burst - Std,0.071432,0.132818,0.043013,0.066874,0.086124,0.127982,0.083726,0.059124,0.091613,0.092619,0.068899,0.100061,0.138219,0.099800,0.120656,0.099306,0.140636,0.148284,0.224668,0.131535,0.174549,0.200221, ,0.111960,0.138440,0.107966,0.082068,0.119137,0.108659,0.135942,0.111227,0.100336,0.113826,0.176928,0.112607,0.092437,0.127806,0.128672,0.093587,0.110657,0.171616,0.128363,0.139340,0.113101,0.099356,0.097907,0.105174,0.107778
    Number of Elecs Participating in Burst - Avg,13.375000,15.352941,16.000000,14.000000,6.041667,15.471698,15.000000,16.000000,15.507692,16.000000,16.000000,16.000000,16.000000,15.849057,16.000000,16.000000,13.883721,14.829060,14.459459,15.473684,16.000000,15.301370, ,16.000000,15.923664,14.780488,12.000000,12.153846,14.949153,15.787879,14.024096,16.000000,14.357724,15.000000,13.000000,12.989011,14.750000,15.904762,15.727273,15.847222,15.191011,14.587156,9.007407,13.729167,10.860465,16.000000,15.936170,15.842105
    Number of Elecs Participating in Burst - Std,0.553581,0.485071,0.000000,0.000000,0.201941,0.503975,0.000000,0.000000,0.533944,0.000000,0.000000,0.000000,0.000000,0.495993,0.000000,0.000000,0.742311,0.441209,0.665988,0.503745,0.000000,1.138773, ,0.000000,0.266554,0.753992,0.000000,0.397294,0.256454,0.539704,0.493269,0.000000,1.087410,0.000000,0.000000,0.104828,0.557320,0.320713,0.511464,0.431609,0.766877,1.038259,0.228437,0.552109,0.940653,0.000000,0.245321,0.411751
    Number of Spikes per Network Burst per Channel - Avg,29.307875,23.317034,33.500000,24.895408,27.321429,20.706447,21.300855,23.456845,17.129863,15.250000,15.659868,20.275298,17.845663,24.897400,20.677083,18.957031,14.255170,14.056278,15.466761,17.088304,17.489583,14.924864, ,18.745690,11.637659,12.939024,22.229167,12.044461,11.461656,14.773587,14.986297,18.195101,10.355248,15.350538,12.725104,11.976472,13.301089,10.791142,19.063173,13.391778,11.902247,10.782542,10.340123,16.535180,7.954222,14.431250,14.472370,15.562557
    Number of Spikes per Network Burst per Channel - Std,1.682745,0.995272,4.149750,0.567940,2.419710,1.558021,1.006049,0.597328,1.234879,0.537986,1.738653,2.334012,1.270093,8.786349,0.839909,1.065086,5.465934,12.714078,16.681777,11.266988,19.125316,6.234419, ,3.640316,11.301727,14.452395,34.752891,9.820368,9.387473,16.314041,18.144140,4.658408,4.707169,19.110193,13.941253,14.224085,22.144453,7.464855,32.471121,5.381474,16.301916,9.575302,10.664515,24.716767,2.911793,21.214504,24.698144,12.870261
    Network Burst Percentage,99.554849,91.654730,95.408790,99.724096,99.584592,89.039370,99.695976,84.925381,99.486913,99.855191,99.878315,99.641656,99.016277,99.367567,99.737606,99.855967,96.199419,99.792691,98.802219,96.439964,99.149640,99.312515, ,91.945032,95.700323,99.490965,88.419308,99.119779,99.366685,99.057569,98.815355,98.154729,99.788915,99.856608,99.831587,99.634086,99.057030,98.285248,99.773122,99.724214,99.450046,92.217899,99.535579,99.890735,47.412165,98.746628,99.935563,99.499648
    Network IBI Coefficient of Variation,0.637647,0.640517,0.659987,0.456619,0.887991,0.407703,0.599050,0.448634,0.232449,0.440177,0.770007,0.384408,0.531153,0.314417,0.281277,0.231362,0.435658,0.370202,0.624973,0.488277,0.671923,0.325068, ,0.196958,0.349262,0.539961,0.650096,0.454994,0.630299,0.500119,0.659123,0.237549,0.332965,0.452416,0.364171,0.543948,0.618092,0.352986,0.624247,0.301810,0.448144,0.452522,0.267202,0.462256,0.425638,0.447005,0.450016,0.606369
    Network Normalized Duration IQR,0.000000,0.437348,0.180764,0.063807,0.086953,0.214715,0.140669,0.218432,0.410246,0.107774,0.277439,0.064315,0.912298,0.231713,0.166722,0.278288,0.788604,0.142349,1.542374,0.772706,0.881163,1.981488, ,0.912490,0.702161,0.198769,0.430656,0.329710,0.403196,0.638801,0.573311,0.407491,0.706922,0.911105,0.761410,0.193692,0.717049,0.725013,0.943628,0.318115,0.553978,0.867023,0.448076,0.745236,0.340441,0.368557,0.181341,0.553301
Synchrony Metrics
    Area Under Normalized Cross-Correlation,0.720376,0.787408,0.926877,0.700414,0.294438,0.778142,0.764191,0.875871,0.788706,0.947523,0.980013,0.937948,0.932931,0.871839,0.931907,0.913448,0.777708,0.803856,0.752191,0.904991,0.867509,0.827275,-0.000145,0.918077,0.926168,0.785713,0.695685,0.674961,0.837573,0.843268,0.771386,0.973021,0.783773,0.879228,0.760885,0.771850,0.707699,0.936082,0.911522,0.904326,0.622258,0.577559,0.558491,0.724622,0.187570,1.035389,0.943786,0.785557
    Area Under Cross-Correlation,10.206861,10.481389,16.702708,7.638958,2.664611,14.288958,9.996014,16.409694,12.772014,14.366431,22.636264,13.418944,13.664181,21.222292,17.785486,18.248931,12.125556,18.050319,10.562681,12.701319,12.507097,13.092417,-0.000000,16.083250,17.372139,8.709556,9.026375,6.249486,12.284153,11.866056,9.711653,20.103181,10.208014,18.440736,11.489042,7.320514,8.334375,13.820194,16.392097,22.989514,5.119056,6.448792,4.064208,10.127833,0.466681,25.280403,21.291819,16.075403
    Full Width at Half Height of Normalized Cross-Correlation,14.000000,16.000000,11.000000,15.000000,15.000000,16.000000,12.000000,13.000000,19.000000,16.000000,11.000000,14.000000,15.000000,15.000000,12.000000,13.000000,15.000000,18.000000,18.000000,17.000000,18.000000,18.000000,3.000000,21.000000,13.000000,19.000000,19.000000,14.000000,16.000000,21.000000,15.000000,18.000000,13.000000,14.000000,14.000000,13.000000,18.000000,15.000000,14.000000,17.000000,15.000000,20.000000,17.000000,11.000000,48.000000,11.000000,13.000000,18.000000
    Full Width at Half Height of Cross-Correlation,104.000000,86.000000,97.000000,99.000000,93.000000,75.000000,86.000000,80.000000,72.000000,56.000000,52.000000,73.000000,64.000000,90.000000,71.000000,66.000000,57.000000,62.000000,62.000000,60.000000,61.000000,73.000000,3.000000,66.000000,42.000000,55.000000,58.000000,47.000000,50.000000,59.000000,54.000000,64.000000,48.000000,53.000000,46.000000,44.000000,49.000000,44.000000,50.000000,61.000000,55.000000,75.000000,45.000000,54.000000,131.000000,42.000000,44.000000,73.000000
    Synchrony Index, , , , , , , , , , , , , , , , , , , , , , , , , , , , , , , , , , , , , , , , , , , , , , , , 
    Kreuz SPIKE Distance, , , , , , , , , , , , , , , , , , , , , , , , , , , , , , , , , , , , , , , , , , , , , , , , 
Average Network Burst Metrics
    Start Electrode,31.000000,42.000000,11.000000,43.000000,31.000000,41.000000,24.000000,11.000000,33.000000,34.000000,12.000000,44.000000,43.000000,41.000000,41.000000,41.000000,34.000000,41.000000,33.000000,11.000000,42.000000,41.000000, ,14.000000,13.000000,44.000000,11.000000,43.000000,24.000000,44.000000,21.000000,41.000000,12.000000,31.000000,31.000000,11.000000,13.000000,11.000000,21.000000,11.000000,11.000000,11.000000,12.000000,12.000000,41.000000,32.000000,41.000000,44.000000
    Percent Bursts with Start Electrode,21.875000,38.235294,13.793103,35.714286,64.583333,79.245283,20.512821,59.523810,40.000000,33.846154,36.842105,30.952381,24.489796,22.641509,22.222222,20.312500,34.883721,33.333333,32.432432,38.596491,16.666667,26.027397, ,18.965517,53.435115,28.048780,42.187500,42.307692,33.050847,30.303030,28.915663,54.054054,40.650407,46.774194,13.178295,27.472527,26.000000,28.571429,30.303030,20.833333,28.089888,32.110092,43.703704,20.833333,32.558140,53.076923,43.262411,23.684211
    Burst Peak (Max Spikes per sec),4875.000000,3911.764706,4758.620690,4964.285714,2125.000000,3245.283019,5564.102564,5714.285714,2276.923077,4938.461538,4400.000000,5476.190476,3408.163265,4226.415094,5037.037037,4078.125000,1895.348837,3794.871795,3135.135135,2929.824561,2916.666667,2506.849315, ,1948.275862,3755.725191,3780.487805,546.875000,3371.794872,3025.423729,2000.000000,3445.783133,2445.945946,2723.577236,3895.161290,2627.906977,3725.274725,3240.000000,2317.460317,4494.949495,3041.666667,2348.314607,1412.844037,2014.814815,3291.666667,465.116279,4838.461538,4609.929078,2517.543860
    Time to Burst Peak (ms),20.500000,66.500000,44.500000,10.500000,18.500000,76.500000,12.500000,52.500000,70.500000,18.500000,36.500000,30.500000,42.500000,64.500000,50.500000,52.500000,72.500000,40.500000,38.500000,38.500000,40.500000,86.500000, ,84.500000,30.500000,18.500000,96.500000,24.500000,34.500000,56.500000,28.500000,68.500000,34.500000,32.500000,22.500000,24.500000,20.500000,18.500000,20.500000,50.500000,14.500000,58.500000,26.500000,19.500000,67.500000,22.500000,22.500000,52.500000

Measurement,A1_11,A1_12,A1_13,A1_14,A1_21,A1_22,A1_23,A1_24,A1_31,A1_32,A1_33,A1_34,A1_41,A1_42,A1_43,A1_44,A2_11,A2_12,A2_13,A2_14,A2_21,A2_22,A2_23,A2_24,A2_31,A2_32,A2_33,A2_34,A2_41,A2_42,A2_43,A2_44,A3_11,A3_12,A3_13,A3_14,A3_21,A3_22,A3_23,A3_24,A3_31,A3_32,A3_33,A3_34,A3_41,A3_42,A3_43,A3_44,A4_11,A4_12,A4_13,A4_14,A4_21,A4_22,A4_23,A4_24,A4_31,A4_32,A4_33,A4_34,A4_41,A4_42,A4_43,A4_44,A5_11,A5_12,A5_13,A5_14,A5_21,A5_22,A5_23,A5_24,A5_31,A5_32,A5_33,A5_34,A5_41,A5_42,A5_43,A5_44,A6_11,A6_12,A6_13,A6_14,A6_21,A6_22,A6_23,A6_24,A6_31,A6_32,A6_33,A6_34,A6_41,A6_42,A6_43,A6_44,A7_11,A7_12,A7_13,A7_14,A7_21,A7_22,A7_23,A7_24,A7_31,A7_32,A7_33,A7_34,A7_41,A7_42,A7_43,A7_44,A8_11,A8_12,A8_13,A8_14,A8_21,A8_22,A8_23,A8_24,A8_31,A8_32,A8_33,A8_34,A8_41,A8_42,A8_43,A8_44,B1_11,B1_12,B1_13,B1_14,B1_21,B1_22,B1_23,B1_24,B1_31,B1_32,B1_33,B1_34,B1_41,B1_42,B1_43,B1_44,B2_11,B2_12,B2_13,B2_14,B2_21,B2_22,B2_23,B2_24,B2_31,B2_32,B2_33,B2_34,B2_41,B2_42,B2_43,B2_44,B3_11,B3_12,B3_13,B3_14,B3_21,B3_22,B3_23,B3_24,B3_31,B3_32,B3_33,B3_34,B3_41,B3_42,B3_43,B3_44,B4_11,B4_12,B4_13,B4_14,B4_21,B4_22,B4_23,B4_24,B4_31,B4_32,B4_33,B4_34,B4_41,B4_42,B4_43,B4_44,B5_11,B5_12,B5_13,B5_14,B5_21,B5_22,B5_23,B5_24,B5_31,B5_32,B5_33,B5_34,B5_41,B5_42,B5_43,B5_44,B6_11,B6_12,B6_13,B6_14,B6_21,B6_22,B6_23,B6_24,B6_31,B6_32,B6_33,B6_34,B6_41,B6_42,B6_43,B6_44,B7_11,B7_12,B7_13,B7_14,B7_21,B7_22,B7_23,B7_24,B7_31,B7_32,B7_33,B7_34,B7_41,B7_42,B7_43,B7_44,B8_11,B8_12,B8_13,B8_14,B8_21,B8_22,B8_23,B8_24,B8_31,B8_32,B8_33,B8_34,B8_41,B8_42,B8_43,B8_44,C1_11,C1_12,C1_13,C1_14,C1_21,C1_22,C1_23,C1_24,C1_31,C1_32,C1_33,C1_34,C1_41,C1_42,C1_43,C1_44,C2_11,C2_12,C2_13,C2_14,C2_21,C2_22,C2_23,C2_24,C2_31,C2_32,C2_33,C2_34,C2_41,C2_42,C2_43,C2_44,C3_11,C3_12,C3_13,C3_14,C3_21,C3_22,C3_23,C3_24,C3_31,C3_32,C3_33,C3_34,C3_41,C3_42,C3_43,C3_44,C4_11,C4_12,C4_13,C4_14,C4_21,C4_22,C4_23,C4_24,C4_31,C4_32,C4_33,C4_34,C4_41,C4_42,C4_43,C4_44,C5_11,C5_12,C5_13,C5_14,C5_21,C5_22,C5_23,C5_24,C5_31,C5_32,C5_33,C5_34,C5_41,C5_42,C5_43,C5_44,C6_11,C6_12,C6_13,C6_14,C6_21,C6_22,C6_23,C6_24,C6_31,C6_32,C6_33,C6_34,C6_41,C6_42,C6_43,C6_44,C7_11,C7_12,C7_13,C7_14,C7_21,C7_22,C7_23,C7_24,C7_31,C7_32,C7_33,C7_34,C7_41,C7_42,C7_43,C7_44,C8_11,C8_12,C8_13,C8_14,C8_21,C8_22,C8_23,C8_24,C8_31,C8_32,C8_33,C8_34,C8_41,C8_42,C8_43,C8_44,D1_11,D1_12,D1_13,D1_14,D1_21,D1_22,D1_23,D1_24,D1_31,D1_32,D1_33,D1_34,D1_41,D1_42,D1_43,D1_44,D2_11,D2_12,D2_13,D2_14,D2_21,D2_22,D2_23,D2_24,D2_31,D2_32,D2_33,D2_34,D2_41,D2_42,D2_43,D2_44,D3_11,D3_12,D3_13,D3_14,D3_21,D3_22,D3_23,D3_24,D3_31,D3_32,D3_33,D3_34,D3_41,D3_42,D3_43,D3_44,D4_11,D4_12,D4_13,D4_14,D4_21,D4_22,D4_23,D4_24,D4_31,D4_32,D4_33,D4_34,D4_41,D4_42,D4_43,D4_44,D5_11,D5_12,D5_13,D5_14,D5_21,D5_22,D5_23,D5_24,D5_31,D5_32,D5_33,D5_34,D5_41,D5_42,D5_43,D5_44,D6_11,D6_12,D6_13,D6_14,D6_21,D6_22,D6_23,D6_24,D6_31,D6_32,D6_33,D6_34,D6_41,D6_42,D6_43,D6_44,D7_11,D7_12,D7_13,D7_14,D7_21,D7_22,D7_23,D7_24,D7_31,D7_32,D7_33,D7_34,D7_41,D7_42,D7_43,D7_44,D8_11,D8_12,D8_13,D8_14,D8_21,D8_22,D8_23,D8_24,D8_31,D8_32,D8_33,D8_34,D8_41,D8_42,D8_43,D8_44,E1_11,E1_12,E1_13,E1_14,E1_21,E1_22,E1_23,E1_24,E1_31,E1_32,E1_33,E1_34,E1_41,E1_42,E1_43,E1_44,E2_11,E2_12,E2_13,E2_14,E2_21,E2_22,E2_23,E2_24,E2_31,E2_32,E2_33,E2_34,E2_41,E2_42,E2_43,E2_44,E3_11,E3_12,E3_13,E3_14,E3_21,E3_22,E3_23,E3_24,E3_31,E3_32,E3_33,E3_34,E3_41,E3_42,E3_43,E3_44,E4_11,E4_12,E4_13,E4_14,E4_21,E4_22,E4_23,E4_24,E4_31,E4_32,E4_33,E4_34,E4_41,E4_42,E4_43,E4_44,E5_11,E5_12,E5_13,E5_14,E5_21,E5_22,E5_23,E5_24,E5_31,E5_32,E5_33,E5_34,E5_41,E5_42,E5_43,E5_44,E6_11,E6_12,E6_13,E6_14,E6_21,E6_22,E6_23,E6_24,E6_31,E6_32,E6_33,E6_34,E6_41,E6_42,E6_43,E6_44,E7_11,E7_12,E7_13,E7_14,E7_21,E7_22,E7_23,E7_24,E7_31,E7_32,E7_33,E7_34,E7_41,E7_42,E7_43,E7_44,E8_11,E8_12,E8_13,E8_14,E8_21,E8_22,E8_23,E8_24,E8_31,E8_32,E8_33,E8_34,E8_41,E8_42,E8_43,E8_44,F1_11,F1_12,F1_13,F1_14,F1_21,F1_22,F1_23,F1_24,F1_31,F1_32,F1_33,F1_34,F1_41,F1_42,F1_43,F1_44,F2_11,F2_12,F2_13,F2_14,F2_21,F2_22,F2_23,F2_24,F2_31,F2_32,F2_33,F2_34,F2_41,F2_42,F2_43,F2_44,F3_11,F3_12,F3_13,F3_14,F3_21,F3_22,F3_23,F3_24,F3_31,F3_32,F3_33,F3_34,F3_41,F3_42,F3_43,F3_44,F4_11,F4_12,F4_13,F4_14,F4_21,F4_22,F4_23,F4_24,F4_31,F4_32,F4_33,F4_34,F4_41,F4_42,F4_43,F4_44,F5_11,F5_12,F5_13,F5_14,F5_21,F5_22,F5_23,F5_24,F5_31,F5_32,F5_33,F5_34,F5_41,F5_42,F5_43,F5_44,F6_11,F6_12,F6_13,F6_14,F6_21,F6_22,F6_23,F6_24,F6_31,F6_32,F6_33,F6_34,F6_41,F6_42,F6_43,F6_44,F7_11,F7_12,F7_13,F7_14,F7_21,F7_22,F7_23,F7_24,F7_31,F7_32,F7_33,F7_34,F7_41,F7_42,F7_43,F7_44,F8_11,F8_12,F8_13,F8_14,F8_21,F8_22,F8_23,F8_24,F8_31,F8_32,F8_33,F8_34,F8_41,F8_42,F8_43,F8_44,
Activity Metrics
    Number of Spikes,812.000000,900.000000,781.000000,927.000000,983.000000,1120.000000,1231.000000,2.000000,1116.000000,1247.000000,1161.000000,0.000000,552.000000,1284.000000,454.000000,10.000000,17.000000,1091.000000,1012.000000,1086.000000,916.000000,789.000000,679.000000,452.000000,297.000000,972.000000,1168.000000,214.000000,1235.000000,2087.000000,212.000000,1038.000000,903.000000,780.000000,1131.000000,1074.000000,974.000000,896.000000,1633.000000,288.000000,930.000000,1027.000000,1108.000000,1196.000000,1166.000000,818.000000,1111.000000,1257.000000,486.000000,367.000000,766.000000,0.000000,903.000000,803.000000,0.000000,856.000000,826.000000,630.000000,1063.000000,86.000000,892.000000,442.000000,847.000000,819.000000,0.000000,976.000000,1.000000,0.000000,0.000000,1.000000,0.000000,1275.000000,1829.000000,1627.000000,0.000000,0.000000,0.000000,587.000000,0.000000,1648.000000,1411.000000,873.000000,917.000000,33.000000,694.000000,1282.000000,1555.000000,510.000000,1302.000000,522.000000,1276.000000,1584.000000,3688.000000,1052.000000,1576.000000,775.000000,249.000000,541.000000,1377.000000,1039.000000,0.000000,655.000000,354.000000,1213.000000,1057.000000,963.000000,945.000000,147.000000,748.000000,799.000000,1264.000000,1148.000000,1880.000000,2555.000000,1115.000000,803.000000,1072.000000,1217.000000,1177.000000,771.000000,727.000000,799.000000,1239.000000,1141.000000,1017.000000,856.000000,1056.000000,1136.000000,1635.000000,657.000000,1436.000000,1461.000000,1292.000000,1841.000000,915.000000,58.000000,953.000000,1194.000000,1543.000000,225.000000,1041.000000,2101.000000,874.000000,120.000000,1316.000000,1251.000000,905.000000,1182.000000,1166.000000,843.000000,1153.000000,735.000000,725.000000,917.000000,1232.000000,1252.000000,300.000000,861.000000,974.000000,1071.000000,1450.000000,1724.000000,1875.000000,964.000000,1830.000000,1265.000000,1749.000000,1668.000000,1084.000000,1291.000000,1814.000000,1598.000000,1954.000000,1718.000000,1074.000000,774.000000,976.000000,369.000000,972.000000,1021.000000,965.000000,808.000000,696.000000,732.000000,1054.000000,472.000000,1023.000000,987.000000,992.000000,581.000000,883.000000,1143.000000,473.000000,1044.000000,800.000000,776.000000,936.000000,1138.000000,952.000000,908.000000,361.000000,918.000000,984.000000,831.000000,1181.000000,858.000000,1028.000000,942.000000,1572.000000,1956.000000,1246.000000,1046.000000,1418.000000,1288.000000,1446.000000,786.000000,1341.000000,1733.000000,1280.000000,1166.000000,1566.000000,1548.000000,1170.000000,626.000000,1066.000000,1342.000000,1278.000000,908.000000,1131.000000,1140.000000,628.000000,706.000000,1492.000000,1269.000000,1199.000000,699.000000,1414.000000,1076.000000,1160.000000,1404.000000,1312.000000,1412.000000,1135.000000,1586.000000,1188.000000,1319.000000,515.000000,1427.000000,882.000000,854.000000,1500.000000,838.000000,1511.000000,1657.000000,1341.000000,963.000000,1286.000000,1374.000000,16.000000,1036.000000,1930.000000,1555.000000,1332.000000,206.000000,902.000000,1562.000000,0.000000,1383.000000,1277.000000,1499.000000,1152.000000,1382.000000,2318.000000,869.000000,2078.000000,433.000000,1689.000000,2370.000000,3.000000,1413.000000,2194.000000,1552.000000,1582.000000,1440.000000,2363.000000,942.000000,2078.000000,1277.000000,1506.000000,1437.000000,436.000000,79.000000,1652.000000,777.000000,297.000000,1728.000000,0.000000,1666.000000,1803.000000,1729.000000,761.000000,793.000000,1209.000000,1075.000000,959.000000,913.000000,1215.000000,911.000000,830.000000,537.000000,1153.000000,993.000000,1052.000000,1144.000000,904.000000,1845.000000,1228.000000,736.000000,1218.000000,36.000000,382.000000,1310.000000,1133.000000,1548.000000,951.000000,952.000000,738.000000,1515.000000,1051.000000,601.000000,1256.000000,1115.000000,1320.000000,1919.000000,488.000000,655.000000,729.000000,1482.000000,567.000000,606.000000,1483.000000,1346.000000,999.000000,1215.000000,1292.000000,448.000000,1116.000000,301.000000,1395.000000,1523.000000,1331.000000,1331.000000,0.000000,0.000000,0.000000,0.000000,0.000000,0.000000,0.000000,0.000000,0.000000,0.000000,0.000000,0.000000,765.000000,2.000000,0.000000,0.000000,1243.000000,1177.000000,1015.000000,896.000000,1286.000000,2694.000000,868.000000,1272.000000,1480.000000,1070.000000,1304.000000,1137.000000,1250.000000,581.000000,720.000000,927.000000,1613.000000,1833.000000,2505.000000,1933.000000,2754.000000,2168.000000,364.000000,1624.000000,1277.000000,369.000000,1591.000000,1870.000000,1154.000000,574.000000,2256.000000,1489.000000,1175.000000,888.000000,1262.000000,1110.000000,716.000000,1108.000000,923.000000,590.000000,1558.000000,1160.000000,121.000000,906.000000,1148.000000,20.000000,1715.000000,1316.000000,0.000000,0.000000,3599.000000,867.000000,0.000000,1613.000000,1784.000000,1273.000000,854.000000,2110.000000,0.000000,1129.000000,837.000000,1676.000000,2214.000000,1352.000000,0.000000,787.000000,769.000000,1382.000000,1137.000000,1243.000000,2.000000,0.000000,1158.000000,1077.000000,485.000000,204.000000,822.000000,1308.000000,1200.000000,14.000000,1044.000000,1563.000000,1967.000000,1964.000000,1417.000000,570.000000,2232.000000,1245.000000,2086.000000,0.000000,666.000000,1292.000000,1238.000000,1299.000000,1160.000000,626.000000,794.000000,1224.000000,2006.000000,437.000000,2395.000000,1793.000000,1597.000000,693.000000,2214.000000,2026.000000,1643.000000,957.000000,1050.000000,1320.000000,1636.000000,1665.000000,0.000000,1268.000000,18.000000,1657.000000,1405.000000,755.000000,1588.000000,2141.000000,1386.000000,702.000000,995.000000,1251.000000,1775.000000,1068.000000,260.000000,1289.000000,1469.000000,1263.000000,1682.000000,1695.000000,1493.000000,1233.000000,1383.000000,907.000000,1022.000000,799.000000,838.000000,1341.000000,1766.000000,1775.000000,1713.000000,1569.000000,1996.000000,2284.000000,1566.000000,2080.000000,1938.000000,1479.000000,1084.000000,793.000000,985.000000,602.000000,199.000000,1462.000000,577.000000,1169.000000,6.000000,256.000000,2049.000000,2859.000000,2449.000000,1765.000000,1900.000000,1720.000000,975.000000,2081.000000,2317.000000,2772.000000,1866.000000,856.000000,1624.000000,2516.000000,0.000000,844.000000,1328.000000,1648.000000,1589.000000,1782.000000,0.000000,2463.000000,1930.000000,1034.000000,1561.000000,1652.000000,1814.000000,2153.000000,0.000000,1709.000000,0.000000,713.000000,890.000000,1307.000000,0.000000,0.000000,1141.000000,1526.000000,1045.000000,1201.000000,1254.000000,282.000000,1199.000000,1061.000000,1318.000000,0.000000,1200.000000,787.000000,741.000000,1366.000000,1644.000000,1885.000000,1538.000000,210.000000,891.000000,540.000000,1431.000000,675.000000,1869.000000,2416.000000,174.000000,2098.000000,2454.000000,5.000000,2159.000000,1108.000000,1256.000000,1287.000000,1461.000000,1339.000000,1190.000000,1033.000000,906.000000,697.000000,914.000000,1635.000000,1278.000000,1969.000000,1402.000000,2410.000000,1163.000000,2500.000000,2027.000000,1757.000000,3140.000000,2568.000000,1794.000000,982.000000,1851.000000,2827.000000,1966.000000,1553.000000,1088.000000,2075.000000,2556.000000,125.000000,2385.000000,2824.000000,2102.000000,2373.000000,2430.000000,3010.000000,2322.000000,1449.000000,1176.000000,2476.000000,1894.000000,1357.000000,1187.000000,751.000000,1212.000000,1873.000000,2851.000000,1352.000000,44.000000,1651.000000,2381.000000,328.000000,1681.000000,203.000000,358.000000,910.000000,228.000000,417.000000,720.000000,1372.000000,901.000000,968.000000,2438.000000,1552.000000,899.000000,914.000000,1428.000000,564.000000,640.000000,455.000000,1084.000000,1878.000000,775.000000,3.000000,1557.000000,2259.000000,1765.000000,550.000000,1618.000000,2266.000000,2390.000000,1973.000000,888.000000,1210.000000,409.000000,573.000000,0.000000,0.000000,0.000000,0.000000,0.000000,0.000000,1373.000000,4.000000,2041.000000,1899.000000,0.000000,1687.000000,2081.000000,2284.000000,1971.000000,0.000000,1737.000000,2596.000000,240.000000,480.000000,1101.000000,2080.000000,1145.000000,623.000000,18.000000,1.000000,945.000000,2.000000,146.000000,4.000000,279.000000,0.000000,176.000000,530.000000,477.000000,652.000000,3917.000000,98.000000,361.000000,335.000000,1368.000000,1542.000000,1892.000000,2116.000000,1857.000000,2063.000000,1749.000000,2195.000000,1761.000000,2253.000000,2321.000000,1634.000000,2027.000000,2069.000000,1774.000000,1777.000000,1739.000000,2140.000000,2453.000000,1067.000000,2227.000000,2409.000000,2951.000000,352.000000,1267.000000,3170.000000,2347.000000,1295.000000,2648.000000,2197.000000,1431.000000,2897.000000,1715.000000,2523.000000,1654.000000,728.000000,3135.000000,2340.000000,1194.000000,1999.000000,2229.000000,754.000000,980.000000,1530.000000,1878.000000,2419.000000,1489.000000,1813.000000
    Mean Firing Rate (Hz),1.353333,1.500000,1.301667,1.545000,1.638333,1.866667,2.051667,0.003333,1.860000,2.078333,1.935000,0.000000,0.920000,2.140000,0.756667,0.016667,0.028333,1.818333,1.686667,1.810000,1.526667,1.315000,1.131667,0.753333,0.495000,1.620000,1.946667,0.356667,2.058333,3.478333,0.353333,1.730000,1.505000,1.300000,1.885000,1.790000,1.623333,1.493333,2.721667,0.480000,1.550000,1.711667,1.846667,1.993333,1.943333,1.363333,1.851667,2.095000,0.810000,0.611667,1.276667,0.000000,1.505000,1.338333,0.000000,1.426667,1.376667,1.050000,1.771667,0.143333,1.486667,0.736667,1.411667,1.365000,0.000000,1.626667,0.001667,0.000000,0.000000,0.001667,0.000000,2.125000,3.048333,2.711667,0.000000,0.000000,0.000000,0.978333,0.000000,2.746667,2.351667,1.455000,1.528333,0.055000,1.156667,2.136667,2.591667,0.850000,2.170000,0.870000,2.126667,2.640000,6.146667,1.753333,2.626667,1.291667,0.415000,0.901667,2.295000,1.731667,0.000000,1.091667,0.590000,2.021667,1.761667,1.605000,1.575000,0.245000,1.246667,1.331667,2.106667,1.913333,3.133333,4.258333,1.858333,1.338333,1.786667,2.028333,1.961667,1.285000,1.211667,1.331667,2.065000,1.901667,1.695000,1.426667,1.760000,1.893333,2.725000,1.095000,2.393333,2.435000,2.153333,3.068333,1.525000,0.096667,1.588333,1.990000,2.571667,0.375000,1.735000,3.501667,1.456667,0.200000,2.193333,2.085000,1.508333,1.970000,1.943333,1.405000,1.921667,1.225000,1.208333,1.528333,2.053333,2.086667,0.500000,1.435000,1.623333,1.785000,2.416667,2.873333,3.125000,1.606667,3.050000,2.108333,2.915000,2.780000,1.806667,2.151667,3.023333,2.663333,3.256667,2.863333,1.790000,1.290000,1.626667,0.615000,1.620000,1.701667,1.608333,1.346667,1.160000,1.220000,1.756667,0.786667,1.705000,1.645000,1.653333,0.968333,1.471667,1.905000,0.788333,1.740000,1.333333,1.293333,1.560000,1.896667,1.586667,1.513333,0.601667,1.530000,1.640000,1.385000,1.968333,1.430000,1.713333,1.570000,2.620000,3.260000,2.076667,1.743333,2.363333,2.146667,2.410000,1.310000,2.235000,2.888333,2.133333,1.943333,2.610000,2.580000,1.950000,1.043333,1.776667,2.236667,2.130000,1.513333,1.885000,1.900000,1.046667,1.176667,2.486667,2.115000,1.998333,1.165000,2.356667,1.793333,1.933333,2.340000,2.186667,2.353333,1.891667,2.643333,1.980000,2.198333,0.858333,2.378333,1.470000,1.423333,2.500000,1.396667,2.518333,2.761667,2.235000,1.605000,2.143333,2.290000,0.026667,1.726667,3.216667,2.591667,2.220000,0.343333,1.503333,2.603333,0.000000,2.305000,2.128333,2.498333,1.920000,2.303333,3.863333,1.448333,3.463333,0.721667,2.815000,3.950000,0.005000,2.355000,3.656667,2.586667,2.636667,2.400000,3.938333,1.570000,3.463333,2.128333,2.510000,2.395000,0.726667,0.131667,2.753333,1.295000,0.495000,2.880000,0.000000,2.776667,3.005000,2.881667,1.268333,1.321667,2.015000,1.791667,1.598333,1.521667,2.025000,1.518333,1.383333,0.895000,1.921667,1.655000,1.753333,1.906667,1.506667,3.075000,2.046667,1.226667,2.030000,0.060000,0.636667,2.183333,1.888333,2.580000,1.585000,1.586667,1.230000,2.525000,1.751667,1.001667,2.093333,1.858333,2.200000,3.198333,0.813333,1.091667,1.215000,2.470000,0.945000,1.010000,2.471667,2.243333,1.665000,2.025000,2.153333,0.746667,1.860000,0.501667,2.325000,2.538333,2.218333,2.218333,0.000000,0.000000,0.000000,0.000000,0.000000,0.000000,0.000000,0.000000,0.000000,0.000000,0.000000,0.000000,1.275000,0.003333,0.000000,0.000000,2.071667,1.961667,1.691667,1.493333,2.143333,4.490000,1.446667,2.120000,2.466667,1.783333,2.173333,1.895000,2.083333,0.968333,1.200000,1.545000,2.688333,3.055000,4.175000,3.221667,4.590000,3.613333,0.606667,2.706667,2.128333,0.615000,2.651667,3.116667,1.923333,0.956667,3.760000,2.481667,1.958333,1.480000,2.103333,1.850000,1.193333,1.846667,1.538333,0.983333,2.596667,1.933333,0.201667,1.510000,1.913333,0.033333,2.858333,2.193333,0.000000,0.000000,5.998333,1.445000,0.000000,2.688333,2.973333,2.121667,1.423333,3.516667,0.000000,1.881667,1.395000,2.793333,3.690000,2.253333,0.000000,1.311667,1.281667,2.303333,1.895000,2.071667,0.003333,0.000000,1.930000,1.795000,0.808333,0.340000,1.370000,2.180000,2.000000,0.023333,1.740000,2.605000,3.278333,3.273333,2.361667,0.950000,3.720000,2.075000,3.476667,0.000000,1.110000,2.153333,2.063333,2.165000,1.933333,1.043333,1.323333,2.040000,3.343333,0.728333,3.991667,2.988333,2.661667,1.155000,3.690000,3.376667,2.738333,1.595000,1.750000,2.200000,2.726667,2.775000,0.000000,2.113333,0.030000,2.761667,2.341667,1.258333,2.646667,3.568333,2.310000,1.170000,1.658333,2.085000,2.958333,1.780000,0.433333,2.148333,2.448333,2.105000,2.803333,2.825000,2.488333,2.055000,2.305000,1.511667,1.703333,1.331667,1.396667,2.235000,2.943333,2.958333,2.855000,2.615000,3.326667,3.806667,2.610000,3.466667,3.230000,2.465000,1.806667,1.321667,1.641667,1.003333,0.331667,2.436667,0.961667,1.948333,0.010000,0.426667,3.415000,4.765000,4.081667,2.941667,3.166667,2.866667,1.625000,3.468333,3.861667,4.620000,3.110000,1.426667,2.706667,4.193333,0.000000,1.406667,2.213333,2.746667,2.648333,2.970000,0.000000,4.105000,3.216667,1.723333,2.601667,2.753333,3.023333,3.588333,0.000000,2.848333,0.000000,1.188333,1.483333,2.178333,0.000000,0.000000,1.901667,2.543333,1.741667,2.001667,2.090000,0.470000,1.998333,1.768333,2.196667,0.000000,2.000000,1.311667,1.235000,2.276667,2.740000,3.141667,2.563333,0.350000,1.485000,0.900000,2.385000,1.125000,3.115000,4.026667,0.290000,3.496667,4.090000,0.008333,3.598333,1.846667,2.093333,2.145000,2.435000,2.231667,1.983333,1.721667,1.510000,1.161667,1.523333,2.725000,2.130000,3.281667,2.336667,4.016667,1.938333,4.166667,3.378333,2.928333,5.233333,4.280000,2.990000,1.636667,3.085000,4.711667,3.276667,2.588333,1.813333,3.458333,4.260000,0.208333,3.975000,4.706667,3.503333,3.955000,4.050000,5.016667,3.870000,2.415000,1.960000,4.126667,3.156667,2.261667,1.978333,1.251667,2.020000,3.121667,4.751667,2.253333,0.073333,2.751667,3.968333,0.546667,2.801667,0.338333,0.596667,1.516667,0.380000,0.695000,1.200000,2.286667,1.501667,1.613333,4.063333,2.586667,1.498333,1.523333,2.380000,0.940000,1.066667,0.758333,1.806667,3.130000,1.291667,0.005000,2.595000,3.765000,2.941667,0.916667,2.696667,3.776667,3.983333,3.288333,1.480000,2.016667,0.681667,0.955000,0.000000,0.000000,0.000000,0.000000,0.000000,0.000000,2.288333,0.006667,3.401667,3.165000,0.000000,2.811667,3.468333,3.806667,3.285000,0.000000,2.895000,4.326667,0.400000,0.800000,1.835000,3.466667,1.908333,1.038333,0.030000,0.001667,1.575000,0.003333,0.243333,0.006667,0.465000,0.000000,0.293333,0.883333,0.795000,1.086667,6.528333,0.163333,0.601667,0.558333,2.280000,2.570000,3.153333,3.526667,3.095000,3.438333,2.915000,3.658333,2.935000,3.755000,3.868333,2.723333,3.378333,3.448333,2.956667,2.961667,2.898333,3.566667,4.088333,1.778333,3.711667,4.015000,4.918333,0.586667,2.111667,5.283333,3.911667,2.158333,4.413333,3.661667,2.385000,4.828333,2.858333,4.205000,2.756667,1.213333,5.225000,3.900000,1.990000,3.331667,3.715000,1.256667,1.633333,2.550000,3.130000,4.031667,2.481667,3.021667
    ISI Coefficient of Variation,5.962243,6.287071,5.844903,6.133875,6.469827,6.989263,7.143381, ,7.003496,7.391186,6.769675, ,4.886629,7.332536,4.411641, , ,6.239993,6.441271,6.253899,6.014166,5.701431,5.273543,3.992945,3.201901,6.294974,5.900002,2.845295,6.273203,1.509530,2.831058,6.401226,6.677667,6.215900,5.351125,7.203660,6.964290,6.352826,6.066158,3.698199,6.803032,7.104217,7.296879,7.663245,7.545333,6.371226,7.350797,6.768936,4.539807,3.915204,5.745187, ,6.247038,5.871099, ,6.011702,5.972495,5.196721,6.679212,1.682091,6.202257,4.319217,6.046000,5.922945, ,5.985501, , , , , ,6.863694,8.237003,7.093585, , , ,4.600475, ,7.462381,5.476429,4.284998,4.397574, ,3.792287,5.235638,5.675209,3.214397,5.263022,3.254994,5.151470,5.465999,2.057937,4.723030,5.741312,3.518243,2.799651,4.269694,6.786655,5.983143, ,4.712370,3.404149,6.474848,5.871103,5.753419,5.700045,2.057618,5.055815,5.228608,6.598586,6.256237,1.405912,1.725005,4.758449,4.727248,5.252415,3.094493,5.731829,4.627914,3.819082,4.705054,5.785137,5.626214,5.234060,4.888045,5.435701,5.653454,5.031245,3.115878,4.665808,4.727699,4.467609,5.239152,3.700378, ,3.754727,4.285138,4.520557,1.573168,3.922194,5.486145,3.631280,1.430939,4.798930,4.700176,3.964731,4.559312,4.530241,3.820502,4.500242,3.550872,3.523790,3.993042,4.659518,4.700712,2.138402,3.861028,4.120129,4.321588,4.826841,5.276638,5.501312,3.899375,5.421086,4.497878,5.248846,5.181345,4.143555,4.544180,5.415938,5.074651,5.627402,5.224588,4.127675,3.463818,5.104752,3.040377,5.055830,5.225020,5.067947,4.619612,4.278601,4.377937,5.308196,3.480620,5.186866,5.131236,5.145885,3.863659,4.586815,5.519817,3.398921,4.626052,4.493458,4.419594,4.833920,5.372430,4.631928,4.446787,2.929890,4.827406,3.924032,4.496254,5.057867,4.448463,4.362491,4.351215,4.468244,6.256003,4.996797,4.589310,5.296405,5.058687,5.370701,4.081648,5.129493,5.799667,5.054736,4.807898,5.550910,5.445742,4.775521,3.566228,4.219024,5.094786,4.958383,4.159547,4.663601,4.678128,3.412789,3.636687,5.141925,4.939611,4.781469,3.618271,5.130943,4.542796,4.723197,5.214537,4.521415,4.704000,4.204724,5.006598,4.292559,4.555701,2.744851,4.744743,3.675723,3.617547,4.846236,3.585475,4.810515,5.105397,4.578426,3.848975,3.867960,3.975860, ,3.029422,4.388772,3.945725,3.726264,1.690109,2.310487,4.066476, ,3.491217,3.695875,3.869864,3.399931,3.793211,4.578526,2.742397,4.322928,2.084669,3.875303,4.627780, ,3.528184,4.411521,3.476269,3.734794,3.566069,4.605761,2.825135,4.316034,3.334704,5.151275,5.031456,2.775387,1.234645,5.402984,3.644769,2.148532,5.531800, ,4.694239,5.649558,5.534169,3.587811,3.705350,4.589155,4.320911,4.411067,4.282503,4.885506,4.316681,4.104252,3.251256,4.860692,3.764688,4.588726,4.850776,4.290447,3.908646,5.031960,3.850139,5.014897, ,2.877558,4.599719,4.979797,5.913533,4.636430,4.623364,4.046391,5.857377,4.874087,3.660639,5.327458,5.044516,5.450254,4.670229,3.225467,3.798929,3.122495,4.556269,2.717730,3.034195,4.537540,4.256018,3.897629,4.126510,4.248666,2.649509,3.875653,2.906312,4.311691,4.544719,4.263024,4.324093, , , , , , , , , , , , ,4.568439, , , ,4.457535,4.303522,4.013008,3.643158,4.490075,3.174911,3.761544,4.488129,4.641634,4.073434,4.237131,3.922093,4.570639,3.063781,3.459002,3.902895,3.548875,3.801101,4.357402,3.898384,2.069472,4.148391,1.592572,3.561366,3.127449,1.523361,3.510933,3.837110,2.955901,1.964216,3.839942,3.385109,4.096629,3.565999,3.777431,3.962015,3.144004,3.870808,3.576704,2.815865,4.749085,4.062513,1.497075,3.553318,4.039613, ,4.974717,4.330874, , ,1.513003,4.128871, ,5.694587,5.991140,5.046273,4.096473,3.347681, ,4.735733,4.018912,5.811631,6.485300,5.198156, ,3.331116,3.197303,4.489650,4.049058,4.239088, , ,4.023627,3.934326,2.546975,1.489714,3.099143,4.361667,4.162907, ,3.307785,4.100282,4.605936,3.769599,3.893015,2.408341,4.924097,3.623885,4.756342, ,2.623881,3.704271,3.621278,3.716791,3.505571,2.186214,2.912736,3.681917,4.707124,2.257204,5.127845,4.458291,4.183579,2.766273,4.960224,4.750820,4.169238,3.207863,2.778341,3.781833,4.235728,4.217393, ,4.464729, ,5.128283,4.501060,3.438304,5.010011,5.839604,4.685652,2.517013,3.936519,4.442144,5.323569,4.099063,2.064572,4.484481,4.458421,4.086901,4.170558,4.754508,4.395556,4.009819,4.173847,3.458691,3.679201,3.225415,3.314472,4.252668,4.514339,4.545298,4.657958,4.486278,4.075569,4.392114,3.601677,4.178772,4.029698,3.476698,3.122343,2.482189,2.811264,2.186180,1.546156,3.453481,2.084958,3.071460, ,1.470961,4.239872,4.971176,4.665128,3.932698,4.074539,3.848917,2.856535,4.283575,4.522772,4.968606,4.044447,2.648501,3.757859,4.669226, ,2.628232,3.213159,3.585716,3.552308,3.774546, ,4.472658,3.938341,2.808390,3.516866,3.628216,3.790119,4.170580, ,3.691907, ,2.271347,3.346237,4.141142, , ,3.853610,4.482165,3.677905,3.962039,4.046407,1.748953,3.957693,3.707673,4.144744, ,3.959610,3.165872,2.974104,4.135461,4.511899,4.886746,4.376531,1.492576,3.287040,2.486162,4.224215,2.825297,4.868497,5.551912,1.421690,4.690857,5.605277, ,4.208744,2.932999,3.160694,3.199596,3.426385,3.269296,3.106697,2.840100,2.632257,2.357348,2.675679,3.640982,3.188433,4.015490,3.352543,2.833825,3.793147,5.247767,5.058243,4.694634,6.327533,5.709528,4.746704,3.480083,4.800544,5.998797,4.972328,4.395090,3.659199,5.107631,5.699895,1.157682,3.788368,4.440620,3.806576,4.069025,4.054222,4.568051,4.019031,3.125437,2.779962,4.157242,3.610623,3.112124,2.801168,2.343171,2.828616,3.572201,5.807913,3.855012, ,4.471780,5.393933,1.930007,4.506673,1.345190,1.924657,3.246701,1.537881,2.057329,2.862267,4.053919,3.242393,3.372269,4.545782,3.296245,2.891278,2.713711,2.939372,2.352730,2.468803,2.056078,3.285022,3.605234,2.624394, ,4.248710,4.345011,3.821267,2.040051,3.407510,4.070086,4.152940,3.680510,2.427076,2.902450,1.535561,1.862271, , , , , , ,3.095197, ,4.833747,4.650455, ,4.382408,4.866567,5.112524,4.744424, ,4.444626,5.451467,1.522411,2.201619,3.481258,4.872634,3.573070,2.897863, , ,2.843996, ,1.604676, ,2.690108, ,1.866484,3.669975,1.949815,3.299004,0.929590,1.360579,2.962739,2.421835,3.360281,3.584546,3.991448,4.061254,3.957474,4.179592,3.832571,4.313053,3.842708,4.370663,3.721546,3.693177,4.143434,4.186366,3.858168,3.822459,3.592663,4.009028,4.310033,2.751318,4.089296,4.259977,4.734204,1.484099,3.024155,4.904528,4.159959,3.078794,4.471390,4.050449,3.229270,4.694446,4.246383,5.234265,4.185407,3.035532,5.846387,4.816740,3.503375,4.565122,4.878856,2.840347,3.135403,4.047880,4.503852,5.055889,3.926664,4.294479
Electrode Burst Metrics
    Number of Bursts,32.000000,32.000000,32.000000,32.000000,32.000000,32.000000,32.000000,0.000000,32.000000,32.000000,32.000000,0.000000,32.000000,32.000000,32.000000,0.000000,0.000000,34.000000,34.000000,34.000000,34.000000,34.000000,34.000000,34.000000,33.000000,34.000000,34.000000,28.000000,34.000000,34.000000,28.000000,34.000000,29.000000,29.000000,29.000000,29.000000,29.000000,29.000000,30.000000,29.000000,29.000000,29.000000,29.000000,30.000000,29.000000,29.000000,29.000000,29.000000,28.000000,28.000000,28.000000,0.000000,28.000000,28.000000,0.000000,28.000000,28.000000,28.000000,28.000000,6.000000,28.000000,28.000000,28.000000,28.000000,0.000000,48.000000,0.000000,0.000000,0.000000,0.000000,0.000000,48.000000,48.000000,48.000000,0.000000,0.000000,0.000000,48.000000,0.000000,48.000000,53.000000,53.000000,53.000000,1.000000,53.000000,53.000000,53.000000,53.000000,53.000000,53.000000,53.000000,53.000000,53.000000,53.000000,53.000000,53.000000,35.000000,39.000000,39.000000,39.000000,0.000000,39.000000,39.000000,39.000000,39.000000,39.000000,39.000000,17.000000,39.000000,39.000000,39.000000,40.000000,42.000000,42.000000,42.000000,42.000000,42.000000,42.000000,42.000000,42.000000,42.000000,42.000000,42.000000,42.000000,42.000000,42.000000,42.000000,42.000000,65.000000,65.000000,65.000000,65.000000,65.000000,65.000000,65.000000,0.000000,65.000000,65.000000,65.000000,12.000000,65.000000,65.000000,65.000000,6.000000,65.000000,65.000000,65.000000,65.000000,65.000000,65.000000,65.000000,65.000000,65.000000,65.000000,65.000000,65.000000,38.000000,65.000000,65.000000,65.000000,95.000000,95.000000,95.000000,95.000000,95.000000,95.000000,95.000000,95.000000,95.000000,95.000000,95.000000,95.000000,95.000000,95.000000,95.000000,91.000000,42.000000,42.000000,42.000000,42.000000,42.000000,42.000000,42.000000,42.000000,42.000000,42.000000,42.000000,42.000000,42.000000,42.000000,42.000000,42.000000,48.000000,49.000000,49.000000,49.000000,49.000000,49.000000,49.000000,49.000000,46.000000,49.000000,49.000000,49.000000,49.000000,49.000000,49.000000,49.000000,52.000000,50.000000,47.000000,45.000000,49.000000,48.000000,51.000000,42.000000,52.000000,52.000000,50.000000,51.000000,53.000000,53.000000,51.000000,42.000000,54.000000,54.000000,54.000000,54.000000,54.000000,54.000000,54.000000,54.000000,54.000000,54.000000,54.000000,54.000000,54.000000,54.000000,54.000000,54.000000,64.000000,64.000000,64.000000,64.000000,64.000000,64.000000,64.000000,64.000000,64.000000,64.000000,64.000000,64.000000,64.000000,64.000000,64.000000,64.000000,79.000000,80.000000,0.000000,74.000000,81.000000,81.000000,79.000000,17.000000,62.000000,81.000000,0.000000,79.000000,79.000000,80.000000,76.000000,78.000000,119.000000,52.000000,119.000000,44.000000,93.000000,119.000000,0.000000,100.000000,115.000000,102.000000,100.000000,103.000000,116.000000,61.000000,118.000000,93.000000,74.000000,74.000000,37.000000,2.000000,74.000000,60.000000,27.000000,74.000000,0.000000,74.000000,74.000000,74.000000,57.000000,41.000000,74.000000,68.000000,57.000000,57.000000,57.000000,57.000000,57.000000,53.000000,57.000000,57.000000,57.000000,57.000000,57.000000,57.000000,57.000000,55.000000,57.000000,1.000000,44.000000,59.000000,58.000000,59.000000,59.000000,59.000000,56.000000,60.000000,59.000000,57.000000,60.000000,59.000000,61.000000,60.000000,41.000000,58.000000,50.000000,64.000000,47.000000,46.000000,65.000000,57.000000,55.000000,59.000000,59.000000,45.000000,61.000000,35.000000,65.000000,72.000000,63.000000,64.000000,0.000000,0.000000,0.000000,0.000000,0.000000,0.000000,0.000000,0.000000,0.000000,0.000000,0.000000,0.000000,29.000000,0.000000,0.000000,0.000000,58.000000,58.000000,57.000000,57.000000,58.000000,58.000000,57.000000,59.000000,57.000000,57.000000,58.000000,58.000000,57.000000,56.000000,57.000000,57.000000,131.000000,131.000000,131.000000,131.000000,131.000000,131.000000,18.000000,129.000000,120.000000,11.000000,126.000000,131.000000,122.000000,37.000000,131.000000,122.000000,75.000000,68.000000,82.000000,79.000000,67.000000,82.000000,79.000000,50.000000,82.000000,73.000000,7.000000,78.000000,82.000000,0.000000,82.000000,81.000000,0.000000,0.000000,68.000000,59.000000,0.000000,64.000000,64.000000,66.000000,63.000000,65.000000,0.000000,66.000000,56.000000,67.000000,64.000000,64.000000,0.000000,71.000000,60.000000,78.000000,78.000000,78.000000,0.000000,0.000000,77.000000,78.000000,47.000000,9.000000,75.000000,77.000000,77.000000,0.000000,94.000000,112.000000,114.000000,118.000000,108.000000,48.000000,115.000000,106.000000,119.000000,0.000000,54.000000,100.000000,105.000000,110.000000,104.000000,33.000000,60.000000,83.000000,89.000000,39.000000,97.000000,99.000000,88.000000,66.000000,96.000000,100.000000,82.000000,74.000000,79.000000,60.000000,96.000000,93.000000,0.000000,68.000000,0.000000,83.000000,82.000000,68.000000,82.000000,83.000000,82.000000,38.000000,75.000000,80.000000,82.000000,80.000000,23.000000,71.000000,74.000000,74.000000,74.000000,74.000000,74.000000,74.000000,74.000000,73.000000,72.000000,69.000000,72.000000,74.000000,74.000000,74.000000,74.000000,74.000000,123.000000,123.000000,116.000000,123.000000,123.000000,113.000000,73.000000,80.000000,86.000000,42.000000,5.000000,116.000000,41.000000,100.000000,0.000000,5.000000,123.000000,124.000000,124.000000,122.000000,124.000000,95.000000,76.000000,124.000000,123.000000,124.000000,123.000000,79.000000,121.000000,122.000000,0.000000,52.000000,87.000000,114.000000,118.000000,127.000000,0.000000,129.000000,121.000000,85.000000,121.000000,121.000000,124.000000,129.000000,0.000000,118.000000,0.000000,52.000000,82.000000,88.000000,0.000000,0.000000,90.000000,91.000000,91.000000,88.000000,73.000000,11.000000,91.000000,86.000000,90.000000,0.000000,91.000000,84.000000,21.000000,88.000000,98.000000,100.000000,99.000000,12.000000,81.000000,33.000000,98.000000,49.000000,98.000000,101.000000,7.000000,100.000000,101.000000,0.000000,126.000000,90.000000,107.000000,109.000000,123.000000,110.000000,84.000000,86.000000,87.000000,80.000000,72.000000,122.000000,112.000000,125.000000,123.000000,125.000000,91.000000,96.000000,96.000000,95.000000,98.000000,97.000000,70.000000,70.000000,96.000000,97.000000,95.000000,91.000000,92.000000,85.000000,96.000000,2.000000,132.000000,139.000000,118.000000,119.000000,127.000000,141.000000,122.000000,109.000000,90.000000,132.000000,122.000000,96.000000,89.000000,66.000000,104.000000,119.000000,90.000000,71.000000,1.000000,92.000000,92.000000,21.000000,82.000000,2.000000,18.000000,71.000000,15.000000,12.000000,51.000000,87.000000,42.000000,46.000000,103.000000,48.000000,46.000000,48.000000,51.000000,29.000000,44.000000,37.000000,44.000000,80.000000,51.000000,0.000000,84.000000,107.000000,84.000000,22.000000,134.000000,135.000000,135.000000,132.000000,72.000000,118.000000,11.000000,10.000000,0.000000,0.000000,0.000000,0.000000,0.000000,0.000000,107.000000,0.000000,94.000000,96.000000,0.000000,95.000000,95.000000,96.000000,96.000000,0.000000,96.000000,96.000000,9.000000,14.000000,84.000000,96.000000,69.000000,47.000000,0.000000,0.000000,41.000000,0.000000,3.000000,0.000000,22.000000,0.000000,14.000000,33.000000,25.000000,32.000000,31.000000,1.000000,35.000000,27.000000,127.000000,128.000000,129.000000,129.000000,129.000000,129.000000,129.000000,129.000000,129.000000,129.000000,129.000000,128.000000,129.000000,129.000000,128.000000,129.000000,139.000000,140.000000,141.000000,100.000000,140.000000,141.000000,141.000000,7.000000,92.000000,141.000000,141.000000,106.000000,137.000000,140.000000,116.000000,140.000000,69.000000,99.000000,81.000000,47.000000,114.000000,107.000000,69.000000,104.000000,103.000000,51.000000,68.000000,85.000000,106.000000,111.000000,90.000000,101.000000
    Burst Duration - Avg (sec),0.091840,0.093775,0.098160,0.103032,0.100188,0.107847,0.127910, ,0.133635,0.123260,0.113300, ,0.082927,0.141405,0.078683, , ,0.094320,0.084899,0.090885,0.083588,0.078536,0.079871,0.068746,0.061341,0.093205,0.102616,0.064020,0.117445,0.093438,0.052529,0.084936,0.103917,0.115010,0.111487,0.116028,0.110734,0.105702,0.114469,0.073214,0.108074,0.111206,0.111674,0.122491,0.121520,0.104643,0.116179,0.121159,0.069231,0.069394,0.091077, ,0.116789,0.089500, ,0.102789,0.093860,0.078391,0.125814,0.048787,0.134860,0.076943,0.112231,0.127529, ,0.085923, , , , , ,0.085687,0.108547,0.096958, , , ,0.078495, ,0.095475,0.079843,0.071001,0.071226,0.022400,0.075659,0.076438,0.082715,0.054966,0.080116,0.059606,0.086780,0.082402,0.094296,0.078368,0.082776,0.068045,0.047191,0.059538,0.113971,0.093986, ,0.076718,0.053399,0.099949,0.088287,0.092207,0.084195,0.037416,0.069504,0.079202,0.102699,0.089338,0.074234,0.077110,0.088714,0.067318,0.076733,0.071825,0.079019,0.066970,0.064768,0.101872,0.103320,0.077663,0.073996,0.065899,0.073646,0.080579,0.082438,0.044838,0.081456,0.075873,0.067942,0.093068,0.055026, ,0.054716,0.070496,0.106594,0.054487,0.067622,0.119490,0.054242,0.038107,0.065655,0.057830,0.051684,0.059008,0.055842,0.045612,0.062943,0.039985,0.042076,0.047748,0.064436,0.061598,0.024495,0.051381,0.057291,0.066724,0.047032,0.057537,0.067329,0.034406,0.068972,0.042411,0.054530,0.059791,0.045549,0.044809,0.058851,0.053604,0.060333,0.058238,0.037683,0.037917,0.072646,0.036143,0.079888,0.074181,0.071659,0.064211,0.067918,0.059194,0.082650,0.055164,0.077781,0.081703,0.078032,0.051882,0.073160,0.094962,0.084590,0.073837,0.062452,0.057267,0.065762,0.078975,0.060903,0.056516,0.044456,0.058780,0.063623,0.061995,0.077448,0.056462,0.068250,0.065812,0.092203,0.157864,0.081406,0.080855,0.094069,0.090143,0.090836,0.072570,0.086148,0.108957,0.081056,0.077412,0.095944,0.103075,0.087741,0.065665,0.069326,0.078222,0.072305,0.058412,0.070250,0.075979,0.057166,0.059836,0.085530,0.089561,0.073501,0.055302,0.084422,0.070203,0.076843,0.080806,0.068889,0.075023,0.058855,0.078140,0.066115,0.064582,0.038670,0.067154,0.054406,0.062563,0.080580,0.051051,0.081179,0.092559,0.073899,0.067503,0.056966,0.054550, ,0.055730,0.077091,0.058328,0.056781,0.025967,0.049640,0.060693, ,0.068218,0.052349,0.065763,0.074665,0.056643,0.062177,0.060851,0.061750,0.032253,0.070080,0.065830, ,0.054242,0.078717,0.056256,0.064031,0.049935,0.074976,0.052105,0.067223,0.064034,0.096928,0.097920,0.069144,0.022000,0.106331,0.091444,0.035034,0.102717, ,0.102787,0.098561,0.097994,0.124515,0.161842,0.098015,0.094813,0.082107,0.082446,0.081349,0.072681,0.070820,0.074423,0.078184,0.065516,0.092873,0.093220,0.087687,0.087312,0.088001,0.054751,0.081540,0.047120,0.040313,0.083487,0.118414,0.091860,0.084151,0.103493,0.138536,0.097689,0.096767,0.078797,0.097933,0.090358,0.090223,0.079919,0.173510,0.077003,0.061493,0.080612,0.062626,0.052903,0.088615,0.100474,0.065756,0.068803,0.083500,0.055344,0.085002,0.035657,0.094276,0.104522,0.083902,0.077275, , , , , , , , , , , , ,1.026921, , , ,0.075386,0.067266,0.059669,0.064491,0.070596,0.082319,0.061698,0.068956,0.104292,0.072992,0.078531,0.102037,0.079698,0.058194,0.050919,0.053731,0.051049,0.050886,0.058034,0.060599,0.055271,0.050609,0.032240,0.051296,0.048531,0.023105,0.061340,0.055607,0.048636,0.044128,0.059817,0.058770,0.109826,0.069072,0.094456,0.078122,0.069721,0.085328,0.075600,0.123715,0.086542,0.118560,0.059063,0.045065,0.080524, ,0.069465,0.089023, , ,0.125904,0.142403, ,0.185057,0.150075,0.126217,0.128173,0.138004, ,0.139834,0.146823,0.107015,0.137814,0.167753, ,0.054999,0.062283,0.065073,0.059793,0.067885, , ,0.059377,0.050459,0.033146,0.059787,0.062812,0.064465,0.063338, ,0.059597,0.063988,0.074876,0.073728,0.063690,0.033128,0.073551,0.063693,0.061304, ,0.055455,0.057320,0.064053,0.059935,0.052841,0.111944,0.176351,0.083426,0.198448,0.143026,0.178167,0.139171,0.164869,0.053399,0.155672,0.126668,0.207430,0.101998,0.060621,0.200619,0.197558,0.181159, ,0.124112, ,0.105820,0.099660,0.058195,0.097068,0.086078,0.100499,0.204453,0.105922,0.109829,0.115266,0.086881,0.037057,0.138410,0.063091,0.060083,0.069472,0.087936,0.067571,0.066156,0.074120,0.047048,0.053782,0.053875,0.043084,0.059016,0.105194,0.081466,0.081657,0.069326,0.055612,0.059826,0.050536,0.052388,0.057154,0.055167,0.059911,0.039824,0.044151,0.074333,0.119328,0.047873,0.058406,0.051464, ,0.077264,0.077737,0.067035,0.078145,0.084315,0.081270,0.074269,0.079888,0.085893,0.094648,0.076277,0.074139,0.073971,0.083104,0.106020, ,0.133651,0.060816,0.062921,0.060534,0.069417, ,0.073036,0.078824,0.057588,0.067968,0.059767,0.076030,0.074140, ,0.064332, ,0.063560,0.067964,0.073324, , ,0.067479,0.075296,0.076760,0.077516,0.089752,0.085818,0.077286,0.078879,0.078767, ,0.075890,0.047687,0.542861,0.160285,0.134451,0.156608,0.142958,0.028107,0.170601,0.349910,0.148639,0.245486,0.121124,0.115319,0.646000,0.126791,0.111136, ,0.068675,0.060189,0.048413,0.050270,0.056362,0.054564,0.067435,0.057495,0.053530,0.038875,0.062509,0.059830,0.057489,0.063464,0.059910,0.063756,0.095600,0.186959,0.149197,0.128035,0.126164,0.146053,0.202504,0.130408,0.170024,0.130111,0.183507,0.162724,0.126443,0.179491,0.146734,0.022360,0.071737,0.073860,0.076807,0.069299,0.075502,0.072423,0.069586,0.059828,0.063227,0.065820,0.059344,0.050958,0.064185,0.042777,0.062138,0.064116,0.171483,0.196098,0.056480,0.146263,0.161004,0.041779,0.155663,1.136440,0.465338,0.186466,0.043296,0.631673,0.217388,0.144235,0.271080,0.225586,0.124899,0.270983,0.220642,0.239215,0.100229,0.186908,0.174575,0.062210,0.204796,0.256636,0.146869, ,0.117746,0.122045,0.173408,0.191473,0.049703,0.059509,0.062852,0.063750,0.041270,0.054500,0.073833,0.257864, , , , , , ,0.068326, ,0.112774,0.132560, ,0.123549,0.124120,0.111386,0.129135, ,0.125960,0.113702,0.025520,0.281606,0.145262,0.140526,0.142058,0.112119, , ,0.280911, ,0.134000, ,0.183749, ,0.052920,0.157842,0.168006,0.238803,0.118139,0.025760,0.097849,0.120376,0.055364,0.055761,0.061048,0.061994,0.050309,0.054527,0.059619,0.063259,0.058726,0.062016,0.064667,0.058376,0.053216,0.056080,0.057560,0.061197,0.078818,0.084787,0.081918,0.091204,0.089165,0.078588,0.076826,0.024606,0.111797,0.074581,0.076547,0.068084,0.077853,0.079822,0.092302,0.074872,0.196445,0.158095,0.098312,0.077544,0.137935,0.146823,0.177011,0.132026,0.140614,0.064024,0.163345,0.157003,0.119901,0.148378,0.136846,0.125809
    Burst Duration - Std (sec),0.012569,0.012162,0.010387,0.012422,0.009382,0.010935,0.009151, ,0.020674,0.011176,0.009678, ,0.013051,0.017351,0.008610, , ,0.009643,0.007239,0.009626,0.006647,0.006023,0.011101,0.006071,0.016798,0.011445,0.012617,0.008193,0.013714,0.011029,0.022326,0.004622,0.013826,0.012801,0.023506,0.013225,0.012877,0.015256,0.021181,0.028013,0.012839,0.015116,0.011370,0.017109,0.013073,0.012793,0.014447,0.014506,0.014206,0.007693,0.012174, ,0.013604,0.015707, ,0.010820,0.009143,0.006087,0.009792,0.014092,0.013639,0.012646,0.011066,0.008506, ,0.006511, , , , , ,0.005661,0.007579,0.007720, , , ,0.013082, ,0.006918,0.005951,0.007184,0.004892, ,0.008659,0.005152,0.006216,0.015104,0.007065,0.016428,0.019933,0.005135,0.015916,0.006750,0.005858,0.008754,0.010298,0.004513,0.013022,0.010004, ,0.017100,0.013592,0.009200,0.011549,0.013966,0.010462,0.020955,0.008730,0.009950,0.010296,0.012828,0.015853,0.011545,0.008645,0.004890,0.004581,0.005431,0.005807,0.005688,0.006070,0.005922,0.007090,0.005095,0.004750,0.004080,0.004071,0.010206,0.015563,0.013651,0.018477,0.010700,0.010081,0.023138,0.013212, ,0.010262,0.012113,0.023320,0.026533,0.015632,0.026502,0.009450,0.036954,0.011119,0.005263,0.007049,0.009664,0.007223,0.007484,0.010695,0.006604,0.009952,0.012527,0.005760,0.006270,0.011197,0.009922,0.012402,0.016978,0.012053,0.007304,0.012156,0.007052,0.016931,0.007789,0.009077,0.017431,0.010975,0.009326,0.012327,0.009448,0.013134,0.013718,0.009094,0.007327,0.011121,0.015197,0.012739,0.008420,0.012435,0.012418,0.009670,0.010578,0.011273,0.013935,0.006995,0.010429,0.009906,0.012884,0.009836,0.015719,0.255905,0.010810,0.009561,0.009952,0.018458,0.025983,0.009411,0.009212,0.012385,0.008420,0.013594,0.013855,0.013507,0.008096,0.011976,0.009460,0.023333,0.052156,0.016036,0.020778,0.028072,0.016587,0.025538,0.014051,0.028031,0.038955,0.027627,0.024634,0.036884,0.035131,0.030722,0.017339,0.010982,0.007117,0.006364,0.007402,0.008129,0.011741,0.016295,0.007204,0.012632,0.021058,0.008700,0.011619,0.010349,0.010038,0.010992,0.008067,0.008573,0.014741,0.012723,0.009664,0.012870,0.006495,0.010720,0.007899,0.023370,0.011666,0.016842,0.008034,0.021575,0.010578,0.015489,0.014185,0.023140,0.019633, ,0.025185,0.031569,0.024026,0.023566,0.009300,0.019477,0.026228, ,0.034050,0.025996,0.040190,0.045059,0.024635,0.088860,0.038257,0.088162,0.013536,0.144062,0.082744, ,0.093866,0.189927,0.044988,0.099395,0.058360,0.119077,0.016468,0.072978,0.105584,0.225491,0.258230,0.162640,0.005317,0.274024,0.205909,0.010128,0.252240, ,0.248029,0.226878,0.233135,0.328406,0.395013,0.230705,0.237873,0.181946,0.263033,0.200703,0.168014,0.202134,0.267445,0.184167,0.102103,0.146347,0.256411,0.272536,0.159028,0.171014,0.019067,0.192483, ,0.017378,0.176125,0.369093,0.206115,0.154747,0.299368,0.487770,0.210770,0.290332,0.203416,0.275051,0.219426,0.189387,0.104706,0.577517,0.221106,0.020795,0.025026,0.023602,0.015809,0.045608,0.048027,0.020870,0.023646,0.032313,0.030378,0.037113,0.014496,0.046849,0.051457,0.032611,0.028037, , , , , , , , , , , , ,0.401023, , , ,0.025775,0.019819,0.018329,0.033140,0.021934,0.026582,0.021222,0.018590,0.035814,0.028153,0.034391,0.060995,0.024038,0.020504,0.015141,0.019603,0.127237,0.131275,0.084368,0.127156,0.129462,0.097043,0.011117,0.134073,0.132584,0.008972,0.128626,0.135944,0.134319,0.027402,0.131939,0.108050,0.351170,0.108106,0.332923,0.145660,0.198376,0.309770,0.184492,0.420160,0.227786,0.351552,0.011002,0.019453,0.228190, ,0.135314,0.289114, , ,0.332867,0.431003, ,0.493690,0.380882,0.346825,0.428193,0.374974, ,0.425956,0.446358,0.272473,0.308043,0.504350, ,0.175174,0.196913,0.151371,0.169767,0.167082, , ,0.169570,0.064112,0.011047,0.082668,0.172157,0.149999,0.166152, ,0.099331,0.171649,0.162321,0.155315,0.169296,0.011911,0.122558,0.170301,0.103398, ,0.065300,0.114432,0.192093,0.181107,0.100058,0.340937,0.335590,0.139779,0.439890,0.292434,0.376721,0.372756,0.416983,0.057608,0.331448,0.290760,0.429876,0.207916,0.044855,0.374523,0.454659,0.432125, ,0.358009, ,0.295787,0.259855,0.141402,0.238976,0.159831,0.258239,0.518752,0.328124,0.333413,0.317505,0.224715,0.020456,0.375300,0.020917,0.017734,0.020987,0.042053,0.017151,0.025780,0.025507,0.018727,0.021569,0.020907,0.015748,0.019690,0.046133,0.025169,0.024635,0.019606,0.030643,0.034017,0.035442,0.034043,0.030596,0.035357,0.034405,0.033823,0.027528,0.037886,0.025155,0.032742,0.040196,0.031355, ,0.017708,0.202864,0.105741,0.182341,0.282061,0.239633,0.187816,0.077863,0.248546,0.215526,0.140618,0.129755,0.231525,0.272846,0.183177, ,0.432427,0.103156,0.132596,0.129063,0.130035, ,0.092252,0.136677,0.147797,0.128241,0.122377,0.136224,0.129330, ,0.135595, ,0.087182,0.150971,0.194959, , ,0.173124,0.217167,0.258680,0.261798,0.255863,0.175376,0.255813,0.267499,0.250059, ,0.254696,0.101741,1.103342,0.569502,0.427867,0.513932,0.474371,0.011745,0.584917,0.886047,0.536154,0.749470,0.355995,0.302909,1.057718,0.373028,0.285717, ,0.096457,0.168385,0.065870,0.062284,0.134157,0.103250,0.175668,0.120072,0.100198,0.032239,0.188214,0.144883,0.130125,0.144104,0.144203,0.103340,0.213240,0.460051,0.361807,0.291188,0.268473,0.372595,0.509133,0.301672,0.464675,0.302472,0.468437,0.433002,0.325935,0.477465,0.358808,0.002319,0.029057,0.031044,0.031608,0.023440,0.032437,0.030249,0.029678,0.025600,0.032226,0.030073,0.026347,0.023033,0.028757,0.016154,0.029928,0.028790,0.334367,0.344831, ,0.355234,0.332152,0.017658,0.350117,0.288330,0.756448,0.494835,0.010796,0.746823,0.526808,0.313577,0.586620,0.470109,0.217500,0.449529,0.499999,0.496419,0.156604,0.333646,0.448883,0.025767,0.448941,0.670978,0.361989, ,0.228084,0.213253,0.293917,0.447882,0.129420,0.123930,0.113885,0.133427,0.043907,0.143630,0.042020,0.415029, , , , , , ,0.144751, ,0.272391,0.346048, ,0.345195,0.295908,0.261974,0.341161, ,0.333935,0.233346,0.012948,0.388197,0.385252,0.343447,0.284671,0.164012, , ,0.213080, ,0.015303, ,0.067013, ,0.031175,0.096555,0.138712,0.129611,0.055432, ,0.024562,0.049360,0.159451,0.157793,0.163565,0.145584,0.132146,0.127095,0.163705,0.138214,0.173335,0.133397,0.160586,0.163303,0.128818,0.131428,0.158703,0.159369,0.247488,0.267693,0.226161,0.299162,0.276180,0.224582,0.178762,0.007576,0.344742,0.164469,0.216927,0.159142,0.200647,0.237081,0.302690,0.172035,0.381747,0.326368,0.089228,0.026695,0.276656,0.321479,0.367060,0.299167,0.326217,0.024544,0.342029,0.340984,0.264991,0.334432,0.278265,0.231324
    Number of Spikes per Burst - Avg,25.125000,28.000000,24.343750,28.562500,30.062500,34.718750,38.156250, ,34.375000,38.312500,35.968750, ,17.125000,39.437500,14.062500, , ,31.852941,28.823529,31.382353,26.794118,23.176471,19.852941,12.911765,8.575758,28.117647,33.294118,6.785714,34.558824,30.500000,6.642857,30.323529,31.034483,26.862069,32.827586,36.827586,33.517241,30.724138,38.766667,9.862069,32.034483,35.275862,34.931034,39.433333,39.793103,28.172414,37.931034,41.103448,17.035714,13.000000,26.928571, ,32.071429,27.678571, ,30.285714,29.107143,22.321429,37.107143,5.000000,31.571429,15.678571,30.142857,29.178571, ,20.312500, , , , , ,26.541667,37.916667,33.583333, , , ,12.208333, ,34.187500,26.566038,16.415094,17.283019,4.000000,13.075472,24.169811,29.245283,9.509434,24.528302,9.773585,22.811321,29.641509,30.830189,19.830189,29.509434,12.830189,6.600000,13.846154,34.692308,26.512821, ,16.358974,8.974359,30.820513,27.025641,24.461538,24.000000,5.000000,19.128205,20.410256,31.666667,28.500000,17.238095,26.095238,25.619048,19.095238,25.238095,25.000000,27.880952,18.333333,16.619048,19.000000,29.095238,27.047619,24.142857,20.357143,25.000000,26.857143,24.430769,10.015385,21.676923,22.169231,19.738462,26.338462,13.876923, ,14.492308,18.261538,22.169231,5.333333,15.400000,30.876923,13.184615,4.333333,19.938462,19.200000,13.876923,17.907692,17.830769,12.953846,17.538462,11.230769,11.107692,14.015385,18.876923,19.184615,5.447368,13.200000,14.892308,16.030769,15.157895,18.136842,19.368421,10.126316,18.168421,13.273684,18.210526,17.157895,11.252632,13.526316,19.042105,16.757895,20.442105,17.589474,11.168421,8.285714,23.190476,8.619048,23.095238,24.238095,22.928571,18.785714,16.500000,16.571429,24.976190,11.190476,24.238095,23.380952,23.500000,13.285714,20.714286,26.785714,9.812500,20.959184,16.163265,15.571429,18.877551,22.653061,19.285714,18.244898,7.543478,18.612245,18.714286,16.571429,23.734694,17.387755,20.244898,18.755102,28.615385,38.420000,25.851064,22.400000,28.224490,26.104167,27.803922,17.904762,25.500000,32.557692,24.480000,22.392157,29.226415,28.056604,22.431373,14.476190,19.296296,24.814815,23.537037,16.796296,20.888889,20.851852,11.444444,13.055556,27.222222,23.055556,22.074074,12.870370,25.944444,19.814815,21.444444,25.962963,20.421875,21.265625,17.203125,24.609375,18.140625,20.578125,7.968750,22.187500,13.140625,13.265625,23.328125,13.046875,23.062500,25.750000,20.187500,14.859375,15.810127,16.575000, ,11.770270,21.925926,17.753086,15.556962,5.588235,9.919355,18.234568, ,15.202532,15.303797,17.025000,13.750000,16.705128,19.445378,12.634615,17.411765,6.818182,16.720430,19.848739, ,13.200000,18.443478,13.784314,14.740000,13.165049,19.232759,11.459016,17.355932,12.236559,20.135135,19.364865,9.837838,4.000000,22.283784,11.850000,6.185185,23.162162, ,19.310811,23.148649,22.783784,11.947368,17.243902,15.918919,14.970588,16.543860,15.754386,20.684211,15.912281,14.368421,9.830189,19.982456,16.649123,17.070175,19.894737,15.842105,22.508772,21.263158,13.018182,20.912281,4.000000,7.340909,18.474576,17.793103,22.627119,15.898305,15.542373,12.964286,24.466667,17.491525,10.385965,20.650000,18.559322,21.327869,25.433333,9.804878,11.120690,12.760000,21.734375,9.702128,12.130435,21.338462,21.631579,17.054545,16.983051,20.203390,8.800000,17.016393,7.885714,19.923077,20.500000,19.777778,19.921875, , , , , , , , , , , , ,24.482759, , , ,20.637931,19.517241,17.175439,14.421053,21.362069,23.379310,14.964912,20.966102,24.157895,17.789474,20.362069,18.000000,21.368421,10.107143,12.508772,16.000000,12.305344,13.977099,18.030534,14.641221,14.984733,15.900763,5.777778,12.480620,10.166667,5.363636,12.261905,14.259542,9.073770,6.540541,14.618321,11.532787,15.160000,11.911765,15.048780,13.012658,9.626866,13.256098,11.329114,9.480000,18.170732,15.191781,5.571429,11.115385,13.743902, ,17.390244,15.604938, , ,23.308824,13.898305, ,24.296875,25.078125,18.818182,13.079365,24.215385, ,16.909091,13.607143,21.671642,25.843750,20.718750, ,10.619718,11.750000,17.487179,14.538462,15.769231, , ,14.831169,13.641026,8.382979,5.111111,9.853333,16.584416,15.402597, ,9.691489,13.607143,16.789474,15.991525,12.583333,7.312500,18.713043,11.264151,16.899160, ,7.833333,12.090000,11.161905,11.400000,10.442308,9.181818,10.316667,13.578313,21.561798,7.820513,23.113402,17.363636,16.886364,8.303030,20.906250,19.540000,18.024390,11.202703,9.164557,18.400000,16.718750,16.591398, ,17.588235, ,19.795181,16.353659,10.044118,19.060976,22.614458,16.634146,11.052632,12.773333,15.450000,21.439024,13.087500,5.956522,17.183099,19.662162,16.472973,20.581081,22.108108,19.729730,16.391892,18.027027,12.287671,14.000000,11.159420,11.430556,17.986486,22.675676,21.283784,22.310811,20.743243,16.195122,18.487805,13.129310,16.821138,15.691057,12.469027,12.397260,7.837500,9.860465,8.023810,7.400000,12.258621,8.146341,10.500000, ,6.200000,16.349593,19.435484,18.967742,14.319672,15.016129,14.357895,9.657895,16.467742,18.552846,20.645161,14.813008,8.278481,13.107438,19.081967, ,10.769231,12.873563,13.473684,12.830508,13.811024, ,18.658915,15.553719,9.800000,12.429752,12.975207,14.177419,16.581395, ,13.694915, ,8.461538,10.000000,14.477273, , ,12.477778,16.197802,11.450549,13.409091,15.369863,6.363636,13.120879,12.023256,14.422222, ,13.142857,8.892857,23.238095,14.715909,16.285714,18.730000,15.252525,5.166667,9.901235,9.181818,14.367347,9.979592,17.081633,19.831683,7.714286,18.290000,20.752475, ,16.976190,10.011111,10.813084,10.816514,11.560976,11.318182,12.595238,10.348837,8.379310,7.550000,10.180556,13.204918,10.732143,15.592000,11.292683,16.104000,11.824176,25.322917,20.520833,17.473684,25.846939,23.659794,23.042857,12.100000,19.052083,24.298969,20.442105,16.527473,11.239130,22.858824,23.708333,4.000000,17.151515,19.935252,16.618644,19.016807,18.070866,21.078014,18.049180,11.990826,10.711111,18.181818,14.754098,12.718750,10.932584,8.696970,10.326923,14.663866,29.355556,14.661972,4.000000,17.695652,24.934783,5.714286,19.378049,11.500000,8.833333,11.380282,5.466667,18.250000,10.725490,15.241379,16.547619,16.804348,21.048544,22.875000,14.500000,12.541667,18.901961,10.965517,10.113636,8.054054,19.818182,15.800000,10.862745, ,16.714286,19.467290,18.011905,7.954545,12.014925,16.577778,17.177778,13.871212,8.680556,9.559322,7.090909,8.200000, , , , , , ,11.392523, ,20.127660,19.593750, ,17.600000,20.557895,20.364583,20.343750, ,17.895833,23.958333,5.111111,14.642857,12.238095,21.520833,14.637681,11.680851, , ,15.634146, ,7.000000, ,10.636364, ,5.357143,14.696970,10.760000,14.656250,16.709677,4.000000,9.200000,8.703704,10.637795,11.968750,14.558140,16.054264,13.635659,15.209302,13.480620,16.465116,13.558140,16.736434,15.186047,12.671875,14.922481,15.434109,13.695313,13.705426,12.294964,15.128571,16.978723,8.630000,15.771429,16.361702,18.361702,5.142857,11.326087,19.361702,15.829787,10.547170,17.518248,14.878571,11.060345,18.342857,20.840580,24.363636,17.666667,12.787234,26.964912,20.990654,14.231884,18.153846,20.592233,10.823529,11.102941,16.000000,16.811321,21.504505,14.766667,16.811881
    Number of Spikes per Burst - Std,2.432972,1.778002,1.598575,1.812813,1.966453,2.568222,2.244842, ,2.239672,2.595747,2.481992, ,1.879430,2.746699,2.313181, , ,1.794476,1.466197,1.842507,1.552699,1.816934,2.244621,2.094258,1.837633,1.665418,1.962210,0.994695,2.062525,1.710042,1.747258,1.296162,4.555082,3.824023,5.000493,4.884882,4.925304,5.049021,7.509458,2.948658,5.074324,4.927304,4.479565,7.020577,4.894452,4.226354,4.283949,4.402474,2.364587,1.539601,2.580964, ,1.385870,1.492042, ,1.959916,1.791736,1.656716,1.911743,0.894427,2.062515,2.404526,2.172459,1.540889, ,3.579827, , , , , ,2.712919,2.395326,2.879371, , , ,2.534514, ,2.048936,1.748730,2.152226,1.974621, ,1.858960,2.199089,1.859546,1.866946,2.469847,2.108969,2.287563,1.840718,3.074309,2.375644,1.996368,1.938832,1.376269,1.424198,2.190336,1.668150, ,1.827958,2.019473,2.198945,2.145830,2.371388,1.973509,0.790569,2.129733,2.256196,2.228208,3.038218,1.736404,1.543033,1.267846,1.635125,1.574329,1.325178,1.468405,1.995931,1.833993,1.753046,1.245666,1.710119,1.335654,1.462064,1.249390,1.760979,2.143079,1.546087,2.867423,2.342336,1.954777,2.444873,1.891657, ,2.122227,2.093718,2.446740,0.492366,1.958954,3.290648,1.309727,0.516398,1.844561,1.201561,1.546242,1.366143,1.341282,1.857676,1.732745,1.455262,1.562481,1.858194,1.192525,1.550124,1.005320,1.760682,2.257786,1.836856,2.289271,1.819577,2.188231,1.474912,2.234415,1.991696,2.182594,2.424677,1.656505,2.097831,3.367289,2.229950,3.749371,2.730812,1.888671,1.522321,3.451674,1.738409,2.920153,2.911789,3.480909,2.815772,2.319062,2.296794,3.323883,1.966030,2.397250,2.870815,2.821952,2.412222,2.707584,3.879500,3.682369,1.847963,1.687539,1.881932,2.403406,2.665763,1.755942,1.601179,1.168218,1.789045,2.041241,2.041241,2.555839,1.868782,2.015881,1.808897,7.953674,12.675044,5.864331,4.830773,8.168194,6.067842,8.207362,3.168515,8.504901,11.100986,7.251291,6.594174,10.807123,9.030749,7.261556,2.787062,1.711555,1.853849,1.978307,1.686569,1.869988,1.774105,2.034297,1.795347,1.949036,2.277177,1.552258,1.801952,1.795347,1.716447,2.142707,1.832237,1.771061,2.147292,1.673127,1.723941,2.030460,1.832724,1.521995,1.807173,1.974980,1.774978,2.357391,1.905961,3.927417,2.253745,2.151965,1.762639,5.602371,5.201692, ,4.073124,7.474587,6.431428,5.450822,1.460258,3.095732,6.675087, ,4.688720,5.916848,6.761722,5.727419,6.273235,19.061318,4.306989,12.490275,1.728997,12.512920,14.123930, ,8.813442,17.451281,6.375428,9.343739,6.769449,19.993633,4.088903,9.877476,6.494810,24.207055,21.323069,4.374887,0.000000,29.754024,5.686216,1.301982,30.785171, ,17.605203,31.049092,31.035230,12.418910,16.455668,11.776174,10.063931,8.022447,10.476642,18.885140,7.876912,7.898082,6.459149,17.095834,5.194404,6.889069,20.831539,8.187075,16.190962,15.607377,3.969751,20.841477, ,2.198765,28.951419,16.374733,28.200574,5.121607,12.432330,14.343785,27.669641,21.934364,4.753774,26.386196,14.284391,18.237070,27.573241,11.111299,6.136110,2.966204,6.397525,2.031437,3.180557,6.713505,6.460406,6.141595,5.053137,6.260934,1.878103,4.876788,1.490587,6.210645,6.823737,5.401447,6.665011, , , , , , , , , , , , ,6.467615, , , ,4.063955,3.681349,3.151659,2.902876,5.257237,4.572333,2.815549,4.234367,4.283646,3.513936,4.451289,4.909711,4.809335,2.626291,2.797466,3.895969,8.960506,17.187860,19.651165,11.414612,16.416214,19.778331,1.003263,16.441231,8.144012,0.674200,8.225014,16.503421,6.256459,1.908964,15.665964,6.274946,14.077047,4.609320,18.631516,4.887172,4.337419,17.069799,5.130906,4.190563,24.823727,15.108549,0.786796,4.064355,16.537881, ,24.701055,25.062761, , ,31.159320,14.788969, ,35.402305,33.606644,25.914599,20.009918,32.851223, ,21.841899,16.282370,32.902237,34.376634,29.963188, ,7.368594,16.512579,18.157853,13.865488,10.410937, , ,18.321976,6.164360,3.025638,0.927961,5.421911,18.306851,10.260117, ,3.442388,13.350680,11.576199,15.056302,9.600550,2.135378,15.651784,10.213252,15.369679, ,2.134620,8.341323,7.638621,8.708532,4.635923,13.433760,7.314929,12.168653,28.745338,3.016375,25.756826,14.258871,21.606955,3.766123,24.028964,15.437996,17.979395,11.578179,3.302797,20.671933,21.454826,20.298981, ,30.948795, ,23.819831,15.256144,3.806647,20.143527,29.417446,16.890725,12.755385,13.851113,23.235667,27.646846,10.924590,1.918291,25.367758,5.554899,4.316972,4.560121,7.021625,4.766600,5.071590,4.745504,4.231100,4.878813,3.265791,3.183701,5.156438,6.770419,5.049129,5.534266,5.549431,7.162812,8.477904,7.177901,9.271879,6.602446,6.304860,6.573811,3.991902,4.799909,2.454345,2.607681,6.199749,3.525344,5.030212, ,0.836660,13.285629,20.602408,20.615306,15.492609,20.408026,23.471538,2.955459,15.498458,15.781917,20.193855,8.400185,3.647749,13.904317,21.184974, ,17.680847,11.707486,15.035186,15.737323,14.054730, ,18.783094,14.547595,9.106251,13.545495,17.636828,16.650910,17.828040, ,17.766053, ,5.259768,5.824597,13.387228, , ,7.376287,23.559957,12.136505,16.475434,26.568312,1.804036,13.230298,16.520203,23.783659, ,17.443605,3.443233,34.725934,24.367374,20.664228,26.461275,17.309513,1.114641,8.855231,8.152663,13.455071,10.262167,30.267765,33.838460,4.644505,30.026687,32.958278, ,11.502670,11.848761,3.782110,7.272685,14.986960,8.435325,10.698631,6.641700,2.882350,2.080044,13.435633,13.823527,5.830924,15.037103,10.699879,15.514210,11.488732,40.362436,30.432316,23.073353,40.727749,41.458786,43.966534,12.692746,31.030501,41.444532,32.521258,23.367280,8.999841,44.706757,41.936774,0.000000,5.625032,6.988820,5.022887,5.169964,5.446975,7.227992,6.060102,3.457401,3.166696,6.023894,4.602032,4.224498,3.236151,2.461830,3.054337,4.808674,38.522520,11.370317, ,26.086390,33.852234,0.902378,30.830336,0.707107,5.628185,13.040997,0.743223,13.491580,9.978133,17.375447,20.741384,23.197337,16.748649,21.097166,9.410986,6.434476,15.315685,6.361058,4.745700,2.332690,19.196987,12.761096,6.684369, ,17.820775,17.330482,15.977012,3.511576,15.998583,19.463884,19.790646,16.395124,6.361917,7.683418,1.758098,4.184628, , , , , , ,10.527374, ,34.081570,30.647943, ,26.318588,33.978002,32.701560,28.667542, ,22.381609,33.226469,1.166667,13.970337,11.850087,29.793669,14.079575,6.669549, , ,5.102725, ,1.732051, ,3.873542, ,0.841897,7.654594,3.394604,7.227231,7.285573, ,2.246566,2.770932,12.484701,15.742984,23.000987,23.461508,24.703852,24.398602,19.633796,23.479395,21.889605,24.201472,16.721416,17.669810,24.593448,24.610035,22.792995,17.805109,17.203157,23.733788,24.899073,8.282457,24.307486,26.308140,28.054100,0.377964,16.605380,28.638205,26.338445,12.376731,28.985824,25.520613,14.717803,27.926876,14.434052,26.427589,6.501923,2.492913,30.357145,22.511002,6.947587,18.222875,25.446382,2.613089,4.881093,13.020131,7.276987,22.439767,7.969112,8.043274
    Mean ISI within Burst - Avg (sec),0.003810,0.003467,0.004208,0.003735,0.003448,0.003198,0.003443, ,0.003991,0.003304,0.003241, ,0.005155,0.003671,0.006181, , ,0.003052,0.003051,0.002988,0.003243,0.003551,0.004272,0.005887,0.008184,0.003438,0.003171,0.011318,0.003497,0.003166,0.009188,0.002898,0.003471,0.004484,0.003506,0.003253,0.003431,0.003581,0.003071,0.008379,0.003513,0.003256,0.003311,0.003337,0.003145,0.003882,0.003147,0.003021,0.004333,0.005858,0.003516, ,0.003758,0.003342, ,0.003509,0.003342,0.003692,0.003489,0.012157,0.004418,0.005350,0.003855,0.004539, ,0.004582, , , , , ,0.003381,0.002941,0.002984, , , ,0.007203, ,0.002877,0.003125,0.004660,0.004420,0.007467,0.006386,0.003314,0.002929,0.006485,0.003420,0.006797,0.003968,0.002879,0.003152,0.004210,0.002906,0.005842,0.008723,0.004677,0.003380,0.003682, ,0.005033,0.006824,0.003356,0.003387,0.003926,0.003664,0.009082,0.003852,0.004100,0.003348,0.003264,0.004584,0.003068,0.003602,0.003737,0.003172,0.002994,0.002940,0.003902,0.004184,0.005705,0.003678,0.002985,0.003200,0.003416,0.003070,0.003113,0.003516,0.004946,0.003922,0.003584,0.003625,0.003645,0.004259, ,0.004072,0.004082,0.005050,0.012350,0.004716,0.003985,0.004440,0.010791,0.003458,0.003180,0.004035,0.003487,0.003314,0.003832,0.003802,0.003933,0.004149,0.003640,0.003609,0.003394,0.005409,0.004211,0.004122,0.004415,0.003305,0.003360,0.003657,0.003781,0.003997,0.003456,0.003167,0.003681,0.004428,0.003578,0.003263,0.003400,0.003096,0.003496,0.003712,0.005287,0.003279,0.004688,0.003624,0.003203,0.003270,0.003602,0.004403,0.003813,0.003464,0.005451,0.003358,0.003662,0.003482,0.004222,0.003728,0.003701,0.006816,0.003694,0.004121,0.003944,0.003632,0.003592,0.003322,0.003267,0.006884,0.003334,0.003576,0.003959,0.003397,0.003452,0.003548,0.003705,0.003485,0.004383,0.003381,0.003782,0.003544,0.003760,0.003577,0.004310,0.003666,0.003529,0.003615,0.003719,0.003469,0.003950,0.004283,0.004948,0.003792,0.003290,0.003216,0.003709,0.003542,0.003835,0.005448,0.005023,0.003252,0.004042,0.003492,0.004681,0.003383,0.003734,0.003757,0.003247,0.003553,0.003688,0.003614,0.003314,0.003849,0.003309,0.005648,0.003169,0.004355,0.005115,0.003593,0.004270,0.003637,0.003743,0.003842,0.004866,0.003901,0.003545, ,0.005304,0.003725,0.003498,0.003946,0.005669,0.005755,0.003534, ,0.004732,0.003629,0.003957,0.005656,0.003638,0.003222,0.005187,0.003528,0.005497,0.003996,0.003319, ,0.004039,0.003802,0.004633,0.004367,0.004004,0.004060,0.005220,0.003980,0.005274,0.003817,0.003621,0.006149,0.007333,0.003548,0.006614,0.006876,0.003439, ,0.004120,0.003571,0.003459,0.007114,0.006648,0.004832,0.005082,0.004330,0.003916,0.003305,0.003971,0.003976,0.005399,0.003323,0.003733,0.005233,0.003820,0.004268,0.003468,0.003653,0.004588,0.003352,0.015707,0.006327,0.004363,0.004206,0.003451,0.004759,0.004628,0.006189,0.003343,0.003865,0.005969,0.003486,0.003766,0.003591,0.003150,0.009140,0.004945,0.005616,0.004143,0.007380,0.005169,0.004584,0.005315,0.004530,0.004581,0.004636,0.007108,0.005833,0.005076,0.005269,0.005570,0.004726,0.004361, , , , , , , , , , , , ,0.042954, , , ,0.003829,0.003732,0.003659,0.004705,0.003481,0.003674,0.004359,0.003506,0.004444,0.004279,0.003999,0.005664,0.003903,0.006498,0.004441,0.003541,0.003603,0.003214,0.003259,0.003724,0.003324,0.003102,0.006734,0.003730,0.004037,0.005266,0.004495,0.003520,0.004555,0.007544,0.003693,0.004634,0.004956,0.006029,0.004168,0.006017,0.005710,0.004203,0.005738,0.008483,0.003905,0.005648,0.013349,0.004543,0.004559, ,0.003847,0.004260, , ,0.003789,0.006180, ,0.004129,0.003834,0.004632,0.005090,0.003872, ,0.004990,0.006214,0.003686,0.003905,0.004431, ,0.004241,0.004406,0.003354,0.003502,0.003785, , ,0.003465,0.003738,0.004700,0.012441,0.005407,0.003567,0.003523, ,0.006139,0.004372,0.004205,0.004443,0.004573,0.005372,0.003758,0.005175,0.003510, ,0.007435,0.004596,0.004870,0.004472,0.004786,0.008606,0.011319,0.005760,0.005828,0.014781,0.005011,0.005493,0.006982,0.006844,0.005316,0.004976,0.007533,0.008331,0.006927,0.007864,0.007736,0.008090, ,0.005298, ,0.003681,0.004338,0.005259,0.003829,0.003513,0.004460,0.010585,0.005185,0.004842,0.003792,0.004935,0.007258,0.005805,0.003365,0.003904,0.003526,0.004013,0.003660,0.004257,0.004361,0.004213,0.004109,0.005401,0.004167,0.003499,0.004791,0.004053,0.003848,0.003568,0.003570,0.003322,0.003990,0.003227,0.003841,0.004743,0.005305,0.005250,0.004819,0.010143,0.019639,0.004123,0.007632,0.005378, ,0.014771,0.003892,0.003364,0.003550,0.004332,0.004455,0.004740,0.008428,0.004084,0.004306,0.003408,0.004600,0.007191,0.004754,0.004954, ,0.007939,0.004603,0.004491,0.004551,0.004752, ,0.003913,0.004372,0.004921,0.005300,0.004441,0.005202,0.004122, ,0.004474, ,0.007396,0.005908,0.004133, , ,0.004411,0.003767,0.004815,0.003992,0.004917,0.011924,0.004102,0.004653,0.004334, ,0.004099,0.005063,0.009889,0.005455,0.005150,0.005042,0.005238,0.006681,0.008486,0.017253,0.005208,0.009830,0.005057,0.004415,0.053364,0.004351,0.003918, ,0.003886,0.005489,0.004679,0.004914,0.004631,0.004811,0.004673,0.005109,0.006181,0.005497,0.005426,0.004267,0.004992,0.003763,0.005026,0.003935,0.005441,0.004476,0.004409,0.004967,0.003849,0.004024,0.005019,0.006103,0.004821,0.003854,0.005243,0.005156,0.006432,0.004575,0.004010,0.007453,0.004476,0.003915,0.004956,0.003862,0.004429,0.003614,0.004175,0.005481,0.006599,0.003814,0.004353,0.004346,0.006564,0.005653,0.006558,0.004723,0.004497,0.010017,0.018827,0.005930,0.004788,0.008780,0.005941,0.107552,0.034699,0.008962,0.009667,0.024834,0.012022,0.006727,0.009916,0.009109,0.005308,0.010129,0.011758,0.014415,0.004976,0.014428,0.012489,0.009088,0.007838,0.009968,0.010016, ,0.005995,0.005630,0.008793,0.017816,0.003671,0.003368,0.003540,0.004403,0.004862,0.004758,0.011589,0.023091, , , , , , ,0.005442, ,0.004478,0.004784, ,0.004533,0.004806,0.004421,0.004279, ,0.004705,0.003996,0.006007,0.013932,0.007377,0.004750,0.007004,0.008302, , ,0.019219, ,0.023196, ,0.019857, ,0.011745,0.011274,0.016408,0.017496,0.007604,0.008587,0.012258,0.015885,0.003983,0.003652,0.003550,0.003431,0.003330,0.003270,0.003596,0.003532,0.003464,0.003432,0.003505,0.003743,0.003270,0.003310,0.003546,0.003683,0.004240,0.003808,0.003584,0.005784,0.003856,0.003554,0.003581,0.005917,0.005895,0.003354,0.003649,0.005162,0.003606,0.003955,0.004778,0.003516,0.007277,0.005359,0.006303,0.006589,0.004188,0.005725,0.009377,0.005681,0.005314,0.006771,0.011290,0.007133,0.006118,0.005532,0.007832,0.006729
    Mean ISI within Burst - Std (sec),0.000386,0.000326,0.000367,0.000341,0.000233,0.000211,0.000155, ,0.000471,0.000193,0.000179, ,0.000652,0.000268,0.001161, , ,0.000174,0.000188,0.000205,0.000193,0.000235,0.000620,0.000797,0.002308,0.000361,0.000273,0.002108,0.000323,0.000303,0.003630,0.000124,0.000199,0.000384,0.000415,0.000199,0.000302,0.000346,0.000244,0.003065,0.000280,0.000229,0.000241,0.001067,0.000193,0.000365,0.000163,0.000129,0.000702,0.000926,0.000341, ,0.000403,0.000436, ,0.000302,0.000284,0.000344,0.000268,0.002318,0.000413,0.001085,0.000296,0.000399, ,0.000817, , , , , ,0.000305,0.000101,0.000170, , , ,0.001504, ,0.000105,0.000144,0.000570,0.000459, ,0.001142,0.000224,0.000116,0.001567,0.000248,0.001599,0.000705,0.000104,0.000320,0.000525,0.000117,0.000942,0.002366,0.000504,0.000280,0.000286, ,0.001148,0.001823,0.000266,0.000292,0.000426,0.000362,0.004866,0.000399,0.000456,0.000234,0.000447,0.000908,0.000351,0.000272,0.000294,0.000188,0.000165,0.000152,0.000473,0.000463,0.000579,0.000212,0.000142,0.000168,0.000244,0.000106,0.000280,0.000553,0.001161,0.000588,0.000314,0.000370,0.000689,0.000688, ,0.000547,0.000496,0.001021,0.005209,0.001001,0.000669,0.000495,0.008844,0.000378,0.000239,0.000506,0.000463,0.000297,0.000453,0.000482,0.000543,0.000703,0.000581,0.000291,0.000289,0.001793,0.000528,0.000576,0.000880,0.000543,0.000260,0.000423,0.000558,0.000796,0.000290,0.000337,0.000663,0.000769,0.000424,0.000338,0.000321,0.000215,0.000455,0.000581,0.000983,0.000181,0.001472,0.000406,0.000210,0.000246,0.000350,0.000404,0.000479,0.000349,0.001159,0.000240,0.000298,0.000336,0.000640,0.000393,0.000469,0.007744,0.000373,0.000494,0.000539,0.000638,0.000717,0.000306,0.000338,0.001877,0.000335,0.000530,0.000560,0.000351,0.000384,0.000518,0.000360,0.000876,0.001063,0.000703,0.000418,0.000578,0.000974,0.001045,0.000474,0.000858,0.000602,0.001125,0.000915,0.000715,0.000938,0.001275,0.001145,0.000475,0.000246,0.000224,0.000392,0.000352,0.000561,0.001287,0.000675,0.000311,0.000733,0.000388,0.000866,0.000313,0.000441,0.000348,0.000352,0.000373,0.000511,0.000544,0.000374,0.000554,0.000302,0.001520,0.000249,0.001311,0.000782,0.000524,0.000568,0.000415,0.000295,0.000581,0.000820,0.000719,0.000695, ,0.001816,0.000979,0.000740,0.000918,0.001246,0.002130,0.000851, ,0.001529,0.000744,0.000986,0.001714,0.000615,0.000391,0.002414,0.000853,0.001375,0.001453,0.000588, ,0.001411,0.001293,0.001636,0.001573,0.001705,0.001154,0.000994,0.000986,0.002139,0.001164,0.001999,0.005257,0.001772,0.001119,0.010003,0.001685,0.000962, ,0.002458,0.000829,0.000836,0.004211,0.008495,0.003216,0.003887,0.002390,0.002609,0.001008,0.002218,0.002852,0.004649,0.000954,0.002416,0.002608,0.001136,0.003907,0.000887,0.001021,0.000845,0.000785, ,0.001514,0.000817,0.003106,0.000758,0.003190,0.003193,0.005113,0.000778,0.001596,0.005905,0.001210,0.001897,0.002462,0.000331,0.009117,0.005028,0.002815,0.001732,0.002914,0.002700,0.002142,0.002883,0.002063,0.001677,0.001979,0.002697,0.003456,0.001475,0.002627,0.002361,0.002017,0.001499, , , , , , , , , , , , ,0.011524, , , ,0.001014,0.001719,0.000733,0.001737,0.000724,0.000954,0.000902,0.000929,0.001062,0.001034,0.001252,0.002221,0.000728,0.001742,0.000902,0.000462,0.001381,0.000698,0.000343,0.001022,0.000714,0.000339,0.001671,0.000731,0.001806,0.001659,0.001848,0.000736,0.002321,0.002555,0.000849,0.002621,0.003283,0.004563,0.002108,0.004539,0.007510,0.002175,0.004968,0.016463,0.001001,0.002915,0.003616,0.001317,0.001627, ,0.000589,0.001292, , ,0.001536,0.009147, ,0.003338,0.002449,0.002251,0.003791,0.001566, ,0.003127,0.008709,0.001156,0.001695,0.004122, ,0.002464,0.001268,0.000690,0.001168,0.001511, , ,0.000816,0.001151,0.001035,0.012993,0.003255,0.000749,0.001400, ,0.003728,0.001470,0.001486,0.001703,0.001786,0.001447,0.000811,0.001874,0.000683, ,0.004110,0.001581,0.002817,0.002147,0.002454,0.004853,0.011050,0.001988,0.003572,0.016496,0.003888,0.006009,0.006411,0.002515,0.003795,0.003399,0.004937,0.003226,0.003010,0.004805,0.007669,0.007687, ,0.002040, ,0.001627,0.002396,0.004555,0.001580,0.000658,0.002156,0.008120,0.003681,0.002133,0.001473,0.003334,0.002069,0.002350,0.000303,0.000548,0.000451,0.000828,0.000614,0.000661,0.000865,0.001007,0.000659,0.001262,0.000867,0.000491,0.001227,0.000903,0.000670,0.000684,0.000500,0.000469,0.001010,0.000423,0.000784,0.001561,0.000858,0.002226,0.001251,0.003672,0.003927,0.001293,0.002882,0.001514, ,0.001686,0.001675,0.000448,0.000880,0.002270,0.001486,0.001229,0.004374,0.001645,0.001393,0.000620,0.001991,0.007633,0.002216,0.001635, ,0.004243,0.002601,0.002221,0.002025,0.002237, ,0.001306,0.001449,0.002404,0.002588,0.002221,0.002190,0.001289, ,0.001786, ,0.003305,0.003143,0.002023, , ,0.002722,0.001003,0.002631,0.001870,0.001637,0.016586,0.002215,0.001918,0.001278, ,0.001760,0.003419,0.010093,0.004069,0.003138,0.002802,0.004681,0.002330,0.011720,0.031261,0.007138,0.017311,0.001909,0.001363,0.072852,0.002019,0.001247, ,0.000966,0.002169,0.002304,0.001953,0.001529,0.002143,0.001638,0.002293,0.003868,0.002735,0.002203,0.001263,0.002472,0.000983,0.001858,0.000817,0.003760,0.002339,0.002412,0.002867,0.001150,0.001688,0.002439,0.005366,0.003085,0.001447,0.003175,0.003836,0.007281,0.002002,0.001838,0.000773,0.001039,0.000825,0.001309,0.000704,0.001193,0.000646,0.001292,0.001620,0.002867,0.000833,0.001392,0.001238,0.002363,0.001648,0.002097,0.001417,0.002123,0.007189, ,0.002321,0.002613,0.003322,0.002214,0.020217,0.041191,0.007908,0.001785,0.018969,0.011497,0.004070,0.007056,0.004883,0.002342,0.006898,0.009776,0.016356,0.002393,0.019695,0.016629,0.003740,0.009352,0.012976,0.010905, ,0.002333,0.002388,0.004065,0.023050,0.000920,0.000565,0.000625,0.001130,0.001324,0.002112,0.005200,0.024479, , , , , , ,0.001571, ,0.001234,0.002529, ,0.002444,0.001643,0.001605,0.002167, ,0.002651,0.001134,0.001716,0.007648,0.006552,0.001804,0.003906,0.005173, , ,0.013081, ,0.005135, ,0.004349, ,0.006102,0.003727,0.008624,0.004299,0.001723, ,0.002423,0.005996,0.001569,0.001211,0.000906,0.000633,0.000593,0.000582,0.000990,0.000655,0.000926,0.000606,0.001037,0.001264,0.000501,0.000572,0.001043,0.001067,0.002955,0.001565,0.001297,0.006179,0.001669,0.001115,0.000744,0.001685,0.003746,0.000700,0.001330,0.003802,0.000859,0.001554,0.003311,0.000847,0.005287,0.002374,0.004666,0.001829,0.001313,0.002857,0.009865,0.002836,0.002405,0.002811,0.013148,0.004727,0.006333,0.002489,0.005956,0.006509
    Median ISI within Burst - Avg (sec),0.003195,0.002906,0.003301,0.002989,0.002874,0.002821,0.002926, ,0.002879,0.002836,0.002833, ,0.003777,0.003010,0.004799, , ,0.002748,0.002773,0.002739,0.002918,0.003086,0.003306,0.004035,0.004886,0.002908,0.002776,0.006081,0.002776,0.002798,0.005543,0.002724,0.002903,0.003426,0.002954,0.002855,0.002886,0.002994,0.002784,0.004912,0.002960,0.002861,0.002857,0.002863,0.002815,0.003003,0.002788,0.002761,0.003453,0.004227,0.002956, ,0.002920,0.002864, ,0.002817,0.002871,0.003180,0.002790,0.004460,0.003211,0.003861,0.002987,0.003276, ,0.003687, , , , , ,0.003026,0.002743,0.002764, , , ,0.004509, ,0.002711,0.002894,0.003669,0.003543,0.005040,0.004609,0.002931,0.002762,0.004060,0.002943,0.004662,0.003146,0.002732,0.002814,0.003365,0.002752,0.004218,0.005641,0.004105,0.002770,0.002927, ,0.004000,0.004414,0.002818,0.002869,0.003133,0.002955,0.006151,0.003120,0.003263,0.002815,0.002813,0.003464,0.002801,0.002960,0.003141,0.002832,0.002799,0.002733,0.003293,0.003472,0.004213,0.002912,0.002790,0.002856,0.002992,0.002830,0.002796,0.002857,0.003788,0.003126,0.003041,0.002950,0.002847,0.003282, ,0.003253,0.003281,0.003718,0.008457,0.003546,0.002997,0.003478,0.009460,0.002857,0.002872,0.003311,0.002931,0.002854,0.003196,0.003006,0.003216,0.003137,0.002953,0.003051,0.002954,0.004452,0.003294,0.003397,0.003309,0.002844,0.002951,0.002871,0.003227,0.002857,0.003067,0.002774,0.002888,0.003390,0.003104,0.002796,0.002891,0.002827,0.002880,0.003246,0.004229,0.002848,0.003432,0.002988,0.002810,0.002840,0.003026,0.003333,0.003085,0.002870,0.003921,0.002924,0.003098,0.002893,0.003119,0.002976,0.002981,0.004202,0.002893,0.003124,0.003105,0.002906,0.002819,0.002851,0.002885,0.005326,0.002842,0.002882,0.003024,0.002851,0.002889,0.002916,0.003020,0.002919,0.003211,0.002925,0.003094,0.002934,0.003077,0.002938,0.003341,0.002938,0.002844,0.003003,0.003071,0.002880,0.003105,0.003333,0.003893,0.003067,0.002852,0.002884,0.003079,0.002999,0.002919,0.003747,0.003908,0.002796,0.002911,0.002909,0.003417,0.002896,0.003046,0.003013,0.002857,0.002935,0.002942,0.002962,0.002808,0.002941,0.002874,0.004281,0.002804,0.003104,0.003467,0.002900,0.003337,0.002924,0.002906,0.002998,0.003391,0.003236,0.003063, ,0.003949,0.002885,0.002954,0.003135,0.005019,0.004635,0.002971, ,0.003384,0.002986,0.003042,0.004084,0.003039,0.002885,0.004058,0.003092,0.004681,0.003223,0.002895, ,0.003500,0.003095,0.004005,0.003653,0.003444,0.003150,0.004564,0.003288,0.004341,0.003215,0.003181,0.004919,0.006840,0.003067,0.004432,0.005744,0.002991, ,0.003429,0.003039,0.002989,0.006057,0.005234,0.003790,0.004069,0.003448,0.003318,0.002905,0.003434,0.003427,0.004442,0.002935,0.003187,0.003707,0.003174,0.003575,0.002896,0.003033,0.003622,0.002983,0.011600,0.005151,0.003605,0.003270,0.002967,0.003338,0.003781,0.005139,0.002872,0.003252,0.004140,0.003061,0.003099,0.003166,0.002787,0.006404,0.003688,0.004085,0.003481,0.005805,0.004265,0.003267,0.003815,0.003584,0.003664,0.003538,0.006405,0.004389,0.003824,0.003719,0.003936,0.003485,0.003499, , , , , , , , , , , , ,0.030154, , , ,0.003014,0.002910,0.002947,0.003513,0.002908,0.002870,0.003295,0.002923,0.003048,0.003129,0.003023,0.003541,0.002880,0.005466,0.003345,0.002976,0.003126,0.002897,0.002866,0.003104,0.002911,0.002824,0.006067,0.003369,0.003606,0.004960,0.003620,0.003009,0.004175,0.007075,0.003124,0.003549,0.003969,0.005016,0.003413,0.004217,0.004799,0.003511,0.004641,0.005871,0.003175,0.004659,0.012354,0.003767,0.003485, ,0.003182,0.003529, , ,0.003220,0.004384, ,0.003286,0.003001,0.003630,0.004393,0.003075, ,0.004232,0.004712,0.003093,0.002932,0.003183, ,0.003699,0.003737,0.002945,0.003065,0.003238, , ,0.003045,0.003247,0.004168,0.010622,0.004494,0.003087,0.003133, ,0.004841,0.003535,0.003342,0.003508,0.003812,0.004798,0.003180,0.004182,0.003040, ,0.006125,0.003910,0.004141,0.003677,0.003990,0.007258,0.008783,0.004686,0.004846,0.009238,0.004049,0.003863,0.005227,0.005865,0.004378,0.003647,0.005823,0.006309,0.005776,0.006390,0.006046,0.006037, ,0.004823, ,0.003129,0.003445,0.004004,0.003121,0.003008,0.003572,0.008561,0.004271,0.003951,0.003104,0.003895,0.006722,0.004763,0.002951,0.003150,0.002937,0.002939,0.002991,0.003196,0.003149,0.003368,0.003412,0.004426,0.003510,0.002901,0.003128,0.003009,0.002925,0.002900,0.002949,0.002895,0.003345,0.002858,0.003188,0.003764,0.004751,0.004491,0.003920,0.008718,0.017000,0.003454,0.006503,0.004318, ,0.012312,0.003224,0.002910,0.002938,0.003505,0.003656,0.004131,0.005617,0.003304,0.003364,0.002919,0.003547,0.005416,0.003894,0.003617, ,0.006443,0.003731,0.003519,0.003588,0.003704, ,0.003245,0.003780,0.003968,0.004240,0.003441,0.004225,0.003269, ,0.003537, ,0.006346,0.004896,0.003319, , ,0.003472,0.003182,0.003880,0.003333,0.004041,0.008949,0.003364,0.003829,0.003639, ,0.003381,0.004000,0.008225,0.004102,0.004123,0.003889,0.004133,0.006073,0.006571,0.013515,0.003789,0.006325,0.003912,0.003430,0.050137,0.003401,0.003177, ,0.003156,0.004683,0.003677,0.003814,0.003588,0.003683,0.003795,0.004268,0.004789,0.004936,0.004766,0.003404,0.004106,0.003086,0.004137,0.003187,0.004285,0.003558,0.003338,0.003992,0.003064,0.003187,0.004217,0.004467,0.003868,0.003173,0.003856,0.004182,0.004273,0.003839,0.003161,0.006600,0.003386,0.003152,0.003795,0.003083,0.003292,0.002963,0.003397,0.004375,0.004907,0.003078,0.003550,0.003500,0.005089,0.005092,0.005399,0.003674,0.003251,0.007362,0.010400,0.004708,0.003439,0.007406,0.004574,0.043200,0.019198,0.006425,0.008504,0.017577,0.008149,0.005094,0.007396,0.007384,0.003819,0.006814,0.007964,0.009343,0.003707,0.008825,0.009374,0.007419,0.005948,0.007784,0.006628, ,0.004196,0.003868,0.006159,0.011404,0.003139,0.002903,0.003074,0.003453,0.004200,0.004015,0.009207,0.015208, , , , , , ,0.004548, ,0.003597,0.003761, ,0.003530,0.003749,0.003609,0.003388, ,0.003775,0.003165,0.005209,0.011529,0.005542,0.003790,0.005816,0.006132, , ,0.012758, ,0.020173, ,0.017984, ,0.007477,0.008737,0.011230,0.012842,0.005768,0.008480,0.010530,0.013001,0.003268,0.003115,0.003088,0.002973,0.002956,0.002915,0.003053,0.002944,0.002966,0.002979,0.002971,0.003185,0.002881,0.002876,0.003021,0.003126,0.003618,0.003093,0.003000,0.004452,0.003281,0.002996,0.002892,0.005926,0.005239,0.002869,0.003117,0.004418,0.003048,0.003275,0.003853,0.002940,0.004917,0.003801,0.004709,0.004712,0.003278,0.004006,0.007428,0.004279,0.003786,0.004695,0.008205,0.005456,0.004540,0.004258,0.005826,0.004860
    Median ISI within Burst - Std (sec),0.000253,0.000135,0.000194,0.000243,0.000079,0.000087,0.000107, ,0.000094,0.000091,0.000083, ,0.000368,0.000110,0.000906, , ,0.000071,0.000079,0.000068,0.000135,0.000204,0.000330,0.000545,0.001929,0.000122,0.000067,0.001788,0.000090,0.000078,0.002167,0.000063,0.000103,0.000324,0.000128,0.000101,0.000111,0.000138,0.000220,0.001488,0.000169,0.000131,0.000074,0.000387,0.000080,0.000180,0.000099,0.000039,0.000224,0.000979,0.000185, ,0.000114,0.000102, ,0.000095,0.000122,0.000241,0.000064,0.002074,0.000251,0.000792,0.000103,0.000266, ,0.000501, , , , , ,0.000208,0.000062,0.000077, , , ,0.001152, ,0.000054,0.000117,0.000450,0.000383, ,0.001281,0.000165,0.000069,0.000912,0.000156,0.001052,0.000228,0.000090,0.000109,0.000306,0.000084,0.001011,0.002480,0.000685,0.000073,0.000105, ,0.000744,0.001350,0.000072,0.000135,0.000216,0.000143,0.003157,0.000199,0.000328,0.000111,0.000103,0.000462,0.000097,0.000109,0.000265,0.000094,0.000095,0.000070,0.000389,0.000420,0.000569,0.000143,0.000105,0.000097,0.000144,0.000108,0.000090,0.000123,0.000744,0.000285,0.000186,0.000177,0.000132,0.000391, ,0.000296,0.000284,0.000473,0.003246,0.000493,0.000189,0.000329,0.007757,0.000132,0.000132,0.000414,0.000153,0.000125,0.000378,0.000207,0.000300,0.000336,0.000226,0.000209,0.000187,0.001377,0.000333,0.000345,0.000372,0.000140,0.000201,0.000159,0.000387,0.000138,0.000292,0.000101,0.000171,0.000444,0.000263,0.000095,0.000145,0.000108,0.000161,0.000446,0.000946,0.000124,0.000550,0.000156,0.000084,0.000117,0.000214,0.000329,0.000257,0.000123,0.001118,0.000129,0.000206,0.000133,0.000333,0.000165,0.000163,0.001377,0.000125,0.000232,0.000278,0.000138,0.000093,0.000103,0.000142,0.001356,0.000132,0.000125,0.000241,0.000099,0.000156,0.000136,0.000223,0.000397,0.000590,0.000348,0.000340,0.000381,0.000614,0.000480,0.000333,0.000332,0.000236,0.000491,0.000554,0.000222,0.000510,0.000822,0.000686,0.000260,0.000126,0.000142,0.000270,0.000162,0.000149,0.000778,0.000651,0.000102,0.000159,0.000137,0.000532,0.000149,0.000209,0.000198,0.000168,0.000171,0.000175,0.000195,0.000086,0.000187,0.000146,0.001434,0.000092,0.000268,0.000421,0.000150,0.000470,0.000149,0.000131,0.000208,0.000393,0.000551,0.000478, ,0.000986,0.000335,0.000320,0.000436,0.001283,0.001870,0.000403, ,0.000514,0.000441,0.000497,0.001096,0.000428,0.000184,0.001868,0.000514,0.001149,0.000594,0.000229, ,0.001019,0.000468,0.001381,0.001268,0.001043,0.000451,0.000966,0.000615,0.001253,0.000715,0.001013,0.001275,0.000622,0.000459,0.002450,0.001776,0.000427, ,0.001221,0.000419,0.000300,0.002931,0.007495,0.001457,0.001629,0.001745,0.001987,0.000622,0.001451,0.001941,0.002918,0.000586,0.001509,0.001172,0.000738,0.002576,0.000552,0.000742,0.000610,0.000572, ,0.001437,0.000710,0.000922,0.000327,0.000548,0.001641,0.002653,0.000291,0.000848,0.001285,0.000679,0.000606,0.001891,0.000106,0.004327,0.000762,0.001936,0.001685,0.002326,0.002505,0.000666,0.001530,0.001397,0.001194,0.001215,0.002499,0.002436,0.000611,0.001733,0.001230,0.001077,0.001249, , , , , , , , , , , , ,0.007695, , , ,0.000413,0.000369,0.000175,0.000666,0.000172,0.000316,0.000362,0.000751,0.000261,0.000283,0.000237,0.000688,0.000151,0.001377,0.000486,0.000211,0.000816,0.000326,0.000163,0.000606,0.000335,0.000160,0.001889,0.000620,0.001484,0.001355,0.001241,0.000375,0.001681,0.002742,0.000475,0.001678,0.002836,0.003022,0.001532,0.003008,0.005540,0.001454,0.002225,0.008625,0.000603,0.002259,0.003477,0.001192,0.001097, ,0.000371,0.000859, , ,0.001054,0.004678, ,0.001370,0.000572,0.001626,0.002653,0.000489, ,0.002091,0.005215,0.000569,0.000280,0.000857, ,0.001925,0.001124,0.000423,0.000803,0.001204, , ,0.000453,0.000809,0.001078,0.009729,0.002402,0.000470,0.000814, ,0.001927,0.001068,0.001084,0.001142,0.001223,0.001396,0.000499,0.001429,0.000356, ,0.003291,0.001143,0.002231,0.001764,0.001385,0.003977,0.006837,0.001572,0.003178,0.004799,0.002764,0.002671,0.003814,0.002044,0.003107,0.001546,0.003514,0.002373,0.002078,0.003601,0.005318,0.004715, ,0.001942, ,0.001066,0.001052,0.001130,0.000551,0.000344,0.001141,0.004086,0.002311,0.001405,0.000653,0.001578,0.001815,0.001510,0.000157,0.000305,0.000181,0.000168,0.000260,0.000356,0.000315,0.000773,0.000422,0.001094,0.000538,0.000147,0.000247,0.000262,0.000160,0.000181,0.000227,0.000164,0.000696,0.000179,0.000456,0.001316,0.000745,0.001678,0.000868,0.003012,0.005558,0.000884,0.002949,0.001234, ,0.002301,0.001091,0.000190,0.000328,0.001746,0.000786,0.001029,0.002221,0.001220,0.000920,0.000184,0.001181,0.003428,0.001321,0.000802, ,0.003683,0.001490,0.001459,0.001425,0.001372, ,0.000853,0.001149,0.001352,0.001948,0.001123,0.001620,0.000660, ,0.001303, ,0.003287,0.001696,0.000782, , ,0.001099,0.000626,0.001830,0.001256,0.001379,0.007415,0.001292,0.001284,0.000980, ,0.001242,0.001720,0.008269,0.002215,0.001945,0.001381,0.002798,0.002566,0.007746,0.025177,0.003749,0.008196,0.001037,0.000691,0.070219,0.000995,0.000463, ,0.000555,0.001543,0.001647,0.001277,0.000969,0.001255,0.001099,0.001649,0.002202,0.002672,0.001948,0.000913,0.001625,0.000427,0.001573,0.000488,0.002571,0.001657,0.001109,0.001642,0.000357,0.000794,0.001849,0.002502,0.001950,0.000764,0.001696,0.002503,0.002426,0.001643,0.000599,0.001301,0.000616,0.000448,0.000921,0.000307,0.000624,0.000280,0.000952,0.001330,0.001726,0.000399,0.001004,0.000843,0.001797,0.001649,0.001807,0.000934,0.000542,0.005282, ,0.001422,0.000737,0.002926,0.001272,0.006788,0.019678,0.004464,0.001512,0.011162,0.005777,0.001976,0.005012,0.003647,0.001710,0.004710,0.006377,0.006809,0.001866,0.009373,0.012461,0.002666,0.008494,0.013114,0.004415, ,0.001246,0.001232,0.002600,0.010209,0.000593,0.000198,0.000303,0.000746,0.001151,0.001172,0.003354,0.011750, , , , , , ,0.001293, ,0.000901,0.001703, ,0.001089,0.001132,0.001369,0.001304, ,0.001943,0.000537,0.001552,0.005515,0.003215,0.001342,0.003201,0.003027, , ,0.006244, ,0.004804, ,0.005417, ,0.003431,0.003910,0.005892,0.003136,0.001220, ,0.002711,0.003244,0.000709,0.000533,0.000572,0.000318,0.000299,0.000320,0.000426,0.000370,0.000327,0.000259,0.000367,0.000741,0.000234,0.000225,0.000361,0.000549,0.001989,0.000612,0.000534,0.003625,0.001072,0.000416,0.000251,0.001474,0.002897,0.000259,0.000603,0.003004,0.000380,0.000971,0.002315,0.000317,0.003341,0.001165,0.003567,0.001314,0.000617,0.001548,0.008353,0.002112,0.001052,0.002128,0.009428,0.003921,0.004081,0.001601,0.003618,0.003484
    Median/Mean ISI within Burst,0.842607,0.843837,0.790402,0.803437,0.836897,0.884990,0.850806, ,0.731872,0.860936,0.875701, ,0.740242,0.823064,0.786865, , ,0.903233,0.911476,0.919908,0.901736,0.870359,0.781815,0.696059,0.609774,0.852716,0.880864,0.542161,0.800699,0.890057,0.636339,0.941024,0.838668,0.766887,0.850174,0.879827,0.846678,0.841703,0.907522,0.614525,0.846532,0.881554,0.866177,0.879052,0.897974,0.779463,0.887308,0.915493,0.812753,0.723538,0.845695, ,0.783965,0.867014, ,0.808312,0.863318,0.864380,0.803902,0.365726,0.732150,0.736168,0.778556,0.724049, ,0.813838, , , , , ,0.897619,0.933479,0.928423, , , ,0.635155, ,0.943256,0.927179,0.793011,0.805155,0.675000,0.723881,0.886401,0.944028,0.651490,0.863822,0.711564,0.809213,0.949458,0.898884,0.807767,0.947831,0.725986,0.653597,0.877910,0.824675,0.799261, ,0.808655,0.676095,0.844394,0.851559,0.804638,0.813376,0.719245,0.815365,0.800109,0.843832,0.871944,0.770327,0.921891,0.825752,0.842790,0.895242,0.936713,0.931572,0.848751,0.834091,0.741439,0.793599,0.935799,0.894479,0.878853,0.922508,0.903214,0.826450,0.788073,0.807459,0.851902,0.820384,0.801813,0.782274, ,0.807700,0.809485,0.752417,0.731012,0.771758,0.767391,0.789425,0.892508,0.833612,0.906323,0.825663,0.852297,0.866167,0.838999,0.798694,0.827323,0.770042,0.825406,0.848878,0.874347,0.839533,0.789503,0.833317,0.766761,0.873568,0.880556,0.794127,0.860685,0.740209,0.889034,0.883764,0.799258,0.780355,0.873806,0.864241,0.855361,0.916018,0.833942,0.880700,0.808201,0.869914,0.770870,0.830214,0.880554,0.872137,0.845716,0.759613,0.818054,0.835584,0.725965,0.873900,0.848837,0.837444,0.752441,0.805432,0.814348,0.711767,0.789294,0.766364,0.796947,0.818533,0.808149,0.863899,0.889295,0.790875,0.858803,0.819294,0.776500,0.846025,0.844909,0.834585,0.820924,0.856261,0.743901,0.878760,0.823794,0.833834,0.831251,0.841202,0.779494,0.822466,0.819146,0.858086,0.841768,0.849146,0.803095,0.791209,0.803256,0.816081,0.870259,0.899576,0.834217,0.851969,0.774109,0.710224,0.781507,0.866093,0.737984,0.840958,0.745355,0.860239,0.823423,0.805924,0.885580,0.831528,0.808745,0.832849,0.856371,0.775771,0.872880,0.772702,0.889165,0.756889,0.691062,0.819955,0.787839,0.811613,0.779927,0.793122,0.711501,0.836118,0.872860, ,0.776539,0.805573,0.862108,0.815189,0.903501,0.817083,0.862760, ,0.756687,0.836057,0.793668,0.749006,0.843213,0.902300,0.801364,0.892028,0.863975,0.839990,0.885712, ,0.880903,0.850416,0.873638,0.849161,0.880092,0.811193,0.878123,0.842388,0.843644,0.855631,0.914865,0.899534,0.950229,0.887619,0.842596,0.838698,0.888553, ,0.871481,0.864898,0.882533,0.874647,0.776892,0.832168,0.858465,0.810952,0.857598,0.894173,0.882267,0.879746,0.853483,0.893530,0.878924,0.750481,0.839427,0.862961,0.846292,0.839652,0.798994,0.895961,0.738540,0.819487,0.831976,0.848574,0.874127,0.763116,0.864397,0.881948,0.874582,0.861783,0.807227,0.896951,0.862179,0.905681,0.891747,0.765437,0.871395,0.757313,0.845094,0.801462,0.823280,0.776464,0.765411,0.809879,0.814714,0.792325,0.902081,0.783067,0.795479,0.748479,0.744716,0.777257,0.814682, , , , , , , , , , , , ,0.718779, , , ,0.812108,0.820284,0.827923,0.791917,0.855704,0.805265,0.776474,0.849924,0.712383,0.758844,0.804976,0.679919,0.756902,0.854487,0.770716,0.849605,0.882647,0.915839,0.886057,0.846451,0.890140,0.915754,0.898482,0.907444,0.902085,0.949644,0.833097,0.868263,0.934499,0.925960,0.860115,0.792108,0.804142,0.852948,0.832871,0.733829,0.870697,0.856949,0.863882,0.797196,0.827415,0.829081,0.929485,0.837984,0.786630, ,0.836745,0.839896, , ,0.868819,0.810050, ,0.876897,0.861780,0.804911,0.895584,0.826451, ,0.881223,0.849994,0.865023,0.811247,0.841830, ,0.887573,0.856970,0.888098,0.889427,0.867493, , ,0.891907,0.881957,0.883937,0.902661,0.847205,0.875848,0.905009, ,0.826207,0.826045,0.810958,0.817085,0.852476,0.900491,0.858765,0.823508,0.879745, ,0.839545,0.862723,0.863738,0.836051,0.866459,0.874748,0.870389,0.824864,0.835463,0.792585,0.853697,0.820881,0.803801,0.873867,0.848224,0.810668,0.801061,0.776973,0.855159,0.844591,0.838470,0.792390, ,0.909972, ,0.872050,0.839524,0.845955,0.856208,0.868781,0.835233,0.890618,0.862919,0.841764,0.846813,0.851905,0.934007,0.841117,0.881198,0.815988,0.842454,0.758773,0.829854,0.761574,0.741880,0.812722,0.840425,0.829050,0.855250,0.840081,0.687069,0.770402,0.778382,0.832445,0.836797,0.883039,0.854267,0.894762,0.843251,0.807111,0.900164,0.882319,0.835489,0.870859,0.856038,0.854128,0.852409,0.813334, ,0.835348,0.854307,0.875363,0.849813,0.837042,0.846116,0.881574,0.708023,0.823503,0.795644,0.871151,0.797803,0.833136,0.848488,0.761921, ,0.840104,0.842278,0.817493,0.815318,0.823099, ,0.853820,0.879715,0.851955,0.821694,0.836003,0.829808,0.821520, ,0.816054, ,0.869516,0.860783,0.839496, , ,0.833243,0.859574,0.828044,0.853575,0.829144,0.921796,0.847984,0.840682,0.850959, ,0.844636,0.833013,0.843765,0.807900,0.837443,0.807109,0.833987,0.907293,0.835896,0.838893,0.826855,0.795472,0.803382,0.802007,0.997613,0.819565,0.842517, ,0.832258,0.878515,0.805248,0.804996,0.803313,0.804950,0.825269,0.849660,0.819052,0.895680,0.887954,0.812717,0.847359,0.844408,0.832603,0.824096,0.834932,0.832105,0.821018,0.855722,0.830241,0.836819,0.864562,0.829859,0.850864,0.863506,0.800688,0.861417,0.821762,0.851548,0.856805,0.881197,0.774060,0.820988,0.779454,0.811724,0.766571,0.834994,0.830138,0.812417,0.781737,0.826517,0.834480,0.818136,0.801061,0.901346,0.836530,0.800080,0.774318,0.768745,0.552408,0.826425,0.783849,0.852995,0.802648,0.414930,0.812375,0.799136,0.892733,0.791890,0.765103,0.816510,0.778425,0.844109,0.742219,0.681860,0.710771,0.777498,0.761065,0.743695,0.778919,0.847910,0.752735,0.769679,0.753225, ,0.729741,0.725023,0.723016,0.778033,0.871737,0.875138,0.879907,0.799618,0.874361,0.871622,0.852687,0.794456, , , , , , ,0.844632, ,0.818024,0.816293, ,0.828349,0.803240,0.832331,0.836700, ,0.823943,0.816060,0.884374,0.858682,0.814573,0.813546,0.837861,0.776497, , ,0.738388, ,0.871840, ,0.900385, ,0.688103,0.776467,0.724787,0.744186,0.773408,0.987578,0.866869,0.861017,0.852402,0.882473,0.884377,0.878770,0.899583,0.903172,0.875510,0.845207,0.881878,0.881075,0.873653,0.873255,0.891371,0.883403,0.879605,0.869707,0.880578,0.851149,0.864255,0.843087,0.874627,0.871613,0.825674,1.009507,0.909386,0.872998,0.883844,0.868732,0.865061,0.849874,0.841958,0.854691,0.703935,0.745007,0.755093,0.731062,0.807000,0.730479,0.779780,0.771646,0.757613,0.716798,0.758294,0.770577,0.791982,0.791315,0.787026,0.794448
    Inter-Burst Interval - Avg (sec),18.703092,18.703234,18.703339,18.703494,18.703027,18.703128,18.703161, ,18.702800,18.702991,18.703241, ,18.702728,18.702720,18.703001, , ,17.882383,17.882356,17.882383,17.882385,17.882368,17.882436,17.882385,18.441220,17.882373,17.882388,21.856213,17.882565,17.882412,21.856323,17.882204,20.779846,20.779960,20.780049,20.780049,20.779794,20.779894,20.063490,20.780123,20.779809,20.779929,20.779983,20.063567,20.779740,20.779849,20.779931,20.779940,21.487793,21.487609,21.487523, ,21.487819,21.487668, ,21.487564,21.487852,21.487736,21.487647,113.490560,21.487760,21.487724,21.487724,21.487529, ,12.060633, , , , , ,12.060414,12.060786,12.060626, , , ,12.060677, ,12.060451,11.461309,11.461197,11.461135, ,11.461346,11.461238,11.461192,11.461071,11.461355,11.461271,11.461229,11.461157,11.461465,11.461360,11.461289,11.461217,17.202456,15.391859,15.391842,15.391941, ,15.391764,15.391741,15.391832,15.391764,15.391693,15.391737,33.266245,15.391632,15.391709,15.391636,14.997044,14.540271,14.540248,14.541069,14.541054,14.541147,14.541042,14.540999,14.540849,14.541052,14.541054,14.540970,14.540831,14.541061,14.541060,14.540952,14.540944,9.269325,9.270143,9.270186,9.270177,9.269543,9.270096,9.270101, ,9.270067,9.270064,9.269725,41.899462,9.269081,9.269217,9.269920,103.768304,9.230174,9.230898,9.230862,9.231026,9.230804,9.230882,9.230850,9.230999,9.230867,9.230700,9.230940,9.231099,15.332653,9.230670,9.230963,9.231098,6.351366,6.351413,6.351479,6.351515,6.351452,6.351529,6.351369,6.351453,6.351347,6.351403,6.351468,6.351420,6.351474,6.351418,6.351561,6.633794,14.216217,14.216203,14.215938,14.216068,14.216250,14.216066,14.216220,14.216178,14.216041,14.216135,14.216295,14.216170,14.216275,14.216275,14.215984,14.216712,12.540213,12.278750,12.278925,12.278660,12.278557,12.278748,12.278477,12.278480,13.097490,12.278760,12.278230,12.278827,12.278225,12.278767,12.278428,12.278307,11.644441,12.119853,12.910504,13.497689,12.372645,12.635826,11.877850,14.485438,11.644933,11.645024,12.120454,11.878098,11.420829,11.421092,11.878003,14.485467,11.049205,11.049052,11.049170,11.049075,11.049280,11.049312,11.049109,11.049061,11.048897,11.049227,11.049168,11.049380,11.048383,11.049212,11.049307,11.049351,9.360789,9.360593,9.360786,9.360589,9.360848,9.360891,9.360819,9.360924,9.360941,9.360909,9.360532,9.360894,9.360580,9.360975,9.360848,9.360729,7.616152,7.519662, ,8.078662,7.425910,7.425821,7.616222,30.746960,9.667883,7.425766, ,7.615561,7.616253,7.519842,7.920869,7.714948,5.035904,11.558469,5.035948,13.709282,6.459074,5.035871, ,6.002474,5.212549,5.883495,6.002509,5.825913,5.167156,9.903875,5.078942,6.459150,8.054536,8.050102,16.126533,12.642080,8.050071,9.960233,21.775735,8.049997, ,8.049939,8.050055,8.050001,10.493969,14.696176,8.050003,8.770918,10.489836,10.489986,10.489709,10.489881,10.489874,11.296783,10.489993,10.489764,10.490331,10.490159,10.490267,10.490186,10.490324,10.878864,10.490227, ,13.491648,10.171010,10.349597,10.171109,10.171017,10.171103,10.725932,9.998735,10.171008,10.534293,9.998696,10.171188,9.832049,9.998690,14.405044,10.349544,12.127602,9.432008,12.746003,13.205243,9.285283,10.612049,11.003788,10.245003,10.245394,13.325700,9.903591,17.245216,9.286131,8.370337,9.584458,9.432215, , , , , , , , , , , , ,21.064520, , , ,10.235277,10.235207,10.418027,10.418241,10.235217,10.234863,10.418156,10.058902,10.417496,10.417790,10.234980,10.234893,10.417727,10.607050,10.418321,10.418074,4.532935,4.532916,4.532993,4.532917,4.532896,4.532906,31.048861,4.603716,4.951866,48.836744,4.714161,4.532863,4.870003,16.224540,4.532809,4.870007,7.547523,8.336091,6.895298,7.160645,8.462361,6.895312,7.160571,11.244648,6.895234,7.757191,62.987427,7.253465,6.895271, ,6.895394,6.981540, , ,8.865719,10.241353, ,9.428721,9.428670,9.037498,9.580948,9.281633, ,9.138538,10.800403,9.000314,9.428819,9.428763, ,8.335325,10.088071,7.729790,7.729737,7.729768, , ,7.677295,7.729744,12.684037,56.296310,7.884723,7.677173,7.677123, ,6.367582,5.334969,5.240564,5.061422,5.534428,12.599639,5.194578,5.639813,5.018508, ,10.935334,5.981645,5.694078,5.432873,5.749367,17.896255,10.026118,7.277709,6.722096,14.932362,6.216413,6.089432,6.792406,9.100655,6.281876,6.028072,7.303344,8.103279,7.576238,9.718995,6.281855,6.486673, ,8.892807, ,7.266151,7.355831,8.892867,7.355906,7.266139,7.355867,15.184612,7.967516,7.463217,7.355863,7.542003,23.616025,8.511711,8.005708,8.005441,8.005433,8.005443,8.005664,8.005657,8.005622,8.116861,8.231227,8.594199,8.231026,8.005528,8.006094,8.005449,8.004784,8.004963,4.889173,4.889248,5.186819,4.889243,4.889159,5.303927,8.124048,7.344498,6.988641,12.925157,99.697020,5.165526,13.248486,5.908659, ,102.301380,4.854207,4.814661,4.814650,4.894283,4.814762,6.300015,7.895969,4.814599,4.854201,4.814645,4.854043,7.592194,4.935230,4.894214, ,11.611624,6.840795,5.253837,5.074215,4.711770, ,4.638066,4.902574,7.003654,4.902566,4.902675,4.826606,4.638091, ,5.073971, ,11.414604,7.217101,6.804806, , ,6.651949,6.578043,6.578115,6.804995,8.119348,56.150608,6.578130,6.877693,6.652039, ,6.578226,7.133041,27.228668,6.826269,6.122534,5.998814,6.060051,37.552444,7.423604,17.351535,6.122507,11.764785,6.122548,5.938892,74.259907,5.998868,5.938826, ,4.751398,6.603628,5.603157,5.499391,4.868025,5.448886,7.155801,6.987393,6.833992,7.518186,8.277786,4.908485,5.350675,4.789699,4.868241,4.789705,6.508388,6.158387,6.158380,6.223894,6.031398,6.094226,8.483352,8.478945,6.158378,6.094227,6.223888,6.500510,6.429050,6.964843,6.158373,239.740720,4.513791,4.284739,5.053804,5.010910,4.692836,4.223570,4.886756,5.474942,6.643782,4.513708,4.886761,6.224139,6.719298,9.096880,5.740737,5.010972,6.658719,8.466066, ,6.512368,6.512376,26.177512,7.221053,248.016160,30.214151,8.466082,39.418514,46.745629,11.435080,6.891009,13.651223,12.598592,5.777632,11.289261,11.790468,11.289135,10.832085,18.948623,12.715163,15.186864,12.339602,7.364180,10.612267, ,6.758845,5.560218,7.035715,26.455410,4.466395,4.433147,4.433078,4.534677,8.366816,5.077286,58.094304,61.145422, , , , , , ,5.604269, ,6.388880,6.254339, ,6.320791,6.320946,6.254296,6.254269, ,6.254312,6.254237,70.122630,39.196788,7.158532,6.254184,8.670912,12.589706, , ,14.533522, ,187.270440, ,27.678998, ,41.744609,18.163990,24.703477,18.617935,19.376576, ,17.564729,22.352071,4.742417,4.705090,4.668316,4.668304,4.668336,4.668311,4.668321,4.668308,4.668342,4.668304,4.668323,4.705082,4.668334,4.668313,4.705117,4.668351,4.284436,4.253628,4.223236,5.972277,4.253579,4.223218,4.223205,78.947267,6.455769,4.223165,4.223182,5.630935,4.347273,4.253523,5.141243,4.253564,8.739465,6.064038,7.428450,12.465854,5.281888,5.630678,8.739700,5.769759,5.826403,11.469270,8.908370,7.074967,5.659970,5.402655,6.677583,5.968744
    Inter-Burst Interval - Std (sec),12.123176,12.122988,12.123544,12.124186,12.122444,12.123388,12.123739, ,12.122217,12.122905,12.123565, ,12.122312,12.121901,12.122579, , ,11.636305,11.635667,11.635964,11.636864,11.636233,11.631289,11.635565,12.029777,11.635546,11.635702,18.690446,11.636618,11.632041,15.314185,11.635362,13.944377,13.944338,13.938586,13.943652,13.943394,13.944046,13.852797,13.943960,13.943289,13.942973,13.943462,14.178755,13.942879,13.941879,13.942227,13.941553,9.999454,9.999737,10.000356, ,9.998099,9.997799, ,9.999303,9.996056,9.997169,9.997161,129.589256,9.995644,9.996360,9.996436,9.997331, ,10.823391, , , , , ,10.823703,10.823971,10.823349, , , ,10.822793, ,10.824573,4.717373,4.717357,4.717824, ,4.717022,4.716895,4.718015,4.717366,4.716951,4.716678,4.717243,4.717798,4.715541,4.716427,4.716988,4.717007,10.809070,9.344507,9.345022,9.345102, ,9.344480,9.344353,9.345153,9.343701,9.343569,9.344084,29.917929,9.343177,9.343944,9.342942,9.324394,6.602977,6.607087,6.612355,6.611513,6.612651,6.610136,6.611192,6.610728,6.611647,6.612430,6.611550,6.610628,6.612831,6.612607,6.612010,6.611295,2.169943,2.163946,2.166229,2.164739,2.165619,2.166002,2.165747, ,2.162572,2.166636,2.164672,40.379721,2.165591,2.164433,2.165570,66.242247,4.096605,4.100124,4.098931,4.099269,4.098620,4.099311,4.100337,4.101397,4.099424,4.091647,4.100953,4.103496,11.346700,4.098040,4.100587,4.101276,4.908845,4.910059,4.909385,4.909099,4.909968,4.910910,4.909383,4.909651,4.909473,4.909950,4.909988,4.909679,4.912046,4.910332,4.911031,5.274755,5.528340,5.528274,5.531925,5.528647,5.528162,5.528873,5.528482,5.528143,5.529564,5.527893,5.528777,5.528180,5.529230,5.527983,5.529750,5.528542,6.443619,6.591883,6.592809,6.594444,6.592188,6.592382,6.592379,6.592983,7.468339,6.592578,6.592700,6.593446,6.594238,6.592687,6.595885,6.593905,3.503212,3.262835,4.344011,4.817823,3.821853,4.080659,3.421453,5.283667,3.554242,3.553805,3.977392,3.855756,3.622980,3.626477,3.862831,5.284987,3.138430,3.138198,3.137990,3.138331,3.138316,3.137414,3.137286,3.137632,3.138455,3.137450,3.137168,3.138638,3.137174,3.138023,3.138134,3.138222,2.178012,2.181513,2.175469,2.175390,2.177480,2.177131,2.173834,2.175731,2.181001,2.176806,2.178576,2.175198,2.187814,2.179198,2.176248,2.174611,3.382093,3.277857, ,3.690154,3.187844,3.219453,3.380802,36.340762,5.339184,3.273925, ,3.376785,3.381064,3.118916,3.498103,3.378112,1.939888,6.954626,1.940547,8.907841,3.161938,1.938147, ,2.804282,2.025408,2.642188,2.945630,2.729510,2.027008,4.665203,2.015579,2.953285,5.030287,5.046536,9.284852, ,5.047613,5.920752,11.842817,5.047654, ,5.049073,5.048615,5.048612,7.072410,8.529367,5.048104,5.395582,5.194052,5.193900,5.195521,5.195586,5.194236,5.607008,5.193425,5.196150,5.192534,5.192267,5.193346,5.194318,5.191586,5.432396,5.192975, ,7.898748,6.810987,6.750682,6.752585,6.750441,6.752737,7.233101,6.759900,6.753145,6.814206,6.757571,6.752872,6.655117,6.759859,8.076214,6.751693,4.302389,3.217871,6.532484,5.375137,2.922321,3.671829,4.104783,3.446676,3.625073,4.482517,3.368662,10.283906,2.976114,2.638481,2.978604,3.289200, , , , , , , , , , , , ,4.058971, , , ,1.986495,1.990144,1.900853,1.909962,1.983566,1.986125,1.907311,2.286661,1.915167,1.903399,1.998117,2.012207,1.898921,2.081796,1.898988,1.897310,1.591475,1.590927,1.587688,1.590117,1.591152,1.591045,22.581710,1.986022,1.870786,49.368002,1.885024,1.589146,1.983546,18.372288,1.590132,1.737718,3.788413,4.401114,3.745288,3.853658,4.754532,3.745329,3.996507,5.879723,3.745645,4.059601,45.480586,3.969367,3.745501, ,3.746449,3.758417, , ,6.189851,6.306502, ,6.173012,6.173483,6.169719,6.087369,6.205092, ,6.093535,6.389094,6.172330,6.172373,6.145105, ,3.773061,4.836760,3.539809,3.539492,3.540015, , ,3.533151,3.539735,6.606586,36.190791,3.642310,3.532489,3.532923, ,3.819390,3.407557,3.419272,3.198976,3.502915,9.828219,3.312750,3.607910,3.216554, ,6.897996,3.579431,3.577100,3.459650,3.665734,11.930330,5.725086,3.707455,3.113372,11.799533,3.068197,3.060182,3.336019,5.464302,3.025742,3.067059,3.247450,4.508536,4.384787,6.246002,3.076103,3.283455, ,5.757245, ,4.812746,4.810142,5.821527,4.809890,4.819249,4.809451,12.046491,5.239982,4.951832,4.808048,4.921802,20.447769,5.373249,1.908625,1.905886,1.905429,1.906168,1.905105,1.907883,1.905409,2.307901,2.510441,2.519813,2.468790,1.907928,1.903907,1.902326,1.900957,1.900739,1.631537,1.634852,2.158090,1.634667,1.633169,2.132054,6.657958,4.652107,3.582207,10.571751,51.849729,1.935265,14.465741,2.374740, ,100.242434,2.181373,2.188870,2.189398,2.249472,2.186625,3.593639,8.287294,2.189636,2.189313,2.187113,2.176949,6.570861,2.157895,2.183628, ,8.677011,3.617076,2.127313,1.785869,1.681444, ,1.695582,1.967805,3.494179,2.065329,1.671532,2.055811,1.696261, ,1.864583, ,6.595039,4.657987,3.955953, , ,3.676804,3.597917,3.596899,4.105729,4.709330,30.268581,3.596954,4.043052,3.657066, ,3.596500,3.938652,19.287966,3.991108,3.775449,3.724944,3.742806,23.352422,5.331848,11.779453,3.759237,8.110388,3.782862,3.734680,44.734480,3.785226,3.735405, ,1.667343,3.382780,2.050422,2.242491,1.766063,1.887943,4.009621,3.743669,3.518706,4.836852,5.324547,1.687415,1.819463,1.661262,1.697933,1.660641,3.990257,3.660448,3.660888,3.640097,3.716181,3.686147,8.221403,5.464644,3.656962,3.873156,3.697550,3.866357,3.808098,4.372997,3.663272, ,1.410268,1.291431,1.653364,1.658637,1.570495,1.273507,1.613646,2.057849,3.210760,1.413779,1.554066,2.602456,3.047933,4.353733,2.586343,1.708378,2.986310,5.177449, ,3.266146,3.091270,25.658639,3.704890, ,21.642860,4.963858,44.184002,32.305515,8.104187,3.829043,14.011836,9.738323,3.385535,7.082936,7.246972,6.402694,5.917375,13.377831,8.344419,8.011262,8.789659,4.763240,5.272735, ,3.333034,2.342337,4.073899,18.232015,1.249663,1.185572,1.184990,1.351722,5.508949,2.035693,47.770086,63.655899, , , , , , ,2.820068, ,2.964626,2.906947, ,3.363852,2.946115,2.901851,2.901201, ,2.901677,2.902838,36.820216,40.914991,4.932974,2.900346,5.387607,7.622917, , ,6.338886, ,69.332951, ,20.642169, ,54.238188,7.950703,10.470220,10.840930,8.478193, ,6.742859,10.955503,2.405168,2.061249,2.064464,2.068642,2.066608,2.069298,2.067570,2.065781,2.066731,2.066289,2.069527,2.083401,2.068429,2.068444,2.342512,2.068324,1.926832,1.925742,1.906748,3.262583,1.925458,1.906307,1.906738,60.318922,4.858524,1.907060,1.907022,3.485180,2.006182,1.913152,2.808184,2.118284,5.493601,4.511408,5.368398,7.801672,3.211740,3.736267,6.027645,4.397164,4.074783,7.439470,5.929506,4.517027,3.504912,3.194701,4.374592,3.723302
    Burst Frequency (Hz),0.053333,0.053333,0.053333,0.053333,0.053333,0.053333,0.053333, ,0.053333,0.053333,0.053333, ,0.053333,0.053333,0.053333, , ,0.056667,0.056667,0.056667,0.056667,0.056667,0.056667,0.056667,0.055000,0.056667,0.056667,0.046667,0.056667,0.056667,0.046667,0.056667,0.048333,0.048333,0.048333,0.048333,0.048333,0.048333,0.050000,0.048333,0.048333,0.048333,0.048333,0.050000,0.048333,0.048333,0.048333,0.048333,0.046667,0.046667,0.046667, ,0.046667,0.046667, ,0.046667,0.046667,0.046667,0.046667,0.010000,0.046667,0.046667,0.046667,0.046667, ,0.080000, , , , , ,0.080000,0.080000,0.080000, , , ,0.080000, ,0.080000,0.088333,0.088333,0.088333,0.001667,0.088333,0.088333,0.088333,0.088333,0.088333,0.088333,0.088333,0.088333,0.088333,0.088333,0.088333,0.088333,0.058333,0.065000,0.065000,0.065000, ,0.065000,0.065000,0.065000,0.065000,0.065000,0.065000,0.028333,0.065000,0.065000,0.065000,0.066667,0.070000,0.070000,0.070000,0.070000,0.070000,0.070000,0.070000,0.070000,0.070000,0.070000,0.070000,0.070000,0.070000,0.070000,0.070000,0.070000,0.108333,0.108333,0.108333,0.108333,0.108333,0.108333,0.108333, ,0.108333,0.108333,0.108333,0.020000,0.108333,0.108333,0.108333,0.010000,0.108333,0.108333,0.108333,0.108333,0.108333,0.108333,0.108333,0.108333,0.108333,0.108333,0.108333,0.108333,0.063333,0.108333,0.108333,0.108333,0.158333,0.158333,0.158333,0.158333,0.158333,0.158333,0.158333,0.158333,0.158333,0.158333,0.158333,0.158333,0.158333,0.158333,0.158333,0.151667,0.070000,0.070000,0.070000,0.070000,0.070000,0.070000,0.070000,0.070000,0.070000,0.070000,0.070000,0.070000,0.070000,0.070000,0.070000,0.070000,0.080000,0.081667,0.081667,0.081667,0.081667,0.081667,0.081667,0.081667,0.076667,0.081667,0.081667,0.081667,0.081667,0.081667,0.081667,0.081667,0.086667,0.083333,0.078333,0.075000,0.081667,0.080000,0.085000,0.070000,0.086667,0.086667,0.083333,0.085000,0.088333,0.088333,0.085000,0.070000,0.090000,0.090000,0.090000,0.090000,0.090000,0.090000,0.090000,0.090000,0.090000,0.090000,0.090000,0.090000,0.090000,0.090000,0.090000,0.090000,0.106667,0.106667,0.106667,0.106667,0.106667,0.106667,0.106667,0.106667,0.106667,0.106667,0.106667,0.106667,0.106667,0.106667,0.106667,0.106667,0.131667,0.133333, ,0.123333,0.135000,0.135000,0.131667,0.028333,0.103333,0.135000, ,0.131667,0.131667,0.133333,0.126667,0.130000,0.198333,0.086667,0.198333,0.073333,0.155000,0.198333, ,0.166667,0.191667,0.170000,0.166667,0.171667,0.193333,0.101667,0.196667,0.155000,0.123333,0.123333,0.061667,0.003333,0.123333,0.100000,0.045000,0.123333, ,0.123333,0.123333,0.123333,0.095000,0.068333,0.123333,0.113333,0.095000,0.095000,0.095000,0.095000,0.095000,0.088333,0.095000,0.095000,0.095000,0.095000,0.095000,0.095000,0.095000,0.091667,0.095000,0.001667,0.073333,0.098333,0.096667,0.098333,0.098333,0.098333,0.093333,0.100000,0.098333,0.095000,0.100000,0.098333,0.101667,0.100000,0.068333,0.096667,0.083333,0.106667,0.078333,0.076667,0.108333,0.095000,0.091667,0.098333,0.098333,0.075000,0.101667,0.058333,0.108333,0.120000,0.105000,0.106667, , , , , , , , , , , , ,0.048333, , , ,0.096667,0.096667,0.095000,0.095000,0.096667,0.096667,0.095000,0.098333,0.095000,0.095000,0.096667,0.096667,0.095000,0.093333,0.095000,0.095000,0.218333,0.218333,0.218333,0.218333,0.218333,0.218333,0.030000,0.215000,0.200000,0.018333,0.210000,0.218333,0.203333,0.061667,0.218333,0.203333,0.125000,0.113333,0.136667,0.131667,0.111667,0.136667,0.131667,0.083333,0.136667,0.121667,0.011667,0.130000,0.136667, ,0.136667,0.135000, , ,0.113333,0.098333, ,0.106667,0.106667,0.110000,0.105000,0.108333, ,0.110000,0.093333,0.111667,0.106667,0.106667, ,0.118333,0.100000,0.130000,0.130000,0.130000, , ,0.128333,0.130000,0.078333,0.015000,0.125000,0.128333,0.128333, ,0.156667,0.186667,0.190000,0.196667,0.180000,0.080000,0.191667,0.176667,0.198333, ,0.090000,0.166667,0.175000,0.183333,0.173333,0.055000,0.100000,0.138333,0.148333,0.065000,0.161667,0.165000,0.146667,0.110000,0.160000,0.166667,0.136667,0.123333,0.131667,0.100000,0.160000,0.155000, ,0.113333, ,0.138333,0.136667,0.113333,0.136667,0.138333,0.136667,0.063333,0.125000,0.133333,0.136667,0.133333,0.038333,0.118333,0.123333,0.123333,0.123333,0.123333,0.123333,0.123333,0.123333,0.121667,0.120000,0.115000,0.120000,0.123333,0.123333,0.123333,0.123333,0.123333,0.205000,0.205000,0.193333,0.205000,0.205000,0.188333,0.121667,0.133333,0.143333,0.070000,0.008333,0.193333,0.068333,0.166667, ,0.008333,0.205000,0.206667,0.206667,0.203333,0.206667,0.158333,0.126667,0.206667,0.205000,0.206667,0.205000,0.131667,0.201667,0.203333, ,0.086667,0.145000,0.190000,0.196667,0.211667, ,0.215000,0.201667,0.141667,0.201667,0.201667,0.206667,0.215000, ,0.196667, ,0.086667,0.136667,0.146667, , ,0.150000,0.151667,0.151667,0.146667,0.121667,0.018333,0.151667,0.143333,0.150000, ,0.151667,0.140000,0.035000,0.146667,0.163333,0.166667,0.165000,0.020000,0.135000,0.055000,0.163333,0.081667,0.163333,0.168333,0.011667,0.166667,0.168333, ,0.210000,0.150000,0.178333,0.181667,0.205000,0.183333,0.140000,0.143333,0.145000,0.133333,0.120000,0.203333,0.186667,0.208333,0.205000,0.208333,0.151667,0.160000,0.160000,0.158333,0.163333,0.161667,0.116667,0.116667,0.160000,0.161667,0.158333,0.151667,0.153333,0.141667,0.160000,0.003333,0.220000,0.231667,0.196667,0.198333,0.211667,0.235000,0.203333,0.181667,0.150000,0.220000,0.203333,0.160000,0.148333,0.110000,0.173333,0.198333,0.150000,0.118333,0.001667,0.153333,0.153333,0.035000,0.136667,0.003333,0.030000,0.118333,0.025000,0.020000,0.085000,0.145000,0.070000,0.076667,0.171667,0.080000,0.076667,0.080000,0.085000,0.048333,0.073333,0.061667,0.073333,0.133333,0.085000, ,0.140000,0.178333,0.140000,0.036667,0.223333,0.225000,0.225000,0.220000,0.120000,0.196667,0.018333,0.016667, , , , , , ,0.178333, ,0.156667,0.160000, ,0.158333,0.158333,0.160000,0.160000, ,0.160000,0.160000,0.015000,0.023333,0.140000,0.160000,0.115000,0.078333, , ,0.068333, ,0.005000, ,0.036667, ,0.023333,0.055000,0.041667,0.053333,0.051667,0.001667,0.058333,0.045000,0.211667,0.213333,0.215000,0.215000,0.215000,0.215000,0.215000,0.215000,0.215000,0.215000,0.215000,0.213333,0.215000,0.215000,0.213333,0.215000,0.231667,0.233333,0.235000,0.166667,0.233333,0.235000,0.235000,0.011667,0.153333,0.235000,0.235000,0.176667,0.228333,0.233333,0.193333,0.233333,0.115000,0.165000,0.135000,0.078333,0.190000,0.178333,0.115000,0.173333,0.171667,0.085000,0.113333,0.141667,0.176667,0.185000,0.150000,0.168333
    IBI Coefficient of Variation,0.648191,0.648176,0.648202,0.648231,0.648154,0.648201,0.648219, ,0.648150,0.648180,0.648207, ,0.648157,0.648136,0.648162, , ,0.650713,0.650679,0.650694,0.650745,0.650710,0.650431,0.650672,0.652331,0.650671,0.650679,0.855155,0.650724,0.650474,0.700675,0.650667,0.671053,0.671047,0.670768,0.671012,0.671007,0.671035,0.690448,0.671024,0.671002,0.670983,0.671005,0.706692,0.670984,0.670933,0.670947,0.670914,0.465355,0.465372,0.465403, ,0.465291,0.465281, ,0.465353,0.465196,0.465250,0.465252,1.141851,0.465179,0.465213,0.465216,0.465262, ,0.897415, , , , , ,0.897457,0.897451,0.897412, , , ,0.897362, ,0.897526,0.411591,0.411594,0.411637, ,0.411559,0.411552,0.411651,0.411599,0.411553,0.411532,0.411583,0.411634,0.411426,0.411507,0.411558,0.411563,0.628345,0.607107,0.607141,0.607143, ,0.607109,0.607102,0.607150,0.607058,0.607053,0.607084,0.899348,0.607030,0.607076,0.607014,0.621749,0.454116,0.454400,0.454736,0.454679,0.454754,0.454585,0.454659,0.454632,0.454688,0.454742,0.454684,0.454625,0.454770,0.454754,0.454716,0.454668,0.234099,0.233432,0.233677,0.233516,0.233627,0.233655,0.233627, ,0.233285,0.233724,0.233521,0.963729,0.233636,0.233508,0.233613,0.638367,0.443828,0.444174,0.444046,0.444075,0.444016,0.444087,0.444199,0.444307,0.444100,0.443265,0.444262,0.444530,0.740035,0.443959,0.444221,0.444289,0.772880,0.773066,0.772951,0.772902,0.773047,0.773185,0.772964,0.772996,0.772981,0.773050,0.773048,0.773005,0.773371,0.773108,0.773201,0.795134,0.388876,0.388871,0.389135,0.388901,0.388862,0.388917,0.388886,0.388863,0.388967,0.388846,0.388904,0.388866,0.388937,0.388849,0.388981,0.388876,0.513837,0.536853,0.536921,0.537065,0.536886,0.536894,0.536905,0.536954,0.570211,0.536909,0.536942,0.536977,0.537068,0.536918,0.537193,0.537037,0.300848,0.269214,0.336471,0.356937,0.308895,0.322944,0.288053,0.364757,0.305218,0.305178,0.328155,0.324611,0.317226,0.317525,0.325209,0.364848,0.284041,0.284024,0.284002,0.284036,0.284029,0.283947,0.283940,0.283973,0.284051,0.283952,0.283928,0.284056,0.283949,0.284004,0.284012,0.284019,0.232674,0.233053,0.232402,0.232399,0.232616,0.232577,0.232227,0.232427,0.232989,0.232542,0.232741,0.232371,0.233726,0.232796,0.232484,0.232312,0.444068,0.435905, ,0.456778,0.429287,0.433548,0.443895,1.181930,0.552260,0.440887, ,0.443406,0.443927,0.414758,0.441631,0.437866,0.385211,0.601691,0.385339,0.649767,0.489534,0.384868, ,0.467188,0.388564,0.449085,0.490733,0.468512,0.392287,0.471048,0.396850,0.457225,0.624528,0.626891,0.575750, ,0.627027,0.594439,0.543854,0.627038, ,0.627219,0.627153,0.627157,0.673950,0.580380,0.627093,0.615167,0.495151,0.495129,0.495297,0.495295,0.495167,0.496337,0.495084,0.495354,0.494983,0.494965,0.495063,0.495160,0.494893,0.499353,0.495030, ,0.585455,0.669647,0.652265,0.663899,0.663694,0.663914,0.674356,0.676076,0.663960,0.646859,0.675845,0.663922,0.676880,0.676074,0.560652,0.652366,0.354760,0.341165,0.512512,0.407046,0.314726,0.346006,0.373034,0.336425,0.353825,0.336381,0.340145,0.596334,0.320490,0.315218,0.310774,0.348720, , , , , , , , , , , , ,0.192692, , , ,0.194083,0.194441,0.182458,0.183329,0.193798,0.194055,0.183076,0.227327,0.183841,0.182707,0.195224,0.196603,0.182278,0.196265,0.182274,0.182117,0.351091,0.350972,0.350252,0.350793,0.351023,0.350999,0.727296,0.431395,0.377794,1.010878,0.399864,0.350583,0.407299,1.132377,0.350805,0.356821,0.501941,0.527959,0.543166,0.538172,0.561845,0.543170,0.558127,0.522891,0.543222,0.523334,0.722058,0.547237,0.543199, ,0.543326,0.538336, , ,0.698178,0.615788, ,0.654703,0.654757,0.682680,0.635362,0.668535, ,0.666795,0.591561,0.685791,0.654628,0.651740, ,0.452659,0.479453,0.457944,0.457906,0.457972, , ,0.460208,0.457937,0.520858,0.642863,0.461945,0.460129,0.460188, ,0.599818,0.638721,0.652462,0.632031,0.632932,0.780040,0.637732,0.639722,0.640938, ,0.630799,0.598402,0.628214,0.636799,0.637589,0.666638,0.571017,0.509426,0.463155,0.790199,0.493564,0.502540,0.491140,0.600430,0.481662,0.508796,0.444652,0.556384,0.578755,0.642659,0.489681,0.506185, ,0.647405, ,0.662352,0.653922,0.654629,0.653881,0.663248,0.653825,0.793335,0.657668,0.663498,0.653635,0.652585,0.865843,0.631277,0.238408,0.238074,0.238017,0.238109,0.237970,0.238317,0.238009,0.284334,0.304990,0.293199,0.299937,0.238326,0.237807,0.237629,0.237478,0.237445,0.333704,0.334377,0.416072,0.334339,0.334039,0.401976,0.819537,0.633414,0.512576,0.817920,0.520073,0.374650,1.091879,0.401908, ,0.979874,0.449378,0.454626,0.454737,0.459612,0.454150,0.570417,1.049560,0.454791,0.451014,0.454263,0.448482,0.865476,0.437243,0.446165, ,0.747269,0.528751,0.404907,0.351950,0.356860, ,0.365579,0.401382,0.498908,0.421275,0.340943,0.425933,0.365724, ,0.367480, ,0.577772,0.645410,0.581347, , ,0.552741,0.546959,0.546798,0.603341,0.580013,0.539061,0.546805,0.587850,0.549766, ,0.546728,0.552170,0.708370,0.584669,0.616648,0.620947,0.617620,0.621862,0.718229,0.678871,0.614003,0.689378,0.617858,0.628851,0.602404,0.630990,0.628980, ,0.350916,0.512261,0.365940,0.407771,0.362788,0.346482,0.560331,0.535775,0.514883,0.643354,0.643233,0.343775,0.340044,0.346841,0.348778,0.346710,0.613094,0.594384,0.594456,0.584858,0.616139,0.604859,0.969122,0.644496,0.593819,0.635545,0.594090,0.594777,0.592327,0.627867,0.594844, ,0.312435,0.301403,0.327152,0.331005,0.334658,0.301524,0.330208,0.375867,0.483273,0.313219,0.318015,0.418123,0.453609,0.478596,0.450524,0.340927,0.448481,0.611553, ,0.501530,0.474676,0.980179,0.513068, ,0.716315,0.586323,1.120895,0.691092,0.708713,0.555658,1.026416,0.772969,0.585973,0.627405,0.614647,0.567155,0.546282,0.706005,0.656257,0.527513,0.712313,0.646812,0.496853, ,0.493137,0.421267,0.579031,0.689160,0.279792,0.267434,0.267306,0.298086,0.658428,0.400941,0.822285,1.041057, , , , , , ,0.503200, ,0.464029,0.464789, ,0.532188,0.466088,0.463977,0.463875, ,0.463948,0.464139,0.525083,1.043835,0.689104,0.463745,0.621343,0.605488, , ,0.436156, ,0.370229, ,0.745770, ,1.299286,0.437718,0.423836,0.582284,0.437549, ,0.383886,0.490134,0.507161,0.438089,0.442229,0.443125,0.442686,0.443265,0.442894,0.442512,0.442712,0.442621,0.443313,0.442798,0.443076,0.443082,0.497865,0.443052,0.449728,0.452729,0.451490,0.546288,0.452668,0.451387,0.451491,0.764041,0.752586,0.451571,0.451560,0.618934,0.461480,0.449780,0.546207,0.498002,0.628597,0.743961,0.722681,0.625843,0.608067,0.663555,0.689686,0.762105,0.699365,0.648644,0.665611,0.638452,0.619246,0.591321,0.655116,0.623800
    Normalized Duration IQR,0.000000,0.109042,0.000000,0.098099,0.000000,0.093412,0.000000, ,0.072285,0.082049,0.000000, ,0.000000,0.071582,0.000000, , ,0.107681,0.120777,0.000000,0.120719,0.000000,0.000000,0.000000,0.000000,0.110976,0.000000,0.151483,0.085061,0.000000,0.162923,0.117931,0.097147,0.000000,0.000000,0.087500,0.087931,0.092617,0.087653,0.519191,0.092892,0.176730,0.000000,0.000000,0.000000,0.095588,0.086412,0.083472,0.000000,0.000000,0.000000, ,0.083864,0.116994, ,0.000000,0.000000,0.000000,0.080882,0.000000,0.073755,0.129663,0.000000,0.000000, ,0.000000, , , , , ,0.116830,0.000000,0.000000, , , ,0.000000, ,0.000000,0.000000,0.000000,0.000000, ,0.000000,0.000000,0.121363,0.000000,0.000000,0.000000,0.128730,0.000000,0.000000,0.000000,0.000000,0.000000,0.000000,0.000000,0.087378,0.107960, ,0.136898,0.000000,0.000000,0.000000,0.106128,0.120313,0.496528,0.000000,0.000000,0.000000,0.220194,0.301506,0.135051,0.000000,0.000000,0.130271,0.000000,0.000000,0.000000,0.157489,0.000000,0.000000,0.000000,0.136824,0.154380,0.135711,0.000000,0.000000,0.236979,0.254578,0.132128,0.000000,0.235641,0.000000, ,0.189584,0.000000,0.095661,0.385891,0.152406,0.259058,0.000000,0.348538,0.000000,0.000000,0.000000,0.000000,0.000000,0.000000,0.159192,0.000000,0.241089,0.000000,0.155628,0.000000,0.000000,0.000000,0.183737,0.155628,0.227500,0.000000,0.150753,0.000000,0.138874,0.000000,0.000000,0.175000,0.206818,0.236085,0.178750,0.000000,0.174269,0.179520,0.000000,0.000000,0.000000,0.319197,0.000000,0.000000,0.000000,0.000000,0.000000,0.000000,0.121895,0.182798,0.000000,0.000000,0.000000,0.201652,0.000000,0.108568,0.211897,0.000000,0.000000,0.000000,0.166611,0.139028,0.000000,0.179520,0.235198,0.000000,0.000000,0.171170,0.135564,0.000000,0.152592,0.154475,0.202386,0.283602,0.116721,0.237204,0.202960,0.223538,0.212437,0.142026,0.214899,0.263977,0.246795,0.253290,0.411596,0.191763,0.361285,0.164206,0.000000,0.000000,0.000000,0.000000,0.000000,0.132618,0.332558,0.000000,0.119680,0.240394,0.000000,0.177987,0.000000,0.000000,0.130475,0.000000,0.000000,0.136674,0.000000,0.000000,0.151483,0.153246,0.000000,0.000000,0.699675,0.000000,0.133967,0.000000,0.272455,0.000000,0.000000,0.149850,0.195508,0.197514, ,0.392549,0.423674,0.391628,0.378022,0.366936,0.433709,0.377451, ,0.499834,0.446079,0.572219,0.861743,0.369101,0.434462,0.186476,0.454175,0.000000,0.428511,0.205798, ,0.550606,0.384409,0.413637,0.216855,0.515980,0.357500,0.408239,0.183199,0.435976,0.858491,0.470838,0.233442, ,0.421652,0.219904,0.302966,0.404608, ,0.583334,0.192797,0.416390,0.406250,0.356482,0.189154,0.397223,0.176233,0.204453,0.181604,0.000000,0.219904,0.000000,0.177987,0.188726,0.142512,0.335456,0.366399,0.425114,0.429491,0.528698,0.324579, ,0.557350,0.000000,0.000000,0.186754,0.334112,0.000000,0.210294,0.167953,0.233879,0.000000,0.000000,0.000000,0.197358,0.344460,0.240163,0.297917,0.348295,0.264256,0.342809,0.000000,0.387784,0.215919,0.470395,0.154475,0.127940,0.000000,0.403196,0.307433,0.473510,0.525074,0.251508,0.138107, , , , , , , , , , , , ,0.683514, , , ,0.286984,0.165073,0.375751,0.376883,0.295281,0.270980,0.181341,0.148958,0.396279,0.299701,0.298985,0.797338,0.265096,0.386786,0.195508,0.000000,0.000000,0.000000,0.216106,0.236531,0.288973,0.000000,0.000000,0.000000,0.000000,0.000000,0.000000,0.000000,0.000000,0.636769,0.000000,0.280550,0.622513,0.364265,0.256404,0.173303,0.285023,0.297917,0.227915,0.000000,0.438267,0.490046,0.000000,0.251508,0.697076, ,0.227707,0.242022, , ,0.406911,0.253803, ,0.000000,0.424513,0.206477,0.318385,0.187594, ,0.217798,0.559218,0.471281,0.194596,0.231928, ,0.306679,0.277747,0.227707,0.000000,0.207849, , ,0.259058,0.000000,0.000000,0.268509,0.254837,0.230009,0.000000, ,0.236531,0.241321,0.196892,0.365329,0.259596,0.000000,0.206137,0.236755,0.236531, ,0.242726,0.000000,0.548794,0.287314,0.614111,0.503522,0.634080,0.365863,0.565324,0.723267,0.375751,0.581977,0.739292,0.244624,0.762958,0.704930,0.630353,0.484043,0.956980,0.605566,0.530191,0.456661, ,0.229377, ,0.240163,0.244385,0.296154,0.221657,0.424153,0.462998,0.739838,0.000000,0.248018,0.394095,0.526289,0.658553,0.974495,0.317980,0.168405,0.303886,0.843540,0.150481,0.482798,0.288806,0.234317,0.526473,0.389192,0.000000,0.351228,0.644975,0.263560,0.261085,0.152685,0.728884,0.851191,1.286634,1.142695,0.636229,1.308840,1.162873,2.042859,0.609623,0.757187,0.084716,0.940790,1.243789,0.725363, ,0.121481,0.462570,0.432585,0.686244,1.089229,0.223837,0.262868,0.747016,0.658553,0.887412,0.191469,0.537018,0.550001,0.511759,1.822211, ,0.973736,0.261768,0.536442,0.566818,0.505556, ,0.848306,1.849140,0.338176,0.496528,0.608881,0.854826,0.701636, ,0.526843, ,0.227915,0.249253,0.000000, , ,0.000000,0.000000,0.281813,0.315177,0.000000,0.273797,0.277439,0.301506,0.000000, ,0.308951,0.322072,0.302966,0.288639,0.215362,0.193393,0.245825,0.356990,0.000000,0.627194,0.266507,0.388587,0.239474,0.243909,42.326277,0.523536,0.486868, ,0.548394,0.591608,0.000000,0.511759,0.546398,0.538752,0.257990,0.571348,0.891628,0.000000,0.595125,0.243909,0.520271,0.237429,0.736030,0.212798,0.000000,0.524084,0.306304,0.619431,0.242491,0.305929,0.000000,0.808563,0.317980,0.601563,0.851191,0.697076,0.000000,0.354462,0.334559, ,0.289140,0.434966,0.421297,0.313204,0.428022,0.284052,0.323321,0.549598,0.373229,0.322904,0.559427,0.425596,0.341406,0.258523,0.531693,0.522080,0.582994,1.364099, ,0.764707,0.529817,0.249751,0.414665, ,17.426333,0.652827,0.243434,3.457556,0.649438,0.389798,0.684211,0.692734,0.530191,0.289558,0.570046,0.343279,0.460019,1.153987,0.615622,0.339553,0.722015,0.744792,0.541667, ,0.628375,0.541667,0.377451,0.460866,0.000000,0.000000,0.238334,0.252014,0.395340,0.000000,0.901107,0.578279, , , , , , ,0.233879, ,0.488293,0.668522, ,0.237429,0.656251,0.431094,0.726065, ,0.216667,0.388587,0.000000,8.921029,0.428144,0.342809,1.004214,0.793941, , ,0.931939, , , ,0.495109, ,0.686244,1.313852,0.890282,0.623826,0.455332, ,0.099543,0.505216,0.415698,0.000000,0.000000,0.295106,0.000000,0.000000,0.000000,0.000000,0.000000,0.000000,0.000000,0.000000,0.000000,0.000000,0.000000,0.000000,0.000000,0.000000,0.298628,0.427048,0.325423,0.000000,0.000000,0.412954,0.000000,0.278056,0.000000,0.000000,0.282449,0.000000,0.000000,0.271127,0.228122,0.526843,0.122792,0.399761,0.423913,0.272307,0.581301,0.313008,0.495872,0.327125,0.455553,0.563627,0.313597,0.278056,0.450090,0.293033
    Burst Percentage,99.014778,99.555556,99.743918,98.597627,97.863683,99.196429,99.187652,0.000000,98.566308,98.315958,99.138674, ,99.275362,98.286604,99.118943,0.000000,0.000000,99.266728,96.837945,98.250460,99.454148,99.873257,99.410898,97.123894,95.286195,98.353909,96.917808,88.785047,95.141700,49.688548,87.735849,99.325626,99.667774,99.871795,84.173298,99.441341,99.794661,99.441964,71.218616,99.305556,99.892473,99.610516,91.425993,98.913043,98.970840,99.877751,99.009901,94.828958,98.148148,99.182561,98.433420, ,99.446290,96.513076, ,99.065421,98.668281,99.206349,97.742239,34.883721,99.103139,99.321267,99.645809,99.755800, ,99.897541,0.000000, , ,0.000000, ,99.921569,99.507928,99.078058, , , ,99.829642, ,99.575243,99.787385,99.656357,99.890949,12.121212,99.855908,99.921997,99.678457,98.823529,99.846390,99.233716,94.749216,99.179293,44.305857,99.904943,99.238579,87.741935,92.771084,99.815157,98.257081,99.518768, ,97.404580,98.870056,99.093157,99.716178,99.065421,99.047619,57.823129,99.732620,99.624531,97.705696,99.303136,38.510638,42.896282,96.502242,99.875467,98.880597,86.277732,99.490229,99.870298,96.011004,99.874844,98.627926,99.561788,99.705015,99.883178,99.431818,99.295775,97.125382,99.086758,98.119777,98.631075,99.303406,92.992939,98.579235,0.000000,98.845750,99.413735,93.389501,28.444444,96.157541,95.525940,98.054920,21.666667,98.480243,99.760192,99.668508,98.477157,99.399657,99.881376,98.872507,99.319728,99.586207,99.345692,99.594156,99.600639,69.000000,99.651568,99.383984,97.292250,99.310345,99.941995,98.133333,99.792531,94.316940,99.683794,98.913665,97.721823,98.616236,99.535244,99.724366,99.624531,99.385875,97.264261,98.789572,97.416021,99.795082,98.102981,99.794239,99.706170,99.792746,97.648515,99.568966,95.081967,99.525617,99.576271,99.511241,99.493414,99.495968,96.041308,98.527746,98.425197,99.577167,98.371648,99.000000,98.324742,98.824786,97.539543,99.264706,98.458150,96.121884,99.346405,93.191057,97.713598,98.475868,99.300699,96.498054,97.558386,94.656489,98.210634,97.512039,96.367113,97.531735,97.282609,98.063624,95.674300,98.881432,97.691864,95.625000,97.941681,98.914432,96.059432,97.777778,97.124601,97.748593,99.850969,99.452269,99.889868,99.734748,98.771930,98.407643,99.858357,98.525469,98.108747,99.416180,99.427754,99.080622,99.442379,99.827586,99.857550,99.618902,96.388102,97.004405,99.306431,97.727273,99.848370,99.029126,99.509460,95.351474,99.414520,99.533333,99.642005,97.683653,99.456850,96.346010,98.753894,97.122862,96.506550,0.000000,84.073359,92.020725,92.475884,92.267267,46.116505,68.181818,94.558259, ,86.840202,94.675020,90.860574,90.711806,94.283647,99.827437,75.604143,99.711261,69.284065,92.066311,99.662447,0.000000,93.418259,96.672744,90.592784,93.173198,94.166667,94.413881,74.203822,98.556304,89.115114,98.937583,99.721642,83.486239,10.126582,99.818402,91.505792,56.228956,99.189815, ,85.774310,95.008319,97.513013,89.487516,89.155107,97.435897,94.697674,98.331595,98.357065,97.037037,99.560922,98.674699,97.020484,98.785776,95.568983,92.490494,99.125874,99.889381,69.539295,98.697068,97.282609,97.865353,11.111111,84.554974,83.206107,91.085613,86.240310,98.633018,96.323529,98.373984,96.897690,98.192198,98.502496,98.646497,98.206278,98.560606,79.520584,82.377049,98.473282,87.517147,93.859649,80.423280,92.079208,93.526635,91.604755,93.893894,82.469136,92.260062,88.392857,93.010753,91.694352,92.831541,96.913986,93.613824,95.792637, , , , , , , , , , , , ,92.810458,0.000000, , ,96.299276,96.176720,96.453202,91.741071,96.345257,50.334076,98.271889,97.248428,93.040541,94.766355,90.567485,91.820580,97.440000,97.418244,99.027778,98.381877,99.938004,99.890889,94.291417,99.224004,71.278141,96.079336,28.571429,99.137931,95.536413,15.989160,97.108737,99.893048,95.927210,42.160279,84.884752,94.492948,96.765957,91.216216,97.781300,92.612613,90.083799,98.104693,96.966414,80.338983,95.635430,95.603448,32.231405,95.695364,98.170732,0.000000,83.148688,96.048632, , ,44.040011,94.579008, ,96.404216,89.966368,97.564808,96.487119,74.597156, ,98.848539,91.039427,86.634845,74.706414,98.076923, ,95.806861,91.677503,98.697540,99.736148,98.954143,0.000000, ,98.618307,98.792943,81.237113,22.549020,89.902676,97.629969,98.833333,0.000000,87.260536,97.504798,97.305541,96.079430,95.906845,61.578947,96.415771,95.903614,96.404602, ,63.513514,93.575851,94.668821,96.535797,93.620690,48.402556,77.959698,92.075163,95.663011,69.794050,93.611691,95.872839,93.049468,79.076479,90.650407,96.446199,89.957395,86.624869,68.952381,83.636364,98.105134,92.672673, ,94.321767,0.000000,99.155100,95.444840,90.463576,98.425693,87.669313,98.412698,59.829060,96.281407,98.800959,99.042254,98.033708,52.692308,94.647013,99.046971,96.516231,90.546968,96.519174,97.789685,98.377940,96.456978,98.897464,98.630137,96.370463,98.210024,99.254288,95.016988,88.732394,96.380619,97.833015,99.799599,99.562172,97.254151,99.471154,99.587203,95.267072,83.487085,79.066835,86.091371,55.980066,18.592965,97.264022,57.885615,89.820359,0.000000,12.109375,98.145437,84.295208,96.039200,98.980170,98.000000,79.302326,75.282051,98.125901,98.489426,92.352092,97.642015,76.401869,97.660099,92.527822, ,66.350711,84.337349,93.203883,95.280050,98.428732, ,97.726350,97.512953,80.560928,96.348495,95.036320,96.912900,99.349745, ,94.558221, ,61.711080,92.134831,97.475134, , ,98.422436,96.592398,99.712919,98.251457,89.473684,24.822695,99.582986,97.455231,98.482549, ,99.666667,94.917408,65.856950,94.802343,97.080292,99.363395,98.179454,29.523810,90.011223,56.111111,98.392732,72.444444,89.566613,82.905629,31.034483,87.178265,85.411573,0.000000,99.073645,81.317690,92.117834,91.608392,97.330595,92.979836,88.907563,86.156825,80.463576,86.657102,80.196937,98.532110,94.053208,98.984256,99.072753,83.526971,92.519347,97.240000,97.187963,94.479226,80.668790,89.369159,89.910814,86.252546,98.811453,83.374602,98.779247,96.844816,95.036765,93.638554,89.045383,6.400000,94.926625,98.123229,93.292103,95.364517,94.444444,98.737542,94.832041,90.200138,81.972789,96.930533,95.036959,89.977892,81.971356,76.431425,88.613861,93.166044,92.669239,76.997041,9.090909,98.606905,96.346073,36.585366,94.527067,11.330049,44.413408,88.791209,35.964912,52.517986,75.972222,96.647230,77.136515,79.855372,88.925349,70.747423,74.193548,65.864333,67.507003,56.382979,69.531250,65.494505,80.442804,67.305644,71.483871,0.000000,90.173410,92.208942,85.722380,31.818182,99.505562,98.764342,97.029289,92.802838,70.382883,93.223140,19.070905,14.310646, , , , , , ,88.783685,0.000000,92.699657,99.052133, ,99.110848,93.849111,85.595447,99.086758, ,98.906160,88.597843,19.166667,42.708333,93.369664,99.326923,88.209607,88.121990,0.000000,0.000000,67.830688,0.000000,14.383562,0.000000,83.870968, ,42.613636,91.509434,56.394130,71.932515,13.224406,4.081633,89.196676,70.149254,98.757310,99.351492,99.260042,97.873346,94.722671,95.104217,99.428245,96.765376,99.318569,95.827785,84.403274,99.265606,94.967933,96.230063,98.816234,99.493528,98.274871,98.971963,97.594782,80.880975,99.146834,95.765878,87.732972,10.227273,82.241515,86.119874,95.100128,86.332046,90.634441,94.811106,89.657582,88.643424,83.848397,95.600476,86.517533,82.554945,98.054226,95.982906,82.244556,94.447224,95.154778,73.209549,77.040816,88.888889,94.888179,98.677139,89.254533,93.656922

