AxIS Spike File,O:\TOX\NTX\Users\Arjun\201217_LvM_256139_1268-34_rCortex_MEA_Lindane_exposure_female_DIV10(000)_Spike Detector (7 x STD)(000).spk
File Type,48-well

Analysis Start,1500.000000
Analysis End,2100.000000
Active Electrode Criterion (spks/min),
Remove Coincident Artifacts,True

Electrode Burst Settings,
    Algorithm,Poisson Surprise,
    Min Surprise,10.000000

Network Burst Settings,
    Algorithm,ISI Threshold,Adaptive,
    Min # of Spikes,40.000000
    Min # of Electrodes (%),15.000000
Synchrony Settings,
    Synchrony Window,20.000000

Average Network Burst Analysis Settings,
    Number of network bursts vary by well
    Network Burst Window Start (ms),0.000000
    Network Burst Window End (ms),100.000000
    Bin Size (ms),1.000000

Well Averages,A1,A2,A3,A4,A5,A6,A7,A8,B1,B2,B3,B4,B5,B6,B7,B8,C1,C2,C3,C4,C5,C6,C7,C8,D1,D2,D3,D4,D5,D6,D7,D8,E1,E2,E3,E4,E5,E6,E7,E8,F1,F2,F3,F4,F5,F6,F7,F8,
Treatment/ID,,,,,,,,,,,,,,,,,,,,,,,,,,,,,,,,,,,,,,,,,,,,,,,,
Activity Metrics
    Number of Spikes,33637.000000,12459.000000,34274.000000,16139.000000,16281.000000,19611.000000,19984.000000,25317.000000,26796.000000,29063.000000,31800.000000,49399.000000,26501.000000,33060.000000,28236.000000,34120.000000,18259.000000,15889.000000,34129.000000,18019.000000,27859.000000,16140.000000,32000.000000,36606.000000,42187.000000,23763.000000,20002.000000,35307.000000,28857.000000,25705.000000,30975.000000,37611.000000,22908.000000,23074.000000,26486.000000,32917.000000,13950.000000,26742.000000,32671.000000,19386.000000,25435.000000,17955.000000,16007.000000,32522.000000,21286.000000,27060.000000,28383.000000,29396.000000
    Mean Firing Rate (Hz),3.503854,1.297813,3.570208,1.681146,1.695938,2.042813,2.081667,2.637188,2.791250,3.027396,3.312500,5.145729,2.760521,3.443750,2.941250,3.554167,1.901979,1.655104,3.555104,1.876979,2.901979,1.681250,3.333333,3.813125,4.394479,2.475312,2.083542,3.677812,3.005937,2.677604,3.226563,3.917813,2.386250,2.403542,2.758958,3.428854,1.453125,2.785625,3.403229,2.019375,2.649479,1.870313,1.667396,3.387708,2.217292,2.818750,2.956563,3.062083
    ISI Coefficient of Variation - Avg,3.256139,2.694233,4.070040,2.825072,2.485223,2.726712,3.162814,3.432711,3.455860,4.135010,5.181238,4.941772,3.951388,4.501699,4.587183,4.256230,2.554756,2.179302,3.664178,2.780360,3.673563,2.449493,3.591776,3.301197,4.567705,3.406383,3.429937,4.404969,4.728293,4.146048,4.173412,3.759458,2.775078,3.033845,3.399062,3.559939,2.611627,3.396002,3.242647,2.759053,2.956530,2.904132,2.512321,2.969059,2.599038,2.578815,3.026032,3.058323
    Number of Active Electrodes,16.000000,12.000000,16.000000,14.000000,15.000000,14.000000,14.000000,16.000000,15.000000,14.000000,13.000000,15.000000,15.000000,16.000000,16.000000,16.000000,14.000000,15.000000,16.000000,14.000000,15.000000,14.000000,16.000000,16.000000,16.000000,14.000000,15.000000,14.000000,16.000000,16.000000,16.000000,16.000000,15.000000,12.000000,15.000000,14.000000,12.000000,14.000000,16.000000,13.000000,14.000000,14.000000,13.000000,16.000000,15.000000,16.000000,16.000000,16.000000
    Weighted Mean Firing Rate (Hz),3.503854,1.720833,3.570208,1.914524,1.809000,2.334524,2.373690,2.637188,2.976667,3.452143,4.073205,5.488667,2.943222,3.443750,2.941250,3.554167,2.168333,1.760667,3.555104,2.144048,3.094778,1.915714,3.333333,3.813125,4.394479,2.825476,2.221444,4.202857,3.005938,2.677604,3.226562,3.917812,2.545333,3.201389,2.942889,3.918571,1.932222,3.182143,3.403229,2.478462,3.026310,2.135357,2.051538,3.387708,2.364667,2.818750,2.956562,3.062083
Electrode Burst Metrics
    Number of Bursts,1757.000000,629.000000,1561.000000,1035.000000,766.000000,802.000000,854.000000,1639.000000,1046.000000,1355.000000,1344.000000,1621.000000,1367.000000,1136.000000,1085.000000,1578.000000,1012.000000,662.000000,1649.000000,1131.000000,1582.000000,758.000000,1230.000000,1849.000000,1480.000000,1382.000000,1442.000000,1188.000000,1174.000000,1361.000000,1646.000000,2009.000000,908.000000,1076.000000,1356.000000,1409.000000,788.000000,1579.000000,1711.000000,871.000000,875.000000,843.000000,608.000000,1322.000000,1125.000000,1415.000000,1602.000000,1252.000000
    Number of Bursting Electrodes,14.000000,11.000000,14.000000,11.000000,15.000000,13.000000,13.000000,16.000000,14.000000,14.000000,13.000000,14.000000,14.000000,16.000000,15.000000,16.000000,14.000000,15.000000,16.000000,14.000000,15.000000,14.000000,16.000000,16.000000,15.000000,14.000000,15.000000,13.000000,16.000000,16.000000,16.000000,16.000000,14.000000,12.000000,14.000000,14.000000,12.000000,14.000000,16.000000,13.000000,14.000000,14.000000,13.000000,15.000000,12.000000,16.000000,16.000000,16.000000
    Burst Duration - Avg (sec),0.114306,0.102672,0.141561,0.110149,0.123998,0.130962,0.133905,0.120613,0.164016,0.190372,0.260800,0.209271,0.144461,0.335327,0.172848,0.186031,0.066540,0.145579,0.107578,0.074764,0.094350,0.150939,0.122460,0.090871,0.241437,0.070721,0.081623,0.163215,0.115187,0.106190,0.082772,0.080648,0.181802,0.093118,0.081761,0.091117,0.172359,0.076651,0.073789,0.121649,0.289439,0.098810,0.111472,0.124865,0.200647,0.075665,0.086822,0.080129
    Burst Duration - Std (sec),0.033726,0.014948,0.014796,0.033856,0.037084,0.035905,0.026805,0.012257,0.083908,0.235824,0.086425,0.165293,0.018860,0.198019,0.038177,0.118176,0.011005,0.141641,0.024502,0.031392,0.026452,0.083541,0.040867,0.028826,0.265434,0.030884,0.032474,0.062385,0.041101,0.026862,0.027972,0.019637,0.190466,0.038586,0.029428,0.044991,0.268951,0.018870,0.029154,0.101800,0.384011,0.043435,0.056723,0.042972,0.206674,0.017009,0.021932,0.023064
    Number of Spikes per Burst - Avg,14.903303,9.783891,21.018578,12.585147,8.915604,11.822761,13.992156,13.574041,18.020646,17.449619,22.262795,28.271377,17.594117,24.212691,23.540320,18.313485,11.169868,10.818916,16.559027,11.063436,13.450528,12.017253,18.845810,15.112545,24.598744,13.450146,11.797696,25.354603,20.579168,16.927318,16.971633,15.966115,14.779794,13.558247,14.747322,16.067540,11.737077,13.703195,14.218802,14.255936,20.101763,13.142263,14.640649,16.097120,13.023581,11.088699,12.394699,15.903955
    Number of Spikes per Burst - Std,6.483413,4.473463,9.292703,5.063444,2.544803,7.405873,8.601459,4.735832,9.372821,6.951593,5.519124,8.457834,6.698261,12.969027,13.852950,7.308307,3.774507,4.053590,4.614501,4.364836,4.075157,2.831393,6.310095,3.515859,9.265042,6.477563,4.368321,8.950060,10.858878,7.272306,6.320026,6.144991,7.135687,6.037306,5.538113,6.032426,4.752368,4.315884,5.546221,4.606353,14.748139,6.349809,6.827251,4.578495,2.052070,3.670770,4.236010,3.915685
    Mean ISI within Burst - Avg (sec),0.008903,0.012972,0.008028,0.009931,0.015674,0.014496,0.013125,0.010528,0.011798,0.010628,0.010258,0.009149,0.008768,0.018467,0.009775,0.011564,0.006358,0.010551,0.006917,0.007605,0.006670,0.011977,0.007057,0.005257,0.009379,0.004834,0.006223,0.006876,0.007438,0.007210,0.004977,0.005298,0.012875,0.007141,0.006445,0.006030,0.010966,0.005693,0.005565,0.007552,0.011442,0.008852,0.008882,0.008272,0.012177,0.007973,0.006996,0.005610
    Mean ISI within Burst - Std (sec),0.002712,0.003472,0.002505,0.003389,0.004951,0.006721,0.005868,0.002705,0.008581,0.010918,0.004800,0.010165,0.003304,0.019630,0.004764,0.009950,0.002111,0.005957,0.001516,0.002223,0.001455,0.006118,0.003776,0.000827,0.009216,0.001413,0.001574,0.002495,0.005638,0.003803,0.001089,0.002073,0.010546,0.001792,0.003685,0.001443,0.013241,0.002092,0.000830,0.003037,0.007549,0.004126,0.004836,0.001743,0.014141,0.003121,0.001562,0.001132
    Median ISI within Burst - Avg (sec),0.004230,0.005610,0.004094,0.004389,0.006334,0.004973,0.006055,0.004208,0.005262,0.004572,0.004717,0.006004,0.004777,0.007362,0.004962,0.005445,0.005171,0.008015,0.005421,0.005918,0.005353,0.009183,0.005070,0.004217,0.007265,0.003933,0.004313,0.005022,0.005093,0.004704,0.003628,0.004063,0.010652,0.005433,0.005237,0.004797,0.007758,0.004566,0.004439,0.006157,0.008581,0.007014,0.006288,0.005693,0.008321,0.006381,0.005586,0.004208
    Median ISI within Burst - Std (sec),0.000502,0.002198,0.000921,0.001304,0.004102,0.001136,0.001965,0.001059,0.002974,0.002107,0.001584,0.007978,0.001449,0.005415,0.001661,0.002819,0.001826,0.003506,0.001386,0.001383,0.001256,0.005329,0.002686,0.000639,0.006810,0.001207,0.000951,0.001907,0.003064,0.001875,0.000674,0.001453,0.008914,0.001661,0.003929,0.001273,0.006715,0.001442,0.000850,0.002607,0.005519,0.003371,0.003285,0.001188,0.007711,0.002731,0.001336,0.000819
    Median/Mean ISI within Burst - Avg,0.532578,0.471706,0.556261,0.500610,0.454504,0.429879,0.552326,0.427723,0.531511,0.576921,0.538987,0.636794,0.607288,0.494411,0.576536,0.608698,0.838487,0.822989,0.803914,0.807949,0.826797,0.797030,0.753236,0.823314,0.813850,0.834525,0.756474,0.751696,0.759467,0.730532,0.754127,0.794572,0.823562,0.787157,0.807862,0.813606,0.852393,0.839264,0.826543,0.827544,0.791657,0.812677,0.762992,0.734198,0.814152,0.828067,0.830260,0.782750
    Median/Mean ISI within Burst - Std,0.131475,0.101519,0.134086,0.179381,0.169195,0.193688,0.124707,0.092889,0.102515,0.116308,0.067590,0.074480,0.088002,0.083626,0.118754,0.114487,0.034275,0.084029,0.047271,0.091094,0.033957,0.071802,0.070397,0.031349,0.063769,0.055812,0.079713,0.032539,0.076817,0.072766,0.070147,0.066765,0.092153,0.052500,0.069408,0.045911,0.076707,0.023260,0.094492,0.040616,0.060256,0.075672,0.034995,0.056342,0.070103,0.047548,0.035786,0.051424
    Inter-Burst Interval - Avg (sec),17.345219,20.657858,5.402471,22.438617,29.776979,48.411776,19.009000,6.154524,16.229336,12.189530,5.940834,8.254184,6.261525,14.836532,9.200487,8.383369,17.505735,29.482482,6.942634,7.101623,6.808862,15.855022,17.694357,6.192301,11.200965,7.408481,6.693865,6.628870,10.854325,8.023313,6.803186,5.356123,32.653897,25.731663,41.317913,9.446469,24.012142,8.651418,5.920142,12.322855,36.243043,18.952062,30.320712,8.434742,19.782348,23.242600,7.376910,8.775407
    Inter-Burst Interval - Std (sec),46.620432,18.800587,0.318727,54.742462,31.570951,71.655148,24.653789,1.758102,23.892183,18.899893,1.202979,12.815653,1.194503,20.062079,5.273448,7.343134,23.223464,30.703721,3.455875,2.659136,3.686681,9.933211,28.588969,2.866096,13.333779,5.863022,2.384794,0.790623,8.673425,3.400891,5.444254,2.647157,44.533085,41.534040,101.194517,13.060708,34.015399,10.719743,2.505923,10.115224,64.859653,17.856731,44.650227,4.757707,29.390005,42.775336,3.381328,4.873240
    Burst Frequency - Avg (Hz),0.209167,0.095303,0.185833,0.156818,0.085111,0.102821,0.109487,0.170729,0.124524,0.161310,0.172308,0.192976,0.162738,0.118333,0.120556,0.164375,0.120476,0.073556,0.171771,0.134643,0.175778,0.090238,0.128125,0.192604,0.164444,0.164524,0.160222,0.152308,0.122292,0.141771,0.171458,0.209271,0.108095,0.149444,0.161429,0.167738,0.109444,0.187976,0.178229,0.111667,0.104167,0.100357,0.077949,0.146889,0.156250,0.147396,0.166875,0.130417
    Burst Frequency - Std (Hz),0.099257,0.093118,0.009331,0.058269,0.091880,0.108148,0.079554,0.035601,0.072505,0.087940,0.030173,0.051225,0.024709,0.050801,0.025179,0.059563,0.065667,0.068240,0.062836,0.071672,0.064158,0.064324,0.056506,0.077550,0.072173,0.077422,0.036909,0.018541,0.042678,0.054452,0.036101,0.050655,0.083671,0.100464,0.088327,0.062288,0.074132,0.079028,0.075318,0.051104,0.080720,0.074332,0.045057,0.061557,0.118091,0.100089,0.080122,0.039494
    IBI Coefficient of Variation - Avg,0.421050,0.771580,0.332272,0.407517,0.777066,0.759184,0.623457,0.385229,0.516831,0.560877,0.625479,0.355523,0.428397,0.414305,0.410959,0.580834,0.632218,0.684708,0.588752,0.588729,0.792860,0.773861,0.605579,0.641352,0.665304,0.503698,0.555638,0.456334,0.624427,0.478983,0.553439,0.536688,0.538416,0.528425,0.515217,0.640670,0.667649,0.543027,0.516265,0.594386,0.737613,0.624485,0.567298,0.602557,0.673085,0.568332,0.617265,0.496793
    IBI Coefficient of Variation - Std,0.207288,0.234541,0.063472,0.171647,0.253138,0.432460,0.190573,0.179973,0.274820,0.160999,0.089278,0.030593,0.092321,0.212071,0.099999,0.094629,0.192699,0.251416,0.107295,0.171188,0.120010,0.186381,0.139917,0.052592,0.201745,0.136477,0.129852,0.065507,0.104419,0.102431,0.077592,0.237293,0.112878,0.133455,0.063921,0.062108,0.169349,0.135193,0.044195,0.150656,0.164064,0.129996,0.216018,0.174910,0.167933,0.237018,0.141873,0.041205
    Burst Percentage - Avg,67.954710,35.646441,85.575649,56.782315,40.115609,38.134369,51.179212,88.374939,62.764759,69.046149,78.244578,80.020680,81.330468,82.603979,85.905751,85.744127,53.837830,38.516102,83.827918,60.098420,73.739275,50.113941,75.802989,76.411613,78.109888,72.984759,81.207614,72.106111,85.083753,90.445580,90.334363,86.356040,50.886476,53.945124,67.981782,69.801621,48.225792,75.768722,76.981034,53.022831,56.956654,61.340652,53.692750,63.666601,46.342659,57.047189,73.808691,69.604413
    Burst Percentage - Std,42.621453,39.781178,33.589886,45.796846,39.783204,42.870853,39.946988,16.054778,42.026100,42.717606,38.972482,35.800717,32.632653,28.133240,27.483985,22.189178,31.725944,25.601501,7.970080,35.222445,24.392104,24.898886,16.515431,10.443221,34.829068,37.191359,25.764949,36.412917,23.548533,15.253957,17.221337,17.874598,34.289540,34.143692,39.336585,27.149695,33.400166,29.545580,20.974965,30.649634,29.866344,29.200282,27.289967,19.844106,37.720790,27.938720,14.274725,10.651865
Network Burst Metrics
    Number of Network Bursts,163.000000,133.000000,114.000000,117.000000,140.000000,147.000000,121.000000,116.000000,106.000000,102.000000,83.000000,118.000000,99.000000,86.000000,74.000000,125.000000,149.000000,166.000000,170.000000,143.000000,156.000000,159.000000,173.000000,208.000000,117.000000,128.000000,114.000000,112.000000,86.000000,89.000000,109.000000,138.000000,159.000000,169.000000,141.000000,164.000000,149.000000,160.000000,186.000000,131.000000,166.000000,124.000000,92.000000,192.000000,188.000000,214.000000,177.000000,172.000000
    Network Burst Frequency,0.271667,0.221667,0.190000,0.195000,0.233333,0.245000,0.201667,0.193333,0.176667,0.170000,0.138333,0.196667,0.165000,0.143333,0.123333,0.208333,0.248333,0.276667,0.283333,0.238333,0.260000,0.265000,0.288333,0.346667,0.195000,0.213333,0.190000,0.186667,0.143333,0.148333,0.181667,0.230000,0.265000,0.281667,0.235000,0.273333,0.248333,0.266667,0.310000,0.218333,0.276667,0.206667,0.153333,0.320000,0.313333,0.356667,0.295000,0.286667
    Network Burst Duration - Avg (sec),0.178437,0.201584,0.186140,0.150507,0.162277,0.167004,0.181115,0.206708,0.233287,0.339845,0.569302,0.390782,0.275414,0.493995,0.397302,0.192526,0.195589,0.175266,0.219127,0.223095,0.194303,0.226434,0.172510,0.162116,0.468916,0.151832,0.201112,0.822775,0.259563,0.164481,0.252999,0.300348,0.316084,0.236578,0.230186,0.212691,0.134704,0.267972,0.160640,0.190527,0.521940,0.305630,0.273990,0.269434,0.120253,0.230760,0.245533,0.279840
    Network Burst Duration - Std (sec),0.031614,0.100362,0.022699,0.014824,0.046406,0.021196,0.023166,0.052475,0.094305,0.450147,0.584944,0.214657,0.256244,0.287594,0.209882,0.087197,0.231884,0.257315,0.181544,0.176107,0.299575,0.248334,0.192837,0.240506,0.308319,0.215815,0.194450,0.325530,0.258870,0.149355,0.239051,0.249585,0.265530,0.211583,0.279264,0.086603,0.243575,0.297773,0.115686,0.214012,0.454275,0.284571,0.259192,0.165882,0.204748,0.166524,0.304389,0.167662
    Number of Spikes per Network Burst - Avg,205.926380,91.646617,299.921053,137.632479,102.364286,133.251701,164.842975,214.456897,236.377358,284.647059,382.891566,417.500000,266.717172,382.279070,381.135135,270.632000,113.979866,87.186747,200.241176,124.979021,174.173077,96.037736,183.572254,173.028846,355.700855,182.445313,172.342105,308.071429,335.197674,270.786517,276.678899,263.152174,139.698113,129.633136,186.560284,176.225610,93.046980,166.400000,173.032258,123.129771,144.753012,137.153226,142.076087,166.041667,108.632979,122.219626,155.903955,162.058140
    Number of Spikes per Network Burst - Std,8.251119,12.914166,37.815843,10.065816,12.977130,14.751756,35.736305,10.807720,91.711915,246.623963,338.596278,129.044003,146.115557,197.960165,109.130226,110.634135,110.426169,79.658864,128.174325,54.069786,144.845999,104.684026,171.293613,207.011328,273.184044,166.079661,57.993565,92.990721,113.384802,90.749464,135.966082,172.150287,137.831614,118.625944,123.421772,83.745841,90.433740,139.173309,87.929450,111.816911,158.655542,117.476103,111.661403,105.182307,126.155232,63.509368,130.157539,119.235072
    Mean ISI within Network Burst - Avg (sec),0.000871,0.002236,0.000625,0.001102,0.001601,0.001266,0.001139,0.000969,0.001030,0.000977,0.001343,0.000917,0.000940,0.001284,0.001012,0.000730,0.002097,0.001986,0.001294,0.001972,0.001029,0.002379,0.001202,0.000989,0.001403,0.000765,0.001098,0.003312,0.000706,0.000562,0.000866,0.001129,0.002670,0.002057,0.001192,0.001568,0.001292,0.001397,0.001099,0.001610,0.004800,0.002758,0.002343,0.001980,0.001030,0.002139,0.001673,0.002221
    Mean ISI within Network Burst - Std (sec),0.000149,0.001091,0.000051,0.000077,0.000441,0.000133,0.000187,0.000241,0.000330,0.000403,0.000313,0.000315,0.000293,0.000294,0.000198,0.000251,0.002080,0.001397,0.000775,0.001272,0.000403,0.001125,0.000735,0.000609,0.000491,0.000210,0.000487,0.003341,0.000350,0.000213,0.000443,0.000432,0.001875,0.001549,0.000731,0.001069,0.000543,0.000912,0.000768,0.000694,0.004343,0.002814,0.001853,0.001343,0.000459,0.001722,0.001135,0.001484
    Median ISI within Network Burst - Avg (sec),0.000367,0.000623,0.000316,0.000449,0.000503,0.000536,0.000562,0.000289,0.000328,0.000305,0.000329,0.000286,0.000345,0.000353,0.000325,0.000322,0.000604,0.000939,0.000536,0.000850,0.000406,0.000895,0.000476,0.000327,0.000332,0.000321,0.000351,0.000839,0.000274,0.000270,0.000245,0.000250,0.000953,0.000715,0.000416,0.000593,0.000689,0.000344,0.000482,0.000609,0.001510,0.000896,0.000726,0.000656,0.000459,0.000632,0.000492,0.000557
    Median ISI within Network Burst - Std (sec),0.000044,0.000102,0.000029,0.000049,0.000070,0.000069,0.000083,0.000038,0.000033,0.000035,0.000057,0.000039,0.000045,0.000062,0.000026,0.000093,0.000437,0.000546,0.000261,0.000620,0.000123,0.000307,0.000183,0.000097,0.000060,0.000101,0.000149,0.001988,0.000055,0.000042,0.000042,0.000053,0.000599,0.000319,0.000199,0.000393,0.000261,0.000100,0.000328,0.000248,0.002275,0.000574,0.000408,0.000348,0.000129,0.000327,0.000218,0.000346
    Median/Mean ISI within Network Burst - Avg,0.431909,0.328351,0.508344,0.408523,0.331308,0.426430,0.500183,0.313973,0.345136,0.355665,0.252165,0.343035,0.385873,0.285956,0.330262,0.450108,0.398257,0.513566,0.439629,0.443460,0.433449,0.429915,0.448922,0.408516,0.270511,0.426682,0.331994,0.216578,0.419923,0.513101,0.351247,0.255088,0.408221,0.431529,0.399590,0.393844,0.560697,0.373875,0.463070,0.404990,0.311479,0.410160,0.379528,0.360136,0.494082,0.385336,0.366508,0.283088
    Median/Mean ISI within Network Burst - Std,0.080052,0.122519,0.046318,0.048469,0.081819,0.059924,0.072812,0.074928,0.092092,0.130830,0.048159,0.106018,0.077031,0.068094,0.058168,0.090199,0.182774,0.139827,0.113381,0.136136,0.150107,0.175228,0.137617,0.164983,0.114523,0.076798,0.068838,0.133645,0.091007,0.114277,0.148918,0.102551,0.167249,0.176955,0.131975,0.123383,0.143320,0.213084,0.118479,0.140098,0.134442,0.159445,0.150741,0.118751,0.150468,0.181067,0.170813,0.153392
    Number of Elecs Participating in Burst - Avg,15.337423,11.563910,15.938596,13.205128,14.664286,13.979592,14.247934,16.000000,14.886792,14.333333,13.337349,15.000000,14.686869,15.965116,15.689189,15.944000,13.691275,14.096386,14.452941,12.251748,14.493590,13.238994,13.838150,15.519231,15.846154,14.171875,15.052632,13.133929,16.000000,16.000000,15.990826,16.000000,13.459119,10.272189,13.567376,12.871951,11.637584,13.593750,14.198925,12.664122,11.825301,11.717742,12.076087,14.296875,13.250000,14.401869,14.887006,14.779070
    Number of Elecs Participating in Burst - Std,0.535423,0.655436,0.241129,0.933463,0.570381,0.183922,0.536672,0.000000,0.503715,0.694153,0.524453,0.130744,0.616879,0.184561,0.465985,0.543347,1.071115,1.207195,1.884417,1.431381,0.740504,1.166294,1.453681,0.651728,0.385410,0.699937,0.347993,1.550911,0.000000,0.000000,0.095783,0.000000,1.256588,1.510832,1.214819,1.444921,0.974088,0.826426,1.593296,1.231701,1.764865,2.010382,1.160084,1.184715,0.683065,1.269800,1.352061,1.163793
    Number of Spikes per Network Burst per Channel - Avg,13.442350,7.941485,18.813962,10.463984,6.979897,9.530622,11.578888,13.403556,15.906158,19.623472,28.667293,27.835038,18.116655,23.937209,24.314302,16.938867,8.144252,6.081430,13.304609,9.994585,11.878232,7.033620,12.492460,10.999681,22.461737,12.955794,11.450529,23.063373,20.949855,16.924157,17.301223,16.447011,10.024758,12.216720,13.517967,13.197707,7.841879,12.061362,11.782324,9.362792,11.731097,11.221577,11.360446,11.270659,8.182631,8.286392,10.265884,10.528387
    Number of Spikes per Network Burst per Channel - Std,0.708461,1.157863,2.353927,0.985976,0.863644,1.037128,2.525190,0.675483,6.339489,16.391463,25.175600,8.604706,9.702969,12.357837,6.951141,6.874960,7.606415,5.095652,7.569151,3.570749,9.542307,6.871151,10.612181,12.874143,17.282840,12.184031,3.865502,6.222766,7.086550,5.671842,8.495329,10.759393,9.020150,9.417332,8.311732,5.555670,6.694814,9.795016,5.305646,7.850512,10.956464,8.112049,8.348027,6.572963,9.255948,3.849489,7.983729,7.197846
    Network Burst Percentage,99.788923,97.832892,99.757834,99.776938,88.022849,99.882719,99.809848,98.262037,93.506494,99.900217,99.937107,99.728739,99.637750,99.443436,99.886669,99.147128,93.011665,91.088174,99.742155,99.184194,97.530421,94.609665,99.243750,98.317216,98.648873,98.274629,98.225177,97.725663,99.896039,93.756079,97.362389,96.554200,96.961760,94.946693,99.316620,87.799617,99.383513,99.558747,98.509381,83.204374,94.472184,94.720134,81.658025,98.025952,95.945692,96.655580,97.223690,94.822425
    Network IBI Coefficient of Variation,0.302871,0.532905,0.307991,0.292611,0.506273,0.321632,0.415331,0.254884,0.367252,0.351304,0.318149,0.311880,0.300467,0.309895,0.315368,0.590481,0.462850,0.507219,0.451192,0.276475,0.708990,0.498230,0.560608,0.552105,0.525829,0.432907,0.492629,0.462822,0.541050,0.412156,0.524587,0.412073,0.518668,0.445572,0.440952,0.584156,0.408011,0.418383,0.430025,0.554490,0.449163,0.548192,0.507524,0.419203,0.576299,0.396386,0.476561,0.513694
    Network Normalized Duration IQR,0.242844,0.572509,0.053415,0.000000,0.266224,0.060099,0.110730,0.307811,0.504232,0.178538,4.431873,0.570190,0.220388,0.482333,0.178135,0.242256,1.455939,0.861150,0.452634,0.547194,0.895884,1.034567,0.823684,1.097188,0.569651,0.186129,0.197462,0.415784,0.108006,0.082700,1.163414,0.698481,1.056251,1.034947,0.745680,0.449193,0.592449,3.773091,0.522755,0.601242,0.687501,0.838442,0.817099,0.717412,0.635153,1.233628,0.962501,0.827078
Synchrony Metrics
    Area Under Normalized Cross-Correlation,0.656769,0.407375,0.724662,0.535129,0.601326,0.499603,0.501258,0.772778,0.627287,0.679700,0.697311,0.761835,0.711495,0.730831,0.690468,0.736054,0.645101,0.489960,0.639077,0.568497,0.708549,0.436121,0.674108,0.827194,0.671413,0.700514,0.831221,0.491271,0.771957,0.765067,0.893577,0.855239,0.447284,0.412252,0.658223,0.633696,0.450432,0.721926,0.726107,0.550488,0.358655,0.357781,0.501066,0.659822,0.569867,0.597539,0.704720,0.773690
    Area Under Cross-Correlation,13.787514,2.652403,18.603778,5.000694,3.773708,5.565597,5.963264,11.868750,11.285319,13.871944,13.800875,29.429139,11.933194,14.545028,14.093653,17.336375,7.136750,3.384153,17.408194,6.346917,13.115361,3.506000,17.743139,20.742167,21.282792,11.872500,10.156042,16.824625,18.035403,14.809375,21.503833,25.141153,6.034819,6.496556,13.474458,14.614889,3.660514,14.217361,17.832611,5.778833,5.957972,4.867125,4.777403,13.405750,6.850750,9.919667,12.506625,17.130250
    Full Width at Half Height of Normalized Cross-Correlation,14.000000,14.000000,16.000000,14.000000,14.000000,16.000000,16.000000,12.000000,14.000000,16.000000,16.000000,16.000000,14.000000,18.000000,13.000000,15.000000,20.000000,24.000000,29.000000,29.000000,25.000000,24.000000,15.000000,18.000000,19.000000,17.000000,17.000000,33.000000,17.000000,16.000000,16.000000,22.000000,26.000000,20.000000,21.000000,22.000000,25.000000,18.000000,20.000000,20.000000,25.000000,21.000000,17.000000,23.000000,15.000000,22.000000,24.000000,24.000000
    Full Width at Half Height of Cross-Correlation,33.000000,26.000000,48.000000,28.000000,24.000000,34.000000,37.000000,26.000000,36.000000,36.000000,37.000000,104.000000,42.000000,39.000000,77.000000,53.000000,50.000000,60.000000,88.000000,66.000000,67.000000,72.000000,80.000000,58.000000,119.000000,51.000000,43.000000,121.000000,95.000000,64.000000,58.000000,61.000000,85.000000,67.000000,68.000000,70.000000,56.000000,58.000000,63.000000,65.000000,103.000000,90.000000,65.000000,74.000000,47.000000,63.000000,66.000000,69.000000
    Synchrony Index, , , , , , , , , , , , , , , , , , , , , , , , , , , , , , , , , , , , , , , , , , , , , , , , 
    Kreuz SPIKE Distance, , , , , , , , , , , , , , , , , , , , , , , , , , , , , , , , , , , , , , , , , , , , , , , , 
Average Network Burst Metrics
    Start Electrode,14.000000,24.000000,11.000000,41.000000,44.000000,34.000000,11.000000,44.000000,12.000000,44.000000,43.000000,31.000000,41.000000,44.000000,34.000000,14.000000,43.000000,24.000000,44.000000,34.000000,42.000000,12.000000,23.000000,11.000000,11.000000,41.000000,14.000000,11.000000,44.000000,11.000000,11.000000,41.000000,13.000000,11.000000,31.000000,12.000000,21.000000,34.000000,31.000000,42.000000,43.000000,41.000000,23.000000,22.000000,23.000000,11.000000,11.000000,33.000000
    Percent Bursts with Start Electrode,34.969325,39.097744,17.543860,29.059829,17.142857,57.142857,27.272727,25.862069,44.339623,59.803922,32.530120,55.084746,70.707071,73.255814,32.432432,16.000000,27.516779,18.674699,42.352941,31.468531,27.564103,27.672956,19.653179,19.230769,48.717949,38.281250,23.684211,34.821429,33.720930,23.595506,17.431193,21.014493,62.893082,29.585799,31.914894,68.292683,30.201342,25.625000,44.623656,25.190840,33.132530,39.516129,23.913043,37.500000,25.531915,39.719626,31.073446,29.069767
    Burst Peak (Max Spikes per sec),3871.165644,1345.864662,4605.263158,2752.136752,1514.285714,2918.367347,2512.396694,3405.172414,2424.528302,3950.980392,4289.156627,4449.152542,4202.020202,2790.697674,4540.540541,3560.000000,1362.416107,1000.000000,1805.882353,1321.678322,1801.282051,993.710692,1312.138728,1908.653846,1538.461538,3164.062500,3298.245614,1151.785714,4337.209302,4719.101124,2440.366972,1949.275362,842.767296,988.165680,2290.780142,1256.097561,1570.469799,2706.250000,1784.946237,908.396947,536.144578,838.709677,695.652174,1213.541667,1585.106383,1051.401869,1073.446328,837.209302
    Time to Burst Peak (ms),12.500000,12.500000,12.500000,12.500000,12.500000,14.500000,14.500000,12.500000,12.500000,10.500000,10.500000,8.500000,10.500000,18.500000,8.500000,13.500000,14.500000,28.500000,66.500000,54.500000,24.500000,47.500000,58.500000,20.500000,30.500000,24.500000,22.500000,84.500000,22.500000,16.500000,20.500000,44.500000,36.500000,24.500000,28.500000,68.500000,28.500000,32.500000,38.500000,36.500000,59.500000,70.500000,96.500000,18.500000,16.500000,41.500000,68.500000,48.500000

Measurement,A1_11,A1_12,A1_13,A1_14,A1_21,A1_22,A1_23,A1_24,A1_31,A1_32,A1_33,A1_34,A1_41,A1_42,A1_43,A1_44,A2_11,A2_12,A2_13,A2_14,A2_21,A2_22,A2_23,A2_24,A2_31,A2_32,A2_33,A2_34,A2_41,A2_42,A2_43,A2_44,A3_11,A3_12,A3_13,A3_14,A3_21,A3_22,A3_23,A3_24,A3_31,A3_32,A3_33,A3_34,A3_41,A3_42,A3_43,A3_44,A4_11,A4_12,A4_13,A4_14,A4_21,A4_22,A4_23,A4_24,A4_31,A4_32,A4_33,A4_34,A4_41,A4_42,A4_43,A4_44,A5_11,A5_12,A5_13,A5_14,A5_21,A5_22,A5_23,A5_24,A5_31,A5_32,A5_33,A5_34,A5_41,A5_42,A5_43,A5_44,A6_11,A6_12,A6_13,A6_14,A6_21,A6_22,A6_23,A6_24,A6_31,A6_32,A6_33,A6_34,A6_41,A6_42,A6_43,A6_44,A7_11,A7_12,A7_13,A7_14,A7_21,A7_22,A7_23,A7_24,A7_31,A7_32,A7_33,A7_34,A7_41,A7_42,A7_43,A7_44,A8_11,A8_12,A8_13,A8_14,A8_21,A8_22,A8_23,A8_24,A8_31,A8_32,A8_33,A8_34,A8_41,A8_42,A8_43,A8_44,B1_11,B1_12,B1_13,B1_14,B1_21,B1_22,B1_23,B1_24,B1_31,B1_32,B1_33,B1_34,B1_41,B1_42,B1_43,B1_44,B2_11,B2_12,B2_13,B2_14,B2_21,B2_22,B2_23,B2_24,B2_31,B2_32,B2_33,B2_34,B2_41,B2_42,B2_43,B2_44,B3_11,B3_12,B3_13,B3_14,B3_21,B3_22,B3_23,B3_24,B3_31,B3_32,B3_33,B3_34,B3_41,B3_42,B3_43,B3_44,B4_11,B4_12,B4_13,B4_14,B4_21,B4_22,B4_23,B4_24,B4_31,B4_32,B4_33,B4_34,B4_41,B4_42,B4_43,B4_44,B5_11,B5_12,B5_13,B5_14,B5_21,B5_22,B5_23,B5_24,B5_31,B5_32,B5_33,B5_34,B5_41,B5_42,B5_43,B5_44,B6_11,B6_12,B6_13,B6_14,B6_21,B6_22,B6_23,B6_24,B6_31,B6_32,B6_33,B6_34,B6_41,B6_42,B6_43,B6_44,B7_11,B7_12,B7_13,B7_14,B7_21,B7_22,B7_23,B7_24,B7_31,B7_32,B7_33,B7_34,B7_41,B7_42,B7_43,B7_44,B8_11,B8_12,B8_13,B8_14,B8_21,B8_22,B8_23,B8_24,B8_31,B8_32,B8_33,B8_34,B8_41,B8_42,B8_43,B8_44,C1_11,C1_12,C1_13,C1_14,C1_21,C1_22,C1_23,C1_24,C1_31,C1_32,C1_33,C1_34,C1_41,C1_42,C1_43,C1_44,C2_11,C2_12,C2_13,C2_14,C2_21,C2_22,C2_23,C2_24,C2_31,C2_32,C2_33,C2_34,C2_41,C2_42,C2_43,C2_44,C3_11,C3_12,C3_13,C3_14,C3_21,C3_22,C3_23,C3_24,C3_31,C3_32,C3_33,C3_34,C3_41,C3_42,C3_43,C3_44,C4_11,C4_12,C4_13,C4_14,C4_21,C4_22,C4_23,C4_24,C4_31,C4_32,C4_33,C4_34,C4_41,C4_42,C4_43,C4_44,C5_11,C5_12,C5_13,C5_14,C5_21,C5_22,C5_23,C5_24,C5_31,C5_32,C5_33,C5_34,C5_41,C5_42,C5_43,C5_44,C6_11,C6_12,C6_13,C6_14,C6_21,C6_22,C6_23,C6_24,C6_31,C6_32,C6_33,C6_34,C6_41,C6_42,C6_43,C6_44,C7_11,C7_12,C7_13,C7_14,C7_21,C7_22,C7_23,C7_24,C7_31,C7_32,C7_33,C7_34,C7_41,C7_42,C7_43,C7_44,C8_11,C8_12,C8_13,C8_14,C8_21,C8_22,C8_23,C8_24,C8_31,C8_32,C8_33,C8_34,C8_41,C8_42,C8_43,C8_44,D1_11,D1_12,D1_13,D1_14,D1_21,D1_22,D1_23,D1_24,D1_31,D1_32,D1_33,D1_34,D1_41,D1_42,D1_43,D1_44,D2_11,D2_12,D2_13,D2_14,D2_21,D2_22,D2_23,D2_24,D2_31,D2_32,D2_33,D2_34,D2_41,D2_42,D2_43,D2_44,D3_11,D3_12,D3_13,D3_14,D3_21,D3_22,D3_23,D3_24,D3_31,D3_32,D3_33,D3_34,D3_41,D3_42,D3_43,D3_44,D4_11,D4_12,D4_13,D4_14,D4_21,D4_22,D4_23,D4_24,D4_31,D4_32,D4_33,D4_34,D4_41,D4_42,D4_43,D4_44,D5_11,D5_12,D5_13,D5_14,D5_21,D5_22,D5_23,D5_24,D5_31,D5_32,D5_33,D5_34,D5_41,D5_42,D5_43,D5_44,D6_11,D6_12,D6_13,D6_14,D6_21,D6_22,D6_23,D6_24,D6_31,D6_32,D6_33,D6_34,D6_41,D6_42,D6_43,D6_44,D7_11,D7_12,D7_13,D7_14,D7_21,D7_22,D7_23,D7_24,D7_31,D7_32,D7_33,D7_34,D7_41,D7_42,D7_43,D7_44,D8_11,D8_12,D8_13,D8_14,D8_21,D8_22,D8_23,D8_24,D8_31,D8_32,D8_33,D8_34,D8_41,D8_42,D8_43,D8_44,E1_11,E1_12,E1_13,E1_14,E1_21,E1_22,E1_23,E1_24,E1_31,E1_32,E1_33,E1_34,E1_41,E1_42,E1_43,E1_44,E2_11,E2_12,E2_13,E2_14,E2_21,E2_22,E2_23,E2_24,E2_31,E2_32,E2_33,E2_34,E2_41,E2_42,E2_43,E2_44,E3_11,E3_12,E3_13,E3_14,E3_21,E3_22,E3_23,E3_24,E3_31,E3_32,E3_33,E3_34,E3_41,E3_42,E3_43,E3_44,E4_11,E4_12,E4_13,E4_14,E4_21,E4_22,E4_23,E4_24,E4_31,E4_32,E4_33,E4_34,E4_41,E4_42,E4_43,E4_44,E5_11,E5_12,E5_13,E5_14,E5_21,E5_22,E5_23,E5_24,E5_31,E5_32,E5_33,E5_34,E5_41,E5_42,E5_43,E5_44,E6_11,E6_12,E6_13,E6_14,E6_21,E6_22,E6_23,E6_24,E6_31,E6_32,E6_33,E6_34,E6_41,E6_42,E6_43,E6_44,E7_11,E7_12,E7_13,E7_14,E7_21,E7_22,E7_23,E7_24,E7_31,E7_32,E7_33,E7_34,E7_41,E7_42,E7_43,E7_44,E8_11,E8_12,E8_13,E8_14,E8_21,E8_22,E8_23,E8_24,E8_31,E8_32,E8_33,E8_34,E8_41,E8_42,E8_43,E8_44,F1_11,F1_12,F1_13,F1_14,F1_21,F1_22,F1_23,F1_24,F1_31,F1_32,F1_33,F1_34,F1_41,F1_42,F1_43,F1_44,F2_11,F2_12,F2_13,F2_14,F2_21,F2_22,F2_23,F2_24,F2_31,F2_32,F2_33,F2_34,F2_41,F2_42,F2_43,F2_44,F3_11,F3_12,F3_13,F3_14,F3_21,F3_22,F3_23,F3_24,F3_31,F3_32,F3_33,F3_34,F3_41,F3_42,F3_43,F3_44,F4_11,F4_12,F4_13,F4_14,F4_21,F4_22,F4_23,F4_24,F4_31,F4_32,F4_33,F4_34,F4_41,F4_42,F4_43,F4_44,F5_11,F5_12,F5_13,F5_14,F5_21,F5_22,F5_23,F5_24,F5_31,F5_32,F5_33,F5_34,F5_41,F5_42,F5_43,F5_44,F6_11,F6_12,F6_13,F6_14,F6_21,F6_22,F6_23,F6_24,F6_31,F6_32,F6_33,F6_34,F6_41,F6_42,F6_43,F6_44,F7_11,F7_12,F7_13,F7_14,F7_21,F7_22,F7_23,F7_24,F7_31,F7_32,F7_33,F7_34,F7_41,F7_42,F7_43,F7_44,F8_11,F8_12,F8_13,F8_14,F8_21,F8_22,F8_23,F8_24,F8_31,F8_32,F8_33,F8_34,F8_41,F8_42,F8_43,F8_44,
Activity Metrics
    Number of Spikes,3113.000000,4006.000000,605.000000,2987.000000,183.000000,2508.000000,3020.000000,1900.000000,1724.000000,2067.000000,1372.000000,3769.000000,3984.000000,84.000000,1554.000000,761.000000,382.000000,116.000000,1527.000000,0.000000,2789.000000,22.000000,828.000000,2228.000000,480.000000,1066.000000,0.000000,684.000000,47.000000,543.000000,1103.000000,644.000000,1824.000000,251.000000,1688.000000,2568.000000,5116.000000,1122.000000,1486.000000,2664.000000,2998.000000,1912.000000,1569.000000,4010.000000,1969.000000,2812.000000,381.000000,1904.000000,962.000000,396.000000,2603.000000,1072.000000,1398.000000,1888.000000,1770.000000,1896.000000,2.000000,62.000000,60.000000,944.000000,1910.000000,937.000000,55.000000,184.000000,1747.000000,1397.000000,348.000000,697.000000,568.000000,160.000000,1062.000000,638.000000,1918.000000,0.000000,656.000000,443.000000,1414.000000,3104.000000,875.000000,1254.000000,758.000000,616.000000,0.000000,1.000000,1319.000000,381.000000,1276.000000,2219.000000,525.000000,738.000000,4846.000000,2690.000000,903.000000,2290.000000,654.000000,395.000000,3269.000000,248.000000,3097.000000,915.000000,651.000000,355.000000,45.000000,814.000000,3346.000000,410.000000,0.000000,2948.000000,1541.000000,896.000000,419.000000,1030.000000,2922.000000,2312.000000,1818.000000,2152.000000,1057.000000,862.000000,1368.000000,886.000000,953.000000,1755.000000,1242.000000,1334.000000,1528.000000,1240.000000,2410.000000,1478.000000,2889.000000,4571.000000,2401.000000,6.000000,404.000000,1087.000000,238.000000,1174.000000,2756.000000,3641.000000,477.000000,190.000000,2387.000000,595.000000,1069.000000,2911.000000,1563.000000,2078.000000,2598.000000,791.000000,2284.000000,56.000000,3822.000000,3277.000000,2717.000000,789.000000,9.000000,2710.000000,2889.000000,2883.000000,168.000000,429.000000,3288.000000,1894.000000,1549.000000,2820.000000,1.000000,20.000000,2420.000000,1055.000000,3316.000000,3805.000000,3406.000000,1789.000000,2875.000000,8.000000,1419.000000,2135.000000,361.000000,3780.000000,1.000000,4858.000000,4486.000000,3909.000000,3797.000000,3788.000000,2123.000000,2100.000000,1843.000000,4711.000000,4112.000000,4280.000000,4629.000000,621.000000,967.000000,12.000000,2051.000000,2064.000000,808.000000,1396.000000,3323.000000,1319.000000,3178.000000,2551.000000,2393.000000,2571.000000,1537.000000,803.000000,1447.000000,81.000000,2335.000000,252.000000,641.000000,1146.000000,3392.000000,2195.000000,1902.000000,617.000000,4034.000000,1665.000000,2144.000000,824.000000,1361.000000,2253.000000,4956.000000,3343.000000,2052.000000,4240.000000,1971.000000,2944.000000,1451.000000,3533.000000,662.000000,815.000000,1382.000000,409.000000,1235.000000,3438.000000,1330.000000,1583.000000,1114.000000,77.000000,1631.000000,678.000000,545.000000,3638.000000,3381.000000,3576.000000,707.000000,1755.000000,4114.000000,1731.000000,1111.000000,2320.000000,1946.000000,2923.000000,2125.000000,1939.000000,1826.000000,1555.000000,1149.000000,1142.000000,2277.000000,1.000000,737.000000,2466.000000,437.000000,571.000000,1215.000000,44.000000,1364.000000,1022.000000,2204.000000,249.000000,1825.000000,652.000000,521.000000,576.000000,3342.000000,621.000000,1196.000000,1039.000000,521.000000,478.000000,43.000000,1351.000000,850.000000,610.000000,324.000000,1940.000000,4059.000000,1216.000000,2127.000000,3036.000000,1151.000000,2202.000000,2107.000000,918.000000,1665.000000,2810.000000,3552.000000,436.000000,2153.000000,3093.000000,643.000000,2961.000000,2260.000000,442.000000,90.000000,2068.000000,1568.000000,2140.000000,1085.000000,824.000000,68.000000,1540.000000,1838.000000,2071.000000,1.000000,1375.000000,8.000000,641.000000,1819.000000,1964.000000,1995.000000,2017.000000,619.000000,2617.000000,3357.000000,393.000000,1037.000000,995.000000,2282.000000,1733.000000,1761.000000,3471.000000,6.000000,1793.000000,2153.000000,1969.000000,336.000000,0.000000,398.000000,1055.000000,902.000000,1477.000000,1221.000000,1015.000000,821.000000,825.000000,796.000000,2596.000000,48.000000,528.000000,917.000000,109.000000,2217.000000,2146.000000,2321.000000,3311.000000,2572.000000,2865.000000,2647.000000,1502.000000,3286.000000,153.000000,1695.000000,2382.000000,598.000000,3279.000000,1864.000000,1328.000000,2149.000000,2634.000000,2436.000000,2861.000000,1632.000000,473.000000,2798.000000,2335.000000,2749.000000,2205.000000,937.000000,4296.000000,3583.000000,2326.000000,3644.000000,189.000000,336.000000,3682.000000,2114.000000,2597.000000,1797.000000,1123.000000,1266.000000,3344.000000,4182.000000,2499.000000,4666.000000,5070.000000,2917.000000,2761.000000,2122.000000,3224.000000,29.000000,2025.000000,1338.000000,2226.000000,2577.000000,270.000000,480.000000,470.000000,855.000000,1121.000000,2227.000000,3019.000000,0.000000,1780.000000,1264.000000,2346.000000,801.000000,2442.000000,966.000000,974.000000,596.000000,1604.000000,9.000000,1704.000000,1758.000000,628.000000,523.000000,1520.000000,1283.000000,1584.000000,2445.000000,121.000000,2760.000000,655.000000,4253.000000,4210.000000,1098.000000,1.000000,4053.000000,2.000000,3036.000000,3027.000000,2622.000000,3354.000000,2249.000000,1421.000000,2363.000000,370.000000,491.000000,1185.000000,3161.000000,596.000000,2994.000000,590.000000,2499.000000,2557.000000,2949.000000,506.000000,1780.000000,1517.000000,2311.000000,2988.000000,1769.000000,1699.000000,2042.000000,880.000000,1862.000000,566.000000,1233.000000,1996.000000,1312.000000,2112.000000,2340.000000,3427.000000,2751.000000,621.000000,490.000000,605.000000,1267.000000,2682.000000,3183.000000,1216.000000,2263.000000,1350.000000,2502.000000,1939.000000,1888.000000,2683.000000,2948.000000,1585.000000,2252.000000,372.000000,1252.000000,1593.000000,3360.000000,2873.000000,3583.000000,1054.000000,3334.000000,901.000000,2901.000000,747.000000,2219.000000,1519.000000,1741.000000,2310.000000,3280.000000,1942.000000,1796.000000,4051.000000,3417.000000,2708.000000,2787.000000,1471.000000,486.000000,313.000000,0.000000,177.000000,1839.000000,163.000000,183.000000,2077.000000,3499.000000,1158.000000,1810.000000,820.000000,3932.000000,162.000000,4.000000,2096.000000,3719.000000,0.000000,703.000000,2590.000000,20.000000,172.000000,0.000000,2392.000000,3169.000000,2130.000000,1800.000000,185.000000,152.000000,2025.000000,2919.000000,2562.000000,2656.000000,100.000000,2359.000000,2260.000000,2488.000000,1401.000000,2690.000000,2228.000000,184.000000,2237.000000,225.000000,0.000000,1.000000,4740.000000,2429.000000,1742.000000,1690.000000,2318.000000,1364.000000,3233.000000,209.000000,6323.000000,3036.000000,2076.000000,1653.000000,911.000000,1192.000000,0.000000,19.000000,1429.000000,1691.000000,5.000000,1582.000000,0.000000,515.000000,185.000000,14.000000,717.000000,3339.000000,935.000000,363.000000,1520.000000,822.000000,814.000000,0.000000,2470.000000,2998.000000,12.000000,1864.000000,947.000000,463.000000,982.000000,1969.000000,2481.000000,2147.000000,2393.000000,2121.000000,2894.000000,354.000000,2647.000000,2192.000000,1233.000000,1997.000000,3176.000000,2828.000000,843.000000,670.000000,1357.000000,4275.000000,124.000000,2922.000000,2699.000000,2043.000000,2303.000000,515.000000,3494.000000,2.000000,15.000000,2962.000000,37.000000,2059.000000,839.000000,1887.000000,2318.000000,466.000000,1392.000000,673.000000,997.000000,1273.000000,2868.000000,1017.000000,581.000000,1337.000000,2137.000000,728.000000,861.000000,3969.000000,546.000000,0.000000,14.000000,560.000000,2179.000000,2150.000000,204.000000,2142.000000,163.000000,5801.000000,2644.000000,2897.000000,1594.000000,18.000000,0.000000,384.000000,114.000000,671.000000,576.000000,347.000000,723.000000,2590.000000,1389.000000,3424.000000,467.000000,2593.000000,168.000000,196.000000,1814.000000,1090.000000,2438.000000,1516.000000,491.000000,3004.000000,5.000000,1060.000000,137.000000,0.000000,0.000000,1249.000000,1125.000000,1591.000000,291.000000,3756.000000,1279.000000,2593.000000,3774.000000,965.000000,3128.000000,2668.000000,2876.000000,1287.000000,294.000000,2084.000000,1932.000000,3267.000000,847.000000,64.000000,1708.000000,452.000000,188.000000,71.000000,987.000000,736.000000,1086.000000,3396.000000,897.000000,2233.000000,2411.000000,3249.000000,313.000000,2466.000000,1053.000000,1744.000000,4.000000,3123.000000,871.000000,3304.000000,2821.000000,1465.000000,1475.000000,2378.000000,630.000000,1242.000000,380.000000,2294.000000,911.000000,219.000000,3037.000000,1851.000000,1059.000000,2371.000000,2324.000000,3846.000000,758.000000,3775.000000,742.000000,1069.000000,735.000000,3500.000000,2238.000000,2086.000000,868.000000,1478.000000,661.000000,1368.000000,564.000000,1769.000000,1719.000000,949.000000,2483.000000,2393.000000,2360.000000,1427.000000,1350.000000,1931.000000,2884.000000,2405.000000,1794.000000,1129.000000,2461.000000,2091.000000,251.000000
    Mean Firing Rate (Hz),5.188333,6.676667,1.008333,4.978333,0.305000,4.180000,5.033333,3.166667,2.873333,3.445000,2.286667,6.281667,6.640000,0.140000,2.590000,1.268333,0.636667,0.193333,2.545000,0.000000,4.648333,0.036667,1.380000,3.713333,0.800000,1.776667,0.000000,1.140000,0.078333,0.905000,1.838333,1.073333,3.040000,0.418333,2.813333,4.280000,8.526667,1.870000,2.476667,4.440000,4.996667,3.186667,2.615000,6.683333,3.281667,4.686667,0.635000,3.173333,1.603333,0.660000,4.338333,1.786667,2.330000,3.146667,2.950000,3.160000,0.003333,0.103333,0.100000,1.573333,3.183333,1.561667,0.091667,0.306667,2.911667,2.328333,0.580000,1.161667,0.946667,0.266667,1.770000,1.063333,3.196667,0.000000,1.093333,0.738333,2.356667,5.173333,1.458333,2.090000,1.263333,1.026667,0.000000,0.001667,2.198333,0.635000,2.126667,3.698333,0.875000,1.230000,8.076667,4.483333,1.505000,3.816667,1.090000,0.658333,5.448333,0.413333,5.161667,1.525000,1.085000,0.591667,0.075000,1.356667,5.576667,0.683333,0.000000,4.913333,2.568333,1.493333,0.698333,1.716667,4.870000,3.853333,3.030000,3.586667,1.761667,1.436667,2.280000,1.476667,1.588333,2.925000,2.070000,2.223333,2.546667,2.066667,4.016667,2.463333,4.815000,7.618333,4.001667,0.010000,0.673333,1.811667,0.396667,1.956667,4.593333,6.068333,0.795000,0.316667,3.978333,0.991667,1.781667,4.851667,2.605000,3.463333,4.330000,1.318333,3.806667,0.093333,6.370000,5.461667,4.528333,1.315000,0.015000,4.516667,4.815000,4.805000,0.280000,0.715000,5.480000,3.156667,2.581667,4.700000,0.001667,0.033333,4.033333,1.758333,5.526667,6.341667,5.676667,2.981667,4.791667,0.013333,2.365000,3.558333,0.601667,6.300000,0.001667,8.096667,7.476667,6.515000,6.328333,6.313333,3.538333,3.500000,3.071667,7.851667,6.853333,7.133333,7.715000,1.035000,1.611667,0.020000,3.418333,3.440000,1.346667,2.326667,5.538333,2.198333,5.296667,4.251667,3.988333,4.285000,2.561667,1.338333,2.411667,0.135000,3.891667,0.420000,1.068333,1.910000,5.653333,3.658333,3.170000,1.028333,6.723333,2.775000,3.573333,1.373333,2.268333,3.755000,8.260000,5.571667,3.420000,7.066667,3.285000,4.906667,2.418333,5.888333,1.103333,1.358333,2.303333,0.681667,2.058333,5.730000,2.216667,2.638333,1.856667,0.128333,2.718333,1.130000,0.908333,6.063333,5.635000,5.960000,1.178333,2.925000,6.856667,2.885000,1.851667,3.866667,3.243333,4.871667,3.541667,3.231667,3.043333,2.591667,1.915000,1.903333,3.795000,0.001667,1.228333,4.110000,0.728333,0.951667,2.025000,0.073333,2.273333,1.703333,3.673333,0.415000,3.041667,1.086667,0.868333,0.960000,5.570000,1.035000,1.993333,1.731667,0.868333,0.796667,0.071667,2.251667,1.416667,1.016667,0.540000,3.233333,6.765000,2.026667,3.545000,5.060000,1.918333,3.670000,3.511667,1.530000,2.775000,4.683333,5.920000,0.726667,3.588333,5.155000,1.071667,4.935000,3.766667,0.736667,0.150000,3.446667,2.613333,3.566667,1.808333,1.373333,0.113333,2.566667,3.063333,3.451667,0.001667,2.291667,0.013333,1.068333,3.031667,3.273333,3.325000,3.361667,1.031667,4.361667,5.595000,0.655000,1.728333,1.658333,3.803333,2.888333,2.935000,5.785000,0.010000,2.988333,3.588333,3.281667,0.560000,0.000000,0.663333,1.758333,1.503333,2.461667,2.035000,1.691667,1.368333,1.375000,1.326667,4.326667,0.080000,0.880000,1.528333,0.181667,3.695000,3.576667,3.868333,5.518333,4.286667,4.775000,4.411667,2.503333,5.476667,0.255000,2.825000,3.970000,0.996667,5.465000,3.106667,2.213333,3.581667,4.390000,4.060000,4.768333,2.720000,0.788333,4.663333,3.891667,4.581667,3.675000,1.561667,7.160000,5.971667,3.876667,6.073333,0.315000,0.560000,6.136667,3.523333,4.328333,2.995000,1.871667,2.110000,5.573333,6.970000,4.165000,7.776667,8.450000,4.861667,4.601667,3.536667,5.373333,0.048333,3.375000,2.230000,3.710000,4.295000,0.450000,0.800000,0.783333,1.425000,1.868333,3.711667,5.031667,0.000000,2.966667,2.106667,3.910000,1.335000,4.070000,1.610000,1.623333,0.993333,2.673333,0.015000,2.840000,2.930000,1.046667,0.871667,2.533333,2.138333,2.640000,4.075000,0.201667,4.600000,1.091667,7.088333,7.016667,1.830000,0.001667,6.755000,0.003333,5.060000,5.045000,4.370000,5.590000,3.748333,2.368333,3.938333,0.616667,0.818333,1.975000,5.268333,0.993333,4.990000,0.983333,4.165000,4.261667,4.915000,0.843333,2.966667,2.528333,3.851667,4.980000,2.948333,2.831667,3.403333,1.466667,3.103333,0.943333,2.055000,3.326667,2.186667,3.520000,3.900000,5.711667,4.585000,1.035000,0.816667,1.008333,2.111667,4.470000,5.305000,2.026667,3.771667,2.250000,4.170000,3.231667,3.146667,4.471667,4.913333,2.641667,3.753333,0.620000,2.086667,2.655000,5.600000,4.788333,5.971667,1.756667,5.556667,1.501667,4.835000,1.245000,3.698333,2.531667,2.901667,3.850000,5.466667,3.236667,2.993333,6.751667,5.695000,4.513333,4.645000,2.451667,0.810000,0.521667,0.000000,0.295000,3.065000,0.271667,0.305000,3.461667,5.831667,1.930000,3.016667,1.366667,6.553333,0.270000,0.006667,3.493333,6.198333,0.000000,1.171667,4.316667,0.033333,0.286667,0.000000,3.986667,5.281667,3.550000,3.000000,0.308333,0.253333,3.375000,4.865000,4.270000,4.426667,0.166667,3.931667,3.766667,4.146667,2.335000,4.483333,3.713333,0.306667,3.728333,0.375000,0.000000,0.001667,7.900000,4.048333,2.903333,2.816667,3.863333,2.273333,5.388333,0.348333,10.538333,5.060000,3.460000,2.755000,1.518333,1.986667,0.000000,0.031667,2.381667,2.818333,0.008333,2.636667,0.000000,0.858333,0.308333,0.023333,1.195000,5.565000,1.558333,0.605000,2.533333,1.370000,1.356667,0.000000,4.116667,4.996667,0.020000,3.106667,1.578333,0.771667,1.636667,3.281667,4.135000,3.578333,3.988333,3.535000,4.823333,0.590000,4.411667,3.653333,2.055000,3.328333,5.293333,4.713333,1.405000,1.116667,2.261667,7.125000,0.206667,4.870000,4.498333,3.405000,3.838333,0.858333,5.823333,0.003333,0.025000,4.936667,0.061667,3.431667,1.398333,3.145000,3.863333,0.776667,2.320000,1.121667,1.661667,2.121667,4.780000,1.695000,0.968333,2.228333,3.561667,1.213333,1.435000,6.615000,0.910000,0.000000,0.023333,0.933333,3.631667,3.583333,0.340000,3.570000,0.271667,9.668333,4.406667,4.828333,2.656667,0.030000,0.000000,0.640000,0.190000,1.118333,0.960000,0.578333,1.205000,4.316667,2.315000,5.706667,0.778333,4.321667,0.280000,0.326667,3.023333,1.816667,4.063333,2.526667,0.818333,5.006667,0.008333,1.766667,0.228333,0.000000,0.000000,2.081667,1.875000,2.651667,0.485000,6.260000,2.131667,4.321667,6.290000,1.608333,5.213333,4.446667,4.793333,2.145000,0.490000,3.473333,3.220000,5.445000,1.411667,0.106667,2.846667,0.753333,0.313333,0.118333,1.645000,1.226667,1.810000,5.660000,1.495000,3.721667,4.018333,5.415000,0.521667,4.110000,1.755000,2.906667,0.006667,5.205000,1.451667,5.506667,4.701667,2.441667,2.458333,3.963333,1.050000,2.070000,0.633333,3.823333,1.518333,0.365000,5.061667,3.085000,1.765000,3.951667,3.873333,6.410000,1.263333,6.291667,1.236667,1.781667,1.225000,5.833333,3.730000,3.476667,1.446667,2.463333,1.101667,2.280000,0.940000,2.948333,2.865000,1.581667,4.138333,3.988333,3.933333,2.378333,2.250000,3.218333,4.806667,4.008333,2.990000,1.881667,4.101667,3.485000,0.418333
    ISI Coefficient of Variation,4.293337,4.905917,1.692798,4.222777,0.590174,3.846661,4.245303,3.297453,3.146017,3.478464,2.743842,4.754211,4.890358,1.083819,2.940460,1.966630,1.632246,1.326879,3.623242, ,5.005546, ,2.592580,3.635547,1.872317,2.954742, ,2.335230, ,2.022846,3.071261,2.258365,3.961641,1.307811,3.817463,4.757339,6.294849,3.065074,3.533335,4.792035,5.103447,4.083581,3.667188,5.952172,4.138605,4.981369,1.597321,4.067402,2.766361,1.605489,4.710789,2.938043,3.390829,3.971664,3.838748,3.920379, ,0.802419,1.043404,2.733180,4.002183,2.726115, ,1.101406,3.758942,3.337609,1.531669,2.253243,1.988647,1.133436,2.859693,2.137977,3.937678, ,2.169773,1.705031,3.354477,1.396662,2.570367,3.143140,2.121314,1.848571, , ,2.898438,1.325779,2.841715,3.830274,1.665324,2.069065,5.745330,4.242720,2.336682,3.892494,1.922709,1.433559,5.394775,1.249952,5.228849,2.738009,2.259923,1.550168, ,2.567033,5.455672,1.705243, ,5.085693,3.648551,2.716266,1.759494,2.919773,4.914810,3.097161,3.881260,4.234735,2.841287,2.579240,3.297331,2.609849,2.639598,3.751499,3.160270,3.268359,3.539300,3.159467,4.481397,3.467814,5.364412,2.500838,4.855512, ,1.800765,3.190995,1.271660,3.326644,5.235071,5.570587,2.050751,1.094858,4.791204,2.273207,3.159275,5.352122,3.734508,4.413228,4.958098,2.608980,4.634703, ,5.994905,5.544245,5.016681,2.614783, ,5.049171,5.196221,5.227456,1.082742,1.814421,6.167389,4.639036,4.173097,5.700586, , ,5.159452,3.414085,6.185589,6.545075,6.280476,4.497524,5.702551, ,3.982501,4.908735,1.516359,5.524513, ,6.360778,6.119333,5.704113,5.617996,5.585091,3.586388,4.122381,3.856871,6.253866,5.802566,5.940546,6.150571,1.985212,3.015442, ,4.514201,4.505268,2.735998,3.676949,5.738986,3.560061,5.593526,5.022954,4.855752,4.844806,3.722805,2.694731,3.710512,1.078831,5.158982,1.554759,2.582738,3.551759,6.247507,4.992188,3.937001,2.516135,6.811456,4.325410,4.902045,2.954011,3.886780,5.061912,7.374238,6.170270,5.298963,7.633525,5.128634,6.385005,4.436754,6.961737,2.934534,3.276437,4.301960,2.223582,4.101621,6.783493,4.260634,4.665874,3.881724,1.120452,4.002126,2.474659,2.185166,6.047369,4.404545,5.108783,2.553059,4.151213,6.090182,4.136219,3.269530,4.799147,4.422195,5.439230,4.622114,4.394137,3.264854,2.843712,1.933584,2.542514,3.526983, ,2.050649,3.690009,1.366516,1.831652,2.630622, ,2.714995,2.559699,3.414077,1.396717,2.905285,1.884817,2.485907,1.636839,3.944019,2.085724,2.299630,2.114937,1.422967,1.338636, ,2.446882,1.937424,1.565867,1.665189,2.955405,5.012165,3.204450,3.632715,4.349657,2.680006,4.084179,3.785251,2.881583,3.177605,4.175649,4.296589,2.336184,3.648197,4.413364,2.661415,4.287833,3.777135,2.185532,1.225179,3.585981,3.138452,3.700428,2.579083,2.330049,1.090711,3.094815,3.430169,3.615562, ,2.916443, ,2.255504,3.878524,4.084849,3.895969,1.906170,2.490733,4.686703,5.290865,2.263681,2.863278,2.801072,4.314694,3.774680,3.757113,5.303172, ,3.791947,3.402436,3.238622,1.396270, ,1.859315,2.429745,2.071950,2.882061,2.522970,2.306696,2.370698,2.167508,1.933958,3.739270, ,1.971406,3.027181,1.683741,3.830239,3.787869,3.819580,4.540915,4.075642,4.385291,4.223298,3.164360,4.682361,1.304152,3.326417,3.995386,2.912198,4.709781,3.121742,2.930868,3.382152,3.762843,3.628533,3.935441,2.902006,1.890992,3.615117,3.485450,3.846747,3.418590,2.141659,2.850536,4.404102,3.502376,5.931290,1.169149,1.734235,5.966044,4.335261,4.997829,2.749321,3.113575,3.456664,4.298660,6.347623,4.962193,6.763516,6.810808,5.313589,5.133517,4.264585,4.733088, ,3.899969,3.330486,4.239241,3.361005,1.238417,1.870529,1.823879,2.619445,3.020488,4.330385,5.078047, ,3.879796,3.543245,4.819113,2.754059,3.643089,3.072329,3.061786,2.349574,4.034038, ,4.132847,4.205504,2.436040,2.168769,3.914248,3.557664,3.756753,4.986427,1.271854,5.091518,2.792130,5.474276,4.837731,3.308211, ,6.287130, ,5.332211,3.857858,5.074340,5.066636,4.648115,3.641125,5.753058,2.123225,2.506901,4.039918,6.660832,2.800032,6.380531,2.758077,5.929253,5.998257,6.404641,2.514246,4.972256,4.581264,5.726362,6.503828,4.672643,4.570998,5.028610,3.210614,4.787919,2.521746,3.871662,4.972006,3.989751,5.090398,5.385744,4.803062,5.840506,2.656077,2.321086,2.613954,3.660299,4.451374,3.559343,3.595876,4.984597,3.823558,5.255804,4.622981,4.535990,5.448311,5.577123,4.154242,4.989572,1.881598,2.076798,4.157122,5.034823,4.703758,4.937519,2.792638,3.876093,2.234097,4.709038,2.254045,4.116417,3.362392,3.607502,4.175701,5.021462,3.833948,2.262524,3.229368,4.503555,4.063539,4.020040,2.870377,1.581578,1.679926, ,1.371862,3.394523,1.154055,0.973851,3.389765,4.665951,2.666829,3.340100,1.950221,4.566976,1.469631, ,3.269252,4.419611, ,1.922955,3.614448, ,1.490968, ,3.465690,4.192798,3.271500,2.668132,2.054181,1.426867,3.902730,4.739741,4.418677,4.422522,1.139828,4.225044,4.148910,4.350216,3.289266,4.437276,3.916554,1.132484,4.118144,1.317673, , ,4.056668,3.798718,3.671436,3.255192,3.876730,3.841675,4.679043,1.490404,4.458436,4.441064,3.664945,3.480027,2.690385,2.434427, , ,3.109856,3.379157, ,3.270549, ,1.717675,1.291726, ,2.235316,4.791005,2.448151,1.448843,3.200930,2.281046,2.165269, ,4.017948,4.415905, ,3.465094,2.417249,2.004805,2.538832,3.561759,4.028959,3.752268,3.654265,3.699337,4.363604,1.469434,4.154570,3.389893,2.812540,3.200975,3.950928,3.855470,2.370930,3.079979,2.602599,4.589265,1.200751,3.977184,3.757029,3.221403,3.508343,2.025624,4.339432, , ,2.253137, ,3.371713,2.032772,3.232616,3.583759,1.674312,2.724721,3.132786,2.395508,2.599251,3.969555,2.765476,2.132088,3.134216,3.216215,2.929944,1.949000,4.364877,1.982000, , ,1.692695,3.133453,3.134835,2.802824,3.086004,1.538825,4.986230,3.440300,4.420397,3.325367, , ,2.458573,1.370430,2.717977,2.074106,1.782857,2.384584,4.204144,3.256362,4.729227,1.950346,4.002153,1.981324,1.134029,2.962416,2.228729,3.592608,2.495251,1.619101,3.844179, ,2.786422,1.510441, , ,3.157005,2.475346,2.877170,1.977475,4.153442,2.354878,3.378057,4.148149,2.118686,3.699179,3.485435,3.646402,2.418239,2.199303,3.118188,3.011479,3.728648,2.221678,1.065574,2.757613,1.461467,0.840017,1.169571,2.424118,2.021009,2.515704,3.089290,2.257281,3.757806,3.911249,4.571520,1.218170,3.961998,2.498629,3.287743, ,3.585678,1.332305,3.505505,3.460858,2.858027,2.378175,3.143319,2.568570,2.237249,1.395106,3.117347,1.903774,1.408235,3.524217,2.876945,1.965727,3.763320,3.734497,4.843174,2.139837,2.602810,2.134586,2.442001,2.169374,4.577581,3.642759,3.519953,2.169212,2.917963,2.185139,2.792540,2.781770,3.080400,2.959686,3.205852,2.318574,3.549875,3.675874,2.630894,3.042493,3.214992,3.770104,3.456615,2.962400,2.517135,3.436579,3.306351,1.805345
Electrode Burst Metrics
    Number of Bursts,163.000000,163.000000,2.000000,163.000000,0.000000,163.000000,163.000000,153.000000,134.000000,155.000000,68.000000,163.000000,163.000000,0.000000,103.000000,1.000000,2.000000,0.000000,131.000000,0.000000,133.000000,0.000000,28.000000,133.000000,1.000000,65.000000,0.000000,19.000000,0.000000,10.000000,95.000000,12.000000,114.000000,0.000000,112.000000,114.000000,114.000000,93.000000,109.000000,114.000000,114.000000,114.000000,110.000000,114.000000,111.000000,114.000000,0.000000,114.000000,92.000000,0.000000,117.000000,93.000000,116.000000,117.000000,114.000000,117.000000,0.000000,0.000000,0.000000,79.000000,117.000000,71.000000,0.000000,2.000000,131.000000,118.000000,1.000000,8.000000,6.000000,1.000000,73.000000,14.000000,140.000000,0.000000,20.000000,1.000000,123.000000,5.000000,31.000000,94.000000,14.000000,3.000000,0.000000,0.000000,94.000000,0.000000,76.000000,144.000000,3.000000,7.000000,147.000000,145.000000,21.000000,146.000000,1.000000,1.000000,121.000000,0.000000,120.000000,52.000000,26.000000,1.000000,0.000000,40.000000,121.000000,7.000000,0.000000,121.000000,104.000000,53.000000,8.000000,80.000000,116.000000,116.000000,116.000000,116.000000,88.000000,53.000000,114.000000,64.000000,70.000000,116.000000,108.000000,108.000000,115.000000,107.000000,116.000000,116.000000,106.000000,106.000000,105.000000,0.000000,5.000000,98.000000,0.000000,96.000000,106.000000,106.000000,14.000000,1.000000,105.000000,21.000000,71.000000,106.000000,112.000000,119.000000,133.000000,20.000000,126.000000,0.000000,133.000000,133.000000,133.000000,51.000000,0.000000,132.000000,126.000000,133.000000,1.000000,3.000000,121.000000,108.000000,78.000000,118.000000,0.000000,0.000000,95.000000,70.000000,122.000000,110.000000,126.000000,98.000000,112.000000,0.000000,80.000000,106.000000,0.000000,124.000000,0.000000,124.000000,124.000000,124.000000,124.000000,124.000000,124.000000,124.000000,124.000000,124.000000,124.000000,124.000000,124.000000,9.000000,82.000000,0.000000,109.000000,106.000000,66.000000,97.000000,109.000000,98.000000,109.000000,108.000000,108.000000,108.000000,101.000000,69.000000,97.000000,0.000000,90.000000,3.000000,40.000000,78.000000,92.000000,88.000000,87.000000,18.000000,90.000000,87.000000,89.000000,25.000000,83.000000,88.000000,87.000000,91.000000,76.000000,78.000000,76.000000,78.000000,78.000000,78.000000,62.000000,71.000000,78.000000,20.000000,78.000000,78.000000,78.000000,78.000000,78.000000,0.000000,109.000000,25.000000,21.000000,123.000000,121.000000,123.000000,43.000000,109.000000,124.000000,114.000000,84.000000,113.000000,119.000000,118.000000,119.000000,113.000000,105.000000,95.000000,67.000000,85.000000,133.000000,0.000000,43.000000,122.000000,4.000000,27.000000,78.000000,0.000000,77.000000,70.000000,97.000000,9.000000,76.000000,39.000000,43.000000,10.000000,152.000000,38.000000,54.000000,41.000000,5.000000,3.000000,0.000000,70.000000,19.000000,8.000000,10.000000,94.000000,149.000000,87.000000,83.000000,125.000000,67.000000,98.000000,109.000000,60.000000,97.000000,135.000000,150.000000,42.000000,111.000000,147.000000,41.000000,148.000000,111.000000,48.000000,1.000000,111.000000,105.000000,118.000000,62.000000,77.000000,1.000000,111.000000,128.000000,128.000000,0.000000,75.000000,0.000000,55.000000,118.000000,121.000000,133.000000,87.000000,46.000000,126.000000,159.000000,35.000000,65.000000,57.000000,119.000000,116.000000,131.000000,155.000000,0.000000,114.000000,115.000000,94.000000,2.000000,0.000000,29.000000,47.000000,23.000000,80.000000,65.000000,46.000000,56.000000,29.000000,16.000000,131.000000,0.000000,25.000000,54.000000,6.000000,87.000000,94.000000,68.000000,116.000000,77.000000,111.000000,98.000000,66.000000,110.000000,6.000000,74.000000,97.000000,57.000000,109.000000,84.000000,65.000000,129.000000,112.000000,149.000000,147.000000,79.000000,43.000000,126.000000,117.000000,162.000000,93.000000,61.000000,201.000000,194.000000,87.000000,122.000000,0.000000,10.000000,122.000000,122.000000,122.000000,24.000000,16.000000,90.000000,121.000000,122.000000,122.000000,123.000000,123.000000,122.000000,119.000000,127.000000,127.000000,0.000000,127.000000,122.000000,127.000000,127.000000,1.000000,33.000000,25.000000,63.000000,123.000000,127.000000,127.000000,0.000000,126.000000,109.000000,112.000000,76.000000,112.000000,100.000000,87.000000,57.000000,110.000000,0.000000,111.000000,112.000000,82.000000,44.000000,110.000000,109.000000,111.000000,82.000000,0.000000,81.000000,75.000000,106.000000,89.000000,80.000000,0.000000,106.000000,0.000000,87.000000,100.000000,97.000000,106.000000,97.000000,82.000000,88.000000,23.000000,59.000000,86.000000,90.000000,66.000000,89.000000,38.000000,89.000000,89.000000,87.000000,16.000000,88.000000,86.000000,90.000000,90.000000,89.000000,89.000000,89.000000,77.000000,89.000000,32.000000,89.000000,89.000000,89.000000,88.000000,89.000000,188.000000,89.000000,47.000000,59.000000,69.000000,107.000000,109.000000,109.000000,108.000000,109.000000,109.000000,109.000000,109.000000,109.000000,109.000000,109.000000,109.000000,109.000000,22.000000,101.000000,109.000000,139.000000,140.000000,140.000000,116.000000,140.000000,47.000000,138.000000,52.000000,138.000000,137.000000,139.000000,138.000000,141.000000,139.000000,126.000000,139.000000,133.000000,93.000000,107.000000,76.000000,1.000000,14.000000,0.000000,4.000000,100.000000,4.000000,0.000000,55.000000,136.000000,71.000000,106.000000,8.000000,170.000000,5.000000,0.000000,115.000000,148.000000,0.000000,38.000000,124.000000,0.000000,6.000000,0.000000,118.000000,142.000000,126.000000,74.000000,10.000000,2.000000,111.000000,142.000000,132.000000,138.000000,0.000000,124.000000,132.000000,115.000000,86.000000,109.000000,133.000000,5.000000,126.000000,1.000000,0.000000,0.000000,156.000000,106.000000,95.000000,84.000000,104.000000,87.000000,128.000000,11.000000,133.000000,139.000000,132.000000,100.000000,69.000000,65.000000,0.000000,0.000000,69.000000,111.000000,0.000000,99.000000,0.000000,30.000000,6.000000,0.000000,37.000000,151.000000,83.000000,5.000000,99.000000,50.000000,48.000000,0.000000,121.000000,160.000000,0.000000,129.000000,73.000000,36.000000,70.000000,117.000000,156.000000,141.000000,156.000000,107.000000,145.000000,13.000000,155.000000,126.000000,83.000000,97.000000,138.000000,153.000000,78.000000,52.000000,108.000000,152.000000,1.000000,136.000000,146.000000,106.000000,111.000000,53.000000,171.000000,0.000000,0.000000,76.000000,0.000000,93.000000,14.000000,76.000000,108.000000,28.000000,74.000000,47.000000,70.000000,68.000000,120.000000,64.000000,33.000000,64.000000,85.000000,53.000000,5.000000,132.000000,3.000000,0.000000,0.000000,17.000000,56.000000,95.000000,22.000000,100.000000,5.000000,153.000000,85.000000,129.000000,91.000000,0.000000,0.000000,33.000000,5.000000,41.000000,26.000000,10.000000,48.000000,106.000000,78.000000,117.000000,32.000000,117.000000,10.000000,2.000000,64.000000,30.000000,70.000000,66.000000,16.000000,88.000000,0.000000,55.000000,7.000000,0.000000,0.000000,57.000000,55.000000,69.000000,29.000000,132.000000,49.000000,107.000000,139.000000,41.000000,102.000000,107.000000,113.000000,59.000000,25.000000,104.000000,82.000000,139.000000,52.000000,0.000000,71.000000,6.000000,0.000000,0.000000,38.000000,16.000000,37.000000,155.000000,20.000000,172.000000,142.000000,181.000000,0.000000,173.000000,50.000000,135.000000,0.000000,162.000000,3.000000,179.000000,145.000000,102.000000,79.000000,116.000000,46.000000,64.000000,9.000000,131.000000,44.000000,10.000000,175.000000,110.000000,40.000000,140.000000,141.000000,180.000000,57.000000,157.000000,55.000000,65.000000,58.000000,173.000000,134.000000,121.000000,55.000000,81.000000,52.000000,89.000000,44.000000,85.000000,64.000000,64.000000,75.000000,121.000000,98.000000,58.000000,57.000000,97.000000,108.000000,83.000000,74.000000,67.000000,84.000000,95.000000,22.000000
    Burst Duration - Avg (sec),0.138852,0.134949,0.061280,0.125587, ,0.129445,0.132792,0.119248,0.122981,0.118767,0.100682,0.136282,0.138088, ,0.121090,0.020240,0.097280, ,0.108831, ,0.117300, ,0.110777,0.120773,0.103600,0.118799, ,0.093701, ,0.074432,0.101737,0.082167,0.140422, ,0.134824,0.145081,0.165526,0.127609,0.129367,0.149531,0.147040,0.129086,0.119610,0.171748,0.144281,0.148990, ,0.128738,0.107509, ,0.132128,0.114594,0.114134,0.125349,0.140338,0.124330, , , ,0.115477,0.120039,0.104745, ,0.013000,0.116821,0.107167,0.096320,0.197870,0.215467,0.090320,0.104821,0.145211,0.123714, ,0.081660,0.108320,0.114029,0.121904,0.127306,0.109046,0.128989,0.139680, , ,0.113610, ,0.139903,0.133185,0.022347,0.132469,0.159070,0.148662,0.126118,0.144948,0.140160,0.173360,0.163880, ,0.157751,0.130528,0.145698,0.145840, ,0.142666,0.157308,0.067291, ,0.150502,0.130025,0.134794,0.113830,0.100654,0.147663,0.119716,0.122188,0.129378,0.126408,0.107387,0.124893,0.093805,0.105570,0.119095,0.122206,0.120019,0.120497,0.116328,0.136163,0.118492,0.138461,0.142506,0.139782, ,0.071728,0.128391, ,0.145088,0.138922,0.149398,0.335920,0.057600,0.142608,0.355528,0.192139,0.158158,0.166693,0.150346,0.112321,0.983608,0.133636, ,0.121142,0.120007,0.113427,0.289120, ,0.120658,0.152221,0.119814,0.018720,0.063493,0.178446,0.218833,0.339132,0.184792, , ,0.410279,0.392442,0.178465,0.228660,0.162897,0.267120,0.215175, ,0.360459,0.253696, ,0.186830, ,0.173779,0.159597,0.152864,0.163888,0.159413,0.129204,0.177370,0.148758,0.170623,0.161230,0.187299,0.177938,0.780996,0.153910, ,0.107356,0.140760,0.156519,0.160035,0.167340,0.157854,0.139527,0.136210,0.136411,0.161563,0.137670,0.107920,0.159376, ,0.230015,0.924133,0.162864,0.262214,0.236585,0.243870,0.274928,0.619129,0.249722,0.247190,0.251067,0.553728,0.255793,0.244815,0.362442,0.246740,0.185379,0.228590,0.279581,0.176347,0.150714,0.177322,0.151237,0.193486,0.155579,0.141884,0.141955,0.171834,0.145225,0.146329,0.147258, ,0.159877,0.590624,0.292084,0.160267,0.126173,0.123822,0.161152,0.200377,0.126297,0.126098,0.232320,0.168833,0.108511,0.129272,0.113534,0.157252,0.069646,0.074077,0.082770,0.047256,0.058866, ,0.062811,0.073296,0.046540,0.070468,0.061544, ,0.080563,0.060578,0.075516,0.067627,0.149606,0.039102,0.081183,0.400144,0.111974,0.033057,0.113024,0.074115,0.057632,0.030373, ,0.106625,0.170025,0.542250,0.137960,0.136609,0.139790,0.072947,0.138444,0.123573,0.116156,0.094222,0.081329,0.103777,0.123296,0.104335,0.111046,0.045512,0.109705,0.112064,0.120166,0.124884,0.109583,0.039470,0.040400,0.117494,0.059586,0.075797,0.115039,0.055959,0.017600,0.100326,0.087932,0.101152, ,0.069497, ,0.056857,0.081925,0.064135,0.096448,0.061054,0.074304,0.108031,0.092850,0.040713,0.130293,0.135909,0.101435,0.117612,0.091731,0.103208, ,0.115607,0.095331,0.102165,0.144280, ,0.059390,0.133232,0.337607,0.079898,0.108731,0.207870,0.080804,0.232538,0.285940,0.112602, ,0.132758,0.093474,0.202587,0.145607,0.133593,0.171567,0.123825,0.155969,0.130236,0.112269,0.082926,0.128943,0.039173,0.134492,0.127752,0.053782,0.123164,0.125624,0.081554,0.090651,0.104376,0.054078,0.092359,0.121138,0.035053,0.108420,0.098239,0.088553,0.130566,0.046626,0.074321,0.076569,0.125803,0.148164, ,0.040664,0.178607,0.141191,0.167214,0.519653,1.128235,0.156352,0.167774,0.176959,0.115495,0.156012,0.167287,0.159456,0.198492,0.065000,0.119338, ,0.077773,0.082061,0.080490,0.085866,0.011200,0.022611,0.029453,0.066524,0.082730,0.079550,0.111629, ,0.075872,0.062989,0.119859,0.116767,0.104003,0.052160,0.112472,0.040237,0.065753, ,0.112475,0.102552,0.031766,0.026315,0.088882,0.102365,0.085746,0.149903, ,0.119267,0.061156,0.226611,0.176344,0.083418, ,0.256970, ,0.131480,0.195774,0.132272,0.136187,0.186595,0.265817,0.113855,0.045203,0.042887,0.093221,0.138795,0.062590,0.140742,0.167291,0.120206,0.120007,0.153631,0.193255,0.104350,0.129324,0.105682,0.111953,0.089668,0.109880,0.099333,0.144697,0.107358,0.177960,0.089879,0.098606,0.074709,0.130375,0.101239,0.099170,0.108476,0.098586,0.063548,0.105559,0.069803,0.106707,0.110337,0.081753,0.100235,0.048152,0.086709,0.067163,0.110341,0.114861,0.118606,0.055058,0.099090,0.020869,0.062091,0.072586,0.106208,0.083673,0.086018,0.032832,0.095955,0.086894,0.084952,0.043734,0.081510,0.075984,0.070022,0.089394,0.088409,0.078955,0.075935,0.109884,0.126691,0.173775,0.169113,0.135437,0.175440,0.083417, ,0.047740,0.111675,0.055400, ,0.355075,0.126025,0.106944,0.088312,0.790180,0.096840,0.038096, ,0.105127,0.108349, ,0.118686,0.106839, ,0.031480, ,0.113685,0.092977,0.099917,0.164621,0.040800,0.031560,0.073671,0.083553,0.081063,0.083882, ,0.080943,0.110306,0.128486,0.053017,0.103504,0.066685,0.033264,0.122795,0.091920, , ,0.144512,0.080781,0.066585,0.126877,0.088186,0.057972,0.092436,0.025745,0.208686,0.099837,0.090755,0.069924,0.059253,0.064086, , ,0.128359,0.108886, ,0.077142, ,0.077360,0.045627, ,0.173109,0.091674,0.041978,1.018432,0.111585,0.121442,0.072713, ,0.087898,0.078951, ,0.078870,0.071405,0.037951,0.052016,0.087262,0.082188,0.055690,0.084910,0.111945,0.093480,0.065871,0.084679,0.068919,0.053587,0.107669,0.096419,0.095718,0.036366,0.078412,0.051021,0.116505,0.016320,0.093494,0.080890,0.077707,0.101019,0.030130,0.076443, , ,0.110293, ,0.121093,0.440874,0.150473,0.095144,0.034797,0.115151,0.135881,0.064070,0.059802,0.117857,0.074800,0.061205,0.121291,0.123695,0.158380,0.484800,0.120207,1.523973, , ,0.338160,0.500226,0.159566,0.037498,0.135184,0.026352,0.149282,0.173531,0.103365,0.092727, , ,0.053796,0.044752,0.069725,0.196102,0.059048,0.113867,0.093560,0.117717,0.163962,0.050110,0.116427,0.108184,0.044920,0.158876,0.237952,0.140248,0.088510,0.186915,0.135937, ,0.064660,0.093177, , ,0.083980,0.064871,0.081966,0.067126,0.144758,0.129187,0.149512,0.160601,0.149770,0.217034,0.118363,0.149544,0.087768,0.038730,0.107777,0.095542,0.127996,0.063503, ,0.132883,0.763093, , ,0.149429,0.404370,0.219803,0.104997,0.295984,0.075437,0.080286,0.066026, ,0.064186,0.104203,0.079948, ,0.098552,0.095280,0.079343,0.064296,0.088052,0.075916,0.085255,0.053913,0.056643,0.104178,0.083325,0.060678,0.042944,0.078724,0.072487,0.071054,0.096834,0.074642,0.094597,0.048839,0.094950,0.052127,0.100469,0.058844,0.104518,0.095403,0.098958,0.108871,0.120750,0.063894,0.103949,0.071513,0.072192,0.095590,0.062990,0.078160,0.063466,0.072202,0.085050,0.131058,0.071424,0.095282,0.114281,0.089698,0.053193,0.088896,0.073268,0.035313
    Burst Duration - Std (sec),0.011761,0.012474,0.069014,0.010400, ,0.011287,0.009009,0.023777,0.017341,0.014959,0.034625,0.011922,0.011728, ,0.024694, ,0.004299, ,0.025974, ,0.029686, ,0.040649,0.033714, ,0.036912, ,0.038287, ,0.046784,0.032302,0.039055,0.025003, ,0.034558,0.021896,0.020566,0.022915,0.031293,0.026691,0.022622,0.030168,0.047765,0.026201,0.028924,0.023765, ,0.031557,0.061347, ,0.015467,0.056508,0.021563,0.018091,0.011942,0.018159, , , ,0.061374,0.015799,0.024882, ,0.000396,0.017583,0.022433, ,0.282362,0.311880, ,0.019803,0.232498,0.026891, ,0.044085, ,0.018362,0.002982,0.138879,0.014459,0.033773,0.008224, , ,0.042986, ,0.025512,0.047055,0.000167,0.052999,0.019971,0.028132,0.027797,0.020563, , ,0.023911, ,0.026382,0.044988,0.031819, , ,0.045381,0.030033,0.068264, ,0.034502,0.054264,0.044155,0.058898,0.055205,0.013667,0.012950,0.010165,0.012836,0.019532,0.026238,0.031123,0.036733,0.025405,0.012158,0.018333,0.011514,0.011774,0.019950,0.010475,0.015620,0.077118,0.077054,0.084149, ,0.038299,0.144032, ,0.144819,0.074344,0.085159,0.348690, ,0.084053,0.425654,0.188405,0.063977,0.250309,0.202109,0.066858,0.574117,0.141704, ,0.074043,0.070377,0.069082,0.483312, ,0.080406,0.159720,0.071385, ,0.029576,0.218829,0.311244,0.441514,0.232241, , ,0.400850,0.540443,0.199677,0.287054,0.160922,0.357586,0.284384, ,0.509516,0.352581, ,0.049162, ,0.034944,0.031911,0.035333,0.030592,0.037626,0.040427,0.026835,0.041076,0.030011,0.054506,0.018147,0.039810,0.317369,0.178605, ,0.074575,0.122478,0.192514,0.195680,0.052930,0.206253,0.089677,0.104653,0.136793,0.138657,0.161344,0.130500,0.216199, ,0.208220,0.800048,0.146990,0.262353,0.190316,0.216547,0.274311,0.518203,0.215019,0.239048,0.222579,0.495062,0.318276,0.226533,0.277866,0.171650,0.153905,0.069107,0.185943,0.065773,0.021167,0.064043,0.126918,0.249516,0.031908,0.170774,0.015473,0.053723,0.009567,0.013211,0.040809, ,0.188867,0.579008,0.429092,0.085378,0.086222,0.067495,0.296632,0.235219,0.079818,0.132655,0.377200,0.160617,0.083531,0.113240,0.073502,0.172033,0.094180,0.152193,0.170763,0.065879,0.074817, ,0.079918,0.129007,0.045082,0.066779,0.077828, ,0.110739,0.073164,0.078981,0.146190,0.269256,0.013812,0.047928,0.645253,0.193176,0.019589,0.241014,0.116206,0.032426,0.003305, ,0.281352,0.312932,0.634435,0.257889,0.267315,0.160196,0.023255,0.172387,0.073429,0.081462,0.048355,0.036278,0.182762,0.170938,0.075356,0.100893,0.012174,0.123900,0.120172,0.213352,0.127080,0.117314,0.021626, ,0.114779,0.019785,0.049045,0.118361,0.024126, ,0.102250,0.063061,0.126353, ,0.023773, ,0.015303,0.095729,0.026494,0.123153,0.031277,0.021224,0.250829,0.159010,0.020136,0.388434,0.462205,0.263944,0.259437,0.277497,0.164741, ,0.331667,0.161159,0.163782,0.040899, ,0.050341,0.185449,0.525389,0.140444,0.209131,0.176686,0.098603,0.343186,0.404652,0.179706, ,0.192826,0.061802,0.103208,0.165352,0.205473,0.230712,0.169743,0.173509,0.161309,0.070080,0.023244,0.172598,0.032173,0.198592,0.194341,0.040080,0.183729,0.276714,0.038731,0.228946,0.260691,0.030608,0.225593,0.312321,0.014929,0.269236,0.199994,0.214962,0.323031,0.042098,0.147981,0.134784,0.287930,0.154533, ,0.019642,0.213537,0.186116,0.219889,0.459839,0.540000,0.245638,0.208863,0.222809,0.063209,0.204017,0.205550,0.219831,0.289664,0.038716,0.208127, ,0.217104,0.206356,0.202502,0.208142, ,0.004701,0.009400,0.057807,0.284969,0.190846,0.182408, ,0.233698,0.081261,0.030121,0.390360,0.180903,0.082574,0.211102,0.031153,0.065288, ,0.201347,0.170966,0.076815,0.018808,0.280930,0.302084,0.127931,0.029090, ,0.025725,0.018854,0.215262,0.152318,0.021604, ,0.342748, ,0.024981,0.238444,0.091798,0.066272,0.286231,0.381749,0.044440,0.030452,0.011417,0.092050,0.090963,0.098761,0.060704,0.245737,0.057104,0.082296,0.171036,0.113746,0.081949,0.127810,0.020121,0.023887,0.038633,0.042093,0.030245,0.290919,0.048178,0.370231,0.036169,0.042232,0.033954,0.176810,0.040125,0.093322,0.041373,0.041692,0.247849,0.324678,0.042165,0.031427,0.154081,0.105260,0.024330,0.030542,0.046006,0.031814,0.150730,0.160980,0.199925,0.043952,0.196228,0.005190,0.170238,0.037318,0.112982,0.162897,0.108079,0.006712,0.158709,0.051351,0.135106,0.020060,0.084671,0.183846,0.169014,0.180258,0.101501,0.130941,0.146081,0.193978,0.212592,0.245926,0.249126,0.224687, ,0.053592, ,0.033539,0.190882,0.034030, ,0.281168,0.195282,0.211432,0.116571,0.466338,0.105864,0.030547, ,0.139544,0.128691, ,0.285888,0.146317, ,0.011862, ,0.186102,0.120471,0.136381,0.234502,0.017510,0.020874,0.039525,0.039203,0.054661,0.057451, ,0.039342,0.213644,0.218165,0.022636,0.096100,0.068298,0.021163,0.243390, , , ,0.071202,0.023544,0.024018,0.051681,0.047306,0.014479,0.029244,0.011992,0.477553,0.051524,0.057874,0.033874,0.021506,0.058362, , ,0.349916,0.264227, ,0.102481, ,0.215554,0.025618, ,0.416263,0.192166,0.046490,0.809785,0.271566,0.352575,0.234305, ,0.157302,0.146966, ,0.177602,0.111572,0.013648,0.018815,0.219169,0.172704,0.062284,0.196221,0.187748,0.196343,0.070662,0.205226,0.061423,0.019158,0.128068,0.058193,0.080991,0.016583,0.035965,0.042004,0.105829, ,0.068994,0.065871,0.086086,0.100609,0.010741,0.044488, , ,0.153240, ,0.212518,0.430709,0.219657,0.141617,0.011003,0.177607,0.050185,0.048169,0.028240,0.184179,0.064476,0.055818,0.182223,0.214480,0.109464,0.790733,0.100042,0.683343, , ,0.636247,0.598652,0.324641,0.011927,0.251196,0.014519,0.164108,0.116660,0.177979,0.090147, , ,0.043070,0.027775,0.032064,0.156341,0.017996,0.108488,0.052212,0.208664,0.176341,0.026330,0.179333,0.109311,0.024607,0.204215,0.255961,0.165421,0.100680,0.291813,0.160028, ,0.028551,0.033267, , ,0.052923,0.029314,0.053003,0.091849,0.090273,0.099311,0.096963,0.106885,0.124910,0.115214,0.073580,0.095304,0.053690,0.011598,0.080468,0.065414,0.106709,0.021800, ,0.098589,0.819123, , ,0.267225,0.719413,0.421800,0.277862,0.556839,0.211659,0.197501,0.121913, ,0.141067,0.264405,0.226384, ,0.081230,0.040720,0.078359,0.025004,0.097378,0.052278,0.091049,0.018845,0.038865,0.105367,0.075803,0.028914,0.022812,0.072642,0.083997,0.079271,0.180583,0.110713,0.153463,0.035531,0.217912,0.093038,0.257580,0.104232,0.130602,0.108004,0.071933,0.249919,0.292502,0.114134,0.209959,0.036693,0.034867,0.053736,0.021486,0.041992,0.043186,0.043262,0.031334,0.059566,0.051283,0.063264,0.068353,0.065479,0.024666,0.046018,0.045840,0.013614
    Number of Spikes per Burst - Avg,19.024540,24.380368,6.000000,18.312883, ,15.349693,18.521472,11.437908,10.955224,12.825806,9.441176,22.975460,24.276074, ,10.145631,5.000000,6.500000, ,11.465649, ,20.563910, ,8.321429,15.338346,7.000000,9.261538, ,7.315789, ,6.200000,8.989474,6.666667,15.964912, ,14.812500,22.500000,44.114035,10.387097,13.211009,23.298246,26.166667,16.684211,13.345455,35.000000,17.486486,24.605263, ,16.684211,8.532609, ,22.222222,9.774194,11.853448,16.111111,15.324561,16.085470, , , ,8.759494,16.273504,9.000000, ,4.500000,12.870229,10.491525,6.000000,8.000000,7.666667,5.000000,8.876712,7.214286,13.607143, ,6.600000,7.000000,10.520325,11.800000,8.193548,9.893617,8.071429,8.666667, , ,9.638298, ,9.855263,14.645833,5.000000,7.857143,32.945578,18.337931,8.047619,15.630137,8.000000,7.000000,26.942149, ,25.666667,9.423077,8.769231,7.000000, ,8.850000,27.487603,5.571429, ,24.157025,13.259615,9.396226,6.500000,8.875000,25.025862,16.310345,15.620690,18.500000,9.545455,8.415094,11.491228,8.250000,8.885714,15.025862,10.925926,11.750000,13.208696,10.850467,20.715517,12.663793,27.188679,27.198113,22.580952, ,6.600000,10.520408, ,11.708333,25.905660,33.481132,10.357143,5.000000,22.371429,10.095238,12.225352,27.056604,13.526786,17.260504,19.496241,19.850000,18.031746, ,28.503759,24.135338,20.278195,9.607843, ,20.310606,22.055556,21.571429,4.000000,5.666667,26.975207,17.324074,17.897436,23.745763, , ,25.200000,13.371429,27.040984,32.136364,26.769841,17.755102,25.089286, ,16.375000,19.735849, ,28.758065, ,38.580645,35.169355,30.701613,29.935484,29.620968,15.282258,16.822581,14.370968,37.048387,31.362903,33.709677,35.991935,18.444444,10.207317, ,18.559633,18.783019,9.333333,13.989691,29.990826,13.000000,27.697248,22.916667,21.694444,22.462963,14.811881,8.623188,14.247423, ,25.777778,9.666667,8.575000,13.948718,36.847826,24.670455,19.482759,13.555556,44.655556,19.011494,23.932584,15.240000,15.879518,25.363636,54.597701,36.197802,25.736842,52.500000,24.500000,36.256410,17.846154,43.679487,9.274194,10.859155,16.217949,7.350000,15.641026,42.346154,16.858974,19.910256,14.128205, ,14.394495,12.560000,7.904762,28.967480,25.727273,27.219512,8.093023,15.788991,31.846774,14.763158,11.571429,19.769912,16.042017,24.152542,17.462185,16.752212,14.876190,11.421053,9.910448,9.447059,14.436090, ,9.162791,17.368852,5.500000,7.259259,11.871795, ,12.610390,11.542857,16.082474,4.888889,14.460526,6.871795,9.186047,15.000000,18.546053,7.105263,10.000000,8.829268,6.400000,5.000000, ,9.742857,13.157895,15.250000,8.000000,14.734043,25.241611,12.574713,19.349398,20.944000,12.014925,19.908163,17.018349,12.866667,12.917526,18.251852,21.573333,8.285714,15.693694,19.380952,10.707317,18.216216,17.477477,6.708333,4.000000,15.801802,11.895238,15.686441,10.467742,8.038961,4.000000,11.378378,13.132813,14.320313, ,14.053333, ,7.927273,12.805085,13.925620,13.150376,11.229885,9.630435,18.801587,20.440252,6.571429,10.215385,9.824561,16.344538,13.017241,11.740458,20.683871, ,13.377193,14.826087,14.829787,6.500000, ,7.275862,13.744681,12.608696,11.975000,10.923077,12.347826,10.017857,12.620690,13.750000,16.541985, ,10.280000,14.629630,10.500000,19.310345,18.446809,25.838235,23.508621,25.948052,21.675676,22.142857,18.090909,25.118182,5.166667,16.554054,19.402062,9.421053,25.779817,15.750000,16.184615,13.209302,18.589286,13.657718,16.823129,12.835443,6.651163,16.849206,15.384615,14.864198,17.537634,8.491803,17.895522,17.479381,19.597701,29.049180, ,5.500000,29.885246,16.631148,21.081967,21.500000,28.500000,12.155556,25.892562,33.737705,20.237705,37.552846,40.666667,23.573770,23.016807,16.314961,24.370079, ,15.480315,10.516393,17.141732,17.716535,4.000000,5.363636,5.680000,8.269841,8.983740,17.078740,23.354331, ,14.031746,11.119266,19.991071,8.105263,18.196429,8.610000,9.379310,6.473684,14.172727, ,14.945946,15.285714,6.195122,5.931818,13.509091,11.275229,13.774775,27.439024, ,30.098765,8.186667,36.981132,30.876404,12.475000, ,37.047170, ,31.310345,26.030000,24.144330,28.754717,21.144330,15.121951,26.386364,6.130435,6.203390,13.406977,34.544444,7.257576,33.056180,9.736842,27.460674,28.382022,33.505747,8.000000,19.659091,17.081395,25.611111,32.844444,19.539326,19.000000,22.539326,10.649351,20.707865,8.500000,13.808989,22.191011,14.247191,23.795455,25.640449,17.888298,30.314607,8.446809,6.322034,7.246377,11.364486,22.596330,24.045872,10.879630,20.495413,11.752294,22.128440,17.495413,17.082569,24.330275,26.880734,13.596330,20.403670,5.318182,9.029703,14.146789,22.258993,20.121429,23.428571,8.275862,21.335714,7.978723,20.275362,6.730769,15.731884,10.912409,11.561151,16.050725,22.744681,13.654676,10.166667,24.230216,22.293233,23.860215,19.953271,11.684211,8.000000,7.000000, ,5.000000,14.460000,4.750000, ,24.781818,23.080882,11.661972,13.641509,16.750000,21.029412,5.400000, ,14.043478,22.006757, ,9.052632,16.250000, ,5.333333, ,15.398305,20.105634,13.452381,15.027027,5.600000,5.000000,15.954955,19.873239,17.568182,18.057971, ,16.887097,16.325758,19.530435,13.895349,20.990826,15.383459,4.400000,16.595238,6.000000, , ,25.378205,19.047170,15.747368,14.285714,17.740385,14.609195,22.742188,4.727273,25.135338,19.496403,13.568182,13.560000,10.492754,8.415385, , ,15.985507,12.882883, ,12.777778, ,6.600000,7.333333, ,11.459459,21.788079,7.253012,16.800000,12.737374,8.040000,7.187500, ,18.314050,18.406250, ,12.844961,8.931507,6.472222,10.500000,14.666667,15.538462,14.184397,13.487179,16.943925,19.096552,5.923077,16.535484,13.936508,11.204819,15.525773,19.869565,16.542484,8.051282,11.211538,8.722222,25.046053,4.000000,18.926471,15.767123,14.584906,17.774775,7.056604,19.280702, , ,14.894737, ,16.817204,22.642857,19.355263,16.833333,6.107143,12.648649,12.106383,10.185714,11.147059,19.508333,12.656250,10.424242,17.546875,19.094118,11.283019,11.600000,23.984848,65.333333, , ,14.058824,21.410714,14.957895,7.727273,14.650000,4.600000,29.718954,25.458824,19.953488,15.087912, , ,7.696970,4.600000,12.219512,9.923077,6.300000,10.541667,21.839623,14.987179,25.068376,7.468750,19.205128,9.100000,5.000000,19.687500,17.766667,26.728571,13.045455,8.000000,24.465909, ,14.672727,6.285714, , ,18.333333,14.545455,14.797101,7.000000,23.189394,13.755102,17.560748,21.956835,12.536585,21.539216,18.000000,19.088496,12.881356,6.080000,15.778846,15.560976,18.525180,11.173077, ,13.830986,10.833333, , ,12.710526,11.750000,11.081081,16.161290,13.750000,12.401163,15.091549,16.690608, ,13.526012,11.480000,10.807407, ,16.197531,7.666667,15.061453,16.068966,11.549020,9.075949,14.948276,9.978261,8.312500,7.111111,14.022901,7.590909,5.500000,14.474286,12.536364,7.325000,15.000000,14.581560,21.066667,7.210526,16.866242,8.363636,9.723077,8.120690,19.109827,14.358209,14.380165,9.218182,12.283951,7.942308,10.067416,10.022727,15.011765,16.937500,13.453125,19.866667,15.958678,19.826531,13.344828,18.192982,14.298969,19.777778,21.036145,15.243243,11.402985,18.773810,15.747368,5.590909
    Number of Spikes per Burst - Std,1.832326,2.690194,1.414214,2.071325, ,2.035287,1.771996,1.431920,1.588803,1.683180,1.418243,2.096296,1.960374, ,1.247804, ,0.707107, ,2.001145, ,6.353660, ,1.389206,2.760345, ,1.564018, ,1.249561, ,1.032796,1.526327,0.887625,2.992409, ,2.945546,3.646431,5.162422,1.399008,2.169116,3.640796,4.382016,2.936845,2.767559,5.064190,3.187660,4.051916, ,2.753327,1.640498, ,2.043118,1.726576,1.493489,2.579019,1.068417,2.175778, , , ,1.145954,2.144053,1.530639, ,0.707107,1.816154,1.572987, ,2.449490,2.338090, ,1.117353,2.665407,2.306377, ,1.187656, ,1.461807,1.095445,1.558190,1.447787,0.730046,0.577350, , ,1.916825, ,1.127876,3.036995,0.000000,1.345185,3.461693,3.145148,0.864650,2.345983, , ,6.018440, ,6.085295,2.032541,1.557118, , ,1.657152,7.704020,1.397276, ,6.042914,3.749421,1.822294,1.309307,2.027501,2.447576,2.119942,1.820918,2.083058,1.163715,1.008311,1.725630,1.553286,1.357137,1.853135,1.754587,1.713743,1.558765,1.652920,2.100956,1.906255,12.678526,9.723237,10.166670, ,0.894427,3.346731, ,6.024366,11.244070,16.324233,4.845412, ,9.505320,4.276737,6.315960,10.699204,9.388473,10.776200,7.500125,8.260719,10.417629, ,10.574859,7.870911,6.352467,4.923732, ,7.730314,13.103469,7.182983, ,0.577350,18.397673,11.782157,14.838166,17.264254, , ,16.305331,8.070651,17.090134,26.920023,12.690887,13.017879,17.078807, ,12.691445,17.243523, ,4.364250, ,6.786041,4.977546,4.506508,4.677818,4.748286,2.989305,3.253637,2.184453,5.488872,6.273359,2.864910,5.894045,3.045944,3.565049, ,5.616496,9.583721,3.269125,8.415629,7.833328,6.739635,10.575570,11.427238,12.423567,11.013523,6.882896,2.695865,7.667614, ,12.229801,4.932883,2.086434,7.107518,20.043324,11.494848,13.246204,6.070393,25.857067,7.945299,10.526803,7.811743,9.452574,10.831183,30.922431,10.623056,5.915783,8.701022,7.569236,7.038735,2.180652,7.585861,1.951623,5.372671,2.219439,2.368099,2.667624,5.065357,2.656647,2.181301,2.134193, ,8.177451,5.881326,2.964874,12.445247,11.101051,9.903250,3.198318,8.854872,17.870830,5.562680,7.680810,13.211878,8.753106,13.277207,8.241883,7.802851,14.177918,9.642083,7.248263,5.858461,14.113369, ,7.718038,18.554455,1.000000,2.625212,6.571009, ,10.140014,12.466402,9.706817,1.964971,11.440793,1.260315,3.201605,15.470402,20.434304,2.984550,5.456518,4.641672,1.140175,0.000000, ,8.137738,16.197610,12.736337,6.411795,12.937547,16.291123,4.214130,10.646692,7.209206,4.626971,7.091576,5.992251,5.247975,7.400268,7.813802,9.814622,2.189618,7.241036,11.945271,8.019488,9.692932,7.762201,1.761990, ,6.270885,3.371041,4.957424,4.485743,1.657849, ,3.645805,3.838001,5.161843, ,4.029933, ,1.412308,5.184227,4.706671,6.402528,2.260383,1.959123,14.465971,15.971728,1.577148,7.886881,7.478834,13.653979,10.336918,6.919969,18.474185, ,18.461340,15.760411,16.642114,0.707107, ,2.684566,18.285737,9.456788,11.195586,10.681918,5.941258,3.655586,10.037123,12.609520,17.956897, ,9.185677,6.545332,1.974842,10.140077,12.071131,12.979444,15.844075,17.681313,11.969022,9.667674,4.888691,16.765371,1.940790,8.861401,11.747925,3.127912,18.792413,9.763313,7.215202,9.275029,24.967927,5.424882,15.065928,15.373496,1.412255,22.327048,10.737339,16.129332,24.472060,1.785338,22.702071,12.984330,26.659986,12.968399, ,1.080123,18.424381,9.979484,14.861671,12.802853,11.809601,6.655084,18.767792,25.363735,5.739602,32.737206,33.241951,16.425599,19.129790,3.791596,24.022411, ,24.085776,7.686237,23.207731,20.510507, ,0.603023,0.802081,4.068789,8.837313,14.947849,21.849604, ,20.161721,2.641285,4.021329,5.485931,7.373973,2.608823,3.933285,1.135550,3.806945, ,8.662183,6.388938,1.382778,1.086871,16.620285,7.802981,4.188045,4.106897, ,5.023955,1.362563,8.372268,6.903260,2.997784, ,22.166204, ,5.555869,5.305714,4.652485,6.256138,5.062093,10.147542,5.540720,1.358621,0.783002,4.004051,8.540927,1.867212,5.907160,6.433377,4.993305,7.680414,14.628638,1.505545,4.417537,7.260230,4.367126,5.365121,7.612872,5.209257,6.177408,7.408683,7.029487,3.464102,4.456549,8.998581,5.066110,11.592863,8.667136,6.893636,9.365793,2.788240,2.576021,3.671856,3.588221,5.714049,13.927980,2.975657,5.241614,2.947554,8.892466,5.479970,8.696666,15.392431,21.984306,6.215452,17.749345,0.646335,3.892186,4.405018,9.251195,16.781056,21.657618,1.361497,11.713984,1.406342,12.178579,1.139580,4.587415,9.775776,6.818682,11.299068,10.015277,5.747983,4.921382,16.139481,26.323104,28.936809,23.140825,5.172261, ,2.112235, ,0.816497,13.486559,0.500000, ,14.169204,21.089248,7.048695,4.584007,6.386369,18.680251,1.673320, ,8.283773,17.049945, ,9.085026,15.631230, ,1.032796, ,14.237989,14.083191,9.212693,11.266356,1.349897,1.414214,5.587954,7.408888,6.920699,8.705035, ,6.900229,14.204878,18.688265,4.708013,11.709837,7.049309,0.547723,15.083861, , , ,8.512111,4.928792,3.943668,3.681839,4.696611,3.111705,6.303662,0.467099,11.897149,4.347870,3.350272,3.127977,2.610066,2.075846, , ,27.295492,11.942087, ,4.741384, ,1.904622,3.265986, ,12.665778,19.647768,1.599111,8.843076,12.942247,6.586814,3.252863, ,18.434584,11.898045, ,8.580911,4.308676,1.158475,3.786896,12.998674,8.627327,6.089338,10.362767,11.574070,17.495763,0.954074,14.667872,5.143922,2.735311,4.313479,6.385232,5.534565,1.689520,3.753882,1.966226,11.538211, ,6.124187,5.655685,4.249074,5.514748,1.633956,7.005261, , ,6.820711, ,14.084332,16.795637,16.664296,13.000000,1.100144,7.838144,5.509810,3.913162,3.706649,17.774496,7.862345,6.364110,18.597602,15.305324,4.030544,7.733046,19.879402,29.569128, , ,12.852386,16.973537,12.967156,1.830478,10.078856,0.894427,22.433368,15.668860,19.029114,9.505143, , ,3.803657,0.547723,4.502845,3.463213,0.948683,5.852653,10.425369,17.490252,21.605286,2.382522,17.512330,3.665151,0.000000,17.418176,14.523900,26.952950,5.578618,3.224903,22.284446, ,3.271960,0.951190, , ,7.373537,3.650562,5.007582,2.104417,8.107232,4.455945,5.406456,8.725999,6.595823,6.516805,7.025560,6.862889,3.723572,1.411855,5.649911,5.637392,8.185646,3.462523, ,4.081267,5.913262, , ,15.654907,10.484910,8.642204,19.138417,16.472864,12.386873,20.859511,20.831423, ,10.931375,15.463241,13.747454, ,5.850985,0.577350,5.343443,6.169656,5.154307,2.074090,6.127408,2.886668,1.833333,1.536591,5.453955,1.244863,1.509231,6.034210,4.316976,1.685344,10.870063,9.514767,14.881506,1.410887,13.826348,3.045115,5.409793,2.160877,14.440116,6.490482,5.020385,4.840764,11.494819,2.468734,3.731919,3.973685,4.706870,4.414532,3.576509,6.617612,7.459219,8.822447,2.800700,3.253781,5.556837,8.869072,6.932507,4.686941,2.939077,6.311877,6.500357,1.053750
    Mean ISI within Burst - Avg (sec),0.007765,0.005827,0.010733,0.007348, ,0.009161,0.007639,0.011397,0.012448,0.010168,0.011608,0.006238,0.005960, ,0.013283,0.005060,0.017784, ,0.010495, ,0.006295, ,0.014780,0.008342,0.017267,0.014167, ,0.014101, ,0.013132,0.012552,0.013774,0.009490, ,0.009661,0.006839,0.003841,0.013620,0.010558,0.006702,0.005893,0.008179,0.009310,0.005056,0.008755,0.006354, ,0.008128,0.013657, ,0.006228,0.012905,0.010540,0.008380,0.009820,0.008279, , , ,0.014568,0.007967,0.013094, ,0.003803,0.010005,0.011360,0.019264,0.022629,0.025009,0.022580,0.013320,0.017732,0.009841, ,0.013495,0.018053,0.012059,0.011357,0.015938,0.012463,0.017978,0.018276, , ,0.012782, ,0.015725,0.009533,0.005587,0.018361,0.004996,0.008640,0.017633,0.010021,0.020023,0.028893,0.006489, ,0.006580,0.015214,0.018802,0.024307, ,0.017678,0.006206,0.012053, ,0.006602,0.010008,0.015719,0.019010,0.011955,0.006177,0.007910,0.008459,0.007464,0.014884,0.014371,0.011960,0.012390,0.013333,0.008593,0.012490,0.011351,0.009948,0.011853,0.006961,0.010302,0.005063,0.005146,0.006163, ,0.012751,0.011788, ,0.012241,0.005351,0.004482,0.029810,0.014400,0.006343,0.030030,0.015512,0.006093,0.010010,0.007585,0.005855,0.045440,0.007000, ,0.004202,0.004980,0.005639,0.020760, ,0.005935,0.006380,0.005575,0.006240,0.013188,0.005769,0.009870,0.014472,0.006682, , ,0.014810,0.020762,0.005908,0.005927,0.005607,0.011448,0.006946, ,0.015039,0.010110, ,0.006687, ,0.004621,0.004658,0.005111,0.005665,0.005530,0.009064,0.011439,0.011009,0.004735,0.005214,0.005743,0.005062,0.043544,0.013909, ,0.005754,0.007349,0.015425,0.010278,0.005805,0.010541,0.004962,0.005906,0.005909,0.006878,0.008473,0.012053,0.009505, ,0.008510,0.081531,0.019190,0.018266,0.006214,0.009442,0.013766,0.042575,0.005338,0.012152,0.010022,0.032297,0.014096,0.009019,0.006409,0.006641,0.007079,0.004373,0.011348,0.004940,0.009083,0.004086,0.017219,0.016748,0.010378,0.018679,0.009948,0.004105,0.009398,0.007806,0.011437, ,0.010332,0.040168,0.029772,0.005682,0.004817,0.004518,0.015675,0.011429,0.003993,0.008006,0.014961,0.008424,0.006983,0.005140,0.006669,0.008462,0.004663,0.005963,0.006901,0.004821,0.004255, ,0.006719,0.004076,0.009258,0.009676,0.005099, ,0.006294,0.005822,0.004785,0.010684,0.009180,0.006676,0.009701,0.016828,0.005719,0.005366,0.009336,0.007898,0.010131,0.007593, ,0.008253,0.010489,0.029325,0.013534,0.008228,0.005596,0.006860,0.007193,0.006618,0.010141,0.005179,0.005311,0.007239,0.009192,0.006193,0.005362,0.006464,0.007111,0.005852,0.009556,0.006801,0.006214,0.006766,0.013467,0.007751,0.005655,0.005468,0.010657,0.007802,0.005867,0.008759,0.007225,0.007034, ,0.005543, ,0.008258,0.006561,0.005241,0.007167,0.005999,0.008633,0.005246,0.004380,0.007088,0.009212,0.008204,0.005845,0.008125,0.006321,0.004794, ,0.007234,0.006221,0.007008,0.025969, ,0.008923,0.009965,0.020328,0.006053,0.008620,0.016958,0.008026,0.015544,0.016491,0.006586, ,0.010983,0.006689,0.020665,0.007435,0.006603,0.006042,0.005095,0.006449,0.005895,0.005519,0.005009,0.004927,0.008528,0.007348,0.006019,0.006168,0.004525,0.006313,0.005438,0.005418,0.004566,0.004279,0.004509,0.006623,0.006165,0.005261,0.005427,0.005016,0.005890,0.005972,0.003889,0.004020,0.005321,0.004777, ,0.008664,0.005312,0.007552,0.006995,0.020739,0.039084,0.010701,0.005862,0.004657,0.005814,0.003738,0.003718,0.005780,0.007290,0.004092,0.004430, ,0.003971,0.006097,0.003815,0.003901,0.003733,0.005202,0.006315,0.008595,0.005666,0.003639,0.004385, ,0.003836,0.005604,0.006283,0.008418,0.005178,0.005979,0.010506,0.007049,0.004664, ,0.006843,0.006213,0.005173,0.005119,0.004194,0.006006,0.006115,0.005747, ,0.004117,0.008670,0.006346,0.005911,0.007500, ,0.005671, ,0.004413,0.007725,0.006135,0.005271,0.008066,0.013817,0.004416,0.008448,0.008177,0.007050,0.003988,0.008593,0.004345,0.014870,0.004505,0.004191,0.004195,0.025585,0.005321,0.007401,0.004385,0.003536,0.004842,0.006070,0.004633,0.011862,0.005400,0.017149,0.007026,0.004688,0.005530,0.005010,0.004096,0.005630,0.003677,0.013233,0.007151,0.009369,0.006540,0.004979,0.004252,0.007615,0.005202,0.004289,0.004048,0.004000,0.006072,0.004384,0.003872,0.004111,0.004045,0.004881,0.005961,0.005382,0.004577,0.003696,0.003628,0.004587,0.004118,0.011887,0.003813,0.007414,0.005191,0.006026,0.005016,0.004854,0.003796,0.005479,0.006669,0.004023,0.005415,0.007540,0.008265,0.010234,0.025063,0.013140, ,0.011872,0.006944,0.014198, ,0.013435,0.005204,0.007717,0.006422,0.044807,0.004612,0.007959, ,0.007299,0.005037, ,0.010031,0.006514, ,0.007137, ,0.007021,0.004582,0.007213,0.009621,0.008667,0.007432,0.004859,0.004434,0.005077,0.004853, ,0.005201,0.005572,0.005748,0.004140,0.004958,0.004548,0.009221,0.005796,0.018384, , ,0.006143,0.004730,0.004618,0.009492,0.005327,0.004367,0.004512,0.006838,0.006116,0.005380,0.007004,0.005644,0.006333,0.007914, , ,0.006315,0.006951, ,0.006238, ,0.009750,0.007083, ,0.009422,0.003689,0.006143,0.052691,0.006835,0.008622,0.007849, ,0.004580,0.003921, ,0.005147,0.007445,0.006917,0.005735,0.004795,0.004737,0.004172,0.005355,0.005992,0.004516,0.012036,0.004352,0.005209,0.005371,0.007121,0.005137,0.006018,0.005176,0.007394,0.006233,0.004720,0.005440,0.005134,0.005363,0.005713,0.005858,0.005012,0.004138, , ,0.006870, ,0.006007,0.015255,0.006860,0.005257,0.006829,0.007776,0.013054,0.006630,0.005970,0.005490,0.006153,0.006021,0.006826,0.005844,0.014667,0.028661,0.005454,0.023753, , ,0.014039,0.018985,0.009068,0.005674,0.008253,0.007032,0.005034,0.006899,0.004895,0.006338, , ,0.007697,0.011884,0.006192,0.020013,0.010989,0.011146,0.004546,0.007685,0.006709,0.007635,0.005844,0.012359,0.011230,0.007757,0.012171,0.005292,0.006799,0.018736,0.005495, ,0.004795,0.017751, , ,0.004769,0.004946,0.005934,0.009792,0.006429,0.010245,0.009237,0.007413,0.012104,0.010637,0.007267,0.008364,0.007520,0.007695,0.007120,0.006722,0.006924,0.006502, ,0.009908,0.054148, , ,0.010216,0.019794,0.014092,0.005255,0.013254,0.004717,0.004584,0.003745, ,0.004154,0.006469,0.005700, ,0.006202,0.014268,0.005441,0.004493,0.007647,0.008899,0.006127,0.006022,0.007494,0.015484,0.006094,0.009016,0.009123,0.005341,0.006066,0.009843,0.006054,0.005101,0.004239,0.007496,0.005044,0.006152,0.008557,0.007195,0.005510,0.006656,0.007284,0.009636,0.008113,0.007889,0.009299,0.007717,0.005188,0.006197,0.005208,0.004236,0.004271,0.003989,0.006943,0.007685,0.005247,0.005309,0.006107,0.006217,0.005145,0.005192,0.005070,0.007761
    Mean ISI within Burst - Std (sec),0.000869,0.000716,0.010767,0.001013, ,0.001333,0.000762,0.001856,0.001739,0.001672,0.003594,0.000621,0.000557, ,0.002026, ,0.001505, ,0.001955, ,0.001557, ,0.003550,0.001682, ,0.002840, ,0.005035, ,0.006927,0.003011,0.005928,0.001760, ,0.002091,0.001165,0.000218,0.002312,0.002352,0.000828,0.000786,0.001460,0.003086,0.000454,0.001557,0.000819, ,0.001632,0.004263, ,0.000594,0.003394,0.002068,0.001327,0.000790,0.001066, , , ,0.004777,0.001375,0.003053, ,0.000882,0.001926,0.001940, ,0.018751,0.026042, ,0.002538,0.014266,0.001812, ,0.006323, ,0.002109,0.000868,0.009957,0.001893,0.004562,0.001507, , ,0.004063, ,0.002481,0.002939,0.000042,0.006726,0.000623,0.001627,0.003600,0.001691, , ,0.000935, ,0.001091,0.004687,0.004279, , ,0.004837,0.001295,0.010595, ,0.001333,0.003557,0.004899,0.008643,0.005428,0.000593,0.001100,0.001077,0.000992,0.001992,0.003323,0.002427,0.004375,0.002921,0.001142,0.002204,0.001674,0.001255,0.002162,0.000749,0.001633,0.001115,0.001169,0.001337, ,0.006036,0.005889, ,0.004055,0.001213,0.001264,0.017393, ,0.001429,0.023679,0.004359,0.001165,0.004975,0.002914,0.001050,0.020822,0.001871, ,0.000739,0.001045,0.001725,0.025482, ,0.001350,0.001811,0.001433, ,0.005068,0.001885,0.005514,0.007120,0.002333, , ,0.003846,0.019651,0.001837,0.001794,0.002386,0.006264,0.003174, ,0.011437,0.004077, ,0.001018, ,0.000509,0.000672,0.000809,0.000712,0.000818,0.002394,0.001784,0.002194,0.000544,0.000925,0.000485,0.000667,0.012519,0.009349, ,0.001656,0.002187,0.010595,0.003845,0.000744,0.005559,0.001219,0.001526,0.001426,0.001916,0.003669,0.007092,0.005236, ,0.002070,0.069588,0.011211,0.005322,0.000978,0.002278,0.002277,0.024636,0.000788,0.003832,0.002860,0.015242,0.005869,0.002693,0.000961,0.001857,0.002372,0.000629,0.003312,0.000812,0.001681,0.000631,0.007870,0.007163,0.002282,0.011937,0.001769,0.000662,0.001599,0.000823,0.003101, ,0.003770,0.028544,0.031084,0.001073,0.001072,0.000850,0.016669,0.004179,0.000711,0.003802,0.011198,0.002371,0.001797,0.001175,0.001696,0.003694,0.001926,0.003789,0.003651,0.001848,0.001772, ,0.002755,0.001572,0.006527,0.006189,0.001914, ,0.001600,0.001397,0.001607,0.015098,0.004314,0.002113,0.003427,0.013414,0.002779,0.001588,0.006088,0.003961,0.003487,0.000826, ,0.005624,0.005059,0.018418,0.007644,0.003847,0.002246,0.002615,0.002517,0.003645,0.002551,0.001964,0.001793,0.005004,0.005762,0.002866,0.002098,0.001533,0.003461,0.002372,0.005014,0.002601,0.003638,0.002037, ,0.004618,0.001703,0.003320,0.005328,0.002536, ,0.004763,0.003094,0.004132, ,0.001835, ,0.001814,0.002453,0.002075,0.002547,0.002596,0.001363,0.002415,0.001336,0.002200,0.006825,0.008913,0.002835,0.003384,0.005161,0.001465, ,0.002279,0.002140,0.002289,0.004097, ,0.003218,0.002550,0.018139,0.002880,0.003686,0.008637,0.004224,0.011220,0.006915,0.002782, ,0.005581,0.002526,0.007788,0.003800,0.003265,0.002995,0.002272,0.003331,0.003608,0.002902,0.001279,0.002098,0.002369,0.003873,0.002902,0.002621,0.002028,0.004397,0.001100,0.003680,0.001683,0.001350,0.002069,0.003514,0.001607,0.001767,0.002787,0.001957,0.002464,0.002972,0.001032,0.001404,0.002287,0.001320, ,0.002972,0.001499,0.002755,0.002131,0.008337,0.009250,0.007230,0.001470,0.001065,0.001320,0.000689,0.000660,0.001970,0.002101,0.001007,0.000901, ,0.001036,0.003661,0.000961,0.001211, ,0.000994,0.001472,0.002097,0.004408,0.001497,0.000795, ,0.001404,0.003283,0.001033,0.011137,0.002465,0.004806,0.007374,0.003042,0.002223, ,0.002623,0.002898,0.005645,0.002167,0.002386,0.005466,0.004325,0.001286, ,0.000619,0.002794,0.004832,0.004438,0.001961, ,0.002760, ,0.000980,0.007596,0.004926,0.003222,0.009158,0.008279,0.000607,0.005022,0.001606,0.002600,0.001383,0.008849,0.001105,0.008840,0.001315,0.001197,0.001258,0.011411,0.001956,0.002246,0.000989,0.000594,0.000595,0.000694,0.000526,0.005298,0.000703,0.015589,0.001189,0.000598,0.001263,0.001594,0.000345,0.001464,0.000288,0.001956,0.010862,0.014315,0.001921,0.001014,0.001327,0.003338,0.000758,0.001424,0.000478,0.000623,0.001678,0.001018,0.000951,0.001295,0.001367,0.001302,0.006189,0.001217,0.001398,0.000958,0.000534,0.000932,0.001177,0.005682,0.001077,0.002594,0.001483,0.002089,0.002946,0.001994,0.000875,0.002450,0.003681,0.001991,0.002091,0.001814,0.003243,0.007072, ,0.004860, ,0.008344,0.002272,0.007993, ,0.003452,0.002015,0.004954,0.004227,0.017779,0.001605,0.004749, ,0.003244,0.001933, ,0.006854,0.002785, ,0.001688, ,0.002890,0.001622,0.002915,0.003869,0.001427,0.002591,0.001305,0.001114,0.002484,0.001734, ,0.001611,0.003129,0.002933,0.000703,0.002025,0.001331,0.004552,0.003192, , , ,0.002431,0.001850,0.001370,0.002664,0.002078,0.001085,0.001802,0.002774,0.006523,0.002289,0.003141,0.002622,0.001778,0.004225, , ,0.002518,0.003223, ,0.005259, ,0.014716,0.001071, ,0.007646,0.001316,0.003374,0.031585,0.003465,0.009660,0.008209, ,0.001489,0.001394, ,0.002875,0.004190,0.001810,0.001586,0.002317,0.002398,0.002660,0.003342,0.001966,0.001518,0.009492,0.001580,0.002441,0.001700,0.005456,0.001985,0.002993,0.002049,0.001450,0.003116,0.001972, ,0.002537,0.002565,0.003674,0.003474,0.001241,0.001349, , ,0.003630, ,0.003258,0.007547,0.002131,0.002024,0.001732,0.004159,0.002489,0.002045,0.001965,0.002362,0.001241,0.001694,0.001297,0.002414,0.005241,0.029393,0.002118,0.000705, , ,0.014270,0.012253,0.005092,0.001242,0.004528,0.002167,0.002907,0.001445,0.001927,0.001755, , ,0.001872,0.006331,0.001513,0.008017,0.001683,0.003567,0.001176,0.001959,0.002814,0.002881,0.002137,0.008472,0.006152,0.003858,0.004268,0.001740,0.004161,0.021631,0.002549, ,0.001938,0.005400, , ,0.001173,0.002793,0.003270,0.006985,0.002940,0.007076,0.005469,0.003277,0.005065,0.004616,0.004109,0.004582,0.003380,0.001519,0.003885,0.003908,0.003862,0.002055, ,0.005789,0.049016, , ,0.003800,0.020401,0.010005,0.001834,0.010044,0.002204,0.001803,0.001008, ,0.001527,0.002676,0.003011, ,0.002677,0.005621,0.002436,0.001335,0.003328,0.004051,0.003220,0.001175,0.003370,0.012595,0.002851,0.002888,0.003304,0.002487,0.004427,0.006603,0.002615,0.002034,0.001293,0.003586,0.001949,0.003461,0.005902,0.006165,0.001704,0.002409,0.003338,0.007366,0.004619,0.005651,0.006385,0.001576,0.001814,0.003061,0.001434,0.001429,0.001453,0.001039,0.002260,0.003301,0.002271,0.002894,0.003536,0.003027,0.001799,0.002375,0.002443,0.002830
    Median ISI within Burst - Avg (sec),0.004772,0.003661,0.004100,0.003527, ,0.004186,0.003931,0.004134,0.004448,0.004947,0.004179,0.003745,0.004135, ,0.005336,0.004120,0.006020, ,0.004267, ,0.003066, ,0.006040,0.003312,0.011160,0.005877, ,0.004971, ,0.007048,0.004618,0.005330,0.004002, ,0.003549,0.003276,0.003179,0.005999,0.006126,0.004617,0.003547,0.004235,0.003740,0.003700,0.003391,0.004171, ,0.003792,0.003691, ,0.003379,0.003909,0.003582,0.003214,0.007162,0.004438, , , ,0.005891,0.003730,0.005809, ,0.003480,0.004929,0.004158,0.005600,0.004135,0.005727,0.020880,0.006627,0.004946,0.004719, ,0.005728,0.005120,0.005837,0.006912,0.004797,0.004889,0.004551,0.004720, , ,0.005543, ,0.006313,0.003460,0.005387,0.005920,0.003081,0.003695,0.005103,0.004556,0.005280,0.007040,0.004875, ,0.004268,0.009092,0.007655,0.006720, ,0.008717,0.003733,0.005154, ,0.003429,0.003829,0.007029,0.007890,0.006320,0.003690,0.003527,0.003462,0.003459,0.006635,0.005825,0.003641,0.003379,0.005177,0.003158,0.003914,0.004199,0.005819,0.004018,0.004026,0.003396,0.002966,0.003298,0.003191, ,0.004520,0.005305, ,0.005687,0.003142,0.002974,0.011923,0.004960,0.003532,0.011379,0.007152,0.003632,0.004237,0.004115,0.003279,0.010148,0.003904, ,0.002923,0.003238,0.003263,0.007420, ,0.003300,0.003404,0.003390,0.004480,0.006907,0.003419,0.004759,0.007562,0.003617, , ,0.007962,0.005655,0.003474,0.003566,0.003037,0.004927,0.003374, ,0.005129,0.004837, ,0.004095, ,0.003100,0.003189,0.003277,0.003494,0.003336,0.004918,0.006844,0.005095,0.003123,0.003336,0.003597,0.003169,0.033476,0.004794, ,0.003494,0.003926,0.008478,0.006475,0.003973,0.005450,0.003046,0.003728,0.003769,0.005026,0.003926,0.005927,0.004867, ,0.004260,0.017013,0.010061,0.007929,0.003090,0.004117,0.007156,0.014804,0.003165,0.005134,0.003881,0.020366,0.005252,0.003795,0.004092,0.003676,0.004188,0.003098,0.005453,0.003151,0.005460,0.002990,0.006227,0.006706,0.006724,0.008834,0.004634,0.003048,0.004659,0.004789,0.004468, ,0.005965,0.014142,0.008526,0.003253,0.003290,0.003729,0.005243,0.006436,0.002955,0.005542,0.007311,0.005275,0.003976,0.003247,0.003876,0.004354,0.003754,0.004461,0.005429,0.003744,0.003300, ,0.005477,0.003477,0.008700,0.008181,0.004111, ,0.005475,0.004807,0.003647,0.007831,0.007128,0.005535,0.008408,0.010188,0.004072,0.004486,0.007503,0.006402,0.007952,0.007573, ,0.006072,0.007979,0.018335,0.012092,0.006498,0.003973,0.006093,0.005564,0.004876,0.008514,0.004125,0.004135,0.006145,0.006840,0.004569,0.004038,0.005532,0.005253,0.004292,0.007921,0.004873,0.004443,0.005751,0.007440,0.006049,0.004515,0.004262,0.008919,0.007036,0.005440,0.006487,0.005907,0.005030, ,0.004375, ,0.007199,0.005229,0.004105,0.005728,0.005127,0.007577,0.004203,0.003480,0.005664,0.006873,0.006448,0.004578,0.006824,0.004935,0.003478, ,0.006050,0.004367,0.005533,0.024580, ,0.007215,0.008603,0.012544,0.003870,0.006096,0.011666,0.006442,0.011381,0.011635,0.004996, ,0.009629,0.004819,0.014193,0.005108,0.004360,0.004076,0.003647,0.004234,0.004074,0.003902,0.003828,0.003444,0.008200,0.004871,0.004049,0.005053,0.003252,0.004628,0.003974,0.004375,0.003725,0.003534,0.003620,0.005226,0.005311,0.004305,0.004296,0.004045,0.004799,0.004713,0.003168,0.003319,0.004439,0.003731, ,0.006580,0.004904,0.005130,0.005230,0.016137,0.029113,0.007403,0.004605,0.003915,0.005058,0.003094,0.003126,0.004512,0.006443,0.003172,0.003397, ,0.003326,0.004209,0.003161,0.003049,0.003360,0.004612,0.005149,0.007340,0.004744,0.003047,0.003211, ,0.003290,0.003855,0.003966,0.005603,0.003462,0.003967,0.006663,0.005742,0.003343, ,0.003951,0.004017,0.003975,0.004240,0.003331,0.004178,0.004397,0.004198, ,0.003165,0.006804,0.004320,0.004222,0.005865, ,0.003495, ,0.003306,0.005242,0.004474,0.004012,0.005966,0.010213,0.003333,0.006226,0.006992,0.004425,0.003310,0.005019,0.003380,0.009702,0.003431,0.003240,0.003317,0.014397,0.003715,0.004475,0.003523,0.003009,0.003464,0.004211,0.003328,0.008032,0.003873,0.008060,0.004676,0.003563,0.003279,0.003796,0.003257,0.004437,0.003074,0.008818,0.004472,0.004925,0.004655,0.003410,0.003193,0.005231,0.003393,0.003363,0.003041,0.003007,0.003772,0.003454,0.003050,0.003033,0.003250,0.004267,0.004499,0.003426,0.003124,0.002936,0.003014,0.004293,0.003243,0.008252,0.003014,0.006308,0.003966,0.004646,0.003785,0.003481,0.003001,0.003532,0.005155,0.003251,0.003817,0.006197,0.006034,0.007427,0.026720,0.012083, ,0.011060,0.005319,0.011410, ,0.011725,0.003710,0.005276,0.004649,0.033695,0.003340,0.006456, ,0.005341,0.003558, ,0.007905,0.004203, ,0.005900, ,0.004663,0.003361,0.005446,0.007590,0.007436,0.004680,0.003737,0.003355,0.004023,0.003715, ,0.003926,0.004619,0.004455,0.003559,0.003762,0.003575,0.006776,0.004576,0.018560, , ,0.004447,0.003770,0.003767,0.008038,0.004181,0.003604,0.003476,0.006185,0.004776,0.003919,0.005189,0.004579,0.005096,0.006129, , ,0.005550,0.005832, ,0.005194, ,0.007247,0.006760, ,0.006496,0.003044,0.004963,0.028776,0.005699,0.006738,0.006798, ,0.003631,0.003222, ,0.004307,0.006317,0.005659,0.004750,0.003885,0.003780,0.003435,0.004375,0.004693,0.003677,0.008557,0.003642,0.004003,0.004380,0.005346,0.004093,0.004228,0.004120,0.006102,0.004950,0.003627,0.006320,0.003715,0.003984,0.004175,0.004403,0.004377,0.003207, , ,0.005396, ,0.005006,0.011854,0.005458,0.004063,0.005604,0.005771,0.012020,0.005346,0.004866,0.004440,0.005287,0.004933,0.005210,0.004332,0.012026,0.020440,0.003842,0.018680, , ,0.009464,0.013455,0.006313,0.005029,0.006397,0.006296,0.003601,0.005048,0.003563,0.005176, , ,0.006552,0.009824,0.004914,0.014795,0.010480,0.009357,0.003455,0.005594,0.004057,0.006027,0.004250,0.010148,0.007120,0.005473,0.009232,0.003808,0.005027,0.010387,0.003906, ,0.003668,0.014211, , ,0.003695,0.003699,0.004079,0.007436,0.004178,0.006667,0.006341,0.004678,0.008404,0.006964,0.004970,0.005217,0.005713,0.006874,0.004993,0.004795,0.004406,0.004898, ,0.006303,0.030767, , ,0.009423,0.011533,0.010081,0.004063,0.009716,0.003744,0.003673,0.003014, ,0.003377,0.006011,0.004449, ,0.004648,0.013453,0.004112,0.003632,0.006498,0.007821,0.004602,0.004863,0.006075,0.011267,0.004711,0.006923,0.007664,0.003933,0.004617,0.007276,0.004956,0.003959,0.003396,0.006261,0.004057,0.004922,0.006666,0.005341,0.004301,0.005068,0.005714,0.007284,0.006424,0.005890,0.008278,0.006854,0.003863,0.004541,0.004031,0.003361,0.003366,0.003330,0.005810,0.004939,0.003895,0.003866,0.004133,0.004528,0.004175,0.003719,0.003657,0.006116
    Median ISI within Burst - Std (sec),0.000546,0.000488,0.002065,0.000498, ,0.000562,0.000316,0.000889,0.001251,0.000894,0.001149,0.000506,0.000644, ,0.001428, ,0.000820, ,0.001206, ,0.000235, ,0.002416,0.000423, ,0.002502, ,0.001496, ,0.002680,0.001231,0.001542,0.000796, ,0.000479,0.000509,0.000197,0.001702,0.001276,0.000576,0.000467,0.000950,0.000475,0.000342,0.000503,0.000674, ,0.000590,0.000754, ,0.000335,0.000616,0.000473,0.000376,0.000474,0.000607, , , ,0.001673,0.000682,0.002291, ,0.001075,0.001084,0.001032, ,0.001056,0.001980, ,0.001598,0.001946,0.000770, ,0.001631, ,0.001157,0.000604,0.000985,0.001633,0.002557,0.002911, , ,0.001742, ,0.001698,0.000486,0.000303,0.001993,0.000177,0.000580,0.001337,0.001139, , ,0.000982, ,0.000959,0.003532,0.003619, , ,0.002704,0.000780,0.002585, ,0.000496,0.000941,0.002120,0.003026,0.002673,0.000463,0.000482,0.000490,0.000515,0.002048,0.001936,0.000720,0.000546,0.001875,0.000305,0.001073,0.001003,0.000784,0.000871,0.000717,0.000620,0.000169,0.000272,0.000305, ,0.001012,0.001442, ,0.001466,0.000231,0.000701,0.008770, ,0.000497,0.006416,0.002506,0.000415,0.001009,0.000793,0.000294,0.005144,0.000602, ,0.000137,0.000205,0.000349,0.004960, ,0.000285,0.000447,0.000302, ,0.000333,0.000495,0.001653,0.002275,0.000509, , ,0.002169,0.002923,0.000467,0.000795,0.000331,0.001967,0.000650, ,0.002255,0.001373, ,0.000696, ,0.000176,0.000217,0.000235,0.000379,0.000279,0.000952,0.001443,0.001415,0.000206,0.000318,0.000376,0.000215,0.003802,0.001862, ,0.000545,0.000737,0.002661,0.001510,0.000603,0.001923,0.000272,0.000403,0.000992,0.001082,0.000702,0.002077,0.001689, ,0.000662,0.014362,0.007122,0.002404,0.000265,0.000849,0.002280,0.004877,0.000249,0.001218,0.001111,0.010607,0.002972,0.000949,0.000567,0.000409,0.000606,0.000158,0.001570,0.000204,0.001119,0.000122,0.002313,0.002037,0.001781,0.003420,0.001076,0.000161,0.000981,0.000823,0.001035, ,0.001340,0.009977,0.005602,0.000323,0.000430,0.000601,0.002882,0.002110,0.000190,0.001801,0.002867,0.001291,0.000931,0.000351,0.000928,0.001204,0.001223,0.001776,0.002490,0.001069,0.000851, ,0.002360,0.001201,0.006986,0.006156,0.000988, ,0.001125,0.001153,0.001010,0.009062,0.002727,0.001929,0.001999,0.006232,0.001198,0.001293,0.004318,0.002338,0.003132,0.001134, ,0.002627,0.003500,0.009337,0.003673,0.002498,0.001031,0.002574,0.002126,0.002357,0.001863,0.001199,0.001417,0.002983,0.003502,0.001803,0.001390,0.001643,0.001979,0.001467,0.003206,0.001661,0.001976,0.001290, ,0.003657,0.001650,0.001970,0.004900,0.002181, ,0.003065,0.002585,0.002282, ,0.001575, ,0.001704,0.001484,0.001476,0.002145,0.001812,0.000867,0.001668,0.000953,0.001324,0.002862,0.005492,0.001981,0.002348,0.004151,0.000643, ,0.001807,0.001150,0.001543,0.005119, ,0.002579,0.002523,0.005492,0.001829,0.002775,0.004168,0.002110,0.004893,0.004427,0.001826, ,0.004399,0.002034,0.007036,0.002141,0.001636,0.001841,0.001081,0.001867,0.002478,0.001855,0.001091,0.000738,0.001475,0.001943,0.001468,0.002052,0.000544,0.002586,0.000963,0.002745,0.001036,0.000832,0.001508,0.002822,0.001740,0.001361,0.001932,0.001465,0.001877,0.001867,0.000445,0.000885,0.002031,0.000518, ,0.002178,0.000891,0.001928,0.002346,0.004755,0.006213,0.002208,0.000936,0.000771,0.001049,0.000224,0.000297,0.001688,0.001519,0.000541,0.000393, ,0.000393,0.001748,0.000554,0.000560, ,0.001067,0.001772,0.002013,0.001647,0.000797,0.000372, ,0.000803,0.000811,0.000645,0.002508,0.000813,0.000950,0.002996,0.002895,0.000476, ,0.001380,0.001268,0.000905,0.001498,0.001172,0.002269,0.001785,0.001014, ,0.000247,0.002029,0.003047,0.003221,0.001603, ,0.000584, ,0.000600,0.004750,0.003258,0.002360,0.006793,0.005902,0.000268,0.003636,0.001658,0.001152,0.001060,0.002586,0.000818,0.003837,0.000481,0.000426,0.000627,0.006065,0.000620,0.000983,0.000960,0.000368,0.000480,0.000735,0.000299,0.002527,0.000512,0.001879,0.001043,0.000429,0.000523,0.000678,0.000263,0.001088,0.000173,0.002395,0.001274,0.002300,0.001239,0.000372,0.000327,0.002325,0.000455,0.000708,0.000233,0.000233,0.001245,0.000343,0.000452,0.000325,0.000925,0.001327,0.005348,0.000573,0.000506,0.000386,0.000203,0.000757,0.000757,0.004786,0.000415,0.001954,0.000692,0.001791,0.001649,0.001145,0.000294,0.001072,0.002789,0.001684,0.001431,0.001428,0.002138,0.003147, ,0.003717, ,0.008876,0.001702,0.006861, ,0.003176,0.000937,0.002023,0.002659,0.011872,0.000530,0.003612, ,0.001942,0.000696, ,0.004452,0.001209, ,0.001626, ,0.001610,0.000667,0.001821,0.003396,0.001049,0.001075,0.000943,0.000666,0.002464,0.001090, ,0.001159,0.002321,0.001998,0.000649,0.001447,0.000905,0.002728,0.002342, , , ,0.001603,0.001447,0.001197,0.002074,0.001527,0.000719,0.001096,0.002255,0.006239,0.001383,0.001921,0.002158,0.001298,0.001862, , ,0.002242,0.002193, ,0.004142, ,0.004802,0.000469, ,0.003314,0.000699,0.001588,0.011367,0.002226,0.005647,0.005204, ,0.000857,0.000746, ,0.001799,0.002771,0.001458,0.001508,0.001213,0.001309,0.001690,0.002456,0.001620,0.001085,0.003209,0.001043,0.001489,0.001695,0.003693,0.001754,0.001475,0.001348,0.001510,0.001782,0.001107, ,0.001364,0.001552,0.001987,0.002093,0.000915,0.000630, , ,0.002837, ,0.002626,0.006204,0.001750,0.000945,0.001594,0.002110,0.002306,0.001296,0.001446,0.001295,0.001351,0.000917,0.001405,0.001618,0.002570,0.016323,0.001359,0.003882, , ,0.006183,0.008161,0.003416,0.000860,0.003494,0.002222,0.002107,0.001138,0.000962,0.001471, , ,0.001563,0.004161,0.001321,0.004432,0.001889,0.002807,0.000738,0.001963,0.001154,0.002274,0.001240,0.002291,0.001923,0.002619,0.003186,0.001003,0.002624,0.007604,0.001413, ,0.001135,0.003697, , ,0.000837,0.002076,0.001315,0.004007,0.001244,0.003753,0.003554,0.001635,0.002147,0.003248,0.002183,0.002358,0.002526,0.001420,0.002373,0.002180,0.001674,0.001501, ,0.003094,0.030645, , ,0.004062,0.007956,0.004131,0.001298,0.005902,0.001156,0.001252,0.000369, ,0.000689,0.002694,0.001988, ,0.001643,0.009440,0.001553,0.000979,0.002235,0.002679,0.002155,0.001378,0.001533,0.004875,0.001818,0.002006,0.002309,0.001340,0.002801,0.001610,0.001841,0.001315,0.000865,0.002944,0.001582,0.001535,0.002160,0.001955,0.001243,0.001675,0.002477,0.003113,0.003318,0.003028,0.005324,0.001246,0.001161,0.002152,0.001317,0.001011,0.000607,0.000737,0.001483,0.002520,0.001155,0.001813,0.001910,0.001543,0.001503,0.001507,0.001186,0.001831
    Median/Mean ISI within Burst,0.620280,0.632955,0.574603,0.487012, ,0.465936,0.518907,0.372664,0.363260,0.492907,0.413258,0.604061,0.695507, ,0.400509,0.814229,0.341681, ,0.419354, ,0.524400, ,0.434183,0.419954,0.646332,0.437359, ,0.425828, ,0.664739,0.397688,0.477249,0.435643, ,0.396176,0.488299,0.828487,0.447343,0.599374,0.694186,0.608041,0.528045,0.477335,0.735102,0.400900,0.662669, ,0.486052,0.320648, ,0.547105,0.328299,0.360767,0.395453,0.731731,0.542182, , , ,0.427703,0.481205,0.465023, ,0.906589,0.502794,0.374192,0.290698,0.221710,0.367045,0.924712,0.510862,0.420014,0.499621, ,0.550003,0.283604,0.492450,0.614082,0.370010,0.395759,0.297506,0.257148, , ,0.477894, ,0.408985,0.418134,0.964277,0.407531,0.624942,0.442322,0.319174,0.463159,0.263699,0.243655,0.753409, ,0.650494,0.619075,0.431637,0.276467, ,0.535501,0.607400,0.697081, ,0.537975,0.450446,0.492376,0.527432,0.600940,0.599795,0.454525,0.416440,0.471340,0.450323,0.424407,0.314152,0.357982,0.407408,0.374770,0.326060,0.375851,0.589909,0.359354,0.581863,0.339390,0.616264,0.670249,0.539249, ,0.414513,0.496983, ,0.486249,0.619154,0.688350,0.436866,0.344444,0.580505,0.471005,0.465153,0.612167,0.462411,0.571960,0.571883,0.243706,0.576706, ,0.710639,0.669267,0.608461,0.574952, ,0.573592,0.555867,0.630768,0.717949,0.608741,0.621066,0.527452,0.569552,0.574157, , ,0.548209,0.409831,0.612940,0.616321,0.587917,0.465515,0.526147, ,0.450159,0.497564, ,0.617180, ,0.678348,0.695836,0.655402,0.623501,0.613981,0.562785,0.606148,0.467764,0.666600,0.656043,0.628829,0.635140,0.807558,0.402995, ,0.627110,0.557764,0.660209,0.668392,0.690453,0.556996,0.639350,0.655486,0.644691,0.756351,0.507814,0.562908,0.571514, ,0.511755,0.439808,0.557264,0.436005,0.503158,0.443617,0.514044,0.432181,0.599029,0.431412,0.394703,0.624437,0.378409,0.429972,0.642322,0.572458,0.618666,0.719877,0.495708,0.649002,0.608013,0.743382,0.391828,0.453214,0.652789,0.571323,0.472572,0.752575,0.503429,0.614481,0.401175, ,0.607172,0.442732,0.411509,0.588593,0.701093,0.835242,0.460625,0.576419,0.757158,0.739221,0.583319,0.644835,0.589924,0.653927,0.596864,0.550533,0.822377,0.806278,0.809186,0.809353,0.819025, ,0.839835,0.869230,0.901376,0.870267,0.834022, ,0.890068,0.842703,0.781462,0.843634,0.805441,0.841471,0.900121,0.689654,0.758033,0.849384,0.830877,0.853141,0.785456,0.994273, ,0.810151,0.776568,0.686931,0.952815,0.810517,0.751987,0.879180,0.773111,0.775578,0.852956,0.814601,0.788375,0.883045,0.797259,0.763853,0.778473,0.858307,0.775998,0.760552,0.861532,0.747811,0.762994,0.881831,0.552475,0.790658,0.800834,0.806651,0.829233,0.911564,0.927273,0.777725,0.829890,0.761438, ,0.795657, ,0.883059,0.816572,0.798714,0.810352,0.881179,0.889144,0.818156,0.807412,0.839565,0.823299,0.840180,0.803636,0.856945,0.808242,0.756707, ,0.851850,0.734968,0.812649,0.942683, ,0.828927,0.866208,0.745837,0.693868,0.724674,0.745572,0.840328,0.809989,0.738088,0.782538, ,0.892086,0.732969,0.725279,0.728949,0.702602,0.701865,0.760847,0.693712,0.729561,0.739786,0.772707,0.748994,0.983156,0.705446,0.720173,0.829738,0.775992,0.768617,0.740668,0.839445,0.839335,0.846496,0.819824,0.804385,0.868077,0.833287,0.815272,0.824243,0.827774,0.815672,0.841242,0.848905,0.839786,0.799383, ,0.792246,0.940246,0.689445,0.736691,0.815193,0.756673,0.791549,0.795781,0.848023,0.875088,0.841748,0.851060,0.779986,0.894635,0.789512,0.779697, ,0.861984,0.742236,0.844144,0.807230,0.900000,0.890426,0.815118,0.857844,0.910193,0.863521,0.742454, ,0.878998,0.753166,0.641792,0.829731,0.698993,0.767335,0.713279,0.820278,0.763196, ,0.597540,0.667564,0.865470,0.849826,0.837645,0.782365,0.758931,0.734908, ,0.778051,0.804302,0.727960,0.727865,0.789253, ,0.684479, ,0.756996,0.717347,0.754027,0.772745,0.758154,0.765961,0.763172,0.808770,0.866039,0.663195,0.838620,0.699923,0.786438,0.714467,0.778491,0.792883,0.808588,0.617680,0.724308,0.630850,0.802283,0.855764,0.721228,0.694413,0.725207,0.703679,0.724571,0.569561,0.676626,0.766293,0.628156,0.777918,0.797800,0.796131,0.839193,0.674759,0.827937,0.765034,0.734071,0.699027,0.775603,0.704751,0.659507,0.821635,0.757686,0.765238,0.622143,0.803577,0.799949,0.784940,0.817936,0.883240,0.780060,0.656675,0.716635,0.816838,0.841461,0.944035,0.795804,0.692926,0.811999,0.878498,0.779421,0.773937,0.812381,0.745768,0.804521,0.676847,0.800560,0.821522,0.737355,0.831184,0.751624,0.802733,1.066119,0.933068, ,0.893103,0.782432,0.811197, ,0.878546,0.749140,0.745816,0.763078,0.784468,0.772986,0.844359, ,0.772280,0.753628, ,0.841410,0.698343, ,0.829945, ,0.705769,0.774872,0.792455,0.795433,0.864400,0.697286,0.789743,0.768931,0.785338,0.787294, ,0.765365,0.844012,0.802199,0.864217,0.784111,0.801578,0.805387,0.805029,1.009574, , ,0.745066,0.809797,0.825320,0.868312,0.800319,0.836740,0.796462,0.918285,0.763134,0.759432,0.779141,0.826865,0.821907,0.839706, , ,0.882625,0.860712, ,0.854737, ,0.889332,0.966450, ,0.784328,0.847824,0.860111,0.648426,0.875050,0.856576,0.902549, ,0.814358,0.842778, ,0.870415,0.882876,0.843359,0.829760,0.844913,0.823535,0.851648,0.838812,0.787483,0.827498,0.840044,0.852219,0.798794,0.815603,0.786241,0.800266,0.751572,0.822900,0.825063,0.839562,0.800672,1.161765,0.767758,0.787787,0.779435,0.795694,0.884584,0.806997, , ,0.799781, ,0.849469,0.761670,0.798365,0.807799,0.822961,0.788694,0.925924,0.826708,0.828931,0.838564,0.863715,0.845489,0.765272,0.753352,0.851722,0.829678,0.724519,0.787665, , ,0.825059,0.747342,0.719306,0.899974,0.793933,0.896114,0.750768,0.738501,0.765353,0.821673, , ,0.864311,0.847863,0.801091,0.793394,0.953438,0.856677,0.775078,0.746300,0.661026,0.803961,0.756627,0.930682,0.690748,0.727858,0.787393,0.736792,0.777017,0.743949,0.746797, ,0.785142,0.821187, , ,0.787678,0.762683,0.750106,0.801545,0.701487,0.694982,0.726432,0.681443,0.756646,0.666830,0.734595,0.678929,0.776646,0.895992,0.747240,0.758000,0.715923,0.768904, ,0.708912,0.658581, , ,0.912308,0.741085,0.811851,0.788044,0.793640,0.830889,0.822938,0.831443, ,0.843826,0.924717,0.810504, ,0.776614,0.854850,0.784114,0.820153,0.875341,0.924600,0.772862,0.807114,0.854528,0.892431,0.790161,0.793116,0.875146,0.782543,0.793881,0.851615,0.842928,0.803072,0.818076,0.847722,0.817122,0.846144,0.844609,0.837662,0.795539,0.778620,0.803008,0.825816,0.817283,0.796541,0.910266,0.899757,0.759981,0.751420,0.788051,0.811808,0.817225,0.846567,0.861556,0.652438,0.777460,0.767569,0.722366,0.776240,0.828690,0.756326,0.778109,0.828187
    Inter-Burst Interval - Avg (sec),3.700313,3.700293,172.427760,3.700298, ,3.700313,3.700311,3.943758,4.507143,3.882989,8.947087,3.700295,3.700306, ,5.876976, ,25.883760, ,4.545959, ,4.477050, ,20.414148,4.477381, ,9.235612, ,26.797280, ,53.293991,6.287002,51.166393,5.268294, ,5.363226,5.268307,5.268291,6.470850,5.512203,5.268302,5.268287,5.268332,5.461636,5.268278,5.411984,5.268299, ,5.268299,6.474205, ,5.078953,6.339037,5.123048,5.078956,5.213796,5.079011, , , ,7.485081,5.078932,8.416563, ,187.457200,4.597205,5.107956, ,73.683806,89.947520, ,8.246977,42.897969,4.299588, ,28.985667, ,4.898720,69.716700,18.576088,6.365551,32.291114,186.091160, , ,6.446885, ,7.825942,4.191822,189.983440,67.083307,4.105767,4.162769,26.213240,4.134089, , ,4.900665, ,4.941805,11.091194,18.502845, , ,14.874981,4.900696,81.585013, ,4.900685,5.709670,11.254731,58.040309,7.405409,5.156605,5.156623,5.156622,5.156618,6.698354,10.726471,5.247881,9.228385,8.594362,5.156598,5.542172,5.542156,5.201850,5.594439,5.156638,5.156617,5.601189,5.601188,5.655054, ,89.280220,6.063132, ,6.047665,5.601192,5.601182,34.422689, ,5.655051,27.449836,8.401790,5.601184,5.288792,4.975121,4.450575,29.989815,4.696434, ,4.447465,4.447516,4.450530,11.604846, ,4.481449,4.695995,4.450510, ,70.484840,4.910908,5.507587,7.577336,5.036884, , ,6.269316,8.540773,4.870374,5.406557,4.714538,6.015072,5.309148, ,7.459767,5.612578, ,4.829065, ,4.829060,4.829054,4.829056,4.829057,4.829053,4.829061,4.829059,4.829053,4.829054,4.829058,4.829048,4.829058,52.780840,7.274348, ,5.455670,5.611529,9.064976,6.137715,5.455674,6.074385,5.455770,5.506698,5.506699,5.506624,5.892223,8.581380,6.137654, ,6.655971,84.731480,15.080747,7.430139,6.509683,6.808976,6.888158,32.760009,6.655972,6.888156,6.731636,22.740263,7.224176,6.808979,6.888154,6.582009,7.831993,7.628594,7.832016,7.628555,7.628608,7.628611,9.488014,8.391455,7.628621,28.177806,7.628603,7.628589,7.628616,7.628620,7.628599, ,5.425690,24.019597,28.521500,4.836563,4.917057,4.836532,13.478229,5.425784,4.797215,5.185655,7.109131,5.268374,5.000488,5.043223,5.000481,5.268387,5.734792,6.321517,8.980562,7.100204,4.518516, ,13.745568,4.929078,76.399733,21.178640,7.697636, ,7.770026,8.558298,6.213215,65.932510,7.733972,15.314888,13.741263,54.905760,3.955795,15.675286,11.070495,14.329308,109.800380,25.392040, ,8.656597,22.956422,71.426469,60.855831,6.422729,4.040392,6.896418,7.232723,4.822455,8.986495,6.113853,5.536573,10.052735,6.228986,4.462608,4.013111,14.368330,5.436325,4.095665,14.727630,4.067838,5.416337,12.516953, ,5.413271,5.725347,5.089381,9.647730,7.834916, ,5.351239,4.688627,4.691434, ,7.949708, ,10.894539,5.108688,4.980981,4.528210,6.949945,11.766172,4.781682,3.783076,16.944009,8.982457,10.287814,5.065452,5.197656,4.597409,3.880897, ,5.278480,5.116324,6.271747,25.759280, ,20.372206,12.399725,26.499040,7.536528,9.111455,12.962027,10.603917,20.365600,38.017947,4.579616, ,22.374900,10.974296,87.807856,6.826433,6.312339,8.680639,5.187846,7.724097,5.398981,6.051559,8.948341,5.448639,93.670176,8.042457,6.214630,10.386373,5.435044,7.205952,9.344665,4.672459,5.388066,4.041057,4.096407,7.596217,13.565067,4.784598,5.155741,3.714722,6.500776,9.967736,2.990340,3.098747,6.954260,4.903700, ,44.776009,4.903649,4.903621,4.903638,24.793235,38.012800,6.407278,4.944487,4.903651,4.903646,4.863424,4.863420,4.903611,5.028301,4.663738,4.663747, ,4.663717,4.856469,4.663747,4.663677, ,17.355350,22.814107,9.120465,4.816663,4.663742,4.663738, ,4.701089,5.493486,5.345017,7.910527,5.344967,5.992869,6.613976,10.378191,5.442945, ,5.393568,5.344912,7.121277,13.696337,5.443011,5.493404,5.393487,7.310574, ,7.401552,7.905904,5.649413,6.728906,7.355164, ,5.649429, ,6.885187,5.980684,6.167609,5.649803,6.167659,7.323426,6.875449,26.439298,9.929393,7.037286,6.720956,9.089249,6.797372,15.967578,6.797305,6.797311,6.955429,36.907776,6.875399,7.037340,6.721009,6.721054,6.740444,6.740601,6.740624,7.804914,6.740609,18.373037,6.740624,6.740675,6.740650,6.818160,6.740646,3.192110,6.740683,12.713118,10.082793,8.723320,5.505370,5.403095,5.403364,5.453912,5.403451,5.403399,5.403391,5.403350,5.403500,5.403494,5.403432,5.403441,5.403509,27.215074,5.835750,5.403441,4.301126,4.270155,4.270139,5.161412,4.270218,12.708270,4.332530,11.462549,4.332610,4.364427,4.301165,4.332555,4.239847,4.301220,4.748535,4.301208,4.532277,6.459736,5.644001,7.923701, ,44.122923, ,117.011973,6.002965,123.016427, ,10.908933,4.431318,8.415503,5.697845,80.333063,3.497173,141.209380, ,5.184938,4.020511, ,15.975187,4.804814, ,67.018096, ,5.051897,4.191376,4.727892,8.096709,45.001982,360.496720,5.402044,4.214286,4.536100,4.337025, ,4.831120,4.536017,5.212600,6.990868,5.501458,4.501642,121.819000,4.753991, , , ,3.849637,5.683075,6.348282,7.029975,5.793210,6.938692,4.698585,54.478064,4.520536,4.323997,4.555047,6.027351,8.775029,9.229088, , ,8.506619,5.421836, ,5.964073, ,19.724199,98.515232, ,15.237776,3.976003,7.128085,93.776260,5.964277,11.673701,12.257641, ,4.917872,3.711628, ,4.610579,8.196511,16.861767,8.552917,5.087590,3.811355,4.215383,3.807486,5.567673,4.098329,43.848547,3.832217,4.675660,7.127735,6.154057,4.311980,3.886291,7.590403,11.460066,5.522125,3.911793, ,4.375566,4.074799,5.626889,5.370025,11.239854,3.474885, , ,7.851450, ,6.400562,42.536911,7.851377,5.503449,19.640430,8.066515,12.801525,8.534402,8.789213,4.948522,9.347112,17.925645,9.246465,6.935523,11.202372,47.457340,4.474935,246.077720, , ,33.478410,10.865145,6.197788,25.507859,5.884910,89.255760,3.882270,6.936099,4.649324,6.554183, , ,15.197238,53.388280,14.281424,21.843872,46.057262,10.807620,5.667185,7.660886,5.130253,17.342495,5.129906,51.618933,161.868800,9.436547,19.544698,8.617723,9.147090,34.690485,6.834129, ,11.010782,83.686320, , ,10.617001,11.010516,8.743434,18.961731,4.557756,12.226363,5.570402,4.292623,14.312582,5.866281,5.570432,5.271773,10.180720,21.264067,5.776837,7.290057,4.326656,11.578954, ,8.435626,106.548624, , ,15.508640,35.547701,15.869218,3.862055,29.304497,3.465424,4.172558,3.303681, ,3.445271,12.006965,4.353537, ,3.689077,171.218080,3.357574,4.124477,5.775590,7.395477,5.137523,12.748955,9.156353,46.402300,4.487500,13.415308,61.298853,3.434743,5.448772,14.791017,4.279735,4.249225,3.323431,10.211120,3.813386,10.778920,9.144362,10.032373,3.458607,4.448709,4.957753,10.317647,7.329728,11.418607,6.723793,13.543170,6.958104,9.277337,9.277846,7.970524,4.944097,6.080733,10.254159,10.437327,6.144060,5.544836,7.193139,8.079786,8.855853,7.106402,6.311734,25.970568
    Inter-Burst Interval - Std (sec),1.119805,1.120151, ,1.120472, ,1.122085,1.121709,1.632902,2.229266,1.481655,8.742881,1.121778,1.123965, ,3.900897, , , ,2.557422, ,2.435875, ,26.110598,2.431029, ,7.103338, ,24.375241, ,46.884283,4.492896,37.989357,1.630882, ,2.021267,1.628980,1.630002,3.415952,1.410345,1.627933,1.628561,1.628655,2.019332,1.627279,1.836321,1.628251, ,1.626623,3.201744, ,1.490847,2.803986,1.626085,1.489834,1.327138,1.490806, , , ,4.789962,1.491850,6.331702, , ,2.183254,2.711388, ,75.004735,99.110056, ,6.795227,50.944764,2.185437, ,24.346028, ,2.165311,62.117871,15.660440,4.223158,31.180802,253.819826, , ,4.738607, ,6.651971,1.310577,107.165370,97.272891,1.323555,1.325975,30.249234,1.301488, , ,2.043609, ,2.113411,8.831999,15.490616, , ,14.350394,2.039874,42.777018, ,2.042231,3.154655,8.383743,41.921548,4.899332,1.317106,1.316534,1.315615,1.315959,3.692651,7.660226,1.552808,6.929382,5.578961,1.315178,2.058261,2.300145,1.283895,2.144829,1.314267,1.313665,2.070043,2.070295,2.027302, ,104.139570,1.922765, ,2.385334,2.068863,2.076060,34.805233, ,2.027043,17.600703,5.234905,2.068570,2.774259,2.578353,2.644981,16.231432,2.571419, ,2.642175,2.641005,2.647844,10.568082, ,2.633462,2.586493,2.649200, ,9.751116,3.515585,3.400218,4.486476,3.495681, , ,3.008998,4.032366,3.529655,3.394065,3.554415,3.652963,3.458028, ,3.985244,3.707171, ,1.756458, ,1.753810,1.755206,1.753314,1.754028,1.753896,1.757884,1.756068,1.753609,1.756620,1.765750,1.757243,1.758219,13.155900,3.398665, ,2.290730,2.173789,5.502105,2.482141,2.293175,2.144489,2.293829,2.255094,2.252807,2.257802,1.933163,5.517057,1.953492, ,2.491124,5.035675,12.287974,2.082330,2.616598,2.342279,2.272815,30.547579,2.490748,2.268590,2.338659,14.753872,2.427991,2.342004,2.243324,2.542146,2.824915,2.999933,2.791061,2.999491,2.999233,2.999681,4.179348,2.651015,2.999047,21.398325,2.998492,2.998441,2.999693,2.999201,2.998792, ,2.663875,17.922369,20.325338,2.788476,2.772765,2.793223,10.955181,2.587094,2.806510,2.706168,3.952003,2.794629,2.748544,2.739073,2.753070,2.631096,2.764437,3.899381,5.800201,3.936140,2.312561, ,11.155511,2.272601,45.934389,16.305172,4.343068, ,4.334864,4.706099,3.226723,79.452574,5.541193,9.811210,9.631114,36.604573,2.245911,10.832235,7.609943,12.330363,56.675259,0.340712, ,8.061142,20.363746,41.276231,71.623770,4.088427,1.823806,4.810100,4.914787,2.339896,7.204364,3.853529,3.158434,6.021905,3.954890,2.004134,1.954110,9.097945,3.514670,2.033490,10.314669,1.860768,3.363071,9.417164, ,2.803586,3.058952,2.166393,5.725988,6.971906, ,2.880783,1.822529,1.460323, ,6.029308, ,7.991227,3.910148,3.644178,3.225475,7.043689,10.651139,3.393380,2.518254,13.309554,9.254939,9.798333,3.709273,3.831476,3.372017,2.738597, ,3.762127,3.066581,4.027848, , ,14.045449,10.997027,21.446793,5.985122,9.370141,10.168024,6.251674,24.309005,24.784302,2.495840, ,18.926139,7.173000,52.697356,3.593488,3.748725,4.099055,2.946321,4.730687,3.218972,3.300018,4.854965,3.482117,102.992158,4.335818,3.690914,5.354316,3.214327,5.018923,5.717201,2.861938,3.208063,2.592158,2.619707,5.260860,9.759566,2.935589,3.109733,2.063681,4.363003,6.581782,1.743015,1.917858,5.194146,2.770493, ,53.272986,2.782325,2.777394,2.788598,26.443661,31.582059,4.180310,2.784916,2.803651,2.779748,2.793318,2.799427,2.796382,2.767679,2.032972,2.034617, ,2.033313,2.044525,2.040677,2.038332, ,12.587541,16.897178,6.940076,1.972251,2.050846,2.050203, ,2.014989,2.565357,2.610814,5.437638,2.613493,3.277939,3.976680,7.748470,2.570587, ,2.587450,2.613344,3.809910,12.463950,2.586150,2.565463,2.587908,3.322208, ,3.331029,3.724691,2.676696,2.538888,2.750580, ,2.636069, ,3.188209,2.504962,2.614042,2.625135,2.780149,4.715634,3.849658,18.656962,6.236586,3.809189,3.925143,6.837691,3.880664,12.750616,3.889069,3.887313,3.831968,32.765586,3.851435,3.810288,3.917023,3.918289,2.792844,2.792682,2.793791,3.435666,2.794438,11.635838,2.797431,2.795670,2.798655,2.809189,2.799168,2.024506,2.802476,9.084067,5.250790,5.016126,2.988293,2.869432,2.868866,3.000453,2.869815,2.868508,2.869180,2.867853,2.867321,2.867766,2.868440,2.867687,2.868519,22.951406,3.200647,2.867845,1.778552,1.807566,1.815540,3.283753,1.805445,15.356949,1.777761,10.254178,1.778183,1.909118,1.776429,1.783671,1.764140,1.771960,3.941385,1.815383,2.480894,3.849059,3.468540,4.199574, ,22.649199, ,88.294513,3.272316,31.119812, ,5.578049,2.207372,4.082278,2.946717,50.924257,1.536192,69.160637, ,2.897735,1.636662, ,12.895737,2.390731, ,29.221896, ,2.365547,1.736582,2.282571,4.522634,35.161422, ,2.796138,1.884954,2.042777,2.099139, ,2.420978,2.366033,3.150686,4.546773,2.937267,1.916866,62.486709,2.534579, , , ,2.420244,3.544123,4.370634,4.548548,3.430103,5.117360,2.742662,38.484213,2.853401,2.413361,2.483637,3.843199,6.585735,5.898243, , ,4.745035,2.898565, ,2.934992, ,14.817962,97.774158, ,12.915465,1.641413,4.224922,70.893111,3.360340,8.215431,9.894847, ,2.284403,1.648773, ,2.270148,4.465473,16.117854,4.982470,2.415128,1.791407,2.114841,1.893970,3.278431,1.952836,29.360801,1.683343,2.422245,4.168679,3.190987,2.128149,1.890246,4.083184,6.459750,2.986022,1.728513, ,2.033960,1.946511,3.015037,3.115522,6.071564,1.597310, , ,3.944684, ,3.649787,36.861530,4.156370,3.423042,18.622870,4.392698,8.156517,4.360857,4.069563,2.922148,4.340218,8.563008,6.959586,4.660594,7.753365,43.281081,2.074667,273.588608, , ,25.706159,8.853603,4.888994,20.574068,3.704317,58.803467,1.877985,5.356439,2.295399,3.366101, , ,10.040812,43.879709,10.530342,13.278783,42.881639,6.374628,2.978926,4.155940,2.581537,10.395714,2.766793,34.929148, ,4.302917,12.066045,4.228173,4.193266,22.195443,3.957430, ,5.213991,102.083079, , ,5.282580,5.142204,4.052662,8.434718,2.392124,9.236969,2.959077,2.090961,12.873434,3.054067,2.683890,2.435049,5.595440,22.609104,3.280560,3.572363,2.002590,7.569151, ,4.965128,39.630368, , ,13.081759,36.438458,12.826910,2.331048,22.339696,2.037298,2.563798,1.884296, ,1.965960,8.414235,2.691385, ,1.750031,12.748513,1.630598,1.849292,3.932355,4.445648,2.683531,15.583826,6.158819,19.784000,2.525240,7.234472,38.318133,1.458249,2.770471,12.197520,2.035686,2.195489,1.605231,9.473243,1.869724,8.180286,6.927173,6.961410,1.686784,2.119628,2.411999,6.144470,4.363673,7.244508,4.653181,10.895134,3.240012,4.457975,4.658855,4.047397,2.575226,2.824406,6.105929,4.955628,3.368580,2.632148,3.353129,3.624145,4.380340,3.164713,3.200339,14.343167
    Burst Frequency (Hz),0.271667,0.271667,0.003333,0.271667, ,0.271667,0.271667,0.255000,0.223333,0.258333,0.113333,0.271667,0.271667, ,0.171667,0.001667,0.003333, ,0.218333, ,0.221667, ,0.046667,0.221667,0.001667,0.108333, ,0.031667, ,0.016667,0.158333,0.020000,0.190000, ,0.186667,0.190000,0.190000,0.155000,0.181667,0.190000,0.190000,0.190000,0.183333,0.190000,0.185000,0.190000, ,0.190000,0.153333, ,0.195000,0.155000,0.193333,0.195000,0.190000,0.195000, , , ,0.131667,0.195000,0.118333, ,0.003333,0.218333,0.196667,0.001667,0.013333,0.010000,0.001667,0.121667,0.023333,0.233333, ,0.033333,0.001667,0.205000,0.008333,0.051667,0.156667,0.023333,0.005000, , ,0.156667, ,0.126667,0.240000,0.005000,0.011667,0.245000,0.241667,0.035000,0.243333,0.001667,0.001667,0.201667, ,0.200000,0.086667,0.043333,0.001667, ,0.066667,0.201667,0.011667, ,0.201667,0.173333,0.088333,0.013333,0.133333,0.193333,0.193333,0.193333,0.193333,0.146667,0.088333,0.190000,0.106667,0.116667,0.193333,0.180000,0.180000,0.191667,0.178333,0.193333,0.193333,0.176667,0.176667,0.175000, ,0.008333,0.163333, ,0.160000,0.176667,0.176667,0.023333,0.001667,0.175000,0.035000,0.118333,0.176667,0.186667,0.198333,0.221667,0.033333,0.210000, ,0.221667,0.221667,0.221667,0.085000, ,0.220000,0.210000,0.221667,0.001667,0.005000,0.201667,0.180000,0.130000,0.196667, , ,0.158333,0.116667,0.203333,0.183333,0.210000,0.163333,0.186667, ,0.133333,0.176667, ,0.206667, ,0.206667,0.206667,0.206667,0.206667,0.206667,0.206667,0.206667,0.206667,0.206667,0.206667,0.206667,0.206667,0.015000,0.136667, ,0.181667,0.176667,0.110000,0.161667,0.181667,0.163333,0.181667,0.180000,0.180000,0.180000,0.168333,0.115000,0.161667, ,0.150000,0.005000,0.066667,0.130000,0.153333,0.146667,0.145000,0.030000,0.150000,0.145000,0.148333,0.041667,0.138333,0.146667,0.145000,0.151667,0.126667,0.130000,0.126667,0.130000,0.130000,0.130000,0.103333,0.118333,0.130000,0.033333,0.130000,0.130000,0.130000,0.130000,0.130000, ,0.181667,0.041667,0.035000,0.205000,0.201667,0.205000,0.071667,0.181667,0.206667,0.190000,0.140000,0.188333,0.198333,0.196667,0.198333,0.188333,0.175000,0.158333,0.111667,0.141667,0.221667, ,0.071667,0.203333,0.006667,0.045000,0.130000, ,0.128333,0.116667,0.161667,0.015000,0.126667,0.065000,0.071667,0.016667,0.253333,0.063333,0.090000,0.068333,0.008333,0.005000, ,0.116667,0.031667,0.013333,0.016667,0.156667,0.248333,0.145000,0.138333,0.208333,0.111667,0.163333,0.181667,0.100000,0.161667,0.225000,0.250000,0.070000,0.185000,0.245000,0.068333,0.246667,0.185000,0.080000,0.001667,0.185000,0.175000,0.196667,0.103333,0.128333,0.001667,0.185000,0.213333,0.213333, ,0.125000, ,0.091667,0.196667,0.201667,0.221667,0.145000,0.076667,0.210000,0.265000,0.058333,0.108333,0.095000,0.198333,0.193333,0.218333,0.258333, ,0.190000,0.191667,0.156667,0.003333, ,0.048333,0.078333,0.038333,0.133333,0.108333,0.076667,0.093333,0.048333,0.026667,0.218333, ,0.041667,0.090000,0.010000,0.145000,0.156667,0.113333,0.193333,0.128333,0.185000,0.163333,0.110000,0.183333,0.010000,0.123333,0.161667,0.095000,0.181667,0.140000,0.108333,0.215000,0.186667,0.248333,0.245000,0.131667,0.071667,0.210000,0.195000,0.270000,0.155000,0.101667,0.335000,0.323333,0.145000,0.203333, ,0.016667,0.203333,0.203333,0.203333,0.040000,0.026667,0.150000,0.201667,0.203333,0.203333,0.205000,0.205000,0.203333,0.198333,0.211667,0.211667, ,0.211667,0.203333,0.211667,0.211667,0.001667,0.055000,0.041667,0.105000,0.205000,0.211667,0.211667, ,0.210000,0.181667,0.186667,0.126667,0.186667,0.166667,0.145000,0.095000,0.183333, ,0.185000,0.186667,0.136667,0.073333,0.183333,0.181667,0.185000,0.136667, ,0.135000,0.125000,0.176667,0.148333,0.133333, ,0.176667, ,0.145000,0.166667,0.161667,0.176667,0.161667,0.136667,0.146667,0.038333,0.098333,0.143333,0.150000,0.110000,0.148333,0.063333,0.148333,0.148333,0.145000,0.026667,0.146667,0.143333,0.150000,0.150000,0.148333,0.148333,0.148333,0.128333,0.148333,0.053333,0.148333,0.148333,0.148333,0.146667,0.148333,0.313333,0.148333,0.078333,0.098333,0.115000,0.178333,0.181667,0.181667,0.180000,0.181667,0.181667,0.181667,0.181667,0.181667,0.181667,0.181667,0.181667,0.181667,0.036667,0.168333,0.181667,0.231667,0.233333,0.233333,0.193333,0.233333,0.078333,0.230000,0.086667,0.230000,0.228333,0.231667,0.230000,0.235000,0.231667,0.210000,0.231667,0.221667,0.155000,0.178333,0.126667,0.001667,0.023333, ,0.006667,0.166667,0.006667, ,0.091667,0.226667,0.118333,0.176667,0.013333,0.283333,0.008333, ,0.191667,0.246667, ,0.063333,0.206667, ,0.010000, ,0.196667,0.236667,0.210000,0.123333,0.016667,0.003333,0.185000,0.236667,0.220000,0.230000, ,0.206667,0.220000,0.191667,0.143333,0.181667,0.221667,0.008333,0.210000,0.001667, , ,0.260000,0.176667,0.158333,0.140000,0.173333,0.145000,0.213333,0.018333,0.221667,0.231667,0.220000,0.166667,0.115000,0.108333, , ,0.115000,0.185000, ,0.165000, ,0.050000,0.010000, ,0.061667,0.251667,0.138333,0.008333,0.165000,0.083333,0.080000, ,0.201667,0.266667, ,0.215000,0.121667,0.060000,0.116667,0.195000,0.260000,0.235000,0.260000,0.178333,0.241667,0.021667,0.258333,0.210000,0.138333,0.161667,0.230000,0.255000,0.130000,0.086667,0.180000,0.253333,0.001667,0.226667,0.243333,0.176667,0.185000,0.088333,0.285000, , ,0.126667, ,0.155000,0.023333,0.126667,0.180000,0.046667,0.123333,0.078333,0.116667,0.113333,0.200000,0.106667,0.055000,0.106667,0.141667,0.088333,0.008333,0.220000,0.005000, , ,0.028333,0.093333,0.158333,0.036667,0.166667,0.008333,0.255000,0.141667,0.215000,0.151667, , ,0.055000,0.008333,0.068333,0.043333,0.016667,0.080000,0.176667,0.130000,0.195000,0.053333,0.195000,0.016667,0.003333,0.106667,0.050000,0.116667,0.110000,0.026667,0.146667, ,0.091667,0.011667, , ,0.095000,0.091667,0.115000,0.048333,0.220000,0.081667,0.178333,0.231667,0.068333,0.170000,0.178333,0.188333,0.098333,0.041667,0.173333,0.136667,0.231667,0.086667, ,0.118333,0.010000, , ,0.063333,0.026667,0.061667,0.258333,0.033333,0.286667,0.236667,0.301667, ,0.288333,0.083333,0.225000, ,0.270000,0.005000,0.298333,0.241667,0.170000,0.131667,0.193333,0.076667,0.106667,0.015000,0.218333,0.073333,0.016667,0.291667,0.183333,0.066667,0.233333,0.235000,0.300000,0.095000,0.261667,0.091667,0.108333,0.096667,0.288333,0.223333,0.201667,0.091667,0.135000,0.086667,0.148333,0.073333,0.141667,0.106667,0.106667,0.125000,0.201667,0.163333,0.096667,0.095000,0.161667,0.180000,0.138333,0.123333,0.111667,0.140000,0.158333,0.036667
    IBI Coefficient of Variation,0.302624,0.302719, ,0.302806, ,0.303241,0.303139,0.414047,0.494607,0.381576,0.977176,0.303159,0.303749, ,0.663759, , , ,0.562570, ,0.544080, ,1.279044,0.542958, ,0.769125, ,0.909616, ,0.879729,0.714633,0.742467,0.309566, ,0.376875,0.309204,0.309399,0.527899,0.255859,0.309005,0.309125,0.309141,0.369730,0.308883,0.339306,0.309066, ,0.308757,0.494539, ,0.293534,0.442336,0.317406,0.293335,0.254544,0.293523, , , ,0.639935,0.293733,0.752291, , ,0.474909,0.530817, ,1.017927,1.101865, ,0.823966,1.187580,0.508290, ,0.839933, ,0.442016,0.891004,0.843043,0.663440,0.965616,1.363954, , ,0.735023, ,0.849990,0.312651,0.564077,1.450031,0.322365,0.318532,1.153968,0.314819, , ,0.417006, ,0.427660,0.796307,0.837202, , ,0.964734,0.416242,0.524324, ,0.416724,0.552511,0.744908,0.722283,0.661588,0.255421,0.255309,0.255131,0.255198,0.551277,0.714142,0.295892,0.750877,0.649142,0.255048,0.371382,0.415027,0.246815,0.383386,0.254869,0.254753,0.369572,0.369617,0.358494, ,1.166435,0.317124, ,0.394422,0.369361,0.370647,1.011113, ,0.358448,0.641195,0.623070,0.369309,0.524554,0.518249,0.594301,0.541232,0.547526, ,0.594086,0.593816,0.594950,0.910661, ,0.587636,0.550787,0.595258, ,0.138343,0.715873,0.617370,0.592091,0.694017, , ,0.479956,0.472131,0.724719,0.627768,0.753926,0.607302,0.651334, ,0.534232,0.660511, ,0.363726, ,0.363178,0.363468,0.363076,0.363224,0.363197,0.364022,0.363646,0.363137,0.363761,0.365651,0.363890,0.364092,0.249255,0.467212, ,0.419881,0.387379,0.606963,0.404408,0.420328,0.353038,0.420441,0.409518,0.409103,0.410016,0.328087,0.642910,0.318280, ,0.374269,0.059431,0.814812,0.280255,0.401955,0.343999,0.329960,0.932466,0.374213,0.329347,0.347413,0.648800,0.336092,0.343958,0.325679,0.386226,0.360689,0.393249,0.356366,0.393193,0.393156,0.393215,0.440487,0.315918,0.393131,0.759404,0.393059,0.393053,0.393216,0.393151,0.393099, ,0.490975,0.746156,0.712632,0.576541,0.563907,0.577526,0.812806,0.476815,0.585029,0.521857,0.555905,0.530454,0.549655,0.543119,0.550561,0.499412,0.482047,0.616843,0.645862,0.554370,0.511797, ,0.811572,0.461060,0.601238,0.769888,0.564208, ,0.557896,0.549887,0.519332,1.205059,0.716474,0.640632,0.700890,0.666680,0.567752,0.691039,0.687408,0.860500,0.516166,0.013418, ,0.931214,0.887061,0.577884,1.176942,0.636556,0.451393,0.697478,0.679521,0.485208,0.801688,0.630295,0.570467,0.599031,0.634917,0.449095,0.486932,0.633194,0.646516,0.496498,0.700362,0.457434,0.620912,0.752353, ,0.517910,0.534282,0.425669,0.593506,0.889851, ,0.538340,0.388713,0.311274, ,0.758431, ,0.733508,0.765392,0.731619,0.712307,1.013488,0.905234,0.709662,0.665663,0.785502,1.030335,0.952421,0.732269,0.737155,0.733460,0.705661, ,0.712729,0.599372,0.642221, , ,0.689442,0.886877,0.809342,0.794148,1.028391,0.784447,0.589563,1.193631,0.651911,0.544989, ,0.845865,0.653618,0.600144,0.526408,0.593873,0.472207,0.567928,0.612458,0.596218,0.545317,0.542555,0.639080,1.099519,0.539116,0.593907,0.515514,0.591408,0.696497,0.611814,0.612512,0.595402,0.641455,0.639513,0.692563,0.719463,0.613550,0.603159,0.555541,0.671151,0.660309,0.582882,0.618914,0.746901,0.564980, ,1.189766,0.567399,0.566396,0.568679,1.066568,0.830827,0.652431,0.563237,0.571748,0.566874,0.574352,0.575609,0.570270,0.550420,0.435910,0.436262, ,0.435986,0.420990,0.437562,0.437065, ,0.725283,0.740646,0.760935,0.409464,0.439743,0.439605, ,0.428622,0.466982,0.488458,0.687393,0.488963,0.546973,0.601254,0.746611,0.472279, ,0.479729,0.488940,0.535004,0.910021,0.475132,0.467008,0.479821,0.454439, ,0.450045,0.471128,0.473801,0.377311,0.373966, ,0.466608, ,0.463053,0.418842,0.423834,0.464642,0.450762,0.643911,0.559914,0.705653,0.628093,0.541287,0.584015,0.752283,0.570906,0.798532,0.572149,0.571890,0.550932,0.887769,0.560176,0.541439,0.582803,0.582987,0.414341,0.414308,0.414471,0.440193,0.414568,0.633311,0.415011,0.414746,0.415191,0.412016,0.415267,0.634222,0.415755,0.714543,0.520767,0.575025,0.542796,0.531072,0.530941,0.550147,0.531108,0.530871,0.530996,0.530755,0.530641,0.530724,0.530855,0.530715,0.530862,0.843334,0.548455,0.530744,0.413509,0.423302,0.425171,0.636212,0.422799,1.208422,0.410329,0.894581,0.410418,0.437427,0.413011,0.411690,0.416086,0.411967,0.830021,0.422063,0.547384,0.595854,0.614553,0.530002, ,0.513320, ,0.754577,0.545117,0.252973, ,0.511329,0.498130,0.485090,0.517163,0.633914,0.439267,0.489774, ,0.558876,0.407078, ,0.807235,0.497570, ,0.436030, ,0.468249,0.414323,0.482788,0.558577,0.781331, ,0.517608,0.447277,0.450338,0.484004, ,0.501121,0.521610,0.604437,0.650388,0.533907,0.425815,0.512947,0.533148, , , ,0.628694,0.623628,0.688475,0.647022,0.592090,0.737511,0.583721,0.706417,0.631209,0.558132,0.545250,0.637627,0.750509,0.639093, , ,0.557805,0.534609, ,0.492112, ,0.751258,0.992478, ,0.847595,0.412830,0.592715,0.755981,0.563411,0.703755,0.807239, ,0.464510,0.444218, ,0.492378,0.544802,0.955882,0.582546,0.474710,0.470018,0.501696,0.497433,0.588833,0.476496,0.669596,0.439261,0.518054,0.584853,0.518518,0.493543,0.486388,0.537940,0.563675,0.540738,0.441872, ,0.464845,0.477695,0.535827,0.580169,0.540182,0.459673, , ,0.502415, ,0.570229,0.866577,0.529381,0.621981,0.948191,0.544560,0.637152,0.510974,0.463018,0.590509,0.464338,0.477696,0.752675,0.671989,0.692118,0.912000,0.463619,1.111798, , ,0.767843,0.814863,0.788829,0.806578,0.629460,0.658820,0.483734,0.772255,0.493706,0.513581, , ,0.660700,0.821898,0.737345,0.607895,0.931051,0.589827,0.525645,0.542488,0.503199,0.599436,0.539346,0.676673, ,0.455984,0.617356,0.490637,0.458426,0.639814,0.579069, ,0.473535,1.219830, , ,0.497559,0.467027,0.463509,0.444828,0.524847,0.755496,0.531214,0.487106,0.899449,0.520614,0.481810,0.461903,0.549611,1.063254,0.567882,0.490032,0.462849,0.653699, ,0.588590,0.371946, , ,0.843514,1.025058,0.808289,0.603577,0.762330,0.587893,0.614443,0.570363, ,0.570626,0.700780,0.618207, ,0.474382,0.074458,0.485648,0.448370,0.680858,0.601131,0.522339,1.222361,0.672628,0.426358,0.562728,0.539270,0.625104,0.424559,0.508458,0.824657,0.475657,0.516680,0.483004,0.927738,0.490306,0.758915,0.757535,0.693895,0.487706,0.476459,0.486511,0.595530,0.595339,0.634448,0.692047,0.804474,0.465646,0.480523,0.502148,0.507796,0.520869,0.464485,0.595459,0.474799,0.548266,0.474703,0.466157,0.448545,0.494627,0.445333,0.507046,0.552285
    Normalized Duration IQR,0.000000,0.073777, ,0.000000, ,0.000000,0.000000,0.000000,0.000000,0.000000,0.000000,0.073995,0.000000, ,0.088178, , , ,0.000000, ,0.086472, ,0.000000,0.082755, ,0.000000, ,0.098292, ,0.726566,0.000000,0.000000,0.072368, ,0.000000,0.069283,0.060330,0.000000,0.074346,0.065977,0.068356,0.076389,0.072473,0.057622,0.069708,0.134761, ,0.076041,0.000000, ,0.074791,0.089311,0.000000,0.000000,0.000000,0.080622, , , ,0.091466,0.000000,0.000000, , ,0.085820,0.097716, ,0.000000,0.000000, ,0.000000,0.099070,0.081171, ,0.748132, ,0.088365,0.082809,0.000000,0.095116,0.073886, , , ,0.078498, ,0.142188,0.136749, ,0.136898,0.063067,0.132759,0.000000,0.067690, , ,0.179262, ,0.123064,0.144863,0.000000, , ,0.132303,0.121245,6.643812, ,0.195712,0.065648,0.068524,0.000000,0.818079,0.000000,0.000000,0.000000,0.000000,0.225858,0.086652,0.000000,0.000000,0.000000,0.000000,0.084061,0.000000,0.000000,0.000000,0.000000,0.000000,0.624065,0.566890,0.575435, ,0.177482,1.381750, ,0.679843,0.625626,0.548260,0.763790, ,0.637093,1.121404,0.063970,0.189919,0.000000,0.000000,0.121954,0.588064,0.000000, ,0.113854,0.110730,0.245825,0.546995, ,0.000000,0.594136,0.000000, , ,0.933770,0.000000,6.523111,1.016245, , ,0.279505,10.646150,1.025616,0.777865,0.890570,0.124194,0.226881, ,5.589582,0.947469, ,0.111619, ,0.000000,0.058049,0.355385,0.000000,0.059911,0.493451,0.057848,0.000000,0.000000,0.408429,0.054050,0.055972,0.799261,1.335855, ,0.000000,0.977063,0.000000,0.117820,0.249129,0.407132,0.904247,1.051472,0.120952,0.732202,0.000000,0.000000,1.276787, ,0.060888, ,0.503016,0.058117,0.000000,0.000000,0.055365,2.290565,0.000000,0.000000,0.000000,4.688151,0.061790,0.057582,0.420910,0.050843,0.068058,0.300678,0.552200,0.066029,0.068958,0.000000,0.000000,0.000000,0.069746,0.075948,0.000000,0.000000,0.000000,0.069456,0.000000, ,0.873256,6.099570,0.933770,0.200950,1.075574,1.065398,0.000000,0.547594,1.116635,1.319421,1.590911,0.630177,1.284066,1.185396,1.169394,1.156187,0.223438,0.235198,0.235641,0.324158,0.238788, ,0.836025,0.218750,0.392242,2.731990,0.248511, ,0.199244,0.232359,0.334559,0.000000,0.472616,0.268509,0.442138,8.089608,0.737766,0.000000,0.679566,0.420589,0.000000, , ,0.396593,0.667334,5.861424,0.361111,0.776486,0.377451,0.306679,0.349024,0.480142,0.485734,0.323321,0.130747,0.437500,0.566177,0.349837,0.328556,0.232359,0.695784,0.333667,0.339553,0.588547,0.380320,0.290314, ,0.366936,0.366936,0.151209,0.811184,0.537018, ,0.719937,0.533583,0.432709, ,0.151117, ,0.179777,0.572655,0.325847,0.577279,0.194899,0.277901,0.419414,0.283730,0.588824,0.507950,0.466885,0.300782,0.266649,0.563627,0.510194, ,0.318790,0.477577,0.427048, , ,0.374066,0.263977,0.446556,0.927712,0.537018,0.906293,0.603013,0.323879,0.304935,0.425596, ,1.256637,0.784894,0.829926,0.673751,0.879393,0.447995,0.836608,0.523171,1.012339,0.631414,0.365685,0.896954,0.000000,0.652827,0.773970,0.480327,0.870436,0.313400,0.664146,0.417780,0.189584,0.412954,0.539332,0.415698,0.320834,0.498838,0.338176,0.405592,0.353961,0.504537,0.435976,0.564050,0.344223,0.000000, ,0.481714,0.088773,0.226471,0.201004,2.673614,0.287077,0.133254,0.096622,0.092582,0.000000,0.105413,0.096473,0.108333,0.094008,0.174027,0.122432, ,0.000000,0.466450,0.000000,0.000000, ,0.000000,0.000000,0.182931,0.000000,0.233008,0.123034, ,0.000000,0.417780,0.081888,0.302600,0.248511,0.603740,0.626252,0.291667,0.178750, ,0.119167,0.128796,0.000000,0.000000,0.000000,0.531317,0.151851,0.202304, ,0.178368,0.000000,0.189823,0.359555,0.241321, ,0.375977, ,0.232575,0.323321,0.174634,0.252523,0.207332,0.692255,0.097487,1.752453,0.242961,0.000000,0.000000,0.568320,0.000000,0.438267,0.000000,0.098214,0.090148,0.111944,0.000000,0.297681,0.000000,0.000000,0.119852,0.000000,0.000000,0.000000,0.000000,0.000000,0.119852,0.000000,0.131021,0.103925,0.000000,0.000000,0.000000,0.115429,0.417084,1.127253,0.145664,0.000000,0.117931,0.000000,0.000000,0.000000,0.000000,0.158990,0.119394,0.000000,0.000000,0.505556,0.160211,0.000000,0.611859,0.000000,0.634509,0.350245,0.149047,0.000000,0.000000,0.519191,0.160314,0.500000,0.000000,0.000000,0.551212,0.167391,0.136898,0.152965,0.203953,0.134979,0.637743,0.452696,0.755472,0.603594, ,0.849746, ,0.658553,0.289474,0.541277, ,0.847229,0.478490,0.354965,0.331238,0.685902,0.662038,1.895835, ,0.995313,0.468195, ,1.189402,0.959338, ,0.000000, ,0.727119,0.544022,0.766072,1.529647,0.000000, ,0.666445,0.378022,0.282290,0.803114, ,0.431962,0.188868,0.312813,0.000000,0.930298,0.177987,0.926853,0.367745, , , ,0.538007,0.248758,0.167504,0.521536,0.538173,0.000000,0.226368,0.500501,0.432211,0.603886,0.846393,0.331457,0.380320,0.646085, , ,0.193992,0.336811, ,0.341872, ,0.278365,1.106078, ,0.225858,0.344697,0.325847,0.907394,0.415698,0.301506,0.278365, ,0.325423,0.179648, ,0.447675,0.242022,0.000000,0.208195,0.387384,0.185508,0.220291,0.426684,0.503016,0.317576,1.468605,0.388587,0.185646,0.196121,0.423674,0.357500,0.671993,0.310099,0.500001,0.269957,0.692255, ,0.679658,0.629957,0.163242,0.641667,0.000000,0.616380, , ,0.770950, ,0.158990,3.362825,0.261768,0.350982,0.000000,0.508294,0.316172,0.207161,0.190885,0.304626,0.609871,1.092796,0.342965,0.371659,0.442138,1.726947,0.408072, , , ,0.000000,3.959474,0.573968,0.290989,0.747388,0.453352,0.656087,0.962995,0.572001,0.418479, , ,0.219904,0.223438,0.447408,1.015056,0.000000,0.395966,0.359555,0.265941,0.767639,0.455000,0.555125,0.298806, ,0.705593,2.753028,0.609178,0.500501,0.466595,0.852434, ,0.335906,0.114479, , ,0.308190,0.355469,0.460019,0.385594,0.653182,0.579730,0.925606,0.980486,0.934306,0.680028,0.724463,0.957812,0.392242,0.271421,0.843405,0.631307,1.245589,0.330582, ,1.003677,2.519066, , ,0.460866,3.995592,0.669835,0.364265,0.345411,0.523536,0.493590,0.244863, ,0.520271,0.000000,0.584697, ,0.521355, ,0.463999,0.332780,0.595479,0.522807,0.289474,0.189871,0.205460,1.219246,0.308190,0.322280,0.695784,0.378022,0.394095,0.446875,0.471874,0.186476,0.299522,0.278675,0.332338,0.000000,0.170007,0.000000,0.363032,0.403847,0.786126,0.347088,0.467466,0.435218,0.295455,0.867920,0.298272,0.347248,0.320628,0.268797,0.549598,0.536730,0.260406,0.313204,0.512108,0.474408,0.427778,0.411596,0.423435,0.395132,0.479407,0.286655
    Burst Percentage,99.614520,99.201198,1.983471,99.933043,0.000000,99.760766,99.966887,92.105263,85.150812,96.178036,46.793003,99.363226,99.322289,0.000000,67.245817,0.657030,3.403141,0.000000,98.362803, ,98.063822,0.000000,28.140097,91.561939,1.458333,56.472795, ,20.321637,0.000000,11.418048,77.425204,12.422360,99.780702,0.000000,98.281991,99.883178,98.299453,86.096257,96.904441,99.699700,99.499666,99.476987,93.562779,99.501247,98.577958,99.751067,0.000000,99.894958,81.600832,0.000000,99.884748,84.794776,98.354793,99.841102,98.700565,99.261603,0.000000,0.000000,0.000000,73.305085,99.685864,68.196371,0.000000,4.891304,96.508300,88.618468,1.724138,9.182209,8.098592,3.125000,61.016949,15.830721,99.322211, ,20.121951,1.580135,91.513437,1.900773,29.028571,74.162679,14.907652,4.220779, ,0.000000,68.688400,0.000000,58.699060,95.042812,2.857143,7.452575,99.938093,98.847584,18.715393,99.650655,1.223242,1.772152,99.724686,0.000000,99.451082,53.551913,35.023041,1.971831,0.000000,43.488943,99.402271,9.512195, ,99.151967,89.487346,55.580357,12.410501,68.932039,99.349760,81.833910,99.669967,99.721190,79.470199,51.740139,95.760234,59.593679,65.267576,99.316239,95.008052,95.127436,99.410995,93.629032,99.709544,99.391069,99.757702,63.071538,98.750521,0.000000,8.168317,94.848206,0.000000,95.741056,99.637155,97.473222,30.398323,2.631579,98.408044,35.630252,81.197381,98.522844,96.928983,98.845043,99.807544,50.189633,99.474606,0.000000,99.188906,97.955447,99.263894,62.103929,0.000000,98.929889,96.192454,99.514395,2.380952,3.962704,99.270073,98.785639,90.122660,99.361702,0.000000,0.000000,98.925620,88.720379,99.487334,92.904074,99.031122,97.261040,97.739130,0.000000,92.318534,97.985948,0.000000,94.338624,0.000000,98.476739,97.213553,97.390637,97.761391,96.964097,89.260480,99.333333,96.690179,97.516451,94.576848,97.663551,96.413912,26.731079,86.556360,0.000000,98.634812,96.463178,76.237624,97.206304,98.374962,96.588324,94.996853,97.020776,97.910573,94.360171,97.332466,74.097136,95.507947,0.000000,99.357602,11.507937,53.510140,94.938918,99.941038,98.906606,89.116719,39.546191,99.628161,99.339339,99.347015,46.237864,96.840558,99.067909,95.843422,98.534251,95.321637,96.580189,94.469812,96.059783,95.933839,96.433626,86.858006,94.601227,91.534009,35.941320,98.785425,96.073298,98.872180,98.104864,98.922801,0.000000,96.198651,46.312684,30.458716,97.938428,92.073351,93.624161,49.222065,98.062678,95.989305,97.227036,87.488749,96.293103,98.098664,97.502566,97.788235,97.627643,85.542169,69.774920,57.789382,70.315236,84.321476,0.000000,53.459973,85.928629,5.034325,34.325744,76.213992,0.000000,71.187683,79.060665,70.780399,17.670683,60.219178,41.104294,75.815739,26.041667,84.350688,43.478261,45.150502,34.841193,6.142035,3.138075,0.000000,50.481125,29.411765,20.000000,24.691358,71.391753,92.658290,89.967105,75.505407,86.231884,69.939183,88.601272,88.039867,84.095861,75.255255,87.686833,91.103604,79.816514,80.910358,92.111219,68.273717,91.050321,85.840708,72.850679,4.444444,84.816248,79.655612,86.495327,59.815668,75.121359,5.882353,82.012987,91.458107,88.507967,0.000000,76.654545,0.000000,68.018721,83.067620,85.794297,87.669173,48.438275,71.567044,90.523500,96.812630,58.524173,64.030858,56.281407,85.232252,87.132141,87.336740,92.365313,0.000000,85.052984,79.191825,70.797359,3.869048, ,53.015075,61.232227,32.150776,64.861205,58.149058,55.960591,68.331303,44.363636,27.638191,83.474576,0.000000,48.674242,86.150491,57.798165,75.778078,80.801491,75.700129,82.361824,77.682737,83.979058,81.979600,79.494008,84.083993,20.261438,72.271386,79.009236,89.799331,85.696859,70.976395,79.216867,79.292694,79.043280,83.538588,86.438308,62.132353,60.465116,75.875625,77.087794,87.595489,73.968254,55.282818,83.729050,94.641362,73.301806,97.255763,0.000000,16.369048,99.022271,95.979186,99.037351,28.714524,40.605521,86.413902,93.690191,98.421808,98.799520,98.992713,98.658777,98.594446,99.203187,97.643732,95.998759,0.000000,97.086420,95.889387,97.798742,87.310827,1.481481,36.875000,30.212766,60.935673,98.572703,97.395599,98.244452, ,99.325843,95.886076,95.439045,76.903870,83.456183,89.130435,83.778234,61.912752,97.194514,0.000000,97.359155,97.383390,80.891720,49.904398,97.763158,95.791115,96.527778,92.024540,0.000000,88.333333,93.740458,92.170233,65.273159,90.892532,0.000000,96.891192,0.000000,89.723320,85.992732,89.321129,90.876565,91.196087,87.262491,98.264917,38.108108,74.541752,97.299578,98.354951,80.369128,98.263193,62.711864,97.799120,98.787642,98.847067,25.296443,97.191011,96.835860,99.740372,98.929050,98.304127,99.529135,98.237023,93.181818,98.979592,48.056537,99.675588,98.947896,96.646341,99.147727,97.521368,98.132477,98.073428,63.929147,76.122449,82.644628,95.974743,91.834452,82.343701,96.628289,98.718515,94.888889,96.402878,98.349665,98.622881,98.844577,99.389417,93.501577,98.756661,31.451613,72.843450,96.798493,92.083333,98.050818,91.543399,91.081594,89.592082,41.620422,96.449500,46.854083,97.836863,98.420013,92.303274,95.887446,97.774390,97.734295,71.325167,83.139965,86.772022,81.942393,76.605669,60.367097,1.646091,31.309904, ,11.299435,78.629690,11.656442,0.000000,65.623495,89.711346,71.502591,79.889503,16.341463,90.920651,16.666667,0.000000,77.051527,87.577306, ,48.933144,77.799228,0.000000,18.604651, ,75.961538,90.091512,79.577465,61.777778,30.270270,6.578947,87.456790,96.676944,90.515222,93.825301,0.000000,88.766426,95.353982,90.273312,85.296217,85.055762,91.831239,11.956522,93.473402,2.666667, ,0.000000,83.523207,83.120626,85.878301,71.005917,79.594478,93.181818,90.040210,24.880383,52.870473,89.262187,86.271676,82.032668,79.473106,45.889262, ,0.000000,77.186844,84.565346,0.000000,79.962073, ,38.446602,23.783784,0.000000,59.135286,98.532495,64.385027,23.140496,82.960526,48.905109,42.383292, ,89.716599,98.232155,0.000000,88.894850,68.848997,50.323974,74.847251,87.150838,97.702539,93.153237,87.923109,85.478548,95.680719,21.751412,96.826596,80.109489,75.425791,75.413120,86.335013,89.497878,74.495848,87.014925,69.417833,89.052632,3.225806,88.090349,85.290848,75.673030,85.670864,72.621359,94.361763,0.000000,0.000000,38.217421,0.000000,75.959203,37.783075,77.954425,78.429681,36.695279,67.241379,84.546805,71.514544,59.544383,81.624826,79.646018,59.208262,83.994016,75.947590,82.142857,6.736353,79.768204,35.897436, ,0.000000,42.678571,55.025241,66.093023,83.333333,68.394024,14.110429,78.383037,81.845688,88.850535,86.135508,0.000000, ,66.145833,20.175439,74.664680,44.791667,18.155620,69.986169,89.382239,84.161267,85.660047,51.177730,86.656383,54.166667,5.102041,69.459757,48.899083,76.743232,56.794195,26.069246,71.671105,0.000000,76.132075,32.116788, , ,83.666934,71.111111,64.173476,69.759450,81.496273,52.697420,72.464327,80.869104,53.264249,70.236573,72.188906,75.000000,59.052059,51.700680,78.742802,66.045549,78.818488,68.595041,0.000000,57.494145,14.380531,0.000000,0.000000,48.936170,25.543478,37.753223,73.763251,30.657748,95.521720,88.884280,92.982456,0.000000,94.890511,54.510921,83.658257,0.000000,84.021774,2.640643,81.598063,82.594825,80.409556,48.610169,72.918419,72.857143,42.834138,16.842105,80.078466,36.663008,25.114155,83.404676,74.500270,27.667611,88.570224,88.468158,98.595944,54.221636,70.145695,61.994609,59.120674,64.081633,94.457143,85.969616,83.413231,58.410138,67.320704,62.481089,65.497076,78.191489,72.131148,63.059919,90.727081,60.008055,80.693690,82.330508,54.239664,76.814815,71.828068,74.063800,72.598753,62.876254,67.670505,64.079642,71.544715,49.003984

