AxIS Spike File,Z:\Z_basket\EndPoints\231005_LvM_256300_109-1763_MEA_rCortex_Acute_Baseline_DDT_Male_DIV9(000)(000).spk
File Type,48-well

Analysis Start,1200.000000
Analysis End,1800.000000
Active Electrode Criterion (spks/min), 6
Minimum Covered Resistance (kOhms),18
Remove Coincident Artifacts,True

Electrode Burst Settings,
    Algorithm,Poisson Surprise,
    Min Surprise,10.000000

Network Burst Settings,
    Algorithm,ISI Threshold,Adaptive,
    Min # of Spikes,40.000000
    Min # of Electrodes (%),15.000000

Synchrony Settings,
    Synchrony Window,20.000000

Average Network Burst Analysis Settings,
    Number of network bursts vary by well
    Network Burst Window Start (ms),0.000000
    Network Burst Window End (ms),100.000000
    Bin Size (ms),1.000000

Well Averages,A1,A2,A3,A4,A5,A6,A7,A8,B1,B2,B3,B4,B5,B6,B7,B8,C1,C2,C3,C4,C5,C6,C7,C8,D1,D2,D3,D4,D5,D6,D7,D8,E1,E2,E3,E4,E5,E6,E7,E8,F1,F2,F3,F4,F5,F6,F7,F8,
Treatment/ID,,,,,,,,,,,,,,,,,,,,,,,,,,,,,,,,,,,,,,,,,,,,,,,,
Activity Metrics
    Number of Spikes,16408.000000,15203.000000,8813.000000,16694.000000,13684.000000,3535.000000,9174.000000,3429.000000,10445.000000,10231.000000,12138.000000,9732.000000,12155.000000,2874.000000,12654.000000,3820.000000,15599.000000,11149.000000,6980.000000,6061.000000,5155.000000,3086.000000,7364.000000,2578.000000,9402.000000,7946.000000,212.000000,6381.000000,7242.000000,2496.000000,16497.000000,2261.000000,9374.000000,14203.000000,5527.000000,3644.000000,17314.000000,3103.000000,5687.000000,2569.000000,5734.000000,3363.000000,31391.000000,3.000000,8550.000000,1477.000000,10737.000000,3503.000000
    Mean Firing Rate (Hz),1.709167,1.583646,0.918021,1.738958,1.425417,0.368229,0.955625,0.357187,1.088021,1.065729,1.264375,1.013750,1.266146,0.299375,1.318125,0.397917,1.624896,1.161354,0.727083,0.631354,0.536979,0.321458,0.767083,0.268542,0.979375,0.827708,0.022083,0.664687,0.754375,0.260000,1.718438,0.235521,0.976458,1.479479,0.575729,0.379583,1.803542,0.323229,0.592396,0.267604,0.597292,0.350313,3.269896,0.000313,0.890625,0.153854,1.118438,0.364896
    ISI Coefficient of Variation - Avg,5.297806,7.271510,4.972795,6.267267,4.418914,3.398128,4.374284,3.269250,4.797308,6.408483,5.490096,6.854594,3.835066,4.152314,9.235394,3.298373,3.713569,4.615430,8.385466,4.976158,6.532782,4.416535,6.394628,4.434600,3.975091,3.809602,2.234406,10.226045,4.914771,4.017312,6.971618,3.847288,4.545314,6.304611,5.038629,4.078877,4.748325,3.764049,7.010999,3.600797,3.473474,3.367671,4.796725, ,3.768040,4.502607,4.423416,3.962666
    Number of Active Electrodes,16.000000,16.000000,15.000000,15.000000,13.000000,12.000000,16.000000,10.000000,16.000000,16.000000,16.000000,16.000000,14.000000,13.000000,16.000000,12.000000,15.000000,15.000000,15.000000,14.000000,16.000000,13.000000,16.000000,11.000000,15.000000,13.000000,2.000000,1.000000,14.000000,13.000000,16.000000,12.000000,16.000000,14.000000,16.000000,10.000000,16.000000,13.000000,15.000000,13.000000,13.000000,11.000000,16.000000,0.000000,16.000000,8.000000,15.000000,15.000000
    Weighted Mean Firing Rate (Hz),1.709167,1.583646,0.979222,1.854889,1.753974,0.472222,0.955625,0.570667,1.088021,1.065729,1.264375,1.013750,1.441548,0.359359,1.318125,0.512083,1.730556,1.236444,0.775556,0.715714,0.536979,0.385000,0.767083,0.366818,1.038222,1.012179,0.140000,10.498333,0.862143,0.320000,1.718438,0.293472,0.976458,1.690833,0.575729,0.589167,1.803542,0.396795,0.631889,0.326538,0.727949,0.505000,3.269896, ,0.890625,0.268750,1.189778,0.386667
Electrode Burst Metrics
    Number of Bursts,404.000000,344.000000,313.000000,282.000000,314.000000,272.000000,244.000000,223.000000,287.000000,379.000000,284.000000,242.000000,258.000000,186.000000,195.000000,296.000000,395.000000,165.000000,135.000000,206.000000,104.000000,240.000000,257.000000,196.000000,301.000000,235.000000,19.000000,63.000000,180.000000,144.000000,244.000000,182.000000,284.000000,251.000000,150.000000,162.000000,273.000000,270.000000,158.000000,265.000000,198.000000,172.000000,479.000000,0.000000,238.000000,116.000000,404.000000,290.000000
    Number of Bursting Electrodes,16.000000,16.000000,15.000000,15.000000,13.000000,13.000000,16.000000,10.000000,16.000000,16.000000,16.000000,16.000000,14.000000,13.000000,16.000000,13.000000,15.000000,16.000000,15.000000,15.000000,16.000000,14.000000,16.000000,12.000000,16.000000,14.000000,2.000000,3.000000,14.000000,13.000000,16.000000,14.000000,16.000000,14.000000,16.000000,12.000000,16.000000,13.000000,15.000000,13.000000,14.000000,12.000000,16.000000,0.000000,16.000000,11.000000,15.000000,15.000000
    Burst Duration - Avg (sec),0.164757,0.231754,0.131181,0.393031,0.807130,0.047751,0.179696,0.069540,0.183038,0.116679,0.188215,0.261590,0.340071,0.264634,0.512544,0.054531,0.089197,0.354345,0.279499,0.225603,0.367476,0.066645,0.210581,0.071646,0.243655,0.355701,0.150154,0.544061,0.297893,0.210005,0.318762,0.140587,0.179050,0.270650,0.198590,0.132697,0.272400,0.072546,0.249993,0.038522,0.124813,0.128805,0.192392, ,0.317094,0.081462,0.133661,0.125858
    Burst Duration - Std (sec),0.042047,0.083857,0.089518,0.150887,1.542385,0.025465,0.137450,0.036162,0.114305,0.034850,0.082845,0.077085,0.421337,0.171014,0.715368,0.042413,0.031109,0.355512,0.047295,0.089635,0.210217,0.042166,0.084328,0.041232,0.355221,0.259352,0.070239,0.583472,0.142066,0.071760,0.071378,0.137812,0.144219,0.053650,0.058991,0.112313,0.050720,0.040952,0.121123,0.015085,0.048339,0.051349,0.118230, ,0.225329,0.056039,0.037971,0.070528
    Number of Spikes per Burst - Avg,28.585424,32.779411,22.931869,48.535355,31.223166,10.005761,30.106245,12.699771,28.770903,24.075576,36.452849,30.556430,19.187972,12.162046,53.624699,9.504687,18.543390,34.226508,46.111111,23.777145,40.396825,10.522443,24.605436,10.911288,21.377958,22.488623,6.585227,42.549495,30.794404,14.487179,50.629514,9.088689,27.045149,34.414723,31.852904,17.919658,40.271868,9.856117,31.916364,8.702554,17.123038,14.045904,32.091740, ,19.705061,9.164502,22.688582,11.213450
    Number of Spikes per Burst - Std,10.717197,8.529293,8.721143,15.885470,14.293266,5.158622,12.755556,6.707774,4.391411,5.971676,8.653408,12.429655,15.961944,6.002766,18.599317,6.662955,8.873385,10.555348,9.700270,10.904044,14.661652,4.673112,11.953044,5.217177,11.828108,22.200507,0.056247,61.530976,10.842584,5.523768,11.024635,4.585933,10.729742,8.506004,11.337227,9.097240,12.103596,3.546001,11.443608,3.630015,11.405512,8.615813,8.008440, ,11.674005,5.691985,9.877135,5.020882
    Mean ISI within Burst - Avg (sec),0.005427,0.006806,0.005820,0.007102,0.016478,0.005411,0.006933,0.006705,0.007250,0.005589,0.005731,0.007727,0.015256,0.016239,0.007564,0.006332,0.006156,0.010928,0.005169,0.012205,0.008541,0.006336,0.006647,0.007384,0.010132,0.022052,0.023496,0.023895,0.011573,0.011151,0.005829,0.011108,0.006630,0.006457,0.005901,0.009411,0.007341,0.008341,0.007262,0.005221,0.008556,0.012440,0.005526, ,0.016184,0.009415,0.006117,0.011642
    Mean ISI within Burst - Std (sec),0.001809,0.002279,0.004216,0.002334,0.012828,0.001182,0.003852,0.003156,0.003420,0.001221,0.002228,0.002901,0.006263,0.006867,0.006936,0.001490,0.003350,0.009601,0.000899,0.007821,0.002545,0.001848,0.001804,0.003409,0.008355,0.017525,0.007877,0.013495,0.012569,0.001971,0.002067,0.006304,0.002804,0.002474,0.001588,0.005746,0.001464,0.005160,0.004014,0.001342,0.003785,0.006771,0.002784, ,0.008714,0.004637,0.002501,0.004841
    Median ISI within Burst - Avg (sec),0.003717,0.004502,0.004548,0.003810,0.013502,0.003905,0.004908,0.004719,0.004907,0.003938,0.003695,0.004675,0.011367,0.006028,0.004593,0.005101,0.004806,0.006511,0.003322,0.008901,0.004832,0.003817,0.004457,0.005205,0.008117,0.017129,0.016977,0.019276,0.007727,0.003384,0.003780,0.005003,0.004310,0.003899,0.003869,0.006737,0.004478,0.004936,0.003718,0.003906,0.006658,0.010536,0.003764, ,0.009553,0.005218,0.004484,0.006529
    Median ISI within Burst - Std (sec),0.001074,0.001911,0.004193,0.001203,0.011548,0.000636,0.002855,0.002063,0.001901,0.000615,0.000858,0.001619,0.006373,0.003186,0.003626,0.002458,0.002438,0.007567,0.000248,0.007990,0.002317,0.000455,0.001552,0.002940,0.008073,0.014797,0.005866,0.012254,0.008480,0.000358,0.001712,0.001352,0.001845,0.000923,0.000681,0.004782,0.000681,0.002514,0.001085,0.000968,0.003034,0.008977,0.001641, ,0.006146,0.002378,0.001886,0.003316
    Median/Mean ISI within Burst - Avg,0.761950,0.691599,0.771086,0.620224,0.758516,0.777199,0.745298,0.750698,0.714670,0.721925,0.699533,0.694694,0.746967,0.596614,0.683595,0.844769,0.816086,0.662005,0.694528,0.688158,0.587164,0.720032,0.751398,0.759404,0.754577,0.785993,0.769614,0.707779,0.719226,0.638223,0.679116,0.711787,0.684707,0.715480,0.698795,0.762111,0.644904,0.687225,0.703270,0.787015,0.805168,0.791645,0.725974, ,0.697398,0.683839,0.768358,0.607332
    Median/Mean ISI within Burst - Std,0.038349,0.075472,0.074712,0.080044,0.073634,0.076835,0.092954,0.117621,0.095079,0.069502,0.103045,0.099386,0.137038,0.167886,0.066128,0.180752,0.053506,0.101595,0.071875,0.131054,0.071468,0.159810,0.085857,0.158009,0.098664,0.061356,0.057103,0.161198,0.067853,0.124316,0.086760,0.136042,0.094101,0.066755,0.082071,0.171873,0.056889,0.123624,0.115155,0.075754,0.089590,0.184466,0.049010, ,0.074348,0.196836,0.072171,0.154899
    Inter-Burst Interval - Avg (sec),22.567638,25.652422,24.472033,33.912403,36.670799,34.428691,41.294651,26.632704,32.274058,17.218609,31.000985,38.567028,39.263326,44.112613,36.486787,38.860099,24.085404,53.148455,57.633249,49.678422,84.482717,34.455161,36.241264,55.550166,34.530208,45.289662,60.646385,44.386771,46.530851,45.246636,39.086154,50.402897,33.433347,30.964700,63.848451,56.816055,32.781503,34.819652,50.793680,30.868249,48.113020,38.812780,19.688103, ,41.958026,44.724743,22.981590,29.766733
    Inter-Burst Interval - Std (sec),1.767489,3.531349,2.228267,5.095324,16.350335,29.808910,4.945429,3.940128,5.284324,2.416771,3.540432,4.284803,14.855223,7.480717,5.498564,41.404127,4.664667,15.573207,0.004457,22.633963,10.188788,8.825308,1.543097,84.515544,11.890674,26.924597,12.361574,30.241492,8.336749,0.098344,1.744839,27.929192,4.855488,2.347848,4.866767,49.044558,6.714331,26.648126,2.770092,7.051041,23.325399,10.995212,7.184806, ,9.789570,21.914805,5.621598,1.678377
    Burst Frequency - Avg (Hz),0.042083,0.035833,0.034778,0.031333,0.040256,0.034872,0.025417,0.037167,0.029896,0.039479,0.029583,0.025208,0.030714,0.023846,0.020313,0.037949,0.043889,0.017188,0.015000,0.022889,0.010833,0.028571,0.026771,0.027222,0.031354,0.027976,0.015833,0.035000,0.021429,0.018462,0.025417,0.021667,0.029583,0.029881,0.015625,0.022500,0.028437,0.034615,0.017556,0.033974,0.023571,0.023889,0.049896, ,0.024792,0.017576,0.044889,0.032222
    Burst Frequency - Std (Hz),0.003873,0.005644,0.002429,0.005426,0.030663,0.013935,0.003361,0.004717,0.006160,0.005892,0.003469,0.002184,0.021846,0.003990,0.002869,0.018895,0.007707,0.007037,0.000000,0.008005,0.001361,0.007813,0.001133,0.007599,0.020541,0.011642,0.003536,0.049103,0.005305,0.000462,0.001291,0.008243,0.005000,0.002213,0.001198,0.007053,0.006925,0.009840,0.000861,0.005674,0.008644,0.009166,0.007613, ,0.007042,0.009290,0.010108,0.002329
    IBI Coefficient of Variation - Avg,0.837105,1.253451,0.636255,1.000445,0.558682,0.612788,0.497009,0.605876,0.827280,1.123856,0.606026,1.001965,0.553258,0.801683,0.847216,0.713584,0.716002,0.969979,0.918871,0.605310,0.921202,0.916994,1.415864,1.036907,0.756131,0.462659,0.779090,0.593554,0.672856,0.483076,0.635686,0.815554,0.700470,0.974043,0.556493,0.450536,1.002259,0.828939,0.906952,0.884725,0.664735,0.542422,1.031951, ,0.644702,0.898561,0.512314,0.768716
    IBI Coefficient of Variation - Std,0.053478,0.116429,0.028299,0.085778,0.149928,0.116321,0.090972,0.147662,0.098510,0.049520,0.048934,0.044137,0.140587,0.062227,0.139301,0.207288,0.059529,0.126055,0.000160,0.124282,0.087509,0.178423,0.109588,0.023479,0.087581,0.076841,0.196914,0.328313,0.150658,0.007826,0.036389,0.112885,0.080474,0.066150,0.053019,0.209524,0.159149,0.087774,0.052503,0.050590,0.096160,0.113664,0.292045, ,0.106324,0.205231,0.040821,0.016709
    Burst Percentage - Avg,86.374894,80.134199,87.826930,86.980038,75.600695,65.000150,83.141394,61.641289,81.121420,92.019698,87.301478,88.558770,67.387813,72.012535,85.891310,60.744209,74.004356,71.604231,91.603906,87.926679,91.580005,77.565164,90.394688,65.349878,79.867672,82.220282,24.666285,78.766491,80.752789,91.313256,81.119399,66.035993,86.882010,80.760520,88.498133,71.549690,75.204997,75.385019,91.020474,79.283614,66.049076,71.123127,71.940020,0.000000,80.000421,50.297198,82.047877,88.211133
    Burst Percentage - Std,18.645399,13.380910,17.805005,12.009554,26.911000,40.535474,12.425756,41.762208,12.240995,8.457469,9.168350,18.331989,35.852748,31.216639,13.966688,41.094331,31.865944,22.739165,10.313723,14.111712,12.354800,28.873653,8.580833,43.361775,15.126352,24.720942,38.307798,23.466587,21.351814,19.148491,18.165492,33.582238,9.979481,22.441219,11.534788,35.939473,20.748120,35.687515,10.783524,33.760983,32.860785,31.337979,30.090525, ,23.612232,45.142609,27.369172,24.032911
Network Burst Metrics
    Number of Network Bursts,31.000000,49.000000,24.000000,24.000000,13.000000,25.000000,19.000000,24.000000,26.000000,30.000000,22.000000,17.000000,16.000000,18.000000,16.000000,30.000000,28.000000,20.000000,9.000000,15.000000,7.000000,19.000000,17.000000,18.000000,14.000000,29.000000,0.000000,4.000000,14.000000,13.000000,15.000000,17.000000,29.000000,18.000000,9.000000,15.000000,29.000000,23.000000,11.000000,22.000000,19.000000,18.000000,32.000000,0.000000,16.000000,14.000000,29.000000,20.000000
    Network Burst Frequency,0.051667,0.081667,0.040000,0.040000,0.021667,0.041667,0.031667,0.040000,0.043333,0.050000,0.036667,0.028333,0.026667,0.030000,0.026667,0.050000,0.046667,0.033333,0.015000,0.025000,0.011667,0.031667,0.028333,0.030000,0.023333,0.048333, ,0.006667,0.023333,0.021667,0.025000,0.028333,0.048333,0.030000,0.015000,0.025000,0.048333,0.038333,0.018333,0.036667,0.031667,0.030000,0.053333, ,0.026667,0.023333,0.048333,0.033333
    Network Burst Duration - Avg (sec),0.303468,0.926447,0.891723,1.398577,0.271705,0.214176,1.341558,0.212353,1.310283,0.312371,1.115109,0.541256,0.237355,0.194893,1.679715,0.212013,0.163766,0.804588,0.924427,0.649861,0.814720,0.278131,0.599525,0.259009,0.170286,1.355087, ,1.552620,0.473314,0.413188,2.201237,0.315379,0.796243,0.482160,0.655884,0.423648,0.445724,0.235304,0.922684,0.194236,0.296623,0.389293,0.297533, ,0.484470,0.199657,0.405214,0.304972
    Network Burst Duration - Std (sec),0.268666,0.661269,0.387736,0.703644,0.140177,0.055551,0.396408,0.047537,0.650603,0.088401,0.619434,0.625670,0.197480,0.041038,3.197624,0.069660,0.044426,0.483539,0.482777,0.455218,0.461247,0.077443,0.632837,0.078320,0.029162,1.005589, ,0.244625,0.476169,0.124687,0.722227,0.134371,0.407331,0.556991,0.384789,0.650887,0.369017,0.069500,0.292800,0.086183,0.291220,0.180728,0.266231, ,0.463083,0.064204,0.315962,0.051424
    Number of Spikes per Network Burst - Avg,400.225806,286.489796,319.208333,635.750000,375.076923,134.680000,420.578947,129.125000,359.076923,324.800000,515.772727,470.411765,214.000000,142.666667,671.875000,123.900000,274.964286,326.700000,734.555556,354.133333,589.857143,156.052632,400.647059,138.944444,305.571429,231.206897, ,142.250000,404.642857,165.615385,934.333333,123.705882,287.034483,497.888889,536.666667,204.600000,441.620690,129.391304,479.727273,114.681818,227.526316,166.388889,481.593750, ,306.312500,103.500000,351.206897,171.300000
    Number of Spikes per Network Burst - Std,308.392251,453.012193,97.899229,741.257935,104.124494,13.328291,227.957432,11.696571,238.797642,170.704504,281.890714,436.992428,115.004348,10.748461,663.270370,13.674416,74.175209,328.577973,658.368269,180.478676,492.638620,20.689433,437.148994,10.309745,40.292611,147.818755, ,24.226363,487.393634,9.332189,598.601187,9.885372,227.598249,487.463892,355.197832,32.482523,576.282756,17.119205,49.855974,10.503452,212.606932,52.030691,284.113546, ,243.249863,13.054619,275.029658,14.157386
    Mean ISI within Network Burst - Avg (sec),0.001199,0.007500,0.005055,0.004865,0.000694,0.001590,0.006179,0.001644,0.005362,0.001375,0.002642,0.001231,0.001027,0.001373,0.003645,0.001705,0.000665,0.004617,0.001436,0.002255,0.001800,0.001801,0.001606,0.001867,0.000559,0.008529, ,0.011085,0.002072,0.002511,0.002743,0.002572,0.009018,0.000902,0.001243,0.002483,0.002065,0.001813,0.001950,0.001693,0.001632,0.002326,0.000658, ,0.001464,0.001920,0.001180,0.001792
    Mean ISI within Network Burst - Std (sec),0.001187,0.007677,0.007924,0.004036,0.000130,0.000318,0.006907,0.000266,0.003361,0.000853,0.001400,0.000700,0.000220,0.000258,0.006176,0.000466,0.000415,0.002493,0.000450,0.002638,0.000961,0.000458,0.000690,0.000511,0.000052,0.008726, ,0.001534,0.002315,0.000744,0.001099,0.001114,0.011947,0.000209,0.000389,0.004793,0.001355,0.000383,0.000663,0.000686,0.001256,0.000800,0.000462, ,0.000374,0.000578,0.000576,0.000271
    Median ISI within Network Burst - Avg (sec),0.000590,0.003318,0.002165,0.001002,0.000338,0.000368,0.002217,0.000507,0.001011,0.000567,0.000638,0.000464,0.000510,0.000431,0.001517,0.000461,0.000320,0.001696,0.000240,0.000747,0.000446,0.000354,0.000407,0.000400,0.000246,0.005908, ,0.004430,0.000820,0.000326,0.000240,0.000438,0.003870,0.000258,0.000258,0.000709,0.000811,0.000426,0.000240,0.000329,0.000712,0.000718,0.000300, ,0.000490,0.000571,0.000281,0.000510
    Median ISI within Network Burst - Std (sec),0.000757,0.006328,0.005263,0.001067,0.000067,0.000057,0.004773,0.000057,0.001088,0.000501,0.000739,0.000472,0.000154,0.000068,0.003861,0.000074,0.000270,0.001405,0.000040,0.001014,0.000475,0.000055,0.000552,0.000055,0.000021,0.007478, ,0.000312,0.001099,0.000022,0.000030,0.000048,0.007608,0.000052,0.000053,0.000868,0.000631,0.000090,0.000000,0.000039,0.000651,0.000129,0.000356, ,0.000177,0.000123,0.000045,0.000091
    Median/Mean ISI within Network Burst - Avg,0.410253,0.294666,0.181299,0.190074,0.491583,0.238382,0.181119,0.314977,0.159218,0.365624,0.210979,0.332999,0.490581,0.323127,0.246361,0.288395,0.472139,0.307125,0.186776,0.320176,0.247067,0.212851,0.242696,0.231260,0.442139,0.510390, ,0.403691,0.336301,0.145494,0.114332,0.194550,0.260265,0.297786,0.230271,0.400382,0.372631,0.241129,0.137439,0.228875,0.426826,0.338554,0.422789, ,0.332691,0.315750,0.282669,0.291467
    Median/Mean ISI within Network Burst - Std,0.108153,0.231006,0.175825,0.118742,0.078395,0.051324,0.181096,0.057649,0.120562,0.113099,0.155020,0.119817,0.057324,0.067379,0.131509,0.088356,0.082439,0.148685,0.087077,0.066140,0.138795,0.079986,0.167299,0.085118,0.042785,0.250822, ,0.043736,0.150036,0.067933,0.082839,0.066013,0.191767,0.072293,0.096021,0.115349,0.112371,0.054036,0.049852,0.100213,0.120132,0.104603,0.077516, ,0.073202,0.078419,0.111142,0.068163
    Number of Elecs Participating in Burst - Avg,14.967742,13.571429,13.625000,13.958333,13.230769,14.760000,14.473684,10.208333,15.346154,15.066667,15.409091,15.470588,15.687500,14.833333,14.000000,14.866667,15.392857,13.650000,15.000000,14.133333,15.428571,14.736842,15.588235,15.611111,16.000000,10.206897, ,3.000000,13.142857,13.000000,16.000000,15.882353,13.241379,14.000000,16.000000,12.466667,14.724138,13.260870,15.000000,13.772727,13.631579,12.055556,15.750000, ,15.875000,14.071429,15.620690,15.850000
    Number of Elecs Participating in Burst - Std,2.167700,2.700309,3.727833,1.654484,0.438529,1.051982,3.289181,0.658005,0.845804,1.387961,1.333063,1.504894,0.478714,0.383482,3.033150,1.166585,1.196887,1.926956,0.000000,3.090693,1.511858,0.452414,1.697749,0.501631,0.000000,4.738741, ,0.000000,1.703261,0.000000,0.000000,0.332106,4.197407,0.000000,0.000000,2.722044,1.436677,0.619192,0.000000,0.611930,2.671049,0.539305,0.622171, ,0.341565,0.997249,0.493804,0.366348
    Number of Spikes per Network Burst per Channel - Avg,25.398998,19.049176,22.893056,42.802361,28.416314,9.185388,27.142672,12.668590,22.690156,20.694803,32.407436,29.616979,13.760937,9.623545,53.845029,8.353634,17.654847,21.502991,48.970370,25.206984,37.062500,10.601253,25.163399,8.901389,19.098214,26.218315, ,47.416667,29.205102,12.739645,58.395833,7.794363,19.540113,35.563492,33.541667,18.023993,28.053841,9.760201,31.981818,8.347469,16.190038,13.820934,30.393990, ,19.224479,7.388288,22.427874,10.818750
    Number of Spikes per Network Burst per Channel - Std,18.854364,27.852188,2.560665,49.087373,8.182801,1.262100,12.939147,1.123030,14.635630,10.107733,17.329016,27.110285,7.816979,0.752080,55.608214,0.847897,4.360267,20.116203,43.891218,10.958260,30.549674,1.461865,27.219441,0.618608,2.518288,13.902313, ,8.075454,34.581236,0.717861,37.412574,0.676031,12.789267,34.818849,22.199865,8.321418,35.724444,1.259136,3.323732,0.916582,14.937367,4.320479,17.663261, ,15.153374,1.061028,17.124635,0.997114
    Network Burst Percentage,75.615553,92.337039,86.928401,91.398107,35.632856,95.247525,87.104862,90.376203,89.382480,95.239957,93.483276,82.172215,28.169478,89.352818,84.953374,97.303665,49.355728,58.606153,94.713467,87.642303,80.096993,96.079067,92.490494,97.013189,45.500957,84.382079, ,8.917098,78.224247,86.258013,84.954840,93.011942,88.798805,63.099345,87.389180,84.220637,73.969042,95.907187,92.790575,98.209420,75.392396,89.057389,49.093689, ,57.321637,98.104265,94.858899,97.801884
    Network IBI Coefficient of Variation,0.858230,1.813869,0.752144,0.877999,0.533988,0.566472,0.573787,0.537255,0.743569,1.106196,0.709844,1.065915,0.410216,1.010362,0.846544,0.641047,0.709807,0.987899,0.859903,0.609767,0.947101,0.947181,1.457524,1.018000,0.718914,0.644842, ,0.859825,0.584195,0.666558,0.601288,0.931209,0.845865,0.960581,0.495463,0.372839,0.710997,0.821027,0.906125,0.875182,0.681662,0.505634,0.928359, ,0.561542,0.924612,0.508119,0.746890
    Network Normalized Duration IQR,0.159547,1.125376,0.328102,0.839390,0.293033,0.236442,0.321982,0.249601,0.914192,0.404030,0.896048,0.147275,0.394095,0.160177,0.266239,0.383599,0.307131,1.615386,0.201368,0.844552,1.016451,0.311741,0.922504,0.251466,0.118126,2.075419, ,0.077343,0.851455,0.381945,0.512130,0.566177,0.516354,0.542215,0.495577,0.400144,0.697076,0.369646,0.589852,0.530691,0.663794,0.886804,0.123458, ,1.259319,0.103580,0.775340,0.161723
Synchrony Metrics
    Area Under Normalized Cross-Correlation,0.680321,0.742755,0.761260,0.673279,0.406485,0.738711,0.697966,0.469155,0.820224,0.740331,0.764372,0.631780,0.370815,0.707383,0.673340,0.674239,0.566110,0.540576,0.723698,0.500594,0.699235,0.798030,0.779403,0.704495,0.692078,0.293235,0.096198,0.011298,0.613045,0.794260,0.752626,0.754146,0.701239,0.560998,0.787013,0.362739,0.604670,0.653200,0.731507,0.717034,0.471486,0.380492,0.592023,0.000000,0.523140,0.580552,0.669495,0.806178
    Area Under Cross-Correlation,10.050847,9.757319,5.733167,11.188597,2.824139,1.642403,6.246361,1.089958,7.205042,7.993667,9.734958,4.702583,1.253458,0.944833,8.235931,1.429361,5.474750,4.517611,5.316708,2.221819,3.006972,1.462500,4.005139,1.075528,3.224917,1.324569,0.003597,0.003861,3.111208,1.224069,11.547014,0.856861,6.066083,6.092903,3.557944,1.177306,8.666389,1.189236,4.226514,1.229722,1.757597,0.796083,12.905833,0.000000,1.751972,0.410444,6.710764,1.282500
    Full Width at Half Height of Normalized Cross-Correlation,24.000000,22.000000,18.000000,26.000000,50.000000,24.000000,25.000000,21.000000,20.000000,26.000000,23.000000,34.000000,40.000000,13.000000,23.000000,14.000000,41.000000,41.000000,22.000000,35.000000,33.000000,16.000000,18.000000,18.000000,33.000000,22.000000,8.000000,18.000000,23.000000,21.000000,25.000000,19.000000,31.000000,25.000000,27.000000,32.000000,32.000000,16.000000,20.000000,15.000000,28.000000,20.000000,35.000000, ,27.000000,18.000000,32.000000,16.000000
    Full Width at Half Height of Cross-Correlation,103.000000,115.000000,83.000000,146.000000,128.000000,46.000000,114.000000,59.000000,97.000000,102.000000,135.000000,105.000000,96.000000,29.000000,143.000000,40.000000,89.000000,133.000000,141.000000,132.000000,139.000000,39.000000,75.000000,41.000000,81.000000,141.000000,23.000000,32.000000,105.000000,41.000000,142.000000,38.000000,118.000000,102.000000,116.000000,107.000000,161.000000,36.000000,116.000000,39.000000,87.000000,99.000000,109.000000, ,78.000000,29.000000,99.000000,31.000000
    Synchrony Index, , , , , , , , , , , , , , , , , , , , , , , , , , , , , , , , , , , , , , , , , , , , , , , , 
    Kreuz SPIKE Distance, , , , , , , , , , , , , , , , , , , , , , , , , , , , , , , , , , , , , , , , , , , , , , , , 
Average Network Burst Metrics
    Start Electrode,33.000000,11.000000,43.000000,11.000000,13.000000,43.000000,11.000000,24.000000,11.000000,14.000000,42.000000,11.000000,23.000000,44.000000,22.000000,14.000000,12.000000,22.000000,11.000000,11.000000,11.000000,11.000000,12.000000,13.000000,11.000000,11.000000, ,42.000000,44.000000,41.000000,11.000000,11.000000,11.000000,32.000000,11.000000,41.000000,41.000000,23.000000,21.000000,44.000000,12.000000,22.000000,32.000000, ,34.000000,14.000000,12.000000,22.000000
    Percent Bursts with Start Electrode,64.516129,46.938776,37.500000,50.000000,23.076923,52.000000,21.052632,41.666667,23.076923,40.000000,27.272727,29.411765,43.750000,50.000000,18.750000,43.333333,32.142857,25.000000,33.333333,33.333333,42.857143,31.578947,58.823529,27.777778,21.428571,72.413793, ,100.000000,35.714286,23.076923,26.666667,29.411765,44.827586,27.777778,33.333333,53.333333,44.827586,39.130435,45.454545,50.000000,57.894737,33.333333,21.875000, ,31.250000,42.857143,44.827586,40.000000
    Burst Peak (Max Spikes per sec),3774.193548,285.714286,1916.666667,458.333333,4076.923077,2200.000000,1210.526316,1708.333333,346.153846,2833.333333,1909.090909,3352.941176,2250.000000,3944.444444,2625.000000,2266.666667,2678.571429,450.000000,4000.000000,2666.666667,2428.571429,2157.894737,2117.647059,1611.111111,4357.142857,482.758621, ,500.000000,2214.285714,2000.000000,2133.333333,1235.294118,758.620690,2666.666667,2888.888889,2533.333333,931.034483,1260.869565,3909.090909,2500.000000,2052.631579,1000.000000,4250.000000, ,1812.500000,1714.285714,2103.448276,3000.000000
    Time to Burst Peak (ms),99.500000,84.500000,80.500000,86.500000,90.500000,48.500000,72.500000,30.500000,84.500000,94.500000,90.500000,98.500000,50.500000,15.500000,17.500000,24.500000,76.500000,93.500000,30.500000,87.500000,41.500000,14.500000,82.500000,26.500000,58.500000,72.500000, ,45.500000,39.500000,33.500000,86.500000,62.500000,90.500000,93.500000,51.500000,66.500000,69.500000,99.500000,88.500000,32.500000,60.500000,76.500000,98.500000, ,88.500000,12.500000,99.500000,18.500000
Viability Metrics
    Resistance - Avg (kOhms), , , , , , , , , , , , , , , , , , , , , , , , , , , , , , , , , , , , , , , , , , , , , , , , 
    Resistance - Std (kOhms), , , , , , , , , , , , , , , , , , , , , , , , , , , , , , , , , , , , , , , , , , , , , , , , 
    Number of Covered Electrodes, , , , , , , , , , , , , , , , , , , , , , , , , , , , , , , , , , , , , , , , , , , , , , , , 
    Weighted Mean Resistance (kOhms), , , , , , , , , , , , , , , , , , , , , , , , , , , , , , , , , , , , , , , , , , , , , , , , 

Measurement,A1_11,A1_12,A1_13,A1_14,A1_21,A1_22,A1_23,A1_24,A1_31,A1_32,A1_33,A1_34,A1_41,A1_42,A1_43,A1_44,A2_11,A2_12,A2_13,A2_14,A2_21,A2_22,A2_23,A2_24,A2_31,A2_32,A2_33,A2_34,A2_41,A2_42,A2_43,A2_44,A3_11,A3_12,A3_13,A3_14,A3_21,A3_22,A3_23,A3_24,A3_31,A3_32,A3_33,A3_34,A3_41,A3_42,A3_43,A3_44,A4_11,A4_12,A4_13,A4_14,A4_21,A4_22,A4_23,A4_24,A4_31,A4_32,A4_33,A4_34,A4_41,A4_42,A4_43,A4_44,A5_11,A5_12,A5_13,A5_14,A5_21,A5_22,A5_23,A5_24,A5_31,A5_32,A5_33,A5_34,A5_41,A5_42,A5_43,A5_44,A6_11,A6_12,A6_13,A6_14,A6_21,A6_22,A6_23,A6_24,A6_31,A6_32,A6_33,A6_34,A6_41,A6_42,A6_43,A6_44,A7_11,A7_12,A7_13,A7_14,A7_21,A7_22,A7_23,A7_24,A7_31,A7_32,A7_33,A7_34,A7_41,A7_42,A7_43,A7_44,A8_11,A8_12,A8_13,A8_14,A8_21,A8_22,A8_23,A8_24,A8_31,A8_32,A8_33,A8_34,A8_41,A8_42,A8_43,A8_44,B1_11,B1_12,B1_13,B1_14,B1_21,B1_22,B1_23,B1_24,B1_31,B1_32,B1_33,B1_34,B1_41,B1_42,B1_43,B1_44,B2_11,B2_12,B2_13,B2_14,B2_21,B2_22,B2_23,B2_24,B2_31,B2_32,B2_33,B2_34,B2_41,B2_42,B2_43,B2_44,B3_11,B3_12,B3_13,B3_14,B3_21,B3_22,B3_23,B3_24,B3_31,B3_32,B3_33,B3_34,B3_41,B3_42,B3_43,B3_44,B4_11,B4_12,B4_13,B4_14,B4_21,B4_22,B4_23,B4_24,B4_31,B4_32,B4_33,B4_34,B4_41,B4_42,B4_43,B4_44,B5_11,B5_12,B5_13,B5_14,B5_21,B5_22,B5_23,B5_24,B5_31,B5_32,B5_33,B5_34,B5_41,B5_42,B5_43,B5_44,B6_11,B6_12,B6_13,B6_14,B6_21,B6_22,B6_23,B6_24,B6_31,B6_32,B6_33,B6_34,B6_41,B6_42,B6_43,B6_44,B7_11,B7_12,B7_13,B7_14,B7_21,B7_22,B7_23,B7_24,B7_31,B7_32,B7_33,B7_34,B7_41,B7_42,B7_43,B7_44,B8_11,B8_12,B8_13,B8_14,B8_21,B8_22,B8_23,B8_24,B8_31,B8_32,B8_33,B8_34,B8_41,B8_42,B8_43,B8_44,C1_11,C1_12,C1_13,C1_14,C1_21,C1_22,C1_23,C1_24,C1_31,C1_32,C1_33,C1_34,C1_41,C1_42,C1_43,C1_44,C2_11,C2_12,C2_13,C2_14,C2_21,C2_22,C2_23,C2_24,C2_31,C2_32,C2_33,C2_34,C2_41,C2_42,C2_43,C2_44,C3_11,C3_12,C3_13,C3_14,C3_21,C3_22,C3_23,C3_24,C3_31,C3_32,C3_33,C3_34,C3_41,C3_42,C3_43,C3_44,C4_11,C4_12,C4_13,C4_14,C4_21,C4_22,C4_23,C4_24,C4_31,C4_32,C4_33,C4_34,C4_41,C4_42,C4_43,C4_44,C5_11,C5_12,C5_13,C5_14,C5_21,C5_22,C5_23,C5_24,C5_31,C5_32,C5_33,C5_34,C5_41,C5_42,C5_43,C5_44,C6_11,C6_12,C6_13,C6_14,C6_21,C6_22,C6_23,C6_24,C6_31,C6_32,C6_33,C6_34,C6_41,C6_42,C6_43,C6_44,C7_11,C7_12,C7_13,C7_14,C7_21,C7_22,C7_23,C7_24,C7_31,C7_32,C7_33,C7_34,C7_41,C7_42,C7_43,C7_44,C8_11,C8_12,C8_13,C8_14,C8_21,C8_22,C8_23,C8_24,C8_31,C8_32,C8_33,C8_34,C8_41,C8_42,C8_43,C8_44,D1_11,D1_12,D1_13,D1_14,D1_21,D1_22,D1_23,D1_24,D1_31,D1_32,D1_33,D1_34,D1_41,D1_42,D1_43,D1_44,D2_11,D2_12,D2_13,D2_14,D2_21,D2_22,D2_23,D2_24,D2_31,D2_32,D2_33,D2_34,D2_41,D2_42,D2_43,D2_44,D3_11,D3_12,D3_13,D3_14,D3_21,D3_22,D3_23,D3_24,D3_31,D3_32,D3_33,D3_34,D3_41,D3_42,D3_43,D3_44,D4_11,D4_12,D4_13,D4_14,D4_21,D4_22,D4_23,D4_24,D4_31,D4_32,D4_33,D4_34,D4_41,D4_42,D4_43,D4_44,D5_11,D5_12,D5_13,D5_14,D5_21,D5_22,D5_23,D5_24,D5_31,D5_32,D5_33,D5_34,D5_41,D5_42,D5_43,D5_44,D6_11,D6_12,D6_13,D6_14,D6_21,D6_22,D6_23,D6_24,D6_31,D6_32,D6_33,D6_34,D6_41,D6_42,D6_43,D6_44,D7_11,D7_12,D7_13,D7_14,D7_21,D7_22,D7_23,D7_24,D7_31,D7_32,D7_33,D7_34,D7_41,D7_42,D7_43,D7_44,D8_11,D8_12,D8_13,D8_14,D8_21,D8_22,D8_23,D8_24,D8_31,D8_32,D8_33,D8_34,D8_41,D8_42,D8_43,D8_44,E1_11,E1_12,E1_13,E1_14,E1_21,E1_22,E1_23,E1_24,E1_31,E1_32,E1_33,E1_34,E1_41,E1_42,E1_43,E1_44,E2_11,E2_12,E2_13,E2_14,E2_21,E2_22,E2_23,E2_24,E2_31,E2_32,E2_33,E2_34,E2_41,E2_42,E2_43,E2_44,E3_11,E3_12,E3_13,E3_14,E3_21,E3_22,E3_23,E3_24,E3_31,E3_32,E3_33,E3_34,E3_41,E3_42,E3_43,E3_44,E4_11,E4_12,E4_13,E4_14,E4_21,E4_22,E4_23,E4_24,E4_31,E4_32,E4_33,E4_34,E4_41,E4_42,E4_43,E4_44,E5_11,E5_12,E5_13,E5_14,E5_21,E5_22,E5_23,E5_24,E5_31,E5_32,E5_33,E5_34,E5_41,E5_42,E5_43,E5_44,E6_11,E6_12,E6_13,E6_14,E6_21,E6_22,E6_23,E6_24,E6_31,E6_32,E6_33,E6_34,E6_41,E6_42,E6_43,E6_44,E7_11,E7_12,E7_13,E7_14,E7_21,E7_22,E7_23,E7_24,E7_31,E7_32,E7_33,E7_34,E7_41,E7_42,E7_43,E7_44,E8_11,E8_12,E8_13,E8_14,E8_21,E8_22,E8_23,E8_24,E8_31,E8_32,E8_33,E8_34,E8_41,E8_42,E8_43,E8_44,F1_11,F1_12,F1_13,F1_14,F1_21,F1_22,F1_23,F1_24,F1_31,F1_32,F1_33,F1_34,F1_41,F1_42,F1_43,F1_44,F2_11,F2_12,F2_13,F2_14,F2_21,F2_22,F2_23,F2_24,F2_31,F2_32,F2_33,F2_34,F2_41,F2_42,F2_43,F2_44,F3_11,F3_12,F3_13,F3_14,F3_21,F3_22,F3_23,F3_24,F3_31,F3_32,F3_33,F3_34,F3_41,F3_42,F3_43,F3_44,F4_11,F4_12,F4_13,F4_14,F4_21,F4_22,F4_23,F4_24,F4_31,F4_32,F4_33,F4_34,F4_41,F4_42,F4_43,F4_44,F5_11,F5_12,F5_13,F5_14,F5_21,F5_22,F5_23,F5_24,F5_31,F5_32,F5_33,F5_34,F5_41,F5_42,F5_43,F5_44,F6_11,F6_12,F6_13,F6_14,F6_21,F6_22,F6_23,F6_24,F6_31,F6_32,F6_33,F6_34,F6_41,F6_42,F6_43,F6_44,F7_11,F7_12,F7_13,F7_14,F7_21,F7_22,F7_23,F7_24,F7_31,F7_32,F7_33,F7_34,F7_41,F7_42,F7_43,F7_44,F8_11,F8_12,F8_13,F8_14,F8_21,F8_22,F8_23,F8_24,F8_31,F8_32,F8_33,F8_34,F8_41,F8_42,F8_43,F8_44,
Activity Metrics
    Number of Spikes,745.000000,770.000000,1320.000000,1196.000000,950.000000,442.000000,297.000000,678.000000,614.000000,1423.000000,4326.000000,261.000000,954.000000,1293.000000,331.000000,808.000000,1082.000000,800.000000,940.000000,892.000000,736.000000,998.000000,1631.000000,361.000000,1167.000000,935.000000,477.000000,917.000000,1010.000000,203.000000,1964.000000,1090.000000,194.000000,568.000000,1662.000000,735.000000,293.000000,541.000000,567.000000,540.000000,386.000000,779.000000,272.000000,0.000000,544.000000,689.000000,756.000000,287.000000,403.000000,1379.000000,1117.000000,1521.000000,2066.000000,0.000000,1130.000000,501.000000,372.000000,1878.000000,1156.000000,853.000000,941.000000,855.000000,791.000000,1731.000000,0.000000,384.000000,848.000000,171.000000,3.000000,1362.000000,0.000000,94.000000,1495.000000,551.000000,374.000000,603.000000,428.000000,3698.000000,2058.000000,1615.000000,51.000000,91.000000,267.000000,276.000000,74.000000,205.000000,19.000000,498.000000,340.000000,144.000000,49.000000,185.000000,574.000000,16.000000,456.000000,290.000000,721.000000,292.000000,625.000000,589.000000,665.000000,1153.000000,609.000000,163.000000,269.000000,962.000000,123.000000,737.000000,385.000000,499.000000,743.000000,639.000000,127.000000,184.000000,0.000000,370.000000,380.000000,364.000000,0.000000,364.000000,181.000000,2.000000,1.000000,98.000000,675.000000,1.000000,1.000000,681.000000,606.000000,690.000000,325.000000,350.000000,595.000000,530.000000,581.000000,710.000000,901.000000,675.000000,679.000000,1038.000000,793.000000,702.000000,813.000000,457.000000,260.000000,526.000000,951.000000,860.000000,478.000000,784.000000,844.000000,421.000000,248.000000,810.000000,452.000000,602.000000,677.000000,821.000000,853.000000,644.000000,1124.000000,898.000000,645.000000,930.000000,1043.000000,814.000000,493.000000,1286.000000,554.000000,666.000000,657.000000,725.000000,615.000000,479.000000,864.000000,345.000000,454.000000,970.000000,81.000000,741.000000,312.000000,675.000000,395.000000,263.000000,671.000000,660.000000,287.000000,321.000000,508.000000,536.000000,793.000000,2065.000000,4153.000000,4114.000000,387.000000,272.000000,18.000000,66.000000,804.000000,87.000000,28.000000,126.000000,259.000000,279.000000,840.000000,126.000000,98.000000,498.000000,113.000000,316.000000,213.000000,116.000000,0.000000,125.000000,222.000000,359.000000,81.000000,258.000000,91.000000,139.000000,530.000000,30.000000,41.000000,240.000000,839.000000,621.000000,742.000000,783.000000,2038.000000,923.000000,966.000000,474.000000,777.000000,795.000000,721.000000,671.000000,417.000000,922.000000,308.000000,657.000000,76.000000,38.000000,247.000000,608.000000,808.000000,233.000000,41.000000,92.000000,119.000000,263.000000,35.000000,19.000000,519.000000,332.000000,248.000000,142.000000,1086.000000,905.000000,394.000000,669.000000,597.000000,1045.000000,115.000000,153.000000,4146.000000,503.000000,268.000000,24.000000,4394.000000,453.000000,653.000000,194.000000,379.000000,359.000000,2737.000000,645.000000,893.000000,499.000000,315.000000,412.000000,574.000000,228.000000,1025.000000,21.000000,2072.000000,413.000000,390.000000,187.000000,360.000000,805.000000,398.000000,497.000000,353.000000,507.000000,512.000000,414.000000,200.000000,0.000000,400.000000,507.000000,488.000000,693.000000,387.000000,459.000000,280.000000,395.000000,140.000000,539.000000,71.000000,422.000000,0.000000,294.000000,580.000000,259.000000,49.000000,533.000000,646.000000,1208.000000,365.000000,280.000000,287.000000,378.000000,199.000000,194.000000,128.000000,266.000000,105.000000,429.000000,229.000000,1189.000000,323.000000,186.000000,213.000000,224.000000,340.000000,465.000000,366.000000,297.000000,83.000000,105.000000,184.000000,0.000000,180.000000,301.000000,199.000000,188.000000,419.000000,306.000000,198.000000,56.000000,27.000000,177.000000,400.000000,781.000000,149.000000,237.000000,435.000000,728.000000,104.000000,532.000000,685.000000,243.000000,300.000000,574.000000,524.000000,296.000000,1143.000000,233.000000,34.000000,284.000000,364.000000,44.000000,98.000000,126.000000,200.000000,324.000000,31.000000,122.000000,21.000000,218.000000,350.000000,27.000000,228.000000,107.000000,469.000000,210.000000,291.000000,390.000000,741.000000,2411.000000,1825.000000,742.000000,375.000000,279.000000,350.000000,491.000000,314.000000,130.000000,58.000000,326.000000,3551.000000,313.000000,303.000000,41.000000,221.000000,418.000000,110.000000,188.000000,581.000000,250.000000,116.000000,0.000000,1119.000000,223.000000,10.000000,502.000000,0.000000,0.000000,1.000000,0.000000,0.000000,3.000000,27.000000,0.000000,0.000000,0.000000,0.000000,76.000000,0.000000,0.000000,13.000000,92.000000,0.000000,0.000000,0.000000,0.000000,32.000000,0.000000,0.000000,0.000000,0.000000,0.000000,0.000000,0.000000,0.000000,6299.000000,0.000000,50.000000,0.000000,404.000000,870.000000,286.000000,455.000000,156.000000,588.000000,722.000000,0.000000,256.000000,834.000000,381.000000,696.000000,566.000000,378.000000,650.000000,126.000000,103.000000,108.000000,381.000000,169.000000,122.000000,0.000000,425.000000,0.000000,0.000000,191.000000,191.000000,145.000000,102.000000,204.000000,229.000000,947.000000,2300.000000,1097.000000,707.000000,673.000000,893.000000,740.000000,1097.000000,1520.000000,979.000000,639.000000,1078.000000,552.000000,998.000000,915.000000,1362.000000,150.000000,150.000000,144.000000,83.000000,122.000000,121.000000,22.000000,90.000000,90.000000,45.000000,53.000000,310.000000,293.000000,28.000000,262.000000,298.000000,897.000000,659.000000,973.000000,653.000000,982.000000,421.000000,149.000000,256.000000,804.000000,543.000000,494.000000,791.000000,471.000000,142.000000,932.000000,207.000000,4503.000000,785.000000,471.000000,855.000000,0.000000,0.000000,752.000000,681.000000,545.000000,857.000000,634.000000,835.000000,872.000000,230.000000,645.000000,1538.000000,358.000000,332.000000,288.000000,648.000000,114.000000,401.000000,158.000000,370.000000,270.000000,431.000000,329.000000,213.000000,560.000000,297.000000,253.000000,505.000000,0.000000,7.000000,166.000000,309.000000,55.000000,454.000000,242.000000,0.000000,598.000000,348.000000,317.000000,12.000000,580.000000,331.000000,190.000000,35.000000,1449.000000,2291.000000,743.000000,757.000000,596.000000,1229.000000,2846.000000,263.000000,323.000000,1069.000000,1330.000000,719.000000,793.000000,608.000000,464.000000,1834.000000,201.000000,7.000000,158.000000,319.000000,125.000000,0.000000,316.000000,133.000000,263.000000,287.000000,71.000000,1.000000,365.000000,136.000000,391.000000,330.000000,421.000000,426.000000,317.000000,547.000000,732.000000,346.000000,334.000000,537.000000,300.000000,132.000000,0.000000,404.000000,233.000000,400.000000,158.000000,400.000000,332.000000,0.000000,91.000000,77.000000,191.000000,161.000000,138.000000,2.000000,264.000000,130.000000,20.000000,247.000000,184.000000,144.000000,224.000000,364.000000,4.000000,1355.000000,342.000000,252.000000,1398.000000,24.000000,78.000000,62.000000,677.000000,230.000000,364.000000,28.000000,334.000000,296.000000,129.000000,161.000000,79.000000,4.000000,92.000000,481.000000,484.000000,792.000000,0.000000,0.000000,220.000000,168.000000,311.000000,0.000000,303.000000,80.000000,26.000000,323.000000,1770.000000,633.000000,395.000000,3508.000000,1526.000000,1136.000000,927.000000,1743.000000,1049.000000,8167.000000,882.000000,1314.000000,1834.000000,1190.000000,1516.000000,3801.000000,0.000000,0.000000,0.000000,0.000000,0.000000,0.000000,0.000000,0.000000,0.000000,0.000000,0.000000,0.000000,3.000000,0.000000,0.000000,0.000000,67.000000,146.000000,467.000000,484.000000,535.000000,1259.000000,375.000000,179.000000,140.000000,231.000000,284.000000,1060.000000,2842.000000,178.000000,92.000000,211.000000,32.000000,11.000000,14.000000,268.000000,41.000000,117.000000,132.000000,52.000000,91.000000,95.000000,154.000000,26.000000,138.000000,5.000000,295.000000,6.000000,639.000000,872.000000,85.000000,384.000000,330.000000,342.000000,1502.000000,786.000000,845.000000,29.000000,889.000000,1091.000000,747.000000,775.000000,604.000000,817.000000,350.000000,184.000000,168.000000,272.000000,297.000000,391.000000,191.000000,278.000000,23.000000,79.000000,126.000000,206.000000,247.000000,130.000000,116.000000,445.000000
    Mean Firing Rate (Hz),1.241667,1.283333,2.200000,1.993333,1.583333,0.736667,0.495000,1.130000,1.023333,2.371667,7.210000,0.435000,1.590000,2.155000,0.551667,1.346667,1.803333,1.333333,1.566667,1.486667,1.226667,1.663333,2.718333,0.601667,1.945000,1.558333,0.795000,1.528333,1.683333,0.338333,3.273333,1.816667,0.323333,0.946667,2.770000,1.225000,0.488333,0.901667,0.945000,0.900000,0.643333,1.298333,0.453333,0.000000,0.906667,1.148333,1.260000,0.478333,0.671667,2.298333,1.861667,2.535000,3.443333,0.000000,1.883333,0.835000,0.620000,3.130000,1.926667,1.421667,1.568333,1.425000,1.318333,2.885000,0.000000,0.640000,1.413333,0.285000,0.005000,2.270000,0.000000,0.156667,2.491667,0.918333,0.623333,1.005000,0.713333,6.163333,3.430000,2.691667,0.085000,0.151667,0.445000,0.460000,0.123333,0.341667,0.031667,0.830000,0.566667,0.240000,0.081667,0.308333,0.956667,0.026667,0.760000,0.483333,1.201667,0.486667,1.041667,0.981667,1.108333,1.921667,1.015000,0.271667,0.448333,1.603333,0.205000,1.228333,0.641667,0.831667,1.238333,1.065000,0.211667,0.306667,0.000000,0.616667,0.633333,0.606667,0.000000,0.606667,0.301667,0.003333,0.001667,0.163333,1.125000,0.001667,0.001667,1.135000,1.010000,1.150000,0.541667,0.583333,0.991667,0.883333,0.968333,1.183333,1.501667,1.125000,1.131667,1.730000,1.321667,1.170000,1.355000,0.761667,0.433333,0.876667,1.585000,1.433333,0.796667,1.306667,1.406667,0.701667,0.413333,1.350000,0.753333,1.003333,1.128333,1.368333,1.421667,1.073333,1.873333,1.496667,1.075000,1.550000,1.738333,1.356667,0.821667,2.143333,0.923333,1.110000,1.095000,1.208333,1.025000,0.798333,1.440000,0.575000,0.756667,1.616667,0.135000,1.235000,0.520000,1.125000,0.658333,0.438333,1.118333,1.100000,0.478333,0.535000,0.846667,0.893333,1.321667,3.441667,6.921667,6.856667,0.645000,0.453333,0.030000,0.110000,1.340000,0.145000,0.046667,0.210000,0.431667,0.465000,1.400000,0.210000,0.163333,0.830000,0.188333,0.526667,0.355000,0.193333,0.000000,0.208333,0.370000,0.598333,0.135000,0.430000,0.151667,0.231667,0.883333,0.050000,0.068333,0.400000,1.398333,1.035000,1.236667,1.305000,3.396667,1.538333,1.610000,0.790000,1.295000,1.325000,1.201667,1.118333,0.695000,1.536667,0.513333,1.095000,0.126667,0.063333,0.411667,1.013333,1.346667,0.388333,0.068333,0.153333,0.198333,0.438333,0.058333,0.031667,0.865000,0.553333,0.413333,0.236667,1.810000,1.508333,0.656667,1.115000,0.995000,1.741667,0.191667,0.255000,6.910000,0.838333,0.446667,0.040000,7.323333,0.755000,1.088333,0.323333,0.631667,0.598333,4.561667,1.075000,1.488333,0.831667,0.525000,0.686667,0.956667,0.380000,1.708333,0.035000,3.453333,0.688333,0.650000,0.311667,0.600000,1.341667,0.663333,0.828333,0.588333,0.845000,0.853333,0.690000,0.333333,0.000000,0.666667,0.845000,0.813333,1.155000,0.645000,0.765000,0.466667,0.658333,0.233333,0.898333,0.118333,0.703333,0.000000,0.490000,0.966667,0.431667,0.081667,0.888333,1.076667,2.013333,0.608333,0.466667,0.478333,0.630000,0.331667,0.323333,0.213333,0.443333,0.175000,0.715000,0.381667,1.981667,0.538333,0.310000,0.355000,0.373333,0.566667,0.775000,0.610000,0.495000,0.138333,0.175000,0.306667,0.000000,0.300000,0.501667,0.331667,0.313333,0.698333,0.510000,0.330000,0.093333,0.045000,0.295000,0.666667,1.301667,0.248333,0.395000,0.725000,1.213333,0.173333,0.886667,1.141667,0.405000,0.500000,0.956667,0.873333,0.493333,1.905000,0.388333,0.056667,0.473333,0.606667,0.073333,0.163333,0.210000,0.333333,0.540000,0.051667,0.203333,0.035000,0.363333,0.583333,0.045000,0.380000,0.178333,0.781667,0.350000,0.485000,0.650000,1.235000,4.018333,3.041667,1.236667,0.625000,0.465000,0.583333,0.818333,0.523333,0.216667,0.096667,0.543333,5.918333,0.521667,0.505000,0.068333,0.368333,0.696667,0.183333,0.313333,0.968333,0.416667,0.193333,0.000000,1.865000,0.371667,0.016667,0.836667,0.000000,0.000000,0.001667,0.000000,0.000000,0.005000,0.045000,0.000000,0.000000,0.000000,0.000000,0.126667,0.000000,0.000000,0.021667,0.153333,0.000000,0.000000,0.000000,0.000000,0.053333,0.000000,0.000000,0.000000,0.000000,0.000000,0.000000,0.000000,0.000000,10.498333,0.000000,0.083333,0.000000,0.673333,1.450000,0.476667,0.758333,0.260000,0.980000,1.203333,0.000000,0.426667,1.390000,0.635000,1.160000,0.943333,0.630000,1.083333,0.210000,0.171667,0.180000,0.635000,0.281667,0.203333,0.000000,0.708333,0.000000,0.000000,0.318333,0.318333,0.241667,0.170000,0.340000,0.381667,1.578333,3.833333,1.828333,1.178333,1.121667,1.488333,1.233333,1.828333,2.533333,1.631667,1.065000,1.796667,0.920000,1.663333,1.525000,2.270000,0.250000,0.250000,0.240000,0.138333,0.203333,0.201667,0.036667,0.150000,0.150000,0.075000,0.088333,0.516667,0.488333,0.046667,0.436667,0.496667,1.495000,1.098333,1.621667,1.088333,1.636667,0.701667,0.248333,0.426667,1.340000,0.905000,0.823333,1.318333,0.785000,0.236667,1.553333,0.345000,7.505000,1.308333,0.785000,1.425000,0.000000,0.000000,1.253333,1.135000,0.908333,1.428333,1.056667,1.391667,1.453333,0.383333,1.075000,2.563333,0.596667,0.553333,0.480000,1.080000,0.190000,0.668333,0.263333,0.616667,0.450000,0.718333,0.548333,0.355000,0.933333,0.495000,0.421667,0.841667,0.000000,0.011667,0.276667,0.515000,0.091667,0.756667,0.403333,0.000000,0.996667,0.580000,0.528333,0.020000,0.966667,0.551667,0.316667,0.058333,2.415000,3.818333,1.238333,1.261667,0.993333,2.048333,4.743333,0.438333,0.538333,1.781667,2.216667,1.198333,1.321667,1.013333,0.773333,3.056667,0.335000,0.011667,0.263333,0.531667,0.208333,0.000000,0.526667,0.221667,0.438333,0.478333,0.118333,0.001667,0.608333,0.226667,0.651667,0.550000,0.701667,0.710000,0.528333,0.911667,1.220000,0.576667,0.556667,0.895000,0.500000,0.220000,0.000000,0.673333,0.388333,0.666667,0.263333,0.666667,0.553333,0.000000,0.151667,0.128333,0.318333,0.268333,0.230000,0.003333,0.440000,0.216667,0.033333,0.411667,0.306667,0.240000,0.373333,0.606667,0.006667,2.258333,0.570000,0.420000,2.330000,0.040000,0.130000,0.103333,1.128333,0.383333,0.606667,0.046667,0.556667,0.493333,0.215000,0.268333,0.131667,0.006667,0.153333,0.801667,0.806667,1.320000,0.000000,0.000000,0.366667,0.280000,0.518333,0.000000,0.505000,0.133333,0.043333,0.538333,2.950000,1.055000,0.658333,5.846667,2.543333,1.893333,1.545000,2.905000,1.748333,13.611667,1.470000,2.190000,3.056667,1.983333,2.526667,6.335000,0.000000,0.000000,0.000000,0.000000,0.000000,0.000000,0.000000,0.000000,0.000000,0.000000,0.000000,0.000000,0.005000,0.000000,0.000000,0.000000,0.111667,0.243333,0.778333,0.806667,0.891667,2.098333,0.625000,0.298333,0.233333,0.385000,0.473333,1.766667,4.736667,0.296667,0.153333,0.351667,0.053333,0.018333,0.023333,0.446667,0.068333,0.195000,0.220000,0.086667,0.151667,0.158333,0.256667,0.043333,0.230000,0.008333,0.491667,0.010000,1.065000,1.453333,0.141667,0.640000,0.550000,0.570000,2.503333,1.310000,1.408333,0.048333,1.481667,1.818333,1.245000,1.291667,1.006667,1.361667,0.583333,0.306667,0.280000,0.453333,0.495000,0.651667,0.318333,0.463333,0.038333,0.131667,0.210000,0.343333,0.411667,0.216667,0.193333,0.741667
    ISI Coefficient of Variation,5.824787,5.190692,6.384431,7.056218,7.263161,4.824620,4.519179,6.449642,5.496403,6.542389,3.705511,4.225868,1.777721,4.633830,4.788820,6.081632,9.701221,5.539788,9.002948,8.917239,7.973987,4.945342,9.457247,6.071947,9.921439,8.992341,6.535824,8.982885,3.467459,5.046298,2.965242,8.822946,3.500392,6.344696,2.174060,3.123335,4.385568,6.397663,5.344171,5.953896,5.336272,7.161195,4.192893, ,4.679559,6.374590,5.569750,4.053883,6.220029,5.248420,8.450737,8.093778,4.208501, ,5.159505,6.995556,5.226528,2.568615,4.974507,8.742228,7.471725,7.935563,8.102451,4.610864, ,4.848312,5.621868,3.192232, ,4.399233, ,3.004862,3.629793,3.993749,6.227439,4.980025,3.481382,5.038864,3.883546,5.144581, ,1.997526,3.475244,3.690595,1.747679,2.976437, ,4.757054,4.059524,2.627174, ,3.017478,4.605812, ,4.228716,3.594301,3.668611,2.352533,5.708639,6.317900,4.248873,5.407683,4.811493,3.697199,4.816242,3.173824,3.016348,5.754671,2.228333,5.125423,5.729842,3.930925,2.468323,3.002620, ,4.117884,4.238328,3.648327, ,4.115508,2.173280, , ,2.114771,3.002095, , ,3.811362,4.902483,6.274128,5.809451,4.873014,5.583258,5.051106,4.770336,4.310354,3.286653,5.065012,4.907512,5.907638,1.458894,4.747801,5.683604,4.125683,5.338137,6.242284,6.007464,5.594585,5.944919,7.643541,7.828421,6.238418,5.209733,7.758360,5.787888,4.517184,6.540143,7.355043,7.981793,6.547809,2.032759,3.590406,6.501766,7.963955,6.122613,4.318578,5.989018,5.276915,6.308444,6.612264,6.926106,5.539839,3.334777,5.585177,6.892906,4.846021,6.780839,10.328546,3.175490,9.303211,6.435500,8.873456,7.140989,5.904037,8.592256,3.740554,5.967301,6.518015,8.118549,7.897010,9.629866,1.267878,8.394397,2.413517,3.517398,4.472903, ,2.027242,5.643758,2.394944, ,2.778983,4.196008,4.187822,4.213052,2.816199,2.565156,4.069550,3.520942,5.244814,4.833096,3.569035, ,3.716773,4.700908,6.441327,2.934059,4.601007,3.129733,3.642777,2.989763, , ,4.655852,9.615786,8.587923,6.007514,9.803350,25.746027,9.796669,9.366205,7.551957,9.189945,9.404432,8.963772,8.952983,7.460678,5.838229,6.040415,5.440417,1.669125, ,3.033248,4.414970,5.752152,3.201964, ,1.847813,2.184920,3.316060, , ,4.649474,3.775320,3.308324,2.427110,5.029189,4.983397,3.472097,4.774149,4.485570,4.622894,2.364884,2.844950,0.970651,5.078545,3.389983, ,2.668333,3.982544,3.853897,3.182459,4.786329,4.699291,0.694643,6.362389,4.591797,4.767157,6.494708,6.434119,4.309313,2.829831,3.223717, ,4.263168,4.640868,5.506064,5.628056,8.378699,2.971766,8.904449,8.720712,8.656942,7.087565,9.793213,9.378823,6.492003, ,9.228393,10.280442,10.205466,6.852043,9.069522,9.761954,4.709671,5.884826,3.577939,6.860639,2.490068,5.572937, ,4.957229,5.874788,3.280026, ,7.104377,4.435384,4.803702,4.959016,5.155606,9.445357,10.833653,7.851212,7.746250,6.280744,9.093798,5.654772,5.559206,8.419024,2.863165,6.663157,5.021859,8.122345,5.268013,2.295922,3.406042,5.890286,4.664881,2.776089,3.164190,4.266720, ,4.222106,5.525013,4.307652,4.290299,5.477967,5.057148,3.579843, , ,4.192767,5.813217,6.210067,5.290530,4.405999,4.240895,7.806145,4.384421,6.678887,7.710957,5.520522,7.549344,10.235407,9.726461,7.478684,2.604199,6.658315, ,4.667195,4.246841, ,2.891422,3.312697,4.742631,5.687927, ,3.681928, ,5.002978,6.374699, ,4.739329,3.432956,5.220143,4.373115,5.724298,2.541992,2.153903,6.830635,4.004122,2.512454,3.784509,3.552695,3.222665,4.697598,2.738019,3.758225, ,4.511994,6.589010,2.051760,4.207548, ,3.567105,4.968317,2.409988,3.039242,5.375454,3.797934,3.060145, ,2.058129,3.492715, ,4.907475, , , , , , , , , , , ,2.134134, , , ,2.334679, , , , , , , , , , , , , ,10.226045, , , ,6.729843,1.175193,5.914318,2.399981,3.051453,5.405431,6.820361, ,4.659479,5.373230,6.858388,4.470718,4.627294,5.987861,5.333243,3.756930,3.370569,3.260230,5.300715,4.389148,3.692686, ,2.092254, , ,4.676931,4.668306,4.040390,3.352599,4.632611,4.991690,8.804868,2.443662,3.632468,8.072347,7.952174,9.148281,8.252295,7.423602,3.194093,4.856776,7.697587,9.111873,6.066115,9.005235,9.220757,6.663761,3.682924,4.058630,3.666755,2.942830,3.404575,3.617060, ,3.070719,3.020032, , ,4.711098,3.894345, ,5.408751,4.689738,2.392914,5.766042,6.312265,4.167010,6.359390,4.140176,3.616532,4.504332,5.648324,5.308101,4.721409,5.367510,3.922296,3.144198,4.269112,3.085407,1.611616,6.391120,7.005565,7.702143, , ,8.332649,7.651890,6.724138,7.694827,6.951311,7.762081,4.341689,4.977423,7.319408,3.798690,3.848506,7.083347,5.160160,3.227961,4.087336,6.414970,4.850259,4.889985,6.390381,6.361635,5.591426,2.903830,3.949680,5.520545,4.191825,6.146227, , ,3.485250,4.838309, ,4.300043,3.812143, ,5.317132,5.151756,4.161653, ,3.453143,4.131608,2.137733, ,2.325565,1.790394,5.805114,6.222412,1.789450,7.599427,1.281648,4.374214,7.167497,6.999170,5.864026,6.033471,4.890495,5.286798,6.950291,1.593236,3.773684, ,3.311619,4.484097,2.912343, ,4.433480,3.012092,4.350036,4.446421,2.330091, ,3.019860,2.955640,5.007813,4.895459,8.337511,8.726408,7.466107,9.343942,7.165266,7.309878,5.949336,8.042758,7.158060,4.792287, ,8.472699,6.369498,2.325039,5.259952,8.446243,5.047006, ,2.575004,2.335550,3.302951,3.536118,3.251115, ,4.597806,3.146434, ,3.235982,3.646187,3.328976,4.210422,4.596809, ,2.861039,4.917493,3.641521,2.538521, ,2.349693,2.317495,5.332469,1.622286,3.292565, ,4.772345,4.981161,3.324994,3.203583,2.031371, ,2.374197,4.494110,4.409790,2.710052, , ,3.614662,2.456640,4.660073, ,3.411714,2.123492, ,4.758279,2.131342,6.215951,4.884773,0.895939,9.393020,8.106326,7.318645,5.023793,7.476217,1.483665,7.135770,6.303192,1.991296,3.248740,2.911417,2.227518, , , , , , , , , , , , , , , , ,2.139291,3.047587,5.249019,4.873818,6.584898,2.823401,1.632648,3.810340,2.969274,4.344646,4.436538,4.571361,4.117722,3.353647,2.500324,3.834125, , , ,6.060383, ,3.954714,4.213752, ,3.420672,3.534707,4.568658, ,4.294364, ,5.973607, ,4.050889,4.360440,1.669201,3.200788,3.690052,3.712672,5.877558,5.717464,5.832066, ,4.187038,6.517552,3.013531,4.275087,5.056421,5.190484,3.747425,3.711280,3.561564,4.595591,4.732380,5.234982,3.814263,4.613670, ,2.335877,3.048114,3.901167,4.302626,3.100433,2.911215,5.829406
Electrode Burst Metrics
    Number of Bursts,26.000000,24.000000,25.000000,25.000000,25.000000,24.000000,24.000000,24.000000,24.000000,28.000000,33.000000,24.000000,25.000000,24.000000,24.000000,25.000000,20.000000,22.000000,26.000000,21.000000,18.000000,20.000000,22.000000,18.000000,29.000000,21.000000,18.000000,20.000000,27.000000,18.000000,24.000000,20.000000,21.000000,21.000000,22.000000,21.000000,21.000000,21.000000,21.000000,21.000000,21.000000,23.000000,21.000000,0.000000,21.000000,21.000000,21.000000,16.000000,16.000000,17.000000,17.000000,28.000000,19.000000,0.000000,17.000000,16.000000,16.000000,16.000000,19.000000,19.000000,23.000000,19.000000,19.000000,21.000000,0.000000,14.000000,15.000000,13.000000,0.000000,47.000000,0.000000,13.000000,13.000000,14.000000,13.000000,14.000000,13.000000,71.000000,37.000000,37.000000,2.000000,14.000000,25.000000,25.000000,5.000000,25.000000,0.000000,25.000000,25.000000,25.000000,0.000000,24.000000,27.000000,0.000000,25.000000,25.000000,14.000000,16.000000,18.000000,14.000000,14.000000,19.000000,20.000000,14.000000,14.000000,14.000000,14.000000,14.000000,14.000000,14.000000,15.000000,16.000000,20.000000,24.000000,0.000000,24.000000,24.000000,24.000000,0.000000,24.000000,17.000000,0.000000,0.000000,18.000000,24.000000,0.000000,0.000000,24.000000,15.000000,15.000000,15.000000,15.000000,17.000000,16.000000,15.000000,18.000000,27.000000,19.000000,19.000000,21.000000,15.000000,21.000000,24.000000,15.000000,20.000000,20.000000,23.000000,27.000000,20.000000,24.000000,27.000000,20.000000,20.000000,29.000000,20.000000,28.000000,29.000000,24.000000,26.000000,22.000000,19.000000,22.000000,16.000000,19.000000,19.000000,16.000000,16.000000,20.000000,16.000000,16.000000,16.000000,16.000000,16.000000,21.000000,19.000000,17.000000,16.000000,17.000000,11.000000,15.000000,15.000000,16.000000,15.000000,15.000000,15.000000,15.000000,15.000000,15.000000,15.000000,17.000000,15.000000,15.000000,61.000000,16.000000,16.000000,16.000000,0.000000,6.000000,20.000000,9.000000,0.000000,16.000000,16.000000,18.000000,15.000000,14.000000,10.000000,25.000000,13.000000,15.000000,14.000000,14.000000,0.000000,14.000000,14.000000,15.000000,10.000000,15.000000,13.000000,14.000000,21.000000,0.000000,0.000000,14.000000,11.000000,12.000000,12.000000,12.000000,8.000000,12.000000,12.000000,12.000000,13.000000,15.000000,15.000000,14.000000,12.000000,12.000000,13.000000,10.000000,5.000000,0.000000,29.000000,30.000000,30.000000,30.000000,0.000000,5.000000,19.000000,30.000000,1.000000,0.000000,30.000000,30.000000,30.000000,27.000000,35.000000,28.000000,27.000000,27.000000,27.000000,28.000000,16.000000,20.000000,27.000000,27.000000,26.000000,0.000000,29.000000,31.000000,27.000000,20.000000,9.000000,8.000000,8.000000,11.000000,14.000000,11.000000,8.000000,14.000000,14.000000,8.000000,12.000000,1.000000,20.000000,7.000000,12.000000,8.000000,9.000000,9.000000,9.000000,9.000000,9.000000,9.000000,9.000000,9.000000,9.000000,0.000000,9.000000,9.000000,9.000000,9.000000,9.000000,9.000000,14.000000,15.000000,11.000000,14.000000,6.000000,11.000000,0.000000,14.000000,24.000000,14.000000,4.000000,14.000000,19.000000,18.000000,14.000000,14.000000,6.000000,7.000000,6.000000,6.000000,6.000000,6.000000,6.000000,7.000000,7.000000,9.000000,6.000000,6.000000,6.000000,6.000000,7.000000,7.000000,19.000000,19.000000,11.000000,16.000000,18.000000,0.000000,19.000000,19.000000,19.000000,19.000000,21.000000,19.000000,19.000000,3.000000,0.000000,19.000000,16.000000,17.000000,16.000000,16.000000,16.000000,17.000000,14.000000,16.000000,16.000000,16.000000,16.000000,16.000000,16.000000,16.000000,17.000000,16.000000,0.000000,18.000000,18.000000,2.000000,16.000000,17.000000,18.000000,18.000000,0.000000,17.000000,0.000000,18.000000,18.000000,0.000000,18.000000,18.000000,15.000000,14.000000,14.000000,16.000000,15.000000,40.000000,57.000000,23.000000,15.000000,14.000000,14.000000,14.000000,14.000000,14.000000,8.000000,14.000000,34.000000,19.000000,17.000000,5.000000,20.000000,20.000000,11.000000,13.000000,20.000000,15.000000,8.000000,0.000000,20.000000,13.000000,0.000000,20.000000,0.000000,0.000000,0.000000,0.000000,0.000000,0.000000,0.000000,0.000000,0.000000,0.000000,0.000000,8.000000,0.000000,0.000000,0.000000,11.000000,0.000000,0.000000,0.000000,0.000000,3.000000,0.000000,0.000000,0.000000,0.000000,0.000000,0.000000,0.000000,0.000000,55.000000,0.000000,5.000000,0.000000,11.000000,11.000000,11.000000,11.000000,11.000000,22.000000,16.000000,0.000000,11.000000,13.000000,12.000000,13.000000,11.000000,11.000000,16.000000,11.000000,11.000000,11.000000,12.000000,11.000000,11.000000,0.000000,11.000000,0.000000,0.000000,11.000000,11.000000,11.000000,11.000000,11.000000,11.000000,15.000000,16.000000,15.000000,15.000000,15.000000,15.000000,15.000000,15.000000,15.000000,18.000000,15.000000,15.000000,15.000000,15.000000,15.000000,15.000000,15.000000,15.000000,15.000000,11.000000,15.000000,13.000000,0.000000,10.000000,14.000000,2.000000,4.000000,16.000000,16.000000,0.000000,15.000000,21.000000,17.000000,16.000000,22.000000,17.000000,25.000000,16.000000,16.000000,16.000000,16.000000,16.000000,16.000000,20.000000,16.000000,16.000000,23.000000,16.000000,20.000000,18.000000,16.000000,18.000000,0.000000,0.000000,16.000000,18.000000,17.000000,18.000000,19.000000,19.000000,20.000000,16.000000,18.000000,18.000000,11.000000,9.000000,9.000000,9.000000,9.000000,9.000000,9.000000,10.000000,9.000000,9.000000,9.000000,11.000000,10.000000,9.000000,9.000000,9.000000,0.000000,0.000000,14.000000,14.000000,9.000000,18.000000,14.000000,0.000000,16.000000,14.000000,15.000000,0.000000,17.000000,15.000000,14.000000,2.000000,16.000000,24.000000,14.000000,15.000000,14.000000,17.000000,25.000000,14.000000,14.000000,14.000000,25.000000,15.000000,18.000000,14.000000,14.000000,20.000000,23.000000,0.000000,22.000000,23.000000,23.000000,0.000000,23.000000,21.000000,23.000000,23.000000,5.000000,0.000000,24.000000,11.000000,26.000000,23.000000,11.000000,11.000000,11.000000,10.000000,10.000000,11.000000,11.000000,11.000000,10.000000,10.000000,0.000000,11.000000,10.000000,10.000000,10.000000,11.000000,22.000000,0.000000,16.000000,11.000000,22.000000,22.000000,18.000000,0.000000,22.000000,22.000000,0.000000,22.000000,22.000000,22.000000,22.000000,22.000000,0.000000,21.000000,16.000000,17.000000,19.000000,2.000000,8.000000,7.000000,18.000000,13.000000,17.000000,0.000000,16.000000,16.000000,14.000000,14.000000,9.000000,0.000000,11.000000,19.000000,18.000000,18.000000,0.000000,0.000000,18.000000,13.000000,18.000000,0.000000,18.000000,11.000000,1.000000,18.000000,31.000000,31.000000,31.000000,32.000000,32.000000,32.000000,31.000000,29.000000,31.000000,13.000000,31.000000,31.000000,31.000000,31.000000,31.000000,31.000000,0.000000,0.000000,0.000000,0.000000,0.000000,0.000000,0.000000,0.000000,0.000000,0.000000,0.000000,0.000000,0.000000,0.000000,0.000000,0.000000,9.000000,14.000000,16.000000,16.000000,16.000000,17.000000,11.000000,13.000000,11.000000,16.000000,16.000000,21.000000,26.000000,11.000000,12.000000,13.000000,0.000000,0.000000,0.000000,14.000000,1.000000,14.000000,14.000000,4.000000,14.000000,12.000000,14.000000,1.000000,14.000000,0.000000,14.000000,0.000000,29.000000,29.000000,7.000000,20.000000,26.000000,29.000000,30.000000,29.000000,29.000000,0.000000,29.000000,29.000000,31.000000,29.000000,29.000000,29.000000,20.000000,20.000000,20.000000,20.000000,20.000000,20.000000,19.000000,20.000000,0.000000,15.000000,20.000000,20.000000,20.000000,18.000000,18.000000,20.000000
    Burst Duration - Avg (sec),0.213095,0.171563,0.169101,0.191523,0.162944,0.139827,0.118137,0.166953,0.149747,0.205743,0.250255,0.124570,0.126602,0.214353,0.092737,0.138957,0.176252,0.158782,0.191858,0.299036,0.266062,0.234204,0.421004,0.172489,0.172615,0.224362,0.189702,0.171544,0.400551,0.132142,0.284150,0.213304,0.045619,0.098560,0.168902,0.100651,0.062461,0.085935,0.090891,0.177284,0.066103,0.315231,0.052594, ,0.106632,0.118133,0.133360,0.345350,0.388395,0.439576,0.423544,0.301929,0.827398, ,0.367614,0.389430,0.406330,0.583780,0.293722,0.224029,0.313287,0.315402,0.218337,0.402690, ,0.167486,0.249067,0.096677, ,0.555821, ,0.049280,5.806782,0.247680,0.139083,0.209566,0.183409,0.957672,1.176545,0.653626,0.018000,0.016434,0.042752,0.044531,0.016304,0.056064, ,0.072694,0.054003,0.022454, ,0.046637,0.085067, ,0.093664,0.052154,0.156011,0.134315,0.227560,0.189731,0.185046,0.614501,0.349536,0.056886,0.076697,0.151446,0.048400,0.186114,0.078263,0.110131,0.141947,0.168550,0.034884,0.036617, ,0.059517,0.071107,0.098867, ,0.054503,0.079849, , ,0.025098,0.145917, , ,0.089047,0.222853,0.259472,0.081931,0.083301,0.141026,0.121655,0.117515,0.167284,0.191804,0.180232,0.229587,0.558183,0.109920,0.154952,0.215917,0.092971,0.057660,0.092372,0.152609,0.142430,0.098360,0.167883,0.148169,0.080188,0.052844,0.122657,0.085272,0.127854,0.119586,0.143097,0.131738,0.144138,0.192147,0.171142,0.137575,0.255229,0.245331,0.195720,0.111820,0.313852,0.120605,0.152895,0.143300,0.144210,0.123445,0.180084,0.413229,0.110861,0.343785,0.324179,0.100022,0.265899,0.172923,0.301425,0.173659,0.164715,0.320117,0.324176,0.280283,0.341781,0.236256,0.355816,0.264805,0.215595,1.651881,0.258185,0.312870,0.153130, ,0.123213,0.238244,0.115484, ,0.158625,0.163285,0.208964,0.844565,0.075811,0.173208,0.283533,0.048855,0.405424,0.473749,0.165834, ,0.235394,0.217234,0.410597,0.024784,0.411829,0.014948,0.170651,0.405006, , ,0.455931,0.454407,0.328213,0.238573,0.272273,3.151220,0.540913,0.368987,0.293173,0.291969,0.268229,0.270485,0.289606,0.228620,0.259193,0.238622,0.706216,0.016656, ,0.045923,0.144101,0.126787,0.045872, ,0.018864,0.020749,0.040011,0.029680, ,0.097872,0.066872,0.032891,0.022628,0.135063,0.102334,0.070495,0.103227,0.075467,0.109037,0.050735,0.038680,0.128717,0.068545,0.137388, ,0.103777,0.073484,0.088444,0.052564,0.163422,0.150250,0.176390,0.628829,0.501771,0.198516,0.133800,0.165063,0.188520,0.097880,0.558480,0.072800,1.369996,0.866686,0.306813,0.090300,0.244942,0.263182,0.285671,0.276036,0.280418,0.331831,0.266027,0.338151,0.213022, ,0.241484,0.241867,0.229689,0.390373,0.316284,0.273502,0.201229,0.232635,0.190000,0.204857,0.249160,0.425345, ,0.174617,0.169917,0.105314,0.176680,0.406851,0.190379,0.311689,0.169474,0.175891,0.357747,0.405520,0.396893,0.281800,0.178893,0.412307,0.264560,0.356149,0.305920,1.112649,0.343880,0.250413,0.249387,0.267453,0.289760,0.406286,0.102800,0.047928,0.015964,0.026210,0.051667, ,0.058164,0.104749,0.092918,0.050501,0.157025,0.116931,0.058632,0.012827, ,0.036716,0.320655,0.325016,0.111380,0.247205,0.143565,0.259511,0.055349,0.258430,0.261020,0.128005,0.120850,0.287585,0.210130,0.280355,0.238998,0.121235, ,0.084591,0.128996,0.012640,0.042135,0.083473,0.050747,0.075044, ,0.085816, ,0.055644,0.159364, ,0.051382,0.029920,0.136816,0.084371,0.088811,0.212860,0.128533,1.428360,0.726647,0.147962,0.272987,0.082417,0.162457,0.180160,0.067274,0.044131,0.042580,0.092109,1.209692,0.228295,0.242226,0.422544,0.112128,0.287644,0.238407,0.378203,0.295440,0.301323,0.435900, ,0.249740,0.278732, ,0.299536, , , , , , , , , , , ,0.199820, , , ,0.100487, , , , ,0.150747, , , , , , , , ,1.214445, ,0.266992, ,0.258356,0.190771,0.205956,0.219455,0.384945,0.756487,0.206095, ,0.271316,0.239132,0.282920,0.329409,0.302007,0.276393,0.247255,0.185353,0.171978,0.176276,0.419847,0.199098,0.185993, ,0.111695, , ,0.217164,0.205127,0.205622,0.172865,0.217258,0.261789,0.316357,0.263265,0.352256,0.283845,0.255504,0.321291,0.273861,0.329931,0.361445,0.403564,0.226747,0.379536,0.209413,0.283419,0.349099,0.490656,0.199344,0.030933,0.216459,0.031695,0.025419,0.193058, ,0.269776,0.024257,0.012200,0.025580,0.134540,0.099685, ,0.504656,0.200610,0.137195,0.214080,0.637084,0.144560,0.269626,0.115500,0.040625,0.065080,0.325350,0.165505,0.115385,0.206820,0.112955,0.051925,0.164553,0.098560,0.273752,0.250822,0.331565,0.317271, , ,0.333260,0.213911,0.291713,0.244249,0.371642,0.242067,0.290580,0.213580,0.216409,0.198276,0.197331,0.346302,0.157751,0.296293,0.118187,0.207520,0.137458,0.209936,0.197733,0.202631,0.188818,0.149113,0.218712,0.138756,0.172924,0.237973, , ,0.073640,0.129469,0.056631,0.475271,0.073766, ,0.131620,0.096909,0.104747, ,0.132231,0.118459,0.145703,0.053920,0.262145,0.274087,0.346600,0.315760,0.208177,0.286871,0.247520,0.184206,0.199154,0.316274,0.217805,0.356485,0.286213,0.299291,0.275469,0.282336,0.031343, ,0.039789,0.090000,0.014967, ,0.093645,0.050937,0.047078,0.081471,0.047776, ,0.066913,0.149207,0.146366,0.083607,0.139171,0.130262,0.251818,0.364000,0.441136,0.120858,0.106429,0.295331,0.475704,0.266296, ,0.131985,0.311072,0.297248,0.297272,0.121309,0.057218, ,0.023555,0.019571,0.037127,0.031575,0.052933, ,0.042109,0.024756, ,0.033687,0.032691,0.024793,0.052145,0.068629, ,0.180853,0.136055,0.180504,0.168754,0.021120,0.070180,0.081177,0.171947,0.126529,0.174089, ,0.125875,0.119755,0.092886,0.097651,0.065511, ,0.104000,0.196219,0.177604,0.215129, , ,0.109142,0.164123,0.149360, ,0.107742,0.056327,0.082640,0.117862,0.169675,0.103190,0.079695,0.184135,0.259055,0.176932,0.158932,0.259081,0.157804,0.599280,0.126867,0.191043,0.134217,0.142686,0.173850,0.161827, , , , , , , , , , , , , , , , ,0.124418,0.240286,0.278490,0.312410,0.320060,0.342729,0.294371,0.254535,0.299665,0.232135,0.241000,0.268160,1.138135,0.261767,0.183493,0.281852, , , ,0.165983,0.008720,0.045383,0.086303,0.018920,0.046834,0.130060,0.125566,0.027680,0.086297, ,0.154331, ,0.115890,0.167699,0.034594,0.178524,0.117674,0.091939,0.186715,0.141123,0.142306, ,0.127592,0.157617,0.122901,0.161564,0.115236,0.143548,0.149804,0.083288,0.125656,0.171756,0.225760,0.154592,0.118505,0.163140, ,0.012581,0.046328,0.214328,0.117392,0.031529,0.045191,0.228016
    Burst Duration - Std (sec),0.586869,0.358203,0.179084,0.221263,0.253174,0.338700,0.336467,0.422433,0.329908,0.267913,0.278738,0.200089,0.090580,0.317318,0.197687,0.181090,0.140393,0.200920,0.217938,0.518030,0.533483,0.286335,0.636777,0.453160,0.144512,0.285966,0.479949,0.192656,0.507934,0.353488,0.136590,0.175363,0.016592,0.021713,0.149622,0.023963,0.015467,0.012211,0.010274,0.065555,0.008702,0.592454,0.010839, ,0.016298,0.025001,0.034899,0.848510,0.714039,0.550422,0.597042,0.334467,0.437949, ,0.533964,0.680614,0.700226,0.608765,0.309361,0.278455,0.396248,0.450232,0.278304,0.322271, ,0.093449,0.146880,0.057409, ,0.307843, ,0.029727,10.534173,0.205173,0.058147,0.226529,0.122355,0.402273,0.418806,0.398038,0.005770,0.015117,0.015671,0.014053,0.005922,0.038471, ,0.019590,0.013887,0.011468, ,0.042347,0.047986, ,0.044430,0.022085,0.033997,0.192621,0.166365,0.193409,0.039190,0.372927,0.419658,0.011920,0.017789,0.034119,0.016734,0.079417,0.014955,0.021910,0.033430,0.080801,0.011949,0.021840, ,0.011505,0.023186,0.039503, ,0.013736,0.060193, , ,0.008240,0.041367, , ,0.018329,0.101708,0.078628,0.010539,0.009625,0.029315,0.044636,0.015695,0.071238,0.092428,0.047725,0.383490,0.492104,0.023418,0.056138,0.188169,0.018254,0.014123,0.018833,0.039080,0.033161,0.021911,0.039127,0.054020,0.015845,0.012259,0.027739,0.025006,0.042220,0.037423,0.038689,0.047437,0.079817,0.073323,0.079936,0.028170,0.099162,0.095041,0.055883,0.015572,0.139836,0.021542,0.057814,0.030033,0.027511,0.040730,0.119802,0.285615,0.053665,0.540704,0.429438,0.216763,0.379800,0.238402,0.365753,0.222301,0.222316,0.580935,0.437644,0.580767,0.620905,0.393508,0.361656,0.454483,0.241232,0.490006,0.251488,0.270495,0.188775, ,0.172658,0.223801,0.045557, ,0.203195,0.231079,0.181747,1.830443,0.062874,0.247886,0.348217,0.025220,0.602698,0.641096,0.389160, ,0.508115,0.331128,0.614659,0.014742,0.611802,0.004477,0.325742,0.557779, , ,0.623179,0.666761,0.553414,0.295816,0.276170,1.558472,0.906439,0.223882,0.547931,0.319482,0.269378,0.319267,0.357343,0.339977,0.290655,0.396201,1.161540,0.004587, ,0.052123,0.063726,0.051283,0.038553, ,0.007293,0.006358,0.027157, , ,0.048913,0.079933,0.009540,0.008262,0.096987,0.031641,0.026215,0.031952,0.024263,0.035998,0.022363,0.014013,0.164220,0.015701,0.085923, ,0.067501,0.048168,0.057204,0.019639,0.108249,0.034432,0.077000,0.319672,0.482637,0.128456,0.033979,0.130427,0.129771,0.031813,0.612071, ,0.662083,1.840150,0.319752,0.023050,0.336807,0.264924,0.509029,0.371735,0.509942,0.405114,0.348744,0.638840,0.347141, ,0.348870,0.334573,0.283620,0.202126,0.596875,0.354888,0.136977,0.089428,0.147874,0.117575,0.143549,0.511268, ,0.150917,0.201006,0.065386,0.089111,0.238800,0.147357,0.180880,0.163864,0.127682,0.393127,0.379069,0.396259,0.343897,0.204662,0.409989,0.247935,0.351279,0.363935,1.147753,0.263828,0.250287,0.297619,0.221151,0.366529,0.588869,0.063563,0.040381,0.003507,0.015203,0.042250, ,0.050811,0.046131,0.060617,0.053221,0.053981,0.049235,0.058681,0.005372, ,0.033714,0.583223,0.572905,0.284692,0.565954,0.262216,0.417077,0.093376,0.403322,0.506040,0.307799,0.272268,0.567163,0.335084,0.608509,0.343293,0.278664, ,0.046687,0.064915,0.003847,0.068138,0.074377,0.017812,0.035299, ,0.026383, ,0.022195,0.034409, ,0.017890,0.006221,0.071332,0.032130,0.026814,0.372973,0.047986,0.545424,0.362570,0.189493,0.418560,0.021613,0.102632,0.047294,0.017753,0.013806,0.016154,0.024369,1.059993,0.107970,0.200016,0.063768,0.068192,0.246152,0.076038,0.233620,0.282972,0.277311,0.164324, ,0.257659,0.259607, ,0.217350, , , , , , , , , , , ,0.228926, , , ,0.038058, , , , ,0.207396, , , , , , , , ,0.322753, ,0.222277, ,0.398661,0.284190,0.320752,0.279675,0.287235,0.742875,0.327032, ,0.499975,0.334809,0.377823,0.458050,0.473671,0.450466,0.420614,0.324004,0.331836,0.326192,0.293430,0.330854,0.337827, ,0.248333, , ,0.355947,0.328695,0.356985,0.336326,0.352117,0.313492,0.474803,0.404169,0.496235,0.241438,0.317802,0.391772,0.351120,0.416002,0.292523,0.586349,0.311063,0.298370,0.294301,0.409514,0.301156,0.308307,0.591872,0.005216,0.604825,0.009483,0.005861,0.500917, ,0.730842,0.010877,0.000170,0.013307,0.034484,0.050735, ,1.049751,0.397895,0.058591,0.097724,0.694168,0.036671,0.161891,0.034465,0.011098,0.017278,0.122065,0.145568,0.033813,0.111206,0.028576,0.024654,0.084637,0.057581,0.489737,0.470575,0.736625,0.460097, , ,0.676737,0.319577,0.501076,0.437114,0.693197,0.349764,0.530540,0.382493,0.373809,0.259654,0.273823,0.237452,0.150281,0.246230,0.199244,0.308598,0.189635,0.270908,0.208303,0.250589,0.230810,0.246701,0.301527,0.148069,0.274379,0.299600, , ,0.019876,0.047278,0.021983,0.814169,0.017359, ,0.029019,0.017477,0.043127, ,0.043695,0.050111,0.109606,0.010069,0.311177,0.306037,0.297862,0.458507,0.238665,0.220817,0.199576,0.222650,0.144465,0.252004,0.204620,0.201559,0.328258,0.434005,0.441744,0.240550,0.005220, ,0.031932,0.060820,0.004071, ,0.065475,0.014210,0.024252,0.072339,0.027984, ,0.033610,0.048031,0.100679,0.027642,0.025925,0.013658,0.114162,0.768270,0.706729,0.017747,0.014438,0.166490,0.685056,0.648004, ,0.015066,0.664502,0.650863,0.637249,0.028668,0.020239, ,0.009229,0.008259,0.023397,0.012382,0.029437, ,0.009474,0.013712, ,0.008072,0.014938,0.008128,0.029768,0.023720, ,0.124990,0.231484,0.267494,0.197139,0.006223,0.033090,0.112680,0.213900,0.082333,0.319298, ,0.228392,0.252905,0.182766,0.169640,0.041068, ,0.140749,0.142934,0.125307,0.154627, , ,0.082347,0.071537,0.100713, ,0.056216,0.028193, ,0.067799,0.195258,0.098150,0.089580,0.166866,0.190088,0.226367,0.310437,0.540654,0.210430,0.216466,0.119060,0.332006,0.118027,0.221888,0.175306,0.182613, , , , , , , , , , , , , , , , ,0.114162,0.323124,0.288218,0.408777,0.416412,0.358893,0.318474,0.335978,0.290659,0.319510,0.307734,0.366241,0.598820,0.436680,0.251939,0.358300, , , ,0.058580, ,0.041187,0.061208,0.007325,0.042768,0.058380,0.065531, ,0.061788, ,0.041819, ,0.197425,0.290062,0.010282,0.338774,0.308902,0.217036,0.137923,0.288694,0.195180, ,0.196623,0.230136,0.126773,0.291954,0.184248,0.286220,0.028409,0.061000,0.022010,0.118756,0.099207,0.026046,0.055270,0.026157, ,0.003340,0.017711,0.057116,0.050895,0.009528,0.027701,0.077818
    Number of Spikes per Burst - Avg,27.346154,30.125000,40.840000,44.080000,36.240000,18.125000,12.250000,27.291667,24.625000,39.107143,37.515152,10.833333,25.080000,40.083333,13.625000,30.200000,40.250000,29.727273,32.115385,38.095238,34.333333,37.550000,42.863636,19.000000,31.551724,38.190476,25.500000,37.700000,28.185185,11.166667,40.541667,37.700000,9.142857,25.952381,35.045455,24.238095,13.571429,24.571429,24.904762,24.142857,18.142857,32.739130,12.857143, ,24.047619,32.095238,33.714286,8.812500,24.687500,58.647059,58.647059,50.285714,75.368421, ,56.235294,30.937500,21.875000,68.812500,53.157895,43.421053,38.521739,41.842105,40.210526,65.380952, ,25.500000,50.800000,11.923077, ,23.170213, ,7.076923,53.307692,35.071429,28.076923,36.214286,26.153846,38.633803,48.567568,21.405405,4.000000,4.142857,10.440000,10.640000,4.200000,7.680000, ,18.760000,12.840000,5.720000, ,7.041667,18.370370, ,15.120000,11.120000,40.142857,12.812500,30.722222,38.857143,42.642857,50.315789,27.650000,11.428571,19.000000,39.142857,8.500000,41.000000,16.857143,31.357143,38.333333,32.937500,5.800000,7.041667, ,15.083333,14.958333,13.833333, ,14.583333,6.058824, , ,4.555556,20.875000, , ,24.208333,35.400000,36.800000,21.266667,22.800000,31.000000,29.625000,32.666667,30.000000,24.555556,30.631579,26.684211,30.619048,27.200000,26.952381,30.666667,23.466667,12.900000,24.700000,28.217391,23.703704,22.250000,31.125000,29.666667,20.200000,12.350000,27.000000,21.050000,19.750000,22.344828,31.416667,31.307692,27.227273,38.105263,35.090909,36.187500,44.473684,50.842105,42.812500,30.000000,48.300000,33.375000,37.625000,38.625000,37.250000,28.812500,22.000000,41.157895,18.588235,26.375000,50.000000,6.272727,46.333333,19.933333,39.937500,25.000000,17.000000,42.800000,36.866667,18.600000,20.866667,32.666667,30.117647,45.933333,30.200000,65.950820,27.500000,18.062500,16.812500, ,6.333333,36.700000,7.000000, ,7.500000,15.875000,14.388889,19.400000,7.428571,8.400000,17.280000,6.461538,19.200000,14.214286,6.642857, ,7.428571,13.571429,23.600000,5.200000,16.533333,5.230769,8.142857,15.666667, , ,16.214286,63.181818,49.083333,50.250000,57.000000,107.500000,56.416667,73.416667,38.416667,51.307692,48.800000,45.933333,44.642857,34.250000,57.250000,22.846154,57.700000,4.800000, ,7.482759,18.233333,25.900000,7.033333, ,4.000000,4.526316,8.266667,4.000000, ,16.200000,10.066667,8.200000,4.851852,26.114286,29.392857,13.074074,23.925926,21.185185,31.928571,5.437500,6.450000,30.000000,18.370370,9.153846, ,21.172414,12.903226,20.592593,8.450000,33.666667,36.500000,40.875000,50.636364,50.500000,34.181818,35.375000,27.285714,30.857143,23.000000,41.500000,11.000000,37.800000,44.571429,27.750000,22.125000,37.666667,52.888889,42.000000,52.777778,38.333333,52.222222,52.000000,45.444444,21.555556, ,43.444444,46.000000,50.666667,64.555556,41.888889,50.222222,19.000000,25.800000,11.818182,36.571429,9.333333,36.909091, ,19.857143,22.916667,15.142857,6.250000,37.142857,29.947368,41.611111,24.642857,19.714286,46.000000,52.571429,33.000000,31.500000,21.166667,44.166667,16.833333,58.428571,32.428571,72.777778,51.333333,29.333333,33.833333,34.833333,34.285714,53.857143,17.684211,11.315789,4.636364,5.375000,8.611111, ,8.421053,15.684211,9.789474,8.842105,19.095238,14.789474,9.578947,4.333333, ,9.157895,22.250000,38.823529,9.125000,13.687500,21.250000,37.588235,6.642857,29.750000,38.125000,14.312500,18.000000,35.562500,30.937500,18.437500,44.882353,14.312500, ,14.166667,18.000000,4.000000,5.125000,6.705882,10.777778,16.333333, ,6.882353, ,11.833333,19.055556, ,12.166667,5.888889,29.533333,13.500000,19.928571,14.687500,26.466667,57.200000,21.754386,20.130435,21.400000,17.785714,17.785714,32.285714,14.785714,9.071429,4.875000,20.857143,94.000000,11.894737,17.000000,7.000000,10.900000,20.650000,7.636364,12.076923,27.500000,15.600000,13.125000, ,37.600000,15.307692, ,24.550000, , , , , , , , , , , ,6.625000, , , ,6.545455, , , , ,5.666667, , , , , , , , ,113.581818, ,8.400000, ,36.363636,19.636364,25.181818,22.363636,8.818182,24.000000,35.687500, ,22.727273,46.615385,31.166667,43.538462,44.818182,33.454545,36.750000,11.181818,9.272727,9.545455,28.333333,15.181818,11.000000, ,11.000000, , ,17.000000,15.727273,12.545455,9.181818,17.909091,20.454545,50.466667,36.250000,56.333333,43.866667,42.600000,56.000000,45.400000,60.333333,58.466667,40.888889,40.733333,66.733333,33.533333,49.800000,55.933333,72.733333,9.000000,8.800000,8.066667,5.090909,7.000000,8.076923, ,6.500000,5.071429,4.000000,4.000000,17.687500,15.062500, ,16.600000,12.285714,30.470588,38.125000,39.409091,30.294118,36.360000,22.437500,9.187500,15.750000,40.187500,29.000000,28.875000,34.300000,24.687500,8.687500,33.826087,11.125000,36.400000,40.555556,28.750000,44.666667, , ,32.187500,35.666667,28.647059,41.833333,24.894737,39.842105,35.550000,13.812500,33.611111,45.388889,27.363636,35.666667,30.111111,51.222222,12.555556,42.777778,17.111111,33.000000,29.333333,45.888889,34.222222,14.727273,32.000000,30.000000,25.666667,48.000000, , ,11.571429,21.571429,4.666667,21.111111,16.500000, ,35.250000,24.428571,19.533333, ,26.117647,20.000000,10.285714,4.000000,43.687500,41.958333,47.357143,46.200000,21.071429,57.058824,44.520000,17.714286,22.714286,61.357143,42.080000,42.733333,36.833333,38.214286,32.000000,48.850000,8.652174, ,6.818182,13.304348,5.347826, ,12.652174,5.904762,11.173913,11.608696,4.400000, ,12.125000,7.545455,14.423077,14.173913,37.545455,38.090909,27.181818,42.600000,57.400000,30.545455,29.181818,43.363636,25.200000,13.100000, ,36.545455,22.300000,25.000000,15.600000,35.090909,14.500000, ,4.562500,4.272727,8.454545,7.272727,6.888889, ,11.954545,5.727273, ,9.409091,8.090909,6.454545,9.318182,16.227273, ,41.000000,20.312500,13.294118,31.789474,4.000000,6.125000,6.285714,33.555556,8.461538,17.764706, ,19.812500,18.250000,8.714286,10.357143,5.333333, ,5.818182,23.210526,25.166667,29.500000, , ,12.055556,8.461538,17.000000, ,14.777778,5.727273,4.000000,17.500000,31.709677,20.161290,12.580645,38.125000,46.312500,34.937500,29.161290,28.862069,32.645161,39.230769,27.193548,35.709677,28.709677,31.967742,37.193548,38.967742, , , , , , , , , , , , , , , , ,5.333333,9.857143,27.562500,28.687500,33.062500,37.058824,9.000000,13.153846,10.363636,14.250000,17.312500,39.857143,34.115385,14.000000,6.666667,15.000000, , , ,18.857143,4.000000,7.571429,8.857143,4.500000,5.571429,7.166667,10.571429,4.000000,9.000000, ,20.714286, ,20.413793,27.379310,4.285714,15.750000,12.346154,11.551724,42.766667,26.758621,28.482759, ,28.034483,35.344828,15.387097,24.310345,20.551724,26.965517,15.950000,8.450000,8.350000,13.350000,14.250000,19.250000,9.368421,13.700000, ,4.200000,6.100000,10.050000,11.700000,6.388889,5.944444,21.150000
    Number of Spikes per Burst - Std,29.461761,19.344278,27.285039,26.715975,26.696254,8.608956,5.589198,23.663362,9.699003,27.336503,27.016339,2.598773,5.950630,28.074306,4.480028,15.102428,31.861336,28.003710,30.572310,32.386579,32.020214,31.959637,32.856536,13.438312,29.975688,29.348968,20.683184,31.934308,24.800802,8.746428,31.024505,32.201831,2.080522,2.438774,4.111277,2.930951,2.226464,2.134747,1.445848,3.567712,1.930951,12.771479,1.851640, ,2.747293,3.096849,3.703280,5.344390,21.923256,48.364425,52.552285,41.699860,44.676878, ,50.569914,26.223320,18.055009,50.883159,39.898849,31.871819,37.276448,33.496705,28.222487,47.030284, ,6.835991,21.260964,2.812518, ,8.044223, ,1.891276,65.937325,13.094122,5.330127,10.024421,5.550468,14.684530,14.584125,5.856902,0.000000,0.363137,1.474223,2.325224,0.447214,2.055886, ,2.332381,2.014117,1.173314, ,1.706233,4.386589, ,2.420744,1.423610,4.400300,2.257395,11.620497,5.461152,4.970794,26.405077,6.722116,2.408775,2.717465,5.274863,1.870829,5.491252,3.009144,3.342204,10.458535,9.684825,0.894427,1.731528, ,1.767254,2.176538,2.277807, ,2.019829,1.519481, , ,0.704792,3.138990, , ,3.348967,14.171400,5.697117,1.791514,1.320173,9.380832,7.821978,3.062834,10.041092,12.555518,11.344164,10.816924,14.984913,3.144156,11.351107,15.879072,2.799660,2.023546,2.154555,8.162868,7.970208,1.996708,9.719154,13.091395,1.962812,2.412140,9.989280,2.742934,8.072014,9.320775,9.846282,12.799279,5.013618,13.872013,16.911279,3.015930,16.823820,20.163948,4.969490,3.033150,19.857651,3.030402,3.442383,3.947573,3.454466,4.134711,9.132360,11.280579,4.556024,21.719039,46.573866,1.555050,43.594998,9.794070,28.817746,14.851647,7.010197,45.886817,20.642767,23.280280,22.680598,28.977002,19.461123,50.870236,12.684073,21.763445,18.184242,7.962150,11.255924, ,4.802777,24.819559,1.581139, ,4.320494,10.781929,9.159623,11.500311,2.680823,6.467010,11.001970,1.560736,7.143429,8.630702,2.373156, ,3.652487,2.979785,8.095854,1.032796,7.945049,0.926809,2.656115,4.187282, , ,5.191392,48.488799,44.408145,44.360353,44.022721,64.200579,54.741472,42.707160,35.569288,44.748156,45.492857,40.081108,30.228889,26.567667,53.400928,18.889354,49.569368,0.447214, ,1.454566,3.829858,5.114887,1.519604, ,0.000000,0.696692,1.412587, , ,2.441029,2.227312,1.270352,1.199478,11.100534,8.052326,3.832311,5.980262,5.299035,7.783785,0.727438,1.637553,8.757414,4.438885,2.795601, ,6.222476,5.061981,6.203344,2.139233,13.937360,6.761234,10.466784,22.905339,42.240611,18.637694,6.209152,18.445048,21.324804,4.000000,23.243767, ,9.822638,17.520057,17.730944,4.853202,25.806976,44.354945,48.394215,44.443160,30.347982,44.603189,44.849749,47.127781,12.258784, ,32.894191,32.916561,45.216148,40.165629,48.472787,42.469924,7.016464,7.494760,5.115040,13.782454,3.829708,46.652877, ,11.805195,17.412930,4.092341,1.707825,16.856212,18.440516,26.802412,14.658194,11.248443,32.130982,54.042752,28.035692,24.047869,10.323113,32.027592,6.554896,47.514409,26.563491,35.814724,29.459577,16.145175,21.432841,22.692877,29.831272,52.594133,4.619435,2.625783,0.674200,1.310216,1.577000, ,2.063325,3.056007,2.615742,2.088677,5.726297,2.800376,1.773753,0.577350, ,1.893356,24.266575,50.163776,6.438167,18.600067,15.847187,40.267944,2.060886,27.542694,50.971724,8.746190,14.075984,41.350484,34.270432,19.269903,47.757044,5.781796, ,2.479326,3.741657,0.000000,1.258306,1.611083,2.157219,2.222876, ,1.317306, ,1.757338,2.127474, ,2.036433,0.963382,8.373996,3.458546,4.746890,3.842200,6.685450,16.145492,4.273175,12.476539,10.196638,3.555680,5.521686,5.915151,2.118729,2.302650,0.834523,2.567763,50.879537,4.987704,12.005207,1.000000,3.959000,12.766218,1.804036,5.267218,14.869609,9.825622,5.356905, ,18.542696,9.724408, ,13.260448, , , , , , , , , , , ,2.503569, , , ,1.863525, , , , ,2.886751, , , , , , , , ,27.579979, ,4.098780, ,32.453883,13.720588,18.583962,17.665066,3.250175,24.707816,49.142946, ,23.618175,54.187235,32.234463,51.224368,46.010473,30.154149,45.292383,3.311138,3.926599,4.203894,12.235071,5.706456,4.219005, ,3.633180, , ,7.085196,7.072353,4.824182,4.020403,7.542606,7.421100,40.044380,28.503801,45.243258,22.190302,25.424398,41.239717,32.312757,45.116780,36.110676,26.386023,25.009903,36.050494,25.928106,43.235567,34.120515,38.495764,3.798496,0.941124,2.987275,1.445998,1.253566,3.121472, ,3.807887,0.997249,0.000000,0.000000,1.956826,2.542145, ,8.934684,3.227117,8.754411,9.590794,14.188054,5.144958,21.557829,3.463500,1.424488,1.879716,9.453174,11.781341,4.937948,15.283634,4.657879,1.662077,18.396275,1.892969,46.336754,45.809352,27.535432,40.790714, , ,30.395655,25.943377,26.802381,44.235001,25.830419,39.660032,43.847193,6.882042,27.334828,45.802824,21.569760,10.931606,16.473042,27.810869,7.384293,38.104389,7.896905,35.046002,13.674794,39.621473,17.676098,11.662683,28.713141,18.200275,15.231546,41.091362, , ,2.471819,4.327271,1.000000,31.972210,3.757045, ,10.981803,2.622808,5.938574, ,9.433202,5.554921,6.194645,0.000000,36.957126,42.943319,30.124376,37.889312,10.336376,46.333668,42.403931,6.999215,7.415458,46.668400,43.857649,24.493342,35.001260,34.994898,21.465536,45.659236,1.070628, ,1.401916,2.670287,0.934622, ,3.083810,0.768424,1.370208,3.201408,0.547723, ,3.207498,1.128152,6.934973,1.696311,5.027199,3.832872,4.069845,23.143034,30.819186,4.009081,4.069845,5.937554,11.429008,6.367452, ,3.724611,12.311241,10.728985,6.058969,4.392142,2.262531, ,0.813941,0.646670,1.471225,1.315903,1.843554, ,1.617678,0.767297, ,1.259595,1.797064,0.857864,1.835791,1.743882, ,33.901327,16.040444,7.679231,33.215758,0.000000,0.991031,2.429972,29.643415,2.025479,17.876414, ,18.829830,18.451739,4.357638,7.692225,1.000000, ,1.662419,10.962456,7.755453,11.798554, , ,6.130658,1.983910,7.235533, ,4.570436,1.618080, ,5.700877,15.150783,5.854325,4.056059,26.102466,22.940930,20.200507,21.461744,17.997468,17.945377,13.261183,9.170312,25.495351,12.772871,21.825801,18.256358,24.976634, , , , , , , , , , , , , , , , ,1.118034,6.125070,17.076177,25.663771,33.752963,29.844326,3.549648,9.998718,6.281285,11.012115,11.510683,44.151201,14.978189,16.074825,1.922751,11.789826, , , ,5.475219, ,1.283881,2.348720,0.577350,1.016350,1.946247,2.709365, ,3.234430, ,4.084277, ,11.493841,23.443570,0.487950,28.384345,11.030657,7.547877,25.436443,21.178923,15.305509, ,19.859296,26.394366,8.048509,19.692463,11.343929,25.113290,2.012461,2.038446,1.182103,5.914078,3.058637,1.970172,2.385384,1.922170, ,0.414039,0.788069,1.356272,2.556725,1.195033,1.211330,4.771351
    Mean ISI within Burst - Avg (sec),0.005768,0.004391,0.003948,0.004028,0.003940,0.005750,0.006685,0.004271,0.004700,0.005450,0.007364,0.011071,0.004958,0.004676,0.005666,0.004174,0.004610,0.005237,0.007433,0.006002,0.005858,0.006226,0.009628,0.005694,0.007599,0.006228,0.004794,0.004583,0.013562,0.007229,0.008370,0.005839,0.005597,0.003937,0.005052,0.004305,0.004976,0.003639,0.003804,0.007450,0.003864,0.007357,0.004453, ,0.004636,0.003775,0.004025,0.020426,0.008595,0.006360,0.005676,0.006252,0.012148, ,0.005056,0.007371,0.011205,0.007489,0.004959,0.004276,0.009047,0.006424,0.004423,0.007248, ,0.006808,0.005209,0.008583, ,0.027143, ,0.008196,0.044439,0.009568,0.004979,0.009081,0.006872,0.026350,0.025790,0.031194,0.006000,0.004985,0.004451,0.004630,0.004991,0.007895, ,0.004067,0.004540,0.004650, ,0.007396,0.005242, ,0.006466,0.005032,0.003958,0.013009,0.012368,0.004681,0.004422,0.012804,0.014525,0.005763,0.004219,0.003938,0.006509,0.004527,0.004983,0.003617,0.004622,0.006981,0.007350,0.005765, ,0.004211,0.005027,0.007689, ,0.003987,0.014568, , ,0.007351,0.007291, , ,0.003814,0.006462,0.007150,0.004060,0.003833,0.006259,0.004508,0.003710,0.007835,0.011589,0.008545,0.009524,0.016144,0.004190,0.008184,0.009870,0.004129,0.004862,0.003887,0.006444,0.007299,0.004601,0.006657,0.006505,0.004177,0.004696,0.005460,0.004200,0.008081,0.006454,0.005248,0.004943,0.005906,0.006060,0.006284,0.003885,0.006567,0.005511,0.004616,0.003866,0.007681,0.003705,0.004097,0.003792,0.003957,0.004367,0.009581,0.011246,0.006484,0.010201,0.005770,0.014926,0.004762,0.007194,0.007103,0.005976,0.008361,0.005039,0.007154,0.009218,0.010944,0.005383,0.011107,0.004206,0.006293,0.027371,0.008776,0.016031,0.008266, ,0.017014,0.007651,0.018927, ,0.017833,0.008547,0.014513,0.026337,0.010816,0.016793,0.014711,0.008840,0.016448,0.025963,0.019278, ,0.019699,0.014880,0.013516,0.005560,0.018422,0.003553,0.018147,0.023564, , ,0.023238,0.005686,0.004778,0.004089,0.004382,0.033110,0.007146,0.005073,0.005115,0.006320,0.007048,0.006688,0.006211,0.005068,0.004171,0.008592,0.007544,0.004348, ,0.006749,0.008105,0.004956,0.007250, ,0.006288,0.005961,0.005426,0.009893, ,0.006255,0.006393,0.004620,0.006073,0.006520,0.003633,0.005948,0.004479,0.003748,0.003554,0.011104,0.007399,0.003958,0.003994,0.015844, ,0.005023,0.005669,0.004333,0.007130,0.005743,0.004230,0.004273,0.016666,0.010943,0.009104,0.003858,0.007093,0.009171,0.004376,0.016017,0.007280,0.042602,0.012851,0.016357,0.004287,0.005409,0.004805,0.005192,0.004460,0.005140,0.005716,0.004442,0.005211,0.007626, ,0.004554,0.004358,0.004126,0.006344,0.005422,0.004734,0.010715,0.009552,0.016515,0.005525,0.028636,0.011747, ,0.008581,0.007428,0.007878,0.031977,0.010533,0.007582,0.010468,0.006404,0.009533,0.006773,0.008623,0.011874,0.007640,0.007446,0.008490,0.014782,0.005630,0.009156,0.012876,0.006363,0.007750,0.006254,0.007499,0.008584,0.006919,0.005837,0.004332,0.004459,0.005703,0.006435, ,0.007386,0.007057,0.010048,0.006003,0.008755,0.008293,0.006383,0.003749, ,0.004264,0.010155,0.006272,0.008259,0.009924,0.005403,0.005677,0.008141,0.006742,0.004759,0.006037,0.004693,0.005215,0.005592,0.008517,0.004715,0.006249, ,0.006288,0.007237,0.004213,0.008322,0.013133,0.005176,0.004771, ,0.014732, ,0.005058,0.008874, ,0.004552,0.006246,0.005816,0.006749,0.004683,0.016160,0.005775,0.024409,0.034602,0.008886,0.009224,0.004917,0.009325,0.005717,0.004868,0.005571,0.010810,0.004598,0.010803,0.021177,0.013609,0.071724,0.011157,0.013141,0.035946,0.032419,0.009267,0.018106,0.037603, ,0.005699,0.016409, ,0.011669, , , , , , , , , , , ,0.029066, , , ,0.017926, , , , ,0.023193, , , , , , , , ,0.010765, ,0.037728, ,0.005110,0.007214,0.006024,0.008495,0.044445,0.037373,0.006758, ,0.007013,0.005224,0.007217,0.009489,0.004904,0.005806,0.006954,0.012919,0.012770,0.012745,0.013965,0.009712,0.012196, ,0.007573, , ,0.009299,0.009433,0.012051,0.012471,0.008804,0.011022,0.004803,0.006331,0.004987,0.006157,0.005069,0.004913,0.005084,0.004621,0.005914,0.013171,0.004577,0.005382,0.005118,0.004555,0.005911,0.006676,0.013640,0.003977,0.018002,0.008147,0.004266,0.016632, ,0.022538,0.005978,0.004067,0.008527,0.008112,0.006889, ,0.019298,0.015434,0.004748,0.005544,0.015060,0.004923,0.009302,0.005349,0.004987,0.004362,0.008164,0.005355,0.004097,0.006656,0.004785,0.006617,0.006540,0.009600,0.005811,0.004383,0.006196,0.005653, , ,0.006185,0.004776,0.010289,0.004366,0.010248,0.005253,0.006939,0.011636,0.004649,0.004008,0.006376,0.009233,0.004947,0.005479,0.007408,0.003988,0.006776,0.006576,0.006071,0.003974,0.004751,0.008657,0.006299,0.004227,0.005221,0.004427, , ,0.007085,0.006270,0.015561,0.019609,0.004827, ,0.004338,0.004139,0.005849, ,0.006628,0.006080,0.014577,0.017973,0.006254,0.008297,0.006894,0.005556,0.008690,0.006014,0.007130,0.009007,0.008343,0.005159,0.007186,0.009220,0.010233,0.006268,0.006200,0.006998,0.004106, ,0.006439,0.006867,0.003440, ,0.007368,0.010478,0.004544,0.006865,0.013371, ,0.005941,0.022904,0.009848,0.006267,0.003815,0.003520,0.009413,0.005553,0.005869,0.004116,0.003801,0.006690,0.015597,0.012554, ,0.003719,0.009182,0.007992,0.013578,0.003535,0.004185, ,0.006609,0.005935,0.004810,0.004964,0.008727, ,0.003836,0.005277, ,0.004031,0.004530,0.004519,0.006024,0.004423, ,0.005053,0.005574,0.011733,0.006274,0.007040,0.013662,0.012489,0.005258,0.016951,0.008699, ,0.005257,0.004949,0.008997,0.007850,0.014812, ,0.017871,0.008160,0.006943,0.007035, , ,0.009636,0.021888,0.008728, ,0.007900,0.011926,0.027547,0.006827,0.004964,0.004982,0.006348,0.004858,0.005836,0.004818,0.004471,0.006273,0.004391,0.015611,0.004475,0.004534,0.004552,0.003966,0.004434,0.003908, , , , , , , , , , , , , , , , ,0.026023,0.017319,0.008579,0.008891,0.007419,0.009220,0.029205,0.014035,0.024312,0.011953,0.010825,0.005678,0.033081,0.012441,0.026265,0.013690, , , ,0.009187,0.002907,0.006456,0.009898,0.005368,0.009255,0.021009,0.012487,0.009227,0.010060, ,0.007711, ,0.004970,0.005400,0.010378,0.012520,0.007291,0.006293,0.004465,0.004329,0.004532, ,0.004078,0.004045,0.008159,0.005853,0.004988,0.004460,0.010069,0.010471,0.017344,0.012366,0.016525,0.008487,0.013514,0.012930, ,0.003925,0.009105,0.023621,0.010452,0.005931,0.008727,0.011157
    Mean ISI within Burst - Std (sec),0.004412,0.002420,0.000596,0.000758,0.001037,0.005407,0.008646,0.002470,0.004338,0.003125,0.004846,0.009705,0.001448,0.001344,0.005857,0.001300,0.001347,0.002232,0.004011,0.007077,0.002660,0.002445,0.013874,0.005639,0.004690,0.003800,0.003803,0.001403,0.013863,0.007630,0.002360,0.001534,0.001624,0.000698,0.005035,0.000680,0.000848,0.000323,0.000372,0.002214,0.000361,0.009558,0.000829, ,0.000562,0.000561,0.000687,0.039793,0.009526,0.002038,0.002518,0.002070,0.004032, ,0.001986,0.006932,0.010510,0.001845,0.001201,0.001510,0.005109,0.002619,0.001786,0.003609, ,0.002803,0.002089,0.004276, ,0.014758, ,0.004434,0.057897,0.015775,0.001158,0.019049,0.002684,0.010513,0.010405,0.017200,0.001923,0.003600,0.001115,0.001034,0.001029,0.003386, ,0.000810,0.000754,0.001787, ,0.006328,0.003911, ,0.002468,0.001475,0.000565,0.020513,0.016848,0.003518,0.000680,0.005241,0.017603,0.001830,0.000545,0.000498,0.002272,0.001391,0.000749,0.000552,0.004079,0.007752,0.002615,0.002206, ,0.000546,0.001179,0.002865, ,0.000708,0.008972, , ,0.002934,0.001415, , ,0.000370,0.001939,0.001462,0.000555,0.000499,0.005852,0.001787,0.000310,0.007549,0.009352,0.008013,0.009570,0.008634,0.000702,0.006546,0.010309,0.000566,0.000986,0.000572,0.003596,0.003787,0.000668,0.004336,0.004458,0.000699,0.000707,0.002425,0.000821,0.003854,0.002757,0.002176,0.001765,0.004728,0.003253,0.003927,0.000526,0.002597,0.001955,0.000874,0.000441,0.004134,0.000378,0.001082,0.000536,0.000504,0.000842,0.006395,0.010128,0.002891,0.005279,0.001856,0.026311,0.001386,0.004447,0.004136,0.003853,0.005871,0.002675,0.004639,0.006288,0.007757,0.002663,0.006021,0.001630,0.003455,0.009167,0.002609,0.009853,0.002900, ,0.012534,0.006369,0.003813, ,0.013978,0.004159,0.006608,0.042504,0.004049,0.009267,0.007749,0.004098,0.017810,0.019485,0.028991, ,0.035223,0.014602,0.015228,0.002299,0.018682,0.000637,0.024256,0.031165, , ,0.024380,0.002869,0.002456,0.001127,0.000959,0.012261,0.004578,0.000388,0.003149,0.005549,0.005984,0.004933,0.003182,0.002544,0.001567,0.007143,0.006405,0.000916, ,0.007121,0.002746,0.001270,0.005483, ,0.002431,0.001854,0.002890, , ,0.002595,0.005793,0.001263,0.002046,0.006602,0.000464,0.001397,0.000626,0.000519,0.000709,0.003717,0.002858,0.002206,0.000452,0.007420, ,0.001771,0.001915,0.001275,0.002137,0.003970,0.000565,0.000900,0.012817,0.006279,0.009974,0.000427,0.004187,0.008470,0.000569,0.014125, ,0.025169,0.022123,0.022764,0.000578,0.002144,0.001035,0.001886,0.001274,0.003309,0.001470,0.001050,0.002572,0.005435, ,0.001809,0.001663,0.000719,0.000771,0.002241,0.001210,0.004016,0.002076,0.005888,0.001278,0.011827,0.003493, ,0.002769,0.003145,0.004954,0.008872,0.002112,0.004532,0.008417,0.002041,0.002437,0.002905,0.001354,0.009843,0.002547,0.003611,0.002523,0.006653,0.001511,0.003287,0.010771,0.001610,0.002562,0.002577,0.002232,0.005302,0.004132,0.002670,0.001863,0.001036,0.001917,0.004514, ,0.005427,0.002450,0.005780,0.005209,0.001996,0.002969,0.005436,0.000899, ,0.002801,0.007247,0.002915,0.008014,0.007444,0.002421,0.002889,0.007734,0.003614,0.001905,0.006023,0.003175,0.002845,0.002973,0.007650,0.001812,0.007767, ,0.003255,0.002798,0.001282,0.009288,0.010761,0.001277,0.001677, ,0.003807, ,0.001526,0.001862, ,0.001239,0.001287,0.005811,0.001583,0.000732,0.027479,0.004588,0.006672,0.015337,0.012115,0.009828,0.000901,0.003299,0.000860,0.001037,0.001524,0.002809,0.000831,0.007582,0.006218,0.004786,0.013926,0.003820,0.003704,0.006487,0.015640,0.004056,0.004835,0.006912, ,0.002656,0.006140, ,0.003964, , , , , , , , , , , ,0.017815, , , ,0.003250, , , , ,0.022648, , , , , , , , ,0.000631, ,0.035808, ,0.002659,0.005356,0.003929,0.005448,0.032395,0.033848,0.010914, ,0.005608,0.003381,0.002811,0.010499,0.002134,0.003399,0.004327,0.018878,0.020892,0.018805,0.004923,0.012047,0.017868, ,0.011787, , ,0.010871,0.010574,0.016112,0.020386,0.010646,0.007855,0.002209,0.006325,0.001860,0.001357,0.002301,0.001535,0.002171,0.001556,0.001600,0.024638,0.002199,0.001042,0.002370,0.001851,0.001353,0.000950,0.027268,0.000548,0.037211,0.002917,0.000587,0.030004, ,0.044062,0.002233,0.000057,0.004436,0.002108,0.002799, ,0.025806,0.021401,0.001369,0.001611,0.014562,0.000869,0.004436,0.001215,0.001229,0.000743,0.002598,0.001496,0.000679,0.003076,0.000831,0.002535,0.003626,0.004781,0.002922,0.001870,0.006290,0.002308, , ,0.004977,0.002073,0.020473,0.001680,0.011441,0.001904,0.005456,0.011151,0.002535,0.000615,0.001962,0.003156,0.001280,0.000974,0.005199,0.001237,0.004210,0.002914,0.002324,0.000796,0.002011,0.004481,0.003314,0.001081,0.003289,0.001152, , ,0.001895,0.001540,0.005729,0.017683,0.000994, ,0.001842,0.000574,0.002167, ,0.004784,0.001676,0.003657,0.003356,0.003687,0.003934,0.002401,0.002335,0.005065,0.002647,0.003514,0.005523,0.003240,0.000872,0.003349,0.003638,0.009224,0.002387,0.004367,0.002382,0.000509, ,0.003447,0.003197,0.000592, ,0.003559,0.002808,0.001842,0.004643,0.006148, ,0.002189,0.007510,0.005109,0.001465,0.000579,0.000291,0.003620,0.006428,0.004017,0.000551,0.000463,0.003195,0.010267,0.020336, ,0.000306,0.010623,0.011204,0.019250,0.000428,0.001053, ,0.001991,0.002166,0.001908,0.001425,0.002848, ,0.000604,0.003071, ,0.000879,0.001470,0.001182,0.002523,0.000974, ,0.001858,0.002324,0.007866,0.005118,0.002074,0.005234,0.009761,0.001905,0.009954,0.004538, ,0.001752,0.002113,0.007792,0.003877,0.007416, ,0.018848,0.002015,0.002378,0.002181, , ,0.002225,0.008688,0.002105, ,0.003011,0.004455, ,0.001863,0.001589,0.001615,0.002965,0.001762,0.002816,0.002117,0.001728,0.005314,0.001270,0.002308,0.001278,0.001492,0.001266,0.001030,0.000912,0.000807, , , , , , , , , , , , , , , , ,0.020144,0.017018,0.003444,0.003220,0.003181,0.009869,0.024042,0.011506,0.014732,0.007758,0.007139,0.001851,0.016459,0.010102,0.031666,0.009032, , , ,0.003190, ,0.004381,0.006174,0.001595,0.007178,0.010267,0.006272, ,0.006760, ,0.001325, ,0.002063,0.001526,0.001763,0.007620,0.004135,0.003786,0.001002,0.001608,0.001337, ,0.000995,0.000901,0.004574,0.001917,0.001837,0.001313,0.001675,0.007113,0.003355,0.004916,0.006724,0.001169,0.005897,0.001924, ,0.000913,0.003475,0.005712,0.003478,0.001432,0.004160,0.003104
    Median ISI within Burst - Avg (sec),0.003958,0.003112,0.003013,0.003014,0.003070,0.003740,0.004215,0.003073,0.003147,0.003723,0.004568,0.007325,0.003590,0.003045,0.003663,0.003213,0.003126,0.003331,0.004809,0.005392,0.003171,0.004102,0.006356,0.003369,0.004903,0.003834,0.003189,0.003238,0.010699,0.004398,0.004840,0.003276,0.004118,0.003029,0.003833,0.003179,0.003550,0.003053,0.002971,0.003827,0.003236,0.005097,0.003568, ,0.003310,0.002983,0.002912,0.019560,0.003402,0.003099,0.003186,0.003579,0.007162, ,0.003061,0.003300,0.003863,0.003435,0.003069,0.003082,0.005981,0.003514,0.002989,0.004429, ,0.003957,0.003651,0.006366, ,0.019400, ,0.006502,0.040643,0.008354,0.003723,0.007986,0.004292,0.023450,0.023183,0.024022,0.004840,0.003817,0.003466,0.003682,0.004400,0.005251, ,0.003078,0.003330,0.003731, ,0.004445,0.003655, ,0.003526,0.003544,0.002917,0.009968,0.007498,0.003011,0.003043,0.005811,0.012718,0.004269,0.003609,0.002920,0.004963,0.002923,0.003754,0.003011,0.003445,0.004672,0.005792,0.004180, ,0.003257,0.003513,0.003808, ,0.003245,0.009478, , ,0.006818,0.004040, , ,0.003062,0.003435,0.003405,0.003139,0.003157,0.004402,0.003285,0.002987,0.006302,0.006681,0.006459,0.006368,0.008697,0.003355,0.006674,0.007013,0.003155,0.003562,0.003116,0.004021,0.004012,0.003374,0.004533,0.004908,0.003146,0.003722,0.004290,0.003024,0.004796,0.004847,0.003798,0.003846,0.004020,0.004034,0.004115,0.003030,0.004055,0.004080,0.003033,0.003105,0.004422,0.002980,0.003060,0.002947,0.003008,0.003220,0.006210,0.004177,0.003654,0.004257,0.003421,0.008498,0.003176,0.004829,0.004105,0.003803,0.005648,0.003784,0.003629,0.005955,0.007675,0.003445,0.005765,0.003109,0.003693,0.024520,0.006507,0.006845,0.006680, ,0.015440,0.003518,0.017262, ,0.012570,0.006940,0.008160,0.021867,0.008857,0.013484,0.006494,0.004458,0.004464,0.006909,0.008674, ,0.003797,0.006646,0.003640,0.004884,0.004189,0.003231,0.005023,0.015130, , ,0.007326,0.003131,0.003067,0.003050,0.003000,0.017820,0.003543,0.003290,0.003220,0.004825,0.004579,0.004256,0.004080,0.003417,0.003007,0.005997,0.003204,0.004248, ,0.004989,0.004211,0.003276,0.004891, ,0.005664,0.005432,0.003825,0.012880, ,0.003704,0.003985,0.003792,0.005422,0.003951,0.002946,0.004701,0.003473,0.003209,0.002916,0.009353,0.006706,0.002991,0.003345,0.010802, ,0.003920,0.003991,0.003483,0.006310,0.003978,0.002990,0.003025,0.009342,0.006631,0.004869,0.002955,0.004443,0.006077,0.003250,0.005713,0.004120,0.034100,0.003063,0.006297,0.003330,0.003449,0.003102,0.003431,0.003124,0.003316,0.003267,0.003111,0.003436,0.004093, ,0.003267,0.003067,0.003289,0.003267,0.003391,0.003218,0.005877,0.005435,0.013633,0.003511,0.023033,0.006953, ,0.005054,0.004292,0.005334,0.031400,0.004309,0.004912,0.008553,0.004197,0.007023,0.003200,0.004983,0.004547,0.004260,0.003573,0.003547,0.009660,0.003509,0.004886,0.011391,0.003493,0.003793,0.003720,0.003687,0.005034,0.004034,0.003362,0.003101,0.004029,0.004978,0.003773, ,0.003836,0.003813,0.003806,0.003667,0.004076,0.003874,0.004192,0.003680, ,0.003251,0.005750,0.003647,0.005195,0.009025,0.003635,0.003579,0.005843,0.003687,0.003263,0.003895,0.003455,0.003520,0.003628,0.005980,0.003193,0.004013, ,0.003302,0.003420,0.004360,0.006165,0.007612,0.003680,0.003249, ,0.013346, ,0.003516,0.004444, ,0.003196,0.006171,0.003853,0.004849,0.003414,0.012935,0.004397,0.022643,0.031585,0.004445,0.008328,0.003386,0.005000,0.003366,0.003606,0.004440,0.010160,0.003466,0.008707,0.015693,0.009579,0.061184,0.009622,0.010294,0.029153,0.021228,0.006424,0.016128,0.027590, ,0.003710,0.012612, ,0.007884, , , , , , , , , , , ,0.021125, , , ,0.012829, , , , ,0.022240, , , , , , , , ,0.005811, ,0.029776, ,0.003447,0.004596,0.004000,0.004513,0.023211,0.031415,0.005508, ,0.005236,0.004498,0.004220,0.005391,0.003382,0.003633,0.005128,0.003298,0.003149,0.003429,0.003860,0.003098,0.003367, ,0.003247, , ,0.003113,0.003295,0.003349,0.003145,0.003265,0.004382,0.003240,0.004982,0.003227,0.003504,0.003267,0.003133,0.003277,0.003133,0.003211,0.009980,0.003155,0.003203,0.003419,0.003200,0.003192,0.003365,0.004283,0.003221,0.004445,0.006905,0.003845,0.005655, ,0.006284,0.004134,0.003600,0.006460,0.004085,0.003830, ,0.006293,0.007002,0.003313,0.003378,0.010765,0.003353,0.004330,0.003388,0.004070,0.003437,0.003720,0.003575,0.003073,0.004050,0.003470,0.004598,0.005323,0.005123,0.004076,0.003162,0.003320,0.003824, , ,0.003260,0.003289,0.005532,0.003151,0.005457,0.003385,0.005242,0.004608,0.003227,0.003053,0.003887,0.004724,0.003471,0.003320,0.005067,0.003093,0.004538,0.004252,0.003964,0.003209,0.003271,0.004989,0.004144,0.003271,0.003573,0.003129, , ,0.005831,0.003834,0.012493,0.004478,0.003551, ,0.003740,0.003386,0.004536, ,0.004805,0.003811,0.012583,0.017800,0.004283,0.005225,0.003963,0.003901,0.004871,0.003767,0.005131,0.004669,0.005249,0.003189,0.005117,0.004635,0.005453,0.003866,0.003706,0.004624,0.003468, ,0.004302,0.003610,0.003240, ,0.003718,0.006914,0.003266,0.003400,0.009104, ,0.003707,0.011065,0.004694,0.003677,0.002931,0.002895,0.004702,0.002964,0.003080,0.003167,0.003149,0.003189,0.006584,0.004284, ,0.003000,0.004116,0.003436,0.005296,0.002971,0.003002, ,0.003995,0.005516,0.003460,0.003791,0.006262, ,0.003135,0.004385, ,0.003385,0.003402,0.003487,0.003775,0.003184, ,0.003775,0.003892,0.007904,0.004257,0.007520,0.011125,0.010577,0.003724,0.012622,0.007144, ,0.003888,0.003930,0.007017,0.005843,0.011311, ,0.015044,0.005667,0.004211,0.004691, , ,0.008327,0.015803,0.006056, ,0.005731,0.009571,0.036000,0.004018,0.003245,0.003507,0.004648,0.003208,0.004001,0.003500,0.003187,0.003425,0.003079,0.009714,0.003208,0.003097,0.003226,0.003081,0.003074,0.003023, , , , , , , , , , , , , , , , ,0.013329,0.008314,0.005418,0.007075,0.005270,0.004729,0.011825,0.008203,0.017585,0.006940,0.005288,0.003749,0.027905,0.006025,0.012077,0.009123, , , ,0.003986,0.002560,0.004471,0.005266,0.004590,0.004149,0.010020,0.004960,0.009600,0.004083, ,0.003717, ,0.003672,0.003506,0.009560,0.007776,0.005200,0.005101,0.003303,0.003375,0.003258, ,0.003403,0.003072,0.005357,0.003648,0.003683,0.003348,0.005214,0.004524,0.012614,0.009402,0.007090,0.003828,0.005297,0.006984, ,0.003771,0.005974,0.014876,0.004292,0.004111,0.005378,0.004586
    Median ISI within Burst - Std (sec),0.002400,0.000212,0.000145,0.000173,0.000368,0.000771,0.000866,0.000264,0.000226,0.001882,0.002506,0.002429,0.000303,0.000164,0.000585,0.000446,0.000463,0.000681,0.003150,0.007554,0.000257,0.001590,0.010674,0.000316,0.003162,0.002897,0.000279,0.000731,0.012147,0.002804,0.002530,0.000636,0.000833,0.000101,0.003703,0.000265,0.000395,0.000170,0.000102,0.000874,0.000171,0.005754,0.000344, ,0.000224,0.000160,0.000096,0.040667,0.000385,0.000140,0.000233,0.000780,0.004548, ,0.000168,0.000282,0.000679,0.000292,0.000111,0.000165,0.004777,0.001264,0.000127,0.002874, ,0.000621,0.002023,0.002901, ,0.010812, ,0.003338,0.056049,0.018262,0.000699,0.018517,0.001340,0.010272,0.011058,0.015068,0.003111,0.001248,0.000402,0.000581,0.000522,0.001704, ,0.000245,0.000410,0.000962, ,0.002538,0.001671, ,0.000372,0.000552,0.000089,0.016357,0.008870,0.000151,0.000156,0.004672,0.016690,0.000863,0.000407,0.000140,0.001957,0.000093,0.000476,0.000131,0.002036,0.004487,0.002004,0.001268, ,0.000258,0.000395,0.000557, ,0.000292,0.004615, , ,0.003023,0.000299, , ,0.000166,0.000316,0.000188,0.000172,0.000250,0.003916,0.000857,0.000123,0.007919,0.005073,0.007711,0.006718,0.004543,0.000388,0.006162,0.006911,0.000193,0.000505,0.000198,0.002075,0.001610,0.000297,0.003919,0.003891,0.000175,0.000423,0.001932,0.000154,0.002492,0.002737,0.001769,0.001323,0.003492,0.002396,0.002199,0.000166,0.002600,0.001911,0.000159,0.000186,0.002838,0.000129,0.000107,0.000107,0.000111,0.000151,0.005103,0.002671,0.000708,0.001389,0.000320,0.006965,0.000274,0.001664,0.001776,0.001247,0.002234,0.001598,0.000718,0.002417,0.005932,0.000486,0.001932,0.000269,0.000401,0.009804,0.002144,0.003705,0.001952, ,0.012673,0.000704,0.004051, ,0.009459,0.003622,0.002739,0.040311,0.002500,0.008481,0.003288,0.001796,0.000789,0.003070,0.010449, ,0.001021,0.001900,0.000386,0.001897,0.001221,0.000479,0.002743,0.023256, , ,0.002419,0.000237,0.000413,0.000169,0.000165,0.007506,0.001224,0.000170,0.000363,0.006271,0.004060,0.002770,0.002052,0.000642,0.000143,0.006824,0.000436,0.000838, ,0.004057,0.001019,0.000305,0.003403, ,0.002990,0.001899,0.000801, , ,0.000654,0.001456,0.000726,0.001927,0.002812,0.000095,0.001277,0.000305,0.000351,0.000125,0.003887,0.003083,0.000189,0.000412,0.005622, ,0.001284,0.001147,0.000275,0.002448,0.002922,0.000126,0.000142,0.010190,0.004403,0.004992,0.000163,0.001664,0.004290,0.000249,0.003534, ,0.023291,0.000182,0.004134,0.000205,0.000401,0.000143,0.000211,0.000230,0.000498,0.000290,0.000148,0.000803,0.001128, ,0.000276,0.000171,0.000184,0.000111,0.000477,0.000225,0.002634,0.001167,0.004209,0.000391,0.010982,0.002037, ,0.001769,0.000869,0.002411,0.008126,0.000597,0.002237,0.010005,0.000786,0.003031,0.000292,0.002748,0.001363,0.000459,0.000515,0.000230,0.003884,0.000652,0.001587,0.012032,0.000393,0.000369,0.000249,0.000652,0.004528,0.002357,0.000262,0.000366,0.000937,0.001825,0.000755, ,0.000942,0.000715,0.000902,0.000889,0.000969,0.000907,0.002491,0.001040, ,0.000398,0.004756,0.000750,0.001774,0.005289,0.000446,0.001189,0.002175,0.001192,0.000374,0.000696,0.000609,0.000825,0.000594,0.004462,0.000534,0.001561, ,0.000283,0.000406,0.001414,0.006953,0.004626,0.000682,0.000257, ,0.004397, ,0.000401,0.000856, ,0.000251,0.001401,0.002899,0.000742,0.000302,0.025358,0.005468,0.007412,0.014914,0.003130,0.010273,0.000274,0.001277,0.000179,0.000702,0.001404,0.004178,0.000407,0.006790,0.004146,0.002748,0.017392,0.002908,0.003180,0.005694,0.005319,0.001897,0.004814,0.003978, ,0.000574,0.004513, ,0.002490, , , , , , , , , , , ,0.007718, , , ,0.003250, , , , ,0.022956, , , , , , , , ,0.002359, ,0.032054, ,0.000586,0.001895,0.001879,0.001724,0.023858,0.031043,0.009544, ,0.004309,0.004809,0.000948,0.004811,0.000399,0.000976,0.003954,0.000345,0.000332,0.000463,0.000992,0.000231,0.000393, ,0.000351, , ,0.000265,0.000220,0.000197,0.000357,0.000370,0.000986,0.000662,0.006249,0.000349,0.000324,0.000495,0.000216,0.000506,0.000526,0.000273,0.017430,0.000257,0.000299,0.000634,0.000420,0.000351,0.000270,0.001145,0.000353,0.001650,0.003278,0.000566,0.003829, ,0.001136,0.001062,0.001358,0.002484,0.001177,0.000835, ,0.002022,0.007130,0.001149,0.000342,0.010998,0.000377,0.001771,0.000205,0.001521,0.000308,0.000448,0.000323,0.000174,0.002210,0.000264,0.001196,0.004237,0.002068,0.001604,0.000562,0.000345,0.001085, , ,0.000308,0.000384,0.008798,0.000405,0.003917,0.001004,0.004786,0.001456,0.000376,0.000163,0.000562,0.001362,0.000426,0.000274,0.003455,0.000350,0.002021,0.002435,0.001483,0.000229,0.000636,0.003454,0.001322,0.000214,0.000884,0.000378, , ,0.001867,0.000524,0.005106,0.002373,0.000365, ,0.001532,0.000243,0.001963, ,0.003604,0.000558,0.002914,0.001414,0.003160,0.002637,0.000723,0.001736,0.001932,0.001440,0.002696,0.001750,0.002138,0.000174,0.002608,0.001730,0.003709,0.001028,0.001073,0.002131,0.000404, ,0.001022,0.000400,0.000600, ,0.001098,0.002866,0.000351,0.000591,0.004141, ,0.000813,0.004588,0.001899,0.000485,0.000121,0.000114,0.003093,0.000134,0.000088,0.000126,0.000202,0.000237,0.001106,0.000695, ,0.000126,0.000734,0.000359,0.001379,0.000152,0.000257, ,0.000923,0.002939,0.000618,0.000556,0.001865, ,0.000259,0.001094, ,0.000555,0.000382,0.000469,0.000712,0.000266, ,0.001574,0.000949,0.003109,0.002529,0.002715,0.004859,0.006488,0.001563,0.007524,0.003813, ,0.000619,0.001087,0.005084,0.003359,0.003739, ,0.020992,0.001480,0.000868,0.001460, , ,0.001294,0.009599,0.001582, ,0.001724,0.004262, ,0.000790,0.000192,0.000399,0.001362,0.000573,0.002733,0.000929,0.000413,0.000381,0.000163,0.002935,0.000218,0.000275,0.000278,0.000260,0.000192,0.000137, , , , , , , , , , , , , , , , ,0.007877,0.005555,0.001476,0.002464,0.002311,0.003449,0.006780,0.006006,0.008817,0.002712,0.001823,0.000766,0.014871,0.002470,0.011386,0.005778, , , ,0.000858, ,0.000738,0.003326,0.000651,0.001582,0.007348,0.001890, ,0.001153, ,0.000369, ,0.000493,0.000440,0.003208,0.003004,0.001423,0.001420,0.000675,0.000426,0.000281, ,0.000284,0.000142,0.002924,0.000518,0.000433,0.000290,0.001429,0.002782,0.006078,0.003193,0.003297,0.000409,0.004180,0.002919, ,0.000836,0.001982,0.007625,0.001380,0.000900,0.002616,0.001360
    Median/Mean ISI within Burst,0.747182,0.774624,0.773245,0.760846,0.797912,0.764419,0.804102,0.787957,0.800303,0.728390,0.677813,0.754822,0.753073,0.683120,0.789440,0.793956,0.707545,0.711951,0.660089,0.841164,0.604798,0.669409,0.651109,0.752782,0.661776,0.634711,0.790641,0.729594,0.744388,0.750333,0.563247,0.592048,0.764055,0.789752,0.772687,0.751378,0.725907,0.842599,0.787400,0.547916,0.841928,0.791094,0.822450, ,0.723535,0.802809,0.742357,0.860424,0.660337,0.528156,0.637672,0.602762,0.549357, ,0.662469,0.671606,0.530544,0.478900,0.650300,0.771804,0.637374,0.583293,0.744119,0.594672, ,0.632030,0.712974,0.782714, ,0.717162, ,0.808223,0.843687,0.707188,0.762051,0.786990,0.654931,0.863238,0.854710,0.734809,0.762744,0.865092,0.806654,0.814838,0.905641,0.730528, ,0.774592,0.747944,0.853056, ,0.721640,0.781790, ,0.602295,0.736775,0.748615,0.761300,0.679837,0.763452,0.700457,0.453401,0.805918,0.775816,0.858881,0.750631,0.794893,0.688086,0.761460,0.845435,0.806338,0.730252,0.817418,0.761056, ,0.782575,0.728375,0.544518, ,0.832182,0.730415, , ,0.930891,0.569389, , ,0.810160,0.574888,0.496077,0.783395,0.831457,0.721391,0.759535,0.808935,0.738188,0.640557,0.685745,0.700472,0.592982,0.810386,0.774733,0.741298,0.774681,0.748598,0.811891,0.635170,0.589175,0.741733,0.648425,0.733301,0.768137,0.800771,0.788569,0.743049,0.609803,0.742059,0.730268,0.785445,0.674401,0.680662,0.703524,0.788833,0.600396,0.729015,0.673174,0.809872,0.587132,0.810559,0.777088,0.788666,0.769456,0.755380,0.666998,0.428248,0.623525,0.462954,0.636942,0.873954,0.699486,0.737478,0.629148,0.702697,0.765000,0.789320,0.602330,0.722803,0.749282,0.710791,0.568026,0.793380,0.671506,0.880639,0.747071,0.499033,0.831677, ,0.886363,0.607626,0.910196, ,0.771385,0.809193,0.622964,0.764679,0.847727,0.778630,0.500362,0.591924,0.482192,0.359662,0.669625, ,0.676771,0.583705,0.491970,0.903112,0.405970,0.918505,0.512231,0.627757, , ,0.532556,0.616787,0.717781,0.781498,0.706218,0.530407,0.617705,0.651297,0.735488,0.706016,0.664356,0.694991,0.682866,0.746877,0.778966,0.687498,0.618773,0.980673, ,0.861599,0.557550,0.693395,0.769996, ,0.895523,0.920839,0.777543,1.301887, ,0.655305,0.813486,0.849717,0.904482,0.729436,0.821116,0.794543,0.785273,0.863568,0.839253,0.857209,0.902890,0.830437,0.841309,0.722097, ,0.796147,0.746296,0.833414,0.878307,0.720298,0.719081,0.730873,0.470156,0.632958,0.653442,0.772255,0.705873,0.730378,0.751418,0.453733,0.565934,0.706948,0.601761,0.590269,0.786708,0.682343,0.666342,0.708224,0.731898,0.737279,0.595121,0.723275,0.700595,0.639698, ,0.772706,0.756423,0.810488,0.521397,0.667201,0.704925,0.566700,0.603772,0.861306,0.656761,0.794671,0.641941, ,0.620642,0.633983,0.719658,0.997391,0.425917,0.687213,0.703528,0.688895,0.719989,0.543702,0.556457,0.605587,0.598287,0.534395,0.452212,0.671257,0.664091,0.553088,0.739038,0.574554,0.523133,0.655367,0.520677,0.575215,0.627566,0.659092,0.776616,0.911443,0.889251,0.733106, ,0.660303,0.576563,0.509658,0.763269,0.484909,0.507766,0.768442,0.977919, ,0.862109,0.632685,0.650135,0.759390,0.958177,0.719053,0.692672,0.859144,0.628860,0.739693,0.800233,0.821331,0.740958,0.731769,0.747390,0.727810,0.813076, ,0.629795,0.541768,1.031502,0.833680,0.719169,0.741064,0.732631, ,0.898113, ,0.738147,0.520297, ,0.741325,0.985359,0.754054,0.743927,0.742978,0.734615,0.730015,0.905948,0.873066,0.645397,0.808019,0.705849,0.567882,0.599966,0.752176,0.817015,0.921081,0.771244,0.778916,0.766251,0.743388,0.850916,0.877902,0.790768,0.829147,0.760352,0.746033,0.901304,0.741127, ,0.716995,0.810732, ,0.690074, , , , , , , , , , , ,0.809992, , , ,0.729236, , , , ,0.852879, , , , , , , , ,0.534263, ,0.736196, ,0.750249,0.727982,0.719065,0.618056,0.582396,0.793033,0.808981, ,0.759430,0.796960,0.645309,0.687240,0.750648,0.690605,0.739205,0.657632,0.766445,0.656979,0.299800,0.623577,0.679164, ,0.765173, , ,0.611019,0.644424,0.606013,0.766436,0.699316,0.520921,0.728529,0.802981,0.687752,0.587258,0.705264,0.669939,0.693876,0.711510,0.570404,0.785254,0.762737,0.608801,0.725971,0.752528,0.562085,0.510958,0.684624,0.820868,0.675252,0.838154,0.903587,0.562244, ,0.811725,0.751674,0.883009,0.809703,0.523888,0.608051, ,0.540418,0.551819,0.708031,0.643703,0.707611,0.696054,0.496866,0.658963,0.811199,0.798233,0.502193,0.694901,0.765177,0.627681,0.739600,0.739952,0.771716,0.593427,0.730779,0.764772,0.741730,0.728391, , ,0.670742,0.742550,0.703670,0.761120,0.664338,0.694691,0.748090,0.518955,0.773803,0.773094,0.644852,0.537303,0.725004,0.615712,0.692316,0.804467,0.711814,0.642580,0.667309,0.825059,0.723974,0.570939,0.725970,0.800705,0.759661,0.733050, , ,0.823271,0.642414,0.822812,0.314839,0.752131, ,0.867456,0.828054,0.781779, ,0.755273,0.656312,0.900530,1.000454,0.681162,0.638693,0.606255,0.723836,0.614550,0.649274,0.714508,0.568542,0.662402,0.632106,0.718863,0.508121,0.614003,0.646567,0.692217,0.647370,0.850820, ,0.754410,0.607165,0.946086, ,0.612438,0.650545,0.773956,0.637675,0.756961, ,0.676401,0.507851,0.551971,0.607644,0.780297,0.825661,0.512768,0.766170,0.628103,0.779490,0.834292,0.575266,0.505056,0.649670, ,0.810697,0.654282,0.714731,0.662415,0.850156,0.745654, ,0.629845,0.897602,0.773734,0.806333,0.756581, ,0.832299,0.894940, ,0.851026,0.803072,0.802232,0.694524,0.743353, ,0.758757,0.733660,0.796249,0.738470,1.057251,0.816517,0.915479,0.711201,0.752810,0.825530, ,0.773372,0.821815,0.822131,0.749109,0.863227, ,0.827952,0.699144,0.636310,0.675529, , ,0.886939,0.698994,0.707898, ,0.770376,0.810235,1.306873,0.616263,0.698850,0.734239,0.781374,0.685898,0.676060,0.757528,0.749521,0.676233,0.732463,0.612790,0.748001,0.715049,0.744266,0.797252,0.710025,0.796033, , , , , , , , , , , , , , , , ,0.651805,0.702645,0.667467,0.813316,0.724748,0.601857,0.565169,0.685979,0.811477,0.683394,0.618390,0.707391,0.836373,0.688368,0.696606,0.703387, , , ,0.490121,0.880734,0.828832,0.663418,0.889376,0.664640,0.496207,0.482378,1.040462,0.590299, ,0.495761, ,0.787762,0.674524,0.898695,0.690743,0.770591,0.865320,0.751152,0.814758,0.746354, ,0.854987,0.783071,0.678483,0.656838,0.771949,0.780150,0.520309,0.572828,0.726401,0.809288,0.466750,0.457175,0.445227,0.537527, ,0.966734,0.692876,0.633529,0.469650,0.718092,0.654031,0.439568
    Inter-Burst Interval - Avg (sec),21.736739,23.627565,22.642933,22.643213,22.642847,23.627843,23.627746,23.627562,23.627419,20.127061,16.982280,23.627537,22.642963,23.627381,23.628052,22.643067,26.681036,24.142613,20.278019,25.348236,29.825708,28.533571,24.145246,29.824631,19.173543,25.352292,29.822202,26.681499,20.548800,29.821642,23.571290,26.688429,24.158300,24.158228,23.007882,24.158304,24.158304,24.158292,24.158352,24.158256,24.158296,21.962313,24.158272, ,24.158348,24.158332,24.158196,32.210816,39.231227,36.774420,36.778505,21.795070,32.686031, ,36.779415,39.230533,39.231115,39.229349,32.693964,32.692378,26.749622,32.697071,32.692591,29.424756, ,45.253711,42.017091,49.019540, ,12.787772, ,49.016727,49.016627,45.246935,49.016727,45.248025,49.018940,8.399192,16.339507,16.339598,78.338400,39.160763,21.211967,21.211803,117.864440,23.141650, ,21.211677,21.211937,21.212087, ,21.002323,19.580892, ,21.213083,21.211967,44.523852,38.588661,34.045158,44.524991,44.522037,32.459342,30.463823,44.525083,44.524591,44.521440,44.525458,44.519932,44.525003,44.523495,41.337943,38.583605,29.445912,24.324939, ,24.324991,24.324957,24.325103, ,24.324970,34.966805, , ,31.639689,24.324953, , ,24.324720,37.041400,37.036377,37.041549,37.042691,32.413520,34.566555,37.044246,30.501238,21.513363,28.803747,31.076631,25.928940,37.043531,27.969360,24.319763,37.042017,19.848707,19.847385,17.746411,15.016305,19.847537,16.676710,14.504751,19.848333,19.847739,13.808697,19.846981,14.460311,13.945509,16.677972,15.617648,17.956747,28.349791,24.299821,34.028453,28.349702,28.357004,34.020341,34.028368,26.856400,34.028101,34.027397,34.027760,34.028464,34.028645,25.512424,30.171200,31.901885,35.803792,33.566640,53.705376,38.358731,38.361046,35.800736,38.361091,38.360840,38.360646,38.360440,38.361269,38.361851,38.360497,36.229765,38.359531,38.360189,9.782112,36.963349,36.968869,36.963509, ,56.516368,30.007815,67.835290, ,36.961621,36.964875,32.616028,39.366011,42.653975,61.607893,24.478843,47.610100,40.808223,43.947508,43.947772, ,43.947434,43.947514,40.808091,63.480427,40.809286,47.610173,43.947834,28.651632, , ,43.947975,40.772768,37.064160,37.065578,37.065491,19.343349,41.768131,37.068938,37.063644,37.869707,32.824251,32.821754,35.342751,37.066887,37.063004,38.286440,45.301733,147.888300, ,21.125551,20.396119,20.398447,20.398552, ,101.589180,30.178293,20.399407, , ,20.398268,20.398753,20.398477,22.751843,17.557489,22.109550,22.960111,22.960462,22.959889,22.109932,35.057456,30.896829,22.959825,22.960089,23.151677, ,21.319991,19.898645,22.960234,31.418880,59.090260,67.563451,67.570183,47.268368,36.361058,48.525032,67.568034,37.326535,36.360640,67.565520,42.971113, ,28.536989,78.830907,44.115585,67.573154,57.631420,57.631910,57.629430,57.631130,57.638630,57.629930,57.629020,57.640910,57.634080, ,57.640880,57.632570,57.639490,57.631120,57.629470,57.628750,43.513218,40.405474,56.569168,43.516172,79.255952,56.571376, ,43.514929,25.198278,43.514505,117.862773,43.516375,31.428009,33.277304,43.517311,43.515483,91.373200,76.143573,91.362256,91.377600,91.363632,91.363280,91.362224,76.146093,76.142907,57.393300,91.374336,91.374368,91.369296,91.373600,76.147093,76.056720,30.957884,30.957169,49.323768,34.125307,32.778626, ,30.957680,30.959396,30.959800,30.957676,27.864764,30.959200,30.957769,59.655120, ,30.958102,36.384640,34.110230,36.384613,36.383637,36.383979,34.109465,40.915175,36.384187,36.384875,36.385109,36.384923,36.384320,36.384805,36.384704,34.110650,36.384917, ,30.440532,30.440560,323.892160,34.499445,32.343215,30.440471,30.440268, ,32.343215, ,30.440602,30.440616, ,30.440287,30.440626,34.613091,37.271157,37.272025,33.652309,34.611011,15.068275,10.504684,24.919833,34.608709,37.271206,37.271871,37.270548,37.270935,37.271440,66.335451,37.270775,17.423961,31.941698,35.939240,120.881280,30.264392,30.262813,57.503352,47.917807,30.264535,41.072091,82.143566, ,30.262952,47.916300, ,30.261276, , , , , , , , , , , ,69.387337, , , ,51.905432, , , , ,53.050080, , , , , , , , ,10.759074, ,69.351160, ,52.145192,52.144768,52.145376,52.144824,52.145416,24.830179,37.564107, ,52.144976,43.452327,47.404109,43.453767,52.143360,52.145936,37.567579,45.220400,45.220216,45.218248,45.573935,45.218856,45.219752, ,45.220280, , ,45.219568,45.218944,45.218528,45.220008,45.219568,45.217968,39.575829,38.761392,39.571309,39.569960,39.576034,39.570149,39.571497,39.571880,39.573166,32.587271,39.570263,39.572846,39.577840,39.576057,39.577731,39.575246,39.677789,39.677960,39.677189,49.077512,39.677977,44.115447, ,58.820640,42.729908,141.459920,67.703413,37.031797,37.029584, ,39.678063,29.283356,34.135605,36.417531,26.114503,34.140200,22.758913,36.420987,36.421925,36.419829,36.419968,36.416688,36.421323,28.748636,36.421035,36.421520,24.832785,36.422112,28.328156,30.614019,34.627872,30.612009, , ,34.628459,30.610551,32.464000,30.612075,28.857738,28.910440,27.387928,34.628245,30.612532,30.611774,53.145928,66.432310,66.430300,66.431660,66.432050,66.432570,66.432790,59.053227,66.431660,66.432450,66.430920,53.142968,59.048738,66.431830,66.432970,66.432850, , ,44.085514,44.085538,62.894390,31.826442,44.085255, ,38.208832,44.085422,40.936926, ,35.813090,40.936394,44.085015,210.749840,33.254949,22.312591,38.380658,35.640611,38.383243,31.188075,21.383090,38.384074,38.376172,38.385502,20.791037,35.642937,29.353675,38.382868,38.382148,26.262413,26.165433, ,27.411291,26.165371,26.165455, ,26.165375,28.781824,26.165175,26.165276,121.995940, ,25.027777,43.255680,23.025558,26.165324,48.293144,48.289984,48.289168,53.655067,53.654000,48.290136,48.290720,48.289584,53.654800,53.655182, ,48.290600,53.653342,53.654898,53.655040,48.289536,27.885390, ,39.039232,51.853960,27.885112,27.885204,31.542226, ,27.885196,27.885219, ,27.884968,27.885162,27.885208,27.885051,27.885307, ,28.831900,38.439717,36.039390,32.035280,108.370000,71.004354,85.476960,33.919864,42.743273,36.039520, ,38.439541,38.440699,39.449046,44.352738,64.411620, ,50.313576,30.335009,32.118066,32.121624, , ,32.118852,41.926287,32.119478, ,32.118856,47.238488, ,32.118720,17.925067,17.925853,17.925995,17.347884,17.345747,17.345752,17.925880,19.206077,17.925323,46.585300,17.925005,17.924061,17.925861,17.925587,17.924133,17.926125, , , , , , , , , , , , , , , , ,61.568970,41.435317,37.689579,37.690363,37.689424,35.332555,53.845792,42.730607,51.277584,37.689808,37.688613,28.921044,22.614586,51.274840,48.981556,44.897773, , , ,36.624314, ,36.624369,36.624265,102.868427,36.624363,43.283113,36.624388, ,36.624062, ,36.625385, ,20.991837,20.991397,41.013827,30.644181,23.291008,20.991517,20.267214,20.991254,20.992580, ,20.991251,20.991546,19.591557,20.991614,20.991666,20.991400,28.867600,28.868025,28.867819,28.867844,28.868181,28.867832,30.471649,28.867722, ,33.959160,28.867697,28.866834,28.866059,32.263788,32.263605,28.867187
    Inter-Burst Interval - Std (sec),18.450608,19.853621,19.941208,19.943517,19.940997,19.850778,19.851416,19.851052,19.860194,14.658520,11.734481,19.850765,19.937519,19.863039,19.849309,19.941851,33.466512,32.712199,29.207092,33.038981,34.337474,32.910873,32.731633,34.346594,27.858792,32.566794,34.335337,33.445138,21.192245,34.336457,30.916986,33.455769,15.102166,15.102548,15.575359,15.112762,15.100980,15.102634,15.104442,15.108001,15.103063,15.951290,15.101862, ,15.108272,15.114187,15.107665,20.524404,35.469818,35.619613,35.577594,22.814025,35.084642, ,35.568995,35.483680,35.448484,35.437588,35.392415,35.390010,31.432676,33.026001,35.388272,27.521768, ,19.978382,20.900314,27.360581, ,6.200684, ,27.335570,28.087773,22.264812,27.339160,28.697777,27.383915,4.645044,5.792534,16.339141, ,23.754944,12.272885,12.268671,114.452364,11.678667, ,12.271647,12.268298,12.266278, ,12.498304,12.272902, ,12.277664,12.267979,19.308190,23.213116,20.176592,19.292405,19.319973,21.997206,20.044453,19.299855,19.310827,19.309500,19.303356,19.299749,19.314581,19.300174,21.495650,21.845542,16.470268,13.361896, ,13.361916,13.360656,13.363218, ,13.362585,35.638680, , ,20.087561,13.364156, , ,13.362810,30.301634,30.293311,30.289985,30.288748,28.765254,29.007191,30.292059,26.946694,16.787800,21.143391,23.332851,29.872359,30.299679,20.048061,18.665979,30.290690,21.980457,21.983279,20.504731,15.633893,21.990402,19.673380,15.659845,21.982117,21.984136,15.287547,21.986206,15.411854,17.176701,18.542633,18.598200,21.056853,17.299631,17.635842,19.448453,18.198817,17.287399,19.441519,19.436807,16.823788,19.446778,19.451297,19.440935,19.436800,19.439197,17.293146,20.095181,18.102789,37.143697,36.976524,46.887711,38.332866,38.311891,37.134767,38.309618,38.314937,38.329071,38.365966,38.308349,38.307628,38.324029,35.986229,38.320735,38.313028,5.974519,15.704549,15.707167,15.684355, ,46.568728,16.650734,29.681472, ,15.700737,15.688153,20.005741,19.612268,25.622431,48.609991,16.985158,35.024448,34.802945,34.337149,34.436896, ,34.231858,34.338742,34.803314,49.564267,34.800005,33.847922,34.232198,27.303957, , ,34.234512,30.722294,31.487151,31.405116,31.405033,25.038663,28.669141,31.406170,31.395107,30.090608,29.102357,30.306300,30.188069,31.396823,31.406045,30.231338,28.994390,192.479299, ,14.291713,13.311165,13.310046,13.309547, ,92.681020,14.750570,13.309947, , ,13.310925,13.310168,13.311486,14.019436,12.741571,15.733139,16.502609,16.508113,16.499421,15.981588,24.852409,16.149711,16.509822,16.497761,16.811001, ,16.889008,14.404604,16.497402,24.934442,58.015922,60.254273,60.291480,49.758269,38.430880,56.449690,60.275920,40.885804,33.888392,60.251548,49.302901, ,23.813285,57.591030,48.332356,60.255168,52.960589,52.954028,52.961850,52.964700,52.949453,52.959124,52.960720,52.950918,52.959947, ,52.953121,52.954246,52.948337,52.960600,52.958320,52.966955,24.434630,22.068516,25.996592,24.432879,44.765478,25.966694, ,24.417088,22.266738,24.434954,100.741433,24.403041,21.314638,23.448974,24.423118,24.419018,78.260891,79.092538,78.242054,78.240289,78.239272,78.225386,78.257621,79.098739,79.084082,56.300497,78.248943,78.249149,78.252005,78.248441,79.121345,79.048445,30.107423,30.090974,43.341934,30.827135,30.074370, ,30.094157,30.108503,30.107338,30.097590,29.844208,30.112237,30.100976,18.865383, ,30.098706,52.346296,34.877990,52.351297,52.347135,52.353799,51.303912,55.508572,52.368680,52.353573,52.340811,52.351665,52.355836,52.365027,52.350769,51.302653,52.350615, ,31.921400,31.928431, ,33.826319,33.413894,31.925026,31.924622, ,32.419905, ,31.924448,31.923702, ,31.924884,31.923670,26.623180,27.897122,27.887528,27.545547,28.301542,8.086319,6.533686,23.560473,28.346301,27.889095,27.906907,27.876583,27.885879,27.887956,51.959139,27.885497,9.600357,15.466295,14.554762,45.905836,13.584394,13.584066,36.404789,24.860790,13.589322,18.779437,40.746944, ,13.577466,14.745874, ,13.586429, , , , , , , , , , , ,63.720417, , , ,33.211726, , , , ,21.775042, , , , , , , , ,4.277976, ,67.449834, ,31.544691,31.546355,31.554375,31.554070,36.362380,28.758737,28.280793, ,31.554029,25.726395,31.538568,32.208180,31.541126,31.547720,21.707785,21.928769,21.922692,21.928151,20.839220,21.926751,21.923809, ,22.097190, , ,21.926712,21.941467,21.921285,21.922605,21.933609,21.926646,24.811323,24.110275,24.817689,24.798400,24.809455,24.814859,24.800091,24.804887,24.808292,25.159493,24.802117,24.808060,24.817917,24.812671,24.809122,24.818120,32.859637,32.864853,33.188868,36.136801,33.194116,36.041506, ,36.877197,33.329959, ,42.304636,33.267493,33.568846, ,32.874825,30.869095,24.680630,24.434651,25.734377,22.299566,16.394417,24.452571,24.452361,24.454056,24.440793,24.461141,24.454169,21.624417,24.454966,24.443563,16.404034,24.432317,28.686721,30.297957,30.285641,30.309875, , ,30.286033,30.329932,29.854085,30.329278,28.948086,30.003469,30.121708,30.209838,30.300982,30.328751,37.945433,35.222528,35.230745,35.221950,35.218631,35.232913,35.234749,34.710624,35.234748,35.223924,35.218305,32.434726,37.126869,35.219154,35.223756,35.227864, , ,15.794113,15.794949,22.147596,33.988441,15.796011, ,16.127443,15.795177,17.332480, ,17.704142,16.568949,15.787617, ,34.552457,18.955112,42.575264,41.885785,42.537075,29.159593,18.567468,42.531092,42.546408,42.569709,13.605504,40.761636,25.172187,42.551627,42.531146,19.791481,21.946547, ,26.776381,21.954006,21.947034, ,21.966801,23.161889,21.947134,21.953872,87.583062, ,20.406274,27.224546,22.084867,21.949247,46.098383,46.084725,46.084349,45.755966,45.758739,46.094194,46.079992,46.094576,45.765424,45.749277, ,46.087542,45.750202,45.744318,45.745541,46.082457,24.989107, ,34.874085,37.262831,25.011531,24.991448,29.202535, ,24.991779,24.991163, ,24.996854,24.994088,24.993062,24.991996,25.002708, ,22.084177,25.456871,25.504814,22.463849, ,36.253038,76.461128,22.629539,25.226155,21.934407, ,25.455297,25.451974,25.817528,24.597947,24.616975, ,22.604036,17.338642,16.689116,16.696640, , ,16.680758,25.559077,16.681215, ,16.714265,39.504786, ,16.676835,17.338068,17.316385,17.315338,16.374254,16.370683,16.365396,17.333485,17.629250,17.321216,99.030481,17.311637,17.415811,17.327397,17.310987,17.333948,17.336578, , , , , , , , , , , , , , , , ,37.869895,26.330512,21.874908,21.877180,21.870545,22.174808,31.898207,27.059820,34.031827,21.869138,21.869236,22.224830,22.219539,37.243917,29.706851,25.244929, , , ,35.257786, ,35.258742,35.258073,36.217293,35.256043,43.116848,35.258972, ,35.260090, ,35.255576, ,10.837280,10.837986,15.402764,16.535604,12.686976,10.836324,10.128440,10.837259,10.834685, ,10.837538,10.838852,11.019686,10.840851,10.836094,10.835068,22.146306,22.144843,22.140016,22.140179,22.140424,22.150975,22.545699,22.139315, ,27.484966,22.137511,22.136533,22.142157,24.072164,25.760000,22.136025
    Burst Frequency (Hz),0.043333,0.040000,0.041667,0.041667,0.041667,0.040000,0.040000,0.040000,0.040000,0.046667,0.055000,0.040000,0.041667,0.040000,0.040000,0.041667,0.033333,0.036667,0.043333,0.035000,0.030000,0.033333,0.036667,0.030000,0.048333,0.035000,0.030000,0.033333,0.045000,0.030000,0.040000,0.033333,0.035000,0.035000,0.036667,0.035000,0.035000,0.035000,0.035000,0.035000,0.035000,0.038333,0.035000, ,0.035000,0.035000,0.035000,0.026667,0.026667,0.028333,0.028333,0.046667,0.031667, ,0.028333,0.026667,0.026667,0.026667,0.031667,0.031667,0.038333,0.031667,0.031667,0.035000, ,0.023333,0.025000,0.021667, ,0.078333, ,0.021667,0.021667,0.023333,0.021667,0.023333,0.021667,0.118333,0.061667,0.061667,0.003333,0.023333,0.041667,0.041667,0.008333,0.041667, ,0.041667,0.041667,0.041667, ,0.040000,0.045000, ,0.041667,0.041667,0.023333,0.026667,0.030000,0.023333,0.023333,0.031667,0.033333,0.023333,0.023333,0.023333,0.023333,0.023333,0.023333,0.023333,0.025000,0.026667,0.033333,0.040000, ,0.040000,0.040000,0.040000, ,0.040000,0.028333, , ,0.030000,0.040000, , ,0.040000,0.025000,0.025000,0.025000,0.025000,0.028333,0.026667,0.025000,0.030000,0.045000,0.031667,0.031667,0.035000,0.025000,0.035000,0.040000,0.025000,0.033333,0.033333,0.038333,0.045000,0.033333,0.040000,0.045000,0.033333,0.033333,0.048333,0.033333,0.046667,0.048333,0.040000,0.043333,0.036667,0.031667,0.036667,0.026667,0.031667,0.031667,0.026667,0.026667,0.033333,0.026667,0.026667,0.026667,0.026667,0.026667,0.035000,0.031667,0.028333,0.026667,0.028333,0.018333,0.025000,0.025000,0.026667,0.025000,0.025000,0.025000,0.025000,0.025000,0.025000,0.025000,0.028333,0.025000,0.025000,0.101667,0.026667,0.026667,0.026667, ,0.010000,0.033333,0.015000, ,0.026667,0.026667,0.030000,0.025000,0.023333,0.016667,0.041667,0.021667,0.025000,0.023333,0.023333, ,0.023333,0.023333,0.025000,0.016667,0.025000,0.021667,0.023333,0.035000, , ,0.023333,0.018333,0.020000,0.020000,0.020000,0.013333,0.020000,0.020000,0.020000,0.021667,0.025000,0.025000,0.023333,0.020000,0.020000,0.021667,0.016667,0.008333, ,0.048333,0.050000,0.050000,0.050000, ,0.008333,0.031667,0.050000,0.001667, ,0.050000,0.050000,0.050000,0.045000,0.058333,0.046667,0.045000,0.045000,0.045000,0.046667,0.026667,0.033333,0.045000,0.045000,0.043333, ,0.048333,0.051667,0.045000,0.033333,0.015000,0.013333,0.013333,0.018333,0.023333,0.018333,0.013333,0.023333,0.023333,0.013333,0.020000,0.001667,0.033333,0.011667,0.020000,0.013333,0.015000,0.015000,0.015000,0.015000,0.015000,0.015000,0.015000,0.015000,0.015000, ,0.015000,0.015000,0.015000,0.015000,0.015000,0.015000,0.023333,0.025000,0.018333,0.023333,0.010000,0.018333, ,0.023333,0.040000,0.023333,0.006667,0.023333,0.031667,0.030000,0.023333,0.023333,0.010000,0.011667,0.010000,0.010000,0.010000,0.010000,0.010000,0.011667,0.011667,0.015000,0.010000,0.010000,0.010000,0.010000,0.011667,0.011667,0.031667,0.031667,0.018333,0.026667,0.030000, ,0.031667,0.031667,0.031667,0.031667,0.035000,0.031667,0.031667,0.005000, ,0.031667,0.026667,0.028333,0.026667,0.026667,0.026667,0.028333,0.023333,0.026667,0.026667,0.026667,0.026667,0.026667,0.026667,0.026667,0.028333,0.026667, ,0.030000,0.030000,0.003333,0.026667,0.028333,0.030000,0.030000, ,0.028333, ,0.030000,0.030000, ,0.030000,0.030000,0.025000,0.023333,0.023333,0.026667,0.025000,0.066667,0.095000,0.038333,0.025000,0.023333,0.023333,0.023333,0.023333,0.023333,0.013333,0.023333,0.056667,0.031667,0.028333,0.008333,0.033333,0.033333,0.018333,0.021667,0.033333,0.025000,0.013333, ,0.033333,0.021667, ,0.033333, , , , , , , , , , , ,0.013333, , , ,0.018333, , , , ,0.005000, , , , , , , , ,0.091667, ,0.008333, ,0.018333,0.018333,0.018333,0.018333,0.018333,0.036667,0.026667, ,0.018333,0.021667,0.020000,0.021667,0.018333,0.018333,0.026667,0.018333,0.018333,0.018333,0.020000,0.018333,0.018333, ,0.018333, , ,0.018333,0.018333,0.018333,0.018333,0.018333,0.018333,0.025000,0.026667,0.025000,0.025000,0.025000,0.025000,0.025000,0.025000,0.025000,0.030000,0.025000,0.025000,0.025000,0.025000,0.025000,0.025000,0.025000,0.025000,0.025000,0.018333,0.025000,0.021667, ,0.016667,0.023333,0.003333,0.006667,0.026667,0.026667, ,0.025000,0.035000,0.028333,0.026667,0.036667,0.028333,0.041667,0.026667,0.026667,0.026667,0.026667,0.026667,0.026667,0.033333,0.026667,0.026667,0.038333,0.026667,0.033333,0.030000,0.026667,0.030000, , ,0.026667,0.030000,0.028333,0.030000,0.031667,0.031667,0.033333,0.026667,0.030000,0.030000,0.018333,0.015000,0.015000,0.015000,0.015000,0.015000,0.015000,0.016667,0.015000,0.015000,0.015000,0.018333,0.016667,0.015000,0.015000,0.015000, , ,0.023333,0.023333,0.015000,0.030000,0.023333, ,0.026667,0.023333,0.025000, ,0.028333,0.025000,0.023333,0.003333,0.026667,0.040000,0.023333,0.025000,0.023333,0.028333,0.041667,0.023333,0.023333,0.023333,0.041667,0.025000,0.030000,0.023333,0.023333,0.033333,0.038333, ,0.036667,0.038333,0.038333, ,0.038333,0.035000,0.038333,0.038333,0.008333, ,0.040000,0.018333,0.043333,0.038333,0.018333,0.018333,0.018333,0.016667,0.016667,0.018333,0.018333,0.018333,0.016667,0.016667, ,0.018333,0.016667,0.016667,0.016667,0.018333,0.036667, ,0.026667,0.018333,0.036667,0.036667,0.030000, ,0.036667,0.036667, ,0.036667,0.036667,0.036667,0.036667,0.036667, ,0.035000,0.026667,0.028333,0.031667,0.003333,0.013333,0.011667,0.030000,0.021667,0.028333, ,0.026667,0.026667,0.023333,0.023333,0.015000, ,0.018333,0.031667,0.030000,0.030000, , ,0.030000,0.021667,0.030000, ,0.030000,0.018333,0.001667,0.030000,0.051667,0.051667,0.051667,0.053333,0.053333,0.053333,0.051667,0.048333,0.051667,0.021667,0.051667,0.051667,0.051667,0.051667,0.051667,0.051667, , , , , , , , , , , , , , , , ,0.015000,0.023333,0.026667,0.026667,0.026667,0.028333,0.018333,0.021667,0.018333,0.026667,0.026667,0.035000,0.043333,0.018333,0.020000,0.021667, , , ,0.023333,0.001667,0.023333,0.023333,0.006667,0.023333,0.020000,0.023333,0.001667,0.023333, ,0.023333, ,0.048333,0.048333,0.011667,0.033333,0.043333,0.048333,0.050000,0.048333,0.048333, ,0.048333,0.048333,0.051667,0.048333,0.048333,0.048333,0.033333,0.033333,0.033333,0.033333,0.033333,0.033333,0.031667,0.033333, ,0.025000,0.033333,0.033333,0.033333,0.030000,0.030000,0.033333
    IBI Coefficient of Variation,0.848821,0.840274,0.880681,0.880772,0.880675,0.840143,0.840174,0.840165,0.840557,0.728299,0.690984,0.840154,0.880517,0.840679,0.840074,0.880705,1.254318,1.354957,1.440333,1.303404,1.151271,1.153409,1.355614,1.151618,1.452981,1.284570,1.151335,1.253495,1.031313,1.151394,1.311637,1.253568,0.625134,0.625151,0.676958,0.625572,0.625084,0.625153,0.625227,0.625376,0.625171,0.726303,0.625122, ,0.625385,0.625630,0.625364,0.637190,0.904122,0.968598,0.967347,1.046752,1.073383, ,0.967090,0.904491,0.903581,0.903344,1.082537,1.082516,1.175070,1.010060,1.082455,0.935327, ,0.441475,0.497424,0.558157, ,0.484892, ,0.557678,0.573025,0.492073,0.557752,0.634233,0.558639,0.553035,0.354511,0.999972, ,0.606601,0.578583,0.578389,0.971051,0.504660, ,0.578533,0.578368,0.578268, ,0.595091,0.626780, ,0.578778,0.578352,0.433659,0.601553,0.592642,0.433294,0.433942,0.677685,0.657976,0.433460,0.433711,0.433712,0.433535,0.433508,0.433792,0.433483,0.519998,0.566187,0.559340,0.549309, ,0.549308,0.549257,0.549359, ,0.549336,1.019215, , ,0.634885,0.549401, , ,0.549351,0.818048,0.817934,0.817730,0.817671,0.887446,0.839169,0.817726,0.883462,0.780343,0.734050,0.750817,1.152086,0.817948,0.716787,0.767523,0.817739,1.107400,1.107616,1.155430,1.041128,1.107966,1.179692,1.079636,1.107504,1.107639,1.107096,1.107786,1.065804,1.231701,1.111804,1.190845,1.172643,0.610221,0.725760,0.571535,0.641940,0.609634,0.571467,0.571194,0.626435,0.571492,0.571636,0.571326,0.571192,0.571260,0.677832,0.666039,0.567452,1.037424,1.101585,0.873054,0.999326,0.998719,1.037263,0.998658,0.998803,0.999177,1.000144,0.998621,0.998587,0.999049,0.993278,0.998989,0.998771,0.610760,0.424868,0.424876,0.424320, ,0.823987,0.554880,0.437552, ,0.424785,0.424407,0.613371,0.498203,0.600704,0.789022,0.693871,0.735652,0.852841,0.781322,0.783587, ,0.778927,0.781358,0.852853,0.780780,0.852747,0.710939,0.778928,0.952963, , ,0.778978,0.753500,0.849531,0.847285,0.847285,1.294433,0.686388,0.847237,0.847059,0.794583,0.886611,0.923360,0.854152,0.847032,0.847369,0.789610,0.640028,1.301518, ,0.676513,0.652632,0.652503,0.652475, ,0.912312,0.488781,0.652467, , ,0.652552,0.652499,0.652573,0.616189,0.725706,0.711599,0.718751,0.718980,0.718619,0.722824,0.708905,0.522698,0.719074,0.718541,0.726125, ,0.792168,0.723899,0.718521,0.793613,0.981819,0.891818,0.892279,1.052676,1.056924,1.163311,0.892077,1.095355,0.932008,0.891750,1.147350, ,0.834471,0.730564,1.095585,0.891703,0.918953,0.918832,0.919007,0.919029,0.918645,0.918952,0.918994,0.918634,0.918900, ,0.918673,0.918825,0.918612,0.918958,0.918945,0.919106,0.561545,0.546176,0.459554,0.561467,0.564822,0.459008, ,0.561120,0.883661,0.561536,0.854735,0.560778,0.678205,0.704654,0.561228,0.561157,0.856497,1.038729,0.856394,0.856231,0.856350,0.856202,0.856564,1.038776,1.038627,0.980959,0.856356,0.856358,0.856437,0.856357,1.039059,1.039335,0.972528,0.972020,0.878723,0.903351,0.917499, ,0.972106,0.972516,0.972466,0.972217,1.071038,0.972643,0.972324,0.316241, ,0.972240,1.438692,1.022508,1.438831,1.438755,1.438925,1.504096,1.356674,1.439325,1.438883,1.438523,1.438829,1.438967,1.439200,1.438813,1.504007,1.438800, ,1.048648,1.048878, ,0.980489,1.033104,1.048769,1.048763, ,1.002371, ,1.048746,1.048721, ,1.048771,1.048719,0.769165,0.748491,0.748216,0.818534,0.817703,0.536645,0.621978,0.945451,0.819051,0.748275,0.748739,0.747952,0.748194,0.748239,0.783279,0.748187,0.550986,0.484204,0.404982,0.379760,0.448857,0.448870,0.633090,0.518822,0.449018,0.457231,0.496045, ,0.448650,0.307742, ,0.448971, , , , , , , , , , , ,0.918329, , , ,0.639851, , , , ,0.410462, , , , , , , , ,0.397616, ,0.972584, ,0.604940,0.604976,0.605123,0.605124,0.697326,1.158217,0.752867, ,0.605121,0.592060,0.665313,0.741206,0.604892,0.604989,0.577833,0.484931,0.484798,0.484940,0.457262,0.484903,0.484828, ,0.488657, , ,0.484894,0.485227,0.484785,0.484799,0.485047,0.484910,0.626931,0.622018,0.627164,0.626698,0.626881,0.627111,0.626716,0.626831,0.626897,0.772065,0.626787,0.626896,0.627066,0.626962,0.626845,0.627112,0.828162,0.828290,0.836472,0.736321,0.836588,0.816982, ,0.626943,0.780015, ,0.624852,0.898349,0.906541, ,0.828539,1.054152,0.723017,0.670958,0.985444,0.653176,0.720351,0.671387,0.671364,0.671449,0.671082,0.671701,0.671425,0.752189,0.671452,0.671130,0.660580,0.670810,1.012658,0.989676,0.874603,0.990130, , ,0.874600,0.990833,0.919606,0.990762,1.003131,1.037807,1.099817,0.872405,0.989823,0.990754,0.713986,0.530202,0.530342,0.530198,0.530145,0.530356,0.530382,0.587785,0.530391,0.530222,0.530149,0.610330,0.628750,0.530155,0.530215,0.530278, , ,0.358261,0.358280,0.352139,1.067931,0.358306, ,0.422087,0.358286,0.423395, ,0.494348,0.404749,0.358118, ,1.039017,0.849525,1.109290,1.175226,1.108220,0.934960,0.868325,1.108040,1.108667,1.109005,0.654393,1.143610,0.857548,1.108610,1.108097,0.753605,0.838761, ,0.976838,0.839048,0.838779, ,0.839537,0.804740,0.838792,0.839046,0.717918, ,0.815345,0.629387,0.959146,0.838868,0.954553,0.954333,0.954341,0.852780,0.852849,0.954526,0.954220,0.954545,0.852960,0.852653, ,0.954379,0.852700,0.852566,0.852586,0.954295,0.896136, ,0.893309,0.718611,0.896949,0.896226,0.925824, ,0.896238,0.896215, ,0.896428,0.896322,0.896284,0.896251,0.896627, ,0.765963,0.662254,0.707693,0.701222, ,0.510575,0.894523,0.667147,0.590178,0.608621, ,0.662216,0.662110,0.654453,0.554598,0.382182, ,0.449263,0.571572,0.519618,0.519794, , ,0.519345,0.609619,0.519349, ,0.520388,0.836284, ,0.519225,0.967253,0.966001,0.965935,0.943876,0.943787,0.943481,0.966953,0.917900,0.966299,2.125788,0.965781,0.971644,0.966614,0.965714,0.967073,0.967112, , , , , , , , , , , , , , , , ,0.615081,0.635461,0.580397,0.580445,0.580283,0.627603,0.592399,0.633266,0.663678,0.580240,0.580261,0.768466,0.982531,0.726359,0.606491,0.562276, , , ,0.962688, ,0.962713,0.962697,0.352074,0.962639,0.996159,0.962718, ,0.962757, ,0.962599, ,0.516262,0.516306,0.375551,0.539600,0.544716,0.516224,0.499745,0.516275,0.516120, ,0.516288,0.516344,0.562471,0.516437,0.516209,0.516167,0.767168,0.767106,0.766945,0.766950,0.766949,0.767324,0.739891,0.766923, ,0.809354,0.766861,0.766850,0.767065,0.746105,0.798423,0.766823
    Normalized Duration IQR,0.343750,0.208022,0.152965,0.070098,0.000000,0.000000,0.000000,0.000000,0.000000,0.353861,0.422109,0.000000,0.095443,0.258056,0.188726,0.100261,0.145961,0.494761,0.336087,0.206989,0.375864,0.061366,0.237092,0.514565,0.393682,0.202796,0.138874,0.383819,5.189849,1.616604,0.279219,0.581240,0.212798,0.222643,0.285919,0.104011,0.000000,0.116830,0.000000,0.253085,0.151117,0.288973,0.000000, ,0.187453,0.249088,0.305369,0.000000,0.000000,0.140065,0.870785,0.196815,0.852530, ,0.334202,0.274698,0.839766,0.376883,0.482901,0.183065,0.506807,0.322321,0.297917,0.226852, ,0.388286,1.095566,0.734590, ,0.874322, ,0.000000,1.367247,0.844124,0.319197,0.491099,0.585039,0.180599,0.316572,1.009197, ,0.000000,0.000000,0.252268,0.710938,0.446875, ,0.141066,0.193094,0.553651, ,1.132354,0.280235, ,0.355133,0.204453,0.263560,0.130000,0.514918,0.288224,0.213798,0.736649,1.998006,0.180817,0.240625,0.264815,0.000000,0.466558,0.266082,0.276520,0.296154,0.201004,0.287975,0.351475, ,0.000000,0.142188,0.433521, ,0.187876,1.265488, , ,0.446875,0.215857, , ,0.113338,0.816688,0.332117,0.115005,0.000000,0.208195,0.467932,0.000000,0.509286,0.908459,0.170007,0.446344,2.996044,0.187173,0.362262,0.528202,0.227087,0.173064,0.000000,0.208890,0.132128,0.106945,0.243790,0.186940,0.000000,0.000000,0.160933,0.364442,0.341522,0.162817,0.000000,0.283570,0.162289,0.491973,0.726205,0.077766,0.539023,0.449943,0.270541,0.000000,0.599561,0.176668,0.208542,0.148296,0.135270,0.179455,0.757569,0.181303,0.451715,0.143987,0.370010,0.691299,0.569861,0.445285,0.384916,0.353461,0.343750,0.568751,0.826818,0.148077,2.833022,0.425958,0.399052,0.327839,0.167728,0.321262,0.396953,1.283115,0.385000, ,3.940949,0.448133,0.420236, ,3.149122,0.487580,1.107030,10.175232,0.544812,0.458894,1.005290,0.412274,0.157588,0.634616,1.100808, ,3.084070,0.076436,0.340014,0.510715,0.338909,0.710938,0.843856,0.458334, , ,0.124255,0.751653,0.269279,0.251930,0.460382,0.518110,0.619772,0.184224,0.000000,0.370193,0.603674,0.623133,0.700981,0.107727,0.545406,0.642986,1.357105,0.590213, ,0.000000,0.638231,0.782950,0.765291, ,0.000000,0.000000,0.297917, , ,0.667631,0.313204,0.000000,0.000000,1.005470,0.291214,0.300060,0.419531,0.296505,0.302235,0.365062,0.271127,0.105859,0.154285,0.962008, ,0.212437,0.639209,0.400614,0.624585,0.546057,0.131676,0.513071,0.665117,3.700226,0.918687,0.142471,0.940033,0.719523,0.000000,2.045349, ,0.682199,0.809871,0.890757,0.217325,0.223971,0.569038,0.194596,0.373880,0.000000,0.392946,0.211957,0.078547,0.302722, ,0.164964,0.159700,0.071500,0.260609,0.178878,0.467633,0.903159,0.329648,0.575024,0.885319,0.945476,1.827756, ,1.115860,0.636769,0.115163,0.054855,0.480557,0.564474,0.707144,0.961761,0.640231,0.965370,0.681085,1.803244,0.127419,0.211093,0.740177,0.514495,1.010237,0.550110,6.947822,0.664520,0.365418,0.516284,0.499203,0.388789,0.262097,0.989690,0.000000,0.638393,0.000000,0.268221, ,1.311584,0.465582,1.245715,0.317576,0.351146,0.645807,0.551212, , ,0.000000,1.409293,1.032540,0.000000,0.208716,0.000000,0.435672,0.000000,0.951120,0.422007,0.194899,0.188726,0.125439,0.124938,0.000000,0.478673,0.000000, ,1.209669,0.718078, ,0.000000,3.592109,0.449686,0.333001, ,0.358183, ,0.427413,0.317013, ,0.204620,0.000000,0.326059,0.496282,0.221657,1.263252,0.574345,0.403077,0.409994,1.272890,0.553651,0.239933,0.546568,0.473287,0.300962,0.216855,0.534723,0.223938,2.692589,0.723513,1.743384,0.152809,0.469513,2.709539,0.267934,1.109105,1.583061,1.204091,0.320423, ,0.998671,1.665251, ,2.008594, , , , , , , , , , , ,1.199135, , , ,0.600408, , , , , , , , , , , , , ,0.299808, ,1.160520, ,0.609772,0.283409,0.275910,2.137816,1.432820,1.337863,0.269666, ,0.595834,0.277850,0.518116,1.643434,0.529742,0.334261,0.281075,0.673923,0.383819,0.295804,0.580425,0.575729,0.572655, ,0.310484, , ,0.662038,1.756142,0.206477,0.425596,2.479957,0.157986,0.229447,0.097412,0.117488,0.185577,0.222775,0.111769,0.252650,0.401962,0.560202,0.424033,0.084373,0.265497,0.331019,0.081250,0.333964,0.353318,1.069446,0.000000,2.739966,0.000000,0.000000,0.178750, ,0.000000,0.508639, ,0.384409,0.210648,0.737839, ,0.300962,0.662622,0.242491,0.843659,5.818485,0.203898,0.686244,0.362945,0.000000,0.297386,0.372524,0.533962,0.298154,0.728460,0.184414,0.464717,0.618819,0.353961,0.112624,0.209152,0.134111,1.852399, , ,0.226266,0.185371,0.229377,0.313859,1.081773,1.057125,0.307685,0.834168,0.117378,0.088930,0.415146,0.437373,0.091936,0.301506,0.202796,0.094434,0.429491,0.614003,0.356685,0.082103,0.087869,1.146434,0.371154,0.202141,0.000000,0.381712, , ,0.269957,0.171757,0.162289,2.772856,0.135711, ,0.070335,0.000000,0.448076, ,0.077573,0.256755,2.655175, ,0.407242,0.476768,0.832415,0.252650,0.547251,0.517824,0.435807,0.099227,1.018658,0.378164,0.884036,0.322904,0.491866,0.491927,0.283730,0.614244,0.000000, ,0.370193,1.301692,0.669118, ,1.126239,0.205460,0.242491,1.390279,0.744792, ,0.310484,0.357705,0.904083,0.254837,0.297740,0.077190,0.668698,0.159446,0.407574,0.161870,0.187594,1.635623,0.350392,0.163669, ,0.077863,0.099031,0.104358,0.296037,0.086892,0.200843, ,0.000000,0.000000,0.358012,0.000000,1.014185, ,0.000000,0.000000, ,0.000000,0.000000,0.000000,0.777980,0.160726, ,0.838900,0.000000,2.222168,0.689870, ,0.333001,0.477577,0.412002,0.523171,0.346287, ,0.460301,0.171639,0.235419,1.043579,0.653964, ,1.058588,0.831857,0.582655,0.867419, , ,0.528400,0.484981,1.113874, ,0.508226,0.385000, ,0.651209,0.423006,0.116287,0.325000,0.140907,0.181275,0.158889,0.208368,0.189297,0.170238,0.434337,0.201815,0.242022,0.299104,0.098369,0.222247,0.261403, , , , , , , , , , , , , , , , ,3.475698,19.033997,0.598685,0.823192,5.120546,3.901294,5.963598,16.525960,6.419463,0.620199,0.842121,1.104370,0.531543,14.165109,0.376599,10.952597, , , ,0.053875, ,0.000000,0.870739,0.603013,2.743972,0.133681,0.831609, ,0.892302, ,0.121040, ,0.126773,0.177608,0.315973,0.600121,0.173424,0.209239,0.256010,0.111819,0.285891, ,0.224440,0.171287,0.675136,0.268317,0.126007,0.221460,0.000000,1.723702,0.077814,1.557574,0.472988,0.129529,0.292007,0.059740, ,0.000000,0.373229,0.046070,0.310196,0.000000,0.516512,0.248799
    Burst Percentage,95.436242,93.896104,77.348485,92.140468,95.368421,98.416290,98.989899,96.607670,96.254072,76.950105,28.617661,99.616858,65.723270,74.400619,98.791541,93.440594,74.399261,81.750000,88.829787,89.686099,83.967391,75.250501,57.817290,94.736842,78.406170,85.775401,96.226415,82.224646,75.346535,99.014778,49.541752,69.174312,98.969072,95.950704,46.389892,69.251701,97.269625,95.378928,92.239859,93.888889,98.704663,96.662388,99.264706, ,92.830882,97.822932,93.650794,49.128920,98.014888,72.298767,89.256938,92.570677,69.312682, ,84.601770,98.802395,94.086022,58.626198,87.370242,96.717468,94.155154,92.982456,96.586599,79.318313, ,92.968750,89.858491,90.643275,0.000000,79.955947, ,97.872340,46.354515,89.110708,97.593583,84.079602,79.439252,74.175230,87.317784,49.040248,15.686275,63.736264,97.752809,96.376812,28.378378,93.658537,0.000000,94.176707,94.411765,99.305556,0.000000,91.351351,86.411150,0.000000,82.894737,95.862069,77.947295,70.205479,88.480000,92.359932,89.774436,82.914137,90.804598,98.159509,98.884758,56.964657,96.747967,77.883311,61.298701,87.975952,77.388964,82.472613,91.338583,91.847826, ,97.837838,94.473684,91.208791, ,96.153846,56.906077,0.000000,0.000000,83.673469,74.222222,0.000000,0.000000,85.315712,87.623762,80.000000,98.153846,97.714286,88.571429,89.433962,84.337349,76.056338,73.584906,86.222222,74.668630,61.946050,51.450189,80.626781,90.528905,77.024070,99.230769,93.916350,68.243954,74.418605,93.096234,95.280612,94.905213,95.961995,99.596774,96.666667,93.141593,91.860465,95.716396,91.839220,95.427902,93.012422,64.412811,85.968820,89.767442,90.860215,92.617450,84.152334,97.363083,75.116641,96.389892,90.390390,94.063927,82.206897,74.959350,96.450939,90.509259,91.594203,92.951542,87.628866,85.185185,93.792173,95.833333,94.666667,94.936709,96.958175,95.678092,83.787879,97.212544,97.507788,96.456693,95.522388,86.885246,21.937046,96.869733,10.695187,74.677003,98.897059,0.000000,57.575758,91.293532,72.413793,0.000000,95.238095,98.069498,92.831541,34.642857,82.539683,85.714286,86.746988,74.336283,91.139241,93.427230,80.172414, ,83.200000,85.585586,98.607242,64.197531,96.124031,74.725275,82.014388,62.075472,0.000000,0.000000,94.583333,82.836710,94.847021,81.266846,87.356322,42.198234,73.347779,91.200828,97.257384,85.842986,92.075472,95.561720,93.144560,98.561151,74.511931,96.428571,87.823440,31.578947,0.000000,87.854251,89.967105,96.163366,90.557940,0.000000,21.739130,72.268908,94.296578,11.428571,0.000000,93.641618,90.963855,99.193548,92.253521,84.162063,90.939227,89.593909,96.562033,95.812395,85.550239,75.652174,84.313725,19.536903,98.608350,88.805970,0.000000,13.973600,88.300221,85.145482,87.113402,79.947230,81.337047,11.947388,86.356589,79.171333,75.350701,89.841270,92.718447,75.261324,80.701754,48.585366,52.380952,36.486486,75.544794,85.384615,94.652406,94.166667,59.130435,94.974874,95.573441,97.733711,92.702170,91.406250,98.792271,97.000000, ,97.750000,81.656805,93.442623,83.838384,97.416021,98.474946,95.000000,97.974684,92.857143,94.990724,78.873239,96.208531, ,94.557823,94.827586,81.853282,51.020408,97.560976,88.080495,62.003311,94.520548,98.571429,96.167247,97.354497,99.497487,97.422680,99.218750,99.624060,96.190476,95.337995,99.126638,55.088310,95.356037,94.623656,95.305164,93.303571,70.588235,81.075269,91.803279,72.390572,61.445783,81.904762,84.239130, ,88.888889,99.003322,93.467337,89.361702,95.704057,91.830065,91.919192,23.214286,0.000000,98.305085,89.000000,84.507042,97.986577,92.405063,78.160920,87.774725,89.423077,89.473684,89.051095,94.238683,96.000000,99.128920,94.465649,99.662162,66.754156,98.283262,0.000000,89.788732,89.010989,18.181818,83.673469,90.476190,97.000000,90.740741,0.000000,95.901639,0.000000,97.706422,98.000000,0.000000,96.052632,99.065421,94.456290,90.000000,95.876289,60.256410,53.576248,94.898382,67.945205,62.398922,85.600000,89.247312,71.142857,92.057026,65.923567,97.692308,67.241379,89.570552,90.002816,72.204473,95.379538,85.365854,98.642534,98.803828,76.363636,83.510638,94.664372,93.600000,90.517241, ,67.202860,89.237668,0.000000,97.808765, , ,0.000000, , ,0.000000,0.000000, , , , ,69.736842, , ,0.000000,78.260870, , , , ,53.125000, , , , , , , , ,99.174472, ,84.000000, ,99.009901,24.827586,96.853147,54.065934,62.179487,89.795918,79.085873, ,97.656250,72.661871,98.162730,81.321839,87.102473,97.354497,90.461538,97.619048,99.029126,97.222222,89.238845,98.816568,99.180328, ,28.470588, , ,97.905759,90.575916,95.172414,99.019608,96.568627,98.253275,79.936642,25.217391,77.028259,93.069307,94.947994,94.064950,92.027027,82.497721,57.697368,75.178754,95.618153,92.857143,91.123188,74.849699,91.693989,80.102790,90.000000,88.000000,84.027778,67.469880,86.065574,86.776860,0.000000,72.222222,78.888889,17.777778,30.188679,91.290323,82.252560,0.000000,95.038168,86.577181,57.748049,92.564492,89.105858,78.866769,92.566191,85.273159,98.657718,98.437500,79.975124,85.451197,93.522267,86.725664,83.864119,97.887324,83.476395,85.990338,16.167000,92.993631,97.664544,94.035088, , ,68.484043,94.273128,89.357798,87.864644,74.605678,90.658683,81.536697,96.086957,93.798450,53.120936,84.078212,96.686747,94.097222,71.141975,99.122807,96.009975,97.468354,89.189189,97.777778,95.823666,93.617021,76.056338,57.142857,90.909091,91.304348,85.544554, ,0.000000,97.590361,97.734628,76.363636,83.700441,95.454545, ,94.314381,98.275862,92.429022,0.000000,76.551724,90.634441,75.789474,22.857143,48.240166,43.954605,89.232840,91.545575,49.496644,78.925956,39.107519,94.296578,98.452012,80.355472,79.097744,89.151599,83.606557,87.993421,96.551724,53.271538,99.004975,0.000000,94.936709,95.924765,98.400000, ,92.088608,93.233083,97.718631,93.031359,30.985915,0.000000,79.726027,61.029412,95.907928,98.787879,98.099762,98.356808,94.321767,77.879342,78.415301,97.109827,96.107784,88.826816,84.000000,99.242424, ,99.504950,95.708155,62.500000,98.734177,96.500000,96.084337, ,80.219780,61.038961,97.382199,99.378882,89.855072,0.000000,99.621212,96.923077,0.000000,83.805668,96.739130,98.611111,91.517857,98.076923,0.000000,63.542435,95.029240,89.682540,43.204578,33.333333,62.820513,70.967742,89.217134,47.826087,82.967033,0.000000,94.910180,98.648649,94.573643,90.062112,60.759494,0.000000,69.565217,91.683992,93.595041,67.045455, , ,98.636364,65.476190,98.392283, ,87.788779,78.750000,15.384615,97.523220,55.536723,98.736177,98.734177,34.777651,97.116645,98.415493,97.518878,48.020654,96.472831,6.244643,95.578231,84.246575,48.527808,83.277311,76.055409,31.781110, , , , , , , , , , , , ,0.000000, , , ,71.641791,94.520548,94.432548,94.834711,98.878505,50.039714,26.400000,95.530726,81.428571,98.701299,97.535211,78.962264,31.210415,86.516854,86.956522,92.417062,0.000000,0.000000,0.000000,98.507463,9.756098,90.598291,93.939394,34.615385,85.714286,90.526316,96.103896,15.384615,91.304348,0.000000,98.305085,0.000000,92.644757,91.055046,35.294118,82.031250,97.272727,97.953216,85.419441,98.727735,97.751479,0.000000,91.451069,93.950504,63.855422,90.967742,98.675497,95.716034,91.142857,91.847826,99.404762,98.161765,95.959596,98.465473,93.193717,98.561151,0.000000,79.746835,96.825397,97.572816,94.736842,88.461538,92.241379,95.056180
Viability Metrics
    Resistance (kOhms), , , , , , , , , , , , , , , , , , , , , , , , , , , , , , , , , , , , , , , , , , , , , , , , , , , , , , , , , , , , , , , , , , , , , , , , , , , , , , , , , , , , , , , , , , , , , , , , , , , , , , , , , , , , , , , , , , , , , , , , , , , , , , , , , , , , , , , , , , , , , , , , , , , , , , , , , , , , , , , , , , , , , , , , , , , , , , , , , , , , , , , , , , , , , , , , , , , , , , , , , , , , , , , , , , , , , , , , , , , , , , , , , , , , , , , , , , , , , , , , , , , , , , , , , , , , , , , , , , , , , , , , , , , , , , , , , , , , , , , , , , , , , , , , , , , , , , , , , , , , , , , , , , , , , , , , , , , , , , , , , , , , , , , , , , , , , , , , , , , , , , , , , , , , , , , , , , , , , , , , , , , , , , , , , , , , , , , , , , , , , , , , , , , , , , , , , , , , , , , , , , , , , , , , , , , , , , , , , , , , , , , , , , , , , , , , , , , , , , , , , , , , , , , , , , , , , , , , , , , , , , , , , , , , , , , , , , , , , , , , , , , , , , , , , , , , , , , , , , , , , , , , , , , , , , , , , , , , , , , , , , , , , , , , , , , , , , , , , , , , , , , , , , , , , , , , , , , , , , , , , , , , , , , , , , , , , , , , , , , , , , , , , , , , , , , , , , , , , , , , , , , , , , , , , , , , , , , , , , , , , , , , , , , , , , , , , , , , , , , , , , , , , , , , , , , , , , , , , , , , , , , , , , , , , , , , , , , , , , , , , , , , , , , , , , , , , , , , , , , , , , , , , , , , , , , , , , , , , , , , , , , , , , , , , , , , , , , , , , , , , , , , , , , , , , , , , , , , , , , , , , , , , , , , 

