AxIS Spike File,Z:\Z_basket\EndPoints\231005_LvM_256300_109-1763_MEA_rCortex_Acute_Exposure_DDT_Male_DIV9(000)(000).spk
File Type,48-well

Analysis Start,1200.000000
Analysis End,1800.000000
Active Electrode Criterion (spks/min), 6
Minimum Covered Resistance (kOhms),18
Remove Coincident Artifacts,True

Electrode Burst Settings,
    Algorithm,Poisson Surprise,
    Min Surprise,10.000000

Network Burst Settings,
    Algorithm,ISI Threshold,Adaptive,
    Min # of Spikes,40.000000
    Min # of Electrodes (%),15.000000

Synchrony Settings,
    Synchrony Window,20.000000

Average Network Burst Analysis Settings,
    Number of network bursts vary by well
    Network Burst Window Start (ms),0.000000
    Network Burst Window End (ms),100.000000
    Bin Size (ms),1.000000

Well Averages,A1,A2,A3,A4,A5,A6,A7,A8,B1,B2,B3,B4,B5,B6,B7,B8,C1,C2,C3,C4,C5,C6,C7,C8,D1,D2,D3,D4,D5,D6,D7,D8,E1,E2,E3,E4,E5,E6,E7,E8,F1,F2,F3,F4,F5,F6,F7,F8,
Treatment/ID,,,,,,,,,,,,,,,,,,,,,,,,,,,,,,,,,,,,,,,,,,,,,,,,
Activity Metrics
    Number of Spikes,115661.000000,174191.000000,91811.000000,147577.000000,63268.000000,161.000000,131633.000000,7878.000000,25432.000000,20930.000000,28371.000000,21488.000000,30222.000000,13090.000000,28769.000000,7906.000000,17781.000000,10957.000000,8132.000000,8471.000000,7391.000000,6499.000000,6312.000000,4603.000000,15987.000000,8818.000000,435.000000,7440.000000,9164.000000,3438.000000,13563.000000,5706.000000,13558.000000,20257.000000,8137.000000,4083.000000,18542.000000,5300.000000,9442.000000,6066.000000,7688.000000,4059.000000,23282.000000,0.000000,10044.000000,3552.000000,11708.000000,5224.000000
    Mean Firing Rate (Hz),12.048021,18.144896,9.563646,15.372604,6.590417,0.016771,13.711771,0.820625,2.649167,2.180208,2.955312,2.238333,3.148125,1.363542,2.996771,0.823542,1.852188,1.141354,0.847083,0.882396,0.769896,0.676979,0.657500,0.479479,1.665313,0.918542,0.045312,0.775000,0.954583,0.358125,1.412813,0.594375,1.412292,2.110104,0.847604,0.425312,1.931458,0.552083,0.983542,0.631875,0.800833,0.422812,2.425208,0.000000,1.046250,0.370000,1.219583,0.544167
    ISI Coefficient of Variation - Avg,3.310010,3.305206,2.759475,3.341178,1.956183,3.725627,3.100187,2.071921,4.664788,5.331438,7.113605,4.381664,3.329651,2.640817,8.260741,2.696426,3.990709,4.122343,11.027730,4.646412,6.194167,3.322888,4.489740,3.285953,3.785651,3.617292,2.508709,4.918916,4.837728,4.587704,5.378527,2.658971,4.757249,7.640545,4.532073,3.716369,6.438369,3.164297,5.709305,3.656432,3.525127,3.558222,5.375505, ,3.631538,3.012443,4.688372,3.351507
    Number of Active Electrodes,16.000000,16.000000,14.000000,15.000000,13.000000,1.000000,16.000000,5.000000,16.000000,16.000000,16.000000,16.000000,14.000000,15.000000,16.000000,11.000000,15.000000,16.000000,16.000000,15.000000,16.000000,15.000000,16.000000,13.000000,16.000000,13.000000,3.000000,3.000000,16.000000,15.000000,16.000000,15.000000,16.000000,15.000000,16.000000,12.000000,16.000000,14.000000,16.000000,13.000000,13.000000,11.000000,16.000000,0.000000,16.000000,11.000000,15.000000,15.000000
    Weighted Mean Firing Rate (Hz),12.048021,18.144896,10.927619,16.397444,8.105769,0.235000,13.711771,2.620000,2.649167,2.180208,2.955313,2.238333,3.593095,1.448333,2.996771,1.176970,1.972556,1.141354,0.847083,0.941222,0.769896,0.717444,0.657500,0.572821,1.665312,1.128333,0.223333,4.131111,0.954583,0.382000,1.412813,0.628667,1.412292,2.250778,0.847604,0.565556,1.931458,0.628333,0.983542,0.769487,0.971795,0.598939,2.425208, ,1.046250,0.524394,1.298000,0.577667
Electrode Burst Metrics
    Number of Bursts,2357.000000,3093.000000,1983.000000,2836.000000,686.000000,10.000000,2031.000000,202.000000,394.000000,411.000000,320.000000,339.000000,685.000000,1008.000000,342.000000,459.000000,496.000000,202.000000,161.000000,238.000000,243.000000,501.000000,251.000000,347.000000,517.000000,226.000000,29.000000,75.000000,284.000000,143.000000,275.000000,417.000000,395.000000,297.000000,220.000000,167.000000,412.000000,462.000000,336.000000,535.000000,246.000000,168.000000,398.000000,0.000000,286.000000,268.000000,423.000000,370.000000
    Number of Bursting Electrodes,15.000000,15.000000,13.000000,15.000000,8.000000,1.000000,16.000000,3.000000,16.000000,16.000000,16.000000,16.000000,14.000000,14.000000,16.000000,11.000000,16.000000,16.000000,16.000000,15.000000,16.000000,15.000000,16.000000,15.000000,16.000000,14.000000,3.000000,3.000000,16.000000,15.000000,16.000000,14.000000,16.000000,15.000000,16.000000,12.000000,16.000000,14.000000,16.000000,13.000000,15.000000,14.000000,16.000000,0.000000,16.000000,12.000000,15.000000,15.000000
    Burst Duration - Avg (sec),0.160397,0.200587,0.135659,0.161890,1.595430,0.188976,0.207814,0.062184,0.238037,0.266831,0.560567,0.463597,0.462633,0.063537,0.487046,0.076884,0.099237,0.307834,0.284042,0.289984,0.185605,0.054903,0.139004,0.050093,0.228070,0.376588,0.394332,0.631017,0.184208,0.424243,0.155414,0.100314,0.194720,0.470472,0.182527,0.188405,0.168214,0.060185,0.119480,0.040714,0.124389,0.168953,0.232401, ,0.272408,0.080325,0.131600,0.138699
    Burst Duration - Std (sec),0.098073,0.092626,0.099817,0.093233,3.530929, ,0.137400,0.042702,0.028423,0.039408,0.180600,0.169242,0.480100,0.032444,0.077587,0.053102,0.036694,0.319233,0.089096,0.100249,0.080251,0.028658,0.088517,0.035542,0.231728,0.254652,0.293527,0.573946,0.170845,0.315523,0.034721,0.110772,0.096842,0.217910,0.254652,0.121524,0.051743,0.031543,0.067468,0.013065,0.062004,0.105384,0.029280, ,0.104244,0.067992,0.038335,0.071438
    Number of Spikes per Burst - Avg,25.131014,29.078313,20.495977,27.339271,36.202090,6.800000,26.844359,9.120000,42.570528,37.448247,71.870860,40.732490,23.396333,9.327435,66.652451,10.786743,19.141239,25.976468,44.230871,28.013963,26.308869,11.230333,20.549685,9.639140,21.718933,22.613688,7.642857,42.643280,22.169238,16.666402,33.852236,8.811278,27.481242,49.254431,25.046250,18.841972,32.693232,9.666249,26.053571,9.640442,16.241413,15.349805,36.320520, ,19.868548,9.576475,23.034408,11.745903
    Number of Spikes per Burst - Std,17.803031,18.668380,15.949971,16.770373,28.303139, ,17.371433,5.495744,10.255657,12.292387,22.873746,21.238281,21.381287,3.705740,12.873330,8.516542,10.504678,7.086932,8.514544,13.002739,8.126427,4.152489,9.646356,5.418306,9.477031,23.636011,1.012675,61.676706,5.461751,7.852634,5.712630,4.343748,9.851922,11.291066,8.680092,10.350220,9.680790,2.941931,9.505616,4.234466,10.721203,11.219658,8.088415, ,11.846658,6.718456,9.655836,4.914775
    Mean ISI within Burst - Avg (sec),0.007424,0.007990,0.007257,0.006378,0.024382,0.028597,0.007192,0.008388,0.005098,0.006396,0.006822,0.011029,0.021155,0.007175,0.006618,0.007910,0.006114,0.011981,0.005403,0.012050,0.005779,0.005214,0.007157,0.005911,0.009445,0.023411,0.059573,0.034032,0.009164,0.016752,0.005158,0.008491,0.006900,0.007347,0.006447,0.010661,0.005429,0.007091,0.004870,0.005239,0.008189,0.011952,0.005895, ,0.012910,0.008265,0.005856,0.012226
    Mean ISI within Burst - Std (sec),0.002107,0.003529,0.001282,0.000770,0.034402, ,0.001876,0.006924,0.001104,0.002222,0.002415,0.005432,0.012093,0.002249,0.002696,0.002470,0.002981,0.008930,0.001236,0.009515,0.001460,0.001189,0.003162,0.002308,0.006334,0.017845,0.059412,0.019685,0.009326,0.008824,0.001489,0.003240,0.002994,0.004440,0.004276,0.006763,0.000785,0.004239,0.001568,0.001715,0.003978,0.007784,0.001663, ,0.008048,0.004226,0.002272,0.004265
    Median ISI within Burst - Avg (sec),0.005414,0.005901,0.005217,0.004684,0.020808,0.015580,0.005387,0.004808,0.003529,0.003805,0.003764,0.005956,0.016076,0.005271,0.003949,0.005192,0.004687,0.008170,0.003342,0.008356,0.003861,0.003712,0.004736,0.004670,0.007323,0.017018,0.021925,0.019455,0.006051,0.003563,0.003824,0.004972,0.004474,0.003607,0.004684,0.006264,0.003524,0.004628,0.003429,0.004218,0.005698,0.007885,0.003772, ,0.007273,0.005057,0.004554,0.006286
    Median ISI within Burst - Std (sec),0.001504,0.002381,0.000859,0.000579,0.033334, ,0.001361,0.001968,0.000617,0.000754,0.001039,0.002561,0.008054,0.001438,0.002408,0.001573,0.002169,0.006818,0.000320,0.007965,0.000880,0.000572,0.001512,0.002110,0.006292,0.012219,0.008505,0.011240,0.006165,0.000913,0.001360,0.001146,0.002249,0.000523,0.003943,0.003497,0.000330,0.002318,0.000639,0.001541,0.002938,0.004270,0.000828, ,0.002944,0.001520,0.002094,0.002910
    Median/Mean ISI within Burst - Avg,0.753393,0.748565,0.741085,0.750814,0.761407,0.735715,0.767487,0.722522,0.741249,0.702523,0.655052,0.648446,0.818139,0.773016,0.657308,0.706795,0.804366,0.760969,0.701061,0.683130,0.729182,0.765996,0.735858,0.818723,0.783546,0.785115,0.571365,0.646957,0.727690,0.569954,0.745496,0.730156,0.715180,0.679742,0.719334,0.739501,0.675840,0.745371,0.752195,0.818834,0.770895,0.753347,0.718695, ,0.699067,0.750682,0.791118,0.577949
    Median/Mean ISI within Burst - Std,0.127361,0.045265,0.069014,0.049127,0.191013, ,0.085616,0.272141,0.047866,0.056766,0.101106,0.110432,0.141681,0.084617,0.065084,0.121333,0.063471,0.111809,0.057813,0.101006,0.059637,0.125543,0.096228,0.125460,0.077912,0.065492,0.298464,0.121514,0.062695,0.204059,0.075355,0.115901,0.067932,0.089197,0.083709,0.156114,0.062115,0.112066,0.109009,0.062919,0.073997,0.132854,0.046347, ,0.083761,0.220943,0.084936,0.138499
    Inter-Burst Interval - Avg (sec),5.006542,6.111185,8.823880,8.539518,7.604265,18.158836,44.951406,2.969560,24.585623,22.729474,28.956219,34.821083,28.581235,11.009046,26.709752,18.250711,19.119276,48.489058,58.517849,44.262691,39.036755,18.332393,36.300073,58.882923,23.464308,39.743608,88.115601,63.635948,32.334366,60.733813,31.263707,23.019488,25.172308,30.344666,41.661362,40.884850,22.486791,19.280671,27.739837,15.637960,64.485195,53.429505,24.844621, ,35.712607,50.337096,21.961245,24.079367
    Inter-Burst Interval - Std (sec),5.195340,10.538363,14.570327,15.325784,6.317056,0.000000,109.520921,0.000000,2.419108,2.251325,4.762945,28.471546,30.318756,9.377745,2.840517,15.188226,5.439961,10.318218,2.785514,29.088602,1.359871,3.591911,3.112256,110.981080,10.505194,17.180367,71.839989,49.305130,5.126367,7.151798,3.179350,14.928902,4.461255,6.345106,3.936618,13.264684,1.096350,9.273012,0.000915,5.378970,88.242599,36.452675,2.949954, ,12.769430,77.137387,5.978780,5.161076
    Burst Frequency - Avg (Hz),0.261889,0.343667,0.254231,0.315111,0.142917,0.016667,0.211563,0.112222,0.041042,0.042812,0.033333,0.035313,0.081548,0.120000,0.035625,0.069545,0.051667,0.021042,0.016771,0.026444,0.025313,0.055667,0.026146,0.038556,0.053854,0.026905,0.016111,0.041667,0.029583,0.015889,0.028646,0.049643,0.041146,0.033000,0.022917,0.023194,0.042917,0.055000,0.035000,0.068590,0.027333,0.020000,0.041458, ,0.029792,0.037222,0.047000,0.041111
    Burst Frequency - Std (Hz),0.167830,0.172304,0.179866,0.169537,0.176877, ,0.144795,0.191488,0.005405,0.004781,0.004472,0.008459,0.073177,0.043407,0.004211,0.040049,0.017448,0.005266,0.000738,0.008703,0.000907,0.007838,0.002413,0.020614,0.028595,0.013569,0.011097,0.053463,0.006221,0.002429,0.003290,0.020267,0.010197,0.005164,0.002546,0.005048,0.002152,0.014292,0.000000,0.016692,0.011714,0.009268,0.005473, ,0.006551,0.020577,0.010896,0.007062
    IBI Coefficient of Variation - Avg,0.609145,0.739643,1.045965,0.652522,0.871272,0.817163,0.705976,0.808728,0.820100,0.712332,0.781261,0.698654,0.592632,0.438632,0.596774,0.703339,0.667826,0.486657,1.902774,0.479403,1.137691,0.519929,0.737092,0.630120,0.641302,0.529584,0.601660,0.536298,0.901883,0.636942,0.567295,0.556481,0.562695,0.925781,0.882726,0.572720,1.683317,0.556577,0.626118,0.902668,0.788116,0.604634,0.919642, ,0.605350,0.548909,0.618211,0.548505
    IBI Coefficient of Variation - Std,0.404080,0.483490,0.664686,0.449649,0.575543,0.000000,0.478219,0.000000,0.076510,0.043963,0.156895,0.075496,0.121095,0.184789,0.080079,0.250249,0.065784,0.219008,0.046400,0.093991,0.033103,0.060055,0.059781,0.102681,0.097350,0.068238,0.015834,0.239217,0.086537,0.137404,0.050907,0.106441,0.133357,0.183140,0.060645,0.303245,0.030195,0.025389,0.000241,0.062997,0.110427,0.124065,0.058523, ,0.065561,0.253646,0.038876,0.075344
    Burst Percentage - Avg,49.719793,48.608645,39.377411,54.871414,15.609453,8.037825,43.742627,6.960594,71.559812,81.462389,83.635782,73.403463,57.779661,65.793478,83.097012,43.827901,75.040323,69.140692,90.733118,85.314180,91.492939,83.964084,87.225217,67.400809,78.933681,75.464278,35.118532,50.281877,79.407214,74.686146,77.560430,60.006414,85.742664,87.426841,87.046945,66.944906,81.846011,75.403240,93.069515,75.674405,64.123466,63.022477,75.009035, ,76.849564,56.737273,81.528044,82.444819
    Burst Percentage - Std,30.496728,25.716155,28.617071,26.407546,22.557854,19.688570,25.084556,18.752382,20.137329,18.260137,13.528255,24.145974,29.574633,33.959942,12.119584,40.490487,27.965188,24.772035,11.691802,14.469124,11.159563,23.935887,13.967586,37.178732,14.389417,27.663691,43.897367,40.870979,23.704703,17.105761,21.395624,32.076188,9.141480,19.957205,18.594409,38.252405,20.478252,34.381155,7.031733,34.374905,29.762195,34.032186,24.602277, ,25.630835,42.764817,28.333341,24.137168
Network Burst Metrics
    Number of Network Bursts,255.000000,314.000000,272.000000,287.000000,328.000000,0.000000,223.000000,0.000000,27.000000,38.000000,17.000000,37.000000,132.000000,90.000000,25.000000,62.000000,39.000000,10.000000,10.000000,17.000000,17.000000,35.000000,17.000000,31.000000,26.000000,32.000000,0.000000,9.000000,20.000000,14.000000,23.000000,39.000000,42.000000,21.000000,14.000000,15.000000,29.000000,36.000000,21.000000,46.000000,22.000000,16.000000,36.000000,0.000000,20.000000,31.000000,30.000000,25.000000
    Network Burst Frequency,0.425000,0.523333,0.453333,0.478333,0.546667, ,0.371667, ,0.045000,0.063333,0.028333,0.061667,0.220000,0.150000,0.041667,0.103333,0.065000,0.016667,0.016667,0.028333,0.028333,0.058333,0.028333,0.051667,0.043333,0.053333, ,0.015000,0.033333,0.023333,0.038333,0.065000,0.070000,0.035000,0.023333,0.025000,0.048333,0.060000,0.035000,0.076667,0.036667,0.026667,0.060000, ,0.033333,0.051667,0.050000,0.041667
    Network Burst Duration - Avg (sec),1.487494,1.423971,1.580834,0.735733,0.611719, ,1.069884, ,0.233010,0.404547,1.523238,1.136517,2.707459,0.200700,1.713091,0.200631,0.321264,0.094264,0.595872,0.816268,0.608847,0.281598,0.650725,0.250297,0.203748,1.334877, ,1.569804,0.769540,0.500811,1.880508,0.324080,0.593021,0.635379,0.301269,0.436453,0.326417,0.214098,0.456110,0.200979,0.292084,0.490810,0.472309, ,1.061476,0.218310,0.411851,0.396784
    Network Burst Duration - Std (sec),0.343223,0.352758,0.651257,0.109792,0.191809, ,0.245342, ,0.237144,0.408959,0.660000,0.627078,1.009075,0.049744,0.793406,0.044877,0.192511,0.004299,0.541962,0.764348,0.515258,0.071380,0.217165,0.117313,0.129137,0.748378, ,0.246401,0.380686,0.132337,1.028611,0.108831,0.425701,0.659232,0.076654,0.397308,0.077329,0.076916,0.057610,0.073611,0.364176,0.436733,0.326592, ,0.518104,0.023618,0.361974,0.119816
    Number of Spikes per Network Burst - Avg,450.635294,551.535032,335.463235,477.512195,153.045732, ,539.636771, ,613.888889,443.947368,1467.000000,448.297297,210.916667,130.900000,1082.240000,117.177419,291.256410,384.300000,746.700000,428.411765,393.705882,175.714286,312.764706,141.709677,314.192308,222.125000, ,136.111111,325.400000,195.642857,493.434783,121.205128,295.833333,724.619048,377.428571,218.000000,485.413793,137.861111,428.428571,127.086957,236.863636,211.750000,446.750000, ,328.050000,112.838710,361.233333,185.040000
    Number of Spikes per Network Burst - Std,85.162029,109.401890,140.103489,101.326235,52.113095, ,162.036221, ,494.857426,504.215095,915.808932,483.062560,110.884579,8.421548,1223.275156,17.123011,242.057161,13.646733,711.864851,351.301875,321.541553,26.925356,108.105001,9.213011,112.324893,141.805353, ,16.863010,140.386459,7.791585,290.247046,8.590630,375.406116,685.240431,116.923193,133.165847,177.405210,16.869504,20.645996,9.970682,218.602988,174.949707,388.396438, ,257.628961,12.989988,277.658272,22.771473
    Mean ISI within Network Burst - Avg (sec),0.003376,0.002592,0.004826,0.001576,0.004078, ,0.002100, ,0.000440,0.001892,0.001200,0.007055,0.015262,0.001541,0.005219,0.001728,0.001677,0.000246,0.000810,0.002082,0.002154,0.001722,0.003441,0.001772,0.000693,0.008040, ,0.011615,0.003430,0.002566,0.004822,0.002694,0.006584,0.000818,0.001025,0.001897,0.000914,0.001537,0.001068,0.001598,0.001268,0.002265,0.002181, ,0.003752,0.001966,0.001137,0.002160
    Mean ISI within Network Burst - Std (sec),0.001033,0.000409,0.000919,0.000210,0.000447, ,0.000646, ,0.000348,0.001861,0.000330,0.006817,0.006130,0.000339,0.005657,0.000316,0.001740,0.000005,0.000145,0.001302,0.002233,0.000933,0.004787,0.000807,0.000419,0.006359, ,0.001117,0.003196,0.000660,0.002409,0.000883,0.009877,0.000211,0.000943,0.000870,0.000725,0.000438,0.000133,0.000596,0.000730,0.000689,0.002185, ,0.000988,0.000223,0.000537,0.000618
    Median ISI within Network Burst - Avg (sec),0.000743,0.000718,0.001109,0.000611,0.002461, ,0.000939, ,0.000227,0.000884,0.000264,0.001828,0.010244,0.000425,0.001266,0.000743,0.000583,0.000160,0.000196,0.000614,0.000807,0.000368,0.000692,0.000379,0.000335,0.005891, ,0.005773,0.000918,0.000280,0.001030,0.000441,0.003770,0.000246,0.000346,0.000491,0.000371,0.000328,0.000240,0.000332,0.000460,0.000670,0.001089, ,0.000522,0.000615,0.000275,0.000510
    Median ISI within Network Burst - Std (sec),0.000597,0.000141,0.000339,0.000118,0.000356, ,0.000591, ,0.000200,0.000995,0.000038,0.001954,0.006178,0.000076,0.002379,0.000121,0.000826,0.000000,0.000040,0.000628,0.001659,0.000453,0.001212,0.000045,0.000334,0.006186, ,0.002036,0.001433,0.000038,0.001351,0.000077,0.008168,0.000076,0.000396,0.000151,0.000368,0.000064,0.000000,0.000042,0.000389,0.000157,0.001357, ,0.000186,0.000067,0.000045,0.000079
    Median/Mean ISI within Network Burst - Avg,0.217826,0.279625,0.229038,0.386268,0.604204, ,0.433908, ,0.504798,0.395013,0.239588,0.250329,0.618150,0.284027,0.197004,0.439261,0.303289,0.650986,0.247976,0.289567,0.277677,0.203275,0.163809,0.245655,0.451211,0.569129, ,0.494252,0.197458,0.117035,0.166081,0.174629,0.356613,0.311150,0.322368,0.313185,0.380501,0.225606,0.227932,0.240089,0.365984,0.309707,0.375324, ,0.160522,0.317447,0.281311,0.248398
    Median/Mean ISI within Network Burst - Std,0.048520,0.048028,0.047976,0.041533,0.063494, ,0.060186, ,0.050592,0.113961,0.084065,0.103938,0.241160,0.058673,0.127797,0.088750,0.088708,0.014446,0.061149,0.094476,0.208764,0.069229,0.052462,0.083068,0.084195,0.289163, ,0.153060,0.110873,0.036084,0.168641,0.042950,0.194333,0.093947,0.048428,0.155011,0.060001,0.059682,0.027184,0.099747,0.109106,0.076603,0.152769, ,0.105237,0.053450,0.105014,0.057423
    Number of Elecs Participating in Burst - Avg,14.901961,15.124204,12.875000,14.655052,12.408537, ,14.860987, ,15.703704,14.710526,16.000000,13.351351,8.159091,15.311111,14.840000,12.741935,14.717949,16.000000,16.000000,14.764706,15.470588,15.485714,14.941176,15.483871,15.769231,9.406250, ,3.000000,15.100000,15.000000,15.043478,15.692308,13.357143,15.000000,15.714286,12.533333,15.655172,14.472222,16.000000,13.891304,14.909091,13.750000,14.916667, ,15.950000,13.096774,15.566667,15.760000
    Number of Elecs Participating in Burst - Std,1.119879,0.664374,1.096371,0.538225,0.886970, ,1.392856, ,1.102962,1.901747,0.000000,3.343453,4.258498,0.664416,2.055075,1.186474,2.126880,0.000000,0.000000,0.970143,1.504894,1.221653,3.009788,0.676805,0.992278,4.750955, ,0.000000,1.916686,0.000000,1.580514,0.467572,3.580581,0.000000,1.069045,0.743223,0.897451,0.608798,0.000000,0.604732,1.305997,0.683130,1.729988, ,0.223607,0.700230,0.504007,0.435890
    Number of Spikes per Network Burst per Channel - Avg,30.099469,36.384627,25.770945,32.486560,12.205256, ,35.872565, ,38.434182,28.151584,91.687500,29.143233,26.962979,8.558234,68.043363,9.255199,19.142486,24.018750,46.668750,28.649198,24.733177,11.278294,19.949755,9.164478,19.734178,27.156724, ,45.370370,20.709237,13.042857,31.138856,7.730769,19.768808,48.307937,23.650298,17.549944,30.449721,9.541832,26.776786,9.162797,15.742535,15.309592,28.322502, ,20.543333,8.651099,23.096389,11.745000
    Number of Spikes per Network Burst per Channel - Std,4.644192,6.436061,9.747797,6.355170,3.645931, ,9.181331, ,30.850097,31.205534,57.238058,29.316361,9.142158,0.558334,76.111424,1.472789,15.907951,0.852921,44.491553,23.324788,19.952713,1.486600,5.702771,0.648710,6.883590,12.504840, ,5.621003,8.117160,0.519439,17.681855,0.604225,22.732814,45.682695,7.119793,11.234724,10.818501,1.232316,1.290375,0.789293,14.536212,12.414227,23.885116, ,16.080613,1.201868,17.227282,1.435832
    Network Burst Percentage,99.352418,99.420751,99.384605,92.864064,79.343428, ,91.420085, ,65.173797,80.602007,87.903141,77.191921,92.121633,90.000000,94.045674,91.892234,63.882796,35.073469,91.822430,85.975682,90.556082,94.629943,84.236375,95.437758,51.097767,80.607848, ,16.465054,71.017023,79.668412,83.676178,82.842622,91.643310,75.119712,64.937938,80.088170,75.919534,93.641509,95.287015,96.373228,67.780957,83.468835,69.079117, ,65.322581,98.479730,92.560642,88.552833
    Network IBI Coefficient of Variation,0.192914,0.169215,0.337402,0.158455,0.113107, ,0.194183, ,0.895436,0.875485,0.611678,0.769202,0.431173,0.292320,0.631963,0.525818,0.699679,0.250146,1.789861,0.463379,1.203881,0.485302,0.766105,0.624816,0.506835,0.579772, ,0.929145,0.978159,1.030644,0.649863,0.544366,0.803451,0.983991,0.914109,0.440513,1.615265,0.548161,0.610272,0.862626,0.754654,0.558044,1.016096, ,0.605443,0.420442,0.589314,0.501774
    Network Normalized Duration IQR,0.280596,0.279831,0.351747,0.209403,0.534686, ,0.221290, ,0.250250,0.477187,0.762130,0.887334,0.481969,0.265433,0.664045,0.248659,0.329017,0.106309,0.411275,0.731819,0.973894,0.210826,0.598112,0.222326,0.225096,0.799411, ,0.250840,0.394894,0.201685,0.838174,0.513509,0.988768,3.467671,0.260169,1.078665,0.198747,0.510904,0.089583,0.574328,0.483015,0.547414,0.361521, ,0.571323,0.091700,0.980486,0.311468
Synchrony Metrics
    Area Under Normalized Cross-Correlation,0.481485,0.474440,0.437142,0.534622,0.091567,0.008022,0.476302,0.025420,0.683557,0.696198,0.713145,0.553562,0.218793,0.742022,0.790490,0.482756,0.598891,0.656777,0.813416,0.495266,0.854443,0.866779,0.776056,0.723379,0.618712,0.261905,0.073934,0.017144,0.741389,0.908057,0.768632,0.703751,0.743216,0.670952,0.743446,0.374330,0.730109,0.760388,0.831905,0.692202,0.526973,0.429690,0.713125,0.000000,0.511268,0.540418,0.659709,0.745165
    Area Under Cross-Correlation,36.832597,56.360458,21.487333,51.181375,4.176986,0.000208,34.039208,0.068208,15.375319,12.770528,19.262500,7.227583,1.920389,4.943931,23.760181,1.827292,7.202681,4.349986,6.534958,3.113306,5.010500,3.774472,3.749278,2.082319,5.694847,1.202319,0.006361,0.007611,4.750264,1.796500,9.515903,1.874431,8.687208,10.627986,4.259375,1.186181,11.948931,2.456236,8.000194,2.910472,2.461917,0.917653,13.167306,0.000000,2.280778,0.949708,7.196111,1.727722
    Full Width at Half Height of Normalized Cross-Correlation,34.000000,35.000000,38.000000,35.000000,105.000000,16.000000,35.000000,38.000000,25.000000,26.000000,27.000000,30.000000,46.000000,21.000000,24.000000,17.000000,36.000000,33.000000,23.000000,40.000000,22.000000,18.000000,23.000000,23.000000,32.000000,36.000000,16.000000,14.000000,29.000000,22.000000,24.000000,22.000000,25.000000,24.000000,27.000000,33.000000,27.000000,16.000000,20.000000,15.000000,23.000000,25.000000,23.000000, ,29.000000,16.000000,28.000000,18.000000
    Full Width at Half Height of Cross-Correlation,189.000000,209.000000,125.000000,191.000000,359.000000,11.000000,224.000000,120.000000,135.000000,126.000000,168.000000,122.000000,130.000000,44.000000,160.000000,42.000000,91.000000,86.000000,126.000000,151.000000,82.000000,45.000000,82.000000,46.000000,87.000000,138.000000,32.000000,28.000000,86.000000,42.000000,120.000000,40.000000,106.000000,116.000000,103.000000,92.000000,114.000000,39.000000,94.000000,44.000000,76.000000,89.000000,123.000000, ,84.000000,31.000000,98.000000,35.000000
    Synchrony Index, , , , , , , , , , , , , , , , , , , , , , , , , , , , , , , , , , , , , , , , , , , , , , , , 
    Kreuz SPIKE Distance, , , , , , , , , , , , , , , , , , , , , , , , , , , , , , , , , , , , , , , , , , , , , , , , 
Average Network Burst Metrics
    Start Electrode,11.000000,11.000000,11.000000,12.000000,43.000000, ,13.000000, ,32.000000,14.000000,24.000000,11.000000,11.000000,24.000000,11.000000,13.000000,41.000000,22.000000,24.000000,42.000000,11.000000,33.000000,11.000000,13.000000,23.000000,11.000000, ,42.000000,11.000000,11.000000,12.000000,44.000000,21.000000,41.000000,24.000000,41.000000,12.000000,23.000000,11.000000,44.000000,21.000000,22.000000,44.000000, ,22.000000,43.000000,12.000000,44.000000
    Percent Bursts with Start Electrode,40.392157,26.433121,29.044118,31.010453,20.121951, ,21.973094, ,29.629630,31.578947,41.176471,40.540541,28.030303,52.222222,36.000000,29.032258,46.153846,20.000000,20.000000,35.294118,52.941176,31.428571,35.294118,32.258065,23.076923,71.875000, ,66.666667,40.000000,64.285714,30.434783,35.897436,33.333333,33.333333,35.714286,33.333333,27.586207,36.111111,47.619048,63.043478,36.363636,62.500000,30.555556, ,25.000000,54.838710,40.000000,32.000000
    Burst Peak (Max Spikes per sec),152.941176,54.140127,154.411765,1226.480836,332.317073, ,1466.367713, ,5037.037037,1578.947368,2705.882353,324.324324,106.060606,2111.111111,1160.000000,1725.806452,1076.923077,6500.000000,4200.000000,1823.529412,1529.411765,1771.428571,1235.294118,2741.935484,3884.615385,718.750000, ,555.555556,1100.000000,2000.000000,1391.304348,1333.333333,952.380952,2047.619048,2357.142857,1400.000000,2137.931034,1694.444444,3428.571429,2173.913043,2136.363636,1312.500000,1972.222222, ,900.000000,2935.483871,2433.333333,2040.000000
    Time to Burst Peak (ms),44.500000,80.500000,88.500000,98.500000,96.500000, ,94.500000, ,68.500000,91.500000,98.500000,3.500000,88.500000,42.500000,76.500000,24.500000,99.500000,32.500000,90.500000,76.500000,34.500000,95.500000,95.500000,30.500000,83.500000,48.500000, ,7.500000,66.500000,38.500000,78.500000,94.500000,96.500000,71.500000,90.500000,68.500000,95.500000,12.500000,98.500000,22.500000,66.500000,85.500000,96.500000, ,18.500000,10.500000,94.500000,14.500000
Viability Metrics
    Resistance - Avg (kOhms), , , , , , , , , , , , , , , , , , , , , , , , , , , , , , , , , , , , , , , , , , , , , , , , 
    Resistance - Std (kOhms), , , , , , , , , , , , , , , , , , , , , , , , , , , , , , , , , , , , , , , , , , , , , , , , 
    Number of Covered Electrodes, , , , , , , , , , , , , , , , , , , , , , , , , , , , , , , , , , , , , , , , , , , , , , , , 
    Weighted Mean Resistance (kOhms), , , , , , , , , , , , , , , , , , , , , , , , , , , , , , , , , , , , , , , , , , , , , , , , 

Measurement,A1_11,A1_12,A1_13,A1_14,A1_21,A1_22,A1_23,A1_24,A1_31,A1_32,A1_33,A1_34,A1_41,A1_42,A1_43,A1_44,A2_11,A2_12,A2_13,A2_14,A2_21,A2_22,A2_23,A2_24,A2_31,A2_32,A2_33,A2_34,A2_41,A2_42,A2_43,A2_44,A3_11,A3_12,A3_13,A3_14,A3_21,A3_22,A3_23,A3_24,A3_31,A3_32,A3_33,A3_34,A3_41,A3_42,A3_43,A3_44,A4_11,A4_12,A4_13,A4_14,A4_21,A4_22,A4_23,A4_24,A4_31,A4_32,A4_33,A4_34,A4_41,A4_42,A4_43,A4_44,A5_11,A5_12,A5_13,A5_14,A5_21,A5_22,A5_23,A5_24,A5_31,A5_32,A5_33,A5_34,A5_41,A5_42,A5_43,A5_44,A6_11,A6_12,A6_13,A6_14,A6_21,A6_22,A6_23,A6_24,A6_31,A6_32,A6_33,A6_34,A6_41,A6_42,A6_43,A6_44,A7_11,A7_12,A7_13,A7_14,A7_21,A7_22,A7_23,A7_24,A7_31,A7_32,A7_33,A7_34,A7_41,A7_42,A7_43,A7_44,A8_11,A8_12,A8_13,A8_14,A8_21,A8_22,A8_23,A8_24,A8_31,A8_32,A8_33,A8_34,A8_41,A8_42,A8_43,A8_44,B1_11,B1_12,B1_13,B1_14,B1_21,B1_22,B1_23,B1_24,B1_31,B1_32,B1_33,B1_34,B1_41,B1_42,B1_43,B1_44,B2_11,B2_12,B2_13,B2_14,B2_21,B2_22,B2_23,B2_24,B2_31,B2_32,B2_33,B2_34,B2_41,B2_42,B2_43,B2_44,B3_11,B3_12,B3_13,B3_14,B3_21,B3_22,B3_23,B3_24,B3_31,B3_32,B3_33,B3_34,B3_41,B3_42,B3_43,B3_44,B4_11,B4_12,B4_13,B4_14,B4_21,B4_22,B4_23,B4_24,B4_31,B4_32,B4_33,B4_34,B4_41,B4_42,B4_43,B4_44,B5_11,B5_12,B5_13,B5_14,B5_21,B5_22,B5_23,B5_24,B5_31,B5_32,B5_33,B5_34,B5_41,B5_42,B5_43,B5_44,B6_11,B6_12,B6_13,B6_14,B6_21,B6_22,B6_23,B6_24,B6_31,B6_32,B6_33,B6_34,B6_41,B6_42,B6_43,B6_44,B7_11,B7_12,B7_13,B7_14,B7_21,B7_22,B7_23,B7_24,B7_31,B7_32,B7_33,B7_34,B7_41,B7_42,B7_43,B7_44,B8_11,B8_12,B8_13,B8_14,B8_21,B8_22,B8_23,B8_24,B8_31,B8_32,B8_33,B8_34,B8_41,B8_42,B8_43,B8_44,C1_11,C1_12,C1_13,C1_14,C1_21,C1_22,C1_23,C1_24,C1_31,C1_32,C1_33,C1_34,C1_41,C1_42,C1_43,C1_44,C2_11,C2_12,C2_13,C2_14,C2_21,C2_22,C2_23,C2_24,C2_31,C2_32,C2_33,C2_34,C2_41,C2_42,C2_43,C2_44,C3_11,C3_12,C3_13,C3_14,C3_21,C3_22,C3_23,C3_24,C3_31,C3_32,C3_33,C3_34,C3_41,C3_42,C3_43,C3_44,C4_11,C4_12,C4_13,C4_14,C4_21,C4_22,C4_23,C4_24,C4_31,C4_32,C4_33,C4_34,C4_41,C4_42,C4_43,C4_44,C5_11,C5_12,C5_13,C5_14,C5_21,C5_22,C5_23,C5_24,C5_31,C5_32,C5_33,C5_34,C5_41,C5_42,C5_43,C5_44,C6_11,C6_12,C6_13,C6_14,C6_21,C6_22,C6_23,C6_24,C6_31,C6_32,C6_33,C6_34,C6_41,C6_42,C6_43,C6_44,C7_11,C7_12,C7_13,C7_14,C7_21,C7_22,C7_23,C7_24,C7_31,C7_32,C7_33,C7_34,C7_41,C7_42,C7_43,C7_44,C8_11,C8_12,C8_13,C8_14,C8_21,C8_22,C8_23,C8_24,C8_31,C8_32,C8_33,C8_34,C8_41,C8_42,C8_43,C8_44,D1_11,D1_12,D1_13,D1_14,D1_21,D1_22,D1_23,D1_24,D1_31,D1_32,D1_33,D1_34,D1_41,D1_42,D1_43,D1_44,D2_11,D2_12,D2_13,D2_14,D2_21,D2_22,D2_23,D2_24,D2_31,D2_32,D2_33,D2_34,D2_41,D2_42,D2_43,D2_44,D3_11,D3_12,D3_13,D3_14,D3_21,D3_22,D3_23,D3_24,D3_31,D3_32,D3_33,D3_34,D3_41,D3_42,D3_43,D3_44,D4_11,D4_12,D4_13,D4_14,D4_21,D4_22,D4_23,D4_24,D4_31,D4_32,D4_33,D4_34,D4_41,D4_42,D4_43,D4_44,D5_11,D5_12,D5_13,D5_14,D5_21,D5_22,D5_23,D5_24,D5_31,D5_32,D5_33,D5_34,D5_41,D5_42,D5_43,D5_44,D6_11,D6_12,D6_13,D6_14,D6_21,D6_22,D6_23,D6_24,D6_31,D6_32,D6_33,D6_34,D6_41,D6_42,D6_43,D6_44,D7_11,D7_12,D7_13,D7_14,D7_21,D7_22,D7_23,D7_24,D7_31,D7_32,D7_33,D7_34,D7_41,D7_42,D7_43,D7_44,D8_11,D8_12,D8_13,D8_14,D8_21,D8_22,D8_23,D8_24,D8_31,D8_32,D8_33,D8_34,D8_41,D8_42,D8_43,D8_44,E1_11,E1_12,E1_13,E1_14,E1_21,E1_22,E1_23,E1_24,E1_31,E1_32,E1_33,E1_34,E1_41,E1_42,E1_43,E1_44,E2_11,E2_12,E2_13,E2_14,E2_21,E2_22,E2_23,E2_24,E2_31,E2_32,E2_33,E2_34,E2_41,E2_42,E2_43,E2_44,E3_11,E3_12,E3_13,E3_14,E3_21,E3_22,E3_23,E3_24,E3_31,E3_32,E3_33,E3_34,E3_41,E3_42,E3_43,E3_44,E4_11,E4_12,E4_13,E4_14,E4_21,E4_22,E4_23,E4_24,E4_31,E4_32,E4_33,E4_34,E4_41,E4_42,E4_43,E4_44,E5_11,E5_12,E5_13,E5_14,E5_21,E5_22,E5_23,E5_24,E5_31,E5_32,E5_33,E5_34,E5_41,E5_42,E5_43,E5_44,E6_11,E6_12,E6_13,E6_14,E6_21,E6_22,E6_23,E6_24,E6_31,E6_32,E6_33,E6_34,E6_41,E6_42,E6_43,E6_44,E7_11,E7_12,E7_13,E7_14,E7_21,E7_22,E7_23,E7_24,E7_31,E7_32,E7_33,E7_34,E7_41,E7_42,E7_43,E7_44,E8_11,E8_12,E8_13,E8_14,E8_21,E8_22,E8_23,E8_24,E8_31,E8_32,E8_33,E8_34,E8_41,E8_42,E8_43,E8_44,F1_11,F1_12,F1_13,F1_14,F1_21,F1_22,F1_23,F1_24,F1_31,F1_32,F1_33,F1_34,F1_41,F1_42,F1_43,F1_44,F2_11,F2_12,F2_13,F2_14,F2_21,F2_22,F2_23,F2_24,F2_31,F2_32,F2_33,F2_34,F2_41,F2_42,F2_43,F2_44,F3_11,F3_12,F3_13,F3_14,F3_21,F3_22,F3_23,F3_24,F3_31,F3_32,F3_33,F3_34,F3_41,F3_42,F3_43,F3_44,F4_11,F4_12,F4_13,F4_14,F4_21,F4_22,F4_23,F4_24,F4_31,F4_32,F4_33,F4_34,F4_41,F4_42,F4_43,F4_44,F5_11,F5_12,F5_13,F5_14,F5_21,F5_22,F5_23,F5_24,F5_31,F5_32,F5_33,F5_34,F5_41,F5_42,F5_43,F5_44,F6_11,F6_12,F6_13,F6_14,F6_21,F6_22,F6_23,F6_24,F6_31,F6_32,F6_33,F6_34,F6_41,F6_42,F6_43,F6_44,F7_11,F7_12,F7_13,F7_14,F7_21,F7_22,F7_23,F7_24,F7_31,F7_32,F7_33,F7_34,F7_41,F7_42,F7_43,F7_44,F8_11,F8_12,F8_13,F8_14,F8_21,F8_22,F8_23,F8_24,F8_31,F8_32,F8_33,F8_34,F8_41,F8_42,F8_43,F8_44,
Activity Metrics
    Number of Spikes,9310.000000,3964.000000,14540.000000,14192.000000,11221.000000,990.000000,149.000000,2919.000000,2482.000000,16924.000000,18736.000000,272.000000,1833.000000,14135.000000,318.000000,3676.000000,12807.000000,6178.000000,9004.000000,6373.000000,6155.000000,2105.000000,30469.000000,680.000000,12741.000000,19577.000000,4081.000000,20685.000000,6012.000000,115.000000,22821.000000,14388.000000,94.000000,5818.000000,21464.000000,3512.000000,876.000000,7934.000000,6311.000000,1137.000000,1902.000000,6754.000000,351.000000,0.000000,2542.000000,13434.000000,19663.000000,19.000000,1155.000000,16446.000000,20782.000000,8076.000000,16578.000000,0.000000,16909.000000,1766.000000,403.000000,11081.000000,15997.000000,6206.000000,1077.000000,5465.000000,7291.000000,18345.000000,0.000000,1121.000000,6693.000000,595.000000,0.000000,2057.000000,8119.000000,587.000000,43.000000,3422.000000,865.000000,8289.000000,1024.000000,16132.000000,13127.000000,1194.000000,0.000000,0.000000,1.000000,0.000000,0.000000,8.000000,0.000000,141.000000,4.000000,1.000000,0.000000,0.000000,0.000000,0.000000,0.000000,6.000000,9327.000000,417.000000,8165.000000,11646.000000,14830.000000,11000.000000,5860.000000,328.000000,588.000000,13092.000000,228.000000,17283.000000,421.000000,8778.000000,21996.000000,7674.000000,0.000000,11.000000,0.000000,395.000000,317.000000,1.000000,0.000000,656.000000,0.000000,0.000000,0.000000,6.000000,734.000000,0.000000,0.000000,5758.000000,1378.000000,1217.000000,713.000000,720.000000,1506.000000,1472.000000,1268.000000,1839.000000,2037.000000,1537.000000,1328.000000,1590.000000,2463.000000,2286.000000,3087.000000,991.000000,376.000000,1053.000000,2390.000000,1929.000000,755.000000,1536.000000,1749.000000,754.000000,366.000000,1461.000000,888.000000,1146.000000,1016.000000,2678.000000,1616.000000,1217.000000,2767.000000,2071.000000,1541.000000,2178.000000,2172.000000,1709.000000,975.000000,3446.000000,1368.000000,1447.000000,1756.000000,1767.000000,1724.000000,1413.000000,1536.000000,501.000000,1460.000000,2645.000000,63.000000,1948.000000,455.000000,1583.000000,784.000000,445.000000,1575.000000,2115.000000,564.000000,558.000000,1109.000000,1477.000000,2008.000000,2699.000000,6001.000000,6258.000000,4304.000000,451.000000,11.000000,160.000000,3221.000000,103.000000,29.000000,1585.000000,338.000000,274.000000,6311.000000,249.000000,111.000000,816.000000,534.000000,1238.000000,685.000000,584.000000,1230.000000,704.000000,896.000000,1770.000000,351.000000,1143.000000,341.000000,472.000000,1977.000000,55.000000,108.000000,1002.000000,2035.000000,1507.000000,1672.000000,2005.000000,1715.000000,2170.000000,2852.000000,1200.000000,1794.000000,1940.000000,1801.000000,1707.000000,962.000000,3287.000000,673.000000,1449.000000,54.000000,17.000000,409.000000,1085.000000,2161.000000,618.000000,33.000000,168.000000,152.000000,641.000000,20.000000,14.000000,1222.000000,762.000000,382.000000,168.000000,1667.000000,1217.000000,554.000000,811.000000,857.000000,1520.000000,139.000000,196.000000,3904.000000,679.000000,323.000000,28.000000,4103.000000,626.000000,906.000000,251.000000,365.000000,329.000000,2704.000000,691.000000,506.000000,380.000000,265.000000,459.000000,525.000000,202.000000,764.000000,865.000000,2054.000000,360.000000,323.000000,165.000000,372.000000,806.000000,451.000000,553.000000,390.000000,520.000000,524.000000,442.000000,226.000000,436.000000,416.000000,531.000000,581.000000,934.000000,421.000000,529.000000,372.000000,513.000000,217.000000,772.000000,115.000000,466.000000,0.000000,583.000000,735.000000,381.000000,75.000000,781.000000,896.000000,1660.000000,494.000000,411.000000,462.000000,510.000000,373.000000,265.000000,284.000000,316.000000,211.000000,618.000000,339.000000,1104.000000,509.000000,320.000000,339.000000,400.000000,521.000000,820.000000,688.000000,534.000000,176.000000,257.000000,346.000000,336.000000,368.000000,572.000000,422.000000,361.000000,855.000000,601.000000,442.000000,126.000000,42.000000,373.000000,380.000000,659.000000,139.000000,302.000000,343.000000,616.000000,96.000000,481.000000,454.000000,206.000000,249.000000,396.000000,634.000000,196.000000,947.000000,214.000000,78.000000,492.000000,598.000000,83.000000,186.000000,245.000000,361.000000,618.000000,59.000000,210.000000,28.000000,377.000000,600.000000,48.000000,444.000000,176.000000,1011.000000,353.000000,555.000000,859.000000,1232.000000,2917.000000,2441.000000,1527.000000,1673.000000,488.000000,607.000000,924.000000,465.000000,238.000000,94.000000,603.000000,4336.000000,252.000000,309.000000,15.000000,182.000000,409.000000,107.000000,220.000000,518.000000,290.000000,111.000000,0.000000,1305.000000,228.000000,2.000000,534.000000,0.000000,15.000000,1.000000,0.000000,0.000000,1.000000,122.000000,0.000000,0.000000,0.000000,0.000000,126.000000,0.000000,0.000000,16.000000,154.000000,0.000000,0.000000,0.000000,0.000000,77.000000,4.000000,0.000000,0.000000,0.000000,0.000000,0.000000,0.000000,0.000000,7260.000000,0.000000,99.000000,341.000000,406.000000,1613.000000,331.000000,755.000000,220.000000,613.000000,533.000000,783.000000,244.000000,692.000000,472.000000,621.000000,603.000000,360.000000,577.000000,154.000000,107.000000,121.000000,523.000000,158.000000,136.000000,246.000000,613.000000,225.000000,0.000000,204.000000,215.000000,160.000000,103.000000,228.000000,245.000000,885.000000,2272.000000,658.000000,578.000000,581.000000,678.000000,544.000000,748.000000,1009.000000,949.000000,509.000000,801.000000,454.000000,1001.000000,860.000000,1036.000000,298.000000,385.000000,345.000000,189.000000,357.000000,240.000000,48.000000,210.000000,183.000000,124.000000,97.000000,719.000000,937.000000,71.000000,664.000000,839.000000,1193.000000,968.000000,1514.000000,941.000000,1596.000000,597.000000,200.000000,449.000000,885.000000,705.000000,784.000000,1246.000000,685.000000,190.000000,1323.000000,282.000000,5233.000000,1208.000000,745.000000,1294.000000,403.000000,676.000000,990.000000,1023.000000,798.000000,1253.000000,875.000000,1243.000000,1448.000000,0.000000,1013.000000,2055.000000,420.000000,370.000000,322.000000,675.000000,123.000000,410.000000,186.000000,395.000000,304.000000,412.000000,416.000000,205.000000,2694.000000,337.000000,343.000000,525.000000,2.000000,2.000000,0.000000,383.000000,75.000000,198.000000,370.000000,96.000000,680.000000,395.000000,404.000000,7.000000,738.000000,333.000000,338.000000,62.000000,1263.000000,2314.000000,957.000000,918.000000,1021.000000,1160.000000,2985.000000,405.000000,500.000000,1061.000000,1353.000000,831.000000,852.000000,701.000000,610.000000,1611.000000,347.000000,18.000000,264.000000,458.000000,202.000000,441.000000,475.000000,214.000000,398.000000,467.000000,121.000000,4.000000,613.000000,214.000000,602.000000,462.000000,707.000000,675.000000,479.000000,791.000000,987.000000,561.000000,540.000000,978.000000,489.000000,210.000000,584.000000,681.000000,410.000000,434.000000,268.000000,648.000000,796.000000,0.000000,164.000000,167.000000,442.000000,364.000000,247.000000,7.000000,639.000000,331.000000,57.000000,643.000000,457.000000,350.000000,538.000000,864.000000,10.000000,2042.000000,465.000000,332.000000,1790.000000,41.000000,98.000000,57.000000,754.000000,296.000000,472.000000,64.000000,468.000000,371.000000,193.000000,235.000000,52.000000,64.000000,119.000000,438.000000,557.000000,1074.000000,1.000000,1.000000,304.000000,127.000000,284.000000,18.000000,467.000000,89.000000,34.000000,430.000000,1729.000000,552.000000,325.000000,3801.000000,1665.000000,1153.000000,891.000000,1738.000000,1029.000000,1178.000000,829.000000,1256.000000,1879.000000,979.000000,1184.000000,3094.000000,0.000000,0.000000,0.000000,0.000000,0.000000,0.000000,0.000000,0.000000,0.000000,0.000000,0.000000,0.000000,0.000000,0.000000,0.000000,0.000000,90.000000,177.000000,633.000000,752.000000,714.000000,1474.000000,464.000000,289.000000,183.000000,299.000000,358.000000,1433.000000,2499.000000,345.000000,83.000000,251.000000,68.000000,27.000000,0.000000,675.000000,107.000000,269.000000,322.000000,117.000000,215.000000,177.000000,454.000000,48.000000,323.000000,6.000000,734.000000,10.000000,697.000000,949.000000,68.000000,401.000000,406.000000,371.000000,1580.000000,819.000000,923.000000,26.000000,871.000000,1208.000000,1167.000000,804.000000,582.000000,836.000000,512.000000,256.000000,224.000000,387.000000,443.000000,515.000000,293.000000,353.000000,25.000000,94.000000,173.000000,299.000000,422.000000,181.000000,147.000000,900.000000
    Mean Firing Rate (Hz),15.516667,6.606667,24.233333,23.653333,18.701667,1.650000,0.248333,4.865000,4.136667,28.206667,31.226667,0.453333,3.055000,23.558333,0.530000,6.126667,21.345000,10.296667,15.006667,10.621667,10.258333,3.508333,50.781667,1.133333,21.235000,32.628333,6.801667,34.475000,10.020000,0.191667,38.035000,23.980000,0.156667,9.696667,35.773333,5.853333,1.460000,13.223333,10.518333,1.895000,3.170000,11.256667,0.585000,0.000000,4.236667,22.390000,32.771667,0.031667,1.925000,27.410000,34.636667,13.460000,27.630000,0.000000,28.181667,2.943333,0.671667,18.468333,26.661667,10.343333,1.795000,9.108333,12.151667,30.575000,0.000000,1.868333,11.155000,0.991667,0.000000,3.428333,13.531667,0.978333,0.071667,5.703333,1.441667,13.815000,1.706667,26.886667,21.878333,1.990000,0.000000,0.000000,0.001667,0.000000,0.000000,0.013333,0.000000,0.235000,0.006667,0.001667,0.000000,0.000000,0.000000,0.000000,0.000000,0.010000,15.545000,0.695000,13.608333,19.410000,24.716667,18.333333,9.766667,0.546667,0.980000,21.820000,0.380000,28.805000,0.701667,14.630000,36.660000,12.790000,0.000000,0.018333,0.000000,0.658333,0.528333,0.001667,0.000000,1.093333,0.000000,0.000000,0.000000,0.010000,1.223333,0.000000,0.000000,9.596667,2.296667,2.028333,1.188333,1.200000,2.510000,2.453333,2.113333,3.065000,3.395000,2.561667,2.213333,2.650000,4.105000,3.810000,5.145000,1.651667,0.626667,1.755000,3.983333,3.215000,1.258333,2.560000,2.915000,1.256667,0.610000,2.435000,1.480000,1.910000,1.693333,4.463333,2.693333,2.028333,4.611667,3.451667,2.568333,3.630000,3.620000,2.848333,1.625000,5.743333,2.280000,2.411667,2.926667,2.945000,2.873333,2.355000,2.560000,0.835000,2.433333,4.408333,0.105000,3.246667,0.758333,2.638333,1.306667,0.741667,2.625000,3.525000,0.940000,0.930000,1.848333,2.461667,3.346667,4.498333,10.001667,10.430000,7.173333,0.751667,0.018333,0.266667,5.368333,0.171667,0.048333,2.641667,0.563333,0.456667,10.518333,0.415000,0.185000,1.360000,0.890000,2.063333,1.141667,0.973333,2.050000,1.173333,1.493333,2.950000,0.585000,1.905000,0.568333,0.786667,3.295000,0.091667,0.180000,1.670000,3.391667,2.511667,2.786667,3.341667,2.858333,3.616667,4.753333,2.000000,2.990000,3.233333,3.001667,2.845000,1.603333,5.478333,1.121667,2.415000,0.090000,0.028333,0.681667,1.808333,3.601667,1.030000,0.055000,0.280000,0.253333,1.068333,0.033333,0.023333,2.036667,1.270000,0.636667,0.280000,2.778333,2.028333,0.923333,1.351667,1.428333,2.533333,0.231667,0.326667,6.506667,1.131667,0.538333,0.046667,6.838333,1.043333,1.510000,0.418333,0.608333,0.548333,4.506667,1.151667,0.843333,0.633333,0.441667,0.765000,0.875000,0.336667,1.273333,1.441667,3.423333,0.600000,0.538333,0.275000,0.620000,1.343333,0.751667,0.921667,0.650000,0.866667,0.873333,0.736667,0.376667,0.726667,0.693333,0.885000,0.968333,1.556667,0.701667,0.881667,0.620000,0.855000,0.361667,1.286667,0.191667,0.776667,0.000000,0.971667,1.225000,0.635000,0.125000,1.301667,1.493333,2.766667,0.823333,0.685000,0.770000,0.850000,0.621667,0.441667,0.473333,0.526667,0.351667,1.030000,0.565000,1.840000,0.848333,0.533333,0.565000,0.666667,0.868333,1.366667,1.146667,0.890000,0.293333,0.428333,0.576667,0.560000,0.613333,0.953333,0.703333,0.601667,1.425000,1.001667,0.736667,0.210000,0.070000,0.621667,0.633333,1.098333,0.231667,0.503333,0.571667,1.026667,0.160000,0.801667,0.756667,0.343333,0.415000,0.660000,1.056667,0.326667,1.578333,0.356667,0.130000,0.820000,0.996667,0.138333,0.310000,0.408333,0.601667,1.030000,0.098333,0.350000,0.046667,0.628333,1.000000,0.080000,0.740000,0.293333,1.685000,0.588333,0.925000,1.431667,2.053333,4.861667,4.068333,2.545000,2.788333,0.813333,1.011667,1.540000,0.775000,0.396667,0.156667,1.005000,7.226667,0.420000,0.515000,0.025000,0.303333,0.681667,0.178333,0.366667,0.863333,0.483333,0.185000,0.000000,2.175000,0.380000,0.003333,0.890000,0.000000,0.025000,0.001667,0.000000,0.000000,0.001667,0.203333,0.000000,0.000000,0.000000,0.000000,0.210000,0.000000,0.000000,0.026667,0.256667,0.000000,0.000000,0.000000,0.000000,0.128333,0.006667,0.000000,0.000000,0.000000,0.000000,0.000000,0.000000,0.000000,12.100000,0.000000,0.165000,0.568333,0.676667,2.688333,0.551667,1.258333,0.366667,1.021667,0.888333,1.305000,0.406667,1.153333,0.786667,1.035000,1.005000,0.600000,0.961667,0.256667,0.178333,0.201667,0.871667,0.263333,0.226667,0.410000,1.021667,0.375000,0.000000,0.340000,0.358333,0.266667,0.171667,0.380000,0.408333,1.475000,3.786667,1.096667,0.963333,0.968333,1.130000,0.906667,1.246667,1.681667,1.581667,0.848333,1.335000,0.756667,1.668333,1.433333,1.726667,0.496667,0.641667,0.575000,0.315000,0.595000,0.400000,0.080000,0.350000,0.305000,0.206667,0.161667,1.198333,1.561667,0.118333,1.106667,1.398333,1.988333,1.613333,2.523333,1.568333,2.660000,0.995000,0.333333,0.748333,1.475000,1.175000,1.306667,2.076667,1.141667,0.316667,2.205000,0.470000,8.721667,2.013333,1.241667,2.156667,0.671667,1.126667,1.650000,1.705000,1.330000,2.088333,1.458333,2.071667,2.413333,0.000000,1.688333,3.425000,0.700000,0.616667,0.536667,1.125000,0.205000,0.683333,0.310000,0.658333,0.506667,0.686667,0.693333,0.341667,4.490000,0.561667,0.571667,0.875000,0.003333,0.003333,0.000000,0.638333,0.125000,0.330000,0.616667,0.160000,1.133333,0.658333,0.673333,0.011667,1.230000,0.555000,0.563333,0.103333,2.105000,3.856667,1.595000,1.530000,1.701667,1.933333,4.975000,0.675000,0.833333,1.768333,2.255000,1.385000,1.420000,1.168333,1.016667,2.685000,0.578333,0.030000,0.440000,0.763333,0.336667,0.735000,0.791667,0.356667,0.663333,0.778333,0.201667,0.006667,1.021667,0.356667,1.003333,0.770000,1.178333,1.125000,0.798333,1.318333,1.645000,0.935000,0.900000,1.630000,0.815000,0.350000,0.973333,1.135000,0.683333,0.723333,0.446667,1.080000,1.326667,0.000000,0.273333,0.278333,0.736667,0.606667,0.411667,0.011667,1.065000,0.551667,0.095000,1.071667,0.761667,0.583333,0.896667,1.440000,0.016667,3.403333,0.775000,0.553333,2.983333,0.068333,0.163333,0.095000,1.256667,0.493333,0.786667,0.106667,0.780000,0.618333,0.321667,0.391667,0.086667,0.106667,0.198333,0.730000,0.928333,1.790000,0.001667,0.001667,0.506667,0.211667,0.473333,0.030000,0.778333,0.148333,0.056667,0.716667,2.881667,0.920000,0.541667,6.335000,2.775000,1.921667,1.485000,2.896667,1.715000,1.963333,1.381667,2.093333,3.131667,1.631667,1.973333,5.156667,0.000000,0.000000,0.000000,0.000000,0.000000,0.000000,0.000000,0.000000,0.000000,0.000000,0.000000,0.000000,0.000000,0.000000,0.000000,0.000000,0.150000,0.295000,1.055000,1.253333,1.190000,2.456667,0.773333,0.481667,0.305000,0.498333,0.596667,2.388333,4.165000,0.575000,0.138333,0.418333,0.113333,0.045000,0.000000,1.125000,0.178333,0.448333,0.536667,0.195000,0.358333,0.295000,0.756667,0.080000,0.538333,0.010000,1.223333,0.016667,1.161667,1.581667,0.113333,0.668333,0.676667,0.618333,2.633333,1.365000,1.538333,0.043333,1.451667,2.013333,1.945000,1.340000,0.970000,1.393333,0.853333,0.426667,0.373333,0.645000,0.738333,0.858333,0.488333,0.588333,0.041667,0.156667,0.288333,0.498333,0.703333,0.301667,0.245000,1.500000
    ISI Coefficient of Variation,3.899960,3.422081,5.966333,4.764331,4.770805,1.704509,1.161384,3.007929,2.838218,5.712610,3.359081,0.639847,2.158136,4.990083,1.577912,2.986943,3.733777,2.096433,4.015340,3.153235,2.921649,1.661055,6.463967,1.509567,4.115724,3.887803,3.087001,5.304638,2.481382,1.263893,3.668024,3.519816,1.211037,3.346316,3.287751,1.842717,1.431552,3.731856,3.606674,1.886471,2.098015,3.797752,1.139658, ,2.545488,4.200629,4.506733, ,1.703114,3.484155,2.465123,3.818731,2.554952, ,5.374671,2.213581,1.214054,4.637145,5.916947,2.753589,1.672713,3.513457,3.814562,4.980878, ,1.419806,3.142596,1.013301, ,1.631182,2.294897,0.881537, ,2.410350,1.224808,3.536062,1.312264,3.755993,1.386716,1.420867, , , , , , , ,3.725627, , , , , , , , ,4.113001,1.016842,2.665464,4.109247,2.790889,4.312532,3.688489,0.953867,1.527875,4.367424,1.089289,5.236980,1.710985,4.027132,3.566496,4.426475, , , ,1.941950,2.031185, , ,2.065926, , , , ,2.318670, , ,2.001876,4.728023,6.188932,6.868092,6.854563,6.075666,3.007124,7.042300,3.639799,4.276096,5.026998,4.590993,2.749287,3.738968,3.118068,2.877947,3.853752,4.718893,5.868295,3.831426,2.593552,5.178876,6.558001,5.813405,6.371813,4.654803,5.802311,6.309656,5.105049,4.833582,4.969880,7.027921,5.665553,2.287494,3.116083,3.374960,10.738927,6.617976,8.654216,8.725698,6.281503,10.501452,9.091731,11.791821,3.854265,2.785375,9.575467,10.525097,5.895618,2.289047,4.462449,1.872643,4.329716,5.375650,3.674753,3.745040,4.833205,7.794292,3.807134,5.848914,6.128166,3.987023,3.609432,6.977504,1.371660,7.461955,2.650433,4.521699,3.733814, ,2.115451,2.668577,1.698965, ,4.393177,2.728516,2.991916,4.278760,2.729322,1.974722,2.667809,2.328770,3.488893,2.609631,2.419477,3.136642,2.732071,3.095828,4.132401,1.797753,3.201454,1.770577,2.080636,2.767680, ,0.925407,3.125041,9.921510,9.204383,7.323256,8.640287,8.318146,9.370770,5.303034,7.067504,9.364562,10.027574,9.616056,7.945978,7.916649,7.246295,5.957653,8.948200, , ,2.304622,3.846006,4.802801,3.411829, ,1.569845,1.481270,1.861769, , ,2.946576,3.189503,2.627228,1.619240,5.836366,5.512114,3.588164,5.084001,5.131919,5.845168,2.218408,2.705723,1.240559,5.124927,3.490521, ,2.847193,4.089798,4.042299,3.103470,4.620486,4.805424,0.585836,5.998236,4.544730,4.664291,4.880221,5.992970,3.911815,3.145865,3.527920,1.177394,3.973012,5.451525,4.455065,4.222705,11.030540,2.735589,14.009228,14.167533,13.436807,8.401259,15.579813,10.183465,10.211393,8.756534,13.878278,15.645483,11.071965,3.122709,12.239300,11.973785,4.682893,5.501535,4.019059,7.267703,2.806170,5.160731, ,2.799533,4.699515,3.744290,2.211117,7.455385,4.964185,4.097735,5.012633,5.273690,8.298002,8.750504,7.538312,6.232460,6.559822,6.928670,5.614521,8.159912,5.745137,2.314231,6.551882,4.702553,6.961803,5.302697,3.466447,5.979724,3.485070,2.998521,2.362865,2.932680,3.306439,3.365119,3.525453,4.197866,3.100490,2.966775,4.864175,3.641861,3.571748,1.927021, ,3.597242,4.148416,3.789639,3.672295,3.356502,5.887885,4.708707,3.001409,4.708218,4.550943,4.031017,4.994666,6.255683,8.023733,4.314687,1.777665,4.614377,1.611788,3.484230,3.405947,1.707909,2.371585,2.419283,3.913713,4.856397, ,2.943371, ,4.046822,5.140321, ,4.145766,2.670260,5.118676,3.322087,4.576168,2.667633,2.717886,5.102414,4.015680,3.219445,4.586059,4.013600,2.859956,5.538572,2.832273,2.936131,2.220501,4.843333,4.480456,2.003999,4.327861, ,3.272573,4.989210,2.418216,2.831534,4.377602,4.173641,3.541254, ,1.704489,3.883306, ,5.020654, , , , , , ,1.368243, , , , ,2.972686, , , ,3.185199, , , , ,2.229863, , , , , , , , ,9.633719, ,2.893166,6.032745,6.629499,0.522286,5.927330,1.384157,3.394432,5.284435,6.141077,5.504102,4.688228,5.664059,7.063321,4.390022,3.382183,5.740471,5.655307,4.674221,3.991417,3.966096,6.010652,4.898189,4.529265,5.218675,1.329247,2.917973, ,5.407922,5.721388,4.453830,3.910554,5.701939,6.084194,5.882876,1.960562,4.642836,6.816618,5.863665,6.247037,6.505946,6.800582,2.773645,3.435835,5.928763,6.687748,4.183106,6.739610,6.208240,5.379369,2.782088,3.473243,2.865167,2.326296,2.338562,2.664086, ,2.414905,2.007102,1.790724,1.557485,3.550254,2.798332,1.185006,4.243262,3.888058,3.352765,5.970713,5.800679,4.116743,6.858081,4.305652,3.262613,4.761656,5.175273,4.889048,5.039755,5.435290,4.558246,3.090562,6.070952,3.427956,1.419360,8.894017,8.359337,10.179105,5.850697,7.969195,8.733654,9.469185,8.161903,10.108372,7.232610,10.065606,5.013024, ,9.473786,3.678328,3.630420,6.334647,5.054043,3.539364,4.053496,5.412610,5.034712,4.036093,6.480950,6.273732,3.339905,3.106672,1.364468,4.838896,3.973592,6.039575, , , ,5.239469,2.312910,3.800077,4.819964,2.669549,4.982828,5.689637,4.566392, ,3.150565,3.962862,1.342430,2.059748,4.937327,1.961408,7.753689,10.804444,1.064977,8.957323,1.375922,7.367978,8.792139,8.874100,6.730497,10.269284,6.141077,4.980987,9.723116,3.279636,3.435235, ,2.956007,3.831725,2.542377,3.622274,3.365038,2.624001,3.696415,3.807200,1.858324, ,2.807919,2.413960,3.343018,3.996667,6.345258,6.708497,5.605504,6.915587,6.967266,6.097035,5.693849,6.703007,5.339977,3.655441,6.230459,6.305478,3.868470,4.275651,4.158393,6.479003,5.318486, ,2.311133,2.359569,3.849693,3.616022,2.947876, ,4.864941,3.433505, ,2.600590,3.878011,3.433380,4.302230,4.618187, ,2.920323,4.736850,3.628558,1.952116, ,2.699036, ,5.300343,1.859090,3.251572,1.954711,5.102715,5.394754,3.643757,3.382827, ,2.132178,3.047118,4.598120,4.245839,2.379763, , ,4.740699,1.956586,4.688018, ,2.784899,2.596049, ,5.971176,2.073087,6.326810,4.852648,0.881146,8.158742,6.964509,7.015184,4.125254,7.647386,7.267533,6.426666,6.833672,1.624550,6.778366,6.817852,2.214678, , , , , , , , , , , , , , , , ,2.100358,3.082400,3.749129,5.302975,6.965064,2.218092,1.570871,4.370903,2.759406,4.469278,3.913262,3.708442,2.905508,4.724062,2.188746,4.076107,1.285165, , ,4.959947,1.779939,3.075270,3.387725,1.889063,2.168937,2.421458,4.063311, ,3.170393, ,4.935668, ,4.486482,5.262294,1.518361,3.604175,4.191454,3.826541,6.059646,5.914246,5.653900, ,5.172612,6.597048,2.776967,5.132891,5.002416,5.126540,2.298391,3.201876,3.172276,4.345045,3.701158,4.925997,3.758073,3.629961, ,1.971348,2.822817,3.308004,3.289616,2.893182,2.571503,4.383362
Electrode Burst Metrics
    Number of Bursts,164.000000,198.000000,254.000000,253.000000,253.000000,25.000000,1.000000,170.000000,94.000000,254.000000,250.000000,0.000000,36.000000,254.000000,1.000000,150.000000,231.000000,116.000000,263.000000,211.000000,198.000000,9.000000,318.000000,8.000000,309.000000,302.000000,212.000000,314.000000,100.000000,0.000000,261.000000,241.000000,0.000000,157.000000,235.000000,97.000000,8.000000,261.000000,202.000000,31.000000,62.000000,259.000000,1.000000,0.000000,106.000000,312.000000,252.000000,0.000000,24.000000,235.000000,221.000000,259.000000,218.000000,0.000000,286.000000,92.000000,3.000000,222.000000,287.000000,201.000000,24.000000,201.000000,278.000000,285.000000,0.000000,0.000000,209.000000,0.000000,0.000000,7.000000,27.000000,0.000000,0.000000,15.000000,0.000000,277.000000,1.000000,125.000000,25.000000,0.000000,0.000000,0.000000,0.000000,0.000000,0.000000,0.000000,0.000000,10.000000,0.000000,0.000000,0.000000,0.000000,0.000000,0.000000,0.000000,0.000000,207.000000,1.000000,96.000000,209.000000,152.000000,192.000000,153.000000,3.000000,26.000000,185.000000,2.000000,229.000000,23.000000,150.000000,189.000000,214.000000,0.000000,0.000000,0.000000,1.000000,0.000000,0.000000,0.000000,1.000000,0.000000,0.000000,0.000000,0.000000,0.000000,0.000000,0.000000,200.000000,36.000000,24.000000,23.000000,23.000000,24.000000,24.000000,23.000000,23.000000,27.000000,24.000000,24.000000,26.000000,24.000000,23.000000,23.000000,23.000000,23.000000,24.000000,25.000000,28.000000,24.000000,25.000000,25.000000,24.000000,23.000000,33.000000,24.000000,31.000000,28.000000,25.000000,25.000000,24.000000,22.000000,23.000000,18.000000,18.000000,17.000000,20.000000,22.000000,14.000000,22.000000,21.000000,22.000000,22.000000,22.000000,19.000000,22.000000,16.000000,22.000000,31.000000,5.000000,22.000000,19.000000,22.000000,22.000000,19.000000,22.000000,22.000000,23.000000,20.000000,22.000000,22.000000,22.000000,24.000000,79.000000,109.000000,159.000000,36.000000,0.000000,10.000000,46.000000,4.000000,0.000000,44.000000,30.000000,18.000000,80.000000,22.000000,9.000000,39.000000,65.000000,90.000000,59.000000,80.000000,90.000000,87.000000,90.000000,90.000000,12.000000,90.000000,29.000000,47.000000,91.000000,0.000000,0.000000,88.000000,21.000000,21.000000,19.000000,20.000000,20.000000,21.000000,19.000000,20.000000,23.000000,24.000000,25.000000,21.000000,19.000000,28.000000,19.000000,22.000000,1.000000,0.000000,43.000000,62.000000,62.000000,59.000000,0.000000,0.000000,11.000000,45.000000,0.000000,0.000000,62.000000,62.000000,45.000000,7.000000,49.000000,35.000000,34.000000,34.000000,34.000000,34.000000,17.000000,21.000000,34.000000,34.000000,33.000000,1.000000,34.000000,36.000000,35.000000,31.000000,10.000000,11.000000,10.000000,14.000000,14.000000,12.000000,10.000000,21.000000,11.000000,10.000000,12.000000,16.000000,16.000000,10.000000,15.000000,10.000000,10.000000,10.000000,11.000000,10.000000,10.000000,10.000000,10.000000,10.000000,10.000000,10.000000,10.000000,9.000000,11.000000,10.000000,10.000000,10.000000,16.000000,18.000000,12.000000,16.000000,11.000000,14.000000,0.000000,16.000000,29.000000,16.000000,4.000000,16.000000,20.000000,18.000000,16.000000,16.000000,15.000000,15.000000,15.000000,15.000000,15.000000,15.000000,15.000000,15.000000,15.000000,16.000000,15.000000,15.000000,15.000000,15.000000,15.000000,17.000000,34.000000,34.000000,31.000000,34.000000,34.000000,34.000000,34.000000,34.000000,34.000000,34.000000,43.000000,34.000000,34.000000,19.000000,0.000000,34.000000,15.000000,20.000000,15.000000,17.000000,15.000000,15.000000,14.000000,17.000000,17.000000,15.000000,15.000000,15.000000,15.000000,15.000000,16.000000,15.000000,4.000000,31.000000,31.000000,7.000000,29.000000,27.000000,31.000000,31.000000,2.000000,31.000000,0.000000,31.000000,31.000000,1.000000,31.000000,29.000000,28.000000,24.000000,24.000000,25.000000,25.000000,59.000000,78.000000,46.000000,51.000000,24.000000,24.000000,26.000000,24.000000,23.000000,12.000000,24.000000,37.000000,14.000000,19.000000,1.000000,17.000000,17.000000,11.000000,15.000000,20.000000,17.000000,7.000000,0.000000,20.000000,11.000000,0.000000,20.000000,0.000000,2.000000,0.000000,0.000000,0.000000,0.000000,0.000000,0.000000,0.000000,0.000000,0.000000,13.000000,0.000000,0.000000,0.000000,14.000000,0.000000,0.000000,0.000000,0.000000,5.000000,0.000000,0.000000,0.000000,0.000000,0.000000,0.000000,0.000000,0.000000,62.000000,0.000000,8.000000,16.000000,16.000000,16.000000,16.000000,16.000000,13.000000,27.000000,19.000000,26.000000,16.000000,16.000000,16.000000,19.000000,17.000000,16.000000,19.000000,9.000000,9.000000,9.000000,12.000000,9.000000,9.000000,9.000000,14.000000,9.000000,0.000000,9.000000,9.000000,9.000000,9.000000,9.000000,9.000000,19.000000,16.000000,16.000000,16.000000,17.000000,16.000000,16.000000,16.000000,16.000000,18.000000,16.000000,16.000000,17.000000,17.000000,23.000000,20.000000,35.000000,37.000000,34.000000,23.000000,37.000000,34.000000,0.000000,28.000000,20.000000,9.000000,2.000000,38.000000,39.000000,0.000000,37.000000,44.000000,25.000000,22.000000,41.000000,23.000000,35.000000,21.000000,21.000000,21.000000,22.000000,21.000000,22.000000,25.000000,21.000000,21.000000,33.000000,21.000000,23.000000,21.000000,21.000000,21.000000,14.000000,20.000000,14.000000,21.000000,21.000000,21.000000,14.000000,21.000000,23.000000,0.000000,21.000000,21.000000,18.000000,13.000000,13.000000,13.000000,13.000000,13.000000,13.000000,14.000000,13.000000,13.000000,13.000000,16.000000,16.000000,13.000000,13.000000,13.000000,0.000000,0.000000,0.000000,18.000000,12.000000,10.000000,17.000000,14.000000,16.000000,15.000000,15.000000,0.000000,15.000000,16.000000,11.000000,8.000000,25.000000,27.000000,25.000000,26.000000,25.000000,25.000000,29.000000,25.000000,25.000000,25.000000,28.000000,25.000000,25.000000,25.000000,25.000000,27.000000,36.000000,0.000000,36.000000,36.000000,36.000000,36.000000,36.000000,36.000000,36.000000,36.000000,8.000000,0.000000,36.000000,19.000000,39.000000,36.000000,21.000000,21.000000,21.000000,21.000000,21.000000,21.000000,21.000000,21.000000,21.000000,21.000000,21.000000,21.000000,21.000000,21.000000,21.000000,21.000000,46.000000,0.000000,18.000000,21.000000,46.000000,46.000000,36.000000,0.000000,46.000000,46.000000,0.000000,46.000000,46.000000,46.000000,46.000000,46.000000,0.000000,24.000000,21.000000,20.000000,21.000000,2.000000,10.000000,4.000000,20.000000,18.000000,21.000000,7.000000,22.000000,20.000000,19.000000,17.000000,5.000000,8.000000,13.000000,16.000000,16.000000,16.000000,0.000000,0.000000,16.000000,10.000000,16.000000,1.000000,16.000000,15.000000,3.000000,17.000000,27.000000,23.000000,22.000000,30.000000,33.000000,29.000000,23.000000,23.000000,23.000000,23.000000,23.000000,23.000000,23.000000,23.000000,23.000000,27.000000,0.000000,0.000000,0.000000,0.000000,0.000000,0.000000,0.000000,0.000000,0.000000,0.000000,0.000000,0.000000,0.000000,0.000000,0.000000,0.000000,8.000000,17.000000,20.000000,20.000000,20.000000,20.000000,17.000000,20.000000,14.000000,20.000000,20.000000,23.000000,20.000000,16.000000,11.000000,20.000000,2.000000,0.000000,0.000000,31.000000,7.000000,31.000000,31.000000,16.000000,31.000000,25.000000,31.000000,1.000000,31.000000,0.000000,31.000000,0.000000,30.000000,30.000000,6.000000,23.000000,28.000000,30.000000,33.000000,30.000000,30.000000,0.000000,30.000000,30.000000,33.000000,30.000000,30.000000,30.000000,25.000000,25.000000,24.000000,25.000000,25.000000,25.000000,25.000000,25.000000,0.000000,14.000000,24.000000,25.000000,25.000000,25.000000,22.000000,36.000000
    Burst Duration - Avg (sec),0.323455,0.097512,0.230664,0.236525,0.187527,0.067629,0.019920,0.067640,0.112986,0.265248,0.279277, ,0.119142,0.250359,0.031520,0.116554,0.222062,0.180837,0.151521,0.120690,0.095416,0.246924,0.376083,0.055290,0.183638,0.315468,0.077721,0.286333,0.194269, ,0.297325,0.205230, ,0.163089,0.327037,0.062953,0.060910,0.135786,0.148050,0.067388,0.049773,0.119133,0.033280, ,0.081072,0.169022,0.346069, ,0.050867,0.233805,0.242996,0.143770,0.235372, ,0.290745,0.040815,0.026560,0.247546,0.221582,0.108332,0.046987,0.133571,0.127837,0.277565, , ,0.142456, , ,10.314080,0.665396, , ,0.291168, ,0.144016,0.065840,0.443938,0.696550, , , , , , , , ,0.188976, , , , , , , , ,0.235707,0.024400,0.296781,0.273185,0.391828,0.243981,0.293990,0.014987,0.031043,0.330846,0.017280,0.298294,0.017823,0.345653,0.311376,0.197855, , , ,0.014960, , , ,0.098080, , , , , , , ,0.073512,0.210824,0.262373,0.234591,0.224254,0.227450,0.214883,0.267816,0.272570,0.236077,0.221077,0.283997,0.187111,0.196707,0.251941,0.266282,0.250643,0.232038,0.249710,0.245299,0.281289,0.285033,0.288707,0.287859,0.226873,0.226052,0.271653,0.237043,0.379639,0.251986,0.310173,0.239014,0.256923,0.516004,0.389809,0.649720,0.697804,0.782889,0.526696,0.263575,1.041486,0.439542,0.455630,0.501585,0.448360,0.532415,0.642038,0.465542,0.615975,0.474705,0.680844,0.025056,0.471069,0.521794,0.376007,0.362182,0.555339,0.552276,0.431618,0.614240,0.746440,0.402396,0.466604,0.484171,0.252807,1.228956,0.709093,0.319828,0.153858, ,0.179960,0.225442,0.242000, ,1.192780,0.082763,0.221791,1.462202,0.104378,0.072782,0.281024,0.042453,0.099284,0.094472,0.039158,0.118428,0.033400,0.062150,0.098951,0.036767,0.045372,0.018033,0.030019,0.081873, , ,0.089155,0.456830,0.432910,0.475347,0.511456,0.481072,0.480522,0.549276,0.497728,0.376470,0.377447,0.417683,0.531775,0.529684,0.680574,0.571596,0.422367,0.016800, ,0.043198,0.145209,0.152354,0.121363, , ,0.019251,0.063908, , ,0.116343,0.111058,0.036494,0.019749,0.134965,0.121339,0.101576,0.112967,0.100605,0.129619,0.046758,0.046773,0.121068,0.088854,0.122618,0.012560,0.144678,0.114216,0.114976,0.074225,0.078696,0.633833,0.109296,0.536246,0.207314,0.116500,0.080680,0.275775,0.128785,0.069032,0.982287,0.243810,1.032005,0.105672,0.270981,0.054432,0.225344,0.234232,0.265738,0.228880,0.282816,0.243624,0.235104,0.306136,0.226344,0.209632,0.237520,0.568196,0.393440,0.309176,0.268984,0.309504,0.207625,0.313382,0.308207,0.270200,0.255942,0.345777, ,0.237150,0.175688,0.185695,0.455100,0.517615,0.246892,0.392756,0.222605,0.215125,0.168907,0.316768,0.205131,0.076032,0.198912,0.126368,0.140992,0.224112,0.143797,0.402530,0.200800,0.121813,0.128395,0.130256,0.196939,0.187929,0.069358,0.048393,0.022712,0.039852,0.036080,0.032713,0.040911,0.083826,0.076007,0.041864,0.119654,0.089701,0.069508,0.015145, ,0.037828,0.208960,0.213756,0.052347,0.158508,0.095387,0.163456,0.032171,0.145440,0.283925,0.055851,0.063643,0.121429,0.340347,0.065253,0.155610,0.067984,0.015400,0.056934,0.082591,0.016526,0.021972,0.050664,0.049535,0.069084,0.013920,0.072661, ,0.052545,0.148908,0.017760,0.054026,0.028869,0.202543,0.137543,0.152953,0.120566,0.132890,0.934399,0.628602,0.125009,0.345084,0.128503,0.099777,0.186800,0.116947,0.136442,0.048713,0.152347,1.152988,0.325331,0.184059,0.280160,0.099694,0.370475,0.217724,0.420949,0.283192,0.337831,0.625371, ,0.256204,0.366000, ,0.352256, ,0.722360, , , , , , , , , ,0.304185, , , ,0.156451, , , , ,0.248096, , , , , , , , ,1.290924, ,0.354030,0.111745,0.097055,0.087245,0.086170,0.095795,0.445403,0.719390,0.106872,0.162286,0.075065,0.137365,0.281610,0.142194,0.182936,0.101350,0.114842,0.374818,0.143227,0.153129,0.813893,0.165929,0.158098,0.786338,0.032000,0.621653, ,0.581156,0.798444,0.173653,0.024560,0.741156,0.795591,0.129368,0.096320,0.146325,0.180075,0.138673,0.168075,0.122525,0.149735,0.172650,0.185844,0.108930,0.203555,0.181732,0.110871,0.196205,0.195736,0.065586,0.038571,0.139456,0.038108,0.032424,0.067779, ,0.029343,0.020520,0.028747,0.029000,0.170307,0.085696, ,0.252891,0.405965,0.159408,0.250247,0.528316,0.155183,0.236309,0.173421,0.107013,0.165756,0.193018,0.181467,0.189156,0.184915,0.191829,0.110076,0.156924,0.132476,0.424417,0.449074,0.314537,0.415638,0.817909,0.356036,0.902211,0.340042,0.275870,0.378830,0.923457,0.383931,0.375412, ,0.366876,0.332830,0.102809,0.203409,0.118203,0.178215,0.057692,0.110868,0.071089,0.157903,0.110578,0.113840,0.115071,0.101725,1.127880,0.106031,0.110031,0.135089, , , ,0.173156,0.101447,0.559248,0.129642,0.085566,0.197635,0.150517,0.166976, ,0.185189,0.174900,0.176044,0.160540,0.148701,0.219316,0.241341,0.156175,0.109062,0.187478,0.216806,0.084704,0.110141,0.183686,0.222369,0.201674,0.160998,0.133222,0.089626,0.226127,0.036447, ,0.030369,0.048678,0.016964,0.055947,0.072876,0.044060,0.042042,0.067591,0.052720, ,0.065389,0.122025,0.129095,0.058384,0.121067,0.111444,0.132423,0.115318,0.152373,0.103688,0.096198,0.352229,0.137455,0.050876,0.101901,0.113261,0.077840,0.077691,0.066617,0.101295,0.056760, ,0.027751,0.020354,0.034243,0.030920,0.045473, ,0.049240,0.036981, ,0.040927,0.037703,0.030765,0.049647,0.068523, ,0.160270,0.123528,0.218864,0.140438,0.026760,0.094128,0.042400,0.252928,0.127218,0.165345,0.064651,0.164098,0.100524,0.082215,0.102466,0.049328,0.147480,0.265120,0.281390,0.238325,0.334875, , ,0.204635,0.130864,0.269195,0.016720,0.194720,0.038533,0.021520,0.172635,0.233239,0.171923,0.241760,0.228325,0.299481,0.226607,0.213673,0.218501,0.226153,0.233537,0.220570,0.269913,0.204202,0.219242,0.241784,0.269499, , , , , , , , , , , , , , , , ,0.212640,0.175398,0.285712,0.432176,0.377908,0.315548,0.160311,0.281672,0.383971,0.229440,0.217388,0.329464,0.302280,0.409630,0.040553,0.204436,0.014080, , ,0.187350,0.014331,0.049535,0.111729,0.016480,0.026945,0.101235,0.176890,0.013360,0.084872, ,0.167086, ,0.128933,0.168027,0.028307,0.172240,0.115423,0.088016,0.169695,0.136093,0.145733, ,0.139123,0.157349,0.128298,0.159979,0.093877,0.142907,0.152237,0.108352,0.140027,0.199619,0.183229,0.167021,0.139459,0.160317, ,0.015640,0.051980,0.225469,0.155370,0.050016,0.057331,0.274424
    Burst Duration - Std (sec),0.103764,0.046023,0.056183,0.062244,0.044420,0.046689, ,0.045082,0.039586,0.068225,0.087335, ,0.105136,0.061373, ,0.045185,0.086179,0.160252,0.062798,0.058245,0.048009,0.122112,0.083157,0.032693,0.084389,0.086207,0.031885,0.082365,0.090548, ,0.118136,0.081843, ,0.069811,0.092836,0.034773,0.040228,0.061880,0.064992,0.031496,0.039210,0.040540, , ,0.035855,0.043934,0.284417, ,0.043815,0.062761,0.067141,0.049844,0.093188, ,0.055777,0.018476,0.003203,0.077488,0.041379,0.049911,0.032523,0.069670,0.049115,0.080925, , ,0.057130, , ,4.663812,0.129755, , ,0.067004, ,0.064434, ,0.206873,0.267487, , , , , , , , ,0.303213, , , , , , , , ,0.131539, ,0.148868,0.109831,0.191010,0.088905,0.342096,0.007520,0.032568,0.150444,0.000226,0.126007,0.007215,0.148264,0.104154,0.111591, , , , , , , , , , , , , , , ,0.027045,0.190061,0.215069,0.399260,0.363734,0.243716,0.238805,0.395180,0.416092,0.222010,0.209351,0.492396,0.232540,0.218648,0.386118,0.289168,0.384971,0.460903,0.396603,0.362783,0.393099,0.568881,0.303006,0.275924,0.399154,0.460187,0.440392,0.433586,0.558430,0.413765,0.546532,0.279085,0.405795,0.500691,0.304884,0.779787,0.567498,0.651678,0.549052,0.311960,0.615347,0.443801,0.492453,0.523480,0.457582,0.572738,0.484347,0.431197,0.820124,0.527324,0.612368,0.012864,0.440189,0.642163,0.319887,0.423619,0.627572,0.629619,0.335930,0.857484,0.968929,0.453510,0.304822,0.527170,0.304910,0.277502,0.389377,0.094631,0.138692, ,0.163463,0.194482,0.097685, ,0.549316,0.064354,0.177073,0.570718,0.087383,0.059071,0.255944,0.019180,0.231788,0.049618,0.023604,0.123411,0.015341,0.024847,0.032433,0.005789,0.015139,0.007091,0.016121,0.247020, , ,0.046618,0.493632,0.537354,0.566472,0.485055,0.521005,0.517600,0.429449,0.682645,0.448461,0.399144,0.490509,0.528420,0.714220,0.588340,0.746253,0.514789, , ,0.025727,0.048419,0.036155,0.044423, , ,0.004735,0.060813, , ,0.032395,0.058718,0.026498,0.009162,0.121405,0.152639,0.190209,0.169456,0.162088,0.111140,0.022978,0.018336,0.129275,0.142935,0.081403, ,0.207946,0.158155,0.172720,0.142637,0.007645,1.807247,0.028009,0.164928,0.169110,0.076956,0.006884,0.498300,0.128215,0.008867,1.099226,0.396315,0.711604,0.046872,0.623838,0.011034,0.295209,0.266494,0.438175,0.283569,0.528031,0.343463,0.319521,0.599574,0.350634,0.290901,0.356842,1.015709,0.585676,0.221190,0.489974,0.496343,0.313885,0.230402,0.325826,0.291745,0.378201,0.545760, ,0.266383,0.305546,0.320940,0.542649,0.342888,0.346586,0.325331,0.272325,0.264519,0.310999,0.431200,0.540641,0.031693,0.540315,0.127565,0.165625,0.402163,0.145605,0.760824,0.392569,0.131012,0.150131,0.132796,0.422659,0.242748,0.021803,0.025240,0.010846,0.015459,0.007342,0.005523,0.013560,0.021240,0.029307,0.028693,0.053746,0.042400,0.040172,0.004795, ,0.007258,0.157311,0.132199,0.011404,0.291495,0.017129,0.057767,0.009977,0.054406,0.557140,0.014719,0.013535,0.025318,0.251302,0.022434,0.075216,0.014872,0.009302,0.023682,0.053344,0.004776,0.016568,0.033163,0.014276,0.016869,0.001245,0.029901, ,0.012310,0.034978, ,0.015491,0.006322,0.253407,0.326935,0.329568,0.155718,0.174138,0.512989,0.315005,0.145205,0.301013,0.293792,0.039324,0.062257,0.278614,0.410294,0.014609,0.281196,0.770473,0.399257,0.157327, ,0.056206,0.333311,0.089628,0.281916,0.351440,0.354070,0.261583, ,0.319721,0.260160, ,0.280608, ,0.382347, , , , , , , , , ,0.419029, , , ,0.089985, , , , ,0.209465, , , , , , , , ,0.435196, ,0.255362,0.016919,0.020311,0.027553,0.009816,0.031836,0.569246,1.208269,0.048653,0.174594,0.015716,0.075621,0.333498,0.085556,0.298420,0.024307,0.045196,0.649523,0.360068,0.362428,0.754981,0.371255,0.366839,0.811828,0.007299,0.869367, ,0.814957,0.853371,0.372507,0.004740,0.827738,0.809551,0.022303,0.010864,0.019943,0.020711,0.032459,0.023068,0.017284,0.025313,0.046556,0.168040,0.012332,0.033314,0.384773,0.017368,0.083201,0.074917,0.216147,0.010345,0.320513,0.009680,0.011755,0.175862, ,0.012620,0.010491,0.025115,0.000283,0.219608,0.049053, ,0.485901,1.579843,0.185738,0.284864,0.553356,0.176039,0.133862,0.322220,0.296737,0.483620,0.325335,0.369150,0.366565,0.130447,0.405042,0.309179,0.111608,0.312775,0.610331,0.630908,0.419970,0.531407,0.817397,0.544788,0.893883,0.423800,0.345926,0.491673,0.933754,0.495144,0.530385, ,0.476003,0.397490,0.039625,0.090207,0.026282,0.060469,0.026465,0.026033,0.026752,0.068374,0.036467,0.028196,0.032360,0.061059,1.599495,0.037267,0.046436,0.040243, , , ,0.214009,0.183154,1.163670,0.261035,0.148326,0.327834,0.219737,0.355474, ,0.246843,0.233033,0.094492,0.350717,0.031787,0.062710,0.138020,0.048410,0.041999,0.054987,0.068756,0.030802,0.042047,0.049969,0.077850,0.068304,0.045801,0.038499,0.008420,0.070753,0.009103, ,0.010791,0.020247,0.005127,0.026930,0.067544,0.012078,0.021790,0.053562,0.046006, ,0.033942,0.068250,0.090674,0.024872,0.030937,0.015885,0.074222,0.013135,0.026632,0.020248,0.018333,0.028038,0.066151,0.011885,0.014806,0.020605,0.019007,0.016769,0.011779,0.013388,0.012753, ,0.011902,0.004698,0.010085,0.007507,0.009380, ,0.007291,0.012960, ,0.021620,0.010695,0.009988,0.025055,0.017289, ,0.137765,0.239168,0.447459,0.220151,0.015217,0.147610,0.016626,0.452987,0.124732,0.364698,0.062022,0.335760,0.225831,0.197928,0.247050,0.022421,0.292751,0.293617,0.246079,0.387126,0.430894, , ,0.442736,0.201379,0.411012, ,0.446150,0.014816,0.003851,0.186084,0.345474,0.279783,0.670787,0.238345,0.271190,0.334508,0.391899,0.299597,0.339974,0.337270,0.355180,0.545793,0.383802,0.366459,0.344930,0.364448, , , , , , , , , , , , , , , , ,0.148019,0.238538,0.281986,0.613303,0.563833,0.400096,0.192875,0.484863,0.579081,0.367316,0.336862,0.436564,0.396047,0.683539,0.022408,0.335621,0.001923, , ,0.048943,0.003093,0.050224,0.050779,0.004226,0.011193,0.083927,0.034458, ,0.078561, ,0.035239, ,0.238400,0.276203,0.007999,0.335958,0.291245,0.172368,0.129806,0.275507,0.240310, ,0.243153,0.191213,0.144452,0.294742,0.115475,0.287779,0.034861,0.069874,0.050911,0.125331,0.121057,0.025880,0.048948,0.051031, ,0.004142,0.027361,0.031811,0.054483,0.035974,0.058759,0.162670
    Number of Spikes per Burst - Avg,30.018293,14.797980,46.618110,41.379447,33.877470,7.600000,4.000000,10.911765,12.138298,49.425197,50.460000, ,10.361111,45.570866,5.000000,14.806667,33.077922,17.887931,22.460076,17.933649,15.000000,13.000000,75.081761,6.250000,30.359223,46.804636,12.165094,48.592357,19.150000, ,48.934866,29.477178, ,18.840764,51.561702,10.680412,7.500000,20.421456,18.900990,8.129032,8.145161,20.065637,5.000000, ,11.547170,32.980769,52.674603, ,7.250000,38.753191,42.533937,23.355212,38.555046, ,49.206294,7.967391,5.000000,35.747748,48.613240,17.462687,7.166667,17.621891,20.841727,50.014035, , ,17.038278, , ,95.142857,36.703704, , ,17.266667, ,20.433213,7.000000,44.352000,51.680000, , , , , , , , ,6.800000, , , , , , , , ,32.961353,5.000000,28.572917,36.961722,46.381579,33.796875,22.830065,4.333333,5.500000,42.605405,4.000000,51.065502,4.956522,32.920000,51.825397,25.799065, , , ,5.000000, , , ,7.000000, , , , , , , ,15.360000,30.888889,44.416667,30.434783,30.391304,51.958333,45.333333,52.391304,51.304348,49.148148,49.208333,42.000000,24.076923,36.750000,50.260870,59.000000,33.565217,16.173913,40.041667,42.960000,32.857143,29.208333,53.880000,57.240000,29.791667,15.826087,37.060606,35.583333,30.709677,31.642857,50.640000,51.640000,43.916667,81.227273,64.869565,68.111111,99.611111,103.235294,79.100000,41.227273,122.928571,60.772727,65.238095,76.318182,65.681818,56.500000,71.368421,64.681818,29.062500,23.000000,58.612903,4.400000,75.136364,23.210526,50.863636,31.409091,22.473684,65.954545,58.409091,24.000000,27.000000,42.545455,38.818182,76.136364,29.750000,72.898734,43.266055,23.616352,11.555556, ,6.200000,37.717391,6.250000, ,24.659091,8.533333,10.833333,56.387500,7.409091,5.222222,13.000000,6.353846,12.488889,8.271186,6.637500,11.644444,7.643678,9.522222,18.522222,5.333333,11.588889,4.965517,5.765957,11.505495, , ,10.340909,73.857143,66.952381,73.368421,79.350000,74.700000,72.095238,90.736842,54.100000,67.347826,67.666667,63.680000,70.333333,50.315789,66.464286,33.789474,61.681818,4.000000, ,6.255814,16.467742,32.580645,9.983051, , ,4.000000,7.200000, , ,16.306452,11.209677,6.222222,4.428571,27.591837,32.257143,14.588235,22.941176,23.970588,36.529412,5.352941,7.333333,33.176471,19.558824,9.060606,4.000000,25.617647,15.111111,21.428571,7.741935,24.200000,25.727273,28.700000,38.428571,27.571429,25.333333,24.400000,20.666667,26.454545,17.500000,39.250000,21.187500,36.937500,25.200000,18.066667,16.000000,36.000000,51.000000,38.545455,50.100000,38.500000,45.800000,48.800000,42.800000,22.500000,42.400000,40.600000,54.666667,50.181818,56.400000,38.900000,50.500000,21.375000,27.944444,16.500000,45.812500,9.181818,28.142857, ,25.312500,22.793103,21.312500,9.750000,48.000000,37.300000,52.722222,29.000000,25.062500,28.066667,33.333333,24.733333,16.800000,18.866667,20.933333,13.800000,39.800000,22.000000,40.812500,32.400000,20.466667,21.533333,23.266667,28.600000,35.529412,17.000000,12.823529,5.322581,7.529412,9.441176,9.735294,9.088235,16.294118,10.852941,9.088235,18.534884,15.205882,12.205882,4.421053, ,10.911765,19.733333,23.250000,9.200000,11.000000,22.333333,31.800000,6.571429,23.529412,23.294118,13.000000,16.533333,25.866667,41.066667,12.733333,34.750000,14.133333,4.250000,14.419355,16.483871,4.142857,5.344828,6.703704,11.322581,17.580645,4.000000,6.709677, ,11.935484,18.838710,4.000000,13.096774,5.758621,33.178571,12.791667,21.833333,16.440000,31.720000,40.271186,24.192308,20.586957,28.039216,18.500000,15.458333,32.038462,14.583333,9.869565,5.333333,22.666667,99.594595,10.428571,15.526316,5.000000,9.941176,22.764706,7.454545,12.066667,23.700000,16.117647,14.142857, ,36.300000,18.454545, ,25.100000, ,6.500000, , , , , , , , , ,8.000000, , , ,8.428571, , , , ,6.200000, , , , , , , , ,113.854839, ,7.875000,20.875000,25.000000,17.000000,20.250000,17.062500,10.615385,20.592593,23.526316,24.807692,14.937500,32.187500,29.000000,25.421053,25.294118,21.875000,26.263158,13.222222,8.555556,9.555556,35.083333,12.777778,11.222222,24.222222,9.357143,17.444444, ,19.111111,21.333333,12.444444,7.555556,23.000000,25.111111,30.578947,26.437500,35.125000,34.000000,31.117647,39.437500,32.187500,39.937500,38.062500,32.611111,30.812500,47.125000,23.235294,30.176471,33.391304,37.400000,7.342857,9.891892,7.941176,5.521739,7.675676,6.088235, ,5.071429,4.900000,4.666667,4.500000,16.657895,14.666667, ,15.297297,13.136364,30.160000,39.454545,32.731707,30.826087,37.428571,24.476190,9.428571,20.904762,33.454545,29.190476,31.590909,37.560000,28.238095,8.857143,33.636364,11.761905,52.347826,56.428571,34.238095,59.666667,28.071429,32.950000,60.571429,47.476190,36.523810,57.285714,51.142857,56.857143,53.304348, ,47.333333,64.619048,19.777778,26.846154,23.923077,39.153846,9.384615,30.153846,14.000000,24.928571,22.923077,30.692308,28.230769,11.000000,36.187500,24.076923,22.923077,36.538462, , , ,21.055556,5.750000,14.000000,21.000000,6.500000,38.500000,25.933333,24.866667, ,30.333333,19.937500,12.727273,5.500000,33.040000,40.962963,36.240000,34.076923,18.040000,43.760000,44.551724,15.360000,19.760000,39.320000,43.857143,31.280000,30.640000,26.080000,24.160000,41.962963,9.611111, ,7.194444,11.388889,5.583333,11.361111,11.222222,5.916667,10.750000,12.083333,4.750000, ,12.500000,7.105263,13.333333,12.527778,32.190476,31.857143,20.333333,32.761905,38.761905,26.380952,24.952381,44.285714,17.761905,9.952381,27.428571,32.238095,17.428571,18.000000,12.380952,30.142857,16.456522, ,4.444444,4.523810,9.152174,7.869565,5.944444, ,13.739130,7.130435, ,10.608696,9.586957,7.326087,10.652174,17.891304, ,37.625000,20.952381,14.650000,29.857143,4.500000,6.100000,5.500000,34.050000,9.944444,17.619048,4.571429,20.090909,17.650000,9.157895,11.352941,4.200000,4.750000,8.076923,25.625000,30.562500,36.875000, , ,18.187500,7.000000,17.625000,5.000000,22.187500,5.533333,4.333333,24.941176,34.111111,23.695652,14.318182,38.800000,43.606061,34.827586,36.913043,31.913043,42.913043,43.869565,33.608696,40.956522,34.521739,39.869565,44.130435,43.074074, , , , , , , , , , , , , , , , ,6.125000,9.000000,28.850000,35.850000,35.250000,35.400000,10.058824,14.250000,10.714286,14.800000,16.450000,41.304348,21.500000,20.812500,5.181818,12.350000,4.000000, , ,21.258065,4.142857,8.000000,10.129032,4.500000,5.903226,5.920000,14.548387,4.000000,9.225806, ,23.290323, ,21.600000,28.633333,4.000000,15.173913,14.178571,12.166667,40.696970,26.666667,30.000000, ,27.700000,36.866667,17.333333,25.266667,18.966667,26.266667,15.360000,9.680000,8.958333,15.080000,13.200000,20.280000,11.520000,13.160000, ,4.285714,6.708333,11.040000,14.200000,6.600000,5.727273,20.388889
    Number of Spikes per Burst - Std,5.797686,4.094021,8.034992,8.498266,6.519568,1.779513, ,2.906508,2.019268,11.477092,15.064000, ,2.850091,8.691512, ,3.980990,9.789657,6.111673,5.446243,5.006220,3.195809,3.041381,12.683464,0.707107,8.937577,8.865828,2.274130,9.141735,4.740488, ,14.480211,7.036253, ,4.641659,12.854853,2.054195,1.309307,5.747789,5.034221,1.231312,1.772715,5.222894, , ,2.801809,6.427905,28.985731, ,1.539339,9.393507,9.613200,5.804075,12.458935, ,8.069616,1.123682,0.000000,10.570144,5.645739,4.923398,1.090140,5.484188,5.469652,13.499080, , ,3.069463, , ,41.594986,4.140000, , ,2.186539, ,4.929214, ,14.514318,14.079299, , , , , , , , ,1.135292, , , , , , , , ,14.700850, ,9.731928,12.350587,18.022772,9.926715,15.793399,0.577350,0.905539,15.471256,0.000000,11.394062,0.474654,10.032511,14.672169,10.515439, , , , , , , , , , , , , , , ,2.960443,24.063936,27.387583,22.956136,20.377660,42.310939,31.513512,47.036484,47.527442,43.942886,42.217840,33.210789,15.296857,22.118751,47.870296,44.807670,24.295204,9.451562,34.916645,36.325473,20.610523,22.339241,44.467516,43.328474,25.617554,8.600487,37.626403,36.827349,20.303027,26.728005,45.499890,45.597770,40.162622,55.368834,33.502109,44.722529,61.179715,59.882729,54.046666,20.493743,58.147643,37.933440,43.343863,53.640236,39.478006,43.491378,39.492911,42.024241,16.558860,14.375906,48.977326,0.547723,52.125577,12.501462,31.265827,19.692056,11.857339,54.710909,32.078266,23.685439,21.304805,26.973933,21.386770,65.559348,14.572905,14.573065,18.391646,7.294700,5.326186, ,1.549193,16.626168,0.957427, ,7.395609,3.339764,4.475423,17.753940,1.991867,0.666667,6.303717,1.095884,3.804918,1.659149,1.058345,3.586213,1.238688,1.500770,3.352771,0.778499,1.397385,0.625800,0.813280,2.937776, , ,2.248301,56.209684,56.124394,62.267533,58.049230,60.115766,57.662730,54.278952,48.667400,54.152654,54.985110,56.255903,57.307358,45.755452,54.582918,25.485462,49.195805, , ,1.114686,3.753546,6.843804,2.381622, , ,0.000000,1.673320, , ,2.849151,2.396289,1.203950,0.534522,24.400238,25.082620,11.544690,13.580157,17.152587,24.531038,1.221739,1.825742,24.868711,8.859821,3.200970, ,23.665618,8.775869,15.154665,2.190399,1.988858,1.009050,3.056868,15.707491,12.389290,8.424351,0.843274,6.358721,5.820028,1.178511,21.730268,7.314085,7.487490,2.485514,5.035115,1.885618,25.289436,42.379240,44.087104,42.792653,32.643699,44.072667,43.134930,44.110467,13.558515,37.178847,33.290639,44.474712,41.040999,40.760002,46.474485,42.669922,15.512898,11.603611,11.301649,35.485619,6.823755,43.692733, ,21.303267,22.780598,14.346748,6.238322,35.291170,35.514415,38.055386,22.665686,19.978217,17.878425,23.729628,29.270821,3.488757,22.248167,5.509299,2.956832,32.216234,5.744563,20.501118,27.935640,2.774029,6.937133,6.638273,28.512654,35.489642,2.229282,1.713946,1.221668,1.481917,1.159707,1.188552,1.287884,1.962210,2.297988,1.583392,6.605729,2.011775,2.128870,0.692483, ,1.639801,3.494213,9.475036,1.567528,1.767767,2.636737,4.003570,1.910066,6.929264,2.823223,1.963961,2.948769,2.386470,20.837695,2.520393,8.512736,1.807392,0.500000,1.945494,3.075397,0.377964,0.897451,1.234592,1.248655,2.217719,0.000000,1.243478, ,2.205077,2.130677, ,1.850312,0.950758,22.196185,7.757068,13.249009,6.416645,20.843704,16.278641,6.181366,18.601763,14.951870,6.192562,4.010629,7.681046,3.308969,4.235181,0.887625,5.730670,45.810879,3.797049,9.570606, ,4.264249,14.609626,1.916436,5.188816,15.005613,12.200832,3.236694, ,20.578732,7.941834, ,12.681939, ,0.707107, , , , , , , , , ,3.958114, , , ,2.138090, , , , ,1.788854, , , , , , , , ,35.731167, ,1.807722,2.500000,2.732520,2.804758,2.113449,3.021451,5.299976,12.329637,8.565878,13.124082,2.568235,6.295170,22.556595,9.742894,5.312305,2.552776,9.121660,4.437842,3.358240,3.678013,18.884618,6.200358,4.918785,10.022198,0.928783,6.821127, ,9.266127,9.137833,4.065437,0.726483,10.851267,8.809717,9.714341,2.032035,2.918333,3.098387,6.401976,2.780138,1.796988,3.065262,2.886030,6.954803,1.682013,4.364631,1.437420,5.246848,15.128958,14.565280,2.566101,1.196843,2.485609,0.845822,1.313478,1.694334, ,0.813250,0.640723,0.707107,0.707107,5.004195,2.985344, ,4.671812,9.044055,25.122500,30.434516,23.957279,16.573945,27.991896,15.879607,3.893218,22.752812,31.353176,32.737775,31.453154,29.418078,29.546412,4.373622,28.672524,6.187930,60.497640,57.616466,28.826905,57.802537,16.107639,25.697583,47.705369,40.800268,29.947653,55.007402,39.234712,55.935933,60.771132, ,39.865189,63.573954,8.033427,4.705425,3.451124,7.946133,1.980676,5.304812,2.041241,8.434948,4.232051,5.313264,5.325314,3.483293,19.566021,4.590961,5.423122,7.218211, , , ,10.596738,2.050499,13.324997,24.359290,1.829250,25.089174,10.436657,32.908676, ,12.970663,8.119678,5.217105,3.854496,3.360060,10.135549,8.771545,7.002417,2.684524,5.293707,13.772608,2.138535,2.203785,5.305029,13.750998,4.800347,3.327662,3.353108,1.863688,11.400005,1.517098, ,1.214659,1.590647,1.024695,1.807173,2.450785,0.937321,1.778844,2.567656,1.035098, ,2.144761,1.523692,5.841473,1.576363,2.542028,2.555107,2.744692,2.211442,3.477136,2.616796,2.616796,2.261479,2.508082,1.745743,2.248809,3.207877,1.748469,2.449490,1.657594,2.393443,2.570832, ,0.615699,0.679636,1.519757,1.439270,1.169724, ,1.679084,1.147145, ,1.357747,1.557435,1.367144,1.552309,2.243294, ,30.583901,17.984650,9.359909,32.568828,0.707107,1.911951,1.290994,29.603476,2.600277,17.940112,0.975900,18.469819,16.490109,5.418724,8.717376,0.447214,1.388730,3.751923,16.720746,38.105063,33.306406, , ,20.559568,2.624669,13.205428, ,28.206899,1.060099,0.577350,15.730029,26.849056,12.906780,10.255713,29.516097,37.162598,32.635508,33.707179,19.303587,33.149679,34.327705,21.506319,32.757342,30.798273,33.464098,34.264087,28.001272, , , , , , , , , , , , , , , , ,0.991031,4.123106,15.692019,35.293171,40.203266,27.207584,3.543843,11.336364,8.118626,12.107414,9.173618,39.143599,17.309869,25.830779,1.328020,9.538151,0.000000, , ,5.691911,0.377964,1.000000,2.186960,0.730297,1.075634,1.469694,2.460877, ,2.789381, ,4.705979, ,12.158720,23.043412,0.000000,25.594126,9.992788,7.561624,25.814827,21.743542,17.479052, ,18.749069,25.720961,8.929119,21.542153,7.513130,22.883413,2.289105,2.719068,2.440227,6.054750,4.222953,2.700617,2.694439,2.779089, ,0.468807,1.197068,1.767295,2.565801,1.290994,1.548634,8.089774
    Mean ISI within Burst - Avg (sec),0.010992,0.006883,0.005041,0.005879,0.005761,0.009440,0.006640,0.006351,0.009983,0.005509,0.005681, ,0.011283,0.005643,0.007880,0.008396,0.006771,0.009321,0.006884,0.006889,0.006577,0.019516,0.005042,0.010085,0.005988,0.006827,0.006826,0.005933,0.010208, ,0.006033,0.006950, ,0.008833,0.006451,0.006235,0.008800,0.006789,0.007983,0.009320,0.006418,0.006261,0.008320, ,0.007555,0.005281,0.006093, ,0.007262,0.006242,0.005837,0.006421,0.006224, ,0.006080,0.005774,0.006640,0.007176,0.004649,0.006351,0.007367,0.007633,0.006325,0.005683, , ,0.008582, , ,0.108912,0.018522, , ,0.017807, ,0.007221,0.010973,0.009646,0.013395, , , , , , , , ,0.028597, , , , , , , , ,0.007136,0.006100,0.010178,0.007493,0.008296,0.007409,0.010058,0.004344,0.006253,0.007730,0.005760,0.005799,0.004452,0.010523,0.006098,0.007450, , , ,0.003740, , , ,0.016347, , , , , , , ,0.005079,0.007526,0.005654,0.005419,0.005473,0.004054,0.004216,0.004076,0.004248,0.005529,0.004416,0.004940,0.007356,0.004736,0.004092,0.004143,0.005697,0.009634,0.004835,0.004589,0.008651,0.006296,0.005043,0.004724,0.005514,0.009630,0.007410,0.004842,0.011117,0.006640,0.004496,0.004354,0.004562,0.005284,0.005368,0.007100,0.006305,0.006433,0.005250,0.005457,0.008101,0.005765,0.005542,0.005179,0.005549,0.008139,0.007859,0.006832,0.014984,0.017575,0.012559,0.007213,0.005436,0.016879,0.006673,0.008901,0.020410,0.006302,0.006801,0.017522,0.018703,0.007232,0.011904,0.005088,0.007272,0.017096,0.015039,0.014442,0.013435, ,0.029566,0.005862,0.044510, ,0.047820,0.010835,0.020858,0.024938,0.015023,0.016424,0.020319,0.007787,0.007191,0.012443,0.006838,0.009561,0.004971,0.007300,0.005576,0.008582,0.004232,0.004448,0.006184,0.006116, , ,0.009223,0.005203,0.004789,0.004921,0.005653,0.005296,0.006182,0.005625,0.006207,0.004545,0.005416,0.006705,0.007022,0.007010,0.014785,0.011315,0.005216,0.005600, ,0.008189,0.009261,0.004857,0.013240, , ,0.006417,0.009216, , ,0.007536,0.010287,0.006709,0.005703,0.005804,0.003619,0.006226,0.004470,0.003776,0.003525,0.010766,0.007399,0.003564,0.004041,0.014075,0.004187,0.005277,0.006815,0.005194,0.009094,0.003401,0.027291,0.003900,0.018470,0.010944,0.007728,0.003446,0.012931,0.008222,0.004186,0.020322,0.014380,0.031542,0.004277,0.017041,0.003608,0.005326,0.004263,0.006356,0.004086,0.005189,0.004642,0.004182,0.004925,0.008038,0.004284,0.004748,0.007563,0.007103,0.005563,0.005417,0.004758,0.007977,0.011247,0.018043,0.005424,0.021649,0.011731, ,0.008506,0.007145,0.006838,0.042308,0.011098,0.005962,0.008441,0.006676,0.007699,0.004632,0.007864,0.004986,0.004665,0.006041,0.005732,0.010013,0.004328,0.006098,0.006929,0.004605,0.005759,0.005383,0.005232,0.004812,0.005381,0.004288,0.003993,0.005129,0.006023,0.004273,0.003765,0.005028,0.005480,0.007637,0.005015,0.007170,0.006180,0.005953,0.004432, ,0.003846,0.010402,0.012321,0.006482,0.013933,0.004469,0.005240,0.005990,0.007034,0.011789,0.004645,0.004117,0.004876,0.007619,0.005485,0.004849,0.005266,0.004523,0.004160,0.005117,0.005299,0.004982,0.008703,0.004785,0.004154,0.004640,0.012620, ,0.004848,0.008294,0.005920,0.004466,0.006149,0.006516,0.008238,0.005398,0.006683,0.003819,0.023017,0.026269,0.006733,0.011820,0.005438,0.006894,0.006326,0.006882,0.009969,0.011309,0.005815,0.010361,0.029777,0.011514,0.070040,0.011421,0.014427,0.033585,0.033834,0.009836,0.019683,0.046436, ,0.005800,0.018125, ,0.012917, ,0.127927, , , , , , , , , ,0.030459, , , ,0.020334, , , , ,0.042112, , , , , , , , ,0.011592, ,0.048391,0.005627,0.004039,0.005391,0.004508,0.005961,0.035406,0.030025,0.005286,0.007320,0.005428,0.004239,0.007847,0.007014,0.008154,0.004830,0.005550,0.021713,0.010862,0.010775,0.020090,0.008463,0.009121,0.025793,0.003806,0.026499, ,0.020899,0.028963,0.010477,0.003775,0.024066,0.025975,0.005455,0.003787,0.004310,0.005467,0.004981,0.004365,0.003932,0.003834,0.004621,0.008356,0.003651,0.004399,0.008040,0.004201,0.006569,0.006560,0.006674,0.004309,0.014001,0.008540,0.004886,0.009479, ,0.006990,0.005313,0.007674,0.008467,0.009526,0.005955, ,0.013647,0.013411,0.006404,0.006118,0.016946,0.005027,0.007899,0.005734,0.008141,0.004756,0.005012,0.005007,0.005354,0.005349,0.005282,0.008561,0.006207,0.008599,0.005895,0.005429,0.006238,0.005242,0.021160,0.007091,0.010461,0.005265,0.005545,0.004876,0.012693,0.005066,0.005477, ,0.005575,0.004201,0.006003,0.007676,0.005150,0.004568,0.006840,0.003784,0.005446,0.006558,0.005023,0.003807,0.004188,0.009654,0.021317,0.004517,0.004875,0.003738, , , ,0.007443,0.016136,0.024589,0.005107,0.013299,0.004326,0.004882,0.005363, ,0.005357,0.007571,0.014360,0.019496,0.004630,0.006052,0.006418,0.004734,0.006300,0.004329,0.005334,0.005872,0.005979,0.004740,0.005648,0.006508,0.005369,0.005231,0.003881,0.005833,0.004236, ,0.004952,0.004655,0.003690,0.005278,0.006469,0.008988,0.004210,0.005642,0.012189, ,0.005490,0.019265,0.009223,0.004992,0.003852,0.003608,0.006581,0.003628,0.004017,0.004061,0.004012,0.008146,0.008092,0.005747,0.003850,0.003619,0.004750,0.004569,0.005917,0.003471,0.003663, ,0.007833,0.005897,0.004177,0.004550,0.009525, ,0.003888,0.005980, ,0.004284,0.004374,0.004837,0.005051,0.004044, ,0.004642,0.004822,0.010592,0.004361,0.007357,0.016141,0.009241,0.005875,0.013235,0.007261,0.015670,0.006178,0.004277,0.006792,0.006387,0.015057,0.026847,0.029847,0.010480,0.006880,0.007970, , ,0.008981,0.017053,0.011596,0.004180,0.006774,0.008585,0.006556,0.006525,0.007038,0.005841,0.009580,0.006554,0.009087,0.006897,0.004435,0.005813,0.004384,0.004360,0.005278,0.004808,0.004430,0.004435,0.004630,0.006744, , , , , , , , , , , , , , , , ,0.038997,0.015555,0.008888,0.009252,0.007972,0.007031,0.014211,0.012547,0.023418,0.011026,0.010103,0.006296,0.010344,0.010264,0.009550,0.011105,0.004693, , ,0.009391,0.004576,0.006485,0.011977,0.004733,0.005426,0.017754,0.013357,0.004453,0.008786, ,0.007547, ,0.005045,0.005195,0.009436,0.011960,0.006280,0.006235,0.004331,0.004211,0.004208, ,0.004318,0.004024,0.007881,0.005483,0.004655,0.004586,0.010605,0.011486,0.017296,0.012891,0.013871,0.008787,0.012809,0.012909, ,0.004775,0.008981,0.023126,0.011598,0.008580,0.010533,0.015151
    Mean ISI within Burst - Std (sec),0.002105,0.002069,0.000762,0.001131,0.001227,0.004721, ,0.002597,0.002747,0.000893,0.000976, ,0.006114,0.001020, ,0.002301,0.001496,0.004534,0.001832,0.001881,0.001954,0.005676,0.000454,0.004914,0.001623,0.001099,0.001827,0.000873,0.002755, ,0.001017,0.001604, ,0.002443,0.000949,0.002115,0.004265,0.001851,0.002225,0.003569,0.003005,0.001350, , ,0.002315,0.000901,0.001447, ,0.004131,0.001002,0.000898,0.001668,0.001029, ,0.001012,0.001881,0.000801,0.001603,0.000656,0.001793,0.003911,0.002226,0.001509,0.000992, , ,0.002279, , ,0.003962,0.002116, , ,0.002866, ,0.001624, ,0.002195,0.001851, , , , , , , , ,0.036400, , , , , , , , ,0.001614, ,0.002790,0.001565,0.001625,0.001860,0.005894,0.001432,0.004382,0.001655,0.000075,0.001288,0.001625,0.002562,0.000869,0.002427, , , , , , , , , , , , , , , ,0.001405,0.003697,0.001154,0.003499,0.003324,0.000693,0.001130,0.001382,0.001597,0.003679,0.000753,0.002626,0.006171,0.001419,0.001392,0.001167,0.003064,0.010473,0.001880,0.001682,0.013388,0.005139,0.000915,0.001011,0.002944,0.010732,0.004692,0.002125,0.010686,0.003760,0.002362,0.001192,0.001709,0.001954,0.001964,0.004757,0.001850,0.002402,0.002372,0.002946,0.002323,0.002879,0.002789,0.002378,0.002623,0.007485,0.002683,0.002992,0.014381,0.009226,0.010310,0.002743,0.001613,0.013639,0.002212,0.005427,0.017502,0.003053,0.001706,0.012969,0.013862,0.004736,0.002961,0.001765,0.003683,0.002864,0.005248,0.002528,0.007191, ,0.021237,0.003820,0.011863, ,0.016695,0.004843,0.013829,0.006365,0.009063,0.011290,0.011079,0.003013,0.005319,0.005170,0.003006,0.005898,0.001579,0.002596,0.001233,0.001319,0.001128,0.001216,0.002509,0.007341, , ,0.003536,0.001641,0.002238,0.002123,0.001508,0.001688,0.004150,0.001206,0.003723,0.001541,0.003485,0.005720,0.002413,0.004468,0.017572,0.008724,0.002367, , ,0.003910,0.002455,0.000716,0.004134, , ,0.001578,0.006373, , ,0.001529,0.004187,0.003771,0.002164,0.003236,0.000652,0.002108,0.001292,0.000933,0.000681,0.004768,0.002182,0.000526,0.001805,0.007226, ,0.001620,0.002995,0.003412,0.009610,0.000313,0.078664,0.000623,0.013402,0.011102,0.011973,0.000242,0.017875,0.016236,0.000439,0.016894,0.020811,0.025347,0.001500,0.033101,0.000422,0.001852,0.000621,0.004699,0.000854,0.003076,0.000988,0.000994,0.002561,0.004688,0.001085,0.001691,0.010034,0.008556,0.000872,0.001937,0.001962,0.004098,0.002816,0.007390,0.001367,0.014251,0.004795, ,0.003018,0.002206,0.003949,0.022304,0.001925,0.001656,0.005258,0.002191,0.002254,0.002703,0.003445,0.003342,0.000893,0.004501,0.002766,0.007173,0.002003,0.003564,0.007101,0.002228,0.004320,0.003078,0.002499,0.002709,0.003969,0.000986,0.001510,0.001630,0.001668,0.000620,0.000508,0.001389,0.001198,0.002238,0.002906,0.003311,0.002417,0.002564,0.001075, ,0.000568,0.006517,0.012240,0.001343,0.022442,0.000534,0.001630,0.001298,0.002981,0.021531,0.000874,0.000531,0.000899,0.002489,0.001076,0.002792,0.001361,0.001891,0.001201,0.002635,0.001633,0.003135,0.004478,0.001175,0.000747,0.000415,0.003998, ,0.000957,0.001582, ,0.001126,0.001202,0.007850,0.006346,0.003487,0.003133,0.000908,0.008911,0.011592,0.004990,0.007688,0.006164,0.002163,0.002626,0.011193,0.016299,0.002565,0.005957,0.004970,0.024120,0.004082, ,0.004725,0.006039,0.012061,0.018085,0.006186,0.008439,0.010519, ,0.003282,0.008351, ,0.004746, ,0.053071, , , , , , , , , ,0.026945, , , ,0.007519, , , , ,0.023145, , , , , , , , ,0.001578, ,0.024950,0.000554,0.000579,0.001078,0.000571,0.001622,0.027794,0.031429,0.003465,0.006589,0.000891,0.001380,0.003840,0.006100,0.015096,0.000796,0.004144,0.033742,0.021790,0.019290,0.009612,0.012356,0.015117,0.021844,0.000657,0.032579, ,0.025248,0.027204,0.016948,0.000810,0.024087,0.021946,0.003824,0.000314,0.000642,0.000524,0.002385,0.000442,0.000538,0.000464,0.001018,0.012845,0.000330,0.000468,0.016693,0.002603,0.002371,0.003885,0.010870,0.000870,0.019234,0.002160,0.001613,0.015552, ,0.001789,0.002603,0.006055,0.001791,0.005135,0.002130, ,0.016773,0.028550,0.006032,0.001416,0.016230,0.002932,0.004560,0.002982,0.011613,0.003362,0.001878,0.001713,0.003661,0.001827,0.001986,0.010975,0.003490,0.007838,0.002712,0.002828,0.003968,0.002184,0.017761,0.005534,0.007021,0.002579,0.002849,0.002091,0.009678,0.001944,0.001941, ,0.002963,0.001160,0.002426,0.002513,0.000792,0.000785,0.002305,0.000395,0.001565,0.001148,0.001297,0.000415,0.000651,0.004477,0.025748,0.000990,0.001043,0.000450, , , ,0.004049,0.016553,0.020912,0.001860,0.015512,0.002202,0.003115,0.001812, ,0.002642,0.004860,0.002585,0.021984,0.000824,0.003569,0.002119,0.000978,0.001826,0.000885,0.001935,0.001781,0.002638,0.000865,0.002170,0.001494,0.001142,0.001056,0.000349,0.002148,0.000720, ,0.001719,0.001464,0.000657,0.001959,0.004363,0.002198,0.001564,0.003358,0.007999, ,0.001996,0.009252,0.004306,0.001788,0.000756,0.000369,0.003110,0.000305,0.000455,0.000508,0.000589,0.000637,0.003405,0.001283,0.000412,0.000534,0.001126,0.000673,0.001110,0.000314,0.000474, ,0.002358,0.001356,0.000776,0.000898,0.002456, ,0.000521,0.001519, ,0.002360,0.000831,0.001061,0.002069,0.000731, ,0.001524,0.001859,0.012148,0.001008,0.002861,0.020168,0.001894,0.005832,0.006952,0.003037,0.010818,0.007845,0.001946,0.006097,0.004921,0.005142,0.039722,0.019962,0.002422,0.002823,0.002373, , ,0.003754,0.013802,0.006984, ,0.003326,0.002958,0.001532,0.001564,0.005908,0.003425,0.012390,0.005004,0.005745,0.004926,0.001757,0.002461,0.001397,0.001657,0.002470,0.002564,0.001949,0.001496,0.001392,0.010366, , , , , , , , , , , , , , , , ,0.022337,0.014669,0.003095,0.003715,0.003272,0.003525,0.011299,0.011331,0.025439,0.007173,0.008785,0.002409,0.007626,0.008691,0.004760,0.009403,0.000641, , ,0.002639,0.000973,0.005028,0.005184,0.000857,0.001915,0.013125,0.003201, ,0.006360, ,0.001205, ,0.002278,0.001453,0.002666,0.004230,0.004093,0.002770,0.000860,0.001434,0.001481, ,0.001425,0.000821,0.006458,0.001753,0.001581,0.001529,0.002156,0.006261,0.006201,0.005173,0.007713,0.001577,0.004105,0.003766, ,0.001148,0.003736,0.005192,0.003451,0.004367,0.008400,0.009180
    Median ISI within Burst - Avg (sec),0.007275,0.005043,0.003665,0.004158,0.004192,0.007034,0.007920,0.004406,0.006171,0.003930,0.004125, ,0.007721,0.004031,0.005560,0.005979,0.004632,0.007429,0.005057,0.004860,0.005025,0.012929,0.003987,0.008380,0.004212,0.005758,0.004967,0.004282,0.007833, ,0.004420,0.004739, ,0.006281,0.005063,0.004720,0.006665,0.004641,0.005577,0.006676,0.004772,0.004615,0.004560, ,0.005335,0.003909,0.005008, ,0.005408,0.004501,0.004146,0.004234,0.004675, ,0.004760,0.004570,0.005400,0.004944,0.003636,0.004299,0.005772,0.005274,0.004376,0.004262, , ,0.005705, , ,0.102537,0.018932, , ,0.008853, ,0.005509,0.005440,0.007651,0.011840, , , , , , , , ,0.015580, , , , , , , , ,0.004840,0.004640,0.007484,0.005093,0.006806,0.004956,0.007779,0.004160,0.005003,0.005837,0.004080,0.004241,0.003950,0.007936,0.004462,0.004922, , , ,0.003640, , , ,0.007080, , , , , , , ,0.003703,0.005040,0.003338,0.003553,0.003555,0.003067,0.003160,0.003059,0.002998,0.004080,0.003170,0.003422,0.004835,0.003468,0.003120,0.003066,0.003525,0.004365,0.003290,0.003221,0.005436,0.003520,0.003290,0.003190,0.003502,0.004503,0.004962,0.003345,0.004579,0.004237,0.003134,0.003189,0.003110,0.003347,0.003257,0.003322,0.003311,0.003334,0.003194,0.003389,0.003286,0.003547,0.003219,0.003265,0.003451,0.004580,0.007225,0.003662,0.004828,0.006135,0.004350,0.006656,0.003502,0.007811,0.003940,0.004618,0.010219,0.004135,0.004107,0.009179,0.011456,0.003967,0.007318,0.003424,0.004487,0.016381,0.015707,0.012884,0.011851, ,0.023488,0.003991,0.034740, ,0.025420,0.008799,0.015007,0.023091,0.011896,0.012360,0.009455,0.005863,0.004826,0.007636,0.005036,0.006751,0.004105,0.005212,0.003566,0.007847,0.003285,0.003779,0.005333,0.004434, , ,0.006115,0.003171,0.003013,0.002987,0.003142,0.003108,0.003497,0.003318,0.003276,0.003023,0.003262,0.003946,0.003621,0.003585,0.012891,0.004154,0.003187,0.003920, ,0.006074,0.004404,0.003312,0.009153, , ,0.006073,0.005721, , ,0.004475,0.004897,0.004536,0.004543,0.003814,0.003109,0.004715,0.003448,0.003145,0.002907,0.009052,0.006564,0.002952,0.003240,0.009423,0.003280,0.003894,0.004164,0.004000,0.007292,0.002888,0.021007,0.002968,0.011649,0.008637,0.005987,0.002912,0.005034,0.007058,0.003324,0.008850,0.009538,0.026657,0.002948,0.008261,0.002996,0.003224,0.003064,0.003527,0.003092,0.003388,0.003224,0.003084,0.003384,0.004192,0.003128,0.003208,0.003089,0.003956,0.003268,0.003444,0.003204,0.004818,0.007236,0.014247,0.003390,0.016702,0.007497, ,0.005100,0.004088,0.004595,0.033570,0.004490,0.003778,0.005958,0.004275,0.005595,0.003245,0.004229,0.003955,0.003525,0.004475,0.003685,0.006557,0.003088,0.003560,0.004965,0.003280,0.003341,0.003576,0.003293,0.003248,0.003751,0.003159,0.003141,0.004288,0.005280,0.003435,0.003304,0.003640,0.003407,0.003749,0.003445,0.004176,0.003529,0.003515,0.004269, ,0.003338,0.005168,0.005928,0.005291,0.008454,0.003533,0.003077,0.005134,0.004856,0.007120,0.003779,0.003291,0.003203,0.005416,0.004107,0.003392,0.004029,0.004040,0.003179,0.003235,0.004749,0.004214,0.006107,0.003508,0.003290,0.003200,0.011263, ,0.003729,0.004139,0.006000,0.003359,0.006034,0.005426,0.005508,0.003682,0.005592,0.003050,0.021330,0.023638,0.004131,0.009440,0.003568,0.004530,0.003877,0.003865,0.005403,0.010657,0.003477,0.008486,0.019180,0.009354,0.046440,0.009798,0.010348,0.025662,0.022704,0.006814,0.015661,0.036560, ,0.003868,0.014673, ,0.008706, ,0.030660, , , , , , , , , ,0.021443, , , ,0.013671, , , , ,0.018400, , , , , , , , ,0.008780, ,0.031185,0.004292,0.003205,0.004295,0.003350,0.003592,0.017637,0.025139,0.003520,0.004605,0.003915,0.003020,0.003927,0.004080,0.005073,0.003363,0.003808,0.003244,0.003196,0.003444,0.006820,0.003147,0.003244,0.003542,0.003294,0.003444, ,0.003160,0.003524,0.003142,0.003364,0.003289,0.003587,0.004158,0.003130,0.003073,0.003315,0.003508,0.003070,0.003017,0.002967,0.003043,0.007533,0.003057,0.003080,0.006704,0.003318,0.003920,0.004294,0.004016,0.003397,0.006639,0.006767,0.004057,0.004440, ,0.005869,0.004406,0.005853,0.005160,0.004397,0.003640, ,0.006480,0.004492,0.004214,0.003587,0.012622,0.003685,0.003821,0.003530,0.004779,0.003343,0.003440,0.003482,0.003800,0.003427,0.003381,0.005088,0.004594,0.004785,0.004419,0.003362,0.003537,0.003350,0.004189,0.003544,0.003420,0.003196,0.003575,0.003211,0.004854,0.003217,0.003983, ,0.003192,0.003048,0.004511,0.004400,0.003615,0.003258,0.004295,0.003037,0.003542,0.003857,0.003458,0.003151,0.003178,0.005643,0.019235,0.003240,0.003495,0.003025, , , ,0.004040,0.010660,0.004900,0.003882,0.009091,0.003477,0.003368,0.003893, ,0.003832,0.004285,0.011538,0.012205,0.003154,0.003947,0.003608,0.003295,0.003752,0.003011,0.003520,0.003904,0.004189,0.003102,0.003786,0.003466,0.003498,0.003426,0.003221,0.003501,0.003457, ,0.004228,0.003232,0.003282,0.003581,0.003368,0.006262,0.003326,0.003256,0.009880, ,0.003568,0.009653,0.004317,0.003378,0.002937,0.002916,0.003589,0.003004,0.002975,0.003135,0.003149,0.003328,0.005109,0.004419,0.003063,0.003008,0.003516,0.003387,0.004299,0.003027,0.002982, ,0.005444,0.005278,0.003440,0.003950,0.008518, ,0.003170,0.005002, ,0.003297,0.003454,0.003779,0.003366,0.003157, ,0.003350,0.003589,0.005568,0.003181,0.004620,0.010172,0.007650,0.003190,0.009067,0.005019,0.012914,0.004207,0.003398,0.005067,0.004485,0.012056,0.013665,0.017997,0.006140,0.004143,0.004543, , ,0.007433,0.011364,0.007062,0.004360,0.004590,0.007109,0.005933,0.004002,0.004618,0.003614,0.004627,0.003847,0.005830,0.004552,0.003197,0.003591,0.003117,0.003042,0.003223,0.003070,0.003268,0.003122,0.003061,0.004581, , , , , , , , , , , , , , , , ,0.014160,0.007365,0.005254,0.007356,0.005542,0.003708,0.008016,0.006646,0.013931,0.006828,0.005322,0.003687,0.007484,0.006498,0.007320,0.007248,0.004840, , ,0.003950,0.004486,0.004430,0.006403,0.004463,0.004000,0.008698,0.006983,0.004720,0.004165, ,0.003551, ,0.003583,0.003483,0.010133,0.008270,0.004953,0.004904,0.003285,0.003373,0.003187, ,0.003356,0.003089,0.006112,0.003707,0.003511,0.003367,0.005178,0.004027,0.010345,0.009478,0.005458,0.003854,0.004325,0.006190, ,0.004249,0.005843,0.014318,0.004754,0.005005,0.004787,0.006473
    Median ISI within Burst - Std (sec),0.002038,0.001484,0.000394,0.000695,0.000934,0.003224, ,0.001230,0.002150,0.000616,0.000636, ,0.003834,0.000587, ,0.001886,0.000997,0.005659,0.001396,0.001247,0.001440,0.003184,0.000379,0.004721,0.000879,0.001181,0.001278,0.000615,0.002920, ,0.000749,0.001061, ,0.001995,0.000889,0.001156,0.002353,0.001125,0.001540,0.002477,0.001115,0.001057, , ,0.001566,0.000664,0.001966, ,0.002386,0.000799,0.000614,0.000986,0.000838, ,0.000982,0.001013,0.001717,0.001043,0.000350,0.000983,0.002410,0.001606,0.000917,0.000691, , ,0.001925, , ,0.006061,0.003244, , ,0.001723, ,0.001231, ,0.001852,0.001688, , , , , , , , ,0.009406, , , , , , , , ,0.001037, ,0.002654,0.001238,0.001494,0.001245,0.005015,0.001322,0.001824,0.001374,0.000679,0.000945,0.001194,0.002465,0.000677,0.001399, , , , , , , , , , , , , , , ,0.000581,0.002256,0.000226,0.000786,0.000601,0.000162,0.000231,0.000210,0.000140,0.003453,0.000181,0.000865,0.003811,0.000396,0.000192,0.000175,0.000472,0.000870,0.000269,0.000304,0.007631,0.000673,0.000233,0.000203,0.000457,0.001293,0.003107,0.000413,0.002816,0.001906,0.000234,0.000416,0.000250,0.000439,0.000359,0.000391,0.000329,0.000337,0.000291,0.000384,0.000217,0.000669,0.000378,0.000422,0.000658,0.002816,0.003101,0.001001,0.000855,0.003817,0.001451,0.002498,0.000362,0.003685,0.000758,0.001349,0.003748,0.001292,0.000574,0.006100,0.008311,0.001112,0.002429,0.000539,0.001346,0.002532,0.007241,0.002479,0.005417, ,0.015038,0.003085,0.008851, ,0.012561,0.004285,0.011481,0.006237,0.005170,0.004319,0.004812,0.002376,0.001592,0.003473,0.001707,0.005587,0.000851,0.001358,0.000438,0.001715,0.000411,0.000672,0.001743,0.005572, , ,0.002334,0.000118,0.000146,0.000106,0.000107,0.000156,0.001736,0.000155,0.000236,0.000132,0.000970,0.002495,0.001490,0.000433,0.016666,0.001115,0.000321, , ,0.002004,0.000919,0.000220,0.004268, , ,0.002678,0.002113, , ,0.000795,0.001521,0.001509,0.001930,0.001642,0.000729,0.001209,0.000389,0.000371,0.000139,0.004697,0.002038,0.000140,0.000318,0.005501, ,0.000795,0.000846,0.002614,0.004846,0.000137,0.059949,0.000110,0.015462,0.010172,0.008589,0.000138,0.002376,0.013632,0.000267,0.010891,0.011210,0.023246,0.000112,0.013678,0.000153,0.000218,0.000127,0.000722,0.000202,0.000746,0.000292,0.000174,0.000470,0.001474,0.000182,0.000206,0.000145,0.001932,0.000214,0.000547,0.000197,0.001479,0.002419,0.004571,0.000276,0.010512,0.003128, ,0.001163,0.000856,0.001599,0.012262,0.000459,0.000620,0.005911,0.000928,0.001597,0.000697,0.002109,0.002075,0.000422,0.003342,0.000254,0.002253,0.000424,0.000425,0.006916,0.000702,0.000496,0.000577,0.000375,0.000702,0.002101,0.000277,0.000299,0.001201,0.001640,0.000426,0.000391,0.000646,0.000342,0.000643,0.000456,0.002072,0.000551,0.000612,0.001149, ,0.000321,0.002241,0.005938,0.001249,0.011080,0.000413,0.000201,0.001887,0.003514,0.010860,0.000542,0.000261,0.000167,0.002598,0.000614,0.001716,0.000787,0.001546,0.000266,0.000278,0.001302,0.001142,0.002448,0.000396,0.000327,0.000905,0.003671, ,0.000654,0.000811, ,0.000441,0.001169,0.006898,0.002384,0.000394,0.003261,0.000432,0.010140,0.011135,0.001695,0.007072,0.000621,0.001456,0.002146,0.000927,0.002216,0.003631,0.000329,0.004952,0.010891,0.001808, ,0.002275,0.004000,0.004691,0.006849,0.003685,0.006213,0.006572, ,0.000818,0.005142, ,0.002657, ,0.014849, , , , , , , , , ,0.016294, , , ,0.006336, , , , ,0.006190, , , , , , , , ,0.003522, ,0.019199,0.000537,0.000223,0.000875,0.000269,0.000421,0.012044,0.028358,0.000761,0.003552,0.000576,0.000146,0.000568,0.002083,0.006856,0.000242,0.002071,0.000275,0.000263,0.000524,0.006896,0.000263,0.000240,0.000436,0.000327,0.000310, ,0.000373,0.000412,0.000244,0.000490,0.000328,0.000364,0.002673,0.000145,0.000193,0.000220,0.001305,0.000178,0.000112,0.000102,0.000109,0.013142,0.000147,0.000145,0.014210,0.001458,0.001400,0.002613,0.001090,0.000351,0.002332,0.002730,0.001007,0.003689, ,0.001500,0.001408,0.002341,0.000057,0.000984,0.000409, ,0.001907,0.003598,0.003779,0.000883,0.011895,0.002170,0.001511,0.000418,0.001294,0.000565,0.001164,0.000256,0.003285,0.001187,0.000237,0.001201,0.002778,0.001329,0.001827,0.000682,0.000733,0.000351,0.000704,0.000508,0.000402,0.000352,0.000769,0.000411,0.001691,0.000282,0.001209, ,0.000303,0.000215,0.002534,0.001230,0.000457,0.000218,0.001695,0.000169,0.000612,0.000896,0.000380,0.000206,0.000293,0.003979,0.024269,0.000194,0.000414,0.000149, , , ,0.001014,0.003257,0.001205,0.001501,0.004103,0.001229,0.000972,0.001055, ,0.000847,0.001003,0.001577,0.003207,0.000193,0.002823,0.000672,0.000740,0.000441,0.000144,0.001065,0.000682,0.001478,0.000168,0.001935,0.000308,0.000343,0.000477,0.000204,0.001235,0.000429, ,0.001020,0.000342,0.000454,0.000578,0.000485,0.002554,0.000340,0.000486,0.005507, ,0.000453,0.004152,0.000836,0.000304,0.000122,0.000119,0.000710,0.000114,0.000137,0.000223,0.000202,0.000193,0.001221,0.000952,0.000145,0.000129,0.000503,0.000345,0.000800,0.000130,0.000158, ,0.002864,0.001428,0.000442,0.000729,0.002842, ,0.000252,0.001031, ,0.000384,0.000504,0.000722,0.000429,0.000243, ,0.000764,0.000546,0.002419,0.000248,0.002121,0.005189,0.002642,0.000318,0.004767,0.001635,0.007870,0.003781,0.000439,0.002262,0.001568,0.005751,0.011790,0.012943,0.001525,0.000856,0.001247, , ,0.002682,0.005129,0.001274, ,0.001243,0.002401,0.000665,0.000777,0.003666,0.000415,0.001707,0.001835,0.004162,0.002930,0.000225,0.000437,0.000175,0.000171,0.000304,0.000170,0.000258,0.000173,0.000191,0.005559, , , , , , , , , , , , , , , , ,0.006581,0.003948,0.001373,0.003022,0.002318,0.000634,0.002411,0.002876,0.011569,0.002679,0.001651,0.000553,0.006612,0.003244,0.004946,0.003304,0.000396, , ,0.000722,0.000918,0.000476,0.003150,0.001082,0.001193,0.007167,0.003385, ,0.001073, ,0.000315, ,0.000441,0.000509,0.003869,0.003451,0.001800,0.000960,0.000537,0.000370,0.000295, ,0.000238,0.000148,0.006368,0.000582,0.000422,0.000297,0.002055,0.000981,0.003851,0.004172,0.003366,0.000653,0.001475,0.001974, ,0.000994,0.001889,0.005688,0.000921,0.001378,0.002456,0.003255
    Median/Mean ISI within Burst,0.659789,0.752900,0.735114,0.714769,0.733217,0.799812,1.192771,0.751197,0.634006,0.718444,0.733067, ,0.726001,0.723034,0.705584,0.721188,0.693185,0.755842,0.744797,0.723771,0.780836,0.686625,0.792040,0.821954,0.726819,0.840601,0.742491,0.725757,0.762273, ,0.737414,0.694072, ,0.718421,0.785299,0.792001,0.802056,0.702529,0.713997,0.738896,0.809377,0.745271,0.548077, ,0.727073,0.746882,0.804233, ,0.815018,0.725865,0.715179,0.675555,0.754935, ,0.780786,0.819133,0.802430,0.699784,0.789285,0.702407,0.811485,0.706009,0.709228,0.755105, , ,0.675202, , ,0.940820,1.016962, , ,0.510039, ,0.771201,0.495747,0.795580,0.885701, , , , , , , , ,0.735715, , , , , , , , ,0.687938,0.760656,0.734276,0.683429,0.820668,0.679784,0.772577,0.959500,0.892329,0.757918,0.707622,0.737536,0.909329,0.754507,0.734680,0.687041, , , ,0.973262, , , ,0.433116, , , , , , , ,0.761189,0.689545,0.611848,0.753273,0.741829,0.771784,0.782887,0.792814,0.758028,0.730361,0.733435,0.749193,0.700623,0.765343,0.802508,0.776681,0.699833,0.652082,0.733413,0.749795,0.701348,0.683907,0.666965,0.699288,0.716769,0.677336,0.702938,0.743959,0.531829,0.716858,0.773441,0.759495,0.730946,0.680767,0.663186,0.624605,0.561865,0.577820,0.704710,0.711256,0.437645,0.710525,0.687402,0.714179,0.696373,0.678264,0.897369,0.577570,0.557295,0.414597,0.472756,0.932779,0.681680,0.628881,0.626130,0.623592,0.689438,0.714078,0.625181,0.629034,0.660197,0.670388,0.616646,0.718124,0.671630,0.963356,1.002153,0.894423,0.921410, ,0.870782,0.712410,0.789921, ,0.548289,0.828705,0.718644,0.916841,0.870407,0.874654,0.541955,0.785441,0.722390,0.664379,0.763922,0.685848,0.853220,0.745577,0.660863,0.914279,0.806077,0.879663,0.886540,0.755063, , ,0.698957,0.657132,0.730870,0.692632,0.592842,0.631516,0.638565,0.611480,0.664423,0.717813,0.670413,0.680959,0.536533,0.661674,0.783827,0.544973,0.701277,0.700000, ,0.783500,0.503462,0.694833,0.704028, , ,0.923534,0.749738, , ,0.610453,0.537039,0.762552,0.805609,0.714667,0.862344,0.780069,0.791134,0.848502,0.843367,0.849945,0.893062,0.840274,0.848395,0.706007,0.783439,0.765030,0.681511,0.789600,0.872504,0.852381,0.822257,0.777633,0.468809,0.755571,0.825746,0.847843,0.636031,0.883675,0.798726,0.575449,0.810397,0.806300,0.750062,0.727715,0.836905,0.648053,0.729860,0.664069,0.777086,0.723410,0.709785,0.761165,0.754831,0.571344,0.756680,0.716923,0.683417,0.714124,0.600275,0.676045,0.729910,0.660488,0.648823,0.811762,0.653949,0.768218,0.695962, ,0.651142,0.614050,0.732893,0.858620,0.413555,0.661335,0.660346,0.673407,0.742395,0.764606,0.576461,0.830375,0.771816,0.754954,0.712319,0.730875,0.775634,0.657644,0.699014,0.760030,0.677650,0.749368,0.688936,0.748388,0.768835,0.766240,0.838344,0.851667,0.883951,0.815412,0.885209,0.752786,0.643057,0.529116,0.784543,0.605967,0.628335,0.665147,0.962219, ,0.877952,0.596358,0.508403,0.825855,0.790497,0.795098,0.631511,0.858752,0.669395,0.768774,0.831871,0.807553,0.674758,0.726221,0.765599,0.736779,0.786306,0.910696,0.797797,0.745008,0.911638,0.910527,0.764079,0.765092,0.805446,0.701177,0.900600, ,0.781277,0.511925,1.013514,0.778134,0.983931,0.824171,0.731648,0.765323,0.830269,0.813375,0.869375,0.873386,0.717014,0.795247,0.811951,0.679953,0.612617,0.788354,0.756901,0.925252,0.741897,0.793210,0.759614,0.854523,0.663050,0.901330,0.739804,0.818321,0.784875,0.734954,0.815983,0.808979, ,0.745318,0.866576, ,0.705078, ,0.235890, , , , , , , , , ,0.807461, , , ,0.670745, , , , ,0.510760, , , , , , , , ,0.744267, ,0.685844,0.764802,0.802295,0.810152,0.750513,0.629927,0.626606,0.768574,0.769722,0.721106,0.733947,0.748093,0.593604,0.696153,0.754628,0.712678,0.760233,0.492127,0.807762,0.696482,0.405795,0.684172,0.740165,0.316245,0.876524,0.426269, ,0.489916,0.380576,0.613606,0.904858,0.427001,0.287811,0.781614,0.830335,0.724818,0.612013,0.730692,0.709439,0.778121,0.784200,0.681007,0.810665,0.843624,0.707254,0.823485,0.824240,0.614550,0.671876,0.808048,0.807405,0.724852,0.775206,0.852993,0.649253, ,0.855751,0.859562,0.862232,0.624125,0.524586,0.663443, ,0.627741,0.586985,0.714343,0.600421,0.751211,0.764557,0.549006,0.685445,0.812623,0.788895,0.726507,0.742701,0.719924,0.668143,0.686977,0.777794,0.746707,0.707625,0.773372,0.709333,0.698567,0.713883,0.474204,0.683717,0.529203,0.698801,0.728872,0.734656,0.553778,0.695760,0.760170, ,0.678915,0.762900,0.755602,0.590295,0.710544,0.729596,0.636551,0.808231,0.675679,0.600812,0.716741,0.834540,0.768371,0.574385,0.814652,0.745730,0.729999,0.817618, , , ,0.635131,0.829589,0.311715,0.775967,0.852627,0.850635,0.754268,0.747284, ,0.758828,0.644380,0.822284,0.891307,0.698817,0.652579,0.602911,0.709817,0.628222,0.715257,0.679518,0.700765,0.733311,0.673000,0.668586,0.558374,0.675179,0.669317,0.833560,0.614226,0.831734, ,0.882503,0.729685,0.902742,0.739361,0.660834,0.688071,0.837595,0.699960,0.891465, ,0.712322,0.552733,0.568303,0.737892,0.785863,0.815458,0.636001,0.832237,0.749652,0.782030,0.795257,0.410303,0.674703,0.780828,0.801169,0.843427,0.763472,0.750871,0.736599,0.877253,0.824538, ,0.679325,0.898055,0.840728,0.881606,0.890407, ,0.825786,0.852479, ,0.830865,0.805205,0.799745,0.719787,0.796315, ,0.742926,0.785198,0.691018,0.758299,0.618726,0.853773,0.838460,0.720430,0.691383,0.722156,0.878211,0.777441,0.849768,0.841414,0.794230,0.777407,0.781606,0.635007,0.591133,0.642939,0.587744, , ,0.844415,0.804801,0.709187,1.043062,0.732473,0.843130,0.921376,0.632576,0.709903,0.710623,0.695447,0.681296,0.632759,0.712489,0.772536,0.674345,0.748146,0.755855,0.669462,0.709664,0.798363,0.740860,0.693640,0.793725, , , , , , , , , , , , , , , , ,0.478225,0.674734,0.609685,0.799139,0.708124,0.619620,0.733303,0.694053,0.757074,0.702643,0.674239,0.641413,0.768169,0.780678,0.750876,0.793097,1.035145, , ,0.455354,0.983852,0.856189,0.598610,0.940170,0.782965,0.614223,0.524699,1.059880,0.675279, ,0.481823, ,0.756399,0.695981,1.050244,0.694926,0.832356,0.830425,0.768377,0.831455,0.789112, ,0.808606,0.788814,0.759302,0.706420,0.782811,0.771540,0.501190,0.499840,0.647960,0.760072,0.490465,0.451854,0.401656,0.513422, ,0.907724,0.686107,0.614465,0.451493,0.660514,0.619977,0.462499
    Inter-Burst Interval - Avg (sec),3.244631,3.025113,2.362429,2.371776,2.371828,19.743943, ,3.526330,5.551098,2.362478,2.400176, ,12.297833,2.362500, ,3.464907,2.454490,4.222934,2.263049,2.790276,2.920627,13.168750,1.886901,42.760286,1.936671,1.987108,2.793496,1.905623,5.811274, ,2.280960,2.485337, ,3.467365,2.451346,5.140760,53.535486,2.275896,2.961707,14.628224,9.225684,2.307289, , ,5.601774,1.919373,2.371656, ,11.748699,2.535989,2.580905,2.315188,2.752587, ,2.095848,5.750754,59.885840,2.702814,2.088502,2.986592,23.598209,2.791239,2.156388,2.103209, , ,2.839455, , ,12.381027,3.300735, , ,19.043109, ,2.163330, ,4.154634,9.347567, , , , , , , , ,18.158836, , , , , , , , ,2.911631, ,5.922579,2.883618,3.834074,3.140226,3.946043,206.593600,17.225994,3.259915,393.412400,2.630804,18.505418,4.010278,3.178578,2.815936, , , , , , , , , , , , , , , ,2.969560,16.649721,24.910031,26.043571,26.043847,24.910243,24.910435,26.043113,26.041993,22.034366,24.908859,24.911496,22.917619,24.912713,26.044105,26.043393,26.044462,25.203836,24.108727,23.104913,20.536767,24.109722,23.103690,23.105057,24.108177,25.204036,17.638937,24.107527,18.482075,20.537953,23.105327,23.105353,24.109485,25.639509,24.481960,31.673068,31.671431,33.654850,28.338488,25.639787,41.356954,25.638815,26.921236,25.639383,25.639036,25.628457,29.916391,25.639135,35.821008,27.694198,19.762435,141.054580,27.702720,32.319813,27.702274,27.702465,32.318640,27.701737,27.702290,26.461451,30.619907,27.702411,27.695448,27.703482,25.293482,7.554085,5.473253,3.757472,16.509323, ,63.976693,12.836619,105.651333, ,13.492212,19.853663,31.183209,7.379446,26.681611,71.159750,14.628621,8.983819,6.667348,10.138672,7.372010,6.667363,6.899811,6.667357,6.667421,40.593615,6.667299,21.000731,12.387400,6.593201, , ,6.820602,26.824304,26.823228,29.803791,28.235373,28.234547,26.830692,29.815600,28.235175,24.384622,23.324334,22.352670,26.827592,29.803289,20.510919,29.803867,25.546023, , ,13.461192,9.630203,9.629988,10.128167, , ,45.065040,13.350862, , ,9.630052,9.630165,13.350813,48.630627,12.263037,17.097381,17.615232,17.616371,17.615947,17.615350,34.922730,28.356212,17.615699,17.616538,17.754033, ,17.616490,16.609287,17.097485,19.377347,58.627573,52.765088,58.631182,42.893618,40.590443,47.970102,58.628284,28.451108,53.890328,58.627422,47.970436,35.179088,35.837845,58.628347,38.504651,58.629413,58.809867,58.817538,52.941392,58.814080,58.818373,58.820507,58.814204,58.823831,58.809218,58.822916,58.814000,65.798930,52.939272,58.805004,58.822827,58.813627,36.882608,33.009492,48.489673,36.883147,55.322696,41.029717, ,36.884725,20.669974,36.880715,145.575547,36.880155,29.118884,32.546852,36.885595,36.880592,39.510303,39.510314,39.510074,39.510074,39.509971,39.510257,39.509954,39.509926,39.509829,36.877323,39.509200,39.509914,39.509737,39.510023,39.509914,34.571265,17.592201,17.593428,19.353101,17.593728,17.593651,17.593673,17.593343,17.594102,17.592931,17.593830,13.822629,17.593578,17.592713,30.689276, ,17.593707,37.774206,27.843032,37.781806,33.059000,37.782954,37.787806,40.688025,33.064320,33.059540,37.783366,37.781880,37.782377,37.783154,37.782514,35.264709,37.782486,99.317600,19.050269,19.050285,75.835720,20.411283,21.981132,19.050293,19.049941,434.565440,19.050573, ,19.050221,19.050493, ,19.051136,19.846534,22.066400,25.904195,25.904650,24.825410,24.824107,10.272686,7.737922,13.239858,11.956198,25.904407,25.904417,23.833277,25.904362,27.081975,54.163898,25.905162,15.852216,39.620320,31.433760, ,35.362840,35.362140,56.580816,40.414794,29.779251,35.363095,85.834560, ,29.778720,51.505328, ,29.779065, ,171.024320, , , , , , , , , ,49.026040, , , ,44.296443, , , , ,106.597300, , , , , , , , ,9.801949, ,74.508594,34.706837,34.705744,34.706037,34.705739,34.705376,41.647707,22.632677,29.055449,20.919571,34.706485,34.723307,34.706624,29.062182,32.610035,34.706597,29.049493,63.345340,63.340660,63.564260,48.139251,63.342350,63.339850,63.340230,39.116560,63.340760, ,63.339880,63.344240,63.568390,63.206250,63.338570,63.340600,27.791191,33.349333,33.349349,33.349344,31.264925,33.349552,33.349349,33.346448,33.349365,29.425878,33.349483,33.349280,31.264740,31.264930,22.737676,26.328463,17.456351,16.486500,17.684812,24.727102,16.486173,17.524080, ,21.982201,30.436787,72.287140,25.251120,16.042800,15.618411, ,16.486562,13.802796,23.571947,26.939368,14.953106,25.714578,17.251546,28.286224,28.285176,28.285876,26.939265,28.286088,27.465733,23.572960,28.285408,28.285884,18.346648,28.287128,25.234465,27.599804,27.600268,27.600136,42.462425,29.052922,42.461889,27.600316,27.600300,27.600460,42.462258,27.600384,25.093582, ,27.600436,27.600348,31.397981,43.666927,43.662020,43.658787,43.662273,43.658547,43.661720,40.309938,43.661420,43.660780,43.660320,36.012885,34.924507,43.661393,43.664640,43.657653, , , ,31.393793,48.085978,23.259831,33.058625,40.690314,37.071723,37.779857,37.785789, ,37.776343,35.260016,52.898448,75.557486,23.137147,21.353649,23.133697,22.208250,23.133193,23.133427,19.828514,23.137703,23.136047,23.134017,20.562999,23.133603,23.133317,23.132440,23.136780,21.353874,16.077157, ,16.077109,16.077189,16.077227,16.077175,16.074633,16.077344,16.077179,16.077147,49.044000, ,16.075813,29.233947,14.806324,16.077145,27.742640,27.740392,27.739324,27.739744,27.739040,27.740200,27.740172,27.739748,27.739808,27.738916,27.739592,27.740088,27.740244,27.738984,27.738668,27.739832,13.134096, ,27.554325,27.510312,13.134124,13.134160,16.886770, ,13.134187,13.134228, ,13.134489,13.134203,13.134276,13.134196,13.134117, ,24.818264,28.541612,30.043541,28.540276,365.613680,62.062578,134.652347,30.042531,33.577892,28.541968,76.342173,27.182267,30.043453,31.599067,35.676285,124.875760,55.213234,42.839540,34.274256,34.269824,34.271851, , ,34.271451,55.508631,34.271227, ,34.270235,36.719657,141.669120,32.128775,22.463898,26.549360,27.813848,20.160869,18.244828,20.851563,26.547905,26.549582,26.549604,26.549302,26.548058,26.550102,26.547502,26.550658,26.549353,22.487498, , , , , , , , , , , , , , , , ,77.143223,33.750015,29.888901,29.884240,29.887823,29.885592,35.491615,29.887768,41.538615,29.887789,29.887335,25.808360,29.889423,36.000853,52.682144,29.888021,275.618640, , ,19.282387,83.409813,19.282328,19.282363,35.600181,19.282291,24.102963,19.282437, ,19.282288, ,19.282363, ,20.351901,20.352061,43.061648,24.093313,21.859455,20.351975,18.444500,20.351663,20.351263, ,20.351520,20.352039,18.441530,20.351942,20.351752,20.352116,22.969053,22.969607,23.967798,22.969160,22.972457,22.970233,22.969037,22.969400, ,41.184228,23.967840,22.969047,22.968927,22.969153,26.250328,16.124245
    Inter-Burst Interval - Std (sec),2.911001,1.620791,0.577678,0.586601,0.590432,21.898317, ,2.141935,5.012380,0.573897,0.651757, ,17.291427,0.575260, ,3.332012,1.927049,8.622731,1.428791,2.777511,1.834181,8.407534,0.304363,47.575253,0.436645,0.493156,1.769189,0.335980,5.800446, ,1.743214,2.621657, ,5.626476,2.581319,5.874784,41.279241,0.963073,3.347234,19.855302,14.981244,0.933445, , ,13.793288,0.317023,0.937885, ,14.734214,1.592318,2.221620,0.663587,1.481736, ,0.347047,6.545206,78.168562,1.668906,0.331382,1.383104,34.557430,1.447528,0.464476,0.364760, , ,1.976742, , ,6.805889,1.716938, , ,12.877287, ,0.991842, ,8.641056,10.453470, , , , , , , , ,14.838730, , , , , , , , ,0.630831, ,9.695716,0.751198,3.347642,1.162891,2.999291,274.569450,20.728136,1.252384, ,0.494198,21.877266,3.159763,1.447143,0.664908, , , , , , , , , , , , , , , ,2.401566,17.887110,20.297666,20.097911,20.096604,20.295547,20.290828,20.098333,20.198308,18.798729,20.293582,20.287901,20.585859,20.286474,20.118279,20.143813,20.098099,16.175724,16.496909,16.818288,15.832014,16.495418,16.834022,16.834068,16.492971,16.167620,14.220605,16.493301,13.797621,14.876296,17.041385,16.681537,16.507175,23.080434,23.044688,21.956803,22.026829,21.003818,22.751105,22.984896,15.384511,23.006409,22.916508,23.089643,23.079635,21.891879,22.372921,22.115636,20.084256,20.327046,14.234983,76.519740,20.313435,18.646818,20.330581,20.315034,18.648650,20.310563,20.310299,18.655230,19.361361,20.315899,20.297224,20.311958,20.845343,2.787400,2.658950,1.949833,10.864826, ,42.683398,9.223912,77.969513, ,8.079265,11.506827,15.359044,2.983419,19.505822,46.018068,10.069477,4.824541,1.969721,5.494013,3.153157,1.957711,2.424323,1.957738,1.954089,30.194028,1.954018,12.199835,10.525823,2.031176, , ,2.260915,16.692610,16.634419,14.922045,15.942345,15.924231,16.011871,14.922374,15.923733,17.562447,17.300851,15.912912,15.915490,14.923770,11.820905,14.969759,17.088568, , ,11.044302,5.105024,5.105733,6.313721, , ,50.784364,7.760751, , ,5.100919,5.104695,7.909179,56.843480,9.757314,11.529615,11.486633,11.477891,11.479512,11.485379,28.258772,15.611960,11.495085,11.477630,12.107148, ,11.512459,11.398585,11.571758,11.194692,15.553410,20.048876,15.550059,27.500069,29.215822,26.564496,15.554157,24.116011,20.963601,15.553091,26.602029,28.836436,19.014625,15.553903,29.215161,15.553205,111.657388,111.621551,104.382489,111.650154,111.640861,111.632850,111.651302,111.633322,111.652231,111.637415,111.637231,117.235959,106.677904,111.659991,111.630585,111.628275,17.083133,17.348050,18.279213,17.113514,36.813934,16.149987, ,17.096732,13.365809,17.082717,42.614785,17.089648,14.680108,17.632334,17.097182,17.091661,44.498187,44.495194,44.499916,44.490383,44.495848,44.497483,44.483552,44.489952,44.497080,43.986362,44.484762,44.482211,44.496042,44.489197,44.485403,43.041840,8.724468,8.724523,10.955664,8.718584,8.720265,8.719677,8.721485,8.731410,8.734863,8.727593,7.786050,8.720948,8.729727,22.059484, ,8.720424,26.687668,24.783618,26.675545,27.120490,26.673512,26.666530,28.019038,24.394298,27.824726,26.670792,26.673545,26.676837,26.670730,26.678326,26.616874,26.674583,83.902078,12.098134,12.104626,26.706448,13.894631,13.465801,12.099845,12.101427, ,12.097436, ,12.099148,12.099467, ,12.103005,12.301834,17.083875,16.016718,16.019979,16.464501,16.455842,6.960715,3.341299,11.345961,8.843875,16.017059,16.015059,12.329355,16.043038,17.480355,31.472371,16.010337,8.273362,23.245357,15.597963, ,17.248878,20.145606,33.790685,17.194562,14.688398,20.992508,39.196842, ,14.697267,34.441520, ,14.706989, , , , , , , , , , , ,30.045908, , , ,26.155450, , , , ,38.534289, , , , , , , , ,4.297929, ,60.271667,29.824393,29.829853,29.829571,29.824998,29.824073,34.193969,26.172404,29.050262,20.519666,29.824724,29.845282,29.819271,28.293375,30.023871,29.831519,24.492854,37.137515,37.164242,37.411907,40.739453,37.159740,37.230766,37.165498,41.902750,37.192064, ,37.169221,37.129972,37.436635,37.368902,37.166641,37.165149,18.408439,17.795847,17.793424,17.794359,18.084129,17.796675,17.795171,17.795566,17.793844,17.404757,17.796281,17.797857,16.880576,18.052005,15.021152,17.481808,8.677522,8.213401,8.486981,14.198452,8.219521,8.708190, ,10.590217,21.374717,61.277307, ,8.432153,8.622645, ,8.286116,7.969043,13.054316,14.288967,14.299499,14.979250,11.966418,13.374691,13.391911,13.393825,14.286426,13.408355,13.580584,14.484061,13.389797,13.395479,13.450264,13.389209,27.473739,27.828761,27.828306,27.828428,24.442613,27.878121,24.438846,27.842915,27.832728,27.836983,24.421408,27.836349,25.987954, ,27.829422,27.848812,31.812917,38.258957,38.260825,38.265559,38.259544,38.256694,38.264731,29.008165,38.261493,38.262609,38.260776,31.968635,34.494182,38.256299,38.242338,38.266415, , , ,19.355854,16.100762,34.821105,18.272040,20.428045,16.874339,17.276748,17.263828, ,17.280617,17.757040,21.116255,48.345678,39.328416,34.388539,39.344252,37.598806,39.334691,39.333552,32.625634,39.328140,39.326285,39.332489,33.935988,39.334412,39.333040,39.337408,39.326863,34.852052,8.879187, ,8.878577,8.878090,8.878553,8.878505,8.880936,8.877716,8.881767,8.891984,24.675912, ,8.878112,18.113033,8.786370,8.878316,17.364892,17.368182,17.362686,17.367891,17.381905,17.373967,17.370277,17.383237,17.362219,17.361576,17.364422,17.372692,17.366897,17.364185,17.361541,17.368166,11.465943, ,25.412990,28.981549,11.466940,11.466797,17.361701, ,11.467084,11.467073, ,11.467974,11.467435,11.467332,11.467145,11.468268, ,20.462135,24.431424,24.233593,24.400087, ,39.034499,126.720182,24.216821,26.084644,24.410172,37.158286,22.512790,24.433094,23.937648,28.457039,55.794756,34.251914,27.772611,19.771750,19.772629,19.786804, , ,19.774740,30.167219,19.770496, ,19.771099,19.237734,139.031109,20.371020,20.297150,23.677003,23.699468,20.966908,18.241646,19.550726,23.689651,23.691528,23.683829,23.684921,23.685206,23.798422,23.698081,23.700295,23.701329,23.702052, , , , , , , , , , , , , , , , ,39.993071,19.413425,18.429554,18.439640,18.422426,18.417302,23.468329,18.428664,24.232544,18.426892,18.425768,12.350715,18.427367,19.408039,41.138575,18.422422, , , ,8.243983,102.444249,8.245705,8.245770,22.872602,8.245022,15.069008,8.244487, ,8.246903, ,8.244227, ,12.187154,12.194050,30.911133,15.555987,12.710888,12.185562,12.233072,12.187426,12.187280, ,12.189744,12.191146,12.470476,12.183451,12.187517,12.188371,11.809333,11.806380,14.023743,11.805715,11.815924,11.805182,11.806875,11.805125, ,30.049051,14.024044,11.810609,11.794092,11.806877,12.482695,11.482114
    Burst Frequency (Hz),0.273333,0.330000,0.423333,0.421667,0.421667,0.041667,0.001667,0.283333,0.156667,0.423333,0.416667, ,0.060000,0.423333,0.001667,0.250000,0.385000,0.193333,0.438333,0.351667,0.330000,0.015000,0.530000,0.013333,0.515000,0.503333,0.353333,0.523333,0.166667, ,0.435000,0.401667, ,0.261667,0.391667,0.161667,0.013333,0.435000,0.336667,0.051667,0.103333,0.431667,0.001667, ,0.176667,0.520000,0.420000, ,0.040000,0.391667,0.368333,0.431667,0.363333, ,0.476667,0.153333,0.005000,0.370000,0.478333,0.335000,0.040000,0.335000,0.463333,0.475000, , ,0.348333, , ,0.011667,0.045000, , ,0.025000, ,0.461667,0.001667,0.208333,0.041667, , , , , , , , ,0.016667, , , , , , , , ,0.345000,0.001667,0.160000,0.348333,0.253333,0.320000,0.255000,0.005000,0.043333,0.308333,0.003333,0.381667,0.038333,0.250000,0.315000,0.356667, , , ,0.001667, , , ,0.001667, , , , , , , ,0.333333,0.060000,0.040000,0.038333,0.038333,0.040000,0.040000,0.038333,0.038333,0.045000,0.040000,0.040000,0.043333,0.040000,0.038333,0.038333,0.038333,0.038333,0.040000,0.041667,0.046667,0.040000,0.041667,0.041667,0.040000,0.038333,0.055000,0.040000,0.051667,0.046667,0.041667,0.041667,0.040000,0.036667,0.038333,0.030000,0.030000,0.028333,0.033333,0.036667,0.023333,0.036667,0.035000,0.036667,0.036667,0.036667,0.031667,0.036667,0.026667,0.036667,0.051667,0.008333,0.036667,0.031667,0.036667,0.036667,0.031667,0.036667,0.036667,0.038333,0.033333,0.036667,0.036667,0.036667,0.040000,0.131667,0.181667,0.265000,0.060000, ,0.016667,0.076667,0.006667, ,0.073333,0.050000,0.030000,0.133333,0.036667,0.015000,0.065000,0.108333,0.150000,0.098333,0.133333,0.150000,0.145000,0.150000,0.150000,0.020000,0.150000,0.048333,0.078333,0.151667, , ,0.146667,0.035000,0.035000,0.031667,0.033333,0.033333,0.035000,0.031667,0.033333,0.038333,0.040000,0.041667,0.035000,0.031667,0.046667,0.031667,0.036667,0.001667, ,0.071667,0.103333,0.103333,0.098333, , ,0.018333,0.075000, , ,0.103333,0.103333,0.075000,0.011667,0.081667,0.058333,0.056667,0.056667,0.056667,0.056667,0.028333,0.035000,0.056667,0.056667,0.055000,0.001667,0.056667,0.060000,0.058333,0.051667,0.016667,0.018333,0.016667,0.023333,0.023333,0.020000,0.016667,0.035000,0.018333,0.016667,0.020000,0.026667,0.026667,0.016667,0.025000,0.016667,0.016667,0.016667,0.018333,0.016667,0.016667,0.016667,0.016667,0.016667,0.016667,0.016667,0.016667,0.015000,0.018333,0.016667,0.016667,0.016667,0.026667,0.030000,0.020000,0.026667,0.018333,0.023333, ,0.026667,0.048333,0.026667,0.006667,0.026667,0.033333,0.030000,0.026667,0.026667,0.025000,0.025000,0.025000,0.025000,0.025000,0.025000,0.025000,0.025000,0.025000,0.026667,0.025000,0.025000,0.025000,0.025000,0.025000,0.028333,0.056667,0.056667,0.051667,0.056667,0.056667,0.056667,0.056667,0.056667,0.056667,0.056667,0.071667,0.056667,0.056667,0.031667, ,0.056667,0.025000,0.033333,0.025000,0.028333,0.025000,0.025000,0.023333,0.028333,0.028333,0.025000,0.025000,0.025000,0.025000,0.025000,0.026667,0.025000,0.006667,0.051667,0.051667,0.011667,0.048333,0.045000,0.051667,0.051667,0.003333,0.051667, ,0.051667,0.051667,0.001667,0.051667,0.048333,0.046667,0.040000,0.040000,0.041667,0.041667,0.098333,0.130000,0.076667,0.085000,0.040000,0.040000,0.043333,0.040000,0.038333,0.020000,0.040000,0.061667,0.023333,0.031667,0.001667,0.028333,0.028333,0.018333,0.025000,0.033333,0.028333,0.011667, ,0.033333,0.018333, ,0.033333, ,0.003333, , , , , , , , , ,0.021667, , , ,0.023333, , , , ,0.008333, , , , , , , , ,0.103333, ,0.013333,0.026667,0.026667,0.026667,0.026667,0.026667,0.021667,0.045000,0.031667,0.043333,0.026667,0.026667,0.026667,0.031667,0.028333,0.026667,0.031667,0.015000,0.015000,0.015000,0.020000,0.015000,0.015000,0.015000,0.023333,0.015000, ,0.015000,0.015000,0.015000,0.015000,0.015000,0.015000,0.031667,0.026667,0.026667,0.026667,0.028333,0.026667,0.026667,0.026667,0.026667,0.030000,0.026667,0.026667,0.028333,0.028333,0.038333,0.033333,0.058333,0.061667,0.056667,0.038333,0.061667,0.056667, ,0.046667,0.033333,0.015000,0.003333,0.063333,0.065000, ,0.061667,0.073333,0.041667,0.036667,0.068333,0.038333,0.058333,0.035000,0.035000,0.035000,0.036667,0.035000,0.036667,0.041667,0.035000,0.035000,0.055000,0.035000,0.038333,0.035000,0.035000,0.035000,0.023333,0.033333,0.023333,0.035000,0.035000,0.035000,0.023333,0.035000,0.038333, ,0.035000,0.035000,0.030000,0.021667,0.021667,0.021667,0.021667,0.021667,0.021667,0.023333,0.021667,0.021667,0.021667,0.026667,0.026667,0.021667,0.021667,0.021667, , , ,0.030000,0.020000,0.016667,0.028333,0.023333,0.026667,0.025000,0.025000, ,0.025000,0.026667,0.018333,0.013333,0.041667,0.045000,0.041667,0.043333,0.041667,0.041667,0.048333,0.041667,0.041667,0.041667,0.046667,0.041667,0.041667,0.041667,0.041667,0.045000,0.060000, ,0.060000,0.060000,0.060000,0.060000,0.060000,0.060000,0.060000,0.060000,0.013333, ,0.060000,0.031667,0.065000,0.060000,0.035000,0.035000,0.035000,0.035000,0.035000,0.035000,0.035000,0.035000,0.035000,0.035000,0.035000,0.035000,0.035000,0.035000,0.035000,0.035000,0.076667, ,0.030000,0.035000,0.076667,0.076667,0.060000, ,0.076667,0.076667, ,0.076667,0.076667,0.076667,0.076667,0.076667, ,0.040000,0.035000,0.033333,0.035000,0.003333,0.016667,0.006667,0.033333,0.030000,0.035000,0.011667,0.036667,0.033333,0.031667,0.028333,0.008333,0.013333,0.021667,0.026667,0.026667,0.026667, , ,0.026667,0.016667,0.026667,0.001667,0.026667,0.025000,0.005000,0.028333,0.045000,0.038333,0.036667,0.050000,0.055000,0.048333,0.038333,0.038333,0.038333,0.038333,0.038333,0.038333,0.038333,0.038333,0.038333,0.045000, , , , , , , , , , , , , , , , ,0.013333,0.028333,0.033333,0.033333,0.033333,0.033333,0.028333,0.033333,0.023333,0.033333,0.033333,0.038333,0.033333,0.026667,0.018333,0.033333,0.003333, , ,0.051667,0.011667,0.051667,0.051667,0.026667,0.051667,0.041667,0.051667,0.001667,0.051667, ,0.051667, ,0.050000,0.050000,0.010000,0.038333,0.046667,0.050000,0.055000,0.050000,0.050000, ,0.050000,0.050000,0.055000,0.050000,0.050000,0.050000,0.041667,0.041667,0.040000,0.041667,0.041667,0.041667,0.041667,0.041667, ,0.023333,0.040000,0.041667,0.041667,0.041667,0.036667,0.060000
    IBI Coefficient of Variation,0.897175,0.535779,0.244527,0.247326,0.248935,1.109116, ,0.607412,0.902953,0.242921,0.271546, ,1.406055,0.243496, ,0.961646,0.785112,2.041882,0.631357,0.995425,0.628009,0.638446,0.161303,1.112604,0.225461,0.248178,0.633324,0.176310,0.998137, ,0.764246,1.054850, ,1.622695,1.053021,1.142785,0.771063,0.423162,1.130170,1.357328,1.623863,0.404564, , ,2.462307,0.165170,0.395456, ,1.254115,0.627888,0.860791,0.286623,0.538306, ,0.165588,1.138147,1.305293,0.617470,0.158670,0.463104,1.464409,0.518597,0.215396,0.173430, , ,0.696169, , ,0.549703,0.520168, , ,0.676218, ,0.458479, ,2.079860,1.118309, , , , , , , , ,0.817163, , , , , , , , ,0.216659, ,1.637077,0.260505,0.873129,0.370321,0.760076,1.329032,1.203306,0.384177, ,0.187851,1.182209,0.787916,0.455280,0.236123, , , , , , , , , , , , , , , ,0.808728,1.074319,0.814839,0.771703,0.771645,0.814747,0.814551,0.771733,0.775605,0.853155,0.814713,0.814399,0.898255,0.814302,0.772470,0.773471,0.771684,0.641796,0.684271,0.727910,0.770911,0.684181,0.728629,0.728588,0.684124,0.641469,0.806205,0.684156,0.746541,0.724332,0.737552,0.721977,0.684676,0.900190,0.941293,0.693233,0.695479,0.624095,0.802834,0.896454,0.371993,0.897327,0.851243,0.900554,0.900176,0.854202,0.747848,0.862573,0.560684,0.733982,0.720305,0.542483,0.733265,0.576947,0.733896,0.733329,0.577025,0.733187,0.733163,0.704997,0.632313,0.733362,0.732872,0.733192,0.824139,0.368992,0.485808,0.518921,0.658102, ,0.667171,0.718562,0.737989, ,0.598809,0.579582,0.492542,0.404288,0.731059,0.646687,0.688341,0.537026,0.295428,0.541887,0.427720,0.293626,0.351361,0.293630,0.293080,0.743812,0.293075,0.580924,0.849720,0.308071, , ,0.331483,0.622294,0.620150,0.500676,0.564623,0.563998,0.596774,0.500489,0.563968,0.720226,0.741751,0.711902,0.593251,0.500742,0.576323,0.502276,0.668933, , ,0.820455,0.530106,0.530191,0.623382, , ,1.126913,0.581292, , ,0.529688,0.530073,0.592412,1.168882,0.795669,0.674350,0.652085,0.651547,0.651655,0.652010,0.809180,0.550566,0.652548,0.651526,0.681938, ,0.653505,0.686278,0.676811,0.577721,0.265292,0.379965,0.265218,0.641123,0.719771,0.553772,0.265301,0.847630,0.389005,0.265287,0.554550,0.819704,0.530574,0.265297,0.758744,0.265280,1.898617,1.897760,1.971661,1.898358,1.898061,1.897856,1.898373,1.897757,1.898550,1.897856,1.898140,1.781730,2.015100,1.898818,1.897743,1.898000,0.463176,0.525547,0.376971,0.463993,0.665440,0.393617, ,0.463518,0.646629,0.463188,0.292733,0.463383,0.504144,0.541752,0.463519,0.463432,1.126243,1.126167,1.126293,1.126052,1.126193,1.126226,1.125882,1.126045,1.126228,1.192775,1.125934,1.125849,1.126204,1.126023,1.125930,1.245018,0.495928,0.495897,0.566093,0.495551,0.495648,0.495614,0.495726,0.496269,0.496498,0.496060,0.563283,0.495689,0.496213,0.718801, ,0.495656,0.706505,0.890119,0.706042,0.820366,0.705967,0.705691,0.688631,0.737783,0.841655,0.705887,0.705988,0.706066,0.705889,0.706102,0.754774,0.706004,0.844786,0.635064,0.635404,0.352162,0.680733,0.612607,0.635153,0.635247, ,0.635017, ,0.635119,0.635126, ,0.635290,0.619848,0.774203,0.618306,0.618421,0.663212,0.662898,0.677594,0.431808,0.856955,0.739690,0.618314,0.618237,0.517317,0.619318,0.645461,0.581058,0.618037,0.521906,0.586703,0.496217, ,0.487768,0.569694,0.597211,0.425452,0.493243,0.593628,0.456656, ,0.493549,0.668698, ,0.493870, , , , , , , , , , , ,0.612856, , , ,0.590464, , , , ,0.361494, , , , , , , , ,0.438477, ,0.808922,0.859323,0.859508,0.859492,0.859368,0.859350,0.821029,1.156399,0.999821,0.980884,0.859342,0.859517,0.859181,0.973546,0.920694,0.859535,0.843142,0.586271,0.586736,0.588568,0.846283,0.586649,0.587794,0.586760,1.071228,0.587174, ,0.586822,0.586162,0.588919,0.591222,0.586793,0.586751,0.662384,0.533619,0.533546,0.533574,0.578416,0.533641,0.533599,0.533657,0.533559,0.591478,0.533630,0.533680,0.539924,0.577388,0.660628,0.663989,0.497098,0.498189,0.479902,0.574206,0.498571,0.496927, ,0.481763,0.702266,0.847693, ,0.525604,0.552082, ,0.502598,0.577350,0.553807,0.530412,0.956290,0.582520,0.693643,0.472834,0.473460,0.473516,0.530320,0.474026,0.494456,0.614435,0.473382,0.473575,0.733118,0.473332,1.088739,1.008296,1.008262,1.008271,0.575629,0.959563,0.575548,1.008790,1.008421,1.008570,0.575132,1.008549,1.035641, ,1.008296,1.009002,1.013215,0.876154,0.876295,0.876469,0.876261,0.876270,0.876391,0.719628,0.876323,0.876361,0.876328,0.887700,0.987678,0.876204,0.875819,0.876511, , , ,0.616550,0.334833,1.497049,0.552716,0.502037,0.455181,0.457301,0.456887, ,0.457445,0.503603,0.399185,0.639853,1.699795,1.610429,1.700733,1.693011,1.700357,1.700291,1.645390,1.699743,1.699784,1.700201,1.650342,1.700315,1.700277,1.700530,1.699755,1.632118,0.552286, ,0.552250,0.552217,0.552244,0.552243,0.552481,0.552188,0.552446,0.553082,0.503138, ,0.552265,0.619589,0.593420,0.552232,0.625928,0.626097,0.625923,0.626101,0.626622,0.626310,0.626178,0.626654,0.625895,0.625892,0.625980,0.626267,0.626054,0.625985,0.625897,0.626109,0.872991, ,0.922287,1.053479,0.873065,0.873051,1.028124, ,0.873072,0.873068, ,0.873119,0.873097,0.873084,0.873076,0.873166, ,0.824479,0.855993,0.806616,0.854935, ,0.628954,0.941092,0.806085,0.776840,0.855238,0.486733,0.828216,0.813259,0.757543,0.797646,0.446802,0.620357,0.648294,0.576869,0.576969,0.577349, , ,0.577003,0.543469,0.576883, ,0.576918,0.523908,0.981379,0.634043,0.903545,0.891811,0.852074,1.039980,0.999826,0.937614,0.892336,0.892350,0.892060,0.892111,0.892163,0.896359,0.892667,0.892644,0.892727,1.054010, , , , , , , , , , , , , , , , ,0.518426,0.575212,0.616602,0.617036,0.616386,0.616260,0.661236,0.616596,0.583374,0.616536,0.616508,0.478555,0.616518,0.539099,0.780883,0.616381, , , ,0.427540,1.228204,0.427630,0.427633,0.642486,0.427596,0.625193,0.427565, ,0.427693, ,0.427553, ,0.598821,0.599156,0.717834,0.645656,0.581482,0.598741,0.663237,0.598842,0.598846, ,0.598960,0.599014,0.676217,0.598638,0.598844,0.598875,0.514141,0.514000,0.585108,0.513981,0.514352,0.513934,0.514034,0.513950, ,0.729625,0.585119,0.514197,0.513480,0.514032,0.475525,0.712102
    Normalized Duration IQR,0.336194,0.681571,0.312367,0.306143,0.272129,1.824741, ,1.071277,0.344935,0.346500,0.431032, ,0.866251,0.328520, ,0.502342,0.468953,1.115529,0.606096,0.712674,0.387784,0.302875,0.291852,0.213342,0.743528,0.380127,0.423435,0.390019,0.583087, ,0.578279,0.486112, ,0.543497,0.302454,0.206477,0.697076,0.639617,0.535438,0.362682,0.269957,0.442138, , ,0.559531,0.300204,0.588185, ,1.007719,0.308298,0.337720,0.362262,0.403991, ,0.207763,0.000000, ,0.353794,0.227335,0.642609,0.000000,0.698589,0.381130,0.305349, , ,0.355874, , ,0.024686,0.256528, , ,0.398027, ,0.398488, ,0.720836,0.529851, , , , , , , , ,0.334708, , , , , , , , ,1.013375, ,0.639844,0.526684,0.763761,0.324526,3.104663, ,0.000000,0.595386, ,0.411104,0.000000,0.472560,0.398065,0.813326, , , , , , , , , , , , , , , ,0.283891,1.125464,0.575408,0.112321,0.103925,0.221004,0.337264,0.166279,0.257636,0.455948,0.510715,0.169088,0.748612,0.000000,0.182265,0.665559,0.182531,0.476365,0.175614,0.174512,1.076556,0.325988,0.261440,0.605200,0.000000,0.149492,0.470101,0.109855,0.811285,0.626745,0.392734,0.527120,0.445602,5.264255,3.338205,4.748855,2.871283,4.587539,4.954778,0.536032,0.858090,5.740724,4.664428,6.427192,4.710437,7.386856,1.242106,2.229120,9.306827,1.472414,2.700542,0.000000,2.958230,4.980959,2.609492,4.492457,4.558413,9.234040,1.047194,17.034664,9.645140,6.074519,0.745664,6.808004,0.224239,0.211373,0.586868,0.356759,0.461716, ,3.295864,0.922946,0.297253, ,0.535356,0.463713,1.644780,0.315073,1.569951,0.449014,1.812532,0.715001,0.283891,0.863676,0.285348,0.790930,0.000000,0.181868,0.308190,0.000000,0.231928,0.000000,0.000000,0.443706, , ,0.737114,0.899103,5.602618,8.412459,3.644634,5.187189,1.221527,2.437703,5.576890,0.909238,0.781844,1.496875,3.493024,12.130623,1.941010,14.145698,4.849811, , ,0.548794,0.259125,0.335726,0.305743, , ,0.000000,1.628527, , ,0.260496,0.816211,0.354462,0.000000,0.757678,0.300300,0.283249,0.374066,0.136376,0.291441,0.470395,0.471281,0.307433,0.163349,1.090755, ,0.299223,0.756500,0.610963,0.715001,0.000000,0.000000,0.286437,0.232089,0.985237,0.000000,0.000000,2.302210,0.000000,0.000000,4.705085,1.562669,1.678081,0.468195,0.947021,0.183872,0.589418,0.190208,0.594217,0.382763,0.450414,0.224105,0.152918,0.252268,0.349268,0.162659,0.172349,0.072368,0.521898,0.481714,0.335344,0.463794,1.022568,0.413140,0.858071,0.617785,2.291128,3.916776, ,0.923646,1.200462,0.677267,0.086667,1.023672,0.628068,1.042089,1.639910,0.968086,0.218750,0.736649,0.146345,0.614111,0.364265,0.109089,0.000000,0.911843,0.107404,0.570208,0.198611,0.117599,0.802084,0.119508,0.699023,1.409555,0.154000,0.234317,0.000000,0.522443,0.281813,0.312422,0.000000,0.125000,0.393682,0.294066,0.491329,0.689395,0.652543,0.638393, ,0.000000,2.224788,0.216714,0.194899,0.000000,0.105859,0.302966,0.000000,0.472425,0.105324,0.406250,0.159598,0.313793,1.500376,0.510021,0.221395,0.153716,0.890570,0.192500,0.346607,0.568751,0.000000,0.517046,0.220291,0.153340, ,0.454450, ,0.207849,0.257592, ,0.193692,0.000000,0.554060,0.317375,0.234646,0.659943,0.298866,0.771500,0.583809,1.018658,2.390305,0.156995,0.291780,0.341716,0.000000,0.383232,0.210294,0.108427,1.131206,1.373325,2.215456, ,0.514495,3.580205,0.743962,0.958738,2.064090,1.391188,0.837732, ,0.399378,1.153123, ,1.433100, , , , , , , , , , , ,1.751533, , , ,0.345363, , , , ,0.542752, , , , , , , , ,0.375869, ,1.092796,0.088867,0.110486,0.216106,0.114270,0.224641,2.766288,6.548605,0.208368,1.283883,0.000000,0.184211,3.532189,0.841020,0.200360,0.210560,0.096921,0.525001,0.428511,0.000000,3.497746,0.219904,0.270249,6.231164,0.000000,14.032724, ,20.524121,5.682538,0.405592,0.427048,22.089453,9.807282,0.160829,0.101769,0.065596,0.112497,0.223305,0.122522,0.085702,0.068977,0.259058,0.156406,0.000000,0.143987,0.000000,0.092411,0.416775,0.474858,0.000000,0.000000,0.389495,0.000000,0.000000,1.041263, ,0.376883,0.000000,0.000000, ,0.483375,0.735165, ,0.254319,1.008396,0.428217,0.375268,5.605316,0.268509,0.530805,0.317308,0.262868,0.000000,0.677660,0.321658,0.263237,0.767639,0.298154,0.000000,0.539332,0.486238,9.489446,8.757432,11.202663,8.741276,2.844159,10.340919,2.950520,8.293596,8.351798,8.107721,3.445434,8.471417,8.988874, ,7.428579,8.661608,0.492619,0.601804,0.176357,0.469415,0.000000,0.175614,0.163136,0.541521,0.286546,0.280970,0.454340,0.640846,14.601105,0.506170,0.549196,0.516436, , , ,0.819150,0.456661,2.390491,0.000000,0.209590,0.165073,0.235863,0.136898, ,0.085119,0.343514,0.680274,0.000000,0.199456,0.254492,0.811261,0.368648,0.402008,0.282195,0.448477,0.265096,0.200521,0.328988,0.399548,0.301506,0.319360,0.388346,0.000000,0.359900,0.000000, ,0.000000,0.221265,0.624065,0.397538,1.449326,0.225654,0.282449,0.893751,3.051832, ,0.332780,0.601563,1.392099,0.641119,0.088994,0.092480,1.317107,0.086712,0.132268,0.091399,0.109952,0.083808,0.489152,0.000000,0.098214,0.167841,0.000000,0.139649,0.143492,0.202960,0.179391, ,0.409575,0.000000,0.000000,0.000000,0.000000, ,0.000000,0.290314, ,0.000000,0.278365,0.000000,0.233225,0.152685, ,0.542506,0.278986,0.371659,0.210471, ,0.570479,0.231713,0.299462,0.366131,0.353461,3.508181,0.158990,0.000000,0.276825,0.220291,0.000000,0.926853,1.450973,0.888813,0.541277,0.716707, , ,0.223238,1.010432,2.085419, ,0.248141,0.551212, ,0.410246,0.585870,0.212617,0.363208,0.821840,0.341406,0.544360,0.095443,0.415146,0.245343,0.342574,0.249419,0.391261,0.205629,0.086832,0.304997,0.315973, , , , , , , , , , , , , , , , ,0.887237,5.819773,0.524267,0.340662,1.183683,1.548099,0.810996,0.179777,15.451932,0.295281,0.578747,1.562204,4.491671,0.898027,0.236531,0.412954, , , ,0.154158,0.665559,0.000000,0.614219,0.613358,0.361633,1.100001,0.271421, ,3.900004, ,0.183917, ,0.121011,0.342691,0.000000,0.373508,0.321246,0.177482,0.203566,0.119394,0.102562, ,0.106218,0.256054,0.572393,0.186060,0.137727,0.217043,0.127031,1.046062,0.130953,1.472753,0.787713,0.186198,0.063258,0.172984, ,0.630353,0.212617,0.089120,0.122973,0.461716,4.277782,0.395795
    Burst Percentage,52.878625,73.915237,81.437414,73.766911,76.383567,19.191919,2.684564,63.549161,45.970991,74.178681,67.330273,0.000000,20.349154,81.888928,1.572327,60.418934,59.662684,33.586921,65.604176,59.375490,48.253452,5.558195,78.361613,7.352941,73.628444,72.202074,63.195295,73.763597,31.852961,0.000000,55.965996,49.374479,0.000000,50.842214,56.452665,29.498861,6.849315,67.179229,60.497544,22.163588,26.550999,76.946994,1.424501, ,48.151062,76.596695,67.507501,0.000000,15.064935,55.375167,45.231450,74.900941,50.699723, ,83.227867,41.506229,3.722084,71.618085,87.216353,56.558170,15.970288,64.812443,79.467837,77.699646, ,0.000000,53.204841,0.000000, ,32.377248,12.205937,0.000000,0.000000,7.568673,0.000000,68.283267,0.683594,34.366477,9.842310,0.000000, , ,0.000000, , ,0.000000, ,48.226950,0.000000,0.000000, , , , , ,0.000000,73.153211,1.199041,33.594611,66.331788,47.538773,58.990909,59.607509,3.963415,24.319728,60.204705,3.508772,67.661864,27.078385,56.254272,44.530824,71.944227, ,0.000000, ,1.265823,0.000000,0.000000, ,1.067073, , , ,0.000000,0.000000, , ,53.351858,80.696662,87.592440,98.176718,97.083333,82.802125,73.913043,95.031546,64.165307,65.144821,76.837996,75.903614,39.371069,35.809988,50.568679,43.958536,77.901110,98.936170,91.263058,44.937238,47.693105,92.847682,87.695313,81.818182,94.827586,99.453552,83.709788,96.171171,83.071553,87.204724,47.274085,79.888614,86.606409,64.582580,72.042492,79.558728,82.323232,80.801105,92.568754,93.025641,49.941962,97.733918,94.678645,95.615034,81.777023,72.099768,95.966030,92.643229,92.814371,34.657534,68.695652,34.920635,84.856263,96.923077,70.688566,88.137755,95.955056,92.126984,60.756501,97.872340,96.774194,84.400361,57.819905,83.416335,26.454242,95.967339,75.359540,87.244424,92.239468,0.000000,38.750000,53.865259,24.271845,0.000000,68.454259,75.739645,71.167883,71.478371,65.461847,42.342342,62.132353,77.340824,90.791599,71.240876,90.924658,85.203252,94.460227,95.647321,94.180791,18.233618,91.251094,42.228739,57.415254,52.959029,0.000000,0.000000,90.818363,76.216216,93.297943,83.373206,79.152120,87.113703,69.769585,60.448808,90.166667,86.343367,83.711340,88.395336,86.526069,99.376299,56.616976,95.393759,93.650794,7.407407,0.000000,65.770171,94.101382,93.475243,95.307443,0.000000,0.000000,28.947368,50.546022,0.000000,0.000000,82.733224,91.207349,73.298429,18.452381,81.103779,92.769104,89.530686,96.177559,95.099183,81.710526,65.467626,78.571429,28.893443,97.938144,92.569659,14.285714,21.228369,86.900958,82.781457,95.617530,66.301370,86.018237,10.613905,77.858177,76.284585,80.000000,92.075472,94.553377,55.428571,86.633663,61.649215,39.190751,28.773126,70.000000,83.900929,96.969697,96.774194,63.275434,94.013304,90.596745,98.717949,88.076923,93.129771,96.832579,99.557522,97.247706,97.596154,92.655367,95.008606,60.385439,92.399050,95.463138,91.935484,98.050682,91.244240,94.948187,87.826087,84.549356, ,69.468268,89.931973,89.501312,52.000000,98.335467,83.258929,57.168675,93.927126,97.566910,91.125541,98.039216,99.463807,95.094340,99.647887,99.367089,98.104265,96.601942,97.345133,59.148551,95.481336,95.937500,95.280236,87.250000,82.341651,73.658537,84.011628,81.647940,93.750000,99.610895,92.774566,98.511905,83.967391,96.853147,87.440758,85.595568,93.216374,86.023295,93.891403,66.666667,0.000000,99.463807,77.894737,70.561457,99.280576,61.920530,97.667638,77.435065,95.833333,83.160083,87.224670,94.660194,99.598394,97.979798,97.160883,97.448980,58.711721,99.065421,21.794872,90.853659,85.451505,34.939759,83.333333,73.877551,97.229917,88.187702,13.559322,99.047619,0.000000,98.143236,97.333333,8.333333,91.441441,94.886364,91.889219,86.968839,94.414414,47.846333,64.366883,81.453548,77.304383,62.017027,85.475194,90.983607,61.120264,90.151515,75.268817,95.378151,68.085106,90.215589,84.986162,57.936508,95.469256,33.333333,92.857143,94.621027,76.635514,82.272727,91.505792,94.482759,89.189189, ,55.632184,89.035088,0.000000,94.007491, ,86.666667,0.000000, , ,0.000000,0.000000, , , , ,82.539683, , ,0.000000,76.623377, , , , ,40.259740,0.000000, , , , , , , ,97.231405, ,63.636364,97.947214,98.522167,16.862988,97.885196,36.158940,62.727273,90.701468,83.864916,82.375479,97.950820,74.421965,98.305085,77.777778,71.310116,97.222222,86.481802,77.272727,71.962617,71.074380,80.497132,72.784810,74.264706,88.617886,21.370310,69.777778, ,84.313725,89.302326,70.000000,66.019417,90.789474,92.244898,65.649718,18.617958,85.410334,94.117647,91.049914,93.067847,94.669118,85.427807,60.356789,61.854584,96.856582,94.132335,87.004405,51.248751,89.302326,72.200772,86.241611,95.064935,78.260870,67.195767,79.551821,86.250000,0.000000,67.619048,53.551913,33.870968,9.278351,88.038943,61.045891,0.000000,85.240964,68.891538,63.202012,89.669421,88.639366,75.345377,82.080201,86.097152,99.000000,97.772829,83.163842,86.950355,88.647959,75.361156,86.569343,97.894737,83.900227,87.588652,23.007835,98.096026,96.510067,96.831530,97.518610,97.485207,85.656566,97.458456,96.115288,96.009577,81.828571,96.057924,84.668508, ,98.124383,66.034063,84.761905,94.324324,96.583851,75.407407,99.186992,95.609756,97.849462,88.354430,98.026316,96.844660,88.221154,85.853659,21.492205,92.878338,86.880466,90.476190,0.000000,0.000000, ,98.955614,92.000000,70.707071,96.486486,94.791667,90.588235,98.481013,92.326733,0.000000,61.653117,95.795796,41.420118,70.967742,65.399842,47.796024,94.670846,96.514161,44.172380,94.310345,43.283082,94.814815,98.800000,92.648445,90.761271,94.103490,89.906103,93.009986,99.016393,70.328988,99.711816,0.000000,98.106061,89.519651,99.504950,92.743764,85.052632,99.532710,97.236181,93.147752,31.404959,0.000000,73.409462,63.084112,86.378738,97.619048,95.615276,99.111111,89.144050,86.978508,82.472138,98.752228,97.037037,95.092025,76.278119,99.523810,98.630137,99.412628,89.268293,87.096774,97.014925,97.685185,95.100503, ,48.780488,56.886228,95.248869,99.450549,86.639676,0.000000,98.904538,99.093656,0.000000,75.894246,96.498906,96.285714,91.078067,95.254630,0.000000,44.221352,94.623656,88.253012,35.027933,21.951220,62.244898,38.596491,90.318302,60.472973,78.389831,50.000000,94.444444,95.148248,90.155440,82.127660,40.384615,59.375000,88.235294,93.607306,87.791741,54.934823,0.000000,0.000000,95.723684,55.118110,99.295775,27.777778,76.017131,93.258427,38.235294,98.604651,53.267785,98.731884,96.923077,30.623520,86.426426,87.597572,95.286195,42.232451,95.918367,85.653650,93.244873,75.000000,42.256519,93.667007,85.726351,37.588882, , , , , , , , , , , , , , , , ,54.444444,86.440678,91.153239,95.345745,98.739496,48.032564,36.853448,98.615917,81.967213,98.996656,91.899441,66.294487,17.206883,96.521739,68.674699,98.406375,11.764706,0.000000, ,97.629630,27.102804,92.193309,97.515528,61.538462,85.116279,83.615819,99.339207,8.333333,88.544892,0.000000,98.365123,0.000000,92.969871,90.516333,35.294118,87.032419,97.783251,98.382749,85.000000,97.680098,97.508126,0.000000,95.407577,91.556291,49.014567,94.278607,97.766323,94.258373,75.000000,94.531250,95.982143,97.416021,74.492099,98.446602,98.293515,93.201133,0.000000,63.829787,93.063584,92.307692,84.123223,91.160221,85.714286,81.555556
Viability Metrics
    Resistance (kOhms), , , , , , , , , , , , , , , , , , , , , , , , , , , , , , , , , , , , , , , , , , , , , , , , , , , , , , , , , , , , , , , , , , , , , , , , , , , , , , , , , , , , , , , , , , , , , , , , , , , , , , , , , , , , , , , , , , , , , , , , , , , , , , , , , , , , , , , , , , , , , , , , , , , , , , , , , , , , , , , , , , , , , , , , , , , , , , , , , , , , , , , , , , , , , , , , , , , , , , , , , , , , , , , , , , , , , , , , , , , , , , , , , , , , , , , , , , , , , , , , , , , , , , , , , , , , , , , , , , , , , , , , , , , , , , , , , , , , , , , , , , , , , , , , , , , , , , , , , , , , , , , , , , , , , , , , , , , , , , , , , , , , , , , , , , , , , , , , , , , , , , , , , , , , , , , , , , , , , , , , , , , , , , , , , , , , , , , , , , , , , , , , , , , , , , , , , , , , , , , , , , , , , , , , , , , , , , , , , , , , , , , , , , , , , , , , , , , , , , , , , , , , , , , , , , , , , , , , , , , , , , , , , , , , , , , , , , , , , , , , , , , , , , , , , , , , , , , , , , , , , , , , , , , , , , , , , , , , , , , , , , , , , , , , , , , , , , , , , , , , , , , , , , , , , , , , , , , , , , , , , , , , , , , , , , , , , , , , , , , , , , , , , , , , , , , , , , , , , , , , , , , , , , , , , , , , , , , , , , , , , , , , , , , , , , , , , , , , , , , , , , , , , , , , , , , , , , , , , , , , , , , , , , , , , , , , , , , , , , , , , , , , , , , , , , , , , , , , , , , , , , , , , , , , , , , , , , , , , , , , , , , , , , , , , , , , , , , , , , , , , , , , , , , , , , , , , , , , , , , , , , , , , , , , 

