AxIS Spike File,O:\DGK\IRAS\TOX\NTX\Users\Lennart\200814_LvM_256063_1298-03_MEA_rCortex_Permethrin_exposure_male_DIV11(000)_Spike Detector (7 x STD)(000).spk
File Type,48-well

Analysis Start,1500.000000
Analysis End,2100.000000
Active Electrode Criterion (spks/min),
Remove Coincident Artifacts,True

Electrode Burst Settings,
    Algorithm,Poisson Surprise,
    Min Surprise,10.000000

Network Burst Settings,
    Algorithm,ISI Threshold,Adaptive,
    Min # of Spikes,40.000000
    Min # of Electrodes (%),15.000000
Synchrony Settings,
    Synchrony Window,20.000000

Evoked Analysis Settings,
    Events,0 to 0
    Peri-stimulus Window Start (ms),0.000000
    Peri-stimulus Window End (ms),100.000000
    Bin Size (ms),1.000000

Well Averages,A1,A2,A3,A4,A5,A6,A7,A8,B1,B2,B3,B4,B5,B6,B7,B8,C1,C2,C3,C4,C5,C6,C7,C8,D1,D2,D3,D4,D5,D6,D7,D8,E1,E2,E3,E4,E5,E6,E7,E8,F1,F2,F3,F4,F5,F6,F7,F8,
Treatment/ID,,,,,,,,,,,,,,,,,,,,,,,,,,,,,,,,,,,,,,,,,,,,,,,,
Activity Metrics
    Number of Spikes,59340.000000,49042.000000,54439.000000,58488.000000,32783.000000,39670.000000,40349.000000,58816.000000,46331.000000,23918.000000,30385.000000,30946.000000,31732.000000,41241.000000,47916.000000,25660.000000,17233.000000,24068.000000,29464.000000,20391.000000,23828.000000,13513.000000,21130.000000,37051.000000,27788.000000,28399.000000,16157.000000,27263.000000,22524.000000,17796.000000,25717.000000,46829.000000,27843.000000,24755.000000,24932.000000,15415.000000,23545.000000,22433.000000,0.000000,30662.000000,36282.000000,23363.000000,30358.000000,24983.000000,35709.000000,23469.000000,21724.000000,19901.000000
    Mean Firing Rate (Hz),6.181250,5.108542,5.670729,6.092500,3.414896,4.132292,4.203021,6.126667,4.826146,2.491458,3.165104,3.223542,3.305417,4.295938,4.991250,2.672917,1.795104,2.507083,3.069167,2.124063,2.482083,1.407604,2.201042,3.859479,2.894583,2.958229,1.683021,2.839896,2.346250,1.853750,2.678854,4.878021,2.900313,2.578646,2.597083,1.605729,2.452604,2.336771,0.000000,3.193958,3.779375,2.433646,3.162292,2.602396,3.719688,2.444688,2.262917,2.073021
    ISI Coefficient of Variation - Avg,3.972595,3.509084,3.694685,3.987680,2.976040,3.385170,3.221136,4.520782,3.909144,2.925220,3.266348,3.045351,3.261081,4.417671,3.617067,3.158153,4.358226,5.118070,6.113269,4.176392,4.948321,3.586182,6.018615,5.245255,4.617978,4.731576,4.793120,4.609400,4.631706,4.118007,5.334249,5.355529,4.455113,4.359072,5.602999,4.374275,5.690364,4.696488, ,5.345629,5.110325,4.174417,4.477131,5.888731,4.673431,5.039985,4.239083,4.801515
    Number of Active Electrodes,16.000000,16.000000,16.000000,16.000000,16.000000,16.000000,16.000000,16.000000,16.000000,16.000000,16.000000,15.000000,16.000000,15.000000,16.000000,16.000000,16.000000,16.000000,16.000000,15.000000,15.000000,12.000000,15.000000,16.000000,15.000000,14.000000,14.000000,15.000000,15.000000,14.000000,15.000000,16.000000,16.000000,16.000000,16.000000,15.000000,14.000000,15.000000,0.000000,15.000000,15.000000,16.000000,16.000000,15.000000,16.000000,16.000000,16.000000,16.000000
    Weighted Mean Firing Rate (Hz),6.181250,5.108542,5.670729,6.092500,3.414896,4.132292,4.203021,6.126667,4.826146,2.491458,3.165104,3.437889,3.305417,4.579000,4.991250,2.672917,1.795104,2.507083,3.069167,2.263000,2.642889,1.868194,2.345667,3.859479,3.082333,3.373333,1.921905,3.024778,2.499889,2.117619,2.855333,4.878021,2.900312,2.578646,2.597083,1.712556,2.795833,2.489111, ,3.406889,4.031333,2.433646,3.162292,2.769333,3.719688,2.444688,2.262917,2.073021
Electrode Burst Metrics
    Number of Bursts,1370.000000,1608.000000,2091.000000,1976.000000,1544.000000,1405.000000,1583.000000,1551.000000,1744.000000,1232.000000,1601.000000,1237.000000,1707.000000,1524.000000,1902.000000,995.000000,955.000000,611.000000,704.000000,632.000000,678.000000,665.000000,492.000000,1230.000000,1137.000000,827.000000,527.000000,971.000000,759.000000,692.000000,706.000000,1612.000000,1045.000000,982.000000,640.000000,679.000000,607.000000,923.000000,0.000000,946.000000,1172.000000,1101.000000,1261.000000,822.000000,1288.000000,872.000000,979.000000,917.000000
    Number of Bursting Electrodes,14.000000,16.000000,14.000000,15.000000,14.000000,16.000000,14.000000,15.000000,16.000000,16.000000,15.000000,15.000000,15.000000,15.000000,15.000000,14.000000,16.000000,16.000000,16.000000,15.000000,15.000000,11.000000,15.000000,16.000000,14.000000,14.000000,14.000000,15.000000,15.000000,14.000000,15.000000,16.000000,16.000000,16.000000,16.000000,15.000000,15.000000,15.000000,0.000000,15.000000,14.000000,16.000000,16.000000,15.000000,16.000000,16.000000,16.000000,16.000000
    Burst Duration - Avg (sec),0.263473,0.156495,0.197993,0.164358,0.156885,0.147984,0.145883,0.212520,0.153768,0.122405,0.113445,0.127439,0.132506,0.200284,0.164044,0.142432,0.125153,0.267689,0.376572,0.188447,0.222483,0.191742,0.405898,0.171576,0.139705,0.172797,0.202605,0.213851,0.249852,0.199154,0.196292,0.185620,0.250847,0.134727,0.318506,0.138405,0.250956,0.148765, ,0.253937,0.165645,0.113729,0.135461,0.272878,0.177454,0.223858,0.120328,0.112200
    Burst Duration - Std (sec),0.134663,0.104130,0.080553,0.070365,0.058499,0.103135,0.071625,0.113078,0.084257,0.067175,0.044214,0.082182,0.052313,0.094260,0.119529,0.085611,0.077508,0.259175,0.385213,0.157504,0.170875,0.150923,0.395704,0.113057,0.091950,0.133187,0.175942,0.151560,0.186069,0.131656,0.084935,0.149282,0.231252,0.074722,0.326976,0.042292,0.234674,0.073044, ,0.208830,0.052483,0.063807,0.071076,0.134888,0.116902,0.061421,0.045683,0.039694
    Number of Spikes per Burst - Avg,28.308909,18.894451,20.662451,22.654990,14.162705,17.316210,17.233138,29.813721,20.601825,11.493123,13.930689,13.830883,14.201529,21.586936,19.118658,16.712059,16.897023,31.172463,39.771034,22.691780,29.078548,16.887284,38.502626,28.437881,20.670177,26.479209,25.286723,25.121337,23.770991,20.254123,30.638859,26.879314,21.086735,20.744291,33.777984,20.213001,30.363547,19.722502, ,27.159978,28.504978,18.614752,21.669532,27.148955,24.455043,23.483452,18.783604,20.140575
    Number of Spikes per Burst - Std,18.168386,14.136240,8.899557,12.088601,5.670991,13.973011,10.192106,19.896117,13.895244,6.233982,5.918014,9.469950,5.276647,9.655650,14.147970,10.038061,7.393346,25.702172,31.492618,20.306770,20.500554,8.637367,24.021707,13.005908,14.213103,17.013570,19.696290,19.735492,14.565646,11.143723,15.768936,20.049584,16.901682,10.487789,36.409962,11.018461,15.414795,9.315786, ,15.023329,9.905548,8.737564,9.795876,11.862056,10.104965,10.094548,9.721646,7.237348
    Mean ISI within Burst - Avg (sec),0.012355,0.008984,0.010313,0.008629,0.012267,0.009472,0.009662,0.008556,0.009058,0.011601,0.008944,0.010551,0.010085,0.010676,0.009327,0.010626,0.006657,0.009313,0.008966,0.010404,0.008629,0.014726,0.010769,0.006053,0.007901,0.007409,0.009265,0.009575,0.012514,0.010382,0.007497,0.007719,0.012259,0.007092,0.010614,0.008435,0.008218,0.007995, ,0.008099,0.006703,0.006489,0.006706,0.011157,0.008060,0.009216,0.007628,0.006153
    Mean ISI within Burst - Std (sec),0.009612,0.004708,0.003572,0.003385,0.003743,0.002478,0.004598,0.003056,0.003656,0.003494,0.002463,0.004503,0.001811,0.006148,0.002966,0.007517,0.002707,0.003458,0.002578,0.003251,0.002469,0.018510,0.005354,0.001656,0.003194,0.002010,0.003065,0.002843,0.006589,0.004106,0.002488,0.004605,0.010580,0.002158,0.003573,0.003061,0.003546,0.002361, ,0.003100,0.002956,0.002244,0.001591,0.007935,0.006062,0.004789,0.004132,0.001945
    Median ISI within Burst - Avg (sec),0.008746,0.007314,0.008250,0.006451,0.009606,0.007012,0.007606,0.006531,0.007379,0.008483,0.006580,0.007711,0.007692,0.008052,0.007033,0.007919,0.004506,0.007017,0.006120,0.007437,0.005807,0.007736,0.007195,0.004385,0.005874,0.005487,0.006242,0.006929,0.009116,0.007376,0.005433,0.005392,0.007680,0.004748,0.007121,0.006232,0.005858,0.005251, ,0.004876,0.004843,0.004571,0.004865,0.005704,0.005901,0.004880,0.004973,0.004227
    Median ISI within Burst - Std (sec),0.004625,0.004456,0.003726,0.003176,0.003670,0.001917,0.004240,0.002485,0.003367,0.003094,0.001929,0.003154,0.002052,0.004692,0.003248,0.006319,0.001468,0.003403,0.001648,0.002906,0.001647,0.004846,0.003804,0.001113,0.002468,0.001733,0.002074,0.002366,0.005285,0.003069,0.001959,0.002749,0.005681,0.001327,0.002517,0.002741,0.002908,0.001224, ,0.001309,0.002344,0.001480,0.001630,0.003812,0.004854,0.001822,0.002419,0.001364
    Median/Mean ISI within Burst - Avg,0.780897,0.814190,0.791107,0.744335,0.775659,0.759363,0.791077,0.774227,0.813514,0.753474,0.754179,0.747597,0.765286,0.762397,0.749574,0.761746,0.763578,0.750490,0.703984,0.729461,0.694247,0.685793,0.689275,0.739477,0.755983,0.752371,0.690884,0.730239,0.736415,0.717261,0.737852,0.732792,0.724664,0.700937,0.702558,0.735489,0.719305,0.716478, ,0.684303,0.723819,0.723727,0.731127,0.650159,0.731892,0.667257,0.705532,0.714719
    Median/Mean ISI within Burst - Std,0.122491,0.079153,0.093234,0.074678,0.074339,0.075955,0.074338,0.052189,0.094700,0.066962,0.043920,0.063288,0.075239,0.056696,0.083400,0.113247,0.047879,0.099560,0.081459,0.114419,0.048075,0.149532,0.061287,0.057069,0.041439,0.071521,0.065265,0.067798,0.070859,0.066352,0.072451,0.045246,0.089491,0.075927,0.071029,0.061465,0.061065,0.059022, ,0.104621,0.049578,0.079723,0.082668,0.089230,0.069970,0.047834,0.034546,0.047184
    Inter-Burst Interval - Avg (sec),15.823888,10.351204,5.943381,6.285966,15.599261,26.067250,31.384578,6.703950,55.687327,20.735288,8.059214,17.109224,10.376079,13.024952,4.574596,12.915958,10.095755,18.083146,13.855974,31.554848,14.786843,9.046993,18.182756,7.796108,8.845623,20.267666,16.531210,9.346056,20.953916,27.666082,15.016841,7.044697,17.004916,10.126465,14.981432,13.339357,13.862730,11.205531, ,20.243890,7.132885,11.773172,7.999561,10.975310,7.948109,12.559794,11.204530,10.820669
    Inter-Burst Interval - Std (sec),18.971896,14.241512,7.567870,6.185293,24.928921,45.382782,87.952374,3.317168,132.918140,28.084728,7.349615,20.612403,14.624390,25.691186,1.075080,12.446624,1.899662,11.451338,1.803388,42.975028,7.685194,0.854030,0.482399,0.215498,6.122963,35.699698,4.457509,1.257152,37.521275,43.651101,11.078752,5.589927,24.716808,5.718008,0.830664,2.150169,1.098828,6.600502, ,31.287978,0.439250,14.270110,2.282076,1.966903,3.294077,7.243843,6.188061,2.153071
    Burst Frequency - Avg (Hz),0.163095,0.167500,0.248929,0.219556,0.183810,0.146354,0.188452,0.172333,0.181667,0.128333,0.177889,0.137444,0.189667,0.169333,0.211333,0.118452,0.099479,0.063646,0.073333,0.070222,0.075333,0.100758,0.054667,0.128125,0.135357,0.098452,0.062738,0.107889,0.084333,0.082381,0.078444,0.167917,0.108854,0.102292,0.066667,0.075444,0.067444,0.102556, ,0.105111,0.139524,0.114688,0.131354,0.091333,0.134167,0.090833,0.101979,0.095521
    Burst Frequency - Std (Hz),0.099477,0.104932,0.076515,0.083268,0.106256,0.097487,0.103595,0.050661,0.088059,0.078519,0.072093,0.103102,0.082371,0.059016,0.070458,0.081763,0.011733,0.017535,0.009209,0.035550,0.016198,0.033939,0.001291,0.003594,0.038615,0.034908,0.010774,0.011943,0.023644,0.032514,0.018521,0.038885,0.047273,0.033609,0.003600,0.008694,0.018696,0.026486, ,0.043550,0.007114,0.031045,0.021013,0.013919,0.024351,0.023014,0.025699,0.012045
    IBI Coefficient of Variation - Avg,0.425603,0.502284,0.305652,0.370736,0.534342,0.474914,0.390482,0.307122,0.222352,0.516263,0.399086,0.569472,0.321506,0.418295,0.345541,0.230688,0.495540,0.260607,0.315787,0.354644,0.251224,0.260372,0.348128,0.272098,0.687897,0.281557,0.347224,0.245434,0.349970,0.266364,0.273314,0.552237,0.524703,0.221335,0.359175,0.239415,0.193729,0.468914, ,0.500838,0.356476,0.302449,0.282291,0.542489,0.153795,0.493538,0.417662,0.465612
    IBI Coefficient of Variation - Std,0.371594,0.417325,0.236604,0.316433,0.444334,0.339971,0.317638,0.287969,0.199175,0.328810,0.309803,0.437323,0.249251,0.317840,0.214988,0.313214,0.065255,0.209458,0.163036,0.296534,0.197184,0.118218,0.030524,0.034914,0.091929,0.194151,0.107356,0.139402,0.151363,0.232822,0.179878,0.184607,0.226277,0.186491,0.039482,0.099129,0.067842,0.208255, ,0.189540,0.046529,0.106297,0.276897,0.193442,0.153993,0.124935,0.208986,0.035456
    Burst Percentage - Avg,59.535235,61.477334,70.200418,72.597609,58.058267,60.515282,58.443337,75.709282,75.838955,57.513157,69.006032,50.361756,70.954435,74.753619,71.312330,56.090004,94.746012,81.965085,91.285022,69.342666,79.937643,60.614400,85.035943,95.031738,74.935753,70.025358,81.091310,84.497206,76.979127,70.055712,80.721196,88.924369,78.767703,83.084928,86.518882,85.666259,74.630028,79.138827, ,81.194153,86.369642,87.663034,90.685849,87.099564,89.061152,88.580835,86.299782,93.446494
    Burst Percentage - Std,42.456453,34.444338,34.944901,31.549569,38.921750,36.595283,39.482221,28.144759,35.190616,31.324651,31.407057,36.927729,34.401140,32.023885,29.725006,43.619453,5.397449,18.016213,5.784237,34.785819,25.461085,44.229643,23.709873,2.501736,35.054833,35.497498,24.109681,24.030695,28.566319,38.438898,26.919676,17.424548,27.280752,25.047964,11.240827,24.846289,28.873173,24.715586, ,26.387707,24.271420,21.209104,10.803280,23.452822,12.716290,18.561638,15.253147,9.395956
Network Burst Metrics
    Number of Network Bursts,140.000000,157.000000,173.000000,161.000000,165.000000,140.000000,161.000000,121.000000,136.000000,127.000000,138.000000,148.000000,142.000000,116.000000,153.000000,107.000000,57.000000,43.000000,40.000000,54.000000,49.000000,69.000000,33.000000,77.000000,92.000000,69.000000,40.000000,68.000000,57.000000,58.000000,51.000000,85.000000,64.000000,68.000000,40.000000,47.000000,44.000000,55.000000,0.000000,58.000000,84.000000,75.000000,83.000000,53.000000,87.000000,54.000000,68.000000,60.000000
    Network Burst Frequency,0.233333,0.261667,0.288333,0.268333,0.275000,0.233333,0.268333,0.201667,0.226667,0.211667,0.230000,0.246667,0.236667,0.193333,0.255000,0.178333,0.095000,0.071667,0.066667,0.090000,0.081667,0.115000,0.055000,0.128333,0.153333,0.115000,0.066667,0.113333,0.095000,0.096667,0.085000,0.141667,0.106667,0.113333,0.066667,0.078333,0.073333,0.091667, ,0.096667,0.140000,0.125000,0.138333,0.088333,0.145000,0.090000,0.113333,0.100000
    Network Burst Duration - Avg (sec),0.562551,0.580483,0.557826,0.906881,0.330216,0.560528,0.525494,0.954327,0.565631,0.618145,0.415548,0.550796,0.392682,0.975912,0.600760,0.821362,0.505674,1.169487,1.268930,1.006507,0.998751,0.853730,1.404019,0.596225,0.450327,0.895944,1.156912,0.870196,0.952626,0.948084,1.015352,0.733271,1.020354,0.708399,1.338852,0.889837,1.145067,0.876368, ,0.891739,0.494833,0.538112,0.471731,0.729143,0.746195,0.652612,0.537838,0.508113
    Network Burst Duration - Std (sec),0.073478,0.113716,0.105180,0.182732,0.034375,0.071092,0.132318,0.152149,0.073814,0.061440,0.074718,0.052149,0.063948,0.148522,0.083100,0.183726,0.571234,0.072511,0.099535,0.100957,0.138179,0.184254,0.122838,0.110532,0.049439,0.089747,0.111865,0.149741,0.087680,0.107545,0.076741,0.214174,0.118745,0.101852,0.174442,0.169620,0.107190,0.078434, ,0.201513,0.169476,0.142729,0.095056,0.343327,0.165529,0.397066,0.197806,0.135033
    Number of Spikes per Network Burst - Avg,408.135714,310.847134,314.485549,361.925466,198.569697,283.178571,250.329193,484.768595,340.522059,188.173228,219.797101,208.966216,223.098592,353.836207,312.169935,235.289720,301.877193,559.279070,736.125000,377.259259,484.346939,194.608696,638.090909,480.701299,300.836957,411.318841,402.550000,399.058824,394.614035,304.758621,503.901961,550.658824,434.765625,363.647059,622.800000,324.382979,534.204545,407.509091, ,528.327586,431.166667,311.240000,365.542169,470.981132,408.080460,434.203704,319.147059,331.200000
    Number of Spikes per Network Burst - Std,41.543634,31.150002,42.196606,33.744361,20.891480,30.113280,24.926586,23.235662,14.917535,12.957252,12.476641,13.214307,15.856318,23.749030,20.323305,10.291973,153.380255,50.609300,92.183815,24.723517,22.323895,12.188733,33.950666,21.225026,11.770028,16.040842,34.505258,18.421177,21.126958,14.914152,27.598735,128.179984,92.277315,42.275841,82.492952,16.292907,22.311306,71.524115, ,121.902663,45.031671,36.696285,14.556284,153.734973,63.325886,237.570357,82.282960,14.663225
    Mean ISI within Network Burst - Avg (sec),0.001385,0.001892,0.001786,0.002528,0.001682,0.001998,0.002124,0.001978,0.001666,0.003315,0.001903,0.002653,0.001774,0.002773,0.001935,0.003511,0.001453,0.002108,0.001738,0.002674,0.002062,0.004418,0.002203,0.001242,0.001502,0.002182,0.002888,0.002189,0.002419,0.003117,0.002019,0.001322,0.002453,0.001958,0.002158,0.002748,0.002146,0.002196, ,0.001711,0.001146,0.001733,0.001293,0.001515,0.002013,0.001490,0.001686,0.001533
    Mean ISI within Network Burst - Std (sec),0.000151,0.000417,0.000272,0.000550,0.000186,0.000263,0.000587,0.000336,0.000215,0.000383,0.000346,0.000240,0.000301,0.000437,0.000273,0.000797,0.000844,0.000197,0.000122,0.000184,0.000241,0.000990,0.000144,0.000218,0.000150,0.000184,0.000236,0.000385,0.000170,0.000286,0.000112,0.000135,0.000550,0.000240,0.000154,0.000482,0.000159,0.000280, ,0.000258,0.000350,0.000408,0.000249,0.000259,0.001292,0.000327,0.000404,0.000395
    Median ISI within Network Burst - Avg (sec),0.000602,0.000649,0.000617,0.000466,0.000691,0.000695,0.000636,0.000496,0.000478,0.000758,0.000538,0.000847,0.000575,0.000563,0.000666,0.000587,0.000281,0.000564,0.000510,0.000748,0.000513,0.000746,0.000573,0.000318,0.000462,0.000521,0.000597,0.000581,0.000618,0.000688,0.000394,0.000373,0.000551,0.000361,0.000689,0.000409,0.000514,0.000411, ,0.000383,0.000321,0.000319,0.000325,0.000349,0.000474,0.000319,0.000317,0.000259
    Median ISI within Network Burst - Std (sec),0.000055,0.000088,0.000074,0.000053,0.000087,0.000073,0.000083,0.000042,0.000044,0.000097,0.000055,0.000105,0.000059,0.000055,0.000057,0.000059,0.000059,0.000070,0.000039,0.000063,0.000048,0.000078,0.000036,0.000017,0.000047,0.000043,0.000044,0.000051,0.000048,0.000061,0.000030,0.000040,0.000071,0.000040,0.000058,0.000038,0.000039,0.000041, ,0.000049,0.000015,0.000024,0.000019,0.000042,0.000691,0.000072,0.000042,0.000033
    Median/Mean ISI within Network Burst - Avg,0.438618,0.352642,0.349968,0.191424,0.413267,0.351532,0.313482,0.256475,0.290685,0.231258,0.290490,0.320069,0.331513,0.207252,0.349625,0.175488,0.245305,0.267599,0.294494,0.280488,0.251140,0.176086,0.261066,0.262322,0.310143,0.240070,0.208421,0.271415,0.256330,0.221777,0.195603,0.283318,0.232608,0.187151,0.319829,0.152899,0.240240,0.190406, ,0.227428,0.300437,0.195107,0.260883,0.235942,0.210664,0.222249,0.201200,0.185524
    Median/Mean ISI within Network Burst - Std,0.052587,0.057223,0.049867,0.042228,0.052902,0.042500,0.064199,0.040053,0.039339,0.037698,0.054680,0.035925,0.054813,0.034231,0.048470,0.042752,0.104643,0.020638,0.025949,0.024602,0.031675,0.038452,0.020806,0.039598,0.041697,0.026089,0.026643,0.041059,0.025339,0.021898,0.019034,0.030052,0.042966,0.030263,0.023113,0.028180,0.021583,0.032194, ,0.034424,0.072185,0.051911,0.051780,0.043621,0.068584,0.058556,0.064642,0.078756
    Number of Elecs Participating in Burst - Avg,15.814286,15.891720,15.913295,15.546584,15.684848,15.692857,15.726708,15.991736,15.698529,15.905512,15.956522,14.925676,15.809859,15.215517,15.529412,15.308411,16.000000,15.906977,16.000000,15.259259,15.551020,12.463768,15.454545,16.000000,15.021739,14.724638,14.250000,15.426471,15.263158,14.034483,15.294118,16.000000,16.000000,15.573529,16.000000,15.042553,14.772727,15.472727, ,14.862069,14.619048,15.800000,16.000000,15.754717,15.701149,16.000000,15.985294,16.000000
    Number of Elecs Participating in Burst - Std,0.390272,0.311728,0.282219,0.499378,0.465990,0.535051,0.447040,0.090909,0.491707,0.293665,0.204674,0.370534,0.393801,0.453125,0.585559,0.705921,0.000000,0.293903,0.000000,0.619957,0.542418,0.963750,0.505650,0.000000,0.740927,0.591212,0.493548,0.498241,0.551825,0.494372,0.460179,0.000000,0.000000,0.498241,0.000000,0.204030,0.522233,0.503857, ,0.347839,0.488538,0.402694,0.000000,0.434372,1.592971,0.000000,0.121268,0.000000
    Number of Spikes per Network Burst per Channel - Avg,25.814613,19.560324,19.759899,23.303727,12.668106,18.053469,15.934601,30.314360,21.707532,11.834252,13.776872,14.007698,14.119366,23.266379,20.120985,15.392974,18.867325,35.144864,46.007813,24.769048,31.173397,15.709812,41.312374,30.043831,20.060507,27.976639,28.293397,25.892770,25.877235,21.743107,32.977206,34.416176,27.172852,23.362929,38.925000,21.569326,36.187703,26.343258, ,35.560427,29.519161,19.710611,22.846386,29.942531,25.725062,27.137731,19.965686,20.700000
    Number of Spikes per Network Burst per Channel - Std,2.620591,1.919951,2.602143,2.276120,1.359793,1.886018,1.697408,1.455696,1.072789,0.837467,0.797545,0.930682,1.066817,1.581804,1.380053,0.811932,9.586266,3.013589,5.761488,2.069151,1.630643,1.601949,2.228740,1.326564,1.005350,1.535533,2.751015,1.420484,1.515698,1.351575,2.086820,8.011249,5.767332,2.656193,5.155810,1.143940,1.619563,4.584154, ,8.171239,3.097111,2.342270,0.909768,9.888386,2.867263,14.848147,5.142927,0.916452
    Network Burst Percentage,96.290866,99.512663,99.939382,99.627274,99.942043,99.936980,99.885995,99.729665,99.956832,99.916381,99.825572,99.938603,99.836128,99.524745,99.678604,98.113796,99.849127,99.921057,99.935515,99.906822,99.601309,99.370976,99.654520,99.900138,99.600547,99.936617,99.659590,99.534167,99.862369,99.325691,99.930007,99.950885,99.935352,99.890931,99.919782,98.903665,99.830113,99.910846, ,99.938034,99.823604,99.914395,99.940708,99.915943,99.423115,99.906259,99.898730,99.854279
    Network IBI Coefficient of Variation,0.149535,0.143031,0.157965,0.168833,0.100343,0.140293,0.110941,0.137922,0.100753,0.097765,0.148471,0.145954,0.156018,0.296742,0.193898,0.076833,0.400278,0.101518,0.147178,0.123865,0.169972,0.199814,0.335372,0.251347,0.663640,0.172565,0.243039,0.179805,0.261108,0.156401,0.204861,0.253289,0.164538,0.150876,0.324312,0.201182,0.173364,0.177364, ,0.228575,0.321906,0.253402,0.191010,0.535703,0.170114,0.338746,0.296412,0.472778
    Network Normalized Duration IQR,0.143801,0.284861,0.166464,0.273199,0.093192,0.125989,0.299152,0.234796,0.124044,0.080611,0.196082,0.091821,0.182703,0.144498,0.087183,0.416904,1.919225,0.043413,0.087709,0.080690,0.131530,0.226762,0.086397,0.193094,0.112533,0.098369,0.096737,0.122600,0.106191,0.136416,0.088959,0.569038,0.117383,0.157255,0.080690,0.273872,0.113635,0.125000, ,0.356838,0.448646,0.365413,0.256492,0.352323,0.344737,0.502355,0.354119,0.369876
Synchrony Metrics
    Area Under Normalized Cross-Correlation,0.503168,0.619999,0.704473,0.700025,0.680309,0.622612,0.632556,0.651082,0.642738,0.692083,0.697242,0.568386,0.712253,0.644266,0.653233,0.516565,0.843665,0.675755,0.704016,0.495811,0.674080,0.492470,0.639568,0.870730,0.673154,0.595248,0.595567,0.674513,0.590783,0.552410,0.717034,0.787333,0.709725,0.772386,0.684092,0.710377,0.641916,0.740898,0.000000,0.727778,0.752962,0.824020,0.827711,0.777809,0.768496,0.822635,0.829468,0.873515
    Area Under Cross-Correlation,17.794556,15.144764,18.095069,24.218514,9.202194,11.820125,12.810972,22.931819,18.187625,6.614764,10.918014,7.999333,10.361972,15.118167,15.511653,8.112208,10.826542,9.696486,13.405667,6.168861,9.951847,3.545236,8.344375,24.336347,11.833319,11.318556,5.802500,9.853514,7.624708,5.352194,13.219958,25.123125,10.706681,13.738944,8.868931,7.165319,10.230250,10.694042,0.000000,15.700514,21.249125,13.883278,17.667806,13.715806,20.748556,13.641556,13.028097,13.630625
    Full Width at Half Height of Normalized Cross-Correlation,15.000000,19.000000,22.000000,19.000000,20.000000,19.000000,22.000000,16.000000,11.000000,21.000000,23.000000,25.000000,18.000000,26.000000,24.000000,13.000000,15.000000,22.000000,29.000000,28.000000,22.000000,20.000000,23.000000,18.000000,18.000000,24.000000,22.000000,20.000000,21.000000,24.000000,25.000000,19.000000,15.000000,18.000000,22.000000,18.000000,26.000000,19.000000, ,16.000000,14.000000,16.000000,18.000000,17.000000,23.000000,14.000000,17.000000,14.000000
    Full Width at Half Height of Cross-Correlation,199.000000,145.000000,130.000000,131.000000,50.000000,106.000000,110.000000,170.000000,128.000000,53.000000,81.000000,78.000000,69.000000,127.000000,92.000000,105.000000,67.000000,140.000000,155.000000,145.000000,132.000000,82.000000,158.000000,109.000000,92.000000,129.000000,112.000000,112.000000,137.000000,112.000000,143.000000,114.000000,86.000000,89.000000,134.000000,102.000000,140.000000,89.000000, ,98.000000,121.000000,76.000000,92.000000,103.000000,102.000000,83.000000,78.000000,80.000000
    Synchrony Index, , , , , , , , , , , , , , , , , , , , , , , , , , , , , , , , , , , , , , , , , , , , , , , , 
    Kreuz SPIKE Distance, , , , , , , , , , , , , , , , , , , , , , , , , , , , , , , , , , , , , , , , , , , , , , , , 
Evoked Metrics
    Number of Trials, , , , , , , , , , , , , , , , , , , , , , , , , , , , , , , , , , , , , , , , , , , , , , , , 
    Evoked Spike Count - Avg, , , , , , , , , , , , , , , , , , , , , , , , , , , , , , , , , , , , , , , , , , , , , , , , 
    Evoked Spike Count - Std, , , , , , , , , , , , , , , , , , , , , , , , , , , , , , , , , , , , , , , , , , , , , , , , 
    Evoked Response Probability, , , , , , , , , , , , , , , , , , , , , , , , , , , , , , , , , , , , , , , , , , , , , , , , 
    Evoked First Spike Latency (ms), , , , , , , , , , , , , , , , , , , , , , , , , , , , , , , , , , , , , , , , , , , , , , , , 
    Evoked Jitter (ms), , , , , , , , , , , , , , , , , , , , , , , , , , , , , , , , , , , , , , , , , , , , , , , , 

Measurement,A1_11,A1_12,A1_13,A1_14,A1_21,A1_22,A1_23,A1_24,A1_31,A1_32,A1_33,A1_34,A1_41,A1_42,A1_43,A1_44,A2_11,A2_12,A2_13,A2_14,A2_21,A2_22,A2_23,A2_24,A2_31,A2_32,A2_33,A2_34,A2_41,A2_42,A2_43,A2_44,A3_11,A3_12,A3_13,A3_14,A3_21,A3_22,A3_23,A3_24,A3_31,A3_32,A3_33,A3_34,A3_41,A3_42,A3_43,A3_44,A4_11,A4_12,A4_13,A4_14,A4_21,A4_22,A4_23,A4_24,A4_31,A4_32,A4_33,A4_34,A4_41,A4_42,A4_43,A4_44,A5_11,A5_12,A5_13,A5_14,A5_21,A5_22,A5_23,A5_24,A5_31,A5_32,A5_33,A5_34,A5_41,A5_42,A5_43,A5_44,A6_11,A6_12,A6_13,A6_14,A6_21,A6_22,A6_23,A6_24,A6_31,A6_32,A6_33,A6_34,A6_41,A6_42,A6_43,A6_44,A7_11,A7_12,A7_13,A7_14,A7_21,A7_22,A7_23,A7_24,A7_31,A7_32,A7_33,A7_34,A7_41,A7_42,A7_43,A7_44,A8_11,A8_12,A8_13,A8_14,A8_21,A8_22,A8_23,A8_24,A8_31,A8_32,A8_33,A8_34,A8_41,A8_42,A8_43,A8_44,B1_11,B1_12,B1_13,B1_14,B1_21,B1_22,B1_23,B1_24,B1_31,B1_32,B1_33,B1_34,B1_41,B1_42,B1_43,B1_44,B2_11,B2_12,B2_13,B2_14,B2_21,B2_22,B2_23,B2_24,B2_31,B2_32,B2_33,B2_34,B2_41,B2_42,B2_43,B2_44,B3_11,B3_12,B3_13,B3_14,B3_21,B3_22,B3_23,B3_24,B3_31,B3_32,B3_33,B3_34,B3_41,B3_42,B3_43,B3_44,B4_11,B4_12,B4_13,B4_14,B4_21,B4_22,B4_23,B4_24,B4_31,B4_32,B4_33,B4_34,B4_41,B4_42,B4_43,B4_44,B5_11,B5_12,B5_13,B5_14,B5_21,B5_22,B5_23,B5_24,B5_31,B5_32,B5_33,B5_34,B5_41,B5_42,B5_43,B5_44,B6_11,B6_12,B6_13,B6_14,B6_21,B6_22,B6_23,B6_24,B6_31,B6_32,B6_33,B6_34,B6_41,B6_42,B6_43,B6_44,B7_11,B7_12,B7_13,B7_14,B7_21,B7_22,B7_23,B7_24,B7_31,B7_32,B7_33,B7_34,B7_41,B7_42,B7_43,B7_44,B8_11,B8_12,B8_13,B8_14,B8_21,B8_22,B8_23,B8_24,B8_31,B8_32,B8_33,B8_34,B8_41,B8_42,B8_43,B8_44,C1_11,C1_12,C1_13,C1_14,C1_21,C1_22,C1_23,C1_24,C1_31,C1_32,C1_33,C1_34,C1_41,C1_42,C1_43,C1_44,C2_11,C2_12,C2_13,C2_14,C2_21,C2_22,C2_23,C2_24,C2_31,C2_32,C2_33,C2_34,C2_41,C2_42,C2_43,C2_44,C3_11,C3_12,C3_13,C3_14,C3_21,C3_22,C3_23,C3_24,C3_31,C3_32,C3_33,C3_34,C3_41,C3_42,C3_43,C3_44,C4_11,C4_12,C4_13,C4_14,C4_21,C4_22,C4_23,C4_24,C4_31,C4_32,C4_33,C4_34,C4_41,C4_42,C4_43,C4_44,C5_11,C5_12,C5_13,C5_14,C5_21,C5_22,C5_23,C5_24,C5_31,C5_32,C5_33,C5_34,C5_41,C5_42,C5_43,C5_44,C6_11,C6_12,C6_13,C6_14,C6_21,C6_22,C6_23,C6_24,C6_31,C6_32,C6_33,C6_34,C6_41,C6_42,C6_43,C6_44,C7_11,C7_12,C7_13,C7_14,C7_21,C7_22,C7_23,C7_24,C7_31,C7_32,C7_33,C7_34,C7_41,C7_42,C7_43,C7_44,C8_11,C8_12,C8_13,C8_14,C8_21,C8_22,C8_23,C8_24,C8_31,C8_32,C8_33,C8_34,C8_41,C8_42,C8_43,C8_44,D1_11,D1_12,D1_13,D1_14,D1_21,D1_22,D1_23,D1_24,D1_31,D1_32,D1_33,D1_34,D1_41,D1_42,D1_43,D1_44,D2_11,D2_12,D2_13,D2_14,D2_21,D2_22,D2_23,D2_24,D2_31,D2_32,D2_33,D2_34,D2_41,D2_42,D2_43,D2_44,D3_11,D3_12,D3_13,D3_14,D3_21,D3_22,D3_23,D3_24,D3_31,D3_32,D3_33,D3_34,D3_41,D3_42,D3_43,D3_44,D4_11,D4_12,D4_13,D4_14,D4_21,D4_22,D4_23,D4_24,D4_31,D4_32,D4_33,D4_34,D4_41,D4_42,D4_43,D4_44,D5_11,D5_12,D5_13,D5_14,D5_21,D5_22,D5_23,D5_24,D5_31,D5_32,D5_33,D5_34,D5_41,D5_42,D5_43,D5_44,D6_11,D6_12,D6_13,D6_14,D6_21,D6_22,D6_23,D6_24,D6_31,D6_32,D6_33,D6_34,D6_41,D6_42,D6_43,D6_44,D7_11,D7_12,D7_13,D7_14,D7_21,D7_22,D7_23,D7_24,D7_31,D7_32,D7_33,D7_34,D7_41,D7_42,D7_43,D7_44,D8_11,D8_12,D8_13,D8_14,D8_21,D8_22,D8_23,D8_24,D8_31,D8_32,D8_33,D8_34,D8_41,D8_42,D8_43,D8_44,E1_11,E1_12,E1_13,E1_14,E1_21,E1_22,E1_23,E1_24,E1_31,E1_32,E1_33,E1_34,E1_41,E1_42,E1_43,E1_44,E2_11,E2_12,E2_13,E2_14,E2_21,E2_22,E2_23,E2_24,E2_31,E2_32,E2_33,E2_34,E2_41,E2_42,E2_43,E2_44,E3_11,E3_12,E3_13,E3_14,E3_21,E3_22,E3_23,E3_24,E3_31,E3_32,E3_33,E3_34,E3_41,E3_42,E3_43,E3_44,E4_11,E4_12,E4_13,E4_14,E4_21,E4_22,E4_23,E4_24,E4_31,E4_32,E4_33,E4_34,E4_41,E4_42,E4_43,E4_44,E5_11,E5_12,E5_13,E5_14,E5_21,E5_22,E5_23,E5_24,E5_31,E5_32,E5_33,E5_34,E5_41,E5_42,E5_43,E5_44,E6_11,E6_12,E6_13,E6_14,E6_21,E6_22,E6_23,E6_24,E6_31,E6_32,E6_33,E6_34,E6_41,E6_42,E6_43,E6_44,E7_11,E7_12,E7_13,E7_14,E7_21,E7_22,E7_23,E7_24,E7_31,E7_32,E7_33,E7_34,E7_41,E7_42,E7_43,E7_44,E8_11,E8_12,E8_13,E8_14,E8_21,E8_22,E8_23,E8_24,E8_31,E8_32,E8_33,E8_34,E8_41,E8_42,E8_43,E8_44,F1_11,F1_12,F1_13,F1_14,F1_21,F1_22,F1_23,F1_24,F1_31,F1_32,F1_33,F1_34,F1_41,F1_42,F1_43,F1_44,F2_11,F2_12,F2_13,F2_14,F2_21,F2_22,F2_23,F2_24,F2_31,F2_32,F2_33,F2_34,F2_41,F2_42,F2_43,F2_44,F3_11,F3_12,F3_13,F3_14,F3_21,F3_22,F3_23,F3_24,F3_31,F3_32,F3_33,F3_34,F3_41,F3_42,F3_43,F3_44,F4_11,F4_12,F4_13,F4_14,F4_21,F4_22,F4_23,F4_24,F4_31,F4_32,F4_33,F4_34,F4_41,F4_42,F4_43,F4_44,F5_11,F5_12,F5_13,F5_14,F5_21,F5_22,F5_23,F5_24,F5_31,F5_32,F5_33,F5_34,F5_41,F5_42,F5_43,F5_44,F6_11,F6_12,F6_13,F6_14,F6_21,F6_22,F6_23,F6_24,F6_31,F6_32,F6_33,F6_34,F6_41,F6_42,F6_43,F6_44,F7_11,F7_12,F7_13,F7_14,F7_21,F7_22,F7_23,F7_24,F7_31,F7_32,F7_33,F7_34,F7_41,F7_42,F7_43,F7_44,F8_11,F8_12,F8_13,F8_14,F8_21,F8_22,F8_23,F8_24,F8_31,F8_32,F8_33,F8_34,F8_41,F8_42,F8_43,F8_44,
Activity Metrics
    Number of Spikes,2704.000000,2157.000000,978.000000,6830.000000,959.000000,3931.000000,6345.000000,8753.000000,502.000000,1948.000000,9179.000000,4237.000000,5301.000000,154.000000,474.000000,4888.000000,2302.000000,3547.000000,7116.000000,889.000000,1064.000000,1532.000000,8181.000000,6648.000000,2789.000000,3450.000000,256.000000,3566.000000,611.000000,195.000000,1588.000000,5308.000000,3893.000000,4558.000000,3348.000000,914.000000,2658.000000,3578.000000,7504.000000,5352.000000,3627.000000,225.000000,6737.000000,2876.000000,285.000000,1899.000000,3240.000000,3745.000000,2726.000000,3133.000000,5740.000000,5309.000000,4133.000000,5912.000000,3152.000000,1500.000000,901.000000,5725.000000,7125.000000,1124.000000,123.000000,893.000000,3040.000000,7952.000000,1885.000000,679.000000,4079.000000,142.000000,2828.000000,1109.000000,2553.000000,2668.000000,2942.000000,582.000000,1642.000000,3588.000000,2480.000000,652.000000,812.000000,4142.000000,464.000000,244.000000,5151.000000,984.000000,1393.000000,2874.000000,4011.000000,4066.000000,1099.000000,2930.000000,1375.000000,8683.000000,174.000000,453.000000,4191.000000,1578.000000,1521.000000,5930.000000,1994.000000,2579.000000,145.000000,5845.000000,2437.000000,4543.000000,1036.000000,4955.000000,4688.000000,352.000000,1563.000000,1037.000000,1491.000000,233.000000,181.000000,3782.000000,2248.000000,9850.000000,2428.000000,693.000000,5234.000000,6489.000000,1092.000000,8112.000000,4234.000000,686.000000,937.000000,3968.000000,4012.000000,4870.000000,2035.000000,3405.000000,2091.000000,5350.000000,2421.000000,4926.000000,235.000000,8542.000000,1973.000000,235.000000,3933.000000,2034.000000,2983.000000,3657.000000,2230.000000,281.000000,1145.000000,2066.000000,1073.000000,3354.000000,1586.000000,4158.000000,1673.000000,1367.000000,764.000000,1073.000000,1703.000000,579.000000,1652.000000,529.000000,929.000000,267.000000,1847.000000,1821.000000,1854.000000,2529.000000,1063.000000,2409.000000,1290.000000,2437.000000,263.000000,3270.000000,3899.000000,2114.000000,576.000000,3151.000000,742.000000,1120.000000,1146.000000,279.000000,335.000000,6554.000000,1058.000000,500.000000,1068.000000,3703.000000,635.000000,5.000000,2258.000000,3131.000000,1664.000000,3846.000000,806.000000,3958.000000,2501.000000,1788.000000,2818.000000,2117.000000,1873.000000,3547.000000,2494.000000,140.000000,531.000000,2857.000000,863.000000,2330.000000,528.000000,2569.000000,3118.000000,1658.000000,1440.000000,393.000000,1382.000000,3286.000000,1263.000000,5259.000000,3295.000000,3848.000000,1588.000000,4251.000000,4088.000000,2591.000000,1987.000000,3618.000000,30.000000,2922.000000,2683.000000,181.000000,176.000000,1166.000000,2519.000000,5979.000000,2213.000000,8805.000000,1841.000000,2762.000000,1041.000000,1725.000000,7594.000000,1925.000000,4914.000000,2392.000000,1156.000000,2726.000000,3651.000000,158.000000,1621.000000,2747.000000,2160.000000,436.000000,285.000000,76.000000,4013.000000,191.000000,450.000000,2857.000000,962.000000,2171.000000,943.000000,845.000000,653.000000,1350.000000,583.000000,1497.000000,643.000000,1023.000000,858.000000,373.000000,649.000000,2077.000000,1169.000000,1742.000000,1851.000000,977.000000,4775.000000,2147.000000,278.000000,1881.000000,2637.000000,1313.000000,1879.000000,1741.000000,129.000000,211.000000,1648.000000,945.000000,862.000000,235.000000,2488.000000,899.000000,723.000000,4928.000000,1885.000000,386.000000,1278.000000,470.000000,3008.000000,1401.000000,3365.000000,3445.000000,1395.000000,827.000000,1384.000000,1064.000000,2111.000000,1794.000000,240.000000,172.000000,4467.000000,815.000000,472.000000,1064.000000,24.000000,132.000000,2364.000000,917.000000,1013.000000,739.000000,3803.000000,1402.000000,166.000000,2601.000000,1716.000000,1908.000000,4314.000000,1499.000000,441.000000,296.000000,3593.000000,768.000000,171.000000,1712.000000,1597.000000,1549.000000,2385.000000,42.000000,1167.000000,670.000000,2334.000000,85.000000,0.000000,187.000000,9.000000,572.000000,995.000000,28.000000,1501.000000,1051.000000,1017.000000,1507.000000,2542.000000,1170.000000,25.000000,490.000000,1441.000000,701.000000,962.000000,2228.000000,289.000000,455.000000,2934.000000,1925.000000,368.000000,1034.000000,19.000000,2081.000000,3047.000000,1242.000000,1799.000000,605.000000,2027.000000,1908.000000,1201.000000,4667.000000,1997.000000,1515.000000,1563.000000,3238.000000,1599.000000,2704.000000,4042.000000,586.000000,1965.000000,2008.000000,3436.000000,2595.000000,2285.000000,76.000000,1280.000000,847.000000,5044.000000,842.000000,1122.000000,1188.000000,2926.000000,1980.000000,354.000000,629.000000,4521.000000,47.000000,2431.000000,2216.000000,54.000000,592.000000,1513.000000,2686.000000,2380.000000,2667.000000,256.000000,4066.000000,210.000000,4180.000000,455.000000,1165.000000,2984.000000,3601.000000,9.000000,1581.000000,273.000000,662.000000,326.000000,1687.000000,415.000000,13.000000,2540.000000,1254.000000,1041.000000,1818.000000,176.000000,857.000000,306.000000,3585.000000,1204.000000,0.000000,1741.000000,2930.000000,575.000000,1177.000000,1065.000000,2531.000000,1132.000000,2514.000000,1301.000000,1249.000000,6129.000000,40.000000,2339.000000,1378.000000,624.000000,538.000000,1139.000000,25.000000,827.000000,2661.000000,136.000000,946.000000,2232.000000,1185.000000,568.000000,443.000000,2422.000000,2739.000000,2060.000000,1567.000000,3245.000000,329.000000,4.000000,405.000000,1243.000000,1200.000000,2642.000000,158.000000,1707.000000,620.000000,991.000000,1200.000000,4.000000,1205.000000,1793.000000,135.000000,2074.000000,2415.000000,2564.000000,1713.000000,1508.000000,19.000000,1018.000000,2622.000000,2197.000000,170.000000,1618.000000,1775.000000,1197.000000,306.000000,3479.000000,1518.000000,1033.000000,2980.000000,3071.000000,555.000000,4200.000000,3970.000000,2976.000000,1622.000000,1370.000000,2120.000000,3362.000000,8103.000000,2316.000000,4663.000000,2886.000000,2423.000000,1254.000000,1938.000000,5003.000000,1305.000000,1207.000000,864.000000,976.000000,605.000000,2474.000000,3158.000000,1881.000000,962.000000,794.000000,1472.000000,3778.000000,2952.000000,179.000000,233.000000,1259.000000,840.000000,2918.000000,1410.000000,1511.000000,268.000000,1717.000000,1386.000000,1072.000000,3424.000000,1417.000000,1065.000000,62.000000,1978.000000,1978.000000,2450.000000,592.000000,2115.000000,439.000000,356.000000,687.000000,388.000000,6052.000000,2352.000000,2365.000000,1255.000000,996.000000,532.000000,994.000000,3902.000000,450.000000,1457.000000,772.000000,1422.000000,540.000000,625.000000,305.000000,1254.000000,446.000000,1080.000000,2214.000000,637.000000,1346.000000,565.000000,2418.000000,788.000000,2.000000,1001.000000,2368.000000,749.000000,1674.000000,877.000000,308.000000,2.000000,2632.000000,1719.000000,1143.000000,1589.000000,1760.000000,2924.000000,1560.000000,1544.000000,2638.000000,58.000000,2021.000000,1258.000000,2125.000000,789.000000,1144.000000,3218.000000,225.000000,966.000000,31.000000,2040.000000,2653.000000,1871.000000,625.000000,1559.000000,413.000000,1495.000000,0.000000,0.000000,0.000000,0.000000,0.000000,0.000000,0.000000,0.000000,0.000000,0.000000,0.000000,0.000000,0.000000,0.000000,0.000000,0.000000,0.000000,1567.000000,2939.000000,2462.000000,2916.000000,206.000000,3138.000000,1871.000000,2043.000000,2246.000000,3608.000000,1575.000000,702.000000,2682.000000,107.000000,2600.000000,3675.000000,2974.000000,2466.000000,1845.000000,3271.000000,3389.000000,2569.000000,1145.000000,0.000000,2395.000000,2625.000000,3786.000000,801.000000,2035.000000,3235.000000,71.000000,1846.000000,551.000000,486.000000,2113.000000,1279.000000,2282.000000,1147.000000,2028.000000,1425.000000,765.000000,101.000000,2606.000000,2037.000000,1421.000000,1957.000000,1319.000000,1229.000000,3003.000000,1368.000000,2939.000000,3004.000000,2167.000000,433.000000,2035.000000,566.000000,1865.000000,2954.000000,1215.000000,788.000000,2422.000000,2364.000000,2006.000000,1210.000000,1798.000000,664.000000,705.000000,2276.000000,2186.000000,1109.000000,760.000000,1697.000000,1545.000000,696.000000,1685.000000,59.000000,3411.000000,3044.000000,2138.000000,2085.000000,2443.000000,1587.000000,2026.000000,1800.000000,3484.000000,1766.000000,1954.000000,1419.000000,329.000000,3419.000000,3856.000000,1291.000000,2180.000000,3538.000000,2532.000000,2383.000000,1936.000000,1390.000000,1471.000000,1590.000000,273.000000,738.000000,1079.000000,1641.000000,2408.000000,1016.000000,1850.000000,1323.000000,2541.000000,1504.000000,326.000000,2355.000000,2131.000000,1282.000000,2318.000000,1553.000000,1684.000000,1439.000000,2409.000000,1605.000000,686.000000,522.000000,466.000000,414.000000,798.000000,1836.000000,226.000000,1417.000000,1339.000000,1103.000000,1271.000000,1592.000000,1050.000000,1475.000000,760.000000,538.000000,317.000000,1781.000000,1264.000000,1248.000000,1904.000000,872.000000,1970.000000
    Mean Firing Rate (Hz),4.506667,3.595000,1.630000,11.383333,1.598333,6.551667,10.575000,14.588333,0.836667,3.246667,15.298333,7.061667,8.835000,0.256667,0.790000,8.146667,3.836667,5.911667,11.860000,1.481667,1.773333,2.553333,13.635000,11.080000,4.648333,5.750000,0.426667,5.943333,1.018333,0.325000,2.646667,8.846667,6.488333,7.596667,5.580000,1.523333,4.430000,5.963333,12.506667,8.920000,6.045000,0.375000,11.228333,4.793333,0.475000,3.165000,5.400000,6.241667,4.543333,5.221667,9.566667,8.848333,6.888333,9.853333,5.253333,2.500000,1.501667,9.541667,11.875000,1.873333,0.205000,1.488333,5.066667,13.253333,3.141667,1.131667,6.798333,0.236667,4.713333,1.848333,4.255000,4.446667,4.903333,0.970000,2.736667,5.980000,4.133333,1.086667,1.353333,6.903333,0.773333,0.406667,8.585000,1.640000,2.321667,4.790000,6.685000,6.776667,1.831667,4.883333,2.291667,14.471667,0.290000,0.755000,6.985000,2.630000,2.535000,9.883333,3.323333,4.298333,0.241667,9.741667,4.061667,7.571667,1.726667,8.258333,7.813333,0.586667,2.605000,1.728333,2.485000,0.388333,0.301667,6.303333,3.746667,16.416667,4.046667,1.155000,8.723333,10.815000,1.820000,13.520000,7.056667,1.143333,1.561667,6.613333,6.686667,8.116667,3.391667,5.675000,3.485000,8.916667,4.035000,8.210000,0.391667,14.236667,3.288333,0.391667,6.555000,3.390000,4.971667,6.095000,3.716667,0.468333,1.908333,3.443333,1.788333,5.590000,2.643333,6.930000,2.788333,2.278333,1.273333,1.788333,2.838333,0.965000,2.753333,0.881667,1.548333,0.445000,3.078333,3.035000,3.090000,4.215000,1.771667,4.015000,2.150000,4.061667,0.438333,5.450000,6.498333,3.523333,0.960000,5.251667,1.236667,1.866667,1.910000,0.465000,0.558333,10.923333,1.763333,0.833333,1.780000,6.171667,1.058333,0.008333,3.763333,5.218333,2.773333,6.410000,1.343333,6.596667,4.168333,2.980000,4.696667,3.528333,3.121667,5.911667,4.156667,0.233333,0.885000,4.761667,1.438333,3.883333,0.880000,4.281667,5.196667,2.763333,2.400000,0.655000,2.303333,5.476667,2.105000,8.765000,5.491667,6.413333,2.646667,7.085000,6.813333,4.318333,3.311667,6.030000,0.050000,4.870000,4.471667,0.301667,0.293333,1.943333,4.198333,9.965000,3.688333,14.675000,3.068333,4.603333,1.735000,2.875000,12.656667,3.208333,8.190000,3.986667,1.926667,4.543333,6.085000,0.263333,2.701667,4.578333,3.600000,0.726667,0.475000,0.126667,6.688333,0.318333,0.750000,4.761667,1.603333,3.618333,1.571667,1.408333,1.088333,2.250000,0.971667,2.495000,1.071667,1.705000,1.430000,0.621667,1.081667,3.461667,1.948333,2.903333,3.085000,1.628333,7.958333,3.578333,0.463333,3.135000,4.395000,2.188333,3.131667,2.901667,0.215000,0.351667,2.746667,1.575000,1.436667,0.391667,4.146667,1.498333,1.205000,8.213333,3.141667,0.643333,2.130000,0.783333,5.013333,2.335000,5.608333,5.741667,2.325000,1.378333,2.306667,1.773333,3.518333,2.990000,0.400000,0.286667,7.445000,1.358333,0.786667,1.773333,0.040000,0.220000,3.940000,1.528333,1.688333,1.231667,6.338333,2.336667,0.276667,4.335000,2.860000,3.180000,7.190000,2.498333,0.735000,0.493333,5.988333,1.280000,0.285000,2.853333,2.661667,2.581667,3.975000,0.070000,1.945000,1.116667,3.890000,0.141667,0.000000,0.311667,0.015000,0.953333,1.658333,0.046667,2.501667,1.751667,1.695000,2.511667,4.236667,1.950000,0.041667,0.816667,2.401667,1.168333,1.603333,3.713333,0.481667,0.758333,4.890000,3.208333,0.613333,1.723333,0.031667,3.468333,5.078333,2.070000,2.998333,1.008333,3.378333,3.180000,2.001667,7.778333,3.328333,2.525000,2.605000,5.396667,2.665000,4.506667,6.736667,0.976667,3.275000,3.346667,5.726667,4.325000,3.808333,0.126667,2.133333,1.411667,8.406667,1.403333,1.870000,1.980000,4.876667,3.300000,0.590000,1.048333,7.535000,0.078333,4.051667,3.693333,0.090000,0.986667,2.521667,4.476667,3.966667,4.445000,0.426667,6.776667,0.350000,6.966667,0.758333,1.941667,4.973333,6.001667,0.015000,2.635000,0.455000,1.103333,0.543333,2.811667,0.691667,0.021667,4.233333,2.090000,1.735000,3.030000,0.293333,1.428333,0.510000,5.975000,2.006667,0.000000,2.901667,4.883333,0.958333,1.961667,1.775000,4.218333,1.886667,4.190000,2.168333,2.081667,10.215000,0.066667,3.898333,2.296667,1.040000,0.896667,1.898333,0.041667,1.378333,4.435000,0.226667,1.576667,3.720000,1.975000,0.946667,0.738333,4.036667,4.565000,3.433333,2.611667,5.408333,0.548333,0.006667,0.675000,2.071667,2.000000,4.403333,0.263333,2.845000,1.033333,1.651667,2.000000,0.006667,2.008333,2.988333,0.225000,3.456667,4.025000,4.273333,2.855000,2.513333,0.031667,1.696667,4.370000,3.661667,0.283333,2.696667,2.958333,1.995000,0.510000,5.798333,2.530000,1.721667,4.966667,5.118333,0.925000,7.000000,6.616667,4.960000,2.703333,2.283333,3.533333,5.603333,13.505000,3.860000,7.771667,4.810000,4.038333,2.090000,3.230000,8.338333,2.175000,2.011667,1.440000,1.626667,1.008333,4.123333,5.263333,3.135000,1.603333,1.323333,2.453333,6.296667,4.920000,0.298333,0.388333,2.098333,1.400000,4.863333,2.350000,2.518333,0.446667,2.861667,2.310000,1.786667,5.706667,2.361667,1.775000,0.103333,3.296667,3.296667,4.083333,0.986667,3.525000,0.731667,0.593333,1.145000,0.646667,10.086667,3.920000,3.941667,2.091667,1.660000,0.886667,1.656667,6.503333,0.750000,2.428333,1.286667,2.370000,0.900000,1.041667,0.508333,2.090000,0.743333,1.800000,3.690000,1.061667,2.243333,0.941667,4.030000,1.313333,0.003333,1.668333,3.946667,1.248333,2.790000,1.461667,0.513333,0.003333,4.386667,2.865000,1.905000,2.648333,2.933333,4.873333,2.600000,2.573333,4.396667,0.096667,3.368333,2.096667,3.541667,1.315000,1.906667,5.363333,0.375000,1.610000,0.051667,3.400000,4.421667,3.118333,1.041667,2.598333,0.688333,2.491667,0.000000,0.000000,0.000000,0.000000,0.000000,0.000000,0.000000,0.000000,0.000000,0.000000,0.000000,0.000000,0.000000,0.000000,0.000000,0.000000,0.000000,2.611667,4.898333,4.103333,4.860000,0.343333,5.230000,3.118333,3.405000,3.743333,6.013333,2.625000,1.170000,4.470000,0.178333,4.333333,6.125000,4.956667,4.110000,3.075000,5.451667,5.648333,4.281667,1.908333,0.000000,3.991667,4.375000,6.310000,1.335000,3.391667,5.391667,0.118333,3.076667,0.918333,0.810000,3.521667,2.131667,3.803333,1.911667,3.380000,2.375000,1.275000,0.168333,4.343333,3.395000,2.368333,3.261667,2.198333,2.048333,5.005000,2.280000,4.898333,5.006667,3.611667,0.721667,3.391667,0.943333,3.108333,4.923333,2.025000,1.313333,4.036667,3.940000,3.343333,2.016667,2.996667,1.106667,1.175000,3.793333,3.643333,1.848333,1.266667,2.828333,2.575000,1.160000,2.808333,0.098333,5.685000,5.073333,3.563333,3.475000,4.071667,2.645000,3.376667,3.000000,5.806667,2.943333,3.256667,2.365000,0.548333,5.698333,6.426667,2.151667,3.633333,5.896667,4.220000,3.971667,3.226667,2.316667,2.451667,2.650000,0.455000,1.230000,1.798333,2.735000,4.013333,1.693333,3.083333,2.205000,4.235000,2.506667,0.543333,3.925000,3.551667,2.136667,3.863333,2.588333,2.806667,2.398333,4.015000,2.675000,1.143333,0.870000,0.776667,0.690000,1.330000,3.060000,0.376667,2.361667,2.231667,1.838333,2.118333,2.653333,1.750000,2.458333,1.266667,0.896667,0.528333,2.968333,2.106667,2.080000,3.173333,1.453333,3.283333
    ISI Coefficient of Variation,1.597325,3.640987,1.978017,5.534316,2.220475,4.913041,5.946208,7.152966,1.607058,3.422872,7.281465,5.044473,5.697266,0.786134,1.545489,5.193432,3.421113,4.419349,6.233472,2.139251,2.213004,2.841230,6.446450,5.770378,3.904239,3.982262,1.009186,4.163706,1.656589,0.514875,2.574411,4.855832,4.212450,4.726939,4.025144,1.960653,3.560658,3.891978,5.710425,4.845627,4.188523,0.565486,5.450693,3.767241,0.979128,2.973837,4.031553,4.224623,3.859277,3.348081,5.385450,5.088209,4.744315,5.647504,4.175235,2.818100,2.084597,5.489265,6.062860,2.405437,1.009177,2.143834,3.997984,5.543552,3.024706,1.704248,4.496481,0.757270,3.812443,2.300544,3.510735,3.678976,3.847242,1.572009,2.901498,4.313152,3.528988,1.619708,1.956886,4.591747,1.532687,1.011040,5.303960,2.434438,2.923971,4.127015,4.918749,4.896228,2.484348,4.055703,2.922529,7.100417,0.970554,1.513648,4.920154,3.047275,2.822247,5.329068,3.200532,3.651854,0.684264,5.527221,3.627548,4.880738,2.212255,5.155421,4.773798,1.151121,2.843223,2.242211,2.752837,0.683833,0.727256,4.862512,4.055655,7.289972,4.099650,2.167618,6.162819,6.529383,2.768899,7.547469,4.905082,2.132841,2.554872,5.204858,5.473606,5.850025,3.589449,4.695011,3.545240,5.731919,3.858774,5.677627,0.909690,7.013208,3.567865,1.095251,5.040032,3.485769,4.455810,4.793766,3.758370,1.328515,2.753634,3.742525,2.599903,4.699901,3.297495,5.000378,3.251633,2.974058,2.178964,2.651895,3.365333,1.821906,3.036190,1.745637,2.460109,1.223951,3.281005,3.375011,3.387927,4.000739,2.507835,3.937181,2.747812,3.975767,1.025784,4.602334,4.977262,3.712198,1.646778,4.366825,2.076987,2.640127,2.564791,1.091023,1.181112,5.852581,2.407172,1.547325,2.436390,4.632547,1.803415, ,3.652287,4.130114,3.016508,4.707073,2.021843,4.636091,3.906782,3.258868,4.080413,3.626510,3.394817,4.711588,3.908454,0.679670,1.657985,4.120645,2.097724,3.736724,1.659501,3.998173,4.207695,3.131741,3.458310,1.656000,3.380242,4.956004,2.970135,6.395689,5.031893,5.674079,3.568270,5.780770,5.646274,4.266955,4.060311,5.265434, ,4.154705,3.577292,1.103249,0.742699,2.569024,3.800337,5.505863,3.572621,6.761900,3.219748,3.939076,2.422518,2.365388,6.154934,3.325664,5.124642,3.688116,3.057913,4.368971,5.494801,1.249493,3.685545,4.835008,4.237293,1.740715,1.275875,0.953991,5.711716,0.892325,1.801818,4.877766,2.049001,4.298217,4.175211,3.956213,3.468808,5.043610,3.265005,5.328016,3.424574,4.383669,4.017032,2.534216,3.447346,6.153980,4.699137,5.646914,5.911658,4.276233,9.807568,6.633323,2.359575,6.143937,7.313139,5.387176,6.184547,6.182278,1.579826,2.000727,5.703391,4.590573,4.361864,2.161272,7.001009,4.478914,4.082376,10.353637,6.624072,2.930581,5.489232,3.263222,8.116043,5.707000,8.594381,8.694528,5.692215,4.374620,5.556761,5.023809,6.975902,6.333919,1.917866,1.561589,8.408717,3.759040,2.779344,4.297227, ,1.354045,6.226830,3.907688,4.208036,3.554827,7.782105,4.920438,1.526233,6.441887,5.602778,6.047847,7.114619,5.295810,2.856730,2.281051,8.076308,3.877260,1.706044,5.756794,5.552925,5.443239,6.463963, ,4.556109,3.593339,5.559578,1.204133, ,1.261881, ,2.686964,3.681825, ,4.576707,3.819971,3.742877,4.419122,5.528734,4.039735, ,2.512661,6.007032,4.537205,4.784900,6.551415,2.953258,3.786714,9.313987,7.329431,3.370389,5.844061, ,7.888915,9.576107,6.390606,7.506118,4.439092,4.785802,4.968883,3.918089,7.571110,5.090476,4.403866,4.469139,6.332959,4.533742,5.832423,7.054048,2.662242,5.060438,5.063045,6.373391,5.804424,5.708934,1.035090,4.316153,3.483315,6.226891,3.474784,4.010831,4.146560,6.615265,5.420721,2.136352,2.927165,8.017824, ,6.010407,5.739380, ,2.789746,4.564257,6.130445,5.594851,5.670802,1.677180,7.025506,1.461237,7.256734,2.404291,3.994991,6.190247,6.831450, ,4.650334,2.498587,3.874619,2.772094,6.396304,3.153282, ,7.548809,5.525882,5.128194,6.607148,1.962963,4.519052,2.667076,9.011081,5.438595, ,4.952279,6.099241,2.756662,4.039156,3.022859,5.923274,3.965415,5.709529,4.216194,4.121717,8.813591, ,5.630121,4.390707,2.890721,2.609536,4.260084, ,3.754490,6.444000,1.340995,4.042457,6.034939,4.346928,3.014521,2.695548,6.373649,6.999395,6.032353,4.968959,6.891746,2.275526, ,2.481508,4.521228,4.416819,6.448777,1.350079,5.201358,3.145244,3.960437,4.447403, ,4.483767,4.222325,1.408370,5.578800,5.985983,6.650632,5.443113,5.170462, ,4.348291,6.950349,6.385053,1.584430,5.572116,5.737363,4.764162,2.303722,7.877118,5.426847,4.464164,7.335917,5.724426,2.269213,6.793196,6.413327,5.686676,4.189042,3.840842,4.818567,5.836373,9.068633,4.963833,7.135763,5.567195,5.111570,3.672867,4.596940,8.097057,4.185963,4.129843,3.352518,3.668210,2.782172,5.861855,6.383730,5.080363,3.613255,3.298780,4.558729,7.052272,6.304189,1.301403,1.611469,4.109841,3.352044,6.156416,4.319870,4.621452,1.737982,4.814979,4.411014,3.869853,6.564708,4.423473,3.806738,1.285731,5.232107,5.180984,5.857963,3.889513,7.244297,3.311133,2.959785,4.126498,3.070055,11.997790,7.467215,7.532572,5.427472,5.122217,3.474026,5.097993,9.637834,3.342034,5.947552,4.004964,5.358318,3.281748,3.565796,2.351801,5.097771,2.965543,4.536402,6.721465,3.615872,5.327437,3.403770,6.739821,4.050545, ,4.592872,6.842297,3.963260,5.746603,4.254930,2.480609, ,7.296271,6.073047,5.049513,5.780719,6.051614,7.738624,5.604157,5.706669,7.076781, ,5.732362,4.600005,5.935596,3.579840,4.346982,7.159310,1.770449,3.891100, ,5.748228,6.551351,5.472459,3.181956,4.994049,2.527990,4.955635, , , , , , , , , , , , , , , , , ,4.928708,6.755387,6.259741,6.737823,1.596822,6.957107,5.454034,5.732014,5.895684,7.474245,5.034767,3.293532,6.419826,1.201640,6.443100,6.615195,5.919859,5.519879,4.739612,6.293473,6.424048,5.532018,3.660226, ,5.373024,5.566873,6.393621,2.656311,4.870750,6.140064,0.949922,4.965268,2.605062,2.418151,5.283341,4.116865,5.498780,3.779357,5.159863,4.328677,3.134534,1.099557,5.845819,5.225339,4.273741,5.081949,3.974369,3.722399,5.832267,3.920740,5.760242,5.815087,4.939289,2.094001,4.866470,2.451644,4.639046,5.684040,3.681380,2.949384,5.304498,5.174011,4.799594,5.250658,6.355276,3.819578,3.960738,7.072301,7.000012,4.896322,4.121853,6.181627,5.867548,3.934398,6.085865, ,8.704015,8.181479,6.899290,4.816275,5.212426,4.171777,4.610945,3.522382,6.204696,4.453314,4.528399,3.975563,1.721375,5.868768,6.064531,3.748254,4.623990,6.088593,5.163614,6.614880,6.057811,5.069395,5.193702,5.380300,2.088235,3.688106,4.500754,5.528143,6.733908,4.336424,5.919401,4.996273,6.875519,5.313533,2.343367,5.928023,5.491677,4.296312,5.799932,4.820097,5.000578,4.647324,6.004162,4.896395,3.139697,2.681962,2.526070,2.349720,3.360157,5.247920,1.635308,5.246057,5.125842,4.631029,4.982955,5.594974,4.513715,5.383595,3.815588,3.171356,2.345645,5.728500,4.967832,4.936623,6.104702,4.047455,6.228369
Electrode Burst Metrics
    Number of Bursts,0.000000,111.000000,6.000000,140.000000,9.000000,139.000000,140.000000,140.000000,10.000000,106.000000,140.000000,140.000000,140.000000,0.000000,9.000000,140.000000,94.000000,156.000000,157.000000,62.000000,44.000000,89.000000,157.000000,157.000000,157.000000,157.000000,3.000000,155.000000,18.000000,1.000000,44.000000,157.000000,165.000000,173.000000,168.000000,19.000000,157.000000,137.000000,173.000000,173.000000,166.000000,0.000000,173.000000,172.000000,0.000000,74.000000,169.000000,172.000000,157.000000,158.000000,161.000000,160.000000,161.000000,161.000000,161.000000,87.000000,10.000000,161.000000,161.000000,61.000000,0.000000,64.000000,152.000000,161.000000,82.000000,8.000000,163.000000,0.000000,161.000000,31.000000,123.000000,155.000000,160.000000,6.000000,124.000000,164.000000,165.000000,0.000000,37.000000,165.000000,5.000000,3.000000,140.000000,70.000000,103.000000,139.000000,140.000000,140.000000,30.000000,140.000000,108.000000,140.000000,1.000000,8.000000,140.000000,98.000000,150.000000,161.000000,110.000000,146.000000,0.000000,161.000000,157.000000,161.000000,7.000000,161.000000,161.000000,2.000000,93.000000,12.000000,101.000000,0.000000,0.000000,121.000000,119.000000,121.000000,120.000000,57.000000,121.000000,121.000000,69.000000,121.000000,121.000000,37.000000,60.000000,121.000000,121.000000,121.000000,127.000000,136.000000,129.000000,136.000000,131.000000,136.000000,3.000000,136.000000,133.000000,2.000000,136.000000,130.000000,136.000000,136.000000,134.000000,3.000000,99.000000,127.000000,68.000000,127.000000,121.000000,127.000000,115.000000,102.000000,21.000000,78.000000,122.000000,8.000000,42.000000,10.000000,61.000000,4.000000,122.000000,129.000000,118.000000,138.000000,38.000000,137.000000,70.000000,138.000000,0.000000,138.000000,138.000000,138.000000,18.000000,138.000000,39.000000,102.000000,101.000000,1.000000,5.000000,148.000000,70.000000,9.000000,70.000000,148.000000,13.000000,0.000000,145.000000,146.000000,72.000000,148.000000,13.000000,148.000000,142.000000,129.000000,142.000000,140.000000,132.000000,142.000000,141.000000,0.000000,11.000000,142.000000,25.000000,137.000000,22.000000,142.000000,142.000000,118.000000,116.000000,6.000000,108.000000,116.000000,24.000000,116.000000,116.000000,116.000000,110.000000,116.000000,116.000000,116.000000,116.000000,116.000000,0.000000,116.000000,99.000000,1.000000,0.000000,86.000000,153.000000,153.000000,142.000000,153.000000,139.000000,153.000000,90.000000,133.000000,153.000000,142.000000,153.000000,152.000000,99.000000,107.000000,107.000000,3.000000,107.000000,107.000000,107.000000,14.000000,0.000000,0.000000,107.000000,1.000000,20.000000,107.000000,2.000000,107.000000,61.000000,60.000000,58.000000,62.000000,58.000000,65.000000,58.000000,63.000000,62.000000,35.000000,59.000000,59.000000,62.000000,65.000000,65.000000,63.000000,43.000000,44.000000,31.000000,43.000000,44.000000,44.000000,43.000000,44.000000,9.000000,20.000000,43.000000,43.000000,44.000000,29.000000,44.000000,43.000000,40.000000,40.000000,51.000000,34.000000,50.000000,40.000000,40.000000,49.000000,40.000000,40.000000,51.000000,43.000000,45.000000,40.000000,51.000000,50.000000,19.000000,4.000000,54.000000,54.000000,40.000000,54.000000,0.000000,4.000000,55.000000,55.000000,54.000000,54.000000,65.000000,55.000000,10.000000,55.000000,49.000000,49.000000,49.000000,49.000000,44.000000,32.000000,49.000000,49.000000,14.000000,49.000000,49.000000,49.000000,49.000000,0.000000,49.000000,49.000000,69.000000,0.000000,0.000000,1.000000,0.000000,54.000000,68.000000,0.000000,69.000000,69.000000,69.000000,69.000000,69.000000,69.000000,0.000000,59.000000,33.000000,33.000000,33.000000,33.000000,30.000000,33.000000,33.000000,33.000000,33.000000,33.000000,0.000000,33.000000,33.000000,33.000000,33.000000,33.000000,77.000000,78.000000,77.000000,77.000000,78.000000,77.000000,78.000000,77.000000,77.000000,78.000000,77.000000,69.000000,78.000000,78.000000,77.000000,77.000000,92.000000,0.000000,92.000000,82.000000,92.000000,84.000000,91.000000,89.000000,92.000000,92.000000,20.000000,35.000000,92.000000,0.000000,92.000000,92.000000,0.000000,64.000000,69.000000,69.000000,69.000000,69.000000,18.000000,69.000000,5.000000,69.000000,50.000000,69.000000,69.000000,69.000000,0.000000,69.000000,30.000000,40.000000,36.000000,42.000000,38.000000,0.000000,41.000000,42.000000,42.000000,42.000000,20.000000,41.000000,31.000000,41.000000,41.000000,0.000000,68.000000,68.000000,50.000000,67.000000,65.000000,68.000000,68.000000,68.000000,68.000000,68.000000,68.000000,0.000000,68.000000,68.000000,64.000000,45.000000,57.000000,0.000000,56.000000,57.000000,4.000000,57.000000,57.000000,56.000000,46.000000,47.000000,57.000000,57.000000,57.000000,57.000000,57.000000,37.000000,0.000000,46.000000,58.000000,58.000000,58.000000,4.000000,58.000000,58.000000,58.000000,58.000000,0.000000,58.000000,58.000000,4.000000,58.000000,58.000000,51.000000,51.000000,51.000000,0.000000,51.000000,51.000000,51.000000,11.000000,51.000000,51.000000,51.000000,32.000000,51.000000,51.000000,51.000000,51.000000,113.000000,18.000000,113.000000,98.000000,113.000000,97.000000,101.000000,111.000000,105.000000,86.000000,112.000000,108.000000,111.000000,111.000000,104.000000,111.000000,68.000000,78.000000,89.000000,63.000000,70.000000,24.000000,90.000000,71.000000,88.000000,58.000000,65.000000,89.000000,86.000000,91.000000,2.000000,13.000000,69.000000,68.000000,68.000000,68.000000,69.000000,20.000000,68.000000,69.000000,69.000000,68.000000,69.000000,69.000000,1.000000,69.000000,69.000000,69.000000,42.000000,41.000000,39.000000,37.000000,40.000000,35.000000,40.000000,41.000000,40.000000,41.000000,43.000000,37.000000,43.000000,40.000000,40.000000,41.000000,47.000000,47.000000,46.000000,47.000000,27.000000,47.000000,42.000000,47.000000,47.000000,47.000000,47.000000,47.000000,47.000000,47.000000,0.000000,47.000000,44.000000,44.000000,44.000000,44.000000,34.000000,0.000000,44.000000,44.000000,44.000000,44.000000,44.000000,44.000000,44.000000,44.000000,44.000000,1.000000,75.000000,73.000000,73.000000,55.000000,69.000000,77.000000,18.000000,55.000000,0.000000,72.000000,71.000000,61.000000,53.000000,56.000000,42.000000,73.000000,0.000000,0.000000,0.000000,0.000000,0.000000,0.000000,0.000000,0.000000,0.000000,0.000000,0.000000,0.000000,0.000000,0.000000,0.000000,0.000000,0.000000,62.000000,78.000000,85.000000,62.000000,5.000000,61.000000,86.000000,88.000000,58.000000,62.000000,83.000000,58.000000,64.000000,6.000000,88.000000,85.000000,85.000000,85.000000,85.000000,85.000000,85.000000,85.000000,83.000000,0.000000,85.000000,85.000000,85.000000,69.000000,85.000000,85.000000,0.000000,76.000000,67.000000,52.000000,76.000000,76.000000,76.000000,76.000000,76.000000,76.000000,73.000000,3.000000,76.000000,76.000000,76.000000,76.000000,70.000000,83.000000,83.000000,83.000000,83.000000,83.000000,83.000000,35.000000,83.000000,64.000000,83.000000,83.000000,83.000000,83.000000,83.000000,83.000000,83.000000,61.000000,61.000000,41.000000,42.000000,57.000000,60.000000,52.000000,44.000000,62.000000,61.000000,41.000000,60.000000,0.000000,60.000000,60.000000,60.000000,84.000000,84.000000,84.000000,84.000000,80.000000,84.000000,84.000000,84.000000,84.000000,26.000000,84.000000,87.000000,84.000000,87.000000,84.000000,84.000000,57.000000,62.000000,59.000000,60.000000,61.000000,16.000000,54.000000,57.000000,58.000000,61.000000,54.000000,69.000000,60.000000,60.000000,59.000000,25.000000,70.000000,69.000000,68.000000,70.000000,71.000000,69.000000,71.000000,70.000000,71.000000,63.000000,52.000000,46.000000,35.000000,65.000000,70.000000,19.000000,60.000000,60.000000,60.000000,60.000000,60.000000,60.000000,60.000000,57.000000,54.000000,31.000000,58.000000,60.000000,60.000000,60.000000,57.000000,60.000000
    Burst Duration - Avg (sec), ,0.196551,0.555480,0.424726,0.280071,0.213379,0.364467,0.302969,0.054312,0.219465,0.316823,0.230790,0.202901, ,0.036596,0.290097,0.287597,0.180026,0.225967,0.030377,0.064155,0.111026,0.329572,0.242691,0.128524,0.165327,0.011680,0.193607,0.028458,0.013040,0.248376,0.243492,0.196077,0.202998,0.140477,0.028737,0.133305,0.271865,0.229910,0.267468,0.214658, ,0.371360,0.189949, ,0.229999,0.133932,0.161169,0.122352,0.124937,0.174343,0.330524,0.190539,0.220750,0.126922,0.140064,0.132064,0.215536,0.193858,0.061639, ,0.041496,0.181909,0.208442,0.188814,0.131610,0.222418, ,0.154715,0.146583,0.258993,0.187814,0.147673,0.052280,0.121928,0.157621,0.206597, ,0.046971,0.172378,0.040752,0.011920,0.349082,0.077895,0.097640,0.147783,0.212157,0.221676,0.131765,0.148836,0.087284,0.296292,0.053840,0.056490,0.315542,0.118790,0.036505,0.272914,0.165221,0.156416, ,0.223891,0.121709,0.162061,0.128171,0.178807,0.218639,0.012640,0.107533,0.177320,0.080535, , ,0.199433,0.168893,0.361750,0.240759,0.038229,0.228526,0.480493,0.137235,0.296773,0.183767,0.058597,0.105412,0.239371,0.195371,0.253188,0.156118,0.145109,0.133567,0.172975,0.203716,0.152898,0.025440,0.400604,0.118557,0.033000,0.180454,0.114649,0.137928,0.226047,0.152324,0.106907,0.066434,0.110372,0.085778,0.236119,0.103101,0.259013,0.100566,0.087033,0.086008,0.079195,0.095078,0.080750,0.267855,0.110936,0.116616,0.073620,0.146023,0.105244,0.141405,0.129958,0.134434,0.109970,0.075726,0.124756, ,0.169494,0.158451,0.090441,0.038311,0.176017,0.045391,0.056056,0.046490,0.108960,0.073440,0.296496,0.063830,0.030196,0.065814,0.175378,0.035385, ,0.126732,0.252170,0.215721,0.167575,0.087145,0.166249,0.133477,0.097393,0.238682,0.156850,0.113907,0.195223,0.129039, ,0.059731,0.175863,0.056813,0.146695,0.052840,0.121419,0.168023,0.141642,0.089810,0.066813,0.096362,0.168023,0.438280,0.267754,0.223030,0.178030,0.136633,0.221641,0.311116,0.201972,0.154783,0.235850, ,0.214156,0.235257,0.083360, ,0.071761,0.094199,0.249693,0.113138,0.318753,0.098302,0.116881,0.045043,0.073513,0.453585,0.103136,0.306547,0.097499,0.124985,0.252309,0.186137,0.074587,0.126991,0.159135,0.123079,0.049331, , ,0.158328,0.010960,0.086436,0.160493,0.355840,0.125440,0.151466,0.103281,0.058120,0.168935,0.073872,0.084373,0.165777,0.113190,0.052337,0.195735,0.074193,0.367778,0.108151,0.110720,0.113013,0.061501,1.035068,0.183664,0.055853,0.331953,0.497976,0.279676,0.623362,0.174175,0.057929,0.078104,0.186843,0.156353,0.194593,0.038753,0.252825,0.135894,0.149440,1.217576,0.190759,0.098727,0.174582,0.107612,0.813840,0.158758,0.966882,1.031172,0.223851,0.130404,0.191326,0.139568,0.221195,0.209453,0.064219,0.048260,0.627723,0.129499,0.132504,0.133397, ,0.064400,0.217344,0.186141,0.137932,0.125631,0.449301,0.178336,0.071824,0.260196,0.170575,0.199608,0.717985,0.158274,0.103729,0.069482,0.432202,0.145651,0.058783,0.235198,0.180911,0.286754,0.340361, ,0.131714,0.106016,0.211987, , ,0.483040, ,0.056286,0.113291, ,0.151646,0.096112,0.111442,0.439656,0.293054,0.111260, ,0.041384,0.240628,0.258688,0.215898,1.289605,0.144229,0.125952,0.930841,0.277321,0.112722,0.180112, ,1.180458,0.521215,0.194538,0.292119,0.124143,0.127620,0.105142,0.080834,0.369460,0.126562,0.103366,0.147999,0.305186,0.110265,0.152528,0.253475,0.046450,0.102693,0.120486,0.451192,0.141957,0.212549, ,0.073266,0.075419,0.311405,0.062046,0.104131,0.145637,0.125983,0.107585,0.026540,0.116761,0.349242, ,0.132809,0.112497, ,0.065411,0.142751,0.179456,0.172875,0.223200,0.047747,0.244506,0.036144,0.574294,0.060646,0.134675,0.176483,0.200101, ,0.160870,0.081808,0.148252,0.059856,0.228863,0.084731, ,0.734261,0.199874,0.175657,0.226175,0.042352,0.171620,0.114075,0.379561,0.189380, ,0.156902,0.442315,0.112518,0.171696,0.181134,0.212873,0.141794,0.226272,0.218042,0.145506,0.662164, ,0.240334,0.129392,0.074821,0.092007,0.251457, ,0.139064,0.463287,0.067840,0.216914,0.246268,0.337091,0.130734,0.081843,0.222769,0.200698,0.199535,0.787958,0.347172,0.055148, ,0.057517,0.154794,0.188081,0.244836,0.030740,0.204977,0.079702,0.338137,0.146774, ,0.135290,0.376542,0.043820,0.369211,0.417732,0.212922,0.333429,0.170532, ,0.152083,0.346527,0.213178,0.046516,0.214540,0.174359,0.209597,0.062013,0.275460,0.160580,0.126152,0.246497,0.164171,0.234013,0.160183,0.349015,0.129629,0.086436,0.088330,0.102836,0.284974,0.665547,0.124345,0.171033,0.144683,0.099594,0.069266,0.095858,0.793255,0.299405,0.068661,0.126748,0.253338,0.628357,0.141557,0.549537,0.110088,0.413971,0.063536,0.098222,0.238165,0.181643,0.012800,0.034271,0.150947,0.137560,0.211225,0.103187,0.088599,0.026400,0.145360,0.121205,0.074743,0.338033,0.136094,0.113624,0.028160,0.123337,0.208274,0.148880,0.153015,0.278332,0.105760,0.114363,0.147402,0.140473,1.263510,0.288338,0.893960,0.251711,0.164610,0.187124,0.189334,0.600300,0.090826,0.227040,0.151697,0.174237,0.096466,0.132373,0.082237,0.163152,0.131318,0.115009,0.215006,0.081753,0.172873,0.085237,0.204010,0.133709, ,0.137001,1.025658,0.098167,0.211969,0.140791,0.059122, ,0.349973,0.162680,0.171076,0.288538,0.248415,0.364153,0.170216,0.199098,0.246240,0.028240,0.157227,0.111991,0.113072,0.105168,0.123274,0.275668,0.040387,0.234374, ,0.161597,0.193126,0.277353,0.078634,0.177633,0.051160,0.130819, , , , , , , , , , , , , , , , , ,0.318408,0.224714,0.136426,0.473889,0.024432,0.503222,0.099890,0.112974,0.583319,0.598043,0.080470,0.065521,0.421521,0.028387,0.137844,0.261143,0.129437,0.121480,0.124437,0.157871,0.189971,0.205951,0.168181, ,0.151148,0.149877,0.279803,0.106252,0.117295,0.156182, ,0.115203,0.035709,0.037635,0.138863,0.079718,0.129382,0.100218,0.151641,0.080323,0.049155,0.023493,0.231212,0.113503,0.149874,0.142928,0.240800,0.085347,0.222173,0.094770,0.282934,0.207243,0.127251,0.063058,0.106278,0.047206,0.114667,0.243833,0.091418,0.049620,0.134298,0.175159,0.122116,0.094396,0.137748,0.459366,0.294876,0.253220,0.190612,0.517268,0.395820,0.121659,0.133784,0.425255,0.199075, ,0.378391,0.289909,0.201796,0.115108,0.109245,0.160468,0.095918,0.467935,0.169459,0.090638,0.091485,0.076352,0.038840,0.310193,0.288855,0.126727,0.294807,0.282754,0.120475,0.337608,0.208841,0.198675,0.169549,0.229777,0.111140,0.233345,0.197134,0.259768,0.248548,0.324610,0.127881,0.198140,0.287684,0.212323,0.236698,0.171113,0.141392,0.147669,0.182091,0.087521,0.136368,0.090967,0.162302,0.100026,0.081312,0.070411,0.061979,0.157182,0.172532,0.130096,0.032282,0.137651,0.099321,0.107632,0.117391,0.106096,0.088959,0.104511,0.083441,0.046870,0.066059,0.224863,0.108244,0.103360,0.152387,0.113666,0.134752
    Burst Duration - Std (sec), ,0.039126,0.339071,0.039254,0.211341,0.056898,0.048325,0.068581,0.050561,0.022933,0.036731,0.025402,0.028028, ,0.024074,0.032805,0.048717,0.038781,0.018747,0.014659,0.076753,0.051928,0.025343,0.037124,0.033924,0.041731,0.000367,0.055297,0.022321, ,0.050299,0.037853,0.040236,0.035255,0.056190,0.028303,0.077288,0.142348,0.045546,0.081124,0.038498, ,0.042640,0.022280, ,0.047947,0.040698,0.049649,0.049442,0.055421,0.031890,0.087248,0.028854,0.026368,0.032401,0.019622,0.060532,0.041348,0.022172,0.044765, ,0.018522,0.035957,0.036954,0.071995,0.090066,0.042131, ,0.034727,0.028966,0.083937,0.041479,0.065221,0.042686,0.021464,0.041469,0.025866, ,0.033187,0.041259,0.051174,0.002698,0.109668,0.036727,0.048719,0.042113,0.037058,0.035454,0.084179,0.040667,0.036380,0.037237, ,0.035891,0.074150,0.060749,0.022889,0.078584,0.043251,0.048654, ,0.032488,0.032268,0.034056,0.082780,0.026159,0.070136,0.004186,0.048882,0.028077,0.070107, , ,0.038076,0.024101,0.058594,0.133631,0.040867,0.028937,0.036625,0.043914,0.025921,0.055429,0.055191,0.045610,0.038859,0.021191,0.057910,0.043536,0.032555,0.072874,0.024320,0.042754,0.020586,0.010620,0.043764,0.023048,0.029133,0.023562,0.062266,0.015567,0.026237,0.046137,0.058801,0.049695,0.034962,0.053797,0.054865,0.038188,0.073002,0.071707,0.037203,0.063611,0.062240,0.049214,0.081640,0.277092,0.032617,0.045149,0.022077,0.033455,0.051083,0.060041,0.032703,0.056068,0.037915,0.070312,0.031692, ,0.025972,0.025303,0.029208,0.020316,0.059667,0.024988,0.030680,0.022601, ,0.030993,0.062224,0.036828,0.012993,0.039645,0.047779,0.035216, ,0.040011,0.060662,0.088044,0.051300,0.043081,0.049465,0.041100,0.055474,0.049219,0.026654,0.040763,0.029668,0.046919, ,0.034470,0.051169,0.042930,0.060356,0.024044,0.030485,0.047483,0.042995,0.028035,0.016560,0.041523,0.101086,0.196003,0.063977,0.069007,0.027160,0.058014,0.051435,0.041641,0.093065,0.027137,0.077625, ,0.079544,0.195944, , ,0.029885,0.040457,0.079966,0.038231,0.072182,0.046633,0.046142,0.018480,0.038481,0.124164,0.063798,0.059817,0.030463,0.048610,0.207491,0.024704,0.012808,0.030313,0.024024,0.040672,0.039989, , ,0.024456, ,0.038159,0.035009,0.267569,0.022521,0.372958,0.257329,0.014038,0.258256,0.216370,0.017561,0.373787,0.017682,0.010117,0.419082,0.218914,0.392508,0.111027,0.044344,0.031105,0.010399,0.115846,0.027109,0.028811,0.207266,0.226375,0.029151,0.196846,0.028493,0.033683,0.017820,0.249060,0.031889,0.025910,0.020913,0.038059,0.032664,0.030346,0.100271,0.059536,0.029803,0.052720,0.031068,0.395646,0.054922,0.299017,0.239364,0.077528,0.066528,0.074392,0.025223,0.068284,0.135369,0.040774,0.024027,0.146080,0.037543,0.066001,0.040754, ,0.040375,0.046411,0.084341,0.032493,0.034038,0.225565,0.051539,0.043316,0.052970,0.037626,0.032581,0.214432,0.025242,0.057500,0.033511,0.108725,0.033860,0.055012,0.059707,0.029255,0.064156,0.135079, ,0.120513,0.042135,0.051872, , , , ,0.037684,0.043965, ,0.040546,0.028488,0.040723,0.107162,0.059176,0.034789, ,0.024249,0.081844,0.179906,0.040734,0.098519,0.080501,0.050263,0.395265,0.033812,0.055523,0.029221, ,0.123566,0.220299,0.032903,0.044189,0.031660,0.029380,0.021799,0.022066,0.054095,0.015139,0.023520,0.019168,0.069331,0.070122,0.033165,0.077323,0.016517,0.016718,0.033807,0.140979,0.065187,0.107326, ,0.018432,0.032095,0.038557,0.027921,0.051474,0.039468,0.016656,0.017428,0.011049,0.063307,0.036678, ,0.023707,0.021793, ,0.029300,0.033534,0.023338,0.036888,0.067783,0.031484,0.070821,0.006845,0.081320,0.027631,0.027019,0.029765,0.025122, ,0.057060,0.041119,0.058624,0.031741,0.036307,0.047405, ,0.293159,0.046579,0.036364,0.061462,0.021423,0.083722,0.049058,0.122976,0.035757, ,0.037135,0.157714,0.036350,0.550323,0.084677,0.036939,0.042818,0.043391,0.037589,0.041471,0.046003, ,0.042749,0.037636,0.031398,0.063431,0.082684, ,0.055069,0.240184,0.031383,0.036380,0.048452,0.174717,0.090273,0.040422,0.039892,0.021431,0.037700,0.077685,0.119479,0.028822, ,0.025119,0.041173,0.064533,0.058159,0.009426,0.055896,0.027267,0.034790,0.043416, ,0.011131,0.120903,0.022595,0.100615,0.108440,0.033768,0.212829,0.041796, ,0.032657,0.043203,0.021359,0.026249,0.046135,0.035878,0.044785,0.029771,0.042881,0.029680,0.031639,0.039411,0.034148,0.321594,0.030335,0.199323,0.033098,0.024466,0.030574,0.032031,0.176880,0.188797,0.072934,0.044626,0.066591,0.033209,0.022539,0.031477,0.201822,0.252628,0.016393,0.213955,0.288443,0.389220,0.019059,0.390336,0.098365,0.319105,0.023293,0.024102,0.225653,0.026550,0.001358,0.017372,0.063265,0.120631,0.110340,0.116237,0.013094,0.011686,0.116346,0.010751,0.015518,0.130030,0.022744,0.042926, ,0.031891,0.046371,0.025768,0.032423,0.257755,0.048613,0.059439,0.051830,0.061519,0.176416,0.250584,0.296046,0.207468,0.024175,0.371582,0.053373,0.408763,0.045287,0.254944,0.019381,0.041904,0.038954,0.030121,0.040101,0.050302,0.038340,0.028759,0.025476,0.034785,0.026763,0.025170,0.045780,0.026532, ,0.031951,0.121225,0.063568,0.088325,0.050055,0.021687, ,0.094922,0.017273,0.036651,0.066553,0.198991,0.089973,0.052339,0.039794,0.062187, ,0.118574,0.027218,0.030136,0.102606,0.146584,0.116963,0.028197,0.278538, ,0.157309,0.160239,0.273177,0.031030,0.162844,0.025698,0.117974, , , , , , , , , , , , , , , , , ,0.341853,0.190980,0.086126,0.358136,0.006732,0.348091,0.026224,0.021417,0.324656,0.314608,0.022607,0.072303,0.398786,0.010623,0.025025,0.031205,0.034358,0.017318,0.027435,0.021666,0.023693,0.039355,0.066699, ,0.036833,0.040867,0.032443,0.021748,0.016025,0.031021, ,0.017325,0.013703,0.019664,0.023191,0.011769,0.032760,0.048442,0.036965,0.017835,0.010638,0.010222,0.055017,0.012399,0.024107,0.021420,0.293604,0.022561,0.045382,0.025818,0.026304,0.046475,0.018147,0.015526,0.026880,0.020834,0.020812,0.048955,0.095794,0.017266,0.021161,0.066989,0.015950,0.018228,0.083198,0.472699,0.429113,0.259323,0.145160,0.416215,0.423364,0.099440,0.017062,0.484554,0.145226, ,0.192026,0.181540,0.140723,0.024340,0.018865,0.018700,0.023323,0.179542,0.034370,0.015172,0.018949,0.017035,0.014256,0.043695,0.074143,0.032455,0.134800,0.058241,0.023949,0.418986,0.251686,0.285347,0.288474,0.305471,0.353542,0.389103,0.310865,0.338947,0.291580,0.423591,0.019238,0.282051,0.293468,0.302739,0.443383,0.109220,0.126374,0.229332,0.087721,0.024478,0.170403,0.028801,0.084638,0.024099,0.137100,0.042556,0.034158,0.259670,0.198527,0.081217,0.015362,0.045605,0.016140,0.015020,0.018004,0.015586,0.022041,0.015730,0.109727,0.020118,0.027707,0.180869,0.026375,0.017643,0.030140,0.172347,0.022003
    Number of Spikes per Burst - Avg, ,16.369369,13.666667,46.300000,11.222222,26.194245,42.807143,56.607143,6.000000,15.000000,60.371429,28.457143,34.857143, ,5.222222,33.250000,15.978723,21.666667,42.840764,6.241935,7.136364,10.146067,49.598726,37.216561,16.611465,19.375796,4.000000,20.161290,5.500000,4.000000,13.295455,28.541401,20.466667,24.809249,17.613095,5.631579,13.547771,18.357664,38.450867,27.057803,20.072289, ,37.121387,16.273256, ,12.702703,17.745562,19.424419,15.738854,16.392405,32.397516,30.493750,24.540373,35.273292,18.484472,10.459770,8.500000,32.844720,41.496894,7.852459, ,6.562500,18.315789,40.472050,12.670732,8.000000,23.122699, ,16.180124,9.129032,15.731707,15.787097,16.187500,6.000000,10.354839,20.426829,14.678788, ,6.729730,23.278788,5.000000,4.000000,32.500000,8.657143,10.223301,18.489209,26.742857,26.885714,9.300000,17.607143,10.175926,56.564286,6.000000,5.875000,27.814286,11.224490,8.326667,33.291925,13.281818,15.410959, ,34.267081,14.503185,26.012422,8.714286,29.273292,25.055901,4.500000,10.397849,9.416667,8.811881, , ,28.809917,18.193277,69.809917,19.016667,6.210526,41.347107,51.413223,9.971014,62.495868,25.057851,6.378378,8.750000,30.677686,32.272727,36.801653,14.614173,23.352941,13.124031,35.183824,17.015267,34.375000,4.666667,58.845588,14.052632,4.500000,27.654412,12.923077,21.625000,25.661765,15.701493,6.333333,8.636364,14.669291,8.573529,24.299213,11.842975,28.023622,10.817391,9.980392,7.190476,8.346154,11.893443,6.625000,11.690476,6.900000,8.901639,5.500000,12.344262,12.124031,12.889831,16.855072,9.657895,16.211679,8.200000,16.717391, ,22.942029,26.101449,14.362319,6.222222,19.695652,6.538462,8.098039,7.900990,6.000000,6.400000,37.986486,7.900000,5.222222,7.828571,22.912162,5.846154, ,14.386207,19.472603,12.625000,23.675676,7.692308,21.614865,16.119718,11.100775,18.746479,14.642857,12.575758,24.260563,15.985816, ,6.272727,17.676056,6.720000,14.927007,6.090909,16.816901,20.070423,11.016949,11.896552,6.000000,11.722222,22.181034,13.750000,39.431034,24.956897,31.810345,12.581818,32.120690,32.784483,20.456897,16.620690,27.086207, ,20.405172,14.090909,6.000000, ,8.244186,14.777778,32.156863,13.654930,51.424837,11.194245,15.986928,7.666667,9.766917,46.215686,11.408451,29.895425,14.296053,10.464646,20.065421,32.233645,5.666667,14.803738,25.140187,18.495327,5.857143, , ,34.850467,4.000000,6.700000,25.000000,11.000000,19.691589,14.786885,13.283333,10.620690,21.548387,9.568966,22.015385,10.913793,15.920635,13.274194,8.028571,10.372881,34.186441,18.306452,25.800000,27.138462,14.587302,109.069767,41.681818,6.903226,33.162791,50.522727,29.363636,39.372093,37.386364,5.000000,6.050000,24.767442,21.395349,19.477273,5.758621,48.522727,20.325581,15.550000,122.150000,35.372549,8.911765,24.780000,10.650000,66.800000,26.673469,79.000000,82.300000,26.411765,16.744186,24.888889,24.700000,38.803922,32.600000,6.421053,4.750000,74.462963,14.685185,9.150000,18.592593, ,5.250000,38.436364,14.745455,18.037037,13.148148,51.861538,23.690909,5.400000,41.745455,32.142857,36.367347,79.632653,27.306122,8.909091,6.687500,60.673469,15.428571,5.071429,32.224490,30.326531,29.734694,42.020408, ,16.795918,12.857143,31.304348, , ,8.000000, ,7.629630,13.529412, ,20.855072,14.623188,14.028986,21.115942,31.521739,16.304348, ,6.847458,33.484848,16.454545,26.030303,65.545455,8.600000,13.090909,78.515152,52.909091,10.303030,30.818182, ,61.818182,75.424242,36.303030,50.363636,17.878788,24.363636,23.576923,15.090909,58.571429,25.089744,18.818182,19.705128,39.883117,20.000000,31.756410,47.363636,7.855072,24.397436,23.846154,41.805195,32.883117,22.728261, ,12.847826,9.219512,51.326087,9.000000,11.175824,12.786517,30.891304,20.858696,5.350000,8.057143,46.641304, ,25.456522,23.043478, ,8.531250,20.927536,37.797101,30.739130,29.811594,5.666667,46.652174,5.200000,57.391304,7.340000,16.304348,37.057971,46.289855, ,21.000000,7.266667,14.375000,8.027778,38.476190,9.657895, ,54.292683,28.309524,24.190476,38.523810,5.400000,17.926829,8.225806,71.195122,28.146341, ,24.617647,39.000000,9.100000,16.805970,12.861538,34.911765,16.058824,32.411765,18.426471,16.852941,86.720588, ,32.779412,19.235294,9.015625,8.022222,16.912281, ,13.535714,37.017544,5.250000,16.491228,33.526316,17.946429,9.130435,7.978723,38.649123,46.982456,34.754386,27.210526,45.017544,6.162162, ,7.195652,20.465517,19.534483,40.965517,4.750000,26.741379,10.189655,17.034483,19.672414, ,20.637931,24.672414,4.750000,31.206897,35.741379,40.647059,27.058824,25.803922, ,18.607843,47.372549,41.588235,4.818182,30.568627,32.137255,22.647059,7.000000,60.529412,28.450980,19.607843,52.745098,25.336283,7.555556,36.079646,37.357143,24.902655,14.896907,12.415842,18.405405,29.209524,92.662791,18.696429,41.333333,24.531532,19.090090,11.163462,16.432432,72.308824,15.333333,13.202247,10.031746,13.471429,13.041667,26.488889,37.535211,19.875000,14.827586,10.246154,16.011236,35.662791,30.120879,4.000000,5.230769,16.057971,11.441176,35.426471,18.191176,21.376812,4.950000,22.279412,19.927536,15.246377,42.808824,19.594203,14.391304,4.000000,25.869565,26.768116,33.579710,13.642857,45.219512,10.333333,8.729730,14.575000,9.428571,149.350000,40.243902,54.825000,23.292683,22.976744,8.351351,22.441860,76.250000,10.275000,30.512195,16.319149,27.021277,10.956522,12.829787,6.925926,24.595745,9.738095,20.489362,45.127660,12.595745,28.063830,11.808511,39.382979,16.531915, ,20.808511,52.454545,14.409091,26.227273,17.613636,7.294118, ,46.886364,37.113636,25.113636,32.250000,31.636364,53.954545,28.272727,31.636364,46.590909,4.000000,25.266667,16.589041,27.219178,12.636364,14.942029,36.584416,5.388889,14.272727, ,26.041667,33.661972,25.459016,10.075472,21.535714,7.000000,19.164384, , , , , , , , , , , , , , , , , ,21.322581,34.435897,27.376471,42.774194,5.000000,46.295082,20.279070,22.352273,35.655172,55.435484,17.939759,9.172414,36.671875,4.166667,28.522727,41.352941,30.223529,28.282353,20.929412,36.600000,38.517647,28.188235,12.867470, ,26.200000,27.776471,42.376471,9.449275,21.905882,34.400000, ,23.934211,7.343284,6.730769,26.276316,16.644737,28.421053,13.328947,25.144737,17.697368,10.068493,4.333333,33.789474,26.407895,17.697368,24.789474,15.228571,13.915663,34.192771,15.337349,34.734940,33.662651,23.253012,6.514286,23.445783,7.234375,21.385542,33.204819,13.349398,9.072289,27.963855,26.265060,23.180723,19.163934,26.934426,14.804878,14.619048,37.333333,33.966667,21.038462,16.613636,25.854839,23.377049,15.878049,24.666667, ,55.200000,45.466667,32.316667,23.559524,27.440476,18.714286,21.309524,16.837500,38.833333,20.559524,19.940476,16.392857,5.923077,37.166667,41.045977,14.857143,22.390805,39.702381,26.607143,37.631579,30.161290,21.305085,22.616667,25.393443,5.187500,13.240741,18.298246,26.327586,37.393443,18.296296,26.260870,21.516667,40.916667,23.949153,7.240000,32.385714,28.115942,16.397059,30.785714,20.887324,23.289855,19.690141,33.142857,21.633803,10.015873,7.576923,7.239130,7.314286,11.061538,25.685714,5.315789,22.816667,22.016667,18.250000,20.966667,25.833333,17.050000,24.050000,12.754386,8.907407,6.387097,26.482759,20.516667,20.500000,30.616667,13.017544,32.083333
    Number of Spikes per Burst - Std, ,3.247175,2.943920,6.445901,3.231787,5.730515,6.632053,6.388723,1.563472,2.060975,4.541326,3.406239,3.299382, ,0.833333,4.340084,2.165113,4.767272,4.048598,0.986557,1.862618,2.274116,4.433063,4.359367,2.770378,2.813461,0.000000,4.238788,0.785905, ,1.911769,4.359620,3.999289,3.756162,4.787616,0.955134,3.947485,4.944898,6.138343,5.364299,3.186270, ,5.560686,1.647534, ,1.331697,4.542170,3.736979,4.118667,3.977381,4.585684,6.855193,3.633170,3.491038,3.259804,1.128949,1.900292,5.451558,3.753539,1.860431, ,0.852168,3.426467,5.649184,2.587028,2.138090,4.258286, ,2.799304,0.718421,3.356113,2.141086,4.594483,1.264911,1.060707,4.144715,0.917233, ,1.693921,3.061539,1.224745,0.000000,6.394130,2.070397,2.682302,3.934918,3.563144,4.080284,2.215152,3.349426,2.147934,4.493338, ,0.640870,4.801957,3.183497,1.855508,5.062904,2.509182,3.429429, ,4.292082,2.553590,4.029559,1.976047,3.503547,3.831202,0.707107,2.502780,0.668558,2.544456, , ,3.297257,3.106247,6.050226,6.567021,1.249812,3.458590,4.612789,1.790260,3.326971,4.048246,1.533901,1.723467,3.762125,2.469818,5.441538,2.654876,3.132930,2.902068,3.132156,2.903538,2.778056,0.577350,4.652166,1.947476,0.707107,2.779232,2.526190,1.973669,2.174671,3.046087,0.577350,1.976673,2.452906,1.747631,3.081730,2.121353,4.217245,2.389974,1.807467,1.167007,2.069111,2.512144,2.133910,4.911351,0.737865,1.479920,0.577350,1.835240,2.764190,2.669178,2.822099,1.712850,3.563357,1.908030,2.937274, ,2.916773,3.054947,2.311324,0.942809,2.973382,1.047457,1.607592,1.652301, ,0.547723,4.142014,1.475893,0.440959,1.464274,3.847305,0.898717, ,2.395558,2.966933,2.553305,3.668613,1.377474,3.143990,2.740509,2.536745,2.658951,1.963961,2.650425,3.325550,3.420497, ,0.904534,2.867151,1.173314,2.889217,0.750180,2.981312,3.992276,1.401971,2.367825,0.000000,3.205816,4.467465,3.492227,4.464788,4.007368,3.208450,2.793774,3.645498,3.041184,3.460063,2.408879,4.959960, ,3.647461,4.675361, , ,1.327856,2.673511,5.287918,2.657909,5.905721,2.413362,2.826070,1.254206,2.095765,8.186913,3.046111,4.380224,2.608795,1.939457,7.535164,3.252225,1.154701,2.833224,3.178491,3.343182,1.350621, , ,2.864235, ,0.864505,2.977906,2.828427,2.312441,10.432505,4.521480,1.673609,10.743931,3.061430,2.515529,6.128119,1.825461,1.580302,5.283079,3.226498,20.675218,2.831837,3.549648,3.600681,1.980835,10.802106,5.480506,1.468669,6.589784,10.240114,3.471418,5.250956,4.914222,0.707107,1.099043,5.549934,3.492438,2.482390,1.272095,5.576064,3.129894,2.500769,9.715306,11.085054,1.464068,7.404604,2.201980,18.209887,8.441928,17.141941,12.476028,8.107223,4.557009,6.168919,2.482761,11.696187,10.044798,2.090077,0.500000,7.961495,2.807161,1.874936,3.093014, ,0.957427,5.294174,3.250175,2.821501,2.122720,18.370218,3.775519,0.843274,4.761801,3.397303,4.612907,10.043020,3.117184,1.654004,1.229673,5.774902,2.776389,1.071612,3.641573,2.875092,3.914585,7.180674, ,2.978951,2.791356,4.001119, , , , ,1.955122,3.197343, ,3.093044,2.320633,2.722299,3.672378,3.238594,2.504727, ,1.710148,3.937966,2.884126,3.820053,4.444736,1.830771,2.708362,15.126800,5.252164,2.430083,4.096146, ,6.578633,13.332363,3.395630,4.519528,2.509452,3.195017,3.378770,2.471851,4.716791,2.870295,2.216726,2.486895,4.304141,3.060788,3.948322,5.891361,1.592957,2.866464,3.255672,7.838903,2.610576,3.736083, ,1.518637,1.956467,3.794469,1.888456,2.214063,2.400151,2.739441,2.583045,0.745160,1.625945,2.561685, ,3.208550,2.885786, ,2.092835,2.947176,3.036928,3.385315,3.388021,0.907485,4.770701,0.447214,4.541370,1.768315,2.296444,3.114879,3.498325, ,2.874840,2.066704,2.637865,1.812435,5.402069,1.744122, ,10.759284,5.186700,4.255488,6.707252,1.046297,3.869045,1.944388,9.942886,4.666696, ,3.138730,7.883480,1.528638,9.283806,3.101798,3.862314,2.859299,3.562807,2.451416,2.771199,5.156782, ,3.389385,3.477508,2.340073,1.644397,2.301247, ,3.258356,6.098862,0.957427,2.368867,3.454321,3.365167,2.343869,1.905249,3.975331,3.988784,3.719066,3.885582,5.373517,1.236337, ,1.485030,3.090537,3.560088,4.300002,0.957427,3.904834,1.877446,2.846762,2.849364, ,1.165261,3.729390,0.957427,4.191715,4.470411,3.974033,5.961247,3.286455, ,2.600603,3.429057,3.737253,0.873863,4.495575,4.284949,2.784410,1.391217,4.557863,3.176877,2.800560,4.898339,4.865349,3.072118,7.861686,11.779110,5.485313,3.292936,2.984183,4.854948,9.698032,24.225223,4.218875,13.737866,5.014198,5.379337,2.277414,3.781826,17.110054,5.542438,3.056958,3.398141,5.479134,4.657665,3.570303,14.425999,4.640681,5.099494,2.257147,4.127222,12.458506,3.971664,0.000000,1.091928,2.694679,2.535611,6.067570,3.443607,2.135839,0.686333,4.544459,2.095646,1.858255,7.348992,2.433340,2.696498, ,2.418757,3.800716,2.653554,2.261248,8.787810,2.485043,2.181343,3.087506,2.604134,21.943459,8.814138,11.126055,5.487458,4.108576,3.568506,4.521390,19.290957,1.880909,6.686262,1.575718,2.885416,2.356613,2.469986,1.035000,3.768632,2.348425,3.147617,3.704386,2.410661,3.703138,1.974162,3.504985,2.741398, ,3.353378,4.572184,3.230078,3.911008,2.324950,1.915320, ,5.239456,2.813720,3.472255,3.050924,6.258356,5.964837,3.029803,2.869980,4.775510, ,6.350853,4.313530,7.965632,2.850365,4.006921,11.002811,1.036901,4.052683, ,7.279989,10.056900,9.133407,2.092561,4.835341,1.592666,4.672656, , , , , , , , , , , , , , , , , ,9.071256,10.084822,7.330589,15.003190,0.707107,16.235090,5.160144,4.948098,11.896560,18.797123,5.278464,1.902334,16.239336,0.408248,4.705041,3.326323,3.001494,2.570954,2.720243,2.669047,3.014298,2.437280,2.874493, ,2.902380,2.965582,3.405096,1.519832,2.073779,2.700088, ,2.061297,1.387741,1.206443,2.182345,1.448714,3.556265,2.724644,2.641737,2.209191,1.557498,0.577350,4.579129,1.698451,1.751340,2.328466,6.223312,1.795691,4.212229,2.415787,2.646140,3.328653,1.974492,0.853072,2.656116,1.581060,2.453625,3.522607,3.369279,1.479808,2.860350,4.167483,1.474537,2.381738,4.400261,5.235549,5.364528,12.132208,7.442359,8.820568,6.675941,4.478901,2.829393,6.918075,6.127644, ,12.604546,10.342387,7.694356,2.345728,2.213601,2.165287,2.189659,3.024975,3.332329,2.186217,1.890695,2.041839,1.016782,2.554624,6.539519,2.435396,3.886040,3.606486,2.569599,32.889768,12.442910,8.400029,10.084544,12.736141,2.400521,4.956167,7.851217,12.242274,20.099982,8.677948,3.732418,8.154216,18.350903,11.314354,3.307567,8.250240,6.581025,6.113698,6.222663,2.194469,11.388980,2.627283,5.738974,2.641641,2.981080,1.486490,1.385397,2.125080,3.196076,4.352387,1.002920,2.988632,2.182299,2.159920,2.517509,2.210657,2.061964,2.028818,3.180750,1.783240,0.954897,6.578117,2.664848,2.295906,3.517952,3.763031,3.115253
    Mean ISI within Burst - Avg (sec), ,0.013079,0.040783,0.009476,0.024667,0.008505,0.008814,0.005415,0.009227,0.016023,0.005337,0.008518,0.006003, ,0.007962,0.009154,0.019294,0.008917,0.005436,0.005634,0.008680,0.011554,0.006820,0.006742,0.008215,0.008991,0.003893,0.010128,0.005838,0.004347,0.020243,0.009010,0.010242,0.008636,0.008248,0.005495,0.009877,0.014704,0.006178,0.010245,0.011444, ,0.010408,0.012551, ,0.019540,0.008050,0.008765,0.008171,0.007855,0.005573,0.011226,0.008206,0.006473,0.007314,0.014915,0.016535,0.006843,0.004804,0.008157, ,0.007376,0.010688,0.005298,0.015758,0.016981,0.010266, ,0.010305,0.017983,0.017074,0.012840,0.009397,0.009431,0.013082,0.008193,0.015089, ,0.007582,0.007763,0.008299,0.003973,0.010935,0.009840,0.010188,0.008493,0.008316,0.008711,0.014547,0.009034,0.009303,0.005336,0.010768,0.011031,0.011766,0.011007,0.004746,0.008390,0.013521,0.010876, ,0.006776,0.009086,0.006539,0.015548,0.006341,0.008988,0.003563,0.011008,0.021001,0.008889, , ,0.007199,0.010128,0.005239,0.012519,0.006505,0.005674,0.009604,0.015026,0.004826,0.007695,0.009252,0.013192,0.008155,0.006268,0.007052,0.011538,0.006481,0.010584,0.005059,0.012955,0.004583,0.006751,0.006921,0.009162,0.008767,0.006814,0.009367,0.006714,0.009197,0.010414,0.019629,0.008071,0.008062,0.010762,0.010128,0.009427,0.009575,0.009616,0.009473,0.012805,0.009640,0.008533,0.011929,0.018513,0.018415,0.014574,0.016087,0.012925,0.009211,0.011602,0.008218,0.015094,0.007185,0.009253,0.007976, ,0.007786,0.006337,0.006740,0.007142,0.009280,0.007828,0.007587,0.006514,0.021792,0.013519,0.007979,0.008793,0.006981,0.009170,0.007950,0.006693, ,0.009402,0.013756,0.017886,0.007305,0.012535,0.007992,0.008788,0.009170,0.013481,0.011604,0.009767,0.008497,0.008535, ,0.010681,0.010539,0.009141,0.010410,0.010068,0.007734,0.008808,0.014059,0.008266,0.013363,0.008829,0.007610,0.031771,0.006922,0.009229,0.005786,0.011519,0.007080,0.009803,0.010060,0.010006,0.008964, ,0.010938,0.015120,0.016672, ,0.009607,0.006712,0.007898,0.008907,0.006271,0.009368,0.007672,0.006726,0.008045,0.009846,0.009088,0.010646,0.007329,0.012946,0.011824,0.005978,0.016560,0.009353,0.006631,0.006984,0.008917, , ,0.004676,0.003653,0.014676,0.006707,0.033125,0.006735,0.006388,0.006295,0.006074,0.006612,0.006550,0.004007,0.010060,0.007653,0.004271,0.014627,0.006067,0.008778,0.005894,0.004378,0.004284,0.004581,0.009586,0.004543,0.009228,0.009833,0.009645,0.009949,0.015979,0.004818,0.013742,0.015665,0.007192,0.007737,0.010645,0.008017,0.005345,0.007076,0.010391,0.010065,0.005708,0.012748,0.007557,0.011371,0.011599,0.006280,0.012103,0.012559,0.008795,0.008092,0.007921,0.005900,0.005950,0.006418,0.011252,0.012383,0.008474,0.009566,0.015784,0.007570, ,0.014340,0.005829,0.013220,0.008198,0.010476,0.009105,0.007766,0.015697,0.006404,0.005443,0.005651,0.008976,0.006028,0.012843,0.011942,0.007160,0.010075,0.012686,0.007486,0.006196,0.010036,0.008096, ,0.007962,0.008851,0.006976, , ,0.069006, ,0.008160,0.008931, ,0.007634,0.007107,0.008578,0.021939,0.009599,0.007245, ,0.006809,0.007405,0.016719,0.008662,0.020039,0.018123,0.010459,0.011466,0.005355,0.012150,0.006072, ,0.019556,0.006765,0.005509,0.005907,0.007346,0.005454,0.004662,0.005752,0.006406,0.005293,0.005810,0.008011,0.007768,0.005656,0.004970,0.005395,0.006829,0.004411,0.005234,0.010815,0.004386,0.009351, ,0.006148,0.009096,0.006192,0.007724,0.010130,0.012413,0.004215,0.005442,0.006027,0.015687,0.007657, ,0.005441,0.005092, ,0.008577,0.007146,0.004879,0.005802,0.007693,0.009944,0.005301,0.008610,0.010167,0.009486,0.008879,0.004884,0.004414, ,0.007939,0.012852,0.010858,0.008446,0.006187,0.009475, ,0.013592,0.007332,0.007661,0.006029,0.009351,0.009920,0.015613,0.005330,0.007066, ,0.006651,0.011393,0.013895,0.007768,0.015112,0.006270,0.009353,0.007202,0.012574,0.009216,0.007729, ,0.007568,0.007048,0.009258,0.012582,0.015691, ,0.011059,0.012274,0.015750,0.014258,0.007561,0.019288,0.015290,0.011565,0.005917,0.004367,0.005928,0.030487,0.007743,0.010523, ,0.009134,0.007918,0.009989,0.006097,0.008138,0.007956,0.008734,0.021623,0.007800, ,0.006892,0.015663,0.011430,0.012093,0.011876,0.005372,0.012159,0.006836, ,0.008678,0.007474,0.005272,0.011738,0.007261,0.005589,0.009671,0.010372,0.004617,0.005852,0.006805,0.004762,0.006821,0.024196,0.004649,0.009135,0.005486,0.006282,0.007783,0.005948,0.009652,0.007235,0.006889,0.004610,0.006176,0.005619,0.006797,0.006221,0.011092,0.018308,0.005804,0.010715,0.015970,0.045286,0.005618,0.013393,0.005626,0.026017,0.006882,0.006789,0.006248,0.006289,0.004267,0.007846,0.009716,0.012361,0.005914,0.005666,0.004369,0.006565,0.006503,0.006462,0.005265,0.007907,0.007373,0.008431,0.009387,0.004911,0.008088,0.004556,0.012246,0.005815,0.011331,0.014532,0.010825,0.016719,0.008550,0.006863,0.016189,0.010642,0.007607,0.015690,0.008742,0.007327,0.009786,0.006960,0.009911,0.006679,0.009674,0.011342,0.013757,0.006820,0.015325,0.005912,0.004879,0.006972,0.006441,0.007904,0.005311,0.008686, ,0.006914,0.019936,0.006954,0.008310,0.008389,0.009520, ,0.007560,0.004514,0.007089,0.009221,0.007461,0.006818,0.006248,0.006469,0.005373,0.009413,0.006360,0.007539,0.004445,0.008638,0.008321,0.007957,0.008702,0.014828, ,0.006002,0.005596,0.009804,0.008603,0.007955,0.008354,0.006827, , , , , , , , , , , , , , , , , ,0.012405,0.006083,0.005041,0.009885,0.006105,0.009807,0.005364,0.005397,0.015234,0.010265,0.004915,0.007647,0.009455,0.008850,0.005040,0.006476,0.004389,0.004463,0.006249,0.004430,0.005069,0.007600,0.013816, ,0.005975,0.005553,0.006769,0.012752,0.005645,0.004656, ,0.005025,0.005662,0.006390,0.005499,0.005120,0.004673,0.008010,0.006240,0.004812,0.005502,0.006884,0.007006,0.004470,0.009001,0.006016,0.013514,0.006619,0.006674,0.006617,0.008437,0.006305,0.005735,0.011462,0.004696,0.007472,0.005639,0.007561,0.006640,0.006154,0.004990,0.006792,0.005496,0.005206,0.005154,0.026505,0.016362,0.006128,0.005430,0.023514,0.020099,0.004719,0.006045,0.021489,0.007854, ,0.006681,0.006107,0.006064,0.005076,0.004121,0.009150,0.004694,0.028698,0.004450,0.004643,0.004833,0.004975,0.007819,0.008569,0.007322,0.009155,0.013507,0.007261,0.004686,0.007664,0.005902,0.007726,0.005974,0.007298,0.012655,0.014136,0.008388,0.008279,0.005571,0.014484,0.005125,0.007491,0.006134,0.007189,0.023441,0.005209,0.004884,0.007777,0.006000,0.004354,0.005336,0.004801,0.004918,0.004827,0.007663,0.010438,0.009635,0.019137,0.014698,0.005109,0.007256,0.006220,0.004735,0.006274,0.005910,0.004272,0.005553,0.004536,0.006601,0.005795,0.012058,0.008226,0.005534,0.005322,0.005125,0.007947,0.004330
    Mean ISI within Burst - Std (sec), ,0.003162,0.017579,0.000934,0.012621,0.001714,0.001024,0.000777,0.006685,0.002901,0.000451,0.001310,0.000685, ,0.004273,0.001595,0.003548,0.002006,0.000566,0.001992,0.007061,0.004256,0.000644,0.000929,0.001485,0.001734,0.000122,0.002317,0.003292, ,0.003152,0.001715,0.001922,0.001592,0.002413,0.003951,0.004262,0.004861,0.000967,0.002478,0.002452, ,0.001266,0.001822, ,0.002729,0.001998,0.002158,0.002664,0.002557,0.000818,0.002129,0.001417,0.000767,0.001476,0.002089,0.006718,0.001267,0.000522,0.004523, ,0.002529,0.002162,0.000688,0.004730,0.010270,0.002095, ,0.002150,0.002907,0.004813,0.002882,0.002905,0.005427,0.002078,0.001931,0.001476, ,0.003996,0.001707,0.007810,0.000899,0.002110,0.003773,0.004131,0.001976,0.001494,0.001670,0.006886,0.002166,0.003261,0.000558, ,0.005712,0.001861,0.004364,0.001775,0.001725,0.002919,0.002975, ,0.000919,0.002230,0.001240,0.007826,0.000661,0.002185,0.000476,0.003860,0.001916,0.005836, , ,0.001262,0.002300,0.000552,0.003650,0.005000,0.000631,0.001115,0.003763,0.000334,0.001834,0.006978,0.004919,0.001507,0.000692,0.001094,0.003046,0.001105,0.004104,0.000529,0.002799,0.000503,0.002043,0.000471,0.001687,0.006553,0.000957,0.003534,0.000713,0.001006,0.002594,0.009702,0.004430,0.002116,0.004606,0.002048,0.002937,0.002229,0.004942,0.003237,0.008191,0.006049,0.003305,0.007487,0.015279,0.004757,0.004782,0.002847,0.002813,0.003339,0.003857,0.001599,0.004217,0.001606,0.006155,0.001776, ,0.001181,0.000877,0.001702,0.002971,0.002372,0.003253,0.003323,0.002186, ,0.004996,0.001226,0.003674,0.002258,0.004205,0.001587,0.004633, ,0.002424,0.003090,0.006262,0.001593,0.004608,0.001854,0.002170,0.003991,0.002146,0.002003,0.002689,0.001479,0.002354, ,0.004750,0.002719,0.005410,0.003439,0.003655,0.001630,0.002040,0.003043,0.002101,0.003312,0.002704,0.002993,0.013030,0.001193,0.002214,0.000706,0.003994,0.001258,0.001070,0.003454,0.001640,0.002008, ,0.002929,0.009071, , ,0.003263,0.002137,0.001751,0.002327,0.000909,0.003426,0.002364,0.002301,0.003173,0.001866,0.004403,0.001732,0.001815,0.004245,0.005363,0.000688,0.004741,0.002457,0.000919,0.001580,0.004866, , ,0.000593, ,0.005479,0.001325,0.017388,0.001069,0.006802,0.006605,0.001214,0.003384,0.007266,0.000647,0.011764,0.001294,0.000659,0.019473,0.007180,0.004293,0.003809,0.001129,0.000623,0.000844,0.000721,0.000490,0.003678,0.003953,0.002850,0.000879,0.003069,0.000623,0.007017,0.002894,0.007833,0.001390,0.001402,0.003796,0.000736,0.001460,0.002096,0.000564,0.001154,0.003877,0.001494,0.003556,0.003829,0.001109,0.002737,0.002106,0.001636,0.002690,0.001950,0.000958,0.000835,0.001870,0.005176,0.005430,0.001142,0.002516,0.006852,0.001812, ,0.007161,0.000950,0.004446,0.001950,0.003064,0.003187,0.001517,0.006933,0.001129,0.000813,0.000641,0.001707,0.000769,0.006591,0.004589,0.001299,0.001564,0.009269,0.001528,0.000964,0.002190,0.002036, ,0.005194,0.002578,0.001390, , , , ,0.004255,0.002580, ,0.001676,0.001899,0.003003,0.004949,0.001733,0.001697, ,0.002645,0.002326,0.009307,0.001299,0.001678,0.008018,0.004154,0.003721,0.000527,0.005642,0.000870, ,0.002432,0.001680,0.000762,0.000588,0.001597,0.000959,0.000650,0.001304,0.000526,0.000605,0.001191,0.001215,0.001207,0.001902,0.000918,0.000925,0.002224,0.000629,0.001022,0.002469,0.001213,0.003217, ,0.001173,0.003433,0.000664,0.003161,0.004178,0.002915,0.000399,0.000734,0.002088,0.006764,0.000738, ,0.000779,0.000647, ,0.002986,0.001433,0.000510,0.000982,0.001919,0.006008,0.001129,0.001451,0.001029,0.003466,0.001843,0.000612,0.000375, ,0.002378,0.005360,0.003153,0.003759,0.000995,0.003880, ,0.004661,0.001242,0.001178,0.001050,0.003381,0.003622,0.005850,0.000962,0.001217, ,0.001388,0.002312,0.003655,0.005711,0.005641,0.000798,0.002279,0.001079,0.001850,0.002330,0.000378, ,0.001152,0.001354,0.002891,0.006673,0.003939, ,0.003702,0.004738,0.007084,0.003152,0.001181,0.007625,0.007925,0.004813,0.000881,0.000320,0.001030,0.003822,0.002010,0.004719, ,0.003384,0.001522,0.002670,0.001181,0.001049,0.001876,0.002478,0.003817,0.001913, ,0.000438,0.004076,0.004675,0.002378,0.001808,0.000648,0.005630,0.001210, ,0.001754,0.000764,0.000515,0.005816,0.001139,0.000747,0.001682,0.004508,0.000524,0.000861,0.001569,0.000601,0.001053,0.026768,0.000565,0.002482,0.001034,0.001357,0.002219,0.001170,0.002477,0.000396,0.002177,0.001299,0.001422,0.001453,0.001757,0.001377,0.001560,0.009226,0.001440,0.011395,0.011469,0.023721,0.000832,0.007074,0.002389,0.013178,0.002018,0.001739,0.002614,0.000879,0.000453,0.002994,0.003201,0.006494,0.001601,0.002719,0.000626,0.002568,0.002316,0.000781,0.000870,0.001710,0.001158,0.002818, ,0.000935,0.001460,0.000610,0.002991,0.002913,0.004838,0.006463,0.003094,0.007041,0.000501,0.003324,0.002865,0.004686,0.000959,0.024037,0.001783,0.003206,0.004980,0.004060,0.000857,0.001321,0.003226,0.002594,0.006135,0.001523,0.004279,0.001122,0.000475,0.002537,0.001034,0.001985,0.001033,0.001512, ,0.001281,0.001618,0.002818,0.002757,0.002436,0.002865, ,0.001532,0.000452,0.001173,0.001907,0.004068,0.001165,0.001750,0.000956,0.000968, ,0.002452,0.002149,0.000679,0.005171,0.005610,0.001757,0.004932,0.012571, ,0.002894,0.002145,0.005644,0.002942,0.004067,0.003325,0.002990, , , , , , , , , , , , , , , , , ,0.009315,0.002451,0.001396,0.004443,0.001358,0.004111,0.001553,0.000755,0.006048,0.003317,0.001016,0.005873,0.005749,0.002665,0.000635,0.000590,0.000837,0.000570,0.001073,0.000473,0.000555,0.001458,0.004788, ,0.001111,0.001100,0.000639,0.002696,0.000805,0.000705, ,0.000596,0.001939,0.002470,0.000855,0.000790,0.000666,0.002891,0.001240,0.000902,0.001202,0.002068,0.001187,0.000427,0.001331,0.000759,0.009475,0.001548,0.000998,0.001465,0.001017,0.001025,0.000780,0.002537,0.000850,0.002683,0.000874,0.001244,0.004019,0.001911,0.000650,0.001657,0.000503,0.000851,0.001588,0.021091,0.015796,0.003010,0.002026,0.008455,0.014482,0.001866,0.000851,0.018853,0.002846, ,0.001639,0.002130,0.001970,0.000782,0.000522,0.001252,0.000836,0.007083,0.000647,0.000627,0.000873,0.000999,0.002316,0.000993,0.002172,0.001969,0.004902,0.001102,0.000667,0.003057,0.003416,0.005856,0.004278,0.004425,0.026222,0.013848,0.007094,0.004735,0.002648,0.009936,0.000760,0.006226,0.002620,0.004740,0.030667,0.001280,0.001723,0.005612,0.001120,0.000853,0.001880,0.001006,0.000988,0.000854,0.006161,0.005683,0.004385,0.019558,0.009464,0.001268,0.002538,0.001458,0.000665,0.000780,0.000894,0.000494,0.001198,0.000568,0.004166,0.001691,0.004081,0.003029,0.001115,0.000823,0.000716,0.006257,0.000511
    Median ISI within Burst - Avg (sec), ,0.010469,0.018487,0.008732,0.016324,0.006364,0.007547,0.003938,0.005988,0.014908,0.004442,0.007255,0.004707, ,0.005893,0.007396,0.018251,0.006528,0.004303,0.004514,0.006193,0.007262,0.005914,0.005287,0.006897,0.006948,0.003493,0.007151,0.005100,0.003520,0.018226,0.007438,0.008394,0.006945,0.005452,0.003615,0.006429,0.011413,0.004621,0.008096,0.009924, ,0.009178,0.012187, ,0.017761,0.005131,0.006357,0.004836,0.004557,0.004057,0.009033,0.006650,0.004710,0.004954,0.012970,0.013644,0.004988,0.003680,0.005290, ,0.004984,0.008396,0.004015,0.012531,0.013550,0.007725, ,0.007258,0.015610,0.013663,0.009843,0.005974,0.006693,0.010904,0.005711,0.013875, ,0.005697,0.005446,0.007216,0.003653,0.008768,0.006619,0.006529,0.005985,0.005840,0.006641,0.010991,0.006492,0.006169,0.003851,0.008720,0.007620,0.009766,0.007326,0.003912,0.006320,0.011465,0.007893, ,0.005155,0.006377,0.004610,0.012857,0.005191,0.006796,0.003280,0.007901,0.019027,0.005698, , ,0.005294,0.008513,0.003848,0.010604,0.004581,0.004235,0.008446,0.011620,0.003883,0.005514,0.006168,0.009005,0.006027,0.005053,0.005176,0.008631,0.004890,0.007202,0.003649,0.010698,0.003406,0.006373,0.006100,0.007108,0.007900,0.005073,0.006780,0.005880,0.008949,0.007651,0.017773,0.005329,0.005396,0.007867,0.006968,0.006806,0.007104,0.006835,0.006795,0.009800,0.006341,0.005912,0.007630,0.012191,0.013984,0.011725,0.015040,0.009438,0.006447,0.008559,0.005797,0.011800,0.005260,0.006289,0.005630, ,0.006027,0.004630,0.004792,0.005909,0.006636,0.006104,0.005384,0.004623,0.013280,0.012088,0.006051,0.006842,0.004920,0.006885,0.005672,0.005018, ,0.006401,0.011202,0.013002,0.005108,0.009175,0.005401,0.006592,0.005878,0.011239,0.009416,0.006884,0.006216,0.005797, ,0.009196,0.007603,0.007144,0.007927,0.008184,0.005294,0.005812,0.012197,0.006209,0.011587,0.006786,0.005300,0.023747,0.005057,0.006530,0.004369,0.007396,0.005258,0.008581,0.007226,0.008069,0.006388, ,0.008271,0.011776,0.016560, ,0.007061,0.004658,0.005779,0.006321,0.004605,0.006122,0.004827,0.005126,0.005411,0.007295,0.005688,0.008999,0.005267,0.009490,0.008743,0.004476,0.010547,0.006058,0.004818,0.004874,0.005660, , ,0.003423,0.004080,0.010888,0.004853,0.028100,0.004864,0.004098,0.004209,0.004634,0.004294,0.004653,0.003092,0.005539,0.005987,0.003551,0.008966,0.004011,0.005348,0.003819,0.003143,0.003150,0.003608,0.007849,0.003280,0.006803,0.006376,0.005413,0.008213,0.012127,0.003515,0.010573,0.015486,0.004740,0.004687,0.008715,0.006276,0.003452,0.004763,0.007400,0.008711,0.004094,0.009341,0.005566,0.007587,0.006139,0.004619,0.006763,0.008016,0.005314,0.005263,0.005401,0.004641,0.004682,0.004382,0.008785,0.012350,0.006660,0.006424,0.011153,0.005135, ,0.009890,0.004212,0.007954,0.005898,0.007262,0.003678,0.005065,0.012432,0.004652,0.004093,0.004020,0.005734,0.004434,0.007941,0.008415,0.004721,0.007149,0.009246,0.004685,0.004385,0.005970,0.005403, ,0.005242,0.005673,0.004663, , ,0.018560, ,0.006602,0.005799, ,0.005177,0.005214,0.006449,0.016257,0.005908,0.005503, ,0.004966,0.004450,0.012605,0.005835,0.014949,0.010491,0.005899,0.006055,0.003808,0.007908,0.004416, ,0.013531,0.004510,0.003776,0.004518,0.005181,0.003866,0.003502,0.004253,0.005165,0.003915,0.004023,0.006549,0.005028,0.004253,0.003385,0.003551,0.005380,0.003386,0.003654,0.006876,0.003372,0.006853, ,0.004409,0.006558,0.004534,0.005303,0.007331,0.009032,0.003307,0.003975,0.004842,0.012271,0.006305, ,0.003862,0.003649, ,0.006069,0.004965,0.003479,0.004129,0.005047,0.007733,0.003770,0.007768,0.008308,0.007250,0.005994,0.003677,0.003366, ,0.005259,0.008927,0.006473,0.005892,0.004264,0.006503, ,0.008104,0.004564,0.005249,0.004048,0.008036,0.006142,0.010760,0.003668,0.004764, ,0.004421,0.008855,0.010504,0.005223,0.010623,0.004291,0.006224,0.005172,0.010930,0.006105,0.006788, ,0.005023,0.004615,0.006594,0.008562,0.012044, ,0.007923,0.008095,0.014100,0.010123,0.005749,0.013040,0.009789,0.007939,0.004214,0.003401,0.004128,0.024011,0.004709,0.007468, ,0.006777,0.005103,0.006062,0.004454,0.006530,0.005004,0.006355,0.015959,0.005292, ,0.005507,0.010943,0.007450,0.008501,0.009326,0.004028,0.007518,0.005000, ,0.006162,0.005952,0.003955,0.010538,0.005121,0.003820,0.005928,0.007710,0.003336,0.004373,0.004566,0.003492,0.004719,0.015138,0.003548,0.006096,0.003879,0.004563,0.005329,0.004342,0.006696,0.006089,0.004576,0.003743,0.004092,0.004112,0.004725,0.004634,0.008942,0.012456,0.004406,0.005568,0.007152,0.026290,0.003933,0.009554,0.004117,0.011448,0.005159,0.004899,0.004112,0.004557,0.003720,0.006563,0.005702,0.007106,0.003818,0.004145,0.003332,0.004858,0.004428,0.004325,0.003870,0.004460,0.005252,0.005030,0.008080,0.003379,0.004919,0.003260,0.009180,0.003820,0.007724,0.009105,0.006977,0.011398,0.007553,0.004379,0.011547,0.007042,0.005611,0.009716,0.004884,0.003970,0.006169,0.004857,0.008369,0.004434,0.006482,0.008365,0.011295,0.004466,0.012279,0.004120,0.003520,0.004792,0.004423,0.005797,0.003513,0.006889, ,0.004733,0.015205,0.004425,0.005098,0.005909,0.007813, ,0.004978,0.003527,0.004567,0.006976,0.004638,0.004745,0.004363,0.004076,0.003863,0.007680,0.004285,0.005375,0.003418,0.005871,0.005339,0.006582,0.006898,0.007881, ,0.004018,0.003632,0.005076,0.005438,0.005129,0.005375,0.004444, , , , , , , , , , , , , , , , , ,0.005143,0.003900,0.003661,0.004982,0.004904,0.004678,0.003917,0.004154,0.008400,0.005750,0.003897,0.004943,0.004254,0.006887,0.003677,0.004675,0.003167,0.003317,0.004248,0.003201,0.003623,0.005756,0.009208, ,0.003908,0.003689,0.004604,0.010913,0.004147,0.003340, ,0.003416,0.004616,0.004375,0.003506,0.003629,0.003183,0.005443,0.003743,0.003301,0.004310,0.006253,0.004770,0.003135,0.007515,0.004113,0.007829,0.005103,0.003971,0.004827,0.005537,0.004270,0.004699,0.010472,0.003433,0.005792,0.003713,0.004615,0.004644,0.004581,0.003575,0.004256,0.004354,0.003604,0.003534,0.009308,0.006850,0.003588,0.003378,0.017973,0.007181,0.003323,0.004627,0.005591,0.004601, ,0.004681,0.003578,0.003746,0.003414,0.003008,0.006487,0.003548,0.022677,0.003121,0.003522,0.003505,0.003941,0.006485,0.005141,0.004783,0.007203,0.009877,0.004357,0.003353,0.004582,0.003506,0.004313,0.003412,0.004352,0.005745,0.007184,0.004168,0.004643,0.003454,0.007790,0.003603,0.004009,0.003746,0.003871,0.009701,0.003500,0.003296,0.004649,0.003845,0.003180,0.003576,0.003191,0.003350,0.003289,0.004897,0.006876,0.006443,0.011391,0.009206,0.003413,0.005472,0.003722,0.003399,0.004921,0.004000,0.003211,0.004096,0.003301,0.004310,0.004099,0.008910,0.004848,0.003879,0.003629,0.003455,0.004610,0.003247
    Median ISI within Burst - Std (sec), ,0.003853,0.009577,0.001016,0.010363,0.001490,0.001517,0.000455,0.003178,0.003057,0.000466,0.001529,0.000733, ,0.002568,0.001848,0.004377,0.001699,0.000582,0.001193,0.005926,0.003691,0.000696,0.000902,0.001330,0.002153,0.000482,0.002165,0.003233, ,0.002440,0.001576,0.001881,0.001652,0.002087,0.001433,0.002929,0.004683,0.000739,0.002459,0.002917, ,0.001361,0.001862, ,0.002797,0.001191,0.001922,0.001440,0.001461,0.000617,0.002100,0.001657,0.000745,0.001243,0.002603,0.006700,0.000945,0.000384,0.002726, ,0.001690,0.002138,0.000504,0.004837,0.009474,0.002141, ,0.002770,0.003054,0.004841,0.003693,0.002319,0.003529,0.001669,0.001653,0.001638, ,0.003120,0.001376,0.006473,0.000726,0.002137,0.002716,0.002872,0.001655,0.001231,0.001583,0.006177,0.001970,0.002714,0.000398, ,0.002932,0.002461,0.003413,0.001002,0.001524,0.002595,0.002877, ,0.000863,0.001921,0.000929,0.006947,0.000616,0.002249,0.000566,0.003615,0.003742,0.003203, , ,0.001144,0.002135,0.000307,0.004000,0.002758,0.000547,0.000935,0.004842,0.000351,0.001486,0.005758,0.004791,0.001288,0.000815,0.000850,0.002793,0.001025,0.003358,0.000326,0.002960,0.000311,0.000849,0.000512,0.001902,0.004950,0.000972,0.002231,0.001046,0.001013,0.002494,0.011043,0.002193,0.001371,0.004295,0.002124,0.002186,0.001684,0.003476,0.002860,0.006183,0.003711,0.002332,0.004861,0.009915,0.006547,0.004021,0.002483,0.003066,0.002544,0.002685,0.001273,0.003833,0.001146,0.004392,0.001444, ,0.001371,0.000737,0.001075,0.002147,0.001772,0.002224,0.002212,0.001351, ,0.007514,0.001197,0.002578,0.002084,0.003116,0.001493,0.001533, ,0.001876,0.003095,0.005991,0.001106,0.004252,0.001307,0.001951,0.002578,0.002049,0.001953,0.002459,0.001557,0.001703, ,0.003271,0.003098,0.005314,0.003009,0.003780,0.001248,0.001760,0.002674,0.001755,0.002875,0.002195,0.002008,0.010934,0.000970,0.001801,0.000656,0.002956,0.001037,0.000795,0.001468,0.001701,0.001438, ,0.002287,0.008142, , ,0.002436,0.001321,0.001404,0.001982,0.000623,0.002409,0.001468,0.001562,0.001871,0.001487,0.003224,0.001413,0.001463,0.004185,0.003654,0.000581,0.000642,0.001905,0.000897,0.001141,0.002514, , ,0.000313, ,0.004550,0.001023,0.012700,0.000948,0.002148,0.001083,0.000847,0.001522,0.001058,0.000349,0.002936,0.001310,0.000500,0.009327,0.000795,0.002171,0.000536,0.000323,0.000278,0.000529,0.000617,0.000280,0.002380,0.001181,0.001403,0.000994,0.001541,0.000377,0.006859,0.004421,0.005146,0.001208,0.001277,0.002066,0.000419,0.000946,0.001939,0.000629,0.000873,0.003273,0.001563,0.002499,0.002065,0.000888,0.001502,0.001449,0.001255,0.001851,0.001161,0.000602,0.000761,0.000584,0.005655,0.006262,0.000643,0.001866,0.005550,0.001317, ,0.005083,0.000611,0.002506,0.001104,0.002635,0.000600,0.001132,0.005752,0.000751,0.000606,0.000448,0.000735,0.000705,0.003771,0.003077,0.000733,0.000997,0.006684,0.000870,0.000668,0.001501,0.001053, ,0.002515,0.001503,0.000826, , , , ,0.003590,0.001500, ,0.001112,0.001140,0.002719,0.004473,0.000927,0.001165, ,0.002303,0.000688,0.004810,0.000644,0.002613,0.005723,0.001981,0.001189,0.000382,0.003901,0.000578, ,0.002025,0.000476,0.000312,0.000463,0.001116,0.000585,0.000376,0.000913,0.000521,0.000636,0.000648,0.001056,0.001063,0.000579,0.000435,0.000317,0.001551,0.000481,0.000403,0.001833,0.000267,0.001835, ,0.000832,0.003136,0.000711,0.001922,0.003172,0.002516,0.000243,0.000556,0.001000,0.006926,0.000729, ,0.000465,0.000442, ,0.002561,0.000938,0.000309,0.000518,0.001072,0.003180,0.000467,0.000918,0.000794,0.002830,0.001407,0.000361,0.000212, ,0.001700,0.005074,0.002237,0.002474,0.000642,0.002986, ,0.003864,0.000557,0.001165,0.000643,0.002891,0.002254,0.004923,0.000311,0.000762, ,0.000712,0.001967,0.002959,0.004007,0.003694,0.000554,0.001619,0.000844,0.002529,0.001787,0.000312, ,0.000874,0.000814,0.001855,0.003947,0.003978, ,0.002789,0.002872,0.005520,0.002889,0.000742,0.005240,0.005220,0.003564,0.000468,0.000270,0.000615,0.003265,0.000822,0.002988, ,0.002567,0.001072,0.001773,0.000711,0.001566,0.000970,0.002093,0.003344,0.001038, ,0.000409,0.003065,0.005234,0.001297,0.001072,0.000432,0.003183,0.000876, ,0.001250,0.000347,0.000423,0.005042,0.000964,0.000475,0.000998,0.002723,0.000175,0.000560,0.000869,0.000232,0.000922,0.015705,0.000458,0.001105,0.000657,0.001095,0.001579,0.000847,0.001618,0.000603,0.001016,0.001257,0.000789,0.000998,0.001432,0.001078,0.001471,0.006808,0.001290,0.002953,0.002051,0.013104,0.000723,0.006594,0.000881,0.003742,0.001626,0.001790,0.001176,0.000826,0.000962,0.001749,0.001781,0.002045,0.000536,0.000739,0.000312,0.001410,0.000846,0.000691,0.000723,0.000899,0.001042,0.001487, ,0.000465,0.001013,0.000261,0.003134,0.000387,0.003194,0.005376,0.002134,0.006615,0.000799,0.001114,0.002182,0.002538,0.001272,0.014291,0.000810,0.000803,0.002384,0.000537,0.000787,0.000951,0.002044,0.003016,0.004992,0.000800,0.003760,0.000803,0.000301,0.001427,0.000815,0.001588,0.000317,0.001020, ,0.000825,0.001754,0.001505,0.001133,0.001195,0.002978, ,0.000595,0.000316,0.000534,0.001028,0.001716,0.000658,0.000748,0.000621,0.000422, ,0.001261,0.002195,0.000445,0.001531,0.002596,0.001673,0.003280,0.002457, ,0.000958,0.000611,0.001718,0.001951,0.001073,0.001643,0.001038, , , , , , , , , , , , , , , , , ,0.001723,0.000474,0.000550,0.001260,0.000865,0.001075,0.001010,0.000693,0.004342,0.002082,0.000772,0.001492,0.001000,0.002251,0.000544,0.000768,0.000214,0.000263,0.000774,0.000187,0.000374,0.001257,0.003925, ,0.000638,0.000594,0.000677,0.002816,0.000778,0.000311, ,0.000426,0.001299,0.001203,0.000306,0.000616,0.000219,0.001578,0.000638,0.000360,0.000985,0.002437,0.001314,0.000224,0.001290,0.000549,0.004519,0.000947,0.000545,0.001107,0.001472,0.000695,0.000512,0.003527,0.000361,0.002589,0.000519,0.000868,0.001930,0.001156,0.000375,0.001033,0.000305,0.000501,0.000335,0.003346,0.001456,0.000426,0.000369,0.006369,0.001966,0.000376,0.000859,0.001918,0.001031, ,0.001215,0.000541,0.000441,0.000327,0.000153,0.001507,0.000355,0.006656,0.000161,0.000394,0.000365,0.000615,0.002062,0.001025,0.001716,0.001487,0.002801,0.000598,0.000291,0.001976,0.000616,0.001391,0.000423,0.002405,0.003638,0.001690,0.000847,0.000835,0.000674,0.003915,0.000647,0.000840,0.000901,0.001014,0.006206,0.000693,0.000345,0.001801,0.000576,0.000251,0.000780,0.000376,0.000299,0.000233,0.001790,0.003902,0.002502,0.005282,0.006069,0.000307,0.002008,0.000628,0.000393,0.000958,0.000579,0.000228,0.000752,0.000280,0.000817,0.000880,0.003406,0.000896,0.000681,0.000525,0.000318,0.001622,0.000236
    Median/Mean ISI within Burst, ,0.794504,0.440399,0.922269,0.642882,0.753694,0.851474,0.733004,0.778803,0.931761,0.833041,0.850911,0.784527, ,0.812673,0.802614,0.944641,0.738522,0.791715,0.836987,0.769050,0.643266,0.866937,0.785768,0.845359,0.768380,0.898950,0.708089,0.880867,0.809816,0.910007,0.828680,0.822103,0.801639,0.670140,0.767845,0.687548,0.766548,0.752746,0.786760,0.864166, ,0.882574,0.973725, ,0.912783,0.654657,0.732269,0.624939,0.606893,0.732414,0.805693,0.807012,0.728886,0.682790,0.872960,0.844064,0.735136,0.769132,0.713897, ,0.691667,0.787535,0.762012,0.791655,0.802874,0.752997, ,0.694638,0.876193,0.799852,0.758283,0.650880,0.760772,0.839597,0.699922,0.922665, ,0.802651,0.706253,0.900650,0.923656,0.801801,0.708798,0.666104,0.713992,0.705759,0.762392,0.748486,0.723890,0.676616,0.724308,0.809807,0.771816,0.824460,0.687273,0.863626,0.753667,0.855900,0.729091, ,0.761837,0.709628,0.711382,0.834034,0.821671,0.750237,0.918076,0.723319,0.911569,0.731037, , ,0.740457,0.843377,0.739124,0.834338,0.807008,0.748295,0.881593,0.766185,0.804649,0.717885,0.745975,0.697933,0.742014,0.805912,0.738661,0.759533,0.757623,0.688512,0.725649,0.824723,0.747432,0.982198,0.882427,0.775411,0.957631,0.744879,0.748582,0.873080,0.974843,0.735394,0.838312,0.729598,0.683299,0.738397,0.684176,0.736787,0.748895,0.739947,0.728270,0.865934,0.736330,0.715899,0.718097,0.712916,0.759281,0.820220,0.937533,0.731305,0.716933,0.764328,0.714073,0.793825,0.745519,0.732678,0.713621, ,0.773501,0.734326,0.726745,0.864715,0.725330,0.825213,0.750565,0.749390,0.609398,0.834476,0.758438,0.813162,0.720930,0.785414,0.716075,0.839951, ,0.691718,0.816065,0.742692,0.708077,0.743260,0.684907,0.755670,0.674709,0.837569,0.816353,0.714238,0.732614,0.692207, ,0.903587,0.713979,0.814425,0.762954,0.823945,0.695176,0.667229,0.874637,0.764568,0.868965,0.779910,0.713560,0.769990,0.734043,0.713399,0.758084,0.660391,0.746687,0.878512,0.758627,0.805788,0.721968, ,0.761454,0.755552,0.993282, ,0.759992,0.715409,0.736322,0.723187,0.739648,0.678880,0.650226,0.788420,0.717216,0.745032,0.663490,0.851010,0.725950,0.733942,0.757994,0.752565,0.663580,0.663804,0.728539,0.711174,0.706383, , ,0.739602,1.116788,0.766067,0.729804,0.867144,0.727053,0.776773,0.795200,0.776415,0.686849,0.819784,0.783716,0.740760,0.782311,0.838735,0.785370,0.778223,0.654869,0.712570,0.744317,0.743348,0.798016,0.819868,0.725830,0.769614,0.695829,0.576412,0.824730,0.772964,0.734013,0.800028,0.984569,0.707009,0.612450,0.821255,0.827182,0.650150,0.685931,0.721766,0.865628,0.724049,0.736794,0.733085,0.687273,0.553396,0.745509,0.569939,0.640676,0.616463,0.675334,0.702835,0.795839,0.788724,0.706443,0.796647,0.967575,0.791564,0.689495,0.718247,0.694447, ,0.839569,0.729844,0.631676,0.739257,0.699463,0.442843,0.662578,0.806634,0.732073,0.756580,0.716155,0.650124,0.737047,0.660326,0.736868,0.668410,0.720153,0.774178,0.634006,0.713716,0.601447,0.681375, ,0.696071,0.667248,0.677703, , ,0.268963, ,0.820305,0.669688, ,0.687400,0.752275,0.761057,0.743908,0.623315,0.773619, ,0.765483,0.627575,0.788573,0.685785,0.745865,0.639810,0.593847,0.569819,0.714069,0.672754,0.731457, ,0.697151,0.690755,0.693629,0.767856,0.720187,0.720247,0.760112,0.751450,0.806718,0.740095,0.712398,0.820495,0.647939,0.779041,0.693204,0.670359,0.814907,0.773174,0.714552,0.641245,0.785690,0.757892, ,0.729334,0.733293,0.733553,0.721762,0.738079,0.740849,0.788533,0.736466,0.851607,0.786624,0.825223, ,0.719006,0.721537, ,0.731493,0.706940,0.717232,0.722421,0.672239,0.859880,0.725364,0.913015,0.819301,0.787175,0.679089,0.758105,0.766403, ,0.674530,0.704578,0.612880,0.735353,0.694973,0.702962, ,0.604560,0.633580,0.687309,0.678770,0.873418,0.645677,0.714387,0.700591,0.683337, ,0.682725,0.780470,0.768149,0.681154,0.722701,0.688802,0.677255,0.722528,0.865451,0.677567,0.878955, ,0.668251,0.668169,0.744526,0.726882,0.768043, ,0.734153,0.674651,0.929570,0.718341,0.767916,0.685329,0.663197,0.717178,0.720371,0.780823,0.706431,0.791841,0.628091,0.760283, ,0.773285,0.655371,0.618256,0.740866,0.803880,0.646707,0.738806,0.746471,0.697601, ,0.800519,0.706399,0.603968,0.715890,0.793639,0.755609,0.645835,0.739597, ,0.720596,0.801409,0.752996,0.931562,0.707503,0.689751,0.622795,0.792310,0.729042,0.754062,0.684661,0.740056,0.696342,0.748191,0.765541,0.692894,0.716695,0.738424,0.703053,0.739593,0.709641,0.841552,0.683717,0.809163,0.673855,0.742402,0.708527,0.755079,0.806971,0.703046,0.764507,0.682019,0.600418,0.660693,0.701079,0.699376,0.768407,0.536605,0.766760,0.720851,0.696141,0.726195,0.888828,0.872733,0.614082,0.650465,0.669926,0.763723,0.771316,0.795704,0.714462,0.673214,0.741766,0.573136,0.715801,0.629882,0.860795,0.701481,0.615732,0.723507,0.746885,0.716783,0.707541,0.647156,0.661800,0.687717,0.881803,0.678201,0.716718,0.689149,0.736022,0.730742,0.571925,0.598200,0.693679,0.776601,0.847024,0.673777,0.688169,0.735285,0.843950,0.674058,0.809646,0.705926,0.724884,0.714293,0.689765,0.747911,0.677084,0.804309, ,0.696254,0.763968,0.674603,0.644059,0.737680,0.816439, ,0.672187,0.785465,0.653791,0.771355,0.669709,0.703477,0.716069,0.635447,0.729466,0.815864,0.698570,0.706531,0.776805,0.734405,0.704440,0.826699,0.831860,0.703253, ,0.720670,0.687661,0.600499,0.660136,0.706086,0.701274,0.688281, , , , , , , , , , , , , , , , , ,0.569448,0.696683,0.749828,0.563410,0.831007,0.530464,0.744081,0.772574,0.586600,0.586547,0.800135,0.714843,0.573379,0.811627,0.733924,0.721146,0.739284,0.751334,0.689199,0.728525,0.718164,0.759125,0.680829, ,0.662985,0.675251,0.681415,0.859895,0.738350,0.727970, ,0.683718,0.839132,0.735351,0.647480,0.714982,0.691298,0.709551,0.612113,0.703630,0.794017,0.898814,0.680315,0.705782,0.839264,0.689753,0.634433,0.786988,0.601078,0.742196,0.653212,0.685080,0.826217,0.904117,0.745534,0.784991,0.668573,0.616076,0.753305,0.772934,0.723065,0.639063,0.795595,0.700896,0.709276,0.551881,0.625607,0.655419,0.658162,0.780651,0.499626,0.736035,0.765290,0.475626,0.616759, ,0.700921,0.626186,0.650042,0.683008,0.738490,0.708715,0.771306,0.795847,0.713722,0.766709,0.742767,0.805420,0.847232,0.598422,0.655509,0.798726,0.753048,0.606009,0.725345,0.612382,0.674288,0.676075,0.679796,0.625604,0.805070,0.701981,0.657178,0.637930,0.679943,0.607930,0.705815,0.682892,0.653545,0.617833,0.657844,0.681899,0.705635,0.689457,0.651344,0.750422,0.694474,0.683448,0.695095,0.697130,0.733020,0.701565,0.734319,0.752105,0.657898,0.685223,0.775481,0.616836,0.725458,0.786433,0.684149,0.759020,0.749581,0.735643,0.720781,0.734955,0.760802,0.627372,0.712351,0.688988,0.683548,0.693459,0.756127
    Inter-Burst Interval - Avg (sec), ,5.011466,38.303008,4.294797,37.001910,4.325849,4.294742,4.294784,48.342356,5.492984,4.294797,4.294801,4.294766, ,52.993410,4.294767,6.248545,3.841867,3.817257,9.386620,12.174190,6.646955,3.817158,3.817223,3.817278,3.817316,56.457320,3.866757,28.125365, ,5.616794,3.817415,3.632456,3.463521,3.567250,31.911240,3.818728,4.313860,3.463798,3.463322,3.610433, ,3.463501,3.483757, ,7.985679,3.545999,3.483786,3.809564,3.798927,3.727751,3.751187,3.727754,3.727753,3.727732,6.686702,27.404907,3.727738,3.727696,9.584127, ,9.209992,3.949910,3.727744,7.186332,55.634560,3.655357, ,3.721980,17.136373,4.853818,3.866950,3.745468,87.571264,4.814488,3.653459,3.631249, ,15.287173,3.631178,106.159880,155.421440,4.297389,8.419598,5.809458,4.328619,4.297437,4.297423,19.296566,4.297451,5.537993,4.297442, ,54.092537,4.297358,6.158162,4.017810,3.742011,5.405883,4.108147, ,3.741576,3.818487,3.741610,30.560053,3.741646,3.741589,335.532400,6.507139,24.739251,5.986490, , ,4.982170,5.066584,4.982030,5.024022,10.676034,4.982167,4.982101,8.707492,4.982118,4.982152,16.258727,9.987228,4.982180,4.982134,4.982113,4.729103,4.413842,4.628038,4.413855,4.556978,4.413929,144.537480,4.413899,4.514112,512.504640,4.413852,4.619263,4.413818,4.413835,4.480157,175.530440,6.084537,4.732448,8.684074,4.732408,4.969020,4.732422,5.045838,5.855312,28.846992,7.744019,4.876453,63.739394,14.391840,59.894658,9.546387,97.888800,4.893151,4.596192,5.060370,4.321502,15.585661,4.353476,8.526472,4.321644, ,4.321772,4.321747,4.321698,30.692814,4.321853,15.387722,5.862130,5.915154, ,37.227180,4.023838,8.230240,69.531330,8.342061,4.023853,34.770287, ,4.107792,4.079414,8.162330,4.024081,43.067593,4.023980,4.231931,4.596169,4.231993,4.292907,4.554976,4.231963,4.262230, ,57.603496,4.231961,19.059920,4.387596,26.391901,4.231953,4.232023,5.100165,5.147368,104.320704,5.532031,5.147294,23.471791,5.147224,5.147217,5.147105,5.430629,5.147220,5.147241,5.147061,5.147310,5.147245, ,5.146838,5.912252, , ,6.923857,3.913759,3.913692,4.194910,3.913697,4.289342,3.913687,6.650920,4.453105,3.913705,4.198079,3.913713,3.939622,6.048256,5.591677,5.591885,26.778120,5.591867,5.591865,5.591868,42.396923, , ,5.591869, ,30.173015,5.591933,17.776320,5.591856,9.668303,9.832077,10.177225,9.509814,10.177236,9.064059,10.177204,9.356510,9.509830,17.061739,10.001739,10.001834,9.509835,9.064070,9.064093,9.356516,13.950362,13.626102,17.046056,13.950682,13.625981,13.626106,13.950651,13.626117,58.398300,28.703958,13.950514,13.950509,13.625985,20.007760,13.625983,13.665265,15.039448,15.039290,11.730509,17.773782,11.970131,15.039381,15.039438,12.219568,15.038909,15.039362,11.730717,13.965086,13.330360,15.039327,11.730736,11.969544,31.958760,158.435147,11.045180,11.045543,15.010273,11.045414, ,95.121840,10.840887,10.840908,11.045355,11.045559,9.160228,10.840859,65.046409,10.840354,12.271717,12.271732,12.272175,12.271575,13.698791,19.001265,12.271590,12.271517,41.842572,12.271663,12.271540,12.271647,12.271763, ,12.271588,12.271515,8.640553, , , , ,11.086024,8.769426, ,8.640606,8.640546,8.640511,8.640535,8.640886,8.640556, ,10.130286,18.057095,18.058113,18.057355,18.057770,19.926524,18.058388,18.058032,18.058395,18.058595,18.058412, ,18.058385,18.058547,18.058610,18.058495,18.058625,7.784331,7.682998,7.784139,7.784305,7.683016,7.784025,7.683046,7.784171,7.784042,7.683024,7.784096,8.582594,7.683003,7.683015,7.783797,7.784123,6.460049, ,6.460102,7.114243,6.459989,7.064764,6.531863,6.680303,6.459984,6.459970,27.818771,16.948609,6.459949, ,6.460035,6.460085, ,9.457549,8.762221,8.762232,8.762245,8.762500,32.082908,8.762226,142.423960,8.762287,12.160026,8.762191,8.762413,8.762272, ,8.762299,20.016491,14.884306,16.047218,14.158168,15.688441, ,14.732088,14.158931,14.157920,14.157893,30.551267,14.511766,19.349024,14.511784,14.511640, ,8.792177,8.792202,12.022041,8.925366,9.204319,8.792180,8.792241,8.792202,8.792213,8.792208,8.792193, ,8.792185,8.792204,9.350456,12.766653,10.512530, ,10.703671,10.512347,156.466960,10.512540,10.512534,10.703633,12.899573,12.797941,10.512547,10.512483,10.512560,10.512519,10.512493,16.124409, ,12.565298,10.310167,10.310222,10.310166,132.630160,10.310211,10.310146,10.310160,10.310167, ,10.310163,10.310140,128.717787,10.310170,10.310188,11.763184,11.763221,11.763187, ,11.763382,11.763237,11.763245,54.688520,11.763235,11.763251,11.763278,17.641306,11.763331,11.763219,11.763261,11.763754,5.281525,27.937953,5.281513,6.098198,5.281525,6.161737,5.915286,5.377540,5.687765,6.959176,5.329085,5.528267,5.377527,5.377532,5.742990,5.377537,8.807932,7.663984,6.706015,9.518138,8.552631,24.348157,6.630579,8.430487,6.783099,10.353149,9.220676,6.706033,6.942789,6.556966,103.017200,41.840820,8.604280,8.732745,8.732738,8.732716,8.604305,30.794636,8.732716,8.604320,8.604305,8.732751,8.604307,8.604135, ,8.604385,8.604335,8.604302,14.231873,14.587656,15.355566,16.208500,14.961776,17.161816,14.961639,14.616298,14.961873,14.587652,13.920610,15.715456,13.921339,14.961590,14.961715,14.587560,12.680819,12.680843,12.962631,12.680817,21.022049,12.680838,13.935709,12.680814,12.680857,12.680833,12.680877,12.680743,12.680903,12.680793, ,12.680833,13.569012,13.569183,13.568999,13.569111,17.680495, ,13.569073,13.569282,13.568915,13.569094,13.568941,13.569122,13.568856,13.569228,13.568912, ,7.976246,8.197868,8.197794,10.930452,8.680122,7.775642,34.134099,10.930481, ,8.313425,8.432134,9.837511,11.350948,10.731892,14.396355,8.198001, , , , , , , , , , , , , , , , , ,9.676719,7.666010,7.027173,9.676759,109.970420,9.838085,6.944501,6.784879,10.355857,9.676765,7.198603,10.355840,9.369540,82.332336,6.784861,7.003041,7.003001,7.003043,7.003020,7.003005,7.002999,7.002962,7.173784, ,7.002965,7.002943,7.002971,8.650799,7.002921,7.002930, ,7.831732,8.887264,11.501208,7.831881,7.831849,7.831790,7.831935,7.831849,7.831876,8.158359,65.172520,7.831895,7.831913,7.831877,7.831887,8.500923,7.299021,7.300407,7.299068,7.298997,7.298989,7.298920,16.305941,7.298966,9.500283,7.298909,7.298909,7.298921,7.298894,7.298920,7.298931,7.298894,9.590113,9.590093,14.363554,14.013190,10.275104,9.752747,11.265473,13.381715,9.433030,9.590224,14.363464,9.752734, ,9.752757,9.752723,9.752723,7.134348,7.134374,7.134323,7.134355,7.495012,7.134368,7.134321,7.134443,7.134422,20.291318,7.134225,6.885751,7.134391,6.885932,7.133833,7.134322,10.432489,9.577374,10.072804,9.902121,9.736992,36.271813,11.023019,10.432497,10.249161,9.736779,11.023042,8.591275,9.901989,9.901932,10.072695,24.030717,8.627199,8.754108,8.884907,8.626967,8.504109,8.754173,8.504118,8.627331,8.504045,9.452116,11.182513,13.094636,17.091007,9.301354,8.627346,32.736551,10.134734,10.134716,10.134682,10.134636,10.134694,10.134652,10.134668,10.677534,10.972026,18.832280,10.489958,10.134624,10.134689,10.134683,10.677530,10.134599
    Inter-Burst Interval - Std (sec), ,2.159623,36.608542,0.641448,44.509556,0.689017,0.642610,0.643018,40.417508,3.024079,0.643971,0.642956,0.644277, ,41.064193,0.642945,7.613075,0.601125,0.499139,6.646010,12.603033,5.918156,0.499534,0.501425,0.497945,0.498186,49.618927,0.631195,25.341688, ,4.472013,0.506002,0.930176,0.555515,0.742052,29.130125,1.070745,1.963264,0.553601,0.554846,0.823091, ,0.554094,0.621854, ,5.916587,0.739253,0.593767,0.694126,0.836407,0.643198,0.688542,0.643380,0.642561,0.644198,5.877748,24.687540,0.643716,0.645172,7.245957, ,8.766339,1.100536,0.643706,6.292451,56.657561,0.421614, ,0.638702,22.946037,2.806624,0.917276,0.758690,86.438907,2.642086,0.429085,0.365959, ,16.627957,0.366879,92.449838,104.533236,0.602434,7.032686,2.762889,0.731576,0.602613,0.602203,17.849604,0.602637,3.306394,0.602666, ,47.822001,0.606287,5.247831,1.046211,0.418592,4.188071,1.506042, ,0.412408,0.646573,0.410229,26.501011,0.412723,0.412442, ,6.143099,15.459245,3.094037, , ,0.670253,0.859889,0.667796,0.834217,9.163323,0.668894,0.669628,6.322310,0.669295,0.669921,12.430151,7.123130,0.669361,0.669105,0.668837,1.186632,0.448372,1.137407,0.452163,0.827014,0.449472,72.944174,0.449457,0.840631, ,0.448532,1.070610,0.448069,0.448134,0.863032,145.595266,2.895423,0.461844,6.843619,0.461364,1.159874,0.459984,1.274705,2.287849,24.381034,4.715652,0.945992,55.436460,13.744826,46.132563,5.426745,99.418846,1.718047,1.195649,2.165054,0.640507,15.639354,0.816810,5.794407,0.641403, ,0.640869,0.640720,0.640895,28.220628,0.641047,12.718803,2.583654,3.334577, ,55.288428,0.585414,5.465883,53.623469,6.161121,0.583044,25.559992, ,0.799867,0.764753,6.391057,0.584974,54.662503,0.581665,0.653805,1.351185,0.653174,0.840163,1.187735,0.653483,0.714507, ,44.105101,0.653965,14.155202,0.973106,22.091672,0.654139,0.652973,2.094523,1.486738,97.713233,2.112524,1.490620,32.812769,1.486923,1.487019,1.488872,2.028579,1.487747,1.487105,1.510689,1.486924,1.486713, ,1.491281,4.494596, , ,3.973915,0.744114,0.743541,1.178807,0.743488,1.474421,0.743582,5.286614,1.818856,0.743796,1.412016,0.743767,0.783338,1.792453,0.356041,0.352549,5.417173,0.352798,0.352725,0.352629,36.906362, , ,0.352106, ,26.976320,0.352760, ,0.352518,4.607241,4.503736,4.324166,4.713984,4.323314,4.925189,4.645175,4.765231,4.712749,11.680898,4.369274,4.311410,4.712155,4.924650,4.923909,4.766276,1.437689,2.421214,8.666149,1.435516,2.428207,2.424064,1.434362,2.425780,40.599625,18.006937,1.433758,1.435186,2.420130,11.576638,2.427671,2.434361,2.241429,2.239629,5.998534,6.357728,5.872112,2.241551,2.241118,5.735553,2.244594,2.241732,5.999604,4.200335,4.874584,2.241497,6.008226,5.866839,29.516709,143.244412,1.377756,1.376273,6.697294,1.376866, ,49.001620,1.894621,1.896324,1.376751,1.376476,4.036690,1.892872,49.899991,1.899792,2.091763,2.090354,2.104287,2.091081,4.319940,10.338366,2.089555,2.088631,36.169904,2.089493,2.088395,2.089627,2.089748, ,2.088072,2.088321,1.766001, , , , ,5.160291,1.808589, ,1.765354,1.764474,1.764194,1.762444,1.763778,1.764427, ,5.091808,6.148310,6.144357,6.150268,6.145873,9.135577,6.144927,6.137593,6.141721,6.144678,6.144204, ,6.143198,6.143376,6.143009,6.144014,6.143886,1.988188,2.122653,1.988093,1.986814,2.122108,1.988440,2.123010,1.987616,1.989006,2.123906,1.987701,3.409833,2.123990,2.119484,1.988935,1.988576,4.321081, ,4.315359,5.003219,4.321610,4.590012,4.336199,4.357343,4.325084,4.324803,16.975672,16.948369,4.323969, ,4.319533,4.317754, ,2.954676,1.527930,1.528219,1.529298,1.529442,21.427771,1.518856,97.331799,1.528426,6.490429,1.527960,1.533347,1.531785, ,1.529219,10.736482,3.661006,4.039941,4.641229,5.065614, ,3.745382,4.634069,4.631619,4.636660,16.510839,4.174758,10.384929,4.174691,4.174563, ,1.550541,1.550719,5.641830,1.713318,3.047024,1.551511,1.550782,1.550921,1.550704,1.550670,1.551108, ,1.551105,1.551358,2.579059,8.290540,2.779142, ,2.989626,2.769794,92.860937,2.777173,2.774548,2.800404,6.394946,6.966224,2.774209,2.774177,2.773486,2.772142,2.767943,11.294927, ,5.639183,1.671465,1.671671,1.668714,126.235803,1.670681,1.671656,1.669755,1.670272, ,1.671998,1.663720,70.893304,1.658377,1.640606,2.438802,2.431937,2.432563, ,2.433108,2.431835,2.433504,44.333550,2.433993,2.431931,2.431036,10.587016,2.436854,2.433434,2.430833,2.430761,3.026204,32.889814,3.025642,2.653963,3.020801,2.639215,2.793054,3.002249,2.883736,1.893239,3.011707,2.947521,2.987844,2.986029,2.873981,3.000838,2.581082,3.831336,3.976153,3.217081,3.146813,22.799134,4.007243,3.050791,3.956820,3.234159,1.852956,3.969674,3.958957,4.032876, ,41.933727,1.593756,1.326416,1.326759,1.326948,1.595492,27.498944,1.325977,1.593995,1.593904,1.327120,1.594718,1.594037, ,1.594583,1.593466,1.593383,5.592241,5.271603,4.660540,5.355904,4.895686,7.417615,4.892342,5.304366,4.897916,5.280954,5.878021,5.657705,5.865513,4.894920,4.897786,5.276676,2.577777,2.578812,3.148854,2.578085,12.114069,2.578707,4.621564,2.579242,2.579124,2.579559,2.581962,2.576909,2.578808,2.578475, ,2.579068,2.382377,2.382292,2.382519,2.382488,7.592722, ,2.382364,2.383243,2.383774,2.382644,2.384638,2.383979,2.382105,2.382436,2.380166, ,4.721515,4.597101,4.586910,1.954542,4.400831,4.797490,32.619363,1.955163, ,4.574552,4.519752,3.567521,2.807993,2.355488,5.824404,4.622079, , , , , , , , , , , , , , , , , ,3.307421,4.544897,4.723063,3.332755,80.976512,3.122435,4.745976,4.777535,2.387737,3.358718,4.684025,2.388120,3.623365,46.877131,4.783834,2.386422,2.386236,2.385231,2.384819,2.386075,2.386049,2.386340,2.802561, ,2.386609,2.386406,2.385525,4.423849,2.386397,2.386451, ,2.162794,2.426371,6.178098,2.159815,2.159770,2.161379,2.159514,2.159557,2.159210,1.691112,38.699615,2.159553,2.160477,2.159938,2.159923,1.648348,1.409935,1.406343,1.409568,1.410202,1.410490,1.411407,20.664950,1.410530,5.171724,1.411736,1.407645,1.411314,1.411829,1.411348,1.410763,1.410443,6.487317,6.483544,2.528459,3.238147,6.319301,6.455940,5.880231,4.183258,6.531328,6.492051,3.572164,6.458563, ,6.453205,6.456456,6.458091,0.702943,0.703732,0.704483,0.704096,1.675470,0.704488,0.704820,0.703697,0.705547,14.490481,0.704849,1.164171,0.704028,1.166061,0.704521,0.704374,4.329468,4.885432,4.470755,4.653113,4.789979,28.044799,3.768540,4.204675,4.465159,4.786144,3.768522,5.272592,4.692357,4.685313,4.588855,18.318347,2.918049,2.795274,2.656670,2.918581,3.035459,2.789624,3.033998,2.918197,3.034631,2.615382,4.995177,6.111724,17.876676,2.624519,2.918710,26.310045,4.835487,4.836607,4.836036,4.835515,4.836254,4.835303,4.836515,4.479793,4.172532,10.155355,4.619686,4.834634,4.834805,4.837283,4.502285,4.834804
    Burst Frequency (Hz), ,0.185000,0.010000,0.233333,0.015000,0.231667,0.233333,0.233333,0.016667,0.176667,0.233333,0.233333,0.233333, ,0.015000,0.233333,0.156667,0.260000,0.261667,0.103333,0.073333,0.148333,0.261667,0.261667,0.261667,0.261667,0.005000,0.258333,0.030000,0.001667,0.073333,0.261667,0.275000,0.288333,0.280000,0.031667,0.261667,0.228333,0.288333,0.288333,0.276667, ,0.288333,0.286667, ,0.123333,0.281667,0.286667,0.261667,0.263333,0.268333,0.266667,0.268333,0.268333,0.268333,0.145000,0.016667,0.268333,0.268333,0.101667, ,0.106667,0.253333,0.268333,0.136667,0.013333,0.271667, ,0.268333,0.051667,0.205000,0.258333,0.266667,0.010000,0.206667,0.273333,0.275000, ,0.061667,0.275000,0.008333,0.005000,0.233333,0.116667,0.171667,0.231667,0.233333,0.233333,0.050000,0.233333,0.180000,0.233333,0.001667,0.013333,0.233333,0.163333,0.250000,0.268333,0.183333,0.243333, ,0.268333,0.261667,0.268333,0.011667,0.268333,0.268333,0.003333,0.155000,0.020000,0.168333, , ,0.201667,0.198333,0.201667,0.200000,0.095000,0.201667,0.201667,0.115000,0.201667,0.201667,0.061667,0.100000,0.201667,0.201667,0.201667,0.211667,0.226667,0.215000,0.226667,0.218333,0.226667,0.005000,0.226667,0.221667,0.003333,0.226667,0.216667,0.226667,0.226667,0.223333,0.005000,0.165000,0.211667,0.113333,0.211667,0.201667,0.211667,0.191667,0.170000,0.035000,0.130000,0.203333,0.013333,0.070000,0.016667,0.101667,0.006667,0.203333,0.215000,0.196667,0.230000,0.063333,0.228333,0.116667,0.230000, ,0.230000,0.230000,0.230000,0.030000,0.230000,0.065000,0.170000,0.168333,0.001667,0.008333,0.246667,0.116667,0.015000,0.116667,0.246667,0.021667, ,0.241667,0.243333,0.120000,0.246667,0.021667,0.246667,0.236667,0.215000,0.236667,0.233333,0.220000,0.236667,0.235000, ,0.018333,0.236667,0.041667,0.228333,0.036667,0.236667,0.236667,0.196667,0.193333,0.010000,0.180000,0.193333,0.040000,0.193333,0.193333,0.193333,0.183333,0.193333,0.193333,0.193333,0.193333,0.193333, ,0.193333,0.165000,0.001667, ,0.143333,0.255000,0.255000,0.236667,0.255000,0.231667,0.255000,0.150000,0.221667,0.255000,0.236667,0.255000,0.253333,0.165000,0.178333,0.178333,0.005000,0.178333,0.178333,0.178333,0.023333, , ,0.178333,0.001667,0.033333,0.178333,0.003333,0.178333,0.101667,0.100000,0.096667,0.103333,0.096667,0.108333,0.096667,0.105000,0.103333,0.058333,0.098333,0.098333,0.103333,0.108333,0.108333,0.105000,0.071667,0.073333,0.051667,0.071667,0.073333,0.073333,0.071667,0.073333,0.015000,0.033333,0.071667,0.071667,0.073333,0.048333,0.073333,0.071667,0.066667,0.066667,0.085000,0.056667,0.083333,0.066667,0.066667,0.081667,0.066667,0.066667,0.085000,0.071667,0.075000,0.066667,0.085000,0.083333,0.031667,0.006667,0.090000,0.090000,0.066667,0.090000, ,0.006667,0.091667,0.091667,0.090000,0.090000,0.108333,0.091667,0.016667,0.091667,0.081667,0.081667,0.081667,0.081667,0.073333,0.053333,0.081667,0.081667,0.023333,0.081667,0.081667,0.081667,0.081667, ,0.081667,0.081667,0.115000, , ,0.001667, ,0.090000,0.113333, ,0.115000,0.115000,0.115000,0.115000,0.115000,0.115000, ,0.098333,0.055000,0.055000,0.055000,0.055000,0.050000,0.055000,0.055000,0.055000,0.055000,0.055000, ,0.055000,0.055000,0.055000,0.055000,0.055000,0.128333,0.130000,0.128333,0.128333,0.130000,0.128333,0.130000,0.128333,0.128333,0.130000,0.128333,0.115000,0.130000,0.130000,0.128333,0.128333,0.153333, ,0.153333,0.136667,0.153333,0.140000,0.151667,0.148333,0.153333,0.153333,0.033333,0.058333,0.153333, ,0.153333,0.153333, ,0.106667,0.115000,0.115000,0.115000,0.115000,0.030000,0.115000,0.008333,0.115000,0.083333,0.115000,0.115000,0.115000, ,0.115000,0.050000,0.066667,0.060000,0.070000,0.063333, ,0.068333,0.070000,0.070000,0.070000,0.033333,0.068333,0.051667,0.068333,0.068333, ,0.113333,0.113333,0.083333,0.111667,0.108333,0.113333,0.113333,0.113333,0.113333,0.113333,0.113333, ,0.113333,0.113333,0.106667,0.075000,0.095000, ,0.093333,0.095000,0.006667,0.095000,0.095000,0.093333,0.076667,0.078333,0.095000,0.095000,0.095000,0.095000,0.095000,0.061667, ,0.076667,0.096667,0.096667,0.096667,0.006667,0.096667,0.096667,0.096667,0.096667, ,0.096667,0.096667,0.006667,0.096667,0.096667,0.085000,0.085000,0.085000, ,0.085000,0.085000,0.085000,0.018333,0.085000,0.085000,0.085000,0.053333,0.085000,0.085000,0.085000,0.085000,0.188333,0.030000,0.188333,0.163333,0.188333,0.161667,0.168333,0.185000,0.175000,0.143333,0.186667,0.180000,0.185000,0.185000,0.173333,0.185000,0.113333,0.130000,0.148333,0.105000,0.116667,0.040000,0.150000,0.118333,0.146667,0.096667,0.108333,0.148333,0.143333,0.151667,0.003333,0.021667,0.115000,0.113333,0.113333,0.113333,0.115000,0.033333,0.113333,0.115000,0.115000,0.113333,0.115000,0.115000,0.001667,0.115000,0.115000,0.115000,0.070000,0.068333,0.065000,0.061667,0.066667,0.058333,0.066667,0.068333,0.066667,0.068333,0.071667,0.061667,0.071667,0.066667,0.066667,0.068333,0.078333,0.078333,0.076667,0.078333,0.045000,0.078333,0.070000,0.078333,0.078333,0.078333,0.078333,0.078333,0.078333,0.078333, ,0.078333,0.073333,0.073333,0.073333,0.073333,0.056667, ,0.073333,0.073333,0.073333,0.073333,0.073333,0.073333,0.073333,0.073333,0.073333,0.001667,0.125000,0.121667,0.121667,0.091667,0.115000,0.128333,0.030000,0.091667, ,0.120000,0.118333,0.101667,0.088333,0.093333,0.070000,0.121667, , , , , , , , , , , , , , , , , ,0.103333,0.130000,0.141667,0.103333,0.008333,0.101667,0.143333,0.146667,0.096667,0.103333,0.138333,0.096667,0.106667,0.010000,0.146667,0.141667,0.141667,0.141667,0.141667,0.141667,0.141667,0.141667,0.138333, ,0.141667,0.141667,0.141667,0.115000,0.141667,0.141667, ,0.126667,0.111667,0.086667,0.126667,0.126667,0.126667,0.126667,0.126667,0.126667,0.121667,0.005000,0.126667,0.126667,0.126667,0.126667,0.116667,0.138333,0.138333,0.138333,0.138333,0.138333,0.138333,0.058333,0.138333,0.106667,0.138333,0.138333,0.138333,0.138333,0.138333,0.138333,0.138333,0.101667,0.101667,0.068333,0.070000,0.095000,0.100000,0.086667,0.073333,0.103333,0.101667,0.068333,0.100000, ,0.100000,0.100000,0.100000,0.140000,0.140000,0.140000,0.140000,0.133333,0.140000,0.140000,0.140000,0.140000,0.043333,0.140000,0.145000,0.140000,0.145000,0.140000,0.140000,0.095000,0.103333,0.098333,0.100000,0.101667,0.026667,0.090000,0.095000,0.096667,0.101667,0.090000,0.115000,0.100000,0.100000,0.098333,0.041667,0.116667,0.115000,0.113333,0.116667,0.118333,0.115000,0.118333,0.116667,0.118333,0.105000,0.086667,0.076667,0.058333,0.108333,0.116667,0.031667,0.100000,0.100000,0.100000,0.100000,0.100000,0.100000,0.100000,0.095000,0.090000,0.051667,0.096667,0.100000,0.100000,0.100000,0.095000,0.100000
    IBI Coefficient of Variation, ,0.430936,0.955762,0.149355,1.202899,0.159279,0.149627,0.149721,0.836068,0.550535,0.149942,0.149706,0.150015, ,0.774892,0.149704,1.218376,0.156467,0.130759,0.708030,1.035226,0.890356,0.130865,0.131359,0.130445,0.130507,0.878875,0.163236,0.901026, ,0.796186,0.132551,0.256074,0.160390,0.208018,0.912848,0.280393,0.455106,0.159825,0.160206,0.227976, ,0.159981,0.178501, ,0.740900,0.208475,0.170437,0.182206,0.220169,0.172543,0.183553,0.172592,0.172372,0.172812,0.879020,0.900844,0.172683,0.173075,0.756037, ,0.951829,0.278623,0.172680,0.875614,1.018388,0.115341, ,0.171603,1.339025,0.578230,0.237209,0.202562,0.987069,0.548778,0.117446,0.100780, ,1.087706,0.101036,0.870855,0.672579,0.140186,0.835276,0.475585,0.169009,0.140226,0.140131,0.925015,0.140231,0.597038,0.140238, ,0.884078,0.141084,0.852175,0.260393,0.111863,0.774725,0.366599, ,0.110223,0.169327,0.109640,0.867178,0.110305,0.110232, ,0.944055,0.624887,0.516837, , ,0.134530,0.169718,0.134041,0.166046,0.858308,0.134258,0.134407,0.726077,0.134339,0.134464,0.764522,0.713224,0.134351,0.134301,0.134248,0.250921,0.101583,0.245764,0.102442,0.181483,0.101830,0.504673,0.101828,0.186223, ,0.101619,0.231771,0.101515,0.101529,0.192634,0.829459,0.475866,0.097591,0.788065,0.097490,0.233421,0.097198,0.252625,0.390731,0.845185,0.608941,0.193992,0.869736,0.955043,0.770228,0.568461,1.015630,0.351113,0.260139,0.427845,0.148214,1.003445,0.187623,0.679578,0.148416, ,0.148288,0.148255,0.148297,0.919454,0.148327,0.826555,0.440736,0.563735, ,1.485163,0.145487,0.664122,0.771213,0.738561,0.144897,0.735110, ,0.194719,0.187466,0.782994,0.145368,1.269226,0.144550,0.154493,0.293981,0.154342,0.195710,0.260755,0.154416,0.167637, ,0.765667,0.154530,0.742668,0.221786,0.837063,0.154571,0.154293,0.410678,0.288835,0.936662,0.381871,0.289593,1.397966,0.288879,0.288898,0.289264,0.373544,0.289039,0.288913,0.293505,0.288874,0.288837, ,0.289747,0.760217, , ,0.573945,0.190128,0.189984,0.281009,0.189971,0.343740,0.189995,0.794870,0.408447,0.190049,0.336348,0.190041,0.198836,0.296359,0.063673,0.063046,0.202298,0.063091,0.063078,0.063061,0.870496, , ,0.062968, ,0.894055,0.063084, ,0.063041,0.476530,0.458066,0.424887,0.495697,0.424802,0.543376,0.456429,0.509296,0.495566,0.684625,0.436851,0.431062,0.495503,0.543316,0.543232,0.509407,0.103057,0.177689,0.508396,0.102899,0.178204,0.177899,0.102817,0.178024,0.695219,0.627333,0.102775,0.102877,0.177611,0.578607,0.178165,0.178142,0.149037,0.148919,0.511362,0.357703,0.490564,0.149045,0.149016,0.469374,0.149252,0.149058,0.511444,0.300774,0.365675,0.149042,0.512178,0.490147,0.923587,0.904120,0.124738,0.124600,0.446181,0.124655, ,0.515146,0.174766,0.174923,0.124645,0.124618,0.440676,0.174605,0.767144,0.175252,0.170454,0.170339,0.171468,0.170400,0.315352,0.544088,0.170276,0.170202,0.864428,0.170270,0.170182,0.170281,0.170289, ,0.170155,0.170176,0.204385, , , , ,0.465477,0.206238, ,0.204309,0.204209,0.204177,0.203974,0.204120,0.204203, ,0.502632,0.340493,0.340255,0.340596,0.340345,0.458463,0.340281,0.339882,0.340103,0.340263,0.340241, ,0.340185,0.340192,0.340171,0.340228,0.340219,0.255409,0.276279,0.255403,0.255233,0.276208,0.255451,0.276324,0.255341,0.255524,0.276441,0.255354,0.397296,0.276453,0.275866,0.255523,0.255466,0.668893, ,0.668002,0.703268,0.668981,0.649705,0.663853,0.652267,0.669519,0.669477,0.610224,0.999986,0.669350, ,0.668655,0.668374, ,0.312415,0.174377,0.174410,0.174533,0.174544,0.667887,0.173341,0.683395,0.174432,0.533751,0.174381,0.174991,0.174816, ,0.174523,0.536382,0.245964,0.251753,0.327813,0.322888, ,0.254233,0.327289,0.327140,0.327496,0.540431,0.287681,0.536716,0.287676,0.287670, ,0.176355,0.176374,0.469291,0.191961,0.331043,0.176465,0.176381,0.176397,0.176372,0.176369,0.176419, ,0.176419,0.176447,0.275822,0.649390,0.264365, ,0.279308,0.263480,0.593486,0.264177,0.263928,0.261631,0.495749,0.544324,0.263895,0.263894,0.263826,0.263699,0.263300,0.700486, ,0.448790,0.162118,0.162137,0.161851,0.951788,0.162041,0.162137,0.161952,0.162002, ,0.162170,0.161367,0.550765,0.160849,0.159125,0.207325,0.206741,0.206795, ,0.206837,0.206732,0.206874,0.810656,0.206915,0.206740,0.206663,0.600127,0.207157,0.206868,0.206646,0.206631,0.572979,1.177245,0.572874,0.435204,0.571956,0.428323,0.472176,0.558294,0.507007,0.272049,0.565145,0.533173,0.555617,0.555279,0.500433,0.558032,0.293041,0.499914,0.592923,0.337995,0.367935,0.936380,0.604358,0.361876,0.583335,0.312384,0.200957,0.591956,0.570226,0.615052, ,1.002220,0.185228,0.151890,0.151929,0.151951,0.185430,0.892978,0.151840,0.185255,0.185245,0.151970,0.185339,0.185264, ,0.185322,0.185193,0.185184,0.392938,0.361374,0.303508,0.330438,0.327213,0.432216,0.326992,0.362908,0.327360,0.362015,0.422253,0.360009,0.421333,0.327166,0.327355,0.361724,0.203282,0.203363,0.242918,0.203306,0.576255,0.203355,0.331635,0.203397,0.203387,0.203422,0.203611,0.203214,0.203362,0.203337, ,0.203383,0.175575,0.175566,0.175585,0.175582,0.429441, ,0.175573,0.175635,0.175679,0.175593,0.175742,0.175691,0.175557,0.175576,0.175413, ,0.591947,0.560768,0.559530,0.178816,0.507001,0.616990,0.955624,0.178873, ,0.550261,0.536015,0.362645,0.247380,0.219485,0.404575,0.563806, , , , , , , , , , , , , , , , , ,0.341792,0.592863,0.672114,0.344408,0.736348,0.317382,0.683415,0.704144,0.230569,0.347091,0.650685,0.230606,0.386717,0.569365,0.705075,0.340769,0.340745,0.340599,0.340542,0.340722,0.340718,0.340762,0.390667, ,0.340800,0.340772,0.340645,0.511380,0.340772,0.340779, ,0.276158,0.273017,0.537170,0.275772,0.275768,0.275975,0.275732,0.275740,0.275695,0.207286,0.593803,0.275738,0.275856,0.275788,0.275786,0.193902,0.193168,0.192639,0.193116,0.193205,0.193245,0.193372,1.267326,0.193251,0.544376,0.193417,0.192857,0.193359,0.193431,0.193364,0.193284,0.193241,0.676459,0.676067,0.176033,0.231078,0.615011,0.661961,0.521969,0.312610,0.692389,0.676945,0.248698,0.662231, ,0.661680,0.662016,0.662183,0.098529,0.098640,0.098746,0.098691,0.223545,0.098746,0.098793,0.098634,0.098893,0.714122,0.098798,0.169070,0.098681,0.169340,0.098758,0.098730,0.414999,0.510101,0.443844,0.469911,0.491936,0.773184,0.341879,0.403036,0.435661,0.491553,0.341877,0.613715,0.473880,0.473172,0.455574,0.762289,0.338238,0.319310,0.299009,0.338309,0.356940,0.318662,0.356768,0.338250,0.356846,0.276698,0.446695,0.466735,1.045970,0.282165,0.338309,0.803690,0.477120,0.477232,0.477177,0.477128,0.477198,0.477106,0.477225,0.419553,0.380288,0.539253,0.440391,0.477041,0.477055,0.477300,0.421660,0.477059
    Normalized Duration IQR, ,0.197436,1.158848,0.071637,2.470083,0.359039,0.168198,0.241854,3.006009,0.091050,0.097437,0.087408,0.099821, ,1.009074,0.137481,0.100462,0.156244,0.044339,0.357500,2.152029,0.509329,0.060681,0.169260,0.245183,0.322987, ,0.308443,0.000000, ,0.237956,0.125670,0.258310,0.194596,0.408794,0.000000,1.041374,1.013323,0.227005,0.421039,0.138311, ,0.108427,0.105324, ,0.261358,0.366936,0.259260,0.404674,0.587048,0.173464,0.316882,0.103324,0.090703,0.251087,0.146089,0.063596,0.226758,0.103196,1.150047, ,0.000000,0.269202,0.194218,0.549013,0.809066,0.231971, ,0.190063,0.262868,0.141584,0.256720,0.534866,0.969962,0.166889,0.316933,0.097640, ,1.295291,0.233225,0.375751, ,0.470948,0.504283,0.593010,0.268077,0.141865,0.180198,1.156096,0.268581,0.449282,0.134797, ,0.530566,0.356067,0.666150,0.000000,0.351146,0.177399,0.305407, ,0.133017,0.168405,0.250375,1.223290,0.113698,0.478673, ,0.547594,0.000000,3.653288, , ,0.207075,0.121304,0.194682,1.161362,0.490687,0.131757,0.083556,0.274097,0.067362,0.223538,3.830361,0.431764,0.170703,0.103623,0.286890,0.380512,0.280707,0.595834,0.114505,0.200200,0.131711, ,0.123288,0.171875, ,0.112725,0.617394,0.073820,0.089615,0.342809, ,1.086156,0.372951,0.918350,0.294115,0.396593,0.285954,0.791097,0.465582,2.219962,1.975140,0.468414,0.680028,7.874007,0.162553,0.439036,0.405592,0.132653,0.784835,0.556885,0.310388,0.554527,0.376883,1.147060,0.234390, ,0.178410,0.128862,0.233225,0.329277,0.532447,0.775569,0.625105,0.473959, ,0.139805,0.266934,0.783869,0.000000,0.642491,0.283024,0.000000, ,0.316772,0.232251,0.405001,0.439256,0.554633,0.428616,0.443969,0.457914,0.168689,0.188111,0.442451,0.150753,0.482488, ,0.914992,0.288174,0.615369,0.573311,0.351722,0.166667,0.294689,0.149626,0.348376,0.162184,0.522007,0.358114,0.190001,0.274268,0.408906,0.172230,0.475890,0.310980,0.159680,0.684055,0.194294,0.364464, ,0.367090,3.026578, , ,0.519461,0.356482,0.416667,0.367880,0.287571,0.495349,0.443706,0.247283,0.547594,0.100068,0.950208,0.193443,0.325000,0.378250,0.512283,0.107681, ,0.150120,0.123034,0.348781,1.870331, , ,0.188536, ,0.328844,0.191616, ,0.158186,0.203125,0.000000,0.167841,0.098757,0.000000,0.121128,0.208195,0.089120,0.000000,0.766072,0.220679,4.119678,0.226062,0.198927,0.094008,0.000000,0.116694,0.055036,0.614362,0.433709,0.743747,0.035217,0.414436,0.172785,0.491973,0.275000,0.261586,0.245343,0.151943,0.282449,0.121030,0.292862,0.136413,0.084092,0.389495,0.214439,0.212482,0.181472,0.767356,0.179691,0.154428,0.146823,0.433778,0.512108,0.366936,0.072811,0.248593,0.239337,1.291852,0.186893,0.262197,0.396467,0.651354,0.419742, ,0.000000,0.325968,0.605267,0.306117,0.228331,0.716412,0.323460,0.290989,0.268756,0.251003,0.152592,0.492983,0.061577,0.615117,0.499169,0.418090,0.127614,1.962747,0.295604,0.170470,0.201706,0.671765, ,0.296271,0.415698,0.244481, , , , ,0.390711,0.566818, ,0.270980,0.321383,0.476849,0.291197,0.204230,0.395653, ,0.551212,0.282769,0.179198,0.180686,0.078189,0.648317,0.483420,0.673162,0.180712,0.704647,0.110340, ,0.125326,0.556013,0.157522,0.177937,0.313597,0.238031,0.295106,0.254578,0.082031,0.078968,0.293033,0.133502,0.252014,0.193992,0.263560,0.201945,0.222643,0.097449,0.262134,0.151614,0.075105,1.073460, ,0.280392,0.386586,0.159111,0.659421,0.450090,0.318223,0.080440,0.092754,0.000000,0.814263,0.142447, ,0.223904,0.180686, ,0.318790,0.210059,0.166316,0.242491,0.322013,0.756805,0.221460,0.000000,0.156406,0.480020,0.214992,0.175327,0.102226, ,0.641010,0.525736,0.422720,0.194294,0.170441,0.640682, ,0.497071,0.150814,0.171561,0.325000,0.500001,0.628769,0.510715,0.221951,0.156341, ,0.255684,0.548139,0.368829,0.284807,0.719799,0.188406,0.279922,0.224198,0.182931,0.278520,0.060663, ,0.248018,0.304626,0.546100,0.556730,0.348902, ,0.363947,1.049750,0.000000,0.137450,0.167001,0.488961,0.800658,0.680768,0.182265,0.099781,0.258203,0.115169,0.631148,0.898565, ,0.537018,0.256865,0.425234,0.259148,0.000000,0.297033,0.278986,0.089386,0.496528, ,0.074060,0.488961,0.257195,0.318587,0.252472,0.145551,0.666347,0.312813, ,0.126453,0.145393,0.093517,0.620455,0.185371,0.234977,0.232488,0.187173,0.188102,0.253418,0.159904,0.204720,0.179434,15.370457,0.180209,0.420046,0.303518,0.224641,0.442529,0.280970,0.413091,0.575649,0.334783,0.111495,0.143492,0.200843,0.280079,0.325282,0.142403,1.632574,0.276214,0.353961,0.308570,0.618565,0.143082,1.146298,0.104532,2.785717,0.345650,0.205798,0.244325,0.110583, ,0.000000,0.507350,0.626496,0.347915,0.000000,0.115005,0.383232,0.312325,0.000000,0.000000,0.333344,0.073258,0.506238, ,0.346128,0.232575,0.137199,0.128862,0.276621,0.569614,0.777711,0.351870,0.593362,0.092517,0.136799,0.360575,0.427413,0.119451,0.938438,0.247576,1.736318,0.703279,0.119565,0.065925,0.236643,0.449888,0.226950,0.405373,0.482410,0.227638,0.175861,0.137500,0.639046,0.170393,0.235419,0.208716,0.219133, ,0.209123,0.145551,0.367115,0.479917,0.444758,0.381189, ,0.435326,0.061897,0.241613,0.319922,0.234043,0.414224,0.123978,0.306742,0.132221, ,0.145579,0.177735,0.252778,0.331897,0.225248,0.220679,0.893751,0.264722, ,0.152313,0.190643,0.581677,0.379167,0.380204,0.423794,0.334783, , , , , , , , , , , , , , , , , ,4.731442,0.127744,0.238637,2.526437,0.000000,1.599303,0.200601,0.173004,0.904921,0.879798,0.246552,0.531693,3.880377,0.000000,0.141424,0.115678,0.242022,0.165509,0.253461,0.063709,0.105635,0.240440,0.264423, ,0.278830,0.139493,0.140630,0.187173,0.086592,0.131711, ,0.090539,0.313597,0.304441,0.146688,0.000000,0.234683,0.476440,0.199138,0.245343,0.000000, ,0.350798,0.000000,0.132794,0.142026,1.799236,0.248264,0.180751,0.217798,0.107557,0.247185,0.160109,0.155628,0.290989,0.215547,0.265471,0.207161,0.290651,0.216106,0.152499,0.354462,0.085177,0.104532,0.161140,6.343096,0.388889,0.119508,0.191714,0.888988,6.062487,0.093273,0.074791,7.472877,0.511367, ,0.446079,0.488850,0.365863,0.271127,0.093727,0.124689,0.222050,0.615909,0.175532,0.230645,0.111173,0.135051,0.000000,0.164422,0.212017,0.232143,0.453352,0.272418,0.169546,1.202518,0.169661,0.419180,0.222050,0.274397,0.521355,0.199085,0.366220,0.271863,0.233008,0.203842,0.077525,0.222841,0.121040,0.380609,0.830844,0.137689,0.167841,0.655449,0.171875,0.346927,0.205291,0.215362,0.132548,0.207504,0.371291,0.833057,0.720663,0.881163,1.120762,0.165564,0.631945,0.216479,0.204955,0.093168,0.000000,0.095661,0.230115,0.097869,0.288973,0.232791,0.461149,0.396593,0.185028,0.098601,0.067199,0.312422,0.076366
    Burst Percentage,0.000000,84.237367,8.384458,94.904832,10.531804,92.622742,94.452325,90.540386,11.952191,81.622177,92.079747,94.028794,92.058102,0.000000,9.915612,95.233224,65.247611,95.291796,94.519393,43.532058,29.511278,58.942559,95.183963,87.891095,93.510219,88.173913,4.687500,87.633202,16.202946,2.051282,36.838791,84.419744,86.745441,94.164107,88.381123,11.706783,80.022573,70.290665,88.646055,87.462631,91.866556,0.000000,95.324328,97.322670,0.000000,49.499737,92.561728,89.212283,90.645635,82.668369,90.871080,91.900546,95.596419,96.058863,94.416244,60.666667,9.433962,92.366812,93.768421,42.615658,0.000000,47.032475,91.578947,81.941650,55.119363,9.425626,92.400098,0.000000,92.114569,25.518485,75.793184,91.716642,88.035350,6.185567,78.197320,93.366778,97.661290,0.000000,30.665025,92.732979,5.387931,4.918033,88.332363,61.585366,75.592247,89.422408,93.343306,92.572553,25.386715,84.129693,79.927273,91.201198,3.448276,10.375276,92.913386,69.708492,82.117028,90.387858,73.269809,87.243117,0.000000,94.388366,93.434551,92.185780,5.888031,95.116044,86.049488,2.556818,61.868202,10.896818,59.691482,0.000000,0.000000,92.173453,96.307829,85.756345,93.986820,51.082251,95.586549,95.869934,63.003663,93.219921,71.610770,34.402332,56.029883,93.548387,97.333001,91.437372,91.203931,93.274596,80.966045,89.439252,92.069393,94.904588,5.957447,93.690002,94.728839,3.829787,95.626748,82.595870,98.592021,95.433415,94.349776,6.761566,74.672489,90.174250,54.333644,92.009541,90.353090,85.594036,74.357442,74.469642,19.764398,60.671016,85.202584,9.153713,29.721550,13.043478,58.449946,8.239700,81.537629,85.886875,82.038835,91.973112,34.524929,92.195932,44.496124,94.665572,0.000000,96.819572,92.382662,93.755913,19.444444,86.258331,34.366577,73.750000,69.633508,2.150538,9.552239,85.779677,52.268431,9.400000,51.310861,91.574399,11.968504,0.000000,92.382640,90.801661,54.627404,91.107644,12.406948,80.823648,91.523391,80.089485,94.464159,96.835144,88.627870,97.124330,90.376905,0.000000,12.994350,87.854393,19.466976,87.768240,25.378788,92.954457,91.404747,78.407720,95.833333,9.160305,91.606368,78.301887,26.128266,86.974710,87.860395,95.893971,87.153652,87.649965,93.028376,91.586260,97.030700,86.843560,0.000000,81.006160,51.994037,3.314917,0.000000,60.806175,89.757840,82.288008,87.618617,89.358319,84.519283,88.559015,66.282421,75.304348,93.112984,84.155844,93.080993,90.844482,89.619377,78.760088,94.467269,10.759494,97.717458,97.925009,91.620370,18.807339,0.000000,0.000000,92.923000,2.094241,29.777778,93.629681,2.286902,97.052050,95.652174,94.319527,94.333844,98.962963,95.197256,95.591182,98.444790,98.044966,95.920746,75.335121,94.298921,97.111218,97.091531,96.268657,95.299838,94.063460,98.219895,85.421518,76.978417,75.810739,84.300341,98.400609,90.101118,94.485928,34.883721,57.345972,64.623786,97.354497,99.419954,71.063830,85.811897,97.219132,86.030429,99.147727,95.702918,78.497409,96.948357,90.638298,88.829787,93.290507,93.907875,95.558781,96.559140,87.061669,80.924855,92.857143,93.747039,90.858417,50.833333,11.046512,90.015670,97.300613,77.542373,94.360902,0.000000,15.909091,89.424704,88.440567,96.150049,96.075778,88.640547,92.938659,32.530120,88.273741,91.783217,93.396226,90.449699,89.259506,88.888889,72.297297,82.744225,98.437500,41.520468,92.231308,93.049468,94.060684,86.331237,0.000000,70.522708,94.029851,92.544987,0.000000, ,4.278075,0.000000,72.027972,92.462312,0.000000,95.869420,96.003806,95.181908,96.682150,85.562549,96.153846,0.000000,82.448980,76.682859,77.460770,89.293139,97.082585,89.273356,94.945055,88.309475,90.701299,92.391304,98.355899,0.000000,98.029793,81.686905,96.457327,92.384658,97.520661,92.550567,96.383648,96.752706,96.635955,97.996995,95.643564,98.336532,94.842495,96.310194,91.605030,90.227610,92.491468,96.844784,92.629482,93.684517,97.572254,91.509847,0.000000,92.343750,89.256198,93.616178,89.786223,90.641711,95.791246,97.129187,96.919192,30.225989,44.833068,94.912630,0.000000,96.338955,95.667870,0.000000,92.229730,95.439524,97.096054,89.117647,77.127859,39.843750,79.168716,12.380952,94.736842,80.659341,96.566524,85.690349,88.697584,0.000000,91.650854,79.853480,86.858006,88.650307,95.791346,88.433735,0.000000,87.637795,94.816587,97.598463,88.998900,61.363636,85.764294,83.333333,81.422594,95.847176, ,96.151637,90.511945,79.130435,95.666950,78.497653,93.796918,96.466431,87.669053,96.310530,91.753403,96.214717,0.000000,95.297136,94.920174,92.467949,67.100372,84.635645,0.000000,91.656590,79.293499,15.441176,99.365751,85.618280,84.810127,73.943662,84.650113,90.957886,97.772910,96.165049,98.978941,79.075501,69.300912,0.000000,81.728395,95.494771,94.416667,89.931870,12.025316,90.861160,95.322581,99.697275,95.083333,0.000000,99.336100,79.810374,14.074074,87.270974,85.838509,80.850234,80.560420,87.267905,0.000000,93.222004,92.143402,96.540737,31.176471,96.353523,92.338028,96.491228,73.202614,88.732394,95.586298,96.805421,90.268456,93.226962,24.504505,97.071429,92.216625,94.556452,89.087546,91.532847,96.367925,91.225461,98.346291,90.414508,95.732361,94.352044,87.453570,92.583732,94.117647,98.281031,91.647510,97.348799,73.148148,96.618852,51.735537,96.362167,84.388854,92.982456,89.397089,83.879093,96.807065,81.180519,92.852304,4.469274,29.184549,88.006354,92.619048,82.556546,87.730496,97.617472,36.940299,88.235294,99.206349,98.134328,85.017523,95.412844,93.239437,6.451613,90.242669,93.377149,94.571429,96.790541,87.659574,91.799544,90.730337,84.861718,85.051546,98.711170,70.153061,92.727273,76.095618,99.196787,58.082707,97.082495,78.165044,91.333333,85.861359,99.352332,89.310830,93.333333,96.480000,61.311475,92.185008,91.704036,89.166667,95.799458,92.935636,97.994056,98.230088,76.550868,98.604061,0.000000,97.702298,97.466216,84.646195,68.936679,88.369441,80.519481,0.000000,78.381459,94.997091,96.675416,89.301447,79.090909,81.190150,79.743590,90.155440,77.710387,6.896552,93.765463,96.263911,93.505882,88.086185,90.122378,87.538844,43.111111,81.262940,0.000000,91.911765,90.086694,83.003741,85.440000,77.357280,71.186441,93.578595, , , , , , , , , , , , , , , , , ,84.365029,91.391630,94.516653,90.946502,12.135922,89.993627,93.212186,96.279980,92.074800,95.260532,94.539683,75.783476,87.509321,23.364486,96.538462,95.646259,86.381977,97.485807,96.422764,95.108530,96.606669,93.265862,93.275109, ,92.985386,89.942857,95.139989,81.398252,91.498771,90.386399,0.000000,98.537378,89.292196,72.016461,94.510175,98.905395,94.653812,88.317350,94.230769,94.385965,96.078431,12.871287,98.541827,98.527246,94.651654,96.269801,80.818802,93.978845,94.505495,93.055556,98.094590,93.009321,89.063221,52.655889,95.626536,81.802120,95.174263,93.297224,91.193416,95.558376,95.829893,92.216582,95.912263,96.611570,91.379310,91.415663,87.092199,93.497364,93.229643,98.647430,96.184211,94.460813,92.297735,93.534483,87.833828,0.000000,97.097625,89.618922,90.692236,94.916067,94.351208,99.054820,88.351431,74.833333,93.628014,97.791619,85.721597,97.040169,46.808511,91.313249,92.608921,96.669249,89.357798,94.262295,88.270142,90.012589,96.590909,90.431655,92.250170,97.421384,30.402930,96.883469,96.663577,93.053016,94.725914,97.244094,97.945946,97.581255,96.615506,93.949468,55.521472,96.263270,91.037072,86.973479,92.968076,95.492595,95.427553,97.150799,96.305521,95.700935,91.982507,75.478927,71.459227,61.835749,90.100251,97.930283,44.690265,96.612562,98.655713,99.274705,98.977183,97.361809,97.428571,97.830508,95.657895,89.405204,62.460568,86.243683,97.389241,98.557692,96.481092,85.091743,97.715736
Evoked Metrics
    Number of Trials, , , , , , , , , , , , , , , , , , , , , , , , , , , , , , , , , , , , , , , , , , , , , , , , , , , , , , , , , , , , , , , , , , , , , , , , , , , , , , , , , , , , , , , , , , , , , , , , , , , , , , , , , , , , , , , , , , , , , , , , , , , , , , , , , , , , , , , , , , , , , , , , , , , , , , , , , , , , , , , , , , , , , , , , , , , , , , , , , , , , , , , , , , , , , , , , , , , , , , , , , , , , , , , , , , , , , , , , , , , , , , , , , , , , , , , , , , , , , , , , , , , , , , , , , , , , , , , , , , , , , , , , , , , , , , , , , , , , , , , , , , , , , , , , , , , , , , , , , , , , , , , , , , , , , , , , , , , , , , , , , , , , , , , , , , , , , , , , , , , , , , , , , , , , , , , , , , , , , , , , , , , , , , , , , , , , , , , , , , , , , , , , , , , , , , , , , , , , , , , , , , , , , , , , , , , , , , , , , , , , , , , , , , , , , , , , , , , , , , , , , , , , , , , , , , , , , , , , , , , , , , , , , , , , , , , , , , , , , , , , , , , , , , , , , , , , , , , , , , , , , , , , , , , , , , , , , , , , , , , , , , , , , , , , , , , , , , , , , , , , , , , , , , , , , , , , , , , , , , , , , , , , , , , , , , , , , , , , , , , , , , , , , , , , , , , , , , , , , , , , , , , , , , , , , , , , , , , , , , , , , , , , , , , , , , , , , , , , , , , , , , , , , , , , , , , , , , , , , , , , , , , , , , , , , , , , , , , , , , , , , , , , , , , , , , , , , , , , , , , , , , , , , , , , , , , , , , , , , , , , , , , , , , , , , , , , , , , , , , , , , , , , , , , , , , , , , , , , , , , , , , , , , , , , 
    Evoked Spike Count - Avg, , , , , , , , , , , , , , , , , , , , , , , , , , , , , , , , , , , , , , , , , , , , , , , , , , , , , , , , , , , , , , , , , , , , , , , , , , , , , , , , , , , , , , , , , , , , , , , , , , , , , , , , , , , , , , , , , , , , , , , , , , , , , , , , , , , , , , , , , , , , , , , , , , , , , , , , , , , , , , , , , , , , , , , , , , , , , , , , , , , , , , , , , , , , , , , , , , , , , , , , , , , , , , , , , , , , , , , , , , , , , , , , , , , , , , , , , , , , , , , , , , , , , , , , , , , , , , , , , , , , , , , , , , , , , , , , , , , , , , , , , , , , , , , , , , , , , , , , , , , , , , , , , , , , , , , , , , , , , , , , , , , , , , , , , , , , , , , , , , , , , , , , , , , , , , , , , , , , , , , , , , , , , , , , , , , , , , , , , , , , , , , , , , , , , , , , , , , , , , , , , , , , , , , , , , , , , , , , , , , , , , , , , , , , , , , , , , , , , , , , , , , , , , , , , , , , , , , , , , , , , , , , , , , , , , , , , , , , , , , , , , , , , , , , , , , , , , , , , , , , , , , , , , , , , , , , , , , , , , , , , , , , , , , , , , , , , , , , , , , , , , , , , , , , , , , , , , , , , , , , , , , , , , , , , , , , , , , , , , , , , , , , , , , , , , , , , , , , , , , , , , , , , , , , , , , , , , , , , , , , , , , , , , , , , , , , , , , , , , , , , , , , , , , , , , , , , , , , , , , , , , , , , , , , , , , , , , , , , , , , , , , , , , , , , , , , , , , , , , , , , , , , , , , , , , , , , , , , , , , , , , , , , , , , , , , , , , , , , , , , , , , , , , , , , , , , , , , , , , , , , , , , , , , , 
    Evoked Spike Count - Std, , , , , , , , , , , , , , , , , , , , , , , , , , , , , , , , , , , , , , , , , , , , , , , , , , , , , , , , , , , , , , , , , , , , , , , , , , , , , , , , , , , , , , , , , , , , , , , , , , , , , , , , , , , , , , , , , , , , , , , , , , , , , , , , , , , , , , , , , , , , , , , , , , , , , , , , , , , , , , , , , , , , , , , , , , , , , , , , , , , , , , , , , , , , , , , , , , , , , , , , , , , , , , , , , , , , , , , , , , , , , , , , , , , , , , , , , , , , , , , , , , , , , , , , , , , , , , , , , , , , , , , , , , , , , , , , , , , , , , , , , , , , , , , , , , , , , , , , , , , , , , , , , , , , , , , , , , , , , , , , , , , , , , , , , , , , , , , , , , , , , , , , , , , , , , , , , , , , , , , , , , , , , , , , , , , , , , , , , , , , , , , , , , , , , , , , , , , , , , , , , , , , , , , , , , , , , , , , , , , , , , , , , , , , , , , , , , , , , , , , , , , , , , , , , , , , , , , , , , , , , , , , , , , , , , , , , , , , , , , , , , , , , , , , , , , , , , , , , , , , , , , , , , , , , , , , , , , , , , , , , , , , , , , , , , , , , , , , , , , , , , , , , , , , , , , , , , , , , , , , , , , , , , , , , , , , , , , , , , , , , , , , , , , , , , , , , , , , , , , , , , , , , , , , , , , , , , , , , , , , , , , , , , , , , , , , , , , , , , , , , , , , , , , , , , , , , , , , , , , , , , , , , , , , , , , , , , , , , , , , , , , , , , , , , , , , , , , , , , , , , , , , , , , , , , , , , , , , , , , , , , , , , , , , , , , , , , , , , , , , , , , , , , , , , , , , , , , , , , , , , , , , , , , , 
    Evoked Response Probability, , , , , , , , , , , , , , , , , , , , , , , , , , , , , , , , , , , , , , , , , , , , , , , , , , , , , , , , , , , , , , , , , , , , , , , , , , , , , , , , , , , , , , , , , , , , , , , , , , , , , , , , , , , , , , , , , , , , , , , , , , , , , , , , , , , , , , , , , , , , , , , , , , , , , , , , , , , , , , , , , , , , , , , , , , , , , , , , , , , , , , , , , , , , , , , , , , , , , , , , , , , , , , , , , , , , , , , , , , , , , , , , , , , , , , , , , , , , , , , , , , , , , , , , , , , , , , , , , , , , , , , , , , , , , , , , , , , , , , , , , , , , , , , , , , , , , , , , , , , , , , , , , , , , , , , , , , , , , , , , , , , , , , , , , , , , , , , , , , , , , , , , , , , , , , , , , , , , , , , , , , , , , , , , , , , , , , , , , , , , , , , , , , , , , , , , , , , , , , , , , , , , , , , , , , , , , , , , , , , , , , , , , , , , , , , , , , , , , , , , , , , , , , , , , , , , , , , , , , , , , , , , , , , , , , , , , , , , , , , , , , , , , , , , , , , , , , , , , , , , , , , , , , , , , , , , , , , , , , , , , , , , , , , , , , , , , , , , , , , , , , , , , , , , , , , , , , , , , , , , , , , , , , , , , , , , , , , , , , , , , , , , , , , , , , , , , , , , , , , , , , , , , , , , , , , , , , , , , , , , , , , , , , , , , , , , , , , , , , , , , , , , , , , , , , , , , , , , , , , , , , , , , , , , , , , , , , , , , , , , , , , , , , , , , , , , , , , , , , , , , , , , , , , , , , , , , , , , , , , , , , , , , , , , , , , , , , , , , , , , , , , , , , , , , , , , , , , , , , , , , , , , , , , , 
    Evoked First Spike Latency (ms), , , , , , , , , , , , , , , , , , , , , , , , , , , , , , , , , , , , , , , , , , , , , , , , , , , , , , , , , , , , , , , , , , , , , , , , , , , , , , , , , , , , , , , , , , , , , , , , , , , , , , , , , , , , , , , , , , , , , , , , , , , , , , , , , , , , , , , , , , , , , , , , , , , , , , , , , , , , , , , , , , , , , , , , , , , , , , , , , , , , , , , , , , , , , , , , , , , , , , , , , , , , , , , , , , , , , , , , , , , , , , , , , , , , , , , , , , , , , , , , , , , , , , , , , , , , , , , , , , , , , , , , , , , , , , , , , , , , , , , , , , , , , , , , , , , , , , , , , , , , , , , , , , , , , , , , , , , , , , , , , , , , , , , , , , , , , , , , , , , , , , , , , , , , , , , , , , , , , , , , , , , , , , , , , , , , , , , , , , , , , , , , , , , , , , , , , , , , , , , , , , , , , , , , , , , , , , , , , , , , , , , , , , , , , , , , , , , , , , , , , , , , , , , , , , , , , , , , , , , , , , , , , , , , , , , , , , , , , , , , , , , , , , , , , , , , , , , , , , , , , , , , , , , , , , , , , , , , , , , , , , , , , , , , , , , , , , , , , , , , , , , , , , , , , , , , , , , , , , , , , , , , , , , , , , , , , , , , , , , , , , , , , , , , , , , , , , , , , , , , , , , , , , , , , , , , , , , , , , , , , , , , , , , , , , , , , , , , , , , , , , , , , , , , , , , , , , , , , , , , , , , , , , , , , , , , , , , , , , , , , , , , , , , , , , , , , , , , , , , , , , , , , , , , , , , , , , , , , , , , , , , , , , , , , , , , , , , , , , , , , , , , , , , , , , , , , , , , , , , , , , , , , , , , 
    Evoked Jitter (ms), , , , , , , , , , , , , , , , , , , , , , , , , , , , , , , , , , , , , , , , , , , , , , , , , , , , , , , , , , , , , , , , , , , , , , , , , , , , , , , , , , , , , , , , , , , , , , , , , , , , , , , , , , , , , , , , , , , , , , , , , , , , , , , , , , , , , , , , , , , , , , , , , , , , , , , , , , , , , , , , , , , , , , , , , , , , , , , , , , , , , , , , , , , , , , , , , , , , , , , , , , , , , , , , , , , , , , , , , , , , , , , , , , , , , , , , , , , , , , , , , , , , , , , , , , , , , , , , , , , , , , , , , , , , , , , , , , , , , , , , , , , , , , , , , , , , , , , , , , , , , , , , , , , , , , , , , , , , , , , , , , , , , , , , , , , , , , , , , , , , , , , , , , , , , , , , , , , , , , , , , , , , , , , , , , , , , , , , , , , , , , , , , , , , , , , , , , , , , , , , , , , , , , , , , , , , , , , , , , , , , , , , , , , , , , , , , , , , , , , , , , , , , , , , , , , , , , , , , , , , , , , , , , , , , , , , , , , , , , , , , , , , , , , , , , , , , , , , , , , , , , , , , , , , , , , , , , , , , , , , , , , , , , , , , , , , , , , , , , , , , , , , , , , , , , , , , , , , , , , , , , , , , , , , , , , , , , , , , , , , , , , , , , , , , , , , , , , , , , , , , , , , , , , , , , , , , , , , , , , , , , , , , , , , , , , , , , , , , , , , , , , , , , , , , , , , , , , , , , , , , , , , , , , , , , , , , , , , , , , , , , , , , , , , , , , , , , , , , , , , , , , , , , , , , , , , , , , , , , , , , , , , , , , , , , , , , , , , , , , , , , , , , , , , , , , , , , , , , , , , , , , , , , , , 

