AxIS Spike File,Z:\Kyra\230908_KZ_307061_95-6827_MEA_rCortex_Acute_Exposure_DDT_Female_DIV10(000)(000).spk
File Type,48-well

Analysis Start,1200.000000
Analysis End,1800.000000
Active Electrode Criterion (spks/min), 6
Minimum Covered Resistance (kOhms),18
Remove Coincident Artifacts,True

Electrode Burst Settings,
    Algorithm,Poisson Surprise,
    Min Surprise,10.000000

Network Burst Settings,
    Algorithm,ISI Threshold,Adaptive,
    Min # of Spikes,40.000000
    Min # of Electrodes (%),15.000000

Synchrony Settings,
    Synchrony Window,20.000000

Average Network Burst Analysis Settings,
    Number of network bursts vary by well
    Network Burst Window Start (ms),0.000000
    Network Burst Window End (ms),100.000000
    Bin Size (ms),1.000000

Well Averages,A1,A2,A3,A4,A5,A6,A7,A8,B1,B2,B3,B4,B5,B6,B7,B8,C1,C2,C3,C4,C5,C6,C7,C8,D1,D2,D3,D4,D5,D6,D7,D8,E1,E2,E3,E4,E5,E6,E7,E8,F1,F2,F3,F4,F5,F6,F7,F8,
Treatment/ID,,,,,,,,,,,,,,,,,,,,,,,,,,,,,,,,,,,,,,,,,,,,,,,,
Activity Metrics
    Number of Spikes,113954.000000,336901.000000,43901.000000,408766.000000,326026.000000,444784.000000,320790.000000,367679.000000,48390.000000,91722.000000,79834.000000,86051.000000,79483.000000,82050.000000,82187.000000,84399.000000,24291.000000,21480.000000,22388.000000,14023.000000,19093.000000,25981.000000,13749.000000,29209.000000,24943.000000,17043.000000,18488.000000,22639.000000,15022.000000,11029.000000,40736.000000,28120.000000,17704.000000,10102.000000,24224.000000,21473.000000,11362.000000,20849.000000,28755.000000,34625.000000,27142.000000,24157.000000,26992.000000,39308.000000,32449.000000,15694.000000,35514.000000,31773.000000
    Mean Firing Rate (Hz),11.870208,35.093854,4.573021,42.579792,33.961042,46.331667,33.415625,38.299896,5.040625,9.554375,8.316042,8.963646,8.279479,8.546875,8.561146,8.791562,2.530313,2.237500,2.332083,1.460729,1.988854,2.706354,1.432187,3.042604,2.598229,1.775313,1.925833,2.358229,1.564792,1.148854,4.243333,2.929167,1.844167,1.052292,2.523333,2.236771,1.183542,2.171771,2.995312,3.606771,2.827292,2.516354,2.811667,4.094583,3.380104,1.634792,3.699375,3.309687
    ISI Coefficient of Variation - Avg,3.807584,6.447971,1.548303,6.971140,4.734844,4.993213,5.333008,6.891211,4.567465,4.811978,5.392978,4.129604,3.855651,3.978375,4.223115,5.140390,5.707674,5.044325,4.555896,5.674316,4.357765,4.389413,6.941743,3.879377,7.690728,6.480557,4.663096,4.684867,4.027135,7.109658,3.932773,5.809392,4.005729,8.316719,8.808203,5.328420,5.548529,5.169461,4.865599,5.663428,6.228539,5.406016,5.993065,5.028234,4.407895,5.145140,4.959553,4.934700
    Number of Active Electrodes,16.000000,15.000000,13.000000,16.000000,15.000000,16.000000,15.000000,16.000000,16.000000,16.000000,16.000000,16.000000,16.000000,15.000000,16.000000,16.000000,16.000000,16.000000,15.000000,16.000000,16.000000,16.000000,16.000000,16.000000,16.000000,16.000000,16.000000,16.000000,16.000000,16.000000,16.000000,16.000000,16.000000,16.000000,16.000000,16.000000,16.000000,16.000000,16.000000,16.000000,16.000000,16.000000,16.000000,16.000000,16.000000,15.000000,15.000000,16.000000
    Weighted Mean Firing Rate (Hz),11.870208,37.433444,5.613205,42.579792,36.225111,46.331667,35.643333,38.299896,5.040625,9.554375,8.316042,8.963646,8.279479,9.116667,8.561146,8.791562,2.530313,2.237500,2.487556,1.460729,1.988854,2.706354,1.432188,3.042604,2.598229,1.775313,1.925833,2.358229,1.564792,1.148854,4.243333,2.929167,1.844167,1.052292,2.523333,2.236771,1.183542,2.171771,2.995313,3.606771,2.827292,2.516354,2.811667,4.094583,3.380104,1.741556,3.946000,3.309687
Electrode Burst Metrics
    Number of Bursts,1544.000000,3083.000000,153.000000,3381.000000,2487.000000,3309.000000,2643.000000,2898.000000,728.000000,1288.000000,883.000000,906.000000,1238.000000,1000.000000,1111.000000,1017.000000,524.000000,359.000000,279.000000,383.000000,179.000000,542.000000,231.000000,633.000000,469.000000,266.000000,242.000000,314.000000,318.000000,199.000000,463.000000,407.000000,839.000000,277.000000,462.000000,255.000000,267.000000,424.000000,453.000000,574.000000,782.000000,535.000000,595.000000,636.000000,765.000000,545.000000,564.000000,575.000000
    Number of Bursting Electrodes,16.000000,15.000000,6.000000,16.000000,15.000000,16.000000,15.000000,16.000000,16.000000,16.000000,16.000000,16.000000,16.000000,15.000000,16.000000,16.000000,16.000000,16.000000,15.000000,16.000000,16.000000,16.000000,16.000000,16.000000,16.000000,16.000000,16.000000,16.000000,16.000000,16.000000,16.000000,16.000000,16.000000,16.000000,16.000000,16.000000,16.000000,16.000000,16.000000,16.000000,16.000000,16.000000,16.000000,16.000000,16.000000,15.000000,15.000000,16.000000
    Burst Duration - Avg (sec),0.429351,0.394011,0.306184,0.420264,0.372231,0.357769,0.394995,0.435247,0.311154,0.280408,0.531483,0.276436,0.171151,0.285577,0.379923,0.449049,0.211350,0.299445,0.386780,0.196907,0.930282,0.144042,0.344223,0.338336,0.365158,0.347910,0.427756,0.399602,0.290790,0.555157,0.276226,0.450102,0.109878,0.234186,0.189532,0.245026,0.151338,0.267102,0.230226,0.239853,0.158728,0.218481,0.207631,0.176913,0.193901,0.143383,0.226497,0.214028
    Burst Duration - Std (sec),0.307779,0.141406,0.353516,0.060359,0.140233,0.102417,0.118745,0.118062,0.183423,0.156077,0.354462,0.170401,0.090777,0.175330,0.202829,0.199452,0.061815,0.138080,0.119941,0.128901,0.847301,0.076164,0.263018,0.292211,0.152595,0.154147,0.358614,0.311920,0.357269,0.545300,0.199384,0.475893,0.056835,0.383805,0.063803,0.127149,0.039467,0.311198,0.090176,0.176136,0.062388,0.101332,0.075611,0.076606,0.073905,0.070262,0.065606,0.081505
    Number of Spikes per Burst - Avg,34.685863,78.460673,21.774354,85.852486,74.331428,83.292600,81.822984,90.533091,40.059158,40.470072,57.577235,40.613514,33.645682,38.600786,45.193835,54.651340,38.279620,36.779681,52.370689,29.451519,51.362941,28.120634,49.924928,28.055796,49.173639,43.945018,43.298128,41.017025,29.555191,43.675422,43.367815,46.947251,17.437432,33.984585,39.607918,39.869094,34.257072,31.926812,39.669960,40.674390,32.107124,37.642029,38.605091,38.576851,30.881385,25.236847,43.921121,40.303325
    Number of Spikes per Burst - Std,20.577507,37.420582,19.020806,31.667621,38.572611,29.328694,34.206506,33.721073,20.121442,16.530001,31.302947,14.138825,13.441017,12.207023,15.325496,16.081165,8.134487,9.217091,14.810507,8.991834,21.878022,8.841970,16.216494,11.060155,17.404120,9.888168,10.670212,17.983922,10.382651,20.278393,14.081929,15.433078,7.114920,12.917587,12.113184,12.476282,9.618911,7.990725,8.704615,7.281145,13.461306,11.196295,10.794469,11.301836,9.469603,14.733602,9.443102,9.126799
    Mean ISI within Burst - Avg (sec),0.012179,0.005661,0.010860,0.006511,0.006122,0.004691,0.005384,0.005359,0.007703,0.006782,0.008929,0.006327,0.005079,0.006534,0.008158,0.008606,0.005431,0.007445,0.009045,0.006783,0.019521,0.005003,0.007162,0.011091,0.006612,0.008791,0.012269,0.011470,0.010126,0.010804,0.006411,0.008088,0.006408,0.005758,0.004838,0.008200,0.004905,0.009286,0.006712,0.005780,0.005474,0.006418,0.005357,0.004667,0.006299,0.006477,0.005445,0.005472
    Mean ISI within Burst - Std (sec),0.006190,0.001354,0.010633,0.006214,0.002294,0.001206,0.001318,0.001573,0.001893,0.002799,0.003797,0.001872,0.001360,0.002544,0.003299,0.002663,0.001444,0.004626,0.004392,0.002862,0.016271,0.001288,0.003730,0.006505,0.002526,0.004403,0.011110,0.005910,0.009159,0.006778,0.003390,0.006547,0.001243,0.004359,0.001458,0.005038,0.000631,0.010239,0.002468,0.003137,0.001543,0.002411,0.001102,0.001197,0.001265,0.002168,0.001077,0.001905
    Median ISI within Burst - Avg (sec),0.008968,0.004190,0.009472,0.004543,0.004486,0.003489,0.004072,0.004106,0.005243,0.005048,0.005706,0.004218,0.003696,0.005337,0.006159,0.005764,0.003884,0.004906,0.005844,0.004528,0.009164,0.003273,0.004610,0.008652,0.003865,0.005702,0.008651,0.006643,0.006891,0.005293,0.004530,0.005869,0.004512,0.004845,0.003386,0.006365,0.003544,0.007072,0.004465,0.004326,0.003827,0.004012,0.003495,0.003404,0.003968,0.004471,0.003602,0.003792
    Median ISI within Burst - Std (sec),0.005268,0.000724,0.009570,0.002674,0.001372,0.000269,0.000864,0.001035,0.001255,0.002827,0.002145,0.001346,0.000729,0.002521,0.002409,0.002070,0.001070,0.004077,0.003946,0.002268,0.010405,0.000334,0.002753,0.005839,0.000696,0.003790,0.009870,0.002205,0.008661,0.002885,0.003100,0.005512,0.000742,0.005230,0.000643,0.004877,0.000375,0.007819,0.002007,0.003100,0.000675,0.001131,0.000539,0.000838,0.000692,0.001467,0.000690,0.001541
    Median/Mean ISI within Burst - Avg,0.737344,0.766967,0.882601,0.786674,0.755380,0.784499,0.769619,0.787392,0.714592,0.724269,0.697296,0.735185,0.762268,0.788131,0.744994,0.671007,0.731792,0.726799,0.656235,0.674043,0.586097,0.723426,0.650377,0.749872,0.688688,0.672250,0.719886,0.686987,0.654428,0.663084,0.687116,0.732817,0.724267,0.793894,0.743304,0.728608,0.731261,0.750120,0.686163,0.740124,0.732921,0.690373,0.673991,0.743941,0.681774,0.739903,0.686681,0.716915
    Median/Mean ISI within Burst - Std,0.094813,0.063592,0.095653,0.047590,0.047411,0.045951,0.043554,0.037985,0.043071,0.067686,0.109686,0.080241,0.049462,0.043852,0.067902,0.070335,0.067504,0.047084,0.109713,0.070060,0.148501,0.113397,0.073843,0.077198,0.058193,0.070681,0.086521,0.098699,0.093524,0.125611,0.085892,0.102164,0.052334,0.086082,0.061394,0.038326,0.046680,0.066183,0.096013,0.078865,0.079613,0.105058,0.074498,0.074127,0.077254,0.101111,0.065569,0.055495
    Inter-Burst Interval - Avg (sec),10.371523,6.640933,59.249941,7.467273,4.037028,26.472339,4.918415,6.729143,13.675420,7.609068,11.283591,11.692585,7.774335,9.236120,11.291272,9.370246,18.687640,26.570527,55.195440,25.619896,49.082687,17.604946,40.447509,18.626332,20.326234,40.528406,47.070240,31.888693,33.242877,53.396810,25.169774,24.217180,11.327595,36.354775,17.445070,41.631089,33.819149,23.573091,25.530886,16.443877,12.369135,17.789105,15.782418,14.437345,12.379634,24.142821,16.184474,16.294395
    Inter-Burst Interval - Std (sec),17.947663,15.093788,85.995788,19.146171,1.958553,95.008182,6.618426,14.226840,3.003650,0.881513,3.716710,2.669908,1.053319,1.033625,3.462428,0.849899,2.053141,3.667116,18.173972,5.208914,13.972666,0.726024,3.466539,9.529163,3.245441,10.589218,16.945949,11.031399,12.994151,14.811230,6.494635,3.988829,0.258631,1.266569,0.333845,8.706034,1.822183,6.376655,5.950151,1.471144,0.465318,1.721239,0.228164,0.515152,1.170671,31.865126,1.646975,1.789174
    Burst Frequency - Avg (Hz),0.160833,0.342556,0.042500,0.352188,0.276333,0.344687,0.293667,0.301875,0.075833,0.134167,0.091979,0.094375,0.128958,0.111111,0.115729,0.105938,0.054583,0.037396,0.031000,0.039896,0.018646,0.056458,0.024062,0.065937,0.048854,0.027708,0.025208,0.032708,0.033125,0.020729,0.048229,0.042396,0.087396,0.028854,0.048125,0.026563,0.027813,0.044167,0.047188,0.059792,0.081458,0.055729,0.061979,0.066250,0.079687,0.060556,0.062667,0.059896
    Burst Frequency - Std (Hz),0.068605,0.092817,0.056340,0.094158,0.074926,0.092617,0.076931,0.085857,0.016656,0.020267,0.024039,0.037751,0.023316,0.013299,0.111101,0.010852,0.007441,0.006115,0.062984,0.017089,0.006418,0.002347,0.002105,0.031334,0.006346,0.010765,0.014781,0.014049,0.015017,0.029652,0.042003,0.009447,0.002105,0.001003,0.000833,0.008933,0.001455,0.015623,0.036080,0.007325,0.003270,0.005836,0.000907,0.003133,0.010059,0.016639,0.008701,0.007515
    IBI Coefficient of Variation - Avg,0.501735,0.439734,1.304880,0.628729,0.480926,0.456683,0.428545,0.522979,0.784698,0.303175,0.845723,0.644281,0.808196,0.815863,0.919097,0.571946,0.384757,0.806737,1.228993,0.923840,0.763721,0.766780,0.786168,0.581572,0.761078,1.210979,1.091720,1.046580,0.870624,1.015864,0.764769,0.820466,0.442150,1.305735,1.506819,0.793710,0.507375,0.525987,0.542513,0.650087,0.557637,0.578073,0.385524,0.352551,0.441877,0.574401,0.466906,0.512886
    IBI Coefficient of Variation - Std,0.215230,0.183934,0.465805,0.378468,0.169172,0.025884,0.173734,0.095646,0.082321,0.087389,0.231414,0.057907,0.068449,0.120216,0.138082,0.040145,0.061864,0.111743,0.210466,0.096483,0.248780,0.028288,0.081759,0.089962,0.148200,0.246914,0.229572,0.178770,0.097900,0.184298,0.089905,0.101732,0.009186,0.030409,0.018434,0.154989,0.060749,0.097130,0.211826,0.091599,0.037938,0.061395,0.017397,0.032806,0.051999,0.125833,0.050895,0.070393
    Burst Percentage - Avg,49.820956,71.810243,3.139077,72.655931,61.513319,62.679836,69.056510,72.353575,71.479607,65.960529,67.390250,57.850828,63.614000,57.522668,57.509420,69.074577,85.630305,74.665733,68.948172,86.810180,73.261541,74.096447,85.572094,67.787361,93.537729,80.531764,71.616632,69.227273,70.646514,82.286640,63.072238,78.711038,89.003512,93.701585,84.958142,74.504844,89.004476,82.788280,78.032741,78.702910,93.695930,86.427401,89.329610,77.958560,78.412552,83.627269,76.497468,77.839593
    Burst Percentage - Std,18.538585,19.382965,7.191320,16.884171,9.904414,19.032012,17.313534,19.592203,19.386119,18.760363,17.347146,23.623264,21.773893,20.451606,9.924527,16.282026,13.671137,25.119262,26.969408,9.234315,24.688787,22.766964,12.849365,14.589582,4.628290,19.240392,25.853026,19.739624,19.827825,17.626535,27.323046,20.107582,16.474485,5.842384,20.820792,23.227782,15.955336,17.023569,20.670897,21.598797,4.236574,8.924511,13.556454,20.348047,12.269541,29.604217,19.584910,13.808386
Network Burst Metrics
    Number of Network Bursts,141.000000,217.000000,353.000000,150.000000,175.000000,245.000000,237.000000,150.000000,57.000000,99.000000,122.000000,213.000000,76.000000,151.000000,92.000000,97.000000,44.000000,24.000000,8.000000,29.000000,13.000000,37.000000,15.000000,37.000000,24.000000,28.000000,11.000000,27.000000,34.000000,8.000000,30.000000,25.000000,52.000000,17.000000,29.000000,16.000000,18.000000,26.000000,29.000000,34.000000,52.000000,46.000000,37.000000,42.000000,72.000000,39.000000,47.000000,49.000000
    Network Burst Frequency,0.235000,0.361667,0.588333,0.250000,0.291667,0.408333,0.395000,0.250000,0.095000,0.165000,0.203333,0.355000,0.126667,0.251667,0.153333,0.161667,0.073333,0.040000,0.013333,0.048333,0.021667,0.061667,0.025000,0.061667,0.040000,0.046667,0.018333,0.045000,0.056667,0.013333,0.050000,0.041667,0.086667,0.028333,0.048333,0.026667,0.030000,0.043333,0.048333,0.056667,0.086667,0.076667,0.061667,0.070000,0.120000,0.065000,0.078333,0.081667
    Network Burst Duration - Avg (sec),1.801841,1.198625,1.191944,2.754497,2.025062,1.526062,1.219615,1.736624,0.325879,5.177185,0.999020,0.701188,0.178178,0.953746,5.839613,1.065636,1.038009,0.330930,0.345280,1.326483,0.207022,0.177981,2.206688,0.118621,1.523040,1.500123,0.251520,0.209067,0.407266,0.132370,0.222928,0.268470,0.196969,1.988687,0.553572,0.240350,0.415613,0.147031,0.246419,0.383736,0.659915,1.256019,0.536930,0.361274,0.644528,0.542517,0.446858,0.614883
    Network Burst Duration - Std (sec),0.411374,0.340409,0.282920,1.145935,1.283783,1.209160,0.608512,0.636003,0.140996,2.911808,0.642606,0.470928,0.024303,0.643364,6.213697,0.500522,0.461884,0.154852,0.029146,0.691795,0.040432,0.051651,0.871155,0.031486,0.852266,1.025513,0.062701,0.098130,0.174213,0.013383,0.099164,0.073498,0.029814,0.511403,0.120310,0.086759,0.101922,0.055336,0.088103,0.071984,0.280123,0.463129,0.103453,0.091837,0.281057,0.272700,0.147696,0.301732
    Number of Spikes per Network Burst - Avg,752.936170,1511.861751,123.631728,2712.866667,1795.325714,1754.134694,1292.848101,2385.406667,478.175439,919.868687,477.926230,268.521127,500.657895,368.019868,883.836957,653.278351,498.409091,530.875000,831.375000,388.620690,572.153846,391.000000,823.933333,286.243243,1021.041667,458.464286,719.090909,388.888889,278.647059,545.125000,503.466667,634.720000,276.942308,572.235294,660.827586,595.062500,525.666667,409.769231,501.931034,675.617647,516.692308,501.347826,651.027027,600.595238,382.708333,399.538462,553.574468,528.224490
    Number of Spikes per Network Burst - Std,245.998612,462.616241,37.245276,1240.128802,1134.825321,1511.758544,721.078408,890.600040,195.455889,564.078455,649.827392,367.634516,49.531015,407.354530,1073.796984,477.288560,291.410150,179.233953,45.597423,220.675329,86.219532,128.379862,388.125802,149.543454,681.034410,570.542788,233.049117,334.127950,246.425338,60.598061,287.238185,164.065160,27.292471,108.598762,206.940134,266.324982,168.451075,202.044808,281.158183,68.074387,121.234263,274.686263,78.568967,162.035085,253.364539,130.663861,303.079681,380.444984
    Mean ISI within Network Burst - Avg (sec),0.002726,0.000864,0.010376,0.002842,0.002211,0.002673,0.002159,0.000830,0.000937,0.008862,0.005630,0.005415,0.000356,0.004820,0.012857,0.003546,0.003796,0.000691,0.000416,0.007834,0.000361,0.000580,0.006021,0.000528,0.002119,0.007397,0.000471,0.001074,0.003161,0.000244,0.000625,0.000488,0.000715,0.003512,0.000876,0.000567,0.001168,0.000507,0.000917,0.000565,0.001671,0.004320,0.000822,0.000706,0.003051,0.001332,0.001746,0.002314
    Mean ISI within Network Burst - Std (sec),0.001511,0.000700,0.003124,0.005978,0.002446,0.002764,0.002584,0.000901,0.000686,0.007024,0.002879,0.002374,0.000018,0.002537,0.007122,0.002857,0.003375,0.000460,0.000023,0.010895,0.000020,0.000440,0.010014,0.000229,0.003113,0.005954,0.000420,0.000730,0.002302,0.000006,0.000341,0.000384,0.000093,0.000747,0.000176,0.000423,0.001308,0.000326,0.000796,0.000058,0.001986,0.003979,0.000089,0.000439,0.002481,0.000354,0.001874,0.002462
    Median ISI within Network Burst - Avg (sec),0.001289,0.000402,0.004163,0.001305,0.001252,0.001356,0.001318,0.000374,0.000585,0.003664,0.004151,0.003580,0.000219,0.002670,0.005465,0.002053,0.001125,0.000253,0.000220,0.004109,0.000240,0.000266,0.002989,0.000358,0.000440,0.003524,0.000240,0.000613,0.001209,0.000160,0.000364,0.000230,0.000296,0.000240,0.000223,0.000320,0.000336,0.000303,0.000483,0.000201,0.000546,0.000800,0.000236,0.000289,0.000949,0.000309,0.000898,0.000699
    Median ISI within Network Burst - Std (sec),0.001199,0.000574,0.000980,0.003265,0.001805,0.001575,0.001946,0.000573,0.000607,0.006171,0.002530,0.002080,0.000035,0.001990,0.003518,0.002231,0.001383,0.000246,0.000037,0.009932,0.000000,0.000271,0.008008,0.000195,0.000854,0.004934,0.000265,0.000517,0.001203,0.000000,0.000252,0.000271,0.000036,0.000028,0.000033,0.000282,0.000385,0.000240,0.000508,0.000040,0.001062,0.000891,0.000018,0.000261,0.000967,0.000038,0.001175,0.001121
    Median/Mean ISI within Network Burst - Avg,0.448813,0.440770,0.418288,0.344475,0.456540,0.441323,0.471975,0.430854,0.537498,0.253934,0.638335,0.582725,0.616948,0.466457,0.381889,0.444928,0.216061,0.347396,0.528907,0.224208,0.666347,0.430781,0.190940,0.650260,0.196875,0.321405,0.480395,0.522380,0.341988,0.657250,0.552806,0.438476,0.419846,0.070946,0.268468,0.532695,0.295046,0.564513,0.457637,0.357353,0.247617,0.159870,0.289854,0.384811,0.271123,0.242493,0.404806,0.259555
    Median/Mean ISI within Network Burst - Std,0.064612,0.056027,0.086565,0.083220,0.118190,0.095973,0.137350,0.055396,0.128328,0.220213,0.223295,0.206201,0.094184,0.206722,0.146217,0.198456,0.119761,0.059636,0.082948,0.235745,0.034328,0.078360,0.205018,0.101121,0.071623,0.243712,0.062186,0.104563,0.115896,0.016153,0.103539,0.076226,0.069890,0.016613,0.078145,0.100025,0.079582,0.107325,0.100822,0.069094,0.108173,0.081900,0.037098,0.067088,0.109569,0.051757,0.132742,0.098275
    Number of Elecs Participating in Burst - Avg,15.709220,14.764977,12.079320,15.280000,13.840000,13.865306,13.810127,15.866667,14.982456,13.363636,10.909836,10.338028,16.000000,11.430464,11.532609,13.443299,13.136364,15.833333,15.000000,13.931034,15.000000,15.513514,15.333333,14.918919,15.541667,12.392857,15.636364,14.814815,14.323529,16.000000,15.466667,15.800000,16.000000,16.000000,16.000000,15.375000,15.666667,15.538462,15.172414,16.000000,15.576923,14.434783,16.000000,15.642857,14.555556,15.384615,13.617021,15.163265
    Number of Elecs Participating in Burst - Std,1.713555,0.807986,0.996840,2.219862,2.561339,3.115637,2.331123,0.641586,2.207869,4.436524,3.604414,3.989173,0.000000,3.127320,4.639655,3.674147,4.588109,0.816497,0.000000,4.165599,0.000000,1.676995,1.914854,1.785410,2.245366,4.103650,1.206045,1.840507,1.934074,0.000000,0.899553,1.000000,0.000000,0.000000,0.000000,1.408309,1.028992,1.028816,1.465532,0.000000,1.499623,2.325245,0.000000,1.321888,2.343038,0.633095,2.674787,2.003611
    Number of Spikes per Network Burst per Channel - Avg,47.241722,101.757626,10.171645,170.218101,120.257650,110.808408,87.098910,149.615262,30.416133,60.586766,33.478144,20.155809,31.291118,27.184438,58.963173,42.114388,33.551100,33.215278,55.425000,26.390539,38.143590,24.598456,51.758974,18.450380,64.852083,31.192576,45.022727,24.693251,17.975726,34.070313,31.637927,39.745000,17.308894,35.764706,41.301724,37.426525,32.974372,25.715381,31.582044,42.226103,32.595620,32.382793,40.689189,37.656620,24.450175,25.935150,37.494767,33.375501
    Number of Spikes per Network Burst per Channel - Std,14.883862,30.194600,2.771719,76.731361,74.788167,93.720850,47.062514,55.277768,11.403973,31.164597,38.761418,21.480373,3.095688,25.822992,64.609776,28.296994,14.852372,11.101524,3.039828,11.944193,5.747969,7.596627,23.721112,8.772338,41.520294,34.146053,14.311525,20.505401,14.921032,3.787379,17.691462,9.986627,1.705779,6.787423,12.933758,16.167950,10.188466,12.434049,17.224164,4.254649,6.716636,15.912135,4.910560,9.719491,15.206223,8.017536,19.223008,23.379218
    Network Burst Percentage,93.163908,97.379942,99.410036,99.550843,96.367161,96.622855,95.515758,97.316137,56.325687,99.285886,73.035298,66.466398,47.871872,67.728215,98.936571,75.081458,90.280351,59.315642,29.707879,80.367967,38.956686,55.682999,89.890174,36.259372,98.243996,75.321246,42.784509,46.380140,63.067501,39.541210,37.077769,56.429587,81.343199,96.297763,79.111625,44.339403,83.277592,51.100772,50.620762,66.342238,98.990494,95.467152,89.241257,64.172687,84.917871,99.286351,73.261249,81.462248
    Network IBI Coefficient of Variation,0.262317,0.375992,0.201861,0.349178,0.540934,0.693574,0.430525,0.348998,1.047187,0.519788,0.933472,0.745449,0.838933,0.744055,0.995317,0.653689,0.509891,0.903799,1.155183,0.660647,0.967203,0.860376,0.818706,0.598675,0.552164,1.351451,1.044183,1.226495,0.767019,1.021775,1.130880,0.844415,0.433595,1.253135,1.487847,0.879652,0.585194,0.663770,0.747114,0.608040,0.616554,0.488272,0.376334,0.372886,0.618963,0.480481,0.670484,0.645731
    Network Normalized Duration IQR,0.211746,0.327778,0.267012,0.608019,1.130433,1.703099,0.590822,0.538448,0.231591,0.805735,1.254942,0.957989,0.117544,1.679532,1.048842,0.754929,0.422075,0.902864,0.029079,0.286459,0.000000,0.116830,0.573782,0.228887,1.026891,1.135360,0.038512,0.787880,0.624404,0.000000,0.706146,0.162342,0.158654,0.180867,0.262317,0.361343,0.390568,0.249938,0.586753,0.131989,0.274115,0.433565,0.267402,0.266394,0.613430,0.309333,0.436483,0.842840
Synchrony Metrics
    Area Under Normalized Cross-Correlation,0.481264,0.599791,0.231561,0.609178,0.485926,0.576133,0.569679,0.581160,0.496155,0.488093,0.531821,0.511039,0.575530,0.527153,0.502404,0.466451,0.749381,0.653788,0.404862,0.711417,0.440240,0.697802,0.715016,0.492932,0.668980,0.605869,0.547853,0.571169,0.604645,0.571486,0.457743,0.720625,0.725149,0.856206,0.758376,0.426065,0.736150,0.670886,0.605814,0.611093,0.824103,0.756331,0.718059,0.602789,0.614333,0.656587,0.589831,0.702463
    Area Under Cross-Correlation,24.966889,187.267347,2.438319,272.454875,151.757472,289.536264,182.209569,241.588764,18.906528,39.246889,32.937514,30.659347,35.547000,30.533347,32.375875,37.521889,18.215208,11.548917,6.222708,8.864236,6.333458,13.996181,10.720306,8.885778,18.000750,9.531819,8.317389,9.531069,6.339111,4.902931,14.274472,16.255778,9.149875,8.351139,17.216542,9.044319,8.741750,10.210375,14.496486,22.957708,20.916806,18.547000,20.635583,23.949125,19.153542,9.578958,22.020083,22.191681
    Full Width at Half Height of Normalized Cross-Correlation,26.000000,29.000000,31.000000,31.000000,34.000000,31.000000,34.000000,35.000000,47.000000,28.000000,45.000000,38.000000,36.000000,33.000000,39.000000,53.000000,26.000000,33.000000,44.000000,29.000000,37.000000,21.000000,25.000000,51.000000,27.000000,29.000000,22.000000,33.000000,24.000000,31.000000,19.000000,18.000000,25.000000,23.000000,26.000000,28.000000,24.000000,27.000000,36.000000,42.000000,19.000000,18.000000,26.000000,41.000000,40.000000,24.000000,25.000000,23.000000
    Full Width at Half Height of Cross-Correlation,247.000000,433.000000,69.000000,494.000000,555.000000,438.000000,406.000000,470.000000,161.000000,165.000000,183.000000,142.000000,133.000000,126.000000,160.000000,217.000000,128.000000,116.000000,182.000000,116.000000,152.000000,94.000000,167.000000,117.000000,159.000000,160.000000,158.000000,156.000000,123.000000,144.000000,162.000000,124.000000,85.000000,117.000000,133.000000,174.000000,135.000000,123.000000,144.000000,144.000000,127.000000,132.000000,137.000000,138.000000,117.000000,125.000000,148.000000,139.000000
    Synchrony Index, , , , , , , , , , , , , , , , , , , , , , , , , , , , , , , , , , , , , , , , , , , , , , , , 
    Kreuz SPIKE Distance, , , , , , , , , , , , , , , , , , , , , , , , , , , , , , , , , , , , , , , , , , , , , , , , 
Average Network Burst Metrics
    Start Electrode,34.000000,42.000000,11.000000,12.000000,34.000000,21.000000,21.000000,23.000000,11.000000,44.000000,11.000000,23.000000,34.000000,21.000000,11.000000,31.000000,13.000000,42.000000,34.000000,42.000000,14.000000,13.000000,11.000000,31.000000,11.000000,42.000000,31.000000,42.000000,24.000000,24.000000,31.000000,11.000000,14.000000,11.000000,31.000000,13.000000,11.000000,44.000000,21.000000,43.000000,11.000000,11.000000,34.000000,44.000000,34.000000,43.000000,44.000000,44.000000
    Percent Bursts with Start Electrode,16.312057,30.875576,33.711048,38.666667,19.428571,15.102041,16.033755,40.666667,33.333333,29.292929,27.049180,24.882629,21.052632,19.205298,23.913043,24.742268,29.545455,33.333333,37.500000,27.586207,69.230769,24.324324,53.333333,32.432432,37.500000,35.714286,27.272727,14.814815,26.470588,62.500000,16.666667,24.000000,40.384615,23.529412,24.137931,43.750000,50.000000,38.461538,27.586207,26.470588,53.846154,39.130435,21.621622,21.428571,30.555556,38.461538,19.148936,42.857143
    Burst Peak (Max Spikes per sec),432.624113,2788.018433,169.971671,373.333333,542.857143,930.612245,1358.649789,993.333333,3491.228070,151.515152,557.377049,478.873239,5565.789474,807.947020,108.695652,443.298969,1227.272727,4000.000000,6375.000000,413.793103,5153.846154,4432.432432,266.666667,3972.972973,2125.000000,535.714286,5636.363636,3037.037037,1058.823529,6625.000000,3766.666667,4920.000000,3423.076923,3000.000000,1931.034483,3687.500000,1944.444444,4346.153846,2827.586207,3264.705882,2576.923077,282.608696,1189.189189,2428.571429,597.222222,2153.846154,1042.553191,1081.632653
    Time to Burst Peak (ms),90.500000,94.500000,64.500000,82.500000,96.500000,98.500000,98.500000,99.500000,72.500000,0.500000,96.500000,96.500000,52.500000,94.500000,94.500000,96.500000,96.500000,92.500000,84.500000,96.500000,32.500000,60.500000,8.500000,36.500000,62.500000,6.500000,88.500000,82.500000,33.500000,34.500000,91.500000,72.500000,50.500000,78.500000,88.500000,96.500000,95.500000,44.500000,90.500000,98.500000,98.500000,12.500000,99.500000,96.500000,23.500000,96.500000,58.500000,92.500000
Viability Metrics
    Resistance - Avg (kOhms), , , , , , , , , , , , , , , , , , , , , , , , , , , , , , , , , , , , , , , , , , , , , , , , 
    Resistance - Std (kOhms), , , , , , , , , , , , , , , , , , , , , , , , , , , , , , , , , , , , , , , , , , , , , , , , 
    Number of Covered Electrodes, , , , , , , , , , , , , , , , , , , , , , , , , , , , , , , , , , , , , , , , , , , , , , , , 
    Weighted Mean Resistance (kOhms), , , , , , , , , , , , , , , , , , , , , , , , , , , , , , , , , , , , , , , , , , , , , , , , 

Measurement,A1_11,A1_12,A1_13,A1_14,A1_21,A1_22,A1_23,A1_24,A1_31,A1_32,A1_33,A1_34,A1_41,A1_42,A1_43,A1_44,A2_11,A2_12,A2_13,A2_14,A2_21,A2_22,A2_23,A2_24,A2_31,A2_32,A2_33,A2_34,A2_41,A2_42,A2_43,A2_44,A3_11,A3_12,A3_13,A3_14,A3_21,A3_22,A3_23,A3_24,A3_31,A3_32,A3_33,A3_34,A3_41,A3_42,A3_43,A3_44,A4_11,A4_12,A4_13,A4_14,A4_21,A4_22,A4_23,A4_24,A4_31,A4_32,A4_33,A4_34,A4_41,A4_42,A4_43,A4_44,A5_11,A5_12,A5_13,A5_14,A5_21,A5_22,A5_23,A5_24,A5_31,A5_32,A5_33,A5_34,A5_41,A5_42,A5_43,A5_44,A6_11,A6_12,A6_13,A6_14,A6_21,A6_22,A6_23,A6_24,A6_31,A6_32,A6_33,A6_34,A6_41,A6_42,A6_43,A6_44,A7_11,A7_12,A7_13,A7_14,A7_21,A7_22,A7_23,A7_24,A7_31,A7_32,A7_33,A7_34,A7_41,A7_42,A7_43,A7_44,A8_11,A8_12,A8_13,A8_14,A8_21,A8_22,A8_23,A8_24,A8_31,A8_32,A8_33,A8_34,A8_41,A8_42,A8_43,A8_44,B1_11,B1_12,B1_13,B1_14,B1_21,B1_22,B1_23,B1_24,B1_31,B1_32,B1_33,B1_34,B1_41,B1_42,B1_43,B1_44,B2_11,B2_12,B2_13,B2_14,B2_21,B2_22,B2_23,B2_24,B2_31,B2_32,B2_33,B2_34,B2_41,B2_42,B2_43,B2_44,B3_11,B3_12,B3_13,B3_14,B3_21,B3_22,B3_23,B3_24,B3_31,B3_32,B3_33,B3_34,B3_41,B3_42,B3_43,B3_44,B4_11,B4_12,B4_13,B4_14,B4_21,B4_22,B4_23,B4_24,B4_31,B4_32,B4_33,B4_34,B4_41,B4_42,B4_43,B4_44,B5_11,B5_12,B5_13,B5_14,B5_21,B5_22,B5_23,B5_24,B5_31,B5_32,B5_33,B5_34,B5_41,B5_42,B5_43,B5_44,B6_11,B6_12,B6_13,B6_14,B6_21,B6_22,B6_23,B6_24,B6_31,B6_32,B6_33,B6_34,B6_41,B6_42,B6_43,B6_44,B7_11,B7_12,B7_13,B7_14,B7_21,B7_22,B7_23,B7_24,B7_31,B7_32,B7_33,B7_34,B7_41,B7_42,B7_43,B7_44,B8_11,B8_12,B8_13,B8_14,B8_21,B8_22,B8_23,B8_24,B8_31,B8_32,B8_33,B8_34,B8_41,B8_42,B8_43,B8_44,C1_11,C1_12,C1_13,C1_14,C1_21,C1_22,C1_23,C1_24,C1_31,C1_32,C1_33,C1_34,C1_41,C1_42,C1_43,C1_44,C2_11,C2_12,C2_13,C2_14,C2_21,C2_22,C2_23,C2_24,C2_31,C2_32,C2_33,C2_34,C2_41,C2_42,C2_43,C2_44,C3_11,C3_12,C3_13,C3_14,C3_21,C3_22,C3_23,C3_24,C3_31,C3_32,C3_33,C3_34,C3_41,C3_42,C3_43,C3_44,C4_11,C4_12,C4_13,C4_14,C4_21,C4_22,C4_23,C4_24,C4_31,C4_32,C4_33,C4_34,C4_41,C4_42,C4_43,C4_44,C5_11,C5_12,C5_13,C5_14,C5_21,C5_22,C5_23,C5_24,C5_31,C5_32,C5_33,C5_34,C5_41,C5_42,C5_43,C5_44,C6_11,C6_12,C6_13,C6_14,C6_21,C6_22,C6_23,C6_24,C6_31,C6_32,C6_33,C6_34,C6_41,C6_42,C6_43,C6_44,C7_11,C7_12,C7_13,C7_14,C7_21,C7_22,C7_23,C7_24,C7_31,C7_32,C7_33,C7_34,C7_41,C7_42,C7_43,C7_44,C8_11,C8_12,C8_13,C8_14,C8_21,C8_22,C8_23,C8_24,C8_31,C8_32,C8_33,C8_34,C8_41,C8_42,C8_43,C8_44,D1_11,D1_12,D1_13,D1_14,D1_21,D1_22,D1_23,D1_24,D1_31,D1_32,D1_33,D1_34,D1_41,D1_42,D1_43,D1_44,D2_11,D2_12,D2_13,D2_14,D2_21,D2_22,D2_23,D2_24,D2_31,D2_32,D2_33,D2_34,D2_41,D2_42,D2_43,D2_44,D3_11,D3_12,D3_13,D3_14,D3_21,D3_22,D3_23,D3_24,D3_31,D3_32,D3_33,D3_34,D3_41,D3_42,D3_43,D3_44,D4_11,D4_12,D4_13,D4_14,D4_21,D4_22,D4_23,D4_24,D4_31,D4_32,D4_33,D4_34,D4_41,D4_42,D4_43,D4_44,D5_11,D5_12,D5_13,D5_14,D5_21,D5_22,D5_23,D5_24,D5_31,D5_32,D5_33,D5_34,D5_41,D5_42,D5_43,D5_44,D6_11,D6_12,D6_13,D6_14,D6_21,D6_22,D6_23,D6_24,D6_31,D6_32,D6_33,D6_34,D6_41,D6_42,D6_43,D6_44,D7_11,D7_12,D7_13,D7_14,D7_21,D7_22,D7_23,D7_24,D7_31,D7_32,D7_33,D7_34,D7_41,D7_42,D7_43,D7_44,D8_11,D8_12,D8_13,D8_14,D8_21,D8_22,D8_23,D8_24,D8_31,D8_32,D8_33,D8_34,D8_41,D8_42,D8_43,D8_44,E1_11,E1_12,E1_13,E1_14,E1_21,E1_22,E1_23,E1_24,E1_31,E1_32,E1_33,E1_34,E1_41,E1_42,E1_43,E1_44,E2_11,E2_12,E2_13,E2_14,E2_21,E2_22,E2_23,E2_24,E2_31,E2_32,E2_33,E2_34,E2_41,E2_42,E2_43,E2_44,E3_11,E3_12,E3_13,E3_14,E3_21,E3_22,E3_23,E3_24,E3_31,E3_32,E3_33,E3_34,E3_41,E3_42,E3_43,E3_44,E4_11,E4_12,E4_13,E4_14,E4_21,E4_22,E4_23,E4_24,E4_31,E4_32,E4_33,E4_34,E4_41,E4_42,E4_43,E4_44,E5_11,E5_12,E5_13,E5_14,E5_21,E5_22,E5_23,E5_24,E5_31,E5_32,E5_33,E5_34,E5_41,E5_42,E5_43,E5_44,E6_11,E6_12,E6_13,E6_14,E6_21,E6_22,E6_23,E6_24,E6_31,E6_32,E6_33,E6_34,E6_41,E6_42,E6_43,E6_44,E7_11,E7_12,E7_13,E7_14,E7_21,E7_22,E7_23,E7_24,E7_31,E7_32,E7_33,E7_34,E7_41,E7_42,E7_43,E7_44,E8_11,E8_12,E8_13,E8_14,E8_21,E8_22,E8_23,E8_24,E8_31,E8_32,E8_33,E8_34,E8_41,E8_42,E8_43,E8_44,F1_11,F1_12,F1_13,F1_14,F1_21,F1_22,F1_23,F1_24,F1_31,F1_32,F1_33,F1_34,F1_41,F1_42,F1_43,F1_44,F2_11,F2_12,F2_13,F2_14,F2_21,F2_22,F2_23,F2_24,F2_31,F2_32,F2_33,F2_34,F2_41,F2_42,F2_43,F2_44,F3_11,F3_12,F3_13,F3_14,F3_21,F3_22,F3_23,F3_24,F3_31,F3_32,F3_33,F3_34,F3_41,F3_42,F3_43,F3_44,F4_11,F4_12,F4_13,F4_14,F4_21,F4_22,F4_23,F4_24,F4_31,F4_32,F4_33,F4_34,F4_41,F4_42,F4_43,F4_44,F5_11,F5_12,F5_13,F5_14,F5_21,F5_22,F5_23,F5_24,F5_31,F5_32,F5_33,F5_34,F5_41,F5_42,F5_43,F5_44,F6_11,F6_12,F6_13,F6_14,F6_21,F6_22,F6_23,F6_24,F6_31,F6_32,F6_33,F6_34,F6_41,F6_42,F6_43,F6_44,F7_11,F7_12,F7_13,F7_14,F7_21,F7_22,F7_23,F7_24,F7_31,F7_32,F7_33,F7_34,F7_41,F7_42,F7_43,F7_44,F8_11,F8_12,F8_13,F8_14,F8_21,F8_22,F8_23,F8_24,F8_31,F8_32,F8_33,F8_34,F8_41,F8_42,F8_43,F8_44,
Activity Metrics
    Number of Spikes,12843.000000,5512.000000,3866.000000,6072.000000,7399.000000,4053.000000,16991.000000,8495.000000,5540.000000,5248.000000,1460.000000,10843.000000,451.000000,5600.000000,15066.000000,4515.000000,22339.000000,34937.000000,33139.000000,0.000000,17352.000000,28572.000000,36227.000000,10515.000000,16784.000000,21628.000000,37683.000000,27534.000000,435.000000,15439.000000,12807.000000,21510.000000,52.000000,75.000000,17551.000000,13200.000000,1387.000000,1740.000000,827.000000,1258.000000,733.000000,18.000000,3604.000000,1010.000000,897.000000,505.000000,996.000000,48.000000,38627.000000,30664.000000,17711.000000,33891.000000,33632.000000,31669.000000,19653.000000,19860.000000,37493.000000,28669.000000,20378.000000,12391.000000,618.000000,27806.000000,40577.000000,15127.000000,12385.000000,32961.000000,10037.000000,22663.000000,1144.000000,36350.000000,31483.000000,7583.000000,22372.000000,18110.000000,31771.000000,27617.000000,1159.000000,38493.000000,31898.000000,0.000000,34178.000000,23264.000000,40910.000000,35022.000000,40704.000000,31432.000000,26875.000000,18316.000000,23384.000000,35568.000000,25345.000000,39326.000000,439.000000,19987.000000,23953.000000,26081.000000,14904.000000,16041.000000,18205.000000,22471.000000,31572.000000,22682.000000,19426.000000,11566.000000,19617.000000,42703.000000,0.000000,29920.000000,604.000000,34735.000000,20739.000000,15605.000000,23105.000000,31929.000000,25251.000000,19595.000000,27731.000000,18382.000000,23656.000000,25431.000000,12247.000000,32246.000000,37973.000000,26624.000000,507.000000,12019.000000,21296.000000,29687.000000,9724.000000,662.000000,3169.000000,4774.000000,3517.000000,510.000000,2559.000000,834.000000,4051.000000,4112.000000,3871.000000,1147.000000,418.000000,2924.000000,2631.000000,3487.000000,7453.000000,6509.000000,2269.000000,5481.000000,1300.000000,4299.000000,13813.000000,9689.000000,7152.000000,747.000000,3437.000000,4941.000000,1787.000000,8266.000000,7888.000000,6691.000000,10167.000000,1914.000000,7804.000000,6278.000000,5811.000000,10280.000000,5605.000000,1667.000000,5779.000000,6876.000000,3554.000000,1533.000000,577.000000,5963.000000,2769.000000,3257.000000,1452.000000,5299.000000,1815.000000,2805.000000,1502.000000,5954.000000,12159.000000,3796.000000,14126.000000,2282.000000,5696.000000,6556.000000,1173.000000,13347.000000,5370.000000,2719.000000,4244.000000,4800.000000,6939.000000,2404.000000,3163.000000,1424.000000,2680.000000,5425.000000,4342.000000,4070.000000,7738.000000,12209.000000,694.000000,5124.000000,3040.000000,11187.000000,9424.000000,5241.000000,8748.000000,5255.000000,12185.000000,5065.000000,5202.000000,6232.000000,1735.000000,0.000000,1914.000000,3355.000000,1196.000000,5083.000000,9231.000000,2184.000000,4023.000000,7267.000000,3209.000000,3644.000000,3355.000000,2837.000000,7894.000000,2950.000000,5973.000000,4810.000000,3892.000000,7138.000000,2089.000000,1870.000000,16827.000000,4409.000000,5049.000000,5658.000000,7143.000000,6874.000000,4689.000000,6538.000000,4569.000000,2981.000000,8990.000000,5933.000000,3151.000000,3135.000000,2954.000000,3120.000000,8432.000000,5183.000000,2223.000000,1548.000000,2013.000000,2366.000000,1887.000000,1321.000000,869.000000,1347.000000,1857.000000,1578.000000,1589.000000,1076.000000,617.000000,1322.000000,1105.000000,1573.000000,664.000000,986.000000,1166.000000,2532.000000,543.000000,2189.000000,1157.000000,1931.000000,747.000000,904.000000,1006.000000,1045.000000,264.000000,3095.000000,2125.000000,1126.000000,467.000000,1182.000000,603.000000,965.000000,582.000000,407.000000,377.000000,869.000000,706.000000,0.000000,1121.000000,8107.000000,169.000000,1794.000000,4342.000000,697.000000,1044.000000,1110.000000,533.000000,393.000000,597.000000,1071.000000,679.000000,437.000000,763.000000,623.000000,1096.000000,696.000000,195.000000,946.000000,3173.000000,667.000000,1602.000000,130.000000,646.000000,6408.000000,360.000000,502.000000,605.000000,333.000000,1128.000000,2499.000000,593.000000,182.000000,344.000000,982.000000,1322.000000,1457.000000,1230.000000,1745.000000,3403.000000,803.000000,1285.000000,1253.000000,1184.000000,2680.000000,792.000000,1155.000000,635.000000,697.000000,343.000000,1171.000000,2183.000000,5422.000000,1279.000000,777.000000,783.000000,654.000000,1017.000000,681.000000,800.000000,596.000000,1634.000000,532.000000,836.000000,1093.000000,442.000000,874.000000,918.000000,833.000000,1628.000000,1203.000000,2000.000000,632.000000,1194.000000,4569.000000,2227.000000,4494.000000,2421.000000,119.000000,1365.000000,1452.000000,399.000000,1679.000000,2628.000000,1199.000000,1970.000000,1286.000000,1336.000000,1222.000000,2373.000000,1499.000000,2509.000000,1622.000000,1215.000000,649.000000,2056.000000,1187.000000,299.000000,2028.000000,1866.000000,1826.000000,771.000000,1848.000000,696.000000,1978.000000,731.000000,855.000000,776.000000,737.000000,835.000000,959.000000,641.000000,852.000000,272.000000,3929.000000,612.000000,551.000000,2054.000000,1002.000000,3936.000000,1886.000000,381.000000,325.000000,488.000000,623.000000,1655.000000,571.000000,603.000000,998.000000,295.000000,1257.000000,2001.000000,413.000000,939.000000,1079.000000,1253.000000,1627.000000,1119.000000,1372.000000,831.000000,2167.000000,835.000000,626.000000,6829.000000,634.000000,141.000000,1117.000000,1416.000000,654.000000,700.000000,1683.000000,589.000000,582.000000,322.000000,812.000000,805.000000,2138.000000,678.000000,987.000000,538.000000,1235.000000,65.000000,625.000000,1347.000000,1916.000000,332.000000,486.000000,255.000000,522.000000,190.000000,364.000000,83.000000,708.000000,380.000000,681.000000,426.000000,873.000000,211.000000,490.000000,4356.000000,672.000000,536.000000,3544.000000,1186.000000,1549.000000,1639.000000,9209.000000,1770.000000,1575.000000,5515.000000,2117.000000,5408.000000,3377.000000,449.000000,1073.000000,917.000000,872.000000,1254.000000,1616.000000,4904.000000,1137.000000,856.000000,1133.000000,4151.000000,1205.000000,1391.000000,1811.000000,1572.000000,976.000000,651.000000,871.000000,2214.000000,2378.000000,697.000000,618.000000,787.000000,1487.000000,1381.000000,2099.000000,940.000000,757.000000,691.000000,796.000000,1440.000000,991.000000,480.000000,861.000000,2816.000000,863.000000,689.000000,839.000000,579.000000,672.000000,594.000000,435.000000,665.000000,1313.000000,391.000000,673.000000,581.000000,514.000000,330.000000,641.000000,340.000000,846.000000,1274.000000,762.000000,3678.000000,1667.000000,1613.000000,1753.000000,1670.000000,1625.000000,763.000000,1437.000000,610.000000,1041.000000,786.000000,1030.000000,1315.000000,3200.000000,390.000000,941.000000,8852.000000,1736.000000,279.000000,326.000000,752.000000,1255.000000,1093.000000,1177.000000,1128.000000,706.000000,328.000000,994.000000,352.000000,1164.000000,2055.000000,378.000000,872.000000,670.000000,652.000000,945.000000,331.000000,361.000000,876.000000,635.000000,605.000000,596.000000,235.000000,665.000000,735.000000,751.000000,1217.000000,566.000000,846.000000,1593.000000,799.000000,753.000000,756.000000,600.000000,1063.000000,828.000000,916.000000,482.000000,1637.000000,342.000000,1761.000000,6690.000000,10033.000000,1679.000000,2175.000000,1085.000000,2431.000000,1202.000000,1138.000000,713.000000,1087.000000,1139.000000,744.000000,984.000000,322.000000,1161.000000,1740.000000,1122.000000,2921.000000,2017.000000,2000.000000,5234.000000,2269.000000,1976.000000,1262.000000,1832.000000,1370.000000,1504.000000,1528.000000,4820.000000,790.000000,1244.000000,2458.000000,1400.000000,2526.000000,2424.000000,1489.000000,1397.000000,679.000000,2442.000000,1323.000000,1203.000000,756.000000,1119.000000,2508.000000,2675.000000,597.000000,2318.000000,1292.000000,2394.000000,1373.000000,1865.000000,1509.000000,1240.000000,895.000000,2139.000000,2006.000000,2106.000000,1819.000000,1714.000000,1780.000000,1375.000000,276.000000,1277.000000,621.000000,2162.000000,2334.000000,1901.000000,1020.000000,2992.000000,1627.000000,1569.000000,1249.000000,1315.000000,1803.000000,3185.000000,2101.000000,1265.000000,707.000000,1461.000000,1361.000000,1102.000000,3057.000000,2002.000000,1433.000000,3591.000000,1585.000000,1693.000000,1533.000000,1919.000000,1314.000000,1318.000000,851.000000,2232.000000,1092.000000,1866.000000,3176.000000,10646.000000,1729.000000,2014.000000,1237.000000,1983.000000,2550.000000,2237.000000,3865.000000,2567.000000,1581.000000,828.000000,1418.000000,2922.000000,767.000000,1627.000000,4262.000000,862.000000,669.000000,1620.000000,825.000000,901.000000,676.000000,2223.000000,20.000000,195.000000,918.000000,1323.000000,1553.000000,89.000000,963.000000,292.000000,1966.000000,1461.000000,1576.000000,2166.000000,1994.000000,2937.000000,3359.000000,2423.000000,3156.000000,2220.000000,1023.000000,4434.000000,3623.000000,1624.000000,862.000000,1793.000000,0.000000,2324.000000,1917.000000,2139.000000,3359.000000,1538.000000,1613.000000,1755.000000,1065.000000,1522.000000,1997.000000,1502.000000,1877.000000,1939.000000,1002.000000,1314.000000,2282.000000,4952.000000
    Mean Firing Rate (Hz),21.405000,9.186667,6.443333,10.120000,12.331667,6.755000,28.318333,14.158333,9.233333,8.746667,2.433333,18.071667,0.751667,9.333333,25.110000,7.525000,37.231667,58.228333,55.231667,0.000000,28.920000,47.620000,60.378333,17.525000,27.973333,36.046667,62.805000,45.890000,0.725000,25.731667,21.345000,35.850000,0.086667,0.125000,29.251667,22.000000,2.311667,2.900000,1.378333,2.096667,1.221667,0.030000,6.006667,1.683333,1.495000,0.841667,1.660000,0.080000,64.378333,51.106667,29.518333,56.485000,56.053333,52.781667,32.755000,33.100000,62.488333,47.781667,33.963333,20.651667,1.030000,46.343333,67.628333,25.211667,20.641667,54.935000,16.728333,37.771667,1.906667,60.583333,52.471667,12.638333,37.286667,30.183333,52.951667,46.028333,1.931667,64.155000,53.163333,0.000000,56.963333,38.773333,68.183333,58.370000,67.840000,52.386667,44.791667,30.526667,38.973333,59.280000,42.241667,65.543333,0.731667,33.311667,39.921667,43.468333,24.840000,26.735000,30.341667,37.451667,52.620000,37.803333,32.376667,19.276667,32.695000,71.171667,0.000000,49.866667,1.006667,57.891667,34.565000,26.008333,38.508333,53.215000,42.085000,32.658333,46.218333,30.636667,39.426667,42.385000,20.411667,53.743333,63.288333,44.373333,0.845000,20.031667,35.493333,49.478333,16.206667,1.103333,5.281667,7.956667,5.861667,0.850000,4.265000,1.390000,6.751667,6.853333,6.451667,1.911667,0.696667,4.873333,4.385000,5.811667,12.421667,10.848333,3.781667,9.135000,2.166667,7.165000,23.021667,16.148333,11.920000,1.245000,5.728333,8.235000,2.978333,13.776667,13.146667,11.151667,16.945000,3.190000,13.006667,10.463333,9.685000,17.133333,9.341667,2.778333,9.631667,11.460000,5.923333,2.555000,0.961667,9.938333,4.615000,5.428333,2.420000,8.831667,3.025000,4.675000,2.503333,9.923333,20.265000,6.326667,23.543333,3.803333,9.493333,10.926667,1.955000,22.245000,8.950000,4.531667,7.073333,8.000000,11.565000,4.006667,5.271667,2.373333,4.466667,9.041667,7.236667,6.783333,12.896667,20.348333,1.156667,8.540000,5.066667,18.645000,15.706667,8.735000,14.580000,8.758333,20.308333,8.441667,8.670000,10.386667,2.891667,0.000000,3.190000,5.591667,1.993333,8.471667,15.385000,3.640000,6.705000,12.111667,5.348333,6.073333,5.591667,4.728333,13.156667,4.916667,9.955000,8.016667,6.486667,11.896667,3.481667,3.116667,28.045000,7.348333,8.415000,9.430000,11.905000,11.456667,7.815000,10.896667,7.615000,4.968333,14.983333,9.888333,5.251667,5.225000,4.923333,5.200000,14.053333,8.638333,3.705000,2.580000,3.355000,3.943333,3.145000,2.201667,1.448333,2.245000,3.095000,2.630000,2.648333,1.793333,1.028333,2.203333,1.841667,2.621667,1.106667,1.643333,1.943333,4.220000,0.905000,3.648333,1.928333,3.218333,1.245000,1.506667,1.676667,1.741667,0.440000,5.158333,3.541667,1.876667,0.778333,1.970000,1.005000,1.608333,0.970000,0.678333,0.628333,1.448333,1.176667,0.000000,1.868333,13.511667,0.281667,2.990000,7.236667,1.161667,1.740000,1.850000,0.888333,0.655000,0.995000,1.785000,1.131667,0.728333,1.271667,1.038333,1.826667,1.160000,0.325000,1.576667,5.288333,1.111667,2.670000,0.216667,1.076667,10.680000,0.600000,0.836667,1.008333,0.555000,1.880000,4.165000,0.988333,0.303333,0.573333,1.636667,2.203333,2.428333,2.050000,2.908333,5.671667,1.338333,2.141667,2.088333,1.973333,4.466667,1.320000,1.925000,1.058333,1.161667,0.571667,1.951667,3.638333,9.036667,2.131667,1.295000,1.305000,1.090000,1.695000,1.135000,1.333333,0.993333,2.723333,0.886667,1.393333,1.821667,0.736667,1.456667,1.530000,1.388333,2.713333,2.005000,3.333333,1.053333,1.990000,7.615000,3.711667,7.490000,4.035000,0.198333,2.275000,2.420000,0.665000,2.798333,4.380000,1.998333,3.283333,2.143333,2.226667,2.036667,3.955000,2.498333,4.181667,2.703333,2.025000,1.081667,3.426667,1.978333,0.498333,3.380000,3.110000,3.043333,1.285000,3.080000,1.160000,3.296667,1.218333,1.425000,1.293333,1.228333,1.391667,1.598333,1.068333,1.420000,0.453333,6.548333,1.020000,0.918333,3.423333,1.670000,6.560000,3.143333,0.635000,0.541667,0.813333,1.038333,2.758333,0.951667,1.005000,1.663333,0.491667,2.095000,3.335000,0.688333,1.565000,1.798333,2.088333,2.711667,1.865000,2.286667,1.385000,3.611667,1.391667,1.043333,11.381667,1.056667,0.235000,1.861667,2.360000,1.090000,1.166667,2.805000,0.981667,0.970000,0.536667,1.353333,1.341667,3.563333,1.130000,1.645000,0.896667,2.058333,0.108333,1.041667,2.245000,3.193333,0.553333,0.810000,0.425000,0.870000,0.316667,0.606667,0.138333,1.180000,0.633333,1.135000,0.710000,1.455000,0.351667,0.816667,7.260000,1.120000,0.893333,5.906667,1.976667,2.581667,2.731667,15.348333,2.950000,2.625000,9.191667,3.528333,9.013333,5.628333,0.748333,1.788333,1.528333,1.453333,2.090000,2.693333,8.173333,1.895000,1.426667,1.888333,6.918333,2.008333,2.318333,3.018333,2.620000,1.626667,1.085000,1.451667,3.690000,3.963333,1.161667,1.030000,1.311667,2.478333,2.301667,3.498333,1.566667,1.261667,1.151667,1.326667,2.400000,1.651667,0.800000,1.435000,4.693333,1.438333,1.148333,1.398333,0.965000,1.120000,0.990000,0.725000,1.108333,2.188333,0.651667,1.121667,0.968333,0.856667,0.550000,1.068333,0.566667,1.410000,2.123333,1.270000,6.130000,2.778333,2.688333,2.921667,2.783333,2.708333,1.271667,2.395000,1.016667,1.735000,1.310000,1.716667,2.191667,5.333333,0.650000,1.568333,14.753333,2.893333,0.465000,0.543333,1.253333,2.091667,1.821667,1.961667,1.880000,1.176667,0.546667,1.656667,0.586667,1.940000,3.425000,0.630000,1.453333,1.116667,1.086667,1.575000,0.551667,0.601667,1.460000,1.058333,1.008333,0.993333,0.391667,1.108333,1.225000,1.251667,2.028333,0.943333,1.410000,2.655000,1.331667,1.255000,1.260000,1.000000,1.771667,1.380000,1.526667,0.803333,2.728333,0.570000,2.935000,11.150000,16.721667,2.798333,3.625000,1.808333,4.051667,2.003333,1.896667,1.188333,1.811667,1.898333,1.240000,1.640000,0.536667,1.935000,2.900000,1.870000,4.868333,3.361667,3.333333,8.723333,3.781667,3.293333,2.103333,3.053333,2.283333,2.506667,2.546667,8.033333,1.316667,2.073333,4.096667,2.333333,4.210000,4.040000,2.481667,2.328333,1.131667,4.070000,2.205000,2.005000,1.260000,1.865000,4.180000,4.458333,0.995000,3.863333,2.153333,3.990000,2.288333,3.108333,2.515000,2.066667,1.491667,3.565000,3.343333,3.510000,3.031667,2.856667,2.966667,2.291667,0.460000,2.128333,1.035000,3.603333,3.890000,3.168333,1.700000,4.986667,2.711667,2.615000,2.081667,2.191667,3.005000,5.308333,3.501667,2.108333,1.178333,2.435000,2.268333,1.836667,5.095000,3.336667,2.388333,5.985000,2.641667,2.821667,2.555000,3.198333,2.190000,2.196667,1.418333,3.720000,1.820000,3.110000,5.293333,17.743333,2.881667,3.356667,2.061667,3.305000,4.250000,3.728333,6.441667,4.278333,2.635000,1.380000,2.363333,4.870000,1.278333,2.711667,7.103333,1.436667,1.115000,2.700000,1.375000,1.501667,1.126667,3.705000,0.033333,0.325000,1.530000,2.205000,2.588333,0.148333,1.605000,0.486667,3.276667,2.435000,2.626667,3.610000,3.323333,4.895000,5.598333,4.038333,5.260000,3.700000,1.705000,7.390000,6.038333,2.706667,1.436667,2.988333,0.000000,3.873333,3.195000,3.565000,5.598333,2.563333,2.688333,2.925000,1.775000,2.536667,3.328333,2.503333,3.128333,3.231667,1.670000,2.190000,3.803333,8.253333
    ISI Coefficient of Variation,4.326196,4.765276,3.633368,4.682260,4.025745,3.495066,4.772563,3.268669,4.116562,4.480241,2.632739,3.174001,1.388192,4.289913,4.012990,3.857565,6.478388,9.453823,7.833343, ,6.732636,8.764384,6.827456,4.304167,7.193630,7.599681,8.934137,6.021500,1.318952,3.630797,4.642252,6.984422, ,0.965666,3.423035,2.931221,1.224941,1.642394,0.906220,1.405302,0.903655, ,1.843660,1.490135,1.072653,1.041652,1.277407, ,8.482395,3.398874,6.975982,7.751906,10.016597,9.936769,6.258135,7.122887,8.111354,6.391929,7.089359,6.281032,1.706273,6.987809,7.844686,7.182252,5.990746,3.560288,4.573722,4.715740,2.411394,4.911758,6.342823,5.027747,4.992510,4.472560,6.597536,3.536342,2.405238,5.162824,6.321437, ,6.383359,2.817946,3.201380,2.729773,4.845162,5.367391,5.579150,4.554160,7.297608,8.254278,4.855632,4.217767,1.296453,6.532184,6.248450,5.710715,2.717133,4.578908,4.665674,4.936300,3.513743,7.087132,5.751808,3.179851,7.966748,7.820229, ,4.359760,1.662557,6.889958,7.666340,7.198981,8.637773,8.575642,9.422288,5.622944,7.052065,5.475128,1.450210,7.061873,6.267609,9.008492,8.076314,8.813038,1.595484,7.007630,7.275832,8.917058,3.678460,4.851883,3.725864,4.403650,4.120206,4.106094,6.414218,5.470269,5.153991,5.624740,3.808833,2.481659,2.514578,6.183008,5.200000,5.341984,5.629955,6.348398,5.137040,7.309297,4.170066,3.038943,4.203133,3.974474,6.268485,3.064146,4.195002,5.867427,3.591744,5.162093,6.418734,2.612713,4.375909,3.084035,4.607304,7.477243,5.841529,5.276388,4.764330,5.059129,8.721674,7.978778,2.971108,5.950497,2.800801,5.163848,6.240600,5.974473,5.045871,5.919216,4.293720,5.239804,4.601835,4.371443,3.107609,3.752558,1.713895,4.484769,3.557810,2.815063,5.050769,4.517527,3.277330,4.324445,5.114861,3.062853,4.555017,3.488193,4.463574,4.753485,2.176881,5.721518,3.749543,4.376425,5.094512,1.287368,3.379013,5.517145,3.587167,1.362867,3.349492,4.226622,3.399686,3.481922,2.562110,5.399888,5.049333,4.445076,5.654981, ,2.692690,4.595577,3.652984,3.848964,1.916035,5.400259,8.078738,3.088812,2.502975,3.099337,4.590077,5.114387,2.159625,4.922880,3.501754,4.481522,4.245834,4.234306,3.445781,3.654014,4.648427,5.801364,5.769451,3.258331,4.459875,6.882255,5.708194,4.536466,8.014843,6.301507,3.512721,6.725681,5.685931,4.942455,4.177153,4.081434,2.949380,5.240562,8.103610,7.187976,3.425710,2.744474,7.177043,5.811942,5.571022,6.289517,3.434063,5.505766,6.590627,6.001882,4.643842,6.865716,6.192041,5.777563,6.932969,7.216964,4.790618,3.595818,6.444072,2.942816,8.366605,3.011041,6.903993,7.926969,4.327723,3.471533,4.445651,1.144275,1.109018,8.079134,11.393220,3.252241,4.863680,2.606462,7.572228,4.263500,7.106214,2.292657,3.346060, ,2.116200,5.164039,7.197882,3.190030,1.477072,2.496947,7.208619,6.177281,3.331488,4.116721,4.090977,7.577029,6.421690,4.167696,6.806976,6.016184,6.521582,6.647688,4.224821,4.280299,6.527749,6.672264,2.187035,4.460453,10.120280,1.342871,2.860521,5.649459,3.192045,3.180804,8.757941,1.606073,6.543266,5.315332,4.180740,4.254670,2.546529,3.526214,4.037495,4.085322,3.085920,5.764603,3.255692,3.962287,5.918688,3.345297,4.118128,6.650237,4.684327,5.679960,3.941974,7.254043,1.580388,2.866252,3.113844,4.956915,7.147727,6.353367,2.313085,8.585469,9.148419,6.483427,11.972675,7.339731,6.004377,6.710389,7.036056,5.152170,9.306902,9.443338,5.023954,6.075749,3.516842,3.384771,4.422246,3.012472,3.881819,4.498961,3.236648,1.875567,4.414388,5.460900,3.244903,1.933986,3.358589,4.728240,7.233322,8.266473,8.178812,5.827725,11.019121,6.473755,7.621381,8.574718,7.523729,5.882417,10.381342,7.927892,3.915215,9.026077,6.224131,8.975534,3.194994,4.297725,6.884751,1.780296,10.944947,9.633843,8.472933,8.136866,6.606583,2.851754,8.029343,6.859204,6.907093,1.923901,8.123824,9.040853,2.197851,2.005192,1.693796,4.064175,7.421808,4.695883,6.001642,8.199698,1.454030,8.959579,5.718765,5.828089,5.487923,2.874687,2.664312,5.342100,4.436201,6.744706,2.436917,3.899986,2.897113,6.771101,8.803154,1.405418,4.612133,6.047685,3.324535,5.797938,4.953841,2.957360,4.772136,5.097650,4.711695,1.693413,4.588183,3.714666,3.931096,4.276986,4.770221,1.050920,3.416136,3.848368,4.591150,4.832667,2.716898,4.897027,5.888545,5.506186,7.347137,9.763139,6.985532,9.806816,6.896081,9.841657,4.466905,10.484674,10.123587,1.647648,7.055993,10.389099,6.679186,4.567241,2.012513,5.687312,6.394558,2.873606,2.113629,3.091219,2.606498,6.680795,1.936976,0.735248,4.854422,2.228774,2.090617,2.265066,5.831194,9.075757,7.026668,3.119337,6.584795,3.703446,3.554608,8.613400,7.716997,5.376962,7.189491,8.879211,3.503806,3.544445,3.397910,8.044460,6.461451,7.362265,5.518112,3.498912,3.795565,3.461648,4.071924,5.093544,5.221765,1.143231,4.516072,4.024612,3.860124,4.152905,4.068822,4.482418,2.663768,4.324071,4.942133,4.269056,8.366253,8.982624,8.615713,7.521348,9.671310,7.650185,10.139554,14.142145,7.717235,9.317567,4.581132,8.376959,5.413460,10.010056,7.241771,5.320186,11.894570,9.232221,1.077530,6.292660,12.103841,12.929362,6.038328,11.958725,5.695668,12.706119,8.274866,10.839310,8.030785,10.721352,12.178621,0.957294,5.681706,6.689851,2.488454,3.263575,5.238244,6.058339,7.942220,2.606207,5.295075,5.345543,7.522294,7.617811,3.496322,2.471431,6.160799,7.376851,1.391214,5.098981,5.277082,5.216199,4.610738,7.449420,5.036939,5.224787,8.100961,6.717728,6.540205,5.340192,3.943748,6.293807,6.411699,6.122762,6.384339,4.796594,5.718255,7.406936,3.475902,5.703992,6.021496,4.950307,3.128696,5.772457,5.824530,4.717326,4.612002,4.080488,6.367712,3.750343,3.859539,2.029199,2.823795,6.151923,1.282239,5.236782,5.770725,5.717380,6.927996,4.836705,6.477185,5.808157,4.232664,4.056645,6.792570,5.846075,9.639680,6.762414,7.866095,1.151316,3.625712,4.460654,5.250595,7.691461,6.625957,7.143696,7.366908,2.177898,5.454494,4.586873,3.768737,7.042353,7.845311,7.843305,6.121399,5.916812,4.170302,5.958124,5.795601,5.608455,4.323649,5.300897,8.069686,8.135766,3.861609,7.668978,5.803455,7.233273,5.073320,4.932764,5.095037,7.156063,5.825773,6.209375,5.665833,5.659075,5.086080,5.431920,6.623689,5.943149,3.371530,4.304522,5.166011,4.952120,7.807525,7.369769,5.496977,3.296751,6.877125,6.575456,5.995965,6.113204,7.214978,4.915895,7.484136,5.474926,4.598421,6.523719,4.424299,5.719889,6.103041,7.058387,6.120050,5.941958,5.944176,4.437985,5.396455,6.107969,5.356591,5.313278,4.771945,5.601489,4.180187,4.507344,1.415971,2.194918,3.924744,4.853534,3.895565,4.553309,5.304710,5.779389,4.745247,3.379137,4.509552,4.587771,3.954867,5.069719,3.437997,4.107608,5.205795,3.217380,4.506484,6.372386,4.988974,5.251854,4.532705,7.857588, ,2.289592,5.248879,6.360206,6.617200,1.599915,4.512181,2.890226,7.421104,6.727800,5.765535,6.116012,5.887761,7.765347,2.202505,2.805774,2.674655,5.875360,5.270094,2.504174,2.044491,6.452412,4.620316,6.974478, ,7.434380,6.525300,5.550376,5.881271,6.640477,4.700680,4.765265,4.517049,5.825452,4.508309,6.489859,2.685339,3.295182,3.616753,6.220983,5.308269,2.424636
Electrode Burst Metrics
    Number of Bursts,150.000000,128.000000,92.000000,110.000000,70.000000,46.000000,126.000000,124.000000,91.000000,113.000000,60.000000,40.000000,8.000000,107.000000,137.000000,142.000000,225.000000,232.000000,212.000000,0.000000,224.000000,224.000000,226.000000,211.000000,224.000000,225.000000,228.000000,224.000000,8.000000,190.000000,206.000000,224.000000,0.000000,0.000000,67.000000,71.000000,0.000000,4.000000,0.000000,0.000000,0.000000,0.000000,8.000000,0.000000,0.000000,1.000000,2.000000,0.000000,198.000000,232.000000,233.000000,234.000000,236.000000,238.000000,224.000000,229.000000,241.000000,223.000000,234.000000,178.000000,8.000000,225.000000,225.000000,223.000000,182.000000,188.000000,185.000000,184.000000,66.000000,184.000000,191.000000,145.000000,189.000000,189.000000,184.000000,182.000000,51.000000,182.000000,185.000000,0.000000,229.000000,219.000000,222.000000,221.000000,239.000000,221.000000,220.000000,187.000000,220.000000,226.000000,220.000000,220.000000,2.000000,220.000000,221.000000,222.000000,186.000000,188.000000,163.000000,188.000000,191.000000,190.000000,188.000000,188.000000,188.000000,205.000000,0.000000,191.000000,12.000000,189.000000,188.000000,188.000000,203.000000,204.000000,202.000000,203.000000,202.000000,202.000000,142.000000,203.000000,126.000000,199.000000,206.000000,202.000000,9.000000,191.000000,202.000000,202.000000,71.000000,37.000000,44.000000,43.000000,45.000000,37.000000,57.000000,38.000000,52.000000,55.000000,49.000000,42.000000,28.000000,45.000000,46.000000,39.000000,78.000000,75.000000,75.000000,89.000000,74.000000,74.000000,95.000000,76.000000,78.000000,73.000000,74.000000,74.000000,82.000000,77.000000,120.000000,74.000000,70.000000,59.000000,65.000000,66.000000,34.000000,54.000000,41.000000,35.000000,67.000000,58.000000,62.000000,61.000000,28.000000,77.000000,62.000000,44.000000,47.000000,42.000000,42.000000,46.000000,53.000000,75.000000,59.000000,42.000000,47.000000,47.000000,49.000000,58.000000,47.000000,135.000000,57.000000,60.000000,74.000000,76.000000,77.000000,76.000000,77.000000,76.000000,76.000000,61.000000,75.000000,126.000000,79.000000,76.000000,61.000000,76.000000,76.000000,76.000000,72.000000,67.000000,67.000000,61.000000,78.000000,73.000000,85.000000,63.000000,59.000000,0.000000,59.000000,73.000000,60.000000,59.000000,64.000000,60.000000,39.000000,45.000000,45.000000,49.000000,49.000000,42.000000,93.000000,49.000000,49.000000,41.000000,71.000000,68.000000,51.000000,48.000000,314.000000,58.000000,63.000000,59.000000,64.000000,82.000000,65.000000,63.000000,60.000000,68.000000,58.000000,66.000000,54.000000,60.000000,71.000000,57.000000,63.000000,64.000000,32.000000,32.000000,30.000000,31.000000,44.000000,31.000000,31.000000,32.000000,44.000000,30.000000,31.000000,31.000000,30.000000,31.000000,31.000000,33.000000,23.000000,20.000000,21.000000,22.000000,19.000000,25.000000,31.000000,29.000000,26.000000,19.000000,20.000000,21.000000,18.000000,20.000000,23.000000,22.000000,10.000000,10.000000,9.000000,8.000000,10.000000,7.000000,7.000000,8.000000,10.000000,0.000000,8.000000,155.000000,7.000000,7.000000,8.000000,15.000000,23.000000,37.000000,20.000000,20.000000,20.000000,21.000000,20.000000,20.000000,20.000000,21.000000,22.000000,20.000000,20.000000,20.000000,59.000000,20.000000,13.000000,8.000000,13.000000,13.000000,9.000000,9.000000,12.000000,9.000000,20.000000,13.000000,12.000000,8.000000,3.000000,16.000000,9.000000,12.000000,33.000000,34.000000,36.000000,33.000000,33.000000,34.000000,37.000000,34.000000,33.000000,36.000000,33.000000,33.000000,32.000000,33.000000,33.000000,35.000000,14.000000,17.000000,15.000000,14.000000,14.000000,14.000000,14.000000,14.000000,14.000000,12.000000,14.000000,16.000000,14.000000,14.000000,14.000000,17.000000,39.000000,35.000000,32.000000,19.000000,40.000000,63.000000,26.000000,95.000000,54.000000,13.000000,36.000000,35.000000,37.000000,34.000000,37.000000,38.000000,31.000000,29.000000,32.000000,32.000000,32.000000,32.000000,30.000000,33.000000,23.000000,24.000000,32.000000,31.000000,21.000000,31.000000,25.000000,31.000000,15.000000,25.000000,13.000000,14.000000,12.000000,19.000000,13.000000,18.000000,19.000000,13.000000,14.000000,16.000000,12.000000,37.000000,12.000000,14.000000,14.000000,10.000000,13.000000,34.000000,10.000000,9.000000,10.000000,10.000000,21.000000,14.000000,9.000000,16.000000,8.000000,16.000000,38.000000,10.000000,15.000000,17.000000,16.000000,18.000000,48.000000,26.000000,20.000000,18.000000,21.000000,15.000000,21.000000,16.000000,9.000000,20.000000,19.000000,15.000000,15.000000,15.000000,20.000000,15.000000,15.000000,32.000000,21.000000,18.000000,19.000000,15.000000,15.000000,36.000000,8.000000,15.000000,17.000000,42.000000,8.000000,11.000000,7.000000,7.000000,7.000000,8.000000,7.000000,8.000000,8.000000,8.000000,9.000000,10.000000,8.000000,8.000000,79.000000,6.000000,21.000000,21.000000,21.000000,21.000000,21.000000,121.000000,23.000000,21.000000,44.000000,21.000000,21.000000,22.000000,22.000000,21.000000,21.000000,21.000000,23.000000,24.000000,24.000000,25.000000,24.000000,23.000000,35.000000,22.000000,24.000000,24.000000,25.000000,24.000000,24.000000,24.000000,19.000000,43.000000,52.000000,52.000000,52.000000,53.000000,57.000000,52.000000,52.000000,52.000000,52.000000,53.000000,52.000000,52.000000,52.000000,52.000000,52.000000,52.000000,18.000000,19.000000,17.000000,18.000000,17.000000,17.000000,17.000000,17.000000,17.000000,17.000000,17.000000,17.000000,17.000000,17.000000,17.000000,18.000000,29.000000,29.000000,29.000000,27.000000,29.000000,29.000000,29.000000,29.000000,29.000000,29.000000,29.000000,29.000000,29.000000,29.000000,29.000000,29.000000,13.000000,15.000000,34.000000,14.000000,13.000000,13.000000,13.000000,17.000000,17.000000,13.000000,18.000000,14.000000,13.000000,14.000000,13.000000,21.000000,16.000000,16.000000,18.000000,17.000000,16.000000,18.000000,16.000000,16.000000,18.000000,16.000000,16.000000,17.000000,16.000000,17.000000,18.000000,16.000000,23.000000,20.000000,20.000000,31.000000,20.000000,20.000000,20.000000,20.000000,31.000000,23.000000,25.000000,20.000000,41.000000,20.000000,48.000000,42.000000,109.000000,28.000000,22.000000,23.000000,21.000000,28.000000,21.000000,21.000000,23.000000,21.000000,22.000000,21.000000,21.000000,22.000000,25.000000,25.000000,51.000000,35.000000,33.000000,34.000000,39.000000,34.000000,34.000000,34.000000,34.000000,34.000000,34.000000,35.000000,34.000000,34.000000,39.000000,36.000000,55.000000,48.000000,50.000000,48.000000,48.000000,48.000000,48.000000,48.000000,48.000000,48.000000,48.000000,49.000000,48.000000,48.000000,48.000000,52.000000,31.000000,34.000000,33.000000,31.000000,31.000000,42.000000,38.000000,31.000000,35.000000,39.000000,35.000000,31.000000,31.000000,31.000000,31.000000,31.000000,37.000000,39.000000,37.000000,37.000000,37.000000,37.000000,37.000000,37.000000,37.000000,38.000000,37.000000,37.000000,37.000000,37.000000,37.000000,37.000000,39.000000,39.000000,39.000000,46.000000,39.000000,39.000000,39.000000,41.000000,39.000000,39.000000,39.000000,39.000000,39.000000,39.000000,39.000000,42.000000,44.000000,44.000000,44.000000,48.000000,65.000000,44.000000,54.000000,50.000000,44.000000,44.000000,45.000000,55.000000,44.000000,44.000000,52.000000,44.000000,39.000000,41.000000,40.000000,41.000000,39.000000,39.000000,0.000000,22.000000,40.000000,40.000000,41.000000,5.000000,41.000000,34.000000,42.000000,41.000000,35.000000,35.000000,37.000000,55.000000,35.000000,36.000000,35.000000,39.000000,35.000000,41.000000,36.000000,35.000000,35.000000,35.000000,0.000000,40.000000,34.000000,35.000000,41.000000,34.000000,33.000000,33.000000,33.000000,32.000000,33.000000,33.000000,34.000000,46.000000,36.000000,33.000000,45.000000,40.000000
    Burst Duration - Avg (sec),0.401635,0.375117,0.321237,0.353179,0.587265,1.143146,0.959662,0.256166,0.825917,0.386133,0.159107,0.208386,0.014640,0.328508,0.421577,0.127936,0.415652,0.512123,0.645688, ,0.302688,0.464627,0.469054,0.238472,0.364138,0.423653,0.532770,0.468523,0.055430,0.302587,0.299195,0.415560, , ,0.328376,0.619059, ,0.025300, , , , ,0.833770, , ,0.017840,0.012760, ,0.502620,0.409094,0.303346,0.447307,0.473702,0.447965,0.369969,0.371135,0.457211,0.463913,0.379912,0.334406,0.458450,0.486978,0.465431,0.352781,0.341623,0.436383,0.260521,0.383722,0.061605,0.439374,0.511948,0.296274,0.461132,0.358502,0.514852,0.377131,0.118604,0.518751,0.503049, ,0.372279,0.301044,0.390874,0.383737,0.442701,0.438523,0.383573,0.261440,0.443332,0.396413,0.369393,0.488205,0.041040,0.338111,0.315435,0.358198,0.347160,0.356019,0.365278,0.511432,0.429913,0.487147,0.357562,0.268949,0.424040,0.476457, ,0.499322,0.053740,0.519592,0.390932,0.437389,0.446511,0.463082,0.476971,0.399108,0.509371,0.366032,0.411892,0.462087,0.566762,0.515185,0.500731,0.492733,0.039911,0.379145,0.447008,0.487429,0.433317,0.146765,0.332205,0.231377,0.341989,0.087801,0.328581,0.087608,0.402503,0.518631,0.293691,0.114181,0.099140,0.526409,0.307188,0.727081,0.251750,0.400420,0.195027,0.460216,0.079880,0.194952,0.394419,0.257263,0.268322,0.050459,0.250786,0.240710,0.250443,0.243248,0.715719,0.232915,0.444670,0.127460,0.501255,0.320915,1.014318,0.934364,1.161259,0.700446,0.776207,0.981772,0.171347,0.101174,0.233797,0.306860,0.169916,0.557975,0.112929,0.817013,0.249720,0.351513,0.211241,0.329546,0.223115,0.348954,0.142742,0.154683,0.165687,0.245652,0.105392,0.416559,0.285366,0.262860,0.161111,0.129469,0.195032,0.110208,0.151794,0.091075,0.109679,0.411182,0.157393,0.200889,0.340672,0.117029,0.085032,0.234015,0.108709,0.135131,0.561227,0.245112,0.371922,0.149242,0.406083,0.389098,0.620589,0.456785,0.122937, ,0.097345,0.321797,0.090039,0.136117,0.199155,0.116209,0.722146,0.555220,0.208004,0.160735,0.188560,0.579939,0.412086,0.572199,0.182498,0.530150,0.384425,0.662285,0.162424,0.110408,0.254965,0.392720,0.414794,0.252766,0.781766,1.004906,0.363284,0.505784,0.468224,0.453721,0.374292,0.580710,0.279203,0.342805,0.358837,0.234550,0.405171,0.363965,0.294585,0.187058,0.238064,0.210890,0.258785,0.150266,0.168795,0.206370,0.247840,0.237317,0.262955,0.151799,0.146003,0.141977,0.133644,0.345253,0.154518,0.296716,0.231901,0.213873,0.339394,0.350582,0.707515,0.176772,0.303449,0.508088,0.276236,0.302187,0.173578,0.271420,0.235607,0.249280,0.227344,0.546280,0.282667,0.517010,0.321488,0.438000,0.451211,0.297270,0.317488, ,0.537270,0.517816,0.337543,0.458011,0.159750,0.392549,0.413464,0.201790,0.106276,0.085908,0.092052,0.260290,0.160632,0.110772,0.229020,0.160800,0.231345,0.122652,0.069800,0.186920,0.559311,0.159472,1.882738,0.629540,0.234332,0.256357,0.567716,0.774418,0.246993,0.765573,1.123844,0.549902,0.293580,0.781640,2.345173,0.320745,0.901556,3.210407,0.099227,0.195351,0.309507,0.075779,0.141699,0.110207,0.148703,0.104680,0.072298,0.189469,0.074575,0.075876,0.047590,0.185185,0.272999,0.201529,0.245046,0.294085,0.221323,0.175297,0.225177,0.177754,0.269771,0.169691,1.226451,0.540227,0.341149,0.455720,0.141200,0.257234,0.277171,0.490278,0.478548,0.393872,0.411905,0.118653,0.106566,1.009530,0.579729,0.828146,0.226664,0.044825,0.162500,0.593895,0.049395,0.123169,0.165795,0.120185,0.391262,0.346199,0.157863,0.153553,0.501770,0.304060,0.412915,0.432112,0.704494,0.289903,0.368465,0.204648,0.210880,0.377719,0.611498,0.375197,0.268229,0.770029,0.327846,0.393183,0.271220,0.408939,0.270425,0.528373,0.331272,0.282855,0.286914,0.552625,0.165467,0.253957,0.233313,0.221920,0.487617,0.264624,0.167908,1.432449,0.145872,0.380382,0.191096,0.217336,0.223543,0.335080,0.467653,1.099285,0.619970,0.400750,0.190531,0.219992,0.242299,0.234645,0.347810,1.096573,0.078618,0.283763,0.332144,0.549400,0.235573,0.140549,1.135322,0.185880,0.637191,0.245440,0.285402,0.363024,0.156331,0.111776,0.194928,0.270635,0.090309,0.316805,0.194312,0.261484,0.093756,0.244645,0.203333,0.261582,0.048650,0.143920,0.491059,1.569109,0.137830,0.310524,0.385074,0.511040,0.101326,0.252410,0.360937,1.324900,0.173210,0.133360,0.563502,1.820480,0.411630,0.520950,0.220653,1.654693,0.105246,0.404709,0.160682,0.247611,0.237124,0.771190,0.245882,0.106019,0.717284,0.296701,0.249928,0.185800,0.117262,0.247531,0.211219,0.115436,0.947551,0.251923,0.187343,0.205562,0.119263,0.190205,1.535168,0.296756,0.163180,0.398773,0.280438,0.172937,0.103560,0.130447,1.510408,0.708123,0.080397,0.079212,0.096174,0.119233,0.240519,0.092706,0.112560,0.119497,0.074772,0.075096,0.100402,0.119155,0.051135,0.077949,0.251462,0.067782,0.223689,0.175133,0.136593,0.184489,0.151289,0.113840,0.155266,1.667167,0.094565,0.124155,0.108913,0.155539,0.088711,0.125501,0.099365,0.142764,0.164422,0.229548,0.194301,0.377209,0.224086,0.226290,0.175608,0.217879,0.161517,0.212447,0.105843,0.129244,0.118935,0.166221,0.190094,0.138872,0.147483,0.223237,0.155118,0.330657,0.126560,0.125089,0.271988,0.287896,0.440409,0.237225,0.523396,0.193617,0.123760,0.183577,0.121188,0.429219,0.197550,0.117400,0.183547,0.163238,0.123175,0.199031,0.093445,0.100630,0.212853,0.165995,0.154795,0.129656,0.083115,0.164687,0.174969,0.157320,0.223475,0.107360,0.177160,0.377218,0.148548,0.134828,0.117324,0.118988,0.207837,0.187544,0.197990,0.104868,1.376847,0.074868,0.395727,0.323050,0.435341,0.227046,0.227578,0.192198,0.159425,0.301649,0.251836,0.138930,0.314539,0.249768,0.173280,0.142442,0.067783,0.266269,0.340499,0.195037,0.852030,0.223344,0.239234,0.149207,0.272712,0.203169,0.148014,0.301499,0.132769,0.143151,0.199605,0.269941,0.088944,0.123475,0.307432,0.183124,0.242406,0.246230,0.213586,0.121518,0.071143,0.162373,0.105083,0.102222,0.125718,0.138768,0.197363,0.238096,0.074653,0.160868,0.102813,0.236806,0.142212,0.393765,0.247833,0.129329,0.123213,0.331960,0.303897,0.189200,0.274434,0.326117,0.228987,0.145868,0.062157,0.141757,0.109203,0.345760,0.352508,0.297965,0.219101,0.183725,0.211397,0.155628,0.166752,0.194428,0.224223,0.359000,0.225790,0.128084,0.080028,0.210205,0.155764,0.157496,0.227208,0.156855,0.180782,0.332737,0.136732,0.122507,0.162581,0.195481,0.117364,0.213354,0.097221,0.131971,0.091553,0.170663,0.134250,0.359352,0.271120,0.251798,0.144709,0.128300,0.314656,0.267627,0.238129,0.233152,0.147938,0.082505,0.153086,0.253283,0.081249,0.153620,0.255154,0.126089,0.147372,0.151448,0.116372,0.136371,0.145413,0.262714, ,0.045189,0.236430,0.243380,0.132515,0.023728,0.115323,0.055318,0.195655,0.143516,0.150229,0.269618,0.181989,0.303021,0.175607,0.260433,0.250773,0.246751,0.142505,0.319042,0.217956,0.223344,0.093509,0.264025, ,0.298660,0.241228,0.243255,0.479058,0.183555,0.159542,0.188065,0.121697,0.224433,0.247144,0.198887,0.190184,0.177558,0.159076,0.134422,0.258885,0.217460
    Burst Duration - Std (sec),0.165428,0.124692,0.125281,0.189548,0.273049,0.310129,0.304634,0.171650,0.271672,0.116020,0.147793,0.081397,0.004517,0.276022,0.256383,0.060232,0.067611,0.127920,0.192347, ,0.106573,0.099927,0.152160,0.083633,0.119704,0.139940,0.109438,0.096957,0.069324,0.084694,0.129290,0.091779, , ,0.090737,0.132757, ,0.007942, , , , ,0.109291, , , ,0.001301, ,0.155291,0.168627,0.075312,0.105686,0.125557,0.166335,0.138988,0.099653,0.135399,0.166569,0.112611,0.113895,0.743459,0.173102,0.152949,0.107575,0.138055,0.172487,0.111540,0.152764,0.041201,0.182233,0.168549,0.156644,0.130795,0.108839,0.187295,0.170761,0.061158,0.145786,0.197608, ,0.151199,0.096423,0.109478,0.115616,0.142328,0.157610,0.115987,0.128310,0.163413,0.120847,0.079676,0.092935,0.045821,0.079067,0.140479,0.101266,0.097161,0.101531,0.096943,0.121097,0.120966,0.121363,0.123926,0.074243,0.096888,0.123783, ,0.115003,0.047232,0.110234,0.094601,0.148279,0.124318,0.126243,0.133820,0.130999,0.117506,0.096138,0.227029,0.108730,0.293578,0.140218,0.132437,0.157130,0.037525,0.115845,0.129707,0.151070,0.328210,0.273547,0.465766,0.103946,0.249177,0.017025,0.287879,0.024294,0.242204,0.510357,0.236076,0.051653,0.174193,0.641237,0.336848,0.345050,0.100700,0.331657,0.836344,0.455280,0.013112,0.079447,0.193948,0.115340,0.171776,0.014322,0.078071,0.100760,0.386055,0.234165,0.697871,0.143719,0.382751,0.051289,0.407539,0.298283,0.379805,0.747140,0.554366,0.430254,0.413301,0.700602,0.059210,0.028687,0.431510,0.256411,0.048755,0.500599,0.017232,0.910326,0.386339,0.355857,0.257161,0.272425,0.140143,0.427095,0.024246,0.063697,0.187629,0.156273,0.020864,0.239855,0.251983,0.249827,0.153038,0.025592,0.136749,0.023377,0.031342,0.018752,0.025964,0.430905,0.113890,0.128644,0.440496,0.030357,0.153227,0.062354,0.022194,0.027521,0.524272,0.341835,0.455377,0.088923,0.427150,0.271300,0.730636,0.671218,0.095997, ,0.029024,0.366860,0.022278,0.035068,0.245620,0.062596,0.618314,0.449237,0.234341,0.206411,0.400792,0.520818,0.284872,0.563461,0.054645,0.614588,0.475438,0.554411,0.239004,0.027374,0.067019,0.503311,0.176133,0.086176,0.450001,0.676882,0.210131,0.379344,0.268978,0.364310,0.194551,0.365775,0.130052,0.162522,0.369596,0.114628,0.387209,0.188672,0.247038,0.073681,0.259710,0.120863,0.190094,0.027799,0.322454,0.130527,0.185810,0.274799,0.393359,0.046767,0.348004,0.035879,0.020474,0.454864,0.216968,0.498763,0.348995,0.245176,0.554026,0.427010,0.663107,0.213364,0.428766,0.651100,0.460028,0.442077,0.336200,0.408668,0.362922,0.239978,0.120855,0.414830,0.084572,0.204933,0.077025,0.609159,0.670174,0.043447,0.069927, ,0.180348,0.126885,0.616030,0.662220,0.012931,0.227044,0.666041,0.106343,0.039532,0.018823,0.019929,0.127045,0.048568,0.034959,0.128413,0.046088,0.158786,0.026865,0.030908,0.057746,0.590620,0.040975,1.339267,0.760234,0.033558,0.038319,0.706017,0.772343,0.368558,0.774037,0.899077,0.990768,0.418757,0.742469,1.191842,0.402881,0.838489,3.816128,0.019426,0.180394,0.234961,0.013480,0.095455,0.054217,0.077660,0.023518,0.011717,0.112516,0.011918,0.016880,0.013290,0.060544,0.156697,0.141688,0.067695,0.237250,0.073810,0.034923,0.091421,0.036675,0.100639,0.026261,0.653860,0.878736,0.092588,0.441408,0.026183,0.128986,0.106001,0.361317,0.526856,0.344700,0.401844,0.048136,0.035958,0.744687,0.444794,0.369627,0.341987,0.018182,0.121279,0.510876,0.020671,0.042818,0.067674,0.051392,0.406543,0.405885,0.048414,0.035708,0.632171,0.302163,0.411665,0.572247,0.810545,0.368784,0.407598,0.171798,0.363008,0.407092,0.703742,0.367287,0.317430,0.629318,0.298125,0.339128,0.290278,0.464912,0.269808,0.521434,0.342113,0.329588,0.311359,0.759016,0.235055,0.237579,0.271718,0.318672,0.408257,0.077358,0.060382,0.866165,0.013659,0.641405,0.034160,0.069983,0.134224,0.219704,0.726365,1.238299,0.917246,0.230324,0.047888,0.032745,0.087641,0.102296,0.479865,1.038039,0.082455,0.218691,0.223511,0.694174,0.128132,0.055585,0.873109,0.093864,0.849904,0.229100,0.252918,0.506895,0.066610,0.032909,0.130382,0.183807,0.021965,0.314992,0.123230,0.127880,0.031114,0.100121,0.060024,0.224984,0.023114,0.026313,0.660352,1.030098,0.048408,0.335137,0.753830,0.738478,0.018677,0.199419,0.769910,1.194508,0.025163,0.026132,0.665429,1.625993,0.697157,0.834846,0.088820,3.573264,0.025223,0.098714,0.042103,0.053553,0.064112,0.168840,0.103247,0.020847,0.274997,0.087053,0.093263,0.112569,0.145960,0.078487,0.075439,0.022214,1.022656,0.045539,0.055122,0.109810,0.018646,0.244772,1.427825,0.436905,0.178522,0.169721,0.268107,0.065447,0.015117,0.067497,1.377228,0.683385,0.016591,0.028400,0.024686,0.028755,0.535267,0.026927,0.021073,0.040715,0.021235,0.018259,0.027822,0.042206,0.026300,0.019296,0.486399,0.024102,0.341835,0.101800,0.034399,0.116366,0.028119,0.030794,0.091572,0.588568,0.018853,0.022525,0.029760,0.091226,0.023296,0.023061,0.021742,0.038149,0.090159,0.110840,0.095165,0.702948,0.091474,0.083688,0.074048,0.134525,0.083984,0.085168,0.056810,0.067457,0.032821,0.101022,0.125504,0.069684,0.051722,0.096168,0.127598,0.290554,0.028019,0.016870,0.225622,0.128125,0.317363,0.060789,0.460743,0.054463,0.026304,0.045716,0.019821,0.387024,0.029775,0.026922,0.034096,0.027060,0.023507,0.043605,0.019512,0.018033,0.053286,0.023486,0.034982,0.020797,0.029689,0.046132,0.070762,0.025908,0.097084,0.029208,0.038014,0.266552,0.078419,0.037147,0.021311,0.033177,0.132379,0.143110,0.131371,0.021325,0.893267,0.023030,0.305255,0.101463,0.168020,0.068561,0.062156,0.090232,0.045253,0.239272,0.048425,0.048771,0.107227,0.086718,0.115626,0.029658,0.010688,0.144163,0.183354,0.099096,0.907469,0.307430,0.214308,0.060234,0.173502,0.049048,0.031924,0.224961,0.014070,0.026556,0.126418,0.249805,0.015668,0.026162,0.297447,0.075218,0.128054,0.018424,0.280461,0.042316,0.015067,0.027206,0.018030,0.010321,0.063795,0.054804,0.081468,0.131493,0.017277,0.039457,0.010435,0.135779,0.019234,0.343083,0.187482,0.018540,0.020554,0.205230,0.215839,0.076265,0.234931,0.248095,0.084126,0.026181,0.019094,0.021981,0.022621,0.071631,0.103783,0.115876,0.139615,0.076542,0.082492,0.029292,0.047584,0.088247,0.069522,0.783405,0.059083,0.039315,0.011811,0.091351,0.046835,0.051592,0.099172,0.028786,0.053555,0.217233,0.019637,0.014450,0.059346,0.077585,0.027732,0.107447,0.026614,0.022769,0.013463,0.065037,0.042187,0.058324,0.125871,0.195761,0.080165,0.044137,0.304388,0.113026,0.225304,0.220419,0.060652,0.010579,0.104919,0.161709,0.021257,0.079811,0.122301,0.075543,0.209630,0.019003,0.155330,0.072142,0.207119,0.261645, ,0.029337,0.189134,0.177115,0.027921,0.018846,0.048010,0.024138,0.088510,0.062902,0.040622,0.082719,0.061641,0.141337,0.068621,0.175833,0.086910,0.123404,0.047615,0.206358,0.069584,0.084284,0.012009,0.103253, ,0.157252,0.138690,0.170319,0.388133,0.168875,0.089229,0.075719,0.094369,0.292668,0.140855,0.089383,0.158582,0.171287,0.150058,0.063225,0.226711,0.153774
    Number of Spikes per Burst - Avg,48.480000,28.703125,22.663043,30.954545,41.028571,40.217391,92.753968,30.653226,39.736264,27.707965,10.133333,24.800000,4.750000,29.887850,60.328467,22.176056,83.604444,120.827586,116.608491, ,58.830357,110.339286,108.469027,33.208531,62.879464,72.480000,135.548246,102.357143,6.125000,39.626316,44.966019,81.040179, , ,38.000000,48.521127, ,6.500000, , , , ,27.625000, , ,5.000000,5.000000, ,126.510101,92.637931,61.819742,117.876068,114.898305,105.806723,67.075893,70.912664,116.954357,101.367713,72.846154,52.140449,10.500000,93.431111,113.324444,55.538117,48.032967,98.574468,37.059459,76.000000,7.696970,100.978261,115.602094,35.420690,83.164021,73.216931,110.195652,78.895604,10.098039,127.236264,112.800000, ,90.262009,63.305936,101.067568,94.923077,110.698745,103.511312,84.195455,45.245989,88.650000,95.278761,92.086364,135.468182,5.000000,73.995455,69.389140,79.603604,52.655914,65.531915,62.852761,86.143617,102.125654,96.042105,77.393617,48.388298,85.127660,137.848780, ,115.853403,6.416667,135.698413,87.707447,67.558511,97.083744,119.117647,103.405941,70.753695,113.846535,69.693069,74.697183,103.660099,59.595238,127.276382,132.242718,113.896040,5.777778,51.513089,85.237624,120.732673,46.394366,15.567568,39.227273,42.441860,64.977778,11.972973,41.052632,19.368421,51.057692,62.545455,39.204082,20.547619,7.928571,57.088889,46.673913,74.897436,57.987179,59.960000,26.173333,48.101124,17.324324,37.081081,62.610526,54.486842,49.641026,9.698630,36.000000,45.851351,13.463415,43.233766,49.516667,36.391892,61.514286,25.186441,65.492308,59.984848,121.705882,95.240741,99.780488,37.285714,83.194030,73.241379,24.741935,23.868852,10.428571,44.233766,39.677419,55.659091,28.021277,82.761905,29.690476,44.369565,22.377358,47.773333,47.830508,43.119048,41.702128,35.212766,35.020408,48.275862,23.276596,46.214815,39.403509,34.766667,34.459459,35.171053,44.454545,24.618421,36.103896,18.118421,21.684211,60.786885,37.720000,26.349206,45.227848,27.210526,9.360656,54.815789,24.578947,37.671053,59.930556,37.656716,49.119403,37.065574,50.679487,51.904110,41.752941,51.047619,27.610169, ,23.016949,33.767123,16.116667,35.355932,36.421875,27.566667,66.461538,68.222222,39.177778,35.387755,38.693878,47.190476,50.290323,34.714286,44.142857,65.121951,36.422535,71.529412,20.254902,26.416667,36.471338,42.603448,62.873016,43.796610,80.828125,75.219512,50.538462,60.761905,59.233333,33.455882,62.189655,79.393939,51.981481,38.566667,25.647887,38.947368,51.206349,59.781250,49.812500,43.781250,33.033333,50.064516,41.409091,37.193548,27.612903,39.781250,34.045455,45.100000,47.129032,32.741935,20.266667,40.612903,32.677419,37.212121,27.391304,43.450000,41.857143,43.909091,28.210526,45.200000,34.032258,34.620690,27.538462,44.000000,42.300000,42.523810,13.277778,37.650000,33.695652,48.818182,44.300000,59.000000,53.333333,59.875000,55.200000,51.857143,47.428571,75.250000,58.400000, ,83.250000,40.825806,23.857143,53.000000,47.250000,32.733333,37.000000,29.054054,19.750000,18.000000,25.600000,40.619048,31.800000,18.250000,34.700000,27.809524,39.727273,33.050000,9.650000,36.850000,36.864407,32.500000,66.153846,14.625000,49.153846,69.153846,29.000000,49.333333,43.083333,32.222222,53.150000,48.153846,45.500000,21.125000,74.333333,48.625000,90.777778,87.416667,29.181818,32.705882,42.722222,23.818182,29.000000,23.147059,29.351351,30.264706,20.393939,29.444444,17.424242,20.454545,10.375000,32.272727,34.545455,44.828571,50.428571,36.823529,48.000000,43.642857,39.428571,45.571429,56.357143,40.500000,101.214286,37.000000,53.357143,59.437500,28.428571,54.428571,58.357143,45.823529,26.846154,32.571429,43.062500,21.684211,23.850000,43.238095,44.000000,39.073684,29.481481,6.307692,25.722222,29.971429,9.108108,20.323529,29.783784,23.868421,60.870968,43.000000,37.531250,34.437500,71.062500,44.156250,76.600000,48.424242,50.739130,26.083333,63.093750,36.451613,11.523810,60.516129,65.320000,56.967742,41.533333,57.360000,48.769231,62.000000,56.333333,37.210526,51.230769,38.222222,40.473684,44.692308,41.857143,37.875000,22.416667,36.027027,49.333333,37.785714,51.857143,56.300000,45.384615,36.323529,36.400000,30.444444,44.600000,56.500000,36.952381,39.785714,61.222222,50.500000,35.625000,50.875000,22.000000,38.000000,51.666667,43.705882,37.937500,70.166667,12.812500,40.769231,38.250000,57.166667,29.904762,35.600000,83.523810,35.000000,14.555556,33.350000,35.263158,36.600000,35.133333,25.333333,25.250000,28.933333,19.266667,21.250000,34.238095,39.555556,22.842105,51.400000,28.866667,28.722222,5.250000,31.333333,38.294118,37.214286,37.500000,42.818182,32.428571,65.857143,23.000000,40.875000,11.571429,81.375000,45.625000,33.250000,38.333333,75.700000,25.625000,47.000000,25.848101,72.000000,24.238095,58.809524,39.000000,51.714286,48.904762,65.685950,45.739130,19.476190,57.977273,53.904762,48.857143,38.727273,20.136364,49.904762,42.142857,28.666667,49.043478,55.125000,47.625000,44.080000,35.333333,40.695652,63.942857,47.454545,41.541667,57.083333,41.680000,39.166667,26.458333,34.666667,92.631579,34.627907,13.038462,11.134615,14.788462,25.452830,23.350877,15.615385,17.596154,14.038462,13.115385,14.849057,18.230769,18.250000,8.384615,16.269231,39.038462,15.846154,37.222222,42.263158,32.529412,35.055556,33.764706,25.000000,37.117647,74.294118,22.529412,37.529412,28.058824,27.294118,18.470588,37.235294,19.000000,36.388889,39.586207,25.551724,53.206897,45.037037,53.000000,57.379310,46.068966,53.413793,22.034483,47.724138,20.344828,34.344828,26.137931,34.724138,43.689655,31.482759,28.769231,45.466667,34.147059,55.142857,20.615385,23.692308,52.076923,46.647059,53.176471,51.307692,48.777778,47.857143,19.000000,40.071429,26.538462,44.619048,42.375000,23.000000,43.000000,37.117647,32.562500,43.166667,20.437500,22.062500,47.166667,38.625000,36.250000,31.176471,14.000000,37.117647,38.555556,41.500000,43.391304,27.000000,38.250000,43.903226,28.700000,34.950000,31.650000,28.250000,25.064516,32.695652,32.680000,22.900000,26.585366,16.300000,33.104167,45.404762,39.587156,36.107143,43.590909,38.217391,40.952381,38.214286,47.761905,30.428571,42.913043,49.952381,33.636364,40.714286,15.238095,46.045455,52.320000,39.040000,49.843137,37.085714,47.060606,37.676471,48.897436,42.882353,33.352941,48.500000,38.852941,40.823529,41.852941,48.542857,22.647059,33.823529,42.615385,36.333333,43.436364,49.333333,28.360000,25.000000,14.020833,45.041667,25.666667,24.895833,14.520833,21.479167,49.666667,47.877551,12.291667,44.020833,26.333333,41.769231,39.354839,43.000000,35.848485,38.838710,27.935484,45.476190,42.000000,47.870968,38.257143,36.948718,45.000000,39.612903,8.806452,37.129032,19.741935,56.451613,60.378378,44.564103,26.810811,40.297297,42.081081,39.459459,31.945946,33.945946,43.432432,51.657895,54.054054,30.864865,19.000000,37.783784,33.459459,27.945946,51.435897,44.230769,35.000000,49.434783,37.769231,36.666667,34.461538,42.536585,31.974359,31.512821,20.769231,36.589744,23.307692,39.025641,34.205128,68.309524,33.136364,34.045455,22.613636,32.854167,34.169231,45.045455,36.870370,35.680000,30.159091,18.727273,25.688889,43.054545,15.090909,28.772727,43.307692,14.886364,17.076923,38.634146,19.750000,21.658537,17.205128,53.923077, ,5.681818,21.025000,32.300000,36.878049,4.200000,21.829268,7.676471,45.714286,35.000000,38.800000,56.257143,44.135135,49.654545,36.228571,45.055556,52.600000,45.000000,26.885714,51.073171,48.055556,42.542857,22.657143,47.171429, ,52.700000,47.117647,52.114286,53.829268,40.529412,38.939394,44.757576,26.333333,40.968750,45.303030,39.545455,36.764706,31.086957,18.805556,36.727273,45.955556,46.075000
    Number of Spikes per Burst - Std,16.816307,8.077732,6.262179,11.422966,13.225986,9.206068,26.465581,14.225275,9.708914,5.708204,3.916357,5.248687,0.462910,17.556554,32.343994,6.311421,14.311240,29.985213,36.482581, ,17.754120,22.686024,35.944419,10.474646,17.383532,22.654643,30.228678,23.434043,2.416461,8.520274,18.709429,19.323380, , ,6.888726,7.528724, ,0.577350, , , , ,1.995531, , , ,0.000000, ,47.766749,39.583961,14.749990,27.734440,34.219415,41.333628,27.229774,21.197924,39.552418,41.651052,24.925164,20.442767,5.781745,35.448478,42.882591,19.349957,18.444452,40.062782,12.523097,28.978982,1.771307,45.110182,43.005615,15.289189,24.081192,21.586553,44.637885,34.157663,2.586541,39.169898,45.535676, ,29.908947,17.635518,27.568261,26.258478,37.018977,37.603023,23.990732,17.747434,22.888458,29.896967,15.804074,26.624805,1.414214,11.942976,19.995515,16.899907,15.251403,18.155126,19.452771,17.317902,28.354799,22.803237,22.878062,13.895457,17.470056,37.933657, ,25.635902,1.564279,28.579844,17.072182,12.823432,25.977292,29.675351,27.657169,20.395312,29.830553,18.554340,32.834852,27.318578,26.683082,40.336576,41.361928,40.414938,1.092906,16.914914,25.139867,43.129538,13.725346,4.045165,17.081016,9.861668,27.124703,2.127681,19.894742,3.851437,14.725479,40.303854,9.251080,5.840157,2.176109,30.394992,18.997139,29.956807,8.850113,16.330572,7.725656,18.308620,2.041408,4.698460,23.164212,11.404670,9.736762,1.927037,5.004108,7.162846,6.049579,6.166326,13.664641,7.039648,22.926943,5.230793,31.694895,18.048220,44.140636,47.423398,43.613365,13.347332,39.294243,39.725068,4.180107,4.326182,4.856676,10.201775,7.890177,30.907923,2.400085,51.665816,13.069212,16.478078,5.485037,21.838209,16.991025,19.240712,4.143696,4.122769,4.506892,14.813215,2.482129,15.827138,13.725445,13.130850,8.659762,4.553060,9.876268,3.397910,4.775443,2.545412,2.664385,32.701740,7.189632,6.867101,19.976877,4.309109,3.103937,10.388084,2.593649,5.257092,33.754426,9.396247,15.673296,11.394251,22.591513,20.490624,12.676286,26.865512,6.672168, ,3.598331,5.966389,1.931818,4.559048,9.483159,5.244421,32.271746,37.594057,12.895187,6.948670,5.366579,27.006086,15.724932,16.939845,8.838835,33.462064,10.593343,34.337861,4.237184,3.836185,8.897758,8.713651,17.035534,9.900853,34.404021,37.350864,16.327772,15.360942,19.739289,11.287867,16.472685,38.530659,14.149459,8.728226,4.513784,10.137309,15.596897,18.867515,9.623350,6.563508,11.663333,11.624501,11.909188,4.053142,8.244907,9.373037,10.327103,15.614648,20.547087,3.346319,7.790061,5.181232,3.330536,19.863216,10.364884,29.870730,27.102188,28.038934,14.994736,24.368696,17.207525,24.388835,7.273133,27.229477,22.711231,29.109481,5.233439,23.104511,13.036434,26.337799,20.526676,21.307276,17.204651,10.656152,23.817827,16.935452,20.573909,9.161254,23.684031, ,13.977022,17.617564,8.571825,24.027762,4.652188,14.567413,5.204893,13.896334,2.244877,2.714484,2.962929,8.885247,4.796929,1.585294,5.582869,6.128777,6.811627,3.235901,2.796144,5.612721,20.119006,4.616903,34.031471,5.125218,5.241599,7.301212,11.651180,23.764469,17.296654,13.745706,40.280954,22.861343,22.088664,9.657529,83.811296,27.334654,39.739080,37.664689,2.888063,9.510853,14.480748,2.822394,6.010408,4.377161,8.073331,5.400947,2.691879,9.572116,2.562107,3.326888,1.809473,3.074824,6.856069,6.487480,6.559952,11.785772,12.558435,3.365141,5.639344,4.956958,10.514511,4.292211,37.689375,19.404779,7.088530,18.095925,1.785165,10.703804,4.413391,13.450071,6.846199,15.259107,20.227636,5.578258,10.052554,16.441209,20.224737,12.968244,14.720978,1.750458,10.549505,9.491438,3.314813,5.073524,9.390110,9.910876,37.046585,20.462509,6.535187,5.015701,49.075280,19.063746,47.684741,18.693298,35.031437,10.993740,47.421486,10.223629,4.707643,39.696239,43.318318,27.005535,33.344236,31.469403,33.154069,42.442722,36.410122,34.670799,38.096706,19.880690,34.921131,39.440640,35.033736,34.848003,12.003472,31.761688,31.620860,34.761116,21.929457,6.342975,19.302584,8.576644,3.657564,9.221051,4.115013,6.786424,27.266236,13.717920,25.917069,43.263534,18.023298,24.540782,18.590902,4.055175,19.356308,19.617482,22.848687,60.993008,10.358790,26.266797,14.534442,50.525765,16.747850,13.206059,40.257445,14.827902,7.828012,16.708885,17.832063,21.862558,6.653320,3.265986,11.238444,8.971914,2.120198,10.210684,17.773308,15.259413,9.196999,8.069342,3.961722,20.986541,1.035098,3.559026,6.131524,15.990143,4.566962,17.859553,15.873008,29.644722,4.898979,10.521237,5.912054,37.397240,5.343554,3.011881,21.696774,53.245866,11.450982,26.120599,14.592840,48.777044,2.321740,5.591235,3.346640,5.797783,5.281143,20.222114,11.128250,2.768015,24.862869,4.710677,7.377572,3.954284,2.493715,5.521818,6.358347,2.373464,27.914607,8.754192,8.422602,16.680627,5.418701,14.448765,25.260924,25.791706,16.029807,9.160011,20.119891,9.029742,2.812691,8.615793,53.381448,10.267896,2.274854,2.543957,2.468123,4.496007,14.327161,3.100625,2.553426,2.488889,2.705505,3.097122,3.000754,3.265236,2.170695,2.794360,24.700529,2.600035,18.813498,16.424379,5.455704,8.666855,5.226488,4.330127,8.350766,17.334087,3.793377,5.885551,5.141383,6.789373,3.299955,5.673727,2.783882,9.834746,11.626685,8.183547,21.842585,26.290509,16.748134,18.874423,13.101066,21.516634,6.247758,13.456004,4.692516,9.659473,5.488456,13.220375,23.085406,9.778331,4.456341,16.783779,27.032116,11.941248,2.534379,3.172397,12.776681,20.666825,23.476678,6.663140,19.651540,12.120276,3.055050,9.016773,3.356967,24.080025,4.287579,2.756810,12.732543,8.252896,2.827690,12.505293,2.279437,3.415040,14.849242,3.792537,3.193744,6.136319,2.422120,8.802573,12.020679,3.777124,15.352640,2.937955,4.327087,16.749835,3.062507,4.071402,2.621269,3.446967,9.003464,10.784816,11.141963,3.059068,10.641841,2.273416,15.489515,26.239106,7.312104,13.278608,8.522570,9.307653,4.030834,12.172699,3.590331,3.641036,10.444281,7.317624,2.936559,3.480558,2.447545,4.654514,13.897602,12.122568,13.063495,11.299067,13.822399,8.311075,8.567979,3.649531,3.356426,13.223601,2.965788,3.864921,8.517833,18.287480,2.072655,3.537424,17.667418,6.042705,12.619449,2.708013,3.646413,2.617454,2.310840,3.672545,2.830933,2.280720,2.584648,2.649686,6.839601,3.614973,2.031228,4.701695,1.588969,8.424091,3.352098,14.887457,7.115657,3.643229,3.182614,16.623871,12.262886,7.432998,7.796465,10.303164,10.417745,4.609247,1.922140,5.031514,2.932209,6.423077,6.705517,8.834129,8.238925,7.615280,7.428842,3.555861,4.320146,7.571679,5.315285,8.820358,6.514710,4.715001,2.054805,8.803835,3.228300,4.027309,6.707399,4.349601,4.279695,13.962891,2.465142,2.649065,5.345171,9.767542,3.182908,9.433624,2.559415,2.602812,2.178288,7.139538,4.958669,11.845526,5.547222,8.504321,4.041735,8.560149,21.768361,6.239240,13.300654,13.264099,3.147115,2.626906,6.037091,18.571601,4.119258,4.855415,14.609342,2.201647,4.949134,4.109477,3.712419,5.203892,5.620355,22.446878, ,1.249242,5.380342,8.990593,5.537125,0.447214,4.218426,1.821098,9.738748,9.096703,4.135926,7.051670,6.876539,23.858548,4.905493,7.931652,8.353231,11.745100,4.199240,15.432742,7.786231,7.175706,2.678266,6.853448, ,17.097308,13.451968,17.823929,17.018964,20.041223,13.896806,13.626790,9.639329,15.932285,12.647838,10.500271,15.680636,19.963106,5.024622,9.203507,35.474674,29.338334
    Mean ISI within Burst - Avg (sec),0.008378,0.013615,0.014722,0.011480,0.014201,0.029160,0.010400,0.008109,0.021031,0.014449,0.013963,0.008527,0.003844,0.009982,0.006956,0.006052,0.005068,0.004298,0.005639, ,0.005215,0.004254,0.004394,0.007470,0.005873,0.005967,0.003994,0.004664,0.008164,0.007817,0.006845,0.005258, , ,0.008753,0.012949, ,0.004535, , , , ,0.031273, , ,0.004460,0.003190, ,0.004183,0.004529,0.005034,0.003842,0.004219,0.004333,0.005729,0.005417,0.004028,0.004770,0.005431,0.006824,0.029576,0.005368,0.004258,0.006640,0.007291,0.004523,0.007215,0.005130,0.008410,0.004489,0.004603,0.008618,0.005675,0.005015,0.004839,0.004831,0.012460,0.004176,0.004551, ,0.004117,0.004833,0.003916,0.004076,0.004086,0.004313,0.004620,0.005837,0.004965,0.004247,0.004034,0.003641,0.008784,0.004599,0.004484,0.004507,0.006867,0.005576,0.006079,0.006040,0.004276,0.005150,0.004651,0.005789,0.005053,0.003526, ,0.004363,0.008606,0.003868,0.004488,0.006429,0.004666,0.003917,0.004661,0.005715,0.004580,0.005405,0.005487,0.004577,0.009522,0.004181,0.003913,0.004452,0.007426,0.007689,0.005366,0.004183,0.009306,0.008217,0.007344,0.005991,0.004887,0.008251,0.008687,0.005069,0.008746,0.007352,0.007624,0.006682,0.012182,0.007454,0.005570,0.009892,0.004618,0.006204,0.005099,0.009125,0.004928,0.005281,0.006497,0.004718,0.005510,0.005882,0.007057,0.005225,0.014023,0.005431,0.012671,0.006235,0.006905,0.005488,0.007039,0.005562,0.008397,0.009098,0.013193,0.016788,0.009277,0.013404,0.007404,0.004505,0.015338,0.007503,0.004480,0.008479,0.004181,0.008481,0.006447,0.007280,0.009538,0.007008,0.004848,0.006707,0.003490,0.004458,0.004734,0.005096,0.004709,0.008969,0.007083,0.008209,0.004439,0.003771,0.004367,0.004658,0.004353,0.005343,0.005287,0.005500,0.004106,0.007890,0.006210,0.004424,0.008354,0.004307,0.004596,0.003663,0.008144,0.006220,0.006737,0.004095,0.006781,0.007557,0.013045,0.007246,0.004283, ,0.004370,0.010271,0.005975,0.003926,0.004991,0.004367,0.010947,0.008475,0.004701,0.004545,0.004599,0.012589,0.008461,0.015497,0.004264,0.007455,0.011468,0.008984,0.007579,0.004340,0.007339,0.009280,0.007189,0.006185,0.009237,0.013254,0.007508,0.008360,0.008071,0.013163,0.006154,0.007639,0.005691,0.009482,0.014194,0.007082,0.007836,0.006654,0.006599,0.004777,0.006645,0.004131,0.006001,0.004135,0.005151,0.005162,0.008298,0.004764,0.004652,0.004730,0.005587,0.003554,0.004216,0.008492,0.005142,0.004956,0.004369,0.004429,0.008558,0.008228,0.022937,0.004793,0.009756,0.009874,0.004883,0.005587,0.009817,0.005306,0.005918,0.004567,0.005138,0.018411,0.008458,0.008561,0.009379,0.006923,0.007422,0.003996,0.009206, ,0.006441,0.013807,0.010485,0.006796,0.003473,0.017177,0.011030,0.008517,0.005609,0.005058,0.003743,0.006382,0.005161,0.006376,0.006559,0.006310,0.006707,0.003801,0.008002,0.005166,0.015084,0.005019,0.035710,0.035381,0.004888,0.003758,0.014871,0.012164,0.004700,0.018854,0.019376,0.010823,0.005346,0.029658,0.059175,0.007944,0.008161,0.041527,0.003507,0.005715,0.007002,0.003311,0.004760,0.004995,0.005377,0.003699,0.003749,0.006468,0.004565,0.003887,0.005106,0.005876,0.007658,0.004374,0.004925,0.011075,0.004862,0.004096,0.005760,0.003973,0.004749,0.004296,0.012567,0.010126,0.006470,0.011232,0.005160,0.004647,0.004752,0.015899,0.019312,0.010900,0.008037,0.005977,0.005432,0.021155,0.013658,0.020997,0.007266,0.008856,0.006793,0.023870,0.006334,0.006775,0.006045,0.006051,0.005301,0.007098,0.004353,0.004668,0.005634,0.005857,0.004573,0.007839,0.009768,0.008781,0.004801,0.005248,0.013971,0.005121,0.007215,0.005561,0.007338,0.013715,0.006626,0.006447,0.004418,0.013447,0.005618,0.012747,0.011102,0.005902,0.009164,0.020396,0.006273,0.007756,0.004224,0.005485,0.014694,0.004735,0.004276,0.045846,0.004143,0.009986,0.004372,0.003873,0.010409,0.012961,0.005865,0.029738,0.012109,0.013573,0.013741,0.005991,0.006779,0.006947,0.009585,0.015397,0.006546,0.010688,0.009987,0.009662,0.011803,0.005230,0.012994,0.008593,0.030658,0.011344,0.012106,0.015197,0.004436,0.004534,0.007765,0.008835,0.004932,0.015208,0.006526,0.007997,0.005033,0.004728,0.007232,0.011372,0.011707,0.004752,0.015314,0.041651,0.003745,0.006946,0.007834,0.006068,0.004668,0.005799,0.020868,0.013789,0.003882,0.004124,0.018140,0.025678,0.017762,0.011979,0.009599,0.011979,0.004506,0.006945,0.004203,0.004864,0.004907,0.012864,0.005940,0.005756,0.016569,0.005549,0.005091,0.005077,0.006154,0.004978,0.005014,0.004155,0.016464,0.004668,0.003990,0.004967,0.003479,0.004148,0.023109,0.005039,0.003621,0.006916,0.007053,0.004441,0.004070,0.003719,0.012497,0.021225,0.006792,0.008054,0.007083,0.004946,0.007372,0.006408,0.006811,0.009131,0.006237,0.005602,0.005808,0.006853,0.006965,0.005084,0.004847,0.004543,0.004858,0.004393,0.004323,0.007266,0.004640,0.004705,0.004103,0.021739,0.004410,0.003395,0.003992,0.005611,0.005060,0.003456,0.005509,0.004670,0.004095,0.009024,0.003670,0.005630,0.004238,0.004010,0.003815,0.003958,0.007432,0.004481,0.005346,0.003731,0.004721,0.004627,0.004219,0.004414,0.005212,0.006673,0.004944,0.007198,0.006448,0.005570,0.004875,0.010428,0.015860,0.004739,0.020382,0.004614,0.006917,0.005495,0.004754,0.017093,0.004778,0.005319,0.005392,0.004862,0.003883,0.005572,0.004808,0.004819,0.005407,0.004417,0.004361,0.004833,0.006280,0.004567,0.005321,0.003870,0.005670,0.004086,0.004751,0.010525,0.005265,0.003912,0.003815,0.004315,0.011767,0.006698,0.008624,0.004803,0.045790,0.004812,0.014259,0.009485,0.011537,0.008162,0.005513,0.006345,0.003950,0.011103,0.005361,0.004649,0.009142,0.004957,0.005588,0.003567,0.004826,0.005792,0.009087,0.007810,0.016372,0.006521,0.004835,0.003964,0.006393,0.004820,0.004555,0.006378,0.003506,0.003574,0.004580,0.005161,0.004095,0.003736,0.008685,0.005303,0.006221,0.005098,0.007647,0.005024,0.005498,0.003671,0.004245,0.004299,0.009014,0.006674,0.003958,0.005317,0.006728,0.003702,0.004055,0.006433,0.003706,0.008915,0.007912,0.003412,0.004600,0.008463,0.008557,0.003931,0.008961,0.010937,0.005466,0.003771,0.008067,0.003930,0.005846,0.006212,0.005845,0.007504,0.007847,0.004500,0.004980,0.004031,0.005338,0.005658,0.005189,0.005986,0.004195,0.004220,0.004462,0.005478,0.004725,0.005759,0.004385,0.003612,0.005256,0.007853,0.003709,0.003431,0.004737,0.004697,0.003762,0.006609,0.004874,0.003699,0.004115,0.004363,0.003962,0.005604,0.008092,0.006782,0.006679,0.004280,0.007760,0.005892,0.006711,0.006050,0.005009,0.004770,0.005777,0.005946,0.006121,0.005319,0.006399,0.009195,0.007887,0.004031,0.005650,0.006355,0.007631,0.004445, ,0.009237,0.011074,0.007277,0.003676,0.007015,0.005441,0.008583,0.004743,0.004105,0.003931,0.004801,0.004333,0.007220,0.004861,0.006024,0.004741,0.007074,0.005427,0.007242,0.004767,0.005240,0.004361,0.005570, ,0.006077,0.005153,0.004952,0.010881,0.004121,0.004058,0.004223,0.004412,0.004885,0.005390,0.005005,0.004948,0.005600,0.009204,0.003665,0.005879,0.005177
    Mean ISI within Burst - Std (sec),0.001257,0.002866,0.003829,0.003124,0.003560,0.004375,0.001278,0.002649,0.003633,0.003366,0.009920,0.001957,0.000884,0.003559,0.001169,0.002229,0.000522,0.000369,0.000552, ,0.000656,0.000300,0.000367,0.001492,0.000759,0.000869,0.000327,0.000447,0.006567,0.001301,0.001287,0.000658, , ,0.001030,0.001422, ,0.001011, , , , ,0.003032, , , ,0.000325, ,0.000632,0.000532,0.000737,0.000277,0.000381,0.000408,0.000846,0.000805,0.000408,0.000604,0.000813,0.001397,0.039188,0.000612,0.000504,0.001199,0.001121,0.000463,0.001882,0.000542,0.004385,0.000481,0.000617,0.002377,0.000740,0.000677,0.000585,0.000502,0.005590,0.000432,0.000463, ,0.000491,0.000613,0.000305,0.000346,0.000431,0.000404,0.000463,0.001045,0.000659,0.000464,0.000297,0.000190,0.008350,0.000486,0.000706,0.000456,0.001274,0.000818,0.000984,0.000964,0.000421,0.000652,0.000494,0.001047,0.000595,0.000321, ,0.000409,0.005611,0.000291,0.000443,0.001341,0.000509,0.000314,0.000389,0.000761,0.000465,0.000794,0.000940,0.000547,0.001618,0.000488,0.000446,0.000464,0.005468,0.001352,0.000651,0.000467,0.006130,0.009081,0.005797,0.003709,0.001384,0.002070,0.005157,0.002876,0.007351,0.005063,0.005837,0.005359,0.013930,0.006695,0.003223,0.003367,0.002874,0.003658,0.009296,0.007640,0.000791,0.001443,0.002537,0.001567,0.003498,0.001468,0.001447,0.001199,0.014358,0.003726,0.010350,0.002089,0.004905,0.002749,0.003407,0.005316,0.002632,0.006173,0.009606,0.008053,0.003535,0.008464,0.003085,0.001391,0.020993,0.006551,0.001396,0.003904,0.000506,0.009616,0.005270,0.004928,0.010979,0.003894,0.002161,0.004400,0.000293,0.001204,0.004917,0.002368,0.000608,0.003636,0.005219,0.008030,0.001665,0.000382,0.002647,0.000635,0.001046,0.000878,0.000974,0.002670,0.001100,0.004193,0.005490,0.000564,0.006260,0.000530,0.000681,0.000300,0.005959,0.006724,0.006590,0.002282,0.005122,0.004114,0.013925,0.007937,0.001651, ,0.000667,0.012289,0.001368,0.000624,0.004389,0.002564,0.011793,0.007490,0.002496,0.005598,0.007563,0.012238,0.005477,0.015491,0.001158,0.008849,0.011217,0.006686,0.008739,0.000811,0.001570,0.011520,0.004393,0.002723,0.003311,0.006041,0.003898,0.005567,0.004264,0.007777,0.003002,0.003761,0.002619,0.005080,0.013841,0.005814,0.006516,0.004200,0.008920,0.004378,0.002475,0.000932,0.002841,0.000501,0.004214,0.002325,0.006408,0.001963,0.002994,0.001067,0.005352,0.000528,0.000436,0.007773,0.003037,0.003082,0.002269,0.001770,0.007996,0.011030,0.023043,0.002547,0.012223,0.012617,0.003505,0.003217,0.012521,0.003755,0.007048,0.001364,0.000921,0.027864,0.011333,0.001718,0.009787,0.006085,0.006083,0.000176,0.010960, ,0.001337,0.002830,0.013614,0.005180,0.000323,0.013231,0.017132,0.004853,0.001778,0.000792,0.000716,0.002175,0.001028,0.001806,0.002944,0.002446,0.006822,0.000568,0.002116,0.001179,0.009489,0.000569,0.031269,0.036516,0.000713,0.000371,0.014916,0.009333,0.003279,0.015736,0.011242,0.020430,0.002903,0.022290,0.049657,0.006224,0.005847,0.051273,0.000440,0.003676,0.004188,0.000296,0.002032,0.002228,0.003174,0.001321,0.000522,0.002814,0.000552,0.000467,0.001151,0.001658,0.003042,0.001905,0.001094,0.014363,0.001140,0.000666,0.001656,0.000603,0.000915,0.000486,0.006723,0.010053,0.001100,0.017639,0.000990,0.001170,0.001476,0.020459,0.020942,0.007923,0.004895,0.002266,0.002523,0.012696,0.012118,0.008452,0.005226,0.003854,0.003899,0.021522,0.002025,0.003011,0.002268,0.003511,0.002263,0.002886,0.001346,0.001334,0.004181,0.003153,0.001573,0.009470,0.006636,0.007051,0.001636,0.002414,0.016432,0.002244,0.003787,0.002709,0.009412,0.009301,0.001724,0.003299,0.000955,0.014339,0.003225,0.011057,0.010772,0.002131,0.011371,0.033293,0.002978,0.003133,0.001048,0.002233,0.018307,0.001090,0.001726,0.027736,0.000405,0.011131,0.000639,0.000922,0.009418,0.014112,0.004993,0.031018,0.013161,0.013672,0.005656,0.000979,0.007373,0.004947,0.006256,0.009120,0.003072,0.011634,0.006835,0.005368,0.008775,0.004140,0.008471,0.010823,0.033773,0.013159,0.014444,0.021682,0.000991,0.000817,0.003600,0.004132,0.000899,0.010338,0.003883,0.005447,0.003214,0.001036,0.001716,0.010606,0.005198,0.000697,0.024963,0.026109,0.001042,0.005504,0.010334,0.004738,0.000651,0.002649,0.033129,0.008763,0.000326,0.000604,0.018759,0.015356,0.025935,0.015577,0.002156,0.019922,0.000819,0.001383,0.000848,0.000841,0.001031,0.003747,0.003470,0.000846,0.010565,0.001271,0.001179,0.003894,0.007673,0.001119,0.001044,0.000580,0.017512,0.000632,0.000832,0.003290,0.000233,0.001930,0.021560,0.002789,0.001113,0.002071,0.006568,0.000653,0.000417,0.000817,0.009128,0.019246,0.001395,0.003199,0.001949,0.001250,0.005822,0.001720,0.001019,0.002432,0.001413,0.001993,0.001211,0.001556,0.002716,0.000761,0.003134,0.001226,0.003181,0.001669,0.000698,0.012033,0.000621,0.000535,0.001064,0.006639,0.000549,0.000260,0.000510,0.001881,0.000676,0.000246,0.000628,0.003947,0.000943,0.003123,0.000498,0.005532,0.000573,0.000432,0.000570,0.000724,0.002329,0.000767,0.001636,0.000979,0.000660,0.001076,0.000747,0.000795,0.001225,0.009005,0.000972,0.010293,0.001000,0.000827,0.002188,0.012047,0.021864,0.001173,0.027669,0.002730,0.001305,0.004528,0.000511,0.022299,0.000590,0.000878,0.003932,0.001920,0.000484,0.003626,0.000804,0.000784,0.002970,0.000548,0.000641,0.003114,0.001533,0.000488,0.002835,0.000398,0.002280,0.000741,0.000811,0.008468,0.002339,0.000614,0.000488,0.000806,0.010639,0.005645,0.009358,0.000792,0.025726,0.000907,0.008848,0.004754,0.004197,0.005781,0.001589,0.007010,0.000818,0.011954,0.000831,0.001151,0.008281,0.001120,0.005120,0.000514,0.000812,0.002863,0.010292,0.009792,0.017236,0.010244,0.001565,0.000635,0.005596,0.000913,0.000772,0.004640,0.000232,0.000380,0.001810,0.001944,0.000475,0.000398,0.010123,0.002592,0.004342,0.000326,0.010247,0.001401,0.000967,0.000363,0.000395,0.000451,0.003532,0.002195,0.000962,0.004710,0.001718,0.000552,0.000282,0.005841,0.000354,0.007060,0.009014,0.000284,0.000734,0.006163,0.007971,0.001001,0.010836,0.010708,0.002588,0.000452,0.002395,0.000353,0.000941,0.000928,0.001236,0.006085,0.002664,0.001095,0.001250,0.000563,0.001044,0.001449,0.001012,0.008705,0.000635,0.000786,0.000586,0.001396,0.000967,0.001311,0.001275,0.000427,0.001139,0.007503,0.000390,0.000265,0.001108,0.001316,0.000588,0.001703,0.000944,0.000518,0.000546,0.000988,0.000718,0.002004,0.002964,0.003710,0.003381,0.001972,0.003887,0.001725,0.006251,0.003162,0.001668,0.001140,0.002515,0.002146,0.002136,0.001839,0.003605,0.005569,0.005352,0.000368,0.003822,0.002103,0.004919,0.001628, ,0.004652,0.004190,0.002309,0.000330,0.004597,0.000944,0.004123,0.004675,0.000576,0.000740,0.001050,0.002003,0.003387,0.001194,0.005175,0.000994,0.007869,0.001303,0.006656,0.002281,0.001341,0.000659,0.001528, ,0.004781,0.002758,0.004257,0.012511,0.001479,0.000658,0.000725,0.001276,0.002485,0.002375,0.001289,0.001736,0.002345,0.009782,0.000750,0.002602,0.002624
    Median ISI within Burst - Avg (sec),0.005918,0.010371,0.011686,0.007843,0.010206,0.025396,0.009193,0.005049,0.013048,0.010650,0.009413,0.005135,0.003560,0.007332,0.004798,0.003889,0.004268,0.003461,0.004585, ,0.003853,0.003440,0.003567,0.004784,0.004037,0.004391,0.003372,0.003759,0.004615,0.006203,0.004442,0.004076, , ,0.006429,0.010966, ,0.003790, , , , ,0.028125, , ,0.004440,0.003080, ,0.003542,0.003623,0.003860,0.003235,0.003459,0.003506,0.004207,0.004115,0.003431,0.003763,0.004150,0.005051,0.014405,0.004114,0.003563,0.004668,0.005529,0.003591,0.004607,0.003834,0.005598,0.003601,0.003624,0.006046,0.004341,0.003706,0.003746,0.003669,0.008371,0.003434,0.003594, ,0.003361,0.003723,0.003292,0.003268,0.003367,0.003432,0.003560,0.004179,0.003578,0.003431,0.003235,0.003146,0.003960,0.003443,0.003379,0.003468,0.004978,0.004076,0.004425,0.004579,0.003422,0.003932,0.003496,0.004149,0.003810,0.003077, ,0.003462,0.006420,0.003181,0.003434,0.004634,0.003588,0.003231,0.003595,0.004211,0.003760,0.003983,0.004263,0.003678,0.007287,0.003415,0.003350,0.003555,0.004711,0.005569,0.004063,0.003442,0.007835,0.004755,0.004817,0.004345,0.003361,0.006141,0.005993,0.003762,0.005627,0.005113,0.005052,0.005044,0.007231,0.004869,0.003539,0.006404,0.003471,0.003951,0.004105,0.007321,0.003588,0.003400,0.004239,0.003286,0.004000,0.004168,0.004449,0.003394,0.009743,0.003950,0.013562,0.004143,0.004655,0.004116,0.005197,0.004710,0.005164,0.007045,0.009568,0.004930,0.008195,0.010801,0.005517,0.003470,0.005026,0.005657,0.003312,0.003935,0.003395,0.006270,0.003451,0.003963,0.006097,0.003434,0.003519,0.003334,0.002927,0.003147,0.004007,0.003492,0.003763,0.007695,0.004044,0.004946,0.003223,0.003135,0.003438,0.003558,0.003198,0.004047,0.003779,0.003085,0.003177,0.005251,0.004903,0.003512,0.005030,0.003269,0.003454,0.003071,0.006244,0.005280,0.005330,0.003368,0.005736,0.005620,0.012553,0.006245,0.003203, ,0.003292,0.008500,0.004395,0.002998,0.004036,0.003257,0.007792,0.006982,0.003159,0.003928,0.004046,0.008695,0.006311,0.011083,0.003136,0.005331,0.009862,0.005291,0.006433,0.003233,0.005868,0.007397,0.004858,0.004353,0.006004,0.009200,0.004544,0.005633,0.004931,0.005231,0.004205,0.004895,0.004027,0.006296,0.011932,0.005328,0.006426,0.004361,0.004785,0.003709,0.003601,0.003079,0.004343,0.003037,0.004271,0.003500,0.007089,0.003048,0.003582,0.003235,0.003752,0.002929,0.003117,0.005061,0.003353,0.003044,0.003036,0.003080,0.003676,0.006808,0.019387,0.003102,0.007311,0.004526,0.003096,0.003497,0.004473,0.003246,0.003501,0.003353,0.003328,0.013548,0.005867,0.003665,0.007948,0.003074,0.003171,0.002975,0.005836, ,0.003070,0.010072,0.004354,0.003189,0.002955,0.014613,0.009551,0.005590,0.003228,0.003574,0.002978,0.003364,0.003262,0.003830,0.003404,0.003880,0.004620,0.002994,0.005388,0.003094,0.010363,0.003334,0.018083,0.006630,0.003409,0.002948,0.004049,0.003320,0.003070,0.004404,0.005350,0.008615,0.003337,0.005605,0.033840,0.006692,0.002978,0.034290,0.002961,0.003181,0.004058,0.002907,0.003112,0.003221,0.003523,0.003135,0.002979,0.003217,0.003330,0.002995,0.003975,0.003091,0.003326,0.003350,0.002997,0.006835,0.003347,0.002983,0.003397,0.002931,0.003091,0.003106,0.006517,0.003833,0.003560,0.009480,0.003560,0.003011,0.002914,0.012188,0.015476,0.007293,0.006665,0.004069,0.003979,0.020149,0.009603,0.016569,0.004967,0.007357,0.004599,0.019597,0.005301,0.004379,0.003890,0.004543,0.003712,0.004532,0.003352,0.003377,0.003689,0.003659,0.003109,0.005307,0.004605,0.003973,0.003246,0.003493,0.005286,0.003298,0.003640,0.003559,0.003283,0.011030,0.004074,0.003734,0.002953,0.004305,0.003452,0.007422,0.008307,0.003637,0.006854,0.017045,0.003897,0.004630,0.003027,0.003577,0.009463,0.003112,0.003200,0.041776,0.003240,0.003938,0.003068,0.002936,0.007427,0.010317,0.002938,0.018050,0.003815,0.009543,0.012078,0.003520,0.005157,0.004969,0.005300,0.007967,0.004918,0.006594,0.006482,0.005180,0.007011,0.004280,0.010352,0.006075,0.006062,0.005568,0.007648,0.012720,0.003251,0.003213,0.003936,0.004008,0.003611,0.008001,0.003728,0.003722,0.003461,0.003032,0.003760,0.005278,0.007280,0.003347,0.012699,0.037937,0.002985,0.004989,0.003069,0.002994,0.003429,0.003210,0.005023,0.004855,0.002975,0.003135,0.009956,0.012096,0.007550,0.006930,0.008475,0.003013,0.003318,0.003225,0.003021,0.003008,0.002996,0.008963,0.004059,0.003970,0.014733,0.003046,0.003339,0.003902,0.005255,0.003109,0.003328,0.003215,0.009346,0.003263,0.002995,0.003752,0.002990,0.003010,0.020064,0.002944,0.003033,0.002957,0.004010,0.002955,0.003323,0.002973,0.008227,0.018065,0.004973,0.005261,0.005487,0.003810,0.004872,0.004253,0.005150,0.005424,0.004366,0.003848,0.004036,0.004725,0.005415,0.003774,0.003270,0.003527,0.003698,0.002998,0.003339,0.005802,0.003339,0.003539,0.003094,0.024287,0.003395,0.002922,0.003134,0.003668,0.003866,0.002948,0.004080,0.003416,0.002992,0.005401,0.002937,0.003255,0.003012,0.003054,0.003032,0.002971,0.004154,0.003138,0.003873,0.002961,0.003646,0.003328,0.003126,0.003291,0.003594,0.003285,0.003564,0.006140,0.004391,0.004037,0.003138,0.007231,0.013449,0.002985,0.018511,0.003777,0.005138,0.003709,0.003618,0.015269,0.003132,0.003632,0.003862,0.003442,0.003008,0.004251,0.003615,0.003517,0.003927,0.003105,0.003332,0.003845,0.003775,0.003249,0.003956,0.003050,0.003720,0.003252,0.003108,0.007150,0.003230,0.002994,0.003006,0.003274,0.009663,0.004786,0.006080,0.003556,0.033941,0.003270,0.014198,0.007917,0.009432,0.005046,0.003380,0.004297,0.002973,0.008844,0.003025,0.003242,0.005376,0.003072,0.004275,0.002890,0.003709,0.003202,0.003400,0.005270,0.015207,0.004899,0.003167,0.003094,0.004916,0.003093,0.003073,0.003278,0.002934,0.002902,0.002998,0.003094,0.003305,0.003022,0.006961,0.003266,0.003852,0.003542,0.004939,0.003532,0.004376,0.002938,0.003277,0.003372,0.004854,0.004077,0.002997,0.003696,0.004541,0.002972,0.003592,0.004670,0.003025,0.004849,0.005636,0.002893,0.003477,0.003435,0.004373,0.002853,0.004779,0.006543,0.003567,0.002937,0.005316,0.003191,0.004185,0.003129,0.003143,0.004795,0.004194,0.003186,0.003301,0.003025,0.003458,0.003352,0.003135,0.004533,0.003054,0.003110,0.003560,0.003344,0.003185,0.003545,0.002993,0.002950,0.003178,0.006224,0.002911,0.002899,0.003093,0.003138,0.003040,0.004238,0.003509,0.003051,0.003335,0.003000,0.003041,0.003865,0.003662,0.003306,0.004352,0.003413,0.004162,0.003145,0.004589,0.004361,0.003299,0.003845,0.003511,0.003730,0.004704,0.003598,0.003957,0.005847,0.004338,0.003096,0.004031,0.003947,0.003746,0.002975, ,0.007724,0.006535,0.004488,0.002984,0.004832,0.004759,0.006795,0.003598,0.003215,0.002933,0.003075,0.003248,0.004023,0.003319,0.003566,0.003094,0.005274,0.003585,0.004975,0.003362,0.003128,0.003497,0.003093, ,0.003853,0.003132,0.003801,0.008576,0.002972,0.003055,0.003156,0.003118,0.003041,0.003076,0.003211,0.003233,0.003520,0.006572,0.003004,0.003612,0.003595
    Median ISI within Burst - Std (sec),0.001318,0.002436,0.004267,0.002485,0.003000,0.004489,0.001395,0.001420,0.005528,0.003504,0.007339,0.001650,0.000692,0.003189,0.000803,0.001022,0.000613,0.000272,0.000631, ,0.000417,0.000193,0.000293,0.001120,0.000457,0.000741,0.000169,0.000381,0.002155,0.001338,0.000785,0.000562, , ,0.001417,0.001651, ,0.000433, , , , ,0.003074, , , ,0.000057, ,0.000450,0.000436,0.000523,0.000171,0.000205,0.000265,0.000621,0.000631,0.000257,0.000418,0.000659,0.001144,0.014602,0.000520,0.000392,0.000924,0.001105,0.000303,0.001321,0.000373,0.002920,0.000359,0.000440,0.001960,0.000680,0.000387,0.000492,0.000304,0.004537,0.000370,0.000259, ,0.000334,0.000430,0.000182,0.000164,0.000335,0.000291,0.000271,0.000666,0.000283,0.000306,0.000125,0.000102,0.001301,0.000243,0.000372,0.000247,0.000975,0.000576,0.000735,0.000954,0.000282,0.000654,0.000240,0.000726,0.000422,0.000180, ,0.000297,0.003627,0.000134,0.000231,0.001006,0.000370,0.000174,0.000231,0.000622,0.000443,0.000540,0.000987,0.000499,0.001626,0.000322,0.000246,0.000306,0.002205,0.001145,0.000553,0.000302,0.006306,0.002243,0.003789,0.003591,0.000396,0.002222,0.004052,0.001832,0.005414,0.003200,0.003904,0.004351,0.002887,0.006377,0.000820,0.003764,0.001819,0.003190,0.008594,0.007055,0.000490,0.000330,0.001890,0.000858,0.002947,0.001059,0.000795,0.000334,0.009129,0.003705,0.013130,0.001091,0.003071,0.002298,0.003223,0.006236,0.002970,0.007306,0.011397,0.001345,0.004161,0.009698,0.003006,0.001007,0.001574,0.004848,0.001082,0.001449,0.000292,0.009603,0.000342,0.003784,0.007041,0.000695,0.001254,0.001175,0.000104,0.000172,0.004680,0.001161,0.000431,0.003614,0.002130,0.003996,0.000290,0.000160,0.002313,0.000319,0.000227,0.000674,0.000548,0.000222,0.000195,0.003020,0.005771,0.000369,0.001130,0.000176,0.000336,0.000124,0.005136,0.007673,0.006200,0.002051,0.004491,0.005367,0.014306,0.008379,0.000411, ,0.000293,0.011583,0.000975,0.000133,0.003579,0.001639,0.013770,0.009076,0.000227,0.006207,0.007543,0.011752,0.004824,0.014722,0.000481,0.009544,0.010481,0.003593,0.008496,0.000212,0.001728,0.009749,0.003953,0.002208,0.002551,0.006277,0.002626,0.005237,0.003947,0.002989,0.002236,0.002020,0.002235,0.004572,0.012539,0.005040,0.006245,0.002453,0.008273,0.004201,0.000400,0.000166,0.002077,0.000162,0.005450,0.001502,0.006346,0.000176,0.003012,0.000235,0.000784,0.000087,0.000129,0.004836,0.000760,0.000218,0.000161,0.000253,0.000358,0.010377,0.022253,0.000261,0.009879,0.005767,0.000164,0.000940,0.000868,0.000568,0.001933,0.000580,0.000692,0.022027,0.008302,0.000686,0.010985,0.000075,0.000171,0.000100,0.006014, ,0.000171,0.004956,0.000883,0.000146,0.000097,0.012957,0.017149,0.003357,0.000299,0.000466,0.000142,0.000983,0.000216,0.000713,0.000418,0.002271,0.005475,0.000131,0.001529,0.000166,0.008063,0.000284,0.022788,0.001624,0.000201,0.000085,0.000506,0.000250,0.000168,0.000764,0.002187,0.019070,0.000156,0.000612,0.030954,0.006582,0.000078,0.052628,0.000149,0.000506,0.002456,0.000067,0.000261,0.000878,0.001642,0.001176,0.000146,0.000299,0.000378,0.000171,0.000619,0.000224,0.000431,0.001229,0.000110,0.009117,0.001203,0.000116,0.000283,0.000133,0.000267,0.000114,0.005948,0.000484,0.000225,0.017612,0.000335,0.000159,0.000145,0.019936,0.017358,0.005217,0.004424,0.001325,0.001946,0.013094,0.012343,0.006382,0.003365,0.003246,0.003141,0.020350,0.001865,0.001714,0.001801,0.002912,0.001093,0.002329,0.000897,0.001059,0.001285,0.001014,0.000200,0.008926,0.001621,0.000698,0.000412,0.000605,0.001709,0.000591,0.000768,0.000996,0.000786,0.009982,0.001756,0.001720,0.000082,0.001729,0.000868,0.005955,0.008106,0.001188,0.010520,0.029343,0.000556,0.001857,0.000117,0.001263,0.011769,0.000116,0.000622,0.025843,0.000215,0.000708,0.000092,0.000076,0.005536,0.011762,0.000148,0.019149,0.000228,0.010271,0.005524,0.000220,0.006086,0.003827,0.002795,0.006657,0.000791,0.007506,0.004498,0.003154,0.005257,0.003631,0.007600,0.007622,0.001220,0.004039,0.008581,0.020370,0.000134,0.000240,0.001124,0.000614,0.000384,0.005147,0.001605,0.001616,0.000425,0.000142,0.000580,0.003732,0.004521,0.000219,0.025414,0.026171,0.000128,0.003970,0.000108,0.000099,0.000304,0.000332,0.001493,0.003358,0.000085,0.000191,0.016140,0.009153,0.011287,0.011407,0.002632,0.000311,0.000214,0.000265,0.000115,0.000106,0.000163,0.005089,0.003336,0.000610,0.010922,0.000107,0.000246,0.003735,0.007944,0.000189,0.000293,0.000204,0.015458,0.000198,0.000122,0.003282,0.000133,0.000133,0.021817,0.000183,0.000232,0.000122,0.002996,0.000079,0.000283,0.000095,0.007297,0.017520,0.001028,0.001469,0.001696,0.001585,0.004476,0.000925,0.000960,0.001507,0.001037,0.001678,0.000701,0.001074,0.002037,0.000499,0.000613,0.000693,0.001688,0.000253,0.000218,0.011331,0.000224,0.000272,0.000170,0.009284,0.000309,0.000109,0.000120,0.000454,0.000585,0.000134,0.000527,0.001707,0.000196,0.002076,0.000092,0.001311,0.000144,0.000119,0.000159,0.000221,0.000781,0.000211,0.000919,0.000153,0.000456,0.000319,0.000207,0.000221,0.000419,0.000950,0.000493,0.011911,0.000708,0.000337,0.000326,0.008439,0.020574,0.000147,0.026500,0.003151,0.000781,0.002377,0.000329,0.021553,0.000103,0.000393,0.002580,0.001142,0.000141,0.003563,0.000399,0.000375,0.002739,0.000124,0.000264,0.002869,0.000500,0.000193,0.002594,0.000097,0.001849,0.000215,0.000157,0.005924,0.000272,0.000118,0.000128,0.000237,0.009059,0.004962,0.006583,0.000473,0.019518,0.000360,0.009948,0.005414,0.004468,0.004779,0.001690,0.004845,0.000105,0.010464,0.000129,0.000308,0.007435,0.000165,0.005302,0.000088,0.000513,0.000477,0.002143,0.005528,0.017269,0.007828,0.000143,0.000236,0.005106,0.000158,0.000138,0.000417,0.000097,0.000095,0.000228,0.000422,0.000243,0.000140,0.009499,0.001021,0.001745,0.000243,0.005679,0.000443,0.000884,0.000107,0.000257,0.000290,0.001220,0.000842,0.000143,0.004846,0.000943,0.000096,0.000181,0.005173,0.000137,0.005357,0.009378,0.000117,0.000282,0.000525,0.003151,0.000088,0.005288,0.006671,0.001324,0.000082,0.001550,0.000179,0.000731,0.000150,0.000173,0.006553,0.000808,0.000274,0.000282,0.000145,0.000303,0.000286,0.000178,0.009042,0.000113,0.000176,0.000389,0.000258,0.000221,0.000465,0.000137,0.000128,0.000171,0.009211,0.000093,0.000098,0.000183,0.000669,0.000125,0.001167,0.000296,0.000163,0.000295,0.000133,0.000127,0.002220,0.000475,0.000460,0.002132,0.001946,0.001103,0.000244,0.004966,0.002400,0.000478,0.000993,0.000588,0.001184,0.001868,0.000772,0.002014,0.002656,0.000975,0.000160,0.000451,0.000746,0.000391,0.000145, ,0.003724,0.002504,0.001403,0.000124,0.002083,0.000651,0.004187,0.003709,0.000198,0.000123,0.000148,0.001048,0.001810,0.000198,0.002462,0.000177,0.007027,0.000391,0.005349,0.001847,0.000173,0.000394,0.000164, ,0.004121,0.000413,0.003579,0.013414,0.000189,0.000179,0.000168,0.000307,0.000183,0.000161,0.000236,0.000619,0.001154,0.008618,0.000164,0.001148,0.001577
    Median/Mean ISI within Burst,0.703804,0.767897,0.781019,0.688238,0.719192,0.871845,0.882911,0.649824,0.607510,0.731733,0.755805,0.603775,0.936292,0.734702,0.693676,0.669278,0.840176,0.806638,0.811290, ,0.743535,0.810241,0.812976,0.647618,0.691242,0.736783,0.846719,0.806709,0.724080,0.792135,0.658366,0.776000, , ,0.731118,0.845666, ,0.854010, , , , ,0.899641, , ,0.995516,0.969654, ,0.850813,0.801385,0.770595,0.843863,0.822991,0.811639,0.738466,0.761363,0.854543,0.792013,0.765666,0.742939,0.718144,0.767185,0.838717,0.706468,0.758080,0.796740,0.644759,0.750257,0.724373,0.803975,0.789804,0.705675,0.764529,0.744678,0.775226,0.763178,0.693316,0.823147,0.792965, ,0.819720,0.774395,0.842637,0.805211,0.825554,0.797679,0.773818,0.722817,0.727885,0.810825,0.804815,0.865436,0.693900,0.752674,0.761441,0.773179,0.728767,0.734328,0.731552,0.755800,0.802617,0.762872,0.756711,0.722001,0.756400,0.875764, ,0.794824,0.804971,0.824822,0.768617,0.724241,0.770799,0.827472,0.773595,0.739014,0.821234,0.740538,0.775499,0.804067,0.762478,0.819893,0.860446,0.800977,0.793258,0.725011,0.758057,0.825937,0.787626,0.694360,0.715323,0.712205,0.715020,0.746397,0.692810,0.758853,0.640621,0.747226,0.682273,0.749877,0.745557,0.692094,0.728847,0.624386,0.775514,0.645564,0.788072,0.772447,0.737730,0.673135,0.662018,0.720551,0.730163,0.724132,0.637971,0.667901,0.755286,0.707204,0.906704,0.683911,0.709815,0.755864,0.728624,0.777088,0.600605,0.716400,0.601389,0.398815,0.844813,0.712935,0.734480,0.783142,0.717622,0.773113,0.751822,0.550208,0.818911,0.731940,0.694276,0.611030,0.707349,0.596476,0.765059,0.629440,0.842951,0.733157,0.832038,0.735849,0.806449,0.842090,0.681559,0.734380,0.763208,0.837040,0.795344,0.771834,0.751473,0.764119,0.726583,0.652368,0.795682,0.697402,0.765918,0.799432,0.705123,0.767460,0.760821,0.842485,0.778287,0.783575,0.771015,0.831393,0.850334,0.701190,0.878882,0.796629,0.792649, ,0.764091,0.751068,0.744448,0.778486,0.817998,0.781914,0.621095,0.718390,0.757148,0.831958,0.850949,0.650487,0.738109,0.686701,0.753367,0.669923,0.814303,0.685591,0.809528,0.762890,0.792034,0.777432,0.656708,0.700728,0.657866,0.670672,0.615653,0.635057,0.612455,0.492570,0.695601,0.669391,0.709829,0.635830,0.785578,0.720757,0.789700,0.687716,0.680800,0.752951,0.577489,0.767924,0.741963,0.742481,0.772082,0.701225,0.821348,0.692705,0.773499,0.704291,0.777338,0.835689,0.745993,0.620887,0.713758,0.726553,0.780489,0.753087,0.605325,0.759400,0.720569,0.737683,0.739371,0.630080,0.763492,0.711633,0.725226,0.742040,0.760027,0.760050,0.668878,0.634790,0.685160,0.432376,0.696165,0.602060,0.548759,0.745685,0.679309, ,0.493322,0.704461,0.732178,0.591565,0.856130,0.772687,0.728115,0.665564,0.626222,0.717609,0.815701,0.575225,0.653802,0.632432,0.585457,0.610130,0.660549,0.799715,0.692094,0.620733,0.732117,0.669218,0.424079,0.487377,0.706089,0.790021,0.556873,0.492293,0.770867,0.458665,0.390813,0.742839,0.702603,0.355923,0.540265,0.801890,0.559296,0.597666,0.852863,0.674062,0.657917,0.883449,0.720811,0.699983,0.711874,0.852985,0.806253,0.570243,0.736443,0.780440,0.799732,0.557756,0.487242,0.782766,0.628285,0.651682,0.690724,0.742185,0.623080,0.749987,0.664367,0.730756,0.477710,0.571550,0.562320,0.690168,0.710027,0.674847,0.654189,0.584156,0.774530,0.706856,0.813508,0.709253,0.749293,0.901606,0.638643,0.803514,0.719263,0.862992,0.685081,0.704657,0.840079,0.669658,0.658729,0.760295,0.735172,0.644520,0.784539,0.729462,0.732490,0.696066,0.733568,0.695455,0.586891,0.623312,0.718382,0.727570,0.624653,0.704228,0.586820,0.695884,0.655032,0.718107,0.615973,0.647432,0.691349,0.467493,0.674872,0.662052,0.750729,0.659148,0.693959,0.767709,0.681029,0.612929,0.742877,0.715316,0.664668,0.690585,0.788388,0.870286,0.789820,0.584612,0.714265,0.785194,0.767472,0.764952,0.669328,0.662366,0.607679,0.716144,0.845332,0.597081,0.748314,0.715776,0.605477,0.553241,0.815441,0.648822,0.657525,0.576114,0.644301,0.821515,0.777095,0.762288,0.489295,0.699574,0.676767,0.800249,0.759406,0.721968,0.570839,0.530376,0.744733,0.581972,0.617350,0.557044,0.792909,0.660848,0.540898,0.555103,0.657927,0.714929,0.657390,0.807159,0.833537,0.765692,0.682789,0.624041,0.743763,0.618792,0.533271,0.448677,0.770368,0.772274,0.494740,0.500886,0.672994,0.630685,0.873480,0.643361,0.754997,0.478050,0.740652,0.633481,0.634676,0.676726,0.670017,0.698387,0.794477,0.570278,0.678884,0.749225,0.801648,0.647118,0.680831,0.784405,0.621538,0.708217,0.771645,0.745826,0.862703,0.787896,0.751635,0.662676,0.865190,0.467965,0.676382,0.677933,0.821219,0.825884,0.683075,0.795286,0.740418,0.689235,0.785176,0.764507,0.656716,0.682956,0.759252,0.608058,0.709127,0.692743,0.713329,0.698949,0.799253,0.750740,0.746856,0.790967,0.802036,0.741802,0.785456,0.732146,0.729686,0.758545,0.784822,1.071171,0.778578,0.864476,0.794876,0.693819,0.769202,0.855844,0.744226,0.795626,0.753045,0.620650,0.811325,0.747489,0.719778,0.768253,0.806286,0.762992,0.595585,0.711949,0.735393,0.824566,0.778957,0.739644,0.756250,0.760702,0.710141,0.686834,0.736505,0.710836,0.692691,0.738372,0.699506,0.709645,0.722170,0.656929,0.775265,0.788909,0.758589,0.717713,0.764177,0.789450,0.664428,0.695256,0.746383,0.718443,0.783918,0.729719,0.764412,0.740350,0.703967,0.714055,0.775071,0.784997,0.620752,0.718788,0.743533,0.796112,0.658573,0.811009,0.669648,0.694571,0.670887,0.780910,0.797337,0.776848,0.798505,0.747612,0.719708,0.749206,0.749616,0.695454,0.915503,0.766537,0.808856,0.602004,0.613316,0.716240,0.775263,0.748174,0.577627,0.721814,0.522940,0.648669,0.717580,0.823201,0.778002,0.608447,0.555166,0.761305,0.834300,0.798815,0.697058,0.791490,0.725851,0.659641,0.690351,0.581824,0.839774,0.819051,0.718106,0.647686,0.814172,0.815365,0.745254,0.663247,0.665054,0.695800,0.694470,0.727002,0.800152,0.806540,0.776310,0.788536,0.582020,0.640865,0.783340,0.656737,0.697437,0.815780,0.888856,0.707840,0.821732,0.601835,0.659297,0.852083,0.769308,0.525905,0.609446,0.758216,0.614105,0.616193,0.688737,0.787750,0.690365,0.816211,0.721378,0.513414,0.558398,0.580657,0.564875,0.735653,0.693921,0.761804,0.664066,0.622390,0.623474,0.702252,0.742147,0.756609,0.803982,0.642840,0.695053,0.635729,0.718173,0.824895,0.626167,0.663318,0.792435,0.849051,0.684227,0.698418,0.821474,0.656168,0.738592,0.835771,0.818310,0.717000,0.788457,0.670592,0.516533,0.612526,0.674169,0.796121,0.636764,0.569182,0.698961,0.732667,0.693399,0.809811,0.673248,0.660142,0.770343,0.711688,0.655975,0.696853,0.629115,0.772020,0.786257,0.650487,0.562166,0.717078, ,0.892193,0.607412,0.635369,0.816544,0.787891,0.883247,0.800947,0.764733,0.793083,0.767453,0.664323,0.780007,0.593185,0.711546,0.643872,0.674679,0.716566,0.684080,0.689379,0.718850,0.630901,0.809092,0.588822, ,0.627467,0.667543,0.777309,0.650740,0.773013,0.766548,0.764649,0.742087,0.682879,0.655550,0.673429,0.696323,0.697120,0.678047,0.840782,0.668417,0.736205
    Inter-Burst Interval - Avg (sec),3.981604,4.618918,6.446328,5.418236,7.359835,6.817950,4.724691,4.769117,6.562100,5.203221,9.877197,8.695733,77.385817,5.533907,4.342513,4.207200,2.672781,2.591812,2.837473, ,2.684800,2.684818,2.660927,2.840635,2.684842,2.672842,2.637521,2.684799,61.199211,3.166854,2.909878,2.684797, , ,6.106968,3.210070, ,69.743147, , , , ,12.063600, , , ,205.125920, ,3.028725,2.582973,2.571832,2.560746,2.540560,2.517591,2.675632,2.616966,2.486120,2.687697,2.560862,3.370992,79.260606,2.663698,2.663693,2.687668,3.295077,3.189280,3.232754,3.258905,8.732398,3.250469,3.138915,4.130789,3.172277,3.172233,3.258907,3.286178,8.918174,3.286387,3.232677, ,2.612739,2.732567,2.695398,2.707731,2.503004,2.707797,2.720098,3.194003,2.720166,2.647571,2.720172,2.720106,382.752640,2.720149,2.707766,2.695517,3.237909,3.203017,3.683961,3.202375,3.152573,3.169309,3.203119,3.203076,3.203178,2.936266, ,3.152471,28.836560,3.186103,3.203168,3.203137,2.951099,2.936536,2.965716,2.951088,2.965808,2.965838,4.227882,2.951106,4.754380,3.010756,2.907972,2.965816,60.043120,3.137542,2.965804,2.965828,8.495503,16.139736,13.512201,13.833891,13.204980,16.139442,10.375207,15.703386,11.392328,10.809381,12.104480,14.171184,21.519153,13.204667,12.911445,15.289737,7.726318,8.037766,8.039484,6.760335,8.149317,8.150547,6.338201,7.932934,7.726026,8.262724,8.150228,8.150515,7.344629,7.827647,4.999211,8.149210,8.037141,9.560632,9.076332,8.528463,16.777682,10.446229,13.841316,16.283929,8.949298,9.712985,9.415317,9.241353,20.505161,7.718127,9.567625,12.875860,12.993083,14.576375,14.578125,13.282194,11.495266,8.077445,10.303793,14.578779,12.993440,12.993289,12.451917,10.485406,12.993477,4.473775,10.674761,10.130236,7.946665,7.734250,7.632561,7.734609,7.632768,7.734457,7.734874,9.655277,7.839217,4.714063,7.436573,7.734704,9.655356,7.734682,7.734631,7.734669,8.433574,9.072384,9.072682,9.979828,7.776380,8.329966,7.128314,9.657845,10.323916, ,10.323690,8.316618,10.149059,10.324103,9.504545,10.148902,15.481648,13.389585,13.386553,12.273678,12.274083,14.348745,6.479373,12.256147,12.273982,14.728864,8.416461,8.793353,11.783115,12.535098,1.904045,10.335625,9.342379,9.980927,9.192705,7.304251,9.042461,9.440422,9.811673,8.698001,10.156429,8.907297,10.922838,9.813860,8.373806,10.337641,9.408634,9.190607,18.864225,18.865912,20.165090,19.493917,13.594566,19.492475,19.493003,18.865035,13.594465,20.163514,19.492917,19.493341,20.165280,19.492907,19.492464,18.273132,25.125691,29.092888,27.637824,26.320830,30.645596,23.032247,19.715419,21.174503,22.109453,30.645471,29.092173,27.635452,32.448880,29.030952,25.101189,26.319870,48.376649,48.372267,54.420340,62.194937,53.273404,72.279893,72.285267,62.185543,48.376009, ,62.189989,3.781415,72.282453,72.285173,62.186686,33.441571,24.270233,15.848078,28.102762,28.103040,28.102855,26.698768,28.106156,28.102686,28.102863,26.695936,25.426385,28.105221,28.102661,28.101048,9.946583,28.103065,41.457680,71.070457,41.457913,41.458260,62.186540,62.186530,45.226749,62.186350,28.093339,41.457360,45.226596,71.070274,31.558480,33.272517,62.186770,45.227171,18.055418,17.508342,16.516718,18.055282,18.057645,17.508475,16.049436,17.508216,18.055222,16.507303,18.055262,18.055340,18.637781,18.056260,18.059188,16.993256,41.398363,35.198525,38.430486,41.388018,41.373483,41.384775,41.368246,41.384972,41.334868,48.907396,41.364751,35.862715,41.384265,41.375163,41.379803,33.624315,15.661739,16.773261,18.432253,31.682604,15.260306,9.599209,23.805379,6.361760,11.229200,47.524327,17.003387,17.504341,16.531764,18.034810,16.531940,16.085031,18.797797,20.140526,18.191236,18.190803,18.192426,18.195548,19.447959,17.625102,25.635207,24.517955,18.191414,18.799437,28.198964,18.798717,23.497243,18.799416,40.950903,23.936627,47.774733,44.099502,52.120109,31.851373,47.775233,33.724395,31.851724,47.777307,44.101908,38.221141,52.121847,15.925756,52.121113,44.100818,43.030418,56.986578,46.627440,17.158264,56.984089,64.116610,56.985484,56.987227,28.000792,41.643680,64.110050,38.489781,73.270297,37.533707,14.213101,56.986329,37.313920,32.651460,34.828144,30.629026,12.293561,20.896262,27.475015,30.622405,26.119988,37.314177,26.445280,34.827072,65.095070,27.494952,29.023778,37.188971,36.415891,36.415754,29.700004,36.402583,36.415851,19.019290,28.455512,33.488344,31.151591,36.415943,36.416029,16.269399,72.830869,36.415789,31.881610,14.191577,54.346046,38.291000,63.404373,63.404240,63.404253,54.347314,63.405160,54.370926,54.346434,54.347029,47.582990,50.750693,54.346320,54.342446,7.573174,76.086560,27.802336,27.798756,27.798948,27.794844,27.793684,4.963015,25.859665,27.798788,13.150675,27.801920,27.799764,26.479196,26.475794,27.799784,27.799204,27.800012,25.947524,24.819447,24.819496,23.785340,24.819405,25.948873,16.789692,27.183314,24.819363,24.818967,23.785417,24.819697,24.819430,24.819430,31.713676,13.765806,11.418350,11.418387,11.419068,11.198706,10.399103,11.418563,11.418778,11.418855,11.418726,11.199209,11.418817,11.418802,11.419096,11.418990,11.419015,11.419054,34.842282,32.906969,37.020620,34.842334,37.020135,37.020210,37.020230,37.020040,37.020180,37.020150,37.020025,37.020025,37.020500,37.020160,37.020075,34.842471,17.361514,17.361689,17.361446,18.696988,17.359569,17.361771,17.361709,17.361697,17.363374,17.361469,17.361477,17.361591,17.361797,17.361726,17.361511,17.361797,48.128207,41.257114,17.747869,44.435932,48.126700,48.129533,48.136240,36.103675,36.102165,48.130013,34.968894,44.425791,48.127533,44.426523,48.127473,29.723768,35.270789,35.271467,31.122428,33.066955,35.271429,31.120193,35.269221,35.270304,31.124056,35.269120,35.266795,33.065740,35.271093,33.065580,31.110551,35.270656,24.785240,28.697903,28.697693,18.175411,28.698320,28.697945,28.697735,28.697992,18.174936,24.784309,22.720707,28.697545,13.605992,28.697714,12.043634,13.296375,5.472952,21.582773,27.757291,26.495164,29.146292,21.654187,29.145388,29.145584,26.505924,29.145120,27.757657,29.145196,29.144920,27.764179,24.285457,24.346087,11.669818,16.627134,17.665220,17.132827,15.295566,17.129881,17.131105,17.131156,17.129215,17.129799,17.129355,16.646473,17.129467,17.129258,14.874846,16.150917,10.950081,12.581260,12.066671,12.581363,12.581365,12.581139,12.581333,12.581404,12.580655,12.581515,12.581043,12.319368,12.581404,12.581629,12.581397,11.594535,19.049859,17.317770,17.850198,19.050136,19.049931,13.934384,15.440677,19.044107,16.804456,15.032107,16.801713,19.050347,19.049963,19.050781,19.050261,19.048989,15.864613,15.026878,15.863356,15.860611,15.862280,15.859502,15.861082,15.860627,15.861502,15.432171,15.861649,15.859529,15.860904,15.861553,15.862122,15.860313,14.635623,14.633596,14.633912,12.791419,14.633722,14.633968,14.636099,14.390604,14.634606,14.634779,14.634347,14.634356,14.634312,14.637282,14.634994,13.563895,13.106739,13.111338,13.108402,11.995542,9.226173,13.108283,11.137384,11.815941,13.106945,13.110904,13.415469,10.931476,13.112002,13.105613,11.573528,13.108411,15.400956,14.630948,15.006148,14.630904,15.401086,15.400966, ,26.997554,15.007204,15.006156,14.631012,138.758500,14.630966,17.734512,14.274365,14.631044,17.124939,17.126522,16.175560,11.079870,17.124162,16.636027,17.128111,15.742905,17.126734,14.556876,16.635403,17.125327,17.125802,17.128165, ,14.930712,17.050167,16.546308,14.326330,17.050158,17.505995,17.505858,17.505940,18.070488,17.506010,17.505987,16.975365,12.501056,16.005422,17.506012,12.785629,14.363588
    Inter-Burst Interval - Std (sec),1.454948,2.523850,3.277155,2.011541,6.864284,3.874410,1.213353,2.345021,2.642356,1.995310,6.078103,8.744007,47.982271,1.995331,1.387660,1.176413,1.035630,1.082983,1.091280, ,1.024230,1.024663,1.058939,1.102486,1.026698,1.050110,1.073244,1.025068,67.452306,1.371173,1.093402,1.025522, , ,12.149420,3.682530, ,65.899728, , , , ,13.728530, , , , , ,1.668568,1.400296,1.367251,1.367761,1.379739,1.404589,1.402904,1.365922,1.424278,1.436491,1.363451,1.573369,162.104910,1.394696,1.493380,1.391223,1.368619,1.374483,1.345386,1.332975,6.073688,1.419304,1.392276,1.723604,1.347490,1.347073,1.373801,1.355203,9.237090,1.361735,1.344448, ,1.172293,1.203685,1.219640,1.208406,1.311983,1.216046,1.201305,1.626760,1.202894,1.254205,1.202019,1.198643, ,1.201735,1.212927,1.212609,1.187370,1.184944,1.536368,1.183098,1.232458,1.202811,1.183828,1.188160,1.186110,1.371242, ,1.230147,30.256423,1.200373,1.183333,1.188767,1.532281,1.539571,1.522895,1.554244,1.519920,1.518743,1.809932,1.531262,1.917581,1.511175,1.551321,1.517232,51.405211,1.515519,1.517125,1.516902,7.155559,10.460481,10.813936,10.754892,11.022865,10.460132,8.729296,10.620445,9.084389,10.037797,10.015688,10.870202,16.963372,11.141064,11.062267,10.353778,2.330979,2.011836,2.076056,3.372949,1.950622,1.958602,2.843588,1.815721,2.384638,2.121236,1.947438,1.971820,3.087423,2.159109,1.984308,1.997338,8.028056,10.080527,9.063997,9.221783,8.502873,8.556785,8.647280,9.338568,6.497311,7.374919,9.823971,10.031249,7.756814,7.824467,10.258526,10.246274,8.530181,8.090141,7.890498,8.397436,7.402549,6.059071,7.494565,8.038377,8.523526,8.536582,8.512591,6.651650,8.528418,3.004027,6.570314,6.851253,6.527994,6.530782,6.485675,6.531194,6.424273,6.532587,6.532234,6.262348,6.524246,3.223000,6.036122,6.535711,6.617052,6.530582,6.531653,6.535654,8.319242,7.604434,7.147363,8.129359,7.992816,5.376066,7.472017,7.557550,8.086869, ,8.077174,5.303163,8.113297,8.094062,6.972407,7.983241,11.479609,12.455601,13.296415,12.233218,12.779976,11.594080,4.858546,11.027080,13.025844,12.381494,8.331606,7.084480,12.554610,13.109511,1.228045,11.279323,5.171141,5.551722,5.183890,3.757457,5.254089,5.167437,5.258667,5.716406,5.842202,5.854607,5.915992,5.450252,4.719383,6.002281,5.794408,5.072402,7.684303,7.631232,6.308972,7.063673,7.035909,7.071088,7.068825,7.728161,7.036241,6.301298,7.064941,7.073666,6.292154,7.070635,7.069756,7.740464,21.514646,21.448022,21.746968,21.975390,20.944178,22.141281,20.454442,15.999003,21.115547,21.125465,21.457733,21.814749,20.393642,21.413697,22.131537,21.992187,71.843203,71.996276,74.744222,77.863589,69.522234,79.826748,79.834500,77.603736,57.263687, ,77.552398,2.534422,79.823226,79.831471,77.608815,50.716083,25.668661,9.745665,26.523042,26.513309,26.513446,21.290934,26.502598,26.529660,26.522918,25.635255,25.296815,26.525947,26.513465,26.560139,9.143174,26.506415,16.113388,30.641519,41.878364,41.878213,37.339075,37.523984,41.849413,37.523242,19.933689,41.358455,41.849309,31.045650,26.043818,40.563237,37.871072,41.798893,13.590671,13.667382,13.888821,13.587589,13.603292,12.792850,12.444514,13.728261,13.590089,13.048519,13.590407,13.584931,13.757061,13.577927,13.588341,13.720151,31.577314,31.410879,31.941889,31.518423,31.599074,31.531981,31.566040,31.533400,32.037414,28.938908,31.613660,32.297350,31.523923,31.632634,31.518165,32.299120,9.586436,10.608866,10.176274,15.177068,9.865584,4.026278,12.684422,2.926993,8.654843,22.768032,10.145773,10.880446,9.712847,11.118089,10.522528,10.648164,15.620928,15.325083,15.642286,15.631938,15.654193,15.655210,15.555685,15.616447,13.288036,13.841300,15.662321,15.622440,11.523426,15.621656,14.412542,15.631439,48.599864,41.651899,52.990753,50.526712,53.958179,42.896209,52.994591,34.946373,31.638301,52.992607,52.262805,50.604906,53.990922,29.261345,53.989315,50.530208,37.015162,65.205531,40.361593,16.502966,65.205029,66.632882,65.207400,65.204869,28.244505,40.486712,66.218355,36.842757,66.722482,49.633030,25.802239,65.207632,43.792318,29.682316,37.138607,26.351658,8.904666,24.559359,31.987373,26.315754,29.506924,42.907435,36.814685,39.075136,49.544122,32.040945,31.214018,37.825684,34.050024,34.035851,23.067122,34.004923,34.035176,13.026542,18.829176,28.176701,31.744503,34.007688,34.025836,13.142801,62.322418,34.034634,28.548359,12.006240,60.018025,53.125784,60.277518,60.310092,61.252773,60.028954,60.275798,58.451360,59.978541,59.976503,54.558876,51.858199,57.129571,55.248723,3.799245,62.287797,21.619139,21.634718,21.614350,21.613077,21.613287,2.190042,20.476504,21.625886,11.374272,21.691369,21.680873,19.832965,21.795665,21.704390,21.712452,21.617382,20.439650,20.294221,20.309119,19.261531,20.296853,20.162085,15.672911,19.932475,20.292083,20.307054,20.568499,20.311369,20.301483,20.312657,18.536334,15.041431,4.999216,5.000131,4.997673,5.156030,4.778825,5.000646,4.999675,5.000804,5.000480,5.173670,5.000116,5.000766,5.003057,5.002105,4.996068,5.000568,47.069416,45.268665,47.721600,47.046410,47.721634,47.721196,47.735821,47.717843,47.721992,47.719495,47.722262,47.716007,47.724692,47.716777,47.721446,46.899398,26.239348,26.238460,26.246807,26.880803,26.243027,26.238006,26.237967,26.259998,26.229821,26.238440,26.236696,26.240090,26.237580,26.238084,26.244256,26.243383,32.626404,33.731408,21.776155,33.909819,32.619940,32.621524,32.661210,34.054649,34.807264,32.630687,27.082601,33.738077,32.615197,33.736098,32.615641,28.109347,16.391384,16.374121,18.741879,17.563659,16.379677,18.745208,16.384972,16.379230,18.738146,16.389058,16.393985,15.416013,16.382108,17.550301,18.744678,16.380725,13.043312,12.998319,13.002501,11.357880,12.989162,12.998847,12.999476,12.991575,9.938737,13.266124,11.400782,13.001307,8.294792,13.001131,9.151199,9.147020,6.852178,10.632770,12.913998,14.230206,12.725261,16.502722,12.704169,12.686404,12.848530,12.703434,13.594269,12.693133,12.688426,10.426761,13.680963,15.660027,11.415278,10.283144,10.324749,10.580808,10.657010,10.559334,10.575227,10.517697,10.553645,10.555480,10.572048,10.781385,10.555619,10.556247,9.968788,10.634090,7.407755,6.796619,6.999955,6.806298,6.791154,6.802720,6.799357,6.793757,6.823253,6.802376,6.798532,6.931906,6.792097,6.814762,6.790721,7.144011,11.488982,11.634848,10.004545,11.487057,11.489988,6.394856,8.944099,11.482549,10.147689,7.890246,7.101980,11.483752,11.489684,11.485158,11.487861,11.490026,6.053076,6.738710,6.057762,6.053791,6.063025,5.991953,6.006180,6.054037,6.014287,6.133352,6.048668,5.997369,5.987215,6.057874,6.020598,6.016560,5.021454,4.978595,4.986585,5.599025,4.989525,4.978210,4.991067,4.850201,4.985038,4.983286,4.978230,4.982215,4.983850,5.002011,4.982220,5.904943,5.297534,5.273065,5.293299,6.005374,5.227136,5.328940,5.527496,5.511733,5.296719,5.284181,5.628586,5.332409,5.277707,5.327585,5.713432,5.324213,7.476075,7.965254,7.752088,7.968992,7.482372,7.480496, ,16.856289,7.737280,7.736692,7.974876,134.985857,7.965478,12.825240,8.088620,7.984415,7.418119,7.422945,7.913350,6.560385,7.407038,7.655778,7.398614,7.702573,7.400739,8.107440,7.406305,7.423962,7.405226,7.426828, ,7.583667,8.493990,8.420560,7.681616,8.540000,8.179930,8.180690,8.184007,7.795667,8.175241,8.184709,7.960350,8.731868,8.962125,8.182177,7.901693,8.348624
    Burst Frequency (Hz),0.250000,0.213333,0.153333,0.183333,0.116667,0.076667,0.210000,0.206667,0.151667,0.188333,0.100000,0.066667,0.013333,0.178333,0.228333,0.236667,0.375000,0.386667,0.353333, ,0.373333,0.373333,0.376667,0.351667,0.373333,0.375000,0.380000,0.373333,0.013333,0.316667,0.343333,0.373333, , ,0.111667,0.118333, ,0.006667, , , , ,0.013333, , ,0.001667,0.003333, ,0.330000,0.386667,0.388333,0.390000,0.393333,0.396667,0.373333,0.381667,0.401667,0.371667,0.390000,0.296667,0.013333,0.375000,0.375000,0.371667,0.303333,0.313333,0.308333,0.306667,0.110000,0.306667,0.318333,0.241667,0.315000,0.315000,0.306667,0.303333,0.085000,0.303333,0.308333, ,0.381667,0.365000,0.370000,0.368333,0.398333,0.368333,0.366667,0.311667,0.366667,0.376667,0.366667,0.366667,0.003333,0.366667,0.368333,0.370000,0.310000,0.313333,0.271667,0.313333,0.318333,0.316667,0.313333,0.313333,0.313333,0.341667, ,0.318333,0.020000,0.315000,0.313333,0.313333,0.338333,0.340000,0.336667,0.338333,0.336667,0.336667,0.236667,0.338333,0.210000,0.331667,0.343333,0.336667,0.015000,0.318333,0.336667,0.336667,0.118333,0.061667,0.073333,0.071667,0.075000,0.061667,0.095000,0.063333,0.086667,0.091667,0.081667,0.070000,0.046667,0.075000,0.076667,0.065000,0.130000,0.125000,0.125000,0.148333,0.123333,0.123333,0.158333,0.126667,0.130000,0.121667,0.123333,0.123333,0.136667,0.128333,0.200000,0.123333,0.116667,0.098333,0.108333,0.110000,0.056667,0.090000,0.068333,0.058333,0.111667,0.096667,0.103333,0.101667,0.046667,0.128333,0.103333,0.073333,0.078333,0.070000,0.070000,0.076667,0.088333,0.125000,0.098333,0.070000,0.078333,0.078333,0.081667,0.096667,0.078333,0.225000,0.095000,0.100000,0.123333,0.126667,0.128333,0.126667,0.128333,0.126667,0.126667,0.101667,0.125000,0.210000,0.131667,0.126667,0.101667,0.126667,0.126667,0.126667,0.120000,0.111667,0.111667,0.101667,0.130000,0.121667,0.141667,0.105000,0.098333, ,0.098333,0.121667,0.100000,0.098333,0.106667,0.100000,0.065000,0.075000,0.075000,0.081667,0.081667,0.070000,0.155000,0.081667,0.081667,0.068333,0.118333,0.113333,0.085000,0.080000,0.523333,0.096667,0.105000,0.098333,0.106667,0.136667,0.108333,0.105000,0.100000,0.113333,0.096667,0.110000,0.090000,0.100000,0.118333,0.095000,0.105000,0.106667,0.053333,0.053333,0.050000,0.051667,0.073333,0.051667,0.051667,0.053333,0.073333,0.050000,0.051667,0.051667,0.050000,0.051667,0.051667,0.055000,0.038333,0.033333,0.035000,0.036667,0.031667,0.041667,0.051667,0.048333,0.043333,0.031667,0.033333,0.035000,0.030000,0.033333,0.038333,0.036667,0.016667,0.016667,0.015000,0.013333,0.016667,0.011667,0.011667,0.013333,0.016667, ,0.013333,0.258333,0.011667,0.011667,0.013333,0.025000,0.038333,0.061667,0.033333,0.033333,0.033333,0.035000,0.033333,0.033333,0.033333,0.035000,0.036667,0.033333,0.033333,0.033333,0.098333,0.033333,0.021667,0.013333,0.021667,0.021667,0.015000,0.015000,0.020000,0.015000,0.033333,0.021667,0.020000,0.013333,0.005000,0.026667,0.015000,0.020000,0.055000,0.056667,0.060000,0.055000,0.055000,0.056667,0.061667,0.056667,0.055000,0.060000,0.055000,0.055000,0.053333,0.055000,0.055000,0.058333,0.023333,0.028333,0.025000,0.023333,0.023333,0.023333,0.023333,0.023333,0.023333,0.020000,0.023333,0.026667,0.023333,0.023333,0.023333,0.028333,0.065000,0.058333,0.053333,0.031667,0.066667,0.105000,0.043333,0.158333,0.090000,0.021667,0.060000,0.058333,0.061667,0.056667,0.061667,0.063333,0.051667,0.048333,0.053333,0.053333,0.053333,0.053333,0.050000,0.055000,0.038333,0.040000,0.053333,0.051667,0.035000,0.051667,0.041667,0.051667,0.025000,0.041667,0.021667,0.023333,0.020000,0.031667,0.021667,0.030000,0.031667,0.021667,0.023333,0.026667,0.020000,0.061667,0.020000,0.023333,0.023333,0.016667,0.021667,0.056667,0.016667,0.015000,0.016667,0.016667,0.035000,0.023333,0.015000,0.026667,0.013333,0.026667,0.063333,0.016667,0.025000,0.028333,0.026667,0.030000,0.080000,0.043333,0.033333,0.030000,0.035000,0.025000,0.035000,0.026667,0.015000,0.033333,0.031667,0.025000,0.025000,0.025000,0.033333,0.025000,0.025000,0.053333,0.035000,0.030000,0.031667,0.025000,0.025000,0.060000,0.013333,0.025000,0.028333,0.070000,0.013333,0.018333,0.011667,0.011667,0.011667,0.013333,0.011667,0.013333,0.013333,0.013333,0.015000,0.016667,0.013333,0.013333,0.131667,0.010000,0.035000,0.035000,0.035000,0.035000,0.035000,0.201667,0.038333,0.035000,0.073333,0.035000,0.035000,0.036667,0.036667,0.035000,0.035000,0.035000,0.038333,0.040000,0.040000,0.041667,0.040000,0.038333,0.058333,0.036667,0.040000,0.040000,0.041667,0.040000,0.040000,0.040000,0.031667,0.071667,0.086667,0.086667,0.086667,0.088333,0.095000,0.086667,0.086667,0.086667,0.086667,0.088333,0.086667,0.086667,0.086667,0.086667,0.086667,0.086667,0.030000,0.031667,0.028333,0.030000,0.028333,0.028333,0.028333,0.028333,0.028333,0.028333,0.028333,0.028333,0.028333,0.028333,0.028333,0.030000,0.048333,0.048333,0.048333,0.045000,0.048333,0.048333,0.048333,0.048333,0.048333,0.048333,0.048333,0.048333,0.048333,0.048333,0.048333,0.048333,0.021667,0.025000,0.056667,0.023333,0.021667,0.021667,0.021667,0.028333,0.028333,0.021667,0.030000,0.023333,0.021667,0.023333,0.021667,0.035000,0.026667,0.026667,0.030000,0.028333,0.026667,0.030000,0.026667,0.026667,0.030000,0.026667,0.026667,0.028333,0.026667,0.028333,0.030000,0.026667,0.038333,0.033333,0.033333,0.051667,0.033333,0.033333,0.033333,0.033333,0.051667,0.038333,0.041667,0.033333,0.068333,0.033333,0.080000,0.070000,0.181667,0.046667,0.036667,0.038333,0.035000,0.046667,0.035000,0.035000,0.038333,0.035000,0.036667,0.035000,0.035000,0.036667,0.041667,0.041667,0.085000,0.058333,0.055000,0.056667,0.065000,0.056667,0.056667,0.056667,0.056667,0.056667,0.056667,0.058333,0.056667,0.056667,0.065000,0.060000,0.091667,0.080000,0.083333,0.080000,0.080000,0.080000,0.080000,0.080000,0.080000,0.080000,0.080000,0.081667,0.080000,0.080000,0.080000,0.086667,0.051667,0.056667,0.055000,0.051667,0.051667,0.070000,0.063333,0.051667,0.058333,0.065000,0.058333,0.051667,0.051667,0.051667,0.051667,0.051667,0.061667,0.065000,0.061667,0.061667,0.061667,0.061667,0.061667,0.061667,0.061667,0.063333,0.061667,0.061667,0.061667,0.061667,0.061667,0.061667,0.065000,0.065000,0.065000,0.076667,0.065000,0.065000,0.065000,0.068333,0.065000,0.065000,0.065000,0.065000,0.065000,0.065000,0.065000,0.070000,0.073333,0.073333,0.073333,0.080000,0.108333,0.073333,0.090000,0.083333,0.073333,0.073333,0.075000,0.091667,0.073333,0.073333,0.086667,0.073333,0.065000,0.068333,0.066667,0.068333,0.065000,0.065000, ,0.036667,0.066667,0.066667,0.068333,0.008333,0.068333,0.056667,0.070000,0.068333,0.058333,0.058333,0.061667,0.091667,0.058333,0.060000,0.058333,0.065000,0.058333,0.068333,0.060000,0.058333,0.058333,0.058333, ,0.066667,0.056667,0.058333,0.068333,0.056667,0.055000,0.055000,0.055000,0.053333,0.055000,0.055000,0.056667,0.076667,0.060000,0.055000,0.075000,0.066667
    IBI Coefficient of Variation,0.365418,0.546416,0.508375,0.371254,0.932668,0.568266,0.256811,0.491710,0.402669,0.383476,0.615367,1.005551,0.620040,0.360565,0.319552,0.279619,0.387473,0.417848,0.384596, ,0.381492,0.381651,0.397959,0.388112,0.382405,0.392881,0.406914,0.381804,1.102176,0.432976,0.375755,0.381974, , ,1.989436,1.147181, ,0.944892, , , , ,1.138013, , , , , ,0.550914,0.542126,0.531625,0.534126,0.543085,0.557910,0.524326,0.521949,0.572892,0.534469,0.532419,0.466738,2.045214,0.523594,0.560643,0.517632,0.415353,0.430970,0.416173,0.409025,0.695535,0.436646,0.443553,0.417258,0.424771,0.424645,0.421553,0.412395,1.035760,0.414356,0.415893, ,0.448683,0.440496,0.452490,0.446280,0.524164,0.449090,0.441640,0.509317,0.442214,0.473719,0.441891,0.440660, ,0.441790,0.447944,0.449861,0.366709,0.369946,0.417042,0.369444,0.390937,0.379518,0.369586,0.370943,0.370292,0.467002, ,0.390217,1.049238,0.376753,0.369426,0.371126,0.519224,0.524281,0.513500,0.526668,0.512481,0.512079,0.428094,0.518877,0.403329,0.501925,0.533472,0.511573,0.856138,0.483027,0.511539,0.511460,0.842276,0.648120,0.800309,0.777431,0.834751,0.648110,0.841361,0.676316,0.797413,0.928619,0.827436,0.767064,0.788292,0.843722,0.856780,0.677172,0.301693,0.250298,0.258233,0.498932,0.239360,0.240303,0.448643,0.228884,0.308650,0.256724,0.238943,0.241926,0.420365,0.275831,0.396924,0.245096,0.998870,1.054379,0.998641,1.081295,0.506797,0.819127,0.624744,0.573484,0.726013,0.759284,1.043403,1.085474,0.378286,1.013778,1.072212,0.795774,0.656517,0.555017,0.541256,0.632233,0.643965,0.750122,0.727360,0.551375,0.655987,0.656999,0.683637,0.634372,0.656362,0.671475,0.615500,0.676317,0.821476,0.844398,0.849738,0.844412,0.841670,0.844608,0.844517,0.648593,0.832257,0.683699,0.811681,0.844985,0.685325,0.844325,0.844469,0.844982,0.986443,0.838196,0.787789,0.814579,1.027832,0.645389,1.048217,0.782530,0.783314, ,0.782392,0.637659,0.799414,0.783997,0.733587,0.786611,0.741498,0.930245,0.993267,0.996703,1.041216,0.808020,0.749848,0.899718,1.061257,0.840628,0.989918,0.805663,1.065475,1.045824,0.644966,1.091305,0.553514,0.556233,0.563913,0.514421,0.581046,0.547374,0.535960,0.657209,0.575222,0.657282,0.541617,0.555363,0.563589,0.580624,0.615861,0.551912,0.407348,0.404498,0.312866,0.362353,0.517553,0.362760,0.362634,0.409655,0.517581,0.312510,0.362436,0.362876,0.312029,0.362729,0.362692,0.423598,0.856281,0.737226,0.786855,0.834905,0.683432,0.961317,1.037485,0.755579,0.955046,0.689350,0.737578,0.789375,0.628485,0.737616,0.881693,0.835574,1.485080,1.488379,1.373461,1.251928,1.305008,1.104412,1.104437,1.247939,1.183721, ,1.247024,0.670231,1.104324,1.104396,1.247997,1.516558,1.057619,0.614943,0.943788,0.943432,0.943443,0.797450,0.942946,0.944026,0.943780,0.960268,0.994904,0.943809,0.943450,0.945165,0.919228,0.943186,0.388671,0.431143,1.010142,1.010130,0.600437,0.603410,0.925324,0.603400,0.709552,0.997614,0.925325,0.436830,0.825256,1.219121,0.608989,0.924199,0.752720,0.780621,0.840895,0.752555,0.753326,0.730666,0.775386,0.784104,0.752696,0.790469,0.752712,0.752405,0.738128,0.751979,0.752434,0.807388,0.762767,0.892392,0.831160,0.761535,0.763752,0.761922,0.763050,0.761953,0.775070,0.591708,0.764266,0.900583,0.761737,0.764532,0.761680,0.960588,0.612093,0.632487,0.552091,0.479035,0.646487,0.419439,0.532838,0.460092,0.770744,0.479082,0.596691,0.621586,0.587526,0.616479,0.636497,0.661992,0.830998,0.760908,0.859880,0.859332,0.860479,0.860387,0.799862,0.886034,0.518351,0.564537,0.860973,0.831006,0.408647,0.830996,0.613372,0.831485,1.186784,1.740091,1.109179,1.145743,1.035266,1.346762,1.109248,1.036234,0.993299,1.109159,1.185046,1.324003,1.035860,1.837360,1.035843,1.145788,0.860209,1.144226,0.865619,0.961809,1.144267,1.039245,1.144281,1.144201,1.008704,0.972217,1.032886,0.957209,0.910635,1.322359,1.815384,1.144268,1.173619,0.909066,1.066339,0.860349,0.724336,1.175299,1.164235,0.859363,1.129668,1.149896,1.392108,1.121976,0.761104,1.165339,1.075464,1.017121,0.935032,0.934646,0.776671,0.934135,0.934625,0.684912,0.661706,0.841388,1.019033,0.933868,0.934364,0.807823,0.855714,0.934612,0.895449,0.846012,1.104368,1.387422,0.950684,0.951200,0.966067,1.104543,0.950645,1.075048,1.103633,1.103584,1.146605,1.021822,1.051213,1.016677,0.501671,0.818644,0.777602,0.778262,0.777524,0.777593,0.777633,0.441272,0.791832,0.777943,0.864919,0.780211,0.779894,0.749002,0.823230,0.780740,0.781046,0.777603,0.787730,0.817674,0.818273,0.809807,0.817782,0.776993,0.933484,0.733261,0.817591,0.818207,0.864753,0.818357,0.817967,0.818418,0.584490,1.092666,0.437823,0.437902,0.437660,0.460413,0.459542,0.437940,0.437847,0.437943,0.437919,0.461967,0.437884,0.437941,0.438131,0.438051,0.437522,0.437914,1.350928,1.375656,1.289055,1.350266,1.289072,1.289058,1.289452,1.288973,1.289080,1.289014,1.289093,1.288924,1.289142,1.288940,1.289069,1.346041,1.511351,1.511285,1.511787,1.437708,1.511733,1.511252,1.511255,1.512525,1.510641,1.511303,1.511202,1.511387,1.511225,1.511260,1.511634,1.511559,0.677906,0.817590,1.226973,0.763117,0.677793,0.677786,0.678516,0.943246,0.964132,0.677970,0.774477,0.759425,0.677683,0.759368,0.677693,0.945686,0.464730,0.464231,0.602198,0.531154,0.464389,0.602349,0.464569,0.464392,0.602047,0.464686,0.464856,0.466223,0.464463,0.530773,0.602518,0.464429,0.526253,0.452936,0.453085,0.624904,0.452611,0.452954,0.452979,0.452700,0.546838,0.535263,0.501779,0.453046,0.609643,0.453037,0.759837,0.687933,1.252008,0.492651,0.465247,0.537087,0.436600,0.762103,0.435890,0.435277,0.484742,0.435868,0.489748,0.435514,0.435356,0.375547,0.563340,0.643226,0.978188,0.618456,0.584468,0.617575,0.696738,0.616428,0.617311,0.613951,0.616120,0.616206,0.617189,0.647668,0.616226,0.616270,0.670178,0.658420,0.676502,0.540218,0.580107,0.540983,0.539779,0.540708,0.540432,0.539984,0.542361,0.540664,0.540379,0.562684,0.539852,0.541644,0.539743,0.616153,0.603101,0.671844,0.560473,0.602991,0.603151,0.458926,0.579256,0.602945,0.603869,0.524893,0.422694,0.602811,0.603134,0.602871,0.603029,0.603183,0.381546,0.448444,0.381871,0.381687,0.382229,0.377815,0.378674,0.381702,0.379175,0.397439,0.381339,0.378156,0.377483,0.381922,0.379558,0.379347,0.343098,0.340217,0.340755,0.437717,0.340961,0.340182,0.341011,0.337039,0.340634,0.340510,0.340174,0.340446,0.340559,0.341731,0.340432,0.435343,0.404184,0.402176,0.403810,0.500634,0.566555,0.406532,0.496301,0.466466,0.404115,0.403037,0.419559,0.487803,0.402510,0.406512,0.493664,0.406168,0.485429,0.544411,0.516594,0.544668,0.485834,0.485716, ,0.624364,0.515571,0.515568,0.545067,0.972811,0.544426,0.723180,0.566654,0.545717,0.433176,0.433418,0.489216,0.592100,0.432549,0.460193,0.431957,0.489273,0.432116,0.556949,0.445213,0.433508,0.432402,0.433603, ,0.507924,0.498176,0.508909,0.536189,0.500875,0.467265,0.467312,0.467499,0.431403,0.466996,0.467538,0.468935,0.698490,0.559943,0.467392,0.618014,0.581235
    Normalized Duration IQR,0.590403,0.386018,0.549361,0.566890,0.713238,0.353254,0.438088,0.551313,0.393888,0.420677,1.424574,0.531317,0.660291,1.073706,0.750251,0.322072,0.218963,0.320372,0.479774, ,0.468296,0.261974,0.433446,0.392926,0.385685,0.372618,0.256179,0.257658,0.000000,0.365183,0.588911,0.219496, , ,0.313518,0.222898, ,0.420589, , , , ,0.095211, , , , , ,0.419736,0.648182,0.340848,0.307753,0.438651,0.714456,0.596781,0.379660,0.477246,0.536006,0.400358,0.454560,1.265595,0.533810,0.555352,0.440065,0.594772,0.605229,0.599641,0.600669,1.090415,0.727965,0.582158,0.653495,0.432137,0.393829,0.625919,0.704692,0.638801,0.404341,0.648218, ,0.424976,0.387821,0.369334,0.435976,0.419726,0.576960,0.399591,0.657472,0.428813,0.426548,0.274097,0.293869, ,0.299773,0.437118,0.348538,0.351352,0.371715,0.359079,0.334375,0.429983,0.344935,0.512252,0.363050,0.317236,0.299880, ,0.282723,2.081949,0.347034,0.287434,0.501230,0.394716,0.399052,0.407399,0.452195,0.295432,0.360871,0.715303,0.360347,0.744128,0.453352,0.355621,0.492231,3.066792,0.379249,0.404717,0.507053,1.993415,0.325000,0.680398,0.461036,0.566571,0.233225,0.629674,0.114322,0.593077,4.792275,0.589981,0.287644,0.311450,3.926400,0.326101,0.727832,0.270249,1.137501,0.106580,3.502641,0.000000,0.405404,0.697776,0.480327,0.336035,0.200521,0.385132,0.277696,2.748325,0.325564,5.669403,0.427595,1.557487,0.568320,2.237802,0.594419,0.158236,1.118670,0.219045,0.944873,0.934293,1.025767,0.327982,0.410583,0.462998,0.603740,0.427048,4.027016,0.180686,6.349263,0.270736,1.100932,1.984363,1.129798,0.454587,0.839967,0.141225,0.212316,0.082211,1.039064,0.285023,0.831914,1.929242,2.176089,0.232575,0.163830,0.315973,0.187173,0.273947,0.000000,0.187524,1.544049,0.220809,1.227071,1.230976,0.266602,0.167056,0.405958,0.095152,0.153716,5.686037,0.352664,1.490324,0.179520,4.109432,1.007680,10.525277,1.655094,0.107311, ,0.222643,0.834168,0.230965,0.238788,0.267361,0.218464,2.585441,2.906668,0.305929,0.434764,0.149940,3.255003,1.105796,7.499613,0.294967,3.937996,1.713260,2.337331,0.104795,0.197047,0.319911,0.619571,0.517046,0.560326,0.876606,1.656523,0.673751,0.484230,0.846786,1.463452,0.861941,1.437040,0.466015,0.536950,4.932469,0.365997,0.907601,0.541277,0.215956,0.174634,0.555988,0.312162,1.090540,0.196841,0.187173,0.373031,1.347444,0.494688,0.380898,0.266649,0.124009,0.152685,0.154285,0.743844,0.388889,0.260949,0.591808,0.629758,0.341173,0.477057,7.642155,0.333890,0.277747,9.347075,0.082022,1.514253,0.358782,0.297799,0.200521,1.701376,0.571000,0.135095,0.242647,0.041636,0.297139,0.228081,0.098214,0.169134,0.227559, ,0.228348,0.297351,0.391016,0.233181,0.064183,0.910095,0.371108,0.611451,0.637039,0.115536,0.107866,0.998007,0.334291,0.438574,0.879305,0.268077,0.366782,0.000000,0.152313,0.273438,1.810295,0.064266,0.581872,9.856493,0.128377,0.206001,10.548588,8.637593,0.283811,9.335761,1.304150,0.388071,0.242549,1.960736, ,0.359813,5.965718,1.882556,0.104883,1.415343,2.141179,0.000000,0.867586,0.245825,1.009814,0.000000,0.000000,0.627623,0.000000,0.132408,0.219133,0.457705,1.113461,0.174593,0.379814,0.863304,0.221853,0.291871,0.530293,0.056643,0.456283,0.115964,0.532793,0.448937,0.165182,0.248511,0.148561,0.299291,0.347932,0.155706,7.017674,5.450834,3.888781,0.292348,0.285674,1.380875,1.252375,0.317254,0.651058,0.274397,0.306023,1.506639,0.457496,0.334336,0.607731,0.433409,4.131223,0.322725,0.285348,0.269159,3.072152,1.224505,2.387795,1.711974,9.587430,0.457663,0.403521,0.789625,0.751954,3.971285,2.892801,3.013766,1.585870,2.391066,0.622926,3.643822,0.171836,1.602180,0.854513,3.787927,1.078222,1.107792,0.802084,1.335024,0.198769,0.940319,0.187360,1.110578,0.776242,0.364584,0.175000,1.037821,0.068996,0.413149,0.199681,0.241042,0.381479,1.831535,1.152165,4.798690,0.314780,0.581752,0.109184,0.231971,0.639146,0.385000,0.256316,3.576341,1.764397,0.742323,0.562107,1.126863,0.511094,0.329060,1.235052,0.495055,13.882759,0.595267,0.827958,2.437086,0.154475,0.277850,0.815369,1.779557,0.123886,1.217535,0.745817,1.032540,0.207677,0.145101,0.390711,1.252456,0.448076,0.141225,0.898418,1.017095,0.081118,2.479830,0.092071,0.306572,0.194445,0.341250,0.236531,2.542438,0.120835,0.078695,0.546813,1.955304,0.176233,0.224995,0.145947,0.195127,0.208542,0.299581,0.268509,0.292348,0.343161,0.314385,0.360072,0.097222,0.642272,0.245756,0.261768,0.194596,0.000000,0.170994,0.273797,0.182798,12.709203,0.154404,0.293790,1.203126,0.085585,0.225994,3.109538,0.311877,0.077477,0.475209,1.920926,0.189201,0.099424,0.195051,1.548634,4.506949,0.122612,0.256273,0.316106,0.087134,0.374346,0.304441,0.087931,0.255531,0.275910,0.135124,0.207332,0.277850,0.440194,0.252650,0.233152,0.150481,0.272505,0.756958,0.230433,0.535724,0.071623,0.096622,0.310484,0.185591,0.220291,0.257990,0.103239,0.851191,0.000000,0.161348,0.106309,0.295979,0.487953,0.553840,0.746644,1.078665,0.544496,0.414322,0.448018,0.872821,0.594984,0.415304,0.434840,0.506990,0.169202,1.094634,1.195463,0.617684,0.557528,0.553039,1.964673,0.515980,0.080003,0.080003,0.608458,0.314912,0.215640,0.406985,1.842296,0.319809,0.155242,0.285348,0.000000,1.364293,0.098099,0.089152,0.053736,0.059640,0.174878,0.155210,0.220194,0.099821,0.092943,0.000000,0.136711,0.151943,0.128995,0.058579,0.061066,0.064216,0.537018,0.000000,0.229377,1.540130,0.244783,0.165619,0.090018,0.265377,1.025056,0.727472,0.580089,0.094577,1.126821,0.273498,1.239213,0.340856,0.396362,0.213197,0.224843,0.884723,0.281813,1.058588,0.199244,0.244226,0.275151,0.574133,0.207218,0.151851,0.000000,0.640245,0.319378,0.380705,9.654214,0.226266,0.205291,0.239321,0.265658,0.307685,0.340755,0.234940,0.076459,0.145706,0.267290,0.684895,0.000000,0.083920,1.128270,0.311179,0.242491,0.040214,0.343750,0.185165,0.000000,0.125691,0.096139,0.000000,0.444968,0.674756,0.174593,0.091700,0.136228,0.202086,0.000000,0.270687,0.144236,1.898023,0.578747,0.161452,0.168405,0.714083,1.027019,0.539850,0.726566,0.803802,0.531214,0.208310,0.312422,0.212677,0.274799,0.314528,0.449383,0.351179,0.695140,0.728884,0.685184,0.126071,0.262454,0.933770,0.369509,0.456578,0.370604,0.440892,0.000000,0.811571,0.218750,0.387784,0.459643,0.193692,0.295525,0.633262,0.223438,0.082809,0.537530,0.674832,0.181868,0.802727,0.212798,0.160417,0.000000,0.545076,0.476063,0.231098,0.707922,2.704965,0.426466,0.249419,1.945827,0.443992,0.882198,0.949024,0.392858,0.125944,0.780406,0.792409,0.126709,0.601770,0.662720,0.513439,0.100502,0.068003,0.000000,0.560262,0.195814,0.206307, ,0.914435,0.470395,0.354749,0.157489,1.245026,0.096398,0.424513,0.385594,0.407043,0.358730,0.405652,0.283345,0.572819,0.363384,0.459512,0.322591,0.422879,0.387865,0.856728,0.318038,0.451389,0.000000,0.623340, ,0.243909,0.748452,0.410824,0.686643,0.599299,0.446079,0.462356,0.560596,0.660640,1.080626,0.647402,0.831899,2.140721,0.587902,0.173303,2.023775,0.953594
    Burst Percentage,56.622285,66.654572,53.931712,56.077075,38.816056,45.645201,68.783474,44.743967,65.270758,59.660823,41.643836,9.148760,8.425721,57.107143,54.858622,69.745293,84.206992,80.235853,74.597906, ,75.945136,86.504270,67.667762,66.638136,83.919209,75.402256,82.013109,83.271591,11.264368,48.766112,72.327633,84.393305,0.000000,0.000000,14.506296,26.098485,0.000000,1.494253,0.000000,0.000000,0.000000,0.000000,6.132075,0.000000,0.000000,0.990099,1.004016,0.000000,64.848422,70.088703,81.327988,81.387389,80.625595,79.516246,76.451432,81.767372,75.176700,78.848233,83.649033,74.901138,13.592233,75.602388,62.838554,81.873471,70.585386,56.224022,68.307263,61.704099,44.405594,51.114168,70.133088,67.730450,70.257465,76.410823,63.819206,51.993337,44.434858,60.158990,65.421030, ,60.477500,59.594223,54.844781,59.899492,64.998526,72.779333,68.922791,46.194584,83.403182,60.540373,79.932926,75.784468,2.277904,81.447941,64.021208,67.758138,65.713902,76.803192,56.275748,72.070669,61.782592,80.451459,74.899619,78.652948,81.582301,66.175679, ,73.957219,12.748344,73.836188,79.507209,81.390580,85.297555,76.106361,82.721476,73.299311,82.928852,76.585790,44.838519,82.745468,61.312975,78.546176,71.740447,86.414513,10.256410,81.862052,80.850864,82.150436,33.874949,87.009063,54.465131,38.227901,83.139039,86.862745,91.441970,88.249400,65.539373,83.657588,49.625420,75.239756,53.110048,87.859097,81.603953,83.768282,60.686972,69.088954,86.513883,78.106185,98.615385,63.828797,43.060885,42.739189,54.138702,94.779116,77.509456,68.670310,61.779519,40.273409,75.329615,40.248094,42.352710,77.638454,54.548949,63.061485,71.209775,50.029183,72.988403,78.284343,96.452673,61.780105,43.162634,94.977169,50.606586,57.118900,88.840737,75.191894,90.702479,65.597283,68.705234,72.762923,78.961385,60.178032,23.209145,47.708114,13.875124,72.524102,30.126404,42.708969,93.265132,46.744587,41.824953,76.719382,60.084826,55.687500,49.329875,77.828619,87.891242,96.699438,61.492537,68.350230,65.154307,81.572482,46.174722,16.938324,82.276657,81.303669,61.447368,25.592205,45.787351,48.139668,37.620027,43.025690,32.441526,74.807502,68.223760,51.604621,93.890490, ,70.950888,73.472429,80.852843,41.038757,25.251869,75.732601,64.429530,42.245769,54.939233,47.585071,56.512668,69.862531,59.247530,57.661017,36.212958,55.509356,66.443988,68.142337,49.449497,67.807487,68.057289,56.044455,78.451178,45.669848,72.420552,89.729415,70.057582,58.550015,77.785073,76.316672,40.122358,88.319569,89.082831,73.811802,61.645227,71.153846,38.259013,73.818252,71.704903,90.503876,49.230005,65.595943,96.555379,87.282362,98.504028,94.506310,80.667744,85.741445,91.944619,94.330855,98.541329,95.234493,91.674208,78.067387,94.879518,88.133874,75.385935,38.151659,98.710866,51.621745,91.184097,51.993786,95.850067,92.477876,84.095427,85.454545,90.530303,24.329564,36.470588,95.381883,94.860814,49.915398,79.601990,49.637306,94.845361,89.189189,88.063660,69.275029,82.719547, ,59.411240,78.056001,98.816568,20.680045,8.705666,70.444763,81.513410,96.846847,74.108818,91.603053,85.762144,79.645191,93.667158,83.524027,90.956750,93.739968,79.744526,94.971264,98.974359,77.906977,68.547116,97.451274,53.682896,90.000000,98.916409,14.029338,72.500000,88.446215,85.454545,87.087087,94.237589,25.050020,92.074199,92.857143,64.825581,79.226069,61.800303,71.997255,78.292683,63.724928,45.195416,97.882939,74.474708,62.809258,91.722973,38.395522,84.974747,91.774892,90.551181,96.843615,96.793003,90.947908,52.221713,28.937661,55.199375,80.566281,91.954023,93.425076,54.277286,93.685756,98.625000,95.134228,86.719706,83.458647,89.354067,87.008234,90.045249,87.185355,88.997821,93.517407,64.312039,94.763092,68.900000,65.189873,79.899497,59.619173,51.369555,82.599021,65.757951,68.907563,67.838828,72.245179,84.461153,41.155450,41.933029,75.646372,95.786802,96.967341,89.895210,90.180033,95.828066,94.262842,91.590275,98.520345,96.049383,96.456086,98.200389,95.197978,80.936455,92.504931,87.513398,96.714129,80.804150,77.597403,91.091954,43.882710,92.476060,82.690058,85.824742,93.351425,92.095808,60.583942,91.419657,71.126761,98.897059,33.927208,96.732026,96.007260,35.345667,56.187625,14.989837,65.482503,95.538058,84.307692,91.393443,90.690209,46.888218,97.548161,91.376451,80.961924,96.610169,64.757359,41.779110,92.009685,82.534611,68.860056,48.443735,77.627535,54.959786,77.259475,92.057762,47.485002,75.209581,85.303514,25.684580,88.328076,92.907801,59.713518,47.316384,83.944954,75.285714,22.578728,85.738540,74.570447,89.751553,83.743842,89.316770,33.302152,64.011799,78.115502,80.483271,83.724696,64.615385,75.200000,48.329621,81.576200,90.361446,96.913580,89.019608,88.314176,84.736842,89.835165,97.590361,91.949153,96.052632,39.060206,80.985915,86.712486,97.156398,76.734694,46.877870,64.285714,94.962687,34.847630,69.055649,70.109748,62.660159,86.306874,59.435028,25.968254,46.255666,53.471894,18.971893,25.229494,98.663697,97.670084,96.510360,69.036697,89.952153,81.868812,23.307504,96.921724,99.065421,82.612533,53.914719,86.639004,71.675054,75.648813,66.284987,96.311475,97.542243,95.522388,79.494128,62.615643,97.274032,93.689320,97.712834,90.719570,96.379435,38.685088,97.340426,96.433289,98.697540,98.869347,65.833333,95.761857,90.833333,98.257840,72.088068,95.480881,97.242380,95.709178,95.509499,93.898810,96.632997,97.701149,94.887218,96.191927,97.953964,94.799406,82.099828,90.272374,95.151515,98.751950,95.000000,77.423168,90.109890,97.244094,41.952148,72.945411,95.288283,94.922989,80.000000,95.323077,83.748362,96.311761,96.721311,95.677233,96.437659,97.766990,96.349810,28.531250,95.897436,72.476089,13.115680,44.470046,96.057348,94.478528,90.026596,63.187251,82.708143,56.669499,77.836879,94.900850,75.304878,56.438632,98.011364,80.498282,32.992701,97.354497,88.761468,94.179104,79.907975,82.222222,98.791541,97.783934,96.917808,97.322835,95.867769,88.926174,95.319149,94.887218,94.421769,88.415446,82.004930,95.406360,90.425532,85.436284,71.839800,92.828685,83.730159,94.166667,73.095014,90.821256,89.192140,95.020747,66.585217,95.321637,90.232822,28.505232,43.008073,60.214413,44.091954,81.013825,35.376388,89.018303,88.137083,89.621318,90.800368,92.098332,99.462366,86.890244,99.378882,87.252369,75.172414,86.987522,87.024991,64.353000,77.650000,24.474589,84.045835,73.785425,89.857369,90.010917,96.423358,92.287234,93.128272,35.248963,97.468354,92.443730,67.615948,93.428571,94.576405,97.689769,95.231699,85.898354,99.116348,88.533989,93.121693,99.334996,92.195767,92.135836,95.055821,87.700935,98.827471,91.156169,97.832817,90.726817,88.856519,78.391421,78.396289,97.096774,96.759777,89.294063,79.561316,70.465337,73.611875,84.072345,88.483146,89.309091,98.913043,90.133125,98.550725,80.943571,95.715510,91.425565,97.254902,49.832888,95.697603,93.052900,94.635709,95.513308,89.129229,61.632653,95.192765,90.276680,99.434229,95.687885,90.962528,93.829401,65.619889,86.163836,95.254710,63.324979,92.933754,84.465446,87.671233,90.880667,94.901065,93.247344,95.182139,63.933692,83.241758,81.564845,42.002519,26.949089,84.326200,74.379345,80.436540,79.525971,87.098039,88.600805,51.513583,69.497468,83.934219,99.516908,81.523272,81.040383,86.571056,77.811924,52.839043,75.986079,99.551570,97.777778,95.757576,98.557159,99.260355,94.601889,0.000000,64.102564,91.612200,97.656841,97.359948,23.595506,92.938733,89.383562,97.660224,98.220397,86.167513,90.904894,81.895687,92.986040,37.749330,66.941808,58.333333,79.054054,91.984360,47.225981,47.750483,91.687192,91.995360,92.080312, ,90.705680,83.568075,85.273492,65.704079,89.596879,79.665220,84.159544,81.596244,86.136662,74.862293,86.884154,66.595631,73.749355,67.564870,92.237443,90.622261,37.217286
Viability Metrics
    Resistance (kOhms), , , , , , , , , , , , , , , , , , , , , , , , , , , , , , , , , , , , , , , , , , , , , , , , , , , , , , , , , , , , , , , , , , , , , , , , , , , , , , , , , , , , , , , , , , , , , , , , , , , , , , , , , , , , , , , , , , , , , , , , , , , , , , , , , , , , , , , , , , , , , , , , , , , , , , , , , , , , , , , , , , , , , , , , , , , , , , , , , , , , , , , , , , , , , , , , , , , , , , , , , , , , , , , , , , , , , , , , , , , , , , , , , , , , , , , , , , , , , , , , , , , , , , , , , , , , , , , , , , , , , , , , , , , , , , , , , , , , , , , , , , , , , , , , , , , , , , , , , , , , , , , , , , , , , , , , , , , , , , , , , , , , , , , , , , , , , , , , , , , , , , , , , , , , , , , , , , , , , , , , , , , , , , , , , , , , , , , , , , , , , , , , , , , , , , , , , , , , , , , , , , , , , , , , , , , , , , , , , , , , , , , , , , , , , , , , , , , , , , , , , , , , , , , , , , , , , , , , , , , , , , , , , , , , , , , , , , , , , , , , , , , , , , , , , , , , , , , , , , , , , , , , , , , , , , , , , , , , , , , , , , , , , , , , , , , , , , , , , , , , , , , , , , , , , , , , , , , , , , , , , , , , , , , , , , , , , , , , , , , , , , , , , , , , , , , , , , , , , , , , , , , , , , , , , , , , , , , , , , , , , , , , , , , , , , , , , , , , , , , , , , , , , , , , , , , , , , , , , , , , , , , , , , , , , , , , , , , , , , , , , , , , , , , , , , , , , , , , , , , , , , , , , , , , , , , , , , , , , , , , , , , , , , , , , , , , , , , , , , , , , , , , , , , , , , , , , , , , , , , , , , , , , , , , 

