AxIS Spike File,O:\DGK\IRAS\TOX\NTX\Users\Lennart\201023_LvM_256086_1268-20_MEA_rCortex_Permethrin_baseline_female_DIV11(000)_Spike Detector (7 x STD)(000).spk
File Type,48-well

Analysis Start,1200.000000
Analysis End,1800.000000
Active Electrode Criterion (spks/min),
Remove Coincident Artifacts,True

Electrode Burst Settings,
    Algorithm,Poisson Surprise,
    Min Surprise,10.000000

Network Burst Settings,
    Algorithm,ISI Threshold,Adaptive,
    Min # of Spikes,40.000000
    Min # of Electrodes (%),15.000000
Synchrony Settings,
    Synchrony Window,20.000000

Evoked Analysis Settings,
    Events,0 to 0
    Peri-stimulus Window Start (ms),0.000000
    Peri-stimulus Window End (ms),100.000000
    Bin Size (ms),1.000000

Well Averages,A1,A2,A3,A4,A5,A6,A7,A8,B1,B2,B3,B4,B5,B6,B7,B8,C1,C2,C3,C4,C5,C6,C7,C8,D1,D2,D3,D4,D5,D6,D7,D8,E1,E2,E3,E4,E5,E6,E7,E8,F1,F2,F3,F4,F5,F6,F7,F8,
Treatment/ID,,,,,,,,,,,,,,,,,,,,,,,,,,,,,,,,,,,,,,,,,,,,,,,,
Activity Metrics
    Number of Spikes,4859.000000,8983.000000,10310.000000,12867.000000,7961.000000,8315.000000,10983.000000,2643.000000,13463.000000,9953.000000,10306.000000,10566.000000,10014.000000,12389.000000,8690.000000,6094.000000,9455.000000,10634.000000,14855.000000,11458.000000,8301.000000,10459.000000,8680.000000,4640.000000,9660.000000,10883.000000,10115.000000,14391.000000,4661.000000,7763.000000,10203.000000,3166.000000,7675.000000,11736.000000,9166.000000,9123.000000,9522.000000,11992.000000,8950.000000,1.000000,5166.000000,8460.000000,5775.000000,7577.000000,3563.000000,7853.000000,5607.000000,1438.000000
    Mean Firing Rate (Hz),0.506146,0.935729,1.073958,1.340313,0.829271,0.866146,1.144063,0.275313,1.402396,1.036771,1.073542,1.100625,1.043125,1.290521,0.905208,0.634792,0.984896,1.107708,1.547396,1.193542,0.864688,1.089479,0.904167,0.483333,1.006250,1.133646,1.053646,1.499063,0.485521,0.808646,1.062812,0.329792,0.799479,1.222500,0.954792,0.950313,0.991875,1.249167,0.932292,0.000104,0.538125,0.881250,0.601563,0.789271,0.371146,0.818021,0.584063,0.149792
    ISI Coefficient of Variation - Avg,2.141222,2.118133,2.271603,2.629810,2.119883,2.249112,2.939530,2.475655,3.292359,2.770598,2.492123,2.254508,2.416877,2.408444,2.051936,1.282655,2.983329,2.674362,2.485937,2.208543,2.271137,2.228845,1.701016,2.108448,2.705745,2.216952,2.666810,2.514605,1.818232,2.053677,2.358791,1.920410,2.546150,2.631977,2.156996,2.005518,2.372569,1.997244,2.038182, ,4.756114,2.304150,2.387734,2.233745,1.778332,1.959480,2.278446,2.241645
    Number of Active Electrodes,10.000000,13.000000,15.000000,15.000000,12.000000,14.000000,15.000000,7.000000,15.000000,10.000000,14.000000,16.000000,14.000000,15.000000,12.000000,5.000000,9.000000,15.000000,15.000000,14.000000,13.000000,15.000000,13.000000,9.000000,12.000000,14.000000,11.000000,15.000000,11.000000,12.000000,13.000000,8.000000,13.000000,12.000000,13.000000,14.000000,13.000000,14.000000,15.000000,0.000000,8.000000,12.000000,10.000000,13.000000,9.000000,12.000000,8.000000,3.000000
    Weighted Mean Firing Rate (Hz),0.805833,1.146923,1.145000,1.429667,1.103056,0.989643,1.219222,0.625000,1.495778,1.648333,1.223333,1.100625,1.187976,1.373222,1.197778,2.019667,1.748148,1.181444,1.649667,1.361310,1.063974,1.162111,1.108846,0.836111,1.341667,1.295476,1.516515,1.599000,0.698182,1.070139,1.303333,0.651875,0.983333,1.623472,1.169744,1.085952,1.216282,1.425833,0.987889, ,1.064375,1.173889,0.961667,0.969359,0.646296,1.081944,1.135625,0.798333
Electrode Burst Metrics
    Number of Bursts,242.000000,594.000000,649.000000,1001.000000,516.000000,525.000000,619.000000,167.000000,821.000000,669.000000,687.000000,741.000000,725.000000,811.000000,588.000000,66.000000,529.000000,834.000000,970.000000,739.000000,672.000000,753.000000,306.000000,324.000000,617.000000,770.000000,653.000000,1052.000000,324.000000,588.000000,706.000000,240.000000,444.000000,799.000000,691.000000,514.000000,654.000000,669.000000,533.000000,0.000000,357.000000,590.000000,425.000000,433.000000,165.000000,424.000000,399.000000,100.000000
    Number of Bursting Electrodes,9.000000,12.000000,15.000000,15.000000,11.000000,14.000000,15.000000,5.000000,15.000000,10.000000,14.000000,16.000000,14.000000,15.000000,11.000000,3.000000,9.000000,15.000000,15.000000,14.000000,12.000000,14.000000,13.000000,7.000000,11.000000,12.000000,12.000000,15.000000,11.000000,11.000000,13.000000,5.000000,13.000000,12.000000,11.000000,13.000000,13.000000,14.000000,16.000000,0.000000,8.000000,12.000000,10.000000,13.000000,9.000000,12.000000,9.000000,2.000000
    Burst Duration - Avg (sec),0.110217,0.060547,0.170318,0.065353,0.106528,0.091589,0.109204,0.154006,0.083783,0.155944,0.090544,0.092205,0.094264,0.207366,0.057448,0.062319,0.109356,0.068230,0.107478,0.060530,0.069377,0.068160,0.117744,0.061569,0.068380,0.064199,0.126547,0.068700,0.082002,0.096638,0.090372,0.054689,0.127147,0.078598,0.077978,0.097218,0.073364,0.087551,0.090992, ,0.151923,0.082038,0.068125,0.071237,0.197639,0.091472,0.055502,0.064796
    Burst Duration - Std (sec),0.033125,0.020725,0.322875,0.017120,0.084055,0.075445,0.047655,0.086990,0.014498,0.179418,0.034154,0.051094,0.041230,0.326920,0.014592,0.014527,0.051970,0.032015,0.148523,0.016325,0.040712,0.020302,0.095960,0.037431,0.015391,0.028396,0.114073,0.036838,0.058331,0.100901,0.047685,0.008606,0.058837,0.030227,0.035411,0.057985,0.020683,0.047610,0.040788, ,0.145348,0.030940,0.017031,0.021438,0.184697,0.027390,0.008538,0.002936
    Number of Spikes per Burst - Avg,8.399675,8.824272,10.426386,9.812898,10.194858,10.159110,13.149013,8.380041,12.894218,12.008058,10.482355,9.470599,9.025356,13.813517,8.401286,6.055556,13.495581,10.015878,10.676436,8.774176,8.555367,8.439410,9.161596,6.990032,11.130198,9.260122,10.061111,9.523745,7.041618,8.617141,9.777667,7.022309,10.519099,10.566894,9.501883,9.441440,8.905504,8.377299,8.326923, ,11.243534,9.362805,8.511284,9.405181,9.683630,9.518522,8.158201,8.025641
    Number of Spikes per Burst - Std,4.394273,2.396954,4.013744,2.486046,1.744442,3.855575,4.557049,2.325707,6.899678,5.162300,2.330624,2.617683,1.954784,8.742397,2.456947,0.485722,3.773623,3.257701,1.761871,2.706983,1.962876,1.790235,2.412490,2.108023,5.276583,2.904174,3.442916,2.148623,1.727523,1.363416,2.468750,1.847101,4.290522,3.090568,2.628169,3.796864,2.567103,2.346860,2.100037, ,4.019862,2.680200,4.259483,4.416422,2.961512,2.535548,2.921493,3.336094
    Mean ISI within Burst - Avg (sec),0.016810,0.007775,0.013226,0.007968,0.011582,0.009943,0.008692,0.018210,0.008524,0.012375,0.008587,0.009594,0.012295,0.011793,0.007933,0.012372,0.009109,0.008021,0.010126,0.007991,0.008941,0.008557,0.012756,0.010026,0.007789,0.008097,0.014610,0.008090,0.011396,0.008630,0.011648,0.009793,0.013584,0.007210,0.007937,0.009820,0.008953,0.010516,0.012649, ,0.018972,0.009529,0.009200,0.009725,0.021326,0.010906,0.008415,0.009901
    Mean ISI within Burst - Std (sec),0.006145,0.001976,0.014255,0.004667,0.010877,0.004212,0.002735,0.006681,0.004901,0.011049,0.003660,0.004953,0.008731,0.008359,0.001594,0.003446,0.003837,0.006094,0.011008,0.001689,0.007097,0.002529,0.007304,0.003216,0.003622,0.004464,0.020126,0.006975,0.005716,0.005242,0.010558,0.003848,0.007787,0.002782,0.002634,0.004494,0.002124,0.005197,0.009399, ,0.026824,0.003311,0.002346,0.003265,0.015606,0.003614,0.003010,0.003962
    Median ISI within Burst - Avg (sec),0.013547,0.006328,0.012376,0.006893,0.008966,0.007999,0.006964,0.011958,0.006755,0.009526,0.006995,0.007378,0.010546,0.009888,0.006695,0.010890,0.007181,0.006954,0.008212,0.006041,0.007950,0.007203,0.010913,0.008360,0.006258,0.006454,0.010841,0.006477,0.008378,0.007085,0.010055,0.008917,0.010604,0.005871,0.006794,0.008458,0.007606,0.007443,0.009834, ,0.014799,0.007778,0.007908,0.008307,0.017701,0.009284,0.007205,0.008001
    Median ISI within Burst - Std (sec),0.005275,0.002105,0.015413,0.004643,0.006758,0.002908,0.002131,0.003969,0.003843,0.009098,0.003071,0.002736,0.008561,0.007601,0.001378,0.004359,0.003223,0.005864,0.007911,0.001665,0.007413,0.002225,0.006709,0.003483,0.003007,0.003852,0.013214,0.005705,0.003332,0.004276,0.009886,0.003666,0.005712,0.002371,0.002650,0.003739,0.002273,0.002525,0.006444, ,0.019696,0.002754,0.002044,0.003722,0.013191,0.003433,0.003080,0.002161
    Median/Mean ISI within Burst - Avg,0.822679,0.822725,0.864994,0.851394,0.834420,0.831249,0.824312,0.724877,0.820270,0.812027,0.829378,0.829614,0.858962,0.836598,0.855156,0.889575,0.795284,0.851086,0.843427,0.766883,0.866362,0.860976,0.867557,0.824293,0.823012,0.807947,0.839488,0.831165,0.809237,0.854289,0.848158,0.912904,0.846045,0.836082,0.861776,0.882161,0.858922,0.796503,0.835347, ,0.821829,0.843473,0.871477,0.845415,0.835739,0.855143,0.846228,0.884659
    Median/Mean ISI within Burst - Std,0.099543,0.055108,0.093248,0.052281,0.084129,0.094578,0.064377,0.191651,0.050423,0.069006,0.050517,0.093366,0.088029,0.076953,0.032514,0.122130,0.062636,0.064278,0.057487,0.099474,0.044647,0.050289,0.095775,0.117847,0.042299,0.051562,0.079573,0.032970,0.094549,0.034491,0.047239,0.035794,0.045593,0.042510,0.073640,0.067929,0.087449,0.051926,0.129897, ,0.055660,0.080461,0.038497,0.117469,0.055040,0.061243,0.061279,0.049629
    Inter-Burst Interval - Avg (sec),36.901491,15.315385,33.882933,15.018181,22.231076,38.384472,30.202560,81.223778,28.702641,19.215754,18.071610,21.804016,30.565939,21.749716,40.231145,60.652040,12.317187,13.425402,11.736748,16.430119,24.410311,19.107523,76.696934,20.260725,52.677787,16.603740,22.313128,13.053572,33.547884,25.752549,50.590487,11.385530,41.378073,18.239268,25.946673,44.760333,23.611243,38.436293,31.392083, ,15.341425,30.609493,24.601705,26.122351,110.386882,45.213015,17.004491,38.982635
    Inter-Burst Interval - Std (sec),25.553833,13.104167,42.294883,15.816425,25.747570,69.636118,55.324210,133.074948,66.900884,25.358043,10.648657,21.064972,51.849945,27.544592,87.335326,71.737511,7.880094,10.107754,7.057844,11.517158,44.746238,17.634386,130.388493,21.650238,134.706184,17.870747,24.456965,12.379201,23.769972,30.966368,99.880904,4.479521,50.223782,20.780579,27.600132,40.797524,31.425166,39.991735,41.589963, ,11.153886,39.555648,28.305069,23.195483,133.170093,48.957921,10.954821,45.825533
    Burst Frequency - Avg (Hz),0.044815,0.082500,0.072111,0.111222,0.078182,0.062500,0.068778,0.055667,0.091222,0.111500,0.081786,0.077188,0.086310,0.090111,0.089091,0.036667,0.097963,0.092667,0.107778,0.087976,0.093333,0.089643,0.039231,0.077143,0.093485,0.106944,0.090694,0.116889,0.049091,0.089091,0.090513,0.080000,0.056923,0.110972,0.104697,0.065897,0.083846,0.079643,0.055521, ,0.074375,0.081944,0.070833,0.055513,0.030556,0.058889,0.073889,0.083333
    Burst Frequency - Std (Hz),0.039786,0.047122,0.052635,0.055964,0.056191,0.043421,0.028245,0.042746,0.044559,0.078349,0.054973,0.055169,0.060370,0.079571,0.060683,0.054949,0.036522,0.046657,0.063838,0.061165,0.047231,0.055293,0.037575,0.054055,0.055244,0.062137,0.073867,0.070960,0.052875,0.057607,0.067108,0.059698,0.040080,0.069810,0.080439,0.074603,0.052332,0.084373,0.050151, ,0.045346,0.056353,0.038299,0.045269,0.030459,0.059579,0.056765,0.096638
    IBI Coefficient of Variation - Avg,0.659602,0.587016,0.608488,0.465264,0.623582,0.673204,0.601777,0.656285,0.491124,0.598232,0.701086,0.685620,0.635328,0.584622,0.586725,0.713452,0.573324,0.515366,0.626904,0.566235,0.613651,0.748331,0.802912,0.748366,0.510998,0.591630,0.740388,0.570300,0.591515,0.702753,0.662343,0.644246,0.572193,0.594844,0.680845,0.678461,0.606213,0.705352,0.690914, ,1.245067,0.569884,0.541159,0.624743,0.802384,0.757728,0.551606,0.745421
    IBI Coefficient of Variation - Std,0.171175,0.168339,0.152737,0.116514,0.153775,0.212933,0.124631,0.112027,0.123720,0.387977,0.228112,0.192493,0.161225,0.209664,0.168601,0.009892,0.201268,0.247435,0.138049,0.169517,0.120089,0.224029,0.208725,0.233492,0.162440,0.246344,0.227179,0.154751,0.194051,0.153800,0.254088,0.245180,0.160766,0.214705,0.264213,0.338765,0.246889,0.256324,0.296871, ,0.046220,0.188059,0.145225,0.189585,0.339069,0.216446,0.148069,0.211745
    Burst Percentage - Avg,34.004665,45.867676,53.094812,73.623552,45.193328,54.727542,72.556921,27.171178,73.035574,53.423357,57.347151,57.128591,52.498684,51.663932,43.171728,8.493886,68.395569,71.252915,59.011805,47.113643,52.947455,54.028076,29.934929,28.334829,63.859425,51.237319,49.958629,64.166824,34.050236,41.124196,55.663039,28.179446,54.769365,58.469027,45.637597,37.137723,54.844934,36.989963,43.965467,0.000000,53.540365,51.463740,53.004734,48.174068,28.726914,38.717149,41.618322,28.252834
    Burst Percentage - Std,27.695422,30.093323,31.610325,28.390200,33.527557,23.528119,28.520324,37.576291,36.728033,41.327892,29.939324,27.164581,33.018520,39.394570,31.559473,20.036113,29.536004,31.580562,28.321860,30.441025,34.934409,28.346268,21.278768,35.773122,38.908434,35.329164,31.161429,28.779298,32.553328,33.811627,35.048577,37.541067,33.243137,34.803328,39.148391,35.177319,29.493312,29.980509,24.527711, ,46.370235,34.765626,34.561850,33.059139,27.117362,30.510335,34.516184,47.782707
Network Burst Metrics
    Number of Network Bursts,71.000000,95.000000,98.000000,102.000000,86.000000,77.000000,57.000000,22.000000,75.000000,111.000000,103.000000,104.000000,110.000000,119.000000,112.000000,0.000000,79.000000,84.000000,138.000000,125.000000,102.000000,119.000000,69.000000,81.000000,84.000000,117.000000,125.000000,137.000000,51.000000,115.000000,112.000000,15.000000,64.000000,119.000000,121.000000,116.000000,105.000000,160.000000,105.000000,0.000000,64.000000,91.000000,70.000000,70.000000,34.000000,81.000000,68.000000,0.000000
    Network Burst Frequency,0.118333,0.158333,0.163333,0.170000,0.143333,0.128333,0.095000,0.036667,0.125000,0.185000,0.171667,0.173333,0.183333,0.198333,0.186667, ,0.131667,0.140000,0.230000,0.208333,0.170000,0.198333,0.115000,0.135000,0.140000,0.195000,0.208333,0.228333,0.085000,0.191667,0.186667,0.025000,0.106667,0.198333,0.201667,0.193333,0.175000,0.266667,0.175000, ,0.106667,0.151667,0.116667,0.116667,0.056667,0.135000,0.113333, 
    Network Burst Duration - Avg (sec),0.185086,0.165743,0.120674,0.122813,0.093317,0.159012,0.230919,0.340833,0.145260,0.147113,0.136729,0.119189,0.129482,0.132568,0.114256, ,0.236436,0.104722,0.121172,0.107837,0.089839,0.096118,0.190774,0.169873,0.118273,0.189443,0.251234,0.087298,0.116916,0.093120,0.099274,0.091285,0.192840,0.111011,0.084357,0.096056,0.169325,0.099102,0.108853, ,0.157565,0.143021,0.126723,0.204168,0.209480,0.140965,0.087060, 
    Network Burst Duration - Std (sec),0.098375,0.136038,0.122643,0.113811,0.098021,0.128040,0.153157,0.085185,0.141841,0.250756,0.136469,0.129422,0.185986,0.132981,0.073936, ,0.107176,0.094851,0.117418,0.050827,0.108931,0.082628,0.121492,0.049687,0.098660,0.175992,0.386765,0.119890,0.221122,0.130968,0.089731,0.015281,0.176127,0.174192,0.086400,0.100063,0.177094,0.115443,0.096340, ,0.109749,0.158564,0.147993,0.276857,0.136027,0.119038,0.044606, 
    Number of Spikes per Network Burst - Avg,60.000000,77.778947,95.122449,122.911765,77.720930,94.701299,165.596491,48.227273,178.480000,88.819820,98.436893,96.663462,89.727273,103.000000,70.946429, ,106.620253,124.964286,105.355072,87.336000,78.254902,86.722689,65.898551,48.802469,109.059524,89.726496,79.960000,104.817518,59.843137,64.026087,88.750000,44.133333,111.062500,97.378151,74.198347,75.724138,88.638095,71.656250,76.980952, ,80.437500,86.164835,76.214286,94.485714,58.794118,75.654321,63.397059, 
    Number of Spikes per Network Burst - Std,15.333437,32.446414,92.687288,69.873309,66.967885,72.340035,128.473157,7.367443,133.053572,64.599775,102.322028,91.576761,69.428322,89.313294,24.334323, ,64.415380,95.974576,86.570995,35.711420,66.592850,62.557218,49.176197,5.063151,58.761177,31.828913,71.205224,101.754117,30.709850,69.647667,66.907426,3.292126,77.530921,91.401145,62.653361,58.783699,54.818428,42.933772,62.390208, ,36.471287,56.997712,42.466318,49.181339,41.252937,55.243362,23.448985, 
    Mean ISI within Network Burst - Avg (sec),0.003046,0.002554,0.001436,0.001032,0.001242,0.001990,0.001576,0.007180,0.000776,0.001446,0.001467,0.001301,0.001486,0.001310,0.001656, ,0.002322,0.000853,0.001366,0.001444,0.001166,0.001155,0.003245,0.003558,0.001156,0.002225,0.003147,0.000844,0.001575,0.001467,0.001162,0.002113,0.001764,0.001056,0.001156,0.001235,0.001954,0.001373,0.001564, ,0.001906,0.001731,0.001480,0.002386,0.003760,0.002038,0.001381, 
    Mean ISI within Network Burst - Std (sec),0.001203,0.002490,0.000983,0.001019,0.000408,0.001808,0.000742,0.001231,0.000176,0.001616,0.000914,0.000788,0.001574,0.000705,0.000983, ,0.000648,0.000399,0.001599,0.001031,0.000565,0.000555,0.001671,0.001001,0.000663,0.002099,0.004376,0.000497,0.000958,0.001254,0.000423,0.000282,0.001195,0.000517,0.000562,0.000461,0.001489,0.000745,0.000900, ,0.000380,0.001569,0.000664,0.003659,0.001241,0.001284,0.000398, 
    Median ISI within Network Burst - Avg (sec),0.001638,0.001077,0.000564,0.000395,0.000703,0.000678,0.000547,0.003424,0.000394,0.000676,0.000590,0.000578,0.000632,0.000542,0.000754, ,0.000966,0.000398,0.000563,0.000689,0.000623,0.000584,0.001056,0.001445,0.000624,0.000647,0.000960,0.000382,0.000813,0.000576,0.000661,0.001619,0.000739,0.000502,0.000604,0.000705,0.000727,0.000653,0.000768, ,0.001086,0.000765,0.000835,0.000798,0.001706,0.000986,0.000758, 
    Median ISI within Network Burst - Std (sec),0.000351,0.001240,0.000211,0.000180,0.000238,0.000347,0.000196,0.000709,0.000069,0.000448,0.000241,0.000240,0.000254,0.000163,0.000286, ,0.000235,0.000148,0.000235,0.000343,0.000214,0.000217,0.000401,0.000237,0.000240,0.000400,0.001029,0.000119,0.000231,0.000173,0.000209,0.000223,0.000248,0.000203,0.000211,0.000214,0.000263,0.000243,0.000324, ,0.000219,0.000393,0.000198,0.000349,0.000409,0.000361,0.000202, 
    Median/Mean ISI within Network Burst - Avg,0.583198,0.472226,0.482049,0.469043,0.576497,0.399505,0.386712,0.480139,0.521284,0.580062,0.465279,0.495946,0.538234,0.468683,0.513062, ,0.440196,0.507991,0.503274,0.533048,0.567328,0.546578,0.386271,0.432718,0.584210,0.403141,0.487944,0.508210,0.566042,0.483671,0.580531,0.773414,0.490949,0.505572,0.560080,0.590021,0.473677,0.518491,0.526509, ,0.583515,0.544995,0.609603,0.449277,0.482447,0.546632,0.566900, 
    Median/Mean ISI within Network Burst - Std,0.168273,0.173516,0.179118,0.157603,0.107282,0.134397,0.130459,0.075789,0.099389,0.154840,0.160136,0.140325,0.153919,0.139806,0.136992, ,0.137068,0.140919,0.137344,0.136908,0.120927,0.140383,0.170596,0.118800,0.113972,0.186203,0.195441,0.129866,0.146590,0.160680,0.113983,0.112687,0.154560,0.137830,0.137023,0.118889,0.179571,0.128409,0.122069, ,0.121297,0.178760,0.141675,0.159028,0.128090,0.159088,0.128415, 
    Number of Elecs Participating in Burst - Avg,9.774648,11.884211,14.091837,14.794118,11.360465,13.467532,14.824561,7.318182,14.586667,10.072072,14.048544,15.086538,13.563636,14.218487,11.535714, ,9.075949,14.535714,14.789855,13.312000,12.333333,14.689076,12.260870,9.839506,11.059524,12.982906,10.600000,14.423358,11.333333,11.782609,12.196429,7.800000,12.906250,12.117647,12.528926,13.129310,13.076190,13.037500,14.352381, ,8.546875,11.901099,10.057143,12.285714,9.941176,12.000000,9.367647, 
    Number of Elecs Participating in Burst - Std,0.814111,1.755618,1.075373,0.602605,1.039375,1.058604,0.826412,0.716231,0.571705,0.828050,0.832886,1.062243,0.840787,1.136152,0.929289, ,0.474265,1.023182,0.688306,1.027179,0.836463,0.563703,0.979979,0.886803,0.840986,0.870819,1.545023,0.565199,0.683130,0.876422,0.957091,0.861892,0.583333,0.825201,1.169575,0.937436,0.702950,1.263356,1.143384, ,0.795417,0.495646,0.289213,1.156492,0.814311,1.183216,0.944812, 
    Number of Spikes per Network Burst per Channel - Avg,6.155399,6.479398,6.618798,8.267555,6.694624,6.942327,11.077438,6.603355,12.164796,8.793316,6.927625,6.327383,6.544577,7.182416,6.136618, ,11.713397,8.529048,7.037718,6.488275,6.345966,5.887156,5.323560,4.990236,9.787903,6.875687,7.389932,7.232924,5.277593,5.350101,7.139192,5.726376,8.532298,7.974278,5.844877,5.722573,6.737346,5.441265,5.269337, ,9.434952,7.220736,7.585556,7.532395,5.999168,6.244723,6.752529, 
    Number of Spikes per Network Burst per Channel - Std,1.557330,2.259870,6.092649,4.613049,5.075836,5.082440,8.345575,0.859646,8.797562,5.904284,6.774458,5.660475,4.587269,5.895406,1.911532, ,7.093680,5.971649,5.420844,2.399017,5.515941,4.154409,3.493920,0.611182,5.055927,2.238306,5.042803,6.770309,2.667551,4.917950,4.699504,0.784245,5.692054,7.064506,4.142163,4.149975,3.907545,2.859541,3.821899, ,4.120285,4.727145,4.252377,3.446150,4.430946,4.476066,2.250269, 
    Network Burst Percentage,87.672361,82.255371,90.417071,97.435300,83.959302,87.696933,85.941910,40.143776,99.428062,99.055561,98.379585,95.144804,98.562013,98.934539,91.438435, ,89.085140,98.711680,97.872770,95.278408,96.157090,98.671001,52.384793,85.193966,94.834369,96.462373,98.813643,99.784588,65.479511,94.847353,97.422327,20.909665,92.612378,98.738923,97.948942,96.284117,97.742071,95.605404,90.312849, ,99.651568,92.683215,92.380952,87.290484,56.104406,78.033872,76.886035, 
    Network IBI Coefficient of Variation,0.397006,0.385110,0.381240,0.316928,0.468548,0.459296,0.519058,0.580258,0.411965,0.311740,0.336157,0.447607,0.428669,0.358894,0.315216, ,0.406630,0.282197,0.366683,0.280271,0.343340,0.335725,0.471362,0.494390,0.397009,0.266798,0.529464,0.371468,0.494275,0.418336,0.316874,0.856288,0.462978,0.347247,0.356675,0.343892,0.291355,0.362100,0.464797, ,1.251607,0.332113,0.355293,0.469016,0.661361,0.534480,0.483003, 
    Network Normalized Duration IQR,0.642326,1.614518,0.719799,1.219411,0.542842,0.326059,0.465534,0.435380,0.477577,0.413409,0.763623,0.553651,0.350491,0.482736,0.673319, ,0.445285,0.490206,0.332191,0.427048,0.285837,0.398488,0.796975,0.185921,0.440388,1.115765,1.128383,0.491973,0.277132,0.324158,0.354797,0.233225,0.593362,0.269666,0.433459,0.412048,0.694175,0.642656,0.333964, ,0.230929,0.449686,0.349024,0.863473,0.294689,0.431764,0.383232, 
Synchrony Metrics
    Area Under Normalized Cross-Correlation,0.232704,0.508616,0.582642,0.751595,0.456396,0.595907,0.555300,0.190341,0.624354,0.422454,0.603332,0.655473,0.546499,0.557393,0.460781,0.085956,0.322772,0.712690,0.645435,0.563726,0.553515,0.632336,0.351444,0.282979,0.399642,0.550677,0.427387,0.711898,0.442728,0.587823,0.499295,0.191941,0.443345,0.554659,0.512560,0.440834,0.535152,0.532070,0.575768,0.000000,0.308222,0.504923,0.349716,0.384416,0.236582,0.354964,0.448566,0.096268
    Area Under Cross-Correlation,0.491583,2.078847,3.158903,5.552042,1.776833,2.282653,3.524389,0.138514,5.766681,2.555111,3.192667,3.243028,2.672972,3.872375,1.869111,0.075514,1.778833,4.567153,5.205139,3.222847,2.234931,3.100917,0.967806,0.504667,2.736431,3.235569,2.331472,6.014458,0.838972,1.982194,2.789403,0.266639,1.703972,3.784958,2.405583,2.109333,2.401264,2.823944,2.088653,0.000000,0.794167,2.005361,1.061278,1.684056,0.279056,1.304444,1.023083,0.037333
    Full Width at Half Height of Normalized Cross-Correlation,23.000000,15.000000,14.000000,13.000000,15.000000,14.000000,17.000000,20.000000,18.000000,14.000000,16.000000,19.000000,11.000000,13.000000,12.000000,36.000000,24.000000,12.000000,16.000000,14.000000,15.000000,15.000000,15.000000,43.000000,21.000000,13.000000,12.000000,10.000000,14.000000,16.000000,14.000000,16.000000,18.000000,11.000000,12.000000,14.000000,20.000000,11.000000,14.000000, ,26.000000,19.000000,14.000000,15.000000,18.000000,12.000000,13.000000,17.000000
    Full Width at Half Height of Cross-Correlation,79.000000,48.000000,56.000000,46.000000,53.000000,55.000000,87.000000,69.000000,74.000000,49.000000,53.000000,55.000000,58.000000,60.000000,49.000000,51.000000,93.000000,48.000000,62.000000,53.000000,48.000000,52.000000,53.000000,66.000000,66.000000,45.000000,54.000000,43.000000,40.000000,37.000000,65.000000,59.000000,80.000000,46.000000,45.000000,54.000000,61.000000,37.000000,56.000000, ,80.000000,58.000000,61.000000,69.000000,79.000000,69.000000,37.000000,59.000000
    Synchrony Index, , , , , , , , , , , , , , , , , , , , , , , , , , , , , , , , , , , , , , , , , , , , , , , , 
    Kreuz SPIKE Distance, , , , , , , , , , , , , , , , , , , , , , , , , , , , , , , , , , , , , , , , , , , , , , , , 
Evoked Metrics
    Number of Trials, , , , , , , , , , , , , , , , , , , , , , , , , , , , , , , , , , , , , , , , , , , , , , , , 
    Evoked Spike Count - Avg, , , , , , , , , , , , , , , , , , , , , , , , , , , , , , , , , , , , , , , , , , , , , , , , 
    Evoked Spike Count - Std, , , , , , , , , , , , , , , , , , , , , , , , , , , , , , , , , , , , , , , , , , , , , , , , 
    Evoked Response Probability, , , , , , , , , , , , , , , , , , , , , , , , , , , , , , , , , , , , , , , , , , , , , , , , 
    Evoked First Spike Latency (ms), , , , , , , , , , , , , , , , , , , , , , , , , , , , , , , , , , , , , , , , , , , , , , , , 
    Evoked Jitter (ms), , , , , , , , , , , , , , , , , , , , , , , , , , , , , , , , , , , , , , , , , , , , , , , , 

Measurement,A1_11,A1_12,A1_13,A1_14,A1_21,A1_22,A1_23,A1_24,A1_31,A1_32,A1_33,A1_34,A1_41,A1_42,A1_43,A1_44,A2_11,A2_12,A2_13,A2_14,A2_21,A2_22,A2_23,A2_24,A2_31,A2_32,A2_33,A2_34,A2_41,A2_42,A2_43,A2_44,A3_11,A3_12,A3_13,A3_14,A3_21,A3_22,A3_23,A3_24,A3_31,A3_32,A3_33,A3_34,A3_41,A3_42,A3_43,A3_44,A4_11,A4_12,A4_13,A4_14,A4_21,A4_22,A4_23,A4_24,A4_31,A4_32,A4_33,A4_34,A4_41,A4_42,A4_43,A4_44,A5_11,A5_12,A5_13,A5_14,A5_21,A5_22,A5_23,A5_24,A5_31,A5_32,A5_33,A5_34,A5_41,A5_42,A5_43,A5_44,A6_11,A6_12,A6_13,A6_14,A6_21,A6_22,A6_23,A6_24,A6_31,A6_32,A6_33,A6_34,A6_41,A6_42,A6_43,A6_44,A7_11,A7_12,A7_13,A7_14,A7_21,A7_22,A7_23,A7_24,A7_31,A7_32,A7_33,A7_34,A7_41,A7_42,A7_43,A7_44,A8_11,A8_12,A8_13,A8_14,A8_21,A8_22,A8_23,A8_24,A8_31,A8_32,A8_33,A8_34,A8_41,A8_42,A8_43,A8_44,B1_11,B1_12,B1_13,B1_14,B1_21,B1_22,B1_23,B1_24,B1_31,B1_32,B1_33,B1_34,B1_41,B1_42,B1_43,B1_44,B2_11,B2_12,B2_13,B2_14,B2_21,B2_22,B2_23,B2_24,B2_31,B2_32,B2_33,B2_34,B2_41,B2_42,B2_43,B2_44,B3_11,B3_12,B3_13,B3_14,B3_21,B3_22,B3_23,B3_24,B3_31,B3_32,B3_33,B3_34,B3_41,B3_42,B3_43,B3_44,B4_11,B4_12,B4_13,B4_14,B4_21,B4_22,B4_23,B4_24,B4_31,B4_32,B4_33,B4_34,B4_41,B4_42,B4_43,B4_44,B5_11,B5_12,B5_13,B5_14,B5_21,B5_22,B5_23,B5_24,B5_31,B5_32,B5_33,B5_34,B5_41,B5_42,B5_43,B5_44,B6_11,B6_12,B6_13,B6_14,B6_21,B6_22,B6_23,B6_24,B6_31,B6_32,B6_33,B6_34,B6_41,B6_42,B6_43,B6_44,B7_11,B7_12,B7_13,B7_14,B7_21,B7_22,B7_23,B7_24,B7_31,B7_32,B7_33,B7_34,B7_41,B7_42,B7_43,B7_44,B8_11,B8_12,B8_13,B8_14,B8_21,B8_22,B8_23,B8_24,B8_31,B8_32,B8_33,B8_34,B8_41,B8_42,B8_43,B8_44,C1_11,C1_12,C1_13,C1_14,C1_21,C1_22,C1_23,C1_24,C1_31,C1_32,C1_33,C1_34,C1_41,C1_42,C1_43,C1_44,C2_11,C2_12,C2_13,C2_14,C2_21,C2_22,C2_23,C2_24,C2_31,C2_32,C2_33,C2_34,C2_41,C2_42,C2_43,C2_44,C3_11,C3_12,C3_13,C3_14,C3_21,C3_22,C3_23,C3_24,C3_31,C3_32,C3_33,C3_34,C3_41,C3_42,C3_43,C3_44,C4_11,C4_12,C4_13,C4_14,C4_21,C4_22,C4_23,C4_24,C4_31,C4_32,C4_33,C4_34,C4_41,C4_42,C4_43,C4_44,C5_11,C5_12,C5_13,C5_14,C5_21,C5_22,C5_23,C5_24,C5_31,C5_32,C5_33,C5_34,C5_41,C5_42,C5_43,C5_44,C6_11,C6_12,C6_13,C6_14,C6_21,C6_22,C6_23,C6_24,C6_31,C6_32,C6_33,C6_34,C6_41,C6_42,C6_43,C6_44,C7_11,C7_12,C7_13,C7_14,C7_21,C7_22,C7_23,C7_24,C7_31,C7_32,C7_33,C7_34,C7_41,C7_42,C7_43,C7_44,C8_11,C8_12,C8_13,C8_14,C8_21,C8_22,C8_23,C8_24,C8_31,C8_32,C8_33,C8_34,C8_41,C8_42,C8_43,C8_44,D1_11,D1_12,D1_13,D1_14,D1_21,D1_22,D1_23,D1_24,D1_31,D1_32,D1_33,D1_34,D1_41,D1_42,D1_43,D1_44,D2_11,D2_12,D2_13,D2_14,D2_21,D2_22,D2_23,D2_24,D2_31,D2_32,D2_33,D2_34,D2_41,D2_42,D2_43,D2_44,D3_11,D3_12,D3_13,D3_14,D3_21,D3_22,D3_23,D3_24,D3_31,D3_32,D3_33,D3_34,D3_41,D3_42,D3_43,D3_44,D4_11,D4_12,D4_13,D4_14,D4_21,D4_22,D4_23,D4_24,D4_31,D4_32,D4_33,D4_34,D4_41,D4_42,D4_43,D4_44,D5_11,D5_12,D5_13,D5_14,D5_21,D5_22,D5_23,D5_24,D5_31,D5_32,D5_33,D5_34,D5_41,D5_42,D5_43,D5_44,D6_11,D6_12,D6_13,D6_14,D6_21,D6_22,D6_23,D6_24,D6_31,D6_32,D6_33,D6_34,D6_41,D6_42,D6_43,D6_44,D7_11,D7_12,D7_13,D7_14,D7_21,D7_22,D7_23,D7_24,D7_31,D7_32,D7_33,D7_34,D7_41,D7_42,D7_43,D7_44,D8_11,D8_12,D8_13,D8_14,D8_21,D8_22,D8_23,D8_24,D8_31,D8_32,D8_33,D8_34,D8_41,D8_42,D8_43,D8_44,E1_11,E1_12,E1_13,E1_14,E1_21,E1_22,E1_23,E1_24,E1_31,E1_32,E1_33,E1_34,E1_41,E1_42,E1_43,E1_44,E2_11,E2_12,E2_13,E2_14,E2_21,E2_22,E2_23,E2_24,E2_31,E2_32,E2_33,E2_34,E2_41,E2_42,E2_43,E2_44,E3_11,E3_12,E3_13,E3_14,E3_21,E3_22,E3_23,E3_24,E3_31,E3_32,E3_33,E3_34,E3_41,E3_42,E3_43,E3_44,E4_11,E4_12,E4_13,E4_14,E4_21,E4_22,E4_23,E4_24,E4_31,E4_32,E4_33,E4_34,E4_41,E4_42,E4_43,E4_44,E5_11,E5_12,E5_13,E5_14,E5_21,E5_22,E5_23,E5_24,E5_31,E5_32,E5_33,E5_34,E5_41,E5_42,E5_43,E5_44,E6_11,E6_12,E6_13,E6_14,E6_21,E6_22,E6_23,E6_24,E6_31,E6_32,E6_33,E6_34,E6_41,E6_42,E6_43,E6_44,E7_11,E7_12,E7_13,E7_14,E7_21,E7_22,E7_23,E7_24,E7_31,E7_32,E7_33,E7_34,E7_41,E7_42,E7_43,E7_44,E8_11,E8_12,E8_13,E8_14,E8_21,E8_22,E8_23,E8_24,E8_31,E8_32,E8_33,E8_34,E8_41,E8_42,E8_43,E8_44,F1_11,F1_12,F1_13,F1_14,F1_21,F1_22,F1_23,F1_24,F1_31,F1_32,F1_33,F1_34,F1_41,F1_42,F1_43,F1_44,F2_11,F2_12,F2_13,F2_14,F2_21,F2_22,F2_23,F2_24,F2_31,F2_32,F2_33,F2_34,F2_41,F2_42,F2_43,F2_44,F3_11,F3_12,F3_13,F3_14,F3_21,F3_22,F3_23,F3_24,F3_31,F3_32,F3_33,F3_34,F3_41,F3_42,F3_43,F3_44,F4_11,F4_12,F4_13,F4_14,F4_21,F4_22,F4_23,F4_24,F4_31,F4_32,F4_33,F4_34,F4_41,F4_42,F4_43,F4_44,F5_11,F5_12,F5_13,F5_14,F5_21,F5_22,F5_23,F5_24,F5_31,F5_32,F5_33,F5_34,F5_41,F5_42,F5_43,F5_44,F6_11,F6_12,F6_13,F6_14,F6_21,F6_22,F6_23,F6_24,F6_31,F6_32,F6_33,F6_34,F6_41,F6_42,F6_43,F6_44,F7_11,F7_12,F7_13,F7_14,F7_21,F7_22,F7_23,F7_24,F7_31,F7_32,F7_33,F7_34,F7_41,F7_42,F7_43,F7_44,F8_11,F8_12,F8_13,F8_14,F8_21,F8_22,F8_23,F8_24,F8_31,F8_32,F8_33,F8_34,F8_41,F8_42,F8_43,F8_44,
Activity Metrics
    Number of Spikes,24.000000,68.000000,614.000000,1725.000000,271.000000,0.000000,473.000000,0.000000,0.000000,0.000000,249.000000,0.000000,473.000000,264.000000,255.000000,443.000000,1032.000000,803.000000,627.000000,532.000000,0.000000,550.000000,805.000000,60.000000,467.000000,17.000000,1404.000000,128.000000,20.000000,179.000000,1509.000000,850.000000,512.000000,797.000000,689.000000,1010.000000,224.000000,1312.000000,531.000000,5.000000,511.000000,152.000000,492.000000,353.000000,651.000000,1008.000000,1373.000000,690.000000,864.000000,386.000000,1314.000000,1208.000000,687.000000,268.000000,1050.000000,721.000000,414.000000,1091.000000,1053.000000,0.000000,1643.000000,865.000000,297.000000,1006.000000,1070.000000,603.000000,61.000000,850.000000,356.000000,123.000000,1099.000000,11.000000,382.000000,0.000000,1431.000000,611.000000,599.000000,757.000000,0.000000,8.000000,475.000000,248.000000,193.000000,353.000000,0.000000,299.000000,2.000000,602.000000,192.000000,448.000000,410.000000,886.000000,1378.000000,1459.000000,979.000000,391.000000,2566.000000,584.000000,1243.000000,853.000000,119.000000,10.000000,664.000000,491.000000,493.000000,543.000000,308.000000,281.000000,766.000000,491.000000,938.000000,633.000000,0.000000,2.000000,0.000000,228.000000,1.000000,0.000000,0.000000,15.000000,619.000000,315.000000,0.000000,579.000000,106.000000,0.000000,672.000000,106.000000,1665.000000,969.000000,630.000000,501.000000,2216.000000,1118.000000,263.000000,1402.000000,110.000000,580.000000,505.000000,1534.000000,115.000000,1.000000,825.000000,1029.000000,551.000000,1528.000000,1579.000000,175.000000,0.000000,1880.000000,362.000000,0.000000,681.000000,426.000000,55.000000,4.000000,0.000000,1512.000000,4.000000,1196.000000,555.000000,989.000000,356.000000,491.000000,501.000000,1514.000000,8.000000,22.000000,506.000000,650.000000,375.000000,657.000000,1152.000000,477.000000,529.000000,1524.000000,692.000000,177.000000,1099.000000,1015.000000,412.000000,744.000000,244.000000,1012.000000,420.000000,1358.000000,760.000000,478.000000,350.000000,840.000000,90.000000,875.000000,704.000000,746.000000,1307.000000,264.000000,565.000000,100.000000,972.000000,1.000000,357.000000,1053.000000,754.000000,261.000000,733.000000,724.000000,34.000000,1439.000000,1249.000000,165.000000,151.000000,490.000000,1131.000000,1193.000000,1332.000000,211.000000,30.000000,2130.000000,348.000000,860.000000,1069.000000,165.000000,586.000000,1279.000000,687.000000,10.000000,0.000000,69.000000,1633.000000,431.000000,698.000000,631.000000,598.000000,1113.000000,56.000000,747.000000,451.000000,108.000000,1458.000000,0.000000,22.000000,0.000000,253.000000,0.000000,684.000000,0.000000,0.000000,5.000000,8.000000,0.000000,0.000000,0.000000,109.000000,4662.000000,0.000000,351.000000,1318.000000,0.000000,1631.000000,1101.000000,1256.000000,15.000000,0.000000,1237.000000,0.000000,253.000000,0.000000,0.000000,1021.000000,0.000000,517.000000,1106.000000,1090.000000,1666.000000,700.000000,424.000000,642.000000,466.000000,1.000000,109.000000,323.000000,243.000000,1065.000000,438.000000,1112.000000,831.000000,977.000000,547.000000,1291.000000,1441.000000,281.000000,1015.000000,537.000000,902.000000,482.000000,1512.000000,648.000000,498.000000,807.000000,8.000000,1368.000000,1173.000000,1158.000000,1734.000000,284.000000,1010.000000,1494.000000,1911.000000,511.000000,411.000000,757.000000,809.000000,16.000000,7.000000,95.000000,998.000000,783.000000,1059.000000,848.000000,465.000000,655.000000,747.000000,80.000000,699.000000,562.000000,158.000000,0.000000,466.000000,1.000000,451.000000,720.000000,666.000000,1.000000,1127.000000,881.000000,1087.000000,371.000000,755.000000,765.000000,702.000000,1205.000000,489.000000,883.000000,0.000000,550.000000,119.000000,1027.000000,403.000000,982.000000,404.000000,533.000000,1271.000000,409.000000,11.000000,1081.000000,313.000000,19.000000,387.000000,484.000000,1.000000,477.000000,271.000000,94.000000,242.000000,3704.000000,283.000000,556.000000,348.000000,0.000000,514.000000,46.000000,7.000000,0.000000,398.000000,1230.000000,283.000000,0.000000,281.000000,15.000000,759.000000,57.000000,321.000000,655.000000,74.000000,0.000000,956.000000,1710.000000,115.000000,838.000000,0.000000,356.000000,1309.000000,0.000000,0.000000,1029.000000,979.000000,79.000000,1704.000000,465.000000,120.000000,1779.000000,499.000000,821.000000,80.000000,0.000000,1698.000000,1.000000,586.000000,1000.000000,121.000000,742.000000,422.000000,1546.000000,623.000000,369.000000,596.000000,612.000000,39.000000,8.000000,0.000000,1386.000000,2492.000000,954.000000,1362.000000,276.000000,647.000000,408.000000,156.000000,1037.000000,59.000000,679.000000,0.000000,1079.000000,1309.000000,1117.000000,868.000000,963.000000,605.000000,1565.000000,408.000000,82.000000,836.000000,1204.000000,1897.000000,0.000000,341.000000,1181.000000,936.000000,0.000000,744.000000,327.000000,362.000000,9.000000,44.000000,0.000000,154.000000,682.000000,348.000000,0.000000,463.000000,953.000000,157.000000,245.000000,173.000000,999.000000,350.000000,709.000000,7.000000,714.000000,72.000000,0.000000,439.000000,770.000000,670.000000,201.000000,47.000000,1025.000000,964.000000,792.000000,4.000000,1273.000000,760.000000,1701.000000,851.000000,92.000000,234.000000,512.000000,0.000000,37.000000,616.000000,623.000000,0.000000,1249.000000,1142.000000,1005.000000,108.000000,77.000000,550.000000,349.000000,669.000000,12.000000,229.000000,0.000000,0.000000,25.000000,0.000000,112.000000,1011.000000,0.000000,132.000000,0.000000,0.000000,1365.000000,634.000000,367.000000,293.000000,5.000000,138.000000,266.000000,0.000000,293.000000,0.000000,291.000000,832.000000,1135.000000,840.000000,206.000000,1010.000000,1336.000000,1454.000000,42.000000,216.000000,419.000000,619.000000,0.000000,0.000000,5.000000,589.000000,669.000000,2169.000000,1545.000000,1107.000000,871.000000,695.000000,1199.000000,206.000000,1024.000000,14.000000,894.000000,464.000000,28.000000,1177.000000,359.000000,370.000000,374.000000,1683.000000,0.000000,338.000000,937.000000,99.000000,604.000000,274.000000,921.000000,187.000000,2123.000000,0.000000,1.000000,811.000000,333.000000,120.000000,638.000000,189.000000,419.000000,1844.000000,318.000000,341.000000,35.000000,788.000000,451.000000,503.000000,1314.000000,0.000000,259.000000,310.000000,512.000000,582.000000,0.000000,706.000000,1618.000000,781.000000,792.000000,871.000000,1151.000000,398.000000,478.000000,933.000000,1466.000000,1653.000000,253.000000,2315.000000,908.000000,192.000000,698.000000,931.000000,0.000000,15.000000,331.000000,270.000000,645.000000,137.000000,593.000000,539.000000,59.000000,315.000000,1008.000000,411.000000,496.000000,143.000000,427.000000,459.000000,474.000000,948.000000,1481.000000,815.000000,0.000000,0.000000,0.000000,0.000000,0.000000,0.000000,0.000000,0.000000,0.000000,0.000000,0.000000,0.000000,0.000000,0.000000,1.000000,0.000000,1053.000000,655.000000,721.000000,15.000000,5.000000,77.000000,406.000000,936.000000,1029.000000,232.000000,0.000000,0.000000,0.000000,0.000000,0.000000,37.000000,1598.000000,1264.000000,1003.000000,404.000000,661.000000,0.000000,779.000000,4.000000,0.000000,387.000000,317.000000,4.000000,230.000000,765.000000,860.000000,184.000000,348.000000,537.000000,1672.000000,0.000000,0.000000,1.000000,285.000000,4.000000,841.000000,0.000000,290.000000,391.000000,470.000000,468.000000,0.000000,468.000000,1318.000000,377.000000,181.000000,16.000000,1155.000000,516.000000,0.000000,0.000000,1205.000000,81.000000,189.000000,1170.000000,648.000000,86.000000,267.000000,368.000000,323.000000,394.000000,1032.000000,20.000000,0.000000,213.000000,0.000000,282.000000,448.000000,9.000000,301.000000,358.000000,0.000000,44.000000,0.000000,139.000000,1628.000000,925.000000,469.000000,333.000000,256.000000,24.000000,39.000000,0.000000,587.000000,520.000000,120.000000,1034.000000,213.000000,1350.000000,0.000000,355.000000,991.000000,1620.000000,47.000000,457.000000,597.000000,392.000000,770.000000,52.000000,0.000000,214.000000,52.000000,5.000000,0.000000,410.000000,0.000000,0.000000,371.000000,952.000000,0.000000,0.000000,0.000000,1.000000,0.000000,0.000000,0.000000,0.000000,114.000000,0.000000,0.000000,0.000000,0.000000,0.000000
    Mean Firing Rate (Hz),0.040000,0.113333,1.023333,2.875000,0.451667,0.000000,0.788333,0.000000,0.000000,0.000000,0.415000,0.000000,0.788333,0.440000,0.425000,0.738333,1.720000,1.338333,1.045000,0.886667,0.000000,0.916667,1.341667,0.100000,0.778333,0.028333,2.340000,0.213333,0.033333,0.298333,2.515000,1.416667,0.853333,1.328333,1.148333,1.683333,0.373333,2.186667,0.885000,0.008333,0.851667,0.253333,0.820000,0.588333,1.085000,1.680000,2.288333,1.150000,1.440000,0.643333,2.190000,2.013333,1.145000,0.446667,1.750000,1.201667,0.690000,1.818333,1.755000,0.000000,2.738333,1.441667,0.495000,1.676667,1.783333,1.005000,0.101667,1.416667,0.593333,0.205000,1.831667,0.018333,0.636667,0.000000,2.385000,1.018333,0.998333,1.261667,0.000000,0.013333,0.791667,0.413333,0.321667,0.588333,0.000000,0.498333,0.003333,1.003333,0.320000,0.746667,0.683333,1.476667,2.296667,2.431667,1.631667,0.651667,4.276667,0.973333,2.071667,1.421667,0.198333,0.016667,1.106667,0.818333,0.821667,0.905000,0.513333,0.468333,1.276667,0.818333,1.563333,1.055000,0.000000,0.003333,0.000000,0.380000,0.001667,0.000000,0.000000,0.025000,1.031667,0.525000,0.000000,0.965000,0.176667,0.000000,1.120000,0.176667,2.775000,1.615000,1.050000,0.835000,3.693333,1.863333,0.438333,2.336667,0.183333,0.966667,0.841667,2.556667,0.191667,0.001667,1.375000,1.715000,0.918333,2.546667,2.631667,0.291667,0.000000,3.133333,0.603333,0.000000,1.135000,0.710000,0.091667,0.006667,0.000000,2.520000,0.006667,1.993333,0.925000,1.648333,0.593333,0.818333,0.835000,2.523333,0.013333,0.036667,0.843333,1.083333,0.625000,1.095000,1.920000,0.795000,0.881667,2.540000,1.153333,0.295000,1.831667,1.691667,0.686667,1.240000,0.406667,1.686667,0.700000,2.263333,1.266667,0.796667,0.583333,1.400000,0.150000,1.458333,1.173333,1.243333,2.178333,0.440000,0.941667,0.166667,1.620000,0.001667,0.595000,1.755000,1.256667,0.435000,1.221667,1.206667,0.056667,2.398333,2.081667,0.275000,0.251667,0.816667,1.885000,1.988333,2.220000,0.351667,0.050000,3.550000,0.580000,1.433333,1.781667,0.275000,0.976667,2.131667,1.145000,0.016667,0.000000,0.115000,2.721667,0.718333,1.163333,1.051667,0.996667,1.855000,0.093333,1.245000,0.751667,0.180000,2.430000,0.000000,0.036667,0.000000,0.421667,0.000000,1.140000,0.000000,0.000000,0.008333,0.013333,0.000000,0.000000,0.000000,0.181667,7.770000,0.000000,0.585000,2.196667,0.000000,2.718333,1.835000,2.093333,0.025000,0.000000,2.061667,0.000000,0.421667,0.000000,0.000000,1.701667,0.000000,0.861667,1.843333,1.816667,2.776667,1.166667,0.706667,1.070000,0.776667,0.001667,0.181667,0.538333,0.405000,1.775000,0.730000,1.853333,1.385000,1.628333,0.911667,2.151667,2.401667,0.468333,1.691667,0.895000,1.503333,0.803333,2.520000,1.080000,0.830000,1.345000,0.013333,2.280000,1.955000,1.930000,2.890000,0.473333,1.683333,2.490000,3.185000,0.851667,0.685000,1.261667,1.348333,0.026667,0.011667,0.158333,1.663333,1.305000,1.765000,1.413333,0.775000,1.091667,1.245000,0.133333,1.165000,0.936667,0.263333,0.000000,0.776667,0.001667,0.751667,1.200000,1.110000,0.001667,1.878333,1.468333,1.811667,0.618333,1.258333,1.275000,1.170000,2.008333,0.815000,1.471667,0.000000,0.916667,0.198333,1.711667,0.671667,1.636667,0.673333,0.888333,2.118333,0.681667,0.018333,1.801667,0.521667,0.031667,0.645000,0.806667,0.001667,0.795000,0.451667,0.156667,0.403333,6.173333,0.471667,0.926667,0.580000,0.000000,0.856667,0.076667,0.011667,0.000000,0.663333,2.050000,0.471667,0.000000,0.468333,0.025000,1.265000,0.095000,0.535000,1.091667,0.123333,0.000000,1.593333,2.850000,0.191667,1.396667,0.000000,0.593333,2.181667,0.000000,0.000000,1.715000,1.631667,0.131667,2.840000,0.775000,0.200000,2.965000,0.831667,1.368333,0.133333,0.000000,2.830000,0.001667,0.976667,1.666667,0.201667,1.236667,0.703333,2.576667,1.038333,0.615000,0.993333,1.020000,0.065000,0.013333,0.000000,2.310000,4.153333,1.590000,2.270000,0.460000,1.078333,0.680000,0.260000,1.728333,0.098333,1.131667,0.000000,1.798333,2.181667,1.861667,1.446667,1.605000,1.008333,2.608333,0.680000,0.136667,1.393333,2.006667,3.161667,0.000000,0.568333,1.968333,1.560000,0.000000,1.240000,0.545000,0.603333,0.015000,0.073333,0.000000,0.256667,1.136667,0.580000,0.000000,0.771667,1.588333,0.261667,0.408333,0.288333,1.665000,0.583333,1.181667,0.011667,1.190000,0.120000,0.000000,0.731667,1.283333,1.116667,0.335000,0.078333,1.708333,1.606667,1.320000,0.006667,2.121667,1.266667,2.835000,1.418333,0.153333,0.390000,0.853333,0.000000,0.061667,1.026667,1.038333,0.000000,2.081667,1.903333,1.675000,0.180000,0.128333,0.916667,0.581667,1.115000,0.020000,0.381667,0.000000,0.000000,0.041667,0.000000,0.186667,1.685000,0.000000,0.220000,0.000000,0.000000,2.275000,1.056667,0.611667,0.488333,0.008333,0.230000,0.443333,0.000000,0.488333,0.000000,0.485000,1.386667,1.891667,1.400000,0.343333,1.683333,2.226667,2.423333,0.070000,0.360000,0.698333,1.031667,0.000000,0.000000,0.008333,0.981667,1.115000,3.615000,2.575000,1.845000,1.451667,1.158333,1.998333,0.343333,1.706667,0.023333,1.490000,0.773333,0.046667,1.961667,0.598333,0.616667,0.623333,2.805000,0.000000,0.563333,1.561667,0.165000,1.006667,0.456667,1.535000,0.311667,3.538333,0.000000,0.001667,1.351667,0.555000,0.200000,1.063333,0.315000,0.698333,3.073333,0.530000,0.568333,0.058333,1.313333,0.751667,0.838333,2.190000,0.000000,0.431667,0.516667,0.853333,0.970000,0.000000,1.176667,2.696667,1.301667,1.320000,1.451667,1.918333,0.663333,0.796667,1.555000,2.443333,2.755000,0.421667,3.858333,1.513333,0.320000,1.163333,1.551667,0.000000,0.025000,0.551667,0.450000,1.075000,0.228333,0.988333,0.898333,0.098333,0.525000,1.680000,0.685000,0.826667,0.238333,0.711667,0.765000,0.790000,1.580000,2.468333,1.358333,0.000000,0.000000,0.000000,0.000000,0.000000,0.000000,0.000000,0.000000,0.000000,0.000000,0.000000,0.000000,0.000000,0.000000,0.001667,0.000000,1.755000,1.091667,1.201667,0.025000,0.008333,0.128333,0.676667,1.560000,1.715000,0.386667,0.000000,0.000000,0.000000,0.000000,0.000000,0.061667,2.663333,2.106667,1.671667,0.673333,1.101667,0.000000,1.298333,0.006667,0.000000,0.645000,0.528333,0.006667,0.383333,1.275000,1.433333,0.306667,0.580000,0.895000,2.786667,0.000000,0.000000,0.001667,0.475000,0.006667,1.401667,0.000000,0.483333,0.651667,0.783333,0.780000,0.000000,0.780000,2.196667,0.628333,0.301667,0.026667,1.925000,0.860000,0.000000,0.000000,2.008333,0.135000,0.315000,1.950000,1.080000,0.143333,0.445000,0.613333,0.538333,0.656667,1.720000,0.033333,0.000000,0.355000,0.000000,0.470000,0.746667,0.015000,0.501667,0.596667,0.000000,0.073333,0.000000,0.231667,2.713333,1.541667,0.781667,0.555000,0.426667,0.040000,0.065000,0.000000,0.978333,0.866667,0.200000,1.723333,0.355000,2.250000,0.000000,0.591667,1.651667,2.700000,0.078333,0.761667,0.995000,0.653333,1.283333,0.086667,0.000000,0.356667,0.086667,0.008333,0.000000,0.683333,0.000000,0.000000,0.618333,1.586667,0.000000,0.000000,0.000000,0.001667,0.000000,0.000000,0.000000,0.000000,0.190000,0.000000,0.000000,0.000000,0.000000,0.000000
    ISI Coefficient of Variation, ,1.168999,2.357108,4.158568,1.700785, ,2.407402, , , ,1.724402, ,2.394002,1.649435,1.707172,2.144347,2.782436,2.489070,2.088986,1.858498, ,2.091840,2.311768,1.053861,2.011823, ,3.012074,1.248329, ,1.968493,2.664415,1.954140,2.319678,2.712684,2.549743,2.893156,1.176488,3.313373,2.052945, ,1.541180,1.213416,1.954590,1.554067,2.293080,2.823389,3.347297,2.328960,2.818092,1.820605,3.337988,2.812848,2.526645,1.462706,2.989749,2.616824,1.883733,3.232246,3.017111, ,3.688425,2.842905,1.473708,2.923571,2.680757,2.129338,1.106187,2.500706,1.420147,1.132329,2.821596, ,1.691847, ,3.196788,2.223824,2.192362,2.342719, , ,2.005327,1.554087,1.369211,1.939727, ,1.663688, ,2.336202,1.657473,2.135350,1.999961,2.791184,3.548554,3.634491,3.030078,1.822239,2.443133,3.518227,3.773996,3.447300,1.889674, ,3.526203,1.852479,2.963510,2.729393,2.506325,1.720206,3.802011,2.966686,3.912433,3.041368, , , ,2.013007, , , , ,3.535456,2.331380, ,3.418617,1.182127, ,3.639261,1.209741,4.824247,3.739314,2.964721,2.573807,5.285610,4.041272,1.795871,4.417355,1.237745,2.828059,2.616902,4.708090,1.110889, ,3.412055,3.829449,2.093771,3.690576,3.764920,1.098142, ,4.126773,1.864434, ,2.382788,1.844630, , , ,3.596124, ,3.243820,2.156920,3.011079,1.764637,2.283646,2.055673,3.787708, , ,2.058858,2.479725,1.748207,2.437861,3.276060,2.020439,2.112925,3.695987,2.294674,1.257945,2.768577,2.797005,1.844478,2.559282,1.449337,2.870681,1.753617,3.571774,2.595317,1.868508,1.943168,2.764116,1.005845,2.727802,2.521206,2.602136,3.483742,1.543312,2.216709,0.950909,2.947013, ,1.684921,3.109596,2.586786,1.440143,2.543465,2.548079, ,3.658261,3.224489,1.248556,1.152716,1.854635,3.072461,3.143503,3.333434,1.122135, ,4.272761,1.480957,2.625027,2.949686,1.270839,2.110475,3.264981,2.045449, , ,1.069153,3.335356,1.663245,2.092682,2.101877,1.880349,2.747237, ,2.205213,1.659497,0.841299,2.981882, , , ,1.073886, ,2.192606, , , , , , , ,1.202204,0.534176, ,1.410400,3.552887, ,3.511323,2.919823,3.412010, , ,3.152071, ,1.690262, , ,3.159294, ,2.051083,3.401203,3.323713,4.205770,2.822095,2.105827,2.666781,2.206675, ,1.102877,1.837923,1.592101,3.547913,2.177098,3.479049,3.089183,3.385492,2.572939,3.000301,3.122232,1.164025,2.628332,1.896196,2.487829,1.768950,3.184144,2.023932,1.848490,2.223061, ,3.002812,2.757381,2.786580,3.394797,1.677142,2.500676,3.114660,3.545031,1.699499,1.576488,2.107560,2.403592, , ,1.040914,2.540430,2.163711,2.608736,2.292676,1.648489,2.450032,2.525395,0.887527,2.431715,2.136369,1.182958, ,1.914833, ,1.930749,2.476483,2.362072, ,3.188498,2.922788,3.115368,1.576685,2.422027,2.406981,2.232701,3.146806,1.876188,2.654711, ,2.004917,0.878005,2.817989,1.741202,2.787433,1.652899,1.967054,3.267071,1.699822, ,2.674027,1.285365, ,1.590777,1.700940, ,1.911919,1.529439,2.537877,1.126996,1.114125,1.387631,1.811026,1.743260, ,2.511001, , , ,2.168450,2.227995,1.744140, ,1.738005, ,2.850544, ,1.895474,2.879807,0.960617, ,3.128060,4.408044,1.233407,2.994531, ,1.858156,3.842570, , ,3.204179,3.267484,0.887822,4.302422,2.185038,1.157228,3.617096,1.944547,2.442928,1.045289, ,3.177531, ,2.012957,2.933429,1.030325,2.310845,1.633328,3.390079,2.071668,1.391757,2.035552,2.208399, , , ,3.450097,4.572984,2.793383,3.420647,1.918651,2.279247,1.923744,1.499695,2.936496, ,2.331566, ,2.774501,3.092555,2.840723,2.445362,2.622206,1.988332,3.423498,1.589430,0.840182,2.401299,2.973141,3.794096, ,1.414084,2.939436,2.580234, ,2.637615,1.600054,1.708658, , , ,1.166794,2.507021,1.650799, ,2.017404,2.992556,1.004022,1.510636,1.204987,2.700012,1.451780,2.253598, ,2.231126,0.992799, ,1.675829,2.433862,2.148237,1.131711, ,2.711643,2.548810,2.364713, ,3.200259,2.408979,3.730022,2.605256,1.121331,1.313203,1.936548, , ,2.160768,2.150448, ,3.164908,3.016177,2.807759,1.048632,0.735034,2.180281,2.031984,2.445164, ,1.153275, , , , ,2.474459,3.082440, ,1.260640, , ,3.162037,2.565223,2.288434,1.994671, ,1.171469,1.759402, ,1.945052, ,2.054188,3.182338,4.044926,3.532834,1.599479,3.799890,3.230883,3.403441, ,1.231591,1.718316,2.225178, , , ,2.174043,2.204447,4.062230,3.536608,2.959201,2.581327,2.256463,3.051483,1.051771,2.810108, ,2.588678,1.757944, ,3.037868,1.546046,1.739402,1.609034,3.655688, ,1.462661,2.676670,1.053590,2.094921,1.275688,2.620922,1.366050,4.102545, , ,2.444842,1.495795,0.944406,2.144501,1.144201,1.746991,3.833221,1.426029,1.437138, ,2.498215,1.895068,1.988922,3.303968, ,1.292554,1.796697,1.872372,2.184544, ,2.445342,3.710476,2.576775,2.545683,2.732779,2.470674,1.246142,1.449370,2.172017,2.815082,3.002414,1.140044,3.612422,2.149695,1.340044,1.862794,2.165515, , ,1.393775,1.141429,2.208692,1.044266,2.033693,1.954936, ,1.757590,2.757823,1.624604,1.916933,1.336764,1.977323,1.775642,1.752653,2.641150,3.345238,2.445418, , , , , , , , , , , , , , , , ,6.442129,5.038001,5.301059, , ,2.017966,3.926016,6.060976,6.362591,2.900174, , , , , , ,3.643994,3.221614,2.884486,1.896021,2.330064, ,2.564919, , ,1.809093,1.600484, ,1.275405,2.536931,2.796720,1.090067,2.083765,2.436280,4.295622, , , ,1.602654, ,3.036886, ,1.573410,2.031142,2.329720,2.351323, ,2.136533,3.350311,2.158115,1.400132, ,2.980000,2.373308, , ,3.244089,1.255848,1.412861,3.397068,2.811739,1.126911,1.688571,1.839738,1.970322,1.709953,2.841228, , ,1.709720, ,1.249173,2.138115, ,1.343195,1.685637, , , ,1.357646,3.101852,2.253393,1.655650,1.312106,1.355409, , , ,2.545805,1.633793,1.186303,2.599233,1.147618,3.001853, ,1.720743,2.889141,3.674791, ,1.921269,2.167472,1.804824,2.583401, , ,1.360230, , , ,1.826439, , ,2.108910,3.590699, , , , , , , , ,1.025328, , , , , 
Electrode Burst Metrics
    Number of Bursts,0.000000,0.000000,42.000000,82.000000,12.000000,0.000000,34.000000,0.000000,0.000000,0.000000,9.000000,0.000000,24.000000,5.000000,14.000000,20.000000,74.000000,66.000000,37.000000,26.000000,0.000000,45.000000,70.000000,0.000000,34.000000,0.000000,92.000000,3.000000,0.000000,9.000000,78.000000,60.000000,41.000000,65.000000,38.000000,71.000000,3.000000,90.000000,32.000000,0.000000,5.000000,2.000000,22.000000,16.000000,37.000000,74.000000,101.000000,52.000000,82.000000,27.000000,93.000000,92.000000,67.000000,5.000000,86.000000,61.000000,25.000000,91.000000,91.000000,0.000000,102.000000,78.000000,8.000000,93.000000,76.000000,42.000000,0.000000,66.000000,7.000000,1.000000,75.000000,0.000000,16.000000,0.000000,110.000000,37.000000,26.000000,60.000000,0.000000,0.000000,36.000000,14.000000,2.000000,26.000000,0.000000,17.000000,0.000000,32.000000,16.000000,37.000000,30.000000,57.000000,85.000000,89.000000,59.000000,25.000000,63.000000,46.000000,59.000000,51.000000,3.000000,0.000000,46.000000,25.000000,51.000000,46.000000,26.000000,13.000000,48.000000,42.000000,53.000000,47.000000,0.000000,0.000000,0.000000,2.000000,0.000000,0.000000,0.000000,0.000000,43.000000,12.000000,0.000000,46.000000,0.000000,0.000000,64.000000,0.000000,75.000000,73.000000,48.000000,49.000000,75.000000,74.000000,19.000000,75.000000,2.000000,55.000000,55.000000,74.000000,1.000000,0.000000,71.000000,75.000000,46.000000,109.000000,108.000000,0.000000,0.000000,112.000000,8.000000,0.000000,55.000000,15.000000,1.000000,0.000000,0.000000,110.000000,0.000000,105.000000,30.000000,73.000000,16.000000,25.000000,27.000000,104.000000,0.000000,0.000000,31.000000,51.000000,20.000000,62.000000,99.000000,17.000000,30.000000,102.000000,54.000000,3.000000,69.000000,76.000000,22.000000,59.000000,9.000000,86.000000,14.000000,93.000000,63.000000,24.000000,11.000000,76.000000,1.000000,81.000000,47.000000,62.000000,110.000000,10.000000,31.000000,2.000000,78.000000,0.000000,13.000000,80.000000,62.000000,0.000000,68.000000,55.000000,1.000000,106.000000,100.000000,3.000000,1.000000,6.000000,74.000000,95.000000,106.000000,3.000000,0.000000,121.000000,1.000000,67.000000,97.000000,1.000000,35.000000,101.000000,44.000000,0.000000,0.000000,2.000000,111.000000,27.000000,50.000000,37.000000,40.000000,96.000000,0.000000,55.000000,18.000000,0.000000,108.000000,0.000000,0.000000,0.000000,1.000000,0.000000,60.000000,0.000000,0.000000,0.000000,0.000000,0.000000,0.000000,0.000000,0.000000,0.000000,0.000000,5.000000,83.000000,0.000000,76.000000,57.000000,60.000000,0.000000,0.000000,71.000000,0.000000,17.000000,0.000000,0.000000,67.000000,0.000000,29.000000,69.000000,84.000000,84.000000,70.000000,38.000000,58.000000,49.000000,0.000000,1.000000,18.000000,15.000000,83.000000,42.000000,84.000000,73.000000,82.000000,53.000000,93.000000,103.000000,1.000000,71.000000,31.000000,57.000000,23.000000,117.000000,34.000000,24.000000,38.000000,0.000000,92.000000,83.000000,75.000000,128.000000,18.000000,77.000000,110.000000,119.000000,18.000000,19.000000,38.000000,65.000000,0.000000,0.000000,1.000000,83.000000,45.000000,78.000000,47.000000,21.000000,64.000000,71.000000,0.000000,62.000000,33.000000,3.000000,0.000000,24.000000,0.000000,34.000000,61.000000,68.000000,0.000000,79.000000,63.000000,110.000000,11.000000,55.000000,65.000000,45.000000,113.000000,28.000000,63.000000,0.000000,33.000000,0.000000,104.000000,26.000000,73.000000,11.000000,32.000000,94.000000,9.000000,0.000000,73.000000,8.000000,0.000000,20.000000,25.000000,0.000000,26.000000,12.000000,5.000000,2.000000,68.000000,12.000000,31.000000,15.000000,0.000000,44.000000,0.000000,0.000000,0.000000,47.000000,87.000000,0.000000,0.000000,3.000000,0.000000,56.000000,0.000000,7.000000,80.000000,0.000000,0.000000,73.000000,79.000000,2.000000,67.000000,0.000000,28.000000,81.000000,0.000000,0.000000,79.000000,74.000000,0.000000,95.000000,38.000000,1.000000,116.000000,24.000000,86.000000,0.000000,0.000000,111.000000,0.000000,49.000000,76.000000,0.000000,72.000000,15.000000,108.000000,49.000000,7.000000,57.000000,31.000000,0.000000,0.000000,0.000000,112.000000,126.000000,65.000000,101.000000,10.000000,35.000000,24.000000,8.000000,98.000000,1.000000,42.000000,0.000000,85.000000,121.000000,72.000000,64.000000,64.000000,23.000000,123.000000,16.000000,1.000000,57.000000,99.000000,137.000000,0.000000,11.000000,94.000000,85.000000,0.000000,62.000000,13.000000,11.000000,0.000000,0.000000,0.000000,1.000000,75.000000,13.000000,0.000000,42.000000,88.000000,1.000000,11.000000,7.000000,91.000000,9.000000,59.000000,0.000000,62.000000,0.000000,0.000000,10.000000,63.000000,40.000000,3.000000,0.000000,106.000000,84.000000,61.000000,0.000000,96.000000,50.000000,113.000000,49.000000,2.000000,4.000000,22.000000,0.000000,0.000000,45.000000,43.000000,0.000000,91.000000,105.000000,85.000000,1.000000,0.000000,45.000000,35.000000,60.000000,0.000000,1.000000,0.000000,0.000000,0.000000,0.000000,0.000000,99.000000,0.000000,0.000000,0.000000,0.000000,63.000000,42.000000,29.000000,17.000000,0.000000,4.000000,5.000000,0.000000,16.000000,0.000000,23.000000,52.000000,65.000000,63.000000,6.000000,59.000000,105.000000,114.000000,0.000000,9.000000,13.000000,29.000000,0.000000,0.000000,0.000000,66.000000,33.000000,122.000000,114.000000,93.000000,63.000000,38.000000,106.000000,0.000000,100.000000,0.000000,75.000000,27.000000,0.000000,115.000000,13.000000,9.000000,14.000000,124.000000,0.000000,8.000000,100.000000,0.000000,38.000000,5.000000,61.000000,1.000000,124.000000,0.000000,0.000000,83.000000,7.000000,0.000000,46.000000,2.000000,17.000000,120.000000,4.000000,6.000000,0.000000,47.000000,22.000000,34.000000,92.000000,0.000000,3.000000,18.000000,18.000000,45.000000,0.000000,76.000000,102.000000,56.000000,55.000000,86.000000,81.000000,1.000000,5.000000,47.000000,101.000000,109.000000,5.000000,166.000000,63.000000,7.000000,24.000000,46.000000,0.000000,0.000000,10.000000,4.000000,40.000000,1.000000,33.000000,25.000000,2.000000,22.000000,75.000000,11.000000,16.000000,3.000000,31.000000,23.000000,16.000000,75.000000,106.000000,54.000000,0.000000,0.000000,0.000000,0.000000,0.000000,0.000000,0.000000,0.000000,0.000000,0.000000,0.000000,0.000000,0.000000,0.000000,0.000000,0.000000,64.000000,62.000000,64.000000,0.000000,0.000000,1.000000,28.000000,64.000000,64.000000,10.000000,0.000000,0.000000,0.000000,0.000000,0.000000,0.000000,96.000000,88.000000,78.000000,26.000000,49.000000,0.000000,72.000000,0.000000,0.000000,23.000000,12.000000,0.000000,5.000000,64.000000,74.000000,3.000000,30.000000,62.000000,82.000000,0.000000,0.000000,0.000000,6.000000,0.000000,63.000000,0.000000,16.000000,30.000000,44.000000,49.000000,0.000000,43.000000,65.000000,24.000000,11.000000,0.000000,71.000000,38.000000,0.000000,0.000000,68.000000,1.000000,7.000000,66.000000,47.000000,1.000000,12.000000,22.000000,26.000000,16.000000,57.000000,0.000000,0.000000,7.000000,0.000000,3.000000,34.000000,0.000000,2.000000,17.000000,0.000000,0.000000,0.000000,3.000000,109.000000,54.000000,18.000000,8.000000,6.000000,0.000000,0.000000,0.000000,39.000000,15.000000,3.000000,57.000000,5.000000,92.000000,0.000000,18.000000,81.000000,104.000000,0.000000,33.000000,51.000000,31.000000,66.000000,0.000000,0.000000,10.000000,1.000000,0.000000,0.000000,22.000000,0.000000,0.000000,9.000000,91.000000,0.000000,0.000000,0.000000,0.000000,0.000000,0.000000,0.000000,0.000000,0.000000,0.000000,0.000000,0.000000,0.000000,0.000000
    Burst Duration - Avg (sec), , ,0.115023,0.108434,0.084100, ,0.097901, , , ,0.098756, ,0.086560,0.128160,0.083960,0.189056,0.060110,0.049422,0.056381,0.067708, ,0.060992,0.044790, ,0.050541, ,0.088257,0.025787, ,0.071556,0.104133,0.046884,0.064451,0.053343,0.079964,0.059104,0.171920,0.065184,0.078958, ,1.321952,0.247320,0.064636,0.066585,0.089814,0.067800,0.064718,0.059028,0.062770,0.069381,0.063305,0.063267,0.049888,0.114496,0.055224,0.060926,0.067590,0.053742,0.054496, ,0.062484,0.054018,0.093580,0.055130,0.071203,0.066621, ,0.061458,0.160629,0.343040,0.066797, ,0.102185, ,0.062816,0.077228,0.103726,0.056108, , ,0.062969,0.071337,0.351440,0.067686, ,0.088805, ,0.084490,0.051520,0.082184,0.068472,0.077168,0.076049,0.068902,0.059614,0.071616,0.151652,0.085042,0.102263,0.090631,0.265013, ,0.086901,0.121402,0.076220,0.076028,0.090185,0.096874,0.103643,0.077804,0.093683,0.120723, , , ,0.033600, , , , ,0.271946,0.133647, ,0.189777, , ,0.141058, ,0.098482,0.092866,0.093550,0.073708,0.105348,0.079992,0.073886,0.098865,0.093040,0.074598,0.067892,0.085903,0.048960, ,0.084282,0.085371,0.050330,0.061232,0.102068, , ,0.092657,0.605820, ,0.051699,0.332933,0.138400, , ,0.072169, ,0.052126,0.087491,0.063887,0.093585,0.099338,0.183573,0.069286, , ,0.085809,0.068557,0.082308,0.051444,0.064393,0.138094,0.100019,0.079831,0.070736,0.235733,0.085994,0.080517,0.066084,0.066202,0.154000,0.064741,0.131503,0.063973,0.066613,0.085863,0.150909,0.056909,0.035280,0.060223,0.075035,0.069199,0.066745,0.146464,0.078862,0.183600,0.086234, ,0.099495,0.068711,0.083018, ,0.052612,0.067837,0.169280,0.072610,0.069872,0.074400,0.439040,0.222787,0.064271,0.067539,0.075557,0.029120, ,0.080298,1.296400,0.065698,0.072990,0.407360,0.073525,0.071636,0.064138, , ,0.032120,0.075877,0.047570,0.051632,0.064309,0.037590,0.057681, ,0.055958,0.078587, ,0.066467, , , ,0.077200, ,0.048173, , , , , , , , , , ,0.061584,0.085961, ,0.099706,0.098168,0.238089, , ,0.094092, ,0.060889, , ,0.093343, ,0.133619,0.080336,0.067134,0.076482,0.044610,0.048171,0.057036,0.047393, ,0.173680,0.080653,0.089792,0.058855,0.046078,0.063845,0.057916,0.058456,0.053345,0.064191,0.066743,0.643600,0.066232,0.062648,0.077148,0.068191,0.062108,0.074414,0.081313,0.087217, ,0.064397,0.057656,0.065472,0.070835,0.050578,0.067679,0.068902,0.079428,0.079156,0.047364,0.074737,0.050592, , ,0.018240,0.054354,0.064709,0.064783,0.073127,0.053771,0.046806,0.052319, ,0.056920,0.078053,0.193093, ,0.078987, ,0.053381,0.055166,0.038188, ,0.067937,0.057302,0.054376,0.098204,0.059703,0.053830,0.067273,0.057902,0.079651,0.060089, ,0.062250, ,0.054638,0.043034,0.079294,0.120385,0.060833,0.057156,0.141582, ,0.069607,0.062720, ,0.043448,0.090634, ,0.096151,0.085640,0.139808,0.423960,0.093808,0.106200,0.079308,0.097808, ,0.066140, , , ,0.028980,0.059308, , ,0.045013, ,0.141870, ,0.040594,0.049080, , ,0.081919,0.078629,0.075920,0.074646, ,0.058351,0.072146, , ,0.075007,0.063549, ,0.080702,0.063236,0.028080,0.069861,0.094903,0.039334, , ,0.063366, ,0.043130,0.064935, ,0.051368,0.062475,0.063945,0.039845,0.138000,0.039222,0.072924, , , ,0.056672,0.169667,0.080129,0.064655,0.165712,0.095682,0.066793,0.135230,0.076202,0.466400,0.068493, ,0.053433,0.049636,0.065579,0.061460,0.058613,0.098369,0.051220,0.054590,0.191600,0.060279,0.043830,0.054122, ,0.084713,0.051766,0.051284, ,0.061826,0.163169,0.201207, , , ,0.038560,0.048028,0.128215, ,0.037781,0.045080,0.101680,0.045527,0.030949,0.056431,0.121084,0.050099, ,0.053243, , ,0.139008,0.049817,0.064560,0.385333, ,0.044872,0.052564,0.046010, ,0.065252,0.087030,0.075545,0.083734,0.235520,0.131840,0.092127, , ,0.062665,0.080407, ,0.069495,0.055044,0.063299,0.072880, ,0.053024,0.041675,0.058069, ,0.065280, , , , , ,0.055396, , , , ,0.125286,0.119787,0.100654,0.159468, ,0.200660,0.282880, ,0.108715, ,0.058762,0.119820,0.102570,0.095145,0.072840,0.106329,0.065420,0.063198, ,0.052462,0.135538,0.089688, , , ,0.036832,0.126320,0.077594,0.064168,0.051683,0.076543,0.103731,0.065582, ,0.048658, ,0.069184,0.067686, ,0.045423,0.093194,0.143849,0.077337,0.057574, ,0.143320,0.045946, ,0.084065,0.173712,0.084425,0.018000,0.072917, , ,0.050227,0.154789, ,0.060137,0.077640,0.047101,0.070589,0.211000,0.159227, ,0.114894,0.102415,0.067784,0.080523, ,0.042373,0.091169,0.062000,0.064544, ,0.046500,0.077942,0.074919,0.071052,0.057625,0.067042,0.038400,0.058656,0.116376,0.070705,0.078685,0.176688,0.065205,0.040133,0.047691,0.107537,0.090254, , ,0.072664,0.195680,0.076438,0.208800,0.080019,0.096771,0.089720,0.074091,0.073939,0.086065,0.111525,0.158933,0.059755,0.041259,0.094970,0.067750,0.068149,0.067680, , , , , , , , , , , , , , , , ,0.102555,0.108850,0.094547, , ,0.509920,0.114434,0.103122,0.112435,0.069520, , , , , , ,0.082564,0.078149,0.069254,0.069726,0.080511, ,0.063794, , ,0.085329,0.122000, ,0.160640,0.065405,0.062977,0.044107,0.050421,0.056270,0.081959, , , ,0.039040, ,0.094867, ,0.079515,0.076765,0.077593,0.057682, ,0.067140,0.084249,0.077110,0.057025, ,0.117620,0.083773, , ,0.085086,0.047040,0.044446,0.090903,0.056914,0.045280,0.071707,0.064935,0.070908,0.108205,0.100960, , ,0.202846, ,0.143760,0.116854, ,0.663040,0.104922, , , ,0.267253,0.084727,0.091747,0.112800,0.136370,0.129440, , , ,0.063653,0.085909,0.040987,0.095652,0.108768,0.074057, ,0.073560,0.052251,0.064668, ,0.047198,0.044216,0.053239,0.051482, , ,0.067064,0.052560, , ,0.066844, , ,0.062720,0.066872, , , , , , , , , , , , , , 
    Burst Duration - Std (sec), , ,0.036526,0.045272,0.033896, ,0.030071, , , ,0.027627, ,0.053067,0.006550,0.024326,0.083154,0.027191,0.022599,0.023276,0.025847, ,0.034265,0.034495, ,0.020086, ,0.080386,0.011987, ,0.025736,0.104886,0.030324,0.103029,0.062541,0.102459,0.071951,0.270824,0.086530,0.120629, ,2.267898,0.322158,0.088291,0.088745,0.138625,0.089978,0.074954,0.056733,0.084938,0.046302,0.044862,0.056506,0.037026,0.025231,0.040132,0.045488,0.047863,0.043871,0.037613, ,0.050043,0.046175,0.022603,0.038996,0.103702,0.080976, ,0.083168,0.179902, ,0.090887, ,0.109532, ,0.078113,0.094101,0.120793,0.070784, , ,0.035942,0.076033,0.315200,0.083621, ,0.097037, ,0.080220,0.011219,0.086099,0.071981,0.040647,0.070773,0.071448,0.072054,0.081546,0.132563,0.089531,0.114422,0.112149,0.284557, ,0.120458,0.180494,0.078272,0.054558,0.106051,0.109243,0.096839,0.057860,0.086512,0.180751, , , ,0.005657, , , , ,0.195477,0.086511, ,0.124874, , ,0.129320, ,0.125716,0.103467,0.109851,0.114599,0.105593,0.098529,0.078283,0.101453,0.046047,0.051227,0.066469,0.102823, , ,0.110336,0.092419,0.094832,0.063675,0.206746, , ,0.167261,0.369128, ,0.083769,0.744750, , , ,0.119813, ,0.074483,0.195847,0.113858,0.132347,0.179122,0.173708,0.101086, , ,0.122395,0.110717,0.124097,0.074492,0.103819,0.223025,0.160661,0.111377,0.131961,0.278826,0.133576,0.111461,0.022606,0.133541,0.270188,0.116374,0.212388,0.108189,0.130033,0.212808,0.293279,0.120686, ,0.108468,0.120675,0.101554,0.081037,0.179507,0.147608,0.103407,0.190478, ,0.153442,0.094506,0.103385, ,0.027227,0.081937, ,0.075834,0.100223,0.039926, ,0.351705,0.101608,0.053439,0.099599,0.020119, ,0.105075, ,0.034834,0.061263, ,0.160066,0.101464,0.029193, , ,0.010126,0.057221,0.017376,0.024413,0.024388,0.016580,0.025979, ,0.025850,0.056625, ,0.035544, , , , , ,0.012011, , , , , , , , , , ,0.030181,0.059113, ,0.072670,0.089505,0.067150, , ,0.073885, ,0.026186, , ,0.074044, ,0.084749,0.080864,0.066559,0.084732,0.023957,0.050320,0.072392,0.098429, , ,0.080655,0.142966,0.057562,0.052206,0.087303,0.080961,0.080183,0.079498,0.078503,0.073638, ,0.060815,0.048460,0.092456,0.043460,0.053644,0.106939,0.105540,0.116349, ,0.057097,0.058365,0.064279,0.062712,0.031794,0.030108,0.035216,0.034555,0.058578,0.021907,0.032486,0.022684, , , ,0.022571,0.026396,0.025857,0.038002,0.036069,0.049849,0.108654, ,0.101032,0.135130,0.253127, ,0.164165, ,0.021983,0.104410,0.032480, ,0.095679,0.053518,0.085489,0.108680,0.059504,0.031153,0.117314,0.067531,0.113976,0.092570, ,0.129979, ,0.066327,0.029680,0.101829,0.220432,0.035291,0.064257,0.200414, ,0.103237,0.022752, ,0.019844,0.150862, ,0.147513,0.107881,0.089000,0.548998,0.109379,0.161198,0.054850,0.084569, ,0.022326, , , ,0.005805,0.022377, , ,0.005460, ,0.024144, ,0.004756,0.009906, , ,0.101408,0.071605,0.078517,0.106477, ,0.037502,0.065678, , ,0.095810,0.025734, ,0.050677,0.053599, ,0.044259,0.046344,0.017282, , ,0.038973, ,0.029777,0.035751, ,0.069598,0.039847,0.031684,0.021292,0.056525,0.028967,0.142455, , , ,0.065927,0.313572,0.170484,0.070917,0.280103,0.163598,0.098817,0.190355,0.221384, ,0.085397, ,0.100380,0.080938,0.116047,0.102499,0.119091,0.165544,0.077368,0.091157, ,0.107524,0.062461,0.099977, ,0.168887,0.088327,0.112850, ,0.119312,0.285108,0.305831, , , , ,0.028650,0.198438, ,0.021002,0.052427, ,0.017868,0.015624,0.115790,0.239417,0.112117, ,0.117826, , ,0.316665,0.139562,0.154987,0.569266, ,0.080619,0.098724,0.125917, ,0.085474,0.093754,0.079585,0.096459,0.161107,0.143282,0.032140, , ,0.052718,0.108788, ,0.073841,0.044720,0.054426, , ,0.016258,0.014054,0.014157, , , , , , , ,0.019134, , , , ,0.144109,0.163462,0.090656,0.204685, ,0.257682,0.229522, ,0.121700, ,0.029481,0.133122,0.129710,0.107461,0.080261,0.121384,0.094298,0.109890, ,0.031565,0.180966,0.135549, , , ,0.077013,0.218443,0.134764,0.114993,0.092284,0.133212,0.215948,0.088176, ,0.075580, ,0.089266,0.102895, ,0.074917,0.166274,0.245184,0.155513,0.079468, ,0.261214,0.087146, ,0.140347,0.275393,0.117455, ,0.089537, , ,0.093107,0.290570, ,0.069869,0.017367,0.020044,0.079705,0.362490,0.319146, ,0.230778,0.157198,0.024503,0.096382, ,0.025643,0.096706,0.056591,0.060483, ,0.050635,0.079215,0.058229,0.093258,0.043038,0.050058, ,0.032759,0.232876,0.084953,0.100398,0.266644,0.084819,0.021476,0.023236,0.210444,0.146273, , ,0.040115,0.322178,0.128534, ,0.139670,0.135014,0.084683,0.116707,0.075182,0.110956,0.175268,0.231841,0.016777,0.058120,0.190558,0.088551,0.073973,0.101279, , , , , , , , , , , , , , , , ,0.083243,0.100917,0.117106, , , ,0.132970,0.102711,0.096070,0.066423, , , , , , ,0.080101,0.089898,0.085277,0.087275,0.105986, ,0.032080, , ,0.082968,0.157253, ,0.183076,0.091693,0.076580,0.018354,0.016695,0.033346,0.093273, , , ,0.011204, ,0.111911, ,0.116185,0.088224,0.117371,0.053883, ,0.084075,0.066466,0.101187,0.019108, ,0.111247,0.052931, , ,0.074150, ,0.026515,0.089711,0.023324, ,0.024654,0.030986,0.112516,0.067974,0.108529, , ,0.234995, ,0.080141,0.138986, ,0.009956,0.118304, , , ,0.108433,0.063956,0.049586,0.073146,0.181130,0.140743, , , ,0.069643,0.031599,0.023148,0.065581,0.101492,0.062689, ,0.073711,0.036956,0.028749, ,0.022229,0.028012,0.032950,0.025794, , ,0.026411, , , ,0.028095, , ,0.045183,0.025112, , , , , , , , , , , , , , 
    Number of Spikes per Burst - Avg, , ,8.166667,19.829268,5.750000, ,7.970588, , , ,6.555556, ,7.125000,6.000000,6.000000,8.200000,11.121622,9.287879,9.729730,7.884615, ,8.444444,7.528571, ,6.970588, ,12.293478,4.666667, ,6.777778,12.935897,8.250000,9.121951,10.000000,12.684211,11.239437,6.000000,13.177778,9.718750, ,22.000000,6.000000,7.272727,6.250000,11.054054,10.810811,12.623762,8.442308,9.317073,7.148148,13.333333,10.695652,8.417910,6.600000,11.046512,9.180328,7.360000,11.307692,10.813187, ,15.500000,9.794872,6.625000,10.053763,10.302632,9.119048, ,9.454545,9.428571,9.000000,11.600000, ,8.437500, ,11.900000,10.297297,14.153846,8.450000, , ,7.361111,7.142857,19.500000,7.692308, ,7.352941, ,11.000000,5.562500,8.270270,8.533333,10.122807,14.047059,14.303371,13.338983,8.000000,23.873016,12.021739,19.000000,15.215686,16.333333, ,13.369565,9.360000,9.156863,10.000000,8.461538,7.000000,15.125000,10.404762,16.509434,11.404255, , , ,5.000000, , , , ,10.976744,7.166667, ,9.413043, , ,9.343750, ,21.520000,13.109589,10.854167,7.857143,28.746667,14.972973,6.315789,18.466667,5.000000,8.854545,7.418182,20.527027,5.000000, ,11.197183,13.573333,6.326087,13.587156,14.361111, , ,16.526786,22.250000, ,7.581818,10.266667,5.000000, , ,13.200000, ,10.980952,8.400000,11.342466,8.812500,12.400000,9.481481,14.269231, , ,8.516129,9.294118,7.350000,8.322581,11.191919,13.647059,9.666667,14.058824,7.851852,8.333333,11.405797,10.118421,8.272727,9.372881,9.333333,9.825581,9.642857,13.698925,9.031746,6.875000,15.636364,9.118421,4.000000,9.012346,9.042553,8.580645,11.618182,8.500000,10.032258,7.000000,9.935897, ,6.615385,11.012500,8.225806, ,7.838235,8.981818,6.000000,12.971698,11.380000,5.666667,18.000000,11.833333,12.918919,10.957895,11.688679,5.000000, ,17.322314,41.000000,8.850746,9.515464,22.000000,9.514286,11.554455,8.568182, , ,5.000000,13.423423,6.370370,7.600000,9.162162,6.050000,9.864583, ,7.727273,7.277778, ,11.370370, , , ,6.000000, ,6.566667, , , , , , , , , , ,5.600000,14.807229, ,16.947368,15.228070,17.983333, , ,13.816901, ,5.941176, , ,13.328358, ,9.103448,14.304348,12.321429,18.761905,9.142857,6.921053,9.103448,6.775510, ,7.000000,8.500000,7.933333,12.626506,7.023810,12.976190,10.671233,11.707317,8.773585,11.451613,11.873786,14.000000,10.253521,7.741935,10.508772,7.304348,11.410256,10.176471,9.041667,9.578947, ,11.597826,10.855422,11.906667,12.445313,5.722222,9.038961,11.818182,14.613445,7.388889,6.263158,9.342105,9.030769, , ,4.000000,9.096386,9.555556,10.141026,10.446809,6.380952,8.375000,7.915493, ,7.903226,8.090909,6.000000, ,7.375000, ,7.205882,8.508197,7.029412, ,12.468354,12.111111,9.681818,7.727273,8.836364,7.338462,7.711111,10.230088,7.607143,10.809524, ,6.878788, ,8.826923,5.884615,10.219178,7.090909,6.906250,12.085106,11.555556, ,10.397260,5.750000, ,6.000000,7.800000, ,9.653846,7.916667,10.600000,9.500000,14.500000,7.416667,7.677419,10.333333, ,6.909091, , , ,5.021277,9.287356, , ,5.000000, ,10.000000, ,5.000000,7.712500, , ,11.739726,20.848101,5.000000,11.179104, ,5.964286,15.308642, , ,11.025316,11.945946, ,17.473684,7.947368,4.000000,14.413793,8.875000,7.872093, , ,13.162162, ,6.734694,11.342105, ,7.541667,7.333333,13.092593,6.693878,7.428571,6.631579,9.709677, , , ,11.276786,18.460317,9.046154,11.841584,14.200000,8.800000,7.708333,6.500000,8.142857,7.000000,8.047619, ,9.788235,10.074380,11.444444,8.281250,10.328125,10.043478,11.967480,6.250000,7.000000,9.122807,10.282828,13.715328, ,5.727273,10.489362,8.341176, ,9.435484,7.692308,8.636364, , , ,5.000000,7.373333,6.461538, ,6.428571,9.897727,6.000000,5.818182,4.714286,8.912088,7.222222,7.881356, ,7.177419, , ,8.300000,8.555556,8.475000,12.333333, ,8.622642,8.702381,8.606557, ,11.958333,10.420000,14.566372,12.326531,6.500000,8.250000,8.272727, , ,8.377778,8.395349, ,12.000000,10.019048,10.023529,6.000000, ,6.466667,6.142857,7.633333, ,5.000000, , , , , ,9.868687, , , , ,17.539683,10.952381,8.241379,8.235294, ,6.500000,8.800000, ,6.375000, ,6.000000,13.673077,16.523077,12.476190,5.500000,15.932203,11.600000,12.035088, ,5.222222,9.846154,11.379310, , , ,6.439394,9.575758,17.426230,13.026316,10.462366,10.079365,9.710526,10.386792, ,9.080000, ,8.746667,7.074074, ,9.730435,7.461538,15.222222,6.642857,13.266129, ,8.750000,8.160000, ,9.368421,7.000000,10.491803,4.000000,16.782258, , ,7.156627,13.428571, ,7.782609,6.000000,6.411765,14.983333,11.500000,7.833333, ,10.638298,8.000000,7.441176,12.467391, ,5.333333,8.000000,6.055556,7.800000, ,7.328947,14.715686,9.660714,9.690909,8.639535,8.975309,5.000000,6.400000,8.787234,10.376238,11.495413,6.800000,13.403614,7.507937,5.285714,9.333333,9.217391, , ,7.700000,7.000000,7.875000,6.000000,8.424242,9.400000,7.500000,7.045455,9.560000,7.181818,12.062500,5.000000,9.064516,5.521739,7.062500,9.786667,12.301887,9.444444, , , , , , , , , , , , , , , , ,16.406250,10.016129,11.078125, , ,7.000000,9.357143,14.359375,16.031250,5.700000, , , , , , ,14.906250,12.670455,10.487179,7.115385,8.775510, ,9.180556, , ,6.869565,7.416667, ,10.400000,9.437500,10.094595,5.000000,6.466667,7.354839,19.500000, , , ,5.000000, ,11.809524, ,5.750000,6.866667,7.727273,7.428571, ,7.209302,16.384615,9.791667,5.909091, ,13.140845,9.368421, , ,14.941176,4.000000,4.714286,15.303030,11.191489,5.000000,6.250000,6.272727,6.346154,8.375000,13.736842, , ,13.714286, ,7.000000,9.000000, ,13.000000,7.647059, , , ,8.333333,12.513761,9.759259,8.444444,7.625000,10.666667, , , ,11.615385,7.533333,5.666667,13.491228,7.200000,12.206522, ,7.500000,10.518519,14.605769, ,6.575758,7.235294,6.709677,9.333333, , ,6.400000,5.000000, , ,7.045455, , ,5.666667,10.384615, , , , , , , , , , , , , , 
    Number of Spikes per Burst - Std, , ,1.429935,5.843229,0.621582, ,1.641974, , , ,1.236033, ,1.483606,0.000000,0.877058,1.641565,3.871047,3.199832,3.641189,1.583084, ,2.301734,2.097075, ,1.833779, ,5.041668,0.577350, ,2.488864,6.859139,2.206500,7.593402,7.211103,12.844402,9.355617,3.464102,13.503706,8.017056, ,13.266499,2.828427,4.107853,2.144761,12.911980,11.037515,10.029807,5.633978,5.358455,2.315561,8.527874,4.936385,3.411874,0.894427,7.114041,4.706408,2.736786,6.226632,5.529541, ,10.598664,5.902584,1.060660,3.707705,7.682048,7.908632, ,6.258980,6.604472, ,10.160868, ,5.046038, ,9.157090,7.936781,15.332821,6.595903, , ,2.899781,6.882052,19.091883,6.304089, ,4.716211, ,9.090938,0.813941,3.891934,7.394002,3.190780,10.732578,10.012951,10.780906,4.708149,16.307026,9.374882,15.302693,17.817198,12.055428, ,11.132253,7.658764,4.937094,4.179314,6.445034,3.055050,9.610776,5.818639,10.723129,9.272820, , , ,0.000000, , , , ,2.939779,1.337116, ,2.246737, , ,2.977262, ,23.907683,9.363881,9.856394,6.133922,23.386929,12.011379,1.376494,8.909960,0.000000,4.377629,2.378070,18.116989, , ,6.980830,8.997257,3.360254,10.452016,9.762084, , ,12.400930,8.908263, ,6.732153,5.119524, , , ,11.818039, ,11.041862,9.690379,12.472435,8.916044,19.399313,3.262495,13.897846, , ,5.402906,6.497058,3.828907,5.905747,9.832969,18.210372,7.530780,16.657781,6.417568,3.214550,13.376141,5.826302,1.956231,11.021763,7.937254,7.764462,6.159510,14.746249,9.745087,5.261117,22.491210,7.993276, ,6.366895,10.293429,6.474536,8.783828,3.439961,13.765861,1.414214,9.132985, ,2.364264,11.685211,5.445465, ,2.353849,8.462315, ,8.313452,12.267045,1.154701, ,13.317908,14.459918,7.628217,8.590541,1.732051, ,14.511039, ,2.548046,5.045859, ,11.850469,10.218097,2.968029, , ,1.414214,7.808561,1.213645,2.089820,3.452161,1.011473,3.678157, ,1.880254,2.023554, ,4.435609, , , , , ,0.673132, , , , , , , , , , ,0.547723,8.653856, ,10.183509,12.270781,3.633608, , ,7.497256, ,1.028992, , ,8.634652, ,3.255159,11.241081,7.741549,17.050329,3.596640,4.558221,7.785929,4.891597, , ,4.853743,8.455486,7.072294,3.770800,9.542519,9.003170,10.329734,9.538669,10.964881,10.434370, ,5.314988,4.273701,9.513379,2.324470,7.269627,8.371925,7.549714,10.901603, ,7.440696,7.977304,8.132639,7.193401,1.127494,2.397595,4.021004,4.957633,1.243283,1.284182,2.802280,3.486444, , , ,2.477284,3.474292,2.881758,3.855028,1.283596,4.134639,9.477411, ,5.518106,8.136967,1.732051, ,6.838589, ,1.950593,8.117107,2.521375, ,14.942484,7.339929,9.857640,4.797727,5.028672,1.881463,7.037633,7.805686,4.474945,13.954832, ,3.974588, ,4.122970,1.681117,12.031494,4.011348,1.672537,10.385742,14.833333, ,6.624323,0.707107, ,1.486784,3.708099, ,9.854714,6.416716,5.319774,6.363961,11.290598,3.088346,2.150769,7.593857, ,1.157748, , , ,0.145865,1.516637, , ,0.000000, ,1.673320, ,0.000000,1.333063, , ,6.193696,12.962558,1.414214,7.563720, ,1.070899,8.640952, , ,7.686109,4.154192, ,8.207213,3.862133, ,4.945035,3.480536,1.577761, , ,4.477297, ,1.976692,4.346808, ,2.402683,2.819997,4.649464,1.402440,1.133893,1.396828,15.744192, , , ,9.397345,15.892967,7.164214,10.638358,20.541557,6.816071,5.583198,2.618615,3.056175, ,4.918618, ,10.640325,9.934087,15.131246,5.950774,14.623372,11.756925,10.488819,2.542964, ,7.321861,8.576237,12.865223, ,1.902152,10.372363,6.392989, ,9.589306,4.479297,4.500505, , , , ,2.431623,1.853617, ,1.563967,4.777918, ,1.662419,0.755929,14.606428,5.585199,7.446556, ,3.390073, , ,9.393260,12.170533,13.266475,12.701706, ,7.455842,8.389293,12.563543, ,10.367882,4.865916,13.548772,12.102665,0.707107,3.774917,2.074375, , ,4.344740,4.321263, ,8.424831,4.922439,6.100305, , ,0.786245,1.166767,1.248276, , , , , , , ,2.971451, , , , ,12.921382,10.615112,3.054916,3.929526, ,3.109126,3.898718, ,1.995829, ,1.445998,9.607434,16.618051,7.664028,1.224745,11.054511,8.475757,11.642864, ,1.563472,6.962353,11.748598, , , ,2.877653,7.770257,19.284267,14.320269,8.942521,9.105655,9.899243,9.537466, ,7.767688, ,5.115143,3.384648, ,8.308020,5.363696,25.883285,4.765374,12.374317, ,8.048957,5.122184, ,12.113029,2.915476,9.592745, ,12.537139, , ,2.446909,20.115145, ,5.489032,1.414214,1.543487,12.020279,13.000000,6.968979, ,9.446475,6.172134,1.560714,11.144852, ,0.577350,4.284033,0.998365,4.087675, ,2.990599,9.394940,5.488092,6.414315,3.250024,3.312761, ,0.894427,4.563257,8.009808,9.247246,2.167948,9.365300,2.161787,1.112697,8.312728,4.713635, , ,2.110819,4.690416,5.159942, ,6.736237,9.810708,4.949747,5.875512,3.963482,3.092513,20.282895,1.732051,2.694878,1.879786,3.567796,7.343490,10.972841,9.565399, , , , , , , , , , , , , , , , ,3.990937,4.678139,5.971638, , , ,8.256151,7.150019,8.856831,0.823273, , , , , , ,11.138438,9.213585,7.435862,3.942861,6.792353, ,2.585585, , ,1.984127,4.122187, ,8.848729,6.737422,6.643916,0.000000,1.306043,2.025224,17.099744, , , ,0.000000, ,8.517264, ,1.527525,3.082021,5.341212,2.986079, ,2.721678,7.970046,8.366492,1.136182, ,7.424469,2.705560, , ,6.326637, ,0.755929,12.959071,3.937768, ,1.055290,0.767297,1.495120,3.844910,12.224867, , ,13.889016, ,1.732051,6.777861, ,1.414214,3.408467, , , ,2.516611,9.736923,3.027766,2.035630,3.502550,10.500794, , , ,10.414098,2.231805,0.577350,8.726239,3.271085,9.219590, ,5.008816,5.186789,5.814976, ,1.521313,2.437935,2.163231,3.710000, , ,1.577621, , , ,1.361976, , ,0.707107,2.037260, , , , , , , , , , , , , , 
    Mean ISI within Burst - Avg (sec), , ,0.015789,0.005617,0.017269, ,0.013895, , , ,0.017744, ,0.013132,0.025632,0.016752,0.025462,0.006195,0.005975,0.006729,0.009873, ,0.008060,0.006398, ,0.008406, ,0.007627,0.007082, ,0.012953,0.007643,0.006359,0.006741,0.005643,0.006681,0.005483,0.021407,0.005287,0.007756, ,0.054733,0.037190,0.008743,0.010631,0.008435,0.006678,0.005488,0.007488,0.006472,0.010261,0.005201,0.006025,0.006167,0.020420,0.005472,0.007055,0.009531,0.004865,0.005416, ,0.004295,0.005715,0.016839,0.005785,0.007066,0.007920, ,0.006613,0.016635,0.042880,0.005907, ,0.012256, ,0.005559,0.007576,0.008252,0.006739, , ,0.009691,0.011930,0.021830,0.009525, ,0.012808, ,0.008558,0.011522,0.010833,0.009052,0.008582,0.005756,0.005102,0.004672,0.009345,0.006506,0.007574,0.005423,0.006574,0.013614, ,0.006376,0.012117,0.008602,0.008156,0.011028,0.013751,0.006977,0.008194,0.006030,0.009461, , , ,0.008400, , , , ,0.025861,0.020080, ,0.021536, , ,0.015173, ,0.004579,0.007163,0.008921,0.008599,0.003718,0.005284,0.012439,0.005097,0.023260,0.009300,0.009537,0.004188,0.012240, ,0.007240,0.006298,0.007756,0.004732,0.005606, , ,0.004942,0.026697, ,0.007152,0.021815,0.034600, , ,0.005498, ,0.004954,0.007922,0.005550,0.010468,0.008386,0.019397,0.004897, , ,0.009566,0.006975,0.010063,0.006107,0.005688,0.009990,0.009371,0.005844,0.008698,0.026114,0.008020,0.007950,0.009011,0.007121,0.013319,0.006573,0.011927,0.004877,0.007444,0.009474,0.008537,0.005940,0.011760,0.006733,0.008871,0.008430,0.006076,0.016333,0.007924,0.029385,0.007777, ,0.013983,0.006800,0.010759, ,0.007459,0.008460,0.033856,0.006022,0.006564,0.015591,0.025826,0.016133,0.005369,0.006876,0.006749,0.006800, ,0.004685,0.032410,0.008125,0.008318,0.019398,0.007484,0.006561,0.008438, , ,0.008088,0.005896,0.008663,0.007669,0.008242,0.007211,0.006596, ,0.008134,0.011893, ,0.006433, , , ,0.015440, ,0.008643, , , , , , , , , , ,0.013032,0.006191, ,0.006183,0.006972,0.013929, , ,0.007124, ,0.012267, , ,0.007544, ,0.015896,0.005875,0.005735,0.004180,0.005399,0.007827,0.006594,0.006673, ,0.028947,0.009804,0.011229,0.004791,0.006972,0.004909,0.005697,0.005050,0.006501,0.006074,0.006154,0.049508,0.006883,0.008902,0.008069,0.010177,0.005812,0.007426,0.009167,0.009960, ,0.005952,0.005743,0.005914,0.006154,0.010180,0.008387,0.006430,0.006068,0.011673,0.008769,0.008963,0.006301, , ,0.006080,0.006645,0.007679,0.007157,0.008233,0.009310,0.005978,0.006393, ,0.007131,0.009642,0.030985, ,0.009343, ,0.008544,0.006485,0.005870, ,0.006017,0.005052,0.005852,0.012823,0.007197,0.008225,0.008497,0.006006,0.010390,0.006181, ,0.007910, ,0.006476,0.008474,0.008435,0.013917,0.010109,0.005161,0.013204, ,0.006761,0.012917, ,0.008606,0.011026, ,0.010423,0.011382,0.014506,0.035707,0.006561,0.013137,0.011334,0.010268, ,0.011116, , , ,0.007202,0.007034, , ,0.011253, ,0.015999, ,0.010149,0.007427, , ,0.006828,0.003894,0.016544,0.006492, ,0.011288,0.004994, , ,0.006704,0.005937, ,0.004847,0.008795,0.009360,0.005173,0.011975,0.005668, , ,0.005150, ,0.007076,0.006313, ,0.006957,0.009266,0.005296,0.006857,0.020845,0.006587,0.008065, , , ,0.005434,0.006844,0.007843,0.006069,0.009994,0.010484,0.008789,0.017673,0.007406,0.077733,0.008986, ,0.005620,0.005088,0.005977,0.007172,0.005620,0.009711,0.004432,0.008102,0.031933,0.006534,0.004412,0.003750, ,0.012473,0.005033,0.005496, ,0.006170,0.016327,0.018332, , , ,0.009640,0.007272,0.018196, ,0.006818,0.004657,0.020336,0.009494,0.008112,0.006852,0.012163,0.006072, ,0.006821, , ,0.010960,0.005398,0.007458,0.022819, ,0.005290,0.006101,0.004995, ,0.005694,0.008442,0.005667,0.007553,0.045077,0.015113,0.012520, , ,0.008171,0.009440, ,0.006189,0.005971,0.007007,0.014576, ,0.009614,0.007998,0.008738, ,0.016320, , , , , ,0.006293, , , , ,0.006707,0.010617,0.012782,0.016603, ,0.027803,0.030401, ,0.016962, ,0.011434,0.008842,0.006306,0.007493,0.013994,0.006649,0.005590,0.005150, ,0.011660,0.011974,0.007746, , , ,0.005472,0.010501,0.004258,0.004747,0.004699,0.006865,0.007864,0.006614, ,0.005647, ,0.008305,0.009280, ,0.004769,0.010519,0.010621,0.009481,0.004497, ,0.012018,0.005558, ,0.009841,0.020599,0.008369,0.006000,0.004372, , ,0.006975,0.009845, ,0.008421,0.015663,0.008516,0.004944,0.011887,0.012226, ,0.010059,0.012228,0.010426,0.006794, ,0.009551,0.011865,0.011056,0.008871, ,0.006734,0.005534,0.008631,0.007505,0.007139,0.007930,0.009600,0.010371,0.010639,0.007185,0.007043,0.023856,0.004854,0.006035,0.010896,0.009309,0.009195, , ,0.010473,0.019839,0.009583,0.041760,0.009091,0.011080,0.012453,0.010702,0.008108,0.011689,0.011304,0.029276,0.007720,0.007727,0.011000,0.007273,0.006055,0.007564, , , , , , , , , , , , , , , , ,0.006295,0.011180,0.008229, , ,0.084987,0.012817,0.007161,0.007193,0.013912, , , , , , ,0.006023,0.006582,0.006690,0.010104,0.009740, ,0.007606, , ,0.013017,0.015408, ,0.014431,0.007157,0.006559,0.011027,0.009260,0.008525,0.004305, , , ,0.009760, ,0.008043, ,0.013488,0.011286,0.009356,0.008441, ,0.009534,0.005572,0.008524,0.011754, ,0.008684,0.009625, , ,0.005942,0.015680,0.011506,0.006424,0.005657,0.011320,0.013687,0.012051,0.011353,0.014399,0.007989, , ,0.014905, ,0.023004,0.013427, ,0.055689,0.013347, , , ,0.037822,0.007501,0.010471,0.014625,0.016433,0.013306, , , ,0.006013,0.013164,0.008465,0.007888,0.015417,0.006747, ,0.010843,0.005272,0.004884, ,0.008190,0.006646,0.008614,0.006105, , ,0.012122,0.013140, , ,0.010759, , ,0.012703,0.007099, , , , , , , , , , , , , , 
    Mean ISI within Burst - Std (sec), , ,0.002975,0.001022,0.005794, ,0.002353, , , ,0.003464, ,0.006599,0.001310,0.003988,0.008626,0.002529,0.001737,0.002129,0.003148, ,0.002707,0.002978, ,0.002210, ,0.005060,0.002968, ,0.003403,0.004254,0.002939,0.001879,0.001809,0.001304,0.001986,0.028095,0.001502,0.003086, ,0.094233,0.043393,0.003494,0.006268,0.001803,0.001545,0.001801,0.002179,0.002480,0.003903,0.001555,0.002909,0.001978,0.002985,0.001261,0.002042,0.004826,0.001309,0.001489, ,0.001325,0.001643,0.004226,0.002307,0.002214,0.002159, ,0.002340,0.004760, ,0.001822, ,0.003276, ,0.001700,0.002623,0.002411,0.003106, , ,0.002528,0.002071,0.005490,0.001881, ,0.004644, ,0.001850,0.002909,0.002907,0.002535,0.003608,0.001836,0.002477,0.001277,0.002154,0.001941,0.001503,0.001687,0.001763,0.007020, ,0.001570,0.004440,0.002437,0.003052,0.002199,0.005639,0.001345,0.001631,0.002430,0.003838, , , ,0.001414, , , , ,0.008813,0.009631, ,0.007833, , ,0.008077, ,0.000636,0.001985,0.001791,0.004220,0.000803,0.001252,0.009282,0.001397,0.011512,0.001851,0.004059,0.000701, , ,0.002178,0.001549,0.003775,0.001008,0.005151, , ,0.003814,0.012632, ,0.002399,0.029399, , , ,0.005333, ,0.001757,0.003857,0.001393,0.001980,0.001979,0.008455,0.001249, , ,0.003960,0.002416,0.005233,0.001874,0.001894,0.002332,0.003258,0.002348,0.003099,0.021428,0.002353,0.003004,0.001787,0.001902,0.006520,0.001849,0.005664,0.001206,0.001768,0.006504,0.001950,0.001962, ,0.001930,0.002294,0.001908,0.001866,0.009264,0.002154,0.010308,0.002642, ,0.010053,0.001940,0.002253, ,0.002308,0.002256, ,0.001828,0.001703,0.007088, ,0.005928,0.001448,0.001780,0.001920,0.001699, ,0.001430, ,0.002351,0.002677, ,0.002576,0.002417,0.002005, , ,0.000328,0.001480,0.001998,0.001974,0.002538,0.002226,0.002041, ,0.002417,0.007238, ,0.002296, , , , , ,0.001759, , , , , , , , , , ,0.005324,0.001438, ,0.001874,0.001850,0.002187, , ,0.001608, ,0.004457, , ,0.001883, ,0.003660,0.001276,0.001708,0.001094,0.001133,0.002049,0.001985,0.002566, , ,0.002202,0.003313,0.001133,0.001845,0.001828,0.002198,0.001358,0.001625,0.001271,0.001383, ,0.001383,0.002896,0.001766,0.002655,0.001170,0.001944,0.002274,0.002490, ,0.001904,0.001644,0.001034,0.002729,0.004527,0.002889,0.002368,0.002424,0.006374,0.003162,0.002930,0.001513, , , ,0.001775,0.002089,0.002246,0.003792,0.004485,0.001374,0.003132, ,0.002375,0.002138,0.033589, ,0.003514, ,0.002299,0.002046,0.002878, ,0.001444,0.000958,0.001733,0.004639,0.002226,0.002527,0.004417,0.001412,0.003213,0.001455, ,0.004790, ,0.002069,0.002211,0.003149,0.010382,0.004462,0.001407,0.007597, ,0.002091,0.003551, ,0.002586,0.005747, ,0.002205,0.002763,0.002671,0.037854,0.001502,0.008962,0.004637,0.002892, ,0.002694, , , ,0.001394,0.001667, , ,0.001365, ,0.002612, ,0.001189,0.001412, , ,0.002448,0.000991,0.013780,0.001811, ,0.005633,0.001786, , ,0.003231,0.001592, ,0.001437,0.002224, ,0.002589,0.002016,0.001823, , ,0.002565, ,0.002828,0.002616, ,0.004078,0.004006,0.002027,0.002758,0.006480,0.003312,0.002122, , , ,0.001507,0.007240,0.009350,0.001851,0.004345,0.004281,0.002217,0.017933,0.008982, ,0.002261, ,0.001377,0.001656,0.002210,0.002551,0.001644,0.003542,0.001332,0.005674, ,0.001824,0.001202,0.000824, ,0.015643,0.001564,0.002433, ,0.002285,0.014357,0.015578, , , , ,0.002138,0.018127, ,0.002202,0.001298, ,0.002198,0.003421,0.001991,0.009389,0.001877, ,0.003795, , ,0.007331,0.001236,0.001902,0.015178, ,0.001476,0.001861,0.001612, ,0.001590,0.002759,0.001096,0.002376,0.035088,0.010560,0.002354, , ,0.002309,0.004151, ,0.001951,0.001557,0.001753, , ,0.002277,0.001510,0.001248, , , , , , , ,0.001120, , , , ,0.002789,0.003077,0.005124,0.012017, ,0.021837,0.018481, ,0.009901, ,0.003045,0.002393,0.001231,0.002038,0.009815,0.001873,0.001874,0.001507, ,0.004615,0.005321,0.001915, , , ,0.003042,0.006013,0.001439,0.001380,0.001399,0.002305,0.004303,0.001911, ,0.001299, ,0.002071,0.004102, ,0.001252,0.005611,0.002079,0.006281,0.001224, ,0.007320,0.002126, ,0.002206,0.022340,0.002276, ,0.001103, , ,0.003810,0.002441, ,0.002587,0.000957,0.001713,0.001298,0.009395,0.013154, ,0.003218,0.004906,0.002413,0.002817, ,0.005345,0.002741,0.007774,0.004963, ,0.002308,0.001874,0.002591,0.002567,0.002011,0.003017, ,0.004792,0.008143,0.002390,0.002426,0.027321,0.001835,0.002121,0.004621,0.005563,0.003685, , ,0.003571,0.021817,0.003556, ,0.003024,0.002347,0.003545,0.002826,0.002601,0.006193,0.003347,0.036227,0.002018,0.003821,0.008754,0.002248,0.001402,0.002168, , , , , , , , , , , , , , , , ,0.002419,0.002410,0.002647, , , ,0.003368,0.001942,0.001359,0.010390, , , , , , ,0.003361,0.002657,0.002739,0.003184,0.002455, ,0.001770, , ,0.006996,0.007101, ,0.010066,0.002632,0.001902,0.004588,0.002396,0.002825,0.001021, , , ,0.002801, ,0.002159, ,0.012809,0.004758,0.003443,0.002027, ,0.004192,0.002623,0.002560,0.003470, ,0.003149,0.003373, , ,0.002401, ,0.005953,0.002387,0.001373, ,0.004399,0.004711,0.012026,0.003339,0.002443, , ,0.002421, ,0.007673,0.002625, ,0.007393,0.005900, , , ,0.014959,0.002096,0.004072,0.004685,0.009479,0.002338, , , ,0.001172,0.002340,0.004200,0.001810,0.006021,0.001934, ,0.002867,0.001743,0.001630, ,0.002453,0.002450,0.003502,0.001635, , ,0.003000, , , ,0.003139, , ,0.006656,0.001387, , , , , , , , , , , , , , 
    Median ISI within Burst - Avg (sec), , ,0.014483,0.004613,0.015877, ,0.012813, , , ,0.013267, ,0.006438,0.020288,0.014326,0.019818,0.004990,0.004559,0.005843,0.008502, ,0.006516,0.004870, ,0.007522, ,0.005783,0.004707, ,0.011809,0.005985,0.004851,0.006075,0.004881,0.005695,0.004038,0.015067,0.004314,0.006017, ,0.052592,0.046680,0.007262,0.009397,0.007842,0.005373,0.004346,0.006062,0.005132,0.009550,0.004243,0.004509,0.005185,0.019232,0.004626,0.006406,0.007571,0.003898,0.004393, ,0.003368,0.004670,0.015875,0.004732,0.005722,0.006975, ,0.005301,0.013737,0.027320,0.004393, ,0.011380, ,0.004374,0.006463,0.007640,0.005319, , ,0.007751,0.011526,0.013020,0.008609, ,0.010325, ,0.007246,0.010430,0.009973,0.007332,0.005767,0.004328,0.003615,0.003771,0.008288,0.005197,0.006190,0.003795,0.005052,0.009147, ,0.005148,0.008773,0.007640,0.006903,0.010118,0.011332,0.006227,0.007072,0.004785,0.007087, , , ,0.008080, , , , ,0.014341,0.008907, ,0.017597, , ,0.010866, ,0.003764,0.005946,0.007947,0.005967,0.003062,0.004337,0.008223,0.003826,0.018740,0.008380,0.007334,0.003501,0.009000, ,0.006011,0.005295,0.006723,0.003927,0.004085, , ,0.003845,0.017045, ,0.005352,0.014333,0.031640, , ,0.004287, ,0.004020,0.007009,0.004675,0.009415,0.007339,0.015764,0.003988, , ,0.007899,0.005321,0.007572,0.004795,0.004507,0.008273,0.007309,0.004061,0.007614,0.015253,0.006767,0.005691,0.008358,0.006007,0.010027,0.005365,0.010529,0.003835,0.006560,0.007358,0.007687,0.004909,0.006320,0.005764,0.007749,0.007037,0.005008,0.013704,0.006921,0.019400,0.006144, ,0.011025,0.005786,0.009874, ,0.006338,0.007151,0.036880,0.004622,0.005408,0.014960,0.019600,0.013193,0.004470,0.005623,0.005771,0.006347, ,0.003548,0.031560,0.006328,0.006485,0.013440,0.006315,0.005274,0.007528, , ,0.006760,0.005063,0.007487,0.006742,0.007343,0.005737,0.005243, ,0.006982,0.009676, ,0.005083, , , ,0.015760, ,0.007351, , , , , , , , , , ,0.009560,0.004905, ,0.003849,0.005419,0.010805, , ,0.006198, ,0.010447, , ,0.006038, ,0.012621,0.004348,0.004434,0.003118,0.004366,0.006567,0.005419,0.005502, ,0.026720,0.009600,0.010781,0.003675,0.005836,0.003973,0.004523,0.004059,0.005742,0.005503,0.005224,0.036240,0.005979,0.008346,0.007284,0.008390,0.004727,0.006412,0.008178,0.008578, ,0.004475,0.004442,0.004783,0.004615,0.008589,0.006398,0.004199,0.004326,0.008682,0.007293,0.006341,0.005076, , ,0.002800,0.005589,0.005926,0.005370,0.006464,0.007514,0.005371,0.005053, ,0.005740,0.008541,0.031107, ,0.007905, ,0.007206,0.005712,0.004615, ,0.004841,0.004625,0.004690,0.011436,0.006293,0.007066,0.005787,0.005128,0.009357,0.005260, ,0.006744, ,0.005400,0.007762,0.007128,0.011244,0.008171,0.004072,0.010436, ,0.005743,0.012720, ,0.007852,0.009798, ,0.009951,0.010117,0.009144,0.032200,0.005392,0.011107,0.007911,0.009504, ,0.007550, , , ,0.005478,0.004874, , ,0.010960, ,0.014294, ,0.009777,0.005585, , ,0.005790,0.003238,0.013480,0.005421, ,0.009259,0.003771, , ,0.004506,0.004950, ,0.003798,0.007264,0.007360,0.003591,0.010985,0.004435, , ,0.003637, ,0.005761,0.004592, ,0.005041,0.007501,0.003887,0.005493,0.016817,0.005703,0.007525, , , ,0.004144,0.004376,0.006105,0.004933,0.008220,0.008367,0.008282,0.013430,0.005444,0.052040,0.007228, ,0.004590,0.004320,0.004856,0.005508,0.004372,0.008791,0.003439,0.006087,0.026320,0.005505,0.003520,0.003104, ,0.007800,0.004331,0.004607, ,0.004935,0.010572,0.011244, , , ,0.008360,0.005852,0.014240, ,0.005700,0.003892,0.012080,0.008938,0.006349,0.005844,0.008907,0.004868, ,0.005555, , ,0.009224,0.004597,0.006694,0.018853, ,0.004383,0.005115,0.003897, ,0.004347,0.007282,0.004942,0.006441,0.041560,0.010980,0.011536, , ,0.006687,0.007794, ,0.004941,0.004623,0.006224,0.013360, ,0.008570,0.007607,0.007893, ,0.015120, , , , , ,0.005397, , , , ,0.005003,0.009364,0.010381,0.013381, ,0.016730,0.025592, ,0.012865, ,0.009523,0.007371,0.005332,0.006347,0.010467,0.005501,0.004369,0.003911, ,0.009476,0.010148,0.006868, , , ,0.004554,0.008349,0.003324,0.003686,0.003941,0.005375,0.006456,0.005258, ,0.004766, ,0.007428,0.007911, ,0.003650,0.008886,0.011076,0.007406,0.003556, ,0.010395,0.004406, ,0.009049,0.017056,0.006732,0.005920,0.003462, , ,0.005796,0.009811, ,0.007226,0.012800,0.007454,0.003851,0.010470,0.010327, ,0.008015,0.010387,0.009088,0.005076, ,0.010893,0.010664,0.009313,0.006565, ,0.005463,0.004360,0.007336,0.005867,0.005847,0.005740,0.008640,0.008736,0.007662,0.005788,0.005316,0.013520,0.003575,0.004893,0.008897,0.006717,0.006877, , ,0.007536,0.010310,0.008844,0.016800,0.008230,0.009222,0.009040,0.009776,0.006141,0.008458,0.009615,0.031760,0.006426,0.006863,0.008868,0.006213,0.004495,0.006601, , , , , , , , , , , , , , , , ,0.005113,0.010070,0.006486, , ,0.063160,0.010894,0.005402,0.006199,0.011068, , , , , , ,0.003868,0.004997,0.005695,0.009331,0.008284, ,0.007048, , ,0.011200,0.012813, ,0.008760,0.005896,0.005346,0.010093,0.008144,0.007139,0.003305, , , ,0.008607, ,0.006881, ,0.010848,0.010135,0.008470,0.007392, ,0.008161,0.003695,0.006588,0.011233, ,0.005952,0.007333, , ,0.004142,0.015280,0.011446,0.004849,0.004423,0.012000,0.011090,0.009955,0.007457,0.013047,0.006192, , ,0.011966, ,0.020493,0.012061, ,0.045840,0.010054, , , ,0.032200,0.005770,0.007713,0.011816,0.014575,0.012413, , , ,0.004905,0.011880,0.006840,0.006403,0.013128,0.005506, ,0.010458,0.004167,0.003724, ,0.006394,0.005584,0.007161,0.004801, , ,0.010512,0.012200, , ,0.010300, , ,0.009529,0.006473, , , , , , , , , , , , , , 
    Median ISI within Burst - Std (sec), , ,0.002886,0.000924,0.006387, ,0.002559, , , ,0.004276, ,0.001831,0.008060,0.003163,0.009423,0.002018,0.001478,0.001588,0.002969, ,0.002527,0.002200, ,0.002257, ,0.003687,0.001467, ,0.003484,0.003144,0.001959,0.001615,0.001070,0.001472,0.001218,0.018077,0.001076,0.001698, ,0.097338,0.056286,0.003767,0.005788,0.001855,0.001555,0.001336,0.002263,0.001952,0.003607,0.001334,0.001783,0.001753,0.004326,0.001160,0.002064,0.003322,0.001243,0.001275, ,0.000707,0.001617,0.004681,0.001506,0.001674,0.002560, ,0.002027,0.002388, ,0.001139, ,0.002753, ,0.001236,0.002634,0.001685,0.001636, , ,0.001851,0.002033,0.001386,0.001978, ,0.002694, ,0.001961,0.002489,0.003151,0.001876,0.001799,0.001134,0.000998,0.001061,0.001650,0.001365,0.001546,0.000873,0.001621,0.002046, ,0.001559,0.003761,0.001430,0.001930,0.001808,0.002935,0.001293,0.001573,0.001663,0.002664, , , ,0.002602, , , , ,0.005312,0.003662, ,0.002464, , ,0.005006, ,0.000461,0.001668,0.002101,0.002754,0.000229,0.000914,0.003873,0.000774,0.007439,0.001838,0.002283,0.000586, , ,0.001864,0.001402,0.002920,0.000839,0.002588, , ,0.002826,0.007351, ,0.001765,0.016089, , , ,0.002879, ,0.001308,0.003460,0.001426,0.001598,0.001577,0.006407,0.001001, , ,0.002885,0.002156,0.001954,0.001514,0.001490,0.002476,0.002354,0.001060,0.002347,0.003137,0.002101,0.001916,0.001713,0.001955,0.002578,0.001537,0.003615,0.001271,0.001931,0.003736,0.001306,0.001809, ,0.001555,0.002141,0.001938,0.001522,0.008128,0.002393,0.003224,0.001434, ,0.002500,0.001865,0.002148, ,0.002176,0.002333, ,0.001518,0.001777,0.006229, ,0.005165,0.001225,0.001717,0.001521,0.001877, ,0.000850, ,0.001996,0.002097, ,0.002569,0.001845,0.001955, , ,0.001527,0.001543,0.001873,0.002268,0.002125,0.001567,0.001639, ,0.002292,0.004257, ,0.001774, , , , , ,0.001079, , , , , , , , , , ,0.003097,0.000908, ,0.000646,0.001306,0.001695, , ,0.001217, ,0.003206, , ,0.001945, ,0.003269,0.001060,0.001107,0.000354,0.001061,0.002002,0.001639,0.002064, , ,0.001939,0.002950,0.000761,0.001849,0.001059,0.001452,0.000981,0.001826,0.001340,0.001243, ,0.001882,0.002777,0.002101,0.002029,0.001267,0.001960,0.002228,0.002419, ,0.001369,0.001308,0.001126,0.001376,0.003460,0.002337,0.001263,0.001199,0.003983,0.002938,0.002248,0.001587, , , ,0.001572,0.002098,0.001782,0.002665,0.003961,0.001309,0.002103, ,0.001761,0.002116,0.035435, ,0.002421, ,0.002411,0.002115,0.001607, ,0.001309,0.000913,0.001322,0.004119,0.002121,0.002335,0.002582,0.001167,0.002006,0.001606, ,0.003491, ,0.001536,0.002010,0.001797,0.004905,0.002497,0.001024,0.004464, ,0.001950,0.004059, ,0.002680,0.003767, ,0.002503,0.003316,0.002911,0.034677,0.001512,0.004211,0.002508,0.002977, ,0.002055, , , ,0.000767,0.001501, , ,0.002361, ,0.002705, ,0.000883,0.001800, , ,0.001760,0.000390,0.011031,0.001813, ,0.002889,0.001010, , ,0.001190,0.000823, ,0.000505,0.002357, ,0.001400,0.002365,0.001101, , ,0.001214, ,0.002484,0.001817, ,0.002063,0.003711,0.001028,0.001888,0.004749,0.002961,0.002390, , , ,0.001170,0.003243,0.005005,0.001664,0.002501,0.003297,0.002002,0.009748,0.004141, ,0.001838, ,0.001410,0.001178,0.001656,0.001699,0.001203,0.003704,0.000717,0.002769, ,0.001623,0.000707,0.000380, ,0.004761,0.001268,0.001430, ,0.002048,0.007362,0.003741, , , , ,0.001731,0.010991, ,0.001360,0.000803, ,0.002395,0.003086,0.001758,0.003959,0.001759, ,0.002499, , ,0.005357,0.001139,0.001794,0.007901, ,0.001211,0.001377,0.001072, ,0.001247,0.002623,0.001065,0.002542,0.042257,0.002134,0.002525, , ,0.002302,0.002738, ,0.001625,0.001280,0.002200, , ,0.001963,0.001095,0.001303, , , , , , , ,0.001070, , , , ,0.001287,0.001954,0.002578,0.007523, ,0.010227,0.014689, ,0.003218, ,0.003345,0.001401,0.001217,0.001770,0.003254,0.001471,0.001335,0.001083, ,0.004477,0.002745,0.001370, , , ,0.001950,0.003494,0.000689,0.000910,0.001113,0.001743,0.002538,0.001332, ,0.001270, ,0.002030,0.002459, ,0.000870,0.003903,0.002585,0.004342,0.000986, ,0.004067,0.001645, ,0.002393,0.016375,0.002050, ,0.000554, , ,0.002455,0.001998, ,0.002719,0.003168,0.001492,0.000961,0.006812,0.010278, ,0.002385,0.002995,0.002449,0.001766, ,0.006740,0.001754,0.005862,0.002702, ,0.001831,0.001237,0.002239,0.002301,0.001414,0.002414, ,0.004705,0.003978,0.002049,0.001473,0.008563,0.000784,0.001421,0.003858,0.002792,0.002320, , ,0.002007,0.007758,0.003660, ,0.002698,0.002489,0.002828,0.002283,0.002174,0.002403,0.003775,0.042757,0.001767,0.002339,0.003342,0.001885,0.001225,0.001784, , , , , , , , , , , , , , , , ,0.002361,0.002348,0.002129, , , ,0.002600,0.001702,0.001444,0.007080, , , , , , ,0.001209,0.001527,0.002111,0.003010,0.002382, ,0.001591, , ,0.003286,0.006074, ,0.004699,0.002492,0.001954,0.004329,0.001896,0.002177,0.000479, , , ,0.002929, ,0.002158, ,0.008017,0.003616,0.002528,0.001817, ,0.003835,0.001235,0.002710,0.003537, ,0.002206,0.002538, , ,0.001586, ,0.006015,0.001459,0.001224, ,0.002445,0.003831,0.003799,0.003407,0.002371, , ,0.003029, ,0.012038,0.001482, ,0.007354,0.003174, , , ,0.013435,0.001701,0.002481,0.003053,0.007679,0.003429, , , ,0.001359,0.002850,0.003412,0.001733,0.003639,0.001414, ,0.002570,0.001202,0.001030, ,0.002264,0.002157,0.003347,0.001378, , ,0.004386, , , ,0.003113, , ,0.001415,0.001228, , , , , , , , , , , , , , 
    Median/Mean ISI within Burst, , ,0.925663,0.823511,0.917735, ,0.927223, , , ,0.760822, ,0.625146,0.781283,0.866836,0.775889,0.821171,0.775009,0.881734,0.867670, ,0.819805,0.793861, ,0.901488, ,0.779365,0.742403, ,0.910653,0.802884,0.776659,0.908982,0.886078,0.849336,0.773222,0.821451,0.834441,0.826643, ,0.834749,1.165749,0.822516,0.882695,0.932310,0.810043,0.810665,0.816030,0.808286,0.933415,0.821628,0.788704,0.846533,0.941011,0.851208,0.905653,0.837022,0.808028,0.821371, ,0.805241,0.820245,0.939216,0.843351,0.829786,0.879804, ,0.811987,0.862276,0.637127,0.769832, ,0.941672, ,0.806591,0.859650,0.941130,0.838765, , ,0.818819,0.969004,0.607669,0.907022, ,0.839340, ,0.851088,0.918134,0.918151,0.832875,0.716744,0.773794,0.763782,0.820650,0.900415,0.815338,0.822636,0.721268,0.782901,0.763299, ,0.810475,0.722397,0.905826,0.866635,0.928757,0.867424,0.898327,0.872460,0.807670,0.779276, , , ,0.949281, , , , ,0.577012,0.486635, ,0.855054, , ,0.756401, ,0.829172,0.838195,0.893106,0.740506,0.840182,0.830380,0.757306,0.766295,0.827933,0.907245,0.816631,0.842493,0.735294, ,0.834848,0.844470,0.890307,0.837398,0.801406, , ,0.798859,0.660148, ,0.770451,0.798812,0.914451, , ,0.819754, ,0.828684,0.898240,0.844726,0.914115,0.893663,0.839659,0.823756, , ,0.852853,0.769598,0.810893,0.800638,0.804985,0.832033,0.795137,0.730990,0.898185,0.788194,0.850609,0.752946,0.932999,0.844282,0.805536,0.825055,0.916343,0.790185,0.883016,0.830299,0.916603,0.832080,0.537415,0.870071,0.877839,0.839451,0.834255,0.848506,0.871271,0.682975,0.815321, ,0.906283,0.856933,0.922487, ,0.859700,0.843924,1.089319,0.777204,0.826200,0.978897,0.758929,0.815836,0.839191,0.826055,0.867450,0.926474, ,0.777808,0.973774,0.795185,0.793286,0.692852,0.852669,0.824360,0.896361, , ,0.832661,0.856419,0.871436,0.876730,0.901268,0.822675,0.809659, ,0.860884,0.869720, ,0.808901, , , ,1.020725, ,0.868892, , , , , , , , , , ,0.779107,0.810668, ,0.665903,0.794965,0.783785, , ,0.881919, ,0.867555, , ,0.800665, ,0.795796,0.756298,0.794148,0.776847,0.815432,0.839885,0.839283,0.837328, ,0.923077,0.986252,0.976094,0.780523,0.845627,0.837810,0.816923,0.817544,0.879522,0.906349,0.853782,0.732007,0.862672,0.942379,0.897536,0.849002,0.815183,0.868604,0.895462,0.865787, ,0.768921,0.788044,0.810345,0.795333,0.858350,0.778738,0.689792,0.752830,0.769655,0.838723,0.750155,0.809720, , ,0.460526,0.854152,0.777952,0.763022,0.806413,0.826336,0.905142,0.830308, ,0.831291,0.894598,0.952353, ,0.869298, ,0.846411,0.882767,0.837848, ,0.810482,0.918346,0.817498,0.900793,0.874125,0.866768,0.724745,0.863474,0.919521,0.849766, ,0.873103, ,0.845600,0.923218,0.876522,0.891298,0.839202,0.805529,0.845155, ,0.854396,0.990386, ,0.917613,0.915614, ,0.958906,0.886669,0.631156,0.883480,0.821257,0.915185,0.736218,0.922213, ,0.707720, , , ,0.780177,0.697672, , ,0.968716, ,0.897896, ,0.966366,0.751505, , ,0.867873,0.853279,0.822394,0.833833, ,0.868003,0.779979, , ,0.732076,0.859081, ,0.820412,0.829872,0.786325,0.746028,0.914266,0.807013, , ,0.755320, ,0.826248,0.754682, ,0.778879,0.809732,0.766035,0.827436,0.835145,0.874585,0.931228, , , ,0.775429,0.776333,0.854587,0.819205,0.877447,0.817990,0.958494,0.923277,0.850594,0.669468,0.819802, ,0.820325,0.866244,0.827378,0.789399,0.793684,0.893018,0.800064,0.805491,0.824217,0.852042,0.820100,0.846090, ,0.791542,0.869894,0.867980, ,0.811872,0.703657,0.794984, , , ,0.867220,0.826045,0.864172, ,0.866697,0.855903,0.594020,0.944310,0.772727,0.864050,0.827882,0.806819, ,0.842228, , ,0.867464,0.856685,0.907351,0.914094, ,0.843002,0.857951,0.809654, ,0.778019,0.866974,0.874923,0.849642,0.799261,0.877729,0.923215, , ,0.816954,0.848755, ,0.810956,0.785187,0.877869,0.916575, ,0.908169,0.962030,0.904237, ,0.926471, , , , , ,0.863611, , , , ,0.791798,0.904880,0.849737,0.883844, ,0.724652,0.878667, ,0.867244, ,0.838117,0.852585,0.849661,0.854946,0.868491,0.833960,0.802296,0.774882, ,0.813209,0.901100,0.907202, , , ,0.860345,0.840572,0.811037,0.798054,0.850761,0.802968,0.870556,0.814511, ,0.847817, ,0.897380,0.881625, ,0.782100,0.875404,1.038140,0.806791,0.805561, ,0.921204,0.809008, ,0.918933,0.886470,0.805523,0.986667,0.809979, , ,0.873955,1.012038, ,0.856937,0.824913,0.882007,0.791435,0.936159,0.883071, ,0.815529,0.889194,0.879363,0.773625, ,1.111670,0.912877,0.870173,0.779282, ,0.828041,0.804207,0.861315,0.797069,0.843644,0.742789,0.900000,0.833821,0.803038,0.823509,0.786617,0.758902,0.779769,0.838037,0.858078,0.798231,0.770120, , ,0.762140,0.695990,0.924563,0.402299,0.915670,0.840845,0.790254,0.922577,0.771008,0.807501,0.860199,0.943753,0.842919,0.920215,0.914776,0.865635,0.753332,0.889998, , , , , , , , , , , , , , , , ,0.814686,0.907449,0.804870, , ,0.743175,0.865989,0.758100,0.864113,0.816250, , , , , , ,0.712126,0.788040,0.863586,0.930262,0.862384, ,0.931590, , ,0.928149,0.841886, ,0.703011,0.822979,0.813063,0.924604,0.892425,0.853026,0.787880, , , ,0.871166, ,0.855047, ,0.868534,0.916804,0.926862,0.880719, ,0.862303,0.721989,0.765466,0.957465, ,0.713999,0.780392, , ,0.729104,0.974490,1.007991,0.783175,0.788940,1.060071,0.851098,0.856210,0.789687,0.921905,0.772570, , ,0.803191, ,0.846832,0.914409, ,0.821618,0.787459, , , ,0.863981,0.786175,0.766158,0.832735,0.895645,0.926690, , , ,0.814215,0.896999,0.837857,0.816290,0.884188,0.828966, ,0.975797,0.810795,0.782953, ,0.788678,0.856211,0.847492,0.796351, , ,0.848835,0.928463, , ,0.956279, , ,0.849566,0.919752, , , , , , , , , , , , , , 
    Inter-Burst Interval - Avg (sec), , ,14.151454,7.350613,50.641375, ,17.376330, , , ,61.847320, ,25.155367,85.975960,41.357809,28.257192,7.994792,8.978802,16.211762,22.874973, ,13.264242,8.458356, ,15.962669, ,6.502991,12.191400, ,54.128690,7.685210,9.530734,14.264004,9.166186,14.763637,8.450627,122.940400,6.687635,16.103745, ,130.452960,82.295200,26.347638,36.598965,14.397251,8.153313,5.951885,11.670551,7.305622,21.341185,6.393558,6.502940,8.844021,43.819280,6.920243,9.650279,23.390720,6.535781,6.535816, ,5.858553,7.565277,58.215760,6.393683,7.887291,14.265432, ,9.100740,90.015853, ,7.993878, ,38.246155, ,5.427044,16.246869,23.214125,9.913376, , ,15.922750,42.867071,277.375280,22.291235, ,33.230750, ,17.975332,35.449733,15.724833,19.216199,10.429491,7.017893,6.756032,9.907462,23.218550,9.447841,13.015534,10.099059,11.714675,227.204520, ,13.016091,23.606540,11.714366,13.016281,22.662973,47.212060,12.462204,14.285914,11.263966,12.316372, , , ,317.173600, , , , ,14.022345,52.651309, ,12.922700, , ,9.348936, ,7.896492,8.115868,12.432853,12.173755,7.896431,8.004724,31.367027,7.896546,260.162000,10.821166,10.821170,8.004679, , ,8.347749,7.896518,13.148121,5.508201,5.559821, , ,5.359460,78.966651, ,10.957182,42.264697, , , ,5.457597, ,5.720055,20.173832,8.199089,37.234075,24.186997,21.306274,5.769630, , ,19.351085,11.609907,30.100211,9.677276,6.064220,33.964095,19.482474,5.883379,10.899594,74.927840,8.635458,7.829439,25.634370,9.960018,59.581040,6.907928,35.829280,6.339710,9.471037,24.395228,31.598968,7.829406, ,7.220929,12.655525,9.636599,5.457665,59.900151,19.405819,193.876800,7.725695, ,46.197120,7.530204,9.752201, ,8.773718,10.780107, ,5.665608,6.038697,81.947600, ,73.053872,8.104629,6.294119,5.693723,36.217400, ,4.981873, ,9.058160,6.226878, ,17.401299,5.978339,13.606534, , ,302.335600,5.419907,22.505092,11.875215,16.163267,13.775173,6.227957, ,10.834742,34.227656, ,5.571448, , , , , ,9.925959, , , , , , , , , , ,111.378120,7.196017, ,7.776135,10.234373,9.883489, , ,8.429698, ,31.042970, , ,8.682261, ,19.108260,8.501482,7.101968,7.102575,8.542776,15.770543,9.962348,12.156503, , ,33.457285,39.014269,7.188313,13.872310,7.101809,8.186639,7.277034,11.221252,6.474630,5.839922, ,8.509608,19.742672,10.556596,23.458316,5.135002,17.637522,24.495624,16.099064, ,6.545748,7.264206,7.865209,4.690350,33.140612,7.723557,5.435673,5.051087,34.528936,32.617858,15.868221,9.173567, , , ,7.268893,13.343220,7.624710,12.763207,29.052012,9.172237,8.252673, ,9.625412,17.432385,165.451480, ,24.411628, ,17.505290,9.785775,8.763410, ,7.636779,9.421910,5.464751,58.379696,10.994052,9.348325,13.412515,5.341700,21.620886,9.415906, ,18.243673, ,5.808517,23.150714,8.196796,58.377200,18.831667,6.383677,61.395630, ,8.090047,70.133291, ,28.234404,22.188430, ,21.558138,45.870851,138.291840,495.132960,8.632191,45.445004,19.121731,32.965623, ,13.528904, , , ,12.850814,6.951961, , ,22.230000, ,10.699447, ,67.995920,7.568027, , ,8.257117,7.621785,435.830480,9.007726, ,21.232996,7.431345, , ,7.621995,8.079963, ,6.324546,15.369922, ,5.164374,23.868223,6.987047, , ,5.399121, ,11.956762,6.077767, ,8.364980,39.898434,5.550677,12.072038,63.387213,10.518247,19.661864, , , ,5.360812,4.760431,9.216650,5.898670,59.223644,16.245353,25.646240,78.908983,6.134500, ,14.387257, ,7.101209,4.970861,8.334952,9.280080,9.393275,25.798989,4.889354,35.808048, ,10.567270,6.038474,4.386048, ,42.773360,6.363190,7.044895, ,9.646846,48.063187,49.257944, , , , ,7.873640,41.836733, ,14.352898,6.764107, ,57.024400,67.111200,6.594913,68.508200,9.687371, ,9.668404, , ,45.934071,9.181996,14.272597,96.870400, ,5.653032,7.151364,9.755692, ,6.259021,11.608005,5.309025,12.032375,332.813680,167.931280,26.048819, , ,12.493955,13.432558, ,6.504196,5.717510,6.935426, , ,13.283696,16.387402,9.906716, , , , , , , ,5.964307, , , , ,9.545560,14.173305,20.753377,30.920760, ,175.539253,111.643440, ,37.350576, ,26.415276,11.393343,9.248895,9.547128,71.179136,10.204897,5.627509,5.287937, ,71.873070,47.919133,20.535766, , , ,8.914642,17.537567,4.938307,5.243615,6.385702,9.440006,15.167957,5.656722, ,5.999448, ,8.026196,21.310289, ,5.210002,34.815880,71.585710,44.051225,4.828843, ,77.929691,5.999396, ,15.530932,91.935600,9.864676, ,4.844452, , ,7.266873,84.662347, ,13.059758,97.230480,32.686830,5.007258,99.340827,75.693968, ,11.903670,27.796130,16.788424,6.517651, ,123.139440,31.187755,34.276489,13.109233, ,7.908022,5.872156,10.719840,10.790947,6.936406,7.286319, ,110.008060,12.817430,5.941938,5.493845,98.889800,3.616022,9.530463,67.749667,25.195850,12.877897, , ,48.894249,91.370267,14.108595, ,17.194383,22.200387,14.274560,26.200373,7.794395,53.279048,38.477813,174.046880,18.340869,25.426069,35.519429,7.999508,5.637837,10.381102, , , , , , , , , , , , , , , , ,9.455324,9.765380,9.455366, , , ,21.161458,9.455336,9.455340,38.641769, , , , , , ,6.235581,6.809034,7.693375,23.070179,11.989767, ,8.343566, , ,20.541491,42.741556, ,125.718420,9.320302,8.115124,96.735520,19.564461,9.676612,7.335742, , , ,100.857792, ,9.583599, ,39.352917,19.564342,13.727911,12.298060, ,14.055611,9.205747,23.321064,42.825720, ,8.417043,15.506765, , ,8.792339, ,81.481853,9.160186,12.806200, ,49.597098,26.231844,23.343002,37.099301,10.068414, , ,67.047547, ,203.446680,16.863101, ,402.308640,32.151930, , , ,201.153320,5.511375,10.628146,28.945558,65.590514,80.118896, , , ,15.024505,30.015046,171.773800,10.324169,85.800060,6.389836, ,32.434273,7.405151,5.751521, ,16.971625,11.848211,19.747128,9.114121, , ,36.988222, , , ,28.209947, , ,71.386180,6.579090, , , , , , , , , , , , , , 
    Inter-Burst Interval - Std (sec), , ,8.958317,3.197837,43.147556, ,7.547087, , , ,46.161612, ,23.554415,47.759349,27.335781,19.293947,4.719509,4.643044,9.849516,19.065304, ,8.997677,5.774276, ,10.399849, ,2.707159,2.020459, ,30.075414,5.393879,6.135088,10.490050,4.273349,10.005314,3.927134,65.608082,2.517880,10.743010, ,96.155005, ,21.747976,29.540258,9.996150,3.788068,2.376896,7.814704,3.739202,14.784540,2.295454,2.844086,4.072210,26.680902,2.664589,5.305133,15.382835,2.337972,2.469388, ,1.855044,3.417646,26.361573,2.298289,4.160199,9.246612, ,5.981673,33.201797, ,5.333357, ,30.179603, ,2.084886,10.883005,16.050308,8.251670, , ,12.421662,37.480703, ,15.018384, ,37.744440, ,11.130389,33.329105,7.858465,11.571036,5.696747,2.758330,3.181816,4.920223,16.705887,4.193432,7.553863,4.816851,5.935680,137.913371, ,8.117746,22.035152,6.286318,7.199346,16.458790,34.856090,6.536634,9.378057,5.820007,7.423692, , , , , , , , ,8.550908,38.593814, ,6.725548, , ,7.122777, ,3.276339,3.710978,5.533646,7.323391,3.277524,3.268095,26.473283,3.277599, ,6.146263,5.734165,3.512399, , ,3.600894,3.279978,8.350639,1.669879,1.745294, , ,1.717110,95.004052, ,6.979508,54.012810, , , ,1.726358, ,2.157290,15.504127,4.855952,31.965597,23.605238,16.322276,1.934650, , ,15.523114,7.323334,22.314725,6.285912,2.116335,38.582119,15.446863,2.452776,6.792636,66.091178,4.869560,4.610618,26.374694,6.406828,63.010415,3.440989,24.767309,3.083595,6.049364,22.176097,21.003277,4.108863, ,3.491603,9.334434,6.104786,2.318030,42.102703,18.399359, ,4.327844, ,38.045144,3.966954,6.087345, ,6.369297,5.466836, ,2.318970,2.509565,64.459288, ,59.709617,4.591455,2.635727,2.361088,31.453524, ,1.827835, ,5.185581,2.620722, ,16.311634,2.570059,10.199478, , , ,1.796867,16.376416,6.650338,9.029893,11.632184,2.529943, ,6.313022,23.869414, ,2.279076, , , , , ,7.012268, , , , , , , , , , ,80.241956,2.889589, ,3.574582,5.617882,5.717441, , ,3.613217, ,33.357915, , ,4.481904, ,12.013341,4.447599,2.026599,2.022525,4.170167,8.748650,5.295104,7.006694, , ,36.999398,28.455154,2.029723,8.562621,2.017420,3.046846,2.035748,9.239560,3.412587,2.761908, ,4.535742,12.553299,7.409788,20.012792,2.423871,13.119785,19.852603,11.535601, ,3.624322,4.541198,5.765118,1.867010,25.259942,4.323796,1.599896,1.561246,30.817213,19.054365,8.832790,5.931811, , , ,3.122531,8.563101,3.913770,8.902347,13.757311,5.641333,4.599157, ,5.495802,12.448590,123.511699, ,17.584568, ,13.643307,6.171214,5.453985, ,3.827197,5.265682,1.897077,66.783485,8.787077,6.510966,10.839745,2.012684,17.617169,6.701093, ,14.672365, ,2.348120,20.131604,5.173535,54.955505,19.143079,2.925613,57.355945, ,4.688809,39.446490, ,20.186107,22.116957, ,17.763225,50.115936,162.229332, ,4.598089,33.130390,15.046133,23.366964, ,11.060287, , , ,9.131364,3.430873, , ,26.478943, ,7.836859, ,53.463440,3.837688, , ,3.684072,3.384944, ,4.116084, ,16.499746,3.347997, , ,3.207989,3.003627, ,2.664978,12.451999, ,1.444070,22.037583,3.488368, , ,1.636900, ,8.219702,2.455539, ,5.742062,42.407404,1.777830,8.329374,43.385445,5.876381,13.414084, , , ,2.800337,2.469428,5.897948,3.181871,63.244308,11.166089,27.604574,83.483461,3.353196, ,11.587543, ,4.239901,2.116022,4.821693,4.921513,5.780440,21.745796,2.092407,30.941168, ,5.322798,2.949754,1.635642, ,32.755687,2.865741,3.670646, ,5.266944,38.482636,46.544837, , , , ,3.653594,26.688027, ,9.469446,2.349026, ,31.096519,25.353192,3.577938,58.545406,6.747598, ,6.294641, , ,29.583656,6.058510,10.136196,104.756003, ,2.979375,4.530396,7.117643, ,2.685207,9.534020,1.645089,9.292184, ,135.559323,22.512028, , ,13.473240,11.770298, ,2.745151,2.357815,3.417518, , ,9.684125,14.777604,6.225609, , , , , , , ,1.895294, , , , ,4.253806,10.533220,11.890816,18.092191, ,66.196742,93.862869, ,31.062309, ,19.312851,5.594161,4.127524,4.349782,31.741808,4.818651,2.379327,1.884043, ,61.288570,30.405355,21.095524, , , ,5.672492,11.837829,1.526454,1.985521,3.287984,7.031647,8.883635,2.403975, ,2.872946, ,4.899120,15.337017, ,1.998570,38.456961,76.374962,37.797372,1.638027, ,64.160384,4.077889, ,12.570109,84.283031,5.357662, ,1.592203, , ,3.378931,123.522754, ,9.330488, ,24.039706,1.581327,33.484174,63.462712, ,7.998874,19.170534,11.629658,2.333946, ,26.507001,33.345736,32.829773,8.997619, ,3.645895,1.876655,7.449380,7.102280,2.816157,4.733837, ,82.613668,7.265423,2.976450,2.646989,79.536057,1.314225,6.032635,58.046031,18.862160,7.298150, , ,41.661869,127.408916,8.638596, ,15.947611,12.785975, ,36.662016,4.621980,36.038979,28.002271,17.327623,19.269563,15.396546,20.505832,5.315733,2.549247,7.380029, , , , , , , , , , , , , , , , ,11.930552,12.080607,11.930098, , , ,27.221472,11.928913,11.928494,44.257952, , , , , , ,2.098515,2.400919,3.509790,22.474176,6.633871, ,3.770660, , ,10.668264,29.555435, ,90.758254,5.269517,3.606210,74.616849,13.525892,4.062180,2.235393, , , ,68.341035, ,3.795684, ,29.361223,12.348024,6.351353,6.883308, ,7.343318,4.445075,12.997623,29.206499, ,4.176582,7.058229, , ,4.483325, ,74.831107,4.344274,6.525029, ,47.163519,21.919700,21.314823,24.067376,4.901631, , ,42.707911, ,265.357998,9.377554, , ,17.795491, , , ,265.426107,2.267298,7.100642,24.720807,43.500786,88.225384, , , ,9.849394,23.620519,181.900052,6.671633,80.678750,2.884378, ,27.745063,2.801375,1.944469, ,10.268357,8.108970,10.166461,4.615221, , ,22.532537, , , ,21.908930, , ,63.901135,3.919124, , , , , , , , , , , , , , 
    Burst Frequency (Hz), , ,0.070000,0.136667,0.020000, ,0.056667, , , ,0.015000, ,0.040000,0.008333,0.023333,0.033333,0.123333,0.110000,0.061667,0.043333, ,0.075000,0.116667, ,0.056667, ,0.153333,0.005000, ,0.015000,0.130000,0.100000,0.068333,0.108333,0.063333,0.118333,0.005000,0.150000,0.053333, ,0.008333,0.003333,0.036667,0.026667,0.061667,0.123333,0.168333,0.086667,0.136667,0.045000,0.155000,0.153333,0.111667,0.008333,0.143333,0.101667,0.041667,0.151667,0.151667, ,0.170000,0.130000,0.013333,0.155000,0.126667,0.070000, ,0.110000,0.011667,0.001667,0.125000, ,0.026667, ,0.183333,0.061667,0.043333,0.100000, , ,0.060000,0.023333,0.003333,0.043333, ,0.028333, ,0.053333,0.026667,0.061667,0.050000,0.095000,0.141667,0.148333,0.098333,0.041667,0.105000,0.076667,0.098333,0.085000,0.005000, ,0.076667,0.041667,0.085000,0.076667,0.043333,0.021667,0.080000,0.070000,0.088333,0.078333, , , ,0.003333, , , , ,0.071667,0.020000, ,0.076667, , ,0.106667, ,0.125000,0.121667,0.080000,0.081667,0.125000,0.123333,0.031667,0.125000,0.003333,0.091667,0.091667,0.123333,0.001667, ,0.118333,0.125000,0.076667,0.181667,0.180000, , ,0.186667,0.013333, ,0.091667,0.025000,0.001667, , ,0.183333, ,0.175000,0.050000,0.121667,0.026667,0.041667,0.045000,0.173333, , ,0.051667,0.085000,0.033333,0.103333,0.165000,0.028333,0.050000,0.170000,0.090000,0.005000,0.115000,0.126667,0.036667,0.098333,0.015000,0.143333,0.023333,0.155000,0.105000,0.040000,0.018333,0.126667,0.001667,0.135000,0.078333,0.103333,0.183333,0.016667,0.051667,0.003333,0.130000, ,0.021667,0.133333,0.103333, ,0.113333,0.091667,0.001667,0.176667,0.166667,0.005000,0.001667,0.010000,0.123333,0.158333,0.176667,0.005000, ,0.201667,0.001667,0.111667,0.161667,0.001667,0.058333,0.168333,0.073333, , ,0.003333,0.185000,0.045000,0.083333,0.061667,0.066667,0.160000, ,0.091667,0.030000, ,0.180000, , , ,0.001667, ,0.100000, , , , , , , , , , ,0.008333,0.138333, ,0.126667,0.095000,0.100000, , ,0.118333, ,0.028333, , ,0.111667, ,0.048333,0.115000,0.140000,0.140000,0.116667,0.063333,0.096667,0.081667, ,0.001667,0.030000,0.025000,0.138333,0.070000,0.140000,0.121667,0.136667,0.088333,0.155000,0.171667,0.001667,0.118333,0.051667,0.095000,0.038333,0.195000,0.056667,0.040000,0.063333, ,0.153333,0.138333,0.125000,0.213333,0.030000,0.128333,0.183333,0.198333,0.030000,0.031667,0.063333,0.108333, , ,0.001667,0.138333,0.075000,0.130000,0.078333,0.035000,0.106667,0.118333, ,0.103333,0.055000,0.005000, ,0.040000, ,0.056667,0.101667,0.113333, ,0.131667,0.105000,0.183333,0.018333,0.091667,0.108333,0.075000,0.188333,0.046667,0.105000, ,0.055000, ,0.173333,0.043333,0.121667,0.018333,0.053333,0.156667,0.015000, ,0.121667,0.013333, ,0.033333,0.041667, ,0.043333,0.020000,0.008333,0.003333,0.113333,0.020000,0.051667,0.025000, ,0.073333, , , ,0.078333,0.145000, , ,0.005000, ,0.093333, ,0.011667,0.133333, , ,0.121667,0.131667,0.003333,0.111667, ,0.046667,0.135000, , ,0.131667,0.123333, ,0.158333,0.063333,0.001667,0.193333,0.040000,0.143333, , ,0.185000, ,0.081667,0.126667, ,0.120000,0.025000,0.180000,0.081667,0.011667,0.095000,0.051667, , , ,0.186667,0.210000,0.108333,0.168333,0.016667,0.058333,0.040000,0.013333,0.163333,0.001667,0.070000, ,0.141667,0.201667,0.120000,0.106667,0.106667,0.038333,0.205000,0.026667,0.001667,0.095000,0.165000,0.228333, ,0.018333,0.156667,0.141667, ,0.103333,0.021667,0.018333, , , ,0.001667,0.125000,0.021667, ,0.070000,0.146667,0.001667,0.018333,0.011667,0.151667,0.015000,0.098333, ,0.103333, , ,0.016667,0.105000,0.066667,0.005000, ,0.176667,0.140000,0.101667, ,0.160000,0.083333,0.188333,0.081667,0.003333,0.006667,0.036667, , ,0.075000,0.071667, ,0.151667,0.175000,0.141667,0.001667, ,0.075000,0.058333,0.100000, ,0.001667, , , , , ,0.165000, , , , ,0.105000,0.070000,0.048333,0.028333, ,0.006667,0.008333, ,0.026667, ,0.038333,0.086667,0.108333,0.105000,0.010000,0.098333,0.175000,0.190000, ,0.015000,0.021667,0.048333, , , ,0.110000,0.055000,0.203333,0.190000,0.155000,0.105000,0.063333,0.176667, ,0.166667, ,0.125000,0.045000, ,0.191667,0.021667,0.015000,0.023333,0.206667, ,0.013333,0.166667, ,0.063333,0.008333,0.101667,0.001667,0.206667, , ,0.138333,0.011667, ,0.076667,0.003333,0.028333,0.200000,0.006667,0.010000, ,0.078333,0.036667,0.056667,0.153333, ,0.005000,0.030000,0.030000,0.075000, ,0.126667,0.170000,0.093333,0.091667,0.143333,0.135000,0.001667,0.008333,0.078333,0.168333,0.181667,0.008333,0.276667,0.105000,0.011667,0.040000,0.076667, , ,0.016667,0.006667,0.066667,0.001667,0.055000,0.041667,0.003333,0.036667,0.125000,0.018333,0.026667,0.005000,0.051667,0.038333,0.026667,0.125000,0.176667,0.090000, , , , , , , , , , , , , , , , ,0.106667,0.103333,0.106667, , ,0.001667,0.046667,0.106667,0.106667,0.016667, , , , , , ,0.160000,0.146667,0.130000,0.043333,0.081667, ,0.120000, , ,0.038333,0.020000, ,0.008333,0.106667,0.123333,0.005000,0.050000,0.103333,0.136667, , , ,0.010000, ,0.105000, ,0.026667,0.050000,0.073333,0.081667, ,0.071667,0.108333,0.040000,0.018333, ,0.118333,0.063333, , ,0.113333,0.001667,0.011667,0.110000,0.078333,0.001667,0.020000,0.036667,0.043333,0.026667,0.095000, , ,0.011667, ,0.005000,0.056667, ,0.003333,0.028333, , , ,0.005000,0.181667,0.090000,0.030000,0.013333,0.010000, , , ,0.065000,0.025000,0.005000,0.095000,0.008333,0.153333, ,0.030000,0.135000,0.173333, ,0.055000,0.085000,0.051667,0.110000, , ,0.016667,0.001667, , ,0.036667, , ,0.015000,0.151667, , , , , , , , , , , , , , 
    IBI Coefficient of Variation, , ,0.633032,0.435044,0.852022, ,0.434331, , , ,0.746380, ,0.936357,0.555497,0.660958,0.682798,0.590323,0.517112,0.607554,0.833457, ,0.678341,0.682671, ,0.651511, ,0.416294,0.165728, ,0.555628,0.701852,0.643716,0.735421,0.466208,0.677700,0.464715,0.533658,0.376498,0.667113, ,0.737086, ,0.825424,0.807134,0.694310,0.464605,0.399352,0.669609,0.511825,0.692770,0.359026,0.437354,0.460448,0.608885,0.385043,0.549739,0.657647,0.357719,0.377824, ,0.316639,0.451754,0.452825,0.359463,0.527456,0.648183, ,0.657273,0.368844, ,0.667180, ,0.789089, ,0.384166,0.669852,0.691403,0.832377, , ,0.780120,0.874347, ,0.673735, ,1.135829, ,0.619204,0.940179,0.499749,0.602150,0.546215,0.393042,0.470959,0.496618,0.719506,0.443851,0.580373,0.476960,0.506688,0.607001, ,0.623670,0.933434,0.536633,0.553103,0.726241,0.738288,0.524517,0.656455,0.516692,0.602750, , , , , , , , ,0.609806,0.733008, ,0.520444, , ,0.761881, ,0.414911,0.457250,0.445083,0.601572,0.415064,0.408271,0.843984,0.415067, ,0.567985,0.529903,0.438793, , ,0.431361,0.415370,0.635120,0.303162,0.313912, , ,0.320389,1.203091, ,0.636980,1.277965, , , ,0.316322, ,0.377145,0.768527,0.592255,0.858504,0.975947,0.766078,0.335316, , ,0.802183,0.630783,0.741348,0.649554,0.348987,1.135968,0.792859,0.416899,0.623201,0.882064,0.563903,0.588882,1.028880,0.643255,1.057558,0.498122,0.691259,0.486394,0.638722,0.909034,0.664682,0.524799, ,0.483539,0.737578,0.633500,0.424729,0.702881,0.948136, ,0.560188, ,0.823539,0.526806,0.624202, ,0.725952,0.507123, ,0.409307,0.415581,0.786592, ,0.817337,0.566523,0.418760,0.414683,0.868464, ,0.366897, ,0.572476,0.420873, ,0.937380,0.429895,0.749601, , , ,0.331531,0.727676,0.560018,0.558668,0.844431,0.406224, ,0.582665,0.697372, ,0.409063, , , , , ,0.706457, , , , , , , , , , ,0.720446,0.401554, ,0.459686,0.548923,0.578484, , ,0.428629, ,1.074572, , ,0.516214, ,0.628699,0.523156,0.285357,0.284759,0.488151,0.554746,0.531512,0.576374, , ,1.105870,0.729352,0.282364,0.617245,0.284071,0.372173,0.279750,0.823398,0.527071,0.472936, ,0.533014,0.635846,0.701911,0.853121,0.472029,0.743856,0.810455,0.716539, ,0.553691,0.625147,0.732990,0.398053,0.762205,0.559819,0.294333,0.309091,0.892504,0.584170,0.556634,0.646620, , , ,0.429574,0.641757,0.513301,0.697501,0.473541,0.615044,0.557293, ,0.570968,0.714107,0.746513, ,0.720336, ,0.779382,0.630631,0.622359, ,0.501153,0.558876,0.347148,1.143951,0.799257,0.696485,0.808181,0.376787,0.814822,0.711678, ,0.804244, ,0.404255,0.869589,0.631166,0.941386,1.016537,0.458296,0.934202, ,0.579577,0.562450, ,0.714947,0.996779, ,0.823968,1.092544,1.173094, ,0.532668,0.729022,0.786860,0.708828, ,0.817530, , , ,0.710567,0.493511, , ,1.191136, ,0.732455, ,0.786274,0.507092, , ,0.446169,0.444114, ,0.456950, ,0.777080,0.450524, , ,0.420886,0.371738, ,0.421371,0.810154, ,0.279622,0.923302,0.499262, , ,0.303179, ,0.687452,0.404020, ,0.686441,1.062884,0.320291,0.689972,0.684451,0.558684,0.682239, , , ,0.522372,0.518741,0.639923,0.539422,1.067890,0.687340,1.076359,1.057972,0.546613, ,0.805403, ,0.597067,0.425685,0.578491,0.530331,0.615381,0.842893,0.427952,0.864084, ,0.503706,0.488493,0.372919, ,0.765796,0.450362,0.521036, ,0.545976,0.800668,0.944920, , , , ,0.464029,0.637909, ,0.659759,0.347278, ,0.545320,0.377779,0.542530,0.854575,0.696536, ,0.651053, , ,0.644046,0.659825,0.710186,1.081404, ,0.527040,0.633501,0.729589, ,0.429014,0.821331,0.309867,0.772265, ,0.807231,0.864225, , ,1.078381,0.876251, ,0.422058,0.412385,0.492763, , ,0.729023,0.901766,0.628423, , , , , , , ,0.317773, , , , ,0.445632,0.743173,0.572958,0.585115, ,0.377105,0.840738, ,0.831642, ,0.731124,0.491003,0.446272,0.455612,0.445943,0.472190,0.422803,0.356291, ,0.852733,0.634514,1.027258, , , ,0.636312,0.674998,0.309105,0.378655,0.514898,0.744877,0.585684,0.424977, ,0.478868, ,0.610391,0.719700, ,0.383603,1.104581,1.066902,0.858032,0.339217, ,0.823311,0.679717, ,0.809360,0.916762,0.543116, ,0.328665, , ,0.464977,1.459005, ,0.714446, ,0.735455,0.315807,0.337064,0.838412, ,0.671967,0.689684,0.692719,0.358096, ,0.215260,1.069193,0.957793,0.686357, ,0.461038,0.319585,0.694915,0.658170,0.405997,0.649688, ,0.750978,0.566839,0.500922,0.481810,0.804290,0.363445,0.632984,0.856772,0.748622,0.566719, , ,0.852081,1.394424,0.612293, ,0.927490,0.575935, ,1.399294,0.592988,0.676419,0.727751,0.099557,1.050635,0.605542,0.577313,0.664508,0.452168,0.710910, , , , , , , , , , , , , , , , ,1.261781,1.237085,1.261728, , , ,1.286370,1.261607,1.261562,1.145340, , , , , , ,0.336539,0.352608,0.456209,0.974166,0.553294, ,0.451924, , ,0.519352,0.691492, ,0.721917,0.565380,0.444381,0.771349,0.691350,0.419794,0.304726, , , ,0.677598, ,0.396060, ,0.746100,0.631149,0.462660,0.559707, ,0.522447,0.482859,0.557334,0.681985, ,0.496205,0.455171, , ,0.509913, ,0.918378,0.474256,0.509521, ,0.950933,0.835614,0.913114,0.648729,0.486832, , ,0.636979, ,1.304312,0.556099, , ,0.553481, , , ,1.319521,0.411385,0.668098,0.854045,0.663218,1.101181, , , ,0.655555,0.786956,1.058951,0.646215,0.940311,0.451401, ,0.855424,0.378301,0.338079, ,0.605031,0.684405,0.514832,0.506381, , ,0.609181, , , ,0.776638, , ,0.895147,0.595694, , , , , , , , , , , , , , 
    Normalized Duration IQR, , ,0.344342,0.654534,0.485452, ,0.323460, , , ,0.105502, ,0.706352,0.000000,0.505046,0.570046,0.536634,0.393475,0.364796,0.468926, ,0.176730,0.590213, ,0.410920, ,0.461716, , ,0.291667,1.780565,0.238107,0.522443,0.526843,0.351722,0.672716, ,0.422720,0.415353, ,1.108210, ,0.227087,0.513861,0.176233,0.203290,0.386786,0.427413,0.516512,1.482964,0.424873,0.959733,0.834168,0.088930,0.505046,0.482178,0.962501,0.553651,0.487817, ,0.676352,0.570046,0.111869,0.780406,0.542450,0.393166, ,0.458334,0.680556, ,0.633011, ,0.501252, ,0.405921,0.991483,0.646976,0.816033, , ,0.370467,0.000000, ,0.000000, ,0.793186, ,0.294066,0.000000,0.000000,0.355217,0.704533,0.463426,0.681881,0.622513,0.167504,0.411055,0.510368,0.560471,0.287975, , ,0.341173,0.432460,0.351475,0.479407,0.323530,0.460583,0.268797,0.160211,0.407132,0.507264, , , , , , , , ,0.531505,0.926091, ,0.651015, , ,1.009074, ,0.311644,0.293377,0.462000,0.502511,0.251255,0.188158,0.633011,0.414322, ,0.535486,0.600601,0.321039, , ,0.336811,0.325847,0.325000,0.196121,0.424153, , ,0.383232,0.680271, ,0.526843,0.984462, , , ,0.394716, ,0.537018,0.531317,0.457496,0.241321,0.209590,0.574298,0.188583, , ,0.538559,0.218368,0.000000,0.306679,0.439036,0.314385,0.342340,0.726416,0.604469, ,0.463999,0.788935,0.431218,0.233008,0.451172,0.408572,0.252141,0.408906,0.425596,0.681881,0.441099,0.538752, ,0.227500,0.373508,0.189297,0.361633,0.197047,0.368557, ,0.354713, ,0.169776,0.350000,0.300962, ,0.413295,0.183468, ,0.312617,0.351969, , ,0.731726,0.393475,0.343750,0.317174, , ,0.314780, ,0.524267,0.474558, ,0.214992,0.355469,0.544022, , , ,0.514213,0.417084,0.222050,0.471577,0.568751,0.360072, ,0.404282,0.917228, ,0.337948, , , , , ,0.217231, , , , , , , , , , ,0.773571,0.375751, ,0.718422,0.384606,0.250877, , ,0.382646, ,0.189011, , ,0.391424, ,0.378307,0.313990,0.544022,0.485923,0.480788,0.564899,0.693855,0.000000, , ,0.767051,0.597731,0.422007,0.308190,0.610366,0.672716,0.695784,0.494566,0.201166,0.370741, ,0.173785,0.985237,0.321246,0.771187,0.577501,0.181868,0.322904,0.461433, ,0.526843,0.424873,0.585609,0.361372,0.486395,0.494566,0.489088,0.538173,0.156798,0.518474,0.421533,0.388587, , , ,0.399761,0.465149,0.328844,0.442660,0.610366,0.000000,0.667334, ,0.227500,0.190740, , ,0.231928, ,0.611859,0.501504,0.738201, ,0.366936,0.418479,0.458754,0.572655,0.435218,0.427048,0.699023,0.408239,0.372119,0.444494, ,0.663794, ,0.214992,0.000000,0.332780,0.698048,0.382353,0.417780,1.646383, ,0.370741,0.453352, ,0.000000,0.174027, ,0.161660,0.000000,0.784210, ,0.407574,0.327982,0.634348,0.957896, ,0.152035, , , ,0.000000,0.356482, , , , ,0.139688, ,0.000000,0.000000, , ,0.345650,0.455000, ,0.370741, ,0.709594,0.354462, , ,0.625626,0.347329, ,0.407132,0.202141, ,0.357500,0.250501,0.289307, , ,0.819150, ,0.624065,0.571348, ,0.529630,1.150954,0.348053,0.282449,0.485250,0.325000,0.429983, , , ,0.418479,0.337037,0.233442,0.369646,0.212798,0.491329,0.211360,0.000000,0.277747, ,0.000000, ,0.522443,0.270249,0.242022,0.236979,0.294066,0.696688,0.258523,0.000000, ,0.236979,0.314385,0.000000, ,0.000000,0.284699,0.312033, ,0.501002,0.330145,0.404936, , , , ,0.434462,0.328412, ,0.317980,0.270834, ,0.246309,0.650001,0.255357,0.255880,0.304441, ,0.297563, , ,0.588132,0.000000,0.000000, , ,0.304071,0.000000,0.000000, ,0.378880,0.287149,0.153716,0.440065, ,0.907173,0.357841, , ,0.529443,0.343750, ,0.511411,0.408239,0.366399, , ,0.200200,0.261222,0.181341, , , , , , , ,0.188441, , , , ,0.505556,0.304997,0.423197,0.963737, ,0.207332,0.934385, ,0.475761, ,0.207161,0.240973,0.285023,0.296154,0.246795,0.271716,0.588363,0.461291, ,0.955154,0.280864,0.375751, , , ,0.434462,0.190740,0.385000,0.707588,0.272011,0.224641,0.242726,0.522443, ,0.274397, ,0.329277,0.408239, ,0.294412,0.246795,0.563627,0.264815,0.202304, ,0.000000,0.300782, ,0.000000,0.179520,0.310870, ,0.339553, , ,0.294412,0.506579, ,0.401686, ,0.266791,0.338634,0.288307,0.318385, ,0.374626,0.470101,0.154000,0.481868, , ,0.293205,1.879562,0.617394, ,0.529630,0.447408,0.322072,0.709930,0.391016,0.717049, ,1.022264,0.813557,0.378022,0.557764,0.305929,0.634080,0.298628,0.778383,1.237841,0.458614, , ,0.821570,0.219518,0.000000, ,0.187876,0.153716, ,0.000000,0.468049,0.308190,0.445549, ,0.000000,0.000000,0.000000,0.584697,0.357756,0.413295, , , , , , , , , , , , , , , , ,0.119224,0.365507,0.155338, , , ,0.291667,0.251255,0.230539,0.196275, , , , , , ,0.620968,0.498838,0.610366,0.576171,0.499834, ,0.362157, , ,0.530941,0.744792, ,1.781514,0.673923,0.683122, ,0.427048,0.418129,0.339322, , , ,0.503522, ,0.307811, ,0.000000,0.358268,0.216292,0.000000, ,0.424873,0.430476,0.349024,0.174512, ,0.778787,0.431218, , ,0.290989, ,0.913322,0.419648,0.360591, ,0.279453,0.347570,0.469073,0.128730,0.248511, , ,5.531071, , ,0.126071, , ,0.286000, , , , ,0.390609,0.238675,0.314780,0.139028,0.412500, , , ,0.548794,0.259596, ,0.448879,0.411145,0.311450, ,0.347811,0.701636,0.511759, ,0.736030,1.051472,0.800801,0.416390, , ,0.471281, , , ,0.457217, , ,0.194294,0.163136, , , , , , , , , , , , , , 
    Burst Percentage,0.000000,0.000000,55.863192,94.260870,25.461255, ,57.293869, , , ,23.694779, ,36.152220,11.363636,32.941176,37.020316,79.748062,76.338730,57.416268,38.533835, ,69.090909,65.465839,0.000000,50.749465,0.000000,80.555556,10.937500,0.000000,34.078212,66.865474,58.235294,73.046875,81.555834,69.956459,79.009901,8.035714,90.396341,58.568738,0.000000,21.526419,7.894737,32.520325,28.328612,62.826421,79.365079,92.862345,63.623188,88.425926,50.000000,94.368341,81.456954,82.096070,12.313433,90.476190,77.669903,44.444444,94.317140,93.447293, ,96.226415,88.323699,17.845118,92.942346,73.177570,63.515755,0.000000,73.411765,18.539326,7.317073,79.162875,0.000000,35.340314, ,91.474493,62.356792,61.435726,66.974901, ,0.000000,55.789474,40.322581,20.207254,56.657224, ,41.806020,0.000000,58.471761,46.354167,68.303571,62.439024,65.124153,86.647315,87.251542,80.388151,51.150895,58.612627,94.691781,90.185036,90.973036,41.176471,0.000000,92.620482,47.657841,94.726166,84.714549,71.428571,32.384342,94.778068,89.002037,93.283582,84.676145, ,0.000000, ,4.385965,0.000000, , ,0.000000,76.252019,27.301587, ,74.784111,0.000000, ,88.988095,0.000000,96.936937,98.761610,82.698413,76.846307,97.292419,99.105546,45.627376,98.787447,9.090909,83.965517,80.792079,99.022164,4.347826,0.000000,96.363636,98.931001,52.813067,96.924084,98.226726,0.000000, ,98.457447,49.171271, ,61.233480,36.150235,9.090909,0.000000, ,96.031746,0.000000,96.404682,45.405405,83.720930,39.606742,63.136456,51.097804,98.018494,0.000000,0.000000,52.173913,72.923077,39.200000,78.538813,96.180556,48.637317,54.820416,94.094488,61.271676,14.124294,71.610555,75.763547,44.174757,74.327957,34.426230,83.498024,32.142857,93.814433,74.868421,34.518828,49.142857,82.500000,4.444444,83.428571,60.369318,71.313673,97.781178,32.196970,55.044248,14.000000,79.732510,0.000000,24.089636,83.665717,67.639257,0.000000,72.714870,68.232044,17.647059,95.552467,91.112890,10.303030,11.920530,14.489796,84.526967,87.259011,93.018018,7.109005,0.000000,98.403756,11.781609,68.953488,86.342376,13.333333,56.825939,91.243159,54.876274,0.000000, ,14.492754,91.243111,39.907193,54.441261,53.724247,40.468227,85.085355,0.000000,56.894244,29.046563,0.000000,84.224966, ,0.000000, ,2.371542, ,57.602339, , ,0.000000,0.000000, , , ,0.000000,0.000000, ,7.977208,93.247344, ,78.969957,78.837421,85.907643,0.000000, ,79.304770, ,39.920949, , ,87.463271, ,51.063830,89.240506,94.954128,94.597839,91.428571,62.028302,82.242991,71.244635,0.000000,6.422018,47.368421,48.971193,98.403756,67.351598,98.021583,93.742479,98.259980,85.009141,82.494191,84.871617,4.982206,71.724138,44.692737,66.407982,34.854772,88.293651,53.395062,43.574297,45.105328,0.000000,77.997076,76.811594,77.115717,91.868512,36.267606,68.910891,87.014726,90.999477,26.027397,28.953771,46.895641,72.558714,0.000000,0.000000,4.210526,75.651303,54.916986,74.693107,57.900943,28.817204,81.832061,75.234270,0.000000,70.100143,47.508897,11.392405, ,37.982833,0.000000,54.323725,72.083333,71.771772,0.000000,87.400177,86.606129,97.976081,22.911051,64.370861,62.352941,49.430199,95.933610,43.558282,77.123443, ,41.272727,0.000000,89.386563,37.965261,75.967413,19.306931,41.463415,89.378442,25.427873,0.000000,70.212766,14.696486,0.000000,31.007752,40.289256,0.000000,52.620545,35.055351,56.382979,7.851240,26.619870,31.448763,42.805755,44.540230, ,59.143969,0.000000,0.000000, ,59.296482,65.691057,0.000000, ,5.338078,0.000000,73.781291,0.000000,10.903427,94.198473,0.000000, ,89.644351,96.315789,8.695652,89.379475, ,46.910112,94.728801, , ,84.645287,90.296221,0.000000,97.417840,64.946237,3.333333,93.985385,42.685371,82.460414,0.000000, ,86.042403,0.000000,56.313993,86.200000,0.000000,73.180593,26.066351,91.461837,52.648475,14.092141,63.422819,49.183007,0.000000,0.000000, ,91.125541,93.338684,61.635220,87.812041,51.449275,47.604328,45.343137,33.333333,76.952748,11.864407,49.779087, ,77.108434,93.124523,73.769024,61.059908,68.639668,38.181818,94.057508,24.509804,8.536585,62.200957,84.551495,99.051133, ,18.475073,83.488569,75.747863, ,78.629032,30.581040,26.243094,0.000000,0.000000, ,3.246753,81.085044,24.137931, ,58.315335,91.395593,3.821656,26.122449,19.075145,81.181181,18.571429,65.585331,0.000000,62.324930,0.000000, ,18.906606,70.000000,50.597015,18.407960,0.000000,89.170732,75.829876,66.287879,0.000000,90.180676,68.552632,96.766608,70.975323,14.130435,14.102564,35.546875, ,0.000000,61.201299,57.945425, ,87.429944,92.119089,84.776119,5.555556,0.000000,52.909091,61.604585,68.460389,0.000000,2.183406, , ,0.000000, ,0.000000,96.636993, ,0.000000, , ,80.952381,72.555205,65.122616,47.781570,0.000000,18.840580,16.541353, ,34.812287, ,47.422680,85.456731,94.625551,93.571429,16.019417,93.069307,91.167665,94.360385,0.000000,21.759259,30.548926,53.311793, , ,0.000000,72.156197,47.234679,98.017520,96.116505,87.895212,72.904707,53.093525,91.826522,0.000000,88.671875,0.000000,73.378076,41.163793,0.000000,95.072218,27.019499,37.027027,24.866310,97.742127, ,20.710059,87.086446,0.000000,58.940397,12.773723,69.489685,2.139037,98.021667, ,0.000000,73.242910,28.228228,0.000000,56.112853,6.349206,26.014320,97.505423,14.465409,13.782991,0.000000,63.451777,39.024390,50.298211,87.290715, ,6.177606,46.451613,21.289063,60.309278, ,78.895184,92.768850,69.270166,67.297980,85.304248,63.162467,1.256281,6.694561,44.265809,71.487040,75.801573,13.438735,96.112311,52.092511,19.270833,32.091691,45.542427, ,0.000000,23.262840,10.370370,48.837209,4.379562,46.880270,43.599258,25.423729,49.206349,71.130952,19.221411,38.911290,10.489510,65.807963,27.668845,23.839662,77.426160,88.048616,62.576687, , , , , , , , , , , , , , ,0.000000, ,99.715100,94.809160,98.335645,0.000000,0.000000,9.090909,64.532020,98.183761,99.708455,24.568966, , , , , ,0.000000,89.549437,88.212025,81.555334,45.792079,65.052950, ,84.852375,0.000000, ,40.826873,28.075710,0.000000,22.608696,78.954248,86.860465,8.152174,55.747126,84.916201,95.633971, , ,0.000000,10.526316,0.000000,88.466112, ,31.724138,52.685422,72.340426,77.777778, ,66.239316,80.804249,62.334218,35.911602,0.000000,80.779221,68.992248, , ,84.315353,4.938272,17.460317,86.324786,81.172840,5.813953,28.089888,37.500000,51.083591,34.010152,75.872093,0.000000, ,45.070423, ,7.446809,68.303571,0.000000,8.637874,36.312849, ,0.000000, ,17.985612,83.783784,56.972973,32.409382,18.318318,25.000000,0.000000,0.000000, ,77.172061,21.730769,14.166667,74.371373,16.901408,83.185185, ,38.028169,85.973764,93.765432,0.000000,47.483589,61.809045,53.061224,80.000000,0.000000, ,29.906542,9.615385,0.000000, ,37.804878, , ,13.746631,99.264706, , , ,0.000000, , , , ,0.000000, , , , , 
Evoked Metrics
    Number of Trials, , , , , , , , , , , , , , , , , , , , , , , , , , , , , , , , , , , , , , , , , , , , , , , , , , , , , , , , , , , , , , , , , , , , , , , , , , , , , , , , , , , , , , , , , , , , , , , , , , , , , , , , , , , , , , , , , , , , , , , , , , , , , , , , , , , , , , , , , , , , , , , , , , , , , , , , , , , , , , , , , , , , , , , , , , , , , , , , , , , , , , , , , , , , , , , , , , , , , , , , , , , , , , , , , , , , , , , , , , , , , , , , , , , , , , , , , , , , , , , , , , , , , , , , , , , , , , , , , , , , , , , , , , , , , , , , , , , , , , , , , , , , , , , , , , , , , , , , , , , , , , , , , , , , , , , , , , , , , , , , , , , , , , , , , , , , , , , , , , , , , , , , , , , , , , , , , , , , , , , , , , , , , , , , , , , , , , , , , , , , , , , , , , , , , , , , , , , , , , , , , , , , , , , , , , , , , , , , , , , , , , , , , , , , , , , , , , , , , , , , , , , , , , , , , , , , , , , , , , , , , , , , , , , , , , , , , , , , , , , , , , , , , , , , , , , , , , , , , , , , , , , , , , , , , , , , , , , , , , , , , , , , , , , , , , , , , , , , , , , , , , , , , , , , , , , , , , , , , , , , , , , , , , , , , , , , , , , , , , , , , , , , , , , , , , , , , , , , , , , , , , , , , , , , , , , , , , , , , , , , , , , , , , , , , , , , , , , , , , , , , , , , , , , , , , , , , , , , , , , , , , , , , , , , , , , , , , , , , , , , , , , , , , , , , , , , , , , , , , , , , , , , , , , , , , , , , , , , , , , , , , , , , , , , , , , , , , , , , , , , , , , , , , , , , , , , , , , , , , , , , , , , , , , , 
    Evoked Spike Count - Avg, , , , , , , , , , , , , , , , , , , , , , , , , , , , , , , , , , , , , , , , , , , , , , , , , , , , , , , , , , , , , , , , , , , , , , , , , , , , , , , , , , , , , , , , , , , , , , , , , , , , , , , , , , , , , , , , , , , , , , , , , , , , , , , , , , , , , , , , , , , , , , , , , , , , , , , , , , , , , , , , , , , , , , , , , , , , , , , , , , , , , , , , , , , , , , , , , , , , , , , , , , , , , , , , , , , , , , , , , , , , , , , , , , , , , , , , , , , , , , , , , , , , , , , , , , , , , , , , , , , , , , , , , , , , , , , , , , , , , , , , , , , , , , , , , , , , , , , , , , , , , , , , , , , , , , , , , , , , , , , , , , , , , , , , , , , , , , , , , , , , , , , , , , , , , , , , , , , , , , , , , , , , , , , , , , , , , , , , , , , , , , , , , , , , , , , , , , , , , , , , , , , , , , , , , , , , , , , , , , , , , , , , , , , , , , , , , , , , , , , , , , , , , , , , , , , , , , , , , , , , , , , , , , , , , , , , , , , , , , , , , , , , , , , , , , , , , , , , , , , , , , , , , , , , , , , , , , , , , , , , , , , , , , , , , , , , , , , , , , , , , , , , , , , , , , , , , , , , , , , , , , , , , , , , , , , , , , , , , , , , , , , , , , , , , , , , , , , , , , , , , , , , , , , , , , , , , , , , , , , , , , , , , , , , , , , , , , , , , , , , , , , , , , , , , , , , , , , , , , , , , , , , , , , , , , , , , , , , , , , , , , , , , , , , , , , , , , , , , , , , , , , , , , , , , , , , , , , , , , , , , , , , , , , , , , , , , , , , , , , , , , , , , , , , , , , , , , , , , , , , , , , , , , , , 
    Evoked Spike Count - Std, , , , , , , , , , , , , , , , , , , , , , , , , , , , , , , , , , , , , , , , , , , , , , , , , , , , , , , , , , , , , , , , , , , , , , , , , , , , , , , , , , , , , , , , , , , , , , , , , , , , , , , , , , , , , , , , , , , , , , , , , , , , , , , , , , , , , , , , , , , , , , , , , , , , , , , , , , , , , , , , , , , , , , , , , , , , , , , , , , , , , , , , , , , , , , , , , , , , , , , , , , , , , , , , , , , , , , , , , , , , , , , , , , , , , , , , , , , , , , , , , , , , , , , , , , , , , , , , , , , , , , , , , , , , , , , , , , , , , , , , , , , , , , , , , , , , , , , , , , , , , , , , , , , , , , , , , , , , , , , , , , , , , , , , , , , , , , , , , , , , , , , , , , , , , , , , , , , , , , , , , , , , , , , , , , , , , , , , , , , , , , , , , , , , , , , , , , , , , , , , , , , , , , , , , , , , , , , , , , , , , , , , , , , , , , , , , , , , , , , , , , , , , , , , , , , , , , , , , , , , , , , , , , , , , , , , , , , , , , , , , , , , , , , , , , , , , , , , , , , , , , , , , , , , , , , , , , , , , , , , , , , , , , , , , , , , , , , , , , , , , , , , , , , , , , , , , , , , , , , , , , , , , , , , , , , , , , , , , , , , , , , , , , , , , , , , , , , , , , , , , , , , , , , , , , , , , , , , , , , , , , , , , , , , , , , , , , , , , , , , , , , , , , , , , , , , , , , , , , , , , , , , , , , , , , , , , , , , , , , , , , , , , , , , , , , , , , , , , , , , , , , , , , , , , , , , , , , , , , , , , , , , , , , , , , , , , , , , , , , , , , , , , , , , , , , , , , , , , , , , , , , , , , , , 
    Evoked Response Probability, , , , , , , , , , , , , , , , , , , , , , , , , , , , , , , , , , , , , , , , , , , , , , , , , , , , , , , , , , , , , , , , , , , , , , , , , , , , , , , , , , , , , , , , , , , , , , , , , , , , , , , , , , , , , , , , , , , , , , , , , , , , , , , , , , , , , , , , , , , , , , , , , , , , , , , , , , , , , , , , , , , , , , , , , , , , , , , , , , , , , , , , , , , , , , , , , , , , , , , , , , , , , , , , , , , , , , , , , , , , , , , , , , , , , , , , , , , , , , , , , , , , , , , , , , , , , , , , , , , , , , , , , , , , , , , , , , , , , , , , , , , , , , , , , , , , , , , , , , , , , , , , , , , , , , , , , , , , , , , , , , , , , , , , , , , , , , , , , , , , , , , , , , , , , , , , , , , , , , , , , , , , , , , , , , , , , , , , , , , , , , , , , , , , , , , , , , , , , , , , , , , , , , , , , , , , , , , , , , , , , , , , , , , , , , , , , , , , , , , , , , , , , , , , , , , , , , , , , , , , , , , , , , , , , , , , , , , , , , , , , , , , , , , , , , , , , , , , , , , , , , , , , , , , , , , , , , , , , , , , , , , , , , , , , , , , , , , , , , , , , , , , , , , , , , , , , , , , , , , , , , , , , , , , , , , , , , , , , , , , , , , , , , , , , , , , , , , , , , , , , , , , , , , , , , , , , , , , , , , , , , , , , , , , , , , , , , , , , , , , , , , , , , , , , , , , , , , , , , , , , , , , , , , , , , , , , , , , , , , , , , , , , , , , , , , , , , , , , , , , , , , , , , , , , , , , , , , , , , , , , , , , , , , , , , , , , , , , , , , , , , , , , , , , , , , , , , , , , , , , , , , , , , , , 
    Evoked First Spike Latency (ms), , , , , , , , , , , , , , , , , , , , , , , , , , , , , , , , , , , , , , , , , , , , , , , , , , , , , , , , , , , , , , , , , , , , , , , , , , , , , , , , , , , , , , , , , , , , , , , , , , , , , , , , , , , , , , , , , , , , , , , , , , , , , , , , , , , , , , , , , , , , , , , , , , , , , , , , , , , , , , , , , , , , , , , , , , , , , , , , , , , , , , , , , , , , , , , , , , , , , , , , , , , , , , , , , , , , , , , , , , , , , , , , , , , , , , , , , , , , , , , , , , , , , , , , , , , , , , , , , , , , , , , , , , , , , , , , , , , , , , , , , , , , , , , , , , , , , , , , , , , , , , , , , , , , , , , , , , , , , , , , , , , , , , , , , , , , , , , , , , , , , , , , , , , , , , , , , , , , , , , , , , , , , , , , , , , , , , , , , , , , , , , , , , , , , , , , , , , , , , , , , , , , , , , , , , , , , , , , , , , , , , , , , , , , , , , , , , , , , , , , , , , , , , , , , , , , , , , , , , , , , , , , , , , , , , , , , , , , , , , , , , , , , , , , , , , , , , , , , , , , , , , , , , , , , , , , , , , , , , , , , , , , , , , , , , , , , , , , , , , , , , , , , , , , , , , , , , , , , , , , , , , , , , , , , , , , , , , , , , , , , , , , , , , , , , , , , , , , , , , , , , , , , , , , , , , , , , , , , , , , , , , , , , , , , , , , , , , , , , , , , , , , , , , , , , , , , , , , , , , , , , , , , , , , , , , , , , , , , , , , , , , , , , , , , , , , , , , , , , , , , , , , , , , , , , , , , , , , , , , , , , , , , , , , , , , , , , , , , , , , , , , , , , , , , , , , , , , , , , , , , , , , , , , , 
    Evoked Jitter (ms), , , , , , , , , , , , , , , , , , , , , , , , , , , , , , , , , , , , , , , , , , , , , , , , , , , , , , , , , , , , , , , , , , , , , , , , , , , , , , , , , , , , , , , , , , , , , , , , , , , , , , , , , , , , , , , , , , , , , , , , , , , , , , , , , , , , , , , , , , , , , , , , , , , , , , , , , , , , , , , , , , , , , , , , , , , , , , , , , , , , , , , , , , , , , , , , , , , , , , , , , , , , , , , , , , , , , , , , , , , , , , , , , , , , , , , , , , , , , , , , , , , , , , , , , , , , , , , , , , , , , , , , , , , , , , , , , , , , , , , , , , , , , , , , , , , , , , , , , , , , , , , , , , , , , , , , , , , , , , , , , , , , , , , , , , , , , , , , , , , , , , , , , , , , , , , , , , , , , , , , , , , , , , , , , , , , , , , , , , , , , , , , , , , , , , , , , , , , , , , , , , , , , , , , , , , , , , , , , , , , , , , , , , , , , , , , , , , , , , , , , , , , , , , , , , , , , , , , , , , , , , , , , , , , , , , , , , , , , , , , , , , , , , , , , , , , , , , , , , , , , , , , , , , , , , , , , , , , , , , , , , , , , , , , , , , , , , , , , , , , , , , , , , , , , , , , , , , , , , , , , , , , , , , , , , , , , , , , , , , , , , , , , , , , , , , , , , , , , , , , , , , , , , , , , , , , , , , , , , , , , , , , , , , , , , , , , , , , , , , , , , , , , , , , , , , , , , , , , , , , , , , , , , , , , , , , , , , , , , , , , , , , , , , , , , , , , , , , , , , , , , , , , , , , , , , , , , , , , , , , , , , , , , , , , , , , , , , , , , , , , , , , , , , , , , , , , , , , , , , , , , , , , , , , 

