AxIS Spike File,O:\TOX\NTX\Users\Lennart\201204_LvM_256127_1305-05_MEA_rCortex_Lindane_exposure_male_DIV11(000)_Spike Detector (7 x STD)(000).spk
File Type,48-well

Analysis Start,1500.000000
Analysis End,2100.000000
Active Electrode Criterion (spks/min),
Remove Coincident Artifacts,True

Electrode Burst Settings,
    Algorithm,Poisson Surprise,
    Min Surprise,10.000000

Network Burst Settings,
    Algorithm,ISI Threshold,Adaptive,
    Min # of Spikes,40.000000
    Min # of Electrodes (%),15.000000
Synchrony Settings,
    Synchrony Window,20.000000

Average Network Burst Analysis Settings,
    Number of network bursts vary by well
    Network Burst Window Start (ms),0.000000
    Network Burst Window End (ms),100.000000
    Bin Size (ms),1.000000

Well Averages,A1,A2,A3,A4,A5,A6,A7,A8,B1,B2,B3,B4,B5,B6,B7,B8,C1,C2,C3,C4,C5,C6,C7,C8,D1,D2,D3,D4,D5,D6,D7,D8,E1,E2,E3,E4,E5,E6,E7,E8,F1,F2,F3,F4,F5,F6,F7,F8,
Treatment/ID,,,,,,,,,,,,,,,,,,,,,,,,,,,,,,,,,,,,,,,,,,,,,,,,
Activity Metrics
    Number of Spikes,23209.000000,25865.000000,29918.000000,33343.000000,34286.000000,33394.000000,40749.000000,27810.000000,29198.000000,28934.000000,14040.000000,23762.000000,21559.000000,25791.000000,25342.000000,44452.000000,30321.000000,28877.000000,24513.000000,24510.000000,24465.000000,24770.000000,30275.000000,39392.000000,13982.000000,19133.000000,23691.000000,21259.000000,18914.000000,22885.000000,43340.000000,13217.000000,20261.000000,33961.000000,19637.000000,25567.000000,20891.000000,30004.000000,37264.000000,36676.000000,5828.000000,13725.000000,40962.000000,44774.000000,29359.000000,35896.000000,35359.000000,28828.000000
    Mean Firing Rate (Hz),2.417604,2.694271,3.116458,3.473229,3.571458,3.478542,4.244688,2.896875,3.041458,3.013958,1.462500,2.475208,2.245729,2.686563,2.639792,4.630417,3.158437,3.008021,2.553437,2.553125,2.548437,2.580208,3.153646,4.103333,1.456458,1.993021,2.467813,2.214479,1.970208,2.383854,4.514583,1.376771,2.110521,3.537604,2.045521,2.663229,2.176146,3.125417,3.881667,3.820417,0.607083,1.429688,4.266875,4.663958,3.058229,3.739167,3.683229,3.002917
    ISI Coefficient of Variation - Avg,2.996434,3.058928,3.467325,3.391427,3.457789,3.772922,3.821586,3.144673,2.530882,2.646700,2.472754,2.782515,2.821965,2.644382,2.542618,3.097906,3.223271,4.622360,4.218092,4.588221,3.880474,4.024291,3.848674,4.389577,2.627417,2.839368,3.651922,3.363578,3.417771,3.489679,4.440597,2.333999,2.563502,2.878074,2.532781,2.879995,2.727928,2.532365,3.012619,3.200119,2.653548,2.220661,2.874761,3.565832,3.312308,2.692134,2.769381,3.382814
    Number of Active Electrodes,14.000000,16.000000,16.000000,15.000000,16.000000,16.000000,16.000000,15.000000,16.000000,15.000000,15.000000,16.000000,15.000000,16.000000,15.000000,16.000000,16.000000,15.000000,16.000000,16.000000,16.000000,15.000000,16.000000,16.000000,16.000000,16.000000,15.000000,15.000000,14.000000,16.000000,16.000000,12.000000,14.000000,16.000000,15.000000,14.000000,15.000000,16.000000,16.000000,16.000000,15.000000,16.000000,16.000000,16.000000,13.000000,16.000000,16.000000,16.000000
    Weighted Mean Firing Rate (Hz),2.762500,2.694271,3.116458,3.704778,3.571458,3.478542,4.244688,3.089556,3.041458,3.212444,1.560000,2.475208,2.395444,2.686563,2.815778,4.630417,3.158438,3.205889,2.553437,2.553125,2.548437,2.751556,3.153646,4.103333,1.456458,1.993021,2.630556,2.361444,2.251667,2.383854,4.514583,1.826528,2.410833,3.537604,2.181556,3.043690,2.320556,3.125417,3.881667,3.820417,0.643000,1.429688,4.266875,4.663958,3.763974,3.739167,3.683229,3.002917
Electrode Burst Metrics
    Number of Bursts,1034.000000,1658.000000,1818.000000,1957.000000,2204.000000,1960.000000,2279.000000,1311.000000,975.000000,1565.000000,563.000000,1490.000000,1309.000000,1688.000000,1496.000000,2198.000000,2342.000000,1269.000000,1341.000000,1093.000000,1362.000000,1462.000000,1924.000000,2107.000000,629.000000,1161.000000,1299.000000,1532.000000,1368.000000,1495.000000,2060.000000,859.000000,669.000000,1696.000000,1079.000000,1440.000000,1169.000000,1557.000000,1866.000000,1775.000000,415.000000,442.000000,1925.000000,2701.000000,1508.000000,1744.000000,1569.000000,863.000000
    Number of Bursting Electrodes,13.000000,15.000000,15.000000,14.000000,16.000000,16.000000,16.000000,13.000000,16.000000,15.000000,15.000000,16.000000,15.000000,16.000000,15.000000,16.000000,15.000000,15.000000,16.000000,15.000000,16.000000,15.000000,16.000000,16.000000,15.000000,15.000000,15.000000,14.000000,13.000000,15.000000,16.000000,12.000000,14.000000,16.000000,15.000000,14.000000,15.000000,16.000000,15.000000,16.000000,14.000000,16.000000,16.000000,16.000000,13.000000,16.000000,16.000000,16.000000
    Burst Duration - Avg (sec),0.184247,0.134987,0.146949,0.134060,0.107965,0.114100,0.133941,0.171309,0.113510,0.077704,0.120405,0.106366,0.094667,0.076838,0.072507,0.078825,0.045778,0.182110,0.124744,0.195434,0.185381,0.134123,0.170204,0.087920,0.080999,0.135354,0.098148,0.078594,0.078120,0.061943,0.120268,0.059363,0.083438,0.121489,0.077628,0.081166,0.084396,0.090839,0.091569,0.082330,0.060995,0.102062,0.085784,0.072266,0.106030,0.082352,0.174571,0.137829
    Burst Duration - Std (sec),0.024513,0.012073,0.008209,0.008601,0.009407,0.009076,0.011648,0.049582,0.043836,0.022562,0.051063,0.073182,0.059009,0.040257,0.053302,0.014330,0.021223,0.036467,0.026625,0.033704,0.112364,0.023508,0.167594,0.009245,0.027479,0.112770,0.055938,0.020318,0.017710,0.017005,0.045001,0.010286,0.028540,0.035030,0.020020,0.010403,0.030340,0.044281,0.048925,0.015365,0.024085,0.033866,0.026376,0.010582,0.026780,0.047589,0.112044,0.015828
    Number of Spikes per Burst - Avg,13.766304,12.343333,14.907411,14.616172,14.013287,15.393881,16.103064,13.603111,16.394986,11.779635,13.940200,10.962854,11.739307,10.843383,11.309411,14.265235,11.496523,20.338661,17.419845,20.742110,15.857788,16.331243,13.755787,17.921359,13.318054,13.169678,14.512545,11.968134,12.641815,13.179535,18.728162,9.479856,13.964735,13.606307,11.109065,12.245034,11.267248,12.088021,14.098496,15.651243,9.538548,15.112517,13.558224,13.954898,15.098684,13.358212,14.934365,22.311959
    Number of Spikes per Burst - Std,5.807041,3.454092,3.012459,3.402733,3.427839,4.667261,5.118710,4.940853,4.843925,2.701193,5.246709,2.431739,2.878727,2.186503,2.569826,2.799280,3.101706,6.434119,3.978676,6.096861,4.780051,2.519526,3.192265,3.433272,6.427431,7.151478,6.932457,3.764148,3.496629,4.637242,5.446027,3.182613,4.317683,3.136454,3.089800,1.913012,2.566770,2.682322,3.049541,2.424534,4.290538,4.879004,2.796236,1.925643,2.909985,2.521192,4.763239,6.313382
    Mean ISI within Burst - Avg (sec),0.016558,0.012586,0.010543,0.009983,0.008333,0.008746,0.009688,0.013885,0.007536,0.006176,0.009503,0.007594,0.006939,0.006150,0.005601,0.005811,0.004050,0.008987,0.006761,0.008363,0.008034,0.006308,0.009557,0.004835,0.007013,0.009236,0.006754,0.005139,0.004792,0.004362,0.004670,0.007740,0.006164,0.008520,0.007413,0.006021,0.007316,0.008350,0.005948,0.005133,0.008643,0.007004,0.006213,0.005005,0.006149,0.006155,0.011729,0.006159
    Mean ISI within Burst - Std (sec),0.006866,0.003254,0.002402,0.002346,0.002055,0.002610,0.002694,0.005111,0.003110,0.001435,0.003602,0.004542,0.002395,0.004148,0.001560,0.001828,0.001267,0.006851,0.002609,0.005044,0.007535,0.001898,0.008687,0.001277,0.003106,0.006501,0.002741,0.001384,0.001088,0.000997,0.001721,0.002840,0.001978,0.002709,0.002477,0.001153,0.002606,0.005238,0.002658,0.001262,0.005950,0.002294,0.002345,0.000655,0.001354,0.004499,0.011342,0.001922
    Median ISI within Burst - Avg (sec),0.008382,0.004701,0.004705,0.003930,0.003645,0.003937,0.003882,0.004563,0.005934,0.004894,0.007161,0.005816,0.005555,0.005016,0.004551,0.004275,0.003401,0.004589,0.003839,0.004061,0.003708,0.003407,0.004109,0.003157,0.005485,0.007993,0.005374,0.004173,0.004074,0.003652,0.004002,0.006239,0.004791,0.006733,0.006235,0.004740,0.005627,0.006467,0.004700,0.004065,0.006768,0.005153,0.004750,0.003897,0.004983,0.004612,0.008118,0.004275
    Median ISI within Burst - Std (sec),0.006706,0.001541,0.001127,0.000695,0.000556,0.000562,0.000622,0.001044,0.003097,0.001030,0.002573,0.003169,0.001694,0.003433,0.001055,0.001433,0.000665,0.002265,0.000886,0.001670,0.000870,0.000481,0.001359,0.000496,0.002773,0.005547,0.002033,0.000805,0.000897,0.000692,0.001361,0.002109,0.001397,0.002562,0.002371,0.000943,0.002106,0.003371,0.002266,0.000992,0.005148,0.001661,0.001662,0.000537,0.001252,0.002713,0.005654,0.001293
    Median/Mean ISI within Burst - Avg,0.503106,0.418986,0.496344,0.459625,0.510015,0.491077,0.440344,0.397303,0.797292,0.824284,0.802509,0.849764,0.828969,0.851864,0.839436,0.781349,0.876855,0.625993,0.633009,0.570044,0.782976,0.644016,0.768082,0.714938,0.780899,0.883174,0.839434,0.864185,0.872963,0.871729,0.887194,0.827464,0.807077,0.817063,0.842046,0.813458,0.801378,0.812570,0.821004,0.814600,0.800178,0.764726,0.796262,0.798993,0.834857,0.819649,0.811775,0.717586
    Median/Mean ISI within Burst - Std,0.191842,0.140032,0.093725,0.056184,0.083041,0.105788,0.091154,0.134758,0.076113,0.034126,0.068566,0.027774,0.028995,0.019848,0.025196,0.028556,0.082968,0.060105,0.066948,0.057914,0.077680,0.051768,0.129990,0.052988,0.075575,0.059534,0.047194,0.035873,0.029531,0.059561,0.020660,0.084323,0.066292,0.051278,0.065600,0.039871,0.068972,0.056727,0.031059,0.019311,0.069813,0.029830,0.030600,0.021579,0.027612,0.027714,0.084531,0.033317
    Inter-Burst Interval - Avg (sec),10.870359,6.535234,5.158689,5.393559,4.481273,6.271657,4.733494,9.348106,17.527275,22.429435,19.557787,15.170883,13.996133,11.744602,6.961312,5.442234,3.715322,13.683660,7.161339,9.329886,8.365071,6.251863,6.402438,4.608509,26.314676,13.210850,15.250282,6.085696,5.958618,17.765834,6.038926,46.288739,12.518572,9.880520,17.045325,6.281217,12.923756,13.981033,7.274109,6.200095,17.128805,23.214836,7.551787,3.711955,5.604199,13.155405,10.900834,11.331403
    Inter-Burst Interval - Std (sec),9.516842,6.197365,1.644370,4.384882,0.828545,6.188318,2.579990,11.114910,17.656791,57.512153,8.412191,21.347165,25.763831,16.847678,2.949492,3.986701,0.971635,26.057653,0.687284,6.026015,5.033278,0.683488,4.102081,0.495317,28.144001,15.236809,30.097098,2.484108,1.783870,46.775846,5.706433,123.965124,2.612900,11.476459,17.981626,1.963446,14.069363,25.825731,6.690686,2.686831,5.517929,6.943225,7.588284,0.958574,1.684158,23.308047,10.431874,2.288301
    Burst Frequency - Avg (Hz),0.132564,0.184222,0.202000,0.232976,0.229583,0.204167,0.237396,0.168077,0.101563,0.173889,0.062556,0.155208,0.145444,0.175833,0.166222,0.228958,0.260222,0.141000,0.139687,0.121444,0.141875,0.162444,0.200417,0.219479,0.069889,0.129000,0.144333,0.182381,0.175385,0.166111,0.214583,0.119306,0.079643,0.176667,0.119889,0.171429,0.129889,0.162187,0.207333,0.184896,0.049405,0.046042,0.200521,0.281354,0.193333,0.181667,0.163437,0.089896
    Burst Frequency - Std (Hz),0.081481,0.075335,0.034366,0.068682,0.037021,0.053631,0.054991,0.115149,0.083374,0.098341,0.035889,0.100259,0.065044,0.101571,0.068763,0.079701,0.081756,0.043738,0.011599,0.026404,0.045379,0.015997,0.079790,0.019097,0.036343,0.079980,0.057806,0.051340,0.031682,0.054254,0.065196,0.061231,0.018756,0.090542,0.089242,0.049768,0.070191,0.096419,0.108616,0.068991,0.022271,0.013401,0.088848,0.053313,0.056191,0.098346,0.131317,0.012479
    IBI Coefficient of Variation - Avg,0.606108,0.437567,0.405682,0.458733,0.368647,0.410237,0.373365,0.542634,0.648765,0.542491,0.599083,0.643149,0.653179,0.656125,0.612729,0.602383,0.485775,0.604151,0.393503,0.587322,0.565223,0.415525,0.731660,0.498402,0.712689,0.507368,0.506835,0.637016,0.527863,0.504799,0.586997,0.495869,0.761695,0.633334,0.696631,0.595330,0.646683,0.643341,0.627031,0.694980,0.646157,0.614093,0.581006,0.491935,0.675296,0.659559,1.051778,0.526109
    IBI Coefficient of Variation - Std,0.162768,0.223871,0.146263,0.411115,0.114624,0.194170,0.163920,0.172095,0.121375,0.172849,0.093814,0.134397,0.106120,0.190416,0.113007,0.075804,0.181620,0.152291,0.056986,0.051602,0.082168,0.047454,0.067126,0.061282,0.101861,0.213460,0.165620,0.087279,0.193331,0.091576,0.073450,0.221880,0.047323,0.179272,0.260637,0.094970,0.135322,0.196186,0.063192,0.145860,0.050962,0.149422,0.119746,0.102531,0.247058,0.128584,0.417212,0.056366
    Burst Percentage - Avg,48.754704,72.883090,85.617169,80.420250,90.591656,90.111340,90.140180,51.925866,51.144742,57.375837,62.672338,63.368830,68.702462,66.681582,64.716471,70.079459,82.700900,84.167015,96.418687,88.284518,88.892702,90.995603,85.140767,96.306435,59.189824,66.961554,75.588415,77.204434,86.464304,81.341296,89.611792,48.950855,62.763742,66.264402,55.113586,69.665261,58.698173,61.346872,65.072011,75.750954,62.553461,55.481338,63.793125,84.287904,78.091811,61.455905,61.399256,76.726701
    Burst Percentage - Std,38.846105,34.753097,25.620055,31.004042,9.151745,21.674960,18.764147,45.178687,14.427538,26.902120,16.455345,26.514884,18.585284,19.432818,12.460330,15.716207,33.499616,31.138732,3.604604,27.917461,14.339618,24.734274,14.357024,3.846249,30.832992,35.281184,32.644575,33.031207,26.455117,32.624322,19.195332,34.738043,27.161201,18.484073,26.689081,8.509030,23.139488,19.754120,21.664759,10.951136,39.276805,19.901284,19.108070,8.259619,7.412275,20.177311,24.585532,20.624974
Network Burst Metrics
    Number of Network Bursts,133.000000,145.000000,137.000000,165.000000,160.000000,137.000000,160.000000,158.000000,262.000000,221.000000,83.000000,183.000000,172.000000,227.000000,223.000000,279.000000,172.000000,91.000000,81.000000,75.000000,100.000000,107.000000,116.000000,124.000000,61.000000,125.000000,114.000000,134.000000,116.000000,115.000000,150.000000,120.000000,67.000000,230.000000,177.000000,209.000000,174.000000,251.000000,247.000000,202.000000,37.000000,76.000000,253.000000,220.000000,196.000000,274.000000,267.000000,73.000000
    Network Burst Frequency,0.221667,0.241667,0.228333,0.275000,0.266667,0.228333,0.266667,0.263333,0.436667,0.368333,0.138333,0.305000,0.286667,0.378333,0.371667,0.465000,0.286667,0.151667,0.135000,0.125000,0.166667,0.178333,0.193333,0.206667,0.101667,0.208333,0.190000,0.223333,0.193333,0.191667,0.250000,0.200000,0.111667,0.383333,0.295000,0.348333,0.290000,0.418333,0.411667,0.336667,0.061667,0.126667,0.421667,0.366667,0.326667,0.456667,0.445000,0.121667
    Network Burst Duration - Avg (sec),0.288382,0.226445,0.240615,0.190289,0.150377,0.175918,0.177835,0.284220,0.183544,0.230742,0.194242,0.094839,0.227454,0.083766,0.156319,0.148812,0.236287,0.299149,0.414520,0.325281,0.255641,0.156467,0.446774,0.284503,0.196585,0.176453,0.212422,0.118477,0.115928,0.130434,0.152716,0.198424,0.115593,0.137157,0.153953,0.115523,0.182296,0.118827,0.208660,0.185577,0.112365,0.365877,0.173128,0.141457,0.140256,0.142928,0.124848,0.197565
    Network Burst Duration - Std (sec),0.102770,0.054140,0.095743,0.058044,0.044333,0.088712,0.027887,0.143333,0.131170,0.309664,0.219467,0.206726,0.284621,0.170107,0.269341,0.080688,0.188568,0.420926,0.352575,0.408050,0.431849,0.151676,0.580692,0.290838,0.112889,0.301877,0.309430,0.284592,0.277614,0.247768,0.326122,0.158829,0.124373,0.180460,0.184277,0.145763,0.196427,0.075872,0.260498,0.158315,0.029469,0.200581,0.150121,0.196499,0.270772,0.122751,0.242833,0.212732
    Number of Spikes per Network Burst - Avg,161.932331,177.937931,217.277372,201.654545,212.875000,242.883212,254.418750,174.993671,110.026718,127.846154,130.975904,128.546448,123.313953,112.876652,110.973094,157.225806,175.755814,317.076923,300.962963,326.426667,244.440000,228.588785,258.051724,316.806452,184.131148,152.800000,207.605263,158.320896,162.767241,198.730435,288.693333,96.366667,155.552239,147.156522,106.079096,119.177033,114.706897,118.402390,149.943320,175.326733,128.459459,125.763158,154.316206,203.140909,148.433673,129.675182,132.265918,290.424658
    Number of Spikes per Network Burst - Std,31.041320,20.140900,60.188397,39.823644,60.059064,14.910550,23.892704,25.137709,125.225327,157.736990,128.297860,182.693001,145.008954,153.062549,114.549604,112.916293,123.287088,293.455021,205.506535,332.776614,354.159506,163.615400,256.123640,269.733433,132.691431,108.418172,101.567068,152.888362,207.407029,245.135885,428.223769,32.632389,186.053372,143.378821,111.573327,148.478897,105.996784,77.544887,169.389065,206.270802,9.096992,160.738866,170.857718,271.033643,209.243646,138.279540,174.120995,344.713404
    Mean ISI within Network Burst - Avg (sec),0.001797,0.001284,0.001196,0.000977,0.000729,0.000730,0.000704,0.001609,0.002081,0.002029,0.001837,0.000736,0.002246,0.000753,0.001435,0.001254,0.001370,0.000789,0.001372,0.000904,0.000962,0.000687,0.001555,0.000989,0.001295,0.000878,0.000843,0.000562,0.000550,0.000608,0.000401,0.002393,0.000953,0.000955,0.001660,0.001192,0.001868,0.001118,0.001524,0.001402,0.000875,0.004977,0.001337,0.000771,0.000884,0.001227,0.000854,0.000952
    Mean ISI within Network Burst - Std (sec),0.000575,0.000285,0.000600,0.000333,0.000188,0.000374,0.000103,0.000728,0.001250,0.002116,0.001333,0.000459,0.002918,0.000440,0.002058,0.000854,0.000682,0.000279,0.000782,0.000281,0.000646,0.000400,0.001553,0.000778,0.001044,0.000537,0.000842,0.000274,0.000179,0.000433,0.000167,0.002395,0.000525,0.000465,0.001067,0.000858,0.001798,0.000489,0.001427,0.000965,0.000179,0.003419,0.000826,0.000567,0.000432,0.000752,0.000437,0.000592
    Median ISI within Network Burst - Avg (sec),0.000548,0.000349,0.000330,0.000306,0.000253,0.000252,0.000262,0.000439,0.000626,0.000555,0.000806,0.000390,0.000573,0.000400,0.000585,0.000358,0.000226,0.000253,0.000230,0.000235,0.000225,0.000202,0.000222,0.000172,0.000449,0.000460,0.000399,0.000296,0.000288,0.000248,0.000202,0.000767,0.000541,0.000486,0.000748,0.000560,0.000684,0.000531,0.000401,0.000400,0.000389,0.001411,0.000413,0.000280,0.000415,0.000347,0.000425,0.000487
    Median ISI within Network Burst - Std (sec),0.000057,0.000041,0.000043,0.000038,0.000030,0.000028,0.000035,0.000048,0.000270,0.000385,0.000538,0.000209,0.000386,0.000214,0.000982,0.000157,0.000035,0.000034,0.000031,0.000040,0.000048,0.000039,0.000051,0.000028,0.000468,0.000276,0.000314,0.000118,0.000096,0.000053,0.000063,0.000798,0.000384,0.000206,0.000499,0.000353,0.000465,0.000225,0.000163,0.000230,0.000038,0.001086,0.000208,0.000104,0.000148,0.000121,0.000108,0.000408
    Median/Mean ISI within Network Burst - Avg,0.333872,0.282946,0.315286,0.336431,0.363671,0.392605,0.378110,0.304891,0.347059,0.373304,0.489464,0.562697,0.420283,0.556431,0.501819,0.350218,0.195188,0.357184,0.227565,0.272280,0.309781,0.358678,0.303484,0.257938,0.339422,0.541660,0.535268,0.554255,0.532664,0.489517,0.532288,0.371645,0.532299,0.535685,0.464285,0.506692,0.429354,0.495090,0.368109,0.338383,0.459756,0.288080,0.352522,0.429014,0.511414,0.337530,0.543460,0.472280
    Median/Mean ISI within Network Burst - Std,0.101435,0.063874,0.092383,0.085210,0.080365,0.111725,0.065251,0.083555,0.133140,0.166149,0.143151,0.121692,0.198121,0.131321,0.164780,0.143823,0.074686,0.127198,0.122880,0.066113,0.151424,0.142965,0.209647,0.132904,0.087547,0.108527,0.119839,0.116354,0.092834,0.148404,0.126149,0.144032,0.111503,0.119080,0.133721,0.120346,0.159210,0.136255,0.163466,0.145362,0.091342,0.137360,0.128038,0.140174,0.134734,0.143080,0.139077,0.125808
    Number of Elecs Participating in Burst - Avg,13.932331,15.537931,15.810219,14.945455,16.000000,16.000000,16.000000,15.025316,14.591603,14.552036,13.024096,15.284153,14.319767,14.788546,14.748879,15.838710,15.674419,15.208791,16.000000,15.920000,16.000000,15.056075,16.000000,16.000000,15.590164,14.800000,14.745614,14.902985,13.560345,15.478261,15.980000,12.116667,13.358209,15.095652,13.265537,13.574163,13.948276,15.235060,15.072874,15.529703,15.486486,14.447368,15.786561,15.950000,12.903061,15.718978,14.580524,15.397260
    Number of Elecs Participating in Burst - Std,0.352383,0.500287,0.393567,0.227782,0.000000,0.000000,0.000000,0.157584,0.929099,1.001480,1.800921,0.774682,0.989455,1.343372,0.600065,0.405634,0.494221,0.459867,0.000000,0.273120,0.000000,0.231149,0.000000,0.000000,1.145674,1.114422,0.839420,0.365205,0.498498,0.679884,0.140469,1.284578,1.432327,0.952807,1.775016,0.787830,1.322405,1.097509,0.639767,0.747539,0.606521,1.517847,0.456324,0.238431,0.313444,0.591024,1.135581,1.187197
    Number of Spikes per Network Burst per Channel - Avg,11.618009,11.468161,13.745894,13.483867,13.304688,15.180201,15.901172,11.646387,7.342685,8.664216,9.389424,8.304151,8.484840,7.438554,7.482764,9.882026,11.197747,20.844244,18.810185,20.520833,15.277500,15.202570,16.128233,19.800403,11.657688,10.385268,13.996584,10.611557,11.977122,12.770195,18.055389,7.867816,11.287576,9.541668,7.746545,8.665832,8.031603,7.629634,9.785203,11.122188,8.304167,8.232667,9.720229,12.714751,11.465350,8.193594,8.770674,18.303467
    Number of Spikes per Network Burst per Channel - Std,2.192299,1.363771,3.812117,2.627640,3.753692,0.931909,1.493294,1.669761,7.732865,10.451825,8.212341,11.374884,9.626145,9.479394,7.616120,7.039203,7.701581,19.287630,12.844158,20.944389,22.134969,10.920665,16.007728,16.858340,8.220784,7.559591,6.638337,10.183452,15.141194,15.271077,26.760045,2.320816,13.142220,8.882243,7.306516,10.553035,6.947681,4.729812,10.525434,12.836538,0.618764,9.876597,10.654599,16.932702,16.083058,8.617519,10.860665,21.442475
    Network Burst Percentage,92.795898,99.752561,99.495287,99.790061,99.340839,99.643649,99.896930,99.421072,98.729365,97.649824,77.428775,98.998401,98.381187,99.348610,97.652119,98.681724,99.699878,99.920352,99.449272,99.885761,99.914163,98.744449,98.873658,99.725833,80.331855,99.827523,99.898696,99.793029,99.825526,99.864540,99.916936,87.493380,51.438725,99.661376,95.615420,97.422459,95.538749,99.050127,99.388149,96.564511,81.554564,69.639344,95.312729,99.814625,99.093975,98.983174,99.875562,73.543083
    Network IBI Coefficient of Variation,0.416580,0.245996,0.281256,0.227250,0.241966,0.310479,0.285478,0.400598,0.437588,0.357850,0.548929,0.497787,0.459146,0.475506,0.429816,0.455301,0.405856,0.460950,0.287394,0.502997,0.449804,0.435212,0.463589,0.354768,0.634329,0.308392,0.449234,0.584288,0.468407,0.461004,0.568484,0.301585,0.714703,0.331325,0.446755,0.469502,0.545512,0.341654,0.491750,0.460272,0.630445,0.712415,0.405645,0.430015,0.488810,0.377853,0.435714,0.600054
    Network Normalized Duration IQR,0.523849,0.280131,0.295455,0.230539,0.264885,0.288141,0.057450,0.211360,0.694613,1.078665,0.804663,0.494566,1.729631,0.397854,0.997013,0.644606,0.817430,0.446676,1.312854,0.103709,0.985237,0.616380,4.404522,1.318759,0.343122,0.240394,0.316372,0.163669,0.162711,0.390609,0.346367,1.163233,0.205967,0.889779,0.400016,0.436737,0.681881,0.694038,0.966217,0.792896,0.287204,0.518369,0.771511,0.390558,1.261059,1.245026,0.817811,0.393888
Synchrony Metrics
    Area Under Normalized Cross-Correlation,0.617211,0.720995,0.807961,0.748781,0.843979,0.821715,0.829736,0.614053,0.730691,0.739519,0.572236,0.798378,0.750335,0.817754,0.829354,0.882599,0.908319,0.812943,0.904598,0.859687,0.870217,0.926256,0.907045,0.991871,0.672651,0.659673,0.709787,0.775917,0.762599,0.855871,0.903400,0.598762,0.631253,0.749083,0.604599,0.743335,0.691611,0.711507,0.795071,0.890333,0.635829,0.679597,0.774046,0.927999,0.681756,0.855019,0.658771,0.732349
    Area Under Cross-Correlation,5.912806,9.912458,14.285500,15.958597,19.611403,17.783222,22.462000,8.547736,11.975833,12.273208,4.408556,11.129292,8.314389,12.410833,11.512222,25.434944,20.960292,16.684514,15.453458,14.076333,14.684861,15.964083,18.730153,31.577861,5.968972,7.436597,12.484486,11.141083,9.466306,14.866681,28.400736,3.997639,5.533778,14.024292,6.678944,10.603542,7.541083,12.222639,18.764736,22.715500,2.079014,4.507972,20.537472,28.839806,11.966111,19.965500,13.579292,13.618806
    Full Width at Half Height of Normalized Cross-Correlation,15.000000,11.000000,12.000000,13.000000,13.000000,11.000000,12.000000,11.000000,16.000000,13.000000,22.000000,15.000000,11.000000,16.000000,14.000000,14.000000,13.000000,15.000000,13.000000,13.000000,12.000000,12.000000,15.000000,12.000000,18.000000,25.000000,22.000000,19.000000,16.000000,16.000000,14.000000,22.000000,28.000000,12.000000,15.000000,12.000000,12.000000,15.000000,18.000000,16.000000,24.000000,23.000000,12.000000,14.000000,12.000000,13.000000,16.000000,25.000000
    Full Width at Half Height of Cross-Correlation,30.000000,24.000000,32.000000,29.000000,31.000000,27.000000,31.000000,25.000000,64.000000,50.000000,77.000000,44.000000,50.000000,41.000000,43.000000,48.000000,39.000000,41.000000,33.000000,31.000000,38.000000,30.000000,38.000000,36.000000,63.000000,58.000000,66.000000,46.000000,44.000000,50.000000,52.000000,53.000000,64.000000,58.000000,59.000000,51.000000,49.000000,57.000000,51.000000,59.000000,55.000000,67.000000,58.000000,55.000000,57.000000,46.000000,55.000000,95.000000
    Synchrony Index, , , , , , , , , , , , , , , , , , , , , , , , , , , , , , , , , , , , , , , , , , , , , , , , 
    Kreuz SPIKE Distance, , , , , , , , , , , , , , , , , , , , , , , , , , , , , , , , , , , , , , , , , , , , , , , , 
Average Network Burst Metrics
    Start Electrode,11.000000,13.000000,24.000000,11.000000,14.000000,14.000000,41.000000,24.000000,22.000000,31.000000,34.000000,34.000000,11.000000,33.000000,34.000000,31.000000,23.000000,42.000000,41.000000,21.000000,14.000000,43.000000,34.000000,12.000000,12.000000,13.000000,24.000000,12.000000,11.000000,43.000000,21.000000,31.000000,14.000000,34.000000,21.000000,42.000000,21.000000,23.000000,12.000000,44.000000,33.000000,11.000000,23.000000,23.000000,41.000000,13.000000,33.000000,32.000000
    Percent Bursts with Start Electrode,24.812030,20.689655,24.817518,23.030303,13.750000,16.788321,33.125000,32.278481,30.916031,41.176471,25.301205,45.355191,19.767442,18.061674,23.766816,36.917563,31.976744,24.175824,45.679012,33.333333,37.000000,22.429907,25.000000,30.645161,22.950820,45.600000,22.807018,40.298507,22.413793,29.565217,20.666667,33.333333,49.253731,21.304348,48.022599,21.531100,45.977011,22.709163,37.246964,28.217822,27.027027,30.263158,48.221344,22.727273,25.000000,38.686131,27.340824,35.616438
    Burst Peak (Max Spikes per sec),1436.090226,4337.931034,3605.839416,3678.787879,4206.250000,4686.131387,4412.500000,2518.987342,916.030534,1271.493213,1228.915663,2393.442623,1395.348837,2396.475771,2322.869955,1677.419355,3354.651163,4615.384615,2259.259259,4920.000000,4680.000000,3542.056075,3198.275862,4161.290323,1967.213115,2792.000000,3307.017544,3365.671642,3094.827586,3060.869565,4506.666667,1133.333333,2597.014925,1847.826087,1141.242938,1492.822967,942.528736,1338.645418,1838.056680,990.099010,2918.918919,328.947368,1237.154150,1981.818182,2209.183673,2021.897810,1816.479401,2534.246575
    Time to Burst Peak (ms),12.500000,8.500000,8.500000,14.500000,10.500000,6.500000,8.500000,16.500000,24.500000,26.500000,52.500000,20.500000,29.500000,24.500000,20.500000,30.500000,20.500000,12.500000,54.500000,14.500000,8.500000,16.500000,18.500000,10.500000,41.500000,38.500000,36.500000,30.500000,30.500000,30.500000,26.500000,50.500000,62.500000,32.500000,56.500000,30.500000,27.500000,32.500000,54.500000,28.500000,24.500000,95.500000,46.500000,52.500000,22.500000,24.500000,24.500000,72.500000

Measurement,A1_11,A1_12,A1_13,A1_14,A1_21,A1_22,A1_23,A1_24,A1_31,A1_32,A1_33,A1_34,A1_41,A1_42,A1_43,A1_44,A2_11,A2_12,A2_13,A2_14,A2_21,A2_22,A2_23,A2_24,A2_31,A2_32,A2_33,A2_34,A2_41,A2_42,A2_43,A2_44,A3_11,A3_12,A3_13,A3_14,A3_21,A3_22,A3_23,A3_24,A3_31,A3_32,A3_33,A3_34,A3_41,A3_42,A3_43,A3_44,A4_11,A4_12,A4_13,A4_14,A4_21,A4_22,A4_23,A4_24,A4_31,A4_32,A4_33,A4_34,A4_41,A4_42,A4_43,A4_44,A5_11,A5_12,A5_13,A5_14,A5_21,A5_22,A5_23,A5_24,A5_31,A5_32,A5_33,A5_34,A5_41,A5_42,A5_43,A5_44,A6_11,A6_12,A6_13,A6_14,A6_21,A6_22,A6_23,A6_24,A6_31,A6_32,A6_33,A6_34,A6_41,A6_42,A6_43,A6_44,A7_11,A7_12,A7_13,A7_14,A7_21,A7_22,A7_23,A7_24,A7_31,A7_32,A7_33,A7_34,A7_41,A7_42,A7_43,A7_44,A8_11,A8_12,A8_13,A8_14,A8_21,A8_22,A8_23,A8_24,A8_31,A8_32,A8_33,A8_34,A8_41,A8_42,A8_43,A8_44,B1_11,B1_12,B1_13,B1_14,B1_21,B1_22,B1_23,B1_24,B1_31,B1_32,B1_33,B1_34,B1_41,B1_42,B1_43,B1_44,B2_11,B2_12,B2_13,B2_14,B2_21,B2_22,B2_23,B2_24,B2_31,B2_32,B2_33,B2_34,B2_41,B2_42,B2_43,B2_44,B3_11,B3_12,B3_13,B3_14,B3_21,B3_22,B3_23,B3_24,B3_31,B3_32,B3_33,B3_34,B3_41,B3_42,B3_43,B3_44,B4_11,B4_12,B4_13,B4_14,B4_21,B4_22,B4_23,B4_24,B4_31,B4_32,B4_33,B4_34,B4_41,B4_42,B4_43,B4_44,B5_11,B5_12,B5_13,B5_14,B5_21,B5_22,B5_23,B5_24,B5_31,B5_32,B5_33,B5_34,B5_41,B5_42,B5_43,B5_44,B6_11,B6_12,B6_13,B6_14,B6_21,B6_22,B6_23,B6_24,B6_31,B6_32,B6_33,B6_34,B6_41,B6_42,B6_43,B6_44,B7_11,B7_12,B7_13,B7_14,B7_21,B7_22,B7_23,B7_24,B7_31,B7_32,B7_33,B7_34,B7_41,B7_42,B7_43,B7_44,B8_11,B8_12,B8_13,B8_14,B8_21,B8_22,B8_23,B8_24,B8_31,B8_32,B8_33,B8_34,B8_41,B8_42,B8_43,B8_44,C1_11,C1_12,C1_13,C1_14,C1_21,C1_22,C1_23,C1_24,C1_31,C1_32,C1_33,C1_34,C1_41,C1_42,C1_43,C1_44,C2_11,C2_12,C2_13,C2_14,C2_21,C2_22,C2_23,C2_24,C2_31,C2_32,C2_33,C2_34,C2_41,C2_42,C2_43,C2_44,C3_11,C3_12,C3_13,C3_14,C3_21,C3_22,C3_23,C3_24,C3_31,C3_32,C3_33,C3_34,C3_41,C3_42,C3_43,C3_44,C4_11,C4_12,C4_13,C4_14,C4_21,C4_22,C4_23,C4_24,C4_31,C4_32,C4_33,C4_34,C4_41,C4_42,C4_43,C4_44,C5_11,C5_12,C5_13,C5_14,C5_21,C5_22,C5_23,C5_24,C5_31,C5_32,C5_33,C5_34,C5_41,C5_42,C5_43,C5_44,C6_11,C6_12,C6_13,C6_14,C6_21,C6_22,C6_23,C6_24,C6_31,C6_32,C6_33,C6_34,C6_41,C6_42,C6_43,C6_44,C7_11,C7_12,C7_13,C7_14,C7_21,C7_22,C7_23,C7_24,C7_31,C7_32,C7_33,C7_34,C7_41,C7_42,C7_43,C7_44,C8_11,C8_12,C8_13,C8_14,C8_21,C8_22,C8_23,C8_24,C8_31,C8_32,C8_33,C8_34,C8_41,C8_42,C8_43,C8_44,D1_11,D1_12,D1_13,D1_14,D1_21,D1_22,D1_23,D1_24,D1_31,D1_32,D1_33,D1_34,D1_41,D1_42,D1_43,D1_44,D2_11,D2_12,D2_13,D2_14,D2_21,D2_22,D2_23,D2_24,D2_31,D2_32,D2_33,D2_34,D2_41,D2_42,D2_43,D2_44,D3_11,D3_12,D3_13,D3_14,D3_21,D3_22,D3_23,D3_24,D3_31,D3_32,D3_33,D3_34,D3_41,D3_42,D3_43,D3_44,D4_11,D4_12,D4_13,D4_14,D4_21,D4_22,D4_23,D4_24,D4_31,D4_32,D4_33,D4_34,D4_41,D4_42,D4_43,D4_44,D5_11,D5_12,D5_13,D5_14,D5_21,D5_22,D5_23,D5_24,D5_31,D5_32,D5_33,D5_34,D5_41,D5_42,D5_43,D5_44,D6_11,D6_12,D6_13,D6_14,D6_21,D6_22,D6_23,D6_24,D6_31,D6_32,D6_33,D6_34,D6_41,D6_42,D6_43,D6_44,D7_11,D7_12,D7_13,D7_14,D7_21,D7_22,D7_23,D7_24,D7_31,D7_32,D7_33,D7_34,D7_41,D7_42,D7_43,D7_44,D8_11,D8_12,D8_13,D8_14,D8_21,D8_22,D8_23,D8_24,D8_31,D8_32,D8_33,D8_34,D8_41,D8_42,D8_43,D8_44,E1_11,E1_12,E1_13,E1_14,E1_21,E1_22,E1_23,E1_24,E1_31,E1_32,E1_33,E1_34,E1_41,E1_42,E1_43,E1_44,E2_11,E2_12,E2_13,E2_14,E2_21,E2_22,E2_23,E2_24,E2_31,E2_32,E2_33,E2_34,E2_41,E2_42,E2_43,E2_44,E3_11,E3_12,E3_13,E3_14,E3_21,E3_22,E3_23,E3_24,E3_31,E3_32,E3_33,E3_34,E3_41,E3_42,E3_43,E3_44,E4_11,E4_12,E4_13,E4_14,E4_21,E4_22,E4_23,E4_24,E4_31,E4_32,E4_33,E4_34,E4_41,E4_42,E4_43,E4_44,E5_11,E5_12,E5_13,E5_14,E5_21,E5_22,E5_23,E5_24,E5_31,E5_32,E5_33,E5_34,E5_41,E5_42,E5_43,E5_44,E6_11,E6_12,E6_13,E6_14,E6_21,E6_22,E6_23,E6_24,E6_31,E6_32,E6_33,E6_34,E6_41,E6_42,E6_43,E6_44,E7_11,E7_12,E7_13,E7_14,E7_21,E7_22,E7_23,E7_24,E7_31,E7_32,E7_33,E7_34,E7_41,E7_42,E7_43,E7_44,E8_11,E8_12,E8_13,E8_14,E8_21,E8_22,E8_23,E8_24,E8_31,E8_32,E8_33,E8_34,E8_41,E8_42,E8_43,E8_44,F1_11,F1_12,F1_13,F1_14,F1_21,F1_22,F1_23,F1_24,F1_31,F1_32,F1_33,F1_34,F1_41,F1_42,F1_43,F1_44,F2_11,F2_12,F2_13,F2_14,F2_21,F2_22,F2_23,F2_24,F2_31,F2_32,F2_33,F2_34,F2_41,F2_42,F2_43,F2_44,F3_11,F3_12,F3_13,F3_14,F3_21,F3_22,F3_23,F3_24,F3_31,F3_32,F3_33,F3_34,F3_41,F3_42,F3_43,F3_44,F4_11,F4_12,F4_13,F4_14,F4_21,F4_22,F4_23,F4_24,F4_31,F4_32,F4_33,F4_34,F4_41,F4_42,F4_43,F4_44,F5_11,F5_12,F5_13,F5_14,F5_21,F5_22,F5_23,F5_24,F5_31,F5_32,F5_33,F5_34,F5_41,F5_42,F5_43,F5_44,F6_11,F6_12,F6_13,F6_14,F6_21,F6_22,F6_23,F6_24,F6_31,F6_32,F6_33,F6_34,F6_41,F6_42,F6_43,F6_44,F7_11,F7_12,F7_13,F7_14,F7_21,F7_22,F7_23,F7_24,F7_31,F7_32,F7_33,F7_34,F7_41,F7_42,F7_43,F7_44,F8_11,F8_12,F8_13,F8_14,F8_21,F8_22,F8_23,F8_24,F8_31,F8_32,F8_33,F8_34,F8_41,F8_42,F8_43,F8_44,
Activity Metrics
    Number of Spikes,1857.000000,3169.000000,3756.000000,1193.000000,1948.000000,2693.000000,841.000000,1032.000000,2229.000000,1552.000000,2.000000,2.000000,1099.000000,1154.000000,157.000000,525.000000,1431.000000,1656.000000,2374.000000,1312.000000,88.000000,1746.000000,1742.000000,2016.000000,1367.000000,556.000000,1304.000000,1922.000000,870.000000,2035.000000,2636.000000,2810.000000,1492.000000,1813.000000,992.000000,1601.000000,2492.000000,1888.000000,1838.000000,2928.000000,2444.000000,1606.000000,2360.000000,2165.000000,1799.000000,2381.000000,171.000000,1948.000000,2187.000000,2271.000000,2835.000000,3118.000000,1689.000000,2864.000000,0.000000,1993.000000,348.000000,2808.000000,2750.000000,3081.000000,1083.000000,1875.000000,1432.000000,3009.000000,2745.000000,1601.000000,2228.000000,3048.000000,1873.000000,3500.000000,2259.000000,1851.000000,2928.000000,2219.000000,1804.000000,1942.000000,1477.000000,2152.000000,1486.000000,1173.000000,2835.000000,2295.000000,731.000000,1386.000000,2864.000000,2155.000000,1411.000000,2331.000000,1049.000000,2400.000000,2149.000000,2053.000000,2173.000000,1571.000000,3211.000000,2780.000000,1645.000000,3342.000000,1470.000000,2416.000000,1142.000000,3770.000000,3352.000000,3041.000000,4062.000000,2184.000000,3043.000000,2498.000000,2274.000000,3033.000000,1990.000000,1487.000000,760.000000,2558.000000,2441.000000,1021.000000,3609.000000,4.000000,3220.000000,2957.000000,658.000000,1775.000000,2544.000000,1459.000000,293.000000,1474.000000,658.000000,2379.000000,2001.000000,3034.000000,3419.000000,2114.000000,2147.000000,3354.000000,1789.000000,2082.000000,581.000000,2338.000000,461.000000,1063.000000,1659.000000,145.000000,1788.000000,1223.000000,1894.000000,2953.000000,1182.000000,520.000000,2540.000000,1483.000000,1317.000000,1302.000000,3785.000000,3107.000000,2310.000000,2813.000000,1531.000000,363.000000,1812.000000,22.000000,1701.000000,1160.000000,1308.000000,1084.000000,774.000000,2248.000000,365.000000,2078.000000,178.000000,432.000000,291.000000,1059.000000,272.000000,0.000000,326.000000,764.000000,1465.000000,2846.000000,1935.000000,1537.000000,2113.000000,2594.000000,941.000000,1016.000000,173.000000,1582.000000,528.000000,1038.000000,726.000000,704.000000,2026.000000,2538.000000,1139.000000,2162.000000,1564.000000,0.000000,1460.000000,2128.000000,2175.000000,1829.000000,189.000000,1221.000000,1515.000000,1314.000000,1403.000000,1315.000000,1488.000000,657.000000,245.000000,2113.000000,2169.000000,1444.000000,2215.000000,1839.000000,1395.000000,2831.000000,1821.000000,715.000000,2786.000000,1539.000000,781.000000,611.000000,626.000000,2661.000000,1029.000000,1506.000000,1923.000000,834.000000,1301.000000,2157.000000,931.000000,1678.000000,1280.000000,2528.000000,2461.000000,2074.000000,2122.000000,1381.000000,2137.000000,0.000000,2032.000000,3744.000000,980.000000,2081.000000,2892.000000,4214.000000,2920.000000,927.000000,2589.000000,3308.000000,3207.000000,3316.000000,3115.000000,3834.000000,2925.000000,2368.000000,2823.000000,2562.000000,2393.000000,1840.000000,225.000000,2185.000000,2409.000000,2797.000000,1930.000000,1587.000000,1442.000000,1610.000000,2248.000000,2487.000000,1486.000000,297.000000,1582.000000,1727.000000,24.000000,2333.000000,1952.000000,2585.000000,1898.000000,1559.000000,2471.000000,2659.000000,307.000000,2840.000000,1127.000000,2854.000000,2318.000000,641.000000,1550.000000,1819.000000,1684.000000,1698.000000,1966.000000,1464.000000,1379.000000,1819.000000,836.000000,1357.000000,825.000000,786.000000,2311.000000,1725.000000,1536.000000,1758.000000,1452.000000,2157.000000,2424.000000,1427.000000,2098.000000,1486.000000,1947.000000,332.000000,125.000000,1029.000000,2209.000000,1140.000000,1385.000000,1154.000000,2289.000000,1856.000000,1055.000000,524.000000,1100.000000,2081.000000,1427.000000,1240.000000,1230.000000,1381.000000,2772.000000,2480.000000,2160.000000,530.000000,985.000000,1522.000000,1380.000000,2598.000000,1918.000000,1797.000000,1446.000000,1671.000000,1758.000000,1790.000000,1782.000000,1055.000000,1875.000000,2080.000000,936.000000,1454.000000,1480.000000,6.000000,1612.000000,2110.000000,796.000000,2168.000000,1794.000000,1577.000000,3438.000000,3332.000000,2134.000000,2718.000000,1193.000000,1523.000000,1993.000000,2068.000000,865.000000,951.000000,2342.000000,1383.000000,2062.000000,2832.000000,2382.000000,1419.000000,2616.000000,2886.000000,2912.000000,2508.000000,2345.000000,2185.000000,1350.000000,2354.000000,2614.000000,2400.000000,3349.000000,3178.000000,139.000000,1230.000000,1384.000000,1605.000000,256.000000,1652.000000,527.000000,454.000000,210.000000,1444.000000,1048.000000,1775.000000,429.000000,1240.000000,242.000000,347.000000,2151.000000,504.000000,3171.000000,1110.000000,76.000000,1741.000000,649.000000,142.000000,1456.000000,1444.000000,2424.000000,803.000000,740.000000,1013.000000,306.000000,1403.000000,2316.000000,1620.000000,812.000000,2176.000000,927.000000,16.000000,474.000000,2731.000000,3330.000000,785.000000,1485.000000,1850.000000,695.000000,176.000000,2297.000000,2001.000000,1488.000000,2263.000000,1176.000000,1286.000000,900.000000,210.000000,1174.000000,1663.000000,6.000000,2047.000000,2246.000000,559.000000,2597.000000,661.000000,1834.000000,1149.000000,1169.000000,0.000000,2568.000000,2004.000000,1192.000000,0.000000,1612.000000,1000.000000,1965.000000,93.000000,1341.000000,532.000000,1194.000000,1176.000000,1464.000000,1604.000000,1304.000000,1693.000000,2286.000000,2255.000000,1800.000000,2119.000000,1607.000000,1952.000000,627.000000,1307.000000,2192.000000,206.000000,1105.000000,92.000000,1722.000000,618.000000,3695.000000,1514.000000,3909.000000,3478.000000,2322.000000,3520.000000,2108.000000,1903.000000,1253.000000,3061.000000,2057.000000,3467.000000,494.000000,3011.000000,3424.000000,4124.000000,931.000000,1630.000000,2269.000000,801.000000,1336.000000,1679.000000,49.000000,15.000000,1307.000000,1177.000000,256.000000,0.000000,734.000000,2.000000,422.000000,609.000000,1077.000000,7445.000000,1600.000000,1989.000000,1626.000000,425.000000,792.000000,763.000000,788.000000,1080.000000,1288.000000,315.000000,10.000000,524.000000,539.000000,0.000000,1851.000000,4495.000000,2982.000000,1694.000000,3238.000000,2958.000000,1478.000000,1440.000000,2413.000000,2436.000000,473.000000,2465.000000,754.000000,2259.000000,2476.000000,549.000000,884.000000,520.000000,1700.000000,2180.000000,2686.000000,1397.000000,2139.000000,1826.000000,262.000000,363.000000,1270.000000,653.000000,2702.000000,3.000000,694.000000,358.000000,1442.000000,1708.000000,2015.000000,2099.000000,2555.000000,1677.000000,976.000000,0.000000,0.000000,748.000000,2095.000000,1691.000000,2548.000000,2430.000000,1212.000000,2371.000000,2104.000000,1965.000000,1254.000000,2136.000000,2545.000000,1480.000000,2599.000000,391.000000,634.000000,324.000000,997.000000,1211.000000,6.000000,1093.000000,821.000000,1331.000000,672.000000,907.000000,4096.000000,899.000000,3051.000000,2105.000000,2550.000000,3104.000000,2207.000000,1902.000000,1100.000000,1715.000000,2901.000000,1082.000000,1068.000000,645.000000,2710.000000,3010.000000,1619.000000,221.000000,3286.000000,2184.000000,3225.000000,3442.000000,3068.000000,2915.000000,2341.000000,1687.000000,4128.000000,1316.000000,1732.000000,380.000000,2921.000000,3029.000000,2572.000000,1750.000000,2193.000000,3386.000000,2370.000000,1932.000000,3164.000000,1227.000000,1896.000000,635.000000,2545.000000,3114.000000,1178.000000,2764.000000,313.000000,627.000000,568.000000,293.000000,220.000000,338.000000,739.000000,695.000000,41.000000,343.000000,250.000000,158.000000,81.000000,84.000000,886.000000,192.000000,725.000000,780.000000,1380.000000,337.000000,1323.000000,695.000000,548.000000,791.000000,889.000000,271.000000,360.000000,1347.000000,526.000000,1373.000000,519.000000,1861.000000,2343.000000,3650.000000,1955.000000,2761.000000,2709.000000,2241.000000,4991.000000,3524.000000,817.000000,2312.000000,2798.000000,909.000000,3779.000000,1118.000000,1416.000000,3639.000000,2781.000000,3211.000000,1307.000000,3308.000000,2713.000000,3151.000000,4245.000000,2876.000000,2100.000000,2634.000000,2742.000000,2864.000000,2494.000000,2534.000000,2680.000000,3134.000000,1750.000000,2988.000000,1766.000000,0.000000,1457.000000,0.000000,2479.000000,2490.000000,0.000000,1527.000000,1368.000000,1388.000000,3872.000000,1923.000000,3083.000000,3268.000000,2695.000000,2851.000000,2832.000000,591.000000,3381.000000,2425.000000,2541.000000,3595.000000,653.000000,1810.000000,2211.000000,985.000000,2388.000000,1989.000000,3118.000000,1831.000000,1898.000000,1308.000000,5082.000000,1724.000000,663.000000,4602.000000,450.000000,3303.000000,3550.000000,296.000000,4069.000000,936.000000,2362.000000,870.000000,1143.000000,3103.000000,1007.000000,1444.000000,922.000000,5817.000000,1766.000000,1857.000000,1859.000000,2647.000000,2089.000000,2107.000000,1505.000000,622.000000,791.000000,1451.000000,1889.000000,1055.000000
    Mean Firing Rate (Hz),3.095000,5.281667,6.260000,1.988333,3.246667,4.488333,1.401667,1.720000,3.715000,2.586667,0.003333,0.003333,1.831667,1.923333,0.261667,0.875000,2.385000,2.760000,3.956667,2.186667,0.146667,2.910000,2.903333,3.360000,2.278333,0.926667,2.173333,3.203333,1.450000,3.391667,4.393333,4.683333,2.486667,3.021667,1.653333,2.668333,4.153333,3.146667,3.063333,4.880000,4.073333,2.676667,3.933333,3.608333,2.998333,3.968333,0.285000,3.246667,3.645000,3.785000,4.725000,5.196667,2.815000,4.773333,0.000000,3.321667,0.580000,4.680000,4.583333,5.135000,1.805000,3.125000,2.386667,5.015000,4.575000,2.668333,3.713333,5.080000,3.121667,5.833333,3.765000,3.085000,4.880000,3.698333,3.006667,3.236667,2.461667,3.586667,2.476667,1.955000,4.725000,3.825000,1.218333,2.310000,4.773333,3.591667,2.351667,3.885000,1.748333,4.000000,3.581667,3.421667,3.621667,2.618333,5.351667,4.633333,2.741667,5.570000,2.450000,4.026667,1.903333,6.283333,5.586667,5.068333,6.770000,3.640000,5.071667,4.163333,3.790000,5.055000,3.316667,2.478333,1.266667,4.263333,4.068333,1.701667,6.015000,0.006667,5.366667,4.928333,1.096667,2.958333,4.240000,2.431667,0.488333,2.456667,1.096667,3.965000,3.335000,5.056667,5.698333,3.523333,3.578333,5.590000,2.981667,3.470000,0.968333,3.896667,0.768333,1.771667,2.765000,0.241667,2.980000,2.038333,3.156667,4.921667,1.970000,0.866667,4.233333,2.471667,2.195000,2.170000,6.308333,5.178333,3.850000,4.688333,2.551667,0.605000,3.020000,0.036667,2.835000,1.933333,2.180000,1.806667,1.290000,3.746667,0.608333,3.463333,0.296667,0.720000,0.485000,1.765000,0.453333,0.000000,0.543333,1.273333,2.441667,4.743333,3.225000,2.561667,3.521667,4.323333,1.568333,1.693333,0.288333,2.636667,0.880000,1.730000,1.210000,1.173333,3.376667,4.230000,1.898333,3.603333,2.606667,0.000000,2.433333,3.546667,3.625000,3.048333,0.315000,2.035000,2.525000,2.190000,2.338333,2.191667,2.480000,1.095000,0.408333,3.521667,3.615000,2.406667,3.691667,3.065000,2.325000,4.718333,3.035000,1.191667,4.643333,2.565000,1.301667,1.018333,1.043333,4.435000,1.715000,2.510000,3.205000,1.390000,2.168333,3.595000,1.551667,2.796667,2.133333,4.213333,4.101667,3.456667,3.536667,2.301667,3.561667,0.000000,3.386667,6.240000,1.633333,3.468333,4.820000,7.023333,4.866667,1.545000,4.315000,5.513333,5.345000,5.526667,5.191667,6.390000,4.875000,3.946667,4.705000,4.270000,3.988333,3.066667,0.375000,3.641667,4.015000,4.661667,3.216667,2.645000,2.403333,2.683333,3.746667,4.145000,2.476667,0.495000,2.636667,2.878333,0.040000,3.888333,3.253333,4.308333,3.163333,2.598333,4.118333,4.431667,0.511667,4.733333,1.878333,4.756667,3.863333,1.068333,2.583333,3.031667,2.806667,2.830000,3.276667,2.440000,2.298333,3.031667,1.393333,2.261667,1.375000,1.310000,3.851667,2.875000,2.560000,2.930000,2.420000,3.595000,4.040000,2.378333,3.496667,2.476667,3.245000,0.553333,0.208333,1.715000,3.681667,1.900000,2.308333,1.923333,3.815000,3.093333,1.758333,0.873333,1.833333,3.468333,2.378333,2.066667,2.050000,2.301667,4.620000,4.133333,3.600000,0.883333,1.641667,2.536667,2.300000,4.330000,3.196667,2.995000,2.410000,2.785000,2.930000,2.983333,2.970000,1.758333,3.125000,3.466667,1.560000,2.423333,2.466667,0.010000,2.686667,3.516667,1.326667,3.613333,2.990000,2.628333,5.730000,5.553333,3.556667,4.530000,1.988333,2.538333,3.321667,3.446667,1.441667,1.585000,3.903333,2.305000,3.436667,4.720000,3.970000,2.365000,4.360000,4.810000,4.853333,4.180000,3.908333,3.641667,2.250000,3.923333,4.356667,4.000000,5.581667,5.296667,0.231667,2.050000,2.306667,2.675000,0.426667,2.753333,0.878333,0.756667,0.350000,2.406667,1.746667,2.958333,0.715000,2.066667,0.403333,0.578333,3.585000,0.840000,5.285000,1.850000,0.126667,2.901667,1.081667,0.236667,2.426667,2.406667,4.040000,1.338333,1.233333,1.688333,0.510000,2.338333,3.860000,2.700000,1.353333,3.626667,1.545000,0.026667,0.790000,4.551667,5.550000,1.308333,2.475000,3.083333,1.158333,0.293333,3.828333,3.335000,2.480000,3.771667,1.960000,2.143333,1.500000,0.350000,1.956667,2.771667,0.010000,3.411667,3.743333,0.931667,4.328333,1.101667,3.056667,1.915000,1.948333,0.000000,4.280000,3.340000,1.986667,0.000000,2.686667,1.666667,3.275000,0.155000,2.235000,0.886667,1.990000,1.960000,2.440000,2.673333,2.173333,2.821667,3.810000,3.758333,3.000000,3.531667,2.678333,3.253333,1.045000,2.178333,3.653333,0.343333,1.841667,0.153333,2.870000,1.030000,6.158333,2.523333,6.515000,5.796667,3.870000,5.866667,3.513333,3.171667,2.088333,5.101667,3.428333,5.778333,0.823333,5.018333,5.706667,6.873333,1.551667,2.716667,3.781667,1.335000,2.226667,2.798333,0.081667,0.025000,2.178333,1.961667,0.426667,0.000000,1.223333,0.003333,0.703333,1.015000,1.795000,12.408333,2.666667,3.315000,2.710000,0.708333,1.320000,1.271667,1.313333,1.800000,2.146667,0.525000,0.016667,0.873333,0.898333,0.000000,3.085000,7.491667,4.970000,2.823333,5.396667,4.930000,2.463333,2.400000,4.021667,4.060000,0.788333,4.108333,1.256667,3.765000,4.126667,0.915000,1.473333,0.866667,2.833333,3.633333,4.476667,2.328333,3.565000,3.043333,0.436667,0.605000,2.116667,1.088333,4.503333,0.005000,1.156667,0.596667,2.403333,2.846667,3.358333,3.498333,4.258333,2.795000,1.626667,0.000000,0.000000,1.246667,3.491667,2.818333,4.246667,4.050000,2.020000,3.951667,3.506667,3.275000,2.090000,3.560000,4.241667,2.466667,4.331667,0.651667,1.056667,0.540000,1.661667,2.018333,0.010000,1.821667,1.368333,2.218333,1.120000,1.511667,6.826667,1.498333,5.085000,3.508333,4.250000,5.173333,3.678333,3.170000,1.833333,2.858333,4.835000,1.803333,1.780000,1.075000,4.516667,5.016667,2.698333,0.368333,5.476667,3.640000,5.375000,5.736667,5.113333,4.858333,3.901667,2.811667,6.880000,2.193333,2.886667,0.633333,4.868333,5.048333,4.286667,2.916667,3.655000,5.643333,3.950000,3.220000,5.273333,2.045000,3.160000,1.058333,4.241667,5.190000,1.963333,4.606667,0.521667,1.045000,0.946667,0.488333,0.366667,0.563333,1.231667,1.158333,0.068333,0.571667,0.416667,0.263333,0.135000,0.140000,1.476667,0.320000,1.208333,1.300000,2.300000,0.561667,2.205000,1.158333,0.913333,1.318333,1.481667,0.451667,0.600000,2.245000,0.876667,2.288333,0.865000,3.101667,3.905000,6.083333,3.258333,4.601667,4.515000,3.735000,8.318333,5.873333,1.361667,3.853333,4.663333,1.515000,6.298333,1.863333,2.360000,6.065000,4.635000,5.351667,2.178333,5.513333,4.521667,5.251667,7.075000,4.793333,3.500000,4.390000,4.570000,4.773333,4.156667,4.223333,4.466667,5.223333,2.916667,4.980000,2.943333,0.000000,2.428333,0.000000,4.131667,4.150000,0.000000,2.545000,2.280000,2.313333,6.453333,3.205000,5.138333,5.446667,4.491667,4.751667,4.720000,0.985000,5.635000,4.041667,4.235000,5.991667,1.088333,3.016667,3.685000,1.641667,3.980000,3.315000,5.196667,3.051667,3.163333,2.180000,8.470000,2.873333,1.105000,7.670000,0.750000,5.505000,5.916667,0.493333,6.781667,1.560000,3.936667,1.450000,1.905000,5.171667,1.678333,2.406667,1.536667,9.695000,2.943333,3.095000,3.098333,4.411667,3.481667,3.511667,2.508333,1.036667,1.318333,2.418333,3.148333,1.758333
    ISI Coefficient of Variation,3.617391,4.975894,5.278488,2.988265,3.569666,2.635804,2.289158,2.716264,2.624926,3.439847, , ,2.400321,2.799173,0.760922,1.853961,2.940729,3.226915,3.882691,2.834671,0.849702,3.327500,3.259783,3.575892,2.884816,1.692036,2.834928,3.503609,2.251945,3.552683,4.056659,4.268287,3.186493,3.535268,2.535248,3.296227,4.104374,3.619343,3.533618,4.486064,3.785434,3.299368,4.040059,3.834120,3.510728,4.069643,0.989209,3.652003,3.456745,3.535516,3.974947,4.161150,3.007052,3.998972, ,3.283667,1.178951,3.921988,3.879974,4.148716,2.335949,3.192358,2.729287,4.066130,4.032504,3.028086,3.593486,4.260984,3.264366,4.547693,3.640206,3.270663,4.145958,3.550279,3.223334,3.336099,2.891234,3.096362,2.902116,2.541247,4.518492,4.074861,2.157524,2.924391,4.505479,3.764079,3.129382,4.099545,2.660464,4.158861,3.936336,3.824541,3.942670,3.330970,4.844120,4.495036,3.086919,4.486497,2.902763,3.795926,2.512777,4.756544,4.458029,4.243310,4.963575,3.589729,4.280939,3.857759,3.662759,4.249807,3.387969,2.910073,2.050310,3.993820,3.893657,2.425038,4.793927, ,4.416941,4.266559,1.873443,3.324266,3.950814,2.437691,1.027000,2.968305,1.876170,3.872153,2.678729,3.340389,3.585410,2.762063,2.768493,3.438204,2.575654,2.731904,2.149335,2.910584,1.237805,1.865243,2.321286,1.620329,2.483759,2.024925,2.738860,3.412858,1.904493,1.514770,3.212109,2.330261,2.184800,2.386915,3.797818,3.507190,3.029866,3.357754,2.418119,1.253580,2.651106, ,3.105138,2.500402,2.687689,2.542575,1.991882,3.308821,1.568101,3.269594,2.145339,1.604778,2.536193,2.266312,2.243643, ,3.399896,1.920941,2.839104,4.061278,3.306421,2.993681,3.470492,3.864998,2.215517,2.354298,1.405284,3.012567,1.693006,2.343133,1.911575,1.838854,3.393610,3.816429,2.584992,3.543021,2.773539, ,2.879544,3.530315,3.568831,3.242190,1.351055,2.618848,2.925241,2.725546,2.863140,2.743830,2.913690,2.065696,1.311992,3.101688,3.136664,2.507581,3.172929,2.860317,2.595288,3.606368,2.855475,1.755794,3.571021,2.584871,1.896028,1.824979,2.064369,3.464746,2.000894,2.415831,2.744116,1.963931,2.190695,2.928667,1.815679,2.570277,2.191129,3.190388,3.149712,2.837102,2.864385,2.366049,2.910420, ,2.724277,3.748978,1.768683,2.744032,3.257958,3.288971,3.283139,1.880937,3.066307,3.508740,3.450336,3.520442,3.343552,3.764229,3.280660,2.935253,4.033744,3.953915,3.814634,3.309340,1.124794,3.619336,3.800325,4.025201,3.405707,3.058823,2.868267,3.069881,3.655405,3.873700,2.834837,1.124424,4.304291,4.504952, ,5.234785,4.800442,5.526251,4.732817,4.270996,5.421919,5.631088,1.777691,5.823422,3.593630,5.827599,5.245641,2.639883,4.341099,4.700646,4.517902,4.536842,4.904654,4.170622,4.076280,4.716861,3.082894,4.032061,3.082999,3.008600,4.786910,4.573195,4.321616,4.636290,4.658722,5.716767,5.979720,4.620040,5.627951,4.718370,5.371656,2.059085,1.133823,3.887932,5.788948,4.107996,4.533627,4.134103,5.817957,5.254844,3.262415,2.211191,3.360075,4.709531,3.866051,3.584289,3.563813,3.769633,5.442786,5.134376,4.766164,2.225661,3.166090,3.986368,3.779413,5.259724,4.443099,4.294718,3.064165,4.137099,4.248343,4.289387,4.273827,3.232857,4.326437,4.634506,3.024393,3.790933,3.877405, ,4.056204,4.670994,2.529872,4.356551,3.947785,3.662481,5.378197,5.449154,4.327361,4.906778,3.172720,3.621683,4.160318,4.250018,2.653403,2.797995,2.953322,3.411145,4.064419,4.475315,4.382211,3.328012,4.591634,4.831958,4.856012,4.498776,4.321247,4.190829,3.237753,4.311796,4.595087,4.376289,5.185281,4.986616,1.706880,2.965875,3.066411,3.225108,2.303848,3.331297,3.344095,3.140901,1.143971,3.185797,3.361544,3.266229,1.656893,2.669251,2.245117,1.425453,4.103534,1.822341,5.007017,2.882441,1.001163,3.666867,2.157280,1.498360,3.329217,3.325534,4.340625,2.393694,2.424649,2.770790,1.442594,3.263786,4.664657,3.861597,2.797200,4.496261,2.848448, ,1.974134,5.063230,5.604259,2.667272,3.818126,4.201097,2.492789,1.320171,4.623431,4.346156,3.589688,4.474132,3.163421,3.340356,2.784082,1.159368,3.159877,3.819497, ,4.251904,4.446958,2.137400,4.727266,2.281762,4.021036,3.096925,3.283312, ,4.948306,4.354010,3.295230, ,3.860804,2.989229,4.307032,0.992479,3.525199,2.171327,3.308339,3.273703,3.684408,3.855416,3.496569,4.006379,4.665243,4.649595,4.141620,4.513931,3.900271,4.317404,2.329494,3.497851,4.592291,1.114101,3.188290,1.100413,4.016876,2.304543,5.343737,3.348525,5.485409,5.199903,4.210022,5.238164,4.010698,3.762566,3.017997,4.859687,3.943086,5.164549,1.810695,4.822591,5.162947,5.668976,2.307412,3.038433,3.185242,2.325730,2.225504,2.920796, , ,2.528795,2.552820,1.257164, ,1.771521, ,1.642469,2.252096,2.993497,0.555571,2.979337,3.100724,2.204213,2.543050,3.311461,3.372262,1.722299,2.376109,2.771764,3.105354, ,3.265167,1.588227, ,2.749452,4.307440,3.488655,2.587339,3.633322,3.446677,2.382564,2.312633,3.098411,3.112528,2.173536,3.128879,1.851476,2.981781,3.135984,1.658506,2.456895,1.497004,2.856364,3.248841,3.584132,2.535640,3.179571,3.015151,1.587064,1.663797,2.480175,1.855028,3.611232, ,2.102702,2.318123,2.532287,2.808020,3.048576,3.106980,3.429160,2.733109,2.263985, , ,2.063885,3.084139,2.739682,3.457859,3.335173,2.418032,3.299039,3.347152,3.284109,2.542968,3.432120,3.745143,2.858469,3.811346,1.576096,2.235092,1.788868,2.560415,2.389944, ,2.390665,2.270201,2.686336,1.714483,1.942720,3.928534,1.911812,3.349107,2.759874,3.031941,3.392230,2.838890,2.592169,1.923293,2.420550,3.265279,2.025763,2.085127,1.336062,3.358921,3.097648,2.544865,2.182334,3.714207,2.983174,3.666665,3.769263,3.579582,3.481916,3.085254,2.587815,4.163359,2.267976,2.638122,1.080810,3.744842,3.844601,3.536374,2.945982,3.275002,4.016444,3.411031,3.018787,3.887202,2.875897,2.936865,2.013245,2.721966,3.904948,2.395025,2.673688,3.332339,4.768383,2.545509,2.868162,2.737702,3.381635,4.431983,2.400338, ,2.813950,2.433201,2.159447,1.424292,1.405236,1.732117,1.368917,1.598619,1.860316,2.357243,1.741138,2.103954,1.465530,1.777417,2.072239,2.588038,2.671671,2.576441,2.476618,2.984578,2.349013,2.373440,2.534319,2.992850,3.716726,2.717280,3.204500,3.260920,2.930405,2.348516,3.653645,1.676984,2.744052,3.040536,2.001390,3.810272,1.957764,2.268596,3.671741,3.575920,3.883693,2.456728,3.927765,3.540595,3.822563,4.440153,3.645747,3.081704,3.477797,3.497690,3.619311,3.367884,3.391790,3.516335,3.807635,3.023315,4.025527,3.038697, ,2.732534, ,3.643765,3.649752, ,2.809400,2.680307,2.783095,3.218197,3.154263,4.084895,4.216254,3.087383,3.065606,3.150504,1.284738,3.448176,2.915877,2.954169,3.559066,1.369520,2.680251,2.763872,1.773424,2.872582,2.589934,3.078076,2.480964,2.591834,2.145487,4.418423,2.467990,1.540856,4.209524,1.929224,3.531608,3.652720,1.198572,3.933743,2.292417,2.949088,1.814993,2.265239,3.368376,3.741127,2.763138,1.892018,1.510035,4.588366,3.906092,3.352152,3.071473,3.897879,4.308085,3.859742,3.196940,3.975450,4.260132,1.809166,3.993227
Electrode Burst Metrics
    Number of Bursts,120.000000,133.000000,133.000000,73.000000,128.000000,80.000000,17.000000,48.000000,127.000000,111.000000,0.000000,0.000000,33.000000,30.000000,0.000000,1.000000,96.000000,127.000000,143.000000,92.000000,0.000000,134.000000,137.000000,142.000000,95.000000,1.000000,97.000000,142.000000,22.000000,142.000000,143.000000,145.000000,119.000000,124.000000,54.000000,115.000000,125.000000,136.000000,117.000000,135.000000,135.000000,106.000000,131.000000,135.000000,131.000000,133.000000,0.000000,122.000000,151.000000,155.000000,159.000000,165.000000,128.000000,165.000000,0.000000,140.000000,0.000000,164.000000,160.000000,165.000000,30.000000,145.000000,65.000000,165.000000,160.000000,125.000000,156.000000,160.000000,125.000000,160.000000,158.000000,140.000000,160.000000,152.000000,133.000000,116.000000,105.000000,144.000000,119.000000,91.000000,137.000000,137.000000,19.000000,106.000000,138.000000,137.000000,122.000000,137.000000,76.000000,137.000000,137.000000,137.000000,137.000000,129.000000,137.000000,137.000000,131.000000,160.000000,114.000000,158.000000,41.000000,160.000000,159.000000,160.000000,160.000000,156.000000,160.000000,158.000000,157.000000,160.000000,148.000000,97.000000,0.000000,156.000000,153.000000,15.000000,161.000000,0.000000,162.000000,159.000000,1.000000,98.000000,159.000000,25.000000,0.000000,65.000000,1.000000,156.000000,54.000000,138.000000,190.000000,46.000000,58.000000,138.000000,38.000000,53.000000,31.000000,58.000000,24.000000,31.000000,29.000000,7.000000,49.000000,31.000000,96.000000,169.000000,46.000000,19.000000,154.000000,77.000000,63.000000,95.000000,185.000000,179.000000,129.000000,174.000000,73.000000,3.000000,103.000000,0.000000,50.000000,40.000000,55.000000,41.000000,27.000000,74.000000,19.000000,90.000000,21.000000,22.000000,24.000000,33.000000,24.000000,0.000000,27.000000,16.000000,113.000000,177.000000,142.000000,98.000000,146.000000,179.000000,56.000000,76.000000,5.000000,102.000000,16.000000,47.000000,27.000000,14.000000,131.000000,161.000000,73.000000,122.000000,72.000000,0.000000,91.000000,141.000000,144.000000,133.000000,5.000000,83.000000,106.000000,77.000000,101.000000,71.000000,55.000000,35.000000,6.000000,137.000000,156.000000,96.000000,157.000000,96.000000,113.000000,198.000000,115.000000,38.000000,188.000000,112.000000,32.000000,44.000000,29.000000,171.000000,65.000000,80.000000,131.000000,48.000000,53.000000,150.000000,50.000000,107.000000,80.000000,165.000000,161.000000,75.000000,126.000000,74.000000,131.000000,0.000000,105.000000,201.000000,29.000000,95.000000,164.000000,192.000000,138.000000,52.000000,142.000000,160.000000,160.000000,179.000000,147.000000,177.000000,135.000000,122.000000,177.000000,176.000000,176.000000,176.000000,1.000000,176.000000,176.000000,176.000000,176.000000,172.000000,150.000000,173.000000,176.000000,176.000000,85.000000,0.000000,87.000000,92.000000,0.000000,99.000000,96.000000,97.000000,93.000000,88.000000,98.000000,100.000000,6.000000,98.000000,77.000000,99.000000,97.000000,42.000000,88.000000,88.000000,88.000000,86.000000,88.000000,84.000000,84.000000,88.000000,76.000000,83.000000,64.000000,73.000000,88.000000,87.000000,88.000000,88.000000,78.000000,81.000000,83.000000,77.000000,80.000000,78.000000,80.000000,19.000000,0.000000,64.000000,81.000000,72.000000,68.000000,72.000000,80.000000,80.000000,84.000000,38.000000,101.000000,107.000000,90.000000,54.000000,72.000000,75.000000,113.000000,111.000000,105.000000,24.000000,75.000000,100.000000,100.000000,113.000000,104.000000,103.000000,81.000000,102.000000,102.000000,101.000000,103.000000,80.000000,106.000000,105.000000,78.000000,98.000000,96.000000,0.000000,99.000000,104.000000,44.000000,156.000000,153.000000,137.000000,163.000000,165.000000,151.000000,166.000000,67.000000,123.000000,124.000000,156.000000,56.000000,36.000000,156.000000,71.000000,135.000000,136.000000,135.000000,120.000000,138.000000,138.000000,138.000000,138.000000,120.000000,138.000000,97.000000,138.000000,138.000000,122.000000,138.000000,138.000000,7.000000,57.000000,57.000000,60.000000,20.000000,57.000000,52.000000,52.000000,0.000000,57.000000,57.000000,59.000000,22.000000,57.000000,6.000000,9.000000,126.000000,32.000000,129.000000,24.000000,0.000000,123.000000,61.000000,1.000000,120.000000,115.000000,125.000000,25.000000,78.000000,90.000000,7.000000,105.000000,111.000000,102.000000,85.000000,115.000000,64.000000,0.000000,25.000000,111.000000,116.000000,70.000000,93.000000,114.000000,70.000000,3.000000,112.000000,108.000000,134.000000,134.000000,91.000000,123.000000,85.000000,0.000000,87.000000,134.000000,0.000000,135.000000,131.000000,58.000000,135.000000,48.000000,135.000000,102.000000,101.000000,0.000000,116.000000,116.000000,111.000000,0.000000,114.000000,86.000000,116.000000,0.000000,116.000000,50.000000,115.000000,98.000000,113.000000,116.000000,115.000000,116.000000,116.000000,116.000000,115.000000,116.000000,115.000000,116.000000,69.000000,113.000000,116.000000,2.000000,94.000000,0.000000,116.000000,60.000000,151.000000,109.000000,151.000000,151.000000,142.000000,151.000000,147.000000,112.000000,51.000000,151.000000,122.000000,151.000000,22.000000,148.000000,151.000000,150.000000,79.000000,104.000000,120.000000,85.000000,85.000000,102.000000,0.000000,0.000000,86.000000,90.000000,2.000000,0.000000,39.000000,0.000000,14.000000,53.000000,52.000000,50.000000,60.000000,76.000000,57.000000,41.000000,42.000000,44.000000,43.000000,45.000000,47.000000,33.000000,0.000000,47.000000,32.000000,0.000000,112.000000,209.000000,154.000000,98.000000,177.000000,139.000000,90.000000,60.000000,120.000000,131.000000,24.000000,104.000000,29.000000,105.000000,131.000000,13.000000,58.000000,7.000000,108.000000,138.000000,160.000000,83.000000,95.000000,99.000000,10.000000,24.000000,49.000000,28.000000,163.000000,0.000000,40.000000,17.000000,83.000000,95.000000,109.000000,117.000000,139.000000,103.000000,60.000000,0.000000,0.000000,56.000000,121.000000,77.000000,149.000000,142.000000,75.000000,114.000000,116.000000,112.000000,44.000000,122.000000,154.000000,93.000000,132.000000,11.000000,51.000000,17.000000,65.000000,74.000000,0.000000,55.000000,58.000000,65.000000,37.000000,52.000000,217.000000,57.000000,157.000000,124.000000,126.000000,165.000000,113.000000,94.000000,57.000000,70.000000,166.000000,59.000000,58.000000,5.000000,158.000000,78.000000,59.000000,20.000000,203.000000,112.000000,174.000000,209.000000,175.000000,152.000000,93.000000,67.000000,228.000000,52.000000,86.000000,0.000000,153.000000,157.000000,135.000000,85.000000,117.000000,165.000000,127.000000,89.000000,166.000000,55.000000,97.000000,43.000000,91.000000,155.000000,60.000000,80.000000,37.000000,37.000000,37.000000,35.000000,31.000000,37.000000,38.000000,37.000000,0.000000,37.000000,35.000000,16.000000,0.000000,1.000000,36.000000,1.000000,15.000000,24.000000,34.000000,23.000000,26.000000,16.000000,26.000000,31.000000,30.000000,25.000000,25.000000,50.000000,28.000000,29.000000,25.000000,35.000000,139.000000,187.000000,113.000000,154.000000,138.000000,117.000000,123.000000,195.000000,17.000000,120.000000,147.000000,49.000000,168.000000,38.000000,60.000000,160.000000,194.000000,190.000000,89.000000,195.000000,185.000000,186.000000,209.000000,190.000000,136.000000,178.000000,159.000000,164.000000,132.000000,130.000000,175.000000,189.000000,127.000000,163.000000,102.000000,0.000000,79.000000,0.000000,113.000000,144.000000,0.000000,84.000000,69.000000,90.000000,165.000000,84.000000,139.000000,149.000000,129.000000,187.000000,111.000000,18.000000,198.000000,130.000000,154.000000,204.000000,6.000000,79.000000,100.000000,45.000000,116.000000,83.000000,115.000000,69.000000,44.000000,52.000000,249.000000,70.000000,16.000000,239.000000,18.000000,145.000000,193.000000,1.000000,164.000000,56.000000,100.000000,45.000000,59.000000,118.000000,52.000000,52.000000,30.000000,57.000000,55.000000,62.000000,57.000000,59.000000,57.000000,64.000000,55.000000,51.000000,50.000000,57.000000,53.000000,52.000000
    Burst Duration - Avg (sec),0.170000,0.175396,0.174173,0.159242,0.163539,0.189689,0.204508,0.163163,0.164142,0.173108, , ,0.214543,0.239381, ,0.204320,0.147012,0.136505,0.149584,0.120521, ,0.132027,0.127534,0.136522,0.134973,0.126800,0.119974,0.132121,0.120018,0.141490,0.163922,0.135806,0.139296,0.143757,0.149661,0.146363,0.161353,0.135284,0.146081,0.152739,0.142408,0.157128,0.150260,0.134862,0.136818,0.155221, ,0.153006,0.128003,0.134948,0.141788,0.139248,0.123119,0.138385, ,0.130225, ,0.138211,0.138382,0.142637,0.118163,0.120799,0.145753,0.137174,0.103601,0.101745,0.097691,0.104525,0.128522,0.114512,0.100500,0.103461,0.103483,0.114415,0.107397,0.128304,0.113035,0.103419,0.102629,0.100207,0.119425,0.116378,0.096291,0.109250,0.122429,0.116513,0.107412,0.117240,0.093718,0.117783,0.115069,0.119312,0.120710,0.107571,0.126471,0.120034,0.122462,0.136451,0.117321,0.128870,0.106500,0.142387,0.141975,0.138622,0.149090,0.132095,0.137382,0.131309,0.135991,0.154638,0.133772,0.134197, ,0.177861,0.200932,0.135755,0.196110, ,0.197477,0.187185,0.016320,0.192394,0.180473,0.189414, ,0.195822,0.169200,0.188074,0.095068,0.069343,0.071826,0.144729,0.102287,0.100501,0.117962,0.099200,0.082754,0.128665,0.050757,0.120552,0.235057,0.095486,0.161709,0.140266,0.075572,0.073901,0.081464,0.123714,0.062710,0.076913,0.080672,0.056993,0.134721,0.071264,0.066547,0.060132,0.078630,0.056693,0.065640, ,0.130045,0.117630,0.105283,0.113627,0.084975,0.128787,0.146518,0.093859,0.071966,0.126847,0.098480,0.131345,0.077657, ,0.091944,0.287110,0.071543,0.058002,0.061013,0.074512,0.053588,0.067040,0.105267,0.059969,0.237616,0.070929,0.257145,0.107152,0.105523,0.253411,0.057853,0.061291,0.085111,0.088173,0.097092, ,0.080121,0.069939,0.072272,0.072210,0.030432,0.079083,0.080973,0.086640,0.069690,0.103440,0.297914,0.106912,0.160000,0.065834,0.060391,0.056267,0.061734,0.083577,0.036152,0.059672,0.063721,0.062208,0.062772,0.055101,0.140735,0.043502,0.163879,0.053857,0.038927,0.062040,0.052045,0.075327,0.092706,0.054924,0.052234,0.047311,0.046717,0.059405,0.057882,0.259523,0.067906,0.061991,0.058668, ,0.060804,0.075358,0.114916,0.065204,0.076123,0.081919,0.077441,0.048855,0.083509,0.084730,0.077313,0.074806,0.084467,0.093301,0.078952,0.083498,0.051199,0.041435,0.040030,0.033504,0.012160,0.040782,0.042085,0.101044,0.038204,0.034883,0.036086,0.032137,0.047610,0.053171,0.082343, ,0.177568,0.176283, ,0.156573,0.167160,0.165980,0.164481,0.180415,0.155241,0.155479,0.275227,0.164016,0.212691,0.163666,0.163585,0.253284,0.103063,0.100343,0.107762,0.126100,0.110041,0.180451,0.135788,0.109878,0.152808,0.135724,0.168692,0.150079,0.109539,0.116422,0.091748,0.097465,0.194769,0.179973,0.164581,0.178686,0.179230,0.177622,0.178241,0.280429, ,0.261668,0.170585,0.209270,0.201280,0.207568,0.176844,0.170761,0.186140,0.297613,0.141403,0.114561,0.147225,0.215053,0.192862,0.188340,0.108826,0.114480,0.134130,0.562833,0.187270,0.140210,0.127954,0.107194,0.113228,0.119435,0.143648,0.116650,0.116962,0.114591,0.119346,0.178470,0.164968,0.114009,0.180939,0.140303,0.136169, ,0.134392,0.118735,0.403460,0.068043,0.063484,0.087218,0.076984,0.067031,0.064478,0.062297,0.248306,0.094354,0.085882,0.071953,0.335360,0.633724,0.068342,0.292340,0.076312,0.094938,0.082198,0.079034,0.081202,0.084914,0.087158,0.082083,0.100243,0.078015,0.110070,0.083518,0.084974,0.097350,0.092927,0.091787,0.026034,0.085784,0.083036,0.085860,0.043488,0.115283,0.057325,0.055945, ,0.130696,0.070557,0.091310,0.089887,0.080676,0.111307,0.087804,0.121272,0.026005,0.126882,0.363003, ,0.117322,0.041917,0.061600,0.073473,0.081887,0.135100,0.396867,0.035123,0.075221,0.239051,0.135592,0.090683,0.114005,0.044768,0.114008,0.233871, ,0.069648,0.144915,0.150300,0.056782,0.071079,0.074802,0.052215,0.018533,0.163076,0.073533,0.080811,0.092667,0.079509,0.064101,0.048636, ,0.108931,0.070718, ,0.085007,0.089720,0.030702,0.080113,0.100870,0.079191,0.089344,0.061797, ,0.076743,0.085131,0.074748, ,0.095326,0.109405,0.086822, ,0.068339,0.037901,0.077229,0.090905,0.085467,0.065748,0.056408,0.074478,0.065854,0.069781,0.067158,0.062476,0.072075,0.077414,0.043403,0.068922,0.064268,0.011400,0.074440, ,0.072827,0.048248,0.120142,0.114949,0.112029,0.112963,0.120918,0.111731,0.106128,0.132917,0.268841,0.115557,0.133336,0.116252,0.039269,0.117492,0.110647,0.091121,0.057250,0.051305,0.081012,0.043160,0.060094,0.054608, , ,0.074428,0.055947,0.053280, ,0.054273, ,0.064954,0.062047,0.084898,0.075587,0.087941,0.094174,0.095064,0.055977,0.073570,0.074216,0.066104,0.170409,0.075748,0.048381, ,0.073947,0.092113, ,0.079828,0.092953,0.098489,0.104771,0.090800,0.131916,0.086663,0.158688,0.140859,0.104879,0.097680,0.141853,0.145895,0.116343,0.136220,0.215982,0.069345,0.047143,0.056133,0.076877,0.084897,0.074015,0.110824,0.071585,0.062096,0.049527,0.101623,0.096263,0.085228, ,0.071322,0.107544,0.080192,0.076227,0.071087,0.075069,0.072875,0.076777,0.077891, , ,0.092079,0.083915,0.107296,0.069537,0.086323,0.074533,0.092522,0.109394,0.076150,0.169829,0.076615,0.113360,0.069763,0.078490,0.084211,0.051589,0.077699,0.061743,0.074948, ,0.085468,0.040894,0.095792,0.059299,0.056360,0.083934,0.071232,0.083779,0.069302,0.089171,0.085436,0.076668,0.092623,0.074095,0.143621,0.075711,0.084951,0.067501,0.239744,0.064519,0.124347,0.059477,0.044112,0.066806,0.073000,0.074599,0.086560,0.074843,0.076478,0.106971,0.115571,0.076891,0.251065,0.078295, ,0.076119,0.071430,0.070110,0.081341,0.071368,0.076256,0.079157,0.087522,0.070989,0.105062,0.084860,0.062759,0.085938,0.073131,0.122999,0.098242,0.040893,0.066528,0.048675,0.073662,0.049272,0.051859,0.070419,0.060024, ,0.048789,0.041863,0.034175, ,0.061040,0.074578,0.132160,0.139051,0.114417,0.091376,0.060863,0.198258,0.095140,0.074889,0.119172,0.099629,0.052771,0.101427,0.075541,0.092360,0.103266,0.096310,0.118517,0.071494,0.063647,0.069108,0.074631,0.076595,0.071815,0.105882,0.073503,0.174433,0.077778,0.066914,0.086774,0.082755,0.099158,0.086263,0.091796,0.070441,0.066440,0.052031,0.057304,0.070600,0.087965,0.077500,0.074653,0.072481,0.071422,0.080266,0.062415,0.074740,0.095837,0.070548,0.071615,0.098138,0.081551,0.090445, ,0.125186, ,0.095515,0.115321, ,0.089910,0.167631,0.069121,0.107401,0.145186,0.095131,0.097854,0.063076,0.051813,0.081628,0.118449,0.057215,0.062100,0.054835,0.056831,0.249227,0.066940,0.072463,0.093116,0.064423,0.068027,0.073219,0.084267,0.314098,0.152823,0.092528,0.156465,0.498860,0.089063,0.178622,0.120861,0.096986,0.331760,0.119496,0.104679,0.144648,0.132878,0.112031,0.147342,0.133374,0.146242,0.164069,0.149641,0.138420,0.121081,0.141899,0.148264,0.159006,0.132715,0.135319,0.102529,0.128475,0.128705,0.154115,0.121403
    Burst Duration - Std (sec),0.058855,0.060531,0.057941,0.064179,0.060866,0.064586,0.035130,0.063523,0.063989,0.057998, , ,0.040623,0.029172, , ,0.049851,0.043991,0.030674,0.052379, ,0.038968,0.047612,0.033995,0.038740, ,0.038323,0.035348,0.081334,0.037443,0.039658,0.034681,0.072797,0.070960,0.081688,0.073681,0.069861,0.073276,0.071807,0.072311,0.070421,0.066915,0.069988,0.075436,0.070390,0.070596, ,0.062269,0.056073,0.049851,0.049638,0.053312,0.058008,0.052322, ,0.052835, ,0.055127,0.052730,0.051665,0.063787,0.061569,0.050341,0.054517,0.048387,0.049497,0.051776,0.048677,0.040772,0.048831,0.045267,0.049810,0.052386,0.046113,0.049755,0.040195,0.045206,0.050545,0.050619,0.049420,0.013955,0.014239,0.023004,0.021544,0.015034,0.013635,0.017615,0.013987,0.032139,0.012909,0.013369,0.014073,0.014036,0.018525,0.012639,0.012982,0.025071,0.023396,0.025480,0.022240,0.056582,0.022635,0.022123,0.024518,0.022903,0.020207,0.023924,0.023048,0.020355,0.021941,0.023556,0.021099, ,0.063595,0.048010,0.093774,0.048256, ,0.050860,0.058726, ,0.061907,0.059495,0.060902, ,0.073563, ,0.065384,0.119945,0.103941,0.094270,0.148428,0.132844,0.111125,0.140541,0.124150,0.048356,0.176076,0.013623,0.068075,0.224335,0.094498,0.159653,0.161627,0.159007,0.113386,0.254378,0.366285,0.114893,0.205545,0.225785,0.176978,0.222162,0.086458,0.107078,0.087638,0.199788,0.052344,0.171220, ,0.172986,0.108203,0.144611,0.129991,0.056980,0.133468,0.167379,0.104066,0.054702,0.129357,0.073454,0.144137,0.074281, ,0.047038,0.323710,0.235728,0.105573,0.148559,0.249968,0.132022,0.173296,0.370823,0.174021,0.257851,0.228942,0.610581,0.200469,0.254180,0.589658,0.141023,0.133211,0.178595,0.198673,0.181321, ,0.174251,0.132553,0.173341,0.170414,0.024991,0.193912,0.199212,0.243621,0.198216,0.242712,0.353052,0.214844,0.140449,0.185068,0.169521,0.143239,0.167044,0.217857,0.029380,0.140463,0.163245,0.103761,0.154896,0.142336,0.347257,0.090541,0.390367,0.122129,0.021712,0.090646,0.150937,0.246454,0.260214,0.126691,0.093892,0.024965,0.097840,0.119559,0.122023,0.337948,0.152839,0.120116,0.122058, ,0.038926,0.063841,0.116613,0.054845,0.062584,0.071605,0.063295,0.080727,0.070067,0.068613,0.065386,0.064592,0.073302,0.069353,0.062824,0.094839,0.072227,0.037999,0.034652,0.040449, ,0.037718,0.040225,0.044597,0.033578,0.031862,0.026867,0.024301,0.063270,0.062366,0.158089, ,0.278998,0.271689, ,0.175602,0.265668,0.270827,0.252537,0.286935,0.203730,0.217075,0.315626,0.244396,0.363265,0.243903,0.244853,0.421392,0.117876,0.103144,0.125804,0.178696,0.126585,0.198228,0.221956,0.119789,0.286932,0.239311,0.301005,0.275584,0.119697,0.152628,0.079983,0.100074,0.331443,0.265954,0.239574,0.285775,0.283066,0.284985,0.281331,0.546906, ,0.474670,0.268430,0.380634,0.327988,0.384749,0.282824,0.285436,0.455549,0.551459,0.346476,0.263681,0.354556,0.430443,0.429862,0.395314,0.196720,0.216484,0.279723,0.706787,0.435601,0.353838,0.335486,0.208121,0.184602,0.216507,0.260634,0.219322,0.218779,0.199612,0.195763,0.364454,0.481352,0.184114,0.362090,0.290839,0.278920, ,0.274535,0.195813,0.572782,0.087235,0.091325,0.182870,0.090398,0.064225,0.089364,0.067316,0.405041,0.210682,0.123203,0.109646,0.545175,0.543979,0.078130,0.462806,0.066880,0.083287,0.071068,0.059448,0.070032,0.071387,0.074822,0.072683,0.091071,0.072542,0.122823,0.071752,0.078919,0.081151,0.080129,0.080327,0.014263,0.093819,0.091352,0.106248,0.052343,0.093456,0.082419,0.092959, ,0.099029,0.085872,0.105201,0.143527,0.094524,0.177718,0.169318,0.217084,0.007198,0.228101,0.379933, ,0.215493,0.013826, ,0.133991,0.143320,0.236043,0.427835,0.010169,0.124215,0.273484,0.263308,0.105818,0.155438,0.017434,0.147468,0.377282, ,0.108069,0.203682,0.218403,0.018818,0.074514,0.054682,0.023922,0.002520,0.264684,0.045034,0.265232,0.267729,0.179275,0.137736,0.082334, ,0.336444,0.183768, ,0.252715,0.254744,0.014710,0.218989,0.305848,0.254438,0.285277,0.154539, ,0.172371,0.248555,0.222977, ,0.270348,0.303411,0.245935, ,0.188038,0.013038,0.253073,0.287664,0.258498,0.161034,0.165779,0.190339,0.113582,0.125602,0.164146,0.129357,0.205232,0.195353,0.113290,0.224790,0.120137,0.000849,0.257455, ,0.198658,0.093814,0.276763,0.248274,0.251238,0.277462,0.299378,0.276701,0.280141,0.318087,0.482610,0.277887,0.315232,0.288183,0.059733,0.285794,0.277707,0.197278,0.026927,0.016193,0.064066,0.014974,0.021870,0.017470, , ,0.103272,0.024542,0.005996, ,0.020120, ,0.044708,0.024748,0.140007,0.112980,0.102928,0.075517,0.150021,0.113646,0.129106,0.111682,0.149689,0.578711,0.115401,0.047034, ,0.110099,0.172484, ,0.077339,0.095992,0.122770,0.194129,0.133821,0.200645,0.056679,0.298742,0.223238,0.195497,0.026793,0.241104,0.292970,0.168254,0.210142,0.518276,0.194270,0.025781,0.032381,0.151413,0.084232,0.184836,0.207209,0.158548,0.078577,0.017190,0.228655,0.272380,0.162612, ,0.061621,0.078878,0.212693,0.202804,0.180382,0.179392,0.169834,0.189777,0.168505, , ,0.267565,0.173987,0.224564,0.156139,0.168819,0.171207,0.184243,0.177940,0.162798,0.281239,0.157827,0.166151,0.178461,0.117247,0.044921,0.081217,0.158905,0.124238,0.196307, ,0.220707,0.022346,0.217171,0.038248,0.036221,0.066421,0.054001,0.057069,0.040163,0.059084,0.063719,0.043013,0.070982,0.050999,0.082018,0.065515,0.057131,0.037627,0.045408,0.124299,0.215466,0.044112,0.024725,0.122945,0.139276,0.130657,0.135464,0.149584,0.130027,0.188965,0.220527,0.133665,0.279691,0.167255, ,0.132213,0.131733,0.141444,0.168147,0.151366,0.141633,0.138846,0.163267,0.125296,0.222316,0.124114,0.076636,0.160348,0.121958,0.211332,0.188955,0.008967,0.012125,0.011686,0.068001,0.013759,0.007866,0.015098,0.008586, ,0.009288,0.061386,0.011199, , ,0.026317, ,0.181363,0.132434,0.070790,0.108598,0.215660,0.117142,0.125921,0.198551,0.136869,0.075025,0.131259,0.094576,0.173254,0.125711,0.143431,0.157522,0.166597,0.076935,0.173031,0.163451,0.085020,0.166199,0.134605,0.086939,0.355075,0.136781,0.129368,0.248498,0.079115,0.283425,0.098205,0.102356,0.137089,0.131818,0.045408,0.090288,0.181208,0.206055,0.088419,0.183843,0.115396,0.191181,0.175176,0.102690,0.142199,0.182085,0.168566,0.137000,0.273543,0.130920,0.207539, ,0.313088, ,0.181037,0.288042, ,0.173522,0.355691,0.067166,0.202085,0.345301,0.150735,0.165625,0.112469,0.096662,0.127172,0.293722,0.081948,0.110311,0.102216,0.086342,0.475546,0.073544,0.141748,0.184277,0.124256,0.128965,0.122799,0.157505,0.493030,0.252185,0.201932,0.254273,0.695825,0.206775,0.335418,0.278013,0.240668, ,0.237786,0.184880,0.262394,0.282017,0.183610,0.317533,0.188540,0.176390,0.309835,0.217481,0.202395,0.190841,0.210558,0.212825,0.250283,0.177142,0.228132,0.108751,0.149288,0.184909,0.189999,0.200695
    Number of Spikes per Burst - Avg,14.366667,23.661654,28.007519,10.315068,14.320313,14.212500,9.647059,9.604167,13.598425,12.189189, , ,10.606061,10.433333, ,8.000000,10.531250,11.637795,16.447552,9.586957, ,12.246269,11.832117,13.971831,10.147368,7.000000,9.835052,13.274648,8.000000,13.922535,17.454545,19.262069,11.680672,13.862903,9.185185,12.756522,18.120000,13.801471,14.290598,21.348148,17.170370,12.858491,17.190840,15.577778,13.305344,17.593985, ,14.868852,13.344371,13.993548,17.345912,18.739394,10.632813,17.327273, ,12.542857, ,16.743902,16.637500,18.575758,8.666667,11.503448,10.615385,17.957576,17.125000,11.176000,13.987179,19.025000,13.096000,21.662500,14.126582,12.228571,18.187500,14.065789,12.248120,14.094828,11.257143,12.854167,10.352941,8.725275,20.656934,16.737226,7.421053,10.471698,20.528986,15.445255,10.573770,16.985401,8.276316,17.503650,15.664234,14.912409,15.832117,11.643411,23.394161,20.255474,10.687023,20.862500,9.719298,15.151899,8.487805,23.506250,20.603774,18.906250,25.362500,13.788462,18.987500,15.664557,14.305732,18.912500,12.486486,10.216495, ,15.442308,15.424837,8.333333,22.298137, ,19.740741,17.993711,5.000000,12.438776,15.459119,10.680000, ,11.215385,8.000000,14.814103,20.518519,15.144928,14.621053,17.326087,18.379310,16.543478,25.052632,20.433962,12.032258,19.810345,6.333333,17.870968,16.379310,6.857143,15.693878,19.322581,12.500000,14.005917,11.521739,7.736842,13.610390,9.194805,9.761905,9.610526,16.605405,14.223464,13.403101,13.551724,12.136986,6.666667,12.165049, ,24.840000,19.200000,16.363636,17.780488,10.851852,20.040541,9.210526,16.000000,6.238095,9.818182,9.750000,16.060606,7.750000, ,11.074074,14.125000,9.884956,14.242938,11.830986,12.255102,12.082192,14.033520,8.089286,7.815789,11.800000,12.176471,11.187500,8.638298,7.148148,7.714286,12.183206,14.322981,10.753425,14.680328,13.152778, ,11.494505,13.297872,13.479167,11.578947,4.400000,9.746988,10.301887,11.220779,10.960396,12.422535,17.800000,10.800000,7.666667,12.058394,11.262821,9.843750,11.611465,12.520833,9.088496,12.969697,11.852174,8.868421,13.234043,8.366071,10.562500,6.704545,13.931034,12.953216,8.446154,12.175000,10.770992,8.625000,11.150943,10.900000,8.100000,10.607477,9.200000,12.351515,12.732919,18.800000,12.301587,11.716216,11.763359, ,12.914286,16.179104,9.172414,12.673684,13.774390,15.666667,15.840580,7.692308,12.387324,16.362500,15.618750,15.642458,16.408163,17.598870,16.992593,13.319672,15.587571,14.352273,13.545455,10.409091,4.000000,12.187500,13.488636,14.869318,10.914773,9.029070,8.166667,8.994220,12.636364,13.937500,10.329412, ,17.298851,18.391304, ,22.020202,20.166667,26.278351,19.967742,17.170455,24.846939,26.400000,8.166667,28.867347,13.532468,28.646465,23.659794,9.666667,17.579545,19.659091,18.431818,19.348837,22.295455,17.119048,16.321429,20.590909,10.421053,15.710843,11.250000,10.054795,23.704545,19.252874,17.227273,19.750000,18.564103,26.604938,29.060241,18.324675,26.125000,18.897436,23.987500,6.736842, ,15.343750,27.209877,15.555556,19.191176,15.680556,26.700000,23.150000,11.166667,8.210526,10.831683,19.271028,15.022222,18.259259,14.916667,15.680000,24.371681,22.018018,19.914286,11.500000,11.560000,15.010000,13.320000,22.672566,18.250000,17.378641,14.592593,16.303922,17.098039,17.465347,17.213592,12.225000,17.528302,19.704762,10.948718,14.653061,15.135417, ,16.202020,20.269231,9.909091,13.461538,11.248366,10.802920,19.932515,19.878788,13.423841,16.234940,12.686567,10.951220,13.685484,13.025641,9.839286,17.555556,12.794872,14.661972,14.962963,19.044118,17.296296,10.925000,18.608696,20.442029,20.811594,18.036232,18.300000,15.673913,11.948454,16.869565,18.804348,18.409836,24.115942,22.492754,4.857143,16.228070,18.947368,19.650000,6.000000,22.368421,9.615385,8.211538, ,18.789474,16.754386,21.711864,7.409091,16.228070,7.666667,5.333333,16.928571,5.156250,24.348837,29.875000, ,13.788618,7.131148,5.000000,11.258333,11.704348,18.816000,16.920000,7.730769,9.344444,7.428571,12.114286,19.756757,14.676471,8.623529,18.130435,10.578125, ,6.520000,23.846847,28.181034,8.157143,15.053763,15.622807,7.200000,4.000000,20.035714,17.305556,11.074627,16.813433,10.538462,9.821138,7.952941, ,11.034483,12.238806, ,15.096296,16.885496,6.655172,18.681481,7.250000,13.570370,9.941176,10.702970, ,19.758621,17.146552,10.396396, ,13.956140,9.825581,16.586207, ,11.405172,7.020000,10.313043,11.040816,12.761062,13.431034,11.191304,14.500000,18.112069,18.681034,15.408696,17.448276,13.886957,16.629310,6.463768,11.442478,17.862069,4.000000,10.702128, ,14.698276,6.666667,24.291391,11.972477,24.847682,22.986755,15.929577,23.251656,14.163265,15.142857,15.921569,20.079470,15.360656,22.827815,5.863636,20.182432,22.596026,24.233333,8.974684,13.451923,14.791667,7.600000,9.305882,13.882353, , ,10.372093,10.077778,5.000000, ,7.000000, ,6.000000,7.301887,16.826923,18.980000,18.916667,17.236842,13.157895,8.170732,16.380952,15.000000,10.348837,15.733333,19.021277,8.272727, ,10.085106,7.375000, ,12.053571,19.827751,16.246753,11.602041,15.553672,16.956835,10.466667,12.166667,15.150000,13.480916,7.791667,16.855769,10.137931,14.885714,13.755725,10.769231,11.017241,6.142857,11.796296,12.949275,14.262500,10.951807,16.031579,13.818182,7.200000,6.291667,12.591837,11.142857,14.539877, ,9.900000,8.000000,11.240964,12.789474,13.807339,12.982906,14.589928,11.233010,10.216667, , ,8.285714,11.545455,10.909091,14.429530,13.112676,11.200000,15.087719,13.146552,13.330357,11.477273,13.721311,14.032468,11.215054,15.560606,7.181818,8.254902,8.176471,10.830769,11.337838, ,10.309091,7.603448,12.830769,8.351351,9.596154,17.382488,8.771930,15.337580,12.483871,13.785714,14.993939,14.389381,12.840426,9.421053,11.500000,13.807229,10.661017,10.086207,10.000000,13.291139,22.141026,14.644068,7.300000,14.068966,11.919643,14.827586,14.057416,14.217143,14.414474,14.903226,13.029851,16.403509,14.538462,11.720930, ,16.156863,17.044586,15.948148,15.458824,15.051282,17.909091,15.527559,15.853933,16.421687,17.163636,13.340206,9.325581,17.428571,17.077419,11.700000,19.012500,8.432432,16.675676,13.324324,7.285714,6.290323,8.918919,17.342105,14.783784, ,8.675676,5.685714,5.125000, ,5.000000,10.000000,6.000000,12.200000,18.708333,17.794118,8.913043,18.000000,7.875000,11.307692,13.129032,20.500000,9.440000,11.200000,16.400000,15.892857,25.034483,14.520000,20.885714,11.942446,15.893048,11.495575,13.876623,15.739130,13.863248,17.878049,14.923077,9.764706,13.725000,14.068027,10.081633,17.684524,9.763158,9.883333,16.350000,12.958763,15.342105,9.573034,15.010256,13.081081,15.494624,18.373206,13.915789,11.360294,13.101124,14.433962,14.042683,13.545455,14.984615,13.400000,14.661376,10.740157,16.306748,12.392157, ,12.544304, ,17.814159,14.979167, ,12.452381,14.550725,12.177778,19.412121,15.642857,18.928058,18.342282,15.124031,12.267380,16.801802,8.388889,14.388889,12.961538,12.084416,14.607843,7.833333,15.518987,13.820000,11.333333,13.232759,14.771084,16.017391,14.579710,25.227273,12.211538,19.329317,15.828571,11.375000,18.054393,8.944444,17.179310,15.751295,8.000000,19.731707,10.875000,16.100000,9.155556,12.457627,18.728814,18.096154,20.730769,11.133333,30.157895,28.763636,25.564516,26.596491,29.966102,28.350877,26.937500,23.981818,11.509804,14.800000,23.157895,18.283019,18.961538
    Number of Spikes per Burst - Std,3.230457,4.908075,5.494482,2.165876,3.443432,2.641891,0.996317,2.018421,2.963427,1.984089, , ,1.390580,0.626062, , ,1.666721,2.188242,2.294139,1.822643, ,2.305393,2.478049,2.227945,1.304399, ,1.469697,2.154146,1.690309,2.080214,2.666240,3.248976,3.404715,4.031048,1.972204,3.540719,5.739788,3.624648,4.433532,6.673984,4.890656,2.761775,5.015537,5.005171,3.439350,5.087176, ,3.548835,3.076895,3.142703,3.955428,4.025675,2.397082,3.814548, ,2.946456, ,3.911007,3.732380,4.038159,1.881550,3.007223,2.013178,4.298825,4.715490,2.788409,4.316491,5.277161,2.874874,5.890924,4.064346,3.370082,4.984489,3.982862,3.403220,3.084261,2.545843,3.637352,2.688923,1.955425,2.059547,2.217146,0.901591,1.568788,2.420086,1.826761,1.378213,1.798633,1.362338,2.166334,2.282534,1.919231,2.442182,2.056994,2.346329,2.342162,1.524588,2.548862,1.148364,2.232297,1.976385,2.703357,2.607241,2.958405,2.893253,2.085308,2.397555,2.719617,1.893519,2.590227,1.759277,1.200927, ,3.142303,2.440591,2.319688,3.966807, ,3.497214,3.334698, ,2.163742,2.741482,1.547040, ,1.899772, ,2.879974,16.858726,16.434142,12.140430,9.702358,13.618650,16.205397,20.451587,16.241577,4.527574,22.901357,0.761387,7.191393,13.808418,3.023716,12.621417,13.330134,16.718096,12.886176,19.778483,7.140200,13.585513,6.559523,9.619728,8.584120,13.729965,12.622225,14.556742,12.823622,14.760415,2.886751,16.185867, ,22.062398,13.747168,13.586981,14.128893,5.425748,16.561582,4.732617,10.343537,1.609496,6.238409,4.820698,12.369164,2.026992, ,2.352183,9.069179,8.565663,17.285134,9.876523,18.446530,19.013791,15.757609,5.046247,5.285731,9.418068,22.372814,15.371917,4.260157,3.121929,5.511227,20.093934,18.053602,7.729419,19.314392,8.283123, ,8.999227,16.196448,16.020515,9.385038,0.547723,9.882040,8.237163,17.813820,15.142603,18.891163,14.697442,10.346355,2.160247,18.769408,14.583292,9.233039,11.581179,15.348567,4.119981,17.585443,14.440588,6.291011,17.736289,6.424889,11.749914,2.816724,19.876280,19.125841,2.806414,6.095807,11.678096,8.871722,17.320948,9.775843,2.366863,3.894256,7.066412,10.471684,11.138199,15.428125,14.767136,8.826362,14.462063, ,6.962971,9.124021,3.106088,6.094019,6.376073,8.875717,8.745590,4.412720,5.534993,9.199048,8.991171,9.140328,9.945575,9.905382,9.751002,10.343894,14.854769,9.550515,8.724231,6.024970, ,6.527661,7.325875,5.204391,5.037982,3.916418,2.057615,2.252898,9.651862,9.561325,9.164357, ,12.735334,14.173925, ,12.879330,19.035516,25.674542,15.176821,13.090509,19.572415,21.565966,3.188521,25.551500,9.112722,27.553034,18.314888,5.489087,7.858989,8.892573,9.303065,11.755116,15.723296,7.178288,11.854703,12.770869,6.128106,10.889165,8.176622,5.356435,14.396008,8.879318,7.402589,8.138528,14.902793,20.830074,27.757816,14.895638,25.955841,16.187690,19.905151,3.983886, ,16.144407,29.036062,12.771986,23.726839,16.244459,27.858776,24.810216,11.892929,5.478005,6.595558,27.657463,22.901831,25.103698,20.368956,21.119454,32.977588,27.573367,28.214533,7.978231,13.310471,21.533387,17.769501,32.187909,15.790958,14.901715,13.123241,15.866890,16.273352,17.101207,14.487080,9.446686,16.976290,17.047402,8.080596,12.969514,13.737095, ,14.541973,17.447970,6.068670,8.695111,6.292520,7.050072,15.895930,14.947382,9.427928,11.457388,8.457038,7.723557,9.273940,8.149371,6.480114,8.463179,7.124440,11.604117,8.352681,13.819936,10.549156,4.924919,11.989311,12.009132,12.615916,10.740747,12.125811,9.331027,5.331454,8.684096,11.815404,10.186488,16.037398,14.877724,0.690066,12.863317,12.179346,16.323867,2.937955,15.699899,7.462728,5.805125, ,10.666598,16.020390,14.966688,4.316735,10.757087,7.033254,1.581139,11.635930,0.368902,19.264869,25.868081, ,8.996586,1.443092, ,3.487061,3.861583,16.021852,13.303884,1.792286,4.825404,2.760262,8.051892,5.867036,6.365379,2.309280,6.376384,7.690036, ,1.326650,14.925389,17.591796,1.430878,5.007311,2.648728,1.136993,0.000000,14.179625,3.972942,7.422408,20.155101,7.228505,3.394867,3.191902, ,11.862044,5.959991, ,13.950271,24.782637,1.802062,26.379733,3.916686,13.487164,9.674733,11.954534, ,28.773968,25.651258,7.031461, ,17.257749,7.916018,28.384646, ,7.458848,1.671978,11.647879,16.618781,16.001269,14.109031,9.152601,12.360174,20.453456,20.492034,14.320820,20.536858,17.512284,17.614979,2.004258,12.256877,20.469658,0.000000,15.929164, ,20.484234,1.874600,34.765613,6.671469,39.039083,33.938962,18.485819,37.283458,17.494438,20.695065,17.860395,24.403695,21.996268,36.383836,1.166821,29.919629,36.212738,39.511007,2.868819,3.622690,4.148293,1.641718,1.945835,4.443917, , ,3.353827,3.065677,0.000000, ,1.025978, ,0.877058,1.835388,19.388415,22.159432,20.607956,9.717158,18.289136,5.014491,13.410866,12.929145,9.304079,15.233635,22.972090,3.262215, ,9.905707,4.743416, ,4.374042,15.234355,10.599859,7.541965,14.559389,16.805740,3.703020,11.832398,10.543746,13.260903,1.350657,16.625176,10.077288,10.795578,8.747828,12.484349,11.055667,1.069045,5.691048,9.732422,8.077835,14.026024,15.640545,15.773501,5.921711,1.160179,21.159039,18.568620,14.226668, ,7.368679,2.828427,10.214278,20.419481,21.854518,15.734315,18.336553,12.346472,8.221699, , ,6.077423,8.091147,11.918784,16.181511,15.509365,11.389896,18.089043,13.231224,11.139079,8.670958,11.729924,9.580358,8.919750,14.394792,3.341203,3.835847,9.063907,6.035233,7.628851, ,11.339660,2.192008,13.358716,2.730651,4.015947,9.490066,3.245973,6.743995,4.291197,5.579401,7.193745,6.696792,5.489586,3.693369,2.991534,6.599280,3.911125,3.926002,1.224745,12.410856,19.022696,8.306131,2.408319,13.498264,8.525678,16.443778,9.821315,14.695325,15.375410,12.969919,10.414108,16.131464,6.672923,9.822724, ,16.088210,17.458502,16.931080,13.683108,14.750129,17.974514,14.286094,13.847014,18.152967,17.618134,7.542776,2.981857,17.151056,18.754579,9.997118,22.484027,1.302573,1.915638,2.028328,2.346104,1.070624,1.516179,2.184420,1.108932, ,1.055516,1.711061,0.619139, , ,1.723783, ,13.518242,18.702428,11.110408,7.372634,16.037456,2.526526,7.619812,9.739069,22.098135,6.776676,4.795832,16.657412,13.862658,23.773459,13.235432,19.810531,14.054124,13.463184,11.562813,12.850741,9.401277,13.167951,15.227556,12.578382,5.651653,10.675475,13.953278,13.055709,13.871152,9.873344,3.853643,14.127096,12.749412,16.909464,5.178381,16.811566,17.178061,17.521955,16.149079,15.165167,8.138316,13.453452,18.329795,17.859489,19.962699,20.091645,17.428343,16.816963,10.457178,18.453589,11.539134, ,14.373941, ,22.346520,18.187627, ,13.383504,15.886117,6.270275,20.889076,25.024154,19.893426,20.860791,15.740080,9.408481,16.079247,6.963256,13.023028,10.383651,9.599803,13.606835,4.070217,10.248028,11.780295,6.782330,15.319983,12.911826,15.055443,13.475911,31.562315,9.157310,23.978737,12.098594,7.265214,20.967792,4.721319,23.499311,20.632961, ,24.587417,6.795888,12.918157,4.912672,8.453365,22.614442,14.003164,10.029594,10.779077,29.536170,33.278824,34.291241,18.120489,32.625337,34.991066,33.833802,27.044196,4.473802,14.471647,24.827828,10.594587,20.743968
    Mean ISI within Burst - Avg (sec),0.012547,0.007554,0.006312,0.016372,0.012101,0.013999,0.023558,0.018074,0.012677,0.015266, , ,0.022280,0.025320, ,0.029189,0.015253,0.012644,0.009716,0.013387, ,0.011657,0.011489,0.010541,0.014719,0.021133,0.013379,0.010785,0.015601,0.011011,0.010031,0.007448,0.012261,0.010626,0.017187,0.011829,0.009302,0.009937,0.010462,0.007215,0.008459,0.012926,0.008922,0.008582,0.010560,0.008986, ,0.010893,0.009907,0.010079,0.008462,0.007591,0.011977,0.008174, ,0.010966, ,0.008429,0.008589,0.007941,0.014295,0.010702,0.014791,0.007854,0.006073,0.009285,0.006954,0.005503,0.010475,0.005314,0.007302,0.008616,0.005593,0.008516,0.008985,0.009590,0.010602,0.008158,0.010294,0.012074,0.006106,0.007481,0.014769,0.011617,0.006323,0.008141,0.011273,0.007402,0.012456,0.007211,0.007971,0.008671,0.008288,0.010259,0.005679,0.006287,0.012592,0.006876,0.013341,0.009167,0.013016,0.006325,0.007285,0.007814,0.006120,0.010443,0.007641,0.009072,0.010316,0.008704,0.011715,0.014574, ,0.012083,0.013876,0.016168,0.009162, ,0.010415,0.010842,0.004080,0.016556,0.012228,0.018948, ,0.018736,0.024171,0.013236,0.004585,0.004717,0.005072,0.008483,0.005651,0.006602,0.004478,0.004892,0.007466,0.006788,0.009477,0.006904,0.014452,0.013772,0.010475,0.006765,0.006016,0.005349,0.006039,0.009367,0.004648,0.007127,0.006959,0.005171,0.007047,0.005172,0.005231,0.004644,0.005922,0.008807,0.005142, ,0.004963,0.006560,0.006250,0.006373,0.008731,0.007078,0.014692,0.006129,0.013021,0.012462,0.010884,0.008125,0.010997, ,0.009039,0.017239,0.005406,0.004091,0.004657,0.004727,0.004260,0.004276,0.007728,0.005873,0.017700,0.004853,0.010987,0.010691,0.010495,0.017084,0.004547,0.004133,0.006598,0.005621,0.006724, ,0.006060,0.005189,0.004910,0.005445,0.008263,0.006793,0.006483,0.006495,0.005381,0.007403,0.014845,0.007877,0.021173,0.004754,0.004525,0.004577,0.004386,0.005388,0.004326,0.004253,0.004530,0.006417,0.004226,0.005236,0.007574,0.006063,0.006996,0.003978,0.005154,0.004910,0.004552,0.006718,0.006683,0.004696,0.006318,0.005045,0.004882,0.004646,0.004454,0.010576,0.005292,0.005116,0.004980, ,0.005111,0.004631,0.012364,0.005259,0.005707,0.005123,0.005141,0.006130,0.006631,0.005288,0.005143,0.004803,0.005336,0.005344,0.004806,0.006162,0.003244,0.002981,0.003089,0.003221,0.004053,0.003435,0.003151,0.007255,0.003628,0.004069,0.004723,0.003798,0.003662,0.003794,0.006640, ,0.008105,0.007659, ,0.006428,0.006728,0.005012,0.006516,0.008360,0.005357,0.004886,0.029756,0.004715,0.011676,0.004778,0.005617,0.019216,0.005386,0.004842,0.005317,0.005710,0.004619,0.009876,0.007007,0.005028,0.011084,0.006845,0.011269,0.011511,0.004294,0.005390,0.005336,0.004669,0.007780,0.005425,0.004824,0.007524,0.005502,0.007301,0.005766,0.024995, ,0.011960,0.005164,0.009395,0.009219,0.009383,0.005398,0.005813,0.007332,0.020907,0.007796,0.003841,0.004988,0.005727,0.006280,0.007010,0.003657,0.003866,0.004985,0.031737,0.007257,0.004629,0.004860,0.003662,0.005054,0.005195,0.007440,0.005418,0.005211,0.005154,0.005516,0.009736,0.006189,0.004665,0.011300,0.006796,0.006359, ,0.005902,0.004688,0.025941,0.004418,0.004989,0.005894,0.003496,0.003290,0.004221,0.003576,0.012778,0.005871,0.005150,0.004631,0.020244,0.030703,0.004817,0.012893,0.004767,0.004890,0.004455,0.007090,0.004132,0.003945,0.003957,0.004209,0.005182,0.004571,0.008572,0.004617,0.004237,0.005121,0.003725,0.003892,0.006497,0.005481,0.004333,0.004420,0.007753,0.005310,0.006114,0.006849, ,0.007296,0.004325,0.004288,0.011372,0.004944,0.012106,0.014106,0.005514,0.006231,0.003955,0.009308, ,0.006543,0.006779,0.015400,0.005819,0.006351,0.005702,0.017823,0.005217,0.007607,0.028292,0.007991,0.004540,0.007143,0.005911,0.005740,0.014176, ,0.011185,0.005225,0.004289,0.007992,0.004832,0.005128,0.008231,0.006178,0.006087,0.004650,0.004763,0.004008,0.006384,0.005888,0.005823, ,0.005784,0.004594, ,0.003912,0.004133,0.005363,0.003325,0.008668,0.003816,0.005488,0.004652, ,0.003411,0.003591,0.005044, ,0.004925,0.007350,0.004129, ,0.004378,0.006332,0.004719,0.005335,0.004588,0.003846,0.004127,0.004294,0.003549,0.003574,0.003759,0.003362,0.004397,0.003972,0.005960,0.004674,0.003465,0.003800,0.005266, ,0.004331,0.006906,0.003569,0.006659,0.003529,0.003340,0.004712,0.003350,0.004428,0.005328,0.009216,0.003782,0.005704,0.003540,0.007049,0.004015,0.003354,0.003144,0.007161,0.004160,0.005982,0.006512,0.007247,0.004368, , ,0.007149,0.006133,0.013320, ,0.008962, ,0.012224,0.009664,0.005341,0.004043,0.005361,0.006011,0.007086,0.006454,0.004124,0.004815,0.005690,0.007246,0.004179,0.006512, ,0.007783,0.011645, ,0.006912,0.004624,0.005908,0.008305,0.005570,0.007264,0.008412,0.010898,0.008253,0.007103,0.014350,0.007535,0.011535,0.007616,0.008770,0.013263,0.005368,0.008878,0.005249,0.005678,0.006199,0.006497,0.006608,0.005138,0.008969,0.009315,0.008073,0.006991,0.005542, ,0.007982,0.014710,0.005675,0.005268,0.004766,0.005281,0.004747,0.006020,0.006774, , ,0.007602,0.006715,0.008668,0.004556,0.006364,0.006015,0.005852,0.007991,0.005478,0.012732,0.005280,0.007533,0.005743,0.005190,0.013674,0.006191,0.008520,0.005400,0.005798, ,0.007251,0.006145,0.006809,0.007625,0.006467,0.004856,0.008409,0.005713,0.005980,0.006677,0.005825,0.005856,0.007372,0.008232,0.012811,0.005500,0.008378,0.007201,0.026706,0.004375,0.004997,0.004246,0.006949,0.004346,0.005541,0.004726,0.005808,0.004851,0.005013,0.005965,0.007095,0.004446,0.014988,0.005882, ,0.004724,0.004220,0.004291,0.004692,0.004407,0.004185,0.005006,0.005123,0.004267,0.005254,0.006251,0.006785,0.004699,0.004284,0.008986,0.004949,0.005541,0.004276,0.003942,0.010048,0.009465,0.006701,0.004339,0.004367, ,0.006439,0.007759,0.008177, ,0.015260,0.008252,0.026432,0.011623,0.006319,0.005800,0.006288,0.009800,0.011473,0.006073,0.008375,0.005063,0.005468,0.008775,0.005186,0.005090,0.004351,0.006327,0.006060,0.005719,0.004074,0.005385,0.005172,0.005046,0.004856,0.005899,0.005063,0.013853,0.005580,0.004796,0.006929,0.004969,0.007715,0.008646,0.005711,0.005110,0.004190,0.005617,0.003857,0.004810,0.004835,0.004328,0.004908,0.006164,0.004777,0.005359,0.004642,0.005499,0.006260,0.004958,0.004771,0.006500,0.004860,0.006434, ,0.007586, ,0.004896,0.005899, ,0.006691,0.009156,0.005754,0.004911,0.007562,0.004813,0.004880,0.004136,0.004118,0.005056,0.009960,0.004085,0.004627,0.004300,0.004031,0.022035,0.004485,0.005002,0.007272,0.004772,0.004442,0.004661,0.005491,0.010441,0.010648,0.004089,0.008470,0.029265,0.003998,0.015792,0.005628,0.004601,0.047394,0.005247,0.008831,0.007158,0.011503,0.008582,0.006015,0.006581,0.006392,0.010914,0.004574,0.004636,0.004567,0.004673,0.004667,0.005260,0.005205,0.004877,0.008608,0.008935,0.005323,0.007781,0.005553
    Mean ISI within Burst - Std (sec),0.003039,0.001442,0.001225,0.005475,0.002959,0.003535,0.002997,0.006330,0.003371,0.003948, , ,0.003284,0.001893, , ,0.003605,0.002892,0.001300,0.004377, ,0.002239,0.003067,0.001907,0.003055, ,0.003343,0.002395,0.007595,0.002381,0.001991,0.001258,0.004062,0.003145,0.006792,0.003789,0.003053,0.003441,0.003116,0.001443,0.002514,0.003507,0.002111,0.002816,0.003364,0.001906, ,0.002521,0.003566,0.002877,0.002153,0.002173,0.004828,0.002108, ,0.003861, ,0.002360,0.002452,0.002093,0.006256,0.004420,0.003979,0.002325,0.001565,0.003568,0.002398,0.001465,0.002357,0.001096,0.001746,0.002905,0.001750,0.001726,0.003110,0.002243,0.003732,0.002547,0.003934,0.005016,0.000715,0.001035,0.002659,0.002061,0.000849,0.001064,0.001798,0.001073,0.003853,0.000930,0.001169,0.001158,0.001306,0.001905,0.000584,0.000767,0.002230,0.001014,0.002607,0.001639,0.005999,0.000818,0.001096,0.001369,0.000743,0.001627,0.001126,0.001526,0.001681,0.001344,0.001866,0.002034, ,0.002882,0.002440,0.009690,0.001741, ,0.001899,0.002207, ,0.003957,0.002860,0.005034, ,0.004805, ,0.003259,0.002262,0.002519,0.002240,0.004934,0.003495,0.002949,0.000877,0.001369,0.003445,0.005163,0.002147,0.001051,0.005147,0.007575,0.004635,0.002137,0.002402,0.002167,0.002168,0.010095,0.001703,0.004038,0.003495,0.002461,0.004887,0.002189,0.001757,0.001387,0.002523,0.004388,0.002162, ,0.001771,0.002018,0.002868,0.002470,0.003350,0.004335,0.008856,0.004434,0.005194,0.004997,0.003338,0.003136,0.006187, ,0.003515,0.009188,0.003300,0.001344,0.002138,0.001619,0.001488,0.001415,0.011544,0.004256,0.007021,0.001472,0.010236,0.007091,0.014340,0.027495,0.001522,0.001404,0.003304,0.002404,0.004433, ,0.002653,0.001888,0.001625,0.002263,0.005692,0.003120,0.003047,0.002271,0.001926,0.003106,0.011168,0.003647,0.016329,0.001744,0.001733,0.002468,0.001934,0.002585,0.001037,0.001763,0.001919,0.002401,0.001768,0.003768,0.006717,0.003797,0.004372,0.001436,0.001967,0.002143,0.001354,0.003371,0.003945,0.001880,0.006006,0.002188,0.001539,0.002232,0.002623,0.005651,0.003534,0.001755,0.002887, ,0.001497,0.001804,0.005772,0.002777,0.003121,0.002373,0.002854,0.003236,0.003365,0.002384,0.002783,0.002200,0.002724,0.001923,0.002126,0.003526,0.000454,0.000272,0.000290,0.000664, ,0.000537,0.000485,0.000865,0.000638,0.000906,0.001804,0.001101,0.000716,0.000663,0.003221, ,0.004225,0.003413, ,0.002130,0.002393,0.001717,0.002898,0.004036,0.001642,0.001614,0.024890,0.001479,0.008235,0.001372,0.002279,0.018531,0.001896,0.001405,0.001798,0.001994,0.000858,0.003617,0.002860,0.001075,0.008686,0.003607,0.007403,0.009561,0.000934,0.002278,0.001195,0.001427,0.004116,0.002093,0.001223,0.003404,0.001743,0.003110,0.002445,0.039463, ,0.006046,0.001368,0.006089,0.002163,0.004763,0.001559,0.001893,0.009763,0.031544,0.011171,0.001700,0.003554,0.004900,0.005441,0.004546,0.000941,0.001447,0.001837,0.036629,0.008623,0.003666,0.004025,0.001172,0.001935,0.002453,0.003713,0.002381,0.002230,0.002019,0.002324,0.008247,0.006157,0.001737,0.009328,0.003984,0.003593, ,0.003270,0.001796,0.030870,0.002020,0.003515,0.005422,0.001390,0.000748,0.002262,0.001038,0.014013,0.005658,0.003408,0.002398,0.026029,0.019672,0.002409,0.011424,0.001494,0.002042,0.001245,0.002964,0.001120,0.000968,0.000856,0.001190,0.001389,0.001502,0.003932,0.001510,0.001118,0.001515,0.000715,0.000944,0.002800,0.000966,0.000795,0.001308,0.002700,0.001027,0.001101,0.001816, ,0.001837,0.000698,0.002254,0.005486,0.001056,0.005799,0.020191,0.003327,0.001336,0.001928,0.004889, ,0.004120,0.001285, ,0.005701,0.007279,0.002641,0.010851,0.000615,0.003097,0.028234,0.006777,0.003419,0.005378,0.001624,0.003988,0.013774, ,0.011511,0.003675,0.002568,0.002304,0.001703,0.003443,0.002782,0.000840,0.003953,0.003136,0.004746,0.001598,0.004947,0.005103,0.003031, ,0.004529,0.004146, ,0.002325,0.001295,0.001212,0.000901,0.013222,0.002415,0.004461,0.001689, ,0.000555,0.001134,0.004424, ,0.002187,0.006032,0.001103, ,0.003282,0.001314,0.003062,0.002481,0.002263,0.001397,0.001770,0.001554,0.000554,0.000754,0.001047,0.000567,0.001232,0.001186,0.006884,0.001937,0.000585,0.000283,0.001860, ,0.001207,0.006008,0.001139,0.008247,0.000901,0.001208,0.002980,0.001055,0.002837,0.002941,0.007770,0.001882,0.002572,0.001125,0.007016,0.001497,0.001096,0.000515,0.001722,0.000730,0.004301,0.001444,0.001869,0.000979, , ,0.004975,0.001463,0.001499, ,0.002371, ,0.005854,0.001457,0.002596,0.000868,0.002979,0.003002,0.004345,0.002777,0.000990,0.000893,0.001994,0.007267,0.001216,0.002230, ,0.001938,0.004485, ,0.004726,0.001397,0.002732,0.003843,0.002275,0.003577,0.003531,0.006329,0.004670,0.003118,0.002774,0.004118,0.005318,0.003435,0.004821,0.008162,0.002499,0.003957,0.001410,0.003050,0.002549,0.002475,0.005057,0.001781,0.001840,0.002213,0.002326,0.002395,0.002067, ,0.002543,0.003710,0.002717,0.001696,0.001421,0.001733,0.001532,0.001953,0.002906, , ,0.006578,0.002918,0.003842,0.001366,0.002768,0.002121,0.001920,0.004404,0.002243,0.007247,0.002164,0.003690,0.002881,0.002027,0.005229,0.003290,0.004059,0.002779,0.002962, ,0.003839,0.002573,0.003326,0.003523,0.003029,0.001500,0.003644,0.002149,0.002334,0.002409,0.002068,0.002246,0.003647,0.003267,0.004961,0.002415,0.002575,0.002429,0.004538,0.002097,0.003152,0.001086,0.002183,0.001623,0.003081,0.002123,0.002221,0.002091,0.002024,0.003964,0.005047,0.001456,0.012135,0.003613, ,0.001791,0.001264,0.001398,0.001729,0.001326,0.001586,0.002024,0.002575,0.001805,0.002190,0.003899,0.003037,0.001766,0.001397,0.004394,0.002001,0.001133,0.000772,0.000659,0.005824,0.002799,0.001308,0.000755,0.000611, ,0.001307,0.005916,0.001901, , ,0.001801, ,0.007000,0.001295,0.002191,0.003170,0.005405,0.008378,0.002552,0.006074,0.001477,0.001566,0.003990,0.002031,0.001763,0.001602,0.001528,0.004480,0.002661,0.001351,0.003249,0.002362,0.002524,0.001467,0.002459,0.001962,0.010297,0.002534,0.001443,0.002884,0.001927,0.003655,0.004835,0.002865,0.001870,0.001165,0.001644,0.000917,0.002164,0.002327,0.001140,0.001778,0.002636,0.001670,0.001985,0.001312,0.001783,0.002150,0.001833,0.001557,0.003952,0.002290,0.003333, ,0.004526, ,0.002385,0.002779, ,0.005544,0.004567,0.001901,0.001681,0.004327,0.002613,0.001698,0.001504,0.001552,0.001771,0.007131,0.001270,0.001651,0.001529,0.001240,0.029182,0.001347,0.001744,0.003221,0.001607,0.001436,0.001405,0.001672,0.004504,0.009896,0.000989,0.006668,0.031962,0.001323,0.013691,0.002087,0.001914, ,0.001621,0.004043,0.005327,0.008914,0.002825,0.002385,0.002289,0.002357,0.007080,0.001007,0.001162,0.001186,0.001586,0.001039,0.001296,0.001455,0.001497,0.003904,0.002443,0.001644,0.002595,0.001781
    Median ISI within Burst - Avg (sec),0.004869,0.003918,0.003483,0.004057,0.004919,0.005419,0.005551,0.004628,0.005248,0.007585, , ,0.016823,0.023432, ,0.019040,0.005614,0.003894,0.004505,0.003678, ,0.003651,0.003551,0.003613,0.008202,0.003080,0.005101,0.004419,0.003800,0.006758,0.007073,0.003581,0.003534,0.004159,0.006448,0.003392,0.004209,0.004929,0.003492,0.003927,0.004046,0.006826,0.004728,0.003727,0.005667,0.005801, ,0.005689,0.003384,0.003912,0.003592,0.003743,0.003393,0.003628, ,0.004144, ,0.003427,0.003648,0.003836,0.005992,0.003588,0.004769,0.003962,0.003457,0.003100,0.003244,0.003191,0.005373,0.003362,0.003830,0.003875,0.003075,0.003751,0.003329,0.003933,0.003507,0.003561,0.004136,0.003593,0.003468,0.003415,0.004206,0.003969,0.003625,0.004510,0.003464,0.004206,0.003380,0.003559,0.003658,0.004947,0.004456,0.005073,0.003500,0.003556,0.003251,0.003269,0.003599,0.003697,0.003876,0.003285,0.003986,0.004010,0.003444,0.003848,0.003575,0.003622,0.003905,0.004755,0.004315,0.005676, ,0.006065,0.004110,0.004205,0.003518, ,0.003737,0.004974,0.003000,0.004910,0.004408,0.006960, ,0.004420,0.004800,0.004209,0.003433,0.003529,0.003846,0.006586,0.003954,0.005067,0.003376,0.003643,0.005253,0.005252,0.007555,0.005239,0.010543,0.014931,0.007768,0.004963,0.004916,0.004212,0.005127,0.006783,0.003782,0.005643,0.006107,0.004242,0.005181,0.003894,0.004120,0.003749,0.004705,0.006773,0.004183, ,0.003731,0.005454,0.005063,0.004843,0.007055,0.005006,0.008865,0.004171,0.011956,0.009662,0.009493,0.005744,0.007927, ,0.007502,0.010945,0.004583,0.003382,0.003854,0.004042,0.003564,0.003439,0.006188,0.004734,0.014456,0.004091,0.008670,0.007631,0.006673,0.010694,0.003730,0.003330,0.005185,0.004580,0.005048, ,0.004978,0.003976,0.003907,0.004298,0.007784,0.005540,0.005411,0.005401,0.004484,0.005725,0.010521,0.006487,0.017487,0.003940,0.003729,0.003630,0.003593,0.004632,0.003617,0.003406,0.003583,0.005363,0.003219,0.004405,0.005471,0.004985,0.005923,0.003270,0.004342,0.003927,0.003772,0.005711,0.005532,0.003905,0.005366,0.004163,0.004105,0.003828,0.003752,0.007544,0.004265,0.004182,0.003879, ,0.004315,0.003376,0.009434,0.003953,0.004184,0.003469,0.003655,0.004764,0.004548,0.003871,0.003769,0.003575,0.003823,0.003773,0.003546,0.004339,0.002896,0.002783,0.002810,0.002910,0.004080,0.003005,0.002862,0.004571,0.003187,0.003537,0.003837,0.003229,0.003090,0.003296,0.004917, ,0.004098,0.005021, ,0.003906,0.003844,0.003096,0.003886,0.004503,0.003131,0.003076,0.011147,0.003184,0.005171,0.003000,0.003432,0.008334,0.003409,0.003173,0.003697,0.003523,0.003020,0.005682,0.004017,0.003190,0.004903,0.003621,0.005593,0.004629,0.002909,0.003475,0.003405,0.003173,0.003751,0.003235,0.002942,0.003890,0.003057,0.003553,0.003464,0.009448, ,0.005621,0.002904,0.003847,0.004785,0.004265,0.003166,0.002992,0.003776,0.005104,0.004121,0.002961,0.003301,0.003333,0.003724,0.004102,0.002960,0.003010,0.003460,0.006187,0.003748,0.003235,0.003400,0.002912,0.003096,0.003023,0.003427,0.003175,0.003038,0.002997,0.003347,0.004021,0.004079,0.002927,0.004563,0.003576,0.003545, ,0.003316,0.002971,0.005134,0.003540,0.003678,0.003690,0.002896,0.002915,0.003243,0.002982,0.004568,0.003546,0.003509,0.003490,0.004533,0.007221,0.003584,0.007213,0.003141,0.003031,0.003038,0.003480,0.002911,0.002912,0.002867,0.002874,0.003403,0.002983,0.004852,0.003005,0.003076,0.003327,0.002815,0.002802,0.005411,0.003714,0.003356,0.003439,0.006918,0.003606,0.005168,0.005088, ,0.004373,0.003364,0.003239,0.009262,0.003608,0.009533,0.012196,0.004503,0.005761,0.003310,0.008847, ,0.005273,0.006366,0.015560,0.004710,0.005157,0.004726,0.013598,0.004861,0.006712,0.023794,0.006720,0.003457,0.006052,0.004908,0.004113,0.010848, ,0.007853,0.003803,0.003666,0.006603,0.003771,0.004354,0.006743,0.005973,0.004720,0.003741,0.003838,0.003412,0.004877,0.004659,0.004662, ,0.004715,0.003753, ,0.003301,0.003698,0.004906,0.002964,0.005752,0.003346,0.004542,0.004110, ,0.002955,0.003180,0.003753, ,0.004230,0.005900,0.003411, ,0.003734,0.005571,0.004073,0.004866,0.003931,0.003243,0.003438,0.003368,0.003007,0.002996,0.003113,0.002971,0.003704,0.003165,0.004508,0.003990,0.002963,0.004080,0.004403, ,0.003786,0.005281,0.003019,0.005579,0.002999,0.002950,0.004068,0.002941,0.003929,0.004593,0.007416,0.003193,0.004937,0.003101,0.006011,0.003503,0.002961,0.002835,0.005347,0.003512,0.004732,0.005634,0.005548,0.003754, , ,0.005791,0.005052,0.008340, ,0.008089, ,0.009877,0.009192,0.004115,0.003242,0.004024,0.003923,0.004545,0.005441,0.003450,0.004205,0.004947,0.005990,0.003297,0.005505, ,0.006012,0.008374, ,0.005081,0.003566,0.004317,0.006641,0.004066,0.005661,0.007200,0.008666,0.006087,0.005328,0.012912,0.005613,0.010668,0.005851,0.006275,0.009794,0.004423,0.008011,0.004438,0.004451,0.004754,0.005726,0.004840,0.004024,0.008564,0.008200,0.006304,0.006434,0.004138, ,0.006441,0.012776,0.004548,0.004180,0.003743,0.004248,0.003739,0.004777,0.005606, , ,0.005769,0.005845,0.006768,0.003510,0.004545,0.004849,0.004230,0.005420,0.004034,0.007837,0.004031,0.004696,0.004715,0.003734,0.011916,0.004987,0.007504,0.004121,0.004719, ,0.005916,0.005312,0.005455,0.006370,0.005159,0.003682,0.006832,0.004249,0.004968,0.005203,0.004385,0.004702,0.005787,0.007121,0.009107,0.004192,0.007331,0.006474,0.017904,0.003535,0.003749,0.003498,0.006098,0.003456,0.004315,0.003600,0.004234,0.003857,0.003851,0.004452,0.005407,0.003430,0.012411,0.004602, ,0.003702,0.003453,0.003411,0.003975,0.003628,0.003306,0.003832,0.004009,0.003227,0.004358,0.004620,0.005179,0.003845,0.003300,0.007228,0.003966,0.004383,0.003248,0.003101,0.005568,0.007145,0.005827,0.003849,0.003346, ,0.004922,0.005185,0.007407, ,0.010840,0.006811,0.023120,0.008632,0.004520,0.004358,0.004812,0.007523,0.008192,0.004295,0.005814,0.003991,0.004520,0.006253,0.003809,0.003751,0.003121,0.004750,0.004111,0.004370,0.003223,0.004179,0.004032,0.003759,0.004068,0.004239,0.003781,0.009767,0.004260,0.003703,0.005348,0.003742,0.006654,0.006665,0.004211,0.003825,0.003338,0.004620,0.003175,0.003576,0.003673,0.003309,0.003833,0.005025,0.003858,0.004021,0.003571,0.004130,0.004882,0.003722,0.003802,0.005198,0.003807,0.005398, ,0.006011, ,0.003973,0.004694, ,0.005305,0.007975,0.004806,0.003944,0.006256,0.003739,0.003672,0.003333,0.003323,0.003906,0.006729,0.003302,0.003580,0.003390,0.003262,0.014047,0.003629,0.003825,0.006188,0.003697,0.003607,0.003582,0.004397,0.009113,0.007854,0.003307,0.007034,0.017060,0.003255,0.012184,0.004474,0.003596,0.024480,0.004256,0.007241,0.005902,0.008138,0.007199,0.004795,0.004488,0.004295,0.007420,0.003415,0.003255,0.003433,0.003483,0.003298,0.003598,0.003487,0.003481,0.005615,0.006670,0.003679,0.005245,0.003536
    Median ISI within Burst - Std (sec),0.001455,0.000553,0.000488,0.001232,0.001278,0.001678,0.002170,0.001788,0.001397,0.002195, , ,0.005829,0.002626, , ,0.003290,0.000736,0.000903,0.000745, ,0.000601,0.000562,0.000563,0.003178, ,0.001384,0.000997,0.000682,0.001608,0.001581,0.000429,0.000587,0.000837,0.002779,0.000471,0.002647,0.000775,0.000593,0.000607,0.000736,0.001795,0.001326,0.000643,0.001351,0.001072, ,0.001648,0.000500,0.000792,0.000575,0.000340,0.000621,0.000497, ,0.000980, ,0.000472,0.000573,0.000577,0.002251,0.000720,0.001526,0.000559,0.000504,0.000318,0.000393,0.000300,0.001466,0.000317,0.000703,0.000946,0.000252,0.000695,0.000500,0.000861,0.000550,0.000574,0.001104,0.000645,0.000385,0.000440,0.000954,0.001055,0.000608,0.001162,0.000560,0.000677,0.000616,0.000462,0.000477,0.000920,0.001131,0.001391,0.000312,0.000390,0.000428,0.000305,0.000697,0.000713,0.001209,0.000284,0.000565,0.000822,0.000335,0.000700,0.000442,0.000726,0.000781,0.000970,0.001152,0.001366, ,0.001072,0.000814,0.000980,0.000540, ,0.000517,0.000892, ,0.001190,0.000817,0.001769, ,0.001440, ,0.000662,0.000849,0.000987,0.001171,0.004264,0.001649,0.002030,0.000499,0.000824,0.001628,0.003352,0.002911,0.001143,0.003197,0.008989,0.003023,0.001064,0.001867,0.001616,0.001727,0.004229,0.001467,0.002697,0.002681,0.001631,0.003903,0.001286,0.001428,0.001032,0.001816,0.002877,0.001961, ,0.001003,0.001793,0.002825,0.002072,0.002327,0.002463,0.004042,0.001435,0.004080,0.002108,0.002697,0.002035,0.002024, ,0.001702,0.004245,0.002338,0.000964,0.001399,0.001705,0.000946,0.000758,0.005965,0.001748,0.006360,0.001335,0.005724,0.002863,0.003281,0.012897,0.001110,0.000745,0.001761,0.001449,0.001866, ,0.001745,0.001249,0.001202,0.001620,0.005844,0.002431,0.002110,0.001998,0.001568,0.001882,0.006732,0.002654,0.013953,0.001175,0.001150,0.001265,0.000940,0.001989,0.000814,0.000955,0.000992,0.001658,0.000648,0.002387,0.002369,0.002716,0.003305,0.000786,0.001356,0.001236,0.001110,0.002538,0.002813,0.001447,0.005331,0.001746,0.001352,0.001222,0.001854,0.002991,0.002085,0.001486,0.001653, ,0.001320,0.000791,0.003475,0.001626,0.001672,0.001030,0.001246,0.002038,0.001938,0.001212,0.001471,0.001114,0.001214,0.000947,0.000961,0.002181,0.000192,0.000123,0.000139,0.000242, ,0.000307,0.000178,0.001257,0.000403,0.000595,0.000767,0.000529,0.000365,0.000452,0.001668, ,0.000998,0.001488, ,0.000752,0.000642,0.000387,0.001113,0.001292,0.000316,0.000247,0.004574,0.000319,0.002710,0.000293,0.000495,0.004805,0.000438,0.000299,0.000622,0.000472,0.000226,0.001820,0.000794,0.000303,0.001531,0.000588,0.002066,0.001159,0.000194,0.000541,0.000526,0.000350,0.000928,0.000349,0.000167,0.000728,0.000323,0.000640,0.000509,0.017202, ,0.002069,0.000179,0.000858,0.001654,0.001093,0.000216,0.000234,0.001470,0.003330,0.001107,0.000251,0.000639,0.000652,0.001167,0.001461,0.000216,0.000344,0.000534,0.004201,0.001230,0.000705,0.000650,0.000221,0.000306,0.000281,0.000500,0.000347,0.000255,0.000237,0.000526,0.001046,0.006040,0.000195,0.001514,0.000632,0.000580, ,0.000436,0.000205,0.001830,0.000575,0.000874,0.000899,0.000357,0.000175,0.000409,0.000233,0.001686,0.000891,0.000794,0.000615,0.001861,0.003162,0.000705,0.003022,0.000371,0.000318,0.000250,0.000616,0.000223,0.000211,0.000131,0.000178,0.000575,0.000259,0.001400,0.000240,0.000241,0.000578,0.000137,0.000146,0.002478,0.000587,0.000489,0.000834,0.002683,0.000541,0.001177,0.001447, ,0.001167,0.000382,0.000534,0.005339,0.000552,0.006245,0.018586,0.002995,0.001216,0.001239,0.004830, ,0.003099,0.001208, ,0.004008,0.004790,0.002176,0.007402,0.000637,0.001702,0.023106,0.006093,0.002088,0.003960,0.001248,0.002398,0.009515, ,0.003285,0.001673,0.001817,0.002129,0.000918,0.002922,0.001229,0.002059,0.002534,0.001797,0.002475,0.000937,0.002427,0.002655,0.002554, ,0.003058,0.002455, ,0.001541,0.001025,0.001213,0.000447,0.005403,0.001542,0.002960,0.001345, ,0.000284,0.000667,0.001331, ,0.001915,0.004881,0.000681, ,0.001737,0.001554,0.002155,0.002249,0.001660,0.000797,0.000927,0.000701,0.000217,0.000329,0.000497,0.000295,0.000932,0.000599,0.001701,0.001362,0.000274,0.000566,0.001334, ,0.000883,0.001992,0.000449,0.006204,0.000412,0.000572,0.002344,0.000354,0.002398,0.002521,0.005892,0.000961,0.002397,0.000692,0.004599,0.001092,0.000482,0.000172,0.001759,0.000613,0.003193,0.001205,0.001581,0.000944, , ,0.003186,0.001434,0.000707, ,0.001885, ,0.003556,0.001518,0.001766,0.000632,0.002355,0.001155,0.002452,0.002183,0.000632,0.000829,0.001304,0.004658,0.000758,0.001540, ,0.001494,0.004145, ,0.003019,0.000760,0.001837,0.002419,0.001281,0.002168,0.002875,0.004129,0.002601,0.002299,0.002406,0.002521,0.004506,0.002433,0.002373,0.003680,0.001936,0.002938,0.001538,0.001835,0.001843,0.002450,0.004346,0.001271,0.001252,0.002636,0.002409,0.002478,0.001270, ,0.002197,0.003064,0.001748,0.001308,0.001036,0.001383,0.001121,0.001882,0.001777, , ,0.002835,0.001712,0.002585,0.000696,0.001568,0.001664,0.001256,0.002564,0.001407,0.003687,0.001421,0.001409,0.002315,0.001254,0.003338,0.002386,0.003971,0.001432,0.001842, ,0.003124,0.002463,0.002157,0.003117,0.002398,0.000933,0.002618,0.001432,0.001904,0.001960,0.001372,0.002183,0.002509,0.002639,0.003278,0.001338,0.001876,0.002606,0.005108,0.001235,0.001834,0.000826,0.002228,0.000809,0.001924,0.000974,0.001562,0.001234,0.001043,0.002040,0.003157,0.000753,0.010745,0.002493, ,0.001073,0.000936,0.000942,0.001405,0.001113,0.000852,0.001059,0.001700,0.000713,0.002160,0.002509,0.001366,0.001464,0.000736,0.003939,0.001442,0.001173,0.000432,0.000182,0.002068,0.002465,0.001576,0.000371,0.000416, ,0.001134,0.002485,0.002331, , ,0.001627, ,0.005157,0.001299,0.001842,0.001999,0.004823,0.006617,0.001669,0.004022,0.001742,0.001456,0.002521,0.001241,0.001126,0.000373,0.001187,0.003144,0.001673,0.000485,0.002253,0.001320,0.000990,0.001126,0.001305,0.000957,0.004614,0.001412,0.001153,0.002534,0.001226,0.002842,0.002944,0.001716,0.001219,0.000740,0.001404,0.000642,0.000988,0.001181,0.000714,0.001339,0.002284,0.001176,0.001268,0.000896,0.001129,0.001697,0.001059,0.001156,0.002507,0.001180,0.001902, ,0.002841, ,0.001708,0.001809, ,0.002942,0.003710,0.001520,0.001200,0.003024,0.001627,0.000858,0.000686,0.000551,0.001101,0.002430,0.000789,0.000755,0.000663,0.000600,0.012873,0.001089,0.001122,0.001628,0.000851,0.000820,0.000864,0.001090,0.003665,0.004350,0.000549,0.005001,0.016129,0.000638,0.007265,0.001473,0.001153, ,0.001187,0.002779,0.003729,0.003361,0.001951,0.001700,0.001809,0.001185,0.004418,0.000636,0.000621,0.000658,0.000919,0.000513,0.000790,0.000769,0.000804,0.001703,0.002329,0.000961,0.002471,0.001037
    Median/Mean ISI within Burst,0.411267,0.538660,0.572130,0.300607,0.430947,0.415104,0.241593,0.323936,0.440186,0.528433, , ,0.755005,0.930204, ,0.652310,0.373714,0.338026,0.467858,0.341981, ,0.331199,0.353390,0.356176,0.564984,0.145741,0.407578,0.424943,0.339692,0.626681,0.720040,0.492781,0.350008,0.439994,0.420094,0.342344,0.465440,0.559813,0.387026,0.567687,0.521675,0.549892,0.554408,0.487631,0.585028,0.668305, ,0.545811,0.420808,0.429428,0.458700,0.538197,0.383818,0.480099, ,0.447022, ,0.450453,0.467351,0.519247,0.506415,0.432336,0.352156,0.548714,0.612851,0.425159,0.532702,0.622799,0.539428,0.659490,0.553660,0.511495,0.604898,0.456677,0.438315,0.435280,0.403704,0.487379,0.474328,0.402081,0.575131,0.465642,0.303875,0.350706,0.579684,0.555972,0.319358,0.576534,0.341334,0.499786,0.468926,0.574902,0.544114,0.508047,0.620689,0.572539,0.275408,0.486365,0.293060,0.416834,0.425063,0.528029,0.554070,0.525344,0.569980,0.376578,0.477916,0.409879,0.387755,0.551633,0.373058,0.394529, ,0.527523,0.303811,0.449864,0.399343, ,0.375335,0.478851,0.735294,0.315578,0.379018,0.394619, ,0.258856,0.198582,0.348267,0.794742,0.809718,0.798053,0.776926,0.774109,0.795460,0.764754,0.763814,0.746085,0.817361,0.796781,0.760584,0.761284,1.072027,0.766307,0.758662,0.836536,0.807257,0.869222,0.852103,0.823450,0.818643,0.897270,0.848929,0.760000,0.788301,0.799104,0.822627,0.821305,0.792304,0.827205, ,0.777937,0.835841,0.814728,0.779306,0.827347,0.752583,0.699369,0.781370,0.938047,0.837744,0.900051,0.723035,0.783936, ,0.874590,0.711747,0.871013,0.845381,0.850787,0.847802,0.859283,0.831354,0.898178,0.867513,0.811181,0.848848,0.877001,0.782656,0.875626,0.860968,0.834625,0.834007,0.825875,0.833971,0.811287, ,0.843865,0.789153,0.813516,0.808051,0.899968,0.832685,0.853259,0.838392,0.845686,0.815090,0.779092,0.844647,0.880276,0.850091,0.847695,0.839528,0.857931,0.876959,0.850295,0.842897,0.823857,0.853816,0.809436,0.887492,0.857886,0.838212,0.861838,0.851621,0.859518,0.825502,0.840405,0.860552,0.853330,0.844840,0.865343,0.844398,0.847935,0.848169,0.861516,0.767096,0.835992,0.827562,0.809375, ,0.852641,0.773979,0.802080,0.795270,0.783295,0.743865,0.772819,0.822165,0.744921,0.778236,0.780610,0.791347,0.774447,0.745681,0.782652,0.757583,0.902537,0.938562,0.914973,0.920993,1.006579,0.883791,0.919601,0.624858,0.887178,0.883599,0.857877,0.874153,0.857792,0.877049,0.803277, ,0.581526,0.700075, ,0.642258,0.615864,0.663594,0.640310,0.594525,0.624438,0.677609,0.518199,0.715071,0.511467,0.666027,0.658896,0.580035,0.665744,0.680502,0.727575,0.647738,0.667352,0.591724,0.602890,0.650065,0.529055,0.583329,0.562955,0.488357,0.694199,0.684596,0.649114,0.702942,0.535877,0.641713,0.639540,0.558461,0.589351,0.529432,0.649334,0.637009, ,0.499967,0.592107,0.479749,0.517675,0.507267,0.619105,0.554081,0.826740,0.672081,0.839165,0.844045,0.793727,0.787868,0.752277,0.686350,0.842239,0.833969,0.747367,0.583230,0.782286,0.842322,0.848053,0.845891,0.682114,0.664367,0.546547,0.669643,0.661151,0.658106,0.671131,0.563900,0.669650,0.694906,0.540427,0.626954,0.650983, ,0.658775,0.701592,0.614971,0.861170,0.835071,0.795488,0.874857,0.909631,0.838903,0.869371,0.646959,0.781315,0.787555,0.827984,0.661313,0.398315,0.817677,0.768733,0.708473,0.682869,0.728869,0.584390,0.748878,0.772112,0.755674,0.736461,0.689628,0.715236,0.627339,0.706113,0.763349,0.685718,0.778484,0.755407,0.848676,0.687981,0.785008,0.795757,0.886214,0.690648,0.844361,0.754712, ,0.609060,0.789698,0.803612,0.819538,0.744840,0.774540,0.878839,0.811510,0.934053,0.863331,0.945088, ,0.821236,0.942881,1.010390,0.847024,0.871844,0.838281,0.813359,0.934679,0.913188,0.855544,0.845206,0.814921,0.884616,0.845595,0.751098,0.836725, ,0.840372,0.786329,0.879602,0.831486,0.797111,0.857287,0.863635,0.951842,0.810113,0.840780,0.870010,0.871518,0.800248,0.843664,0.827734, ,0.851908,0.863451, ,0.866918,0.902334,0.916703,0.908141,0.811464,0.905352,0.859144,0.896672, ,0.875158,0.901220,0.828953, ,0.865763,0.816530,0.840964, ,0.899400,0.878904,0.885945,0.916744,0.877305,0.864965,0.857825,0.811633,0.859242,0.855377,0.846678,0.893620,0.853714,0.817711,0.885418,0.868666,0.866776,1.071111,0.848124, ,0.886597,0.853438,0.873690,0.884977,0.871784,0.911035,0.884542,0.908682,0.897277,0.869494,0.836988,0.882672,0.865817,0.893100,0.904916,0.887544,0.908363,0.914222,0.745640,0.849480,0.810125,0.876101,0.778282,0.860549, , ,0.834645,0.828039,0.627110, ,0.916656, ,0.847841,0.955102,0.787642,0.810239,0.768312,0.708272,0.686918,0.858114,0.849015,0.878805,0.892974,0.863866,0.809544,0.869112, ,0.791914,0.724354, ,0.791212,0.800631,0.769730,0.839458,0.771558,0.821487,0.875006,0.840201,0.785550,0.771288,0.905919,0.789909,0.942351,0.787668,0.783906,0.797135,0.838914,0.926756,0.837350,0.805456,0.790207,0.875824,0.737261,0.801240,0.974328,0.874944,0.778603,0.914713,0.774130, ,0.814521,0.886443,0.824604,0.807909,0.805682,0.817910,0.804150,0.796699,0.859070, , ,0.835615,0.908000,0.817197,0.798422,0.750144,0.815139,0.747870,0.708560,0.770325,0.675932,0.790451,0.693808,0.837563,0.751194,0.907134,0.837087,0.873768,0.802053,0.840619, ,0.839747,0.868939,0.823498,0.848345,0.821497,0.784530,0.844542,0.768023,0.844110,0.790653,0.777570,0.804426,0.819107,0.886214,0.753628,0.804900,0.892493,0.887573,0.673511,0.844517,0.790662,0.837321,0.886799,0.831887,0.817529,0.802594,0.757607,0.829793,0.804150,0.805858,0.820440,0.803502,0.866049,0.816351, ,0.806588,0.830631,0.815697,0.857060,0.834037,0.816930,0.799138,0.806585,0.800554,0.826477,0.772329,0.799000,0.827302,0.801033,0.822027,0.818210,0.791552,0.770575,0.804488,0.667511,0.782685,0.869157,0.900361,0.773067, ,0.772097,0.748964,0.904459, ,0.710354,0.832525,0.874697,0.791093,0.717065,0.752104,0.811914,0.785863,0.752461,0.735317,0.745264,0.783387,0.829352,0.753365,0.760977,0.757471,0.769898,0.762811,0.727277,0.787142,0.821985,0.806241,0.809488,0.790647,0.848207,0.748653,0.778687,0.769124,0.787182,0.784133,0.788015,0.774073,0.869912,0.806305,0.770397,0.774983,0.817114,0.831526,0.837296,0.785354,0.796152,0.781422,0.796814,0.820138,0.824529,0.774686,0.790429,0.774827,0.786940,0.779492,0.812185,0.848187,0.823792,0.880153, ,0.825951, ,0.830725,0.826170, ,0.833578,0.886177,0.843755,0.817881,0.846776,0.807302,0.782692,0.836061,0.842475,0.799634,0.766294,0.828994,0.804713,0.824893,0.834287,0.820118,0.822409,0.792387,0.887882,0.807517,0.836929,0.786963,0.822822,0.885943,0.829397,0.825003,0.851430,0.756961,0.840575,0.874472,0.813252,0.815638,0.516518,0.822751,0.843463,0.851338,0.794276,0.852503,0.814874,0.688910,0.693812,0.711623,0.756771,0.720223,0.775326,0.761946,0.723149,0.699812,0.692862,0.742459,0.699975,0.762923,0.709250,0.676784,0.665559
    Inter-Burst Interval - Avg (sec),4.897001,4.479136,4.479112,8.211303,4.655441,7.420620,35.592580,12.324339,4.692390,5.374919, , ,18.101357,20.216108, , ,6.117402,4.696429,4.184909,6.530324, ,4.468089,4.339520,4.214607,6.182506, ,6.190192,4.214603,27.828362,4.214602,4.184917,4.126811,4.969259,4.767254,10.962860,5.186653,4.728785,4.379794,5.054926,4.412504,4.412443,5.631161,4.548234,4.412485,4.548189,4.479267, ,4.886518,3.962143,3.859236,3.761517,3.623909,4.679734,3.623927, ,4.275735, ,3.646171,3.737881,3.623946,19.773553,4.127297,9.190812,3.623959,3.759763,4.820986,3.856786,3.759748,4.789781,3.759710,3.782999,4.300723,3.759722,3.958917,4.499493,5.164623,5.710867,4.180374,4.996612,6.599268,4.371751,4.371733,29.224640,5.613063,4.339866,4.371736,4.878739,4.371733,7.927551,4.371804,4.371764,4.371745,4.371821,4.645033,4.371779,4.371754,4.560484,3.756844,5.251964,3.804721,14.063634,3.756859,3.780549,3.756783,3.756910,3.853858,3.756896,3.804724,3.829186,3.756920,4.063487,6.182078, ,3.818827,3.894198,37.755309,3.699491, ,3.676538,3.746324, ,5.990159,3.746317,23.469883, ,9.213298, ,3.818826,11.087420,4.336166,3.150971,13.058782,10.335046,4.289274,15.881981,11.300615,19.587835,10.309335,25.548828,19.587776,20.986966,79.145267,12.242193,19.587949,6.191381,3.562527,12.788551,28.834782,3.911814,7.739503,9.486772,6.367186,3.252766,3.362414,4.614478,3.459578,8.010561,229.015360,5.843859, ,11.922547,14.215130,10.715527,14.466034,21.320009,8.155757,30.799240,6.690439,27.717340,26.397470,24.101461,17.324410,24.103683, ,21.321929,34.115824,5.294086,3.368973,4.205256,6.065391,4.103128,3.342463,10.465591,7.844503,86.008960,5.870649,30.180848,11.275770,20.340815,36.156265,4.505585,3.705846,8.143657,4.876616,8.277150, ,6.556291,4.249123,4.144462,4.489815,106.353900,7.195991,5.619739,7.763673,5.751922,8.466321,10.771637,17.281699,71.426496,4.358416,3.791330,6.239355,3.835521,6.186048,5.329916,3.030186,5.236420,15.631338,3.166031,5.340137,18.480449,13.666733,18.683843,3.511417,8.795117,7.336181,4.585724,12.152795,11.064749,3.962263,11.827641,5.509358,7.392273,3.635067,3.676344,7.301348,4.671909,7.939088,4.569819, ,5.688098,2.973944,18.589783,6.208841,3.629269,3.101926,4.318012,10.853503,4.195505,3.726172,3.720534,3.328378,4.057955,3.366150,4.421248,4.896422,3.386225,3.405552,3.405532,3.405515, ,3.405536,3.405493,3.405485,3.405554,3.485195,3.979183,3.464894,3.405518,3.405504,7.049325, ,6.918981,6.538855, ,6.071840,6.263511,6.198300,6.467784,6.775580,6.134378,6.010459,107.594000,6.134414,7.829377,6.071774,6.198270,14.047378,6.775002,6.775051,6.774941,6.934342,6.774967,7.101551,7.101438,6.774906,7.781049,7.188066,9.235564,8.186239,6.774831,6.853694,6.774899,6.774882,7.622826,7.337005,7.158099,7.723160,7.429846,7.622874,7.429875,31.011000, ,9.213647,7.337014,8.267054,8.760622,8.175488,7.429889,7.429893,7.171836,15.793271,5.952634,5.615692,6.688344,10.307063,8.383979,7.827695,5.314844,5.411378,5.723673,24.413753,7.896631,6.012750,6.012753,5.314839,5.806856,5.863831,7.476379,5.921909,5.921830,5.981062,5.863820,7.436570,5.696238,5.750992,7.686414,6.166110,6.295843, ,6.103182,5.806914,13.376525,3.813759,3.885908,4.346619,3.648463,3.604323,3.940895,3.582672,8.941342,4.841452,4.802071,3.813827,10.729130,16.860560,3.813485,8.437979,4.455096,4.422136,4.455202,5.016802,4.357488,4.357577,4.357572,4.357612,5.016641,4.357549,6.218639,4.357609,4.357473,4.933644,4.357542,4.357564,79.063120,10.674513,10.674516,10.131751,29.241642,10.674474,11.721304,11.721272, ,10.674449,10.674573,10.306542,22.094701,10.674743,93.772688,62.619860,4.783971,16.830707,4.671763,24.140713, ,4.845452,9.852333, ,4.967670,5.185481,4.822490,24.917380,7.538353,6.642108,60.003733,5.749746,5.380785,5.860314,6.938244,5.192005,9.196848, ,23.316433,5.380750,5.146845,8.446817,6.433562,5.237920,8.578003,122.781920,5.332295,5.531492,4.462057,4.462072,6.594018,4.829464,7.064795, ,6.900702,4.462127, ,4.428721,4.565005,10.276839,4.428627,12.463280,4.428682,5.833357,5.898366, ,5.168353,5.168328,5.403424, ,5.260174,6.790120,5.168503, ,5.168382,11.660403,5.213695,6.127489,5.266300,5.168497,5.052709,5.008699,5.008936,5.009096,5.052767,5.008911,5.052840,5.008941,8.396722,5.143007,5.008840,186.770560,6.193609, ,5.008879,9.762993,3.908256,5.428358,3.908233,3.908260,4.157703,3.908215,4.015311,5.281417,11.325411,3.908269,4.844961,3.908248,26.289455,3.987985,3.908251,3.934490,7.605065,5.759137,4.984772,7.061720,7.006181,5.873171, , ,6.978651,6.665013,438.852800, ,15.467741, ,38.176234,11.034382,11.018635,11.738184,9.524716,7.550845,10.035056,14.049082,13.706156,13.068791,13.379731,12.771827,12.216609,16.277135, ,12.216649,17.706599, ,5.384706,2.875580,3.909197,6.004035,3.398155,4.330692,6.543479,9.872127,4.893994,4.578716,24.153391,5.716517,19.345349,5.746678,4.542818,46.792887,10.129565,56.729960,5.548233,4.333275,3.755502,7.160264,6.315360,6.057758,58.886827,21.544344,11.616402,18.185049,3.686252, ,14.131424,27.599665,7.260514,6.106771,5.432100,5.115948,4.314093,5.836636,9.792891, , ,10.011479,4.961135,7.664804,4.022414,4.222210,7.927481,5.268558,5.151228,5.336822,13.470160,4.895807,3.889891,6.438986,4.521998,55.776976,11.734725,35.123925,9.255991,7.932302, ,10.865791,10.293788,9.167945,16.534460,11.670984,2.764391,10.629646,3.815723,4.839599,4.761318,3.641618,5.314908,6.400645,10.627319,8.625695,3.619483,10.263022,10.443291,109.744420,3.803370,7.626664,10.125006,29.175722,2.956053,5.290519,3.441625,2.862485,3.375052,3.889203,6.490590,9.021199,2.630604,11.514711,6.908835, ,3.898993,3.826137,4.440027,7.055274,5.108923,3.613659,4.721928,6.657857,3.605762,10.181191,6.175082,12.737010,6.418132,3.863265,9.524984,7.373295,15.118633,15.118598,15.118702,16.008226,18.142387,15.118627,14.709968,15.118711, ,15.118556,16.007922,34.414576, , ,15.550757, ,39.957754,24.683614,17.588962,25.805491,22.705254,37.285200,22.710288,19.155611,20.212814,23.656203,23.656193,11.936459,21.027105,20.274560,23.656703,17.125160,4.310401,3.205578,5.290241,3.897087,4.341816,5.107760,4.875669,3.073451,32.678360,4.979019,4.074203,12.037322,3.561919,15.663507,9.991212,3.741043,3.094445,3.145946,6.657953,3.064869,3.245798,3.214006,2.871238,3.159889,4.423867,3.359245,3.763158,3.647740,4.538887,4.609255,3.432293,3.162697,4.695519,3.679433,5.878534, ,7.555247, ,5.301117,4.151940, ,7.153526,8.665891,6.671359,3.634610,7.153398,4.302378,4.011642,4.637939,3.191375,5.396283,33.572466,3.013164,4.601521,3.879695,2.924119,96.038960,7.611110,5.995872,13.283936,5.162390,7.240140,5.206975,8.730528,13.460167,11.286500,2.405490,8.599322,35.597344,2.506569,34.046400,4.142714,3.107180, ,3.639716,10.523673,5.993381,13.153831,9.978799,5.071428,11.460657,11.460919,19.461377,10.575000,10.823978,9.708940,10.437437,10.077295,10.437574,9.278048,10.824196,11.689858,11.928426,10.437783,11.240417,11.460549
    Inter-Burst Interval - Std (sec),2.129552,1.889288,1.891361,6.596074,2.111356,5.149058,23.703550,8.528295,2.183836,3.174166, , ,15.766161,15.339264, , ,3.943074,2.041834,1.113605,3.799233, ,1.658992,1.276908,1.167670,3.522191, ,3.833635,1.129342,28.275837,1.149718,1.103185,1.017944,2.198022,1.722839,9.589226,2.460592,1.633543,1.348755,2.066667,1.366719,1.406553,2.947575,1.644469,1.389148,1.444431,1.378364, ,2.035407,1.338502,1.044224,1.086794,0.893932,2.032579,0.824372, ,1.757672, ,0.855171,1.010212,0.911181,32.542464,1.723133,10.310234,0.957011,0.913783,2.282820,1.145932,0.913573,2.277380,0.912766,0.918500,1.669246,0.912584,1.181298,1.944226,2.310144,2.857449,1.417786,2.174576,3.941665,1.361323,1.361291,27.797572,3.190762,1.342059,1.362055,2.298086,1.362374,6.165030,1.361026,1.362027,1.362682,1.361107,1.723313,1.362355,1.362756,1.929383,1.076156,2.827760,1.083833,12.262731,1.076183,1.055783,1.076542,1.076068,1.116213,1.076230,1.165195,1.088336,1.076278,1.614222,3.586114, ,1.580675,1.685481,29.217812,1.595635, ,1.608287,1.552061, ,4.152165,1.604481,20.524315, ,6.019214, ,1.588860,6.582871,2.821975,1.665726,9.926929,6.619369,2.786215,9.091089,7.940788,11.660329,7.539599,11.619623,11.661852,20.072129,43.373060,9.858064,11.660238,2.932340,1.529964,9.312840,29.638644,1.700806,4.654938,5.899937,3.576130,1.399986,1.375456,2.238592,1.470452,5.312078,74.948906,3.029246, ,6.768839,8.244681,5.543761,7.555009,14.499972,4.613719,17.081281,3.560098,14.374547,16.113944,10.993903,11.990172,16.845469, ,17.135451,23.422268,2.839734,1.689962,2.287757,3.689023,2.218200,1.663056,6.927147,5.407894,70.748980,3.459068,24.445988,7.426363,14.101351,35.535453,2.813268,1.963419,5.900209,2.670987,6.104230, ,4.200801,2.269867,2.342258,2.457345,53.141173,5.290110,3.697715,5.459566,3.644397,5.659002,7.456476,15.731881,83.267071,2.241385,1.994014,3.253534,2.030804,3.467342,3.111216,1.671588,2.876669,13.126551,1.728483,3.301644,16.817050,11.717512,13.312023,1.797927,5.489044,4.845600,2.420142,9.552394,7.331338,2.426933,7.241375,3.080807,4.579714,1.679608,1.818759,6.520937,2.553450,5.034380,2.266247, ,3.419869,1.480455,12.202696,3.477661,1.966872,1.633869,2.541870,8.436525,2.848909,2.329079,1.938606,1.780727,2.565312,1.886139,3.079675,3.127272,1.433598,1.420191,1.421007,1.419669, ,1.419158,1.421264,1.419937,1.418469,1.647588,2.522825,1.508935,1.418048,1.418329,7.639157, ,4.257870,3.743792, ,3.487465,3.323180,3.246120,3.731134,3.892080,3.593140,3.230833,122.232149,3.216545,4.873170,3.235224,3.181783,9.020132,2.676922,2.679581,2.682917,2.566257,2.676323,2.412166,2.420022,2.676895,3.211489,2.324560,5.407758,3.109438,2.674702,2.624025,2.673932,2.675342,4.142285,4.246067,4.251292,4.834834,4.204467,4.574546,4.203239,23.142090, ,5.034861,4.247270,4.736839,5.489640,4.354041,4.206034,4.206736,3.599543,10.242722,2.694431,2.913652,4.154579,7.739738,4.437627,4.811796,2.856531,2.826103,3.264584,17.163163,4.361689,3.083273,2.837425,2.845575,2.419768,2.321586,3.907450,2.318376,2.268649,2.310012,2.311660,3.588254,2.471694,2.420512,3.730868,2.172667,2.363710, ,2.308436,2.403184,9.203295,2.884308,2.856521,3.163509,2.686526,2.686689,3.016311,2.697504,6.684297,3.793933,3.913821,2.991106,7.160268,8.810824,2.957354,5.934619,2.221094,2.082549,2.093286,2.840637,2.017204,2.011722,2.010687,2.010124,2.793423,2.013477,3.727326,2.010905,2.016257,3.232519,2.013769,2.012227,50.911878,6.869025,6.871327,6.656610,26.357057,6.869421,9.085790,9.546834, ,6.870674,6.869917,6.685740,19.693719,6.875995,60.664192,53.184769,1.584516,9.670605,1.631560,20.409496, ,1.557824,8.521470, ,1.708368,1.877396,1.657548,21.713234,3.975628,2.715039,36.855990,1.982626,2.546767,2.590978,3.555511,2.462555,6.917147, ,16.373487,2.402481,2.505903,4.657022,3.009543,2.507365,6.806722,9.216599,2.494226,2.646609,2.617559,2.618125,3.936118,2.827653,4.978753, ,5.106973,2.617291, ,2.614433,2.630723,8.814379,2.614548,9.215986,2.612840,3.423955,2.718033, ,2.430290,2.430722,2.544705, ,2.443669,3.611808,2.430392, ,2.430424,13.626192,2.465098,2.918687,2.447126,2.432082,2.333116,2.317781,2.318957,2.319418,2.306476,2.317372,2.300746,2.324345,6.327317,2.402714,2.323968, ,3.570424, ,2.324608,6.374342,2.236910,2.879212,2.234232,2.235192,2.278081,2.235054,2.258486,2.665100,9.206799,2.235021,2.831431,2.237625,18.692314,2.256289,2.234756,2.236266,3.260574,1.765858,1.738356,2.963585,3.272685,1.756162, , ,2.941547,2.437487, , ,13.959486, ,35.704830,6.175934,7.741486,8.035887,6.772213,5.858033,7.358567,10.680245,11.055465,10.845794,10.207598,10.569984,9.064493,11.829458, ,9.582744,14.449984, ,2.844898,1.231805,1.915943,4.275006,1.552600,2.240781,5.068750,7.130922,3.012136,2.346088,27.052617,3.376373,15.254147,3.264865,2.274409,37.780740,6.102455,80.287894,2.766896,2.119681,1.702679,4.595615,4.092456,3.225141,45.812608,16.692328,7.271112,13.080776,1.567998, ,10.625011,30.167334,4.976241,3.624683,2.883780,2.645024,2.244755,3.001847,6.686657, , ,7.992525,2.712768,5.182688,2.062036,2.003961,5.405007,3.161002,3.057105,3.209682,12.364239,2.673608,2.196216,3.469040,2.486416,54.410192,8.662123,24.396521,5.207536,4.333039, ,7.209764,6.303309,5.456577,9.086581,7.974517,1.116768,9.586259,1.851016,2.531564,2.130436,1.694700,3.187192,4.535600,8.168568,6.177902,1.583144,11.717704,7.616148,80.357854,2.152258,5.232124,6.465411,20.135630,1.675761,2.960481,2.042736,1.789148,2.160123,2.418348,4.328895,5.474932,1.612369,9.072209,3.753609, ,1.978118,2.355486,2.987592,4.910585,3.668654,1.973522,2.678740,5.046499,1.738140,9.452287,4.180767,12.228503,4.590159,2.216591,8.078206,6.294597,9.672096,9.671655,9.672959,11.597523,12.673269,9.672826,9.086787,9.673202, ,9.672700,11.390778,18.127717, , ,9.892582, ,36.609642,13.346082,10.492404,13.356320,11.258129,35.699767,12.340941,13.913768,10.874819,12.720863,12.723645,9.487881,10.794223,10.454981,12.727096,9.520224,2.393387,1.497259,3.063100,1.894570,2.123832,3.220575,3.047863,1.566528,29.025360,2.885632,1.968267,8.894278,1.691391,10.997751,6.350653,1.689937,1.353283,1.295883,5.423852,1.274072,1.609770,1.410192,1.215933,1.400416,2.311235,1.441219,2.027058,1.732402,2.290415,2.849350,1.646708,1.335757,3.181438,1.941787,3.278914, ,5.358560, ,2.810755,2.190886, ,5.018201,12.381102,5.617878,1.896026,4.716044,2.303380,2.246633,2.728923,1.902929,3.254932,28.236077,1.606037,2.918771,2.086643,1.559942,54.966909,4.889853,4.768214,12.637223,3.280794,6.114877,2.944424,5.923567,13.385547,16.274712,1.292009,8.268774,38.379424,1.454978,39.687171,3.024668,1.845733, ,2.577375,15.967878,5.940276,21.455639,19.237041,4.653653,5.682221,5.681576,13.900760,5.540977,5.785143,5.417558,5.586442,5.141764,5.548274,4.873623,5.756849,6.259418,5.659794,4.809426,5.562550,5.681498
    Burst Frequency (Hz),0.200000,0.221667,0.221667,0.121667,0.213333,0.133333,0.028333,0.080000,0.211667,0.185000, , ,0.055000,0.050000, ,0.001667,0.160000,0.211667,0.238333,0.153333, ,0.223333,0.228333,0.236667,0.158333,0.001667,0.161667,0.236667,0.036667,0.236667,0.238333,0.241667,0.198333,0.206667,0.090000,0.191667,0.208333,0.226667,0.195000,0.225000,0.225000,0.176667,0.218333,0.225000,0.218333,0.221667, ,0.203333,0.251667,0.258333,0.265000,0.275000,0.213333,0.275000, ,0.233333, ,0.273333,0.266667,0.275000,0.050000,0.241667,0.108333,0.275000,0.266667,0.208333,0.260000,0.266667,0.208333,0.266667,0.263333,0.233333,0.266667,0.253333,0.221667,0.193333,0.175000,0.240000,0.198333,0.151667,0.228333,0.228333,0.031667,0.176667,0.230000,0.228333,0.203333,0.228333,0.126667,0.228333,0.228333,0.228333,0.228333,0.215000,0.228333,0.228333,0.218333,0.266667,0.190000,0.263333,0.068333,0.266667,0.265000,0.266667,0.266667,0.260000,0.266667,0.263333,0.261667,0.266667,0.246667,0.161667, ,0.260000,0.255000,0.025000,0.268333, ,0.270000,0.265000,0.001667,0.163333,0.265000,0.041667, ,0.108333,0.001667,0.260000,0.090000,0.230000,0.316667,0.076667,0.096667,0.230000,0.063333,0.088333,0.051667,0.096667,0.040000,0.051667,0.048333,0.011667,0.081667,0.051667,0.160000,0.281667,0.076667,0.031667,0.256667,0.128333,0.105000,0.158333,0.308333,0.298333,0.215000,0.290000,0.121667,0.005000,0.171667, ,0.083333,0.066667,0.091667,0.068333,0.045000,0.123333,0.031667,0.150000,0.035000,0.036667,0.040000,0.055000,0.040000, ,0.045000,0.026667,0.188333,0.295000,0.236667,0.163333,0.243333,0.298333,0.093333,0.126667,0.008333,0.170000,0.026667,0.078333,0.045000,0.023333,0.218333,0.268333,0.121667,0.203333,0.120000, ,0.151667,0.235000,0.240000,0.221667,0.008333,0.138333,0.176667,0.128333,0.168333,0.118333,0.091667,0.058333,0.010000,0.228333,0.260000,0.160000,0.261667,0.160000,0.188333,0.330000,0.191667,0.063333,0.313333,0.186667,0.053333,0.073333,0.048333,0.285000,0.108333,0.133333,0.218333,0.080000,0.088333,0.250000,0.083333,0.178333,0.133333,0.275000,0.268333,0.125000,0.210000,0.123333,0.218333, ,0.175000,0.335000,0.048333,0.158333,0.273333,0.320000,0.230000,0.086667,0.236667,0.266667,0.266667,0.298333,0.245000,0.295000,0.225000,0.203333,0.295000,0.293333,0.293333,0.293333,0.001667,0.293333,0.293333,0.293333,0.293333,0.286667,0.250000,0.288333,0.293333,0.293333,0.141667, ,0.145000,0.153333, ,0.165000,0.160000,0.161667,0.155000,0.146667,0.163333,0.166667,0.010000,0.163333,0.128333,0.165000,0.161667,0.070000,0.146667,0.146667,0.146667,0.143333,0.146667,0.140000,0.140000,0.146667,0.126667,0.138333,0.106667,0.121667,0.146667,0.145000,0.146667,0.146667,0.130000,0.135000,0.138333,0.128333,0.133333,0.130000,0.133333,0.031667, ,0.106667,0.135000,0.120000,0.113333,0.120000,0.133333,0.133333,0.140000,0.063333,0.168333,0.178333,0.150000,0.090000,0.120000,0.125000,0.188333,0.185000,0.175000,0.040000,0.125000,0.166667,0.166667,0.188333,0.173333,0.171667,0.135000,0.170000,0.170000,0.168333,0.171667,0.133333,0.176667,0.175000,0.130000,0.163333,0.160000, ,0.165000,0.173333,0.073333,0.260000,0.255000,0.228333,0.271667,0.275000,0.251667,0.276667,0.111667,0.205000,0.206667,0.260000,0.093333,0.060000,0.260000,0.118333,0.225000,0.226667,0.225000,0.200000,0.230000,0.230000,0.230000,0.230000,0.200000,0.230000,0.161667,0.230000,0.230000,0.203333,0.230000,0.230000,0.011667,0.095000,0.095000,0.100000,0.033333,0.095000,0.086667,0.086667, ,0.095000,0.095000,0.098333,0.036667,0.095000,0.010000,0.015000,0.210000,0.053333,0.215000,0.040000, ,0.205000,0.101667,0.001667,0.200000,0.191667,0.208333,0.041667,0.130000,0.150000,0.011667,0.175000,0.185000,0.170000,0.141667,0.191667,0.106667, ,0.041667,0.185000,0.193333,0.116667,0.155000,0.190000,0.116667,0.005000,0.186667,0.180000,0.223333,0.223333,0.151667,0.205000,0.141667, ,0.145000,0.223333, ,0.225000,0.218333,0.096667,0.225000,0.080000,0.225000,0.170000,0.168333, ,0.193333,0.193333,0.185000, ,0.190000,0.143333,0.193333, ,0.193333,0.083333,0.191667,0.163333,0.188333,0.193333,0.191667,0.193333,0.193333,0.193333,0.191667,0.193333,0.191667,0.193333,0.115000,0.188333,0.193333,0.003333,0.156667, ,0.193333,0.100000,0.251667,0.181667,0.251667,0.251667,0.236667,0.251667,0.245000,0.186667,0.085000,0.251667,0.203333,0.251667,0.036667,0.246667,0.251667,0.250000,0.131667,0.173333,0.200000,0.141667,0.141667,0.170000, , ,0.143333,0.150000,0.003333, ,0.065000, ,0.023333,0.088333,0.086667,0.083333,0.100000,0.126667,0.095000,0.068333,0.070000,0.073333,0.071667,0.075000,0.078333,0.055000, ,0.078333,0.053333, ,0.186667,0.348333,0.256667,0.163333,0.295000,0.231667,0.150000,0.100000,0.200000,0.218333,0.040000,0.173333,0.048333,0.175000,0.218333,0.021667,0.096667,0.011667,0.180000,0.230000,0.266667,0.138333,0.158333,0.165000,0.016667,0.040000,0.081667,0.046667,0.271667, ,0.066667,0.028333,0.138333,0.158333,0.181667,0.195000,0.231667,0.171667,0.100000, , ,0.093333,0.201667,0.128333,0.248333,0.236667,0.125000,0.190000,0.193333,0.186667,0.073333,0.203333,0.256667,0.155000,0.220000,0.018333,0.085000,0.028333,0.108333,0.123333, ,0.091667,0.096667,0.108333,0.061667,0.086667,0.361667,0.095000,0.261667,0.206667,0.210000,0.275000,0.188333,0.156667,0.095000,0.116667,0.276667,0.098333,0.096667,0.008333,0.263333,0.130000,0.098333,0.033333,0.338333,0.186667,0.290000,0.348333,0.291667,0.253333,0.155000,0.111667,0.380000,0.086667,0.143333, ,0.255000,0.261667,0.225000,0.141667,0.195000,0.275000,0.211667,0.148333,0.276667,0.091667,0.161667,0.071667,0.151667,0.258333,0.100000,0.133333,0.061667,0.061667,0.061667,0.058333,0.051667,0.061667,0.063333,0.061667, ,0.061667,0.058333,0.026667, ,0.001667,0.060000,0.001667,0.025000,0.040000,0.056667,0.038333,0.043333,0.026667,0.043333,0.051667,0.050000,0.041667,0.041667,0.083333,0.046667,0.048333,0.041667,0.058333,0.231667,0.311667,0.188333,0.256667,0.230000,0.195000,0.205000,0.325000,0.028333,0.200000,0.245000,0.081667,0.280000,0.063333,0.100000,0.266667,0.323333,0.316667,0.148333,0.325000,0.308333,0.310000,0.348333,0.316667,0.226667,0.296667,0.265000,0.273333,0.220000,0.216667,0.291667,0.315000,0.211667,0.271667,0.170000, ,0.131667, ,0.188333,0.240000, ,0.140000,0.115000,0.150000,0.275000,0.140000,0.231667,0.248333,0.215000,0.311667,0.185000,0.030000,0.330000,0.216667,0.256667,0.340000,0.010000,0.131667,0.166667,0.075000,0.193333,0.138333,0.191667,0.115000,0.073333,0.086667,0.415000,0.116667,0.026667,0.398333,0.030000,0.241667,0.321667,0.001667,0.273333,0.093333,0.166667,0.075000,0.098333,0.196667,0.086667,0.086667,0.050000,0.095000,0.091667,0.103333,0.095000,0.098333,0.095000,0.106667,0.091667,0.085000,0.083333,0.095000,0.088333,0.086667
    IBI Coefficient of Variation,0.434869,0.421797,0.422262,0.803292,0.453524,0.693885,0.665969,0.691988,0.465400,0.590551, , ,0.870993,0.758764, , ,0.644567,0.434763,0.266100,0.581783, ,0.371298,0.294251,0.277053,0.569703, ,0.619308,0.267959,1.016080,0.272794,0.263610,0.246666,0.442324,0.361390,0.874701,0.474408,0.345447,0.307949,0.408842,0.309738,0.318770,0.523440,0.361562,0.314822,0.317584,0.307721, ,0.416535,0.337823,0.270578,0.288924,0.246676,0.434336,0.227480, ,0.411081, ,0.234539,0.270263,0.251434,1.645757,0.417497,1.121798,0.264079,0.243043,0.473517,0.297121,0.242988,0.475466,0.242776,0.242797,0.388131,0.242726,0.298389,0.432099,0.447302,0.500353,0.339153,0.435210,0.597288,0.311391,0.311385,0.951169,0.568453,0.309240,0.311559,0.471041,0.311633,0.777671,0.311319,0.311551,0.311702,0.311336,0.371001,0.311625,0.311718,0.423065,0.286452,0.538420,0.284865,0.871946,0.286458,0.279267,0.286560,0.286424,0.289635,0.286468,0.306250,0.284221,0.286479,0.397250,0.580082, ,0.413916,0.432819,0.773873,0.431312, ,0.437446,0.414289, ,0.693164,0.428282,0.874496, ,0.653318, ,0.416060,0.593724,0.650800,0.528639,0.760173,0.640478,0.649577,0.572415,0.702686,0.595284,0.731337,0.454801,0.595364,0.956409,0.548018,0.805253,0.595276,0.473617,0.429460,0.728217,1.027878,0.434787,0.601452,0.621912,0.561650,0.430399,0.409068,0.485124,0.425038,0.663134,0.327266,0.518364, ,0.567734,0.579993,0.517358,0.522258,0.680111,0.565701,0.554601,0.532117,0.518612,0.610435,0.456151,0.692097,0.698875, ,0.803654,0.686551,0.536397,0.501625,0.544023,0.608209,0.540612,0.497554,0.661897,0.689386,0.822577,0.589214,0.809983,0.658612,0.693254,0.982830,0.624396,0.529817,0.724516,0.547713,0.737480, ,0.640728,0.534196,0.565154,0.547316,0.499664,0.735147,0.657987,0.703220,0.633596,0.668413,0.692232,0.910320,1.165773,0.514266,0.525941,0.521454,0.529473,0.560510,0.583727,0.551645,0.549358,0.839759,0.545946,0.618270,0.909991,0.857375,0.712489,0.512023,0.624101,0.660507,0.527756,0.786024,0.662585,0.612512,0.612242,0.559195,0.619527,0.462057,0.494719,0.893114,0.546554,0.634126,0.495916, ,0.601232,0.497809,0.656419,0.560114,0.541947,0.526727,0.588667,0.777309,0.679038,0.625059,0.521056,0.535013,0.632169,0.560325,0.696562,0.638685,0.423362,0.417022,0.417264,0.416873, ,0.416721,0.417345,0.416956,0.416516,0.472739,0.634006,0.435492,0.416397,0.416482,1.083672, ,0.615390,0.572546, ,0.574367,0.530562,0.523711,0.576880,0.574428,0.585738,0.537535,1.136050,0.524344,0.622421,0.532830,0.513334,0.642122,0.395117,0.395507,0.396006,0.370079,0.395031,0.339667,0.340779,0.395119,0.412732,0.323392,0.585536,0.379837,0.394800,0.382863,0.394682,0.394891,0.543405,0.578719,0.593914,0.626018,0.565889,0.600108,0.565721,0.746254, ,0.546457,0.578883,0.572978,0.626627,0.532573,0.566096,0.566191,0.501900,0.648550,0.452645,0.518841,0.621167,0.750916,0.529298,0.614714,0.537463,0.522252,0.570365,0.703012,0.552348,0.512789,0.471901,0.535402,0.416709,0.395916,0.522639,0.391491,0.383099,0.386221,0.394224,0.482515,0.433917,0.420886,0.485385,0.352356,0.375440, ,0.378235,0.413849,0.688018,0.756290,0.735097,0.727809,0.736345,0.745407,0.765387,0.752931,0.747572,0.783635,0.815028,0.784280,0.667367,0.522570,0.775499,0.703322,0.498551,0.470937,0.469852,0.566225,0.462928,0.461661,0.461424,0.461290,0.556831,0.462066,0.599380,0.461470,0.462712,0.655199,0.462134,0.461778,0.643940,0.643498,0.643713,0.657005,0.901354,0.643537,0.775152,0.814488, ,0.643656,0.643578,0.648689,0.891332,0.644137,0.646928,0.849328,0.331214,0.574581,0.349239,0.845439, ,0.321502,0.864919, ,0.343897,0.362048,0.343712,0.871409,0.527387,0.408762,0.614228,0.344820,0.473308,0.442123,0.512451,0.474297,0.752121, ,0.702229,0.446496,0.486881,0.551335,0.467788,0.478695,0.793509,0.075065,0.467758,0.478462,0.586626,0.586751,0.596922,0.585500,0.704727, ,0.740066,0.586557, ,0.590336,0.576280,0.857694,0.590374,0.739451,0.589981,0.586961,0.460811, ,0.470225,0.470311,0.470943, ,0.464560,0.531921,0.470231, ,0.470249,1.168587,0.472812,0.476327,0.464677,0.470559,0.461756,0.462751,0.462964,0.463041,0.456478,0.462650,0.455337,0.464039,0.753546,0.467181,0.463973, ,0.576469, ,0.464097,0.652909,0.572355,0.530402,0.571673,0.571915,0.547918,0.571886,0.562468,0.504618,0.812933,0.571870,0.584407,0.572539,0.711019,0.565772,0.571805,0.568375,0.428737,0.306619,0.348733,0.419669,0.467114,0.299014, , ,0.421507,0.365714, , ,0.902490, ,0.935263,0.559699,0.702581,0.684594,0.711015,0.775812,0.733286,0.760209,0.806606,0.829900,0.762915,0.827602,0.741981,0.726753, ,0.784400,0.816079, ,0.528329,0.428367,0.490112,0.712022,0.456895,0.517419,0.774626,0.722329,0.615476,0.512390,1.120034,0.590635,0.788518,0.568131,0.500660,0.807404,0.602440,1.415264,0.498699,0.489164,0.453383,0.641822,0.648016,0.532398,0.777977,0.774789,0.625935,0.719315,0.425364, ,0.751871,1.093033,0.685384,0.593551,0.530878,0.517016,0.520331,0.514311,0.682807, , ,0.798336,0.546804,0.676167,0.512637,0.474624,0.681806,0.599975,0.593471,0.601422,0.917898,0.546102,0.564596,0.538756,0.549849,0.975496,0.738162,0.694584,0.562612,0.546252, ,0.663529,0.612341,0.595180,0.549554,0.683277,0.403983,0.901842,0.485102,0.523094,0.447447,0.465370,0.599670,0.708616,0.768639,0.716221,0.437395,1.141740,0.729286,0.732227,0.565882,0.686030,0.638559,0.690150,0.566891,0.559582,0.593538,0.625033,0.640027,0.621811,0.666949,0.606896,0.612928,0.787880,0.543306, ,0.507341,0.615630,0.672877,0.696016,0.718088,0.546128,0.567298,0.757977,0.482045,0.928407,0.677038,0.960076,0.715186,0.573761,0.848107,0.853702,0.639747,0.639719,0.639801,0.724473,0.698545,0.639795,0.617730,0.639817, ,0.639790,0.711571,0.526745, , ,0.636148, ,0.916209,0.540686,0.596533,0.517577,0.495838,0.957478,0.543408,0.726355,0.538016,0.537739,0.537857,0.794866,0.513348,0.515670,0.537991,0.555920,0.555259,0.467079,0.579010,0.486150,0.489158,0.630526,0.625117,0.509697,0.888213,0.579558,0.483105,0.738892,0.474854,0.702126,0.635624,0.451729,0.437326,0.411921,0.814643,0.415702,0.495955,0.438765,0.423487,0.443185,0.522447,0.429031,0.538659,0.474925,0.504620,0.618180,0.479769,0.422348,0.677548,0.527741,0.557777, ,0.709250, ,0.530219,0.527678, ,0.701500,1.428717,0.842089,0.521659,0.659273,0.535374,0.560028,0.588391,0.596272,0.603180,0.841049,0.533007,0.634306,0.537837,0.533474,0.572340,0.642463,0.795250,0.951316,0.635519,0.844580,0.565477,0.678489,0.994456,1.441963,0.537108,0.961561,1.078154,0.580466,1.165679,0.730117,0.594022, ,0.708125,1.517329,0.991139,1.631132,1.927791,0.917622,0.495802,0.495735,0.714274,0.523969,0.534475,0.557997,0.535231,0.510233,0.531567,0.525285,0.531850,0.535457,0.474480,0.460771,0.494870,0.495744
    Normalized Duration IQR,0.470493,0.498904,0.500901,0.544259,0.580015,0.195203,0.047794,0.112649,0.568046,0.518546, , ,0.182931,0.168264, , ,0.149582,0.140986,0.067782,0.078081, ,0.152965,0.149314,0.073215,0.234317, ,0.080935,0.074746,0.083724,0.138451,0.185462,0.073430,0.145664,0.138183,0.141105,0.210294,0.196018,0.142512,0.071378,0.190740,0.210412,0.208890,0.204787,0.144653,0.140590,0.124813, ,0.142268,0.282769,0.278830,0.199668,0.265518,0.283972,0.203015, ,0.201815, ,0.205685,0.274322,0.263006,0.869679,0.372840,0.204787,0.275303,0.746768,0.739899,0.854680,0.751502,0.217231,0.613546,0.616380,0.745779,0.728648,0.566360,0.652543,0.221460,0.241710,0.776639,0.789156,0.362945,0.000000,0.086953,0.103239,0.091667,0.000000,0.086953,0.000000,0.086472,0.000000,0.000000,0.088054,0.000000,0.000000,0.093030,0.080157,0.000000,0.080054,0.073173,0.000000,0.000000,0.321658,0.070059,0.070692,0.144528,0.133006,0.075354,0.072014,0.000000,0.073258,0.064564,0.155677,0.075150, ,0.528847,0.096734,0.901325,0.048573, ,0.096902,0.452441, ,0.052027,0.460772,0.099662, ,0.107866, ,0.102060,0.933770,1.074035,0.670313,0.897759,0.549095,0.676352,0.250626,0.669118,1.081328,0.775970,0.000000,0.211182,1.218092,1.449886,0.860706,0.352134,0.580178,0.573092,0.259596,0.298628,0.437500,0.466885,0.466885,0.300060,0.859966,0.589286,0.608388,0.448477,0.667928, ,0.716365, ,0.242844,0.239933,0.431962,0.268509,0.533583,0.748292,1.639194,0.675622,0.484355,0.579954,0.288973,0.240163,0.344935, ,0.137048,4.691526,0.308190,0.251761,0.262042,0.275910,0.316772,0.247283,0.000000,0.000000,5.716376,0.307433,0.353461,0.500501,0.672716,2.410889,0.286328,0.249253,0.736030,0.630353,1.042709, ,0.699023,0.418479,0.496036,0.233879,1.338237,0.775569,0.774769,0.233879,0.576613,0.615369,2.608326,0.607404,2.518973,0.302966,0.000000,0.000000,0.305929,0.260949,0.000000,0.302235,0.300060,0.530753,0.297917,0.417084,0.000000,0.000000,0.328412,0.309716,0.314385,0.759869,0.290989,0.255880,0.471281,0.268797,0.304812,0.256930,0.335456,0.244385,0.238334,1.411565,0.236979,0.240394,0.247773, ,0.634080,1.312501,0.986208,1.246266,1.229731,1.435862,1.264955,0.327553,1.394152,1.135290,1.241937,1.452129,1.150954,1.069446,1.013159,1.445340,0.276214,0.307056,0.000000,0.406911, ,0.000000,0.000000,0.000000,0.000000,0.000000,0.000000,0.000000,0.293033,0.000000,0.803802, ,0.094292,0.093099, ,0.327338,0.098485,0.202468,0.101234,0.103239,0.091667,0.096287,6.087168,0.199403,0.104620,0.188583,0.099464,0.454794,0.000000,0.000000,0.143246,0.000000,0.000000,0.157291,0.000000,0.000000,0.000000,0.154666,0.154285,0.000000,0.134039,0.133824,0.000000,0.000000,0.117213,0.106762,0.114899,0.127289,0.115910,0.122372,0.119451,3.154415, ,0.000000,0.121011,0.135932,0.128136,0.139649,0.124194,0.000000,0.000000,3.531758,0.000000,0.000000,0.000000,0.580627,0.460866,1.203126,0.290314,0.913322,0.782032,54.424343,0.000000,0.000000,0.000000,0.336358,0.717392,0.824742,0.492134,0.772377,0.754903,0.737476,0.771017,0.714320,0.732440,0.802819,0.688762,0.738564,0.738928, ,0.745532,0.729593,47.596616,2.364569,1.936921,2.588796,3.076847,2.566669,2.453434,2.129789,1.892462,3.489545,2.179247,2.120765,28.571879,1.587211,2.085419,1.686857,0.756805,0.814389,0.796975,0.708924,0.820493,0.816287,0.663500,0.807259,0.782381,0.747388,0.118490,0.691617,0.739656,0.119680,0.564135,0.769324,0.923433,0.138874,0.304812,0.300240,0.331019,0.211004,0.225248,0.228748, ,0.273199,0.366936,0.430476,0.694657,0.153905,0.216292,0.924570,0.174634,0.404282,0.170470,11.602187, ,0.176730,0.000000, ,0.242961,0.217609,0.319197,9.516197,0.294066,0.190015,16.295365,0.197983,0.150030,0.144905,0.242491,0.425596,0.484981, ,0.421297,0.132268,0.133967,0.184414,0.166169,0.159091,0.214072, ,0.151300,0.155050,0.000000,0.000000,0.439807,0.000000,0.331897, ,0.000000,0.000000, ,0.000000,0.229587,0.000000,0.000000,0.000000,0.000000,0.000000,0.000000, ,0.000000,0.000000,0.000000, ,0.241089,0.235419,0.000000, ,0.000000,0.284699,0.000000,0.000000,0.300060,0.304441,0.000000,0.222841,0.000000,0.000000,0.223837,0.000000,0.000000,0.000000,0.000000,0.000000,0.000000, ,0.290314, ,0.000000,0.000000,0.226266,0.000000,0.236979,0.000000,0.000000,0.000000,0.000000,0.000000,0.534723,0.000000,0.271127,0.000000,0.413637,0.258256,0.000000,0.000000,0.201490,0.000000,0.333890,0.000000,0.182398,0.199244, , ,0.190015,0.409575, , ,0.210648, ,0.590213,0.191031,0.154762,0.174027,0.301325,0.378022,1.317107,0.000000,0.000000,0.180947,0.247283,0.317980,0.175000,0.000000, ,0.177735,0.167391, ,1.020735,1.107302,0.963737,0.923433,1.297594,1.061382,1.064329,0.798792,0.840118,0.783992,0.294066,0.795166,0.550606,0.660872,0.885842,0.000000,0.248018,0.738928,0.414665,0.558179,0.301144,0.433709,0.469806,0.404936,0.000000,0.223039,0.482488,0.506579,0.371843, ,0.553651,0.113544,0.682501,0.749252,0.460866,0.425596,0.407574,0.418479,0.397854, , ,0.780406,0.357500,0.466305,0.405592,0.523171,0.442138,0.466885,0.989690,0.607404,0.681881,0.574847,0.776142,0.226676,0.526843,0.867204,0.600121,0.291667,0.243434,0.439036, ,0.721876,0.300420,0.534723,1.023937,0.900991,0.883652,0.807259,0.784976,0.706423,0.873474,0.779110,0.816744,0.984130,1.035518,0.837212,1.108283,0.542842,0.791430,0.041268,0.600841,0.553345,0.683744,0.587442,0.522443,0.500000,0.504029,0.492619,0.476667,0.455829,0.570479,0.412274,0.646085,4.859228,0.678798, ,0.586524,0.627718,0.421297,0.534723,0.697724,0.841177,0.679105,0.654249,0.646641,0.297917,0.362157,0.000000,0.672716,0.576613,0.873982,0.430723,0.000000,0.156406,0.000000,1.575316,0.000000,0.000000,0.000000,0.000000, ,0.000000,0.317576,0.000000, , ,0.000000, ,1.802523,0.372581,0.378593,0.249751,2.908830,1.310211,0.378593,1.056545,0.279453,0.288973,0.273199,0.669118,0.333001,0.282131,0.294759,0.487342,0.427048,0.438267,0.533583,0.403304,0.559844,0.676352,0.657861,0.372396,0.434462,0.369646,0.402979,0.884277,0.479101,0.646085,0.687029,0.624455,0.451715,0.440970,0.749252,0.239245,0.758334,0.670912,0.478185,0.390406,0.624585,0.471725,0.569614,0.435218,0.391628,0.472765,0.439807,0.406250,0.550001,0.780812,1.111236, ,0.969962, ,0.736030,1.074035, ,0.616886,0.858983,0.739292,0.651693,0.932610,0.857021,1.088045,0.975635,0.640026,0.541667,0.447675,0.251761,1.025616,0.644975,0.513334,0.477577,0.600601,0.639481,0.480020,1.027722,0.673923,0.798246,0.859376,0.570696,0.689775,0.617394,0.506323,12.440046,0.777175,0.545505,0.773571,1.090415, ,0.646641,0.444231,0.698243,0.423674,0.504029,0.696300,0.479407,0.291327,0.652969,0.440581,0.650338,0.797822,0.341250,0.655678,0.732338,0.653111,0.662739,0.680768,0.700654,0.651015,0.378307,0.594419
    Burst Percentage,92.837911,99.305775,99.174654,63.118189,94.096509,42.220572,19.500595,44.670543,77.478690,87.177835,0.000000,0.000000,31.847134,27.123050,0.000000,1.523810,70.649895,89.251208,99.073294,67.225610,0.000000,93.986254,93.053961,98.412698,70.519386,1.258993,73.159509,98.074922,20.229885,97.149877,94.688923,99.395018,93.163539,94.815223,50.000000,91.630231,90.890851,99.417373,90.968444,98.428962,94.844517,84.869240,95.423729,97.136259,96.887160,98.278034,0.000000,93.121150,92.135345,95.508587,97.283951,99.166132,80.580225,99.825419, ,88.108379,0.000000,97.792023,96.800000,99.480688,24.007387,88.960000,48.184358,98.471253,99.817851,87.257964,97.935368,99.868766,87.399893,99.028571,98.804781,92.490546,99.385246,96.349707,90.299335,84.191555,80.027082,86.013011,82.907133,67.689685,99.823633,99.912854,19.288646,80.086580,98.917598,98.190255,91.424522,99.828400,59.961868,99.916667,99.860400,99.512908,99.815923,95.607893,99.813142,99.820144,85.106383,99.880311,75.374150,99.089404,30.472855,99.761273,97.732697,99.473857,99.901526,98.489011,99.835688,99.079263,98.768690,99.769205,92.864322,66.644250,0.000000,94.175137,96.681688,12.242899,99.473538,0.000000,99.316770,96.753466,0.759878,68.676056,96.619497,18.300206,0.000000,49.457259,1.215805,97.141656,55.372314,68.885959,81.251828,37.701041,49.650675,68.067979,53.214086,52.017291,64.199656,49.144568,32.971800,52.116651,28.631706,33.103448,43.008949,48.977923,63.357973,80.155774,44.839255,28.269231,82.519685,47.741065,46.697039,70.122888,81.162483,81.943997,74.848485,83.825098,57.870673,5.509642,69.150110,0.000000,73.015873,66.206897,68.807339,67.250923,37.855297,65.969751,47.945205,69.297401,73.595506,50.000000,80.412371,50.047214,68.382353, ,91.717791,29.581152,76.245734,88.580464,86.821705,78.139232,83.483199,96.838859,48.140276,58.464567,34.104046,78.508217,33.901515,39.113680,26.584022,15.340909,78.775913,90.858944,68.920105,82.839963,60.549872, ,71.643836,88.110902,89.241379,84.199016,11.640212,66.257166,72.079208,65.753425,78.902352,67.072243,65.793011,57.534247,18.775510,78.182679,81.005071,65.443213,82.302483,65.361610,73.620072,90.709996,74.848984,47.132867,89.303661,60.883691,43.277849,48.281506,64.536741,83.239384,53.352770,64.674635,73.374935,49.640288,45.426595,75.799722,43.501611,67.640048,57.500000,80.617089,83.299472,67.984571,73.044298,62.780594,72.110435, ,66.732283,86.858974,27.142857,57.856800,78.112033,71.381111,74.863014,43.149946,67.941290,79.141475,77.923293,84.439083,77.431782,81.246740,78.427350,68.623311,97.732908,98.594848,99.623903,99.565217,1.777778,98.169336,98.547115,93.564533,99.533679,97.857593,84.951456,96.645963,98.932384,98.632891,59.084791,0.000000,95.132743,97.973364,0.000000,93.441920,99.180328,98.607350,97.839831,96.921103,98.543100,99.285446,15.960912,99.612676,92.457853,99.369306,99.007765,63.338534,99.806452,95.107202,96.318290,97.997644,99.796541,98.224044,99.419869,99.615173,94.736842,96.094326,87.272727,93.384224,90.263955,97.101449,98.697917,98.862344,99.724518,99.907279,99.504950,98.878767,99.618684,99.192463,98.561890,38.554217,0.000000,95.432459,99.773653,98.245614,94.223827,97.833622,93.315858,99.784483,88.909953,59.541985,99.454545,99.086977,94.744219,79.516129,87.317073,85.155684,99.350649,98.548387,96.805556,52.075472,88.020305,98.620237,96.521739,98.614319,98.957247,99.610462,81.742739,99.521245,99.203641,98.547486,99.494949,92.701422,99.093333,99.471154,91.239316,98.762036,98.175676,0.000000,99.503722,99.905213,54.773869,96.863469,95.930881,93.849081,94.502618,98.439376,94.985942,99.153790,71.248952,88.443861,85.148018,98.259188,63.699422,66.456362,85.226302,75.271150,97.963143,91.454802,98.026868,92.389006,98.165138,97.747748,98.626374,99.242424,93.646055,98.993135,85.851852,98.895497,99.273145,93.583333,99.372947,97.671492,24.460432,75.203252,78.034682,73.457944,46.875000,77.179177,94.876660,94.052863,0.000000,74.168975,91.125954,72.169014,37.995338,74.596774,19.008264,13.832853,99.163180,32.738095,99.053926,64.594595,0.000000,97.415279,67.026194,3.521127,92.788462,93.213296,97.029703,52.677460,81.486486,83.020731,16.993464,90.662865,94.689119,92.407407,90.270936,95.818015,73.031284,0.000000,34.388186,96.924204,98.168168,72.738854,94.276094,96.270270,72.517986,6.818182,97.692643,93.403298,99.731183,99.558109,81.547619,93.934681,75.111111,0.000000,81.771721,98.616957,0.000000,99.560332,98.486198,69.051878,97.112052,52.647504,99.890949,88.250653,92.472198, ,89.252336,99.251497,96.812081, ,98.697270,84.500000,97.913486,0.000000,98.657718,65.977444,99.329983,92.006803,98.497268,97.132170,98.696319,99.350266,91.907262,96.097561,98.444444,95.516753,99.377722,98.821721,71.132376,98.928845,94.525547,3.883495,91.040724,0.000000,99.012776,64.724919,99.269283,86.195509,95.983628,99.798735,97.416021,99.744318,98.766603,89.122438,64.804469,99.052597,91.103549,99.423132,26.113360,99.202923,99.649533,88.142580,76.154672,85.828221,78.228294,80.649189,59.206587,84.335914,0.000000,0.000000,68.247896,77.060323,3.906250, ,37.193460,0.000000,19.905213,63.546798,81.244197,12.746810,70.937500,65.862242,46.125461,78.823529,86.868687,86.500655,56.472081,65.555556,69.409938,86.666667,0.000000,90.458015,43.784787, ,72.933549,92.191324,83.903421,67.119244,85.021618,79.682218,63.734777,50.694444,75.341898,72.495895,39.534884,71.115619,38.992042,69.189907,72.778675,25.500911,72.285068,8.269231,74.941176,81.972477,84.959047,65.068003,71.201496,74.917853,27.480916,41.597796,48.582677,47.779479,87.712805,0.000000,57.060519,37.988827,64.701803,71.135831,74.689826,72.367794,79.373777,68.992248,62.807377, , ,62.032086,66.682578,49.674749,84.379906,76.625514,69.306931,72.543231,72.480989,75.979644,40.271132,78.370787,84.911591,70.472973,79.030396,20.204604,66.403785,42.901235,70.611836,69.281585,0.000000,51.875572,53.714982,62.659654,45.982143,55.016538,92.089844,55.617353,78.924943,73.539192,68.117647,79.703608,73.674671,63.459516,48.818182,46.938776,79.007239,58.133087,54.775281,7.751938,77.490775,57.375415,53.366275,66.063348,86.914181,61.126374,80.000000,85.357350,81.095176,75.162950,59.205468,51.748666,90.600775,57.446809,58.198614,0.000000,84.628552,88.345989,83.709176,75.085714,80.300958,87.271116,83.206751,73.033126,86.156764,76.935615,68.248945,63.149606,62.318271,85.003211,59.592530,55.028944,99.680511,98.405104,86.795775,87.030717,88.636364,97.633136,89.174560,78.705036,0.000000,93.586006,79.600000,51.898734,0.000000,5.952381,40.632054,3.125000,25.241379,57.564103,43.840580,60.830861,35.374150,18.129496,53.649635,51.453856,69.178853,87.084871,77.777778,60.876021,84.600760,52.876912,69.942197,39.279957,70.849338,81.424658,66.445013,77.399493,80.177187,72.378402,44.059307,82.576617,20.318237,71.237024,73.909936,54.345435,78.618682,33.184258,41.878531,71.887881,90.399137,90.781688,65.187452,88.482467,89.200147,91.463028,90.459364,91.933241,73.571429,88.534548,83.698031,80.412011,71.692061,76.874507,87.500000,88.417358,77.942857,88.955823,71.574179, ,68.016472, ,81.202098,86.626506, ,68.500327,73.391813,78.962536,82.722107,68.330733,85.338956,83.629131,72.393321,80.462995,65.854520,25.549915,84.265010,69.484536,73.238882,82.892907,7.197550,67.734807,62.505654,51.776650,64.279732,61.639015,59.076331,54.942654,58.482613,48.547401,94.706808,64.269142,27.450980,93.763581,35.777778,75.416288,85.633803,2.702703,79.528140,65.064103,68.162574,47.356322,64.304462,71.221399,93.445879,74.653740,36.225597,29.551315,89.580974,85.352719,81.549220,66.792595,77.357587,81.822496,87.641196,94.372990,93.552465,90.971744,51.296983,93.459716

