AxIS Spike File,O:\TOX\NTX\Users\Arjun\201210_LvM_256135_1294-67_MEA_rCortex_Lindane_exposure_female_DIV10(000)_Spike Detector (7 x STD)(000).spk
File Type,48-well

Analysis Start,1500.000000
Analysis End,2100.000000
Active Electrode Criterion (spks/min),
Remove Coincident Artifacts,True

Electrode Burst Settings,
    Algorithm,Poisson Surprise,
    Min Surprise,10.000000

Network Burst Settings,
    Algorithm,ISI Threshold,Adaptive,
    Min # of Spikes,40.000000
    Min # of Electrodes (%),15.000000
Synchrony Settings,
    Synchrony Window,20.000000

Average Network Burst Analysis Settings,
    Number of network bursts vary by well
    Network Burst Window Start (ms),0.000000
    Network Burst Window End (ms),100.000000
    Bin Size (ms),1.000000

Well Averages,A1,A2,A3,A4,A5,A6,A7,A8,B1,B2,B3,B4,B5,B6,B7,B8,C1,C2,C3,C4,C5,C6,C7,C8,D1,D2,D3,D4,D5,D6,D7,D8,E1,E2,E3,E4,E5,E6,E7,E8,F1,F2,F3,F4,F5,F6,F7,F8,
Treatment/ID,,,,,,,,,,,,,,,,,,,,,,,,,,,,,,,,,,,,,,,,,,,,,,,,
Activity Metrics
    Number of Spikes,19497.000000,13926.000000,20128.000000,18508.000000,19325.000000,21701.000000,26657.000000,33637.000000,19127.000000,8334.000000,14473.000000,18135.000000,12200.000000,16970.000000,12036.000000,20273.000000,26290.000000,9518.000000,29714.000000,21454.000000,40018.000000,36507.000000,32546.000000,36997.000000,29259.000000,9667.000000,17721.000000,24832.000000,12932.000000,28571.000000,22519.000000,32967.000000,14722.000000,12897.000000,21882.000000,25424.000000,10588.000000,11217.000000,11757.000000,15331.000000,14546.000000,21352.000000,10886.000000,5934.000000,9794.000000,14231.000000,9653.000000,15773.000000
    Mean Firing Rate (Hz),2.030937,1.450625,2.096667,1.927917,2.013021,2.260521,2.776771,3.503854,1.992396,0.868125,1.507604,1.889063,1.270833,1.767708,1.253750,2.111771,2.738542,0.991458,3.095208,2.234792,4.168542,3.802812,3.390208,3.853854,3.047813,1.006979,1.845938,2.586667,1.347083,2.976146,2.345729,3.434063,1.533542,1.343438,2.279375,2.648333,1.102917,1.168438,1.224687,1.596979,1.515208,2.224167,1.133958,0.618125,1.020208,1.482396,1.005521,1.643021
    ISI Coefficient of Variation - Avg,3.200698,2.601295,2.712622,3.001021,2.721846,2.575298,3.123434,3.430108,2.391316,2.340552,3.551275,2.659560,2.709522,2.554274,2.936406,2.632326,3.638864,2.655518,4.560323,3.793602,4.812507,5.117369,4.860862,3.729879,3.708782,2.660381,2.922260,3.415676,2.887138,3.608461,2.939442,3.317919,3.046964,2.371966,3.855378,3.759470,2.561920,2.688386,2.236053,2.190366,2.247480,2.824201,2.148831,2.111919,2.133643,2.671221,2.587888,2.332716
    Number of Active Electrodes,12.000000,13.000000,16.000000,15.000000,10.000000,15.000000,14.000000,14.000000,13.000000,12.000000,14.000000,16.000000,13.000000,16.000000,9.000000,12.000000,15.000000,8.000000,14.000000,14.000000,15.000000,15.000000,13.000000,16.000000,13.000000,6.000000,14.000000,16.000000,9.000000,16.000000,16.000000,14.000000,15.000000,10.000000,11.000000,12.000000,10.000000,9.000000,11.000000,13.000000,13.000000,10.000000,13.000000,9.000000,11.000000,11.000000,7.000000,9.000000
    Weighted Mean Firing Rate (Hz),2.707083,1.775769,2.096667,2.050000,3.200000,2.411222,3.167619,4.002500,2.452179,1.155278,1.719167,1.889062,1.557821,1.767708,2.211111,2.810833,2.921111,1.981875,3.531786,2.549405,4.446444,4.052556,4.164231,3.853854,3.750385,2.680278,2.105476,2.586667,2.387593,2.976146,2.345729,3.922619,1.633000,2.142667,3.312273,3.530139,1.764333,2.043148,1.775909,1.954103,1.860513,3.550000,1.391538,1.095000,1.483485,2.155303,2.283810,2.911852
Electrode Burst Metrics
    Number of Bursts,927.000000,846.000000,1032.000000,1111.000000,1136.000000,1209.000000,1601.000000,1394.000000,947.000000,427.000000,639.000000,867.000000,564.000000,702.000000,689.000000,788.000000,1226.000000,533.000000,928.000000,915.000000,1219.000000,976.000000,1094.000000,1856.000000,1440.000000,544.000000,932.000000,1310.000000,719.000000,1304.000000,1104.000000,1361.000000,788.000000,597.000000,806.000000,968.000000,483.000000,475.000000,499.000000,707.000000,541.000000,938.000000,499.000000,244.000000,387.000000,653.000000,373.000000,650.000000
    Number of Bursting Electrodes,10.000000,10.000000,14.000000,13.000000,8.000000,14.000000,14.000000,12.000000,13.000000,12.000000,14.000000,15.000000,13.000000,15.000000,10.000000,11.000000,14.000000,7.000000,13.000000,14.000000,15.000000,15.000000,13.000000,16.000000,13.000000,5.000000,13.000000,16.000000,8.000000,16.000000,15.000000,12.000000,16.000000,10.000000,11.000000,12.000000,10.000000,10.000000,11.000000,12.000000,11.000000,9.000000,13.000000,9.000000,11.000000,11.000000,8.000000,7.000000
    Burst Duration - Avg (sec),0.132449,0.122599,0.130393,0.128563,0.073431,0.117436,0.093474,0.149969,0.148746,0.100830,0.147747,0.153185,0.086868,0.130876,0.061211,0.091040,0.107384,0.153064,0.338547,0.193818,0.201863,0.210847,0.196615,0.096336,0.117153,0.085116,0.157140,0.100777,0.104168,0.116261,0.071216,0.159358,0.059424,0.115191,0.127379,0.104932,0.129782,0.128090,0.062315,0.174055,0.116433,0.123775,0.131359,0.159989,0.170661,0.093821,0.151747,0.119306
    Burst Duration - Std (sec),0.020729,0.044541,0.086544,0.026784,0.023684,0.051119,0.037068,0.035329,0.201154,0.049485,0.105639,0.226888,0.042959,0.161619,0.017429,0.029981,0.049473,0.112757,0.111307,0.071223,0.059700,0.105401,0.042965,0.010705,0.080373,0.031412,0.137789,0.048920,0.027405,0.094637,0.034283,0.202700,0.023920,0.080754,0.027715,0.034475,0.068721,0.072779,0.027579,0.251827,0.056293,0.044010,0.093875,0.118021,0.112447,0.033954,0.122544,0.094881
    Number of Spikes per Burst - Avg,13.326762,10.967016,11.297196,13.069590,10.928707,10.489858,11.995067,16.495473,11.049374,10.673843,17.371628,13.850090,12.663877,12.740432,11.365460,13.713760,15.419812,11.363619,27.130877,17.507840,27.382415,29.041408,24.836527,16.697631,16.032543,12.602641,13.538651,15.073275,12.396618,16.325364,13.430327,19.428467,13.209669,11.164539,20.785614,19.293166,12.680877,11.919135,10.472875,11.818120,13.004611,15.650149,9.989094,10.841674,12.264568,12.622586,12.609926,14.519431
    Number of Spikes per Burst - Std,5.940660,4.091312,5.189880,4.780597,4.218816,4.165140,5.432290,7.536549,4.380820,4.412306,7.983189,6.186416,8.354574,7.224883,5.876249,6.971056,10.496686,5.549331,14.156157,10.648715,14.375539,19.702264,14.519684,8.692939,7.655381,4.826765,5.919030,7.310235,4.557007,8.792707,8.989415,10.047038,6.917464,4.660711,7.347836,7.986427,5.161931,6.323023,6.195908,6.691181,7.207681,4.537509,4.392934,3.813185,4.613528,6.422907,6.872146,2.115635
    Mean ISI within Burst - Avg (sec),0.011648,0.012124,0.012520,0.011672,0.006939,0.010796,0.008025,0.010600,0.014631,0.010977,0.013001,0.009604,0.008686,0.008907,0.007727,0.008638,0.008483,0.012989,0.014950,0.014518,0.009687,0.009901,0.011382,0.007131,0.007160,0.009040,0.012049,0.007601,0.008547,0.008746,0.006845,0.006907,0.005534,0.008837,0.007314,0.007002,0.010299,0.012967,0.007995,0.010750,0.009985,0.007206,0.014762,0.015366,0.014251,0.010495,0.013223,0.008690
    Mean ISI within Burst - Std (sec),0.004350,0.005032,0.008307,0.004809,0.001386,0.003957,0.002789,0.003731,0.018338,0.006009,0.013781,0.009269,0.002597,0.003634,0.004964,0.003685,0.004973,0.010422,0.006293,0.007469,0.005769,0.007196,0.007093,0.003719,0.004941,0.007659,0.010338,0.004284,0.003901,0.007036,0.002710,0.004722,0.001585,0.004160,0.001722,0.003254,0.004205,0.007108,0.004125,0.009178,0.004335,0.002134,0.009777,0.006465,0.005811,0.007784,0.010492,0.006597
    Median ISI within Burst - Avg (sec),0.004490,0.004591,0.004245,0.004341,0.004933,0.005185,0.004744,0.005291,0.009407,0.007936,0.008555,0.006812,0.007078,0.007034,0.006102,0.006941,0.004983,0.007912,0.007331,0.009106,0.006277,0.007849,0.006595,0.003932,0.005541,0.007914,0.009162,0.005936,0.006084,0.007405,0.005401,0.005231,0.004392,0.006403,0.005323,0.005096,0.007272,0.010376,0.006648,0.007208,0.007576,0.005301,0.011363,0.012521,0.011726,0.008255,0.010655,0.006036
    Median ISI within Burst - Std (sec),0.001721,0.002465,0.001132,0.000860,0.001556,0.001983,0.001067,0.002188,0.007264,0.003821,0.006363,0.004926,0.002789,0.003251,0.003951,0.003773,0.002122,0.007224,0.003491,0.005223,0.003403,0.007417,0.003366,0.000858,0.003783,0.007630,0.007358,0.003637,0.002617,0.006597,0.002034,0.003148,0.001244,0.002496,0.001067,0.002125,0.002280,0.006709,0.003445,0.005085,0.003074,0.001786,0.007972,0.005564,0.005071,0.006522,0.009159,0.004737
    Median/Mean ISI within Burst - Avg,0.479071,0.468418,0.478774,0.438675,0.787376,0.638287,0.706286,0.576344,0.795328,0.788730,0.765883,0.794193,0.824558,0.816742,0.809857,0.801540,0.695585,0.685795,0.511701,0.645127,0.697646,0.781865,0.653739,0.660170,0.815738,0.852378,0.816956,0.801356,0.773812,0.834139,0.816969,0.813638,0.820061,0.798290,0.765405,0.769639,0.781015,0.809296,0.848212,0.835863,0.806259,0.770905,0.790130,0.823400,0.829807,0.806306,0.812526,0.753151
    Median/Mean ISI within Burst - Std,0.064547,0.228021,0.197486,0.098449,0.060943,0.146765,0.091836,0.153715,0.166631,0.067569,0.101245,0.077835,0.110521,0.079756,0.048991,0.077925,0.157782,0.109858,0.083257,0.104501,0.130309,0.103960,0.104528,0.139114,0.062820,0.091598,0.078007,0.049858,0.049184,0.056347,0.075142,0.049423,0.026637,0.050739,0.032796,0.068552,0.086897,0.061423,0.124532,0.078669,0.053383,0.037542,0.105407,0.087158,0.053024,0.120082,0.082963,0.032902
    Inter-Burst Interval - Avg (sec),14.410731,13.518246,26.656250,19.433975,11.367305,17.058183,9.913597,13.372196,16.643026,30.817182,23.177516,16.540312,37.351759,31.431050,14.962966,32.080469,35.044825,45.465754,12.948322,15.747377,7.393697,15.898558,14.814593,6.113773,15.498189,26.602610,12.227921,14.039123,12.334481,11.394210,39.651043,10.947523,26.035740,19.534543,8.988839,16.370293,16.765069,24.118476,80.677136,28.532920,26.571633,7.686464,23.920434,57.616521,33.251752,18.994632,41.539257,24.428071
    Inter-Burst Interval - Std (sec),14.712567,20.505153,37.239250,39.321791,17.108844,24.597039,11.857631,15.998165,22.395209,34.336184,26.301179,16.268579,60.395155,61.362777,15.943837,53.128560,80.589981,61.865478,16.676033,17.701951,2.584265,18.497045,23.476750,5.068425,29.394913,49.087854,13.016319,18.238344,15.331977,12.813079,70.927378,12.826692,56.287731,20.275109,2.995733,22.376885,11.722925,24.865036,169.183520,34.879412,22.536735,6.900026,20.651373,59.209121,30.474225,24.600102,60.006187,49.003809
    Burst Frequency - Avg (Hz),0.154500,0.141000,0.122857,0.142436,0.236667,0.143929,0.190595,0.193611,0.121410,0.059306,0.076071,0.096333,0.072308,0.078000,0.114833,0.119394,0.145952,0.126905,0.118974,0.108929,0.135444,0.108444,0.140256,0.193333,0.184615,0.181333,0.119487,0.136458,0.149792,0.135833,0.122667,0.189028,0.082083,0.099500,0.122121,0.134444,0.080500,0.079167,0.075606,0.098194,0.081970,0.173704,0.063974,0.045185,0.058636,0.098939,0.077708,0.154762
    Burst Frequency - Std (Hz),0.108497,0.085347,0.097014,0.071478,0.135711,0.112217,0.087831,0.119377,0.114881,0.036539,0.036641,0.054340,0.047767,0.052092,0.080114,0.089391,0.075276,0.109377,0.039567,0.051906,0.046978,0.050934,0.057570,0.075773,0.094917,0.108310,0.070209,0.064489,0.079913,0.061086,0.084148,0.101126,0.037690,0.086185,0.037565,0.070887,0.067664,0.066478,0.065125,0.090382,0.073578,0.061710,0.057649,0.051602,0.064139,0.072481,0.077490,0.077349
    IBI Coefficient of Variation - Avg,0.774614,0.478920,0.645185,0.306805,0.750753,0.545184,0.435236,0.566702,0.771507,0.533459,0.650880,0.584225,0.667049,0.510270,0.580880,0.513975,0.542952,0.670443,0.416853,0.526508,0.286158,0.484381,0.545916,0.436031,0.537083,0.407800,0.467152,0.430642,0.641448,0.535586,0.557129,0.512067,0.494301,0.690844,0.499031,0.490889,0.682213,0.665317,0.569636,0.635132,0.705383,0.575715,0.652979,0.639016,0.802090,0.536147,0.673094,0.655296
    IBI Coefficient of Variation - Std,0.276181,0.176804,0.298752,0.175216,0.287539,0.338832,0.260249,0.298974,0.247642,0.086008,0.371691,0.224590,0.123275,0.082848,0.303707,0.193925,0.148123,0.318240,0.223240,0.447403,0.215955,0.198305,0.236511,0.163968,0.189573,0.124388,0.190386,0.241754,0.491824,0.275878,0.362645,0.273242,0.070586,0.214034,0.075598,0.151312,0.182515,0.284784,0.181902,0.126543,0.237490,0.033897,0.163495,0.292525,0.228311,0.084568,0.197173,0.104382
    Burst Percentage - Avg,47.901669,42.374647,48.229276,63.781108,39.520119,51.841055,65.914589,51.380451,51.188953,44.326209,67.904196,59.770940,49.076082,53.335562,55.211289,41.021599,68.662664,41.442444,70.312480,66.342047,83.426506,73.834385,68.391677,82.659516,66.838260,38.077302,60.378953,79.655464,42.620033,77.268604,61.632442,61.485698,74.710989,40.739489,61.379604,64.821230,50.511315,37.743101,37.301347,36.203676,34.246749,51.915507,39.621971,33.276912,38.645734,48.480581,27.506404,29.510991
    Burst Percentage - Std,43.657580,45.809067,42.565620,45.929848,41.274129,41.138624,33.411664,46.330336,28.422714,31.016481,35.005483,25.569852,35.890850,31.908673,38.692585,39.053594,37.849612,44.389430,41.491643,37.253632,26.073208,36.160402,43.203975,29.695270,38.409209,44.172359,36.056435,22.462888,42.201360,23.191700,39.442582,38.823051,25.873043,33.180724,34.442069,36.349389,26.595982,34.017603,35.685196,31.610378,31.733833,33.726029,28.221191,31.243982,25.991105,37.172292,33.453716,32.515732
Network Burst Metrics
    Number of Network Bursts,154.000000,125.000000,141.000000,111.000000,224.000000,164.000000,153.000000,167.000000,201.000000,64.000000,75.000000,123.000000,86.000000,102.000000,121.000000,134.000000,115.000000,130.000000,79.000000,83.000000,92.000000,82.000000,88.000000,138.000000,149.000000,134.000000,122.000000,112.000000,134.000000,115.000000,120.000000,166.000000,73.000000,132.000000,121.000000,124.000000,119.000000,110.000000,96.000000,160.000000,126.000000,167.000000,100.000000,45.000000,104.000000,116.000000,100.000000,170.000000
    Network Burst Frequency,0.256667,0.208333,0.235000,0.185000,0.373333,0.273333,0.255000,0.278333,0.335000,0.106667,0.125000,0.205000,0.143333,0.170000,0.201667,0.223333,0.191667,0.216667,0.131667,0.138333,0.153333,0.136667,0.146667,0.230000,0.248333,0.223333,0.203333,0.186667,0.223333,0.191667,0.200000,0.276667,0.121667,0.220000,0.201667,0.206667,0.198333,0.183333,0.160000,0.266667,0.210000,0.278333,0.166667,0.075000,0.173333,0.193333,0.166667,0.283333
    Network Burst Duration - Avg (sec),0.186765,0.245530,0.159024,0.168592,0.197730,0.240085,0.363834,0.207961,0.216769,0.292052,0.331526,0.278397,0.272047,0.280544,0.236427,0.469307,0.234476,0.430004,0.550917,0.483580,0.625668,0.462703,0.468546,0.183099,0.197343,0.145928,0.278841,0.276781,0.316335,0.504535,0.260632,0.235168,0.258640,0.228539,0.341521,0.349549,0.388596,0.380673,0.443681,0.345573,0.284315,0.227727,0.260662,0.334564,0.337380,0.458210,0.313522,0.337978
    Network Burst Duration - Std (sec),0.033934,0.094934,0.020624,0.041668,0.080592,0.098819,0.110291,0.049884,0.203741,0.262435,0.208739,0.260052,0.211745,0.183062,0.193725,0.165927,0.238521,0.291548,0.274801,0.264265,0.193371,0.130144,0.459569,0.146721,0.278316,0.140185,0.263904,0.235806,0.294208,0.347850,0.187127,0.296470,0.171183,0.234348,0.212336,0.240244,0.295483,0.256697,0.165027,0.374461,0.210003,0.230813,0.226551,0.194729,0.293206,0.234349,0.291897,0.261218
    Number of Spikes per Network Burst - Avg,126.344156,110.352000,142.595745,166.144144,86.133929,132.134146,171.143791,201.305389,89.935323,102.859375,191.706667,140.056911,130.895349,139.931373,94.975207,131.328358,228.330435,72.823077,375.784810,258.265060,434.565217,444.987805,369.261364,264.050725,196.187919,60.746269,143.442623,221.169643,93.888060,247.739130,187.258333,190.801205,185.465753,83.166667,178.322314,201.758065,84.352941,90.172727,98.218750,88.750000,99.920635,111.197605,88.000000,64.022222,75.144231,113.448276,74.150000,76.670588
    Number of Spikes per Network Burst - Std,24.848135,9.576733,11.291576,25.745555,21.357094,41.962374,38.358664,31.436628,79.463267,49.463107,110.822816,114.383615,72.145609,88.614334,32.487039,45.932081,87.406664,42.253290,126.911707,59.510418,61.920599,45.124654,142.064134,81.678498,128.553300,13.709492,102.286670,94.308951,51.284502,84.167553,44.372468,158.026704,61.543815,62.702517,114.782273,113.320279,35.678553,38.486947,37.946833,79.574023,42.556993,65.164966,38.494129,26.283843,46.678079,43.488798,40.373352,39.530346
    Mean ISI within Network Burst - Avg (sec),0.001521,0.002228,0.001122,0.001015,0.002291,0.001845,0.002183,0.001029,0.002511,0.003244,0.002074,0.002512,0.002449,0.002357,0.002861,0.004184,0.000936,0.005946,0.001426,0.001813,0.001437,0.001039,0.001091,0.000665,0.000869,0.002387,0.002089,0.001169,0.003229,0.001925,0.001416,0.001195,0.001768,0.002935,0.002455,0.002079,0.004986,0.004395,0.005190,0.004143,0.003371,0.002085,0.003157,0.005416,0.004550,0.004556,0.004446,0.004939
    Mean ISI within Network Burst - Std (sec),0.000289,0.000777,0.000126,0.000152,0.000605,0.000691,0.000658,0.000185,0.001387,0.002609,0.001218,0.002196,0.002391,0.001391,0.002567,0.002639,0.000477,0.002011,0.000281,0.000669,0.000352,0.000237,0.000585,0.000268,0.000317,0.001668,0.001719,0.000566,0.001832,0.000793,0.000949,0.000684,0.001856,0.002284,0.001671,0.001404,0.003221,0.002329,0.003051,0.002901,0.002819,0.001076,0.002224,0.002507,0.002368,0.003043,0.003208,0.003773
    Median ISI within Network Burst - Avg (sec),0.000578,0.000507,0.000426,0.000375,0.000936,0.000551,0.000504,0.000424,0.000839,0.001172,0.000847,0.000745,0.000995,0.000874,0.000895,0.001025,0.000416,0.001498,0.000507,0.000607,0.000424,0.000433,0.000433,0.000260,0.000405,0.001318,0.000768,0.000415,0.000985,0.000457,0.000502,0.000447,0.000519,0.001072,0.000967,0.000794,0.001769,0.001613,0.000982,0.001108,0.001380,0.000947,0.001250,0.002398,0.002178,0.001332,0.002134,0.001436
    Median ISI within Network Burst - Std (sec),0.000081,0.000061,0.000054,0.000043,0.000155,0.000066,0.000062,0.000042,0.000339,0.000952,0.000705,0.000437,0.000735,0.000494,0.000523,0.000682,0.000054,0.000402,0.000076,0.000089,0.000040,0.000042,0.000066,0.000038,0.000154,0.000574,0.000629,0.000167,0.000436,0.000227,0.000331,0.000196,0.000555,0.000551,0.000684,0.000544,0.000945,0.000818,0.000658,0.000605,0.000805,0.000511,0.000513,0.000822,0.000936,0.001691,0.001927,0.000592
    Median/Mean ISI within Network Burst - Avg,0.388466,0.248137,0.383764,0.377225,0.429117,0.325275,0.252696,0.421725,0.405868,0.397266,0.406446,0.384275,0.444111,0.395396,0.419326,0.249635,0.496331,0.286760,0.363556,0.366325,0.310142,0.434142,0.462164,0.434058,0.484137,0.629909,0.400925,0.391347,0.377227,0.260408,0.380695,0.429787,0.357115,0.452988,0.417881,0.412953,0.410832,0.405912,0.195000,0.345446,0.477072,0.476618,0.476675,0.474852,0.528954,0.281087,0.511302,0.394175
    Median/Mean ISI within Network Burst - Std,0.067121,0.069831,0.060352,0.066805,0.100003,0.092612,0.081246,0.072451,0.194260,0.149114,0.171559,0.163047,0.153202,0.136865,0.178423,0.072221,0.122547,0.130190,0.061656,0.102411,0.069749,0.086241,0.139805,0.135917,0.111000,0.171156,0.143610,0.123596,0.174395,0.128532,0.101705,0.147634,0.159519,0.181408,0.153507,0.147608,0.163137,0.165047,0.069761,0.187402,0.166518,0.127195,0.161456,0.117524,0.173118,0.158314,0.165061,0.190259
    Number of Elecs Participating in Burst - Avg,11.292208,13.304000,15.368794,15.360360,10.004464,14.628049,14.261438,13.754491,10.985075,11.656250,13.133333,15.162602,11.697674,13.303922,9.041322,10.492537,14.843478,7.507692,14.227848,14.204819,14.836957,15.146341,13.477273,15.949275,12.644295,5.313433,12.729508,15.330357,8.649254,15.408696,14.966667,13.337349,14.136986,9.606061,10.983471,11.080645,8.571429,9.036364,10.302083,11.037500,10.531746,9.311377,10.930000,8.555556,10.259615,9.646552,6.650000,8.188235
    Number of Elecs Participating in Burst - Std,0.774810,0.825247,0.578315,0.614858,0.895919,0.577231,0.440861,0.553924,1.246907,0.979452,1.621922,1.050948,2.316538,1.784361,1.337888,1.412864,0.364939,0.673371,0.576225,0.676415,0.371429,0.668921,0.660499,0.220234,0.637497,0.653710,1.466073,0.998994,0.738394,1.016493,1.597968,1.064890,1.902594,1.017087,0.605303,1.233653,1.259348,1.760563,1.240711,1.585657,1.583346,0.790792,1.934561,0.867482,1.149041,1.510855,1.166667,0.896992
    Number of Spikes per Network Burst per Channel - Avg,11.178020,8.332619,9.285402,10.822362,8.619745,9.008081,11.998444,14.648939,8.020095,8.662334,13.901685,9.053516,10.548492,10.039500,10.351461,12.357828,15.373458,9.672241,26.436918,18.185425,29.296687,29.387795,27.329412,16.563164,15.610566,11.598330,11.020267,14.313575,10.849624,15.891952,12.440149,14.060857,12.814238,8.514200,15.972577,17.597477,9.703283,9.832064,9.347470,7.817934,9.342692,11.776422,7.906150,7.408474,7.282285,11.478846,11.056828,9.240840
    Number of Spikes per Network Burst per Channel - Std,2.090022,0.948520,0.764481,1.687546,2.023860,2.776993,2.639986,2.320418,6.467457,3.845242,7.000489,7.032771,4.435136,5.224827,2.772220,3.711496,5.815291,5.360901,9.013394,4.123215,4.121162,2.792179,10.073499,5.146155,10.709484,3.127373,7.264793,5.658777,5.800247,4.934169,2.461689,11.060123,3.407826,5.704277,9.853814,8.797228,3.256644,3.261532,2.934829,5.847122,3.405618,6.371931,2.847036,2.525748,4.168083,3.328548,4.900800,3.953571
    Network Burst Percentage,99.794840,99.052133,99.890700,99.643397,99.839586,99.857149,98.229358,99.943515,94.510378,78.989681,99.343605,94.993107,92.270492,84.107248,95.480226,86.805110,99.878281,99.464173,99.909134,99.916100,99.905043,99.950694,99.843299,98.491770,99.907721,84.203993,98.752892,99.754349,97.285803,99.716496,99.786847,96.074863,91.964407,85.120571,98.606160,98.403084,94.805440,88.428279,80.199030,92.622790,86.553004,86.970776,80.837773,48.550725,79.793751,92.474176,76.815498,82.634882
    Network IBI Coefficient of Variation,0.552390,0.343862,0.354069,0.234743,0.443614,0.170569,0.199744,0.318339,0.424493,0.476755,0.300075,0.476114,0.430047,0.386474,0.354730,0.317352,0.439828,0.458052,0.197961,0.098264,0.144978,0.396948,0.285547,0.358848,0.437850,0.373055,0.320666,0.244652,0.304420,0.294629,0.245320,0.363594,0.476754,0.409253,0.375682,0.328532,0.316070,0.383521,0.341255,0.478388,0.473033,0.557694,0.509915,0.548863,0.433275,0.410676,0.549484,0.479769
    Network Normalized Duration IQR,0.106626,0.458670,0.000000,0.124009,0.745717,0.580897,0.417362,0.092995,0.905974,0.727895,0.857823,1.160613,0.779272,0.626073,0.981600,0.441440,0.188821,0.572262,0.459858,0.530619,0.342176,0.313174,0.348754,0.322737,0.391261,0.383378,0.816921,0.527509,1.124332,0.503213,0.343144,0.869157,0.896495,0.836957,0.951388,0.976074,1.110472,0.844452,0.366801,1.307378,0.771257,0.817099,0.870537,0.517616,0.879982,0.615156,0.983578,1.204434
Synchrony Metrics
    Area Under Normalized Cross-Correlation,0.437069,0.501976,0.621318,0.648925,0.307962,0.549323,0.657419,0.589735,0.374179,0.414571,0.528810,0.576670,0.391542,0.408370,0.332128,0.289815,0.522766,0.251003,0.584333,0.477905,0.646360,0.613181,0.543781,0.766512,0.544407,0.207074,0.497625,0.573294,0.286567,0.568535,0.537087,0.511379,0.647046,0.313072,0.475325,0.404891,0.222106,0.203013,0.328809,0.330535,0.239705,0.322484,0.296170,0.134367,0.162727,0.322422,0.151569,0.213290
    Area Under Cross-Correlation,5.388722,3.484306,6.715750,6.962889,3.795139,6.605653,10.029806,13.369181,4.247556,1.784764,5.916000,6.352292,3.253347,4.678403,3.107486,4.514514,10.787694,1.002778,9.081681,6.016681,17.618042,15.738000,13.014347,21.918806,12.548778,1.166736,5.347889,11.904611,2.459167,13.524667,9.514750,12.971792,7.778028,2.255167,8.146514,10.227333,1.473569,1.553625,2.331986,2.963653,2.615708,4.419069,1.594514,0.317181,0.860931,3.370500,0.990708,2.075000
    Full Width at Half Height of Normalized Cross-Correlation,22.000000,14.000000,15.000000,14.000000,25.000000,21.000000,22.000000,24.000000,16.000000,21.000000,25.000000,20.000000,25.000000,16.000000,17.000000,24.000000,23.000000,19.000000,16.000000,18.000000,22.000000,20.000000,19.000000,16.000000,22.000000,22.000000,25.000000,26.000000,28.000000,27.000000,25.000000,19.000000,21.000000,14.000000,20.000000,26.000000,25.000000,29.000000,26.000000,17.000000,17.000000,16.000000,11.000000,17.000000,19.000000,17.000000,30.000000,18.000000
    Full Width at Half Height of Cross-Correlation,38.000000,23.000000,27.000000,26.000000,60.000000,43.000000,46.000000,50.000000,62.000000,71.000000,106.000000,68.000000,86.000000,80.000000,64.000000,87.000000,57.000000,38.000000,37.000000,109.000000,165.000000,169.000000,149.000000,42.000000,70.000000,70.000000,74.000000,78.000000,66.000000,92.000000,79.000000,71.000000,64.000000,58.000000,107.000000,109.000000,76.000000,89.000000,71.000000,59.000000,95.000000,69.000000,77.000000,84.000000,114.000000,78.000000,89.000000,62.000000
    Synchrony Index, , , , , , , , , , , , , , , , , , , , , , , , , , , , , , , , , , , , , , , , , , , , , , , , 
    Kreuz SPIKE Distance, , , , , , , , , , , , , , , , , , , , , , , , , , , , , , , , , , , , , , , , , , , , , , , , 
Average Network Burst Metrics
    Start Electrode,22.000000,32.000000,43.000000,44.000000,43.000000,34.000000,14.000000,24.000000,12.000000,11.000000,42.000000,11.000000,31.000000,13.000000,42.000000,11.000000,12.000000,24.000000,11.000000,11.000000,14.000000,22.000000,11.000000,14.000000,12.000000,13.000000,12.000000,14.000000,44.000000,44.000000,41.000000,44.000000,12.000000,43.000000,11.000000,31.000000,11.000000,44.000000,11.000000,34.000000,13.000000,43.000000,22.000000,42.000000,11.000000,42.000000,31.000000,11.000000
    Percent Bursts with Start Electrode,22.077922,28.000000,54.609929,43.243243,57.142857,38.414634,34.640523,38.922156,33.333333,18.750000,44.000000,25.203252,31.395349,34.313725,33.057851,73.134328,31.304348,36.153846,36.708861,26.506024,29.347826,20.731707,22.727273,23.913043,25.503356,55.970149,40.163934,29.464286,38.059701,38.260870,27.500000,27.108434,34.246575,33.333333,22.314050,27.419355,44.537815,28.181818,75.000000,37.500000,37.301587,25.748503,25.000000,26.666667,39.423077,31.034483,40.000000,27.058824
    Burst Peak (Max Spikes per sec),2344.155844,2816.000000,3510.638298,3351.351351,1209.821429,2621.951220,915.032680,2976.047904,741.293532,1031.250000,1373.333333,1195.121951,1348.837209,1019.607843,1033.057851,37.313433,3182.608696,1246.153846,3721.518987,3265.060241,3326.086957,4012.195122,3556.818182,4079.710145,2610.738255,910.447761,1934.426230,2276.785714,888.059701,2365.217391,2583.333333,1915.662651,1424.657534,901.515152,1454.545455,1403.225806,554.621849,527.272727,72.916667,762.500000,785.714286,1125.748503,750.000000,555.555556,461.538462,956.896552,610.000000,429.411765
    Time to Burst Peak (ms),12.500000,12.500000,14.500000,16.500000,60.500000,16.500000,78.500000,16.500000,16.500000,38.500000,56.500000,38.500000,34.500000,76.500000,38.500000,68.500000,20.500000,16.500000,12.500000,11.500000,20.500000,16.500000,18.500000,14.500000,28.500000,41.500000,32.500000,36.500000,12.500000,43.500000,28.500000,32.500000,40.500000,12.500000,43.500000,70.500000,54.500000,29.500000,94.500000,24.500000,48.500000,40.500000,72.500000,48.500000,69.500000,36.500000,52.500000,28.500000

Measurement,A1_11,A1_12,A1_13,A1_14,A1_21,A1_22,A1_23,A1_24,A1_31,A1_32,A1_33,A1_34,A1_41,A1_42,A1_43,A1_44,A2_11,A2_12,A2_13,A2_14,A2_21,A2_22,A2_23,A2_24,A2_31,A2_32,A2_33,A2_34,A2_41,A2_42,A2_43,A2_44,A3_11,A3_12,A3_13,A3_14,A3_21,A3_22,A3_23,A3_24,A3_31,A3_32,A3_33,A3_34,A3_41,A3_42,A3_43,A3_44,A4_11,A4_12,A4_13,A4_14,A4_21,A4_22,A4_23,A4_24,A4_31,A4_32,A4_33,A4_34,A4_41,A4_42,A4_43,A4_44,A5_11,A5_12,A5_13,A5_14,A5_21,A5_22,A5_23,A5_24,A5_31,A5_32,A5_33,A5_34,A5_41,A5_42,A5_43,A5_44,A6_11,A6_12,A6_13,A6_14,A6_21,A6_22,A6_23,A6_24,A6_31,A6_32,A6_33,A6_34,A6_41,A6_42,A6_43,A6_44,A7_11,A7_12,A7_13,A7_14,A7_21,A7_22,A7_23,A7_24,A7_31,A7_32,A7_33,A7_34,A7_41,A7_42,A7_43,A7_44,A8_11,A8_12,A8_13,A8_14,A8_21,A8_22,A8_23,A8_24,A8_31,A8_32,A8_33,A8_34,A8_41,A8_42,A8_43,A8_44,B1_11,B1_12,B1_13,B1_14,B1_21,B1_22,B1_23,B1_24,B1_31,B1_32,B1_33,B1_34,B1_41,B1_42,B1_43,B1_44,B2_11,B2_12,B2_13,B2_14,B2_21,B2_22,B2_23,B2_24,B2_31,B2_32,B2_33,B2_34,B2_41,B2_42,B2_43,B2_44,B3_11,B3_12,B3_13,B3_14,B3_21,B3_22,B3_23,B3_24,B3_31,B3_32,B3_33,B3_34,B3_41,B3_42,B3_43,B3_44,B4_11,B4_12,B4_13,B4_14,B4_21,B4_22,B4_23,B4_24,B4_31,B4_32,B4_33,B4_34,B4_41,B4_42,B4_43,B4_44,B5_11,B5_12,B5_13,B5_14,B5_21,B5_22,B5_23,B5_24,B5_31,B5_32,B5_33,B5_34,B5_41,B5_42,B5_43,B5_44,B6_11,B6_12,B6_13,B6_14,B6_21,B6_22,B6_23,B6_24,B6_31,B6_32,B6_33,B6_34,B6_41,B6_42,B6_43,B6_44,B7_11,B7_12,B7_13,B7_14,B7_21,B7_22,B7_23,B7_24,B7_31,B7_32,B7_33,B7_34,B7_41,B7_42,B7_43,B7_44,B8_11,B8_12,B8_13,B8_14,B8_21,B8_22,B8_23,B8_24,B8_31,B8_32,B8_33,B8_34,B8_41,B8_42,B8_43,B8_44,C1_11,C1_12,C1_13,C1_14,C1_21,C1_22,C1_23,C1_24,C1_31,C1_32,C1_33,C1_34,C1_41,C1_42,C1_43,C1_44,C2_11,C2_12,C2_13,C2_14,C2_21,C2_22,C2_23,C2_24,C2_31,C2_32,C2_33,C2_34,C2_41,C2_42,C2_43,C2_44,C3_11,C3_12,C3_13,C3_14,C3_21,C3_22,C3_23,C3_24,C3_31,C3_32,C3_33,C3_34,C3_41,C3_42,C3_43,C3_44,C4_11,C4_12,C4_13,C4_14,C4_21,C4_22,C4_23,C4_24,C4_31,C4_32,C4_33,C4_34,C4_41,C4_42,C4_43,C4_44,C5_11,C5_12,C5_13,C5_14,C5_21,C5_22,C5_23,C5_24,C5_31,C5_32,C5_33,C5_34,C5_41,C5_42,C5_43,C5_44,C6_11,C6_12,C6_13,C6_14,C6_21,C6_22,C6_23,C6_24,C6_31,C6_32,C6_33,C6_34,C6_41,C6_42,C6_43,C6_44,C7_11,C7_12,C7_13,C7_14,C7_21,C7_22,C7_23,C7_24,C7_31,C7_32,C7_33,C7_34,C7_41,C7_42,C7_43,C7_44,C8_11,C8_12,C8_13,C8_14,C8_21,C8_22,C8_23,C8_24,C8_31,C8_32,C8_33,C8_34,C8_41,C8_42,C8_43,C8_44,D1_11,D1_12,D1_13,D1_14,D1_21,D1_22,D1_23,D1_24,D1_31,D1_32,D1_33,D1_34,D1_41,D1_42,D1_43,D1_44,D2_11,D2_12,D2_13,D2_14,D2_21,D2_22,D2_23,D2_24,D2_31,D2_32,D2_33,D2_34,D2_41,D2_42,D2_43,D2_44,D3_11,D3_12,D3_13,D3_14,D3_21,D3_22,D3_23,D3_24,D3_31,D3_32,D3_33,D3_34,D3_41,D3_42,D3_43,D3_44,D4_11,D4_12,D4_13,D4_14,D4_21,D4_22,D4_23,D4_24,D4_31,D4_32,D4_33,D4_34,D4_41,D4_42,D4_43,D4_44,D5_11,D5_12,D5_13,D5_14,D5_21,D5_22,D5_23,D5_24,D5_31,D5_32,D5_33,D5_34,D5_41,D5_42,D5_43,D5_44,D6_11,D6_12,D6_13,D6_14,D6_21,D6_22,D6_23,D6_24,D6_31,D6_32,D6_33,D6_34,D6_41,D6_42,D6_43,D6_44,D7_11,D7_12,D7_13,D7_14,D7_21,D7_22,D7_23,D7_24,D7_31,D7_32,D7_33,D7_34,D7_41,D7_42,D7_43,D7_44,D8_11,D8_12,D8_13,D8_14,D8_21,D8_22,D8_23,D8_24,D8_31,D8_32,D8_33,D8_34,D8_41,D8_42,D8_43,D8_44,E1_11,E1_12,E1_13,E1_14,E1_21,E1_22,E1_23,E1_24,E1_31,E1_32,E1_33,E1_34,E1_41,E1_42,E1_43,E1_44,E2_11,E2_12,E2_13,E2_14,E2_21,E2_22,E2_23,E2_24,E2_31,E2_32,E2_33,E2_34,E2_41,E2_42,E2_43,E2_44,E3_11,E3_12,E3_13,E3_14,E3_21,E3_22,E3_23,E3_24,E3_31,E3_32,E3_33,E3_34,E3_41,E3_42,E3_43,E3_44,E4_11,E4_12,E4_13,E4_14,E4_21,E4_22,E4_23,E4_24,E4_31,E4_32,E4_33,E4_34,E4_41,E4_42,E4_43,E4_44,E5_11,E5_12,E5_13,E5_14,E5_21,E5_22,E5_23,E5_24,E5_31,E5_32,E5_33,E5_34,E5_41,E5_42,E5_43,E5_44,E6_11,E6_12,E6_13,E6_14,E6_21,E6_22,E6_23,E6_24,E6_31,E6_32,E6_33,E6_34,E6_41,E6_42,E6_43,E6_44,E7_11,E7_12,E7_13,E7_14,E7_21,E7_22,E7_23,E7_24,E7_31,E7_32,E7_33,E7_34,E7_41,E7_42,E7_43,E7_44,E8_11,E8_12,E8_13,E8_14,E8_21,E8_22,E8_23,E8_24,E8_31,E8_32,E8_33,E8_34,E8_41,E8_42,E8_43,E8_44,F1_11,F1_12,F1_13,F1_14,F1_21,F1_22,F1_23,F1_24,F1_31,F1_32,F1_33,F1_34,F1_41,F1_42,F1_43,F1_44,F2_11,F2_12,F2_13,F2_14,F2_21,F2_22,F2_23,F2_24,F2_31,F2_32,F2_33,F2_34,F2_41,F2_42,F2_43,F2_44,F3_11,F3_12,F3_13,F3_14,F3_21,F3_22,F3_23,F3_24,F3_31,F3_32,F3_33,F3_34,F3_41,F3_42,F3_43,F3_44,F4_11,F4_12,F4_13,F4_14,F4_21,F4_22,F4_23,F4_24,F4_31,F4_32,F4_33,F4_34,F4_41,F4_42,F4_43,F4_44,F5_11,F5_12,F5_13,F5_14,F5_21,F5_22,F5_23,F5_24,F5_31,F5_32,F5_33,F5_34,F5_41,F5_42,F5_43,F5_44,F6_11,F6_12,F6_13,F6_14,F6_21,F6_22,F6_23,F6_24,F6_31,F6_32,F6_33,F6_34,F6_41,F6_42,F6_43,F6_44,F7_11,F7_12,F7_13,F7_14,F7_21,F7_22,F7_23,F7_24,F7_31,F7_32,F7_33,F7_34,F7_41,F7_42,F7_43,F7_44,F8_11,F8_12,F8_13,F8_14,F8_21,F8_22,F8_23,F8_24,F8_31,F8_32,F8_33,F8_34,F8_41,F8_42,F8_43,F8_44,
Activity Metrics
    Number of Spikes,6.000000,0.000000,3897.000000,0.000000,2534.000000,3078.000000,1225.000000,1087.000000,138.000000,822.000000,142.000000,2188.000000,0.000000,2470.000000,1017.000000,893.000000,218.000000,147.000000,392.000000,1500.000000,2353.000000,37.000000,1260.000000,335.000000,27.000000,2025.000000,1528.000000,1322.000000,11.000000,1334.000000,636.000000,801.000000,472.000000,688.000000,2234.000000,1293.000000,1131.000000,455.000000,2000.000000,3052.000000,1111.000000,664.000000,2795.000000,849.000000,71.000000,1608.000000,253.000000,1452.000000,1455.000000,351.000000,1220.000000,1677.000000,286.000000,58.000000,1497.000000,2729.000000,1667.000000,652.000000,503.000000,1063.000000,1842.000000,1598.000000,238.000000,1672.000000,46.000000,0.000000,2608.000000,1868.000000,0.000000,3283.000000,1660.000000,0.000000,29.000000,4691.000000,50.000000,147.000000,2308.000000,392.000000,1057.000000,1186.000000,1386.000000,757.000000,431.000000,1879.000000,0.000000,3194.000000,2135.000000,234.000000,2199.000000,943.000000,246.000000,1735.000000,2238.000000,2099.000000,921.000000,1304.000000,0.000000,4167.000000,3034.000000,1441.000000,1815.000000,1310.000000,2856.000000,49.000000,1882.000000,1339.000000,1661.000000,880.000000,2195.000000,669.000000,598.000000,2761.000000,1118.000000,1051.000000,4544.000000,2503.000000,470.000000,3457.000000,1452.000000,4804.000000,3700.000000,4335.000000,177.000000,2007.000000,12.000000,4.000000,2899.000000,1104.000000,1272.000000,4119.000000,0.000000,433.000000,0.000000,742.000000,1201.000000,4184.000000,515.000000,2749.000000,312.000000,171.000000,1288.000000,1871.000000,270.000000,0.000000,1028.000000,1128.000000,869.000000,268.000000,305.000000,1489.000000,5.000000,218.000000,774.000000,242.000000,480.000000,1061.000000,0.000000,456.000000,7.000000,4.000000,1270.000000,1928.000000,2177.000000,147.000000,993.000000,1178.000000,1549.000000,324.000000,3.000000,29.000000,1279.000000,145.000000,726.000000,1560.000000,395.000000,770.000000,1633.000000,634.000000,856.000000,1205.000000,2639.000000,727.000000,348.000000,1133.000000,2878.000000,2549.000000,362.000000,518.000000,984.000000,126.000000,809.000000,734.000000,86.000000,22.000000,248.000000,16.000000,1944.000000,2715.000000,960.000000,94.000000,1386.000000,11.000000,445.000000,71.000000,883.000000,612.000000,2001.000000,706.000000,2073.000000,644.000000,1389.000000,299.000000,88.000000,2108.000000,2645.000000,342.000000,2187.000000,759.000000,787.000000,87.000000,369.000000,2608.000000,117.000000,468.000000,438.000000,35.000000,2092.000000,1333.000000,0.000000,19.000000,1314.000000,2815.000000,867.000000,187.000000,0.000000,0.000000,42.000000,2388.000000,506.000000,0.000000,916.000000,86.000000,2430.000000,2.000000,0.000000,25.000000,2119.000000,2208.000000,2599.000000,8.000000,3944.000000,4668.000000,446.000000,108.000000,437.000000,277.000000,1037.000000,3410.000000,1447.000000,1186.000000,357.000000,892.000000,3409.000000,1330.000000,237.000000,4450.000000,780.000000,213.000000,0.000000,923.000000,4375.000000,2244.000000,2521.000000,2.000000,1185.000000,230.000000,1877.000000,0.000000,0.000000,2774.000000,0.000000,348.000000,0.000000,455.000000,0.000000,0.000000,3.000000,123.000000,4411.000000,560.000000,2893.000000,4262.000000,45.000000,1142.000000,368.000000,3598.000000,2.000000,1686.000000,2685.000000,109.000000,1633.000000,1591.000000,1731.000000,2998.000000,1821.000000,21.000000,236.000000,4559.000000,407.000000,2438.000000,380.000000,1677.000000,1099.000000,2179.000000,18.000000,979.000000,796.000000,2328.000000,958.000000,1558.000000,2943.000000,4679.000000,3133.000000,3581.000000,625.000000,4184.000000,2136.000000,3336.000000,0.000000,770.000000,2888.000000,1489.000000,5524.000000,177.000000,1735.000000,2818.000000,151.000000,1743.000000,2033.000000,338.000000,1735.000000,4511.000000,4822.000000,277.000000,607.000000,5528.000000,1660.000000,3578.000000,34.000000,2757.000000,2757.000000,3976.000000,4860.000000,422.000000,1458.000000,59.000000,4730.000000,1327.000000,4604.000000,3016.000000,4.000000,2.000000,2407.000000,2445.000000,248.000000,2113.000000,3775.000000,1076.000000,1120.000000,837.000000,2070.000000,3138.000000,4067.000000,645.000000,4567.000000,1865.000000,2264.000000,3696.000000,4288.000000,325.000000,2775.000000,1986.000000,1754.000000,1600.000000,2377.000000,1674.000000,1684.000000,1.000000,5.000000,585.000000,2483.000000,2115.000000,847.000000,881.000000,153.000000,3953.000000,5277.000000,0.000000,3880.000000,3344.000000,1915.000000,1179.000000,2968.000000,0.000000,3162.000000,0.000000,15.000000,353.000000,0.000000,0.000000,0.000000,1.000000,72.000000,2.000000,0.000000,0.000000,2892.000000,2977.000000,77.000000,1313.000000,751.000000,1534.000000,1312.000000,352.000000,649.000000,2324.000000,101.000000,1541.000000,0.000000,35.000000,461.000000,1402.000000,796.000000,2673.000000,303.000000,2078.000000,3450.000000,2262.000000,2377.000000,1109.000000,3065.000000,576.000000,766.000000,300.000000,1373.000000,859.000000,412.000000,2433.000000,16.000000,0.000000,1970.000000,1509.000000,105.000000,1212.000000,1.000000,452.000000,939.000000,9.000000,13.000000,1088.000000,0.000000,0.000000,2747.000000,2871.000000,249.000000,361.000000,2509.000000,3164.000000,3911.000000,1153.000000,705.000000,2596.000000,1532.000000,1795.000000,620.000000,640.000000,3593.000000,1136.000000,1246.000000,3361.000000,182.000000,3438.000000,140.000000,2087.000000,1075.000000,506.000000,3164.000000,462.000000,3348.000000,1398.000000,206.000000,3367.000000,1668.000000,345.000000,202.000000,931.000000,2632.000000,4417.000000,2403.000000,2696.000000,1177.000000,4452.000000,945.000000,0.000000,352.000000,386.000000,4627.000000,17.000000,1122.000000,450.000000,3140.000000,4151.000000,478.000000,1880.000000,135.000000,1826.000000,25.000000,561.000000,476.000000,2104.000000,519.000000,1596.000000,1726.000000,1050.000000,652.000000,241.000000,798.000000,655.000000,13.000000,779.000000,0.000000,28.000000,2544.000000,0.000000,1337.000000,1486.000000,409.000000,789.000000,212.000000,0.000000,813.000000,850.000000,3637.000000,0.000000,3297.000000,3286.000000,1850.000000,14.000000,1604.000000,2608.000000,1161.000000,662.000000,3.000000,2693.000000,1594.000000,838.000000,2268.000000,4.000000,0.000000,0.000000,1946.000000,1.000000,3428.000000,2893.000000,803.000000,2307.000000,1346.000000,0.000000,4194.000000,2595.000000,6.000000,3592.000000,148.000000,0.000000,247.000000,1918.000000,3206.000000,545.000000,757.000000,2.000000,0.000000,0.000000,0.000000,0.000000,80.000000,2798.000000,1247.000000,535.000000,380.000000,461.000000,0.000000,577.000000,42.000000,56.000000,50.000000,2626.000000,2234.000000,5.000000,0.000000,31.000000,166.000000,698.000000,1917.000000,456.000000,0.000000,896.000000,154.000000,1886.000000,4.000000,549.000000,1988.000000,3230.000000,1038.000000,1527.000000,1.000000,2113.000000,0.000000,117.000000,0.000000,486.000000,120.000000,31.000000,180.000000,373.000000,2.000000,275.000000,430.000000,1340.000000,53.000000,1506.000000,3038.000000,69.000000,137.000000,1743.000000,740.000000,3515.000000,1819.000000,241.000000,389.000000,34.000000,344.000000,760.000000,4082.000000,89.000000,32.000000,1.000000,1339.000000,650.000000,422.000000,167.000000,633.000000,2041.000000,1.000000,700.000000,88.000000,3197.000000,51.000000,0.000000,2091.000000,2378.000000,1781.000000,4639.000000,0.000000,0.000000,88.000000,3047.000000,1314.000000,783.000000,0.000000,2051.000000,3128.000000,1.000000,30.000000,84.000000,959.000000,2049.000000,2.000000,1384.000000,1811.000000,2262.000000,84.000000,606.000000,359.000000,352.000000,276.000000,0.000000,282.000000,346.000000,450.000000,204.000000,1.000000,0.000000,0.000000,20.000000,0.000000,0.000000,884.000000,0.000000,301.000000,703.000000,405.000000,1814.000000,823.000000,329.000000,2533.000000,837.000000,227.000000,367.000000,3.000000,321.000000,319.000000,0.000000,0.000000,789.000000,1996.000000,680.000000,0.000000,706.000000,1016.000000,0.000000,221.000000,99.000000,168.000000,1148.000000,5.000000,1715.000000,1.000000,2929.000000,325.000000,2873.000000,0.000000,796.000000,0.000000,2141.000000,1810.000000,0.000000,824.000000,2166.000000,36.000000,2056.000000,1.000000,0.000000,229.000000,4.000000,1805.000000,2394.000000,0.000000,0.000000,2.000000,17.000000,118.000000,1.000000,3241.000000,2123.000000,121.000000,1924.000000,0.000000,195.000000,0.000000,0.000000,6.000000,18.000000,3.000000,2449.000000,2448.000000,22.000000,750.000000,2473.000000
    Mean Firing Rate (Hz),0.010000,0.000000,6.495000,0.000000,4.223333,5.130000,2.041667,1.811667,0.230000,1.370000,0.236667,3.646667,0.000000,4.116667,1.695000,1.488333,0.363333,0.245000,0.653333,2.500000,3.921667,0.061667,2.100000,0.558333,0.045000,3.375000,2.546667,2.203333,0.018333,2.223333,1.060000,1.335000,0.786667,1.146667,3.723333,2.155000,1.885000,0.758333,3.333333,5.086667,1.851667,1.106667,4.658333,1.415000,0.118333,2.680000,0.421667,2.420000,2.425000,0.585000,2.033333,2.795000,0.476667,0.096667,2.495000,4.548333,2.778333,1.086667,0.838333,1.771667,3.070000,2.663333,0.396667,2.786667,0.076667,0.000000,4.346667,3.113333,0.000000,5.471667,2.766667,0.000000,0.048333,7.818333,0.083333,0.245000,3.846667,0.653333,1.761667,1.976667,2.310000,1.261667,0.718333,3.131667,0.000000,5.323333,3.558333,0.390000,3.665000,1.571667,0.410000,2.891667,3.730000,3.498333,1.535000,2.173333,0.000000,6.945000,5.056667,2.401667,3.025000,2.183333,4.760000,0.081667,3.136667,2.231667,2.768333,1.466667,3.658333,1.115000,0.996667,4.601667,1.863333,1.751667,7.573333,4.171667,0.783333,5.761667,2.420000,8.006667,6.166667,7.225000,0.295000,3.345000,0.020000,0.006667,4.831667,1.840000,2.120000,6.865000,0.000000,0.721667,0.000000,1.236667,2.001667,6.973333,0.858333,4.581667,0.520000,0.285000,2.146667,3.118333,0.450000,0.000000,1.713333,1.880000,1.448333,0.446667,0.508333,2.481667,0.008333,0.363333,1.290000,0.403333,0.800000,1.768333,0.000000,0.760000,0.011667,0.006667,2.116667,3.213333,3.628333,0.245000,1.655000,1.963333,2.581667,0.540000,0.005000,0.048333,2.131667,0.241667,1.210000,2.600000,0.658333,1.283333,2.721667,1.056667,1.426667,2.008333,4.398333,1.211667,0.580000,1.888333,4.796667,4.248333,0.603333,0.863333,1.640000,0.210000,1.348333,1.223333,0.143333,0.036667,0.413333,0.026667,3.240000,4.525000,1.600000,0.156667,2.310000,0.018333,0.741667,0.118333,1.471667,1.020000,3.335000,1.176667,3.455000,1.073333,2.315000,0.498333,0.146667,3.513333,4.408333,0.570000,3.645000,1.265000,1.311667,0.145000,0.615000,4.346667,0.195000,0.780000,0.730000,0.058333,3.486667,2.221667,0.000000,0.031667,2.190000,4.691667,1.445000,0.311667,0.000000,0.000000,0.070000,3.980000,0.843333,0.000000,1.526667,0.143333,4.050000,0.003333,0.000000,0.041667,3.531667,3.680000,4.331667,0.013333,6.573333,7.780000,0.743333,0.180000,0.728333,0.461667,1.728333,5.683333,2.411667,1.976667,0.595000,1.486667,5.681667,2.216667,0.395000,7.416667,1.300000,0.355000,0.000000,1.538333,7.291667,3.740000,4.201667,0.003333,1.975000,0.383333,3.128333,0.000000,0.000000,4.623333,0.000000,0.580000,0.000000,0.758333,0.000000,0.000000,0.005000,0.205000,7.351667,0.933333,4.821667,7.103333,0.075000,1.903333,0.613333,5.996667,0.003333,2.810000,4.475000,0.181667,2.721667,2.651667,2.885000,4.996667,3.035000,0.035000,0.393333,7.598333,0.678333,4.063333,0.633333,2.795000,1.831667,3.631667,0.030000,1.631667,1.326667,3.880000,1.596667,2.596667,4.905000,7.798333,5.221667,5.968333,1.041667,6.973333,3.560000,5.560000,0.000000,1.283333,4.813333,2.481667,9.206667,0.295000,2.891667,4.696667,0.251667,2.905000,3.388333,0.563333,2.891667,7.518333,8.036667,0.461667,1.011667,9.213333,2.766667,5.963333,0.056667,4.595000,4.595000,6.626667,8.100000,0.703333,2.430000,0.098333,7.883333,2.211667,7.673333,5.026667,0.006667,0.003333,4.011667,4.075000,0.413333,3.521667,6.291667,1.793333,1.866667,1.395000,3.450000,5.230000,6.778333,1.075000,7.611667,3.108333,3.773333,6.160000,7.146667,0.541667,4.625000,3.310000,2.923333,2.666667,3.961667,2.790000,2.806667,0.001667,0.008333,0.975000,4.138333,3.525000,1.411667,1.468333,0.255000,6.588333,8.795000,0.000000,6.466667,5.573333,3.191667,1.965000,4.946667,0.000000,5.270000,0.000000,0.025000,0.588333,0.000000,0.000000,0.000000,0.001667,0.120000,0.003333,0.000000,0.000000,4.820000,4.961667,0.128333,2.188333,1.251667,2.556667,2.186667,0.586667,1.081667,3.873333,0.168333,2.568333,0.000000,0.058333,0.768333,2.336667,1.326667,4.455000,0.505000,3.463333,5.750000,3.770000,3.961667,1.848333,5.108333,0.960000,1.276667,0.500000,2.288333,1.431667,0.686667,4.055000,0.026667,0.000000,3.283333,2.515000,0.175000,2.020000,0.001667,0.753333,1.565000,0.015000,0.021667,1.813333,0.000000,0.000000,4.578333,4.785000,0.415000,0.601667,4.181667,5.273333,6.518333,1.921667,1.175000,4.326667,2.553333,2.991667,1.033333,1.066667,5.988333,1.893333,2.076667,5.601667,0.303333,5.730000,0.233333,3.478333,1.791667,0.843333,5.273333,0.770000,5.580000,2.330000,0.343333,5.611667,2.780000,0.575000,0.336667,1.551667,4.386667,7.361667,4.005000,4.493333,1.961667,7.420000,1.575000,0.000000,0.586667,0.643333,7.711667,0.028333,1.870000,0.750000,5.233333,6.918333,0.796667,3.133333,0.225000,3.043333,0.041667,0.935000,0.793333,3.506667,0.865000,2.660000,2.876667,1.750000,1.086667,0.401667,1.330000,1.091667,0.021667,1.298333,0.000000,0.046667,4.240000,0.000000,2.228333,2.476667,0.681667,1.315000,0.353333,0.000000,1.355000,1.416667,6.061667,0.000000,5.495000,5.476667,3.083333,0.023333,2.673333,4.346667,1.935000,1.103333,0.005000,4.488333,2.656667,1.396667,3.780000,0.006667,0.000000,0.000000,3.243333,0.001667,5.713333,4.821667,1.338333,3.845000,2.243333,0.000000,6.990000,4.325000,0.010000,5.986667,0.246667,0.000000,0.411667,3.196667,5.343333,0.908333,1.261667,0.003333,0.000000,0.000000,0.000000,0.000000,0.133333,4.663333,2.078333,0.891667,0.633333,0.768333,0.000000,0.961667,0.070000,0.093333,0.083333,4.376667,3.723333,0.008333,0.000000,0.051667,0.276667,1.163333,3.195000,0.760000,0.000000,1.493333,0.256667,3.143333,0.006667,0.915000,3.313333,5.383333,1.730000,2.545000,0.001667,3.521667,0.000000,0.195000,0.000000,0.810000,0.200000,0.051667,0.300000,0.621667,0.003333,0.458333,0.716667,2.233333,0.088333,2.510000,5.063333,0.115000,0.228333,2.905000,1.233333,5.858333,3.031667,0.401667,0.648333,0.056667,0.573333,1.266667,6.803333,0.148333,0.053333,0.001667,2.231667,1.083333,0.703333,0.278333,1.055000,3.401667,0.001667,1.166667,0.146667,5.328333,0.085000,0.000000,3.485000,3.963333,2.968333,7.731667,0.000000,0.000000,0.146667,5.078333,2.190000,1.305000,0.000000,3.418333,5.213333,0.001667,0.050000,0.140000,1.598333,3.415000,0.003333,2.306667,3.018333,3.770000,0.140000,1.010000,0.598333,0.586667,0.460000,0.000000,0.470000,0.576667,0.750000,0.340000,0.001667,0.000000,0.000000,0.033333,0.000000,0.000000,1.473333,0.000000,0.501667,1.171667,0.675000,3.023333,1.371667,0.548333,4.221667,1.395000,0.378333,0.611667,0.005000,0.535000,0.531667,0.000000,0.000000,1.315000,3.326667,1.133333,0.000000,1.176667,1.693333,0.000000,0.368333,0.165000,0.280000,1.913333,0.008333,2.858333,0.001667,4.881667,0.541667,4.788333,0.000000,1.326667,0.000000,3.568333,3.016667,0.000000,1.373333,3.610000,0.060000,3.426667,0.001667,0.000000,0.381667,0.006667,3.008333,3.990000,0.000000,0.000000,0.003333,0.028333,0.196667,0.001667,5.401667,3.538333,0.201667,3.206667,0.000000,0.325000,0.000000,0.000000,0.010000,0.030000,0.005000,4.081667,4.080000,0.036667,1.250000,4.121667
    ISI Coefficient of Variation, , ,5.371539, ,4.403535,4.857259,2.960331,2.779753,0.957239,2.376903,1.134976,4.070689, ,4.324897,2.683956,2.487299,1.053168,1.032460,1.547582,3.435868,4.285115, ,3.131984,1.353713, ,4.028865,3.469888,2.742622, ,3.230850,2.110570,2.394153,1.630439,2.066157,3.990589,2.976961,2.764166,1.647308,3.761053,4.688304,2.731004,2.020373,4.481666,2.339461,0.794424,3.346976,0.992828,3.170251,3.493537,1.524866,3.190568,3.793037,1.336747, ,3.558534,4.842581,3.777466,2.237109,1.906610,2.960656,3.704922,3.685338,1.223195,3.780149, , ,3.469662,2.882702, ,3.858702,2.742292, , ,4.646639, ,1.052172,3.204713,1.025671,2.094309,2.241602,2.659887,1.863986,1.271660,3.163574, ,4.192268,3.388522,1.065239,3.439000,2.134045,1.021011,3.009660,3.444335,3.331229,2.103413,2.541637, ,4.744659,4.230515,2.714671,2.677809,2.759135,4.126960, ,3.292259,2.754756,3.129743,2.165221,3.583174,1.853515,1.732176,3.963484,2.414127,2.340481,5.118209,3.753600,1.391322,4.458608,2.795828,5.269325,4.633469,5.017159,1.049692,3.329945, , ,4.061436,2.388317,2.381680,4.404418, ,1.206615, ,1.742267,2.292829,2.863532,1.440775,3.592379,2.419687,1.790644,2.395216,2.935015,1.622052, ,2.851570,3.352429,2.553832,2.087246,1.388707,3.436665, ,1.749071,2.384420,1.649254,1.810467,2.907024, ,1.915933, , ,4.220550,5.015699,5.392473,1.674887,3.859950,3.915794,4.638920,2.161266, , ,4.118962,2.092733,3.020127,4.457386,2.056139,3.092957,3.556581,2.296612,2.636201,3.288478,3.379350,2.250618,1.713192,2.655930,4.698690,4.177947,1.567232,1.681545,2.721120,1.031357,2.573165,2.324936,1.399080, ,2.337922, ,4.091751,4.971404,2.953337,1.506372,3.453673, ,1.941810,1.021536,2.700054,2.167474,4.243704,2.435671,3.211574,2.483676,2.656006,1.216599,1.150197,3.836895,4.216471,2.995112,3.987950,2.257172,2.206156,1.228485,1.926744,4.390124,1.237789,1.867441,1.639139, ,3.979571,3.563713, , ,3.069939,4.037312,2.551056,1.405758, , , ,4.074063,2.107104, ,2.335635,1.468564,3.929814, , , ,3.782003,4.159341,4.008311, ,4.817453,1.097032,1.639986,1.172151,1.608639,1.568983,3.026561,5.670021,3.632805,3.271426,1.605697,2.789404,5.677887,3.469558,1.240391,6.466693,2.595340,1.257513, ,2.846146,6.448993,4.584523,4.388304, ,3.028054,1.168266,3.808179, , ,4.573177, ,1.473905, ,1.768146, , , ,1.036112,7.102556,2.451543,5.763527,7.013114, ,3.552819,1.891584,6.440571, ,4.374250,5.546592,1.012358,4.276373,4.164281,4.426126,5.828831,4.447278, ,1.883068,7.050151,1.976505,5.157558,1.873584,4.250401,3.403722,4.864680, ,3.150259,2.818157,5.029620,3.158268,4.047177,5.425076,6.369032,5.592273,5.860595,2.378084,6.431295,4.576316,5.675746, ,2.645099,5.305256,3.838546,7.416999,1.266448,4.130742,5.276095,1.268392,4.683765,5.047593,1.937381,4.755990,7.589179,7.953337,1.761427,2.707147,8.484206,4.590166,6.782122, ,5.980927,6.009871,7.209032,7.325263,2.036097,3.938825, ,7.236289,3.737868,7.065662,5.758016, , ,5.109136,5.006298,1.471726,4.767501,6.404678,3.333845,2.795347,2.373075,3.906244,2.355215,5.544119,2.031827,5.637374,3.691011,4.086239,5.278656,5.697320,1.336242,4.499580,3.497178,3.562240,3.386403,4.065385,3.380046,3.405374, , ,1.932976,4.180548,3.824780,2.330338,2.374691,1.137017,5.291616,6.136655, ,5.263249,4.891487,3.193496,2.597502,4.056212, ,3.839036, , ,1.257007, , , , ,1.019034, , , ,4.827200,4.900862,0.998502,3.233735,2.357649,3.517984,3.206885,1.727384,2.296384,4.280683,0.998539,3.409645, , ,1.937965,3.218215,2.527103,4.755436,1.579565,4.157028,5.464465,4.368479,4.472052,3.004819,5.165444,2.212881,2.453274,2.051862,3.404434,2.636063,1.874228,4.523682, , ,3.752314,3.233063,0.941372,2.874192, ,1.738715,2.421326, , ,2.678044, , ,3.966836,4.378375,1.602277,1.807744,4.519090,5.142707,5.740133,2.907454,2.316814,4.649297,3.584981,3.873386,2.125736,2.379119,5.561578,3.075341,3.264485,5.185242,1.016213,5.209970,1.094523,4.074051,2.881075,1.928871,5.029889,1.772435,5.177944,3.326372,1.105914,5.210196,3.624786,1.443332,1.481876,2.653624,3.872968,4.841353,3.580438,3.986919,1.699736,5.097064,2.360262, ,1.225743,1.536729,5.157663, ,2.456922,1.662699,4.201435,4.770931,1.835679,3.666650,1.123527,4.076815, ,3.190448,2.073923,4.086056,2.850821,3.995531,3.890602,3.603727,2.842991,2.205940,3.671700,2.590044, ,2.200487, , ,3.693810, ,2.536226,2.773271,1.657846,1.859110,1.068373, ,2.239015,1.517725,4.173799, ,5.090977,5.155074,3.878649, ,3.548094,4.468059,3.058329,2.440533, ,4.587474,3.510625,2.450018,4.221326, , , ,4.009595, ,4.909362,4.662322,2.658397,4.233887,3.193684, ,5.334793,4.390389, ,5.176653,1.385244, ,1.461091,3.698228,4.666417,1.964683,2.309216, , , , , ,1.144147,4.337386,2.821790,2.257220,1.885864,2.298322, ,1.934155, , , ,4.379586,4.009095, , , ,1.552499,2.181627,2.213889,2.357419, ,2.440915,1.466023,3.594419, ,2.002940,3.750771,1.299998,2.742511,3.805465, ,3.970307, ,1.292719, ,1.881746,1.317346, ,1.056409,1.476375, ,1.498139,1.347054,2.590439, ,2.631589,3.923316,0.930789,1.411138,2.897798,1.750784,4.100580,2.924361,1.589387,0.879381, ,1.454222,2.155158,4.265315,1.212312, , ,2.621156,2.350158,1.737585,1.663612,1.697112,3.234977, ,1.746241,1.021102,4.058293, , ,3.301283,3.412013,2.862401,2.628787, , ,1.287587,3.265589,2.603942,1.885844, ,3.132263,3.862304, , ,1.242929,2.267479,3.254336, ,2.579759,3.097400,3.480254,1.052506,1.839055,2.064296,1.563812,1.927048, ,1.971618,1.594308,1.399738,1.546669, , , , , , ,2.681726, ,1.132879,1.982247,4.400327,2.607646,1.706372,1.549669,3.761671,2.036616,1.448697,1.746813, ,1.661335,1.071690, , ,2.227534,3.294789,1.825236, ,2.032429,2.363264, ,1.145289,1.117613,1.085151,2.853668, ,3.198244, ,4.167514,2.096855,4.275420, ,2.501167, ,3.618967,3.323539, ,1.978914,3.787619, ,3.360252, , ,1.327059, ,2.605507,3.669063, , , , ,1.386803, ,3.614573,2.896305,1.046032,2.330151, ,0.989857, , , , , ,2.881844,2.893962, ,1.547728,2.793989
Electrode Burst Metrics
    Number of Bursts,0.000000,0.000000,154.000000,0.000000,151.000000,154.000000,62.000000,30.000000,0.000000,15.000000,0.000000,153.000000,0.000000,154.000000,39.000000,15.000000,0.000000,0.000000,1.000000,125.000000,119.000000,0.000000,110.000000,0.000000,0.000000,125.000000,119.000000,101.000000,0.000000,111.000000,4.000000,31.000000,4.000000,1.000000,140.000000,89.000000,72.000000,6.000000,138.000000,140.000000,42.000000,10.000000,140.000000,18.000000,0.000000,113.000000,0.000000,119.000000,109.000000,2.000000,102.000000,111.000000,0.000000,0.000000,107.000000,111.000000,111.000000,28.000000,4.000000,96.000000,111.000000,109.000000,0.000000,110.000000,0.000000,0.000000,187.000000,152.000000,0.000000,221.000000,136.000000,0.000000,0.000000,226.000000,0.000000,0.000000,174.000000,0.000000,11.000000,29.000000,80.000000,7.000000,0.000000,147.000000,0.000000,168.000000,156.000000,1.000000,152.000000,22.000000,1.000000,121.000000,151.000000,135.000000,10.000000,58.000000,0.000000,153.000000,153.000000,118.000000,111.000000,136.000000,153.000000,0.000000,131.000000,123.000000,153.000000,25.000000,153.000000,24.000000,14.000000,154.000000,13.000000,14.000000,171.000000,160.000000,0.000000,168.000000,43.000000,174.000000,168.000000,174.000000,0.000000,135.000000,0.000000,0.000000,161.000000,13.000000,74.000000,206.000000,0.000000,1.000000,0.000000,44.000000,59.000000,158.000000,2.000000,168.000000,29.000000,8.000000,58.000000,122.000000,18.000000,0.000000,49.000000,53.000000,55.000000,24.000000,5.000000,65.000000,0.000000,13.000000,36.000000,11.000000,16.000000,67.000000,0.000000,33.000000,0.000000,0.000000,50.000000,64.000000,73.000000,5.000000,41.000000,49.000000,58.000000,43.000000,0.000000,0.000000,59.000000,7.000000,44.000000,69.000000,16.000000,61.000000,77.000000,47.000000,51.000000,55.000000,98.000000,50.000000,23.000000,57.000000,115.000000,110.000000,14.000000,5.000000,77.000000,0.000000,43.000000,45.000000,2.000000,0.000000,26.000000,0.000000,79.000000,77.000000,52.000000,4.000000,69.000000,0.000000,37.000000,1.000000,56.000000,46.000000,77.000000,38.000000,50.000000,40.000000,51.000000,5.000000,0.000000,89.000000,85.000000,33.000000,88.000000,38.000000,46.000000,2.000000,40.000000,96.000000,1.000000,38.000000,16.000000,1.000000,110.000000,80.000000,0.000000,0.000000,103.000000,124.000000,68.000000,12.000000,0.000000,0.000000,0.000000,129.000000,46.000000,0.000000,50.000000,0.000000,121.000000,0.000000,0.000000,0.000000,107.000000,110.000000,118.000000,0.000000,141.000000,101.000000,16.000000,2.000000,14.000000,8.000000,70.000000,127.000000,118.000000,100.000000,3.000000,56.000000,128.000000,111.000000,2.000000,128.000000,57.000000,0.000000,0.000000,72.000000,127.000000,127.000000,137.000000,0.000000,129.000000,2.000000,111.000000,0.000000,0.000000,136.000000,0.000000,13.000000,0.000000,5.000000,0.000000,0.000000,0.000000,0.000000,86.000000,35.000000,85.000000,87.000000,0.000000,69.000000,9.000000,86.000000,0.000000,83.000000,84.000000,0.000000,80.000000,61.000000,80.000000,83.000000,88.000000,0.000000,8.000000,93.000000,26.000000,88.000000,9.000000,88.000000,80.000000,88.000000,0.000000,64.000000,40.000000,88.000000,70.000000,85.000000,94.000000,94.000000,94.000000,94.000000,45.000000,94.000000,94.000000,94.000000,0.000000,44.000000,94.000000,93.000000,94.000000,1.000000,94.000000,96.000000,4.000000,82.000000,82.000000,16.000000,83.000000,83.000000,83.000000,17.000000,30.000000,83.000000,82.000000,83.000000,0.000000,83.000000,82.000000,83.000000,102.000000,14.000000,98.000000,0.000000,102.000000,94.000000,102.000000,102.000000,0.000000,0.000000,102.000000,102.000000,5.000000,102.000000,102.000000,67.000000,117.000000,56.000000,138.000000,139.000000,140.000000,25.000000,139.000000,139.000000,136.000000,140.000000,140.000000,1.000000,138.000000,133.000000,138.000000,137.000000,144.000000,132.000000,136.000000,0.000000,0.000000,16.000000,149.000000,148.000000,70.000000,40.000000,2.000000,151.000000,149.000000,0.000000,152.000000,151.000000,129.000000,94.000000,155.000000,0.000000,163.000000,0.000000,0.000000,3.000000,0.000000,0.000000,0.000000,0.000000,0.000000,0.000000,0.000000,0.000000,120.000000,122.000000,0.000000,105.000000,43.000000,99.000000,100.000000,10.000000,49.000000,101.000000,1.000000,93.000000,0.000000,0.000000,24.000000,65.000000,80.000000,112.000000,8.000000,111.000000,113.000000,114.000000,114.000000,85.000000,114.000000,42.000000,82.000000,12.000000,100.000000,89.000000,23.000000,111.000000,0.000000,0.000000,137.000000,113.000000,0.000000,90.000000,0.000000,9.000000,42.000000,0.000000,0.000000,62.000000,0.000000,0.000000,131.000000,135.000000,9.000000,28.000000,117.000000,114.000000,116.000000,49.000000,64.000000,113.000000,89.000000,112.000000,40.000000,52.000000,116.000000,78.000000,89.000000,118.000000,0.000000,120.000000,3.000000,112.000000,108.000000,39.000000,118.000000,28.000000,120.000000,105.000000,4.000000,120.000000,115.000000,13.000000,5.000000,94.000000,145.000000,164.000000,146.000000,148.000000,0.000000,165.000000,13.000000,0.000000,0.000000,20.000000,161.000000,0.000000,88.000000,22.000000,142.000000,147.000000,34.000000,75.000000,3.000000,69.000000,1.000000,50.000000,47.000000,72.000000,50.000000,68.000000,68.000000,64.000000,51.000000,30.000000,59.000000,47.000000,0.000000,58.000000,0.000000,0.000000,114.000000,0.000000,75.000000,102.000000,15.000000,21.000000,1.000000,0.000000,51.000000,5.000000,155.000000,0.000000,110.000000,108.000000,69.000000,0.000000,68.000000,76.000000,56.000000,40.000000,0.000000,68.000000,78.000000,45.000000,88.000000,0.000000,0.000000,0.000000,73.000000,0.000000,124.000000,118.000000,54.000000,92.000000,59.000000,0.000000,128.000000,89.000000,0.000000,125.000000,8.000000,0.000000,6.000000,92.000000,126.000000,36.000000,44.000000,0.000000,0.000000,0.000000,0.000000,0.000000,1.000000,111.000000,60.000000,35.000000,10.000000,28.000000,0.000000,32.000000,0.000000,1.000000,0.000000,93.000000,112.000000,0.000000,0.000000,0.000000,8.000000,24.000000,51.000000,35.000000,0.000000,48.000000,9.000000,94.000000,0.000000,39.000000,86.000000,75.000000,67.000000,82.000000,0.000000,107.000000,0.000000,4.000000,0.000000,22.000000,2.000000,1.000000,0.000000,14.000000,0.000000,13.000000,5.000000,85.000000,0.000000,79.000000,129.000000,1.000000,11.000000,83.000000,40.000000,159.000000,99.000000,3.000000,0.000000,0.000000,8.000000,39.000000,147.000000,0.000000,0.000000,0.000000,68.000000,47.000000,16.000000,9.000000,13.000000,74.000000,0.000000,22.000000,0.000000,98.000000,0.000000,0.000000,102.000000,125.000000,105.000000,112.000000,0.000000,0.000000,0.000000,147.000000,74.000000,22.000000,0.000000,120.000000,131.000000,0.000000,0.000000,1.000000,42.000000,95.000000,0.000000,62.000000,76.000000,101.000000,1.000000,26.000000,31.000000,8.000000,26.000000,0.000000,21.000000,9.000000,6.000000,10.000000,0.000000,0.000000,0.000000,0.000000,0.000000,0.000000,54.000000,0.000000,3.000000,24.000000,23.000000,99.000000,11.000000,14.000000,112.000000,35.000000,9.000000,20.000000,0.000000,6.000000,1.000000,0.000000,0.000000,26.000000,108.000000,15.000000,0.000000,22.000000,33.000000,0.000000,2.000000,2.000000,1.000000,69.000000,0.000000,83.000000,0.000000,109.000000,31.000000,108.000000,0.000000,58.000000,0.000000,102.000000,88.000000,0.000000,20.000000,96.000000,1.000000,94.000000,0.000000,0.000000,5.000000,0.000000,44.000000,110.000000,0.000000,0.000000,0.000000,0.000000,3.000000,0.000000,150.000000,104.000000,0.000000,79.000000,0.000000,0.000000,0.000000,0.000000,0.000000,0.000000,0.000000,104.000000,129.000000,0.000000,5.000000,79.000000
    Burst Duration - Avg (sec), , ,0.147034, ,0.135826,0.141976,0.133262,0.153856, ,0.108016, ,0.136947, ,0.141591,0.084398,0.141589, , ,0.009840,0.128874,0.166163, ,0.118420, , ,0.132732,0.134457,0.122020, ,0.123274,0.176160,0.114046,0.036360,0.388320,0.141464,0.125447,0.099148,0.015240,0.142554,0.146133,0.140086,0.048784,0.148483,0.131196, ,0.139462, ,0.122830,0.134248,0.057240,0.136451,0.123039, , ,0.127339,0.140781,0.122350,0.147046,0.180480,0.116186,0.129021,0.131456, ,0.125678, , ,0.073333,0.064215, ,0.102750,0.041214, , ,0.106888, , ,0.083733, ,0.068167,0.047148,0.135216,0.107417, ,0.108908, ,0.141305,0.127843,0.013920,0.145149,0.117356,0.011680,0.140964,0.133923,0.167780,0.095792,0.196858, ,0.158110,0.150159,0.074085,0.069449,0.057265,0.101576, ,0.117400,0.060066,0.055560,0.137904,0.095124,0.040500,0.085171,0.106267,0.072948,0.098571,0.184319,0.127928, ,0.171476,0.141113,0.179733,0.159516,0.164501, ,0.184153, , ,0.173066,0.142302,0.077385,0.087437, ,0.791040, ,0.050747,0.093375,0.089035,0.275480,0.085358,0.072714,0.076650,0.104074,0.086561,0.043836, ,0.120011,0.075971,0.100855,0.064223,0.023424,0.091177, ,0.058308,0.101820,0.210124,0.165895,0.082770, ,0.115379, , ,0.126222,0.151358,0.131094,0.169584,0.148997,0.108312,0.106553,0.048340, , ,0.103218,0.497829,0.077158,0.114196,0.145270,0.140333,0.080614,0.060158,0.055700,0.135226,0.130949,0.041986,0.101402,0.135708,0.111664,0.139668,0.034840,0.963488,0.093826, ,0.087926,0.124617,0.041840, ,0.060280, ,0.111938,0.120769,0.126242,0.038160,0.150584, ,0.061818,0.034400,0.072613,0.057918,0.093875,0.158844,0.173733,0.103594,0.693133,0.100400, ,0.135685,0.126496,0.054068,0.107903,0.138813,0.083110,0.031000,0.034444,0.099709,0.022320,0.058737,0.040470,0.062160,0.080515,0.059895, , ,0.066542,0.091288,0.045155,0.048020, , , ,0.075676,0.042390, ,0.068906, ,0.108175, , , ,0.087963,0.089797,0.107613, ,0.145715,0.113278,0.054290,0.053560,0.114629,0.057520,0.201199,0.117143,0.119045,0.128130,0.010080,0.157186,0.113330,0.120607,0.012440,0.126509,0.106561, , ,0.083192,0.114177,0.093778,0.150758, ,0.103140,0.041000,0.197765, , ,0.161441, ,0.371422, ,0.045920, , , , ,0.364323,0.132110,0.351092,0.339498, ,0.366174,0.110498,0.370115, ,0.328977,0.354864, ,0.397790,0.551816,0.351041,0.382807,0.154252, ,0.126290,0.192277,0.065354,0.182492,0.115991,0.188446,0.206851,0.225016, ,0.231737,0.372956,0.216395,0.197960,0.237434,0.189997,0.302526,0.180889,0.251755,0.065593,0.247546,0.193599,0.225399, ,0.237958,0.242282,0.135818,0.252916,0.144720,0.154485,0.202460,0.035680,0.309962,0.288234,0.059085,0.150060,0.376132,0.214417,0.025892,0.306160,0.258901,0.221377,0.301440, ,0.225938,0.182333,0.207089,0.193263,0.160120,0.192113, ,0.182791,0.205880,0.205659,0.178515, , ,0.193897,0.250676,0.124080,0.172135,0.193933,0.302935,0.066760,0.094219,0.091608,0.093155,0.103463,0.106490,0.108311,0.090860,0.100161,0.099170,0.103615,0.089360,0.111703,0.102535,0.089646,0.090322,0.101012,0.089743,0.085462, , ,0.319815,0.098931,0.083631,0.067385,0.260310,0.026600,0.105449,0.105408, ,0.092055,0.087184,0.056881,0.079103,0.067871, ,0.083563, , ,0.138160, , , , , , , , ,0.110265,0.120135, ,0.083013,0.156026,0.095901,0.061366,0.572448,0.074656,0.152015,0.029600,0.133862, , ,0.222883,0.230651,0.053844,0.100391,0.150980,0.114732,0.118392,0.116503,0.101106,0.075525,0.102522,0.091032,0.045860,0.230307,0.073839,0.039808,0.046640,0.150959, , ,0.074892,0.089747, ,0.096342, ,0.067040,0.141328, , ,0.135039, , ,0.124628,0.104326,0.071778,0.051283,0.141304,0.180501,0.121063,0.446042,0.057614,0.101975,0.078505,0.087905,0.048024,0.085597,0.114883,0.094090,0.064848,0.114772, ,0.120297,0.036747,0.093584,0.058326,0.032656,0.105206,0.043606,0.102602,0.092604,0.018040,0.128006,0.078825,0.047698,0.063840,0.046208,0.073500,0.136141,0.092547,0.064503, ,0.133786,0.791625, , ,0.042608,0.130370, ,0.103851,0.048265,0.146348,0.148754,0.054089,0.092466,0.026107,0.087658,0.022480,0.041589,0.054684,0.089422,0.042414,0.089058,0.093993,0.060529,0.049054,0.039136,0.051873,0.056233, ,0.043183, , ,0.105846, ,0.105822,0.072167,0.143589,0.196758,0.035040, ,0.052188,0.297888,0.099429, ,0.182166,0.150324,0.117368, ,0.106326,0.127939,0.134523,0.130016, ,0.150868,0.120403,0.079481,0.101750, , , ,0.096118, ,0.136687,0.140744,0.060830,0.097881,0.087014, ,0.146510,0.105571, ,0.141782,0.071530, ,0.045053,0.129458,0.136793,0.035062,0.208842, , , , , ,0.130560,0.144138,0.117632,0.077083,0.272088,0.100589, ,0.075038, ,0.068800, ,0.122872,0.081721, , , ,0.114150,0.272917,0.222376,0.076055, ,0.135512,0.035244,0.151249, ,0.048855,0.088906,0.104574,0.055278,0.067185, ,0.074564, ,0.034920, ,0.101353,0.026840,0.053920, ,0.029069, ,0.031612,0.365968,0.090327, ,0.109848,0.092778,0.015040,0.035062,0.098544,0.106816,0.122848,0.097788,0.922027, , ,0.220090,0.116472,0.115847, , , ,0.091054,0.065037,0.074790,0.025280,0.200763,0.108922, ,0.129280, ,0.133224, , ,0.075837,0.076644,0.102926,0.164631, , , ,0.117891,0.132012,0.207913, ,0.089558,0.146561, , ,0.059040,0.182939,0.127748, ,0.152110,0.115358,0.121807,0.043040,0.108114,0.055455,0.402500,0.068705, ,0.187817,0.083031,0.089653,0.094144, , , , , , ,0.076031, ,0.443440,0.178847,0.184717,0.080792,0.205862,0.086417,0.147204,0.099918,0.084409,0.078852, ,0.474453,0.122560, , ,0.199348,0.088111,0.174192, ,0.187858,0.220371, ,0.122560,0.041080,0.134800,0.134488, ,0.124268, ,0.091558,0.038792,0.101211, ,0.074407, ,0.087598,0.081274, ,0.313372,0.101591,0.041920,0.086456, , ,0.022288, ,0.340925,0.092063, , , , ,0.215360, ,0.069443,0.072244, ,0.067229, , , , , , , ,0.083813,0.086678, ,0.329616,0.126118
    Burst Duration - Std (sec), , ,0.052338, ,0.053028,0.054408,0.067632,0.050911, ,0.066430, ,0.066387, ,0.059325,0.076845,0.065043, , , ,0.028652,0.032085, ,0.045793, , ,0.027569,0.037664,0.043415, ,0.038206,0.027516,0.171749,0.056242, ,0.030014,0.040145,0.063870,0.005104,0.032750,0.032104,0.097492,0.047366,0.032046,0.093605, ,0.032791, ,0.047069,0.065877,0.069523,0.081397,0.036541, , ,0.049676,0.037089,0.034771,0.126100,0.074325,0.062313,0.035082,0.051318, ,0.036357, , ,0.033111,0.083145, ,0.084165,0.017843, , ,0.056813, , ,0.089020, ,0.018448,0.049132,0.087507,0.091155, ,0.097287, ,0.085270,0.100321, ,0.085632,0.093824, ,0.097177,0.083574,0.086017,0.084985,0.095489, ,0.062793,0.068672,0.073837,0.089422,0.042897,0.062698, ,0.085717,0.079204,0.068320,0.105859,0.080718,0.050399,0.099660,0.078190,0.055673,0.072674,0.060172,0.080111, ,0.059209,0.060456,0.063733,0.051970,0.059149, ,0.062512, , ,0.060709,0.079352,0.230670,0.079877, , , ,0.024925,0.269809,0.092311,0.066242,0.170476,0.025223,0.018259,0.316505,0.176456,0.009852, ,0.076259,0.029612,0.078022,0.020502,0.011664,0.041181, ,0.028563,0.088420,0.337200,0.133945,0.064911, ,0.125444, , ,0.052929,0.083173,0.047801,0.014645,0.035769,0.040334,0.046457,0.031125, , ,0.041538,0.225220,0.021681,0.044773,0.155549,0.041478,0.037404,0.033356,0.027775,0.202659,0.191808,0.012143,0.233057,0.209198,0.162385,0.192803,0.010899,0.498090,0.234376, ,0.033974,0.231775,0.025116, ,0.026665, ,0.064219,0.053561,0.057593,0.010070,0.155466, ,0.037071, ,0.043941,0.025443,0.038719,0.180783,0.183964,0.135635,2.220154,0.110423, ,0.137972,0.074798,0.022227,0.113508,0.163212,0.055409,0.013633,0.014303,0.049866, ,0.035796,0.030427, ,0.047586,0.017959, , ,0.048040,0.047370,0.021786,0.008614, , , ,0.044726,0.021613, ,0.068832, ,0.081963, , , ,0.048580,0.047607,0.066003, ,0.096798,0.073092,0.033983,0.025399,0.061456,0.027075,0.224812,0.072480,0.123825,0.196274,0.000604,0.196241,0.032169,0.158299,0.002432,0.029308,0.279842, , ,0.017687,0.025764,0.020626,0.160430, ,0.237935,0.036826,0.275059, , ,0.201246, ,0.211554, ,0.027232, , , , ,0.155045,0.086305,0.166948,0.146178, ,0.238476,0.113221,0.163434, ,0.189595,0.184669, ,0.248100,0.273940,0.210278,0.201773,0.067058, ,0.058133,0.081193,0.022739,0.048644,0.053380,0.068378,0.090052,0.057232, ,0.211938,0.244030,0.054412,0.136436,0.143894,0.021119,0.068282,0.024194,0.042497,0.058080,0.042016,0.042065,0.060016, ,0.081245,0.033361,0.040696,0.037060, ,0.027606,0.068956,0.022100,0.047226,0.160955,0.034703,0.034167,0.049950,0.029523,0.022235,0.120457,0.036349,0.059772,0.035945, ,0.036978,0.030290,0.027213,0.028590,0.213101,0.118137, ,0.024260,0.196606,0.061275,0.032831, , ,0.065853,0.207147,0.038723,0.025939,0.058227,0.324460,0.197140,0.229695,0.044622,0.044554,0.037446,0.248794,0.045122,0.048839,0.048503,0.032690,0.031272, ,0.133789,0.116676,0.099460,0.116999,0.242454,0.190484,0.178608, , ,0.334783,0.246238,0.141418,0.214388,0.430833,0.007524,0.113163,0.141351, ,0.055458,0.047479,0.019318,0.088961,0.057055, ,0.111544, , ,0.124714, , , , , , , , ,0.149373,0.148909, ,0.140054,0.147896,0.106987,0.024697,0.443439,0.045803,0.182099, ,0.235777, , ,0.343564,0.309243,0.014874,0.096928,0.195337,0.141819,0.107765,0.149115,0.111245,0.072942,0.080568,0.113051,0.027265,0.309267,0.030680,0.013013,0.026207,0.154373, , ,0.154628,0.196265, ,0.211325, ,0.020884,0.275568, , ,0.146438, , ,0.211189,0.173623,0.021800,0.022197,0.150516,0.269245,0.037042,0.062508,0.013894,0.066324,0.021630,0.039172,0.021701,0.136935,0.040263,0.041288,0.009828,0.058318, ,0.080774,0.023313,0.021321,0.016788,0.009476,0.028260,0.019357,0.028126,0.037744,0.005319,0.154006,0.032221,0.019686,0.016991,0.018145,0.073702,0.250677,0.150995,0.026653, ,0.229340,0.376030, , ,0.025436,0.223860, ,0.280238,0.024044,0.272265,0.233810,0.041667,0.068551,0.005732,0.033078, ,0.016360,0.036664,0.030335,0.013296,0.046067,0.045117,0.013157,0.020748,0.023531,0.015409,0.022210, ,0.017967, , ,0.174267, ,0.213282,0.048469,0.225755,0.401628, , ,0.018705,0.581115,0.139202, ,0.155690,0.130376,0.036629, ,0.061516,0.066207,0.161435,0.141783, ,0.067736,0.053936,0.027654,0.040774, , , ,0.040531, ,0.097157,0.108821,0.020142,0.050351,0.030799, ,0.094288,0.050641, ,0.130372,0.024739, ,0.013634,0.105133,0.105069,0.007490,0.375050, , , , , , ,0.126446,0.130246,0.040125,0.281332,0.103641, ,0.078444, , , ,0.128510,0.049586, , , ,0.051181,0.148661,0.264899,0.035964, ,0.210677,0.013187,0.194948, ,0.024230,0.037515,0.054217,0.018945,0.022528, ,0.035551, ,0.026705, ,0.156234,0.006053, , ,0.012581, ,0.011887,0.767039,0.175348, ,0.262665,0.115933, ,0.016337,0.218632,0.409220,0.166429,0.198463,1.106449, , ,0.444854,0.089004,0.086105, , , ,0.028581,0.021901,0.030291,0.014259,0.240900,0.097079, ,0.249078, ,0.095958, , ,0.068563,0.045351,0.171919,0.141240, , , ,0.242611,0.337168,0.467950, ,0.132300,0.279936, , , ,0.221128,0.115181, ,0.174839,0.084978,0.088600, ,0.031919,0.033938,0.112136,0.023312, ,0.357944,0.022076,0.029349,0.031131, , , , , , ,0.040128, ,0.197431,0.152114,0.050726,0.096845,0.267470,0.023997,0.124985,0.059404,0.043964,0.032013, ,0.762492, , , ,0.172333,0.101146,0.220646, ,0.167508,0.217695, ,0.052382,0.025286, ,0.163422, ,0.183992, ,0.043516,0.011224,0.068891, ,0.027879, ,0.047873,0.044365, ,0.547968,0.144364, ,0.042321, , ,0.013030, ,0.272719,0.068188, , , , ,0.193931, ,0.033935,0.045089, ,0.026759, , , , , , , ,0.064433,0.102790, ,0.297177,0.136765
    Number of Spikes per Burst - Avg, , ,24.980519, ,16.430464,19.746753,9.451613,9.433333, ,7.266667, ,14.045752, ,15.876623,7.435897,8.600000, , ,4.000000,11.952000,18.294118, ,10.054545, , ,16.096000,12.252101,10.158416, ,10.846847,8.500000,7.516129,4.750000,11.000000,15.950000,10.280899,8.513889,4.833333,14.369565,21.750000,9.809524,6.000000,19.942857,8.166667, ,12.247788, ,10.546218,13.275229,5.000000,11.490196,15.099099, , ,13.747664,24.234234,14.891892,7.928571,8.500000,9.843750,16.225225,14.568807, ,15.100000, , ,11.668449,8.513158, ,13.674208,8.580882, , ,19.853982, , ,10.298851, ,7.909091,6.931034,9.350000,7.285714, ,11.102041, ,19.005952,12.891026,4.000000,13.763158,7.863636,4.000000,11.314050,13.476821,13.881481,7.200000,11.724138, ,24.947712,18.725490,9.008475,9.144144,8.588235,17.398693, ,11.526718,8.552846,9.908497,8.840000,12.679739,6.000000,6.357143,16.253247,7.307692,7.785714,26.491228,13.618750, ,20.392857,9.441860,27.557471,21.660714,24.816092, ,12.614815, , ,17.335404,8.923077,9.986486,18.660194, ,12.000000, ,7.659091,9.118644,19.639241,11.000000,14.321429,6.965517,6.250000,11.172414,11.368852,5.500000, ,15.061224,17.830189,11.000000,7.416667,5.000000,17.800000, ,6.153846,12.611111,7.181818,8.375000,11.686567, ,7.969697, , ,23.080000,28.000000,28.205479,6.800000,21.780488,21.224490,25.258621,6.139535, , ,19.796610,10.285714,12.795455,21.333333,7.437500,11.065574,16.571429,8.851064,10.980392,17.436364,21.061224,8.080000,6.217391,12.228070,22.347826,20.609091,5.642857,24.800000,9.311688, ,12.813953,10.800000,5.000000, ,6.769231, ,20.417722,31.766234,15.653846,4.250000,16.057971, ,7.378378,4.000000,10.678571,8.021739,22.610390,12.026316,17.720000,11.275000,13.882353,6.400000, ,19.561798,26.023529,9.575758,21.431818,10.631579,8.195652,4.500000,6.000000,23.645833,4.000000,8.263158,5.750000,4.000000,17.645455,15.437500, , ,10.883495,20.209677,9.764706,5.500000, , , ,17.333333,7.130435, ,9.720000, ,18.190083, , , ,17.700935,18.954545,19.008475, ,25.659574,16.653465,6.375000,5.000000,7.714286,5.875000,10.357143,26.629921,11.898305,10.550000,4.000000,9.178571,26.351563,11.369369,4.000000,33.820313,7.315789, , ,8.611111,34.236220,17.559055,17.489051, ,8.635659,4.500000,14.567568, , ,18.183824, ,10.769231, ,5.400000, , , , ,49.848837,8.142857,33.517647,48.103448, ,14.608696,6.222222,41.523256, ,19.891566,31.380952, ,20.075000,22.868852,21.000000,35.518072,19.375000, ,6.750000,46.172043,6.500000,26.102273,7.111111,18.340909,12.875000,24.125000, ,12.015625,11.650000,25.465909,11.485714,17.141176,29.851064,44.914894,32.127660,35.531915,6.511111,42.351064,21.372340,32.712766, ,11.431818,29.510638,15.236559,56.574468,7.000000,17.776596,27.833333,4.500000,20.890244,23.304878,5.812500,20.204819,54.265060,55.807229,4.941176,10.033333,64.385542,19.060976,42.096386, ,32.060241,32.475610,45.783133,47.078431,7.071429,14.581633, ,45.705882,13.265957,44.352941,29.245098, , ,23.274510,22.705882,5.800000,20.107843,36.088235,13.597015,7.435897,7.714286,14.789855,19.035971,28.828571,7.080000,32.553957,13.223022,16.360294,26.135714,30.535714,6.000000,19.384058,14.270677,12.471014,11.343066,15.798611,11.598485,11.602941, , ,15.375000,16.295302,13.256757,6.800000,10.750000,4.500000,25.384106,30.630872, ,24.921053,21.509934,12.682171,8.989362,17.503226, ,17.171779, , ,6.666667, , , , , , , , ,23.066667,23.426230, ,11.466667,8.953488,13.959596,11.590000,12.600000,8.265306,21.049505,4.000000,14.000000, , ,8.625000,15.000000,7.837500,22.830357,7.125000,17.747748,29.619469,19.017544,19.973684,10.694118,26.114035,8.714286,7.548780,13.500000,12.720000,8.022472,8.869565,20.837838, , ,14.094891,11.893805, ,11.233333, ,6.333333,8.095238, , ,10.112903, , ,18.068702,19.340741,6.000000,6.000000,19.811966,26.710526,32.068966,14.571429,7.093750,21.654867,14.786517,14.937500,6.700000,8.942308,29.948276,12.820513,12.820225,26.338983, ,27.341667,4.666667,17.660714,9.333333,6.025641,25.152542,6.321429,26.625000,12.504762,4.750000,27.283333,13.652174,5.846154,5.600000,8.691489,16.331034,25.579268,14.445205,16.986486, ,26.030303,39.538462, , ,5.650000,27.049689, ,8.181818,6.727273,20.288732,26.333333,7.235294,19.760000,4.666667,22.376812,5.000000,10.580000,6.872340,24.888889,9.340000,21.558824,22.338235,15.281250,11.098039,6.133333,13.118644,11.106383, ,7.017241, , ,18.192982, ,11.413333,11.019608,8.666667,11.619048,5.000000, ,9.529412,9.200000,19.987097, ,27.209091,27.666667,22.289855, ,16.529412,27.000000,14.964286,11.800000, ,32.985294,16.128205,10.466667,21.602273, , , ,23.095890, ,25.032258,22.186441,11.685185,21.945652,18.372881, ,29.710938,24.820225, ,26.712000,5.500000, ,5.500000,16.956522,22.579365,7.333333,10.068182, , , , , ,14.000000,20.756757,11.466667,10.485714,12.400000,10.250000, ,7.468750, ,4.000000, ,24.430108,17.482143, , , ,6.750000,11.458333,14.254902,9.600000, ,9.854167,5.000000,16.361702, ,7.051282,19.860465,15.693333,12.014925,17.402439, ,17.831776, ,4.750000, ,6.954545,4.000000,4.000000, ,5.642857, ,5.692308,7.000000,10.611765, ,10.316456,19.875969,5.000000,4.909091,13.963855,7.375000,19.062893,12.343434,25.666667, , ,8.875000,10.538462,23.258503, , , ,12.750000,9.063830,7.375000,4.888889,10.538462,20.810811, ,8.227273, ,26.724490, , ,15.980392,15.456000,11.857143,25.580357, , , ,16.360544,11.337838,12.409091, ,12.633333,19.236641, , ,5.000000,11.285714,15.515789, ,12.370968,16.526316,17.514851,4.000000,9.076923,6.483871,9.875000,6.923077, ,7.619048,7.666667,7.000000,6.600000, , , , , , ,11.740741, ,16.000000,10.625000,17.086957,11.080808,10.727273,6.714286,18.776786,8.085714,5.666667,7.400000, ,14.666667,7.000000, , ,15.384615,14.472222,13.533333, ,11.681818,18.242424, ,6.000000,5.000000,6.000000,12.637681, ,15.409639, ,21.192661,6.935484,23.583333, ,9.879310, ,16.892157,15.318182, ,11.950000,18.843750,4.000000,15.765957, , ,4.600000, ,20.977273,18.409091, , , , ,6.333333, ,17.226667,13.884615, ,15.379747, , , , , , , ,14.625000,10.674419, ,16.200000,13.645570
    Number of Spikes per Burst - Std, , ,5.981967, ,4.058752,4.543992,1.904933,1.501340, ,1.624221, ,3.265328, ,3.830268,2.414810,1.502379, , , ,1.933808,4.292984, ,1.871252, , ,2.367195,2.278189,1.911715, ,2.000901,1.000000,2.321938,1.500000, ,2.664245,1.918740,2.162374,0.408248,2.636288,3.100534,2.661726,1.054093,2.978995,2.036433, ,1.948126, ,1.969031,3.997387,1.414214,2.820523,3.050946, , ,2.319293,3.854053,2.667486,2.089277,1.290994,2.390015,3.348499,2.756699, ,3.167930, , ,2.154570,3.079492, ,4.697457,1.473495, , ,4.315441, , ,4.192244, ,0.943880,1.162849,2.093389,1.603567, ,4.149162, ,6.015446,4.711789, ,4.203021,2.376381, ,3.838474,4.611340,3.930462,2.347576,2.532547, ,6.776304,5.914117,2.451219,1.793153,1.790802,4.519461, ,4.788332,4.016775,3.551055,2.733740,5.284851,1.474420,1.736803,5.948100,1.315587,1.476929,5.769462,3.281110, ,4.408804,1.516612,6.771636,4.022140,5.311192, ,2.314733, , ,3.838854,1.800997,12.443289,11.884036, , , ,1.461811,6.800316,9.934959,4.242641,12.996693,1.349147,1.035098,12.979252,7.648476,0.618347, ,5.573031,7.178322,3.464102,1.767254,0.707107,7.947484, ,1.068188,6.133178,3.311138,2.473190,3.434270, ,2.098881, , ,9.477880,15.369523,12.082999,0.836660,5.672355,8.142648,11.923087,1.337756, , ,8.063925,2.360387,2.922085,8.922323,1.931105,3.213870,7.484068,2.413537,3.152714,13.625634,19.326183,0.965528,2.539802,8.703484,16.311681,17.135775,0.841897,13.917615,7.145591, ,4.489436,7.031100,1.414214, ,1.945409, ,8.427074,15.169131,5.313264,0.500000,11.042543, ,2.046017, ,3.469908,1.497986,9.857078,7.231638,9.549100,8.717761,17.927239,1.341641, ,11.486113,14.411451,1.984791,12.294093,4.856987,1.694692,0.707107,1.037749,11.376781, ,2.367393,1.000000, ,5.318457,4.820431, , ,2.228606,5.408927,3.296844,0.674200, , , ,5.903301,1.668115, ,2.634465, ,5.939015, , , ,5.051088,7.022097,5.933385, ,10.736340,4.441702,1.500000,0.000000,2.643674,1.246423,3.874987,8.919217,3.417876,5.009839,0.000000,3.225507,5.171987,2.888623,0.000000,6.405502,2.384158, , ,1.216733,4.234133,2.553098,7.699424, ,4.629960,0.707107,10.425163, , ,9.891412, ,2.681848, ,0.547723, , , , ,12.717304,1.833397,8.611470,13.223512, ,4.226031,1.641476,12.170095, ,5.654724,8.936058, ,7.141916,10.476124,6.065048,11.443777,3.668168, ,0.886405,9.513861,0.989949,4.132962,1.054093,3.463725,2.775914,4.168333, ,2.962690,3.198958,3.311245,2.722652,4.254278,2.619027,5.802594,3.180025,3.137365,1.646238,3.917722,2.688022,3.563924, ,2.326768,2.823651,2.572420,4.948095, ,2.933508,4.881041,0.577350,2.582018,5.005402,1.223043,3.532977,6.620523,7.254028,0.658653,2.059182,7.474887,2.461293,4.584211, ,4.371051,3.868919,6.538905,4.014050,2.234839,3.436983, ,4.812501,5.322251,5.717174,3.132191, , ,4.181896,7.762040,0.447214,2.179594,6.334102,6.746626,3.712478,3.200649,3.064877,4.207326,6.034604,2.706782,8.066906,3.210136,4.137762,5.757961,6.497826, ,8.125227,7.473314,3.853507,3.579841,14.498893,5.281192,4.477565, , ,11.752305,12.321429,4.152078,3.000483,8.813597,0.707107,9.347984,31.538340, ,6.178928,4.443523,3.154819,3.290569,7.500108, ,7.908891, , ,1.154701, , , , , , , , ,20.418205,18.220376, ,4.487304,2.902819,7.807531,3.275545,5.420127,2.472983,19.152220, ,10.564502, , ,3.536302,10.371234,1.247212,11.272935,3.681518,9.831738,10.670653,11.254877,9.376548,4.918438,6.571269,4.402248,1.603641,15.365250,3.626725,1.551960,3.320793,15.855335, , ,8.443483,6.929959, ,6.412856, ,0.866025,3.792223, , ,3.689173, , ,12.035966,10.074471,0.866025,0.942809,7.588480,13.049751,7.625728,1.914854,0.706405,5.105617,3.455799,3.329587,0.911465,5.210899,9.919541,3.681274,2.661005,8.514663, ,5.582831,1.154701,3.679879,1.629173,0.810691,3.908411,1.156418,5.896962,2.453897,0.500000,12.037884,3.228284,0.987096,0.894427,1.697732,5.916145,19.073312,4.964746,4.444651, ,21.250660,15.708890, , ,0.875094,29.894356, ,5.288342,1.077113,20.656111,25.291542,1.810053,6.770045,1.154701,5.216212, ,2.110131,1.361218,5.700397,1.685593,5.050144,5.946554,3.078181,2.765899,1.547709,2.290044,2.460417, ,1.067730, , ,13.935298, ,6.830166,3.449725,5.802298,12.647040, , ,3.312721,6.610598,18.854531, ,13.878963,14.705203,9.308600, ,6.488729,13.704500,4.094183,4.852702, ,16.460258,6.118651,2.642313,9.681764, , , ,10.764092, ,10.176440,10.177022,4.673587,9.275235,6.847850, ,10.436273,11.685813, ,14.218806,1.195229, ,0.547723,5.972304,7.493307,1.287301,5.483157, , , , , , ,7.582535,3.196750,4.834748,7.486284,7.909792, ,2.047569, , , ,7.907616,6.357208, , , ,1.281740,4.096437,8.968485,3.362422, ,4.846537,1.000000,6.890622, ,1.555106,7.942681,6.212397,3.062444,6.341826, ,5.695887, ,1.500000, ,2.516181,0.000000, , ,1.215739, ,1.182132,3.937004,3.870198, ,11.049474,8.357265, ,0.700649,8.676357,2.914926,13.949133,8.420288,20.008332, , ,5.841661,4.109336,8.767224, , , ,3.391715,1.834503,1.821172,1.364225,6.104853,6.159247, ,4.363614, ,9.840774, , ,5.988405,4.757853,5.504244,14.878268, , , ,11.402923,8.493796,16.360985, ,4.250424,18.372987, , , ,4.681493,6.500185, ,3.738299,5.269975,6.480145, ,2.115147,1.859587,1.885092,1.695242, ,3.353747,1.658312,1.549193,1.837873, , , , , , ,5.495058, ,5.567764,3.227767,7.971044,4.948050,7.849725,1.266647,6.627420,1.837060,0.866025,1.698296, ,17.328204, , , ,11.092617,12.047770,13.319517, ,6.799064,15.894241, ,0.000000,1.414214, ,5.255168, ,7.041750, ,7.572461,1.931070,7.700134, ,2.355118, ,4.628596,4.123232, ,10.075896,8.712155, ,7.007562, , ,0.894427, ,9.374604,6.585076, , , , ,1.527525, ,5.889527,4.374036, ,4.524304, , , , , , , ,7.160012,3.889414, ,15.610894,8.495908
    Mean ISI within Burst - Avg (sec), , ,0.005929, ,0.008398,0.007247,0.014901,0.017591, ,0.015432, ,0.009814, ,0.009042,0.010485,0.017640, , ,0.003280,0.011923,0.009934, ,0.012610, , ,0.008937,0.011930,0.013066, ,0.012421,0.023586,0.013551,0.007090,0.038832,0.009538,0.013385,0.011771,0.003922,0.010754,0.007040,0.014724,0.008643,0.007868,0.016580, ,0.012546, ,0.012581,0.010857,0.011987,0.012679,0.008733, , ,0.009966,0.006030,0.008773,0.019681,0.023388,0.012579,0.008472,0.009637, ,0.008955, , ,0.006835,0.006557, ,0.007079,0.005420, , ,0.005421, , ,0.007174, ,0.009863,0.007161,0.014590,0.014954, ,0.008809, ,0.007107,0.008986,0.004640,0.010355,0.014373,0.003893,0.011660,0.009549,0.012164,0.012532,0.017528, ,0.006403,0.008065,0.008143,0.007679,0.007158,0.005860, ,0.009622,0.006112,0.005200,0.015190,0.007017,0.006769,0.012735,0.006403,0.010513,0.013167,0.007012,0.009245, ,0.008540,0.015897,0.006521,0.007535,0.006652, ,0.015320, , ,0.010249,0.016555,0.006779,0.004815, ,0.071913, ,0.007571,0.008530,0.004642,0.028728,0.005795,0.012095,0.014615,0.007739,0.007210,0.009766, ,0.008260,0.004867,0.009703,0.010330,0.005669,0.005788, ,0.011138,0.008254,0.023718,0.020854,0.007879, ,0.015264, , ,0.006167,0.006199,0.005313,0.029959,0.007566,0.005887,0.004782,0.008898, , ,0.005827,0.053909,0.006744,0.006229,0.020297,0.014230,0.005486,0.007632,0.005544,0.006837,0.006277,0.006034,0.011994,0.009154,0.004701,0.006555,0.007533,0.042460,0.007001, ,0.007571,0.009275,0.009973, ,0.010319, ,0.006019,0.004182,0.008298,0.011615,0.009057, ,0.009359,0.011467,0.007390,0.008116,0.004678,0.012440,0.008930,0.008534,0.016458,0.016550, ,0.007279,0.005616,0.006189,0.005577,0.011842,0.011027,0.008640,0.006836,0.004831,0.007440,0.007852,0.008100,0.020720,0.005095,0.004331, , ,0.006749,0.004925,0.005131,0.010759, , , ,0.004826,0.006634, ,0.007800, ,0.006534, , , ,0.005421,0.005533,0.006164, ,0.005722,0.006941,0.009657,0.013390,0.016531,0.011330,0.018461,0.004436,0.010159,0.010880,0.003360,0.015822,0.004455,0.010455,0.004147,0.003863,0.012665, , ,0.010923,0.003435,0.005702,0.008108, ,0.007282,0.010873,0.010759, , ,0.007535, ,0.036380, ,0.009988, , , , ,0.007247,0.017363,0.010469,0.007040, ,0.025426,0.017315,0.008886, ,0.016701,0.011187, ,0.019666,0.025634,0.016753,0.010662,0.008261, ,0.021435,0.004284,0.011779,0.007229,0.018447,0.010922,0.017536,0.009767, ,0.019434,0.033051,0.008786,0.018026,0.014297,0.006603,0.006843,0.005825,0.007272,0.010213,0.005972,0.009492,0.007077, ,0.022549,0.008516,0.009463,0.004542,0.024120,0.009345,0.007470,0.009623,0.015597,0.012397,0.011512,0.007851,0.007083,0.003940,0.006156,0.032834,0.004094,0.012226,0.007381, ,0.007310,0.005807,0.004698,0.004207,0.021345,0.013754, ,0.004108,0.014679,0.004683,0.006358, , ,0.008581,0.010664,0.025374,0.009027,0.005486,0.019695,0.006594,0.010259,0.006473,0.005056,0.003693,0.012103,0.003389,0.007248,0.006448,0.003919,0.003495,0.017872,0.005563,0.007215,0.007088,0.007682,0.004800,0.006412,0.006273, , ,0.017310,0.004304,0.005819,0.007099,0.018419,0.007537,0.003915,0.003323, ,0.003726,0.004137,0.004877,0.009174,0.004108, ,0.004778, , ,0.022261, , , , , , , , ,0.004522,0.004890, ,0.006571,0.016916,0.006752,0.005824,0.042206,0.009887,0.007012,0.009867,0.007653, , ,0.021518,0.013017,0.007924,0.004418,0.019503,0.006037,0.003918,0.005536,0.005167,0.007455,0.003957,0.010054,0.006807,0.015894,0.006237,0.005750,0.005922,0.007034, , ,0.004669,0.006470, ,0.007281, ,0.012484,0.013576, , ,0.013306, , ,0.005990,0.004599,0.014283,0.010097,0.006797,0.005721,0.003869,0.033123,0.009410,0.004923,0.005934,0.006337,0.008306,0.008909,0.004061,0.007998,0.005675,0.004486, ,0.004569,0.009422,0.005676,0.007104,0.006485,0.004422,0.008171,0.004102,0.007856,0.004740,0.004215,0.006235,0.009514,0.014171,0.005996,0.004518,0.004185,0.005781,0.004036, ,0.004126,0.020874, , ,0.008789,0.004145, ,0.007788,0.008237,0.005605,0.004797,0.008407,0.004981,0.007252,0.004243,0.005620,0.004388,0.008824,0.003803,0.005171,0.004376,0.004529,0.004377,0.004929,0.007509,0.004415,0.005717, ,0.007083, , ,0.005656, ,0.007915,0.007146,0.011983,0.009518,0.008760, ,0.006243,0.019151,0.004914, ,0.007049,0.006380,0.006272, ,0.007439,0.005563,0.009259,0.010554, ,0.005225,0.008561,0.008529,0.005621, , , ,0.004915, ,0.005873,0.006912,0.006034,0.005040,0.005321, ,0.005487,0.004753, ,0.005473,0.016114, ,0.010072,0.008027,0.006241,0.005630,0.014742, , , , , ,0.010043,0.007317,0.010102,0.008129,0.019641,0.010464, ,0.010684, ,0.022933, ,0.005578,0.005268, , , ,0.019540,0.024997,0.013168,0.009022, ,0.011776,0.008706,0.008684, ,0.007844,0.004901,0.006889,0.005083,0.004335, ,0.004636, ,0.008593, ,0.012653,0.008947,0.017973, ,0.006091, ,0.006721,0.031063,0.007514, ,0.007894,0.004753,0.003760,0.008921,0.006096,0.009841,0.006130,0.007259,0.029049, , ,0.016755,0.011486,0.005377, , , ,0.008102,0.008281,0.011739,0.006253,0.017036,0.005987, ,0.013205, ,0.005619, , ,0.005056,0.005492,0.007645,0.006286, , , ,0.006330,0.008635,0.012127, ,0.006925,0.006361, , ,0.014760,0.014950,0.008261, ,0.011990,0.007384,0.007385,0.014347,0.013597,0.009712,0.045052,0.011656, ,0.020184,0.012631,0.014869,0.017048, , , , , , ,0.007355, ,0.028955,0.017221,0.013037,0.007064,0.017524,0.015217,0.008026,0.013374,0.017370,0.012025, ,0.027071,0.020427, , ,0.012740,0.005961,0.012001, ,0.015417,0.012349, ,0.024512,0.009763,0.026960,0.010489, ,0.007201, ,0.004922,0.006853,0.004606, ,0.008553, ,0.005823,0.005759, ,0.016378,0.005524,0.013973,0.006332, , ,0.006018, ,0.015948,0.005335, , , , ,0.036281, ,0.004350,0.005511, ,0.004716, , , , , , , ,0.006115,0.007741, ,0.023131,0.009267
    Mean ISI within Burst - Std (sec), , ,0.001248, ,0.002358,0.001934,0.005969,0.005134, ,0.008294, ,0.003938, ,0.002989,0.007932,0.007057, , , ,0.002202,0.002128, ,0.003735, , ,0.001690,0.002712,0.003520, ,0.002917,0.003415,0.013330,0.008688, ,0.001517,0.002659,0.005706,0.001105,0.001776,0.000903,0.006312,0.006867,0.001131,0.007252, ,0.002237, ,0.003603,0.002241,0.013143,0.003430,0.001744, , ,0.002656,0.000979,0.001808,0.010711,0.006373,0.004492,0.001480,0.001928, ,0.001629, , ,0.001821,0.005502, ,0.003527,0.001441, , ,0.001451, , ,0.004792, ,0.002365,0.005035,0.007101,0.010108, ,0.006062, ,0.002511,0.005312, ,0.004470,0.009138, ,0.006389,0.004441,0.004359,0.009150,0.006623, ,0.001603,0.002532,0.004932,0.005214,0.002874,0.001792, ,0.005117,0.004484,0.003439,0.009455,0.004116,0.005211,0.011528,0.002527,0.006235,0.007121,0.001513,0.004537, ,0.002238,0.005340,0.001348,0.001926,0.001731, ,0.004531, , ,0.002739,0.007825,0.002326,0.001536, , , ,0.003328,0.004310,0.001702,0.005564,0.002284,0.002964,0.002464,0.003613,0.003046,0.001916, ,0.002598,0.001605,0.004816,0.003427,0.001960,0.001853, ,0.004916,0.003650,0.022439,0.007256,0.004030, ,0.012002, , ,0.002284,0.002130,0.002052,0.006534,0.002193,0.002382,0.001411,0.003635, , ,0.001577,0.020984,0.001810,0.002909,0.014465,0.003127,0.001346,0.002769,0.001721,0.002817,0.003103,0.001906,0.016719,0.005771,0.002052,0.003272,0.002087,0.026220,0.005465, ,0.001455,0.006987,0.002753, ,0.002665, ,0.002291,0.000978,0.001978,0.001239,0.003629, ,0.003420, ,0.003417,0.002537,0.001332,0.004232,0.004370,0.002461,0.029450,0.014454, ,0.003739,0.002724,0.001512,0.003214,0.007414,0.005026,0.002150,0.002457,0.002369, ,0.003715,0.004510, ,0.002956,0.001280, , ,0.003629,0.002435,0.001504,0.001929, , , ,0.002634,0.002142, ,0.005283, ,0.003709, , , ,0.002293,0.003127,0.003117, ,0.001924,0.002935,0.004210,0.006350,0.006876,0.004209,0.008760,0.001077,0.003851,0.005460,0.000201,0.010343,0.000788,0.005218,0.000811,0.000483,0.012204, , ,0.002217,0.000562,0.001141,0.003235, ,0.010604,0.008325,0.005939, , ,0.004113, ,0.011935, ,0.004747, , , , ,0.001132,0.008184,0.002232,0.001158, ,0.009850,0.014336,0.001359, ,0.004142,0.002477, ,0.004233,0.004970,0.004801,0.002002,0.002937, ,0.007076,0.001453,0.003773,0.001268,0.006906,0.002898,0.004319,0.002008, ,0.011155,0.008835,0.001469,0.006787,0.004638,0.000614,0.000995,0.000712,0.000891,0.006761,0.000753,0.001663,0.001485, ,0.004968,0.000992,0.002026,0.000436, ,0.001784,0.001351,0.004763,0.001407,0.003585,0.006204,0.001351,0.000620,0.000441,0.004303,0.006044,0.000381,0.002775,0.000892, ,0.000986,0.000788,0.000803,0.000604,0.015467,0.004005, ,0.000523,0.006901,0.000760,0.001094, , ,0.001407,0.003726,0.006518,0.001078,0.000780,0.010133,0.007060,0.009222,0.001741,0.000872,0.000561,0.013070,0.000390,0.001755,0.001468,0.000560,0.000395, ,0.001799,0.001937,0.002719,0.003603,0.002503,0.005627,0.006009, , ,0.009625,0.002830,0.005159,0.010062,0.016902,0.000627,0.001409,0.000333, ,0.001168,0.001149,0.001131,0.002684,0.001333, ,0.001790, , ,0.015656, , , , , , , , ,0.001647,0.002637, ,0.005207,0.008854,0.001833,0.001414,0.024048,0.002794,0.002714, ,0.005333, , ,0.024412,0.007407,0.001737,0.002035,0.012155,0.002982,0.001440,0.002426,0.003648,0.002875,0.001622,0.004225,0.002820,0.009750,0.001300,0.001672,0.002008,0.002016, , ,0.002496,0.004643, ,0.004603, ,0.003230,0.012769, , ,0.005563, , ,0.003496,0.002579,0.003073,0.003342,0.003563,0.003670,0.000508,0.004413,0.001877,0.002897,0.002125,0.002275,0.002920,0.004662,0.000861,0.001828,0.001135,0.001739, ,0.002893,0.002908,0.000792,0.002056,0.001564,0.001465,0.003259,0.001345,0.002423,0.000952,0.001721,0.001804,0.003093,0.003743,0.001682,0.002263,0.002177,0.004440,0.001202, ,0.001822,0.005384, , ,0.003824,0.001493, ,0.010100,0.003495,0.002503,0.002170,0.005535,0.002479,0.000698,0.001621, ,0.001937,0.004373,0.000990,0.001664,0.001825,0.001878,0.001191,0.002018,0.003109,0.001671,0.002602, ,0.002499, , ,0.002068, ,0.004740,0.002442,0.010133,0.008620, , ,0.001405,0.026689,0.001458, ,0.003996,0.004487,0.002805, ,0.004148,0.003240,0.008393,0.006309, ,0.002043,0.004270,0.002252,0.002926, , , ,0.002449, ,0.003060,0.004215,0.001153,0.001972,0.001481, ,0.003493,0.001954, ,0.003295,0.005409, ,0.003107,0.005131,0.003386,0.001079,0.018245, , , , , , ,0.005029,0.006625,0.001627,0.010423,0.003518, ,0.006299, , , ,0.005626,0.002970, , , ,0.007158,0.006584,0.006754,0.002895, ,0.008418,0.001848,0.006660, ,0.002321,0.001310,0.001932,0.001255,0.001260, ,0.002384, ,0.003594, ,0.011807,0.002018, , ,0.001739, ,0.002304,0.057377,0.007304, ,0.005881,0.002513, ,0.003627,0.003847,0.017914,0.002819,0.003700,0.016810, , ,0.018714,0.003957,0.002550, , , ,0.002631,0.002966,0.003596,0.001855,0.009484,0.004731, ,0.008461, ,0.002980, , ,0.002422,0.002559,0.006300,0.002938, , , ,0.002876,0.006756,0.006397, ,0.004852,0.002964, , , ,0.009327,0.003898, ,0.007843,0.003433,0.003626, ,0.003229,0.004601,0.005385,0.002528, ,0.021488,0.002593,0.002852,0.003861, , , , , , ,0.003163, ,0.006067,0.007635,0.003811,0.003373,0.010965,0.003880,0.003687,0.005475,0.006484,0.002755, ,0.010953, , , ,0.003613,0.002213,0.004231, ,0.005922,0.003422, ,0.010476,0.002870, ,0.006654, ,0.005034, ,0.002557,0.002113,0.001795, ,0.003068, ,0.003300,0.002198, ,0.015857,0.004122, ,0.003096, , ,0.002787, ,0.005375,0.002615, , , , ,0.022902, ,0.001489,0.002476, ,0.001401, , , , , , , ,0.003572,0.004665, ,0.010133,0.003609
    Median ISI within Burst - Avg (sec), , ,0.003180, ,0.003162,0.003035,0.004937,0.007492, ,0.005920, ,0.003140, ,0.003382,0.003687,0.006963, , ,0.003360,0.003174,0.006154, ,0.003268, , ,0.003195,0.004705,0.003775, ,0.003226,0.011080,0.003970,0.003090,0.006160,0.003498,0.005006,0.003368,0.003627,0.003908,0.003483,0.004941,0.003784,0.003371,0.004887, ,0.006758, ,0.003553,0.003928,0.004680,0.004776,0.003138, , ,0.004725,0.003306,0.003876,0.005747,0.005830,0.003934,0.003605,0.004990, ,0.003892, , ,0.005471,0.003690, ,0.004147,0.004380, , ,0.004194, , ,0.004008, ,0.008505,0.005066,0.008755,0.007491, ,0.003341, ,0.003994,0.003431,0.004080,0.004509,0.005193,0.003920,0.003619,0.004072,0.006304,0.004616,0.009262, ,0.003764,0.004180,0.005210,0.005615,0.005571,0.004390, ,0.005264,0.003829,0.003343,0.006709,0.003994,0.004728,0.006354,0.003463,0.008271,0.009317,0.003316,0.004411, ,0.003929,0.008182,0.003454,0.003401,0.003182, ,0.004900, , ,0.004863,0.006268,0.005040,0.003532, ,0.020560, ,0.006166,0.006708,0.003459,0.027640,0.004174,0.010589,0.013595,0.006441,0.005654,0.008729, ,0.005881,0.003694,0.007604,0.008580,0.005184,0.004297, ,0.008117,0.005843,0.012851,0.016735,0.005890, ,0.010550, , ,0.004830,0.005054,0.004095,0.016784,0.005324,0.004629,0.003855,0.007819, , ,0.004570,0.024446,0.005510,0.004394,0.015783,0.012675,0.004575,0.005635,0.004219,0.005422,0.004644,0.005505,0.009336,0.006732,0.003365,0.003926,0.006766,0.023800,0.005112, ,0.006470,0.006669,0.006600, ,0.008631, ,0.004491,0.003301,0.006835,0.009260,0.005919, ,0.006991,0.013120,0.005574,0.006852,0.003709,0.010735,0.006284,0.007351,0.014368,0.013584, ,0.004731,0.003937,0.004868,0.004082,0.007786,0.008849,0.008240,0.005934,0.003404,0.006640,0.005454,0.007328,0.015920,0.003831,0.003480, , ,0.005175,0.003588,0.004001,0.009360, , , ,0.003500,0.004840, ,0.005874, ,0.004746, , , ,0.003911,0.004313,0.004381, ,0.003721,0.004860,0.007780,0.011420,0.015180,0.010165,0.009328,0.002903,0.006211,0.004491,0.003467,0.007335,0.003149,0.008005,0.003520,0.002978,0.005614, , ,0.006017,0.002898,0.003841,0.004553, ,0.004205,0.005740,0.005080, , ,0.004800, ,0.024175, ,0.006832, , , , ,0.004302,0.008261,0.005223,0.004050, ,0.014970,0.008573,0.003702, ,0.006475,0.005543, ,0.008437,0.013170,0.008106,0.004495,0.005181, ,0.015960,0.003104,0.009142,0.004784,0.008564,0.005139,0.013061,0.006109, ,0.010980,0.022478,0.005315,0.009068,0.008602,0.005311,0.004316,0.003931,0.005854,0.006045,0.004368,0.007338,0.004412, ,0.017697,0.007012,0.006775,0.003336,0.007320,0.005528,0.004903,0.005990,0.013306,0.008365,0.006230,0.005672,0.006072,0.003105,0.005080,0.033061,0.003216,0.007782,0.005973, ,0.006251,0.004114,0.003519,0.003262,0.010326,0.008247, ,0.003148,0.006376,0.003494,0.003924, , ,0.005310,0.007815,0.014456,0.006915,0.003568,0.008898,0.003917,0.005350,0.003740,0.003478,0.002990,0.005379,0.002862,0.004294,0.004339,0.003011,0.002902,0.005440,0.003558,0.004023,0.003726,0.003905,0.003748,0.004747,0.005175, , ,0.014770,0.003372,0.004338,0.005862,0.012741,0.004920,0.003132,0.002875, ,0.003089,0.003262,0.003789,0.007720,0.003317, ,0.003570, , ,0.021173, , , , , , , , ,0.003727,0.003660, ,0.004975,0.014186,0.005522,0.004738,0.030740,0.008620,0.005516,0.010000,0.005366, , ,0.013582,0.008470,0.006377,0.003401,0.016905,0.003821,0.003027,0.003982,0.003696,0.005643,0.003094,0.007857,0.005892,0.011717,0.005175,0.004874,0.004713,0.004808, , ,0.003483,0.004957, ,0.005640, ,0.009840,0.008745, , ,0.008635, , ,0.004182,0.003190,0.012391,0.008517,0.004986,0.004327,0.003077,0.030346,0.008479,0.003752,0.004891,0.004683,0.007178,0.007071,0.003298,0.006846,0.005239,0.003403, ,0.003528,0.006560,0.004900,0.005771,0.005635,0.003316,0.007121,0.003182,0.005093,0.004740,0.003289,0.004995,0.007018,0.011080,0.004792,0.003605,0.003225,0.004438,0.003260, ,0.003064,0.014018, , ,0.007880,0.003217, ,0.005692,0.006402,0.004274,0.003701,0.006641,0.003767,0.005707,0.003381,0.004920,0.003594,0.006985,0.003104,0.004118,0.003234,0.003354,0.003625,0.003976,0.005709,0.003569,0.004581, ,0.005981, , ,0.004247, ,0.005666,0.005832,0.008912,0.005514,0.007120, ,0.004928,0.012160,0.003669, ,0.005156,0.004926,0.005121, ,0.005355,0.003936,0.006172,0.006835, ,0.003841,0.006308,0.006683,0.004219, , , ,0.003682, ,0.004228,0.004494,0.005336,0.003829,0.004007, ,0.003897,0.003716, ,0.003773,0.010080, ,0.008800,0.005306,0.003963,0.004929,0.010709, , , , , ,0.008400,0.004515,0.007105,0.006438,0.009736,0.008583, ,0.008346, ,0.020400, ,0.004058,0.003711, , , ,0.016030,0.022205,0.008489,0.007147, ,0.008792,0.007253,0.005674, ,0.006741,0.003690,0.004599,0.004153,0.003559, ,0.003595, ,0.009380, ,0.008575,0.009640,0.014240, ,0.004960, ,0.005483,0.011464,0.005246, ,0.005573,0.003642,0.003800,0.008349,0.004332,0.007259,0.004187,0.005437,0.021720, , ,0.011040,0.008704,0.003672, , , ,0.006589,0.006497,0.009537,0.005902,0.013314,0.004414, ,0.009400, ,0.004266, , ,0.003815,0.004075,0.005710,0.004522, , , ,0.004483,0.006577,0.009455, ,0.004926,0.004146, , ,0.012400,0.011093,0.005391, ,0.008356,0.005577,0.005239,0.007520,0.011557,0.007537,0.035870,0.010503, ,0.015234,0.011444,0.012900,0.015392, , , , , , ,0.005566, ,0.023267,0.013090,0.011661,0.004004,0.013040,0.013769,0.006289,0.009679,0.014169,0.010288, ,0.021687,0.019080, , ,0.010163,0.004375,0.010064, ,0.012785,0.010410, ,0.013040,0.009320,0.025920,0.008321, ,0.005240, ,0.003705,0.005845,0.003503, ,0.007113, ,0.004291,0.004508, ,0.012492,0.004128,0.011360,0.004635, , ,0.005712, ,0.011389,0.004007, , , , ,0.031520, ,0.003328,0.003775, ,0.003554, , , , , , , ,0.003944,0.004927, ,0.016544,0.006177
    Median ISI within Burst - Std (sec), , ,0.000236, ,0.000342,0.000226,0.001787,0.003887, ,0.001926, ,0.000389, ,0.000474,0.001082,0.001419, , , ,0.000410,0.001187, ,0.000435, , ,0.000335,0.001480,0.001088, ,0.000465,0.001090,0.000969,0.000853, ,0.000556,0.001988,0.000470,0.000702,0.000571,0.000372,0.001285,0.001351,0.000418,0.000981, ,0.001313, ,0.000628,0.000800,0.002998,0.001504,0.000281, , ,0.001503,0.000324,0.000685,0.001502,0.000622,0.000783,0.000588,0.001297, ,0.000753, , ,0.001458,0.000911, ,0.000845,0.000993, , ,0.000360, , ,0.000963, ,0.002173,0.001448,0.001456,0.002337, ,0.000508, ,0.000237,0.000479, ,0.001221,0.001351, ,0.000346,0.000929,0.000844,0.000823,0.003778, ,0.000617,0.001170,0.001331,0.005803,0.001364,0.000568, ,0.002538,0.001298,0.000599,0.002381,0.001560,0.001553,0.001808,0.000816,0.003409,0.002444,0.000285,0.000512, ,0.000582,0.001126,0.000279,0.000444,0.000257, ,0.000908, , ,0.000993,0.001579,0.001947,0.000882, , , ,0.002901,0.002064,0.000883,0.008768,0.001213,0.002245,0.002677,0.002799,0.001953,0.001799, ,0.002048,0.001050,0.002579,0.003186,0.001095,0.001439, ,0.003320,0.002673,0.007075,0.005193,0.002850, ,0.004602, , ,0.002484,0.002187,0.001831,0.004245,0.001898,0.001901,0.001369,0.002900, , ,0.001562,0.007725,0.002082,0.001547,0.009936,0.002706,0.001365,0.001912,0.001302,0.002236,0.001947,0.001470,0.011510,0.003845,0.000872,0.000860,0.001564,0.010883,0.003007, ,0.001756,0.003524,0.000735, ,0.003042, ,0.001619,0.000681,0.001850,0.001776,0.001719, ,0.002088, ,0.001568,0.001426,0.001081,0.002715,0.002544,0.001924,0.028165,0.009161, ,0.001862,0.001636,0.001090,0.002238,0.003004,0.004047,0.000566,0.002039,0.000942, ,0.002000,0.004049, ,0.001688,0.000928, , ,0.002385,0.001123,0.001128,0.002327, , , ,0.001132,0.001296, ,0.003476, ,0.002256, , , ,0.001530,0.002247,0.001576, ,0.000823,0.001722,0.003348,0.004554,0.006559,0.003932,0.001967,0.000146,0.001952,0.000779,0.000333,0.002090,0.000210,0.001808,0.000113,0.000142,0.001268, , ,0.002124,0.000127,0.000630,0.001284, ,0.003121,0.002461,0.001938, , ,0.001641, ,0.008379, ,0.001335, , , , ,0.000512,0.006990,0.000950,0.000448, ,0.006385,0.005814,0.000450, ,0.001802,0.001291, ,0.002215,0.005255,0.002691,0.000951,0.001958, ,0.001927,0.000722,0.003869,0.000830,0.004911,0.001294,0.003282,0.001430, ,0.005019,0.005189,0.000823,0.003357,0.003170,0.000474,0.000579,0.000446,0.000592,0.003283,0.000614,0.001524,0.000741, ,0.003220,0.000803,0.001441,0.000225, ,0.001322,0.000877,0.001674,0.001984,0.002390,0.003633,0.001199,0.000970,0.000191,0.002949,0.002962,0.000241,0.002306,0.000722, ,0.000824,0.000533,0.000686,0.000212,0.005094,0.002255, ,0.000174,0.002915,0.000435,0.000488, , ,0.001535,0.002037,0.004508,0.000611,0.000393,0.003575,0.001565,0.001987,0.000680,0.000403,0.000193,0.002295,0.000119,0.000841,0.000841,0.000201,0.000123, ,0.000661,0.000847,0.000662,0.001935,0.001420,0.003255,0.003750, , ,0.009139,0.001085,0.003269,0.006694,0.009449,0.001527,0.000644,0.000148, ,0.000792,0.000483,0.000850,0.001700,0.000682, ,0.000936, , ,0.012137, , , , , , , , ,0.001068,0.001532, ,0.002985,0.006286,0.001742,0.001275,0.016141,0.002427,0.001893, ,0.002068, , ,0.016401,0.003743,0.001959,0.001074,0.010679,0.000997,0.000391,0.001169,0.001393,0.001902,0.000643,0.002019,0.002748,0.006536,0.001098,0.001534,0.001348,0.001082, , ,0.000997,0.002104, ,0.001715, ,0.003419,0.006992, , ,0.002684, , ,0.001565,0.000815,0.004370,0.002932,0.002756,0.002147,0.000184,0.004515,0.001764,0.001671,0.001740,0.001238,0.002435,0.003483,0.000614,0.001341,0.001205,0.000886, ,0.002261,0.002314,0.000664,0.001525,0.001617,0.000892,0.002976,0.001132,0.001203,0.001074,0.001049,0.000923,0.001874,0.002225,0.001148,0.001335,0.000829,0.002229,0.000584, ,0.000369,0.002233, , ,0.003394,0.000496, ,0.006649,0.001725,0.001489,0.000945,0.003057,0.001645,0.000579,0.001124, ,0.000881,0.003049,0.000646,0.001201,0.001098,0.000951,0.001060,0.001409,0.002095,0.001272,0.002092, ,0.001973, , ,0.001359, ,0.002039,0.001953,0.006439,0.003907, , ,0.001293,0.011716,0.000938, ,0.002597,0.003420,0.002957, ,0.002349,0.001769,0.004263,0.003110, ,0.001897,0.002499,0.001443,0.001792, , , ,0.001416, ,0.001615,0.002239,0.001304,0.001257,0.001144, ,0.001820,0.001044, ,0.002148,0.004552, ,0.003424,0.002201,0.001810,0.000841,0.012612, , , , , , ,0.002117,0.003734,0.002026,0.002269,0.002679, ,0.003127, , , ,0.003249,0.001281, , , ,0.004984,0.005900,0.002986,0.002623, ,0.004326,0.001347,0.003608, ,0.001793,0.001244,0.000954,0.000893,0.001038, ,0.001470, ,0.003982, ,0.007788,0.002659, , ,0.001738, ,0.001558,0.013612,0.003079, ,0.002527,0.001659, ,0.003791,0.001912,0.005636,0.001232,0.002560,0.007149, , ,0.008020,0.002730,0.001079, , , ,0.002076,0.002265,0.003179,0.001977,0.005707,0.002427, ,0.003503, ,0.002110, , ,0.001138,0.001860,0.004200,0.002406, , , ,0.001352,0.004349,0.004281, ,0.001750,0.001482, , , ,0.006915,0.001998, ,0.005485,0.001901,0.001646, ,0.003628,0.003889,0.010675,0.002432, ,0.008204,0.002937,0.002921,0.002758, , , , , , ,0.002517, ,0.000916,0.004490,0.003904,0.001455,0.004413,0.004225,0.002541,0.003404,0.002816,0.003579, ,0.010211, , , ,0.003215,0.001544,0.001912, ,0.006353,0.002764, ,0.007354,0.002319, ,0.004025, ,0.003233, ,0.001502,0.001977,0.001230, ,0.002806, ,0.002353,0.001790, ,0.011286,0.003183, ,0.002182, , ,0.001792, ,0.004338,0.001681, , , , ,0.021664, ,0.000914,0.001365, ,0.000871, , , , , , , ,0.001158,0.001804, ,0.004213,0.002079
    Median/Mean ISI within Burst, , ,0.564842, ,0.426046,0.465006,0.412323,0.457683, ,0.519111, ,0.421568, ,0.436035,0.603258,0.484841, , ,1.024390,0.276532,0.631762, ,0.318093, , ,0.369013,0.414519,0.326262, ,0.289213,0.479324,0.555070,0.783353,0.158632,0.378722,0.388925,0.424666,0.947964,0.375534,0.503165,0.410327,0.616870,0.437101,0.393114, ,0.551426, ,0.333040,0.375264,0.635022,0.393194,0.377605, , ,0.491881,0.558274,0.456659,0.350774,0.265139,0.376520,0.440030,0.531531, ,0.450878, , ,0.807454,0.763918, ,0.682147,0.823470, , ,0.808666, , ,0.725872, ,0.875985,0.811494,0.743479,0.665303, ,0.599827, ,0.634074,0.563124,0.879310,0.525032,0.537048,1.006849,0.474705,0.539514,0.581604,0.604350,0.581792, ,0.613973,0.563202,0.745623,0.742167,0.814053,0.785958, ,0.650261,0.759079,0.762411,0.581594,0.685184,0.837276,0.761610,0.585615,0.935592,0.814235,0.503640,0.621702, ,0.497990,0.582244,0.556756,0.495014,0.523618, ,0.374444, , ,0.513981,0.496910,0.761168,0.764551, ,0.285902, ,0.830812,0.827272,0.775097,0.950385,0.753191,0.893044,0.934773,0.845191,0.817210,0.900670, ,0.728001,0.774085,0.831525,0.835416,0.950245,0.755075, ,0.752131,0.744774,0.696561,0.843140,0.783248, ,0.770563, , ,0.766645,0.809611,0.768449,0.594991,0.705501,0.795280,0.801971,0.901945, , ,0.783656,0.530889,0.810627,0.740949,0.814511,0.897340,0.830953,0.761919,0.782119,0.806118,0.768255,0.927593,0.841396,0.788736,0.764231,0.672234,0.917354,0.630272,0.787388, ,0.852498,0.781835,0.698555, ,0.832350, ,0.765848,0.797237,0.826080,0.801110,0.706542, ,0.784250,1.144186,0.795106,0.875719,0.802744,0.889527,0.746062,0.875605,0.863966,0.907693, ,0.701997,0.736674,0.811584,0.776351,0.742828,0.826400,0.975759,0.883980,0.762046,0.892473,0.747710,0.912091,0.768340,0.784723,0.816899, , ,0.800226,0.778103,0.802334,0.882805, , , ,0.771882,0.781164, ,0.783859, ,0.764924, , , ,0.746705,0.799505,0.755213, ,0.686086,0.729569,0.834564,0.870070,0.922002,0.924439,0.549698,0.682160,0.640831,0.457285,1.030343,0.546535,0.722228,0.804048,0.862699,0.779422,0.561031, , ,0.563439,0.853684,0.684788,0.595905, ,0.869458,0.624220,0.544932, , ,0.713035, ,0.688363, ,0.764652, , , , ,0.600948,0.486540,0.509750,0.585321, ,0.606178,0.670888,0.422828, ,0.397517,0.506119, ,0.432640,0.517940,0.487800,0.427651,0.642153, ,0.790471,0.746393,0.780470,0.669972,0.461014,0.485800,0.756425,0.636284, ,0.600520,0.702152,0.614767,0.532462,0.612902,0.807853,0.635768,0.680508,0.810909,0.725850,0.733938,0.776817,0.635137, ,0.801646,0.827271,0.725064,0.738381,0.303483,0.598853,0.663218,0.693100,0.854506,0.685788,0.640471,0.729622,0.857037,0.793609,0.874270,1.027472,0.789158,0.643109,0.812685, ,0.859319,0.715274,0.752558,0.784927,0.588767,0.617773, ,0.773988,0.485545,0.751725,0.626868, , ,0.613761,0.746992,0.589377,0.773084,0.655251,0.490543,0.783802,0.656804,0.597443,0.697264,0.819702,0.583958,0.851764,0.608249,0.682105,0.777064,0.837879,0.304387,0.662805,0.578367,0.569865,0.551267,0.815610,0.794232,0.879458, , ,0.831091,0.841591,0.782669,0.898191,0.774859,0.646617,0.821345,0.870796, ,0.840844,0.807293,0.788098,0.858716,0.835948, ,0.774776, , ,1.004355, , , , , , , , ,0.843996,0.785958, ,0.814073,0.873890,0.819389,0.821333,0.746007,0.878397,0.807084,1.013514,0.768692, , ,0.745478,0.702612,0.809061,0.802403,0.867365,0.694474,0.807581,0.761626,0.778227,0.780412,0.816152,0.825368,0.867724,0.771312,0.841774,0.856475,0.826651,0.715095, , ,0.801386,0.820370, ,0.831146, ,0.805081,0.738848, , ,0.685958, , ,0.752634,0.755074,0.854758,0.864605,0.744099,0.787558,0.804610,0.921475,0.909894,0.780476,0.827430,0.767210,0.880303,0.810133,0.818007,0.867719,0.922782,0.785158, ,0.793649,0.719848,0.869627,0.828214,0.879345,0.766332,0.898271,0.783352,0.691625,1.000013,0.802338,0.819555,0.768133,0.808282,0.825955,0.825020,0.823845,0.819185,0.827618, ,0.802900,0.693011, , ,0.918920,0.816341, ,0.799070,0.823978,0.795903,0.817862,0.852280,0.804809,0.787250,0.815819,0.875445,0.850154,0.832256,0.833469,0.815634,0.780165,0.778522,0.830307,0.828180,0.798655,0.821042,0.816982, ,0.864041, , ,0.775620, ,0.773875,0.828136,0.796289,0.692778,0.812785, ,0.804689,0.865988,0.768702, ,0.761924,0.787334,0.808214, ,0.762073,0.747700,0.754518,0.694617, ,0.738470,0.773179,0.808999,0.782430, , , ,0.771131, ,0.762324,0.709416,0.888539,0.786785,0.766987, ,0.767070,0.801524, ,0.740433,0.633750, ,0.877643,0.730066,0.697897,0.886107,0.829773, , , , , ,0.836397,0.700355,0.769223,0.788295,0.609760,0.841418, ,0.850925, ,0.889535, ,0.775990,0.764141, , , ,0.845031,0.896709,0.724277,0.801779, ,0.816292,0.850187,0.729018, ,0.881805,0.761572,0.689921,0.832267,0.830097, ,0.801769, ,1.088091, ,0.762193,1.071227,0.792285, ,0.819102, ,0.850844,0.846886,0.784384, ,0.799222,0.803903,1.010638,0.933114,0.771201,0.902614,0.732823,0.781638,0.813094, , ,0.791846,0.778198,0.739576, , , ,0.826523,0.803130,0.820920,0.944801,0.832247,0.775703, ,0.775221, ,0.780681, , ,0.798207,0.765572,0.801932,0.731699, , , ,0.752408,0.798807,0.810695, ,0.780120,0.698707, , ,0.840108,0.763672,0.695377, ,0.727464,0.788619,0.755055,0.524164,0.846992,0.799021,0.807801,0.907912, ,0.901215,0.914294,0.868143,0.911401, , , , , , ,0.770187, ,0.823457,0.800034,0.885759,0.628077,0.825280,0.898266,0.804333,0.760856,0.863755,0.853140, ,0.793216,0.934073, , ,0.802630,0.760413,0.877721, ,0.818979,0.858758, ,0.514900,0.961274,0.961424,0.851517, ,0.760491, ,0.789648,0.861874,0.784030, ,0.832532, ,0.757739,0.793942, ,0.817942,0.773440,0.812977,0.756011, , ,0.990228, ,0.719861,0.774548, , , , ,0.855200, ,0.792501,0.727333, ,0.776767, , , , , , , ,0.740703,0.730825, ,0.791119,0.712811
    Inter-Burst Interval - Avg (sec), , ,3.911447, ,3.989724,3.911462,9.318468,20.453073, ,37.973354, ,3.937119, ,3.911418,14.335305,42.365937, , , ,4.761363,5.003380, ,5.416519, , ,4.761021,4.950154,5.809307, ,5.367143,66.863493,18.731837,124.198107, ,4.272308,6.688251,8.217621,68.157680,4.334676,4.272299,13.997840,65.983671,4.272326,31.939247, ,5.209371, ,4.987855,5.496907,28.479280,5.825476,5.396959, , ,5.600613,5.396977,5.396950,20.381953,148.077067,6.249132,5.396961,5.496910, ,5.446489, , ,3.206158,3.967136, ,2.722961,4.345776, , ,2.662379, , ,3.447151, ,51.420592,19.166283,7.325564,76.784440, ,4.084753, ,3.571185,3.846214, ,3.949585,22.900975, ,4.967927,3.975890,4.450605,58.744338,10.096719, ,3.909899,3.909891,5.079526,5.402671,4.373086,3.909894, ,4.539910,4.871309,3.909835,23.401457,3.909848,25.033200,42.655458,3.884378,39.800300,37.298215,3.492757,3.733487, ,3.555555,12.600314,3.432277,3.555549,3.432235, ,4.392413, , ,3.711171,41.462080,8.116102,2.905537, , , ,13.634936,9.994713,3.773962,7.845760,3.547921,20.039234,82.712114,10.330333,4.896764,31.918936, ,12.000692,11.436652,10.829790,24.488963,129.793000,9.292264, ,48.004153,16.457950,50.601936,30.039077,8.860472, ,18.001240, , ,11.996323,9.331119,8.164842,72.898820,14.695512,12.247317,10.313065,13.651120, , ,10.135149,91.582227,13.672199,8.646104,37.353376,9.798057,7.791593,12.547727,11.843438,10.965852,6.104670,11.779494,25.745589,10.307854,5.194249,5.432573,40.282480,65.455440,7.791338, ,13.743674,13.118713,182.803680, ,21.899536, ,7.614657,7.815048,10.734654,147.910480,8.466293, ,15.206996, ,10.333034,12.338421,7.814958,15.283349,11.671068,14.663836,11.696074,58.890980, ,6.755925,7.077906,17.870800,6.784897,15.455892,12.708204,239.705840,15.038901,6.258184, ,15.456190,37.860368, ,5.431521,7.494223, , ,5.804235,4.813415,8.836134,47.005585, , , ,4.625344,12.795865, ,11.717811, ,4.875108, , , ,5.463376,5.321303,4.998486, ,4.222717,5.850041,30.252245,182.758480,38.987852,58.437737,8.631004,4.726477,5.089975,5.954752,118.090520,9.914630,4.689150,5.413725,295.172800,4.689167,10.415269, , ,8.387508,4.726291,4.726277,4.376080, ,4.649704,164.804240,5.409782, , ,4.408654, ,43.600560, ,91.011260, , , , ,7.009511,17.270501,7.092870,6.927925, ,8.635259,67.659190,7.009388, ,7.265880,7.178311, ,7.541763,9.930056,7.541782,7.265755,6.851369, ,42.052789,6.478955,23.587664,6.851342,66.751970,6.851313,7.545229,6.851379, ,9.126870,14.928211,6.851384,8.638725,7.096075,6.382609,6.382610,6.382605,6.382618,13.490456,6.382582,6.382572,6.382609, ,13.495088,6.382613,6.451978,6.382582, ,6.382615,6.248225,72.803147,7.323712,7.333322,32.771339,7.243273,7.243477,7.243760,37.076900,15.835526,7.243640,7.323889,7.234499, ,7.243652,7.323793,7.234448,5.853960,36.842234,6.095287, ,5.853900,6.357464,5.853905,5.853924, , ,5.853882,5.853902,87.635820,5.853792,5.853745,8.827890,5.156592,10.796183,4.341660,4.334594,4.303359,23.430450,4.334608,4.334629,4.430908,4.303393,4.303416, ,4.366218,4.505989,4.366229,4.398366,4.174674,4.557108,4.422225, , ,30.833787,4.033811,4.061320,8.556831,14.933407,109.955440,3.980126,4.033841, ,3.953763,3.980123,4.640932,6.419062,3.876077, ,3.684582, , ,114.392400, , , , , , , , ,5.024043,4.941027, ,5.695492,13.061234,6.100571,6.038975,50.672916,12.256720,5.978576, ,6.498399, , ,21.212400,9.254699,7.467363,5.345993,71.349703,5.395351,5.298569,5.252063,5.251409,7.022495,5.251674,14.133290,7.222944,41.905935,5.958192,6.648480,25.727636,5.394865, , ,4.398549,5.341029, ,6.664990, ,49.331990,14.237571, , ,9.635692, , ,4.601732,4.464296,56.469910,20.680003,5.098086,5.233331,5.137640,12.309230,9.378545,5.275439,6.714096,5.322895,14.797707,11.315666,5.137655,7.673167,6.714020,5.049975, ,5.022308,266.273200,5.384940,5.585389,14.741368,5.108784,21.493141,5.022255,5.580031,105.230987,5.023002,5.242532,42.354893,96.462800,6.240013,4.127711,3.646547,4.099201,4.043415, ,3.624378,42.068213, , ,25.981389,3.714800, ,6.601846,25.199623,4.192173,4.070978,17.672936,8.001742,229.122800,8.710015, ,12.087128,12.392327,8.341997,12.087213,8.838553,8.838400,9.401300,11.845368,20.109583,10.211397,12.875348, ,10.312383, , ,5.240144, ,7.856555,5.862552,39.823817,28.342080, , ,11.626814,62.879060,3.867478, ,5.479058,5.526932,8.781301, ,8.826647,7.962820,10.657140,15.028903, ,8.748543,7.680117,13.321260,6.864511, , , ,8.149416, ,4.830703,5.078461,11.071112,6.446898,10.117000, ,4.657237,6.720914, ,4.791787,64.938949, ,63.192704,6.448339,4.697901,16.783232,13.194921, , , , , , ,5.341298,9.835988,16.925560,43.901831,21.486708, ,18.718183, , , ,6.457078,5.351759, , , ,65.638651,24.848522,11.424742,16.811899, ,12.508858,67.637390,6.387385, ,14.777168,6.887332,7.694671,8.869845,7.227376, ,5.586131, ,142.278747, ,26.538312,547.452160, , ,39.459618, ,45.177333,51.001400,7.073062, ,7.312114,4.668930, ,51.844360,7.150937,14.215036,3.782729,6.042784,115.593440, , ,65.318583,15.486777,4.083959, , , ,8.690755,12.658296,37.289392,59.271200,48.803853,8.125719, ,26.412309, ,6.147117, , ,5.905507,4.810141,5.734866,5.373255, , , ,4.085035,7.938852,25.848171, ,4.894540,4.587808, , , ,13.496997,6.318997, ,9.737238,7.919874,5.940176, ,22.943914,19.406845,66.225531,22.946013, ,29.264352,58.924840,107.174912,62.486373, , , , , , ,11.051195, ,192.136840,23.560984,24.354313,6.055403,52.971880,38.756788,5.363217,17.054228,70.981130,27.112573, ,101.569600, , , ,21.157862,5.571347,37.784754, ,27.686537,18.236270, ,83.231600,36.839440, ,8.724952, ,7.235082, ,5.493533,19.775557,5.544670, ,10.408074, ,5.874099,6.819310, ,30.169284,6.230730, ,6.311987, , ,58.795300, ,13.465304,5.430590, , , , ,170.371600, ,3.984708,5.792786, ,7.575032, , , , , , , ,5.803901,4.661198, ,135.515300,7.663575
    Inter-Burst Interval - Std (sec), , ,2.167260, ,2.137341,2.168300,10.136952,19.155249, ,49.101723, ,2.150648, ,2.167066,10.339589,40.798845, , , ,1.642510,1.539955, ,2.814134, , ,1.641503,2.015014,3.053046, ,2.813943,29.561264,16.749841,157.873451, ,1.470839,3.664340,6.593758,61.403116,1.478001,1.469691,12.504672,64.321812,1.470279,15.686265, ,3.294717, ,2.493831,1.093845, ,1.631280,1.270675, , ,1.161084,1.270543,1.271536,16.332077,70.730364,2.219339,1.272193,1.100304, ,1.192052, , ,1.485284,3.827089, ,1.216275,3.939820, , ,1.210828, , ,2.162988, ,60.871213,18.375695,5.752710,45.062874, ,1.194400, ,0.811299,1.028901, ,1.163335,11.509387, ,2.451350,1.201692,2.046256,78.531264,10.031576, ,0.793390,0.792560,2.607108,2.949805,1.507801,0.791426, ,1.803002,2.442974,0.792667,21.313314,0.793924,20.102684,36.090492,0.842424,37.293047,34.407839,1.230872,1.316664, ,1.162528,13.258900,1.297271,1.242954,1.297785, ,2.191981, , ,1.136028,39.215264,5.984334,1.227025, , , ,11.243106,8.960974,1.965120, ,1.688149,20.065160,103.571351,8.585029,3.096603,28.482770, ,7.307143,5.312608,5.276317,11.208082,52.462985,4.886827, ,26.780836,9.795091,28.982231,20.668531,3.810300, ,10.966565, , ,6.822758,2.954832,2.561518,95.569198,8.228399,7.121184,3.976788,7.082215, , ,5.852070,132.462033,7.745810,3.182510,43.263510,4.309240,3.937874,6.208896,6.135175,4.663686,3.177210,5.816586,18.149941,5.940249,2.514741,2.847175,54.642255,41.195593,4.462611, ,6.888602,5.985793, , ,15.756694, ,3.576599,3.927347,7.571808,135.919146,5.123303, ,11.114421, ,7.216947,9.035954,4.656306,10.070213,6.313209,7.051201,5.874743,37.274155, ,2.862135,3.089164,10.816498,2.796662,9.138114,5.636370, ,9.361205,2.572606, ,8.201937,29.753528, ,2.173592,3.279347, , ,2.090927,1.774848,4.416147,60.543795, , , ,1.863917,8.759175, ,5.766677, ,1.831143, , , ,2.523504,2.224615,1.887036, ,1.510964,2.417366,28.230110, ,30.930902,30.211523,6.127026,2.537767,2.405526,3.501608,16.359566,6.810099,2.540294,2.362167, ,2.541413,7.188492, , ,5.430543,2.524562,2.522334,2.230528, ,2.396592, ,3.189072, , ,2.152339, ,26.462647, ,119.486682, , , , ,2.391068,15.570825,2.302528,2.460953, ,3.406852,58.439624,2.393864, ,2.097601,2.222087, ,1.687944,5.566760,1.687938,2.109127,1.677230, ,76.075251,2.207874,16.684674,1.683831,70.315686,1.688746,1.864178,1.677963, ,5.037257,11.133415,1.677109,3.926242,1.664285,1.253981,1.254398,1.255199,1.256523,9.253597,1.255872,1.253731,1.260506, ,11.968283,1.256024,1.454455,1.260020, ,1.259287,1.495005,19.765029,2.909194,2.972642,33.745456,2.979027,2.980068,2.981156,24.669597,12.915543,2.981195,2.909532,2.999293, ,2.982058,2.908569,2.998472,2.700053,47.549039,2.756994, ,2.701022,2.695955,2.710933,2.715602, , ,2.714186,2.716061,64.240251,2.696360,2.707793,4.382379,2.852575,8.130013,1.572594,1.570721,1.604732,20.610393,1.572975,1.574188,1.510649,1.600228,1.600853, ,1.573828,1.567594,1.577046,1.657003,1.776412,1.961646,1.937216, , ,25.260540,1.767761,1.769603,5.607475,14.982870, ,1.795746,1.769049, ,1.810854,1.796523,1.943240,3.913298,1.213357, ,1.099293, , ,45.672197, , , , , , , , ,1.583775,1.621763, ,1.792432,10.111773,1.961387,1.909510,30.938319,7.593432,1.801379, ,2.269459, , ,16.551014,5.320444,3.404311,1.422264,76.476372,1.431726,1.362791,1.428462,1.426016,2.711269,1.433831,8.928618,3.261972,33.999261,1.358779,2.043743,16.482775,1.621054, , ,1.377366,1.861191, ,3.178697, ,86.014399,12.769238, , ,6.619543, , ,1.520485,1.496428,36.798450,22.110034,1.754408,1.667961,1.575136,12.749924,6.337645,1.512708,2.642649,1.531645,11.160773,10.202948,1.577099,3.813952,2.760762,1.658365, ,1.323972,320.613641,1.558498,1.803695,9.615746,1.191423,19.448690,1.238230,1.898982,100.439907,1.331016,1.216180,44.376397,98.125260,2.391379,1.303836,1.293382,1.290257,1.371316, ,1.337274,45.527026, , ,17.777801,1.379751, ,4.394652,24.458649,1.459648,1.339490,8.655552,4.190023,105.408351,4.107876, ,5.444686,7.145624,4.106129,5.424536,4.119001,3.930842,4.389103,5.360677,14.323792,4.520513,6.646034, ,6.641472, , ,2.636811, ,5.126929,3.420465,26.427875,24.390299, , ,7.855727,73.811597,1.781547, ,2.488473,2.539808,3.932545, ,4.797262,3.545821,6.331910,9.974729, ,4.015397,3.372463,7.188142,3.044096, , , ,3.750240, ,1.843534,2.060722,5.682611,2.154328,5.576545, ,2.028344,3.093693, ,2.066957,36.009215, ,58.462985,2.821605,1.650976,13.098910,9.705442, , , , , , ,2.112114,7.291031,14.591297,34.537755,14.611051, ,15.105194, , , ,2.601638,1.818628, , , ,55.999840,14.773384,10.535031,11.466956, ,5.807369,82.275937,3.273802, ,10.134028,2.661447,4.138891,4.470428,3.319765, ,2.055629, ,91.400168, ,25.534520, , , ,22.914933, ,44.632887,28.239409,4.045562, ,5.171735,2.767187, ,30.761540,4.115201,9.478992,2.042828,3.614628,69.242046, , ,54.054540,12.098619,1.995594, , , ,4.424173,6.986750,36.799108,37.220808,57.622130,3.770968, ,22.380960, ,3.035584, , ,3.200776,2.740255,3.094272,3.264453, , , ,2.189601,4.565012,16.098918, ,2.789264,2.839552, , , ,10.285596,3.619143, ,4.600852,3.798929,2.776070, ,17.864951,13.560451,56.807591,10.902920, ,21.436415,52.184867,59.318506,54.263054, , , , , , ,6.578810, ,2.951916,24.847201,13.640325,3.481624,35.297929,33.432354,2.568221,14.629576,61.193569,22.925280, ,134.260150, , , ,19.393613,3.306084,24.619520, ,21.067346,13.351996, , , , ,5.544811, ,3.911624, ,2.490185,12.380189,2.348245, ,6.173408, ,2.621099,3.892613, ,28.352093,3.346685, ,3.046482, , ,35.077571, ,11.226370,2.534317, , , , ,145.686511, ,2.364269,3.133238, ,4.305486, , , , , , , ,3.539269,3.291363, ,111.501615,5.715079
    Burst Frequency (Hz), , ,0.256667, ,0.251667,0.256667,0.103333,0.050000, ,0.025000, ,0.255000, ,0.256667,0.065000,0.025000, , ,0.001667,0.208333,0.198333, ,0.183333, , ,0.208333,0.198333,0.168333, ,0.185000,0.006667,0.051667,0.006667,0.001667,0.233333,0.148333,0.120000,0.010000,0.230000,0.233333,0.070000,0.016667,0.233333,0.030000, ,0.188333, ,0.198333,0.181667,0.003333,0.170000,0.185000, , ,0.178333,0.185000,0.185000,0.046667,0.006667,0.160000,0.185000,0.181667, ,0.183333, , ,0.311667,0.253333, ,0.368333,0.226667, , ,0.376667, , ,0.290000, ,0.018333,0.048333,0.133333,0.011667, ,0.245000, ,0.280000,0.260000,0.001667,0.253333,0.036667,0.001667,0.201667,0.251667,0.225000,0.016667,0.096667, ,0.255000,0.255000,0.196667,0.185000,0.226667,0.255000, ,0.218333,0.205000,0.255000,0.041667,0.255000,0.040000,0.023333,0.256667,0.021667,0.023333,0.285000,0.266667, ,0.280000,0.071667,0.290000,0.280000,0.290000, ,0.225000, , ,0.268333,0.021667,0.123333,0.343333, ,0.001667, ,0.073333,0.098333,0.263333,0.003333,0.280000,0.048333,0.013333,0.096667,0.203333,0.030000, ,0.081667,0.088333,0.091667,0.040000,0.008333,0.108333, ,0.021667,0.060000,0.018333,0.026667,0.111667, ,0.055000, , ,0.083333,0.106667,0.121667,0.008333,0.068333,0.081667,0.096667,0.071667, , ,0.098333,0.011667,0.073333,0.115000,0.026667,0.101667,0.128333,0.078333,0.085000,0.091667,0.163333,0.083333,0.038333,0.095000,0.191667,0.183333,0.023333,0.008333,0.128333, ,0.071667,0.075000,0.003333, ,0.043333, ,0.131667,0.128333,0.086667,0.006667,0.115000, ,0.061667,0.001667,0.093333,0.076667,0.128333,0.063333,0.083333,0.066667,0.085000,0.008333, ,0.148333,0.141667,0.055000,0.146667,0.063333,0.076667,0.003333,0.066667,0.160000,0.001667,0.063333,0.026667,0.001667,0.183333,0.133333, , ,0.171667,0.206667,0.113333,0.020000, , , ,0.215000,0.076667, ,0.083333, ,0.201667, , , ,0.178333,0.183333,0.196667, ,0.235000,0.168333,0.026667,0.003333,0.023333,0.013333,0.116667,0.211667,0.196667,0.166667,0.005000,0.093333,0.213333,0.185000,0.003333,0.213333,0.095000, , ,0.120000,0.211667,0.211667,0.228333, ,0.215000,0.003333,0.185000, , ,0.226667, ,0.021667, ,0.008333, , , , ,0.143333,0.058333,0.141667,0.145000, ,0.115000,0.015000,0.143333, ,0.138333,0.140000, ,0.133333,0.101667,0.133333,0.138333,0.146667, ,0.013333,0.155000,0.043333,0.146667,0.015000,0.146667,0.133333,0.146667, ,0.106667,0.066667,0.146667,0.116667,0.141667,0.156667,0.156667,0.156667,0.156667,0.075000,0.156667,0.156667,0.156667, ,0.073333,0.156667,0.155000,0.156667,0.001667,0.156667,0.160000,0.006667,0.136667,0.136667,0.026667,0.138333,0.138333,0.138333,0.028333,0.050000,0.138333,0.136667,0.138333, ,0.138333,0.136667,0.138333,0.170000,0.023333,0.163333, ,0.170000,0.156667,0.170000,0.170000, , ,0.170000,0.170000,0.008333,0.170000,0.170000,0.111667,0.195000,0.093333,0.230000,0.231667,0.233333,0.041667,0.231667,0.231667,0.226667,0.233333,0.233333,0.001667,0.230000,0.221667,0.230000,0.228333,0.240000,0.220000,0.226667, , ,0.026667,0.248333,0.246667,0.116667,0.066667,0.003333,0.251667,0.248333, ,0.253333,0.251667,0.215000,0.156667,0.258333, ,0.271667, , ,0.005000, , , , , , , , ,0.200000,0.203333, ,0.175000,0.071667,0.165000,0.166667,0.016667,0.081667,0.168333,0.001667,0.155000, , ,0.040000,0.108333,0.133333,0.186667,0.013333,0.185000,0.188333,0.190000,0.190000,0.141667,0.190000,0.070000,0.136667,0.020000,0.166667,0.148333,0.038333,0.185000, , ,0.228333,0.188333, ,0.150000, ,0.015000,0.070000, , ,0.103333, , ,0.218333,0.225000,0.015000,0.046667,0.195000,0.190000,0.193333,0.081667,0.106667,0.188333,0.148333,0.186667,0.066667,0.086667,0.193333,0.130000,0.148333,0.196667, ,0.200000,0.005000,0.186667,0.180000,0.065000,0.196667,0.046667,0.200000,0.175000,0.006667,0.200000,0.191667,0.021667,0.008333,0.156667,0.241667,0.273333,0.243333,0.246667, ,0.275000,0.021667, , ,0.033333,0.268333, ,0.146667,0.036667,0.236667,0.245000,0.056667,0.125000,0.005000,0.115000,0.001667,0.083333,0.078333,0.120000,0.083333,0.113333,0.113333,0.106667,0.085000,0.050000,0.098333,0.078333, ,0.096667, , ,0.190000, ,0.125000,0.170000,0.025000,0.035000,0.001667, ,0.085000,0.008333,0.258333, ,0.183333,0.180000,0.115000, ,0.113333,0.126667,0.093333,0.066667, ,0.113333,0.130000,0.075000,0.146667, , , ,0.121667, ,0.206667,0.196667,0.090000,0.153333,0.098333, ,0.213333,0.148333, ,0.208333,0.013333, ,0.010000,0.153333,0.210000,0.060000,0.073333, , , , , ,0.001667,0.185000,0.100000,0.058333,0.016667,0.046667, ,0.053333, ,0.001667, ,0.155000,0.186667, , , ,0.013333,0.040000,0.085000,0.058333, ,0.080000,0.015000,0.156667, ,0.065000,0.143333,0.125000,0.111667,0.136667, ,0.178333, ,0.006667, ,0.036667,0.003333,0.001667, ,0.023333, ,0.021667,0.008333,0.141667, ,0.131667,0.215000,0.001667,0.018333,0.138333,0.066667,0.265000,0.165000,0.005000, , ,0.013333,0.065000,0.245000, , , ,0.113333,0.078333,0.026667,0.015000,0.021667,0.123333, ,0.036667, ,0.163333, , ,0.170000,0.208333,0.175000,0.186667, , , ,0.245000,0.123333,0.036667, ,0.200000,0.218333, , ,0.001667,0.070000,0.158333, ,0.103333,0.126667,0.168333,0.001667,0.043333,0.051667,0.013333,0.043333, ,0.035000,0.015000,0.010000,0.016667, , , , , , ,0.090000, ,0.005000,0.040000,0.038333,0.165000,0.018333,0.023333,0.186667,0.058333,0.015000,0.033333, ,0.010000,0.001667, , ,0.043333,0.180000,0.025000, ,0.036667,0.055000, ,0.003333,0.003333,0.001667,0.115000, ,0.138333, ,0.181667,0.051667,0.180000, ,0.096667, ,0.170000,0.146667, ,0.033333,0.160000,0.001667,0.156667, , ,0.008333, ,0.073333,0.183333, , , , ,0.005000, ,0.250000,0.173333, ,0.131667, , , , , , , ,0.173333,0.215000, ,0.008333,0.131667
    IBI Coefficient of Variation, , ,0.554082, ,0.535711,0.554345,1.087835,0.936546, ,1.293057, ,0.546249, ,0.554036,0.721267,0.963011, , , ,0.344966,0.307783, ,0.519547, , ,0.344780,0.407061,0.525544, ,0.524291,0.442114,0.894191,1.271142, ,0.344273,0.547877,0.802393,0.900898,0.340972,0.344005,0.893329,0.974814,0.344140,0.491128, ,0.632460, ,0.499981,0.198993, ,0.280025,0.235443, , ,0.207314,0.235417,0.235603,0.801301,0.477659,0.355144,0.235724,0.200168, ,0.218866, , ,0.463260,0.964698, ,0.446674,0.906586, , ,0.454792, , ,0.627471, ,1.183791,0.958751,0.785293,0.586875, ,0.292404, ,0.227179,0.267510, ,0.294546,0.502572, ,0.493435,0.302245,0.459770,1.336831,0.993548, ,0.202918,0.202707,0.513258,0.545990,0.344791,0.202416, ,0.397145,0.501503,0.202737,0.910769,0.203057,0.803041,0.846093,0.216875,0.937004,0.922506,0.352407,0.352663, ,0.326961,1.052267,0.377962,0.349582,0.378116, ,0.499038, , ,0.306110,0.945810,0.737341,0.422306, , , ,0.824581,0.896571,0.520705, ,0.475814,1.001294,1.252191,0.831051,0.632377,0.892347, ,0.608893,0.464525,0.487204,0.457679,0.404205,0.525903, ,0.557886,0.595159,0.572749,0.688055,0.430034, ,0.609212, , ,0.568737,0.316664,0.313725,1.310984,0.559926,0.581448,0.385607,0.518801, , ,0.577403,1.446373,0.566537,0.368086,1.158222,0.439806,0.505400,0.494822,0.518023,0.425292,0.520456,0.493789,0.704973,0.576284,0.484139,0.524093,1.356477,0.629369,0.572766, ,0.501220,0.456279, , ,0.719499, ,0.469699,0.502536,0.705361,0.918928,0.605141, ,0.730876, ,0.698434,0.732343,0.595820,0.658901,0.540928,0.480856,0.502283,0.632935, ,0.423648,0.436452,0.605261,0.412189,0.591238,0.443522, ,0.622466,0.411079, ,0.530657,0.785875, ,0.400181,0.437583, , ,0.360242,0.368729,0.499783,1.288013, , , ,0.402979,0.684532, ,0.492129, ,0.375611, , , ,0.461895,0.418058,0.377522, ,0.357818,0.413222,0.933158, ,0.793347,0.516987,0.709886,0.536926,0.472601,0.588036,0.138534,0.686874,0.541739,0.436329, ,0.541975,0.690188, , ,0.647456,0.534153,0.533683,0.509709, ,0.515429, ,0.589501, , ,0.488208, ,0.606934, ,1.312878, , , , ,0.341118,0.901585,0.324626,0.355222, ,0.394528,0.863735,0.341523, ,0.288692,0.309556, ,0.223813,0.560597,0.223812,0.290283,0.244802, ,1.809042,0.340776,0.707347,0.245767,1.053387,0.246485,0.247067,0.244909, ,0.551915,0.745797,0.244784,0.454493,0.234536,0.196468,0.196534,0.196659,0.196866,0.685937,0.196765,0.196430,0.197491, ,0.886862,0.196788,0.225428,0.197415, ,0.197299,0.239269,0.271486,0.397229,0.405361,1.029725,0.411282,0.411414,0.411548,0.665363,0.815606,0.411560,0.397266,0.414582, ,0.411679,0.397140,0.414471,0.461235,1.290612,0.452316, ,0.461405,0.424061,0.463098,0.463894, , ,0.463656,0.463974,0.733036,0.460618,0.462574,0.496424,0.553190,0.753045,0.362210,0.362369,0.372902,0.879641,0.362888,0.363166,0.340934,0.371853,0.371996, ,0.360456,0.347891,0.361192,0.376732,0.425521,0.430458,0.438064, , ,0.819249,0.438236,0.435721,0.655321,1.003312, ,0.451178,0.438552, ,0.458008,0.451374,0.418718,0.609637,0.313037, ,0.298349, , ,0.399259, , , , , , , , ,0.315239,0.328224, ,0.314711,0.774182,0.321509,0.316198,0.610549,0.619532,0.301306, ,0.349234, , ,0.780252,0.574891,0.455892,0.266043,1.071853,0.265363,0.257200,0.271981,0.271549,0.386083,0.273024,0.631744,0.451613,0.811323,0.228052,0.307400,0.640664,0.300481, , ,0.313141,0.348470, ,0.476924, ,1.743583,0.896869, , ,0.686982, , ,0.330416,0.335199,0.651647,1.069150,0.344131,0.318719,0.306587,1.035802,0.675760,0.286745,0.393597,0.287747,0.754223,0.901666,0.306969,0.497051,0.411194,0.328391, ,0.263618,1.204078,0.289418,0.322931,0.652297,0.233211,0.904879,0.246549,0.340317,0.954471,0.264984,0.231983,1.047728,1.017234,0.383233,0.315874,0.354687,0.314758,0.339148, ,0.368967,1.082219, , ,0.684251,0.371420, ,0.665670,0.970596,0.348184,0.329034,0.489763,0.523639,0.460052,0.471627, ,0.450453,0.576617,0.492224,0.448783,0.466027,0.444746,0.466861,0.452555,0.712287,0.442693,0.516183, ,0.644029, , ,0.503194, ,0.652567,0.583443,0.663620,0.860568, , ,0.675656,1.173866,0.460648, ,0.454179,0.459533,0.447832, ,0.543498,0.445297,0.594147,0.663703, ,0.458979,0.439116,0.539599,0.443454, , , ,0.460185, ,0.381628,0.405777,0.513283,0.334165,0.551205, ,0.435525,0.460308, ,0.431354,0.554509, ,0.925154,0.437571,0.351428,0.780476,0.735544, , , , , , ,0.395431,0.741261,0.862087,0.786704,0.680004, ,0.806980, , , ,0.402913,0.339819, , , ,0.853153,0.594538,0.922124,0.682074, ,0.464261,1.216427,0.512542, ,0.685790,0.386426,0.537891,0.504003,0.459332, ,0.367988, ,0.642402, ,0.962176, , , ,0.580719, ,0.987949,0.553699,0.571968, ,0.707283,0.592681, ,0.593344,0.575477,0.666829,0.540041,0.598173,0.599014, , ,0.827552,0.781223,0.488642, , , ,0.509067,0.551950,0.986852,0.627975,1.180688,0.464078, ,0.847369, ,0.493822, , ,0.541998,0.569683,0.539554,0.607537, , , ,0.536005,0.575022,0.622826, ,0.569873,0.618934, , , ,0.762066,0.572740, ,0.472501,0.479670,0.467338, ,0.778636,0.698746,0.857790,0.475155, ,0.732509,0.885617,0.553474,0.868398, , , , , , ,0.595303, ,0.015364,1.054591,0.560078,0.574962,0.666352,0.862619,0.478858,0.857827,0.862110,0.845559, ,1.321854, , , ,0.916615,0.593408,0.651573, ,0.760924,0.732167, , , , ,0.635512, ,0.540647, ,0.453294,0.626035,0.423514, ,0.593136, ,0.446213,0.570822, ,0.939767,0.537126, ,0.482650, , ,0.596605, ,0.833726,0.466674, , , , ,0.855110, ,0.593335,0.540886, ,0.568379, , , , , , , ,0.609809,0.706120, ,0.822797,0.745746
    Normalized Duration IQR, , ,0.060403, ,0.130339,0.061502,0.069398,0.062531, ,0.869389, ,0.679692, ,0.119995,7.360301,0.624377, , , ,0.080260,0.184460, ,0.000000, , ,0.000000,0.000000,0.000000, ,0.080311,0.110170,0.830293,0.000000, ,0.000000,0.079647,0.739656,0.697076,0.070852,0.069187,0.074546,4.007566,0.000000,0.000000, ,0.000000, ,0.077190,0.000000, ,0.087961,0.000000, , ,0.000000,0.073864,0.086772,0.000000,0.552551,0.087226,0.081621,0.084544, ,0.000000, , ,0.000000,0.000000, ,2.490052,0.000000, , ,0.117987, , ,1.537164, ,0.309716,0.638393,0.892901,3.235995, ,4.545143, ,0.935078,1.136927, ,0.889304,1.444967, ,0.998781,0.917788,0.816144,1.927782,0.763686, ,0.617209,0.460019,0.637310,0.386786,0.000000,0.000000, ,0.995691,0.410246,0.309716,1.641583,3.058048,0.000000,6.048344,0.913799,0.000000,2.369449,0.097792,0.790502, ,0.105435,0.653861,0.097754,0.056312,0.106626, ,0.100623, , ,0.104011,0.740723,0.588824,0.415468, , , ,0.432959,0.360591,0.416159, ,0.482488,0.308190,0.132058,0.341872,0.333223,0.000000, ,0.838359,0.425596,0.706922,0.162923,0.000000,0.546398, ,0.522807,0.514918,1.571206,0.137803,0.305929, ,0.381479, , ,0.521355,0.673118,0.493266,0.059301,0.342621,0.511132,0.584242,0.297917, , ,0.442138,0.637341,0.131849,0.378880,0.317308,0.303334,0.286655,0.198927,0.197047,0.407574,0.122913,0.000000,0.340014,0.655105,0.285674,0.582519,0.294066,0.168166,0.537018, ,0.249751,0.327125, , ,0.170703, ,0.522225,0.412138,0.503088,0.293377,0.564135, ,0.770001, ,0.337720,0.205967,0.347892,0.593479,0.674529,0.374066,0.748132,0.559427, ,0.533355,0.644500,0.397223,0.474633,1.259913,0.639617, ,0.308951,0.331311, ,0.591142,0.000000, ,0.283249,0.171170, , ,0.180296,0.370010,0.513861,0.000000, , , ,0.303334,0.555494, ,0.167504, ,0.228122, , , ,0.265658,0.253418,0.479407, ,0.658987,0.669118,0.227500, ,0.547993,0.164099,0.221853,0.167728,0.098446,0.000000, ,0.104707,0.000000,0.109471, ,0.080208,0.124751, , ,0.116287,0.000000,0.000000,0.097830, ,0.000000, ,0.314122, , ,0.662038, ,0.530332, ,1.066407, , , , ,0.428930,0.888558,0.409128,0.440462, ,0.506443,2.712250,0.490146, ,0.432143,0.423546, ,0.456304,0.462122,0.469039,0.487224,0.392858, ,0.374626,0.182576,0.289977,0.290651,0.470395,0.359039,0.268797,0.359039, ,0.535486,0.165269,0.351616,0.418379,0.438181,0.053945,0.234725,0.054132,0.239780,2.200693,0.273327,0.107820,0.361783, ,0.363325,0.205258,0.512208,0.157118, ,0.061547,0.106717,0.852157,0.158466,0.551820,0.684867,0.330145,0.104949,0.095225,0.000000,0.824424,0.191089,0.389343,0.132829, ,0.134640,0.163848,0.097525,0.000000,0.723267,0.061126, ,0.000000,0.059740,0.055133,0.000000, , ,0.000000,0.057529,0.000000,0.057018,0.057384,0.264256,1.820002,0.705725,0.000000,0.116504,0.000000,0.589518,0.000000,0.121011,0.108757,0.106580,0.000000, ,0.111074,0.115217,0.250626,0.260406,0.442921,0.224239,0.000000, , ,4.108320,0.000000,0.362419,0.000000,0.965389, ,0.121128,0.137955, ,0.123519,0.257990,0.366936,0.157390,0.162289, ,0.295106, , , , , , , , , , , ,0.290989,0.405592, ,0.203455,1.715512,0.306679,0.182133,1.419978,0.492619,0.858491, ,0.521355, , ,2.013152,0.910001,0.000000,0.255488,0.673440,0.905610,0.217231,0.596900,0.275910,0.514213,0.233660,0.371567,0.255097,2.320713,0.297386,0.255880,0.442138,0.642609, , ,0.209590,0.376316, ,0.174027, ,0.156406,0.922752, , ,0.370193, , ,0.550001,0.588132,0.156602,0.473959,0.318655,0.375892,0.355091,0.159948,0.170936,0.323321,0.132688,0.254061,0.239933,0.529817,0.372119,0.345809,0.153905,0.466537, ,0.195737, ,0.212437,0.177106,0.317576,0.196660,0.277747,0.200682,0.505352,0.535868,0.233988,0.131158,0.369101,0.000000,0.233660,0.354965,0.290820,0.367205,0.340940, ,0.297917,0.697076, , ,0.297209,0.305556, ,0.334112,0.220097,0.478795,0.667690,0.410920,0.563627, ,0.254837, ,0.000000,1.007043,0.123034,0.243909,0.252523,0.124813,0.000000,0.240163,0.289307,0.000000,0.196121, ,0.250501, , ,0.259596, ,0.350491,0.470395,0.524634,0.832318, , ,0.200521,0.000000,0.418946, ,1.505398,0.596646,0.438113, ,0.328125,0.602598,0.500001,0.370375, ,0.761481,0.426466,0.427535,0.410920, , , ,0.573442, ,0.548995,0.647598,0.330145,0.340477,0.239933, ,0.426466,0.734795, ,0.661538,0.000000, ,0.215547,0.546398,0.876363,0.291327,0.250752, , , , , , ,0.721479,0.601274,0.767639,1.648051,0.669476, ,0.334112, , , ,0.325282,0.422245, , , ,0.434462,1.034733,1.592823,0.435470, ,0.899641,0.352465,0.866775, ,0.230858,0.379742,1.125226,0.185646,0.457775, ,0.294412, ,0.000000, ,1.107302, , , ,0.000000, ,0.305183,0.418479,0.203125, ,0.713641,0.281180, ,0.000000,0.330145,0.527954,0.508122,0.456106, , , ,0.196738,0.736649,0.506579, , , ,0.226573,0.161036,0.416852,0.000000,1.664830,0.212527, ,0.674166, ,0.340245, , ,0.328844,0.294066,0.651693,1.322763, , , ,0.715819,0.375469,0.494566, ,0.476365,0.763734, , , ,0.682412,0.632477, ,0.373787,0.402493,0.466189, ,0.404608,0.937267,0.176695,0.456661, ,0.362682,0.125502,0.367475,0.437309, , , , , , ,0.796468, , ,0.612858,0.366578,0.850035,0.489535,0.323599,0.405329,0.730302,1.157036,0.247650, ,0.655678, , , ,1.288474,1.077891,0.616380, ,1.132053,0.514616, , , , ,0.586891, ,0.403196, ,0.486395,0.000000,0.221755, ,0.417316, ,0.269521,0.431218, ,0.163991,0.405592, ,0.505812, , ,0.000000, ,0.539023,0.264955, , , , , , ,0.480634,0.509329, ,0.468049, , , , , , , ,0.801570,0.759485, ,0.849492,0.715585
    Burst Percentage,0.000000, ,98.716962, ,97.908445,98.797921,47.836735,26.034959,0.000000,13.260341,0.000000,98.217550, ,98.987854,28.515241,14.445689,0.000000,0.000000,1.020408,99.600000,92.520187,0.000000,87.777778,0.000000,0.000000,99.358025,95.418848,77.609682,0.000000,90.254873,5.345912,29.088639,4.025424,1.598837,99.955237,70.765661,54.199823,6.373626,99.150000,99.770642,37.083708,9.036145,99.892665,17.314488,0.000000,86.069652,0.000000,86.432507,99.450172,2.849003,96.065574,99.940370,0.000000,0.000000,98.263193,98.570905,99.160168,34.049080,6.759443,88.899341,97.774159,99.374218,0.000000,99.342105,0.000000, ,83.665644,69.271949, ,92.049954,70.301205, ,0.000000,95.651247,0.000000,0.000000,77.642981,0.000000,8.230842,16.947723,53.968254,6.737120,0.000000,86.854710, ,99.968691,94.192037,1.709402,95.134152,18.345705,1.626016,78.904899,90.929401,89.280610,7.817590,52.147239, ,91.600672,94.429796,73.768217,55.922865,89.160305,93.207283,0.000000,80.233794,78.566094,91.270319,25.113636,88.382688,21.524664,14.882943,90.655560,8.497317,10.371075,99.691901,87.055533,0.000000,99.103269,27.961433,99.812656,98.351351,99.607843,0.000000,84.853014,0.000000,0.000000,96.274577,10.507246,58.097484,93.323622, ,2.771363, ,45.417790,44.796003,74.163480,4.271845,87.522736,64.743590,29.239766,50.310559,74.131480,36.666667, ,71.789883,83.776596,69.620253,66.417910,8.196721,77.703156,0.000000,36.697248,58.656331,32.644628,27.916667,73.798303, ,57.675439,0.000000,0.000000,90.866142,92.946058,94.579697,23.129252,89.929507,88.285229,94.577147,81.481481,0.000000,0.000000,91.321345,49.655172,77.548209,94.358974,30.126582,87.662338,78.138396,65.615142,65.420561,79.585062,78.211444,55.570839,41.091954,61.518094,89.298124,88.936838,21.823204,23.938224,72.865854,0.000000,68.108776,66.212534,11.627907,0.000000,70.967742,0.000000,82.973251,90.092081,84.791667,18.085106,79.942280,0.000000,61.348315,5.633803,67.723669,60.294118,87.006497,64.730878,42.739990,70.031056,50.971922,10.702341,0.000000,82.590133,83.629490,92.397661,86.236854,53.227931,47.903431,10.344828,65.040650,87.039877,3.418803,67.094017,21.004566,11.428571,92.782027,92.648162, ,0.000000,85.312024,89.023091,76.585928,35.294118, , ,0.000000,93.634841,64.822134, ,53.056769,0.000000,90.576132,0.000000, ,0.000000,89.381784,94.429348,86.302424,0.000000,91.734280,36.032562,22.869955,9.259259,24.713959,16.967509,69.913211,99.178886,97.028334,88.954469,3.361345,57.623318,98.943972,94.887218,3.375527,97.280899,53.461538,0.000000, ,67.172264,99.382857,99.376114,95.041650,0.000000,94.008439,3.913043,86.148109, , ,89.149243, ,40.229885, ,5.934066, , ,0.000000,0.000000,97.188846,50.892857,98.479087,98.193336,0.000000,88.266200,15.217391,99.249583,0.000000,97.924081,98.175047,0.000000,98.346601,87.680704,97.053726,98.332221,93.629874,0.000000,22.881356,94.187322,41.523342,94.216571,16.842105,96.243292,93.721565,97.430014,0.000000,78.549540,58.542714,96.262887,83.924843,93.517330,95.344886,90.232956,96.393233,93.270036,46.880000,95.148184,94.054307,92.176259, ,65.324675,96.052632,95.164540,96.270818,3.954802,96.311239,94.819021,11.920530,98.278830,93.999016,27.514793,96.657061,99.844824,96.059726,30.324910,49.588138,96.671491,94.156627,97.652320,0.000000,96.517954,96.590497,95.573441,98.806584,23.459716,98.010974,0.000000,98.562368,93.971364,98.262381,98.905836,0.000000,0.000000,98.628999,94.723926,11.693548,97.065783,97.509934,84.665428,77.678571,51.612903,98.599034,84.321224,99.237767,27.441860,99.080359,98.552279,98.277385,98.998918,99.696828,1.846154,96.396396,95.568983,98.118586,97.125000,95.708877,91.457587,93.705463,0.000000,0.000000,42.051282,97.784938,92.765957,56.198347,48.808173,5.882353,96.964331,86.488535, ,97.628866,97.129187,85.430809,71.670908,91.408356, ,88.519924, ,0.000000,5.665722, , , ,0.000000,0.000000,0.000000, , ,95.712310,96.002687,0.000000,91.698401,51.264980,90.091265,88.338415,35.795455,62.403698,91.480207,3.960396,84.490591, ,0.000000,44.902386,69.543509,78.768844,95.660307,18.811881,94.802695,97.014493,95.844385,95.793016,81.965735,97.128874,63.541667,80.809399,54.000000,92.643846,83.119907,49.514563,95.067818,0.000000, ,98.020305,89.065606,0.000000,83.415842,0.000000,12.610619,36.208733,0.000000,0.000000,57.628676, , ,86.166727,90.943922,21.686747,46.537396,92.387405,96.238938,95.116339,61.925412,64.397163,94.260401,85.900783,93.203343,43.225806,72.656250,96.688004,88.028169,91.573034,92.472478,0.000000,95.433392,10.000000,94.777192,93.767442,46.442688,93.805310,38.311688,95.430108,93.919886,9.223301,97.237897,94.124700,22.028986,13.861386,87.755102,89.969605,94.973964,87.765293,93.249258,0.000000,96.473495,54.391534, ,0.000000,29.274611,94.121461,0.000000,64.171123,32.888889,91.751592,93.254637,51.464435,78.829787,10.370370,84.556407,20.000000,94.295900,67.857143,85.171103,89.980732,91.854637,88.006952,93.142857,86.809816,76.348548,96.992481,79.694656,0.000000,52.246470, ,0.000000,81.525157, ,64.023934,75.639300,31.784841,30.925222,2.358491, ,59.778598,5.411765,85.180093, ,90.779497,90.931223,83.135135,0.000000,70.074813,78.680982,72.179156,71.299094,0.000000,83.290011,78.920954,56.205251,83.818342,0.000000, , ,86.639260,0.000000,90.548425,90.494297,78.580324,87.516255,80.534918, ,90.677158,85.125241,0.000000,92.956570,29.729730, ,13.360324,81.334724,88.739863,48.440367,58.520476,0.000000, , , , ,17.500000,82.344532,55.172414,68.598131,32.631579,62.255965, ,41.421144,0.000000,7.142857,0.000000,86.519421,87.645479,0.000000, ,0.000000,32.530120,39.398281,37.923839,73.684211, ,52.790179,29.220779,81.548250,0.000000,50.091075,85.915493,36.439628,77.552987,93.451212,0.000000,90.298154, ,16.239316, ,31.481481,6.666667,12.903226,0.000000,21.179625,0.000000,26.909091,8.139535,67.313433,0.000000,54.116866,84.397630,7.246377,39.416058,66.494550,39.864865,86.230441,67.179769,31.950207,0.000000,0.000000,20.639535,54.078947,83.757962,0.000000,0.000000,0.000000,64.749813,65.538462,27.962085,26.347305,21.642970,75.453209,0.000000,25.857143,0.000000,81.920551,0.000000, ,77.953132,81.244743,69.904548,61.759000, , ,0.000000,78.930095,63.850837,34.865900, ,73.915163,80.562660,0.000000,0.000000,5.952381,49.426486,71.937531,0.000000,55.419075,69.353948,78.205128,4.761905,38.943894,55.988858,22.443182,65.217391, ,56.737589,19.942197,9.333333,32.352941,0.000000, , ,0.000000, , ,71.719457, ,15.946844,36.273115,97.037037,60.474090,14.337789,28.571429,83.024082,33.811231,22.466960,40.326975,0.000000,27.414330,2.194357, , ,50.697085,78.306613,29.852941, ,36.402266,59.251969, ,5.429864,10.101010,3.571429,75.958188,0.000000,74.577259,0.000000,78.866507,66.153846,88.652976, ,71.984925, ,80.476413,74.475138, ,29.004854,83.518006,11.111111,72.081712,0.000000, ,10.043668,0.000000,51.135734,84.586466, , ,0.000000,0.000000,16.101695,0.000000,79.728479,68.016957,0.000000,63.149688, ,0.000000, , ,0.000000,0.000000,0.000000,62.106982,56.250000,0.000000,10.800000,43.590780

