AxIS Spike File,O:\TOX\NTX\Users\Arjun\201210_LvM_256134_1298-14_MEA_rCortex_Lindane_baseline_female_DIV10(000)_Spike Detector (7 x STD)(000).spk
File Type,48-well

Analysis Start,1200.000000
Analysis End,1800.000000
Active Electrode Criterion (spks/min),
Remove Coincident Artifacts,True

Electrode Burst Settings,
    Algorithm,Poisson Surprise,
    Min Surprise,10.000000

Network Burst Settings,
    Algorithm,ISI Threshold,Adaptive,
    Min # of Spikes,40.000000
    Min # of Electrodes (%),15.000000
Synchrony Settings,
    Synchrony Window,20.000000

Average Network Burst Analysis Settings,
    Number of network bursts vary by well
    Network Burst Window Start (ms),0.000000
    Network Burst Window End (ms),100.000000
    Bin Size (ms),1.000000

Well Averages,A1,A2,A3,A4,A5,A6,A7,A8,B1,B2,B3,B4,B5,B6,B7,B8,C1,C2,C3,C4,C5,C6,C7,C8,D1,D2,D3,D4,D5,D6,D7,D8,E1,E2,E3,E4,E5,E6,E7,E8,F1,F2,F3,F4,F5,F6,F7,F8,
Treatment/ID,,,,,,,,,,,,,,,,,,,,,,,,,,,,,,,,,,,,,,,,,,,,,,,,
Activity Metrics
    Number of Spikes,10625.000000,19295.000000,11442.000000,10403.000000,15666.000000,7480.000000,4796.000000,14558.000000,24145.000000,644.000000,8161.000000,4359.000000,9864.000000,12297.000000,3166.000000,5471.000000,14641.000000,12766.000000,5221.000000,0.000000,7187.000000,2302.000000,10162.000000,3905.000000,8674.000000,5904.000000,7952.000000,12165.000000,6616.000000,3488.000000,15443.000000,13978.000000,18817.000000,10032.000000,5433.000000,2137.000000,6064.000000,7177.000000,6089.000000,5046.000000,26781.000000,16953.000000,7575.000000,9462.000000,10943.000000,8306.000000,7697.000000,3930.000000
    Mean Firing Rate (Hz),1.106771,2.009896,1.191875,1.083646,1.631875,0.779167,0.499583,1.516458,2.515104,0.067083,0.850104,0.454062,1.027500,1.280938,0.329792,0.569896,1.525104,1.329792,0.543854,0.000000,0.748646,0.239792,1.058542,0.406771,0.903542,0.615000,0.828333,1.267187,0.689167,0.363333,1.608646,1.456042,1.960104,1.045000,0.565937,0.222604,0.631667,0.747604,0.634271,0.525625,2.789687,1.765937,0.789063,0.985625,1.139896,0.865208,0.801771,0.409375
    ISI Coefficient of Variation - Avg,2.202013,2.765738,2.132851,2.465561,4.587678,2.775087,2.431957,3.136961,3.256242,1.435703,2.465200,1.960664,2.418000,2.016841,2.767542,2.252722,2.329828,3.085619,2.088820, ,2.303293,2.299947,2.350292,2.720529,2.299250,2.608731,2.724280,3.377741,2.623113,2.155273,3.408708,2.678301,2.181169,2.783716,2.334606,4.321801,3.227763,1.981970,2.483499,1.628963,3.469404,2.489188,2.396198,2.783559,2.247763,1.874070,2.758651,2.238765
    Number of Active Electrodes,12.000000,12.000000,11.000000,8.000000,12.000000,10.000000,5.000000,10.000000,11.000000,3.000000,10.000000,9.000000,11.000000,14.000000,4.000000,5.000000,10.000000,9.000000,10.000000,0.000000,10.000000,4.000000,11.000000,4.000000,9.000000,7.000000,8.000000,9.000000,7.000000,6.000000,10.000000,10.000000,14.000000,10.000000,11.000000,1.000000,5.000000,9.000000,4.000000,8.000000,12.000000,13.000000,11.000000,10.000000,13.000000,12.000000,7.000000,7.000000
    Weighted Mean Firing Rate (Hz),1.469167,2.672778,1.712879,2.132083,2.168472,1.238167,1.562667,2.413167,3.643485,0.354444,1.359167,0.790000,1.492576,1.461667,1.306667,1.816333,2.435167,2.355556,0.849000, ,1.197833,0.934583,1.538939,1.625417,1.589074,1.397619,1.631875,2.245741,1.569048,0.956389,2.573333,2.325833,2.236905,1.659667,0.818788,3.503333,2.009000,1.315185,2.536667,1.050417,3.712222,2.165128,1.147424,1.570333,1.398333,1.147222,1.802143,0.922143
Electrode Burst Metrics
    Number of Bursts,486.000000,1065.000000,536.000000,515.000000,519.000000,398.000000,212.000000,731.000000,1020.000000,20.000000,371.000000,176.000000,515.000000,587.000000,158.000000,326.000000,610.000000,510.000000,175.000000,0.000000,390.000000,144.000000,380.000000,208.000000,468.000000,312.000000,387.000000,498.000000,329.000000,187.000000,774.000000,747.000000,892.000000,484.000000,295.000000,86.000000,308.000000,317.000000,240.000000,159.000000,1248.000000,744.000000,359.000000,499.000000,622.000000,292.000000,312.000000,199.000000
    Number of Bursting Electrodes,10.000000,11.000000,11.000000,8.000000,13.000000,10.000000,7.000000,11.000000,12.000000,2.000000,10.000000,9.000000,11.000000,11.000000,4.000000,5.000000,9.000000,9.000000,11.000000,0.000000,8.000000,3.000000,10.000000,4.000000,9.000000,7.000000,9.000000,9.000000,7.000000,6.000000,10.000000,8.000000,11.000000,10.000000,10.000000,1.000000,5.000000,8.000000,4.000000,8.000000,13.000000,12.000000,10.000000,10.000000,12.000000,10.000000,8.000000,7.000000
    Burst Duration - Avg (sec),0.351698,0.070401,0.326429,0.128817,0.233475,0.221128,0.097535,0.114728,0.120060,0.116944,0.226829,0.262886,0.135295,0.172585,0.073681,0.065310,0.098061,0.163331,0.393264, ,0.084422,0.096596,0.260673,0.058875,0.101092,0.124524,0.110036,0.114500,0.106456,0.065860,0.081134,0.079952,0.082916,0.092894,0.125257,0.113737,0.112076,0.117228,0.448261,0.285298,0.131958,0.110660,0.149049,0.184505,0.106694,0.286301,0.068844,0.074065
    Burst Duration - Std (sec),0.525161,0.025414,0.725021,0.103180,0.307754,0.175733,0.051654,0.057059,0.054631,0.018759,0.322877,0.265730,0.144833,0.225640,0.030969,0.047195,0.029818,0.140432,0.253584, ,0.045087,0.017751,0.286486,0.024264,0.044535,0.072125,0.041591,0.038500,0.052598,0.030938,0.016211,0.030804,0.038115,0.034721,0.099345, ,0.066199,0.074940,0.614146,0.245085,0.113469,0.071726,0.093794,0.195335,0.073468,0.370538,0.034201,0.046447
    Number of Spikes per Burst - Avg,15.096324,12.183950,15.462615,10.340139,21.354672,13.084335,9.957417,14.076473,14.118845,7.500000,12.202788,10.757960,11.687033,12.013833,13.772274,9.248357,12.272761,17.511225,12.137990, ,10.813754,11.154971,16.158899,12.687949,12.244800,11.340831,11.707019,17.061177,11.935648,8.293968,15.561513,12.915697,11.724318,13.268126,10.946120,22.046512,13.678636,10.161213,13.886293,11.947297,15.506683,12.255453,11.605117,12.289552,9.927670,10.128697,12.645612,10.378375
    Number of Spikes per Burst - Std,4.905730,5.164068,19.734126,4.396084,14.077549,4.596334,7.306267,5.011535,7.553818,0.000000,9.866170,6.996468,5.236544,5.030628,5.877317,4.009520,5.359864,6.450334,5.828621, ,5.581792,2.004848,14.587229,7.097653,8.818929,4.974356,6.124854,9.612942,4.000672,5.497508,5.504299,6.609908,5.404349,6.563250,6.266672, ,7.273235,4.198947,5.662628,6.211955,6.045697,6.484896,5.838482,5.534435,4.776442,3.983388,9.420944,6.480402
    Mean ISI within Burst - Avg (sec),0.012723,0.006338,0.013491,0.012954,0.024161,0.020548,0.014794,0.008039,0.011230,0.016374,0.021623,0.027999,0.011130,0.013388,0.006260,0.009582,0.010169,0.010989,0.038346, ,0.009108,0.010275,0.016458,0.006232,0.010808,0.011961,0.012693,0.009256,0.010629,0.009933,0.006811,0.007433,0.010465,0.010093,0.012325,0.006141,0.008176,0.012743,0.038739,0.021343,0.010768,0.010823,0.013045,0.016550,0.015498,0.027567,0.007600,0.008552
    Mean ISI within Burst - Std (sec),0.009252,0.001813,0.011608,0.008443,0.054857,0.021732,0.010476,0.002544,0.007835,0.001379,0.033045,0.032069,0.007811,0.013555,0.001587,0.009467,0.004845,0.008869,0.038842, ,0.003970,0.003981,0.011067,0.002233,0.004786,0.003638,0.010097,0.004538,0.008648,0.003187,0.003527,0.003003,0.009111,0.006410,0.005916, ,0.004000,0.007721,0.060258,0.009599,0.010955,0.009738,0.006023,0.018089,0.015426,0.035808,0.003348,0.004168
    Median ISI within Burst - Avg (sec),0.008218,0.004884,0.009176,0.008253,0.019516,0.014075,0.014428,0.006045,0.008491,0.011893,0.013625,0.017928,0.008756,0.008126,0.005021,0.007708,0.008364,0.008249,0.023492, ,0.007553,0.007501,0.011516,0.005515,0.008754,0.008664,0.009943,0.007169,0.006605,0.007219,0.005603,0.005817,0.007674,0.007526,0.009280,0.004537,0.005637,0.011427,0.018983,0.017200,0.008166,0.008525,0.010260,0.010437,0.011924,0.018354,0.006296,0.007210
    Median ISI within Burst - Std (sec),0.004151,0.001817,0.006250,0.004581,0.046183,0.014107,0.011755,0.002338,0.006384,0.001886,0.017504,0.021566,0.005599,0.006082,0.001506,0.007343,0.004929,0.006922,0.021063, ,0.003566,0.002702,0.007595,0.003146,0.004166,0.003030,0.008122,0.003795,0.003272,0.001821,0.003933,0.002866,0.005620,0.004515,0.003875, ,0.002017,0.008949,0.026270,0.008733,0.008311,0.008623,0.004991,0.008829,0.011309,0.027385,0.003025,0.003744
    Median/Mean ISI within Burst - Avg,0.773748,0.803751,0.805846,0.756495,0.753759,0.753110,0.935434,0.767000,0.780743,0.755094,0.761818,0.801907,0.817752,0.788593,0.812412,0.836862,0.833980,0.777539,0.734469, ,0.833740,0.766042,0.736666,0.857617,0.816100,0.762267,0.804133,0.792406,0.748735,0.791015,0.801756,0.808286,0.794134,0.777510,0.798049,0.754104,0.772363,0.850164,0.664288,0.804594,0.783314,0.800904,0.812747,0.782394,0.825356,0.814048,0.844553,0.869158
    Median/Mean ISI within Burst - Std,0.087910,0.085731,0.105710,0.105966,0.064002,0.080636,0.136358,0.048193,0.113868,0.129095,0.103201,0.151966,0.085302,0.130705,0.045287,0.053104,0.107846,0.068409,0.152069, ,0.067357,0.080431,0.130453,0.134354,0.083439,0.085933,0.055754,0.043411,0.081723,0.089597,0.091916,0.041941,0.105391,0.085385,0.049399, ,0.064552,0.115349,0.137166,0.100890,0.050846,0.125046,0.069735,0.114687,0.162445,0.110526,0.086900,0.062744
    Inter-Burst Interval - Avg (sec),35.708033,29.450939,41.318875,28.885348,36.722601,41.100488,20.381579,10.164535,37.184189,144.939525,54.087897,60.025264,25.873369,32.155163,20.496241,45.705035,24.879789,21.984664,61.672829, ,33.402837,13.708660,22.224137,64.650103,50.686659,39.955624,49.078549,12.552996,29.491770,20.634866,11.741750,60.230470,71.936557,19.016567,29.558198,6.976304,13.126849,38.133934,55.047906,54.240423,20.889524,33.618442,38.483700,31.890351,32.217214,92.151623,19.154996,33.897157
    Inter-Burst Interval - Std (sec),38.586432,51.005119,59.219337,31.882586,58.887283,73.380711,20.887401,5.383780,92.863821,155.327708,69.824043,43.063027,20.571895,34.974662,14.682423,81.852484,31.609963,21.092897,60.758049, ,51.207561,5.724025,18.251273,111.340440,55.363503,51.834749,99.485257,5.316189,31.141352,8.636046,11.927632,153.343403,166.675481,18.406150,20.407348,0.000000,9.631937,44.938237,75.372748,33.940404,49.526634,52.787856,45.939857,34.921543,64.514142,161.484907,17.454280,30.515631
    Burst Frequency - Avg (Hz),0.081000,0.161364,0.081212,0.107292,0.066538,0.066333,0.050476,0.110758,0.141667,0.016667,0.061833,0.032593,0.078030,0.088939,0.065833,0.108667,0.112963,0.094444,0.026515, ,0.081250,0.080000,0.063333,0.086667,0.086667,0.074286,0.071667,0.092222,0.078333,0.051944,0.129000,0.155625,0.135152,0.080667,0.049167,0.143333,0.102667,0.066042,0.100000,0.033125,0.160000,0.103333,0.059833,0.083167,0.086389,0.048667,0.065000,0.047381
    Burst Frequency - Std (Hz),0.062263,0.108696,0.099398,0.103287,0.039302,0.039727,0.061273,0.066326,0.105232,0.018856,0.057276,0.057404,0.067172,0.093206,0.036654,0.084938,0.101464,0.067325,0.029641, ,0.063707,0.027437,0.048464,0.057783,0.089679,0.057323,0.052348,0.037090,0.063807,0.045807,0.058874,0.073306,0.118536,0.055723,0.029126, ,0.050105,0.054801,0.124922,0.062421,0.097774,0.091580,0.041939,0.061861,0.083090,0.063919,0.057183,0.033580
    IBI Coefficient of Variation - Avg,0.803810,0.441564,0.586700,0.594105,0.484392,0.538999,0.540454,0.588306,0.645143,0.853562,0.792092,0.632796,0.657748,0.726638,0.659141,0.540591,0.639603,0.568334,0.604316, ,0.611212,0.543970,0.682648,0.380590,0.704913,0.650403,0.657114,0.593739,0.599754,0.828883,0.455883,0.489758,0.566655,0.555251,0.605599,0.408307,0.545238,0.687970,0.595573,0.616519,0.556151,0.649792,0.557037,0.602812,0.593951,0.759078,0.526280,0.670026
    IBI Coefficient of Variation - Std,0.387618,0.189807,0.168640,0.210107,0.170447,0.226057,0.096436,0.183402,0.281504,0.000000,0.289424,0.288848,0.179214,0.201967,0.358644,0.159275,0.212313,0.273948,0.229154, ,0.203234,0.046042,0.166703,0.129210,0.262168,0.277469,0.135680,0.182894,0.151929,0.428234,0.101457,0.151830,0.193390,0.108990,0.154249,0.000000,0.143653,0.211781,0.089328,0.152091,0.159520,0.244510,0.206799,0.279264,0.199608,0.295627,0.204101,0.251817
    Burst Percentage - Avg,37.691820,47.804218,28.086787,26.257500,69.376881,53.455234,33.661684,50.493619,49.792727,11.543078,44.027924,30.616254,51.550956,36.882822,45.355427,28.763214,38.890652,44.846373,28.716772, ,50.998667,28.647038,38.853422,38.938616,34.679187,34.521598,40.765064,52.716613,52.023922,27.104520,65.063623,46.837065,38.108211,51.607867,43.506667,18.039962,37.096539,27.209637,36.358030,22.422623,65.863388,40.756180,44.648504,47.277790,38.308190,25.764584,41.293050,37.033934
    Burst Percentage - Std,32.342507,41.442032,31.672545,35.136570,37.980402,35.104383,36.770310,37.434355,35.643835,18.127969,35.676963,31.632526,30.883651,33.958125,42.291514,33.934273,37.500497,38.634588,29.654779, ,36.926599,39.718721,31.382905,44.840363,31.906931,36.848866,37.046645,38.724952,30.534977,31.150333,39.127740,41.117114,38.428884,37.842938,34.573104,40.338581,41.462393,29.744035,36.065477,21.421626,30.815293,37.152234,33.374104,40.281509,38.186525,31.929259,40.206520,35.481060
Network Burst Metrics
    Number of Network Bursts,96.000000,165.000000,127.000000,135.000000,59.000000,63.000000,42.000000,114.000000,163.000000,0.000000,81.000000,27.000000,102.000000,118.000000,27.000000,49.000000,150.000000,111.000000,48.000000,0.000000,89.000000,11.000000,106.000000,45.000000,118.000000,74.000000,77.000000,87.000000,66.000000,30.000000,112.000000,147.000000,180.000000,86.000000,51.000000,1.000000,75.000000,66.000000,26.000000,14.000000,169.000000,147.000000,70.000000,89.000000,129.000000,91.000000,73.000000,41.000000
    Network Burst Frequency,0.160000,0.275000,0.211667,0.225000,0.098333,0.105000,0.070000,0.190000,0.271667, ,0.135000,0.045000,0.170000,0.196667,0.045000,0.081667,0.250000,0.185000,0.080000, ,0.148333,0.018333,0.176667,0.075000,0.196667,0.123333,0.128333,0.145000,0.110000,0.050000,0.186667,0.245000,0.300000,0.143333,0.085000,0.001667,0.125000,0.110000,0.043333,0.023333,0.281667,0.245000,0.116667,0.148333,0.215000,0.151667,0.121667,0.068333
    Network Burst Duration - Avg (sec),0.375834,0.166581,0.227372,0.258337,0.578765,0.384728,0.382124,0.391279,0.537940, ,0.443235,0.652681,0.224835,0.291673,0.147579,0.114331,0.349783,0.282156,0.562892, ,0.237880,0.279353,0.557377,0.110564,0.202526,0.410347,0.395316,0.382680,0.371560,0.299072,0.231330,0.277978,0.251370,0.286493,0.437525,0.679760,0.389095,0.361150,0.731695,0.683017,0.217700,0.273096,0.447713,0.287241,0.245839,0.271664,0.219552,0.305155
    Network Burst Duration - Std (sec),0.365189,0.147124,0.296427,0.297846,0.373904,0.246955,0.381416,0.416307,0.311496, ,0.373137,0.421922,0.145634,0.286341,0.038537,0.048960,0.168338,0.234232,0.376072, ,0.158367,0.158613,0.430237,0.045210,0.223410,0.326227,0.313249,0.243930,0.302616,0.422162,0.116351,0.178893,0.169092,0.166185,0.229503, ,0.396237,0.241225,0.504169,0.599825,0.230478,0.224136,0.344523,0.242441,0.240822,0.171739,0.117321,0.147067
    Number of Spikes per Network Burst - Avg,87.270833,113.133333,73.826772,66.377778,263.525424,104.492063,70.428571,113.833333,144.453988, ,90.975309,73.407407,81.303922,86.491525,70.185185,47.224490,84.440000,107.306306,70.229167, ,71.460674,50.727273,77.584906,57.311111,59.703390,65.837838,86.506494,134.919540,71.469697,50.400000,133.750000,92.537415,99.583333,109.488372,88.921569,58.000000,69.000000,66.484848,77.307692,61.214286,156.029586,108.897959,92.828571,99.033708,82.310078,61.065934,91.369863,67.073171
    Number of Spikes per Network Burst - Std,64.688806,59.222867,66.071041,38.028047,119.795279,56.511167,27.387146,60.405842,86.767121, ,56.297863,42.574152,42.906943,40.942266,10.462523,5.613471,28.861967,64.438948,42.758222, ,27.648794,9.571739,46.171083,13.712672,23.250148,26.605194,35.663125,66.252901,41.504483,6.489248,62.604939,26.046395,34.109563,59.360265,42.995276, ,24.504274,29.695502,62.373564,21.598357,163.705435,84.097443,55.836971,38.741407,36.374527,17.660881,31.451686,10.486635
    Mean ISI within Network Burst - Avg (sec),0.004633,0.001505,0.003139,0.003850,0.002098,0.003816,0.005280,0.003886,0.003966, ,0.004604,0.009124,0.002793,0.003372,0.002209,0.002481,0.004566,0.003222,0.007999, ,0.003598,0.005512,0.007080,0.001931,0.003178,0.005938,0.004494,0.003288,0.005341,0.005850,0.002073,0.003260,0.002737,0.003016,0.005387,0.011926,0.005032,0.005611,0.010300,0.010660,0.001629,0.002747,0.004883,0.003025,0.003188,0.004614,0.002550,0.004477
    Mean ISI within Network Burst - Std (sec),0.003632,0.000708,0.002329,0.002676,0.000894,0.002065,0.004785,0.003474,0.002160, ,0.001864,0.005014,0.000863,0.002292,0.001007,0.001115,0.002349,0.002847,0.002798, ,0.002345,0.002350,0.004412,0.000578,0.002037,0.003016,0.002613,0.002090,0.003373,0.007920,0.001379,0.002198,0.001905,0.002221,0.002934, ,0.003808,0.003069,0.004720,0.005874,0.001153,0.001615,0.002099,0.002145,0.002264,0.002524,0.001289,0.001726
    Median ISI within Network Burst - Avg (sec),0.001523,0.000686,0.001091,0.001586,0.000685,0.001279,0.002041,0.001319,0.000860, ,0.002347,0.005021,0.001287,0.001285,0.001329,0.001303,0.001440,0.001355,0.004034, ,0.001725,0.002411,0.002472,0.001303,0.001469,0.002614,0.001617,0.001336,0.001761,0.002339,0.000859,0.001447,0.000865,0.001030,0.001513,0.003680,0.002212,0.001877,0.004017,0.006671,0.000768,0.001011,0.001646,0.000957,0.001372,0.001724,0.001180,0.001213
    Median ISI within Network Burst - Std (sec),0.001464,0.000408,0.000514,0.000730,0.000402,0.000638,0.000902,0.001014,0.000489, ,0.000815,0.003669,0.000446,0.000654,0.000135,0.000436,0.000771,0.001039,0.001697, ,0.000910,0.000384,0.001195,0.000228,0.000666,0.000964,0.000642,0.000908,0.000679,0.000348,0.000587,0.001120,0.000456,0.000621,0.000709, ,0.001466,0.000673,0.001900,0.005875,0.000543,0.000555,0.000857,0.000549,0.000791,0.001493,0.000523,0.000393
    Median/Mean ISI within Network Burst - Avg,0.385304,0.460027,0.457995,0.501403,0.359815,0.379003,0.489957,0.383592,0.254244, ,0.539698,0.565294,0.485923,0.468041,0.643047,0.567288,0.338084,0.484346,0.523521, ,0.536401,0.493232,0.417194,0.709975,0.533489,0.499682,0.419711,0.422137,0.403308,0.613518,0.430648,0.480657,0.412024,0.394395,0.309238,0.308579,0.533694,0.394474,0.430310,0.616861,0.494855,0.411404,0.349580,0.368046,0.487843,0.407581,0.506794,0.324670
    Median/Mean ISI within Network Burst - Std,0.171252,0.128172,0.190176,0.188998,0.171931,0.170628,0.199724,0.160473,0.143057, ,0.150385,0.217298,0.163461,0.203782,0.118315,0.157519,0.125325,0.179974,0.177558, ,0.184845,0.181588,0.185005,0.154725,0.183928,0.183767,0.168672,0.145683,0.196516,0.242000,0.135767,0.163582,0.202658,0.182448,0.112494, ,0.205983,0.171734,0.164065,0.235714,0.126753,0.173671,0.130925,0.136430,0.173291,0.188534,0.159798,0.192800
    Number of Elecs Participating in Burst - Avg,9.979167,10.254545,10.393701,8.266667,11.423729,9.968254,6.023810,9.780702,10.472393, ,8.975309,8.518519,9.352941,11.237288,4.481481,4.795918,8.660000,8.378378,9.937500, ,8.865169,4.454545,8.716981,3.844444,8.084746,6.756757,7.961039,8.896552,6.787879,6.066667,9.526786,8.605442,11.022222,9.546512,10.725490,3.000000,5.186667,8.333333,3.769231,6.357143,11.313609,11.768707,9.628571,9.539326,10.170543,10.219780,7.739726,7.219512
    Number of Elecs Participating in Burst - Std,1.264738,1.364420,1.273400,1.166702,1.464563,1.565436,1.239357,1.431373,1.287705, ,1.048515,1.503083,1.589863,1.776763,0.509175,0.763206,0.954185,1.265299,1.156043, ,1.280900,0.522233,1.916121,0.520295,1.129074,0.948117,1.712505,1.110567,0.734117,0.827682,0.869501,1.095181,1.684486,1.436147,1.372274, ,0.865141,1.194002,0.429669,0.633324,1.389542,1.570568,1.131517,1.177982,1.908550,1.504085,1.041199,0.612870
    Number of Spikes per Network Burst per Channel - Avg,8.560026,10.973603,7.072631,8.031337,22.444062,10.164001,11.775340,11.343974,13.436550, ,10.181181,8.527095,8.632193,7.574882,15.825926,10.046890,9.686468,12.490554,7.153326, ,7.982575,11.427273,9.404343,15.116296,7.440067,9.802767,10.831903,14.748629,10.406656,8.408254,13.785335,10.703953,8.979999,11.192815,8.178408,19.333333,13.742476,7.916599,20.198718,9.593878,13.348733,8.985643,9.390610,10.239243,7.945754,5.985132,11.677240,9.322493
    Number of Spikes per Network Burst per Channel - Std,5.308046,5.668140,6.402228,4.565867,8.269576,4.320129,3.993585,5.238906,6.936275, ,5.977758,3.891783,5.073678,2.717111,2.792620,1.731532,2.857977,6.335663,4.368022, ,2.621191,1.906746,5.411796,3.839196,2.772046,3.834815,3.631264,6.276782,5.174109,1.220259,5.960819,2.477818,2.609483,5.254440,3.431275, ,5.858727,3.012247,15.212259,2.954919,11.656717,5.906546,4.858012,3.043815,2.555981,1.457210,3.313999,1.477057
    Network Burst Percentage,78.851765,96.745271,81.943716,86.138614,99.246776,88.008021,61.676397,89.139992,97.519155, ,90.295307,45.469144,84.073398,82.995853,59.854706,42.295741,86.510484,93.302522,64.566175, ,88.493113,24.239791,80.928951,66.043534,81.219737,82.520325,83.765091,96.489930,71.296856,43.348624,97.001878,97.317213,95.259606,93.859649,83.471379,2.714085,85.339710,61.139752,33.010347,16.983750,98.461596,94.425765,85.782178,93.151554,97.030065,66.903443,86.657139,69.974555
    Network IBI Coefficient of Variation,0.601144,0.374807,0.524526,0.424485,0.474775,0.349886,0.582007,0.456000,0.320949, ,0.469452,0.623776,0.471257,0.481525,0.487111,0.701607,0.379529,0.413661,0.497554, ,0.372814,0.614550,0.509072,0.395857,0.499533,0.486385,0.526234,0.311401,0.534570,0.490796,0.336600,0.293876,0.352222,0.398189,0.495286, ,0.414668,0.495886,0.799120,0.780053,0.451788,0.369241,0.492327,0.377531,0.343791,0.562381,0.365357,0.450058
    Network Normalized Duration IQR,1.331118,0.561414,1.338613,1.098660,1.238473,1.181045,1.564064,0.829240,0.503305, ,0.884169,1.138567,0.736197,0.909827,0.214869,0.546398,0.576823,0.818145,1.079389, ,0.660581,0.318892,1.587211,0.593479,0.850665,1.236163,0.901928,0.670193,1.153227,0.744622,0.438181,1.368485,1.308293,0.804910,0.690618, ,2.750646,0.894365,1.317810,0.734638,0.597256,0.700981,0.413539,0.678448,0.757275,0.673141,0.419004,0.587280
Synchrony Metrics
    Area Under Normalized Cross-Correlation,0.269370,0.395282,0.319697,0.182638,0.321038,0.318298,0.089745,0.292572,0.318073,0.012504,0.202371,0.051742,0.232920,0.189168,0.158194,0.188827,0.207592,0.230767,0.097917,0.000000,0.191161,0.097088,0.122848,0.156869,0.236731,0.109518,0.179759,0.205546,0.137756,0.102410,0.354592,0.285420,0.364907,0.295359,0.286395,0.049557,0.139535,0.172046,0.051960,0.089485,0.357854,0.333330,0.228332,0.287929,0.261553,0.180296,0.189633,0.181626
    Area Under Cross-Correlation,1.603542,5.626583,1.914000,1.195014,5.289000,1.242014,0.324042,3.144819,6.067222,0.002361,0.667361,0.133056,1.425014,1.791264,0.280528,0.513792,2.072778,2.764014,0.208750,0.000000,0.919111,0.088792,0.711111,0.362875,0.990472,0.402139,0.906667,2.544597,0.630792,0.189528,4.944569,2.702542,4.856361,2.445278,0.732014,0.004097,0.526625,0.566986,0.131389,0.109097,8.833819,3.765361,0.935986,1.981847,2.045028,0.790569,1.180597,0.448806
    Full Width at Half Height of Normalized Cross-Correlation,21.000000,22.000000,18.000000,18.000000,28.000000,23.000000,28.000000,29.000000,24.000000,19.000000,15.000000,13.000000,18.000000,18.000000,17.000000,18.000000,23.000000,21.000000,14.000000, ,31.000000,25.000000,19.000000,16.000000,15.000000,26.000000,25.000000,37.000000,23.000000,14.000000,17.000000,30.000000,19.000000,28.000000,30.000000,26.000000,20.000000,15.000000,17.000000,15.000000,24.000000,22.000000,5.000000,23.000000,24.000000,26.000000,25.000000,21.000000
    Full Width at Half Height of Cross-Correlation,66.000000,60.000000,49.000000,69.000000,133.000000,81.000000,87.000000,84.000000,84.000000,30.000000,83.000000,96.000000,79.000000,75.000000,65.000000,49.000000,83.000000,100.000000,83.000000, ,80.000000,89.000000,91.000000,66.000000,61.000000,97.000000,92.000000,118.000000,80.000000,74.000000,84.000000,75.000000,70.000000,89.000000,79.000000,64.000000,70.000000,70.000000,89.000000,46.000000,90.000000,80.000000,71.000000,73.000000,79.000000,67.000000,95.000000,63.000000
    Synchrony Index, , , , , , , , , , , , , , , , , , , , , , , , , , , , , , , , , , , , , , , , , , , , , , , , 
    Kreuz SPIKE Distance, , , , , , , , , , , , , , , , , , , , , , , , , , , , , , , , , , , , , , , , , , , , , , , , 
Average Network Burst Metrics
    Start Electrode,11.000000,13.000000,32.000000,34.000000,44.000000,24.000000,34.000000,21.000000,11.000000, ,32.000000,31.000000,31.000000,43.000000,12.000000,21.000000,11.000000,12.000000,24.000000, ,41.000000,11.000000,22.000000,12.000000,11.000000,13.000000,23.000000,11.000000,14.000000,34.000000,41.000000,31.000000,11.000000,22.000000,14.000000,11.000000,34.000000,42.000000,44.000000,11.000000,13.000000,11.000000,14.000000,14.000000,41.000000,11.000000,41.000000,13.000000
    Percent Bursts with Start Electrode,42.708333,24.848485,37.007874,28.888889,77.966102,42.857143,64.285714,36.842105,36.196319, ,25.925926,44.444444,40.196078,47.457627,37.037037,46.938776,49.333333,33.333333,31.250000, ,41.573034,36.363636,32.075472,62.222222,25.423729,50.000000,33.766234,34.482759,40.909091,60.000000,31.250000,31.972789,32.777778,27.906977,19.607843,100.000000,38.666667,36.363636,61.538462,57.142857,36.686391,21.088435,35.714286,34.831461,31.007752,27.472527,26.027397,36.585366
    Burst Peak (Max Spikes per sec),645.833333,1496.969697,944.881890,777.777778,2118.644068,984.126984,809.523810,1166.666667,1000.000000, ,629.629630,555.555556,970.588235,610.169492,1148.148148,979.591837,240.000000,990.990991,458.333333, ,955.056180,727.272727,556.603774,1000.000000,737.288136,527.027027,701.298701,988.505747,530.303030,666.666667,1455.357143,1061.224490,1188.888889,1058.139535,901.960784,1000.000000,506.666667,545.454545,538.461538,500.000000,1414.201183,789.115646,828.571429,1022.471910,813.953488,439.560440,849.315068,829.268293
    Time to Burst Peak (ms),62.500000,22.500000,22.500000,26.500000,92.500000,20.500000,28.500000,50.500000,54.500000, ,48.500000,22.500000,48.500000,42.500000,48.500000,34.500000,99.500000,58.500000,31.500000, ,34.500000,18.500000,55.500000,26.500000,32.500000,36.500000,57.500000,60.500000,75.500000,57.500000,60.500000,36.500000,34.500000,50.500000,44.500000,6.500000,82.500000,52.500000,3.500000,27.500000,46.500000,40.500000,48.500000,60.500000,68.500000,40.500000,56.500000,43.500000

Measurement,A1_11,A1_12,A1_13,A1_14,A1_21,A1_22,A1_23,A1_24,A1_31,A1_32,A1_33,A1_34,A1_41,A1_42,A1_43,A1_44,A2_11,A2_12,A2_13,A2_14,A2_21,A2_22,A2_23,A2_24,A2_31,A2_32,A2_33,A2_34,A2_41,A2_42,A2_43,A2_44,A3_11,A3_12,A3_13,A3_14,A3_21,A3_22,A3_23,A3_24,A3_31,A3_32,A3_33,A3_34,A3_41,A3_42,A3_43,A3_44,A4_11,A4_12,A4_13,A4_14,A4_21,A4_22,A4_23,A4_24,A4_31,A4_32,A4_33,A4_34,A4_41,A4_42,A4_43,A4_44,A5_11,A5_12,A5_13,A5_14,A5_21,A5_22,A5_23,A5_24,A5_31,A5_32,A5_33,A5_34,A5_41,A5_42,A5_43,A5_44,A6_11,A6_12,A6_13,A6_14,A6_21,A6_22,A6_23,A6_24,A6_31,A6_32,A6_33,A6_34,A6_41,A6_42,A6_43,A6_44,A7_11,A7_12,A7_13,A7_14,A7_21,A7_22,A7_23,A7_24,A7_31,A7_32,A7_33,A7_34,A7_41,A7_42,A7_43,A7_44,A8_11,A8_12,A8_13,A8_14,A8_21,A8_22,A8_23,A8_24,A8_31,A8_32,A8_33,A8_34,A8_41,A8_42,A8_43,A8_44,B1_11,B1_12,B1_13,B1_14,B1_21,B1_22,B1_23,B1_24,B1_31,B1_32,B1_33,B1_34,B1_41,B1_42,B1_43,B1_44,B2_11,B2_12,B2_13,B2_14,B2_21,B2_22,B2_23,B2_24,B2_31,B2_32,B2_33,B2_34,B2_41,B2_42,B2_43,B2_44,B3_11,B3_12,B3_13,B3_14,B3_21,B3_22,B3_23,B3_24,B3_31,B3_32,B3_33,B3_34,B3_41,B3_42,B3_43,B3_44,B4_11,B4_12,B4_13,B4_14,B4_21,B4_22,B4_23,B4_24,B4_31,B4_32,B4_33,B4_34,B4_41,B4_42,B4_43,B4_44,B5_11,B5_12,B5_13,B5_14,B5_21,B5_22,B5_23,B5_24,B5_31,B5_32,B5_33,B5_34,B5_41,B5_42,B5_43,B5_44,B6_11,B6_12,B6_13,B6_14,B6_21,B6_22,B6_23,B6_24,B6_31,B6_32,B6_33,B6_34,B6_41,B6_42,B6_43,B6_44,B7_11,B7_12,B7_13,B7_14,B7_21,B7_22,B7_23,B7_24,B7_31,B7_32,B7_33,B7_34,B7_41,B7_42,B7_43,B7_44,B8_11,B8_12,B8_13,B8_14,B8_21,B8_22,B8_23,B8_24,B8_31,B8_32,B8_33,B8_34,B8_41,B8_42,B8_43,B8_44,C1_11,C1_12,C1_13,C1_14,C1_21,C1_22,C1_23,C1_24,C1_31,C1_32,C1_33,C1_34,C1_41,C1_42,C1_43,C1_44,C2_11,C2_12,C2_13,C2_14,C2_21,C2_22,C2_23,C2_24,C2_31,C2_32,C2_33,C2_34,C2_41,C2_42,C2_43,C2_44,C3_11,C3_12,C3_13,C3_14,C3_21,C3_22,C3_23,C3_24,C3_31,C3_32,C3_33,C3_34,C3_41,C3_42,C3_43,C3_44,C4_11,C4_12,C4_13,C4_14,C4_21,C4_22,C4_23,C4_24,C4_31,C4_32,C4_33,C4_34,C4_41,C4_42,C4_43,C4_44,C5_11,C5_12,C5_13,C5_14,C5_21,C5_22,C5_23,C5_24,C5_31,C5_32,C5_33,C5_34,C5_41,C5_42,C5_43,C5_44,C6_11,C6_12,C6_13,C6_14,C6_21,C6_22,C6_23,C6_24,C6_31,C6_32,C6_33,C6_34,C6_41,C6_42,C6_43,C6_44,C7_11,C7_12,C7_13,C7_14,C7_21,C7_22,C7_23,C7_24,C7_31,C7_32,C7_33,C7_34,C7_41,C7_42,C7_43,C7_44,C8_11,C8_12,C8_13,C8_14,C8_21,C8_22,C8_23,C8_24,C8_31,C8_32,C8_33,C8_34,C8_41,C8_42,C8_43,C8_44,D1_11,D1_12,D1_13,D1_14,D1_21,D1_22,D1_23,D1_24,D1_31,D1_32,D1_33,D1_34,D1_41,D1_42,D1_43,D1_44,D2_11,D2_12,D2_13,D2_14,D2_21,D2_22,D2_23,D2_24,D2_31,D2_32,D2_33,D2_34,D2_41,D2_42,D2_43,D2_44,D3_11,D3_12,D3_13,D3_14,D3_21,D3_22,D3_23,D3_24,D3_31,D3_32,D3_33,D3_34,D3_41,D3_42,D3_43,D3_44,D4_11,D4_12,D4_13,D4_14,D4_21,D4_22,D4_23,D4_24,D4_31,D4_32,D4_33,D4_34,D4_41,D4_42,D4_43,D4_44,D5_11,D5_12,D5_13,D5_14,D5_21,D5_22,D5_23,D5_24,D5_31,D5_32,D5_33,D5_34,D5_41,D5_42,D5_43,D5_44,D6_11,D6_12,D6_13,D6_14,D6_21,D6_22,D6_23,D6_24,D6_31,D6_32,D6_33,D6_34,D6_41,D6_42,D6_43,D6_44,D7_11,D7_12,D7_13,D7_14,D7_21,D7_22,D7_23,D7_24,D7_31,D7_32,D7_33,D7_34,D7_41,D7_42,D7_43,D7_44,D8_11,D8_12,D8_13,D8_14,D8_21,D8_22,D8_23,D8_24,D8_31,D8_32,D8_33,D8_34,D8_41,D8_42,D8_43,D8_44,E1_11,E1_12,E1_13,E1_14,E1_21,E1_22,E1_23,E1_24,E1_31,E1_32,E1_33,E1_34,E1_41,E1_42,E1_43,E1_44,E2_11,E2_12,E2_13,E2_14,E2_21,E2_22,E2_23,E2_24,E2_31,E2_32,E2_33,E2_34,E2_41,E2_42,E2_43,E2_44,E3_11,E3_12,E3_13,E3_14,E3_21,E3_22,E3_23,E3_24,E3_31,E3_32,E3_33,E3_34,E3_41,E3_42,E3_43,E3_44,E4_11,E4_12,E4_13,E4_14,E4_21,E4_22,E4_23,E4_24,E4_31,E4_32,E4_33,E4_34,E4_41,E4_42,E4_43,E4_44,E5_11,E5_12,E5_13,E5_14,E5_21,E5_22,E5_23,E5_24,E5_31,E5_32,E5_33,E5_34,E5_41,E5_42,E5_43,E5_44,E6_11,E6_12,E6_13,E6_14,E6_21,E6_22,E6_23,E6_24,E6_31,E6_32,E6_33,E6_34,E6_41,E6_42,E6_43,E6_44,E7_11,E7_12,E7_13,E7_14,E7_21,E7_22,E7_23,E7_24,E7_31,E7_32,E7_33,E7_34,E7_41,E7_42,E7_43,E7_44,E8_11,E8_12,E8_13,E8_14,E8_21,E8_22,E8_23,E8_24,E8_31,E8_32,E8_33,E8_34,E8_41,E8_42,E8_43,E8_44,F1_11,F1_12,F1_13,F1_14,F1_21,F1_22,F1_23,F1_24,F1_31,F1_32,F1_33,F1_34,F1_41,F1_42,F1_43,F1_44,F2_11,F2_12,F2_13,F2_14,F2_21,F2_22,F2_23,F2_24,F2_31,F2_32,F2_33,F2_34,F2_41,F2_42,F2_43,F2_44,F3_11,F3_12,F3_13,F3_14,F3_21,F3_22,F3_23,F3_24,F3_31,F3_32,F3_33,F3_34,F3_41,F3_42,F3_43,F3_44,F4_11,F4_12,F4_13,F4_14,F4_21,F4_22,F4_23,F4_24,F4_31,F4_32,F4_33,F4_34,F4_41,F4_42,F4_43,F4_44,F5_11,F5_12,F5_13,F5_14,F5_21,F5_22,F5_23,F5_24,F5_31,F5_32,F5_33,F5_34,F5_41,F5_42,F5_43,F5_44,F6_11,F6_12,F6_13,F6_14,F6_21,F6_22,F6_23,F6_24,F6_31,F6_32,F6_33,F6_34,F6_41,F6_42,F6_43,F6_44,F7_11,F7_12,F7_13,F7_14,F7_21,F7_22,F7_23,F7_24,F7_31,F7_32,F7_33,F7_34,F7_41,F7_42,F7_43,F7_44,F8_11,F8_12,F8_13,F8_14,F8_21,F8_22,F8_23,F8_24,F8_31,F8_32,F8_33,F8_34,F8_41,F8_42,F8_43,F8_44,
Activity Metrics
    Number of Spikes,1823.000000,7.000000,35.000000,1655.000000,337.000000,182.000000,1263.000000,65.000000,0.000000,1062.000000,1427.000000,413.000000,5.000000,1812.000000,74.000000,465.000000,993.000000,16.000000,2962.000000,2127.000000,25.000000,2594.000000,129.000000,2089.000000,130.000000,2344.000000,307.000000,2657.000000,10.000000,0.000000,78.000000,2834.000000,58.000000,2868.000000,697.000000,708.000000,681.000000,5.000000,882.000000,1573.000000,246.000000,2868.000000,171.000000,235.000000,376.000000,2.000000,36.000000,36.000000,1542.000000,1.000000,2698.000000,48.000000,44.000000,1982.000000,234.000000,545.000000,59.000000,575.000000,0.000000,2225.000000,433.000000,2.000000,1.000000,14.000000,1838.000000,293.000000,1289.000000,0.000000,1283.000000,0.000000,1117.000000,1356.000000,324.000000,3126.000000,76.000000,199.000000,2272.000000,2.000000,51.000000,2440.000000,929.000000,0.000000,929.000000,1237.000000,1531.000000,7.000000,21.000000,1305.000000,466.000000,0.000000,214.000000,23.000000,0.000000,154.000000,358.000000,306.000000,445.000000,0.000000,0.000000,0.000000,259.000000,32.000000,2.000000,0.000000,0.000000,1695.000000,76.000000,2213.000000,0.000000,0.000000,22.000000,52.000000,0.000000,3.000000,700.000000,1083.000000,2463.000000,1267.000000,34.000000,1578.000000,23.000000,1844.000000,1026.000000,2654.000000,7.000000,12.000000,700.000000,1164.000000,3023.000000,903.000000,3074.000000,0.000000,1407.000000,42.000000,3979.000000,3449.000000,1.000000,1153.000000,157.000000,17.000000,38.000000,1649.000000,467.000000,4786.000000,0.000000,0.000000,0.000000,92.000000,0.000000,0.000000,0.000000,0.000000,5.000000,220.000000,1.000000,0.000000,326.000000,0.000000,0.000000,0.000000,269.000000,0.000000,3.000000,293.000000,444.000000,0.000000,81.000000,0.000000,3.000000,510.000000,545.000000,0.000000,202.000000,1603.000000,871.000000,3337.000000,92.000000,41.000000,75.000000,463.000000,148.000000,0.000000,0.000000,0.000000,1881.000000,0.000000,0.000000,1104.000000,291.000000,52.000000,140.000000,72.000000,473.000000,1084.000000,8.000000,272.000000,470.000000,3283.000000,0.000000,145.000000,1530.000000,231.000000,1239.000000,5.000000,516.000000,608.000000,0.000000,0.000000,123.000000,1786.000000,194.000000,170.000000,0.000000,2758.000000,2425.000000,72.000000,186.000000,315.000000,639.000000,238.000000,513.000000,545.000000,2314.000000,19.000000,339.000000,733.000000,824.000000,0.000000,25.000000,1240.000000,5.000000,0.000000,0.000000,0.000000,0.000000,0.000000,0.000000,0.000000,0.000000,0.000000,1.000000,1809.000000,19.000000,632.000000,2154.000000,680.000000,0.000000,0.000000,0.000000,0.000000,0.000000,0.000000,174.000000,1.000000,1.000000,0.000000,244.000000,29.000000,0.000000,4013.000000,359.000000,461.000000,0.000000,1.000000,427.000000,2207.000000,2964.000000,2547.000000,1325.000000,64.000000,0.000000,0.000000,1.000000,2997.000000,422.000000,226.000000,2938.000000,868.000000,0.000000,2160.000000,15.000000,938.000000,1850.000000,321.000000,2.000000,14.000000,14.000000,0.000000,5.000000,647.000000,191.000000,249.000000,0.000000,0.000000,58.000000,1226.000000,580.000000,312.000000,792.000000,564.000000,303.000000,54.000000,230.000000,10.000000,0.000000,0.000000,0.000000,0.000000,0.000000,0.000000,0.000000,0.000000,0.000000,0.000000,0.000000,0.000000,0.000000,0.000000,0.000000,0.000000,245.000000,409.000000,395.000000,322.000000,80.000000,364.000000,0.000000,0.000000,0.000000,0.000000,269.000000,984.000000,2657.000000,1462.000000,0.000000,0.000000,898.000000,5.000000,0.000000,851.000000,381.000000,0.000000,0.000000,6.000000,0.000000,0.000000,113.000000,0.000000,14.000000,0.000000,34.000000,0.000000,897.000000,0.000000,1.000000,76.000000,257.000000,859.000000,419.000000,2445.000000,4.000000,809.000000,0.000000,645.000000,2220.000000,1418.000000,112.000000,0.000000,1.000000,1767.000000,1404.000000,0.000000,0.000000,0.000000,93.000000,637.000000,1.000000,0.000000,0.000000,0.000000,0.000000,0.000000,2.000000,0.000000,1771.000000,0.000000,1026.000000,1073.000000,15.000000,1955.000000,0.000000,148.000000,0.000000,393.000000,69.000000,1486.000000,29.000000,660.000000,4.000000,45.000000,11.000000,1142.000000,1863.000000,2.000000,10.000000,0.000000,130.000000,1.000000,479.000000,10.000000,0.000000,1377.000000,0.000000,0.000000,140.000000,739.000000,203.000000,6.000000,1017.000000,694.000000,52.000000,93.000000,1400.000000,0.000000,44.000000,0.000000,0.000000,571.000000,9.000000,1771.000000,8.000000,2084.000000,2322.000000,0.000000,470.000000,588.000000,441.000000,3105.000000,357.000000,897.000000,0.000000,2428.000000,5.000000,25.000000,1.000000,0.000000,7.000000,1519.000000,329.000000,613.000000,0.000000,2264.000000,0.000000,0.000000,297.000000,153.000000,0.000000,0.000000,0.000000,0.000000,26.000000,1542.000000,0.000000,1392.000000,88.000000,1813.000000,0.000000,1.000000,383.000000,4.000000,0.000000,339.000000,39.000000,0.000000,1.000000,431.000000,0.000000,0.000000,389.000000,0.000000,0.000000,382.000000,0.000000,1803.000000,1492.000000,2749.000000,1968.000000,1360.000000,2171.000000,0.000000,1502.000000,230.000000,1783.000000,1.000000,0.000000,2.000000,3726.000000,107.000000,100.000000,0.000000,2706.000000,0.000000,1765.000000,2159.000000,970.000000,157.000000,1101.000000,1164.000000,22.000000,0.000000,0.000000,1.000000,2029.000000,195.000000,219.000000,0.000000,1935.000000,64.000000,115.000000,588.000000,231.000000,2267.000000,2692.000000,27.000000,81.000000,770.000000,3637.000000,3967.000000,0.000000,895.000000,2200.000000,156.000000,301.000000,2132.000000,56.000000,590.000000,1315.000000,0.000000,1872.000000,17.000000,0.000000,63.000000,434.000000,1.000000,218.000000,787.000000,463.000000,406.000000,8.000000,64.000000,1440.000000,838.000000,0.000000,444.000000,97.000000,0.000000,205.000000,5.000000,442.000000,16.000000,2102.000000,4.000000,29.000000,0.000000,0.000000,1.000000,0.000000,0.000000,0.000000,0.000000,0.000000,0.000000,0.000000,1.000000,0.000000,0.000000,17.000000,0.000000,0.000000,1.000000,0.000000,16.000000,1980.000000,0.000000,329.000000,0.000000,0.000000,786.000000,2365.000000,2.000000,567.000000,1.000000,0.000000,178.000000,12.000000,125.000000,8.000000,10.000000,0.000000,789.000000,146.000000,6.000000,2226.000000,371.000000,39.000000,1642.000000,1389.000000,236.000000,0.000000,0.000000,1.000000,0.000000,0.000000,0.000000,289.000000,0.000000,0.000000,1607.000000,0.000000,0.000000,386.000000,0.000000,0.000000,3806.000000,2563.000000,2.000000,0.000000,380.000000,706.000000,484.000000,0.000000,130.000000,228.000000,276.000000,0.000000,0.000000,0.000000,275.000000,0.000000,2.000000,1052.000000,0.000000,3558.000000,1166.000000,3948.000000,3491.000000,198.000000,2237.000000,0.000000,890.000000,2138.000000,28.000000,25.000000,3952.000000,751.000000,3347.000000,4.000000,218.000000,314.000000,828.000000,1832.000000,139.000000,54.000000,688.000000,805.000000,4282.000000,330.000000,2455.000000,3316.000000,1339.000000,342.000000,7.000000,519.000000,0.000000,1080.000000,1349.000000,1.000000,1289.000000,307.000000,0.000000,1.000000,592.000000,1812.000000,264.000000,96.000000,180.000000,85.000000,0.000000,97.000000,0.000000,1158.000000,2209.000000,25.000000,215.000000,1804.000000,667.000000,4.000000,0.000000,1682.000000,408.000000,11.000000,368.000000,0.000000,814.000000,321.000000,1714.000000,105.000000,79.000000,67.000000,809.000000,1852.000000,141.000000,106.000000,757.000000,2476.000000,4.000000,1940.000000,27.000000,5.000000,540.000000,222.000000,136.000000,1658.000000,580.000000,1.000000,1.000000,315.000000,2052.000000,1734.000000,0.000000,126.000000,72.000000,573.000000,564.000000,228.000000,44.000000,205.000000,58.000000,2265.000000,2078.000000,0.000000,0.000000,1757.000000,48.000000,22.000000,0.000000,632.000000,0.000000,214.000000,418.000000,0.000000,0.000000,276.000000,0.000000,1416.000000,0.000000,8.000000,1001.000000,0.000000,35.000000,0.000000,341.000000,0.000000,0.000000,187.000000,435.000000,217.000000,14.000000
    Mean Firing Rate (Hz),3.038333,0.011667,0.058333,2.758333,0.561667,0.303333,2.105000,0.108333,0.000000,1.770000,2.378333,0.688333,0.008333,3.020000,0.123333,0.775000,1.655000,0.026667,4.936667,3.545000,0.041667,4.323333,0.215000,3.481667,0.216667,3.906667,0.511667,4.428333,0.016667,0.000000,0.130000,4.723333,0.096667,4.780000,1.161667,1.180000,1.135000,0.008333,1.470000,2.621667,0.410000,4.780000,0.285000,0.391667,0.626667,0.003333,0.060000,0.060000,2.570000,0.001667,4.496667,0.080000,0.073333,3.303333,0.390000,0.908333,0.098333,0.958333,0.000000,3.708333,0.721667,0.003333,0.001667,0.023333,3.063333,0.488333,2.148333,0.000000,2.138333,0.000000,1.861667,2.260000,0.540000,5.210000,0.126667,0.331667,3.786667,0.003333,0.085000,4.066667,1.548333,0.000000,1.548333,2.061667,2.551667,0.011667,0.035000,2.175000,0.776667,0.000000,0.356667,0.038333,0.000000,0.256667,0.596667,0.510000,0.741667,0.000000,0.000000,0.000000,0.431667,0.053333,0.003333,0.000000,0.000000,2.825000,0.126667,3.688333,0.000000,0.000000,0.036667,0.086667,0.000000,0.005000,1.166667,1.805000,4.105000,2.111667,0.056667,2.630000,0.038333,3.073333,1.710000,4.423333,0.011667,0.020000,1.166667,1.940000,5.038333,1.505000,5.123333,0.000000,2.345000,0.070000,6.631667,5.748333,0.001667,1.921667,0.261667,0.028333,0.063333,2.748333,0.778333,7.976667,0.000000,0.000000,0.000000,0.153333,0.000000,0.000000,0.000000,0.000000,0.008333,0.366667,0.001667,0.000000,0.543333,0.000000,0.000000,0.000000,0.448333,0.000000,0.005000,0.488333,0.740000,0.000000,0.135000,0.000000,0.005000,0.850000,0.908333,0.000000,0.336667,2.671667,1.451667,5.561667,0.153333,0.068333,0.125000,0.771667,0.246667,0.000000,0.000000,0.000000,3.135000,0.000000,0.000000,1.840000,0.485000,0.086667,0.233333,0.120000,0.788333,1.806667,0.013333,0.453333,0.783333,5.471667,0.000000,0.241667,2.550000,0.385000,2.065000,0.008333,0.860000,1.013333,0.000000,0.000000,0.205000,2.976667,0.323333,0.283333,0.000000,4.596667,4.041667,0.120000,0.310000,0.525000,1.065000,0.396667,0.855000,0.908333,3.856667,0.031667,0.565000,1.221667,1.373333,0.000000,0.041667,2.066667,0.008333,0.000000,0.000000,0.000000,0.000000,0.000000,0.000000,0.000000,0.000000,0.000000,0.001667,3.015000,0.031667,1.053333,3.590000,1.133333,0.000000,0.000000,0.000000,0.000000,0.000000,0.000000,0.290000,0.001667,0.001667,0.000000,0.406667,0.048333,0.000000,6.688333,0.598333,0.768333,0.000000,0.001667,0.711667,3.678333,4.940000,4.245000,2.208333,0.106667,0.000000,0.000000,0.001667,4.995000,0.703333,0.376667,4.896667,1.446667,0.000000,3.600000,0.025000,1.563333,3.083333,0.535000,0.003333,0.023333,0.023333,0.000000,0.008333,1.078333,0.318333,0.415000,0.000000,0.000000,0.096667,2.043333,0.966667,0.520000,1.320000,0.940000,0.505000,0.090000,0.383333,0.016667,0.000000,0.000000,0.000000,0.000000,0.000000,0.000000,0.000000,0.000000,0.000000,0.000000,0.000000,0.000000,0.000000,0.000000,0.000000,0.000000,0.408333,0.681667,0.658333,0.536667,0.133333,0.606667,0.000000,0.000000,0.000000,0.000000,0.448333,1.640000,4.428333,2.436667,0.000000,0.000000,1.496667,0.008333,0.000000,1.418333,0.635000,0.000000,0.000000,0.010000,0.000000,0.000000,0.188333,0.000000,0.023333,0.000000,0.056667,0.000000,1.495000,0.000000,0.001667,0.126667,0.428333,1.431667,0.698333,4.075000,0.006667,1.348333,0.000000,1.075000,3.700000,2.363333,0.186667,0.000000,0.001667,2.945000,2.340000,0.000000,0.000000,0.000000,0.155000,1.061667,0.001667,0.000000,0.000000,0.000000,0.000000,0.000000,0.003333,0.000000,2.951667,0.000000,1.710000,1.788333,0.025000,3.258333,0.000000,0.246667,0.000000,0.655000,0.115000,2.476667,0.048333,1.100000,0.006667,0.075000,0.018333,1.903333,3.105000,0.003333,0.016667,0.000000,0.216667,0.001667,0.798333,0.016667,0.000000,2.295000,0.000000,0.000000,0.233333,1.231667,0.338333,0.010000,1.695000,1.156667,0.086667,0.155000,2.333333,0.000000,0.073333,0.000000,0.000000,0.951667,0.015000,2.951667,0.013333,3.473333,3.870000,0.000000,0.783333,0.980000,0.735000,5.175000,0.595000,1.495000,0.000000,4.046667,0.008333,0.041667,0.001667,0.000000,0.011667,2.531667,0.548333,1.021667,0.000000,3.773333,0.000000,0.000000,0.495000,0.255000,0.000000,0.000000,0.000000,0.000000,0.043333,2.570000,0.000000,2.320000,0.146667,3.021667,0.000000,0.001667,0.638333,0.006667,0.000000,0.565000,0.065000,0.000000,0.001667,0.718333,0.000000,0.000000,0.648333,0.000000,0.000000,0.636667,0.000000,3.005000,2.486667,4.581667,3.280000,2.266667,3.618333,0.000000,2.503333,0.383333,2.971667,0.001667,0.000000,0.003333,6.210000,0.178333,0.166667,0.000000,4.510000,0.000000,2.941667,3.598333,1.616667,0.261667,1.835000,1.940000,0.036667,0.000000,0.000000,0.001667,3.381667,0.325000,0.365000,0.000000,3.225000,0.106667,0.191667,0.980000,0.385000,3.778333,4.486667,0.045000,0.135000,1.283333,6.061667,6.611667,0.000000,1.491667,3.666667,0.260000,0.501667,3.553333,0.093333,0.983333,2.191667,0.000000,3.120000,0.028333,0.000000,0.105000,0.723333,0.001667,0.363333,1.311667,0.771667,0.676667,0.013333,0.106667,2.400000,1.396667,0.000000,0.740000,0.161667,0.000000,0.341667,0.008333,0.736667,0.026667,3.503333,0.006667,0.048333,0.000000,0.000000,0.001667,0.000000,0.000000,0.000000,0.000000,0.000000,0.000000,0.000000,0.001667,0.000000,0.000000,0.028333,0.000000,0.000000,0.001667,0.000000,0.026667,3.300000,0.000000,0.548333,0.000000,0.000000,1.310000,3.941667,0.003333,0.945000,0.001667,0.000000,0.296667,0.020000,0.208333,0.013333,0.016667,0.000000,1.315000,0.243333,0.010000,3.710000,0.618333,0.065000,2.736667,2.315000,0.393333,0.000000,0.000000,0.001667,0.000000,0.000000,0.000000,0.481667,0.000000,0.000000,2.678333,0.000000,0.000000,0.643333,0.000000,0.000000,6.343333,4.271667,0.003333,0.000000,0.633333,1.176667,0.806667,0.000000,0.216667,0.380000,0.460000,0.000000,0.000000,0.000000,0.458333,0.000000,0.003333,1.753333,0.000000,5.930000,1.943333,6.580000,5.818333,0.330000,3.728333,0.000000,1.483333,3.563333,0.046667,0.041667,6.586667,1.251667,5.578333,0.006667,0.363333,0.523333,1.380000,3.053333,0.231667,0.090000,1.146667,1.341667,7.136667,0.550000,4.091667,5.526667,2.231667,0.570000,0.011667,0.865000,0.000000,1.800000,2.248333,0.001667,2.148333,0.511667,0.000000,0.001667,0.986667,3.020000,0.440000,0.160000,0.300000,0.141667,0.000000,0.161667,0.000000,1.930000,3.681667,0.041667,0.358333,3.006667,1.111667,0.006667,0.000000,2.803333,0.680000,0.018333,0.613333,0.000000,1.356667,0.535000,2.856667,0.175000,0.131667,0.111667,1.348333,3.086667,0.235000,0.176667,1.261667,4.126667,0.006667,3.233333,0.045000,0.008333,0.900000,0.370000,0.226667,2.763333,0.966667,0.001667,0.001667,0.525000,3.420000,2.890000,0.000000,0.210000,0.120000,0.955000,0.940000,0.380000,0.073333,0.341667,0.096667,3.775000,3.463333,0.000000,0.000000,2.928333,0.080000,0.036667,0.000000,1.053333,0.000000,0.356667,0.696667,0.000000,0.000000,0.460000,0.000000,2.360000,0.000000,0.013333,1.668333,0.000000,0.058333,0.000000,0.568333,0.000000,0.000000,0.311667,0.725000,0.361667,0.023333
    ISI Coefficient of Variation,2.854606, , ,3.235748,1.678943,1.645130,2.679071,0.931206, ,2.755026,2.915110,1.705956, ,2.774584,1.091461,2.157314,2.334313, ,3.791181,3.127434, ,3.895333,1.368544,3.368697,1.431027,3.663717,1.246817,3.992674, , ,0.848321,4.120804, ,3.748413,2.027596,1.795401,1.708752, ,2.039936,2.790390,1.300953,3.618643,1.875596,1.320000,1.235679, , , ,3.014024, ,3.725373, , ,3.189778,1.491499,1.618432, ,1.599120, ,3.490880,1.595384, , , ,6.084618,2.876638,5.015444, ,5.110453, ,3.878011,5.015145,3.023622,7.454505,1.389826,1.746101,6.703159, , ,6.754615,2.956336, ,3.367165,3.643039,3.830330, , ,3.620470,2.346535, ,2.148673, , ,1.485085,2.322898,2.030334,2.524803, , , ,1.814365, , , , ,1.833018,1.234053,4.753547, , , , , , ,2.448921,2.811552,3.850723,2.822105, ,4.270371, ,3.424097,2.933444,4.070145, , ,2.104936,2.633315,4.064140,2.237747,3.279753, ,2.626116, ,4.790855,4.488268, ,2.478012,1.744761, , ,2.970978,1.879473,5.258553, , , ,1.347990, , , , , ,1.259204, , ,1.699915, , , ,1.418835, , ,1.593776,1.880485, ,1.281722, , ,2.003701,2.451591, ,1.562777,3.721568,3.097260,5.640280,1.082706, ,1.310320,2.570155,1.203085, , , ,3.429458, , ,3.264530,1.389884, ,1.536854,1.858981,1.533726,2.586244, ,2.439940,2.487471,4.476698, ,1.404494,2.933295,1.590850,2.838614, ,2.413659,1.893007, , ,1.603538,2.647772,1.115180,0.922161, ,3.934770,3.717327,1.083389,1.277354,1.578007,2.341296,1.384714,1.508269,1.681151,3.440850, ,1.456373,3.078338,3.371002, , ,3.164456, , , , , , , , , , , ,2.889853, ,1.943585,3.403314,1.694952, , , , , , ,1.331907, , , ,2.315627, , ,1.619077,1.246990,1.519220, , ,1.586417,3.586922,4.141281,3.723356,2.683724,0.875669, , , ,4.413759,2.009533,1.351670,4.552721,2.632261, ,3.897353, ,2.774842,3.705238,2.433192, , , , , ,2.133524,1.244336,1.281291, , , ,3.187446,1.975587,1.491419,2.952334,2.941255,1.557806, ,2.123202, , , , , , , , , , , , , , , , , ,1.338160,2.013308,1.869513,2.099261,0.928000,2.310965, , , , ,1.511139,3.030050,4.385694,3.546838, , ,2.849384, , ,2.883168,2.374007, , , , , ,1.093229, , , , , ,2.493624, , ,1.060937,1.651796,2.078273,2.207112,4.155574, ,2.022915, ,2.140941,3.940791,2.628303,1.472943, , ,3.615149,3.554729, , , ,1.009277,2.702960, , , , , , , , ,3.056715, ,2.293133,2.339415, ,3.306064, ,1.377870, ,1.406830,2.290000,2.763672, ,1.859554, , , ,3.157689,4.154685, , , ,1.365540, ,2.092657, , ,3.499457, , ,1.357082,2.634003,2.253573, ,2.699013,2.211379, ,1.069224,2.964459, , , , ,2.850523, ,4.003306, ,3.742764,4.505587, ,2.020377,2.845174,2.142355,5.156838,2.132271,2.819541, ,4.834182, , , , , ,3.943345,1.520160,2.793284, ,4.026783, , ,2.154281,1.563561, , , , , ,3.186585, ,3.117136,1.163459,4.050511, , ,1.862549, , ,1.656594, , , ,1.869445, , ,2.329078, , ,2.164851, ,4.117184,3.425046,4.582068,3.945296,3.551123,4.000730, ,3.396244,1.247988,3.656555, , , ,4.758052,1.030193,1.257352, ,4.087407, ,3.317972,3.658590,2.338420,1.109020,2.558963,2.667036, , , , ,3.080142,0.981593,1.063224, ,2.889409,0.876128,1.285894,1.743881,1.147798,3.197707,3.102110, ,1.153589,1.717489,4.047745,4.249662, ,2.992209,4.379086,1.792997,1.594831,4.354970, ,2.279720,3.410881, ,4.026519, , ,0.846315,2.159632, ,1.898244,3.831744,2.149005,1.673569, ,1.400075,3.563316,2.357524, ,2.541735,1.576347, ,1.808951, ,2.880160, ,4.321801, , , , , , , , , , , , , , , , , , , , , ,4.236788, ,1.828179, , ,2.562684,4.715370, ,2.795795, , ,1.478018, ,0.939761, , , ,2.663349,1.500976, ,3.136179,1.886490, ,2.358097,2.185969,1.688890, , , , , , ,1.141802, , ,2.910802, , ,1.757159, , ,4.124232,2.869193, , ,1.666899,1.919556,1.374157, ,1.357137,1.074530,1.710602, , , ,1.059628, , ,2.354663, ,4.466898,2.629905,4.701693,4.598252,1.320884,3.663144, ,2.677878,3.580635, , ,4.894261,2.233340,4.511296, ,1.310822,1.260379,2.371740,3.358890,1.925211, ,2.192287,2.267879,5.152496,1.289858,3.948580,2.955884,2.956288,1.369134, ,2.090214, ,2.952769,3.375585, ,3.320466,2.282064, , ,2.153421,3.839178,1.453806,1.193679,1.291916,2.405075, ,1.783224, ,3.394556,4.677122, ,1.342840,4.303935,2.852236, , ,3.240560,1.804636, ,1.641927, ,2.794558,1.878692,3.486765,1.245274,1.123851,0.945841,2.345225,3.611174,1.296673,0.995370,2.277235,4.311324, ,3.750459, , ,1.953033,2.063848,1.212962,3.514683,1.879891, , ,1.443922,3.940636,1.246239, ,1.848774,0.890362,1.946190,1.376845,1.124484, ,1.482078, ,4.104759,4.427598, , ,3.768030, , , ,2.733188, ,1.142473,1.652432, , ,1.423282, ,3.977966, , ,3.535755, , , ,1.536995, , ,1.914401,1.951349,1.331606, 
Electrode Burst Metrics
    Number of Bursts,99.000000,0.000000,0.000000,84.000000,5.000000,14.000000,67.000000,0.000000,0.000000,45.000000,79.000000,5.000000,0.000000,79.000000,0.000000,9.000000,54.000000,0.000000,159.000000,120.000000,0.000000,151.000000,4.000000,134.000000,7.000000,143.000000,4.000000,144.000000,0.000000,0.000000,0.000000,145.000000,0.000000,155.000000,39.000000,30.000000,1.000000,0.000000,46.000000,82.000000,3.000000,162.000000,11.000000,4.000000,3.000000,0.000000,0.000000,0.000000,91.000000,0.000000,134.000000,1.000000,0.000000,114.000000,11.000000,8.000000,0.000000,0.000000,0.000000,143.000000,13.000000,0.000000,0.000000,0.000000,57.000000,24.000000,58.000000,0.000000,55.000000,0.000000,49.000000,59.000000,32.000000,59.000000,3.000000,6.000000,55.000000,0.000000,1.000000,61.000000,53.000000,0.000000,41.000000,53.000000,79.000000,0.000000,0.000000,66.000000,40.000000,0.000000,12.000000,0.000000,0.000000,3.000000,24.000000,27.000000,43.000000,0.000000,0.000000,0.000000,11.000000,1.000000,0.000000,0.000000,0.000000,61.000000,1.000000,94.000000,0.000000,0.000000,0.000000,1.000000,0.000000,0.000000,29.000000,69.000000,145.000000,87.000000,1.000000,68.000000,0.000000,86.000000,53.000000,107.000000,0.000000,0.000000,32.000000,54.000000,137.000000,57.000000,137.000000,0.000000,33.000000,0.000000,162.000000,156.000000,0.000000,73.000000,0.000000,1.000000,2.000000,80.000000,21.000000,161.000000,0.000000,0.000000,0.000000,2.000000,0.000000,0.000000,0.000000,0.000000,0.000000,0.000000,0.000000,0.000000,18.000000,0.000000,0.000000,0.000000,4.000000,0.000000,0.000000,17.000000,14.000000,0.000000,2.000000,0.000000,0.000000,26.000000,57.000000,0.000000,7.000000,88.000000,77.000000,79.000000,1.000000,0.000000,2.000000,16.000000,3.000000,0.000000,0.000000,0.000000,107.000000,0.000000,0.000000,34.000000,4.000000,0.000000,5.000000,4.000000,9.000000,70.000000,0.000000,22.000000,37.000000,123.000000,0.000000,11.000000,83.000000,19.000000,100.000000,0.000000,30.000000,11.000000,0.000000,0.000000,2.000000,117.000000,0.000000,0.000000,0.000000,120.000000,114.000000,0.000000,6.000000,16.000000,36.000000,4.000000,12.000000,21.000000,139.000000,0.000000,14.000000,32.000000,46.000000,0.000000,0.000000,66.000000,0.000000,0.000000,0.000000,0.000000,0.000000,0.000000,0.000000,0.000000,0.000000,0.000000,0.000000,113.000000,0.000000,47.000000,123.000000,39.000000,0.000000,0.000000,0.000000,0.000000,0.000000,0.000000,4.000000,0.000000,0.000000,0.000000,17.000000,0.000000,0.000000,129.000000,1.000000,14.000000,0.000000,0.000000,6.000000,130.000000,133.000000,129.000000,51.000000,0.000000,0.000000,0.000000,0.000000,117.000000,12.000000,9.000000,94.000000,47.000000,0.000000,93.000000,0.000000,49.000000,76.000000,13.000000,0.000000,0.000000,0.000000,0.000000,0.000000,21.000000,1.000000,3.000000,0.000000,0.000000,1.000000,57.000000,14.000000,4.000000,38.000000,22.000000,9.000000,0.000000,5.000000,0.000000,0.000000,0.000000,0.000000,0.000000,0.000000,0.000000,0.000000,0.000000,0.000000,0.000000,0.000000,0.000000,0.000000,0.000000,0.000000,0.000000,0.000000,23.000000,30.000000,18.000000,0.000000,37.000000,0.000000,0.000000,0.000000,0.000000,4.000000,78.000000,103.000000,97.000000,0.000000,0.000000,57.000000,0.000000,0.000000,58.000000,29.000000,0.000000,0.000000,0.000000,0.000000,0.000000,0.000000,0.000000,0.000000,0.000000,0.000000,0.000000,49.000000,0.000000,0.000000,0.000000,10.000000,13.000000,47.000000,102.000000,0.000000,24.000000,0.000000,51.000000,33.000000,50.000000,1.000000,0.000000,0.000000,78.000000,75.000000,0.000000,0.000000,0.000000,3.000000,52.000000,0.000000,0.000000,0.000000,0.000000,0.000000,0.000000,0.000000,0.000000,119.000000,0.000000,13.000000,53.000000,0.000000,141.000000,0.000000,4.000000,0.000000,7.000000,5.000000,98.000000,0.000000,28.000000,0.000000,0.000000,0.000000,65.000000,100.000000,0.000000,0.000000,0.000000,5.000000,0.000000,30.000000,0.000000,0.000000,63.000000,0.000000,0.000000,6.000000,43.000000,19.000000,0.000000,46.000000,33.000000,0.000000,2.000000,76.000000,0.000000,1.000000,0.000000,0.000000,52.000000,0.000000,79.000000,0.000000,79.000000,81.000000,0.000000,29.000000,46.000000,38.000000,83.000000,28.000000,51.000000,0.000000,81.000000,0.000000,0.000000,0.000000,0.000000,0.000000,61.000000,13.000000,51.000000,0.000000,110.000000,0.000000,0.000000,16.000000,5.000000,0.000000,0.000000,0.000000,0.000000,0.000000,75.000000,0.000000,59.000000,1.000000,83.000000,0.000000,0.000000,31.000000,0.000000,0.000000,20.000000,0.000000,0.000000,0.000000,27.000000,0.000000,0.000000,25.000000,0.000000,0.000000,28.000000,0.000000,87.000000,82.000000,105.000000,91.000000,71.000000,110.000000,0.000000,97.000000,2.000000,101.000000,0.000000,0.000000,0.000000,136.000000,0.000000,2.000000,0.000000,123.000000,0.000000,117.000000,129.000000,71.000000,0.000000,82.000000,87.000000,0.000000,0.000000,0.000000,0.000000,125.000000,0.000000,1.000000,0.000000,116.000000,0.000000,5.000000,25.000000,2.000000,132.000000,128.000000,0.000000,0.000000,14.000000,170.000000,174.000000,0.000000,57.000000,84.000000,10.000000,15.000000,91.000000,1.000000,36.000000,73.000000,0.000000,82.000000,0.000000,0.000000,0.000000,35.000000,0.000000,16.000000,52.000000,19.000000,17.000000,0.000000,0.000000,44.000000,52.000000,0.000000,40.000000,6.000000,0.000000,11.000000,0.000000,38.000000,0.000000,86.000000,0.000000,0.000000,0.000000,0.000000,0.000000,0.000000,0.000000,0.000000,0.000000,0.000000,0.000000,0.000000,0.000000,0.000000,0.000000,0.000000,0.000000,0.000000,0.000000,0.000000,0.000000,91.000000,0.000000,20.000000,0.000000,0.000000,55.000000,91.000000,0.000000,51.000000,0.000000,0.000000,3.000000,0.000000,0.000000,0.000000,0.000000,0.000000,67.000000,6.000000,0.000000,97.000000,25.000000,0.000000,60.000000,40.000000,19.000000,0.000000,0.000000,0.000000,0.000000,0.000000,0.000000,2.000000,0.000000,0.000000,56.000000,0.000000,0.000000,15.000000,0.000000,0.000000,167.000000,112.000000,0.000000,0.000000,9.000000,14.000000,6.000000,0.000000,1.000000,9.000000,6.000000,0.000000,0.000000,0.000000,2.000000,0.000000,0.000000,73.000000,0.000000,145.000000,70.000000,155.000000,154.000000,3.000000,128.000000,0.000000,54.000000,136.000000,0.000000,1.000000,140.000000,36.000000,153.000000,0.000000,1.000000,0.000000,44.000000,113.000000,4.000000,0.000000,37.000000,53.000000,149.000000,3.000000,132.000000,126.000000,69.000000,13.000000,0.000000,41.000000,0.000000,45.000000,65.000000,0.000000,61.000000,35.000000,0.000000,0.000000,18.000000,72.000000,12.000000,0.000000,3.000000,7.000000,0.000000,4.000000,0.000000,83.000000,94.000000,0.000000,3.000000,90.000000,54.000000,0.000000,0.000000,76.000000,25.000000,0.000000,6.000000,0.000000,64.000000,26.000000,97.000000,1.000000,1.000000,1.000000,55.000000,103.000000,2.000000,0.000000,55.000000,122.000000,0.000000,131.000000,0.000000,0.000000,28.000000,12.000000,1.000000,94.000000,22.000000,0.000000,0.000000,6.000000,107.000000,17.000000,0.000000,11.000000,0.000000,20.000000,0.000000,2.000000,0.000000,11.000000,1.000000,76.000000,77.000000,0.000000,0.000000,74.000000,0.000000,0.000000,0.000000,52.000000,0.000000,1.000000,20.000000,0.000000,0.000000,11.000000,0.000000,61.000000,0.000000,0.000000,48.000000,0.000000,0.000000,0.000000,23.000000,0.000000,0.000000,25.000000,28.000000,3.000000,0.000000
    Burst Duration - Avg (sec),0.097443, , ,0.084758,0.478336,0.049503,0.075019, , ,0.208263,0.079261,0.503024, ,0.171209, ,1.770169,0.087787, ,0.085804,0.098959, ,0.075272,0.036300,0.075571,0.020229,0.091711,0.044840,0.071276, , , ,0.086667, ,0.079070,0.137130,0.089507,2.503040, ,0.106901,0.094456,0.296240,0.085532,0.088996,0.032460,0.077387, , , ,0.077376, ,0.086069,0.044880, ,0.094433,0.080800,0.347400, , , ,0.076108,0.223471, , , ,0.149110,0.148120,0.125152, ,0.120458, ,0.178335,0.194750,0.066393,0.266964,0.040293,0.102307,0.169136, ,1.236160,0.237999,0.153706, ,0.220661,0.146620,0.161131, , ,0.121067,0.062168, ,0.486560, , ,0.586667,0.208847,0.063849,0.072495, , , ,0.177993,0.099840, , , ,0.092414,0.023440,0.148005, , , ,0.068560, , ,0.255327,0.074351,0.088212,0.063335,0.039440,0.140795, ,0.107150,0.139295,0.107511, , ,0.105880,0.140714,0.112749,0.064003,0.103619, ,0.272584, ,0.106091,0.105095, ,0.067879, ,0.083680,0.146280,0.140212,0.102827,0.135705, , , ,0.103680, , , , , , , , ,0.130209, , , ,0.038960, , ,0.110306,0.157554, ,1.124440, , ,0.190778,0.073760, ,0.107074,0.125486,0.062580,0.277347,0.026400, ,0.046080,0.319500,0.647280, , , ,0.082200, , ,0.317944,0.151960, ,0.046672,0.727940,0.203796,0.085337, ,0.052971,0.061944,0.112077, ,0.024131,0.117891,0.055651,0.059715, ,0.174976,0.539760, , ,0.826840,0.067587, , , ,0.083798,0.079953, ,0.158867,0.064490,0.135202,0.037140,0.257020,0.128590,0.058947, ,0.038743,0.111902,0.081791, , ,0.062286, , , , , , , , , , , ,0.054378, ,0.034233,0.058872,0.032049, , , , , , ,0.147020, , , ,0.135294, , ,0.096236,0.043280,0.072829, , ,0.129187,0.085847,0.096915,0.094074,0.128889, , , , ,0.141406,0.367953,0.093582,0.102632,0.071532, ,0.086551, ,0.066949,0.095567,0.443803, , , , , ,0.341459,0.020720,0.380453, , ,0.865600,0.199627,0.435029,0.530040,0.235714,0.254698,0.268373, ,0.794192, , , , , , , , , , , , , , , , , , ,0.118640,0.047784,0.166702, ,0.051436, , , , ,0.042840,0.064356,0.120252,0.063368, , ,0.084479, , ,0.088338,0.116971, , , , , , , , , , , ,0.111091, , , ,0.154416,0.588203,0.038950,0.090241, ,0.187473, ,0.052615,0.944327,0.227893,0.211520, , ,0.077989,0.078853, , , ,0.028427,0.050231, , , , , , , , ,0.070506, ,0.195760,0.115701, ,0.065857, ,0.077620, ,0.082091,0.090464,0.064424, ,0.147403, , , ,0.244879,0.131261, , , ,0.064480, ,0.062947, , ,0.201258, , ,0.080480,0.086367,0.062025, ,0.117659,0.136388, ,0.154840,0.166136, ,0.041440, , ,0.082032, ,0.121585, ,0.108219,0.110605, ,0.107735,0.076824,0.072192,0.151667,0.097934,0.196083, ,0.118965, , , , , ,0.098492,0.107926,0.050267, ,0.099839, , ,0.060455,0.212160, , , , , ,0.100021, ,0.114527,0.035600,0.091896, , ,0.069130, , ,0.038644, , , ,0.047973, , ,0.111914, , ,0.058526, ,0.092955,0.079619,0.101938,0.100025,0.080748,0.097796, ,0.068956,0.065840,0.064936, , , ,0.113002, ,0.053160, ,0.140588, ,0.069392,0.076692,0.069271, ,0.055568,0.061940, , , , ,0.054913, ,0.121840, ,0.059464, ,0.033456,0.071194,0.176040,0.067213,0.077510, , ,0.074331,0.084893,0.091219, ,0.067829,0.111958,0.112136,0.169520,0.091458,0.053600,0.093882,0.066243, ,0.104431, , , ,0.057883, ,0.045255,0.079425,0.278909,0.064207, , ,0.336125,0.083322, ,0.105204,0.097280, ,0.110873, ,0.051968, ,0.113737, , , , , , , , , , , , , , , , , , , , , ,0.112642, ,0.045476, , ,0.161578,0.192819, ,0.047864, , ,0.250187, , , , , ,0.045454,0.084147, ,0.117551,0.060685, ,0.130200,0.201964,0.047638, , , , , , ,1.362760, , ,0.242591, , ,0.064709, , ,0.122984,0.088549, , ,0.491920,0.644503,0.080587, ,0.083200,0.145120,0.588507, , , ,0.160000, , ,0.074825, ,0.098485,0.097718,0.099810,0.094403,0.492907,0.077478, ,0.074630,0.080289, ,0.136320,0.103602,0.198389,0.086599, ,0.014960, ,0.152609,0.098728,0.302640, ,0.115686,0.079813,0.123155,0.092347,0.095768,0.128684,0.092399,0.031126, ,0.069100, ,0.286775,0.189375, ,0.205367,0.055269, , ,0.289676,0.117489,0.167160, ,0.027893,0.082389, ,0.160420, ,0.066879,0.095103, ,0.679067,0.078209,0.150664, , ,0.080009,0.034163, ,0.354640, ,0.145895,0.049298,0.116480,0.090720,0.259520,0.026480,0.066964,0.104745,0.248720, ,0.051962,0.079397, ,0.087146, , ,0.098891,0.256207,1.009360,0.080976,0.048982, , ,0.030733,0.076639,0.128438, ,0.052945, ,0.242128, ,0.936600, ,0.055724,0.044000,0.106165,0.103011, , ,0.108909, , , ,0.057126, ,0.013600,0.062220, , ,0.032713, ,0.082648, , ,0.068390, , , ,0.043864, , ,0.029942,0.099534,0.161360, 
    Burst Duration - Std (sec),0.186523, , ,0.097572,0.655409,0.010241,0.120045, , ,0.343770,0.116880,0.709604, ,0.263535, ,3.697901,0.128288, ,0.139376,0.171178, ,0.039424,0.028239,0.144206,0.005039,0.143876,0.007948,0.089631, , , ,0.137265, ,0.114680,0.494314,0.299649, , ,0.448859,0.267537,0.332641,0.200563,0.038653,0.007714,0.009890, , , ,0.140410, ,0.097606, , ,0.162428,0.041411,0.618965, , , ,0.138310,0.442140, , , ,0.080538,0.047423,0.074896, ,0.043755, ,0.109406,0.188900,0.021722,0.174479,0.025359,0.053327,0.094941, , ,0.276159,0.201900, ,0.177355,0.178414,0.193303, , ,0.140092,0.035252, ,0.142753, , ,0.038577,0.105526,0.018468,0.075532, , , ,0.180707, , , , ,0.052353, ,0.262409, , , , , , ,0.585670,0.038244,0.131944,0.034950, ,0.084294, ,0.040537,0.069405,0.084372, , ,0.258419,0.401061,0.053653,0.024633,0.132720, ,0.389252, ,0.097504,0.118857, ,0.039736, , ,0.048027,0.191446,0.153300,0.150135, , , ,0.085645, , , , , , , , ,0.166608, , , ,0.019582, , ,0.231783,0.231245, ,0.215583, , ,0.265476,0.198065, ,0.059529,0.227394,0.145996,0.243452, , ,0.028963,0.192533,0.599047, , , ,0.108351, , ,0.412888,0.188747, ,0.039064,0.462603,0.267937,0.096758, ,0.009854,0.020478,0.077616, ,0.007906,0.096488,0.015180,0.088794, ,0.168152,0.750323, , ,0.765429,0.133708, , , ,0.043560,0.036154, ,0.276891,0.030479,0.118287,0.009082,0.455540,0.333394,0.045052, ,0.017245,0.039329,0.043062, , ,0.033512, , , , , , , , , , , ,0.028738, ,0.014934,0.023046,0.013613, , , , , , ,0.046917, , , ,0.092741, , ,0.070162, ,0.061872, , ,0.066468,0.038485,0.041271,0.067544,0.048777, , , , ,0.162297,0.204985,0.106994,0.028318,0.024673, ,0.043585, ,0.026873,0.038413,0.464418, , , , , ,0.410794, ,0.090395, , , ,0.258638,0.390365,0.527375,0.320989,0.264108,0.432464, ,0.443778, , , , , , , , , , , , , , , , , , ,0.081852,0.020320,0.169810, ,0.017981, , , , ,0.019748,0.029156,0.093436,0.036649, , ,0.044040, , ,0.032654,0.067426, , , , , , , , , , , ,0.219383, , , ,0.099981,0.492014,0.013114,0.103658, ,0.305682, ,0.019249,0.385239,0.345325, , , ,0.030465,0.035738, , , ,0.005648,0.015025, , , , , , , , ,0.044141, ,0.143011,0.228030, ,0.036931, ,0.028330, ,0.050705,0.038292,0.024816, ,0.068310, , , ,0.275821,0.153365, , , ,0.021307, ,0.028866, , ,0.217654, , ,0.030956,0.077145,0.020150, ,0.063335,0.177405, ,0.013067,0.175886, , , , ,0.085243, ,0.119174, ,0.063552,0.037489, ,0.172535,0.019250,0.033637,0.071723,0.045335,0.086251, ,0.050067, , , , , ,0.049260,0.062545,0.026248, ,0.088459, , ,0.033275,0.228624, , , , , ,0.187815, ,0.148316, ,0.036890, , ,0.025697, , ,0.013411, , , ,0.026222, , ,0.137020, , ,0.016262, ,0.026229,0.030371,0.045437,0.058653,0.028648,0.057377, ,0.027464,0.002489,0.023016, , , ,0.065769, ,0.040673, ,0.099589, ,0.052403,0.042877,0.145042, ,0.024125,0.056600, , , , ,0.027768, , , ,0.034060, ,0.018394,0.044520,0.042596,0.023307,0.039678, , ,0.015630,0.038755,0.046060, ,0.026025,0.060529,0.063943,0.097665,0.031199, ,0.086184,0.031894, ,0.049146, , , ,0.025237, ,0.019563,0.043926,0.264404,0.020679, , ,0.182525,0.024439, ,0.117846,0.057454, ,0.058750, ,0.031570, ,0.046148, , , , , , , , , , , , , , , , , , , , , ,0.058982, ,0.022888, , ,0.283818,0.293197, ,0.019029, , ,0.241975, , , , , ,0.015925,0.050464, ,0.121410,0.035694, ,0.166200,0.121305,0.020897, , , , , , ,0.313559, , ,0.358614, , ,0.084096, , ,0.180621,0.084357, , ,0.452733,0.946268,0.039278, , ,0.081560,0.269026, , , ,0.004752, , ,0.150275, ,0.088485,0.222901,0.095803,0.103912,0.356271,0.151775, ,0.017369,0.138512, , ,0.081771,0.383477,0.073944, , , ,0.242768,0.157642,0.156591, ,0.181084,0.059702,0.150925,0.008377,0.117926,0.188267,0.113926,0.009317, ,0.045016, ,0.357983,0.305310, ,0.262836,0.025908, , ,0.288429,0.124388,0.095301, ,0.015641,0.033872, ,0.075701, ,0.025300,0.035698, ,1.039273,0.034890,0.046630, , ,0.035693,0.026030, ,0.749367, ,0.246494,0.018803,0.188385, , , ,0.023429,0.132725,0.093338, ,0.020159,0.039437, ,0.089068, , ,0.065604,0.095817, ,0.042454,0.015309, , ,0.010603,0.027000,0.299802, ,0.015391, ,0.575094, ,1.299775, ,0.027681, ,0.036188,0.028741, , ,0.044607, , , ,0.025217, , ,0.057138, , ,0.009757, ,0.023521, , ,0.024578, , , ,0.017476, , ,0.012138,0.187523,0.178965, 
    Number of Spikes per Burst - Avg,12.787879, , ,15.916667,17.000000,5.714286,13.597015, , ,16.022222,13.556962,16.800000, ,14.012658, ,25.555556,10.592593, ,17.283019,13.208333, ,15.960265,4.750000,12.664179,4.285714,14.398601,5.750000,16.958333, , , ,18.172414, ,15.987097,10.461538,7.033333,74.000000, ,7.782609,12.536585,7.666667,15.067901,7.636364,5.250000,6.666667, , , ,13.098901, ,16.373134,4.000000, ,13.236842,5.818182,9.250000, , , ,13.713287,7.230769, , , ,31.000000,9.833333,20.862069, ,22.509091, ,20.040816,21.745763,9.312500,46.474576,4.333333,6.000000,39.909091, ,7.000000,38.590164,12.320755, ,18.731707,19.886792,16.822785, , ,16.409091,8.075000, ,12.416667, , ,9.000000,9.958333,7.222222,8.162791, , , ,9.454545,4.000000, , , ,18.180328,4.000000,21.904255, , , ,4.000000, , ,15.379310,12.028986,15.324138,11.310345,4.000000,20.720588, ,18.081395,15.490566,21.009346, , ,9.718750,11.777778,19.467153,9.754386,18.080292, ,10.969697, ,23.166667,20.762821, ,8.726027, ,5.000000,6.000000,12.687500,6.761905,28.049689, , , ,7.500000, , , , , , , , ,7.500000, , , ,5.250000, , ,7.176471,8.571429, ,12.000000, , ,9.000000,7.561404, ,6.857143,16.579545,10.259740,38.772152,4.000000, ,4.500000,19.500000,7.666667, , , ,14.878505, , ,23.676471,8.250000, ,5.600000,8.750000,15.444444,10.542857, ,9.500000,9.675676,24.211382, ,4.454545,12.903614,6.000000,10.140000, ,11.866667,13.818182, , ,19.000000,12.017094, , , ,19.725000,18.184211, ,6.333333,8.125000,11.722222,6.500000,8.916667,7.952381,13.676259, ,5.500000,19.375000,15.456522, , ,14.757576, , , , , , , , , , , ,12.185841, ,5.957447,14.829268,6.769231, , , , , , ,6.500000, , , ,9.235294, , ,16.511628,5.000000,6.357143, , ,7.333333,15.284615,19.924812,16.651163,14.156863, , , , ,22.709402,19.083333,6.222222,28.063830,12.063830, ,20.408602, ,14.775510,20.197368,14.076923, , , , , ,10.238095,4.000000,8.000000, , ,7.000000,16.350877,13.357143,8.500000,17.026316,18.045455,8.000000, ,23.000000, , , , , , , , , , , , , , , , , , ,9.521739,6.500000,9.444444, ,7.405405, , , , ,5.500000,11.307692,22.902913,13.927835, , ,12.964912, , ,11.500000,9.000000, , , , , , , , , , , ,11.530612, , , ,7.200000,25.000000,5.787234,21.401961, ,9.583333, ,7.313725,53.212121,14.560000,6.000000, , ,19.833333,16.880000, , , ,4.000000,10.038462, , , , , , , , ,11.621849, ,34.923077,10.018868, ,12.340426, ,8.000000, ,6.285714,5.600000,10.948980, ,10.464286, , , ,14.861538,16.920000, , , ,5.800000, ,7.200000, , ,16.650794, , ,6.000000,11.953488,7.842105, ,14.543478,11.636364, ,5.000000,12.434211, ,4.000000, , ,8.653846, ,19.253165, ,22.000000,25.135802, ,8.517241,11.521739,6.815789,32.180723,7.500000,12.901961, ,27.469136, , , , , ,21.508197,10.153846,10.078431, ,17.627273, , ,8.687500,6.800000, , , , , ,15.253333, ,14.949153,4.000000,19.240964, , ,7.225806, , ,5.900000, , , ,6.037037, , ,7.360000, , ,8.642857, ,19.172414,15.621951,23.952381,19.659341,17.169014,17.727273, ,13.164948,5.000000,15.504950, , , ,24.470588, ,4.500000, ,19.813008, ,13.076923,14.403101,7.000000, ,9.878049,10.183908, , , , ,12.984000, ,6.000000, ,12.181034, ,5.000000,8.400000,6.500000,13.848485,16.468750, , ,7.928571,19.064706,20.591954, ,13.157895,23.083333,7.200000,8.333333,21.615385,4.000000,11.083333,15.082192, ,20.182927, , , ,8.942857, ,6.125000,14.615385,11.473684,7.000000, , ,26.977273,11.750000, ,8.350000,6.500000, ,7.090909, ,9.578947, ,22.046512, , , , , , , , , , , , , , , , , , , , , ,18.681319, ,7.450000, , ,8.490909,23.967033, ,9.803922, , ,8.000000, , , , , ,9.791045,5.666667, ,16.680412,6.520000, ,13.400000,14.600000,6.631579, , , , , , ,11.500000, , ,17.589286, , ,7.066667, , ,19.389222,13.276786, , ,12.222222,20.857143,7.000000, ,6.000000,7.888889,21.333333, , , ,7.000000, , ,8.835616, ,21.200000,11.100000,23.077419,21.032468,13.333333,14.976563, ,11.796296,13.727941, ,5.000000,25.392857,12.611111,19.503268, ,4.000000, ,12.409091,13.654867,8.250000, ,11.108108,9.000000,26.711409,6.000000,16.939394,18.888889,14.565217,5.538462, ,7.365854, ,16.644444,16.969231, ,16.344262,6.257143, , ,12.555556,21.152778,7.000000, ,4.333333,7.428571, ,6.500000, ,12.867470,22.255319, ,8.333333,19.055556,10.314815, , ,17.276316,5.600000, ,10.333333, ,10.359375,5.846154,14.309278,5.000000,6.000000,4.000000,9.872727,15.378641,7.000000, ,8.854545,19.090164, ,14.030534, , ,9.750000,10.583333,11.000000,15.170213,6.863636, , ,5.333333,17.532710,9.176471, ,5.727273, ,11.900000, ,8.000000, ,5.181818,5.000000,25.381579,25.311688, , ,20.351351, , , ,9.788462, ,4.000000,6.150000, , ,5.000000, ,21.278689, , ,17.666667, , , ,6.695652, , ,4.960000,7.714286,9.333333, 
    Number of Spikes per Burst - Std,15.604338, , ,5.590888,16.278821,0.825420,6.032889, , ,11.280492,6.905492,15.849290, ,8.860013, ,36.939515,7.454310, ,12.527000,10.186410, ,5.124947,0.957427,7.146106,0.487950,6.448212,0.500000,8.095475, , , ,10.107303, ,13.273833,10.374174,4.342916, , ,5.879959,18.129980,2.081666,12.601452,2.873072,0.500000,0.577350, , , ,9.446992, ,8.889185, , ,13.683077,0.981650,4.713203, , , ,7.420586,3.394943, , , ,13.594905,3.357881,8.562358, ,6.388278, ,10.152913,8.116805,2.494348,21.275983,0.577350,0.632456,16.750094, , ,20.468982,7.799836, ,8.327738,12.207596,11.604331, , ,5.346393,2.494995, ,3.895413, , ,1.000000,2.911434,1.887883,1.785260, , , ,5.663279, , , , ,7.680079, ,15.133150, , , , , , ,24.838642,3.944359,7.540523,2.784134, ,7.898319, ,5.901575,7.495185,7.857811, , ,9.257027,14.558492,5.419262,2.661100,12.462331, ,5.323796, ,10.086736,12.916662, ,1.804780, , ,1.414214,11.472139,1.921061,21.786694, , , ,4.949747, , , , , , , , ,2.229482, , , ,1.258306, , ,3.626901,5.388225, ,4.242641, , ,3.709447,5.398470, ,1.772811,14.209210,5.415384,28.109196, , ,0.707107,13.866026,2.516611, , , ,10.504007, , ,28.623703,3.774917, ,2.073644,2.500000,18.014655,4.735575, ,2.041241,4.096435,13.001420, ,0.687552,6.067937,0.942809,6.123345, ,7.855301,10.543417, , ,18.384776,9.833075, , , ,8.268562,7.107974, ,3.829708,1.857418,6.540472,1.000000,4.832811,5.417344,4.781025, ,0.940540,7.042498,5.841258, , ,7.777800, , , , , , , , , , , ,3.480940, ,0.832948,4.023919,1.783868, , , , , , ,0.577350, , , ,3.052241, , ,5.111440, ,1.499084, , ,1.861899,4.390325,5.618724,5.613392,4.657779, , , , ,15.618877,10.680980,1.481366,8.865553,4.405551, ,8.781449, ,7.266548,10.186291,11.353865, , , , , ,7.347821, ,0.000000, , , ,17.755775,7.712200,3.511885,18.294124,16.765831,4.847680, ,17.705931, , , , , , , , , , , , , , , , , , ,5.316095,1.224745,5.468866, ,1.817499, , , , ,0.577350,3.938843,9.697902,4.576315, , ,4.978399, , ,3.724033,3.070598, , , , , , , , , , , ,10.081133, , , ,1.932184,16.916461,0.805853,7.319119, ,4.624290, ,1.378263,19.801764,17.153758, , , ,7.208250,6.026877, , , ,0.000000,2.956956, , , , , , , , ,3.210131, ,29.161794,7.023287, ,3.894740, ,2.943920, ,1.496026,1.140175,2.459455, ,4.255560, , , ,8.917814,6.225850, , , ,0.836660, ,1.606023, , ,12.227888, , ,2.190890,4.145873,2.409775, ,6.083517,6.665293, ,0.000000,6.356803, , , , ,4.148634, ,8.936339, ,8.284988,8.349780, ,3.366014,3.298074,1.312214,15.617489,1.753304,3.207834, ,12.295412, , , , , ,10.148272,3.996794,3.856647, ,8.231578, , ,4.600272,2.167948, , , , , ,14.339601, ,8.245006, ,7.130475, , ,1.627056, , ,0.967906, , , ,1.055443, , ,2.547548, , ,2.908662, ,5.417901,6.578379,8.337105,8.110651,5.830917,7.022780, ,4.050927,0.000000,5.491127, , , ,6.998350, ,0.707107, ,7.129194, ,3.762689,3.904163,1.882248, ,2.621800,2.399267, , , , ,4.421327, , , ,3.327355, ,0.707107,4.358899,0.707107,3.668485,5.039900, , ,1.384768,4.974663,6.588670, ,5.024190,12.901114,2.097618,2.126925,9.172143, ,4.883646,6.302013, ,9.696796, , , ,2.600259, ,1.310216,7.238659,6.158719,1.414214, , ,13.840434,3.060661, ,4.376804,2.073644, ,1.814086, ,5.315106, ,10.957573, , , , , , , , , , , , , , , , , , , , , ,5.521431, ,3.316228, , ,3.276588,19.343360, ,3.212598, , ,3.464102, , , , , ,3.212369,1.032796, ,9.754856,1.357694, ,11.574665,5.381831,1.706541, , , , , , ,0.707107, , ,19.238009, , ,3.494213, , ,20.274576,7.769436, , ,6.666667,25.937372,1.549193, , ,2.758824,7.339391, , , ,0.000000, , ,6.606003, ,18.937984,10.709809,16.171779,13.449212,6.429101,14.486738, ,2.857493,13.652549, , ,14.655122,8.195043,14.297186, , , ,8.275259,6.931772,1.707825, ,7.148363,2.056883,21.146623,0.000000,14.777101,14.113382,7.057491,0.877058, ,1.933340, ,14.899902,20.069387, ,6.054985,1.010034, , ,8.247796,9.336676,1.414214, ,0.577350,3.101459, ,1.000000, ,2.929127,6.344816, ,4.041452,5.428516,2.081582, , ,6.126660,0.816497, ,9.244818, ,4.785451,0.967153,6.083380, , , ,2.589541,6.581490,0.000000, ,2.641676,5.785425, ,3.549516, , ,2.849626,3.287949, ,5.625668,1.283427, , ,0.516398,5.984757,4.111498, ,1.103713, ,17.004334, ,5.656854, ,0.873863, ,9.372253,8.409362, , ,7.200518, , , ,3.533240, , ,1.460894, , ,0.447214, ,6.552687, , ,5.195470, , , ,1.329210, , ,0.840635,2.733295,6.658328, 
    Mean ISI within Burst - Avg (sec),0.007315, , ,0.005789,0.019113,0.010588,0.005393, , ,0.009099,0.005780,0.019380, ,0.010108, ,0.034664,0.007273, ,0.004788,0.006903, ,0.005137,0.009450,0.005502,0.006295,0.006004,0.009499,0.004234, , , ,0.004628, ,0.004839,0.008385,0.008218,0.034288, ,0.007960,0.006626,0.038019,0.005007,0.013648,0.007594,0.013812, , , ,0.005658, ,0.005530,0.014960, ,0.006918,0.016104,0.027309, , , ,0.005410,0.021745, , , ,0.004946,0.017678,0.006348, ,0.005629, ,0.009341,0.008881,0.008322,0.005649,0.011524,0.019878,0.004182, ,0.206027,0.005695,0.011654, ,0.011631,0.007332,0.008388, , ,0.007541,0.008640, ,0.043505, , ,0.073701,0.022635,0.010454,0.009958, , , ,0.018344,0.033280, , , ,0.005567,0.007813,0.005743, , , ,0.022853, , ,0.011382,0.006614,0.005430,0.006219,0.013147,0.006977, ,0.006344,0.010160,0.005477, , ,0.008524,0.008157,0.006182,0.007395,0.005707, ,0.018045, ,0.004641,0.005021, ,0.008501, ,0.020920,0.029060,0.009887,0.014721,0.004677, , , ,0.015399, , , , , , , , ,0.017349, , , ,0.008888, , ,0.012271,0.016480, ,0.114519, , ,0.020209,0.007448, ,0.017350,0.006819,0.005432,0.006816,0.008800, ,0.012587,0.018552,0.081045, , , ,0.005342, , ,0.012239,0.017381, ,0.009026,0.087021,0.013930,0.008253, ,0.006433,0.007639,0.004977, ,0.007060,0.009129,0.011175,0.005926, ,0.015434,0.032477, , ,0.050626,0.005346, , , ,0.004693,0.004869, ,0.018442,0.008917,0.011384,0.006703,0.021019,0.010735,0.004536, ,0.008432,0.006313,0.005571, , ,0.004724, , , , , , , , , , , ,0.004890, ,0.006686,0.004320,0.005572, , , , , , ,0.026443, , , ,0.015157, , ,0.006096,0.010820,0.011973, , ,0.019603,0.006259,0.005481,0.006128,0.010009, , , , ,0.006384,0.020288,0.016442,0.004062,0.006830, ,0.004832, ,0.005317,0.005651,0.029099, , , , , ,0.027485,0.006907,0.054350, , ,0.144267,0.012241,0.029376,0.055568,0.012610,0.014024,0.024614, ,0.040369, , , , , , , , , , , , , , , , , , ,0.013752,0.008601,0.016206, ,0.008136, , , , ,0.009213,0.006573,0.005380,0.005003, , ,0.007193, , ,0.008864,0.014769, , , , , , , , , , , ,0.009063, , , ,0.023119,0.022313,0.008031,0.004433, ,0.016991, ,0.008298,0.017692,0.012336,0.042304, , ,0.004445,0.005202, , , ,0.009476,0.005804, , , , , , , , ,0.006542, ,0.007160,0.010087, ,0.005728, ,0.011634, ,0.014684,0.019040,0.006638, ,0.015764, , , ,0.015100,0.007565, , , ,0.013989, ,0.010313, , ,0.012116, , ,0.016964,0.007677,0.009268, ,0.008974,0.010202, ,0.038710,0.012430, ,0.013813, , ,0.008937, ,0.006485, ,0.005417,0.004971, ,0.011907,0.007661,0.012059,0.005565,0.014772,0.016281, ,0.004947, , , , , ,0.005138,0.011144,0.005564, ,0.005796, , ,0.008153,0.029746, , , , , ,0.006118, ,0.007880,0.011867,0.005386, , ,0.011135, , ,0.007774, , , ,0.009081, , ,0.014355, , ,0.008070, ,0.005243,0.005931,0.004639,0.005543,0.005237,0.006229, ,0.006008,0.016460,0.004754, , , ,0.004886, ,0.014307, ,0.007014, ,0.005761,0.005892,0.008784, ,0.006173,0.006648, , , , ,0.004706, ,0.024368, ,0.005304, ,0.008096,0.009633,0.031772,0.005491,0.005225, , ,0.010934,0.004785,0.004805, ,0.005856,0.005500,0.016983,0.022188,0.004918,0.017867,0.009127,0.005093, ,0.006079, , , ,0.007323, ,0.008680,0.005857,0.024644,0.010589, , ,0.013649,0.007985, ,0.011370,0.016865, ,0.017392, ,0.006215, ,0.006141, , , , , , , , , , , , , , , , , , , , , ,0.006624, ,0.007012, , ,0.015267,0.006432, ,0.005546, , ,0.029292, , , , , ,0.005425,0.017263, ,0.007395,0.010493, ,0.009413,0.014551,0.008112, , , , , , ,0.129074, , ,0.011196, , ,0.008497, , ,0.006188,0.006896, , ,0.037891,0.021053,0.012965, ,0.016640,0.020851,0.027781, , , ,0.026667, , ,0.007950, ,0.004943,0.007153,0.004484,0.004642,0.035403,0.005083, ,0.007231,0.005864, ,0.034080,0.004355,0.014094,0.004705, ,0.004987, ,0.010869,0.006961,0.039355, ,0.009467,0.009590,0.004489,0.018469,0.005865,0.006408,0.006511,0.006904, ,0.010351, ,0.015426,0.009430, ,0.012388,0.010426, , ,0.018956,0.005599,0.026362, ,0.008022,0.013488, ,0.029073, ,0.005821,0.004584, ,0.062740,0.004383,0.016277, , ,0.005060,0.007227, ,0.018724, ,0.011612,0.009907,0.008146,0.022680,0.051904,0.008827,0.007701,0.006970,0.041453, ,0.006774,0.004500, ,0.006287, , ,0.010828,0.028086,0.100936,0.005979,0.008328, , ,0.007055,0.004944,0.009903, ,0.011176, ,0.011990, ,0.087269, ,0.012724,0.011000,0.004645,0.004546, , ,0.005973, , , ,0.006666, ,0.004533,0.010710, , ,0.008128, ,0.004448, , ,0.004457, , , ,0.007782, , ,0.007367,0.011338,0.016343, 
    Mean ISI within Burst - Std (sec),0.003480, , ,0.003722,0.013968,0.001798,0.003300, , ,0.007312,0.003370,0.016390, ,0.006155, ,0.029282,0.003470, ,0.002046,0.003706, ,0.002339,0.006653,0.003170,0.001858,0.003022,0.001728,0.002129, , , ,0.002441, ,0.002719,0.007444,0.010022, , ,0.009527,0.002821,0.032681,0.002562,0.002185,0.001266,0.002736, , , ,0.002893, ,0.003498, , ,0.003063,0.004872,0.030851, , , ,0.002252,0.030245, , , ,0.000917,0.005137,0.001991, ,0.001280, ,0.003193,0.006239,0.002505,0.002415,0.005321,0.009952,0.000674, , ,0.002280,0.008306, ,0.003871,0.003274,0.003989, , ,0.006339,0.003347, ,0.009055, , ,0.004426,0.009624,0.001983,0.008103, , , ,0.004887, , , , ,0.001671, ,0.003817, , , , , , ,0.008082,0.001888,0.002914,0.002416, ,0.001822, ,0.001215,0.002233,0.003263, , ,0.003959,0.005378,0.002441,0.002122,0.002798, ,0.019185, ,0.001839,0.002062, ,0.003321, , ,0.001386,0.005913,0.010702,0.001616, , , ,0.001450, , , , , , , , ,0.010412, , , ,0.003710, , ,0.010774,0.007330, ,0.063768, , ,0.011297,0.005665, ,0.005363,0.003063,0.003132,0.002107, , ,0.005732,0.005396,0.063801, , , ,0.002250, , ,0.007041,0.014806, ,0.003239,0.038059,0.002157,0.003366, ,0.001376,0.002076,0.001329, ,0.002155,0.003620,0.002252,0.002379, ,0.005171,0.024920, , ,0.009184,0.002512, , , ,0.002114,0.001914, ,0.019542,0.002784,0.003415,0.000389,0.024011,0.011089,0.002137, ,0.002610,0.001098,0.001626, , ,0.001237, , , , , , , , , , , ,0.002166, ,0.001851,0.001416,0.001908, , , , , , ,0.006431, , , ,0.006030, , ,0.002966, ,0.007381, , ,0.004122,0.002488,0.002753,0.003640,0.002794, , , , ,0.003489,0.005564,0.014819,0.001487,0.002115, ,0.002540, ,0.001747,0.002597,0.017425, , , , , ,0.022334, ,0.012914, , , ,0.007634,0.015249,0.046257,0.006362,0.006429,0.023522, ,0.010255, , , , , , , , , , , , , , , , , , ,0.003179,0.003007,0.009230, ,0.002093, , , , ,0.003216,0.003190,0.002598,0.002469, , ,0.002532, , ,0.003193,0.006987, , , , , , , , , , , ,0.002927, , , ,0.008540,0.009532,0.001835,0.002225, ,0.010115, ,0.002178,0.003748,0.009895, , , ,0.002148,0.002152, , , ,0.001883,0.001621, , , , , , , , ,0.002851, ,0.002437,0.004530, ,0.002158, ,0.003076, ,0.007070,0.005543,0.002468, ,0.003860, , , ,0.005380,0.005807, , , ,0.005770, ,0.004520, , ,0.004817, , ,0.007717,0.003437,0.001741, ,0.003082,0.006215, ,0.003267,0.007062, , , , ,0.005494, ,0.003508, ,0.003194,0.002323, ,0.009643,0.002224,0.004580,0.003322,0.005568,0.005216, ,0.002331, , , , , ,0.001821,0.002330,0.001916, ,0.002460, , ,0.001657,0.026626, , , , , ,0.003481, ,0.005157, ,0.002448, , ,0.003335, , ,0.001882, , , ,0.003773, , ,0.009809, , ,0.001913, ,0.001026,0.002255,0.001652,0.001726,0.001612,0.003676, ,0.002722,0.000622,0.001740, , , ,0.002548, ,0.008730, ,0.003014, ,0.003086,0.003108,0.010227, ,0.001522,0.004762, , , , ,0.001629, , , ,0.002119, ,0.003022,0.003965,0.003660,0.002127,0.002283, , ,0.002502,0.001919,0.002026, ,0.001541,0.001879,0.006574,0.008145,0.001944, ,0.002966,0.002776, ,0.002716, , , ,0.002131, ,0.002384,0.001089,0.018578,0.002256, , ,0.004873,0.002512, ,0.006201,0.006656, ,0.006387, ,0.001562, ,0.002769, , , , , , , , , , , , , , , , , , , , , ,0.003414, ,0.001860, , ,0.016465,0.003509, ,0.001310, , ,0.024800, , , , , ,0.001825,0.008674, ,0.004625,0.005068, ,0.003285,0.004190,0.002117, , , , , , ,0.021171, , ,0.009530, , ,0.006388, , ,0.002584,0.003657, , ,0.016131,0.021005,0.004545, , ,0.009672,0.009510, , , ,0.000792, , ,0.003487, ,0.001584,0.005041,0.001684,0.002478,0.016585,0.002063, ,0.002023,0.002126, , ,0.001586,0.005765,0.002386, , , ,0.004367,0.003464,0.015849, ,0.004092,0.005387,0.001719,0.001675,0.002188,0.003213,0.002790,0.002001, ,0.004853, ,0.006291,0.004664, ,0.010422,0.004291, , ,0.011639,0.003039,0.011435, ,0.003012,0.002695, ,0.011441, ,0.002121,0.001381, ,0.081307,0.001450,0.004388, , ,0.001785,0.004010, ,0.023839, ,0.010562,0.002577,0.004639, , , ,0.002014,0.003738,0.015556, ,0.002170,0.001940, ,0.003481, , ,0.003174,0.013386, ,0.002989,0.002215, , ,0.002054,0.001979,0.012855, ,0.001992, ,0.008455, ,0.115158, ,0.004888, ,0.001725,0.001566, , ,0.002499, , , ,0.002112, , ,0.006364, , ,0.002256, ,0.002173, , ,0.002037, , , ,0.002892, , ,0.001869,0.012923,0.005860, 
    Median ISI within Burst - Avg (sec),0.005194, , ,0.004178,0.011544,0.009997,0.004117, , ,0.007373,0.004479,0.012856, ,0.006508, ,0.015929,0.006217, ,0.003452,0.004593, ,0.003716,0.009380,0.003857,0.005051,0.004287,0.006250,0.003176, , , ,0.003741, ,0.003311,0.006483,0.006443,0.022400, ,0.005827,0.005213,0.018787,0.003516,0.012698,0.007540,0.008720, , , ,0.004511, ,0.003460,0.008800, ,0.004952,0.014676,0.012280, , , ,0.004152,0.013194, , , ,0.003568,0.012268,0.004606, ,0.003943, ,0.006616,0.005929,0.006546,0.003658,0.009640,0.017407,0.003111, ,0.172600,0.003824,0.007708, ,0.008940,0.005799,0.006144, , ,0.005035,0.006616, ,0.025140, , ,0.050200,0.016008,0.009156,0.008198, , , ,0.016975,0.035040, , , ,0.004290,0.008240,0.003696, , , ,0.024560, , ,0.009939,0.004797,0.003684,0.004744,0.010560,0.005264, ,0.004948,0.007702,0.003841, , ,0.005875,0.005137,0.004529,0.006146,0.003973, ,0.012495, ,0.003430,0.003631, ,0.006945, ,0.022120,0.018660,0.005161,0.011667,0.003137, , , ,0.010560, , , , , , , , ,0.013227, , , ,0.007030, , ,0.008642,0.010814, ,0.062300, , ,0.012262,0.005953, ,0.015571,0.004329,0.004089,0.005256,0.008560, ,0.011400,0.016888,0.021760, , , ,0.003759, , ,0.008502,0.009370, ,0.007488,0.073630,0.010236,0.005558, ,0.005951,0.006822,0.003788, ,0.006473,0.006260,0.009981,0.004725, ,0.013024,0.023498, , ,0.024520,0.003718, , , ,0.003522,0.003715, ,0.007013,0.007525,0.009488,0.006780,0.011817,0.007855,0.003429, ,0.007080,0.005166,0.004151, , ,0.003685, , , , , , , , , , , ,0.003743, ,0.005593,0.003378,0.005084, , , , , , ,0.020740, , , ,0.011287, , ,0.004129,0.011280,0.008486, , ,0.018820,0.004541,0.004227,0.004087,0.008416, , , , ,0.003954,0.018300,0.009804,0.003305,0.005407, ,0.003488, ,0.004256,0.004267,0.021458, , , , , ,0.014981,0.007280,0.047227, , ,0.076960,0.009025,0.020091,0.021400,0.009814,0.010864,0.013751, ,0.027024, , , , , , , , , , , , , , , , , , ,0.011769,0.007393,0.013256, ,0.006982, , , , ,0.008750,0.004873,0.003856,0.003542, , ,0.005982, , ,0.005899,0.010621, , , , , , , , , , , ,0.006765, , , ,0.019316,0.016452,0.006890,0.003429, ,0.011515, ,0.007214,0.007873,0.007544,0.028160, , ,0.003413,0.003759, , , ,0.010160,0.004728, , , , , , , , ,0.004745, ,0.005305,0.007915, ,0.003980, ,0.011310, ,0.013257,0.014112,0.005099, ,0.013059, , , ,0.009050,0.004958, , , ,0.011008, ,0.008356, , ,0.008201, , ,0.013653,0.005424,0.008476, ,0.007226,0.008396, ,0.030800,0.008273, ,0.011200, , ,0.006672, ,0.004591, ,0.003852,0.003621, ,0.008458,0.006611,0.009134,0.003924,0.011783,0.013573, ,0.003680, , , , , ,0.003732,0.008618,0.004407, ,0.003740, , ,0.006870,0.012888, , , , , ,0.003993, ,0.005719,0.008480,0.003973, , ,0.009252, , ,0.007180, , , ,0.006819, , ,0.007610, , ,0.007799, ,0.003859,0.004396,0.003394,0.004253,0.003973,0.004197, ,0.004480,0.016220,0.003455, , , ,0.003500, ,0.012560, ,0.005989, ,0.004354,0.004207,0.006143, ,0.004701,0.005079, , , , ,0.003628, ,0.019200, ,0.003933, ,0.006072,0.008966,0.016760,0.004312,0.004068, , ,0.010391,0.003674,0.003410, ,0.004481,0.004201,0.012812,0.017085,0.003821,0.010080,0.008160,0.003908, ,0.004797, , , ,0.005913, ,0.007420,0.004798,0.015242,0.008800, , ,0.011115,0.005666, ,0.007738,0.012287, ,0.014727, ,0.005005, ,0.004537, , , , , , , , , , , , , , , , , , , , , ,0.004298, ,0.005924, , ,0.009045,0.004468, ,0.004449, , ,0.030773, , , , , ,0.004381,0.017493, ,0.005069,0.006995, ,0.007615,0.012560,0.006531, , , , , , ,0.058340, , ,0.007365, , ,0.006035, , ,0.004194,0.004209, , ,0.031316,0.013514,0.010567, ,0.013680,0.017844,0.019867, , , ,0.026600, , ,0.006634, ,0.003530,0.004349,0.003301,0.003403,0.026933,0.003549, ,0.006128,0.004398, ,0.025320,0.003349,0.011764,0.003494, ,0.005200, ,0.009305,0.004902,0.035160, ,0.007850,0.007719,0.003426,0.009360,0.004302,0.004353,0.004784,0.005942, ,0.008732, ,0.012732,0.006951, ,0.008207,0.008520, , ,0.013258,0.003769,0.021537, ,0.006453,0.012440, ,0.025720, ,0.004527,0.003235, ,0.026627,0.003385,0.012387, , ,0.003800,0.006674, ,0.010293, ,0.007721,0.008646,0.005691,0.022120,0.021840,0.009040,0.006248,0.004675,0.041840, ,0.005904,0.003354, ,0.005139, , ,0.008586,0.019787,0.094640,0.004418,0.007444, , ,0.005753,0.003659,0.008155, ,0.009647, ,0.010674, ,0.019360, ,0.010691,0.010720,0.003489,0.003599, , ,0.004495, , , ,0.005245, ,0.004400,0.007732, , ,0.007309, ,0.003653, , ,0.003642, , , ,0.006586, , ,0.007002,0.007436,0.014840, 
    Median ISI within Burst - Std (sec),0.001678, , ,0.001926,0.006643,0.001921,0.002199, , ,0.005194,0.002119,0.008786, ,0.003366, ,0.006525,0.002801, ,0.000928,0.001822, ,0.001142,0.006237,0.001420,0.001546,0.001390,0.000830,0.000800, , , ,0.001939, ,0.000787,0.003681,0.005208, , ,0.003576,0.002001,0.004225,0.000896,0.002383,0.001679,0.001992, , , ,0.002029, ,0.001359, , ,0.001725,0.004702,0.007410, , , ,0.001346,0.012188, , , ,0.000573,0.004239,0.001362, ,0.000677, ,0.002162,0.003899,0.002331,0.001712,0.004996,0.010151,0.000214, , ,0.000931,0.002360, ,0.003521,0.002520,0.002129, , ,0.003412,0.002232, ,0.006736, , ,0.028962,0.004722,0.002756,0.001713, , , ,0.003854, , , , ,0.001261, ,0.000996, , , , , , ,0.006839,0.001443,0.001443,0.001743, ,0.001713, ,0.001101,0.001899,0.001946, , ,0.002795,0.001817,0.001666,0.001865,0.001304, ,0.012090, ,0.001188,0.000871, ,0.002820, , ,0.019431,0.002062,0.005358,0.000260, , , ,0.008146, , , , , , , , ,0.003647, , , ,0.004803, , ,0.002371,0.004346, ,0.024409, , ,0.004417,0.002624, ,0.006095,0.001466,0.001234,0.001348, , ,0.002659,0.004932,0.012223, , , ,0.000869, , ,0.004735,0.002184, ,0.003818,0.037605,0.001493,0.002021, ,0.001243,0.002202,0.001060, ,0.002672,0.003221,0.002216,0.001535, ,0.004977,0.015590, , ,0.006392,0.000965, , , ,0.001041,0.001339, ,0.001468,0.002092,0.003221,0.000628,0.004776,0.004610,0.001221, ,0.001885,0.000919,0.001062, , ,0.001029, , , , , , , , , , , ,0.001387, ,0.001239,0.001068,0.001799, , , , , , ,0.003748, , , ,0.002508, , ,0.001136, ,0.002822, , ,0.003738,0.001525,0.002052,0.001614,0.001970, , , , ,0.002186,0.005784,0.005638,0.001242,0.001569, ,0.001270, ,0.001483,0.001985,0.014424, , , , , ,0.011430, ,0.022002, , , ,0.005262,0.012916,0.013354,0.003119,0.004867,0.008916, ,0.010743, , , , , , , , , , , , , , , , , , ,0.003362,0.002853,0.005583, ,0.001926, , , , ,0.003581,0.002124,0.001207,0.000904, , ,0.001622, , ,0.002016,0.004864, , , , , , , , , , , ,0.002518, , , ,0.006973,0.008147,0.001226,0.001274, ,0.005346, ,0.001736,0.003042,0.007201, , , ,0.001205,0.001287, , , ,0.003363,0.001387, , , , , , , , ,0.001425, ,0.001945,0.002825, ,0.000874, ,0.003177, ,0.006489,0.003975,0.001758, ,0.003762, , , ,0.004511,0.002564, , , ,0.002191, ,0.003386, , ,0.002747, , ,0.007812,0.001222,0.001947, ,0.002454,0.005168, ,0.006901,0.004235, , , , ,0.003279, ,0.001224, ,0.002043,0.001305, ,0.003217,0.002310,0.003307,0.001839,0.004525,0.004918, ,0.001371, , , , , ,0.000947,0.001610,0.001259, ,0.000963, , ,0.001600,0.007744, , , , , ,0.001354, ,0.002483, ,0.001342, , ,0.003491, , ,0.001824, , , ,0.002267, , ,0.001900, , ,0.002256, ,0.000931,0.001517,0.000905,0.001314,0.001079,0.001607, ,0.001947,0.000764,0.000830, , , ,0.001036, ,0.009277, ,0.002625, ,0.002198,0.001402,0.003201, ,0.001142,0.001986, , , , ,0.001289, , , ,0.001393, ,0.000541,0.004624,0.000509,0.001507,0.001508, , ,0.002844,0.001096,0.000785, ,0.001411,0.001481,0.005357,0.003904,0.001434, ,0.002747,0.001839, ,0.002308, , , ,0.001904, ,0.002242,0.001039,0.009744,0.002836, , ,0.004795,0.001490, ,0.003494,0.003856, ,0.006601, ,0.001645, ,0.001930, , , , , , , , , , , , , , , , , , , , , ,0.001673, ,0.001535, , ,0.006988,0.001985, ,0.001079, , ,0.026983, , , , , ,0.001776,0.011002, ,0.002835,0.003634, ,0.002705,0.004241,0.001536, , , , , , ,0.027973, , ,0.008051, , ,0.002835, , ,0.001249,0.001199, , ,0.012090,0.011619,0.004582, , ,0.010779,0.006361, , , ,0.003111, , ,0.002077, ,0.000879,0.001602,0.000772,0.001013,0.011663,0.000856, ,0.001932,0.001540, , ,0.000863,0.002470,0.001413, , , ,0.003077,0.001809,0.016764, ,0.003731,0.003247,0.000981,0.001886,0.001699,0.001496,0.001953,0.002275, ,0.003197, ,0.004418,0.003663, ,0.005353,0.003314, , ,0.006664,0.001576,0.009822, ,0.001842,0.003907, ,0.007372, ,0.001235,0.000684, ,0.027208,0.000769,0.002768, , ,0.001463,0.001543, ,0.010767, ,0.004192,0.001895,0.002692, , , ,0.001955,0.002198,0.015047, ,0.002454,0.001074, ,0.002083, , ,0.001602,0.005450, ,0.001880,0.001467, , ,0.000803,0.001254,0.012539, ,0.002856, ,0.006799, ,0.019686, ,0.003440, ,0.001102,0.001312, , ,0.001718, , , ,0.001905, , ,0.002453, , ,0.002073, ,0.002193, , ,0.001694, , , ,0.002195, , ,0.001589,0.005277,0.005275, 
    Median/Mean ISI within Burst,0.761886, , ,0.785335,0.755385,0.944370,0.798166, , ,0.849851,0.802984,0.727183, ,0.693341, ,0.618982,0.873422, ,0.770227,0.726895, ,0.766219,1.007803,0.774029,0.828309,0.763306,0.684259,0.809343, , , ,0.837453, ,0.769157,0.851668,0.858871,0.653286, ,0.842279,0.816359,0.730201,0.769063,0.931237,0.990669,0.651514, , , ,0.814715, ,0.714132,0.588235, ,0.758616,0.930624,0.650089, , , ,0.792772,0.802782, , , ,0.731546,0.701996,0.743688, ,0.717172, ,0.740335,0.688549,0.789640,0.668590,0.854928,0.862894,0.756580, ,0.837756,0.705190,0.750349, ,0.788311,0.813093,0.776385, , ,0.728293,0.797805, ,0.577218, , ,0.670436,0.763696,0.865516,0.914003, , , ,0.935386,1.052885, , , ,0.779669,1.054608,0.736808, , , ,1.074679, , ,0.885534,0.744217,0.732109,0.784206,0.803245,0.755908, ,0.783240,0.765962,0.741962, , ,0.705232,0.735386,0.749519,0.838644,0.747246, ,0.770581, ,0.770884,0.769346, ,0.835559, ,1.057361,0.626888,0.623239,0.855699,0.723954, , , ,0.663810, , , , , , , , ,0.846378, , , ,0.772068, , ,0.839253,0.693394, ,0.573595, , ,0.672217,0.871677, ,0.905729,0.687550,0.811174,0.791527,0.972727, ,0.956851,0.918446,0.473947, , , ,0.754763, , ,0.732514,0.759219, ,0.807665,0.841027,0.745111,0.704525, ,0.929298,0.895442,0.769871, ,0.898954,0.692286,0.904303,0.834480, ,0.853424,0.767577, , ,0.480797,0.754144, , , ,0.792411,0.781584, ,0.678879,0.866674,0.841622,1.010679,0.825879,0.844364,0.797495, ,0.870910,0.822064,0.765778, , ,0.790897, , , , , , , , , , , ,0.793815, ,0.857921,0.802256,0.920768, , , , , , ,0.809552, , , ,0.808977, , ,0.730450,1.042514,0.827095, , ,0.967667,0.750220,0.788159,0.731341,0.859398, , , , ,0.666613,0.900206,0.709290,0.825756,0.810625, ,0.765131, ,0.807442,0.762161,0.750627, , , , , ,0.653960,1.054054,0.843014, , ,0.533457,0.768541,0.702092,0.511217,0.832645,0.800570,0.703905, ,0.675709, , , , , , , , , , , , , , , , , , ,0.858623,0.859327,0.872621, ,0.873771, , , , ,0.932594,0.769532,0.748311,0.755139, , ,0.853830, , ,0.695897,0.748400, , , , , , , , , , , ,0.756864, , , ,0.842123,0.714328,0.874959,0.807960, ,0.719579, ,0.886197,0.451599,0.647391,0.665658, , ,0.803809,0.750382, , , ,1.053877,0.822399, , , , , , , , ,0.766772, ,0.745465,0.822315, ,0.732223, ,0.969632, ,0.930716,0.759070,0.785397, ,0.833310, , , ,0.602337,0.757179, , , ,0.852959, ,0.829048, , ,0.707706, , ,0.816916,0.769728,0.914360, ,0.823526,0.840373, ,0.806053,0.731822, ,0.810811, , ,0.807454, ,0.760848, ,0.741950,0.757625, ,0.795078,0.868486,0.785037,0.741909,0.823178,0.840003, ,0.769544, , , , , ,0.750796,0.789617,0.814231, ,0.697387, , ,0.844801,0.603836, , , , , ,0.720833, ,0.770441,0.714607,0.772148, , ,0.843320, , ,0.931448, , , ,0.800325, , ,0.684244, , ,0.960198, ,0.739845,0.756882,0.762555,0.775734,0.770555,0.731303, ,0.775901,0.987001,0.757587, , , ,0.768082, ,0.835649, ,0.859539, ,0.777204,0.761791,0.865079, ,0.779316,0.819626, , , , ,0.786890, ,0.787919, ,0.774832, ,0.815621,0.917791,0.531961,0.805538,0.802152, , ,0.951935,0.798432,0.762400, ,0.776798,0.771910,0.751406,0.823164,0.793699,0.564179,0.901936,0.790893, ,0.787861, , , ,0.813256, ,0.856552,0.822342,0.724571,0.841725, , ,0.805075,0.731793, ,0.750805,0.783399, ,0.858914, ,0.805315, ,0.754104, , , , , , , , , , , , , , , , , , , , , ,0.702514, ,0.861901, , ,0.736054,0.746650, ,0.814696, , ,1.036747, , , , , ,0.814852,0.993287, ,0.717031,0.717503, ,0.824986,0.866202,0.830700, , , , , , ,0.476168, , ,0.661769, , ,0.797529, , ,0.721685,0.666458, , ,0.846699,0.718116,0.817976, ,0.822115,0.824274,0.741439, , , ,0.999673, , ,0.860677, ,0.743600,0.696094,0.770815,0.783003,0.781533,0.739402, ,0.848683,0.768542, ,0.742958,0.797114,0.869630,0.781034, ,1.042781, ,0.875951,0.742049,0.885043, ,0.827853,0.835408,0.795646,0.514099,0.751620,0.730080,0.752055,0.858257, ,0.877922, ,0.851543,0.757496, ,0.705753,0.843955, , ,0.781210,0.721318,0.837238, ,0.827014,0.924021, ,0.912251, ,0.807457,0.729094, ,0.591249,0.800636,0.784793, , ,0.760740,0.975540, ,0.635871, ,0.826308,0.890919,0.741973,0.975309,0.420777,1.024169,0.812755,0.713244,1.012513, ,0.870892,0.771646, ,0.849560, , ,0.820516,0.761347,0.937624,0.761530,0.912820, , ,0.858122,0.764044,0.805515, ,0.858110, ,0.916982, ,0.564391, ,0.881142,0.974545,0.766274,0.796940, , ,0.762560, , , ,0.798149, ,0.970588,0.806227, , ,0.913682, ,0.812610, , ,0.828084, , , ,0.865362, , ,0.957390,0.788436,0.918541, 
    Inter-Burst Interval - Avg (sec),6.064976, , ,7.161406,98.730660,42.211249,9.006278, , ,13.509364,7.688205,98.754760, ,7.621427, ,66.332010,11.023650, ,3.757577,4.989039, ,3.958094,36.286587,4.464034,81.794480,4.181077,165.230933,4.151867, , , ,4.122992, ,3.835275,15.432244,18.978897, , ,11.756702,7.239148,93.754040,3.696167,49.124088,18.965147,190.407040, , , ,6.574644, ,4.451522, , ,5.239540,55.742040,82.832754, , , ,4.194319,43.162620, , , ,10.585669,25.772320,10.399312, ,10.977533, ,12.348810,10.219695,19.121326,10.219760,201.315680,108.854976,10.977160, , ,9.878965,11.176140, ,14.528586,11.175991,7.450933, , ,8.940644,14.902646, ,50.205396, , ,246.918720,24.011343,21.694477,13.919964, , , ,51.370800, , , , ,9.844696, ,6.390857, , , , , , ,20.594057,8.479922,4.109879,6.852070, ,8.727146, ,6.879532,11.088731,5.582485, , ,18.298454,11.033073,4.384751,10.557533,4.384083, ,17.830890, ,3.703232,3.846584, ,8.158700, , ,316.206000,7.462057,28.765768,3.726478, , , ,254.772800, , , , , , , , ,35.106249, , , ,130.946720, , ,35.183540,43.745231, ,221.552080, , ,23.080707,9.822737, ,54.369373,6.827425,7.736021,7.615130, , ,40.975920,38.690011,64.175240, , , ,5.608226, , ,18.014873,105.763280, ,75.650880,131.323680,61.971350,8.531260, ,27.769390,15.869567,4.825089, ,55.053728,7.236540,30.709644,5.945657, ,20.109901,46.584936, , ,12.867120,5.123680, , , ,4.985835,5.288443, ,87.459360,37.387829,15.177598,103.788160,50.981164,26.348336,4.299271, ,41.792277,18.158434,13.020482, , ,9.013770, , , , , , , , , , , ,5.259577, ,12.474930,4.868166,13.980796, , , , , , ,191.941707, , , ,31.472535, , ,4.663911, ,43.128068, , ,94.190800,4.627095,4.522038,4.663406,11.770459, , , , ,5.159794,47.899542,59.350170,6.435644,12.391143, ,6.408977, ,12.081038,7.861759,40.273907, , , , , ,25.189396, ,201.215560, , , ,10.500100,36.298191,101.298000,15.594162,24.288766,59.716450, ,80.954840, , , , , , , , , , , , , , , , , , ,25.615724,20.293708,27.333609, ,15.833811, , , , ,158.377333,7.729706,5.837115,6.201694, , ,10.402899, , ,10.404887,20.318194, , , , , , , , , , , ,12.097165, , , ,62.495876,40.799493,12.926489,5.887388, ,24.455503, ,11.492536,17.725078,12.137711, , , ,7.651867,7.961946, , , ,231.641920,11.344681, , , , , , , , ,5.066735, ,48.189767,11.244605, ,4.271950, ,129.703067, ,88.001707,141.643720,6.066944, ,21.991440, , , ,9.114849,5.973141, , , ,139.278860, ,17.961870, , ,9.468445, , ,84.828752,13.063453,31.636129, ,13.248192,18.510515, ,294.481200,7.948854, , , , ,11.517802, ,7.642702, ,7.643001,7.398576, ,20.077980,12.881614,15.836921,7.218099,20.768942,11.837619, ,7.398474, , , , , ,9.558741,40.671567,11.870509, ,5.445622, , ,38.293307,91.906880, , , , , ,8.020759, ,10.233745, ,7.187308, , ,19.645581, , ,31.019684, , , ,22.183517, , ,23.138240, , ,21.928753, ,6.964143,7.309612,5.757787,6.578790,8.458393,5.493439, ,6.237707,42.701120,5.987754, , , ,4.439001, ,439.718160, ,4.912011, ,5.166012,4.681644,8.560813, ,7.398111,6.968008, , , , ,4.754625, , , ,5.126699, ,103.341500,24.212010,538.172240,4.500438,4.664975, , ,27.661255,3.505712,3.426117, ,10.506466,7.137104,60.105600,38.636326,6.582379, ,16.180615,8.170162, ,7.313612, , , ,16.516845, ,35.249637,11.649200,31.418591,34.292760, , ,13.484454,11.369075, ,15.234570,69.232368, ,57.980912, ,15.670417, ,6.976304, , , , , , , , , , , , , , , , , , , , , ,6.605226, ,29.828619, , ,10.864791,6.603514, ,11.732098, , ,130.422920, , , , , ,8.798332,83.433696, ,6.204042,22.292293, ,9.941661,14.255165,29.723360, , , , , , ,165.599520, , ,10.867692, , ,40.124486, , ,3.599928,5.371987, , ,62.204660,37.249108,109.568112, , ,70.119400,67.200656, , , ,27.969040, , ,8.209232, ,4.143741,8.076631,3.837905,3.862888,177.677080,4.698329, ,11.050115,4.420078, , ,4.272644,16.500235,3.925411, , , ,12.853844,5.309706,83.754533, ,15.949702,11.145445,4.036931,175.155880,4.539382,4.779707,8.744726,43.533007, ,14.365464, ,13.346313,9.175441, ,9.787479,17.057661, , ,34.544701,8.271184,39.897825, ,148.178600,90.212333, ,79.710720, ,7.297820,6.434293, ,81.802000,6.724099,11.141283, , ,7.979292,24.022027, ,84.292592, ,9.499388,23.243834,6.227133, , , ,11.070147,5.860963,203.330960, ,10.736513,4.940436, ,4.597940, , ,19.946999,54.054669, ,6.393500,27.994842, , ,93.577920,5.609266,36.745410, ,58.791840, ,29.645158, ,516.552000, ,50.769168, ,7.913075,7.808955, , ,8.129717, , , ,11.635870, , ,28.673192, , ,52.797496, ,9.659024, , ,12.330865, , , ,24.230655, , ,22.210747,20.722676,95.328640, 
    Inter-Burst Interval - Std (sec),3.854081, , ,4.506131,64.885352,42.888618,4.756246, , ,9.673571,4.671130,91.608197, ,3.919381, ,119.831552,9.047383, ,1.493358,2.302493, ,1.623435,2.173868,1.931640,55.178990,1.762896,54.811258,1.760720, , , ,1.742892, ,1.851957,9.670761,11.158521, , ,8.194917,4.504660,77.070170,1.749697,40.748811,6.200346,75.848912, , , ,3.645073, ,1.994824, , ,2.576207,43.135801,35.546743, , , ,1.976864,42.739900, , , ,4.919623,15.476204,4.897488, ,5.294283, ,6.349570,4.895033,10.141508,4.891881,6.544188,86.845462,5.292276, , ,4.737924,4.930888, ,6.700817,4.995990,3.555317, , ,3.534208,7.061756, ,19.028611, , ,284.800323,14.331800,12.255622,6.482943, , , ,34.561219, , , , ,5.427576, ,3.016398, , , , , , ,13.197392,5.105332,1.904403,3.024416, ,4.457572, ,2.994262,5.929316,2.491632, , ,17.875139,9.173865,1.718398,9.453136,1.862676, ,16.202732, ,1.404600,1.485004, ,5.598915, , , ,5.989333,33.108747,1.585091, , , , , , , , , , , , ,29.965350, , , ,174.602113, , ,22.932760,35.926133, , , , ,20.119476,6.640365, ,63.080555,3.181741,4.454241,4.360701, , , ,26.687457,5.387418, , , ,3.148958, , ,10.396536,109.696807, ,53.982376,100.657507,42.190180,4.146639, ,17.055899,9.216167,2.336987, ,62.734985,4.080145,22.472773,3.480462, ,13.968767,31.396424, , , ,2.278549, , , ,2.691912,2.865822, ,54.400620,29.554208,13.415436,98.755956,50.017822,24.539907,2.491400, ,49.912855,8.912208,6.765791, , ,3.892398, , , , , , , , , , , ,2.499473, ,9.925058,2.211210,8.212225, , , , , , ,74.957044, , , ,24.215483, , ,2.654476, ,32.770474, , ,100.230341,2.230338,2.047609,2.130465,6.622294, , , , ,1.838902,31.295609,32.327890,2.966424,5.585891, ,2.992825, ,4.790029,4.118098,50.807242, , , , , ,15.800806, ,5.900269, , , ,6.838451,24.302534,84.084526,9.543956,18.129547,42.059436, ,46.031977, , , , , , , , , , , , , , , , , , ,17.065727,18.815190,14.008419, ,10.954578, , , , ,133.396979,3.563048,2.275700,2.473778, , ,5.164294, , ,5.692851,11.954183, , , , , , , , , , , ,7.172644, , , ,39.662523,39.489474,7.740373,3.146785, ,22.110176, ,6.924967,8.950559,9.752137, , , ,3.592238,3.303790, , , ,43.946856,5.085092, , , , , , , , ,2.816913, ,51.197361,9.551317, ,1.868002, ,89.892649, ,24.277453,145.262329,3.779826, ,18.069267, , , ,10.986596,2.305111, , , ,61.582032, ,13.382115, , ,4.584556, , ,58.518530,7.842561,18.629044, ,9.449127,16.378666, , ,5.885760, , , , ,7.528393, ,3.818459, ,3.968004,3.462148, ,11.397613,7.664583,15.575537,2.701545,13.477697,8.153625, ,2.945259, , , , , ,5.921145,22.193408,9.678216, ,1.862046, , ,27.735926,59.229848, , , , , ,4.236608, ,6.123810, ,3.109396, , ,13.682367, , ,20.683407, , , ,17.542560, , ,36.043690, , ,14.923460, ,3.059778,3.927728,2.147789,2.835062,4.033765,1.887260, ,2.641436, ,2.382147, , , ,1.451568, , , ,1.961222, ,2.143564,1.730663,6.137339, ,3.984722,4.612131, , , , ,2.536301, , , ,2.487608, ,56.695501,19.879233, ,2.159821,2.292168, , ,26.439680,1.300182,1.416951, ,7.104145,3.165746,40.087109,23.117879,2.384451, ,10.349596,4.881815, ,3.436210, , , ,8.968735, ,29.111697,6.761010,20.077794,23.510133, , ,6.883282,5.567761, ,10.909490,18.519859, ,38.820689, ,10.527121, ,2.848477, , , , , , , , , , , , , , , , , , , , , ,2.814018, ,23.591154, , ,5.662322,3.045009, ,6.182690, , ,142.137344, , , , , ,4.141001,70.675066, ,3.255833,12.858051, ,8.096199,9.181428,15.936761, , , , , , , , , ,7.135893, , ,25.561593, , ,1.774930,3.439429, , ,39.790611,31.354359,68.612484, , ,41.035636,24.595768, , , , , , ,5.239508, ,1.860247,5.174274,1.796343,1.704731,108.395001,2.033744, ,7.214445,2.046035, , ,1.904904,16.087886,1.794193, , , ,9.101544,2.275037,41.158593, ,12.269843,7.640858,1.732267,214.912887,1.962183,2.080264,6.862650,32.935309, ,11.580984, ,6.075451,5.587246, ,5.285513,11.627641, , ,21.443789,4.354235,27.952912, ,5.942808,53.265555, ,60.666936, ,2.933626,2.382519, ,103.619654,2.488582,5.696021, , ,3.122608,17.783711, ,58.623655, ,4.935582,23.682856,3.998806, , , ,6.666523,2.966575, , ,6.352576,2.010518, ,1.676124, , ,12.347667,70.449097, ,3.446908,22.219855, , ,44.263669,2.618590,38.552141, ,37.971885, ,23.763722, , , ,37.413355, ,2.859345,3.224023, , ,3.150020, , , ,4.951198, , ,23.900855, , ,34.796670, ,5.122632, , ,6.050252, , , ,14.243074, , ,16.495224,9.946383,114.362133, 
    Burst Frequency (Hz),0.165000, , ,0.140000,0.008333,0.023333,0.111667, , ,0.075000,0.131667,0.008333, ,0.131667, ,0.015000,0.090000, ,0.265000,0.200000, ,0.251667,0.006667,0.223333,0.011667,0.238333,0.006667,0.240000, , , ,0.241667, ,0.258333,0.065000,0.050000,0.001667, ,0.076667,0.136667,0.005000,0.270000,0.018333,0.006667,0.005000, , , ,0.151667, ,0.223333,0.001667, ,0.190000,0.018333,0.013333, , , ,0.238333,0.021667, , , ,0.095000,0.040000,0.096667, ,0.091667, ,0.081667,0.098333,0.053333,0.098333,0.005000,0.010000,0.091667, ,0.001667,0.101667,0.088333, ,0.068333,0.088333,0.131667, , ,0.110000,0.066667, ,0.020000, , ,0.005000,0.040000,0.045000,0.071667, , , ,0.018333,0.001667, , , ,0.101667,0.001667,0.156667, , , ,0.001667, , ,0.048333,0.115000,0.241667,0.145000,0.001667,0.113333, ,0.143333,0.088333,0.178333, , ,0.053333,0.090000,0.228333,0.095000,0.228333, ,0.055000, ,0.270000,0.260000, ,0.121667, ,0.001667,0.003333,0.133333,0.035000,0.268333, , , ,0.003333, , , , , , , , ,0.030000, , , ,0.006667, , ,0.028333,0.023333, ,0.003333, , ,0.043333,0.095000, ,0.011667,0.146667,0.128333,0.131667,0.001667, ,0.003333,0.026667,0.005000, , , ,0.178333, , ,0.056667,0.006667, ,0.008333,0.006667,0.015000,0.116667, ,0.036667,0.061667,0.205000, ,0.018333,0.138333,0.031667,0.166667, ,0.050000,0.018333, , ,0.003333,0.195000, , , ,0.200000,0.190000, ,0.010000,0.026667,0.060000,0.006667,0.020000,0.035000,0.231667, ,0.023333,0.053333,0.076667, , ,0.110000, , , , , , , , , , , ,0.188333, ,0.078333,0.205000,0.065000, , , , , , ,0.006667, , , ,0.028333, , ,0.215000,0.001667,0.023333, , ,0.010000,0.216667,0.221667,0.215000,0.085000, , , , ,0.195000,0.020000,0.015000,0.156667,0.078333, ,0.155000, ,0.081667,0.126667,0.021667, , , , , ,0.035000,0.001667,0.005000, , ,0.001667,0.095000,0.023333,0.006667,0.063333,0.036667,0.015000, ,0.008333, , , , , , , , , , , , , , , , , , ,0.038333,0.050000,0.030000, ,0.061667, , , , ,0.006667,0.130000,0.171667,0.161667, , ,0.095000, , ,0.096667,0.048333, , , , , , , , , , , ,0.081667, , , ,0.016667,0.021667,0.078333,0.170000, ,0.040000, ,0.085000,0.055000,0.083333,0.001667, , ,0.130000,0.125000, , , ,0.005000,0.086667, , , , , , , , ,0.198333, ,0.021667,0.088333, ,0.235000, ,0.006667, ,0.011667,0.008333,0.163333, ,0.046667, , , ,0.108333,0.166667, , , ,0.008333, ,0.050000, , ,0.105000, , ,0.010000,0.071667,0.031667, ,0.076667,0.055000, ,0.003333,0.126667, ,0.001667, , ,0.086667, ,0.131667, ,0.131667,0.135000, ,0.048333,0.076667,0.063333,0.138333,0.046667,0.085000, ,0.135000, , , , , ,0.101667,0.021667,0.085000, ,0.183333, , ,0.026667,0.008333, , , , , ,0.125000, ,0.098333,0.001667,0.138333, , ,0.051667, , ,0.033333, , , ,0.045000, , ,0.041667, , ,0.046667, ,0.145000,0.136667,0.175000,0.151667,0.118333,0.183333, ,0.161667,0.003333,0.168333, , , ,0.226667, ,0.003333, ,0.205000, ,0.195000,0.215000,0.118333, ,0.136667,0.145000, , , , ,0.208333, ,0.001667, ,0.193333, ,0.008333,0.041667,0.003333,0.220000,0.213333, , ,0.023333,0.283333,0.290000, ,0.095000,0.140000,0.016667,0.025000,0.151667,0.001667,0.060000,0.121667, ,0.136667, , , ,0.058333, ,0.026667,0.086667,0.031667,0.028333, , ,0.073333,0.086667, ,0.066667,0.010000, ,0.018333, ,0.063333, ,0.143333, , , , , , , , , , , , , , , , , , , , , ,0.151667, ,0.033333, , ,0.091667,0.151667, ,0.085000, , ,0.005000, , , , , ,0.111667,0.010000, ,0.161667,0.041667, ,0.100000,0.066667,0.031667, , , , , , ,0.003333, , ,0.093333, , ,0.025000, , ,0.278333,0.186667, , ,0.015000,0.023333,0.010000, ,0.001667,0.015000,0.010000, , , ,0.003333, , ,0.121667, ,0.241667,0.116667,0.258333,0.256667,0.005000,0.213333, ,0.090000,0.226667, ,0.001667,0.233333,0.060000,0.255000, ,0.001667, ,0.073333,0.188333,0.006667, ,0.061667,0.088333,0.248333,0.005000,0.220000,0.210000,0.115000,0.021667, ,0.068333, ,0.075000,0.108333, ,0.101667,0.058333, , ,0.030000,0.120000,0.020000, ,0.005000,0.011667, ,0.006667, ,0.138333,0.156667, ,0.005000,0.150000,0.090000, , ,0.126667,0.041667, ,0.010000, ,0.106667,0.043333,0.161667,0.001667,0.001667,0.001667,0.091667,0.171667,0.003333, ,0.091667,0.203333, ,0.218333, , ,0.046667,0.020000,0.001667,0.156667,0.036667, , ,0.010000,0.178333,0.028333, ,0.018333, ,0.033333, ,0.003333, ,0.018333,0.001667,0.126667,0.128333, , ,0.123333, , , ,0.086667, ,0.001667,0.033333, , ,0.018333, ,0.101667, , ,0.080000, , , ,0.038333, , ,0.041667,0.046667,0.005000, 
    IBI Coefficient of Variation,0.635465, , ,0.629224,0.657196,1.016047,0.528103, , ,0.716064,0.607571,0.927633, ,0.514258, ,1.806542,0.820725, ,0.397426,0.461510, ,0.410156,0.059908,0.432712,0.674605,0.421637,0.331725,0.424079, , , ,0.422725, ,0.482875,0.626659,0.587944, , ,0.697042,0.622264,0.822046,0.473381,0.829508,0.326934,0.398351, , , ,0.554414, ,0.448122, , ,0.491686,0.773847,0.429139, , , ,0.471319,0.990206, , , ,0.464744,0.600497,0.470943, ,0.482283, ,0.514185,0.478980,0.530377,0.478669,0.032507,0.797809,0.482117, , ,0.479597,0.441198, ,0.461216,0.447029,0.477164, , ,0.395297,0.473859, ,0.379015, , ,1.153417,0.596876,0.564919,0.465730, , , ,0.672779, , , , ,0.551320, ,0.471986, , , , , , ,0.640835,0.602049,0.463372,0.441387, ,0.510771, ,0.435242,0.534716,0.446330, , ,0.976866,0.831488,0.391903,0.895393,0.424872, ,0.908689, ,0.379290,0.386058, ,0.686251, , , ,0.802638,1.150977,0.425359, , , , , , , , , , , , ,0.853562, , , ,1.333383, , ,0.651804,0.821258, , , , ,0.871701,0.676020, ,1.160222,0.466023,0.575779,0.572636, , , ,0.689776,0.083949, , , ,0.561489, , ,0.577108,1.037192, ,0.713572,0.766484,0.680801,0.486052, ,0.614198,0.580745,0.484341, ,1.139523,0.563825,0.731782,0.585379, ,0.694621,0.673961, , , ,0.444709, , , ,0.539912,0.541903, ,0.622010,0.790477,0.883897,0.951515,0.981104,0.931365,0.579493, ,1.194308,0.490803,0.519627, , ,0.431828, , , , , , , , , , , ,0.475223, ,0.795600,0.454218,0.587393, , , , , , ,0.390520, , , ,0.769416, , ,0.569152, ,0.759841, , ,1.064120,0.482017,0.452807,0.456848,0.562620, , , , ,0.356391,0.653359,0.544698,0.460937,0.450797, ,0.466974, ,0.396492,0.523814,1.261542, , , , , ,0.627280, ,0.029323, , , ,0.651275,0.669525,0.830071,0.612021,0.746417,0.704319, ,0.568613, , , , , , , , , , , , , , , , , , ,0.666221,0.927144,0.512498, ,0.691847, , , , ,0.842273,0.460955,0.389867,0.398887, , ,0.496428, , ,0.547132,0.588349, , , , , , , , , , , ,0.592919, , , ,0.634642,0.967891,0.598799,0.534496, ,0.904098, ,0.602562,0.504966,0.803458, , , ,0.469459,0.414947, , , ,0.189719,0.448236, , , , , , , , ,0.555962, ,1.062411,0.849413, ,0.437272, ,0.693065, ,0.275875,1.025547,0.623020, ,0.821650, , , ,1.205351,0.385913, , , ,0.442149, ,0.745029, , ,0.484193, , ,0.689843,0.600344,0.588853, ,0.713239,0.884830, , ,0.740454, , , , ,0.653631, ,0.499622, ,0.519168,0.467948, ,0.567667,0.595002,0.983495,0.374274,0.648935,0.688789, ,0.398090, , , , , ,0.619448,0.545674,0.815316, ,0.341934, , ,0.724302,0.644455, , , , , ,0.528205, ,0.598394, ,0.432623, , ,0.696460, , ,0.666783, , , ,0.790793, , ,1.557754, , ,0.680543, ,0.439362,0.537337,0.373023,0.430940,0.476895,0.343548, ,0.423463, ,0.397837, , , ,0.327003, , , ,0.399271, ,0.414936,0.369670,0.716911, ,0.538613,0.661901, , , , ,0.533439, , , ,0.485226, ,0.548623,0.821048, ,0.479913,0.491357, , ,0.955838,0.370875,0.413573, ,0.676169,0.443562,0.666945,0.598346,0.362248, ,0.639629,0.597517, ,0.469838, , , ,0.543005, ,0.825872,0.580384,0.639042,0.685571, , ,0.510461,0.489729, ,0.716101,0.267503, ,0.669543, ,0.671783, ,0.408307, , , , , , , , , , , , , , , , , , , , , ,0.426029, ,0.790890, , ,0.521163,0.461120, ,0.526989, , ,1.089819, , , , , ,0.470657,0.847081, ,0.524792,0.576794, ,0.814371,0.644077,0.536170, , , , , , , , , ,0.656615, , ,0.637057, , ,0.493046,0.640253, , ,0.639673,0.841748,0.626209, , ,0.585225,0.366005, , , , , , ,0.638246, ,0.448929,0.640648,0.468053,0.441310,0.610067,0.432865, ,0.652884,0.462896, , ,0.445837,0.975010,0.457071, , , ,0.708080,0.428468,0.491419, ,0.769284,0.685559,0.429105,1.226981,0.432258,0.435228,0.784776,0.756559, ,0.806168, ,0.455216,0.608935, ,0.540028,0.681667, , ,0.620755,0.526434,0.700612, ,0.040106,0.590446, ,0.761089, ,0.401987,0.370285, ,1.266713,0.370099,0.511254, , ,0.391339,0.740309, ,0.695478, ,0.519568,1.018888,0.642158, , , ,0.602207,0.506158, , ,0.591680,0.406952, ,0.364538, , ,0.619024,1.303293, ,0.539127,0.793712, , ,0.473014,0.466833,1.049169, ,0.645870, ,0.801606, , , ,0.736931, ,0.361344,0.412862, , ,0.387470, , , ,0.425512, , ,0.833561, , ,0.659059, ,0.530347, , ,0.490659, , , ,0.587812, , ,0.742669,0.479976,1.199662, 
    Normalized Duration IQR,0.497186, , ,0.296154,7.788913,0.000000,0.180296, , ,0.881163,0.339553,13.359224, ,0.533810, ,0.366399,2.236874, ,0.650001,0.791931, ,0.446875,0.398488,0.657400,0.000000,0.473959,0.234536,0.752632, , , ,0.679105, ,0.700981,0.410246,0.284375, , ,0.300060,0.737114, ,0.747016,0.420353,0.306304, , , , ,0.184550, ,0.596189, , ,0.631546,0.595834,1.925002, , , ,0.354965,0.368557, , , ,0.772907,0.421889,0.388889, ,0.453024, ,1.062634,0.771425,0.166722,2.006380, ,0.525736,1.332891, , ,0.317899,0.541199, ,0.767975,0.430353,0.957896, , ,0.340631,0.538173, ,0.512458, , , ,0.459343,0.331019,0.000000, , , ,0.771697, , , , ,0.452532, ,0.570371, , , , , , ,0.467466,0.622513,0.514213,0.354462, ,0.529817, ,0.502511,0.399251,0.302966, , ,0.475460,0.918350,0.391322,0.331457,0.413865, ,8.951409, ,0.344856,0.533014, ,0.558594, , , ,1.398046,0.275606,0.812501, , , , , , , , , , , , ,0.303211, , , ,0.228122, , ,0.435976,1.168787, , , , ,0.491651,0.340940, ,0.830706,0.570046,0.522443,0.885773, , , ,0.776933, , , , ,0.366399, , ,3.442596,0.419414, ,0.317576,0.762709,0.369101,0.592659, ,0.184687,0.000000,0.286984, ,0.000000,1.000001,0.192797,0.602529, ,0.484713,3.317542, , , ,0.628769, , , ,0.427048,0.433459, ,3.186056,0.165838,0.723565,0.302600,0.272307,1.256276,0.428511, ,0.271716,0.247609,1.147279, , ,0.720663, , , , , , , , , , , ,0.406911, ,0.318385,0.366936,0.331019, , , , , , ,0.000000, , , ,0.724663, , ,0.373137, ,2.231886, , ,0.285783,0.257857,0.229798,0.503016,0.437807, , , , ,0.541667,0.632252,0.617394,0.205207,0.273199, ,0.395132, ,0.335456,0.563373,3.764827, , , , , ,5.526576, , , , , ,1.074804,3.165054,1.514221,0.340631,2.294558,0.254578, ,0.470343, , , , , , , , , , , , , , , , , , ,0.646641,0.499501,3.194093, ,0.398488, , , , ,0.462998,0.328628,0.613358,0.364265, , ,0.386586, , ,0.350818,0.950317, , , , , , , , , , , ,0.409352, , , ,0.750826,0.908313,0.000000,0.267076, ,0.419531, ,0.000000,0.568191,2.005705, , , ,0.409352,0.605933, , , , ,0.214439, , , , , , , , ,0.493266, ,2.347930,0.281496, ,0.349024, ,0.135784, ,1.348331,0.327267,0.342809, ,0.793326, , , ,0.509156,0.625001, , , ,0.347570, ,0.338634, , ,0.733442, , ,0.107128,0.445285,0.533204, ,0.390863,1.281691, , ,1.282829, , , , ,1.605884, ,0.643317, ,0.428511,0.292348, ,0.334559,0.123764,0.533867,0.654724,0.697400,0.556854, ,0.584697, , , , , ,0.618921,0.569182,0.244385, ,0.377641, , ,1.076808,8.540964, , , , , ,0.897598, ,0.803556, ,0.461291, , ,0.428511, , ,0.272307, , , ,0.864422, , ,1.323297, , ,0.361633, ,0.214439,0.404282,0.326697,0.342809,0.392652,0.591608, ,0.313990, ,0.352962, , , ,0.326840, , , ,1.465429, ,0.338634,0.300782,0.303702, ,0.384704,0.195814, , , , ,0.197358, , , ,0.373229, ,0.000000,0.767639, ,0.156798,0.139183, , ,0.137651,0.259192,0.373880, ,0.447408,0.931164,0.910369,0.753766,0.237429, ,0.570696,0.337264, ,0.665264, , , ,0.185096, ,0.000000,0.603740,1.746371,0.309333, , ,0.435407,0.240163, ,2.087351,0.697076, ,1.078665, ,0.435976, ,0.373369, , , , , , , , , , , , , , , , , , , , , ,0.644421, ,0.468633, , ,0.882939,0.710938, ,0.221853, , , , , , , , ,0.229587,0.902500, ,0.559594,0.939378, ,0.511498,0.579686,0.552023, , , , , , , , , ,2.577103, , ,0.700327, , ,0.576613,0.735597, , ,0.705551,15.372665,0.509675, , ,1.290837,0.358899, , , , , , ,0.394095, ,0.653054,0.634080,0.379550,0.269521, ,0.356228, ,0.135051,0.486553, , ,0.323879,0.454863,0.570696, , , ,0.543550,0.401901,0.029573, ,0.428511,0.598685,0.446079, ,0.396803,0.349512,0.404936,0.336358, ,0.770001, ,1.004711,0.852849, ,1.076523,0.641667, , ,4.394719,0.472170,0.980348, , ,0.629297, ,0.000000, ,0.161452,0.228748, , ,0.290651,0.402439, , ,0.564262,0.000000, ,0.000000, ,0.578836,0.429614,0.367655, , , ,0.156602,0.368376, , ,0.212076,0.134111, ,0.428511, , ,0.126134,0.231392, ,0.417548,0.185371, , ,0.000000,0.280550,0.554879, ,0.178241, ,2.049132, , , ,0.502511, ,0.392703,0.204119, , ,0.292576, , , ,0.382061, , ,0.814263, , ,0.000000, ,0.246552, , ,0.153716, , , ,0.000000, , ,0.000000,0.628243, , 
    Burst Percentage,69.445968,0.000000,0.000000,80.785498,25.222552,43.956044,72.129850,0.000000, ,67.890772,75.052558,20.338983,0.000000,61.092715,0.000000,49.462366,57.603223,0.000000,92.775152,74.518101,0.000000,92.906708,14.728682,81.235041,23.076923,87.841297,7.491857,91.908167,0.000000, ,0.000000,92.978123,0.000000,86.401674,58.536585,29.802260,10.866373,0.000000,40.589569,65.352829,9.349593,85.111576,49.122807,8.936170,5.319149,0.000000,0.000000,0.000000,77.302205,0.000000,81.319496,8.333333,0.000000,76.135217,27.350427,13.577982,0.000000,0.000000, ,88.134831,21.709007,0.000000,0.000000,0.000000,96.137106,80.546075,93.871218, ,96.492595, ,87.914056,94.616519,91.975309,87.715931,17.105263,18.090452,96.610915,0.000000,13.725490,96.475410,70.290635, ,82.669537,85.206144,86.806009,0.000000,0.000000,82.988506,69.313305, ,69.626168,0.000000, ,17.532468,66.759777,63.725490,78.876404, , , ,40.154440,12.500000,0.000000, , ,65.427729,5.263158,93.041121, , ,0.000000,7.692308, ,0.000000,63.714286,76.638966,90.215185,77.663773,11.764706,89.290241,0.000000,84.327549,80.019493,84.702336,0.000000,0.000000,44.428571,54.639175,88.223619,61.572536,80.579050, ,25.728500,0.000000,94.320181,93.911279,0.000000,55.247181,0.000000,29.411765,31.578947,61.552456,30.406852,94.358546, , , ,16.304348, , , , ,0.000000,0.000000,0.000000, ,41.411043, , , ,7.806691, ,0.000000,41.638225,27.027027, ,29.629630, ,0.000000,45.882353,79.082569, ,23.762376,91.016843,90.700344,91.789032,4.347826,0.000000,12.000000,67.386609,15.540541, , , ,84.635832, , ,72.916667,11.340206,0.000000,20.000000,48.611111,29.386892,68.081181,0.000000,76.838235,76.170213,90.709717, ,33.793103,70.000000,49.350649,81.840194,0.000000,68.992248,25.000000, , ,30.894309,78.723404,0.000000,0.000000, ,85.823060,85.484536,0.000000,20.430108,41.269841,66.040689,10.924370,20.857700,30.642202,82.152118,0.000000,22.713864,84.583902,86.286408, ,0.000000,78.548387,0.000000, , , , , , , , , ,0.000000,76.119403,0.000000,44.303797,84.679666,38.823529, , , , , , ,14.942529,0.000000,0.000000, ,64.344262,0.000000, ,53.077498,1.392758,19.305857, ,0.000000,10.304450,90.031717,89.406208,84.334511,54.490566,0.000000, , ,0.000000,88.655322,54.265403,24.778761,89.788972,65.322581, ,87.870370,0.000000,77.185501,82.972973,57.009346,0.000000,0.000000,0.000000, ,0.000000,33.230294,2.094241,9.638554, , ,12.068966,76.019576,32.241379,10.897436,81.691919,70.390071,23.762376,0.000000,50.000000,0.000000, , , , , , , , , , , , , , , , ,0.000000,53.545232,49.367089,52.795031,0.000000,75.274725, , , , ,8.178439,89.634146,88.784343,92.407661, , ,82.293987,0.000000, ,78.378378,68.503937, , ,0.000000, , ,0.000000, ,0.000000, ,0.000000, ,62.987737, ,0.000000,0.000000,28.015564,37.834692,64.916468,89.284254,0.000000,28.430161, ,57.829457,79.099099,51.339915,5.357143, ,0.000000,87.549519,90.170940, , , ,12.903226,81.946625,0.000000, , , , , ,0.000000, ,78.091474, ,44.249513,49.487418,0.000000,89.002558, ,21.621622, ,11.195929,40.579710,72.207268,0.000000,44.393939,0.000000,0.000000,0.000000,84.588441,90.821256,0.000000,0.000000, ,22.307692,0.000000,45.093946,0.000000, ,76.180102, , ,25.714286,69.553451,73.399015,0.000000,65.781711,55.331412,0.000000,10.752688,67.500000, ,9.090909, , ,78.809107,0.000000,85.883682,0.000000,83.397313,87.683032, ,52.553191,90.136054,58.730159,86.022544,58.823529,73.355630, ,91.639209,0.000000,0.000000,0.000000, ,0.000000,86.372614,40.121581,83.849918, ,85.644876, , ,46.801347,22.222222, , , , ,0.000000,74.189364, ,63.362069,4.545455,88.086045, ,0.000000,58.485640,0.000000, ,34.808260,0.000000, ,0.000000,37.819026, , ,47.300771, , ,63.350785, ,92.512479,85.857909,91.487814,90.904472,89.632353,89.820359, ,85.019973,4.347826,87.829501,0.000000, ,0.000000,89.318304,0.000000,9.000000, ,90.059128, ,86.685552,86.058360,51.237113,0.000000,73.569482,76.116838,0.000000, , ,0.000000,79.990143,0.000000,2.739726, ,73.023256,0.000000,21.739130,35.714286,5.627706,80.635201,78.306092,0.000000,0.000000,14.415584,89.111905,90.320141, ,83.798883,88.136364,46.153846,41.528239,92.260788,7.142857,67.627119,83.726236, ,88.408120,0.000000, ,0.000000,72.119816,0.000000,44.954128,96.569250,47.084233,29.310345,0.000000,0.000000,82.430556,72.911695, ,75.225225,40.206186, ,38.048780,0.000000,82.352941,0.000000,90.199810,0.000000,0.000000, , ,0.000000, , , , , , , ,0.000000, , ,0.000000, , ,0.000000, ,0.000000,85.858586, ,45.288754, , ,59.414758,92.219873,0.000000,88.183422,0.000000, ,13.483146,0.000000,0.000000,0.000000,0.000000, ,83.143219,23.287671,0.000000,72.686433,43.935310,0.000000,48.964677,42.044636,53.389831, , ,0.000000, , , ,7.958478, , ,61.294337, , ,27.461140, , ,85.076195,58.017948,0.000000, ,28.947368,41.359773,8.677686, ,4.615385,31.140351,46.376812, , , ,5.090909, ,0.000000,61.311787, ,86.396852,66.638079,90.602837,92.781438,20.202020,85.695127, ,71.573034,87.324602,0.000000,20.000000,89.954453,60.452730,89.154467,0.000000,1.834862,0.000000,65.942029,84.224891,23.741007,0.000000,59.738372,59.254658,92.947221,5.454545,91.079430,71.773221,75.056012,21.052632,0.000000,58.188825, ,69.351852,81.764270,0.000000,77.346780,71.335505, ,0.000000,38.175676,84.050773,31.818182,0.000000,7.222222,61.176471, ,26.804124, ,92.227979,94.703486,0.000000,11.627907,95.066519,83.508246,0.000000, ,78.061831,34.313725,0.000000,16.847826, ,81.449631,47.352025,80.980163,4.761905,7.594937,5.970149,67.119901,85.529158,9.929078,0.000000,64.332893,94.063005,0.000000,94.742268,0.000000,0.000000,50.555556,57.207207,8.088235,86.007238,26.034483,0.000000,0.000000,10.158730,91.423002,8.996540, ,50.000000,0.000000,41.535777,0.000000,7.017544,0.000000,27.804878,8.620690,85.165563,93.792108, , ,85.714286,0.000000,0.000000, ,80.537975, ,1.869159,29.425837, , ,19.927536, ,91.666667, ,0.000000,84.715285, ,0.000000, ,45.161290, , ,66.310160,49.655172,12.903226,0.000000

