AxIS Spike File,O:\TOX\NTX\Users\Arjun\201210_LvM_256134_1298-14_MEA_rCortex_Lindane_exposure_female_DIV10(000)_Spike Detector (7 x STD)(000).spk
File Type,48-well

Analysis Start,1500.000000
Analysis End,2100.000000
Active Electrode Criterion (spks/min),
Remove Coincident Artifacts,True

Electrode Burst Settings,
    Algorithm,Poisson Surprise,
    Min Surprise,10.000000

Network Burst Settings,
    Algorithm,ISI Threshold,Adaptive,
    Min # of Spikes,40.000000
    Min # of Electrodes (%),15.000000
Synchrony Settings,
    Synchrony Window,20.000000

Average Network Burst Analysis Settings,
    Number of network bursts vary by well
    Network Burst Window Start (ms),0.000000
    Network Burst Window End (ms),100.000000
    Bin Size (ms),1.000000

Well Averages,A1,A2,A3,A4,A5,A6,A7,A8,B1,B2,B3,B4,B5,B6,B7,B8,C1,C2,C3,C4,C5,C6,C7,C8,D1,D2,D3,D4,D5,D6,D7,D8,E1,E2,E3,E4,E5,E6,E7,E8,F1,F2,F3,F4,F5,F6,F7,F8,
Treatment/ID,,,,,,,,,,,,,,,,,,,,,,,,,,,,,,,,,,,,,,,,,,,,,,,,
Activity Metrics
    Number of Spikes,11545.000000,19332.000000,13303.000000,10951.000000,22098.000000,13629.000000,6326.000000,25043.000000,26963.000000,721.000000,9731.000000,4375.000000,13796.000000,19246.000000,5194.000000,6528.000000,13391.000000,10758.000000,5625.000000,0.000000,15746.000000,4555.000000,17982.000000,9797.000000,8530.000000,5563.000000,6716.000000,11580.000000,11632.000000,9889.000000,28182.000000,24111.000000,17536.000000,9521.000000,5497.000000,1213.000000,8719.000000,13069.000000,5902.000000,8288.000000,30844.000000,17122.000000,7860.000000,9640.000000,17601.000000,11582.000000,14498.000000,7672.000000
    Mean Firing Rate (Hz),1.202604,2.013750,1.385729,1.140729,2.301875,1.419688,0.658958,2.608646,2.808646,0.075104,1.013646,0.455729,1.437083,2.004792,0.541042,0.680000,1.394896,1.120625,0.585938,0.000000,1.640208,0.474479,1.873125,1.020521,0.888542,0.579479,0.699583,1.206250,1.211667,1.030104,2.935625,2.511563,1.826667,0.991771,0.572604,0.126354,0.908229,1.361354,0.614792,0.863333,3.212917,1.783542,0.818750,1.004167,1.833438,1.206458,1.510208,0.799167
    ISI Coefficient of Variation - Avg,2.181555,2.491427,1.967816,2.157276,3.008294,3.282282,1.803826,2.634259,2.858604,1.614442,2.610416,1.984434,2.184172,2.222511,2.117200,2.369691,2.327394,2.685627,1.893718, ,2.705890,2.427918,3.350929,3.363573,2.058281,2.221746,2.419650,3.111795,3.326612,2.416681,4.316241,3.500188,2.221859,2.827628,2.016839,3.472338,3.388089,2.542955,2.362493,1.961347,3.353450,2.232847,2.343852,2.535350,2.507211,2.305640,2.798097,2.390543
    Number of Active Electrodes,11.000000,12.000000,13.000000,9.000000,11.000000,9.000000,7.000000,13.000000,13.000000,3.000000,9.000000,9.000000,11.000000,13.000000,4.000000,5.000000,9.000000,9.000000,11.000000,0.000000,10.000000,5.000000,10.000000,4.000000,9.000000,7.000000,8.000000,9.000000,8.000000,7.000000,10.000000,10.000000,13.000000,9.000000,10.000000,1.000000,5.000000,9.000000,4.000000,8.000000,12.000000,13.000000,11.000000,10.000000,13.000000,12.000000,9.000000,8.000000
    Weighted Mean Firing Rate (Hz),1.727273,2.674028,1.700513,2.007778,3.333182,2.505000,1.496667,3.210641,3.451795,0.396111,1.796111,0.789630,2.089848,2.455256,2.158333,2.166333,2.464630,1.975926,0.843030, ,2.620000,1.491667,2.986667,4.078333,1.569815,1.315714,1.377500,2.133333,2.423333,2.351905,4.691167,4.010167,2.238590,1.736111,0.910667,1.983333,2.875333,2.403148,2.447500,1.725208,4.276806,2.188077,1.190455,1.602167,2.247821,1.600833,2.676296,1.593333
Electrode Burst Metrics
    Number of Bursts,505.000000,868.000000,641.000000,512.000000,1387.000000,853.000000,381.000000,1591.000000,1113.000000,24.000000,415.000000,191.000000,702.000000,795.000000,368.000000,415.000000,471.000000,460.000000,170.000000,0.000000,698.000000,339.000000,820.000000,518.000000,406.000000,262.000000,323.000000,513.000000,644.000000,567.000000,1152.000000,1063.000000,808.000000,471.000000,243.000000,67.000000,557.000000,601.000000,240.000000,280.000000,1211.000000,682.000000,393.000000,483.000000,952.000000,513.000000,550.000000,324.000000
    Number of Bursting Electrodes,11.000000,11.000000,11.000000,8.000000,10.000000,9.000000,2.000000,11.000000,13.000000,3.000000,9.000000,7.000000,8.000000,9.000000,4.000000,3.000000,9.000000,9.000000,8.000000,0.000000,8.000000,4.000000,10.000000,3.000000,9.000000,7.000000,9.000000,9.000000,8.000000,5.000000,9.000000,10.000000,11.000000,9.000000,12.000000,1.000000,5.000000,9.000000,4.000000,6.000000,12.000000,11.000000,11.000000,10.000000,10.000000,12.000000,8.000000,8.000000
    Burst Duration - Avg (sec),0.099264,0.066243,0.159014,0.068861,0.057252,0.138303,0.057549,0.985150,0.104652,1.308308,0.101159,0.196049,0.078494,0.116921,0.038541,0.047772,0.192319,0.134347,0.302668, ,0.083341,0.079752,0.174045,0.087421,0.099066,0.117556,0.091646,0.102569,0.107507,0.074247,0.129966,0.263831,0.092749,0.095668,0.099900,0.080672,0.063493,0.111046,0.124537,0.250138,0.128130,0.086203,0.138092,0.080680,0.106204,0.614423,0.071718,0.131930
    Burst Duration - Std (sec),0.072343,0.026999,0.263393,0.022049,0.018388,0.012525,0.005820,3.060132,0.077953,1.933689,0.086189,0.158874,0.042498,0.051869,0.009512,0.021780,0.285695,0.117800,0.196085, ,0.043148,0.024352,0.131890,0.024755,0.045950,0.093470,0.043424,0.043216,0.036352,0.021475,0.030611,0.516152,0.050041,0.038001,0.065536, ,0.019564,0.067125,0.070424,0.186732,0.064789,0.033861,0.091525,0.031453,0.131295,1.431615,0.037951,0.182181
    Number of Spikes per Burst - Avg,10.373657,12.588748,9.818460,9.960336,11.875036,11.950835,11.834584,12.610828,13.384019,24.818182,12.354232,11.188172,9.996688,12.539927,7.451971,9.724430,12.583148,14.388495,13.361735, ,12.649825,9.746983,14.917281,17.920945,10.852169,12.106693,10.437118,15.667398,13.994317,11.784003,23.278646,16.576135,12.228794,13.649843,8.973296,15.402985,13.382673,11.313556,11.212229,12.270700,18.163223,12.098456,10.255898,11.035878,12.496307,12.819084,14.687442,12.144316
    Number of Spikes per Burst - Std,4.127855,5.485596,4.738524,4.917555,4.454591,3.209691,1.417256,8.382285,7.300709,28.790925,12.365956,7.658231,5.579862,6.769963,2.516447,3.944955,6.087214,6.215682,5.963824, ,9.211278,3.202406,9.618534,7.104143,4.173150,5.910335,5.144509,8.317699,7.162583,7.591843,8.922958,9.792965,5.242965,5.293412,5.102132, ,5.081210,5.847602,6.649236,4.568131,5.481081,6.315235,4.953783,5.998988,6.486199,9.568832,10.851240,7.641189
    Mean ISI within Burst - Avg (sec),0.011553,0.005737,0.012790,0.010144,0.005819,0.013336,0.005092,0.032784,0.009879,0.036748,0.009793,0.019491,0.008989,0.012369,0.006320,0.004804,0.019208,0.014229,0.020848, ,0.008200,0.009212,0.010811,0.005335,0.011334,0.010317,0.009546,0.008995,0.010109,0.007786,0.006143,0.031293,0.008752,0.009650,0.014274,0.006217,0.005322,0.011059,0.010549,0.020438,0.007675,0.008268,0.013251,0.010920,0.010246,0.027429,0.006444,0.011428
    Mean ISI within Burst - Std (sec),0.010004,0.001214,0.011677,0.007423,0.003074,0.003191,0.000317,0.085951,0.009111,0.024453,0.004560,0.017706,0.004904,0.008675,0.002125,0.000496,0.029586,0.019459,0.012166, ,0.003452,0.001372,0.007056,0.000758,0.004963,0.003403,0.002639,0.004658,0.005044,0.002262,0.001295,0.075939,0.004965,0.007227,0.009473, ,0.000723,0.004976,0.004511,0.010319,0.004828,0.003002,0.006425,0.007771,0.013419,0.052049,0.001972,0.009417
    Median ISI within Burst - Avg (sec),0.009360,0.004333,0.008642,0.008371,0.004895,0.006800,0.003682,0.012495,0.006822,0.016614,0.007792,0.015933,0.005668,0.005982,0.005567,0.003350,0.009715,0.010966,0.013601, ,0.006250,0.006696,0.007320,0.003557,0.009406,0.008132,0.007340,0.007146,0.006822,0.006181,0.003910,0.020412,0.006867,0.007472,0.012140,0.004892,0.004386,0.008678,0.005923,0.016537,0.006101,0.006780,0.009724,0.008884,0.008271,0.024042,0.005211,0.008442
    Median ISI within Burst - Std (sec),0.008996,0.001072,0.005150,0.006135,0.003148,0.002476,0.000584,0.025158,0.004146,0.010013,0.004166,0.015514,0.001963,0.003087,0.002167,0.000486,0.009062,0.014179,0.005685, ,0.002857,0.001836,0.005479,0.000415,0.003789,0.002929,0.001990,0.004026,0.003502,0.001848,0.000535,0.049109,0.004099,0.005212,0.007807, ,0.000819,0.004424,0.002350,0.010052,0.004646,0.002741,0.004556,0.006768,0.010542,0.050453,0.001678,0.006313
    Median/Mean ISI within Burst - Avg,0.843792,0.804427,0.838014,0.833289,0.818173,0.529933,0.765648,0.744634,0.790071,0.542500,0.827320,0.871642,0.720478,0.569400,0.881302,0.803719,0.788406,0.791160,0.770527, ,0.780429,0.743946,0.748174,0.703685,0.844523,0.797610,0.799094,0.803064,0.678208,0.828875,0.661302,0.687548,0.812604,0.798537,0.858999,0.792392,0.839955,0.794302,0.636916,0.798804,0.791610,0.839268,0.795195,0.830064,0.841154,0.841069,0.830213,0.787366
    Median/Mean ISI within Burst - Std,0.089627,0.056127,0.129832,0.069581,0.062544,0.100987,0.053301,0.196067,0.161292,0.301505,0.096212,0.174253,0.156988,0.114886,0.062972,0.093723,0.070120,0.073241,0.077317, ,0.047463,0.102330,0.134409,0.053145,0.092077,0.057330,0.075287,0.046962,0.063340,0.082085,0.046639,0.117331,0.048518,0.036116,0.094929, ,0.056946,0.090969,0.149095,0.086914,0.071256,0.072394,0.106117,0.094735,0.076514,0.102224,0.059196,0.060218
    Inter-Burst Interval - Avg (sec),40.357638,15.278185,33.972469,36.248972,28.694580,15.112642,3.161332,61.587108,43.409475,25.104541,32.549739,43.273755,42.979749,45.879298,14.778330,5.831900,24.992425,40.084610,73.948695, ,17.425853,18.907111,41.927067,3.472751,33.308764,42.480771,19.603993,11.977975,16.660912,11.702044,4.687455,15.065333,32.522070,17.597423,49.207488,8.907885,5.575900,15.498351,17.890531,28.356982,11.220013,15.562232,28.866578,27.571834,52.248933,64.528672,50.911448,43.143787
    Inter-Burst Interval - Std (sec),56.422710,16.831167,45.525143,40.234387,71.505560,24.021152,0.129650,174.898446,93.013917,0.000000,32.144569,35.367400,64.895884,72.487233,19.468048,4.319724,22.048959,48.514934,80.747764, ,21.965471,27.022599,101.680206,0.101511,39.608472,42.533471,17.608044,5.014193,20.355115,16.296013,0.000097,31.394623,47.271929,13.517194,42.122493,0.000000,1.121427,13.749817,20.489247,18.261743,15.230311,21.472247,23.710537,37.529759,95.482661,69.486483,66.956577,39.451674
    Burst Frequency - Avg (Hz),0.076515,0.131515,0.097121,0.106667,0.231167,0.157963,0.317500,0.241061,0.142692,0.013333,0.076852,0.045476,0.146250,0.147222,0.153333,0.230556,0.087222,0.085185,0.035417, ,0.145417,0.141250,0.136667,0.287778,0.075185,0.062381,0.059815,0.095000,0.134167,0.189000,0.213333,0.177167,0.122424,0.087222,0.033750,0.111667,0.185667,0.111296,0.100000,0.077778,0.168194,0.103333,0.059545,0.080500,0.158667,0.071250,0.114583,0.067500
    Burst Frequency - Std (Hz),0.064258,0.074772,0.117171,0.106301,0.112957,0.086550,0.012964,0.171593,0.112226,0.020207,0.064708,0.058172,0.141098,0.159631,0.174361,0.120327,0.073504,0.066726,0.029637, ,0.105848,0.090312,0.094868,0.008221,0.075514,0.060895,0.045601,0.036705,0.071918,0.104021,0.000000,0.120731,0.100759,0.051187,0.032451, ,0.035990,0.104163,0.115638,0.107143,0.087837,0.085453,0.052763,0.073283,0.108542,0.077850,0.098367,0.067206
    IBI Coefficient of Variation - Avg,0.739524,0.573102,0.694544,0.549360,0.366923,0.624905,0.364589,0.660916,0.675727,0.615943,0.709847,0.650726,0.659960,0.599155,0.613591,0.465722,0.613848,0.470549,0.704711, ,0.729491,0.375045,0.580912,0.328047,0.774697,0.699362,0.677579,0.512299,0.479275,0.531446,0.160237,0.248747,0.602338,0.531427,0.749063,0.444059,0.383639,0.648970,0.701940,0.778944,0.635938,0.629419,0.674035,0.544103,0.402322,0.766201,0.466039,0.646112
    IBI Coefficient of Variation - Std,0.367756,0.132265,0.183832,0.182609,0.241856,0.259036,0.012295,0.187197,0.249264,0.000000,0.258626,0.102259,0.313975,0.528444,0.311491,0.258602,0.192639,0.167194,0.187318, ,0.364426,0.310709,0.169171,0.037374,0.276833,0.277489,0.172517,0.178156,0.481524,0.326337,0.000246,0.008134,0.107213,0.082794,0.252305,0.000000,0.099607,0.265554,0.117185,0.177312,0.188938,0.220743,0.140850,0.149481,0.246732,0.413646,0.228053,0.262723
    Burst Percentage - Avg,32.735552,43.298942,28.578961,24.194559,53.350925,46.518378,16.576795,48.699336,51.127569,15.987433,37.518766,25.975041,29.943702,28.480522,35.336784,36.953660,32.982666,37.635343,26.026019, ,41.970026,31.379653,44.929954,41.147189,34.860871,29.277326,33.130583,56.007635,76.697062,34.321804,72.297887,58.320170,38.996880,50.217165,38.733889,21.680672,49.306783,32.109554,34.137662,24.066564,62.298549,35.070989,43.604347,37.910063,41.272021,35.188113,44.751887,40.889425
    Burst Percentage - Std,31.553943,32.171509,32.368895,34.234987,45.917784,45.392550,36.934855,39.382858,32.905551,20.157397,36.007468,32.861846,41.404828,42.721305,44.890334,45.777125,33.903739,37.790797,30.869562, ,40.572063,45.551609,43.180149,51.358957,28.986281,31.005240,33.548099,36.469105,33.583239,42.454302,43.606665,47.773828,35.236822,37.560803,28.784926,43.361345,47.193772,35.072765,34.853966,26.085298,29.233942,35.426835,33.084730,40.991726,43.373011,34.339935,42.894620,33.687042
Network Burst Metrics
    Number of Network Bursts,100.000000,154.000000,143.000000,122.000000,173.000000,137.000000,23.000000,251.000000,174.000000,0.000000,93.000000,32.000000,185.000000,191.000000,2.000000,44.000000,100.000000,95.000000,38.000000,0.000000,156.000000,50.000000,124.000000,174.000000,80.000000,60.000000,67.000000,85.000000,107.000000,166.000000,128.000000,149.000000,150.000000,84.000000,47.000000,0.000000,124.000000,147.000000,20.000000,52.000000,182.000000,142.000000,77.000000,100.000000,155.000000,119.000000,131.000000,95.000000
    Network Burst Frequency,0.166667,0.256667,0.238333,0.203333,0.288333,0.228333,0.038333,0.418333,0.290000, ,0.155000,0.053333,0.308333,0.318333,0.003333,0.073333,0.166667,0.158333,0.063333, ,0.260000,0.083333,0.206667,0.290000,0.133333,0.100000,0.111667,0.141667,0.178333,0.276667,0.213333,0.248333,0.250000,0.140000,0.078333, ,0.206667,0.245000,0.033333,0.086667,0.303333,0.236667,0.128333,0.166667,0.258333,0.198333,0.218333,0.158333
    Network Burst Duration - Avg (sec),0.362238,0.438180,0.233245,0.258601,0.569602,0.177747,0.223781,0.201954,0.335122, ,0.462249,0.634635,0.197318,0.172923,0.119080,0.176864,0.210192,0.254781,0.657832, ,0.251109,0.204349,0.679717,0.125851,0.280796,0.318764,0.344693,0.410547,0.264365,0.212737,0.232281,0.224054,0.241072,0.192474,0.447602, ,0.153388,0.341000,0.870456,0.711186,0.359771,0.459317,0.425100,0.226179,0.223167,0.142686,0.254216,0.246854
    Network Burst Duration - Std (sec),0.280159,0.340994,0.251628,0.200373,0.081415,0.031101,0.022634,0.058855,0.194638, ,0.362236,0.411844,0.043819,0.048175,0.002659,0.017698,0.115727,0.147633,0.424100, ,0.228211,0.109581,0.492069,0.015728,0.203477,0.200317,0.248696,0.208703,0.126565,0.064466,0.031074,0.148960,0.177287,0.117418,0.203753, ,0.111183,0.343965,0.592304,0.541689,0.304341,0.266097,0.321951,0.115370,0.251420,0.044281,0.177527,0.142590
    Number of Spikes per Network Burst - Avg,83.200000,109.974026,74.608392,67.844262,126.352601,99.350365,44.478261,96.075697,140.160920, ,93.645161,68.093750,74.308108,100.633508,40.500000,49.363636,89.260000,98.400000,70.605263, ,100.750000,42.420000,144.548387,55.833333,64.350000,62.366667,71.492537,127.117647,108.523364,58.843373,220.000000,161.261745,101.893333,100.833333,77.255319, ,66.088710,79.714286,78.800000,67.673077,162.884615,103.774648,86.051948,87.710000,111.935484,83.848739,106.022901,65.031579
    Number of Spikes per Network Burst - Std,29.063845,57.030200,41.449959,26.774856,7.401874,10.880765,4.429956,15.112850,70.541649, ,62.308078,29.828931,11.246603,28.311644,0.707107,6.368859,31.728527,50.670903,41.608562, ,17.917598,2.365483,91.348289,5.706789,26.069090,22.268749,23.025923,44.690846,9.135609,7.637201,16.050118,27.878451,42.368493,55.794337,35.559789, ,13.681043,41.991519,72.399913,47.750874,170.872518,72.723063,45.780626,30.391152,25.740634,11.228474,29.313023,10.965568
    Mean ISI within Network Burst - Avg (sec),0.004873,0.005162,0.003260,0.004126,0.004554,0.001810,0.005189,0.002149,0.002873, ,0.004775,0.008956,0.002747,0.001753,0.003016,0.003731,0.002549,0.003064,0.009316, ,0.002452,0.004957,0.004626,0.002310,0.004466,0.005330,0.004896,0.003677,0.002454,0.003631,0.001062,0.001347,0.002615,0.002374,0.006361, ,0.002440,0.004185,0.012171,0.010845,0.002903,0.005195,0.005258,0.002832,0.002105,0.001751,0.002597,0.003983
    Mean ISI within Network Burst - Std (sec),0.003651,0.004793,0.002479,0.003203,0.000671,0.000266,0.000674,0.000612,0.001888, ,0.001448,0.004162,0.000712,0.000313,0.000121,0.000718,0.001172,0.002038,0.003337, ,0.002291,0.002715,0.001509,0.000305,0.002953,0.003356,0.002890,0.002354,0.001026,0.000808,0.000130,0.000481,0.001741,0.001983,0.002891, ,0.001691,0.002561,0.004843,0.005555,0.002491,0.002955,0.003589,0.001508,0.002159,0.000625,0.001730,0.002834
    Median ISI within Network Burst - Avg (sec),0.001384,0.001046,0.001057,0.001564,0.000641,0.000936,0.002421,0.000833,0.000847, ,0.002493,0.004629,0.001188,0.000959,0.002360,0.001525,0.001196,0.001226,0.004824, ,0.001121,0.002272,0.001482,0.001602,0.001564,0.002318,0.001707,0.001149,0.001044,0.002042,0.000528,0.000643,0.000845,0.000968,0.001761, ,0.001248,0.001596,0.004490,0.004096,0.000945,0.001119,0.001506,0.001052,0.000901,0.001001,0.001116,0.001655
    Median ISI within Network Burst - Std (sec),0.001148,0.000937,0.000569,0.001114,0.000093,0.000128,0.000354,0.000215,0.000555, ,0.000741,0.003419,0.000219,0.000183,0.000057,0.000228,0.000782,0.000692,0.002067, ,0.000660,0.000306,0.000502,0.000224,0.000567,0.001438,0.000668,0.000579,0.000158,0.000352,0.000046,0.000088,0.000427,0.000534,0.000654, ,0.000558,0.000582,0.001684,0.002010,0.000618,0.000712,0.000764,0.000481,0.000583,0.000389,0.000479,0.001790
    Median/Mean ISI within Network Burst - Avg,0.341770,0.245337,0.426707,0.450102,0.146497,0.522390,0.474403,0.411599,0.334766, ,0.536089,0.526923,0.453015,0.556089,0.782809,0.417824,0.465127,0.449650,0.533053, ,0.511502,0.527472,0.336648,0.700322,0.432579,0.485715,0.410780,0.353841,0.459318,0.588962,0.503043,0.507063,0.396302,0.487726,0.301244, ,0.585730,0.434878,0.416756,0.448400,0.387254,0.245011,0.319476,0.419023,0.527085,0.579797,0.510470,0.434045
    Median/Mean ISI within Network Burst - Std,0.165770,0.130160,0.203639,0.168981,0.046582,0.074443,0.093268,0.123582,0.143112, ,0.118039,0.240260,0.113232,0.103899,0.012727,0.075039,0.136591,0.165771,0.151906, ,0.116032,0.146415,0.110231,0.101551,0.191515,0.193554,0.164326,0.124552,0.108636,0.162915,0.064640,0.109045,0.180392,0.166720,0.093525, ,0.176777,0.148177,0.181345,0.204953,0.146180,0.134070,0.103085,0.165039,0.155781,0.109283,0.163137,0.177909
    Number of Elecs Participating in Burst - Avg,10.270000,10.331169,10.440559,8.319672,10.855491,9.700730,6.086957,11.322709,10.660920, ,8.150538,8.562500,10.070270,12.455497,4.000000,5.113636,8.410000,8.789474,9.447368, ,9.852564,5.360000,10.209677,3.655172,7.962500,7.083333,7.955224,9.235294,7.813084,6.072289,10.250000,9.919463,10.893333,9.773810,10.425532, ,5.629032,8.496599,3.600000,6.423077,11.021978,11.577465,9.428571,9.250000,11.348387,11.537815,8.000000,7.021053
    Number of Elecs Participating in Burst - Std,1.516608,1.937100,1.382091,1.107946,0.811929,0.789312,0.792754,0.927061,1.614591, ,1.318318,1.702702,0.814563,1.024366,0.000000,0.321038,1.223466,1.070839,1.781244, ,0.793559,0.984782,0.653623,0.511771,1.287169,0.944057,1.223914,1.042514,0.415066,0.726688,0.452465,0.682966,1.843351,1.652681,0.800670, ,0.770046,1.477568,0.502625,1.257856,1.374415,1.702414,1.105353,1.076611,1.734275,1.177400,1.015268,0.699224
    Number of Spikes per Network Burst per Channel - Avg,8.020044,10.259333,7.091890,8.128136,11.698428,10.282747,7.448447,8.494323,12.802738, ,11.831008,8.193886,7.409575,8.101785,10.125000,9.683333,10.555615,11.016563,7.741233, ,10.259262,8.177333,14.086873,15.563697,8.148222,8.775093,9.012965,13.618010,13.920950,9.822648,21.503705,16.286326,9.267635,9.873467,7.321158, ,11.811559,9.304915,21.683333,11.123352,14.144655,8.743128,8.938805,9.387900,9.869032,7.279996,13.194593,9.259403
    Number of Spikes per Network Burst per Channel - Std,2.286363,4.304892,3.952000,2.726448,1.039271,1.230925,1.337411,1.284307,5.771869, ,8.479669,3.637294,1.172142,2.259585,0.176777,1.327283,3.286145,4.782933,4.950676, ,1.758444,1.543054,8.412995,2.617609,3.188334,2.649499,2.592369,4.194239,1.322302,1.700707,1.815381,2.568504,3.443305,4.202497,3.020590, ,2.310114,4.250548,17.947609,7.891412,12.385645,5.278008,3.927748,2.613667,1.870909,0.824829,3.169228,1.251990
    Network Burst Percentage,72.065829,87.606042,80.199955,75.582139,98.918454,99.867929,16.171356,96.294374,90.449876, ,89.497482,49.805714,99.644825,99.870103,1.559492,33.272059,66.656710,86.893475,47.697778, ,99.815826,46.564215,99.677455,99.163009,60.351700,67.265864,71.322216,93.307427,99.828061,98.776418,99.921936,99.655759,87.157847,88.961244,66.054211, ,93.990136,89.662560,26.702813,42.458977,96.112696,86.064712,84.300254,90.985477,98.573945,86.150924,95.799421,80.526590
    Network IBI Coefficient of Variation,0.517507,0.479059,0.518531,0.504935,0.269839,0.421586,1.321058,0.490842,0.466650, ,0.463557,0.558929,0.297904,0.242532, ,1.079415,0.514940,0.443785,0.615351, ,0.307354,0.846284,0.357828,0.308734,0.666832,0.492875,0.413101,0.326191,0.178783,0.181077,0.159860,0.227387,0.498937,0.503952,0.498179, ,0.297690,0.345595,0.876129,0.820810,0.423217,0.501519,0.507562,0.414520,0.293988,0.543646,0.249556,0.430212
    Network Normalized Duration IQR,1.063958,1.143365,1.160357,0.871952,0.103125,0.115536,0.089663,0.298747,0.627744, ,1.028506,1.101639,0.260677,0.495654, ,0.056940,0.341872,0.603796,1.251354, ,0.210781,0.241846,0.696394,0.079520,0.766463,0.993203,1.026911,0.587179,0.261040,0.382280,0.087607,0.293606,1.006638,0.698314,0.728565, ,0.545604,0.663442,0.561414,1.174966,0.815872,0.570750,0.951522,0.463045,0.577945,0.226130,0.403792,0.437042
Synchrony Metrics
    Area Under Normalized Cross-Correlation,0.279823,0.407575,0.331575,0.173545,0.361666,0.358688,0.101060,0.323093,0.343379,0.013729,0.178321,0.066569,0.276936,0.261247,0.139813,0.185265,0.193576,0.232200,0.082272,0.000000,0.309058,0.165261,0.201421,0.161766,0.205556,0.129296,0.179900,0.202559,0.225493,0.118474,0.458142,0.357744,0.361693,0.296481,0.224574,0.052964,0.193220,0.179579,0.048838,0.105177,0.329329,0.318362,0.248576,0.242233,0.295106,0.281341,0.197528,0.191485
    Area Under Cross-Correlation,1.887861,5.487708,2.395792,1.257722,6.539278,2.392181,0.421028,5.479194,7.430944,0.003028,0.733333,0.162625,2.003722,3.530722,0.355861,0.629597,1.782431,2.129111,0.186111,0.000000,2.751611,0.296125,2.371819,0.915972,0.796750,0.433847,0.654444,2.253694,1.930750,0.897556,9.640486,6.439306,4.235431,2.293403,0.521333,0.002361,1.307097,1.496069,0.118389,0.259153,8.908264,3.391514,1.007222,1.802028,4.438806,1.943347,2.576139,0.858806
    Full Width at Half Height of Normalized Cross-Correlation,27.000000,22.000000,15.000000,25.000000,35.000000,20.000000,30.000000,27.000000,23.000000,19.000000,18.000000,22.000000,23.000000,27.000000,11.000000,15.000000,22.000000,20.000000,24.000000, ,35.000000,28.000000,22.000000,17.000000,17.000000,23.000000,22.000000,26.000000,23.000000,46.000000,22.000000,23.000000,20.000000,21.000000,35.000000,11.000000,23.000000,18.000000,28.000000,29.000000,21.000000,24.000000,6.000000,19.000000,32.000000,31.000000,24.000000,21.000000
    Full Width at Half Height of Cross-Correlation,61.000000,56.000000,49.000000,70.000000,65.000000,44.000000,55.000000,64.000000,78.000000,40.000000,100.000000,86.000000,53.000000,51.000000,31.000000,38.000000,80.000000,88.000000,95.000000, ,75.000000,74.000000,71.000000,57.000000,66.000000,75.000000,78.000000,112.000000,125.000000,84.000000,84.000000,79.000000,66.000000,88.000000,89.000000,26.000000,69.000000,91.000000,92.000000,87.000000,99.000000,76.000000,63.000000,75.000000,79.000000,68.000000,98.000000,58.000000
    Synchrony Index, , , , , , , , , , , , , , , , , , , , , , , , , , , , , , , , , , , , , , , , , , , , , , , , 
    Kreuz SPIKE Distance, , , , , , , , , , , , , , , , , , , , , , , , , , , , , , , , , , , , , , , , , , , , , , , , 
Average Network Burst Metrics
    Start Electrode,42.000000,11.000000,32.000000,34.000000,44.000000,24.000000,32.000000,21.000000,11.000000, ,44.000000,31.000000,22.000000,43.000000,12.000000,21.000000,14.000000,21.000000,12.000000, ,34.000000,11.000000,11.000000,12.000000,11.000000,13.000000,23.000000,11.000000,42.000000,34.000000,23.000000,33.000000,11.000000,31.000000,11.000000, ,23.000000,33.000000,44.000000,11.000000,13.000000,11.000000,14.000000,14.000000,41.000000,31.000000,14.000000,13.000000
    Percent Bursts with Start Electrode,40.000000,29.220779,25.874126,31.967213,80.346821,43.065693,56.521739,49.003984,45.402299, ,27.956989,53.125000,44.864865,45.549738,50.000000,68.181818,54.000000,28.421053,21.052632, ,41.666667,46.000000,29.838710,43.678161,28.750000,50.000000,32.835821,31.764706,30.841121,98.192771,25.781250,39.597315,35.333333,35.714286,40.425532, ,45.161290,31.972789,65.000000,67.307692,34.615385,64.788732,35.064935,33.000000,50.967742,31.092437,34.351145,43.157895
    Burst Peak (Max Spikes per sec),630.000000,545.454545,825.174825,762.295082,2219.653179,1649.635036,826.086957,1450.199203,741.379310, ,602.150538,625.000000,1367.567568,1832.460733,2000.000000,1204.545455,700.000000,957.894737,473.684211, ,1557.692308,800.000000,1580.645161,1057.471264,687.500000,583.333333,701.492537,705.882353,1308.411215,909.638554,2968.750000,2281.879195,973.333333,1178.571429,553.191489, ,1177.419355,673.469388,500.000000,461.538462,846.153846,288.732394,974.025974,930.000000,1554.838710,1336.134454,1122.137405,852.631579
    Time to Burst Peak (ms),26.500000,28.500000,30.500000,40.500000,44.500000,16.500000,34.500000,40.500000,40.500000, ,48.500000,28.500000,24.500000,22.500000,66.500000,8.500000,82.500000,44.500000,38.500000, ,26.500000,10.500000,17.500000,14.500000,42.500000,50.500000,44.500000,60.500000,20.500000,48.500000,18.500000,22.500000,34.500000,48.500000,45.500000, ,26.500000,8.500000,51.500000,16.500000,96.500000,60.500000,38.500000,50.500000,36.500000,40.500000,42.500000,52.500000

Measurement,A1_11,A1_12,A1_13,A1_14,A1_21,A1_22,A1_23,A1_24,A1_31,A1_32,A1_33,A1_34,A1_41,A1_42,A1_43,A1_44,A2_11,A2_12,A2_13,A2_14,A2_21,A2_22,A2_23,A2_24,A2_31,A2_32,A2_33,A2_34,A2_41,A2_42,A2_43,A2_44,A3_11,A3_12,A3_13,A3_14,A3_21,A3_22,A3_23,A3_24,A3_31,A3_32,A3_33,A3_34,A3_41,A3_42,A3_43,A3_44,A4_11,A4_12,A4_13,A4_14,A4_21,A4_22,A4_23,A4_24,A4_31,A4_32,A4_33,A4_34,A4_41,A4_42,A4_43,A4_44,A5_11,A5_12,A5_13,A5_14,A5_21,A5_22,A5_23,A5_24,A5_31,A5_32,A5_33,A5_34,A5_41,A5_42,A5_43,A5_44,A6_11,A6_12,A6_13,A6_14,A6_21,A6_22,A6_23,A6_24,A6_31,A6_32,A6_33,A6_34,A6_41,A6_42,A6_43,A6_44,A7_11,A7_12,A7_13,A7_14,A7_21,A7_22,A7_23,A7_24,A7_31,A7_32,A7_33,A7_34,A7_41,A7_42,A7_43,A7_44,A8_11,A8_12,A8_13,A8_14,A8_21,A8_22,A8_23,A8_24,A8_31,A8_32,A8_33,A8_34,A8_41,A8_42,A8_43,A8_44,B1_11,B1_12,B1_13,B1_14,B1_21,B1_22,B1_23,B1_24,B1_31,B1_32,B1_33,B1_34,B1_41,B1_42,B1_43,B1_44,B2_11,B2_12,B2_13,B2_14,B2_21,B2_22,B2_23,B2_24,B2_31,B2_32,B2_33,B2_34,B2_41,B2_42,B2_43,B2_44,B3_11,B3_12,B3_13,B3_14,B3_21,B3_22,B3_23,B3_24,B3_31,B3_32,B3_33,B3_34,B3_41,B3_42,B3_43,B3_44,B4_11,B4_12,B4_13,B4_14,B4_21,B4_22,B4_23,B4_24,B4_31,B4_32,B4_33,B4_34,B4_41,B4_42,B4_43,B4_44,B5_11,B5_12,B5_13,B5_14,B5_21,B5_22,B5_23,B5_24,B5_31,B5_32,B5_33,B5_34,B5_41,B5_42,B5_43,B5_44,B6_11,B6_12,B6_13,B6_14,B6_21,B6_22,B6_23,B6_24,B6_31,B6_32,B6_33,B6_34,B6_41,B6_42,B6_43,B6_44,B7_11,B7_12,B7_13,B7_14,B7_21,B7_22,B7_23,B7_24,B7_31,B7_32,B7_33,B7_34,B7_41,B7_42,B7_43,B7_44,B8_11,B8_12,B8_13,B8_14,B8_21,B8_22,B8_23,B8_24,B8_31,B8_32,B8_33,B8_34,B8_41,B8_42,B8_43,B8_44,C1_11,C1_12,C1_13,C1_14,C1_21,C1_22,C1_23,C1_24,C1_31,C1_32,C1_33,C1_34,C1_41,C1_42,C1_43,C1_44,C2_11,C2_12,C2_13,C2_14,C2_21,C2_22,C2_23,C2_24,C2_31,C2_32,C2_33,C2_34,C2_41,C2_42,C2_43,C2_44,C3_11,C3_12,C3_13,C3_14,C3_21,C3_22,C3_23,C3_24,C3_31,C3_32,C3_33,C3_34,C3_41,C3_42,C3_43,C3_44,C4_11,C4_12,C4_13,C4_14,C4_21,C4_22,C4_23,C4_24,C4_31,C4_32,C4_33,C4_34,C4_41,C4_42,C4_43,C4_44,C5_11,C5_12,C5_13,C5_14,C5_21,C5_22,C5_23,C5_24,C5_31,C5_32,C5_33,C5_34,C5_41,C5_42,C5_43,C5_44,C6_11,C6_12,C6_13,C6_14,C6_21,C6_22,C6_23,C6_24,C6_31,C6_32,C6_33,C6_34,C6_41,C6_42,C6_43,C6_44,C7_11,C7_12,C7_13,C7_14,C7_21,C7_22,C7_23,C7_24,C7_31,C7_32,C7_33,C7_34,C7_41,C7_42,C7_43,C7_44,C8_11,C8_12,C8_13,C8_14,C8_21,C8_22,C8_23,C8_24,C8_31,C8_32,C8_33,C8_34,C8_41,C8_42,C8_43,C8_44,D1_11,D1_12,D1_13,D1_14,D1_21,D1_22,D1_23,D1_24,D1_31,D1_32,D1_33,D1_34,D1_41,D1_42,D1_43,D1_44,D2_11,D2_12,D2_13,D2_14,D2_21,D2_22,D2_23,D2_24,D2_31,D2_32,D2_33,D2_34,D2_41,D2_42,D2_43,D2_44,D3_11,D3_12,D3_13,D3_14,D3_21,D3_22,D3_23,D3_24,D3_31,D3_32,D3_33,D3_34,D3_41,D3_42,D3_43,D3_44,D4_11,D4_12,D4_13,D4_14,D4_21,D4_22,D4_23,D4_24,D4_31,D4_32,D4_33,D4_34,D4_41,D4_42,D4_43,D4_44,D5_11,D5_12,D5_13,D5_14,D5_21,D5_22,D5_23,D5_24,D5_31,D5_32,D5_33,D5_34,D5_41,D5_42,D5_43,D5_44,D6_11,D6_12,D6_13,D6_14,D6_21,D6_22,D6_23,D6_24,D6_31,D6_32,D6_33,D6_34,D6_41,D6_42,D6_43,D6_44,D7_11,D7_12,D7_13,D7_14,D7_21,D7_22,D7_23,D7_24,D7_31,D7_32,D7_33,D7_34,D7_41,D7_42,D7_43,D7_44,D8_11,D8_12,D8_13,D8_14,D8_21,D8_22,D8_23,D8_24,D8_31,D8_32,D8_33,D8_34,D8_41,D8_42,D8_43,D8_44,E1_11,E1_12,E1_13,E1_14,E1_21,E1_22,E1_23,E1_24,E1_31,E1_32,E1_33,E1_34,E1_41,E1_42,E1_43,E1_44,E2_11,E2_12,E2_13,E2_14,E2_21,E2_22,E2_23,E2_24,E2_31,E2_32,E2_33,E2_34,E2_41,E2_42,E2_43,E2_44,E3_11,E3_12,E3_13,E3_14,E3_21,E3_22,E3_23,E3_24,E3_31,E3_32,E3_33,E3_34,E3_41,E3_42,E3_43,E3_44,E4_11,E4_12,E4_13,E4_14,E4_21,E4_22,E4_23,E4_24,E4_31,E4_32,E4_33,E4_34,E4_41,E4_42,E4_43,E4_44,E5_11,E5_12,E5_13,E5_14,E5_21,E5_22,E5_23,E5_24,E5_31,E5_32,E5_33,E5_34,E5_41,E5_42,E5_43,E5_44,E6_11,E6_12,E6_13,E6_14,E6_21,E6_22,E6_23,E6_24,E6_31,E6_32,E6_33,E6_34,E6_41,E6_42,E6_43,E6_44,E7_11,E7_12,E7_13,E7_14,E7_21,E7_22,E7_23,E7_24,E7_31,E7_32,E7_33,E7_34,E7_41,E7_42,E7_43,E7_44,E8_11,E8_12,E8_13,E8_14,E8_21,E8_22,E8_23,E8_24,E8_31,E8_32,E8_33,E8_34,E8_41,E8_42,E8_43,E8_44,F1_11,F1_12,F1_13,F1_14,F1_21,F1_22,F1_23,F1_24,F1_31,F1_32,F1_33,F1_34,F1_41,F1_42,F1_43,F1_44,F2_11,F2_12,F2_13,F2_14,F2_21,F2_22,F2_23,F2_24,F2_31,F2_32,F2_33,F2_34,F2_41,F2_42,F2_43,F2_44,F3_11,F3_12,F3_13,F3_14,F3_21,F3_22,F3_23,F3_24,F3_31,F3_32,F3_33,F3_34,F3_41,F3_42,F3_43,F3_44,F4_11,F4_12,F4_13,F4_14,F4_21,F4_22,F4_23,F4_24,F4_31,F4_32,F4_33,F4_34,F4_41,F4_42,F4_43,F4_44,F5_11,F5_12,F5_13,F5_14,F5_21,F5_22,F5_23,F5_24,F5_31,F5_32,F5_33,F5_34,F5_41,F5_42,F5_43,F5_44,F6_11,F6_12,F6_13,F6_14,F6_21,F6_22,F6_23,F6_24,F6_31,F6_32,F6_33,F6_34,F6_41,F6_42,F6_43,F6_44,F7_11,F7_12,F7_13,F7_14,F7_21,F7_22,F7_23,F7_24,F7_31,F7_32,F7_33,F7_34,F7_41,F7_42,F7_43,F7_44,F8_11,F8_12,F8_13,F8_14,F8_21,F8_22,F8_23,F8_24,F8_31,F8_32,F8_33,F8_34,F8_41,F8_42,F8_43,F8_44,
Activity Metrics
    Number of Spikes,2307.000000,9.000000,41.000000,1760.000000,212.000000,247.000000,1410.000000,52.000000,0.000000,985.000000,1260.000000,355.000000,43.000000,2197.000000,152.000000,515.000000,872.000000,37.000000,3028.000000,2767.000000,26.000000,2345.000000,205.000000,2152.000000,177.000000,2165.000000,413.000000,2646.000000,16.000000,0.000000,64.000000,2419.000000,151.000000,3412.000000,979.000000,790.000000,725.000000,3.000000,977.000000,1814.000000,107.000000,3377.000000,190.000000,288.000000,389.000000,2.000000,65.000000,34.000000,1585.000000,1.000000,2880.000000,47.000000,45.000000,2171.000000,233.000000,449.000000,62.000000,593.000000,0.000000,2446.000000,423.000000,1.000000,2.000000,13.000000,2575.000000,479.000000,1959.000000,0.000000,1445.000000,0.000000,1729.000000,2449.000000,713.000000,4895.000000,39.000000,80.000000,2504.000000,3.000000,57.000000,3171.000000,1908.000000,5.000000,918.000000,2296.000000,2086.000000,27.000000,41.000000,1253.000000,1844.000000,0.000000,21.000000,8.000000,0.000000,1739.000000,644.000000,839.000000,482.000000,5.000000,0.000000,1.000000,479.000000,97.000000,0.000000,0.000000,0.000000,2311.000000,202.000000,2631.000000,1.000000,0.000000,33.000000,84.000000,0.000000,0.000000,501.000000,2864.000000,3759.000000,2117.000000,82.000000,2346.000000,98.000000,3673.000000,2977.000000,3968.000000,0.000000,294.000000,699.000000,1665.000000,3123.000000,1105.000000,3598.000000,0.000000,1906.000000,60.000000,4387.000000,3786.000000,2.000000,1096.000000,231.000000,84.000000,37.000000,1815.000000,588.000000,5145.000000,0.000000,0.000000,0.000000,183.000000,0.000000,2.000000,0.000000,0.000000,6.000000,202.000000,0.000000,0.000000,328.000000,0.000000,0.000000,0.000000,229.000000,1.000000,4.000000,266.000000,378.000000,0.000000,10.000000,0.000000,17.000000,515.000000,576.000000,0.000000,193.000000,2128.000000,1085.000000,4329.000000,76.000000,50.000000,102.000000,539.000000,131.000000,1.000000,0.000000,0.000000,1528.000000,1.000000,0.000000,1314.000000,292.000000,59.000000,168.000000,114.000000,564.000000,1940.000000,1.000000,673.000000,1538.000000,3976.000000,0.000000,331.000000,2977.000000,93.000000,923.000000,2.000000,572.000000,206.000000,0.000000,0.000000,43.000000,3065.000000,52.000000,0.000000,106.000000,4937.000000,3726.000000,298.000000,665.000000,528.000000,427.000000,354.000000,200.000000,1295.000000,2997.000000,553.000000,488.000000,795.000000,1427.000000,0.000000,0.000000,2470.000000,14.000000,0.000000,0.000000,0.000000,0.000000,0.000000,0.000000,0.000000,0.000000,0.000000,0.000000,1756.000000,561.000000,490.000000,2760.000000,932.000000,0.000000,0.000000,0.000000,0.000000,0.000000,0.000000,29.000000,0.000000,0.000000,0.000000,209.000000,29.000000,0.000000,4409.000000,179.000000,379.000000,1.000000,4.000000,310.000000,1888.000000,2385.000000,2497.000000,1053.000000,48.000000,0.000000,0.000000,4.000000,2643.000000,293.000000,216.000000,1985.000000,860.000000,0.000000,2174.000000,51.000000,760.000000,1648.000000,91.000000,3.000000,13.000000,17.000000,0.000000,0.000000,702.000000,148.000000,259.000000,0.000000,0.000000,52.000000,1083.000000,736.000000,252.000000,850.000000,844.000000,250.000000,71.000000,369.000000,9.000000,0.000000,0.000000,0.000000,0.000000,0.000000,0.000000,0.000000,0.000000,0.000000,0.000000,0.000000,0.000000,0.000000,0.000000,0.000000,0.000000,325.000000,1438.000000,837.000000,737.000000,169.000000,880.000000,0.000000,0.000000,26.000000,0.000000,683.000000,1911.000000,5367.000000,3373.000000,0.000000,0.000000,1516.000000,8.000000,0.000000,1395.000000,1187.000000,0.000000,17.000000,61.000000,0.000000,0.000000,316.000000,0.000000,28.000000,0.000000,27.000000,0.000000,2040.000000,4.000000,1.000000,48.000000,489.000000,1599.000000,1052.000000,5203.000000,9.000000,912.000000,0.000000,1460.000000,3166.000000,1848.000000,151.000000,0.000000,0.000000,4440.000000,3274.000000,0.000000,0.000000,1.000000,138.000000,1936.000000,4.000000,0.000000,0.000000,0.000000,4.000000,0.000000,0.000000,0.000000,1801.000000,0.000000,888.000000,923.000000,0.000000,2038.000000,0.000000,170.000000,0.000000,321.000000,61.000000,1477.000000,18.000000,798.000000,2.000000,33.000000,12.000000,328.000000,2112.000000,12.000000,10.000000,0.000000,153.000000,1.000000,343.000000,2.000000,0.000000,1487.000000,0.000000,0.000000,205.000000,898.000000,123.000000,2.000000,943.000000,805.000000,6.000000,91.000000,1342.000000,0.000000,55.000000,2.000000,0.000000,350.000000,34.000000,1568.000000,5.000000,1390.000000,2132.000000,0.000000,500.000000,599.000000,423.000000,2885.000000,418.000000,1060.000000,0.000000,2202.000000,45.000000,9.000000,0.000000,0.000000,6.000000,1301.000000,993.000000,1380.000000,0.000000,3046.000000,0.000000,0.000000,1612.000000,303.000000,0.000000,0.000000,0.000000,0.000000,285.000000,1965.000000,0.000000,2048.000000,171.000000,4453.000000,0.000000,5.000000,700.000000,5.000000,0.000000,1160.000000,67.000000,0.000000,1.000000,2082.000000,0.000000,0.000000,1245.000000,0.000000,0.000000,1831.000000,9.000000,2727.000000,3111.000000,5726.000000,3272.000000,2038.000000,3668.000000,0.000000,2287.000000,378.000000,3109.000000,0.000000,0.000000,26.000000,5707.000000,306.000000,280.000000,0.000000,4102.000000,0.000000,3209.000000,3229.000000,1924.000000,305.000000,2393.000000,2606.000000,46.000000,0.000000,4.000000,0.000000,1934.000000,212.000000,334.000000,0.000000,1884.000000,77.000000,102.000000,608.000000,130.000000,1983.000000,2579.000000,38.000000,37.000000,762.000000,3078.000000,3778.000000,0.000000,826.000000,1822.000000,216.000000,291.000000,2215.000000,48.000000,607.000000,1351.000000,0.000000,1724.000000,22.000000,0.000000,55.000000,323.000000,21.000000,200.000000,738.000000,586.000000,772.000000,3.000000,150.000000,1294.000000,993.000000,0.000000,326.000000,17.000000,0.000000,204.000000,4.000000,201.000000,9.000000,1190.000000,0.000000,20.000000,1.000000,0.000000,0.000000,0.000000,0.000000,0.000000,0.000000,0.000000,0.000000,0.000000,2.000000,0.000000,0.000000,53.000000,0.000000,0.000000,0.000000,0.000000,34.000000,2800.000000,0.000000,1228.000000,0.000000,0.000000,1042.000000,2494.000000,5.000000,1062.000000,1.000000,0.000000,433.000000,36.000000,248.000000,11.000000,11.000000,0.000000,1931.000000,325.000000,15.000000,3849.000000,655.000000,19.000000,2710.000000,2340.000000,486.000000,0.000000,0.000000,28.000000,0.000000,0.000000,0.000000,132.000000,0.000000,0.000000,1682.000000,0.000000,0.000000,402.000000,0.000000,0.000000,3658.000000,3811.000000,6.000000,0.000000,1185.000000,1323.000000,584.000000,0.000000,161.000000,348.000000,422.000000,0.000000,0.000000,0.000000,447.000000,0.000000,1.000000,1083.000000,0.000000,4497.000000,1632.000000,4436.000000,4105.000000,344.000000,2594.000000,0.000000,927.000000,2494.000000,39.000000,12.000000,4244.000000,835.000000,3602.000000,1.000000,251.000000,370.000000,825.000000,1815.000000,65.000000,48.000000,621.000000,750.000000,4563.000000,287.000000,2175.000000,3681.000000,1293.000000,371.000000,6.000000,600.000000,0.000000,1026.000000,1335.000000,2.000000,1456.000000,441.000000,0.000000,1.000000,482.000000,1927.000000,268.000000,64.000000,149.000000,109.000000,0.000000,82.000000,1.000000,1253.000000,2517.000000,16.000000,227.000000,2101.000000,674.000000,1.000000,0.000000,1633.000000,245.000000,9.000000,430.000000,0.000000,451.000000,611.000000,2613.000000,113.000000,161.000000,114.000000,934.000000,3012.000000,164.000000,262.000000,1708.000000,4101.000000,16.000000,2636.000000,43.000000,9.000000,1104.000000,102.000000,399.000000,2809.000000,850.000000,31.000000,1.000000,519.000000,3139.000000,2002.000000,0.000000,253.000000,190.000000,600.000000,360.000000,303.000000,24.000000,408.000000,142.000000,4104.000000,4052.000000,0.000000,0.000000,3192.000000,46.000000,67.000000,0.000000,1264.000000,0.000000,351.000000,872.000000,0.000000,0.000000,515.000000,0.000000,2638.000000,0.000000,24.000000,2063.000000,0.000000,0.000000,0.000000,823.000000,0.000000,0.000000,289.000000,759.000000,428.000000,133.000000
    Mean Firing Rate (Hz),3.845000,0.015000,0.068333,2.933333,0.353333,0.411667,2.350000,0.086667,0.000000,1.641667,2.100000,0.591667,0.071667,3.661667,0.253333,0.858333,1.453333,0.061667,5.046667,4.611667,0.043333,3.908333,0.341667,3.586667,0.295000,3.608333,0.688333,4.410000,0.026667,0.000000,0.106667,4.031667,0.251667,5.686667,1.631667,1.316667,1.208333,0.005000,1.628333,3.023333,0.178333,5.628333,0.316667,0.480000,0.648333,0.003333,0.108333,0.056667,2.641667,0.001667,4.800000,0.078333,0.075000,3.618333,0.388333,0.748333,0.103333,0.988333,0.000000,4.076667,0.705000,0.001667,0.003333,0.021667,4.291667,0.798333,3.265000,0.000000,2.408333,0.000000,2.881667,4.081667,1.188333,8.158333,0.065000,0.133333,4.173333,0.005000,0.095000,5.285000,3.180000,0.008333,1.530000,3.826667,3.476667,0.045000,0.068333,2.088333,3.073333,0.000000,0.035000,0.013333,0.000000,2.898333,1.073333,1.398333,0.803333,0.008333,0.000000,0.001667,0.798333,0.161667,0.000000,0.000000,0.000000,3.851667,0.336667,4.385000,0.001667,0.000000,0.055000,0.140000,0.000000,0.000000,0.835000,4.773333,6.265000,3.528333,0.136667,3.910000,0.163333,6.121667,4.961667,6.613333,0.000000,0.490000,1.165000,2.775000,5.205000,1.841667,5.996667,0.000000,3.176667,0.100000,7.311667,6.310000,0.003333,1.826667,0.385000,0.140000,0.061667,3.025000,0.980000,8.575000,0.000000,0.000000,0.000000,0.305000,0.000000,0.003333,0.000000,0.000000,0.010000,0.336667,0.000000,0.000000,0.546667,0.000000,0.000000,0.000000,0.381667,0.001667,0.006667,0.443333,0.630000,0.000000,0.016667,0.000000,0.028333,0.858333,0.960000,0.000000,0.321667,3.546667,1.808333,7.215000,0.126667,0.083333,0.170000,0.898333,0.218333,0.001667,0.000000,0.000000,2.546667,0.001667,0.000000,2.190000,0.486667,0.098333,0.280000,0.190000,0.940000,3.233333,0.001667,1.121667,2.563333,6.626667,0.000000,0.551667,4.961667,0.155000,1.538333,0.003333,0.953333,0.343333,0.000000,0.000000,0.071667,5.108333,0.086667,0.000000,0.176667,8.228333,6.210000,0.496667,1.108333,0.880000,0.711667,0.590000,0.333333,2.158333,4.995000,0.921667,0.813333,1.325000,2.378333,0.000000,0.000000,4.116667,0.023333,0.000000,0.000000,0.000000,0.000000,0.000000,0.000000,0.000000,0.000000,0.000000,0.000000,2.926667,0.935000,0.816667,4.600000,1.553333,0.000000,0.000000,0.000000,0.000000,0.000000,0.000000,0.048333,0.000000,0.000000,0.000000,0.348333,0.048333,0.000000,7.348333,0.298333,0.631667,0.001667,0.006667,0.516667,3.146667,3.975000,4.161667,1.755000,0.080000,0.000000,0.000000,0.006667,4.405000,0.488333,0.360000,3.308333,1.433333,0.000000,3.623333,0.085000,1.266667,2.746667,0.151667,0.005000,0.021667,0.028333,0.000000,0.000000,1.170000,0.246667,0.431667,0.000000,0.000000,0.086667,1.805000,1.226667,0.420000,1.416667,1.406667,0.416667,0.118333,0.615000,0.015000,0.000000,0.000000,0.000000,0.000000,0.000000,0.000000,0.000000,0.000000,0.000000,0.000000,0.000000,0.000000,0.000000,0.000000,0.000000,0.000000,0.541667,2.396667,1.395000,1.228333,0.281667,1.466667,0.000000,0.000000,0.043333,0.000000,1.138333,3.185000,8.945000,5.621667,0.000000,0.000000,2.526667,0.013333,0.000000,2.325000,1.978333,0.000000,0.028333,0.101667,0.000000,0.000000,0.526667,0.000000,0.046667,0.000000,0.045000,0.000000,3.400000,0.006667,0.001667,0.080000,0.815000,2.665000,1.753333,8.671667,0.015000,1.520000,0.000000,2.433333,5.276667,3.080000,0.251667,0.000000,0.000000,7.400000,5.456667,0.000000,0.000000,0.001667,0.230000,3.226667,0.006667,0.000000,0.000000,0.000000,0.006667,0.000000,0.000000,0.000000,3.001667,0.000000,1.480000,1.538333,0.000000,3.396667,0.000000,0.283333,0.000000,0.535000,0.101667,2.461667,0.030000,1.330000,0.003333,0.055000,0.020000,0.546667,3.520000,0.020000,0.016667,0.000000,0.255000,0.001667,0.571667,0.003333,0.000000,2.478333,0.000000,0.000000,0.341667,1.496667,0.205000,0.003333,1.571667,1.341667,0.010000,0.151667,2.236667,0.000000,0.091667,0.003333,0.000000,0.583333,0.056667,2.613333,0.008333,2.316667,3.553333,0.000000,0.833333,0.998333,0.705000,4.808333,0.696667,1.766667,0.000000,3.670000,0.075000,0.015000,0.000000,0.000000,0.010000,2.168333,1.655000,2.300000,0.000000,5.076667,0.000000,0.000000,2.686667,0.505000,0.000000,0.000000,0.000000,0.000000,0.475000,3.275000,0.000000,3.413333,0.285000,7.421667,0.000000,0.008333,1.166667,0.008333,0.000000,1.933333,0.111667,0.000000,0.001667,3.470000,0.000000,0.000000,2.075000,0.000000,0.000000,3.051667,0.015000,4.545000,5.185000,9.543333,5.453333,3.396667,6.113333,0.000000,3.811667,0.630000,5.181667,0.000000,0.000000,0.043333,9.511667,0.510000,0.466667,0.000000,6.836667,0.000000,5.348333,5.381667,3.206667,0.508333,3.988333,4.343333,0.076667,0.000000,0.006667,0.000000,3.223333,0.353333,0.556667,0.000000,3.140000,0.128333,0.170000,1.013333,0.216667,3.305000,4.298333,0.063333,0.061667,1.270000,5.130000,6.296667,0.000000,1.376667,3.036667,0.360000,0.485000,3.691667,0.080000,1.011667,2.251667,0.000000,2.873333,0.036667,0.000000,0.091667,0.538333,0.035000,0.333333,1.230000,0.976667,1.286667,0.005000,0.250000,2.156667,1.655000,0.000000,0.543333,0.028333,0.000000,0.340000,0.006667,0.335000,0.015000,1.983333,0.000000,0.033333,0.001667,0.000000,0.000000,0.000000,0.000000,0.000000,0.000000,0.000000,0.000000,0.000000,0.003333,0.000000,0.000000,0.088333,0.000000,0.000000,0.000000,0.000000,0.056667,4.666667,0.000000,2.046667,0.000000,0.000000,1.736667,4.156667,0.008333,1.770000,0.001667,0.000000,0.721667,0.060000,0.413333,0.018333,0.018333,0.000000,3.218333,0.541667,0.025000,6.415000,1.091667,0.031667,4.516667,3.900000,0.810000,0.000000,0.000000,0.046667,0.000000,0.000000,0.000000,0.220000,0.000000,0.000000,2.803333,0.000000,0.000000,0.670000,0.000000,0.000000,6.096667,6.351667,0.010000,0.000000,1.975000,2.205000,0.973333,0.000000,0.268333,0.580000,0.703333,0.000000,0.000000,0.000000,0.745000,0.000000,0.001667,1.805000,0.000000,7.495000,2.720000,7.393333,6.841667,0.573333,4.323333,0.000000,1.545000,4.156667,0.065000,0.020000,7.073333,1.391667,6.003333,0.001667,0.418333,0.616667,1.375000,3.025000,0.108333,0.080000,1.035000,1.250000,7.605000,0.478333,3.625000,6.135000,2.155000,0.618333,0.010000,1.000000,0.000000,1.710000,2.225000,0.003333,2.426667,0.735000,0.000000,0.001667,0.803333,3.211667,0.446667,0.106667,0.248333,0.181667,0.000000,0.136667,0.001667,2.088333,4.195000,0.026667,0.378333,3.501667,1.123333,0.001667,0.000000,2.721667,0.408333,0.015000,0.716667,0.000000,0.751667,1.018333,4.355000,0.188333,0.268333,0.190000,1.556667,5.020000,0.273333,0.436667,2.846667,6.835000,0.026667,4.393333,0.071667,0.015000,1.840000,0.170000,0.665000,4.681667,1.416667,0.051667,0.001667,0.865000,5.231667,3.336667,0.000000,0.421667,0.316667,1.000000,0.600000,0.505000,0.040000,0.680000,0.236667,6.840000,6.753333,0.000000,0.000000,5.320000,0.076667,0.111667,0.000000,2.106667,0.000000,0.585000,1.453333,0.000000,0.000000,0.858333,0.000000,4.396667,0.000000,0.040000,3.438333,0.000000,0.000000,0.000000,1.371667,0.000000,0.000000,0.481667,1.265000,0.713333,0.221667
    ISI Coefficient of Variation,2.820088, , ,3.359344,1.129235,1.732610,2.709253, , ,2.634826,2.854541,1.527431, ,2.312964,1.153246,1.763570,2.157577, ,3.276310,2.522248, ,3.249632,1.539108,2.957125,1.412868,3.049109,1.475047,3.653219, , ,1.010215,3.594666,0.960233,3.688809,2.242251,1.835996,1.664331, ,2.004403,2.782736,1.342447,3.667056,1.777385,1.430764,1.116805, ,1.068387, ,2.913250, ,3.537160, , ,3.100844,1.402583,1.404633,0.816148,1.506760, ,3.373648,1.360457, , , ,3.768971,1.411217,3.292633, ,2.795997, ,3.013112,3.694911,1.857132,4.276196, ,1.050613,3.727021, , ,4.203430,3.819899, ,2.565553,4.208197,4.008982, , ,3.049906,3.749883, , , , ,3.633534,2.076489,2.428099,1.307195, , , ,1.299957,1.054423, , , ,3.375228,0.913307,3.691966, , , ,0.984704, , ,1.260702,3.464777,3.976951,2.962836,1.267581,3.193292,1.699947,3.936549,3.463498,4.178773, ,0.674027,1.526236,2.640202,4.033454,2.505460,2.383871, ,2.813077,1.070268,4.763669,4.396596, ,2.311172,1.555578,1.664169, ,2.845652,1.850931,4.967954, , , ,1.995309, , , , , ,1.236244, , ,1.611773, , , ,1.258300, , ,1.547793,1.808579, , , , ,1.901094,2.259956, ,1.734587,4.030076,3.148547,5.804816,1.072944, ,1.243188,2.755822,1.067673, , , ,3.220862, , ,3.583540,1.400309, ,1.717491,1.798080,1.541437,3.133846, ,1.713795,2.776830,4.560723, ,1.123819,3.817332,0.839253,2.056308, ,1.467891,0.994659, , , ,3.860946, , ,1.158300,4.900813,4.260641,1.006324,1.609712,1.357109,1.265022,0.975451,0.890286,2.378468,3.818112,1.411454,1.232638,1.642621,2.376824, , ,3.216717, , , , , , , , , , , ,3.027345,1.542267,1.361006,3.806875,2.110964, , , , , , , , , , ,2.147987, , ,1.538284,1.063962,1.548676, , ,1.610702,3.265413,3.998059,3.374518,2.398947, , , , ,3.952710,1.606270,1.240596,3.760879,2.450512, ,3.778279, ,2.517861,3.258079,1.605457, , , , , ,1.926378,1.280463,1.023310, , , ,2.356197,2.113312,1.314210,3.115073,3.371434,1.417690,0.947607,1.965225, , , , , , , , , , , , , , , , , ,1.131096,2.905666,2.168712,2.025912,0.893727,2.250017, , , , ,1.904206,3.447483,5.746940,4.585141, , ,3.430037, , ,3.269322,2.995538, , ,1.054316, , ,1.390379, , , , , ,4.013453, , , ,1.770154,3.374286,2.836706,6.312428, ,2.520123, ,3.338843,4.822176,3.605858,0.915265, , ,4.996790,4.279109, , , ,0.930637,3.247758, , , , , , , , ,2.625803, ,1.703680,1.802679, ,2.967496, ,1.134170, ,1.248112,2.353668,2.289752, ,2.399172, , , ,1.655433,3.586887, , , ,1.379906, ,1.746570, , ,3.083780, , ,1.492080,2.607564,1.997169, ,2.551831,2.219227, ,1.198623,2.649301, , , , ,2.152838, ,3.372400, ,3.215809,3.995902, ,2.043189,2.727792,2.139235,4.207783,2.061863,3.029496, ,4.411396, , , , , ,3.389497,2.876596,3.451832, ,5.143001, , ,3.696322,1.545398, , , , ,1.508913,4.151861, ,4.238977,1.134273,4.888359, , ,1.786479, , ,2.420083,0.846697, , ,3.326114, , ,2.514761, , ,3.633622, ,4.395708,4.736588,6.432206,4.858109,3.817839,5.143094, ,4.029207,1.361735,4.754307, , , ,5.998081,1.191699,1.160399, ,5.047573, ,4.474963,4.492909,3.453480,1.301710,3.867500,4.013564, , , , ,2.914736,1.072436,1.408077, ,2.882949,1.263514,1.141536,1.945205,1.264710,3.124677,3.096896, , ,1.681492,3.345225,3.742714, ,2.877844,3.917335,1.755185,1.527082,4.133120, ,2.315817,3.104081, ,3.730949, , , ,2.087241, ,1.714135,3.208451,1.843913,1.126985, ,1.494010,2.996777,2.232315, ,1.986452, , ,1.608125, ,1.957225, ,3.472338, , , , , , , , , , , , , , , , , , , , , ,4.226255, ,2.961964, , ,2.645391,4.262220, ,2.844615, , ,1.644605, ,1.036358, , , ,3.440531,1.519687, ,4.282280,2.012389, ,3.588226,3.252517,2.109998, , , , , , ,0.924945, , ,2.851621, , ,1.739407, , ,3.934000,3.753975, , ,2.107292,2.258094,1.529817, ,0.864690,1.712986,1.988384, , , ,1.475541, , ,2.129919, ,4.269483,2.678717,4.295638,4.223459,2.050014,3.420162, ,2.742042,3.339410, , ,4.435500,2.454730,4.202330, ,1.256844,1.289702,2.506541,3.012977,1.018755, ,2.188038,2.070027,4.652279,1.075629,3.575979,2.445150,2.636129,1.298966, ,2.179183, ,2.730394,3.105258, ,3.486390,2.555239, , ,1.834266,3.798285,1.403385,1.280493,1.321847,2.087637, ,1.377301, ,3.249329,4.389872, ,1.349596,4.281321,2.568954, , ,3.296190,1.246087, ,1.498066, ,2.096789,1.819983,3.931461,1.013088,1.132079,1.114973,2.340953,4.305392,1.073130,1.187345,3.167096,5.049369, ,3.914878, , ,2.543999,1.133834,1.740676,5.200468,2.779751, , ,2.152250,5.556717,1.081512, ,1.578963,1.213513,2.263405,1.482289,1.484296, ,1.497013,1.226484,5.125788,5.280768, , ,4.574886, ,1.074191, ,2.921268, ,1.370401,2.112072, , ,1.652424, ,4.027848, , ,3.729439, , , ,1.959533, , ,1.611717,1.969590,1.476833,2.696961
Electrode Burst Metrics
    Number of Bursts,102.000000,0.000000,0.000000,86.000000,2.000000,19.000000,74.000000,0.000000,0.000000,55.000000,74.000000,9.000000,1.000000,76.000000,0.000000,7.000000,64.000000,0.000000,136.000000,87.000000,0.000000,97.000000,11.000000,109.000000,11.000000,110.000000,23.000000,117.000000,0.000000,0.000000,0.000000,103.000000,1.000000,181.000000,61.000000,39.000000,5.000000,0.000000,45.000000,92.000000,1.000000,195.000000,13.000000,8.000000,0.000000,0.000000,0.000000,0.000000,99.000000,0.000000,153.000000,1.000000,0.000000,116.000000,8.000000,7.000000,0.000000,0.000000,0.000000,120.000000,8.000000,0.000000,0.000000,0.000000,173.000000,2.000000,173.000000,0.000000,162.000000,0.000000,168.000000,172.000000,19.000000,173.000000,0.000000,0.000000,172.000000,0.000000,0.000000,173.000000,134.000000,0.000000,53.000000,137.000000,136.000000,0.000000,0.000000,90.000000,134.000000,0.000000,0.000000,0.000000,0.000000,131.000000,4.000000,34.000000,0.000000,0.000000,0.000000,0.000000,0.000000,0.000000,0.000000,0.000000,0.000000,185.000000,0.000000,196.000000,0.000000,0.000000,0.000000,0.000000,0.000000,0.000000,1.000000,219.000000,265.000000,178.000000,2.000000,205.000000,0.000000,226.000000,157.000000,245.000000,0.000000,0.000000,1.000000,92.000000,133.000000,75.000000,129.000000,0.000000,42.000000,0.000000,164.000000,155.000000,0.000000,91.000000,8.000000,7.000000,2.000000,81.000000,22.000000,204.000000,0.000000,0.000000,0.000000,1.000000,0.000000,0.000000,0.000000,0.000000,0.000000,1.000000,0.000000,0.000000,22.000000,0.000000,0.000000,0.000000,6.000000,0.000000,0.000000,16.000000,13.000000,0.000000,0.000000,0.000000,0.000000,28.000000,65.000000,0.000000,10.000000,98.000000,90.000000,89.000000,1.000000,0.000000,0.000000,30.000000,0.000000,0.000000,0.000000,0.000000,101.000000,0.000000,0.000000,35.000000,9.000000,0.000000,8.000000,7.000000,2.000000,165.000000,0.000000,5.000000,141.000000,184.000000,0.000000,3.000000,173.000000,0.000000,29.000000,0.000000,0.000000,0.000000,0.000000,0.000000,0.000000,182.000000,0.000000,0.000000,2.000000,191.000000,191.000000,0.000000,1.000000,0.000000,1.000000,0.000000,0.000000,32.000000,191.000000,4.000000,1.000000,11.000000,138.000000,0.000000,0.000000,218.000000,0.000000,0.000000,0.000000,0.000000,0.000000,0.000000,0.000000,0.000000,0.000000,0.000000,0.000000,178.000000,0.000000,0.000000,182.000000,55.000000,0.000000,0.000000,0.000000,0.000000,0.000000,0.000000,0.000000,0.000000,0.000000,0.000000,12.000000,0.000000,0.000000,89.000000,2.000000,11.000000,0.000000,0.000000,9.000000,96.000000,107.000000,92.000000,53.000000,0.000000,0.000000,0.000000,0.000000,107.000000,5.000000,5.000000,77.000000,44.000000,0.000000,94.000000,0.000000,50.000000,75.000000,3.000000,0.000000,0.000000,0.000000,0.000000,0.000000,10.000000,3.000000,0.000000,0.000000,0.000000,0.000000,45.000000,20.000000,0.000000,41.000000,39.000000,3.000000,0.000000,9.000000,0.000000,0.000000,0.000000,0.000000,0.000000,0.000000,0.000000,0.000000,0.000000,0.000000,0.000000,0.000000,0.000000,0.000000,0.000000,0.000000,0.000000,0.000000,85.000000,45.000000,19.000000,0.000000,65.000000,0.000000,0.000000,0.000000,0.000000,9.000000,156.000000,160.000000,159.000000,0.000000,0.000000,117.000000,0.000000,0.000000,115.000000,103.000000,0.000000,0.000000,0.000000,0.000000,0.000000,4.000000,0.000000,0.000000,0.000000,0.000000,0.000000,133.000000,0.000000,0.000000,0.000000,2.000000,37.000000,111.000000,133.000000,0.000000,30.000000,0.000000,129.000000,125.000000,119.000000,1.000000,0.000000,0.000000,176.000000,175.000000,0.000000,0.000000,0.000000,0.000000,167.000000,0.000000,0.000000,0.000000,0.000000,0.000000,0.000000,0.000000,0.000000,93.000000,0.000000,18.000000,31.000000,0.000000,129.000000,0.000000,3.000000,0.000000,6.000000,6.000000,81.000000,0.000000,39.000000,0.000000,0.000000,0.000000,7.000000,98.000000,0.000000,0.000000,0.000000,4.000000,0.000000,21.000000,0.000000,0.000000,67.000000,0.000000,0.000000,9.000000,56.000000,11.000000,0.000000,55.000000,36.000000,0.000000,1.000000,66.000000,0.000000,1.000000,0.000000,0.000000,26.000000,0.000000,68.000000,0.000000,59.000000,78.000000,0.000000,31.000000,46.000000,37.000000,85.000000,30.000000,59.000000,0.000000,83.000000,0.000000,0.000000,0.000000,0.000000,0.000000,64.000000,87.000000,104.000000,0.000000,107.000000,0.000000,0.000000,107.000000,11.000000,0.000000,0.000000,0.000000,0.000000,12.000000,108.000000,0.000000,108.000000,0.000000,167.000000,0.000000,0.000000,13.000000,0.000000,0.000000,117.000000,0.000000,0.000000,0.000000,164.000000,0.000000,0.000000,106.000000,0.000000,0.000000,128.000000,0.000000,128.000000,128.000000,128.000000,128.000000,128.000000,128.000000,0.000000,128.000000,0.000000,128.000000,0.000000,0.000000,0.000000,151.000000,0.000000,2.000000,0.000000,153.000000,0.000000,151.000000,152.000000,151.000000,1.000000,150.000000,151.000000,1.000000,0.000000,0.000000,0.000000,111.000000,0.000000,7.000000,0.000000,120.000000,0.000000,4.000000,20.000000,2.000000,117.000000,120.000000,0.000000,0.000000,24.000000,141.000000,142.000000,0.000000,52.000000,80.000000,13.000000,16.000000,98.000000,0.000000,38.000000,67.000000,0.000000,80.000000,0.000000,0.000000,0.000000,27.000000,0.000000,16.000000,54.000000,12.000000,8.000000,0.000000,4.000000,42.000000,54.000000,0.000000,25.000000,1.000000,0.000000,8.000000,0.000000,18.000000,1.000000,67.000000,0.000000,0.000000,0.000000,0.000000,0.000000,0.000000,0.000000,0.000000,0.000000,0.000000,0.000000,0.000000,0.000000,0.000000,0.000000,0.000000,0.000000,0.000000,0.000000,0.000000,0.000000,133.000000,0.000000,113.000000,0.000000,0.000000,92.000000,132.000000,0.000000,87.000000,0.000000,0.000000,20.000000,0.000000,1.000000,0.000000,0.000000,0.000000,145.000000,7.000000,0.000000,161.000000,35.000000,0.000000,128.000000,74.000000,30.000000,0.000000,0.000000,0.000000,0.000000,0.000000,0.000000,1.000000,0.000000,0.000000,70.000000,0.000000,0.000000,15.000000,0.000000,0.000000,154.000000,177.000000,0.000000,0.000000,28.000000,30.000000,11.000000,0.000000,0.000000,20.000000,14.000000,0.000000,0.000000,0.000000,0.000000,0.000000,0.000000,56.000000,0.000000,127.000000,63.000000,154.000000,169.000000,11.000000,121.000000,0.000000,58.000000,129.000000,0.000000,0.000000,142.000000,36.000000,145.000000,0.000000,1.000000,0.000000,43.000000,107.000000,0.000000,0.000000,42.000000,45.000000,150.000000,1.000000,113.000000,111.000000,62.000000,7.000000,0.000000,35.000000,0.000000,47.000000,66.000000,0.000000,74.000000,40.000000,0.000000,0.000000,10.000000,94.000000,10.000000,1.000000,4.000000,12.000000,0.000000,3.000000,0.000000,84.000000,111.000000,0.000000,1.000000,102.000000,56.000000,0.000000,0.000000,78.000000,1.000000,0.000000,6.000000,0.000000,41.000000,28.000000,152.000000,0.000000,3.000000,0.000000,75.000000,154.000000,0.000000,3.000000,139.000000,153.000000,0.000000,160.000000,0.000000,0.000000,85.000000,3.000000,5.000000,120.000000,96.000000,0.000000,0.000000,45.000000,119.000000,69.000000,0.000000,12.000000,4.000000,34.000000,3.000000,3.000000,0.000000,6.000000,6.000000,136.000000,131.000000,0.000000,0.000000,121.000000,0.000000,0.000000,0.000000,97.000000,0.000000,4.000000,49.000000,0.000000,0.000000,15.000000,0.000000,102.000000,0.000000,0.000000,93.000000,0.000000,0.000000,0.000000,63.000000,0.000000,0.000000,6.000000,34.000000,7.000000,4.000000
    Burst Duration - Avg (sec),0.089473, , ,0.071465,0.036720,0.045314,0.054643, , ,0.097769,0.062384,0.083324,0.145840,0.108792, ,0.296183,0.057141, ,0.080103,0.104312, ,0.085146,0.036145,0.063632,0.018393,0.092120,0.034963,0.072691, , , ,0.084026,0.022800,0.082258,0.123165,0.117184,0.948656, ,0.070919,0.093438,0.075440,0.076601,0.089674,0.049020, , , , ,0.062817, ,0.057413,0.077360, ,0.100431,0.090950,0.034754, , , ,0.078746,0.048420, , , ,0.064742,0.076520,0.044181, ,0.033996, ,0.034816,0.063760,0.045512,0.081846, , ,0.047210, , ,0.079940,0.147216, ,0.114717,0.152131,0.140660, , ,0.123060,0.147380, , , , ,0.147049,0.139640,0.132875, , , , , , , , , ,0.053434, ,0.061664, , , , , , ,10.211440,0.063312,0.069733,0.034590,0.020760,0.048793, ,0.090513,0.091377,0.054967, , ,0.110240,0.040923,0.106643,0.066861,0.096713, ,0.125457, ,0.097327,0.099927, ,0.045685,0.051570,0.057280,0.346720,0.121044,0.045600,0.099647, , , ,3.536800, , , , , ,0.314560, , ,0.073564, , , ,0.014627, , ,0.054855,0.086000, , , , ,0.103000,0.058453, ,0.107304,0.121917,0.051453,0.312820,0.029760, , ,0.201208, , , , ,0.053829, , ,0.383399,0.059547, ,0.227620,0.416983,0.114240,0.077997, ,0.025872,0.063980,0.110330, ,0.013520,0.133759, ,0.088251, , , , , , ,0.110909, , ,0.021120,0.133899,0.101449, ,0.146240, ,0.202560, , ,0.159268,0.079184,0.097660,0.031520,0.049120,0.029555, , ,0.043967, , , , , , , , , , , ,0.054597, , ,0.065323,0.023396, , , , , , , , , , ,0.087460, , ,0.102048,0.946280,0.026749, , ,0.179911,0.086806,0.089652,0.081257,0.130709, , , , ,0.118127,0.314624,0.032672,0.088723,0.068620, ,0.082311, ,0.060550,0.083760,0.359733, , , , , ,0.629488,0.021733, , , , ,0.145696,0.278624, ,0.256773,0.256285,0.297893, ,0.534853, , , , , , , , , , , , , , , , , , ,0.144423,0.042439,0.064484, ,0.038823, , , , ,0.056080,0.066568,0.142159,0.111749, , ,0.100405, , ,0.079752,0.093293, , , , , ,0.045560, , , , , ,0.114567, , , ,0.197560,0.490692,0.081250,0.139263, ,0.126000, ,0.113359,0.274992,0.189804,0.012960, , ,0.105963,0.096992, , , , ,0.059310, , , , , , , , ,0.067782, ,0.138196,0.103946, ,0.063817, ,0.060373, ,0.093973,0.093587,0.067933, ,0.201986, , , ,0.314137,0.086360, , , ,0.074720, ,0.045291, , ,0.157965, , ,0.071804,0.072614,0.063484, ,0.102705,0.146222, ,0.019600,0.136200, ,0.042560, , ,0.095311, ,0.131325, ,0.087403,0.101806, ,0.087115,0.068177,0.061639,0.123016,0.100101,0.206785, ,0.093895, , , , , ,0.080584,0.113569,0.080692, ,0.138079, , ,0.171192,0.101476, , , , ,0.049087,0.100364, ,0.105599, ,0.108270, , ,0.063625, , ,0.050373, , , ,0.075941, , ,0.073024, , ,0.081217, ,0.162038,0.129964,0.179444,0.145311,0.097628,0.136439, ,0.124804, ,0.112846, , , ,0.134621, ,0.012880, ,0.124153, ,0.116257,0.118407,0.092094,0.092160,0.107185,0.110872,1.729680, , , ,0.060533, ,0.117909, ,0.069839, ,0.022360,0.195800,0.064640,0.064844,0.084185, , ,0.167070,0.082785,0.090275, ,0.063975,0.089860,0.127815,0.179260,0.088685, ,0.094537,0.068744, ,0.093877, , , ,0.054255, ,0.039425,0.065265,0.170440,0.068200, ,0.043640,0.267829,0.092601, ,0.103402,0.125600, ,0.113470, ,0.055644,0.053280,0.080672, , , , , , , , , , , , , , , , , , , , , ,0.090514, ,0.048306, , ,0.045234,0.077103, ,0.056307, , ,0.175440, ,0.039360, , , ,0.053550,0.100103, ,0.117386,0.077113, ,0.125563,0.250291,0.060611, , , , , , ,0.025920, , ,0.188775, , ,0.156491, , ,0.126964,0.110626, , ,0.596351,0.315744,0.169382, , ,0.100300,0.208423, , , , , , ,0.095204, ,0.135305,0.099764,0.113365,0.112580,0.307025,0.089581, ,0.074960,0.104090, , ,0.105281,0.202080,0.098324, ,0.040720, ,0.130112,0.074701, , ,0.094423,0.121762,0.118047,0.052400,0.092621,0.110324,0.083645,0.029474, ,0.156491, ,0.227295,0.154508, ,0.194011,0.066670, , ,0.324320,0.103859,0.170528,0.026400,0.023300,0.071627, ,0.100213, ,0.069892,0.088734, ,0.127280,0.080293,0.125081, , ,0.083825,0.035200, ,0.047187, ,0.049093,0.044623,0.086281, ,0.015067, ,0.056254,0.091442, ,0.473493,0.052024,0.092157, ,0.075722, , ,0.074983,0.189040,1.695984,0.106975,0.044408, , ,0.032869,0.102758,0.044449, ,0.040900,0.032320,0.147315,4.910267,0.025787, ,0.037733,0.032547,0.112041,0.112492, , ,0.118464, , , ,0.063029, ,0.028900,0.068539, , ,0.050688, ,0.099432, , ,0.079421, , , ,0.046756, , ,0.044707,0.048089,0.107829,0.578520
    Burst Duration - Std (sec),0.084201, , ,0.038456,0.025456,0.009697,0.033262, , ,0.145311,0.038542,0.159588, ,0.152190, ,0.300975,0.096306, ,0.102196,0.165407, ,0.042130,0.014302,0.075219,0.004012,0.093027,0.016511,0.047627, , , ,0.055147, ,0.130394,0.308043,0.370948,1.007816, ,0.179663,0.172786, ,0.092610,0.059825,0.017468, , , , ,0.075163, ,0.036636, , ,0.126281,0.027992,0.009726, , , ,0.045287,0.023858, , , ,0.022724,0.072464,0.009480, ,0.009293, ,0.016559,0.018038,0.020261,0.036459, , ,0.009764, , ,0.026886,0.027564, ,0.040268,0.030391,0.031160, , ,0.047395,0.025461, , , , ,0.032521,0.013077,0.030102, , , , , , , , , ,0.029827, ,0.042587, , , , , , , ,0.017354,0.055941,0.035306,0.001075,0.014132, ,0.022239,0.035025,0.024414, , , ,0.033488,0.080083,0.026625,0.112583, ,0.255428, ,0.069993,0.124670, ,0.025524,0.020316,0.017971,0.412837,0.162350,0.023083,0.120251, , , , , , , , , , , , ,0.028543, , , ,0.002639, , ,0.023733,0.055648, , , , ,0.049223,0.209272, ,0.036316,0.185956,0.020276,0.241196, , , ,0.146763, , , , ,0.021647, , ,0.432998,0.028313, ,0.393677,0.189314,0.009277,0.048526, ,0.016232,0.033517,0.032150, ,0.005196,0.034062, ,0.037470, , , , , , ,0.054964, , ,0.006675,0.056579,0.073280, , , , , , ,0.047406,0.054981,0.050022, ,0.020942,0.013888, , ,0.019271, , , , , , , , , , , ,0.056246, , ,0.055530,0.021451, , , , , , , , , , ,0.063013, , ,0.093622,1.318443,0.010192, , ,0.252611,0.084910,0.091928,0.070500,0.045435, , , , ,0.098057,0.193363,0.018384,0.036919,0.026132, ,0.046861, ,0.027034,0.035082,0.343451, , , , , ,0.510952,0.005028, , , , ,0.167904,0.272913, ,0.356068,0.344739,0.419734, ,0.450355, , , , , , , , , , , , , , , , , , ,0.043915,0.025799,0.035620, ,0.021048, , , , ,0.041766,0.021558,0.040840,0.069570, , ,0.015825, , ,0.050336,0.042733, , , , , ,0.014433, , , , , ,0.181375, , , ,0.000283,0.658349,0.057116,0.084614, ,0.127926, ,0.156526,0.329931,0.457272, , , ,0.013436,0.025871, , , , ,0.031365, , , , , , , , ,0.033369, ,0.132752,0.101288, ,0.027826, ,0.003761, ,0.050619,0.028646,0.030380, ,0.085833, , , ,0.222291,0.063297, , , ,0.039383, ,0.017284, , ,0.126527, , ,0.020758,0.031075,0.023305, ,0.085254,0.225934, , ,0.117438, , , , ,0.081920, ,0.165605, ,0.030743,0.034486, ,0.055587,0.014570,0.020125,0.046280,0.034600,0.075067, ,0.035711, , , , , ,0.042519,0.011555,0.030251, ,0.026111, , ,0.030522,0.014874, , , , ,0.014195,0.020492, ,0.016146, ,0.030686, , ,0.040557, , ,0.009184, , , ,0.026529, , ,0.069347, , ,0.023369, ,0.033538,0.022610,0.020469,0.029361,0.034100,0.020689, ,0.052154, ,0.016963, , , ,0.032401, ,0.002715, ,0.036189, ,0.047855,0.029068,0.048401, ,0.017598,0.022838, , , , ,0.061097, ,0.064788, ,0.121904, ,0.006495,0.275150,0.015952,0.024280,0.081861, , ,0.232014,0.042075,0.056330, ,0.025112,0.039119,0.062671,0.093122,0.032561, ,0.057847,0.033018, ,0.040728, , , ,0.020807, ,0.020074,0.041964,0.163820,0.034466, ,0.016182,0.088701,0.026498, ,0.086929, , ,0.046686, ,0.029315, ,0.029148, , , , , , , , , , , , , , , , , , , , , ,0.025861, ,0.015678, , ,0.017609,0.082126, ,0.015759, , ,0.267811, , , , , ,0.014136,0.035222, ,0.120444,0.022742, ,0.208945,0.258115,0.016786, , , , , , , , , ,0.287925, , ,0.257695, , ,0.187900,0.204503, , ,0.346933,0.331732,0.212107, , ,0.031173,0.078277, , , , , , ,0.262962, ,0.125283,0.141173,0.120192,0.112821,0.242513,0.179134, ,0.020678,0.191875, , ,0.084370,0.183819,0.099083, , , ,0.187783,0.055313, , ,0.117490,0.210908,0.142570, ,0.126820,0.153560,0.051476,0.013369, ,0.297009, ,0.301964,0.230197, ,0.121195,0.031525, , ,0.356323,0.074819,0.120476, ,0.004299,0.019704, ,0.065221, ,0.066541,0.036284, , ,0.036636,0.040231, , ,0.043803, , ,0.005711, ,0.017385,0.013685,0.055947, ,0.001487, ,0.020870,0.049421, ,0.371136,0.017139,0.026451, ,0.061051, , ,0.020055,0.091177,0.490979,0.032169,0.008919, , ,0.008720,0.023986,0.045339, ,0.010887,0.013781,0.352964,4.276788,0.006893, ,0.014962,0.011489,0.034245,0.026005, , ,0.032902, , , ,0.019125, ,0.013182,0.096873, , ,0.013937, ,0.022938, , ,0.019579, , , ,0.029596, , ,0.037227,0.026080,0.053762,0.229155
    Number of Spikes per Burst - Avg,14.352941, , ,16.488372,5.000000,6.000000,13.594595, , ,11.981818,12.378378,6.111111,5.000000,12.631579, ,10.571429,9.328125, ,15.713235,15.551724, ,18.288660,5.454545,12.743119,4.636364,13.409091,5.739130,18.495726, , , ,19.116505,4.000000,16.154696,11.213115,7.256410,17.000000, ,7.977778,12.586957,5.000000,14.871795,6.692308,5.250000, , , , ,12.919192, ,15.267974,4.000000, ,13.258621,6.500000,5.428571, , , ,16.183333,6.125000, , , ,14.115607,6.000000,11.104046, ,8.500000, ,8.809524,13.936047,6.315789,18.768786, , ,13.697674, , ,17.502890,14.029851, ,8.377358,16.722628,15.220588, , ,9.755556,13.567164, , , , ,12.854962,8.500000,8.529412, , , , , , , , , ,10.832432, ,12.836735, , , , , , ,36.000000,11.191781,12.550943,8.213483,4.000000,9.848780, ,14.053097,12.006369,15.028571, , ,8.000000,7.826087,20.984962,10.653333,19.116279, ,9.880952, ,24.201220,21.483871, ,7.956044,5.500000,4.571429,8.000000,12.604938,6.000000,23.039216, , , ,58.000000, , , , , ,10.000000, , ,6.454545, , , ,4.000000, , ,6.000000,6.923077, , , , ,7.678571,6.476923, ,7.300000,18.683673,10.800000,43.325843,4.000000, , ,13.166667, , , , ,12.930693, , ,26.771429,6.555556, ,6.750000,8.142857,7.000000,10.175758, ,5.200000,8.765957,20.804348, ,4.666667,15.774566, ,7.586207, , , , , , ,16.219780, , ,4.500000,25.439791,18.581152, ,8.000000, ,8.000000, , ,10.843750,14.774869,6.500000,5.000000,6.636364,7.217391, , ,10.954128, , , , , , , , , , , ,9.443820, , ,13.802198,5.927273, , , , , , , , , , ,6.833333, , ,18.943820,7.500000,5.000000, , ,6.666667,16.437500,20.140187,18.217391,13.509434, , , , ,20.149533,15.600000,4.800000,21.727273,11.250000, ,20.382979, ,11.640000,17.613333,6.333333, , , , , ,13.100000,4.000000, , , , ,13.511111,11.850000, ,16.560976,16.538462,7.666667, ,23.666667, , , , , , , , , , , , , , , , , , ,10.482353,6.466667,6.631579, ,6.784615, , , , ,6.333333,11.858974,32.068750,20.572327, , ,12.743590, , ,10.965217,10.029126, , , , , ,5.250000, , , , , ,14.879699, , , ,8.000000,24.594595,8.054054,34.872180, ,8.366667, ,10.612403,22.768000,13.025210,4.000000, , ,24.869318,18.222857, , , , ,10.670659, , , , , , , , ,11.451613, ,18.555556,10.225806, ,11.627907, ,6.000000, ,8.166667,5.333333,11.308642, ,15.000000, , , ,21.285714,16.744898, , , ,6.500000, ,7.047619, , ,15.656716, , ,6.333333,11.178571,8.090909, ,11.254545,11.361111, ,4.000000,10.636364, ,5.000000, , ,7.076923, ,18.073529, ,18.440678,23.705128, ,7.548387,11.326087,6.972973,29.129412,7.866667,13.745763, ,24.759036, , , , , ,15.953125,9.839080,12.471154, ,27.018692, , ,14.747664,6.090909, , , , ,5.500000,17.768519, ,18.518519, ,24.880240, , ,6.615385, , ,7.435897, , , ,11.865854, , ,8.122642, , ,13.898438, ,20.570313,23.343750,43.609375,24.835938,15.140625,27.578125, ,16.875000, ,23.656250, , , ,36.350993, ,4.000000, ,25.607843, ,20.423841,20.506579,12.589404,6.000000,15.686667,16.596026,8.000000, , , ,13.054054, ,7.142857, ,11.800000, ,4.250000,13.950000,5.500000,13.589744,16.991667, , ,9.750000,17.354610,21.133803, ,12.576923,20.425000,8.461538,7.562500,20.418367, ,10.842105,15.328358, ,18.937500, , , ,8.296296, ,6.125000,12.462963,12.583333,7.375000, ,4.750000,21.690476,12.611111, ,7.040000,4.000000, ,7.875000, ,7.166667,4.000000,15.402985, , , , , , , , , , , , , , , , , , , , , ,19.436090, ,9.946903, , ,8.326087,18.227273, ,10.977011, , ,7.650000, ,5.000000, , , ,12.731034,7.000000, ,20.782609,7.885714, ,15.460938,18.878378,6.433333, , , , , , ,4.000000, , ,14.685714, , ,7.533333, , ,18.629870,17.045198, , ,16.607143,15.466667,8.090909, , ,7.200000,9.214286, , , , , , ,9.803571, ,27.385827,15.444444,24.603896,20.940828,14.909091,16.851240, ,12.413793,15.085271, , ,24.908451,14.777778,20.834483, ,5.000000, ,12.162791,12.392523, , ,9.666667,8.644444,25.720000,5.000000,16.212389,17.765766,14.661290,5.857143, ,9.457143, ,14.063830,15.196970, ,16.418919,7.250000, , ,11.200000,17.744681,6.900000,4.000000,4.250000,6.333333, ,5.666667, ,12.928571,20.738739, ,6.000000,19.470588,9.232143, , ,16.769231,5.000000, ,7.333333, ,7.219512,6.321429,15.967105, ,4.000000, ,8.586667,18.220779, ,9.333333,11.330935,25.862745, ,15.681250, , ,9.658824,8.333333,32.000000,22.808333,7.458333, , ,6.222222,25.781513,8.347826, ,5.333333,4.750000,7.794118,20.000000,5.000000, ,5.666667,4.666667,27.985294,29.923664, , ,24.380165, , , ,11.453608, ,5.750000,7.673469, , ,6.733333, ,23.823529, , ,18.731183, , , ,6.888889, , ,5.166667,7.382353,7.428571,21.000000
    Number of Spikes per Burst - Std,8.795416, , ,4.434475,0.000000,0.881917,3.431997, , ,4.739475,2.778108,2.619372, ,7.017772, ,4.035556,6.424296, ,7.473319,7.648922, ,5.022779,0.820200,4.314926,0.809040,3.727644,0.963771,6.870256, , , ,5.612138, ,8.945411,5.225306,3.574161,12.267844, ,2.378778,8.291598, ,8.467584,1.887883,0.462910, , , , ,4.814258, ,7.125756, , ,9.790964,1.069045,0.786796, , , ,4.900666,0.991031, , , ,2.555987,1.414214,1.585045, ,1.397647, ,1.299251,2.527390,0.749269,3.513058, , ,1.750988, , ,3.262943,2.069980, ,1.496488,2.680896,2.737101, , ,1.927396,1.642700, , , , ,1.797957,1.000000,0.895622, , , , , , , , , ,1.876348, ,3.230286, , , , , , , ,1.465107,3.811646,1.656843,0.000000,1.955776, ,2.906975,1.988740,3.929084, , , ,2.120588,7.871107,2.673662,8.550976, ,4.139061, ,8.118886,11.266174, ,1.357384,0.755929,0.534522,5.656854,9.693656,1.195229,17.489714, , , , , , , , , , , , ,1.143398, , , ,0.000000, , ,1.154701,1.754116, , , , ,1.656716,1.871728, ,2.002776,20.041502,2.500337,26.222724, , , ,8.518067, , , , ,3.771624, , ,29.780655,1.666667, ,3.615443,2.115701,0.000000,2.817523, ,0.447214,1.730559,5.851979, ,1.154701,3.272692, ,0.945563, , , , , , ,5.444450, , ,0.707107,9.491563,8.708886, , , , , , ,1.952821,5.768024,1.000000, ,1.206045,1.438466, , ,2.537771, , , , , , , , , , , ,3.319126, , ,4.656653,0.741733, , , , , , , , , , ,2.289634, , ,9.155673,4.949747,0.774597, , ,2.179449,5.059254,7.919940,5.361290,4.245462, , , , ,11.198723,8.502941,0.447214,9.095453,4.539875, ,7.758598, ,6.336677,8.223061,1.154701, , , , , ,4.954235,0.000000, , , , ,13.067347,6.953038, ,18.474372,14.932913,3.785939, ,19.780040, , , , , , , , , , , , , , , , , , ,1.673404,0.894427,0.955134, ,1.152339, , , , ,1.000000,2.162581,4.256142,3.710162, , ,1.815422, , ,2.815778,1.711875, , , , , ,0.500000, , , , , ,7.125538, , , ,0.000000,25.626006,1.313135,14.359251, ,1.751518, ,3.062653,17.345696,14.959529, , , ,3.035028,3.044034, , , , ,2.518469, , , , , , , , ,3.740251, ,26.277305,4.356678, ,3.982520, ,1.000000, ,3.371449,1.032796,4.346383, ,5.443490, , , ,12.459458,7.027650, , , ,1.914854, ,1.802115, , ,9.197418, , ,1.322876,4.277243,3.300138, ,4.389458,6.833333, , ,3.652760, , , , ,2.313838, ,8.399211, ,7.309114,7.879134, ,1.804415,2.530299,1.462237,11.700415,1.613164,3.902224, ,10.335341, , , , , ,8.832533,1.641565,2.465123, ,3.649713, , ,1.560681,0.301511, , , , ,0.674200,2.624851, ,3.225139, ,3.113907, , ,1.386750, , ,0.531501, , , ,2.106153, , ,2.136766, , ,1.601377, ,2.984695,2.976119,3.980730,3.700984,2.874636,3.768099, ,3.289209, ,2.868338, , , ,4.289831, ,0.000000, ,2.936242, ,3.211307,3.036198,2.017495, ,2.320428,2.608138, , , , ,4.020036, ,1.069045, ,5.354021, ,0.500000,8.562310,0.707107,3.755809,5.853241, , ,4.464838,5.323982,7.596405, ,4.512928,11.268613,2.787334,1.412740,8.849164, ,3.824009,6.387459, ,9.642133, , , ,1.996436, ,1.668333,6.951891,8.712148,0.916125, ,0.500000,10.489223,2.729411, ,2.922328, , ,2.295181, ,2.662374, ,7.204922, , , , , , , , , , , , , , , , , , , , , ,4.452363, ,1.797025, , ,1.130095,6.263417, ,2.491740, , ,3.344674, , , , , ,2.693240,1.414214, ,8.847807,1.207122, ,13.918154,12.997316,0.817200, , , , , , , , , ,11.863405, , ,3.700708, , ,16.709729,16.704592, , ,5.144859,9.058177,2.165851, , ,1.542384,2.224983, , , , , , ,10.200570, ,29.249080,12.669213,18.701095,13.497665,9.342960,18.033608, ,3.276897,14.760606, , ,14.809861,6.961573,15.456486, , , ,8.283461,3.586550, , ,5.326724,2.595061,20.075736, ,14.954963,12.026452,5.994379,1.069045, ,6.227750, ,12.527195,13.769777, ,5.809786,1.126601, , ,7.524774,6.729707,1.370320, ,0.500000,1.497473, ,1.154701, ,3.103770,6.793997, , ,7.213444,1.684054, , ,7.094763, , ,1.751190, ,1.313625,0.904866,3.336369, ,0.000000, ,1.867889,4.443173, ,4.041452,2.285393,5.569015, ,2.587760, , ,1.769806,3.055050,6.964194,4.006918,0.780238, , ,0.926599,4.104895,1.869461, ,0.778499,0.500000,6.337858,13.000000,0.000000, ,0.516398,1.211060,8.431849,7.016046, , ,6.750625, , , ,2.428222, ,0.957427,1.863998, , ,0.961150, ,4.401646, , ,4.344261, , , ,1.345376, , ,1.169045,1.651715,2.149197,12.192894
    Mean ISI within Burst - Avg (sec),0.006619, , ,0.004986,0.009180,0.009099,0.004462, , ,0.007009,0.005498,0.011022,0.036460,0.007803, ,0.024946,0.005572, ,0.005106,0.005997, ,0.005053,0.007992,0.005121,0.005212,0.007034,0.007287,0.004059, , , ,0.004670,0.007600,0.004756,0.008685,0.009606,0.045492, ,0.007377,0.006414,0.018860,0.005032,0.015417,0.011446, , , , ,0.004970, ,0.004052,0.025787, ,0.007462,0.016559,0.007757, , , ,0.005449,0.009116, , , ,0.004853,0.013807,0.004384, ,0.004551, ,0.004406,0.004903,0.008352,0.004449, , ,0.003713, , ,0.004770,0.011404, ,0.015080,0.009748,0.009926, , ,0.013472,0.011783, , , , ,0.012339,0.018710,0.017564, , , , , , , , , ,0.005316, ,0.004868, , , , , , ,0.291755,0.006249,0.005408,0.004470,0.006920,0.005485, ,0.007032,0.008249,0.003815, , ,0.015749,0.005488,0.005430,0.006983,0.005097, ,0.009332, ,0.004199,0.004493, ,0.006428,0.011294,0.015707,0.038162,0.008341,0.008739,0.004220, , , ,0.062049, , , , , ,0.034951, , ,0.013243, , , ,0.004876, , ,0.010607,0.013542, , , , ,0.015048,0.007472, ,0.017380,0.006448,0.005282,0.007483,0.009920, , ,0.016312, , , , ,0.004591, , ,0.012615,0.010856, ,0.025196,0.056946,0.019040,0.007759, ,0.005919,0.007820,0.005686, ,0.003639,0.009127, ,0.012924, , , , , , ,0.006845, , ,0.005963,0.005425,0.005118, ,0.020891, ,0.028937, , ,0.016059,0.005318,0.016760,0.007880,0.008416,0.004626, , ,0.004359, , , , , , , , , , , ,0.005376, , ,0.004515,0.004521, , , , , , , , , , ,0.014182, , ,0.005514,0.096261,0.006570, , ,0.024253,0.005600,0.004973,0.004817,0.010699, , , , ,0.006204,0.021289,0.008421,0.004605,0.007070, ,0.004523, ,0.006214,0.005484,0.064253, , , , , ,0.043825,0.007244, , , , ,0.011570,0.021442, ,0.013757,0.013489,0.032062, ,0.023392, , , , , , , , , , , , , , , , , , ,0.014974,0.007445,0.010824, ,0.006484, , , , ,0.009701,0.006086,0.004550,0.005538, , ,0.008708, , ,0.007526,0.010036, , , , , ,0.010580, , , , , ,0.006745, , , ,0.028223,0.011521,0.010931,0.003997, ,0.015646, ,0.010656,0.008496,0.007570,0.004320, , ,0.004478,0.005608, , , , ,0.005919, , , , , , , , ,0.006612, ,0.010305,0.010894, ,0.006085, ,0.012371, ,0.012799,0.021943,0.006704, ,0.014291, , , ,0.014158,0.005811, , , ,0.013074, ,0.007577, , ,0.010332, , ,0.013727,0.007540,0.009411, ,0.009448,0.010880, ,0.006533,0.012478, ,0.010640, , ,0.013452, ,0.007443, ,0.005628,0.004900, ,0.012980,0.006782,0.010334,0.004877,0.014604,0.016312, ,0.004157, , , , , ,0.006011,0.013188,0.006939, ,0.005330, , ,0.012469,0.019962, , , , ,0.010834,0.006016, ,0.006134, ,0.004490, , ,0.010434, , ,0.007822, , , ,0.006994, , ,0.009189, , ,0.006173, ,0.008313,0.005855,0.004222,0.006107,0.006789,0.005165, ,0.007655, ,0.005013, , , ,0.003774, ,0.004293, ,0.005002, ,0.005923,0.006090,0.007738,0.018432,0.007387,0.007192,0.247097, , , ,0.005005, ,0.018317, ,0.005415, ,0.006987,0.010981,0.014262,0.005382,0.005239, , ,0.014899,0.005230,0.004561, ,0.005687,0.005201,0.016516,0.026247,0.005112, ,0.009546,0.005161, ,0.005833, , , ,0.007546, ,0.007456,0.005647,0.013228,0.010274, ,0.011487,0.014533,0.008249, ,0.015358,0.041867, ,0.016277, ,0.009157,0.017760,0.006217, , , , , , , , , , , , , , , , , , , , , ,0.005095, ,0.005396, , ,0.006146,0.004235, ,0.005739, , ,0.019794, ,0.009840, , , ,0.004605,0.016697, ,0.005660,0.011085, ,0.007488,0.013285,0.011079, , , , , , ,0.008640, , ,0.010037, , ,0.016965, , ,0.006553,0.005633, , ,0.036811,0.018557,0.020101, , ,0.016220,0.025303, , , , , , ,0.008262, ,0.005690,0.005678,0.004659,0.005569,0.020534,0.004944, ,0.006810,0.006473, , ,0.004562,0.014128,0.004796, ,0.010180, ,0.010321,0.006426, , ,0.009797,0.012580,0.004522,0.013100,0.005899,0.006028,0.006190,0.005901, ,0.012657, ,0.015184,0.008929, ,0.012545,0.010506, , ,0.022618,0.006411,0.027075,0.008800,0.007227,0.013815, ,0.023336, ,0.005837,0.004639, ,0.025456,0.004384,0.015247, , ,0.005441,0.008800, ,0.007939, ,0.008118,0.008258,0.005754, ,0.005022, ,0.007445,0.005392, ,0.048166,0.005033,0.003773, ,0.004928, , ,0.008689,0.025175,0.054084,0.004996,0.006892, , ,0.006301,0.004229,0.005632, ,0.009382,0.008487,0.011011,0.186507,0.006447, ,0.008099,0.008924,0.004278,0.003969, , ,0.005313, , , ,0.006087, ,0.006005,0.008876, , ,0.008871, ,0.004439, , ,0.004622, , , ,0.007454, , ,0.009607,0.007303,0.016259,0.032865
    Mean ISI within Burst - Std (sec),0.003349, , ,0.003377,0.006364,0.001264,0.002506, , ,0.005492,0.002967,0.011877, ,0.004207, ,0.017318,0.002380, ,0.003034,0.004309, ,0.002366,0.002241,0.003482,0.001415,0.005538,0.002913,0.001759, , , ,0.002791, ,0.002819,0.011906,0.017284,0.036038, ,0.011091,0.004747, ,0.002776,0.007785,0.003134, , , , ,0.002496, ,0.001833, , ,0.003379,0.003916,0.000971, , , ,0.002807,0.002764, , , ,0.001229,0.010588,0.000727, ,0.000902, ,0.001345,0.001022,0.003037,0.001280, , ,0.000498, , ,0.001071,0.001995, ,0.004770,0.001596,0.001613, , ,0.004239,0.001961, , , , ,0.002107,0.001380,0.003343, , , , , , , , , ,0.001956, ,0.001853, , , , , , , ,0.001457,0.002834,0.002377,0.000358,0.001174, ,0.001651,0.002502,0.000869, , , ,0.002587,0.002368,0.002208,0.002558, ,0.011726, ,0.001756,0.001755, ,0.002772,0.003608,0.002895,0.028137,0.004613,0.002746,0.001426, , , , , , , , , , , , ,0.003748, , , ,0.000880, , ,0.002805,0.005432, , , , ,0.005708,0.011180, ,0.005010,0.002533,0.001798,0.002123, , , ,0.003451, , , , ,0.001629, , ,0.006912,0.004188, ,0.030344,0.016194,0.001546,0.003394, ,0.002832,0.002791,0.001406, ,0.000230,0.001920, ,0.004449, , , , , , ,0.002196, , ,0.000702,0.001186,0.002126, , , , , , ,0.003194,0.002177,0.007379, ,0.002285,0.001354, , ,0.001234, , , , , , , , , , , ,0.003456, , ,0.002294,0.002501, , , , , , , , , , ,0.003981, , ,0.001911,0.129534,0.002152, , ,0.026004,0.003022,0.002634,0.003665,0.002687, , , , ,0.003636,0.001629,0.004322,0.001948,0.002214, ,0.002546, ,0.002383,0.002062,0.053773, , , , , ,0.026614,0.001676, , , , ,0.007012,0.012417, ,0.007122,0.005944,0.033881, ,0.005882, , , , , , , , , , , , , , , , , , ,0.002998,0.003275,0.004755, ,0.002539, , , , ,0.005095,0.001519,0.000807,0.001586, , ,0.001676, , ,0.003511,0.003764, , , , , ,0.002292, , , , , ,0.004095, , , ,0.000040,0.009462,0.004159,0.000636, ,0.008468, ,0.004746,0.005644,0.008939, , , ,0.000609,0.001243, , , , ,0.002485, , , , , , , , ,0.002762, ,0.003365,0.006125, ,0.002166, ,0.002269, ,0.001322,0.006280,0.002139, ,0.003148, , , ,0.003081,0.003878, , , ,0.005323, ,0.002413, , ,0.004664, , ,0.003508,0.002954,0.001625, ,0.004300,0.007184, , ,0.006585, , , , ,0.008435, ,0.004438, ,0.002829,0.002322, ,0.007446,0.001471,0.003076,0.002521,0.004075,0.003835, ,0.001139, , , , , ,0.002997,0.002276,0.002173, ,0.000845, , ,0.001828,0.002972, , , , ,0.002416,0.001060, ,0.000979, ,0.000928, , ,0.004996, , ,0.001260, , , ,0.001853, , ,0.004569, , ,0.001138, ,0.001619,0.000901,0.000401,0.000900,0.001845,0.000634, ,0.002626, ,0.000696, , , ,0.000546, ,0.000905, ,0.001024, ,0.001217,0.001111,0.001852, ,0.001291,0.001364, , , , ,0.003630, ,0.007875, ,0.003359, ,0.002354,0.008641,0.001304,0.002146,0.002917, , ,0.009336,0.002276,0.002038, ,0.001389,0.001809,0.004980,0.007527,0.002467, ,0.002729,0.002581, ,0.002318, , , ,0.002474, ,0.002670,0.000987,0.004008,0.004344, ,0.003400,0.004334,0.002635, ,0.005674, , ,0.002082, ,0.003125, ,0.002411, , , , , , , , , , , , , , , , , , , , , ,0.001661, ,0.001354, , ,0.002064,0.001579, ,0.001350, , ,0.018745, , , , , ,0.000859,0.004664, ,0.002149,0.002591, ,0.003194,0.002950,0.002638, , , , , , , , , ,0.008934, , ,0.020894, , ,0.002524,0.002829, , ,0.006803,0.007577,0.017454, , ,0.003854,0.005767, , , , , , ,0.003130, ,0.002839,0.002404,0.001432,0.002660,0.004271,0.001557, ,0.001820,0.003056, , ,0.001818,0.007121,0.001683, , , ,0.002875,0.002653, , ,0.003898,0.013210,0.001625, ,0.002678,0.003117,0.002017,0.001265, ,0.011901, ,0.005317,0.004160, ,0.006827,0.003793, , ,0.017174,0.004181,0.016101, ,0.001401,0.003710, ,0.018004, ,0.003674,0.001613, , ,0.001061,0.004248, , ,0.001633, , ,0.002426, ,0.003013,0.001942,0.002883, ,0.000496, ,0.002388,0.002417, ,0.032723,0.001328,0.000969, ,0.002782, , ,0.001778,0.002179,0.003712,0.001743,0.001232, , ,0.001365,0.001397,0.002595, ,0.002038,0.003010,0.017611,0.158088,0.001723, ,0.002909,0.001872,0.000865,0.000698, , ,0.001563, , , ,0.001510, ,0.002292,0.006894, , ,0.002342, ,0.001126, , ,0.001230, , , ,0.003526, , ,0.005594,0.002771,0.002600,0.011337
    Median ISI within Burst - Avg (sec),0.004739, , ,0.003725,0.008820,0.008217,0.003663, , ,0.005228,0.004232,0.009876,0.034720,0.005697, ,0.014040,0.004931, ,0.003407,0.004107, ,0.003512,0.006640,0.003534,0.004385,0.004588,0.005661,0.003141, , , ,0.003759,0.007520,0.003474,0.006450,0.005432,0.016920, ,0.005753,0.004906,0.018080,0.003631,0.012277,0.010625, , , , ,0.003761, ,0.003072,0.019920, ,0.005353,0.015530,0.007086, , , ,0.004042,0.008205, , , ,0.003367,0.013060,0.003718, ,0.003836, ,0.003692,0.004251,0.007514,0.003167, , ,0.003016, , ,0.003325,0.006263, ,0.005915,0.004902,0.004497, , ,0.004196,0.007923, , , , ,0.006359,0.009480,0.011662, , , , , , , , , ,0.004094, ,0.003269, , , , , , ,0.088240,0.005733,0.003154,0.003624,0.006240,0.004314, ,0.005124,0.006435,0.003018, , ,0.007040,0.004529,0.003953,0.005391,0.003784, ,0.007076, ,0.003290,0.003354, ,0.005041,0.010950,0.015337,0.013920,0.005143,0.008351,0.003091, , , ,0.028160, , , , , ,0.010320, , ,0.011362, , , ,0.004213, , ,0.009692,0.009191, , , , ,0.010733,0.005876, ,0.016536,0.004202,0.004000,0.005685,0.012240, , ,0.013807, , , , ,0.003409, , ,0.009862,0.009098, ,0.012885,0.050229,0.009000,0.005082, ,0.004472,0.005965,0.003703, ,0.003547,0.005530, ,0.008043, , , , , , ,0.003608, , ,0.004160,0.003102,0.002997, ,0.009840, ,0.009600, , ,0.008876,0.003214,0.008440,0.007680,0.007185,0.003835, , ,0.003567, , , , , , , , , , , ,0.003166, , ,0.002983,0.003901, , , , , , , , , , ,0.011270, , ,0.003896,0.031200,0.005164, , ,0.015640,0.004123,0.004063,0.003493,0.008582, , , , ,0.003861,0.018568,0.008016,0.003485,0.005742, ,0.003406, ,0.004691,0.004353,0.046573, , , , , ,0.023308,0.005573, , , , ,0.009306,0.016712, ,0.010738,0.010058,0.017347, ,0.015764, , , , , , , , , , , , , , , , , , ,0.012134,0.006249,0.007846, ,0.004830, , , , ,0.007253,0.004196,0.003448,0.004041, , ,0.005416, , ,0.005021,0.007366, , , , , ,0.008980, , , , , ,0.004143, , , ,0.021160,0.007475,0.005644,0.002984, ,0.011401, ,0.007818,0.003548,0.004542,0.004480, , ,0.003193,0.003469, , , , ,0.004009, , , , , , , , ,0.005059, ,0.008860,0.009292, ,0.004466, ,0.011693, ,0.012540,0.014987,0.005381, ,0.012376, , , ,0.011200,0.004176, , , ,0.011860, ,0.006217, , ,0.007470, , ,0.010044,0.005956,0.008542, ,0.007065,0.008366, ,0.006080,0.008394, ,0.007520, , ,0.010763, ,0.005064, ,0.004262,0.003478, ,0.009437,0.005866,0.008155,0.003626,0.012000,0.014164, ,0.003232, , , , , ,0.004359,0.009797,0.004059, ,0.003624, , ,0.008180,0.012800, , , , ,0.008533,0.003422, ,0.004160, ,0.003336, , ,0.007618, , ,0.007475, , , ,0.005285, , ,0.007193, , ,0.004062, ,0.004934,0.003752,0.003149,0.003901,0.004126,0.003563, ,0.004323, ,0.003380, , , ,0.002989, ,0.003520, ,0.004254, ,0.003822,0.003729,0.004048,0.013280,0.004523,0.004038,0.159920, , , ,0.003640, ,0.015257, ,0.003839, ,0.006530,0.007960,0.011500,0.004215,0.004051, , ,0.011265,0.003883,0.003397, ,0.004574,0.004287,0.013511,0.018655,0.003885, ,0.007958,0.003752, ,0.004617, , , ,0.006004, ,0.006085,0.005068,0.010797,0.008660, ,0.011560,0.012502,0.006052, ,0.010598,0.033600, ,0.013760, ,0.007882,0.019120,0.004892, , , , , , , , , , , , , , , , , , , , , ,0.003810, ,0.004692, , ,0.005501,0.003389, ,0.004536, , ,0.014398, ,0.006760, , , ,0.003698,0.016183, ,0.004242,0.008416, ,0.005633,0.011512,0.007260, , , , , , ,0.003600, , ,0.006471, , ,0.008965, , ,0.004655,0.003972, , ,0.034469,0.015047,0.015545, , ,0.012054,0.018134, , , , , , ,0.006831, ,0.003836,0.003801,0.003297,0.003672,0.018927,0.003652, ,0.006034,0.004794, , ,0.003447,0.011320,0.003603, ,0.009560, ,0.009282,0.004711, , ,0.008167,0.008483,0.003394,0.011680,0.004296,0.004412,0.004852,0.005749, ,0.007887, ,0.012845,0.006152, ,0.007772,0.008681, , ,0.011880,0.004083,0.020800,0.008800,0.006220,0.011840, ,0.016427, ,0.004484,0.003387, ,0.024320,0.003336,0.010629, , ,0.004001,0.008840, ,0.006280, ,0.007141,0.007423,0.004290, ,0.005147, ,0.005729,0.003945, ,0.038000,0.004158,0.003087, ,0.003827, , ,0.007102,0.016667,0.038496,0.003721,0.006584, , ,0.005215,0.003241,0.004627, ,0.008187,0.007280,0.006865,0.181253,0.006373, ,0.006120,0.007927,0.003344,0.003220, , ,0.004042, , , ,0.004694, ,0.005630,0.006711, , ,0.006848, ,0.003301, , ,0.003375, , , ,0.005831, , ,0.006900,0.005978,0.013217,0.022090
    Median ISI within Burst - Std (sec),0.002025, , ,0.001508,0.005742,0.001142,0.002322, , ,0.003036,0.002015,0.008923, ,0.002703, ,0.005129,0.001857, ,0.001415,0.002735, ,0.001235,0.001700,0.001572,0.001228,0.002548,0.001424,0.000696, , , ,0.002398, ,0.001240,0.005961,0.004087,0.006131, ,0.005729,0.002409, ,0.001376,0.002969,0.002686, , , , ,0.001605, ,0.000624, , ,0.001543,0.003944,0.001287, , , ,0.001545,0.003415, , , ,0.000599,0.012530,0.000686, ,0.000675, ,0.000808,0.000861,0.003303,0.000357, , ,0.000234, , ,0.000419,0.001047, ,0.001999,0.000666,0.001005, , ,0.000996,0.000935, , , , ,0.000804,0.000668,0.002219, , , , , , , , , ,0.000798, ,0.000424, , , , , , , ,0.001336,0.000410,0.000892,0.001018,0.000937, ,0.000783,0.001583,0.000261, , , ,0.001097,0.001630,0.001729,0.001505, ,0.009215, ,0.000923,0.000652, ,0.001634,0.003866,0.002856,0.012332,0.001737,0.002763,0.000354, , , , , , , , , , , , ,0.002884, , , ,0.000898, , ,0.002560,0.003035, , , , ,0.003222,0.001676, ,0.006352,0.001592,0.000957,0.001599, , , ,0.002432, , , , ,0.000756, , ,0.005633,0.002994, ,0.008980,0.021148,0.003394,0.001255, ,0.000166,0.001223,0.000764, ,0.000462,0.001320, ,0.003131, , , , , , ,0.000582, , ,0.000113,0.000301,0.000281, , , , , , ,0.002322,0.000468,0.003353, ,0.002433,0.000967, , ,0.000661, , , , , , , , , , , ,0.000437, , ,0.000331,0.000808, , , , , , , , , , ,0.001774, , ,0.001050,0.037788,0.001395, , ,0.011394,0.001478,0.002164,0.001693,0.001655, , , , ,0.001772,0.002853,0.005321,0.000979,0.002178, ,0.001126, ,0.001570,0.001687,0.046792, , , , , ,0.011860,0.001187, , , , ,0.005992,0.011069, ,0.002901,0.003950,0.008507, ,0.003678, , , , , , , , , , , , , , , , , , ,0.002981,0.002616,0.004058, ,0.001580, , , , ,0.002552,0.000952,0.000425,0.001026, , ,0.001341, , ,0.001667,0.003562, , , , , ,0.002115, , , , , ,0.000788, , , ,0.015443,0.004867,0.004273,0.000163, ,0.003880, ,0.001994,0.000467,0.003168, , , ,0.000285,0.000493, , , , ,0.001048, , , , , , , , ,0.002077, ,0.003070,0.003291, ,0.001145, ,0.002067, ,0.001576,0.005169,0.001826, ,0.003125, , , ,0.005206,0.002422, , , ,0.005448, ,0.002172, , ,0.002604, , ,0.004270,0.001940,0.001727, ,0.002623,0.004296, , ,0.004012, , , , ,0.009344, ,0.002085, ,0.001813,0.001094, ,0.004886,0.001314,0.002941,0.001632,0.004098,0.003394, ,0.000532, , , , , ,0.001528,0.002792,0.000875, ,0.000472, , ,0.000749,0.003948, , , , ,0.002824,0.000454, ,0.000873, ,0.000374, , ,0.002702, , ,0.001169, , , ,0.001463, , ,0.001517, , ,0.000262, ,0.001259,0.000532,0.000210,0.000594,0.001145,0.000425, ,0.001442, ,0.000402, , , ,0.000180, ,0.000792, ,0.000876, ,0.001049,0.000597,0.001265, ,0.000917,0.000847, , , , ,0.001362, ,0.007419, ,0.001461, ,0.002467,0.004272,0.000141,0.001737,0.002051, , ,0.005107,0.001127,0.001003, ,0.001224,0.001643,0.004383,0.005218,0.001514, ,0.002646,0.001062, ,0.002167, , , ,0.002216, ,0.001508,0.001208,0.004319,0.004411, ,0.004934,0.004358,0.002676, ,0.004242, , ,0.003221, ,0.003432, ,0.002004, , , , , , , , , , , , , , , , , , , , , ,0.000796, ,0.001041, , ,0.001482,0.000785, ,0.001160, , ,0.010505, , , , , ,0.000601,0.005116, ,0.001386,0.002636, ,0.002287,0.002760,0.002769, , , , , , , , , ,0.006824, , ,0.007059, , ,0.001802,0.002080, , ,0.005804,0.006222,0.010986, , ,0.005001,0.005469, , , , , , ,0.001842, ,0.001624,0.000969,0.000710,0.000985,0.003335,0.001165, ,0.001704,0.001722, , ,0.001151,0.002958,0.001149, , , ,0.003001,0.001665, , ,0.003525,0.003345,0.000627, ,0.001687,0.001982,0.001870,0.002430, ,0.003697, ,0.003761,0.002877, ,0.004956,0.002956, , ,0.006199,0.002474,0.014892, ,0.002119,0.004185, ,0.010231, ,0.001009,0.000905, , ,0.000637,0.002542, , ,0.001166, , ,0.001665, ,0.002221,0.001603,0.001496, ,0.000600, ,0.001781,0.001564, ,0.025129,0.000844,0.000618, ,0.001319, , ,0.001366,0.006918,0.005935,0.001206,0.001125, , ,0.001051,0.000775,0.001922, ,0.002563,0.002160,0.006546,0.153140,0.001662, ,0.001969,0.002130,0.000660,0.000518, , ,0.001149, , , ,0.001243, ,0.002468,0.001772, , ,0.001359, ,0.000782, , ,0.000950, , , ,0.001771, , ,0.003124,0.002110,0.002497,0.007743
    Median/Mean ISI within Burst,0.752631, , ,0.799494,0.979307,0.909986,0.822828, , ,0.809325,0.796652,0.958713,0.952276,0.772441, ,0.728054,0.901397, ,0.742412,0.737642, ,0.735806,0.843758,0.794295,0.858593,0.751800,0.836020,0.821728, , , ,0.825249,0.989474,0.794904,0.851022,0.811996,0.506717, ,0.892654,0.820657,0.958643,0.776823,0.876930,0.938339, , , , ,0.781381, ,0.813773,0.772492, ,0.776551,0.941671,0.912241, , , ,0.779703,0.888498, , , ,0.723234,0.846994,0.852034, ,0.852741, ,0.853212,0.871527,0.889109,0.749068, , ,0.821189, , ,0.722627,0.564830, ,0.445632,0.514605,0.463567, , ,0.381420,0.683124, , , , ,0.527474,0.508384,0.680361, , , , , , , , , ,0.803338, ,0.727959, , , , , , ,0.302445,0.921405,0.698231,0.859716,0.899130,0.804281, ,0.759347,0.808299,0.817163, , ,0.447025,0.873936,0.753837,0.792566,0.781861, ,0.780402, ,0.812358,0.788316, ,0.821473,0.970289,0.979225,0.337313,0.709152,0.961434,0.782701, , , ,0.453834, , , , , ,0.295270, , ,0.878396, , , ,0.875648, , ,0.920668,0.740708, , , , ,0.761361,0.945380, ,0.946930,0.690455,0.790544,0.774186,1.233871, , ,0.860542, , , , ,0.773507, , ,0.802381,0.889316, ,0.681975,0.859903,0.466991,0.735591, ,0.845048,0.818187,0.668871, ,0.971944,0.618987, ,0.638209, , , , , , ,0.578292, , ,0.701344,0.593933,0.671841, ,0.471007, ,0.331754, , ,0.554440,0.670849,0.551142,0.974619,0.861349,0.851660, , ,0.837579, , , , , , , , , , , ,0.735134, , ,0.765512,0.910510, , , , , , , , , , ,0.829607, , ,0.736800,0.634161,0.829071, , ,0.867019,0.773060,0.829378,0.773385,0.823174, , , , ,0.688932,0.870681,0.905459,0.787571,0.815569, ,0.791942, ,0.780919,0.799110,0.680261, , , , , ,0.614930,0.817712, , , , ,0.813029,0.782881, ,0.858885,0.783121,0.793522, ,0.700138, , , , , , , , , , , , , , , , , , ,0.814364,0.862060,0.749922, ,0.790836, , , , ,0.806514,0.714387,0.765576,0.739776, , ,0.629293, , ,0.731615,0.736535, , , , , ,0.878340, , , , , ,0.696726, , , ,0.750139,0.778368,0.513487,0.759250, ,0.772006, ,0.759427,0.617075,0.798224,1.037037, , ,0.721946,0.643818, , , , ,0.745292, , , , , , , , ,0.784355, ,0.858589,0.889862, ,0.766496, ,0.953222, ,0.982399,0.692379,0.806967, ,0.866435, , , ,0.762017,0.769332, , , ,0.902776, ,0.825008, , ,0.765501, , ,0.733806,0.824832,0.905583, ,0.788158,0.813302, ,0.930612,0.747580, ,0.706767, , ,0.786559, ,0.729739, ,0.783545,0.749652, ,0.772492,0.872593,0.799742,0.768271,0.831224,0.875003, ,0.798045, , , , , ,0.760558,0.741339,0.628918, ,0.690290, , ,0.665972,0.650052, , , , ,0.784146,0.581610, ,0.683334, ,0.762917, , ,0.796529, , ,0.957701, , , ,0.766215, , ,0.861011, , ,0.682039, ,0.602386,0.649704,0.750700,0.647407,0.633960,0.695550, ,0.608054, ,0.681922, , , ,0.802986, ,0.858394, ,0.857934, ,0.648541,0.622216,0.528580,0.720486,0.619975,0.569168,0.647195, , , ,0.784855, ,0.838752, ,0.768828, ,0.945756,0.813935,0.809267,0.799106,0.796650, , ,0.818412,0.777813,0.785272, ,0.814477,0.822066,0.826510,0.729203,0.787722, ,0.850311,0.765344, ,0.787819, , , ,0.803385, ,0.847530,0.894374,0.821980,0.863708, ,0.979606,0.855648,0.730904, ,0.738046,0.802548, ,0.846425, ,0.850639,1.076577,0.792392, , , , , , , , , , , , , , , , , , , , , ,0.774216, ,0.880568, , ,0.913748,0.829240, ,0.802005, , ,0.825091, ,0.686992, , , ,0.814471,0.967510, ,0.771137,0.761632, ,0.779122,0.872489,0.670272, , , , , , ,0.416667, , ,0.674269, , ,0.723007, , ,0.733723,0.732503, , ,0.942623,0.820519,0.842837, , ,0.730122,0.724222, , , , , , ,0.851982, ,0.716758,0.724629,0.737356,0.722283,0.931733,0.756276, ,0.889804,0.769576, , ,0.780650,0.845348,0.772929, ,0.939096, ,0.897623,0.768909, , ,0.841153,0.843932,0.789781,0.891603,0.751794,0.765036,0.788943,0.954073, ,0.785013, ,0.863441,0.716140, ,0.631859,0.860485, , ,0.685055,0.706881,0.778909,1.000000,0.849693,0.869662, ,0.776869, ,0.825115,0.754463, ,0.955374,0.777165,0.729591, , ,0.747431,1.004545, ,0.820961, ,0.909131,0.909529,0.781578, ,1.023972, ,0.790286,0.755687, ,0.811687,0.843945,0.831711, ,0.830771, , ,0.832377,0.658025,0.712417,0.753312,0.959522, , ,0.838845,0.779486,0.839466, ,0.876459,0.876713,0.846434,0.962755,0.989391, ,0.788267,0.886681,0.789325,0.816786, , ,0.770180, , , ,0.784255, ,0.929431,0.876780, , ,0.804482, ,0.754248, , ,0.740998, , , ,0.846662, , ,0.811299,0.850959,0.816362,0.673920
    Inter-Burst Interval - Avg (sec),5.738718, , ,6.859951,180.622160,30.386444,7.939860, , ,10.497813,7.939875,58.909280, ,7.828862, ,86.853413,9.381478, ,4.429442,6.930072, ,6.228344,39.434568,5.536851,53.222776,5.485337,26.394164,5.154979, , , ,5.862020, ,3.329710,9.786735,15.248331,135.484200, ,12.363285,6.526595, ,3.061451,39.082540,80.869371, , , , ,5.944818, ,3.929199, , ,5.178010,72.426823,97.280520, , , ,4.956496,64.026937, , , ,3.477891,231.049120,3.478084, ,3.688807, ,3.582247,3.498573,27.716289,3.478085, , ,3.498389, , ,3.478312,4.494690, ,11.395052,4.395679,4.428082, , ,6.647986,4.494690, , , , ,4.598425,78.039733,17.519445, , , , , , , , , ,3.253008, ,3.069655, , , , , , , ,2.723539,2.236795,3.336204,527.971120,2.869035, ,2.638773,3.704888,2.433259, , , ,6.370358,4.491898,7.912840,4.653326, ,14.281541, ,3.654045,3.867650, ,6.506354,56.302629,83.564907,342.059680,7.319371,26.775032,2.933896, , , , , , , , , , , , ,25.104541, , , ,99.154016, , ,34.008715,48.513200, , , , ,21.561399,9.049978, ,61.575156,5.995836,6.507960,6.581390, , , ,19.999699, , , , ,5.893578, , ,17.042624,47.118830, ,75.721851,93.865947,18.283760,3.655151, ,124.332640,4.281729,3.275558, ,167.475640,3.485137, ,19.048380, , , , , , ,3.293846, , ,100.574400,3.137891,3.137883, , , , , , ,18.790994,3.137911,189.082160, ,37.239752,4.333931, , ,2.761308, , , , , , , , , , , ,3.375309, , ,3.300690,10.819702, , , , , , , , , , ,52.775193, , ,6.750123,31.872960,47.334984, , ,56.391280,6.252709,5.603896,6.527573,11.423105, , , , ,5.618967,129.710240,96.969680,7.783893,13.369446, ,6.361154, ,12.073035,7.994480,80.880600, , , , , ,60.813849,177.065120, , , , ,13.539487,30.442354, ,14.893238,14.966722,222.454600, ,57.414190, , , , , , , , , , , , , , , , , , ,7.091124,13.080036,32.239711, ,9.161816, , , , ,66.475050,3.842899,3.746235,3.769952, , ,5.148743, , ,5.239211,5.801797, , , , , ,59.438693, , , , , ,4.515306, , , ,312.638640,15.820560,5.376149,4.515360, ,19.966648, ,4.656498,4.803416,5.051028, , , ,3.404608,3.424228, , , , ,3.589418, , , , , , , , ,6.487241, ,33.771313,19.365525, ,4.662788, ,130.103320, ,28.383264,54.133088,7.429027, ,15.443305, , , ,53.127160,6.076949, , , ,120.969040, ,25.946248, , ,8.931579, , ,71.596840,10.717578,57.821272, ,11.084293,17.101426, , ,9.105691, , , , ,22.860723, ,8.934382, ,10.320164,7.494748, ,19.311387,12.874722,15.853758,6.972939,19.069892,9.989014, ,7.038957, , , , , ,9.196361,6.949248,5.802305, ,5.638075, , ,5.638074,56.198528, , , , ,41.890349,5.585377, ,5.585342, ,3.594667, , ,40.815633, , ,4.952038, , , ,3.644651, , ,5.503229, , ,4.687519, ,4.687521,4.687400,4.687490,4.687563,4.687494,4.687322, ,4.687503, ,4.687282, , , ,3.973091, ,92.763040, ,3.920798, ,3.973079,3.946761,3.973075, ,3.999747,3.973073, , , , ,5.379927, ,58.280840, ,4.973017, ,53.086533,30.418686,161.364720,5.102214,4.973537, , ,25.733381,4.230195,4.199724, ,11.336944,7.405603,42.691140,36.461995,6.138304, ,15.626471,9.012435, ,7.465839, , , ,22.238077, ,38.554965,11.045674,52.574160,82.613726, ,142.568987,14.251809,11.148996, ,24.096143, , ,81.201726, ,34.018692, ,8.907885, , , , , , , , , , , , , , , , , , , , , ,4.517389, ,5.323975, , ,6.552646,4.551783, ,6.933705, , ,24.593402, , , , , ,4.152954,43.627387, ,3.737657,16.582854, ,4.686275,8.073768,18.532510, , , , , , , , , ,8.459534, , ,41.397023, , ,3.815035,3.360174, , ,19.628483,19.954422,55.060592, , ,30.421566,41.716652, , , , , , ,10.577807, ,4.667333,9.391895,3.883428,3.554555,57.922368,4.976580, ,10.124806,4.665682, , ,4.176483,16.551767,4.147450, , , ,13.138703,5.534254, , ,13.458423,12.102002,3.959010, ,5.236873,5.332701,9.335830,71.962293, ,17.440722, ,12.890932,9.122565, ,8.123033,14.656039, , ,65.888053,6.376164,39.899138, ,62.406693,51.862436, ,61.728400, ,7.086838,5.347395, , ,5.823936,10.624598, , ,7.639041, , ,107.879584, ,14.444882,21.542815,3.951317, ,225.237640, ,8.001024,3.899678, ,240.753840,4.323170,3.925078, ,3.752242, , ,7.102531,66.567120,110.037260,5.000699,6.263875, , ,12.672413,5.043062,8.751567, ,41.755898,155.760747,17.759624,187.742280,156.989520, ,95.559312,96.923104,4.412921,4.560266, , ,4.940146, , , ,6.175022, ,182.599813,12.120998, , ,39.291709, ,5.872818, , ,6.447562, , , ,9.566289, , ,93.816752,17.078604,87.900293,85.176267
    Inter-Burst Interval - Std (sec),3.537831, , ,3.663977, ,24.170534,3.780325, , ,5.597504,3.973636,77.242739, ,3.714047, ,122.834090,4.878497, ,2.437909,3.483712, ,3.055309,26.205737,2.580913,46.555123,2.910857,19.496866,2.706547, , , ,2.583418, ,1.721469,4.977385,12.215900,119.308862, ,7.063355,4.115648, ,1.539142,36.826824,72.509156, , , , ,3.253453, ,2.033331, , ,2.450209,55.984898,77.992601, , , ,2.209924,18.374228, , , ,0.924510, ,0.925217, ,1.345307, ,1.160765,0.987527,27.856936,0.926691, , ,0.915119, , ,0.926541,1.940153, ,9.417891,1.861267,1.914556, , ,5.254794,1.784510, , , , ,1.932957,86.200619,13.977352, , , , , , , , , ,1.157731, ,1.145850, , , , , , , ,1.139463,1.605040,2.125205, ,1.790480, ,1.560570,3.592894,1.127126, , , ,5.516231,2.130713,4.541819,2.257586, ,11.397129, ,1.707748,1.848758, ,3.776504,75.562475,69.587269, ,5.317306,20.645220,1.698922, , , , , , , , , , , , ,15.462957, , , ,31.849769, , ,22.833805,41.607241, , , , ,26.807840,5.996401, ,53.895090,3.566198,3.846793,3.759889, , , ,11.483525, , , , ,2.826136, , ,11.833288,35.117247, ,54.303110,65.131282, ,1.879048, ,151.959929,2.609341,1.014560, ,107.710974,1.418479, ,17.412742, , , , , , ,1.017051, , , ,0.761601,0.761187, , , , , , ,25.073888,0.761616,231.397729, ,32.371291,3.054727, , ,0.736348, , , , , , , , , , , ,1.139828, , ,0.977361,8.259357, , , , , , , , , , ,54.745629, , ,3.875488, ,33.859367, , ,35.425800,2.970209,3.083745,3.172555,5.076938, , , , ,2.590246,101.611799,47.934091,3.948999,6.944670, ,2.944340, ,5.333720,3.518037,10.092450, , , , , ,38.871954,115.691947, , , , ,12.708774,19.963857, ,8.512507,15.349109,101.903987, ,39.929227, , , , , , , , , , , , , , , , , , ,5.272884,14.839987,24.863726, ,10.101138, , , , ,73.250043,1.178166,1.279858,1.258800, , ,0.733775, , ,0.995606,2.001142, , , , , ,48.901350, , , , , ,1.918581, , , , ,13.513761,3.192120,1.914631, ,15.641955, ,1.930151,3.067925,2.595257, , , ,1.054470,1.038828, , , , ,1.331846, , , , , , , , ,3.656439, ,29.969010,14.253414, ,2.384296, ,89.679751, ,38.483528,55.574440,3.797040, ,10.670916, , , ,66.415777,2.435535, , , ,77.831238, ,20.032295, , ,5.462523, , ,53.322078,5.067339,50.480080, ,8.237835,12.986016, , ,6.351330, , , , ,18.168555, ,3.855979, ,4.578205,2.502861, ,15.746604,6.824753,9.905379,2.343767,14.025551,4.186189, ,2.488135, , , , , ,4.251317,3.616814,1.025655, ,0.983281, , ,0.980822,82.444559, , , , ,39.076190,1.078477, ,1.092897, ,0.653500, , ,40.455954, , ,3.046110, , , ,0.918785, , ,3.395653, , ,0.751796, ,0.751798,0.750226,0.751867,0.752019,0.751126,0.749762, ,0.752337, ,0.749006, , , ,0.980461, , , ,1.024611, ,0.978184,1.013808,0.983207, ,0.945187,0.978473, , , , ,2.771780, ,40.178916, ,2.915869, ,38.328177,22.856987, ,2.604090,2.553592, , ,18.720459,2.156423,2.091275, ,6.099672,3.606330,31.417604,19.372725,2.795724, ,7.195215,4.683523, ,3.914673, , , ,11.801097, ,24.812961,5.624328,50.762135,84.825116, ,170.828816,7.556814,5.124650, ,15.201533, , ,72.333839, ,21.629015, ,3.955627, , , , , , , , , , , , , , , , , , , , , ,1.234709, ,2.085931, , ,3.236572,1.330221, ,3.237326, , ,15.999169, , , , , ,1.416168,50.983608, ,1.345764,12.303928, ,2.444855,4.998398,14.618072, , , , , , , , , ,6.610061, , ,31.341315, , ,2.164480,2.104577, , ,16.975764,13.762739,38.775145, , ,20.882856,45.975644, , , , , , ,9.234269, ,2.638819,8.313297,1.838220,1.659341,51.466041,2.542797, ,8.090868,2.390861, , ,1.813209,12.762248,1.871882, , , ,6.440794,2.927601, , ,8.910682,8.088963,1.991751, ,2.813615,3.001020,4.851426,85.800306, ,11.202028, ,8.278506,6.140272, ,4.959570,8.255634, , ,56.627132,2.894951,34.653447, ,52.957674,29.994255, ,24.502890, ,3.032028,2.238506, , ,2.695509,8.179571, , ,3.737182, , ,74.011558, ,10.132169,15.349935,1.184943, ,55.047924, ,6.504047,1.219562, ,13.938489,1.200166,1.128489, ,1.209666, , ,4.938836,12.284877,105.683532,2.736296,3.622072, , ,9.079513,2.728180,6.028776, ,48.714649,216.147619,16.661559,21.694093,215.012165, ,47.708450,70.794692,1.111346,1.130817, , ,1.256176, , , ,2.005289, ,113.358070,9.684700, , ,24.497728, ,2.147684, , ,2.426802, , , ,4.905911, , ,73.570347,19.241555,75.823153,44.039934
    Burst Frequency (Hz),0.170000, , ,0.143333,0.003333,0.031667,0.123333, , ,0.091667,0.123333,0.015000,0.001667,0.126667, ,0.011667,0.106667, ,0.226667,0.145000, ,0.161667,0.018333,0.181667,0.018333,0.183333,0.038333,0.195000, , , ,0.171667,0.001667,0.301667,0.101667,0.065000,0.008333, ,0.075000,0.153333,0.001667,0.325000,0.021667,0.013333, , , , ,0.165000, ,0.255000,0.001667, ,0.193333,0.013333,0.011667, , , ,0.200000,0.013333, , , ,0.288333,0.003333,0.288333, ,0.270000, ,0.280000,0.286667,0.031667,0.288333, , ,0.286667, , ,0.288333,0.223333, ,0.088333,0.228333,0.226667, , ,0.150000,0.223333, , , , ,0.218333,0.006667,0.056667, , , , , , , , , ,0.308333, ,0.326667, , , , , , ,0.001667,0.365000,0.441667,0.296667,0.003333,0.341667, ,0.376667,0.261667,0.408333, , ,0.001667,0.153333,0.221667,0.125000,0.215000, ,0.070000, ,0.273333,0.258333, ,0.151667,0.013333,0.011667,0.003333,0.135000,0.036667,0.340000, , , ,0.001667, , , , , ,0.001667, , ,0.036667, , , ,0.010000, , ,0.026667,0.021667, , , , ,0.046667,0.108333, ,0.016667,0.163333,0.150000,0.148333,0.001667, , ,0.050000, , , , ,0.168333, , ,0.058333,0.015000, ,0.013333,0.011667,0.003333,0.275000, ,0.008333,0.235000,0.306667, ,0.005000,0.288333, ,0.048333, , , , , , ,0.303333, , ,0.003333,0.318333,0.318333, ,0.001667, ,0.001667, , ,0.053333,0.318333,0.006667,0.001667,0.018333,0.230000, , ,0.363333, , , , , , , , , , , ,0.296667, , ,0.303333,0.091667, , , , , , , , , , ,0.020000, , ,0.148333,0.003333,0.018333, , ,0.015000,0.160000,0.178333,0.153333,0.088333, , , , ,0.178333,0.008333,0.008333,0.128333,0.073333, ,0.156667, ,0.083333,0.125000,0.005000, , , , , ,0.016667,0.005000, , , , ,0.075000,0.033333, ,0.068333,0.065000,0.005000, ,0.015000, , , , , , , , , , , , , , , , , , ,0.141667,0.075000,0.031667, ,0.108333, , , , ,0.015000,0.260000,0.266667,0.265000, , ,0.195000, , ,0.191667,0.171667, , , , , ,0.006667, , , , , ,0.221667, , , ,0.003333,0.061667,0.185000,0.221667, ,0.050000, ,0.215000,0.208333,0.198333,0.001667, , ,0.293333,0.291667, , , , ,0.278333, , , , , , , , ,0.155000, ,0.030000,0.051667, ,0.215000, ,0.005000, ,0.010000,0.010000,0.135000, ,0.065000, , , ,0.011667,0.163333, , , ,0.006667, ,0.035000, , ,0.111667, , ,0.015000,0.093333,0.018333, ,0.091667,0.060000, ,0.001667,0.110000, ,0.001667, , ,0.043333, ,0.113333, ,0.098333,0.130000, ,0.051667,0.076667,0.061667,0.141667,0.050000,0.098333, ,0.138333, , , , , ,0.106667,0.145000,0.173333, ,0.178333, , ,0.178333,0.018333, , , , ,0.020000,0.180000, ,0.180000, ,0.278333, , ,0.021667, , ,0.195000, , , ,0.273333, , ,0.176667, , ,0.213333, ,0.213333,0.213333,0.213333,0.213333,0.213333,0.213333, ,0.213333, ,0.213333, , , ,0.251667, ,0.003333, ,0.255000, ,0.251667,0.253333,0.251667,0.001667,0.250000,0.251667,0.001667, , , ,0.185000, ,0.011667, ,0.200000, ,0.006667,0.033333,0.003333,0.195000,0.200000, , ,0.040000,0.235000,0.236667, ,0.086667,0.133333,0.021667,0.026667,0.163333, ,0.063333,0.111667, ,0.133333, , , ,0.045000, ,0.026667,0.090000,0.020000,0.013333, ,0.006667,0.070000,0.090000, ,0.041667,0.001667, ,0.013333, ,0.030000,0.001667,0.111667, , , , , , , , , , , , , , , , , , , , , ,0.221667, ,0.188333, , ,0.153333,0.220000, ,0.145000, , ,0.033333, ,0.001667, , , ,0.241667,0.011667, ,0.268333,0.058333, ,0.213333,0.123333,0.050000, , , , , , ,0.001667, , ,0.116667, , ,0.025000, , ,0.256667,0.295000, , ,0.046667,0.050000,0.018333, , ,0.033333,0.023333, , , , , , ,0.093333, ,0.211667,0.105000,0.256667,0.281667,0.018333,0.201667, ,0.096667,0.215000, , ,0.236667,0.060000,0.241667, ,0.001667, ,0.071667,0.178333, , ,0.070000,0.075000,0.250000,0.001667,0.188333,0.185000,0.103333,0.011667, ,0.058333, ,0.078333,0.110000, ,0.123333,0.066667, , ,0.016667,0.156667,0.016667,0.001667,0.006667,0.020000, ,0.005000, ,0.140000,0.185000, ,0.001667,0.170000,0.093333, , ,0.130000,0.001667, ,0.010000, ,0.068333,0.046667,0.253333, ,0.005000, ,0.125000,0.256667, ,0.005000,0.231667,0.255000, ,0.266667, , ,0.141667,0.005000,0.008333,0.200000,0.160000, , ,0.075000,0.198333,0.115000, ,0.020000,0.006667,0.056667,0.005000,0.005000, ,0.010000,0.010000,0.226667,0.218333, , ,0.201667, , , ,0.161667, ,0.006667,0.081667, , ,0.025000, ,0.170000, , ,0.155000, , , ,0.105000, , ,0.010000,0.056667,0.011667,0.006667
    IBI Coefficient of Variation,0.616485, , ,0.534111, ,0.795438,0.476120, , ,0.533207,0.500466,1.311215, ,0.474404, ,1.414269,0.520014, ,0.550388,0.502695, ,0.490549,0.664537,0.466134,0.874722,0.530661,0.738681,0.525035, , , ,0.440704, ,0.517003,0.508585,0.801130,0.880611, ,0.571317,0.630597, ,0.502749,0.942283,0.896621, , , , ,0.547275, ,0.517492, , ,0.473195,0.772986,0.801729, , , ,0.445864,0.286977, , , ,0.265825, ,0.266013, ,0.364700, ,0.324032,0.282266,1.005075,0.266437, , ,0.261583, , ,0.266377,0.431654, ,0.826490,0.423431,0.432367, , ,0.790434,0.397026, , , , ,0.420352,1.104573,0.797819, , , , , , , , , ,0.355895, ,0.373283, , , , , , , ,0.418376,0.717562,0.637013, ,0.624070, ,0.591400,0.969771,0.463217, , , ,0.865922,0.474346,0.573981,0.485155, ,0.798032, ,0.467358,0.478005, ,0.580433,1.342077,0.832733, ,0.726470,0.771062,0.579067, , , , , , , , , , , , ,0.615943, , , ,0.321215, , ,0.671410,0.857648, , , , ,1.243326,0.662587, ,0.875273,0.594779,0.591090,0.571291, , , ,0.574185, , , , ,0.479528, , ,0.694335,0.745291, ,0.717139,0.693876, ,0.514082, ,1.222205,0.609413,0.309736, ,0.643144,0.407008, ,0.914132, , , , , , ,0.308773, , , ,0.242711,0.242580, , , , , , ,1.334357,0.242714,1.223795, ,0.869267,0.704840, , ,0.266667, , , , , , , , , , , ,0.337696, , ,0.296108,0.763363, , , , , , , , , , ,1.037336, , ,0.574136, ,0.715314, , ,0.628214,0.475028,0.550286,0.486024,0.444445, , , , ,0.460983,0.783375,0.494320,0.507330,0.519443, ,0.462863, ,0.441788,0.440058,0.124782, , , , , ,0.639196,0.653386, , , , ,0.938645,0.655792, ,0.571569,1.025549,0.458089, ,0.695459, , , , , , , , , , , , , , , , , , ,0.743589,1.134552,0.771214, ,1.102526, , , , ,1.101918,0.306583,0.341639,0.333903, , ,0.142515, , ,0.190030,0.344918, , , , , ,0.822719, , , , , ,0.424906, , , , ,0.854190,0.593756,0.424026, ,0.783404, ,0.414507,0.638697,0.513808, , , ,0.309718,0.303376, , , , ,0.371048, , , , , , , , ,0.563636, ,0.887410,0.736020, ,0.511346, ,0.689296, ,1.355853,1.026626,0.511109, ,0.690974, , , ,1.250128,0.400783, , , ,0.643398, ,0.772069, , ,0.611597, , ,0.744755,0.472806,0.873036, ,0.743199,0.759353, , ,0.697512, , , , ,0.794750, ,0.431589, ,0.443618,0.333949, ,0.815405,0.530089,0.624797,0.336123,0.735481,0.419079, ,0.353481, , , , , ,0.462283,0.520461,0.176767, ,0.174400, , ,0.173964,1.467023, , , , ,0.932821,0.193089, ,0.195672, ,0.181797, , ,0.991188, , ,0.615123, , , ,0.252091, , ,0.617029, , ,0.160383, ,0.160383,0.160052,0.160399,0.160428,0.160241,0.159955, ,0.160498, ,0.159795, , , ,0.246775, , , ,0.261327, ,0.246203,0.256871,0.247468, ,0.236312,0.246276, , , , ,0.515208, ,0.689402, ,0.586338, ,0.721994,0.751413, ,0.510384,0.513436, , ,0.727478,0.509769,0.497955, ,0.538035,0.486973,0.735928,0.531313,0.455455, ,0.460450,0.519673, ,0.524345, , , ,0.530671, ,0.643574,0.509188,0.965534,1.026768, ,1.198219,0.530235,0.459651, ,0.630870, , ,0.890792, ,0.635798, ,0.444059, , , , , , , , , , , , , , , , , , , , , ,0.273324, ,0.391800, , ,0.493934,0.292242, ,0.466897, , ,0.650547, , , , , ,0.341003,1.168615, ,0.360055,0.741967, ,0.521705,0.619091,0.788780, , , , , , , , , ,0.781374, , ,0.757091, , ,0.567355,0.626330, , ,0.864854,0.689709,0.704227, , ,0.686449,1.102093, , , , , , ,0.872985, ,0.565380,0.885156,0.473350,0.466821,0.888535,0.510953, ,0.799113,0.512436, , ,0.434147,0.771050,0.451333, , , ,0.490215,0.528997, , ,0.662090,0.668399,0.503093, ,0.537270,0.562758,0.519657,1.192295, ,0.642292, ,0.642196,0.673086, ,0.610556,0.563292, , ,0.859445,0.454027,0.868526, ,0.848590,0.578343, ,0.396947, ,0.427839,0.418616, , ,0.462833,0.769871, , ,0.489221, , ,0.686057, ,0.701437,0.712532,0.299886, ,0.244399, ,0.812902,0.312734, ,0.057895,0.277613,0.287507, ,0.322385, , ,0.695363,0.184549,0.960434,0.547183,0.578248, , ,0.716479,0.540977,0.688880, ,1.166653,1.387690,0.938171,0.115553,1.369596, ,0.499255,0.730421,0.251839,0.247972, , ,0.254279, , , ,0.324742, ,0.620801,0.799002, , ,0.623483, ,0.365699, , ,0.376391, , , ,0.512833, , ,0.784192,1.126647,0.862604,0.517045
    Normalized Duration IQR,0.291158, , ,0.152313, ,0.234317,0.000000, , ,0.211004,0.372673,0.000000, ,0.686369, ,5.347228,0.000000, ,0.516335,0.872560, ,0.535868,0.281813,0.417780,0.000000,1.200241,0.000000,0.459456, , , ,0.450631, ,0.591142,0.188158,0.335456,3.626815, ,0.000000,0.598685, ,0.794445,0.525184,0.000000, , , , ,0.387985, ,0.641667, , ,0.736463,0.119110,0.320013, , , ,0.293377,0.000000, , , ,0.431962, ,0.000000, ,0.000000, ,0.000000,0.157192,0.237880,0.592308, , ,0.000000, , ,0.370193,0.070078, ,0.080830,0.133112,0.144989, , ,0.076459,0.068769, , , , ,0.068637,0.000000,0.072410, , , , , , , , , ,0.000000, ,0.632477, , , , , , , ,0.000000,1.424574,0.000000, ,0.000000, ,0.000000,0.361982,0.650564, , , ,0.373508,0.543078,0.481250,0.134688, ,0.502007, ,0.217609,0.393475, ,0.264535,0.186060,0.319604, ,2.208090,0.751502,0.480557, , , , , , , , , , , , ,0.574957, , , ,0.627194, , ,0.611859,0.784484, , , , ,0.381334,0.000000, ,0.438574,0.361982,0.388889,0.495125, , , ,1.025939, , , , ,0.402979, , ,4.102463,0.000000, ,0.686746,0.783184, ,1.360056, ,0.534723,1.111236,0.338748, , ,0.225722, ,0.638393, , , , , , ,0.664773, , , ,0.651354,1.941082, , , , , , ,0.454057,0.618666,0.000000, ,0.225045,0.396593, , ,0.000000, , , , , , , , , , , ,0.747016, , ,0.277747,0.000000, , , , , , , , , , ,0.272307, , ,0.361285, ,0.335456, , ,0.673440,0.406031,0.255618,0.279766,0.480327, , , , ,0.661454,0.925606,0.353461,0.234756,0.439550, ,0.283409, ,0.379455,0.383427, , , , , , ,1.888897, , , , , ,0.715585,3.456105, ,0.617394,1.301301, , ,2.891307, , , , , , , , , , , , , , , , , , ,0.341685,0.272011,0.519910, ,0.300782, , , , ,0.000000,0.444758,0.143164,0.100180, , ,0.208716, , ,1.398046,0.640026, , , , , ,0.228748, , , , , ,0.401471, , , , ,31.197417,0.000000,0.272208, ,0.276825, ,0.118827,12.598411,0.000000, , , ,0.094648,0.191323, , , , ,0.754903, , , , , , , , ,0.501839, ,0.521138,0.336660, ,0.330582, , , ,0.807693,0.463856,0.157390, ,0.582429, , , ,1.218383,0.442921, , , ,0.244983, ,0.248758, , ,1.163463, , ,0.139028,0.474858,0.579283, ,0.755282,0.909450, , ,1.529024, , , , ,3.542471, ,0.581301, ,0.506579,0.408572, ,0.994184,0.000000,0.297209,0.407043,0.297209,0.441272, ,0.442529, , , , , ,0.410695,0.089057,0.448276, ,0.149136, , ,0.177231,0.192797, , , , ,0.218368,0.100907, ,0.095116, ,0.377167, , ,1.367488, , ,0.000000, , , ,0.138643, , ,0.185371, , ,0.358183, ,0.181341,0.159904,0.111919,0.214011,0.204036,0.073023, ,0.374738, ,0.183670, , , ,0.336811, , , ,0.090408, ,0.000000,0.000000,0.000000, ,0.091902,0.090736, , , , ,0.399761, ,1.105523, ,0.469513, ,0.426321,1.760418, ,0.333667,0.283409, , ,0.363560,0.273498,0.387985, ,0.304626,0.527120,0.590213,0.344982,0.355469, ,0.263421,0.318790, ,0.485687, , , ,0.410920, ,0.609623,0.555289,1.447928,0.407353, ,0.000000,0.240163,0.218273, ,1.125985, , ,0.704647, ,0.391322, ,0.402763, , , , , , , , , , , , , , , , , , , , , ,0.229377, ,0.219904, , ,0.000000,0.153716, ,0.176980, , ,0.411145, , , , , ,0.187313,0.507401, ,0.396593,0.253803, ,0.568428,0.219566,0.158889, , , , , , , , , ,2.507204, , ,1.435862, , ,0.444889,0.476970, , ,0.228070,2.193574,0.853680, , ,0.203538,0.528326, , , , , , ,0.178878, ,0.920790,1.685187,0.473063,0.467757,2.696662,0.553651, ,0.138874,0.414322, , ,0.324860,0.336629,0.635798, , , ,0.329566,0.607404, , ,0.313597,0.544022,0.442334, ,0.435470,0.404499,0.281655,0.000000, ,1.213124, ,0.697076,0.757187, ,0.736752,0.329928, , ,3.095673,0.521898,0.462692, ,0.428511,0.136749, , , ,0.165838,0.369828, , ,0.422482,0.441982, , ,0.561729, , ,0.214072, ,0.231713,0.000000,0.138874, , , ,0.378022,0.249253, , ,0.399123,0.216667, ,0.162606, , ,0.262592, ,0.407932,0.282025,0.000000, , ,0.000000,0.197047,0.266224, ,0.000000,0.000000,0.000000, , , ,0.302235,0.368015,0.371843,0.270443, , ,0.345650, , , ,0.167728, ,0.000000,0.230009, , ,0.198297, ,0.200762, , ,0.257195, , , ,0.747760, , ,0.808999,0.476667,0.336962,0.000000
    Burst Percentage,63.459038,0.000000,0.000000,80.568182,4.716981,46.153846,71.347518,0.000000, ,66.903553,72.698413,15.492958,11.627907,43.695949,0.000000,14.368932,68.463303,0.000000,70.574637,48.897723,0.000000,75.650320,29.268293,64.544610,28.813559,68.129330,31.961259,81.783825,0.000000, ,0.000000,81.397272,2.649007,85.697538,69.867211,35.822785,11.724138,0.000000,36.745138,63.836825,4.672897,85.875037,45.789474,14.583333,0.000000,0.000000,0.000000,0.000000,80.694006,0.000000,81.111111,8.510638,0.000000,70.842930,22.317597,8.463252,0.000000,0.000000, ,79.394930,11.583924,0.000000,0.000000,0.000000,94.834951,2.505219,98.060235, ,95.294118, ,85.598612,97.876684,16.830295,66.332993,0.000000,0.000000,94.089457,0.000000,0.000000,95.490382,98.532495,0.000000,48.366013,99.782230,99.232982,0.000000,0.000000,70.071828,98.590022, ,0.000000,0.000000, ,96.837263,5.279503,34.564958,0.000000,0.000000, ,0.000000,0.000000,0.000000, , , ,86.715707,0.000000,95.629038,0.000000, ,0.000000,0.000000, , ,7.185629,85.579609,88.480979,69.059991,9.756098,86.061381,0.000000,86.468827,63.318777,92.792339, ,0.000000,1.144492,43.243243,89.369196,72.307692,68.538077, ,21.773347,0.000000,90.471849,87.955626,0.000000,66.058394,19.047619,38.095238,43.243243,56.253444,22.448980,91.350826, , , ,31.693989, ,0.000000, , ,0.000000,4.950495, , ,43.292683, , , ,10.480349,0.000000,0.000000,36.090226,23.809524, ,0.000000, ,0.000000,41.747573,73.090278, ,37.823834,86.043233,89.585253,89.073689,5.263158,0.000000,0.000000,73.283859,0.000000,0.000000, , ,85.471204,0.000000, ,71.308980,20.205479,0.000000,32.142857,50.000000,2.482270,86.546392,0.000000,3.863299,80.364109,96.277666, ,4.229607,91.669466,0.000000,23.835320,0.000000,0.000000,0.000000, , ,0.000000,96.313214,0.000000, ,8.490566,98.420093,95.249597,0.000000,1.203008,0.000000,1.873536,0.000000,0.000000,26.795367,94.160827,4.701627,1.024590,9.182390,69.796776, , ,96.680162,0.000000, , , , , , , , , , ,95.728929,0.000000,0.000000,91.014493,34.978541, , , , , , ,0.000000, , , ,39.234450,0.000000, ,38.239964,8.379888,14.511873,0.000000,0.000000,19.354839,83.580508,90.356394,67.120545,67.996201,0.000000, , ,0.000000,81.573969,26.621160,11.111111,84.282116,57.558140, ,88.132475,0.000000,76.578947,80.157767,20.879121,0.000000,0.000000,0.000000, , ,18.660969,8.108108,0.000000, , ,0.000000,56.140351,32.201087,0.000000,79.882353,76.421801,9.200000,0.000000,57.723577,0.000000, , , , , , , , , , , , , , , , ,0.000000,61.961057,34.767025,17.096336,0.000000,50.113636, , ,0.000000, ,8.345534,96.807954,95.602758,96.975986, , ,98.350923,0.000000, ,90.394265,87.026116, ,0.000000,0.000000, , ,6.645570, ,0.000000, ,0.000000, ,97.009804,0.000000,0.000000,0.000000,3.271984,56.910569,84.980989,89.140880,0.000000,27.521930, ,93.767123,89.892609,83.874459,2.649007, , ,98.581081,97.403787, , ,0.000000,0.000000,92.045455,0.000000, , , ,0.000000, , , ,59.133815, ,37.612613,34.344529, ,73.601570, ,10.588235, ,15.264798,52.459016,62.017603,0.000000,73.308271,0.000000,0.000000,0.000000,45.426829,77.698864,0.000000,0.000000, ,16.993464,0.000000,43.148688,0.000000, ,70.544721, , ,27.804878,69.710468,72.357724,0.000000,65.641569,50.807453,0.000000,4.395604,52.309985, ,9.090909,0.000000, ,52.571429,0.000000,78.380102,0.000000,78.273381,86.726079, ,46.800000,86.978297,60.992908,85.823224,56.459330,76.509434, ,93.324251,0.000000,0.000000, , ,0.000000,78.478094,86.203424,93.985507, ,94.911359, , ,97.890819,22.112211, , , , ,23.157895,97.659033, ,97.656250,0.000000,93.307882, ,0.000000,12.285714,0.000000, ,75.000000,0.000000, ,0.000000,93.467819, , ,69.156627, , ,97.160022,0.000000,96.552989,96.046287,97.485155,97.157702,95.093229,96.237732, ,94.446874,0.000000,97.394661, , ,0.000000,96.180130,0.000000,2.857143, ,95.514383, ,96.104706,96.531434,98.804574,1.967213,98.328458,96.162701,17.391304, ,0.000000, ,74.922441,0.000000,14.970060, ,75.159236,0.000000,16.666667,45.888158,8.461538,80.181543,79.061652,0.000000,0.000000,30.708661,79.499675,79.433563, ,79.176755,89.681668,50.925926,41.580756,90.338600,0.000000,67.874794,76.017765, ,87.877030,0.000000, ,0.000000,69.349845,0.000000,49.000000,91.192412,25.767918,7.642487,0.000000,12.666667,70.401855,68.580060, ,53.987730,23.529412, ,30.882353,0.000000,64.179104,44.444444,86.722689, ,0.000000,0.000000, , , , , , , , , ,0.000000, , ,0.000000, , , , ,0.000000,92.321429, ,91.530945, , ,73.512476,96.471532,0.000000,89.924670,0.000000, ,35.334873,0.000000,2.016129,0.000000,0.000000, ,95.598136,15.076923,0.000000,86.931671,42.137405,0.000000,73.025830,59.700855,39.711934, , ,0.000000, , , ,3.030303, , ,61.117717, , ,28.109453, , ,78.430837,79.165573,0.000000, ,39.240506,35.071807,15.239726, ,0.000000,41.379310,30.568720, , , ,0.000000, ,0.000000,50.692521, ,77.340449,59.620098,85.414788,86.211937,47.674419,78.604472, ,77.669903,78.027265,0.000000,0.000000,83.341188,63.712575,83.870072,0.000000,1.992032,0.000000,63.393939,73.057851,0.000000,0.000000,65.378422,51.866667,84.549638,1.742160,84.229885,53.572399,70.301624,11.051213,0.000000,55.166667, ,64.424951,75.131086,0.000000,83.447802,65.759637, ,0.000000,23.236515,86.559419,25.746269,6.250000,11.409396,69.724771, ,20.731707,0.000000,86.671987,91.458085,0.000000,2.643172,94.526416,76.706231,0.000000, ,80.097979,2.040816,0.000000,10.232558, ,65.631929,28.968903,92.881745,0.000000,7.453416,0.000000,68.950749,93.160691,0.000000,10.687023,92.213115,96.488661,0.000000,95.182094,0.000000,0.000000,74.365942,24.509804,40.100251,97.436810,84.235294,0.000000,0.000000,53.949904,97.738133,28.771229, ,25.296443,10.000000,44.166667,16.666667,4.950495,0.000000,8.333333,19.718310,92.738791,96.742349, , ,92.418546,0.000000,0.000000, ,87.895570, ,6.552707,43.119266, , ,19.611650, ,92.115239, ,0.000000,84.440136, , , ,52.733900, , ,10.726644,33.069829,12.149533,63.157895

