AxIS Spike File,Z:\Z_basket\EndPoints\230630_KZ_307037_97-4440_MEA_rCortex_Acute_Exposure_DDT_Female_DIV11(000)(000).spk
File Type,48-well

Analysis Start,1200.000000
Analysis End,1800.000000
Active Electrode Criterion (spks/min), 6
Minimum Covered Resistance (kOhms),18
Remove Coincident Artifacts,True

Electrode Burst Settings,
    Algorithm,Poisson Surprise,
    Min Surprise,10.000000

Network Burst Settings,
    Algorithm,ISI Threshold,Adaptive,
    Min # of Spikes,40.000000
    Min # of Electrodes (%),15.000000

Synchrony Settings,
    Synchrony Window,20.000000

Average Network Burst Analysis Settings,
    Number of network bursts vary by well
    Network Burst Window Start (ms),0.000000
    Network Burst Window End (ms),100.000000
    Bin Size (ms),1.000000

Well Averages,A1,A2,A3,A4,A5,A6,A7,A8,B1,B2,B3,B4,B5,B6,B7,B8,C1,C2,C3,C4,C5,C6,C7,C8,D1,D2,D3,D4,D5,D6,D7,D8,E1,E2,E3,E4,E5,E6,E7,E8,F1,F2,F3,F4,F5,F6,F7,F8,
Treatment/ID,,,,,,,,,,,,,,,,,,,,,,,,,,,,,,,,,,,,,,,,,,,,,,,,
Activity Metrics
    Number of Spikes,33456.000000,59672.000000,12841.000000,25202.000000,25981.000000,0.000000,60096.000000,18098.000000,4291.000000,18811.000000,21958.000000,25174.000000,23794.000000,33649.000000,14826.000000,20111.000000,12529.000000,1138.000000,2614.000000,3164.000000,22499.000000,17494.000000,13236.000000,3883.000000,19825.000000,15109.000000,14847.000000,12018.000000,13549.000000,16752.000000,19235.000000,13893.000000,15898.000000,2832.000000,13173.000000,8179.000000,3552.000000,11159.000000,1478.000000,8539.000000,5186.000000,971.000000,10849.000000,5679.000000,463.000000,5927.000000,14099.000000,851.000000
    Mean Firing Rate (Hz),3.485000,6.215833,1.337604,2.625208,2.706354,0.000000,6.260000,1.885208,0.446979,1.959479,2.287292,2.622292,2.478542,3.505104,1.544375,2.094896,1.305104,0.118542,0.272292,0.329583,2.343646,1.822292,1.378750,0.404479,2.065104,1.573854,1.546563,1.251875,1.411354,1.745000,2.003646,1.447188,1.656042,0.295000,1.372187,0.851979,0.370000,1.162396,0.153958,0.889479,0.540208,0.101146,1.130104,0.591562,0.048229,0.617396,1.468646,0.088646
    ISI Coefficient of Variation - Avg,1.722814,1.486161,1.155034,1.253214,1.417502, ,1.566564,1.220857,1.848669,1.942198,2.373663,3.185262,2.806333,2.799412,1.920088,2.590986,2.064279,1.063673,1.719325,1.526228,4.261135,2.724541,2.805929,2.375969,3.284692,3.148436,3.999614,3.736113,3.185801,3.718057,4.899884,2.521415,2.894154,1.981498,3.601742,3.293895,2.476900,3.229429,2.549412,2.394241,2.705033,2.125961,3.130042,1.900120,2.904335,2.335683,2.557331,1.839136
    Number of Active Electrodes,15.000000,15.000000,12.000000,13.000000,14.000000,0.000000,14.000000,10.000000,8.000000,8.000000,14.000000,16.000000,16.000000,16.000000,12.000000,9.000000,14.000000,2.000000,8.000000,6.000000,16.000000,16.000000,13.000000,8.000000,16.000000,16.000000,16.000000,15.000000,16.000000,16.000000,16.000000,13.000000,16.000000,11.000000,12.000000,9.000000,8.000000,14.000000,5.000000,10.000000,9.000000,3.000000,10.000000,8.000000,1.000000,7.000000,13.000000,2.000000
    Weighted Mean Firing Rate (Hz),3.714000,6.630000,1.778472,3.229744,3.081667, ,7.153810,3.012167,0.880208,3.913125,2.607857,2.622292,2.478542,3.505104,2.056667,3.712407,1.490952,0.947500,0.526042,0.867222,2.343646,1.822292,1.690000,0.779375,2.065104,1.573854,1.546563,1.335333,1.411354,1.745000,2.003646,1.771795,1.656042,0.411212,1.813472,1.495000,0.725417,1.322857,0.470333,1.399167,0.958333,0.536667,1.792500,1.174167,0.720000,1.372381,1.801026,0.559167
Electrode Burst Metrics
    Number of Bursts,605.000000,356.000000,61.000000,218.000000,206.000000,0.000000,921.000000,8.000000,151.000000,183.000000,676.000000,1021.000000,997.000000,1276.000000,435.000000,253.000000,512.000000,7.000000,143.000000,67.000000,974.000000,665.000000,593.000000,128.000000,952.000000,1056.000000,783.000000,632.000000,783.000000,940.000000,999.000000,590.000000,685.000000,175.000000,445.000000,318.000000,197.000000,580.000000,95.000000,330.000000,174.000000,47.000000,476.000000,200.000000,9.000000,299.000000,715.000000,33.000000
    Number of Bursting Electrodes,7.000000,11.000000,5.000000,3.000000,6.000000,0.000000,7.000000,3.000000,9.000000,8.000000,13.000000,16.000000,16.000000,16.000000,12.000000,9.000000,13.000000,2.000000,7.000000,4.000000,16.000000,16.000000,12.000000,9.000000,16.000000,16.000000,16.000000,15.000000,16.000000,15.000000,16.000000,15.000000,16.000000,11.000000,14.000000,10.000000,10.000000,14.000000,6.000000,10.000000,9.000000,3.000000,10.000000,8.000000,1.000000,9.000000,13.000000,3.000000
    Burst Duration - Avg (sec),4.097052,0.116481,0.043732,0.100426,0.094526, ,0.103232,0.137560,0.095134,0.188350,0.100418,0.102272,0.111454,0.122432,0.113832,0.349216,0.072089,0.764800,0.044504,0.220205,0.105466,0.115479,0.124434,0.172686,0.110448,0.066006,0.124696,0.102696,0.102441,0.115215,0.101842,0.128972,0.110366,0.085697,0.140698,0.319827,0.151574,0.093866,0.160621,0.152956,0.187376,0.174889,0.106579,0.128417,0.411769,0.139871,0.151159,0.448476
    Burst Duration - Std (sec),10.146137,0.082373,0.032565,0.058875,0.069218, ,0.031211,0.151878,0.028638,0.117607,0.036009,0.035647,0.038791,0.056765,0.073070,0.294924,0.024778,0.685611,0.024338,0.096722,0.032425,0.073133,0.030383,0.105678,0.039559,0.023116,0.030155,0.042943,0.042643,0.035881,0.026199,0.100452,0.042798,0.044838,0.059280,0.458568,0.098032,0.039193,0.180718,0.082018,0.067682,0.131438,0.031048,0.015574, ,0.070355,0.113203,0.619939
    Number of Spikes per Burst - Avg,19.139371,13.311408,6.333333,14.365458,10.658407, ,15.753625,12.833333,8.516869,15.334359,12.916260,17.623630,16.458506,14.867099,9.818132,18.365021,11.216088,24.708333,6.320230,9.996990,20.855029,13.135019,13.837965,12.538228,14.508846,12.119262,15.951142,16.563623,14.037287,16.109468,18.430398,13.084450,13.858750,7.485943,18.396982,16.325387,9.575902,14.634681,9.810802,12.677982,14.800666,10.365762,14.503610,10.579144,36.000000,9.591557,12.524527,8.099839
    Number of Spikes per Burst - Std,15.579106,6.869094,1.929306,2.284025,2.904098, ,4.491477,5.838093,2.611940,5.015572,5.790230,8.701579,5.061461,7.634475,3.973895,13.534133,5.862124,19.740064,2.208153,1.606401,7.664222,7.973246,7.694978,8.541106,7.239724,5.678284,8.427490,6.046138,7.292545,6.383688,6.843418,6.748738,7.067965,2.799351,11.109432,10.665781,5.310409,9.159885,3.293780,9.464091,13.191364,6.616754,10.180001,4.799530, ,3.525523,4.561747,2.373556
    Mean ISI within Burst - Avg (sec),0.125227,0.008541,0.007545,0.007070,0.008676, ,0.007189,0.008567,0.012268,0.013090,0.009351,0.006815,0.007150,0.008189,0.012106,0.017784,0.008639,0.028781,0.007627,0.023284,0.005033,0.010040,0.011485,0.019158,0.008622,0.006491,0.008741,0.006874,0.008187,0.006794,0.005573,0.012015,0.009403,0.012845,0.009401,0.017892,0.024172,0.008133,0.020748,0.016200,0.018316,0.016226,0.009773,0.017587,0.011764,0.018883,0.012335,0.063886
    Mean ISI within Burst - Std (sec),0.306794,0.004019,0.003479,0.003001,0.005318, ,0.003067,0.005200,0.002110,0.006960,0.003495,0.002173,0.001267,0.002459,0.003582,0.006369,0.003139,0.007535,0.002160,0.010854,0.000866,0.002593,0.004977,0.017669,0.004605,0.001347,0.003387,0.002225,0.002135,0.001583,0.001274,0.008021,0.003197,0.005642,0.003051,0.012651,0.025675,0.002810,0.027080,0.009657,0.008408,0.002246,0.005059,0.012540, ,0.017597,0.006641,0.088611
    Median ISI within Burst - Avg (sec),0.118102,0.006396,0.006204,0.005716,0.007313, ,0.005001,0.004877,0.010407,0.010198,0.007268,0.005084,0.004987,0.006086,0.009690,0.013243,0.007151,0.022558,0.006107,0.015351,0.003786,0.007433,0.009228,0.014949,0.006324,0.005239,0.006868,0.005295,0.006090,0.005244,0.004290,0.009365,0.007376,0.010678,0.007260,0.011825,0.020935,0.006212,0.010882,0.012019,0.014948,0.012579,0.007998,0.015426,0.006573,0.012685,0.009787,0.061473
    Median ISI within Burst - Std (sec),0.290577,0.002983,0.002967,0.002873,0.005448, ,0.002654,0.001261,0.002529,0.004988,0.002687,0.001899,0.000852,0.001883,0.002236,0.004676,0.003852,0.004283,0.001962,0.006621,0.000531,0.002180,0.004364,0.016102,0.002774,0.001330,0.002879,0.001688,0.001645,0.001400,0.001187,0.005956,0.002607,0.004859,0.003253,0.006512,0.026655,0.002149,0.009208,0.006850,0.007594,0.001353,0.004269,0.014394, ,0.007784,0.005399,0.087690
    Median/Mean ISI within Burst - Avg,0.875352,0.775062,0.861113,0.805766,0.822763, ,0.712481,0.693391,0.861759,0.794435,0.793033,0.762002,0.727674,0.777921,0.836392,0.773926,0.815081,0.843747,0.851864,0.711347,0.784930,0.765468,0.808149,0.766507,0.800438,0.814239,0.809055,0.793715,0.768424,0.789856,0.785401,0.795082,0.801286,0.864325,0.767983,0.754217,0.832477,0.784308,0.695704,0.775568,0.828714,0.835900,0.830255,0.828930,0.572500,0.780133,0.819877,0.899832
    Median/Mean ISI within Burst - Std,0.059584,0.081180,0.194828,0.051901,0.087389, ,0.095224,0.120984,0.085493,0.102062,0.069771,0.056628,0.035851,0.111785,0.113319,0.129596,0.114381,0.116257,0.105000,0.017452,0.042656,0.066954,0.083081,0.102392,0.037056,0.056283,0.040151,0.031161,0.054715,0.050728,0.039493,0.052870,0.047878,0.070590,0.112513,0.126597,0.097286,0.056967,0.162158,0.078434,0.073566,0.118877,0.068973,0.103040, ,0.133391,0.032293,0.117002
    Inter-Burst Interval - Avg (sec),12.561851,32.100038,50.896561,5.107482,38.383751, ,6.443053,68.253507,56.373417,42.691339,20.539316,9.988847,9.784313,34.897827,53.766509,52.051889,41.189518,126.969753,51.370383,28.758554,9.884526,30.597738,26.476978,92.772366,20.650584,15.352477,15.114594,17.572893,13.143775,10.082385,9.682184,33.185669,23.203648,49.623755,40.794573,31.232257,67.517833,25.506870,68.920711,48.532114,43.076089,68.784598,14.782903,29.933532,57.207160,60.763577,41.443150,43.256114
    Inter-Burst Interval - Std (sec),17.332912,34.915948,38.646873,0.734971,42.930554, ,4.574007,11.331490,38.462331,35.803054,21.847415,2.776480,1.078097,96.846608,92.590602,56.111573,60.007739,13.612833,80.400323,13.733689,0.084992,33.999593,42.145367,87.026180,22.203100,22.544452,8.973775,14.956352,6.629555,3.111618,0.720138,42.757969,27.483337,33.402806,73.499993,28.692047,69.050722,40.580349,71.464271,51.848435,29.910369,70.098797,12.682899,19.837177,0.000000,115.506782,69.704940,24.539075
    Burst Frequency - Avg (Hz),0.144048,0.053939,0.020333,0.121111,0.057222, ,0.219286,0.004444,0.027963,0.038125,0.086667,0.106354,0.103854,0.132917,0.060417,0.046852,0.065641,0.005833,0.034048,0.027917,0.101458,0.069271,0.082361,0.023704,0.099167,0.110000,0.081563,0.070222,0.081563,0.104444,0.104063,0.065556,0.071354,0.026515,0.052976,0.053000,0.032833,0.069048,0.026389,0.055000,0.032222,0.026111,0.079333,0.041667,0.015000,0.055370,0.091667,0.018333
    Burst Frequency - Std (Hz),0.150440,0.085460,0.038969,0.109473,0.075716, ,0.154245,0.002546,0.027396,0.035729,0.050840,0.023160,0.009656,0.081251,0.062106,0.043039,0.045823,0.001179,0.033800,0.021789,0.000833,0.042186,0.047351,0.020048,0.062545,0.040189,0.029661,0.017273,0.018890,0.018684,0.006440,0.060157,0.033134,0.022379,0.027928,0.034684,0.032337,0.027710,0.016945,0.045853,0.020069,0.018434,0.058869,0.028480, ,0.048818,0.065972,0.018559
    IBI Coefficient of Variation - Avg,0.962067,1.190471,0.981686,1.421411,1.213206, ,1.111121,0.850813,0.796648,0.706317,0.474750,0.433472,0.478985,0.543725,0.610872,0.631028,0.597982,0.722071,0.734628,0.612053,0.408898,0.659677,0.545816,0.765954,0.534500,0.370869,0.585904,0.440748,0.414413,0.432774,0.674612,0.650260,0.517920,0.632238,0.536785,0.642404,0.549403,0.459762,0.592483,0.626776,0.594859,0.893589,0.534203,0.652347,0.852023,0.696629,0.647959,0.613873
    IBI Coefficient of Variation - Std,0.263358,0.659719,0.257631,0.619903,0.329280, ,0.391460,0.242133,0.223342,0.174177,0.127167,0.129193,0.033096,0.206530,0.146128,0.287820,0.228286,0.093026,0.185737,0.087022,0.000629,0.209178,0.170947,0.229432,0.088494,0.333626,0.095103,0.134629,0.194583,0.111882,0.078363,0.260732,0.123555,0.272484,0.166210,0.416307,0.239030,0.174381,0.238784,0.172371,0.066829,0.441482,0.106531,0.159853,0.000000,0.143432,0.255093,0.050693
    Burst Percentage - Avg,11.805913,5.565837,1.676677,2.618380,3.199233, ,11.200919,0.255784,26.140172,17.085672,45.171550,78.917832,73.854781,57.506422,22.870117,21.220501,46.693837,14.244563,18.055145,19.605626,93.408128,61.712094,57.232188,27.297061,72.616278,85.225203,85.550150,89.571697,85.237110,86.441770,96.532641,46.894955,69.394462,33.642598,65.928325,41.590980,40.067728,74.665134,40.384201,34.036770,46.197939,21.453089,42.785570,25.336351,37.500000,31.611776,47.472751,12.172779
    Burst Percentage - Std,19.891741,9.481030,5.142063,7.355899,6.983338, ,15.456518,0.601546,18.315020,20.728424,30.427410,10.008253,11.694231,28.649515,21.042534,23.580052,26.805680,20.341246,28.611729,30.232908,9.169117,25.273288,37.378095,32.251778,24.497152,23.586047,17.397384,14.302223,13.662180,25.659225,3.136163,27.500349,22.036532,31.342697,32.087828,35.596975,34.188421,31.925545,40.407599,34.938741,33.304927,31.990287,42.059502,27.324045,53.033009,29.422681,33.572172,22.019613
Network Burst Metrics
    Number of Network Bursts,329.000000,337.000000,2.000000,159.000000,112.000000,0.000000,350.000000,26.000000,20.000000,24.000000,91.000000,81.000000,89.000000,157.000000,166.000000,58.000000,76.000000,0.000000,6.000000,2.000000,61.000000,83.000000,85.000000,24.000000,105.000000,81.000000,64.000000,48.000000,57.000000,68.000000,64.000000,107.000000,75.000000,34.000000,46.000000,56.000000,37.000000,52.000000,14.000000,64.000000,33.000000,4.000000,88.000000,44.000000,0.000000,59.000000,125.000000,0.000000
    Network Burst Frequency,0.548333,0.561667,0.003333,0.265000,0.186667, ,0.583333,0.043333,0.033333,0.040000,0.151667,0.135000,0.148333,0.261667,0.276667,0.096667,0.126667, ,0.010000,0.003333,0.101667,0.138333,0.141667,0.040000,0.175000,0.135000,0.106667,0.080000,0.095000,0.113333,0.106667,0.178333,0.125000,0.056667,0.076667,0.093333,0.061667,0.086667,0.023333,0.106667,0.055000,0.006667,0.146667,0.073333, ,0.098333,0.208333, 
    Network Burst Duration - Avg (sec),0.327269,0.305558,0.082680,0.135937,0.056891, ,0.288739,0.273954,0.240916,0.079193,0.167904,0.414397,0.302475,0.505930,0.416417,0.427099,0.427233, ,0.500040,0.339080,0.505991,0.490934,0.390412,0.401723,0.209162,0.207837,0.233550,0.604277,0.343117,0.250139,0.256636,0.167409,0.482429,0.281776,0.348360,0.423067,0.267423,0.211751,0.392086,0.325664,0.495724,0.843780,0.225635,0.409236, ,0.268709,0.187405, 
    Network Burst Duration - Std (sec),0.061469,0.069109,0.022684,0.021990,0.008847, ,0.064074,0.038261,0.159036,0.031889,0.046060,0.120337,0.126703,0.237102,0.224997,0.154676,0.141089, ,0.444809,0.010918,0.185137,0.213153,0.138235,0.249035,0.241706,0.098313,0.208195,0.322054,0.242084,0.229930,0.182321,0.115598,0.237831,0.152650,0.164088,0.437851,0.208414,0.113382,0.224135,0.156995,0.242972,0.172944,0.160752,0.159771, ,0.180572,0.169187, 
    Number of Spikes per Network Burst - Avg,68.945289,104.350148,41.000000,46.742138,44.991071, ,101.640000,43.269231,66.250000,81.250000,129.747253,259.382716,210.674157,193.751592,71.530120,77.172414,122.486842, ,58.333333,44.000000,347.590164,158.686747,139.188235,104.166667,188.314286,186.148148,231.671875,242.375000,222.771930,242.470588,298.125000,107.299065,177.226667,64.382353,236.695652,110.285714,77.621622,198.942308,58.428571,106.859375,118.000000,63.500000,122.193182,74.886364, ,64.881356,105.488000, 
    Number of Spikes per Network Burst - Std,8.870170,32.763160,1.414214,4.780252,4.277525, ,27.799458,2.892164,33.097742,38.473311,57.119873,111.409893,107.186305,130.064760,26.239151,32.583570,57.839201, ,22.214110,5.656854,165.373252,91.028263,51.112270,65.941784,154.303417,25.923499,160.484391,117.572725,90.643733,167.519700,197.575101,106.261267,87.919277,26.874585,187.184860,79.076422,45.802930,64.561086,11.804264,46.633276,57.478800,6.454972,87.827137,39.676140, ,32.705101,84.444352, 
    Mean ISI within Network Burst - Avg (sec),0.004840,0.003111,0.002078,0.002979,0.001295, ,0.003046,0.006506,0.003560,0.001017,0.001513,0.002399,0.002176,0.003558,0.006398,0.005947,0.004180, ,0.007907,0.007971,0.001524,0.004195,0.002965,0.003978,0.001063,0.001123,0.001001,0.002748,0.001547,0.000963,0.000869,0.001829,0.003407,0.004557,0.001794,0.004153,0.003351,0.001053,0.006717,0.003097,0.004401,0.013447,0.001979,0.006156, ,0.004196,0.001822, 
    Mean ISI within Network Burst - Std (sec),0.000820,0.000775,0.000641,0.000423,0.000172, ,0.001003,0.000989,0.001384,0.000130,0.000624,0.002691,0.001838,0.002702,0.003930,0.001555,0.002281, ,0.004877,0.001303,0.000439,0.003092,0.000893,0.001570,0.000444,0.000545,0.000584,0.002132,0.000795,0.000374,0.000368,0.000733,0.002286,0.002351,0.000937,0.004449,0.000821,0.000253,0.003533,0.000877,0.001751,0.001846,0.000890,0.002680, ,0.001837,0.000616, 
    Median ISI within Network Burst - Avg (sec),0.001216,0.001076,0.001440,0.001628,0.000759, ,0.001349,0.003012,0.001364,0.000718,0.000817,0.000887,0.000768,0.000797,0.001933,0.004099,0.000839, ,0.003007,0.003120,0.000250,0.001184,0.000931,0.001478,0.000443,0.000346,0.000438,0.000387,0.000418,0.000336,0.000255,0.000699,0.000705,0.001400,0.000618,0.001470,0.001624,0.000470,0.002454,0.001299,0.002070,0.007250,0.000951,0.001785, ,0.001841,0.000882, 
    Median ISI within Network Burst - Std (sec),0.000434,0.000524,0.000000,0.000443,0.000163, ,0.000658,0.000944,0.000192,0.000126,0.000428,0.001637,0.000739,0.000607,0.001074,0.001925,0.000538, ,0.001594,0.000453,0.000048,0.000830,0.000331,0.000315,0.000127,0.000044,0.000212,0.000398,0.000101,0.000099,0.000042,0.000283,0.000345,0.000502,0.000294,0.001336,0.000423,0.000088,0.001257,0.000288,0.000686,0.002257,0.000372,0.000631, ,0.000549,0.000255, 
    Median/Mean ISI within Network Burst - Avg,0.252075,0.344772,0.727418,0.545974,0.589667, ,0.434895,0.459559,0.432937,0.707926,0.527740,0.267128,0.334033,0.236433,0.346751,0.665687,0.209333, ,0.427521,0.392001,0.178839,0.291637,0.323501,0.419767,0.452074,0.348755,0.471677,0.165536,0.297742,0.373539,0.333651,0.406807,0.242709,0.356634,0.360795,0.452774,0.498589,0.458304,0.399493,0.444543,0.494112,0.544691,0.516892,0.315912, ,0.484553,0.506138, 
    Median/Mean ISI within Network Burst - Std,0.072291,0.089151,0.224204,0.118087,0.117121, ,0.087472,0.106471,0.147816,0.091295,0.081901,0.134001,0.111607,0.095190,0.133181,0.148589,0.078405, ,0.160535,0.007283,0.068465,0.105631,0.098437,0.158075,0.127748,0.113354,0.113627,0.098935,0.097123,0.096660,0.112708,0.125613,0.104811,0.155156,0.089200,0.189322,0.128485,0.081581,0.163890,0.131324,0.118363,0.159502,0.149962,0.103523, ,0.151776,0.121741, 
    Number of Elecs Participating in Burst - Avg,12.641337,13.928783,10.000000,10.339623,11.714286, ,10.868571,8.500000,8.900000,8.333333,13.527473,14.913580,14.876404,14.694268,9.903614,7.431034,12.013158, ,8.666667,7.000000,16.000000,13.409639,11.694118,10.125000,14.523810,15.777778,15.812500,14.645833,16.000000,15.661765,16.000000,12.925234,14.720000,12.764706,13.195652,9.214286,9.027027,14.192308,6.071429,10.453125,9.030303,3.750000,9.647727,8.522727, ,8.474576,12.392000, 
    Number of Elecs Participating in Burst - Std,1.273173,0.951645,1.414214,1.157421,1.233384, ,1.354134,1.303840,0.307794,0.564660,1.790969,2.860059,1.869736,1.842039,1.440660,2.310252,1.969727, ,1.211060,0.000000,0.000000,2.363524,1.397477,1.190999,1.563374,0.447214,0.663684,0.785225,0.000000,0.476627,0.000000,1.249158,1.520668,1.688801,1.454794,1.626086,1.499750,0.841065,0.730046,2.054261,0.529437,0.957427,1.819687,1.130726, ,1.208532,1.262971, 
    Number of Spikes per Network Burst per Channel - Avg,5.471385,7.432909,4.131313,4.571195,3.876882, ,9.270095,5.201945,7.432639,9.612269,9.307911,16.718519,13.504538,12.700027,7.135787,10.752412,9.890703, ,6.898743,6.285714,21.724385,11.140397,11.788946,9.970170,12.597940,11.800808,14.579677,16.395441,13.923246,15.426654,18.632813,7.994856,11.694014,4.991462,17.461300,11.619412,8.389865,14.016184,9.668707,10.012348,13.004798,17.870833,12.400563,8.648113, ,7.551332,8.293192, 
    Number of Spikes per Network Burst per Channel - Std,0.637026,2.106968,0.442835,0.658050,0.498494, ,1.992455,0.824634,3.650475,3.984047,3.441531,6.109366,6.270463,7.917665,1.918829,3.600732,3.570172, ,3.095005,0.808122,10.335828,5.203235,3.760410,5.174161,9.678052,1.622327,9.973198,7.687552,5.665233,10.411315,12.348444,6.797887,5.402948,1.528987,12.640830,7.204809,3.885993,4.310689,1.772630,3.185092,6.128886,5.353095,6.832765,3.651655, ,3.080428,5.889614, 
    Network Burst Percentage,67.799498,58.932162,0.638580,29.489723,19.394942, ,59.195288,6.216156,30.878583,10.366275,53.770835,83.459124,78.801378,90.400903,80.089033,22.256477,74.299625, ,13.389441,2.781290,94.239744,75.288670,89.385011,64.383209,99.737705,99.794824,99.865293,96.804793,93.719094,98.424069,99.194177,82.638739,83.608001,77.295198,82.653913,75.510454,80.855856,92.705440,55.345061,80.091346,75.086772,26.158599,99.115126,58.020778, ,64.585794,93.524363, 
    Network IBI Coefficient of Variation,0.498015,0.458998, ,2.490758,1.831525, ,0.559000,1.098477,0.745285,0.846677,0.433183,0.423430,0.447413,0.420667,0.416096,0.794159,0.472378, ,0.486142, ,0.409410,0.587203,0.333144,0.532269,0.407154,0.158303,0.555879,0.404564,0.266773,0.375006,0.640044,0.581574,0.492144,0.510358,0.469793,0.438027,0.492574,0.363310,0.443466,0.521726,0.573720,0.445608,0.397864,0.571826, ,0.560948,0.500384, 
    Network Normalized Duration IQR,0.212282,0.269303, ,0.223837,0.000000, ,0.250000,0.187481,0.703254,0.277132,0.311257,0.321786,0.590910,0.509449,0.866775,0.527742,0.383452, ,1.034530, ,0.361020,0.517604,0.388243,0.780999,0.554703,0.552429,0.837658,0.619714,0.255134,1.140776,0.611236,0.453822,0.790074,0.485059,0.363256,1.858916,0.500100,0.322141,0.853494,0.556985,0.700981,0.098553,0.614362,0.578796, ,0.675667,0.479144, 
Synchrony Metrics
    Area Under Normalized Cross-Correlation,0.385401,0.424739,0.307178,0.187451,0.332504,0.000000,0.228442,0.127002,0.156180,0.090403,0.362180,0.683364,0.741773,0.558138,0.290236,0.041996,0.403303,0.004599,0.154133,0.043743,0.840177,0.439132,0.285104,0.179060,0.579097,0.711926,0.617670,0.669305,0.715646,0.798636,0.822775,0.458203,0.537408,0.336602,0.432457,0.212120,0.218920,0.517701,0.132498,0.200139,0.122621,0.057079,0.274419,0.230762,0.000047,0.211394,0.386970,0.045753
    Area Under Cross-Correlation,3.807708,7.540403,0.800875,1.472639,2.544931,0.000000,6.419694,0.447222,0.242347,0.718375,3.840056,12.373444,10.637681,10.916181,1.578986,0.347611,3.026333,0.001125,0.157847,0.030931,15.565750,3.947861,2.697208,0.351222,8.428764,7.807528,6.573375,6.514889,5.834389,8.237528,13.062278,3.419194,4.998514,0.329778,3.883986,1.017472,0.381625,4.174236,0.092014,1.017736,0.401625,0.016903,2.271347,0.445569,0.000014,0.487333,2.887347,0.010611
    Full Width at Half Height of Normalized Cross-Correlation,18.000000,23.000000,16.000000,29.000000,23.000000, ,35.000000,26.000000,34.000000,11.000000,29.000000,16.000000,18.000000,19.000000,26.000000,23.000000,21.000000,33.000000,20.000000,36.000000,17.000000,24.000000,35.000000,21.000000,22.000000,15.000000,18.000000,12.000000,15.000000,12.000000,18.000000,15.000000,23.000000,20.000000,17.000000,23.000000,27.000000,21.000000,14.000000,22.000000,25.000000,17.000000,25.000000,25.000000,10.000000,13.000000,17.000000,22.000000
    Full Width at Half Height of Cross-Correlation,31.000000,42.000000,20.000000,54.000000,33.000000, ,93.000000,35.000000,78.000000,80.000000,89.000000,83.000000,70.000000,69.000000,71.000000,373.000000,70.000000,48.000000,50.000000,83.000000,76.000000,84.000000,104.000000,99.000000,78.000000,68.000000,87.000000,85.000000,71.000000,64.000000,74.000000,73.000000,84.000000,63.000000,120.000000,104.000000,94.000000,89.000000,69.000000,108.000000,159.000000,54.000000,103.000000,94.000000,10.000000,76.000000,80.000000,63.000000
    Synchrony Index, , , , , , , , , , , , , , , , , , , , , , , , , , , , , , , , , , , , , , , , , , , , , , , , 
    Kreuz SPIKE Distance, , , , , , , , , , , , , , , , , , , , , , , , , , , , , , , , , , , , , , , , , , , , , , , , 
Average Network Burst Metrics
    Start Electrode,43.000000,33.000000,12.000000,33.000000,23.000000, ,12.000000,24.000000,12.000000,22.000000,32.000000,11.000000,24.000000,34.000000,42.000000,33.000000,11.000000, ,31.000000,31.000000,11.000000,23.000000,21.000000,12.000000,14.000000,22.000000,23.000000,11.000000,32.000000,41.000000,22.000000,41.000000,13.000000,42.000000,43.000000,11.000000,22.000000,23.000000,11.000000,13.000000,24.000000,41.000000,31.000000,11.000000, ,13.000000,14.000000, 
    Percent Bursts with Start Electrode,31.914894,22.848665,50.000000,63.522013,34.821429, ,26.857143,42.307692,50.000000,41.666667,46.153846,44.444444,24.719101,45.222930,28.915663,34.482759,30.263158, ,33.333333,50.000000,49.180328,45.783133,42.352941,45.833333,46.666667,54.320988,45.312500,31.250000,52.631579,63.235294,45.312500,19.626168,33.333333,32.352941,36.956522,41.071429,45.945946,53.846154,50.000000,50.000000,57.575758,75.000000,81.818182,38.636364, ,25.423729,37.600000, 
    Burst Peak (Max Spikes per sec),331.306991,851.632047,2000.000000,754.716981,1428.571429, ,720.000000,461.538462,650.000000,1875.000000,1439.560440,1012.345679,1146.067416,407.643312,325.301205,413.793103,276.315789, ,1000.000000,500.000000,1786.885246,855.421687,917.647059,500.000000,1961.904762,2876.543210,2593.750000,1541.666667,2052.631579,2514.705882,3500.000000,869.158879,666.666667,617.647059,1282.608696,821.428571,918.918919,2326.923077,714.285714,703.125000,666.666667,500.000000,738.636364,386.363636, ,389.830508,1072.000000, 
    Time to Burst Peak (ms),98.500000,94.500000,37.500000,58.500000,25.500000, ,98.500000,78.500000,54.500000,12.500000,58.500000,82.500000,94.500000,3.500000,70.500000,80.500000,91.500000, ,26.500000,2.500000,90.500000,94.500000,70.500000,41.500000,36.500000,52.500000,38.500000,73.500000,82.500000,52.500000,60.500000,90.500000,84.500000,92.500000,94.500000,94.500000,36.500000,78.500000,54.500000,70.500000,82.500000,11.500000,68.500000,80.500000, ,98.500000,32.500000, 
Viability Metrics
    Resistance - Avg (kOhms), , , , , , , , , , , , , , , , , , , , , , , , , , , , , , , , , , , , , , , , , , , , , , , , 
    Resistance - Std (kOhms), , , , , , , , , , , , , , , , , , , , , , , , , , , , , , , , , , , , , , , , , , , , , , , , 
    Number of Covered Electrodes, , , , , , , , , , , , , , , , , , , , , , , , , , , , , , , , , , , , , , , , , , , , , , , , 
    Weighted Mean Resistance (kOhms), , , , , , , , , , , , , , , , , , , , , , , , , , , , , , , , , , , , , , , , , , , , , , , , 

Measurement,A1_11,A1_12,A1_13,A1_14,A1_21,A1_22,A1_23,A1_24,A1_31,A1_32,A1_33,A1_34,A1_41,A1_42,A1_43,A1_44,A2_11,A2_12,A2_13,A2_14,A2_21,A2_22,A2_23,A2_24,A2_31,A2_32,A2_33,A2_34,A2_41,A2_42,A2_43,A2_44,A3_11,A3_12,A3_13,A3_14,A3_21,A3_22,A3_23,A3_24,A3_31,A3_32,A3_33,A3_34,A3_41,A3_42,A3_43,A3_44,A4_11,A4_12,A4_13,A4_14,A4_21,A4_22,A4_23,A4_24,A4_31,A4_32,A4_33,A4_34,A4_41,A4_42,A4_43,A4_44,A5_11,A5_12,A5_13,A5_14,A5_21,A5_22,A5_23,A5_24,A5_31,A5_32,A5_33,A5_34,A5_41,A5_42,A5_43,A5_44,A6_11,A6_12,A6_13,A6_14,A6_21,A6_22,A6_23,A6_24,A6_31,A6_32,A6_33,A6_34,A6_41,A6_42,A6_43,A6_44,A7_11,A7_12,A7_13,A7_14,A7_21,A7_22,A7_23,A7_24,A7_31,A7_32,A7_33,A7_34,A7_41,A7_42,A7_43,A7_44,A8_11,A8_12,A8_13,A8_14,A8_21,A8_22,A8_23,A8_24,A8_31,A8_32,A8_33,A8_34,A8_41,A8_42,A8_43,A8_44,B1_11,B1_12,B1_13,B1_14,B1_21,B1_22,B1_23,B1_24,B1_31,B1_32,B1_33,B1_34,B1_41,B1_42,B1_43,B1_44,B2_11,B2_12,B2_13,B2_14,B2_21,B2_22,B2_23,B2_24,B2_31,B2_32,B2_33,B2_34,B2_41,B2_42,B2_43,B2_44,B3_11,B3_12,B3_13,B3_14,B3_21,B3_22,B3_23,B3_24,B3_31,B3_32,B3_33,B3_34,B3_41,B3_42,B3_43,B3_44,B4_11,B4_12,B4_13,B4_14,B4_21,B4_22,B4_23,B4_24,B4_31,B4_32,B4_33,B4_34,B4_41,B4_42,B4_43,B4_44,B5_11,B5_12,B5_13,B5_14,B5_21,B5_22,B5_23,B5_24,B5_31,B5_32,B5_33,B5_34,B5_41,B5_42,B5_43,B5_44,B6_11,B6_12,B6_13,B6_14,B6_21,B6_22,B6_23,B6_24,B6_31,B6_32,B6_33,B6_34,B6_41,B6_42,B6_43,B6_44,B7_11,B7_12,B7_13,B7_14,B7_21,B7_22,B7_23,B7_24,B7_31,B7_32,B7_33,B7_34,B7_41,B7_42,B7_43,B7_44,B8_11,B8_12,B8_13,B8_14,B8_21,B8_22,B8_23,B8_24,B8_31,B8_32,B8_33,B8_34,B8_41,B8_42,B8_43,B8_44,C1_11,C1_12,C1_13,C1_14,C1_21,C1_22,C1_23,C1_24,C1_31,C1_32,C1_33,C1_34,C1_41,C1_42,C1_43,C1_44,C2_11,C2_12,C2_13,C2_14,C2_21,C2_22,C2_23,C2_24,C2_31,C2_32,C2_33,C2_34,C2_41,C2_42,C2_43,C2_44,C3_11,C3_12,C3_13,C3_14,C3_21,C3_22,C3_23,C3_24,C3_31,C3_32,C3_33,C3_34,C3_41,C3_42,C3_43,C3_44,C4_11,C4_12,C4_13,C4_14,C4_21,C4_22,C4_23,C4_24,C4_31,C4_32,C4_33,C4_34,C4_41,C4_42,C4_43,C4_44,C5_11,C5_12,C5_13,C5_14,C5_21,C5_22,C5_23,C5_24,C5_31,C5_32,C5_33,C5_34,C5_41,C5_42,C5_43,C5_44,C6_11,C6_12,C6_13,C6_14,C6_21,C6_22,C6_23,C6_24,C6_31,C6_32,C6_33,C6_34,C6_41,C6_42,C6_43,C6_44,C7_11,C7_12,C7_13,C7_14,C7_21,C7_22,C7_23,C7_24,C7_31,C7_32,C7_33,C7_34,C7_41,C7_42,C7_43,C7_44,C8_11,C8_12,C8_13,C8_14,C8_21,C8_22,C8_23,C8_24,C8_31,C8_32,C8_33,C8_34,C8_41,C8_42,C8_43,C8_44,D1_11,D1_12,D1_13,D1_14,D1_21,D1_22,D1_23,D1_24,D1_31,D1_32,D1_33,D1_34,D1_41,D1_42,D1_43,D1_44,D2_11,D2_12,D2_13,D2_14,D2_21,D2_22,D2_23,D2_24,D2_31,D2_32,D2_33,D2_34,D2_41,D2_42,D2_43,D2_44,D3_11,D3_12,D3_13,D3_14,D3_21,D3_22,D3_23,D3_24,D3_31,D3_32,D3_33,D3_34,D3_41,D3_42,D3_43,D3_44,D4_11,D4_12,D4_13,D4_14,D4_21,D4_22,D4_23,D4_24,D4_31,D4_32,D4_33,D4_34,D4_41,D4_42,D4_43,D4_44,D5_11,D5_12,D5_13,D5_14,D5_21,D5_22,D5_23,D5_24,D5_31,D5_32,D5_33,D5_34,D5_41,D5_42,D5_43,D5_44,D6_11,D6_12,D6_13,D6_14,D6_21,D6_22,D6_23,D6_24,D6_31,D6_32,D6_33,D6_34,D6_41,D6_42,D6_43,D6_44,D7_11,D7_12,D7_13,D7_14,D7_21,D7_22,D7_23,D7_24,D7_31,D7_32,D7_33,D7_34,D7_41,D7_42,D7_43,D7_44,D8_11,D8_12,D8_13,D8_14,D8_21,D8_22,D8_23,D8_24,D8_31,D8_32,D8_33,D8_34,D8_41,D8_42,D8_43,D8_44,E1_11,E1_12,E1_13,E1_14,E1_21,E1_22,E1_23,E1_24,E1_31,E1_32,E1_33,E1_34,E1_41,E1_42,E1_43,E1_44,E2_11,E2_12,E2_13,E2_14,E2_21,E2_22,E2_23,E2_24,E2_31,E2_32,E2_33,E2_34,E2_41,E2_42,E2_43,E2_44,E3_11,E3_12,E3_13,E3_14,E3_21,E3_22,E3_23,E3_24,E3_31,E3_32,E3_33,E3_34,E3_41,E3_42,E3_43,E3_44,E4_11,E4_12,E4_13,E4_14,E4_21,E4_22,E4_23,E4_24,E4_31,E4_32,E4_33,E4_34,E4_41,E4_42,E4_43,E4_44,E5_11,E5_12,E5_13,E5_14,E5_21,E5_22,E5_23,E5_24,E5_31,E5_32,E5_33,E5_34,E5_41,E5_42,E5_43,E5_44,E6_11,E6_12,E6_13,E6_14,E6_21,E6_22,E6_23,E6_24,E6_31,E6_32,E6_33,E6_34,E6_41,E6_42,E6_43,E6_44,E7_11,E7_12,E7_13,E7_14,E7_21,E7_22,E7_23,E7_24,E7_31,E7_32,E7_33,E7_34,E7_41,E7_42,E7_43,E7_44,E8_11,E8_12,E8_13,E8_14,E8_21,E8_22,E8_23,E8_24,E8_31,E8_32,E8_33,E8_34,E8_41,E8_42,E8_43,E8_44,F1_11,F1_12,F1_13,F1_14,F1_21,F1_22,F1_23,F1_24,F1_31,F1_32,F1_33,F1_34,F1_41,F1_42,F1_43,F1_44,F2_11,F2_12,F2_13,F2_14,F2_21,F2_22,F2_23,F2_24,F2_31,F2_32,F2_33,F2_34,F2_41,F2_42,F2_43,F2_44,F3_11,F3_12,F3_13,F3_14,F3_21,F3_22,F3_23,F3_24,F3_31,F3_32,F3_33,F3_34,F3_41,F3_42,F3_43,F3_44,F4_11,F4_12,F4_13,F4_14,F4_21,F4_22,F4_23,F4_24,F4_31,F4_32,F4_33,F4_34,F4_41,F4_42,F4_43,F4_44,F5_11,F5_12,F5_13,F5_14,F5_21,F5_22,F5_23,F5_24,F5_31,F5_32,F5_33,F5_34,F5_41,F5_42,F5_43,F5_44,F6_11,F6_12,F6_13,F6_14,F6_21,F6_22,F6_23,F6_24,F6_31,F6_32,F6_33,F6_34,F6_41,F6_42,F6_43,F6_44,F7_11,F7_12,F7_13,F7_14,F7_21,F7_22,F7_23,F7_24,F7_31,F7_32,F7_33,F7_34,F7_41,F7_42,F7_43,F7_44,F8_11,F8_12,F8_13,F8_14,F8_21,F8_22,F8_23,F8_24,F8_31,F8_32,F8_33,F8_34,F8_41,F8_42,F8_43,F8_44,
Activity Metrics
    Number of Spikes,2218.000000,335.000000,828.000000,3404.000000,6564.000000,1380.000000,30.000000,122.000000,1008.000000,6904.000000,150.000000,162.000000,4728.000000,482.000000,4659.000000,482.000000,77.000000,3452.000000,1343.000000,5387.000000,12974.000000,6112.000000,1795.000000,6959.000000,451.000000,715.000000,8843.000000,693.000000,2626.000000,3765.000000,4478.000000,2.000000,9.000000,4782.000000,423.000000,7.000000,330.000000,15.000000,989.000000,1817.000000,544.000000,623.000000,135.000000,5.000000,1735.000000,167.000000,828.000000,432.000000,663.000000,150.000000,7220.000000,61.000000,831.000000,3.000000,855.000000,6.000000,333.000000,1.000000,6558.000000,810.000000,6567.000000,679.000000,329.000000,136.000000,6970.000000,151.000000,78.000000,327.000000,764.000000,2033.000000,6154.000000,566.000000,86.000000,2496.000000,955.000000,444.000000,3399.000000,1463.000000,40.000000,55.000000,0.000000,0.000000,0.000000,0.000000,0.000000,0.000000,0.000000,0.000000,0.000000,0.000000,0.000000,0.000000,0.000000,0.000000,0.000000,0.000000,2039.000000,14930.000000,9137.000000,2224.000000,155.000000,141.000000,2442.000000,536.000000,9400.000000,6551.000000,2.000000,69.000000,1989.000000,10392.000000,2.000000,87.000000,255.000000,8.000000,1390.000000,4182.000000,3.000000,254.000000,14.000000,8566.000000,2602.000000,0.000000,131.000000,0.000000,224.000000,400.000000,0.000000,69.000000,57.000000,1119.000000,2.000000,111.000000,258.000000,274.000000,2.000000,262.000000,1645.000000,5.000000,356.000000,0.000000,200.000000,0.000000,0.000000,0.000000,7835.000000,5.000000,141.000000,1.000000,7.000000,1681.000000,2716.000000,2441.000000,0.000000,3.000000,0.000000,0.000000,12.000000,321.000000,1008.000000,2640.000000,2065.000000,700.000000,702.000000,180.000000,291.000000,779.000000,16.000000,464.000000,503.000000,4776.000000,214.000000,452.000000,6026.000000,36.000000,3068.000000,1686.000000,3993.000000,790.000000,508.000000,1959.000000,702.000000,1485.000000,379.000000,2624.000000,402.000000,430.000000,2409.000000,2094.000000,1576.000000,1246.000000,3170.000000,1407.000000,1120.000000,1052.000000,1257.000000,675.000000,2574.000000,1065.000000,2300.000000,2161.000000,826.000000,2973.000000,1496.000000,1476.000000,1283.000000,1923.000000,587.000000,1026.000000,2347.000000,2858.000000,165.000000,292.000000,3844.000000,3431.000000,1102.000000,5272.000000,394.000000,617.000000,2613.000000,3415.000000,615.000000,1245.000000,2389.000000,3050.000000,858.000000,1238.000000,233.000000,13.000000,0.000000,2547.000000,187.000000,2.000000,3.000000,80.000000,1691.000000,965.000000,2335.000000,2083.000000,2507.000000,84.000000,217.000000,446.000000,74.000000,5.000000,34.000000,752.000000,1641.000000,0.000000,14.000000,11.000000,7803.000000,0.000000,3888.000000,4013.000000,0.000000,1213.000000,337.000000,2017.000000,5.000000,1107.000000,524.000000,0.000000,77.000000,189.000000,572.000000,2231.000000,60.000000,107.000000,1075.000000,2262.000000,1850.000000,116.000000,0.000000,0.000000,828.000000,0.000000,0.000000,0.000000,0.000000,0.000000,0.000000,0.000000,0.000000,0.000000,309.000000,1.000000,0.000000,0.000000,134.000000,28.000000,551.000000,1.000000,30.000000,0.000000,433.000000,146.000000,408.000000,0.000000,13.000000,179.000000,600.000000,0.000000,17.000000,74.000000,256.000000,9.000000,0.000000,16.000000,67.000000,0.000000,0.000000,17.000000,458.000000,597.000000,0.000000,0.000000,1413.000000,0.000000,331.000000,0.000000,1724.000000,1285.000000,1060.000000,2354.000000,3045.000000,1327.000000,781.000000,615.000000,938.000000,2289.000000,1400.000000,1451.000000,1018.000000,974.000000,1312.000000,926.000000,120.000000,63.000000,2167.000000,1414.000000,542.000000,1238.000000,5417.000000,1183.000000,146.000000,85.000000,1520.000000,272.000000,698.000000,358.000000,1440.000000,831.000000,65.000000,732.000000,1180.000000,916.000000,2726.000000,118.000000,205.000000,0.000000,665.000000,398.000000,23.000000,380.000000,455.000000,3263.000000,31.000000,2079.000000,2.000000,1058.000000,1037.000000,23.000000,79.000000,555.000000,49.000000,1.000000,156.000000,17.000000,310.000000,0.000000,457.000000,9.000000,41.000000,89.000000,198.000000,599.000000,1017.000000,3016.000000,1350.000000,521.000000,1618.000000,90.000000,220.000000,1978.000000,2686.000000,2546.000000,2146.000000,867.000000,373.000000,600.000000,946.000000,987.000000,379.000000,1406.000000,346.000000,1939.000000,1177.000000,825.000000,884.000000,590.000000,1329.000000,134.000000,648.000000,1163.000000,1897.000000,459.000000,580.000000,939.000000,407.000000,1469.000000,1210.000000,2529.000000,1303.000000,1741.000000,331.000000,1062.000000,290.000000,388.000000,767.000000,726.000000,738.000000,367.000000,1021.000000,932.000000,918.000000,513.000000,689.000000,1366.000000,0.000000,863.000000,1224.000000,703.000000,554.000000,104.000000,1298.000000,896.000000,623.000000,314.000000,525.000000,630.000000,928.000000,513.000000,729.000000,327.000000,195.000000,458.000000,964.000000,2182.000000,485.000000,1275.000000,1547.000000,468.000000,603.000000,1720.000000,1435.000000,933.000000,884.000000,480.000000,1646.000000,1341.000000,298.000000,802.000000,572.000000,73.000000,1602.000000,855.000000,1744.000000,1410.000000,873.000000,1804.000000,969.000000,1226.000000,1337.000000,1921.000000,2181.000000,981.000000,1134.000000,657.000000,1775.000000,1021.000000,480.000000,1476.000000,1366.000000,1124.000000,1014.000000,573.000000,32.000000,603.000000,484.000000,207.000000,997.000000,625.000000,2260.000000,607.000000,34.000000,1258.000000,2937.000000,929.000000,2203.000000,322.000000,7.000000,388.000000,756.000000,91.000000,2193.000000,560.000000,112.000000,954.000000,581.000000,1643.000000,1069.000000,1060.000000,354.000000,4100.000000,569.000000,899.000000,465.000000,492.000000,299.000000,122.000000,178.000000,111.000000,106.000000,7.000000,289.000000,7.000000,58.000000,28.000000,18.000000,171.000000,299.000000,917.000000,108.000000,114.000000,1259.000000,33.000000,914.000000,46.000000,394.000000,510.000000,1595.000000,99.000000,0.000000,37.000000,425.000000,1171.000000,544.000000,2047.000000,3082.000000,1017.000000,1657.000000,22.000000,3.000000,0.000000,256.000000,694.000000,1222.000000,539.000000,49.000000,1677.000000,458.000000,2.000000,1318.000000,252.000000,26.000000,4.000000,5.000000,0.000000,770.000000,189.000000,21.000000,719.000000,18.000000,0.000000,188.000000,161.000000,4.000000,22.000000,722.000000,0.000000,618.000000,115.000000,755.000000,2169.000000,641.000000,272.000000,0.000000,663.000000,1486.000000,498.000000,538.000000,255.000000,1590.000000,47.000000,1192.000000,649.000000,342.000000,62.000000,306.000000,1.000000,0.000000,0.000000,0.000000,0.000000,546.000000,0.000000,151.000000,11.000000,1.000000,0.000000,239.000000,1.000000,169.000000,53.000000,75.000000,103.000000,3590.000000,1136.000000,142.000000,55.000000,626.000000,8.000000,9.000000,56.000000,182.000000,5.000000,584.000000,533.000000,1424.000000,11.000000,10.000000,244.000000,0.000000,407.000000,165.000000,208.000000,0.000000,1786.000000,0.000000,0.000000,0.000000,1.000000,1558.000000,284.000000,102.000000,421.000000,0.000000,0.000000,0.000000,0.000000,2.000000,301.000000,0.000000,0.000000,1.000000,1.000000,0.000000,0.000000,571.000000,94.000000,0.000000,1.000000,894.000000,0.000000,7.000000,339.000000,1256.000000,683.000000,20.000000,19.000000,3678.000000,287.000000,96.000000,26.000000,2389.000000,69.000000,22.000000,1064.000000,7.000000,4.000000,2.000000,0.000000,528.000000,160.000000,7.000000,497.000000,306.000000,10.000000,13.000000,0.000000,1949.000000,654.000000,1213.000000,329.000000,0.000000,0.000000,0.000000,0.000000,432.000000,0.000000,0.000000,0.000000,0.000000,0.000000,31.000000,0.000000,0.000000,0.000000,0.000000,0.000000,48.000000,9.000000,1114.000000,935.000000,805.000000,1527.000000,386.000000,566.000000,39.000000,17.000000,0.000000,49.000000,431.000000,1.000000,0.000000,0.000000,1656.000000,226.000000,43.000000,1617.000000,875.000000,473.000000,821.000000,547.000000,1707.000000,2408.000000,155.000000,2.000000,1688.000000,6.000000,601.000000,1274.000000,0.000000,8.000000,52.000000,26.000000,0.000000,587.000000,0.000000,17.000000,0.000000,33.000000,0.000000,2.000000,23.000000,10.000000,9.000000,84.000000
    Mean Firing Rate (Hz),3.696667,0.558333,1.380000,5.673333,10.940000,2.300000,0.050000,0.203333,1.680000,11.506667,0.250000,0.270000,7.880000,0.803333,7.765000,0.803333,0.128333,5.753333,2.238333,8.978333,21.623333,10.186667,2.991667,11.598333,0.751667,1.191667,14.738333,1.155000,4.376667,6.275000,7.463333,0.003333,0.015000,7.970000,0.705000,0.011667,0.550000,0.025000,1.648333,3.028333,0.906667,1.038333,0.225000,0.008333,2.891667,0.278333,1.380000,0.720000,1.105000,0.250000,12.033333,0.101667,1.385000,0.005000,1.425000,0.010000,0.555000,0.001667,10.930000,1.350000,10.945000,1.131667,0.548333,0.226667,11.616667,0.251667,0.130000,0.545000,1.273333,3.388333,10.256667,0.943333,0.143333,4.160000,1.591667,0.740000,5.665000,2.438333,0.066667,0.091667,0.000000,0.000000,0.000000,0.000000,0.000000,0.000000,0.000000,0.000000,0.000000,0.000000,0.000000,0.000000,0.000000,0.000000,0.000000,0.000000,3.398333,24.883333,15.228333,3.706667,0.258333,0.235000,4.070000,0.893333,15.666667,10.918333,0.003333,0.115000,3.315000,17.320000,0.003333,0.145000,0.425000,0.013333,2.316667,6.970000,0.005000,0.423333,0.023333,14.276667,4.336667,0.000000,0.218333,0.000000,0.373333,0.666667,0.000000,0.115000,0.095000,1.865000,0.003333,0.185000,0.430000,0.456667,0.003333,0.436667,2.741667,0.008333,0.593333,0.000000,0.333333,0.000000,0.000000,0.000000,13.058333,0.008333,0.235000,0.001667,0.011667,2.801667,4.526667,4.068333,0.000000,0.005000,0.000000,0.000000,0.020000,0.535000,1.680000,4.400000,3.441667,1.166667,1.170000,0.300000,0.485000,1.298333,0.026667,0.773333,0.838333,7.960000,0.356667,0.753333,10.043333,0.060000,5.113333,2.810000,6.655000,1.316667,0.846667,3.265000,1.170000,2.475000,0.631667,4.373333,0.670000,0.716667,4.015000,3.490000,2.626667,2.076667,5.283333,2.345000,1.866667,1.753333,2.095000,1.125000,4.290000,1.775000,3.833333,3.601667,1.376667,4.955000,2.493333,2.460000,2.138333,3.205000,0.978333,1.710000,3.911667,4.763333,0.275000,0.486667,6.406667,5.718333,1.836667,8.786667,0.656667,1.028333,4.355000,5.691667,1.025000,2.075000,3.981667,5.083333,1.430000,2.063333,0.388333,0.021667,0.000000,4.245000,0.311667,0.003333,0.005000,0.133333,2.818333,1.608333,3.891667,3.471667,4.178333,0.140000,0.361667,0.743333,0.123333,0.008333,0.056667,1.253333,2.735000,0.000000,0.023333,0.018333,13.005000,0.000000,6.480000,6.688333,0.000000,2.021667,0.561667,3.361667,0.008333,1.845000,0.873333,0.000000,0.128333,0.315000,0.953333,3.718333,0.100000,0.178333,1.791667,3.770000,3.083333,0.193333,0.000000,0.000000,1.380000,0.000000,0.000000,0.000000,0.000000,0.000000,0.000000,0.000000,0.000000,0.000000,0.515000,0.001667,0.000000,0.000000,0.223333,0.046667,0.918333,0.001667,0.050000,0.000000,0.721667,0.243333,0.680000,0.000000,0.021667,0.298333,1.000000,0.000000,0.028333,0.123333,0.426667,0.015000,0.000000,0.026667,0.111667,0.000000,0.000000,0.028333,0.763333,0.995000,0.000000,0.000000,2.355000,0.000000,0.551667,0.000000,2.873333,2.141667,1.766667,3.923333,5.075000,2.211667,1.301667,1.025000,1.563333,3.815000,2.333333,2.418333,1.696667,1.623333,2.186667,1.543333,0.200000,0.105000,3.611667,2.356667,0.903333,2.063333,9.028333,1.971667,0.243333,0.141667,2.533333,0.453333,1.163333,0.596667,2.400000,1.385000,0.108333,1.220000,1.966667,1.526667,4.543333,0.196667,0.341667,0.000000,1.108333,0.663333,0.038333,0.633333,0.758333,5.438333,0.051667,3.465000,0.003333,1.763333,1.728333,0.038333,0.131667,0.925000,0.081667,0.001667,0.260000,0.028333,0.516667,0.000000,0.761667,0.015000,0.068333,0.148333,0.330000,0.998333,1.695000,5.026667,2.250000,0.868333,2.696667,0.150000,0.366667,3.296667,4.476667,4.243333,3.576667,1.445000,0.621667,1.000000,1.576667,1.645000,0.631667,2.343333,0.576667,3.231667,1.961667,1.375000,1.473333,0.983333,2.215000,0.223333,1.080000,1.938333,3.161667,0.765000,0.966667,1.565000,0.678333,2.448333,2.016667,4.215000,2.171667,2.901667,0.551667,1.770000,0.483333,0.646667,1.278333,1.210000,1.230000,0.611667,1.701667,1.553333,1.530000,0.855000,1.148333,2.276667,0.000000,1.438333,2.040000,1.171667,0.923333,0.173333,2.163333,1.493333,1.038333,0.523333,0.875000,1.050000,1.546667,0.855000,1.215000,0.545000,0.325000,0.763333,1.606667,3.636667,0.808333,2.125000,2.578333,0.780000,1.005000,2.866667,2.391667,1.555000,1.473333,0.800000,2.743333,2.235000,0.496667,1.336667,0.953333,0.121667,2.670000,1.425000,2.906667,2.350000,1.455000,3.006667,1.615000,2.043333,2.228333,3.201667,3.635000,1.635000,1.890000,1.095000,2.958333,1.701667,0.800000,2.460000,2.276667,1.873333,1.690000,0.955000,0.053333,1.005000,0.806667,0.345000,1.661667,1.041667,3.766667,1.011667,0.056667,2.096667,4.895000,1.548333,3.671667,0.536667,0.011667,0.646667,1.260000,0.151667,3.655000,0.933333,0.186667,1.590000,0.968333,2.738333,1.781667,1.766667,0.590000,6.833333,0.948333,1.498333,0.775000,0.820000,0.498333,0.203333,0.296667,0.185000,0.176667,0.011667,0.481667,0.011667,0.096667,0.046667,0.030000,0.285000,0.498333,1.528333,0.180000,0.190000,2.098333,0.055000,1.523333,0.076667,0.656667,0.850000,2.658333,0.165000,0.000000,0.061667,0.708333,1.951667,0.906667,3.411667,5.136667,1.695000,2.761667,0.036667,0.005000,0.000000,0.426667,1.156667,2.036667,0.898333,0.081667,2.795000,0.763333,0.003333,2.196667,0.420000,0.043333,0.006667,0.008333,0.000000,1.283333,0.315000,0.035000,1.198333,0.030000,0.000000,0.313333,0.268333,0.006667,0.036667,1.203333,0.000000,1.030000,0.191667,1.258333,3.615000,1.068333,0.453333,0.000000,1.105000,2.476667,0.830000,0.896667,0.425000,2.650000,0.078333,1.986667,1.081667,0.570000,0.103333,0.510000,0.001667,0.000000,0.000000,0.000000,0.000000,0.910000,0.000000,0.251667,0.018333,0.001667,0.000000,0.398333,0.001667,0.281667,0.088333,0.125000,0.171667,5.983333,1.893333,0.236667,0.091667,1.043333,0.013333,0.015000,0.093333,0.303333,0.008333,0.973333,0.888333,2.373333,0.018333,0.016667,0.406667,0.000000,0.678333,0.275000,0.346667,0.000000,2.976667,0.000000,0.000000,0.000000,0.001667,2.596667,0.473333,0.170000,0.701667,0.000000,0.000000,0.000000,0.000000,0.003333,0.501667,0.000000,0.000000,0.001667,0.001667,0.000000,0.000000,0.951667,0.156667,0.000000,0.001667,1.490000,0.000000,0.011667,0.565000,2.093333,1.138333,0.033333,0.031667,6.130000,0.478333,0.160000,0.043333,3.981667,0.115000,0.036667,1.773333,0.011667,0.006667,0.003333,0.000000,0.880000,0.266667,0.011667,0.828333,0.510000,0.016667,0.021667,0.000000,3.248333,1.090000,2.021667,0.548333,0.000000,0.000000,0.000000,0.000000,0.720000,0.000000,0.000000,0.000000,0.000000,0.000000,0.051667,0.000000,0.000000,0.000000,0.000000,0.000000,0.080000,0.015000,1.856667,1.558333,1.341667,2.545000,0.643333,0.943333,0.065000,0.028333,0.000000,0.081667,0.718333,0.001667,0.000000,0.000000,2.760000,0.376667,0.071667,2.695000,1.458333,0.788333,1.368333,0.911667,2.845000,4.013333,0.258333,0.003333,2.813333,0.010000,1.001667,2.123333,0.000000,0.013333,0.086667,0.043333,0.000000,0.978333,0.000000,0.028333,0.000000,0.055000,0.000000,0.003333,0.038333,0.016667,0.015000,0.140000
    ISI Coefficient of Variation,2.403029,0.868639,1.288625,2.895834,1.266943,1.969412, ,0.752616,1.482710,3.965239,2.906610,1.460416,1.413412,1.136446,1.133510,0.898762,1.789561,1.115874,1.670384,1.520025,1.723552,1.594174,2.055307,2.287401,0.805192,1.189619,0.983732,1.179586,1.465516,1.560529,1.351969, , ,0.925400,0.895446, ,0.903974, ,1.501430,1.388589,0.859708,1.215969,1.003232, ,1.994438,0.948932,1.273860,0.949435,1.120815,0.884165,1.670202,1.209014,1.532041, ,1.122198, ,1.484725, ,1.678607,1.081656,1.812552,1.127077,0.757921,0.810806,1.747784,1.277556,0.993421,0.755072,1.202056,2.211034,2.620009,0.939662,1.268947,1.274195,1.448011,0.662500,1.570811,1.873975, , , , , , , , , , , , , , , , , , ,2.279758,2.104957,1.640890,1.848107,2.031981,1.350192,1.467699,0.812166,1.579712,2.007525, ,1.102137,1.441934,1.468948, ,0.795887,0.797009, ,1.748526,1.409548, ,0.601348, ,1.034305,1.412889, ,0.873169, ,1.779231,1.091995, ,1.460554, ,1.780246, ,1.960739,1.754491,1.699435, ,1.688190,2.610037, ,1.651008, ,1.645205, , , ,2.302521, ,2.333352, , ,1.855977,1.429940,2.181376, , , , , ,1.243713,1.749586,2.441118,3.331419,2.534049,2.656457,1.129985,2.093812,1.907884, ,1.706872,2.285466,3.654886,1.495872,2.146734,1.701165, ,3.200701,3.385979,3.214429,2.530115,2.452895,3.654919,3.105820,3.586702,2.237511,3.800491,2.332837,2.368388,2.940691,3.795167,4.075789,3.299664,4.065623,3.503153,2.384803,2.260974,2.013669,2.506033,2.913208,3.791472,2.810860,2.575267,3.669352,3.294553,2.263871,2.826833,2.489117,3.032900,2.687367,3.381042,3.418354,3.656988,1.146528,1.189100,4.302786,2.661968,2.175408,3.693623,1.549427,1.836239,3.412322,3.596011,2.123969,2.790111,3.490215,3.747541,1.772344,2.128715,1.250397, , ,3.025606,1.448836, , ,1.001879,2.199345,1.629113,2.456194,2.429153,2.773410,0.926062,1.610260,2.026100,1.161094, , ,1.873234,2.531413, , , ,3.155515, ,2.736286,5.731837, ,2.493133,2.225727,3.050073, ,2.595958,2.026469, ,1.378554,1.645350,2.739763,3.336397,1.225516,1.299665,2.119259,1.041079,3.068734,1.147361, , ,0.589548, , , , , , , , , ,1.537797, , , ,1.210250, ,1.977839, , , ,2.226558,1.126006,1.778391, , ,1.215127,2.898897, , ,1.321529,2.075916, , , ,0.969388, , , ,2.143003,1.091913, , ,0.541491, ,2.335655, ,5.158906,4.825567,4.370743,4.256429,2.929513,4.890496,3.723655,3.279287,3.996625,6.233695,3.562946,4.864956,3.913786,4.191419,3.925371,4.054757,1.623499,1.390395,2.888967,3.683289,3.179715,3.599911,3.756440,3.469386,1.302048,1.379441,3.892728,1.797025,2.848198,2.126825,3.816797,2.837992,1.075231,3.097593,3.670552,3.067185,5.379098,1.162387,2.435169, ,2.648018,2.016661, ,2.579741,2.222532,2.254433, ,4.868477, ,2.575120,3.795859, ,1.317255,2.383707, , ,1.459909, ,1.630398, ,4.189419, , ,1.656085,1.674786,2.574785,3.123831,5.473041,3.699027,2.250614,4.013574,1.402837,1.637928,4.484438,5.222022,5.090711,4.635564,2.882579,1.869470,2.519872,3.301157,3.381814,1.990838,4.078226,1.829408,4.786340,3.693137,3.066437,3.142926,2.540750,3.944249,1.349232,2.682230,3.663850,4.729093,2.195282,3.277572,4.227111,2.705793,5.341744,4.829919,7.025097,5.018261,5.814180,2.475296,4.540546,2.220761,2.619097,3.810009,3.704450,3.770049,2.613938,4.528830,4.372177,3.838312,3.346729,3.936212,4.992877, ,4.409338,2.146320,4.040336,3.528314,1.560368,4.845492,4.458124,3.365493,2.672770,2.468002,3.197437,3.366598,2.591311,3.528781,2.071653,1.643038,2.638177,4.020688,3.477154,2.700599,4.036900,4.440659,2.796795,3.102175,4.892847,4.728461,3.786029,3.631390,2.638872,4.993250,4.475344,1.996671,3.519301,2.907372,1.199133,4.943681,3.607687,3.458361,4.674872,3.655165,5.273322,4.504550,5.076511,5.309323,6.382809,6.778579,4.519098,4.880426,3.668613,6.128263,4.619213,3.097040,5.580217,4.998796,4.854179,4.594604,3.405917, ,2.488324,1.948929,1.563952,2.795415,2.251829,4.478410,2.382434, ,3.335522,3.877662,2.939183,1.208921,1.573125, ,1.934692,3.329780,1.320040,4.991679,2.763592,1.475601,1.847892,2.915121,4.630093,3.236488,3.760496,2.128797,2.450112,3.252928,3.158751,2.242196,2.802899,2.839112,1.767416,2.035639,1.782331,1.716103, ,2.101759, , , , ,1.634552,2.772410,1.971831,1.668948,1.506379,5.193250, ,3.010142, ,3.023235,3.289636,5.777676,1.576891, , ,3.018989,2.968067,3.420298,4.030211,3.361288,4.551224,3.775558, , , ,2.126235,2.309166,7.157578,2.529867, ,3.822315,1.971144, ,4.228299,1.724889, , , , ,3.455656,1.863438, ,3.237289, , ,1.718544,1.603484, , ,3.085899, ,3.491233,1.359654,3.821288,3.156084,3.491574,2.230027, ,3.674781,5.253433,3.076293,3.204244,2.308629,3.495942, ,4.913693,3.637941,1.782338,1.165748,2.853357, , , , , ,2.877023, ,3.156792, , , ,1.580086, ,2.279800, ,1.300235,1.287893,3.653729,2.155636,1.532959, ,3.453478, , , ,1.676652, ,2.838341,2.391462,3.652022, , ,2.254684, ,1.551369,2.249792,2.736724, ,2.462476, , , , ,6.648126,2.249250,1.491506,2.701368, , , , , ,1.950939, , , , , , ,3.178984,1.247959, , ,3.088569, , ,1.987061,3.896904,2.770070, , ,6.414583,1.848403,1.341218, ,5.232452,1.146856, ,3.574304, , , , ,2.486526,0.997949, ,1.860554,1.526687, , , ,1.375477,2.673005,2.666876,1.613886, , , , ,2.904335, , , , , , , , , , , , , ,2.487383,2.430550,2.715456,3.243638,1.680797,2.154865, , , , ,1.637093, , , ,3.235018,1.345780, ,3.168878,2.442392,1.624657,2.525322,2.311033,3.251138,3.967225,1.182159, ,3.227252, ,2.010872,2.953578, , , , , ,1.789288, , , , , , , , , ,1.888984
Electrode Burst Metrics
    Number of Bursts,98.000000,0.000000,0.000000,198.000000,80.000000,13.000000,0.000000,0.000000,0.000000,214.000000,1.000000,0.000000,1.000000,0.000000,0.000000,0.000000,0.000000,3.000000,11.000000,37.000000,176.000000,17.000000,48.000000,52.000000,0.000000,1.000000,4.000000,0.000000,4.000000,3.000000,0.000000,0.000000,0.000000,0.000000,0.000000,0.000000,0.000000,0.000000,1.000000,3.000000,0.000000,0.000000,0.000000,0.000000,54.000000,1.000000,2.000000,0.000000,0.000000,0.000000,87.000000,0.000000,0.000000,0.000000,0.000000,0.000000,0.000000,0.000000,1.000000,0.000000,130.000000,0.000000,0.000000,0.000000,52.000000,0.000000,0.000000,0.000000,0.000000,21.000000,119.000000,0.000000,0.000000,1.000000,0.000000,0.000000,6.000000,7.000000,0.000000,0.000000,0.000000,0.000000,0.000000,0.000000,0.000000,0.000000,0.000000,0.000000,0.000000,0.000000,0.000000,0.000000,0.000000,0.000000,0.000000,0.000000,27.000000,253.000000,144.000000,22.000000,0.000000,0.000000,0.000000,0.000000,134.000000,243.000000,0.000000,0.000000,0.000000,98.000000,0.000000,0.000000,0.000000,0.000000,4.000000,3.000000,0.000000,0.000000,0.000000,1.000000,0.000000,0.000000,0.000000,0.000000,0.000000,0.000000,0.000000,0.000000,2.000000,26.000000,0.000000,8.000000,16.000000,9.000000,0.000000,10.000000,57.000000,0.000000,12.000000,0.000000,11.000000,0.000000,0.000000,0.000000,1.000000,0.000000,10.000000,0.000000,0.000000,31.000000,14.000000,36.000000,0.000000,0.000000,0.000000,0.000000,0.000000,6.000000,18.000000,67.000000,95.000000,45.000000,48.000000,0.000000,25.000000,40.000000,0.000000,6.000000,40.000000,94.000000,11.000000,33.000000,78.000000,0.000000,83.000000,78.000000,77.000000,65.000000,47.000000,71.000000,65.000000,70.000000,39.000000,82.000000,38.000000,43.000000,70.000000,72.000000,70.000000,69.000000,74.000000,69.000000,63.000000,57.000000,63.000000,46.000000,65.000000,63.000000,66.000000,63.000000,63.000000,74.000000,64.000000,64.000000,63.000000,64.000000,56.000000,63.000000,119.000000,107.000000,1.000000,2.000000,129.000000,120.000000,43.000000,146.000000,15.000000,29.000000,119.000000,100.000000,51.000000,76.000000,108.000000,111.000000,30.000000,48.000000,6.000000,0.000000,0.000000,132.000000,8.000000,0.000000,0.000000,2.000000,55.000000,10.000000,56.000000,32.000000,55.000000,1.000000,3.000000,20.000000,0.000000,0.000000,2.000000,4.000000,36.000000,0.000000,0.000000,0.000000,59.000000,0.000000,21.000000,76.000000,0.000000,32.000000,28.000000,76.000000,0.000000,58.000000,30.000000,0.000000,7.000000,13.000000,42.000000,81.000000,3.000000,6.000000,52.000000,44.000000,72.000000,0.000000,0.000000,0.000000,4.000000,0.000000,0.000000,0.000000,0.000000,0.000000,0.000000,0.000000,0.000000,0.000000,3.000000,0.000000,0.000000,0.000000,2.000000,0.000000,27.000000,0.000000,0.000000,0.000000,37.000000,1.000000,19.000000,0.000000,0.000000,3.000000,54.000000,0.000000,0.000000,0.000000,12.000000,0.000000,0.000000,0.000000,0.000000,0.000000,0.000000,0.000000,31.000000,1.000000,0.000000,0.000000,0.000000,0.000000,23.000000,0.000000,61.000000,61.000000,61.000000,61.000000,61.000000,61.000000,61.000000,59.000000,61.000000,61.000000,61.000000,61.000000,61.000000,61.000000,61.000000,61.000000,13.000000,3.000000,56.000000,55.000000,45.000000,55.000000,76.000000,59.000000,4.000000,8.000000,66.000000,17.000000,46.000000,31.000000,76.000000,55.000000,0.000000,60.000000,72.000000,52.000000,85.000000,2.000000,17.000000,0.000000,48.000000,28.000000,0.000000,28.000000,32.000000,85.000000,0.000000,84.000000,0.000000,30.000000,28.000000,0.000000,2.000000,24.000000,3.000000,0.000000,2.000000,0.000000,10.000000,0.000000,24.000000,0.000000,0.000000,5.000000,11.000000,39.000000,69.000000,106.000000,72.000000,38.000000,91.000000,6.000000,11.000000,102.000000,107.000000,107.000000,85.000000,54.000000,18.000000,36.000000,81.000000,81.000000,31.000000,81.000000,25.000000,81.000000,81.000000,76.000000,81.000000,70.000000,81.000000,6.000000,64.000000,80.000000,81.000000,56.000000,53.000000,63.000000,20.000000,62.000000,62.000000,63.000000,63.000000,64.000000,33.000000,61.000000,17.000000,19.000000,57.000000,60.000000,52.000000,34.000000,47.000000,47.000000,47.000000,45.000000,47.000000,47.000000,0.000000,47.000000,46.000000,42.000000,43.000000,9.000000,47.000000,45.000000,45.000000,28.000000,48.000000,49.000000,57.000000,51.000000,49.000000,32.000000,16.000000,39.000000,57.000000,58.000000,50.000000,58.000000,57.000000,53.000000,52.000000,57.000000,68.000000,68.000000,68.000000,46.000000,68.000000,68.000000,29.000000,67.000000,56.000000,0.000000,68.000000,62.000000,68.000000,68.000000,68.000000,68.000000,64.000000,64.000000,64.000000,64.000000,64.000000,64.000000,64.000000,60.000000,64.000000,63.000000,57.000000,64.000000,64.000000,64.000000,65.000000,50.000000,1.000000,36.000000,16.000000,7.000000,56.000000,41.000000,119.000000,39.000000,1.000000,63.000000,103.000000,39.000000,56.000000,3.000000,0.000000,10.000000,47.000000,6.000000,78.000000,36.000000,6.000000,39.000000,41.000000,66.000000,45.000000,52.000000,26.000000,71.000000,38.000000,55.000000,40.000000,39.000000,31.000000,4.000000,14.000000,6.000000,8.000000,0.000000,19.000000,0.000000,0.000000,0.000000,0.000000,10.000000,32.000000,42.000000,8.000000,1.000000,46.000000,0.000000,42.000000,2.000000,22.000000,30.000000,42.000000,9.000000,0.000000,1.000000,33.000000,43.000000,37.000000,49.000000,47.000000,42.000000,58.000000,0.000000,0.000000,0.000000,20.000000,38.000000,22.000000,33.000000,2.000000,66.000000,18.000000,0.000000,49.000000,12.000000,0.000000,0.000000,0.000000,0.000000,54.000000,13.000000,0.000000,40.000000,1.000000,0.000000,7.000000,7.000000,0.000000,2.000000,41.000000,0.000000,28.000000,4.000000,52.000000,52.000000,52.000000,26.000000,0.000000,51.000000,52.000000,48.000000,50.000000,24.000000,52.000000,0.000000,52.000000,50.000000,15.000000,4.000000,27.000000,0.000000,0.000000,0.000000,0.000000,0.000000,28.000000,0.000000,15.000000,0.000000,0.000000,0.000000,7.000000,0.000000,15.000000,3.000000,3.000000,4.000000,66.000000,56.000000,5.000000,0.000000,54.000000,0.000000,0.000000,0.000000,9.000000,0.000000,41.000000,21.000000,71.000000,0.000000,0.000000,15.000000,0.000000,6.000000,12.000000,24.000000,0.000000,38.000000,0.000000,0.000000,0.000000,0.000000,32.000000,15.000000,3.000000,29.000000,0.000000,0.000000,0.000000,0.000000,0.000000,17.000000,0.000000,0.000000,0.000000,0.000000,0.000000,0.000000,26.000000,4.000000,0.000000,0.000000,65.000000,0.000000,0.000000,23.000000,67.000000,51.000000,0.000000,0.000000,90.000000,12.000000,1.000000,0.000000,86.000000,1.000000,0.000000,80.000000,0.000000,0.000000,0.000000,0.000000,32.000000,0.000000,0.000000,18.000000,10.000000,0.000000,1.000000,0.000000,35.000000,40.000000,51.000000,13.000000,0.000000,0.000000,0.000000,0.000000,9.000000,0.000000,0.000000,0.000000,0.000000,0.000000,0.000000,0.000000,0.000000,0.000000,0.000000,0.000000,0.000000,0.000000,60.000000,39.000000,43.000000,91.000000,16.000000,33.000000,1.000000,0.000000,0.000000,2.000000,14.000000,0.000000,0.000000,0.000000,71.000000,4.000000,0.000000,68.000000,59.000000,9.000000,44.000000,30.000000,107.000000,133.000000,3.000000,0.000000,72.000000,0.000000,34.000000,81.000000,0.000000,0.000000,0.000000,1.000000,0.000000,23.000000,0.000000,0.000000,0.000000,0.000000,0.000000,0.000000,0.000000,0.000000,0.000000,9.000000
    Burst Duration - Avg (sec),0.029130, , ,0.045632,0.055135,0.020135, , , ,0.172854,27.083360, ,1.273120, , , , ,0.035680,0.021862,0.129652,0.141965,0.141624,0.025397,0.120022, ,0.099600,0.302580, ,0.071280,0.191627, , , , , , , , ,0.014880,0.090507, , , , ,0.024996,0.023280,0.065000, , , ,0.067406, , , , , , , ,0.168400, ,0.065472, , , ,0.063865, , , , ,0.124312,0.098058, , ,0.214720, , ,0.040947,0.025257, , , , , , , , , , , , , , , , , , ,0.076041,0.094376,0.098506,0.145680, , , , ,0.133990,0.057597, , , ,0.116437, , , , ,0.032920,0.311760, , , ,0.068000, , , , , , , , ,0.048880,0.103951, ,0.074900,0.079000,0.102187, ,0.106272,0.110145, ,0.150440, ,0.080429, , , ,0.186640, ,0.091264, , ,0.145943,0.118166,0.143862, , , , , ,0.100520,0.437360,0.283046,0.108291,0.071692,0.069172, ,0.066246,0.096350, ,0.127920,0.064908,0.146871,0.058255,0.078281,0.140148, ,0.166646,0.110657,0.153778,0.070923,0.080688,0.154865,0.079854,0.100990,0.048529,0.161290,0.068288,0.065464,0.111761,0.103880,0.110055,0.087716,0.149745,0.088524,0.105251,0.100780,0.104317,0.058988,0.153770,0.087587,0.112261,0.198805,0.070381,0.176022,0.091227,0.128001,0.103465,0.134450,0.065143,0.092813,0.137005,0.155410,0.021280,0.039040,0.169858,0.162401,0.159900,0.180664,0.034133,0.078855,0.142809,0.182675,0.050322,0.135287,0.158304,0.150967,0.073155,0.126025,0.066133, , ,0.090048,0.089380, , ,0.031600,0.134769,0.121000,0.155316,0.149098,0.302737,0.026720,0.076480,0.122164, , ,0.021200,0.291560,0.509636, , , ,0.588087, ,0.368594,0.947898, ,0.217327,0.052489,0.083477, ,0.081517,0.090235, ,0.047269,0.047877,0.056450,0.108554,0.042773,0.043253,0.107622,0.098082,0.077557, , , ,0.280000, , , , , , , , , ,1.249600, , , ,0.018240, ,0.085947, , , ,0.060214,0.037680,0.035006, , ,0.019093,0.055345, , , ,0.278680, , , , , , , ,0.094413,0.311120, , , , ,0.196609, ,0.119910,0.094656,0.096237,0.164438,0.146000,0.093129,0.075612,0.065730,0.091196,0.159241,0.101009,0.101622,0.092354,0.061822,0.146296,0.078205,0.037674,0.045227,0.204524,0.179668,0.056987,0.185879,0.299736,0.149192,0.055580,0.035060,0.130815,0.069501,0.099929,0.085569,0.108353,0.103975, ,0.095139,0.103779,0.146666,0.155762,0.060920,0.166353, ,0.134833,0.105614, ,0.108783,0.151320,0.137367, ,0.126669, ,0.151736,0.168174, ,0.058760,0.157260,0.151547, ,0.404200, ,0.247728, ,0.168467, , ,0.046304,0.193542,0.113294,0.094915,0.138452,0.123776,0.057669,0.136723,0.043667,0.062080,0.119744,0.125421,0.108320,0.164092,0.123255,0.082462,0.079753,0.066931,0.061183,0.053894,0.078723,0.042989,0.097162,0.068615,0.059797,0.071477,0.053674,0.080991,0.024947,0.048561,0.090781,0.115799,0.040567,0.092672,0.132036,0.183724,0.127037,0.127257,0.157923,0.131181,0.143666,0.083944,0.117974,0.129120,0.173331,0.090333,0.087573,0.122745,0.094621,0.106073,0.093449,0.099399,0.069042,0.090851,0.116044, ,0.089751,0.239692,0.083107,0.089459,0.044187,0.134507,0.100144,0.099746,0.084994,0.089198,0.065944,0.135371,0.089064,0.132333,0.057353,0.042480,0.120488,0.089648,0.181606,0.059194,0.168192,0.140366,0.058946,0.075326,0.133555,0.127201,0.096125,0.101091,0.094774,0.142755,0.138279,0.038257,0.056024,0.092864, ,0.149758,0.133277,0.147525,0.136129,0.107715,0.166452,0.078463,0.101268,0.098606,0.127105,0.175404,0.107221,0.089340,0.081340,0.114779,0.084450,0.055861,0.120276,0.107825,0.093476,0.098956,0.095099,0.111120,0.094496,0.101900,0.101920,0.102389,0.088917,0.081587,0.075532,0.058160,0.100587,0.103082,0.136373,0.108024,0.474533, ,0.195960,0.134138,0.036813,0.166104,0.094600,0.039813,0.121118,0.076293,0.134342,0.111168,0.132392,0.154843,0.184688,0.060918,0.098348,0.090930,0.129356,0.079556,0.055980,0.101091,0.106507,0.062510, ,0.192573, , , , ,0.064472,0.064460,0.126059,0.062980,0.026480,0.149157, ,0.178792,0.047080,0.180578,0.168328,0.175480,0.064409, ,0.025040,0.101741,0.180510,0.119665,0.191308,0.214836,0.172853,0.146579, , , ,0.143276,0.169787,1.602058,0.145455,0.045960,0.149864,0.370680, ,0.163593,0.261013, , , , ,0.068366,0.107138, ,0.117872,0.367200, ,0.132766,0.082720, ,0.045080,0.143442, ,0.190160,0.261000,0.081822,0.151643,0.086397,0.063000, ,0.082441,0.153163,0.109765,0.092339,0.067147,0.161258, ,0.113685,0.054552,0.059819,0.037100,0.093505, , , , , ,0.160517, ,0.046901, , , ,0.051303, ,0.091525,0.519973,0.053973,0.062480,0.185195,0.159120,0.170944, ,0.079434, , , ,0.257573, ,0.118084,0.305726,0.137034, , ,0.205456, ,0.170453,0.125067,0.093627, ,0.182208, , , , ,0.309780,0.237653,0.234667,0.127473, , , , , ,0.165605, , , , , , ,0.310723,0.048340, , ,0.101778, , ,0.110230,0.105032,0.098864, , ,0.149031,0.153540,0.044960, ,0.119354,0.100320, ,0.082684, , , , ,0.135235, , ,0.137827,0.117024, ,0.141680, ,0.147577,0.113446,0.131719,0.102825, , , , ,0.411769, , , , , , , , , , , , , ,0.123799,0.180168,0.119146,0.117759,0.097730,0.079127,0.255040, , ,0.048040,0.238029, , , ,0.149040,0.147380, ,0.171974,0.073863,0.496258,0.139498,0.196307,0.115658,0.091402,0.044960, ,0.171347, ,0.068485,0.098894, , , ,1.163440, ,0.121722, , , , , , , , , ,0.060267
    Burst Duration - Std (sec),0.011702, , ,0.029189,0.028547,0.009455, , , ,0.046238, , , , , , , ,0.018753,0.008101,0.072471,0.044759,0.140305,0.010191,0.084018, , ,0.217735, ,0.068244,0.038783, , , , , , , , , ,0.034250, , , , ,0.009985, ,0.010918, , , ,0.019221, , , , , , , , , ,0.046242, , , ,0.023579, , , , ,0.055655,0.180152, , , , , ,0.023577,0.006802, , , , , , , , , , , , , , , , , , ,0.034055,0.040796,0.050252,0.045709, , , , ,0.088837,0.029001, , , ,0.057073, , , , ,0.012422,0.358036, , , , , , , , , , , , ,0.013237,0.035324, ,0.069277,0.071582,0.142067, ,0.102163,0.116196, ,0.142777, ,0.058425, , , , , ,0.043982, , ,0.128320,0.055051,0.129971, , , , , ,0.060601,0.268296,0.231650,0.054028,0.023880,0.020038, ,0.022576,0.045871, ,0.107913,0.022375,0.109040,0.024121,0.030416,0.052745, ,0.077644,0.051398,0.100802,0.048005,0.045970,0.089625,0.061570,0.072278,0.020930,0.159891,0.099884,0.100748,0.073785,0.063757,0.057358,0.058978,0.084753,0.038890,0.080841,0.052356,0.072242,0.032654,0.102726,0.042730,0.051545,0.099661,0.039239,0.072126,0.058192,0.086977,0.065590,0.072572,0.033917,0.046305,0.191868,0.209443, ,0.000792,0.210154,0.202863,0.174845,0.194802,0.008772,0.116268,0.202037,0.232799,0.020177,0.172451,0.196310,0.175148,0.043083,0.054919,0.029164, , ,0.041113,0.054153, , ,0.013237,0.079083,0.065227,0.086668,0.090907,0.133313, ,0.019784,0.107433, , ,0.004978,0.167328,0.399350, , , ,0.353925, ,0.262644,0.309906, ,0.163931,0.021742,0.047189, ,0.039509,0.042896, ,0.021280,0.034723,0.019919,0.060509,0.023656,0.023870,0.119165,0.037827,0.045651, , , ,0.288991, , , , , , , , , ,0.669216, , , ,0.002263, ,0.059777, , , ,0.075598, ,0.042376, , ,0.003028,0.131441, , , ,0.188415, , , , , , , ,0.049394, , , , , ,0.226772, ,0.142599,0.077247,0.132992,0.143565,0.144576,0.100699,0.142069,0.088053,0.107567,0.132927,0.134102,0.137484,0.083135,0.013204,0.155258,0.117249,0.022815,0.021045,0.233818,0.179549,0.022448,0.212445,0.118440,0.154698,0.025536,0.013173,0.107199,0.029131,0.055499,0.074094,0.099851,0.097053, ,0.090748,0.059367,0.126262,0.101542,0.051421,0.041490, ,0.124361,0.159693, ,0.051411,0.150482,0.084133, ,0.096922, ,0.171826,0.171225, ,0.033658,0.163070,0.074098, ,0.306658, ,0.268830, ,0.113020, , ,0.025747,0.268531,0.084132,0.135258,0.196367,0.178125,0.063993,0.220157,0.026157,0.026987,0.202724,0.187062,0.156046,0.211142,0.153845,0.074802,0.093298,0.020383,0.017035,0.018084,0.016354,0.014187,0.023730,0.026495,0.015487,0.023824,0.017579,0.018418,0.007983,0.014606,0.034148,0.065199,0.019604,0.100064,0.173008,0.258115,0.131752,0.165061,0.155258,0.172107,0.154315,0.130007,0.165822,0.151481,0.260322,0.092598,0.100747,0.178791,0.056750,0.089347,0.062225,0.076054,0.028331,0.032197,0.095406, ,0.074399,0.263240,0.067617,0.059477,0.025548,0.124188,0.085757,0.072404,0.058639,0.044757,0.022229,0.120260,0.102100,0.071847,0.023431,0.018226,0.150162,0.095941,0.141798,0.031758,0.254545,0.129824,0.025819,0.029189,0.129108,0.200372,0.098194,0.135503,0.123719,0.192518,0.185334,0.027409,0.032080,0.155563, ,0.198569,0.201464,0.185903,0.183940,0.168437,0.187971,0.135527,0.153706,0.162967,0.149979,0.142886,0.160103,0.112406,0.175652,0.148643,0.102908,0.068028,0.160003,0.144636,0.107186,0.079850,0.182176, ,0.090601,0.077371,0.113687,0.125633,0.108559,0.094195,0.086312, ,0.122797,0.094319,0.161366,0.119937,0.320050, ,0.209798,0.058096,0.020248,0.152734,0.080921,0.015086,0.060458,0.041930,0.072611,0.059853,0.085024,0.277228,0.176374,0.022093,0.053012,0.053431,0.133445,0.108082,0.014984,0.148604,0.169675,0.065094, ,0.069534, , , , ,0.027328,0.041327,0.063242,0.032594, ,0.163246, ,0.185291,0.009108,0.196410,0.182086,0.174145,0.025246, , ,0.096760,0.175253,0.127553,0.147157,0.183095,0.152985,0.154091, , , ,0.200195,0.211046,1.142004,0.170852,0.043841,0.176030,0.459938, ,0.218633,0.252951, , , , ,0.042426,0.141093, ,0.109840, , ,0.058198,0.024101, ,0.004808,0.165014, ,0.077267,0.214035,0.031361,0.068015,0.058082,0.040750, ,0.036715,0.077232,0.113398,0.032271,0.036583,0.116944, ,0.083553,0.036819,0.050730,0.009153,0.043532, , , , , ,0.179249, ,0.010631, , , ,0.009133, ,0.067506,0.082150,0.012016,0.025808,0.125154,0.123969,0.172810, ,0.038086, , , ,0.122599, ,0.053348,0.202703,0.084771, , ,0.120365, ,0.114774,0.096077,0.043562, ,0.094384, , , , ,0.166288,0.235687,0.170276,0.078448, , , , , ,0.182987, , , , , , ,0.289652,0.013631, , ,0.154381, , ,0.201840,0.091497,0.112405, , ,0.089166,0.196964, , ,0.105754, , ,0.110692, , , , ,0.104758, , ,0.116773,0.047493, , , ,0.092704,0.090160,0.057965,0.043490, , , , ,0.096826, , , , , , , , , , , , , ,0.114310,0.161721,0.155710,0.097913,0.048237,0.085490, , , ,0.003677,0.163131, , , ,0.180555,0.164095, ,0.193616,0.052593,0.365758,0.181919,0.116149,0.163469,0.133329,0.047513, ,0.195129, ,0.041330,0.103434, , , , , ,0.056443, , , , , , , , , ,0.024953
    Number of Spikes per Burst - Avg,7.448980, , ,9.540404,11.575000,6.000000, , , ,18.411215,34.000000, ,47.000000, , , , ,8.000000,6.090909,14.621622,26.062500,14.823529,6.583333,15.576923, ,7.000000,24.000000, ,9.000000,14.666667, , , , , , , , ,5.000000,9.000000, , , , ,6.666667,4.000000,7.000000, , , ,12.942529, , , , , , , ,17.000000, ,13.153846, , , ,12.384615, , , , ,10.619048,13.470588, , ,13.000000, , ,8.333333,6.142857, , , , , , , , , , , , , , , , , , ,9.296296,20.889328,16.750000,11.818182, , , , ,19.985075,12.720165, , , ,18.816327, , , , ,6.500000,18.000000, , , ,14.000000, , , , , , , , ,4.000000,9.692308, ,6.000000,7.437500,9.000000, ,8.900000,12.561404, ,11.333333, ,7.727273, , , ,19.000000, ,7.800000, , ,20.516129,13.071429,17.472222, , , , , ,8.833333,15.444444,20.537313,15.621053,11.533333,12.104167, ,6.760000,10.950000, ,7.000000,9.350000,18.000000,5.818182,8.181818,22.871795, ,21.951807,17.769231,29.701299,10.153846,7.638298,21.225352,9.600000,19.057143,6.692308,26.329268,7.184211,7.395349,25.200000,23.263889,21.128571,15.971014,33.162162,18.275362,13.825397,13.263158,13.682540,10.804348,20.723077,15.761905,21.439394,20.253968,12.587302,29.108108,15.937500,17.437500,14.349206,21.375000,8.803571,13.984127,16.983193,20.803738,4.000000,5.500000,25.860465,19.616667,10.232558,27.726027,5.666667,7.068966,18.386555,19.070000,7.333333,11.026316,16.833333,21.765766,8.066667,11.208333,6.000000, , ,14.992424,6.625000, , ,5.000000,11.454545,8.700000,13.803571,12.312500,15.654545,4.000000,6.000000,8.200000, , ,4.000000,11.250000,17.750000, , , ,38.322034, ,22.000000,41.513158, ,16.250000,8.214286,17.644737, ,12.758621,9.466667, ,4.571429,5.461538,10.833333,20.827160,4.000000,4.500000,12.153846,16.113636,19.263889, , , ,10.750000, , , , , , , , , ,38.666667, , , ,4.000000, ,8.481481, , , ,7.810811,5.000000,5.578947, , ,4.000000,9.370370, , , ,8.083333, , , , , , , ,9.774194,12.000000, , , , ,10.130435, ,27.295082,20.754098,17.245902,35.098361,31.491803,21.278689,12.721311,10.254237,14.967213,35.114754,19.000000,22.360656,15.836066,15.606557,19.622951,15.032787,4.692308,4.000000,20.553571,20.163636,11.155556,19.672727,32.078947,16.542373,5.000000,4.125000,19.060606,5.941176,12.456522,7.645161,16.000000,11.072727, ,10.850000,15.250000,13.750000,31.023529,4.500000,9.176471, ,10.229167,7.000000, ,10.928571,9.156250,19.905882, ,24.285714, ,16.466667,31.285714, ,4.500000,13.333333,7.333333, ,7.000000, ,9.600000, ,18.125000, , ,5.200000,7.363636,10.743590,11.913043,27.801887,16.472222,7.947368,16.736264,4.833333,7.818182,19.019608,24.738318,23.158879,23.447059,11.481481,7.777778,10.888889,11.604938,12.111111,7.451613,17.271605,6.160000,23.580247,14.358025,10.473684,10.641975,7.700000,16.296296,4.333333,8.859375,13.737500,22.864198,6.464286,9.660377,14.682540,12.250000,23.274194,19.193548,39.317460,20.492063,26.875000,6.969697,17.098361,8.235294,12.052632,12.438596,11.700000,13.096154,7.882353,20.914894,18.872340,18.319149,10.844444,14.106383,27.723404, ,17.978723,18.217391,16.214286,12.418605,5.333333,26.404255,19.155556,12.844444,9.107143,8.875000,11.857143,14.403509,8.862745,14.020408,7.218750,5.562500,9.461538,16.280702,25.517241,8.520000,20.637931,25.438596,8.320755,10.865385,28.754386,20.955882,13.058824,12.544118,8.304348,23.720588,19.058824,5.724138,11.701493,9.071429, ,23.117647,13.193548,21.750000,20.588235,12.750000,26.102941,14.906250,18.953125,20.437500,29.265625,32.578125,15.140625,17.421875,10.583333,27.140625,15.809524,7.824561,22.640625,19.484375,17.312500,15.307692,10.080000,4.000000,11.055556,8.750000,7.285714,12.785714,8.560976,17.554622,9.923077,4.000000,14.492063,21.281553,16.717949,14.892857,29.666667, ,15.300000,14.404255,4.500000,25.205128,11.027778,4.833333,10.230769,10.707317,23.409091,18.355556,17.692308,7.769231,28.422535,13.052632,13.545455,8.200000,10.384615,8.580645,6.250000,5.428571,9.000000,5.875000, ,7.842105, , , , ,6.000000,8.125000,14.619048,6.625000,4.000000,26.500000, ,18.261905,5.000000,14.045455,14.266667,35.976190,5.333333, ,4.000000,11.060606,17.581395,13.054054,34.061224,35.297872,23.119048,24.155172, , , ,7.950000,11.263158,39.090909,11.484848,4.500000,21.863636,10.944444, ,23.918367,8.083333, , , , ,12.333333,5.923077, ,15.750000,5.000000, ,6.857143,5.428571, ,4.000000,14.609756, ,18.857143,7.000000,14.192308,34.730769,11.942308,6.692308, ,12.784314,27.634615,9.729167,10.320000,6.666667,24.519231, ,22.403846,12.620000,6.400000,4.250000,9.481481, , , , , ,15.964286, ,9.600000, , , ,6.285714, ,7.866667,9.666667,4.666667,5.250000,37.242424,13.321429,6.600000, ,10.740741, , , ,9.000000, ,11.414634,10.952381,17.591549, , ,9.400000, ,8.666667,6.666667,7.416667, ,25.368421, , , , ,46.531250,11.133333,7.333333,10.689655, , , , , ,9.058824, , , , , , ,17.538462,4.500000, , ,11.430769, , ,7.826087,17.059701,10.352941, , ,37.888889,9.666667,6.000000, ,26.186047,6.000000, ,12.625000, , , , ,10.750000, , ,9.333333,6.900000, ,4.000000, ,18.685714,12.400000,15.333333,7.230769, , , , ,36.000000, , , , , , , , , , , , , ,10.766667,12.538462,14.023256,13.604396,7.125000,8.909091,5.000000, , ,4.500000,9.857143, , , ,17.633803,6.250000, ,17.426471,9.305085,16.888889,12.136364,11.433333,13.588785,16.789474,5.000000, ,17.541667, ,7.294118,11.530864, , , ,8.000000, ,10.521739, , , , , , , , , ,5.777778
    Number of Spikes per Burst - Std,1.094715, , ,1.867674,2.156973,0.408248, , , ,2.590895, , , , , , , ,1.000000,0.539360,3.434719,6.496730,5.971132,0.678965,4.030989, , ,9.591663, ,2.160247,1.527525, , , , , , , , , ,1.000000, , , , ,0.800943, ,0.000000, , , ,1.408911, , , , , , , , , ,2.892014, , , ,1.670433, , , , ,1.716863,7.113872, , , , , ,1.032796,0.377964, , , , , , , , , , , , , , , , , , ,1.588778,5.000358,4.068470,1.991323, , , , ,6.216622,2.455363, , , ,4.393873, , , , ,0.577350,9.643651, , , , , , , , , , , , ,0.000000,1.892495, ,2.927700,4.501389,7.382412, ,4.581363,5.503303, ,8.071649, ,3.951985, , , , , ,2.658320, , ,14.120602,3.604789,9.455115, , , , , ,3.125167,3.617315,10.066940,4.484439,3.494151,2.904432, ,1.562050,3.003844, ,1.414214,2.142967,5.046025,1.167748,2.270112,6.158847, ,7.957055,6.860243,11.271838,2.846219,2.130784,5.923795,2.435416,6.410783,1.471731,11.482735,2.566471,2.421526,8.552650,6.895586,5.748148,4.495001,13.857422,4.341605,3.250507,2.985239,3.635956,2.629910,7.450897,2.955117,5.203930,6.881411,2.637416,10.229647,3.943550,4.215900,4.265990,4.984102,2.075131,3.571807,9.132716,17.019101, ,0.707107,19.533523,9.872450,2.750214,20.757224,0.899735,1.462167,10.015335,14.189379,1.275408,4.701698,6.058130,9.334155,1.837039,3.620029,0.632456, , ,4.449026,1.767767, , ,1.414214,3.794822,1.494434,5.039551,3.345073,3.284183, ,1.000000,2.440880, , ,0.000000,4.573474,8.100705, , , ,13.407976, ,10.183320,10.993930, ,6.016107,3.745191,7.562546, ,5.202261,3.954337, ,0.786796,0.967418,3.850351,8.681575,0.000000,0.836660,4.500042,5.396881,8.366589, , , ,5.188127, , , , , , , , , ,21.079216, , , ,0.000000, ,3.662391, , , ,4.489728, ,1.017393, , ,0.000000,4.968946, , , ,2.391589, , , , , , , ,3.870484, , , , , ,4.855216, ,18.434880,5.284114,9.424535,23.747775,19.102899,9.217974,8.847092,3.020580,5.480168,22.635590,7.659417,16.580142,5.244617,2.634886,10.734934,4.553267,0.751068,0.000000,12.919217,7.452973,3.096593,6.568879,10.675534,5.852562,0.816497,0.353553,5.750930,0.966345,3.942399,1.889416,6.364485,3.457973, ,3.699863,4.598683,7.638589,15.210410,0.707107,2.603730, ,4.682423,3.496029, ,3.905633,3.673000,5.245460, ,8.117468, ,11.449238,27.167324, ,0.707107,9.182529,3.055050, ,1.414214, ,5.295701, ,11.414379, , ,1.095445,2.419617,4.172075,6.182849,25.794950,10.787280,2.976914,15.690645,0.752773,2.400757,18.425650,19.915546,17.657191,19.169983,5.897683,2.211083,5.035745,2.385786,2.329163,2.157757,3.577752,1.344123,4.698043,3.603154,2.217949,2.282042,1.591190,2.472066,0.516398,2.224447,3.252044,5.264867,1.235303,3.257792,8.208621,11.760214,15.700234,15.959825,31.466226,16.011964,20.726871,2.627794,14.892621,4.616944,12.076026,4.720841,3.805883,10.010308,2.471225,11.276813,6.800310,7.489431,3.274943,4.700759,15.171057, ,11.087575,11.127370,9.641212,5.636753,0.866025,13.216688,8.839363,4.940351,3.803890,2.149963,3.433900,5.411165,2.720438,5.467669,1.313316,0.963933,5.830258,11.007715,13.021226,2.032792,13.451274,11.106654,2.408108,3.678389,17.033875,18.059961,5.667088,5.056203,3.846323,20.431060,19.035617,0.921821,3.554830,5.729849, ,19.574984,12.922009,17.050736,14.243339,9.634167,17.243766,9.213032,8.512232,17.868013,26.048942,26.003544,8.514912,7.636181,10.631408,23.326439,8.061972,2.421059,15.255878,11.172518,7.199813,5.889405,9.936205, ,8.622046,4.090640,3.302236,8.882494,3.449991,18.006448,6.642703, ,12.341737,17.734655,17.312832,10.428420,18.009257, ,14.636712,4.776116,0.547723,18.350384,3.637001,0.408248,2.157747,3.195653,9.607653,5.617163,5.112608,2.957130,12.997430,3.869125,3.799699,2.077967,4.240254,6.898184,1.892969,1.504572,10.844353,2.850439, ,1.572795, , , , ,1.563472,3.230400,4.455484,1.922610, ,23.294014, ,11.331070,1.414214,13.094809,11.023277,33.740392,1.322876, , ,7.348211,13.040655,7.641066,23.285733,28.565649,17.306706,18.017342, , , ,3.546310,5.529695,30.920650,4.184206,0.707107,18.430649,7.231241, ,21.239543,2.644319, , , , ,4.722487,1.705947, ,13.285330, , ,1.069045,0.786796, ,0.000000,11.795927, ,8.656893,1.825742,2.863143,12.023042,3.605081,1.643636, ,3.801651,10.230728,4.360068,2.622042,1.578846,13.415663, ,11.211443,5.348622,1.549193,0.500000,2.806180, , , , , ,10.134218, ,2.613154, , , ,1.112697, ,2.642149,6.350853,0.577350,1.258306,19.883554,4.448114,2.073644, ,4.318391, , , ,1.732051, ,4.135067,4.587768,6.200409, , ,4.256088, ,2.422120,1.497473,1.815792, ,15.931307, , , , ,26.429437,8.219026,2.516611,4.706405, , , , , ,2.486729, , , , , , ,13.790521,0.577350, , ,6.105759, , ,3.406574,11.584839,5.023240, , ,21.108838,8.161254, , ,20.241781, , ,6.734335, , , , ,5.211649, , ,3.217599,0.875595, , , ,12.752788,7.635276,7.533038,1.091928, , , , ,4.330127, , , , , , , , , , , , , ,4.948435,6.043031,8.762714,6.466803,1.962142,4.843576, , , ,0.707107,4.688072, , , ,12.622247,1.258306, ,16.466444,2.724438,9.752493,8.877960,4.272473,8.476330,15.654437,1.000000, ,17.611566, ,1.508148,3.765257, , , , , ,3.488547, , , , , , , , , ,1.986063
    Mean ISI within Burst - Avg (sec),0.004425, , ,0.005057,0.004964,0.003944, , , ,0.009813,0.820708, ,0.027677, , , , ,0.004932,0.004207,0.009001,0.005651,0.008404,0.004455,0.007479, ,0.016600,0.011348, ,0.007858,0.014019, , , , , , , , ,0.003720,0.011089, , , , ,0.004326,0.007760,0.010833, , , ,0.005569, , , , , , , ,0.010525, ,0.005115, , , ,0.005471, , , , ,0.012394,0.006101, , ,0.017893, , ,0.005333,0.004865, , , , , , , , , , , , , , , , , , ,0.008812,0.004601,0.005946,0.013381, , , , ,0.006585,0.004739, , , ,0.006257, , , , ,0.005912,0.014558, , , ,0.005231, , , , , , , , ,0.016293,0.011881, ,0.013689,0.011598,0.010538, ,0.011979,0.009026, ,0.013892, ,0.011517, , , ,0.010369, ,0.012990, , ,0.007262,0.009436,0.009069, , , , , ,0.012280,0.029427,0.013886,0.007512,0.007091,0.006358, ,0.011568,0.009747, ,0.019044,0.007972,0.008178,0.011991,0.010951,0.006495, ,0.008014,0.006640,0.005351,0.007670,0.011690,0.007585,0.008944,0.005441,0.008429,0.005765,0.009534,0.008855,0.004473,0.004530,0.005431,0.005670,0.004599,0.005071,0.007728,0.008260,0.008094,0.005891,0.007056,0.005880,0.005487,0.010267,0.006057,0.006485,0.005916,0.007590,0.007799,0.006349,0.008390,0.007153,0.006922,0.006631,0.007093,0.008798,0.005872,0.007220,0.015163,0.005993,0.007355,0.011239,0.006466,0.008390,0.007886,0.011152,0.008495,0.006346,0.009884,0.012213,0.013216, , ,0.006520,0.014842, , ,0.007803,0.012710,0.014969,0.011810,0.012638,0.019762,0.008907,0.015413,0.015940, , ,0.007067,0.026510,0.026140, , , ,0.014939, ,0.016180,0.023480, ,0.014387,0.007856,0.005053, ,0.007391,0.010937, ,0.012729,0.010089,0.006094,0.005604,0.014258,0.011701,0.009467,0.006756,0.004366, , , ,0.023452, , , , , , , , , ,0.034109, , , ,0.006080, ,0.011329, , , ,0.008192,0.009420,0.006859, , ,0.006364,0.005143, , , ,0.035557, , , , , , , ,0.010864,0.028284, , , , ,0.018430, ,0.004151,0.004599,0.005190,0.004606,0.004402,0.004170,0.005247,0.006550,0.005956,0.004515,0.004910,0.004283,0.005805,0.004247,0.006946,0.004945,0.009897,0.015076,0.009190,0.008775,0.005592,0.008793,0.010010,0.008955,0.013349,0.011069,0.007129,0.013758,0.009301,0.012710,0.007107,0.009926, ,0.009825,0.007389,0.011043,0.005212,0.016253,0.021450, ,0.013063,0.014094, ,0.010765,0.016369,0.006996, ,0.005360, ,0.008195,0.005458, ,0.016147,0.011317,0.024448, ,0.063096, ,0.022665, ,0.010591, , ,0.010503,0.023273,0.010924,0.007728,0.004452,0.006701,0.007928,0.006829,0.010902,0.009272,0.005212,0.004431,0.004132,0.006377,0.009997,0.011813,0.007977,0.006357,0.005525,0.008459,0.004921,0.008495,0.004301,0.005106,0.006447,0.007361,0.008076,0.005307,0.007599,0.006423,0.007103,0.005016,0.007360,0.009654,0.007831,0.013428,0.005306,0.006121,0.003988,0.006152,0.005231,0.011240,0.006676,0.015252,0.012260,0.007266,0.007545,0.008783,0.013127,0.005047,0.005130,0.005642,0.007126,0.007242,0.004218, ,0.005448,0.011345,0.005511,0.007793,0.009842,0.004950,0.005224,0.008195,0.010402,0.011321,0.006275,0.009296,0.010434,0.009532,0.009159,0.009280,0.011919,0.005544,0.007103,0.007802,0.007402,0.005336,0.008216,0.007874,0.004500,0.005121,0.006929,0.007264,0.010700,0.005327,0.006415,0.007742,0.005002,0.008511, ,0.005489,0.008454,0.006217,0.005731,0.007325,0.005681,0.004736,0.004740,0.004384,0.004249,0.005374,0.006536,0.004939,0.006804,0.004031,0.005245,0.007635,0.004999,0.005206,0.005204,0.006603,0.008487,0.037040,0.009514,0.012364,0.013769,0.007995,0.010592,0.004926,0.007641,0.019387,0.007027,0.005194,0.008512,0.007124,0.015675, ,0.013466,0.010232,0.010079,0.006574,0.009555,0.010348,0.013123,0.008106,0.006069,0.006493,0.008114,0.017260,0.005917,0.005590,0.008357,0.012406,0.012224,0.009575,0.011467,0.018213,0.010808,0.011646, ,0.027916, , , , ,0.013079,0.009006,0.009652,0.011110,0.008827,0.005601, ,0.009438,0.012125,0.013447,0.011887,0.005033,0.015195, ,0.008347,0.010135,0.010499,0.009313,0.006141,0.006542,0.007904,0.006385, , , ,0.017224,0.014064,0.044323,0.012897,0.012113,0.006703,0.027628, ,0.006255,0.031326, , , , ,0.005908,0.017982, ,0.008595,0.091800, ,0.022475,0.018571, ,0.015027,0.010097, ,0.011070,0.040199,0.006131,0.004489,0.007663,0.010722, ,0.006880,0.005650,0.011761,0.010004,0.011970,0.006691, ,0.005261,0.004639,0.010574,0.011423,0.011038, , , , , ,0.009049, ,0.006032, , , ,0.009923, ,0.012606,0.075842,0.014789,0.014662,0.004989,0.011990,0.026643, ,0.008123, , , ,0.032370, ,0.011473,0.029038,0.007920, , ,0.024258, ,0.020604,0.020720,0.014393, ,0.008671, , , , ,0.007416,0.021256,0.034349,0.013181, , , , , ,0.017921, , , , , , ,0.017077,0.013678, , ,0.008584, , ,0.012670,0.006635,0.009738, , ,0.004080,0.015757,0.008992, ,0.004813,0.020064, ,0.006399, , , , ,0.013442, , ,0.015557,0.019604, ,0.047227, ,0.008746,0.010126,0.009764,0.016235, , , , ,0.011764, , , , , , , , , , , , , ,0.011227,0.014087,0.008384,0.008807,0.015437,0.009043,0.063760, , ,0.014120,0.025084, , , ,0.008518,0.024514, ,0.010084,0.008626,0.027001,0.010844,0.018080,0.007682,0.005158,0.010128, ,0.010202, ,0.010602,0.008923, , , ,0.166206, ,0.012829, , , , , , , , , ,0.012624
    Mean ISI within Burst - Std (sec),0.001260, , ,0.001860,0.001486,0.001430, , , ,0.001402, , , , , , , ,0.001912,0.001149,0.002535,0.001009,0.004837,0.001216,0.003220, , ,0.005819, ,0.005314,0.002345, , , , , , , , , ,0.003268, , , , ,0.001187, ,0.001820, , , ,0.001060, , , , , , , , , ,0.001768, , , ,0.001382, , , , ,0.004077,0.003404, , , , , ,0.002249,0.000942, , , , , , , , , , , , , , , , , , ,0.002605,0.001000,0.001767,0.002511, , , , ,0.002130,0.001417, , , ,0.001632, , , , ,0.001769,0.010037, , , , , , , , , , , , ,0.004412,0.002631, ,0.003848,0.004141,0.003683, ,0.003958,0.006202, ,0.007356, ,0.002818, , , , , ,0.002942, , ,0.002450,0.003141,0.006374, , , , , ,0.004101,0.015735,0.008140,0.002844,0.002343,0.001520, ,0.003404,0.003984, ,0.012922,0.002503,0.004024,0.004439,0.002968,0.002131, ,0.002552,0.001493,0.003122,0.002620,0.003337,0.003383,0.004549,0.001230,0.002886,0.002791,0.005148,0.005455,0.001045,0.001001,0.001297,0.001685,0.001307,0.000858,0.004249,0.004090,0.004513,0.002098,0.002715,0.002322,0.002184,0.004128,0.002744,0.002194,0.002561,0.004078,0.003389,0.002466,0.003764,0.003144,0.003673,0.002813, ,0.001558,0.002211,0.003940,0.010960,0.002058,0.001566,0.010547,0.003591,0.003658,0.002565,0.007440,0.006417,0.003132,0.004051,0.002801,0.005738, , ,0.002343,0.004063, , ,0.000551,0.005376,0.006103,0.003827,0.004802,0.005463, ,0.003529,0.008450, , ,0.001659,0.012470,0.012061, , , ,0.003950, ,0.004890,0.004499, ,0.009642,0.002672,0.001885, ,0.003393,0.003391, ,0.003214,0.005144,0.002489,0.002402,0.007885,0.003458,0.008094,0.002561,0.002164, , , ,0.013477, , , , , , , , , ,0.005947, , , ,0.000754, ,0.004132, , , ,0.004956, ,0.006137, , ,0.001009,0.003353, , , ,0.017809, , , , , , , ,0.003549, , , , , ,0.012022, ,0.000956,0.001519,0.001798,0.000962,0.001229,0.001168,0.001945,0.004762,0.002628,0.000719,0.001887,0.001161,0.002167,0.000639,0.003154,0.003760,0.004458,0.007015,0.003674,0.004523,0.001228,0.005331,0.003444,0.005280,0.004187,0.003307,0.003214,0.004319,0.006019,0.008994,0.003398,0.007011, ,0.006869,0.003242,0.003632,0.001331,0.011408,0.006660, ,0.005331,0.012426, ,0.002531,0.008675,0.002244, ,0.002502, ,0.005619,0.001838, ,0.006355,0.004084,0.006412, ,0.036238, ,0.012036, ,0.004670, , ,0.003846,0.025580,0.004668,0.005858,0.001151,0.004117,0.006772,0.002975,0.005987,0.003083,0.001900,0.001553,0.001512,0.002048,0.007591,0.007869,0.006318,0.001344,0.001172,0.001690,0.000853,0.002534,0.000533,0.001198,0.001542,0.001667,0.002158,0.000862,0.002301,0.002217,0.001874,0.001722,0.002956,0.004707,0.003702,0.005880,0.001410,0.001722,0.000929,0.001711,0.001373,0.008982,0.002593,0.005953,0.005581,0.002994,0.004518,0.003635,0.005237,0.001182,0.001366,0.001584,0.001873,0.002046,0.001540, ,0.001529,0.007662,0.001237,0.002011,0.003681,0.001647,0.001647,0.002493,0.004545,0.004891,0.002121,0.003110,0.005531,0.002677,0.003013,0.003243,0.006429,0.001301,0.002313,0.003243,0.004237,0.001293,0.003376,0.002824,0.000884,0.001624,0.003329,0.004395,0.006899,0.001401,0.002843,0.003695,0.001371,0.005168, ,0.002122,0.004321,0.002043,0.002039,0.003172,0.001586,0.002120,0.002194,0.001034,0.000765,0.002152,0.002714,0.002084,0.002798,0.000729,0.002067,0.004945,0.001530,0.001558,0.002155,0.002028,0.003147, ,0.003445,0.004079,0.006332,0.002543,0.004871,0.001620,0.002299, ,0.002104,0.001501,0.001907,0.002272,0.002208, ,0.003392,0.003622,0.004522,0.002065,0.007364,0.003529,0.005743,0.003732,0.002902,0.003197,0.004402,0.017720,0.003214,0.003412,0.004652,0.005926,0.007270,0.002516,0.004393,0.016379,0.002923,0.004263, ,0.007690, , , , ,0.004849,0.003907,0.004918,0.004265, ,0.001398, ,0.002783,0.002010,0.002980,0.004029,0.001370,0.005466, , ,0.003065,0.005521,0.003264,0.003052,0.002464,0.002856,0.003106, , , ,0.014340,0.006463,0.023290,0.007672,0.010079,0.001784,0.020386, ,0.002096,0.021202, , , , ,0.001313,0.014091, ,0.002914, , ,0.007095,0.003671, ,0.001603,0.003053, ,0.002604,0.027604,0.001149,0.000871,0.002442,0.003585, ,0.001411,0.000978,0.004933,0.002047,0.006209,0.001539, ,0.001365,0.000918,0.007770,0.002451,0.004431, , , , , ,0.004099, ,0.003047, , , ,0.002075, ,0.005102,0.032486,0.002633,0.005722,0.001164,0.004840,0.014959, ,0.001871, , , ,0.015392, ,0.003169,0.008628,0.002229, , ,0.008160, ,0.006778,0.012917,0.004253, ,0.004943, , , , ,0.001950,0.006017,0.011642,0.004093, , , , , ,0.013551, , , , , , ,0.009932,0.002134, , ,0.003972, , ,0.008599,0.002013,0.004353, , ,0.000930,0.006355, , ,0.001508, , ,0.002352, , , , ,0.003945, , ,0.006484,0.007721, , , ,0.002760,0.003593,0.003019,0.005839, , , , ,0.002632, , , , , , , , , , , , , ,0.004615,0.005265,0.003510,0.003444,0.006041,0.003548, , , ,0.003903,0.006862, , , ,0.003087,0.021523, ,0.002600,0.004416,0.011654,0.004489,0.004584,0.003221,0.001855,0.008621, ,0.003038, ,0.004830,0.006462, , , , , ,0.004110, , , , , , , , , ,0.002152
    Median ISI within Burst - Avg (sec),0.003628, , ,0.003938,0.003907,0.003283, , , ,0.008760,0.776800, ,0.026400, , , , ,0.003853,0.003353,0.005788,0.003856,0.006261,0.003880,0.005943, ,0.010800,0.009280, ,0.005370,0.011973, , , , , , , , ,0.003520,0.005547, , , , ,0.003633,0.007840,0.010480, , , ,0.004474, , , , , , , ,0.009000, ,0.003672, , , ,0.003924, , , , ,0.011164,0.004103, , ,0.016760, , ,0.004193,0.003731, , , , , , , , , , , , , , , , , , ,0.004717,0.003462,0.003936,0.010955, , , , ,0.004010,0.003754, , , ,0.004173, , , , ,0.004510,0.006280, , , ,0.003840, , , , , , , , ,0.014560,0.009572, ,0.013485,0.010267,0.009520, ,0.010004,0.005677, ,0.010717, ,0.009858, , , ,0.009880, ,0.011092, , ,0.004775,0.007697,0.006181, , , , , ,0.010773,0.021202,0.009986,0.005821,0.005421,0.005125, ,0.009982,0.008168, ,0.013253,0.006223,0.004691,0.009564,0.010112,0.004825, ,0.005976,0.005324,0.003725,0.006103,0.009884,0.004433,0.006206,0.004207,0.007024,0.004056,0.007538,0.006361,0.003288,0.003422,0.003946,0.004021,0.003246,0.003882,0.005356,0.005421,0.005447,0.004024,0.004755,0.004204,0.003711,0.006554,0.004658,0.004466,0.004228,0.005339,0.005582,0.004333,0.006666,0.005048,0.005273,0.004865,0.008000,0.007360,0.004174,0.004914,0.010754,0.003772,0.006581,0.008328,0.004780,0.005047,0.006209,0.007567,0.005305,0.004439,0.007991,0.010762,0.011247, , ,0.004861,0.013280, , ,0.007320,0.010645,0.011972,0.009419,0.009784,0.009961,0.009040,0.010893,0.010748, , ,0.007720,0.021970,0.016536, , , ,0.012316, ,0.010467,0.018452, ,0.010086,0.006704,0.003476, ,0.005049,0.008787, ,0.010617,0.008003,0.004640,0.003718,0.016533,0.011333,0.005864,0.004742,0.003491, , , ,0.019530, , , , , , , , , ,0.025587, , , ,0.005000, ,0.008401, , , ,0.005462,0.008960,0.004644, , ,0.006560,0.003719, , , ,0.021187, , , , , , , ,0.007517,0.020480, , , , ,0.012221, ,0.003226,0.003590,0.004330,0.003298,0.003269,0.003203,0.004174,0.004789,0.004377,0.003195,0.003755,0.003341,0.004214,0.003460,0.004391,0.003955,0.008052,0.011733,0.005356,0.005623,0.004716,0.006481,0.006992,0.006306,0.008540,0.009525,0.005261,0.011056,0.006921,0.010084,0.005442,0.006839, ,0.008471,0.005599,0.007952,0.003947,0.016080,0.016104, ,0.009445,0.011774, ,0.009023,0.013491,0.005162, ,0.003687, ,0.004939,0.003921, ,0.014440,0.008533,0.014560, ,0.056320, ,0.015932, ,0.007552, , ,0.008344,0.013887,0.008367,0.005361,0.003373,0.005180,0.005926,0.005214,0.008153,0.008033,0.003693,0.003575,0.003153,0.004588,0.007806,0.008704,0.006176,0.005219,0.004221,0.006865,0.004058,0.007379,0.003598,0.003771,0.005265,0.005911,0.007148,0.003858,0.006840,0.005373,0.005163,0.003444,0.005712,0.007488,0.005940,0.011234,0.004235,0.004531,0.003248,0.004279,0.004342,0.007995,0.005433,0.012588,0.009703,0.005538,0.005573,0.006663,0.011091,0.003866,0.004029,0.004264,0.005604,0.005590,0.003359, ,0.003940,0.007439,0.004430,0.006192,0.008431,0.003700,0.003928,0.006702,0.007946,0.007524,0.005030,0.006794,0.007987,0.007704,0.007247,0.007877,0.008482,0.004256,0.004754,0.005780,0.004630,0.003826,0.006272,0.006000,0.003280,0.004006,0.004851,0.005408,0.008283,0.003944,0.004215,0.006632,0.003744,0.006821, ,0.004241,0.006785,0.004213,0.004692,0.006481,0.004346,0.003660,0.003573,0.003303,0.003224,0.003657,0.004985,0.003637,0.005589,0.003219,0.003955,0.006039,0.003678,0.003844,0.004074,0.004759,0.007447,0.026640,0.008510,0.010870,0.010234,0.006094,0.007943,0.003695,0.005909,0.016640,0.005181,0.003810,0.006792,0.005105,0.012600, ,0.010448,0.008414,0.008880,0.004657,0.007620,0.009133,0.010896,0.006268,0.004483,0.004617,0.005835,0.012275,0.004434,0.004074,0.006760,0.009975,0.009702,0.008289,0.009990,0.011274,0.009013,0.010150, ,0.024884, , , , ,0.010224,0.007671,0.007220,0.009540,0.009200,0.004070, ,0.007612,0.011280,0.011198,0.009983,0.003525,0.013707, ,0.003920,0.008223,0.006532,0.006996,0.003974,0.004413,0.006210,0.003950, , , ,0.012994,0.011822,0.021664,0.009354,0.010400,0.004601,0.018589, ,0.004868,0.020007, , , , ,0.004511,0.013209, ,0.006799,0.094840, ,0.017051,0.015114, ,0.013640,0.008458, ,0.009916,0.025810,0.005326,0.003255,0.006106,0.008334, ,0.005402,0.003775,0.009002,0.008382,0.008438,0.004848, ,0.003682,0.003926,0.007941,0.008550,0.008578, , , , , ,0.005914, ,0.003837, , , ,0.007263, ,0.010619,0.029080,0.013413,0.010460,0.003302,0.008931,0.019424, ,0.006899, , , ,0.020076, ,0.008900,0.023488,0.005300, , ,0.021760, ,0.016573,0.016363,0.011798, ,0.006457, , , , ,0.006329,0.016963,0.029507,0.008781, , , , , ,0.013586, , , , , , ,0.011042,0.013110, , ,0.006474, , ,0.009550,0.005459,0.007484, , ,0.003181,0.013217,0.009120, ,0.003830,0.016640, ,0.005024, , , , ,0.010626, , ,0.011282,0.016204, ,0.050240, ,0.006435,0.008393,0.007790,0.012440, , , , ,0.006573, , , , , , , , , , , , , ,0.008486,0.011817,0.007228,0.007005,0.011552,0.008072,0.030160, , ,0.009160,0.020683, , , ,0.007107,0.017380, ,0.008471,0.006942,0.023031,0.009409,0.014953,0.005933,0.003732,0.006693, ,0.008233, ,0.008139,0.007203, , , ,0.162720, ,0.009730, , , , , , , , , ,0.011969
    Median ISI within Burst - Std (sec),0.000828, , ,0.001171,0.000969,0.000549, , , ,0.001339, , , , , , , ,0.001759,0.000776,0.001965,0.000567,0.004199,0.000592,0.003222, , ,0.005195, ,0.001964,0.001894, , , , , , , , , ,0.000621, , , , ,0.001000, ,0.001754, , , ,0.000953, , , , , , , , , ,0.000702, , , ,0.000722, , , , ,0.003648,0.002369, , , , , ,0.001148,0.000806, , , , , , , , , , , , , , , , , , ,0.002282,0.000483,0.000706,0.003988, , , , ,0.000850,0.000704, , , ,0.000907, , , , ,0.000876,0.000781, , , , , , , , , , , , ,0.006449,0.002687, ,0.004119,0.002894,0.002572, ,0.002061,0.003183, ,0.003195, ,0.003114, , , , , ,0.003361, , ,0.001594,0.002800,0.004070, , , , , ,0.003090,0.011145,0.007101,0.002092,0.001863,0.001529, ,0.003855,0.003187, ,0.008143,0.001853,0.001148,0.003576,0.002899,0.001213, ,0.001470,0.001464,0.001727,0.002005,0.003417,0.002690,0.002829,0.000837,0.002584,0.001223,0.004098,0.002416,0.000372,0.000481,0.000668,0.000690,0.000460,0.000554,0.002805,0.002575,0.002823,0.000844,0.001576,0.001371,0.001103,0.002429,0.001827,0.001726,0.001447,0.002599,0.001881,0.001668,0.002896,0.002162,0.003028,0.001564, ,0.001697,0.001370,0.002060,0.009296,0.000952,0.001768,0.006310,0.002538,0.001462,0.002047,0.003933,0.003327,0.001824,0.003061,0.002422,0.006432, , ,0.001345,0.003541, , ,0.000622,0.004097,0.004123,0.003426,0.002955,0.003234, ,0.003080,0.004838, , ,0.002206,0.012844,0.005736, , , ,0.004016, ,0.004492,0.003639, ,0.011025,0.003141,0.000571, ,0.002201,0.002804, ,0.002809,0.002750,0.001632,0.001073,0.010657,0.003736,0.002604,0.001672,0.001640, , , ,0.008848, , , , , , , , , ,0.001857, , , ,0.000396, ,0.001936, , , ,0.002071, ,0.001778, , ,0.001280,0.000851, , , ,0.007698, , , , , , , ,0.002800, , , , , ,0.006653, ,0.000365,0.000732,0.001458,0.000330,0.000418,0.000392,0.001618,0.001503,0.001288,0.000270,0.001086,0.000470,0.001057,0.000392,0.001248,0.001677,0.003098,0.005124,0.001893,0.001965,0.000983,0.002961,0.003228,0.003153,0.001772,0.004260,0.002255,0.003406,0.005409,0.006508,0.002390,0.003062, ,0.005064,0.002156,0.003215,0.001018,0.010522,0.005159, ,0.004167,0.011645, ,0.001669,0.007321,0.001472, ,0.001164, ,0.001923,0.001232, ,0.000057,0.002162,0.002178, ,0.043671, ,0.007150, ,0.003695, , ,0.002226,0.009620,0.003145,0.002445,0.000429,0.002992,0.003225,0.001447,0.006193,0.002990,0.000589,0.000752,0.000309,0.001284,0.004393,0.003620,0.002264,0.001274,0.001036,0.002092,0.000860,0.002182,0.000379,0.000576,0.001471,0.001342,0.001950,0.000630,0.002253,0.001745,0.001328,0.000481,0.001992,0.002716,0.002472,0.003252,0.001046,0.001348,0.000277,0.000878,0.001321,0.004027,0.001953,0.004885,0.003112,0.002031,0.001630,0.002417,0.004071,0.000632,0.000863,0.000981,0.001668,0.001781,0.000656, ,0.000807,0.003714,0.001225,0.001904,0.003725,0.000787,0.000659,0.002001,0.002094,0.003479,0.001652,0.002638,0.003472,0.002266,0.002493,0.002654,0.003950,0.001059,0.001072,0.001903,0.002193,0.000590,0.002452,0.002759,0.000319,0.001444,0.001855,0.003127,0.004109,0.000965,0.001125,0.003354,0.000673,0.003842, ,0.001573,0.003221,0.000915,0.001956,0.002983,0.001664,0.001145,0.001088,0.000465,0.000229,0.000954,0.002282,0.000691,0.002292,0.000275,0.001509,0.003333,0.001232,0.000687,0.001726,0.001208,0.002661, ,0.003209,0.003807,0.003914,0.001918,0.003245,0.001044,0.001739, ,0.001541,0.001004,0.002007,0.001460,0.001316, ,0.001900,0.002629,0.004280,0.001281,0.005141,0.003772,0.004482,0.002276,0.001223,0.002617,0.003018,0.011427,0.002806,0.001655,0.004257,0.005729,0.005171,0.002323,0.005299,0.004196,0.003609,0.003455, ,0.008425, , , , ,0.003224,0.003917,0.002700,0.004227, ,0.000763, ,0.002226,0.004525,0.002363,0.002398,0.000552,0.006329, , ,0.002821,0.002508,0.002180,0.000849,0.001351,0.001594,0.001087, , , ,0.008288,0.004565,0.017268,0.004477,0.007241,0.001041,0.009186, ,0.001421,0.013428, , , , ,0.001308,0.011001, ,0.002323, , ,0.006320,0.004638, ,0.001527,0.002605, ,0.001795,0.017661,0.000639,0.000240,0.001789,0.002465, ,0.001244,0.000440,0.003563,0.001858,0.004141,0.001081, ,0.000500,0.000892,0.003457,0.002372,0.003419, , , , , ,0.001571, ,0.000879, , , ,0.001681, ,0.004587,0.016554,0.005531,0.004507,0.000381,0.003494,0.002549, ,0.001575, , , ,0.006046, ,0.002802,0.006335,0.001449, , ,0.005869, ,0.006343,0.006916,0.003061, ,0.003354, , , , ,0.001757,0.005050,0.004917,0.003595, , , , , ,0.009424, , , , , , ,0.004808,0.002381, , ,0.003265, , ,0.004360,0.002021,0.002332, , ,0.000248,0.005858, , ,0.001223, , ,0.001821, , , , ,0.003982, , ,0.003998,0.005964, , , ,0.002532,0.003896,0.002473,0.005583, , , , ,0.001211, , , , , , , , , , , , , ,0.002969,0.004183,0.002916,0.002307,0.004317,0.002766, , , ,0.000396,0.006584, , , ,0.002770,0.012275, ,0.002668,0.002841,0.010547,0.003388,0.003243,0.002310,0.000973,0.003502, ,0.002812, ,0.003014,0.005173, , , , , ,0.003548, , , , , , , , , ,0.002365
    Median/Mean ISI within Burst,0.841497, , ,0.809190,0.810739,0.871353, , , ,0.894308,0.946500, ,0.953877, , , , ,0.769034,0.815213,0.653552,0.692667,0.763404,0.903431,0.805885, ,0.650602,0.822173, ,0.789753,0.859971, , , , , , , , ,0.946237,0.528000, , , , ,0.853582,1.010309,0.967437, , , ,0.810554, , , , , , , ,0.855107, ,0.751637, , , ,0.738391, , , , ,0.901686,0.721979, , ,0.936662, , ,0.847886,0.789973, , , , , , , , , , , , , , , , , , ,0.556829,0.770034,0.698779,0.809517, , , , ,0.644489,0.821735, , , ,0.685980, , , , ,0.788757,0.557300, , , ,0.734118, , , , , , , , ,0.872000,0.812035, ,0.992801,0.905176,0.928687, ,0.871158,0.684872, ,0.830607, ,0.858491, , , ,0.952850, ,0.842281, , ,0.672274,0.816558,0.719842, , , , , ,0.907325,0.748332,0.696021,0.788251,0.772285,0.807823, ,0.856198,0.854728, ,0.718650,0.799080,0.641015,0.809766,0.931542,0.762205, ,0.765395,0.802496,0.728944,0.807736,0.850309,0.605885,0.739790,0.782744,0.846765,0.746379,0.807238,0.771528,0.752129,0.769740,0.740652,0.732424,0.736609,0.773155,0.720326,0.688440,0.711125,0.727207,0.710879,0.741551,0.722975,0.671176,0.786857,0.696017,0.737126,0.732453,0.751222,0.702611,0.816676,0.726147,0.767139,0.769584,1.127820,0.832531,0.734573,0.735631,0.702512,0.669020,0.901312,0.803887,0.764360,0.655508,0.804269,0.746637,0.705728,0.726216,0.840201,0.891915,0.823283, , ,0.773908,0.907566, , ,0.937662,0.857616,0.838034,0.800067,0.805127,0.546361,1.014970,0.758864,0.717310, , ,1.085731,0.765452,0.692307, , , ,0.824079, ,0.644965,0.789741, ,0.686887,0.831575,0.736260, ,0.710247,0.813264, ,0.837390,0.841510,0.784203,0.712166,1.110334,0.961968,0.713892,0.726845,0.816405, , , ,0.925952, , , , , , , , , ,0.761541, , , ,0.832816, ,0.783147, , , ,0.721639,0.951168,0.842501, , ,1.029817,0.801961, , , ,0.688197, , , , , , , ,0.707573,0.724094, , , , ,0.725526, ,0.798789,0.795550,0.846032,0.736488,0.772104,0.792825,0.806209,0.801116,0.768568,0.719202,0.783664,0.803907,0.759697,0.824718,0.695631,0.854375,0.859781,0.799191,0.624110,0.689809,0.857133,0.777808,0.694526,0.740220,0.710973,0.841457,0.745457,0.827048,0.731376,0.813679,0.788044,0.746875, ,0.882068,0.780465,0.727109,0.766274,1.011240,0.762203, ,0.741237,0.854135, ,0.854266,0.832750,0.753318, ,0.732726, ,0.699798,0.738316, ,0.970119,0.787040,0.614879, ,0.830887, ,0.715889, ,0.711602, , ,0.830033,0.778143,0.800512,0.770334,0.783143,0.798058,0.795730,0.812425,0.748544,0.870441,0.758659,0.839708,0.815490,0.741583,0.841417,0.802724,0.850104,0.823038,0.769300,0.813757,0.825893,0.889637,0.842921,0.757165,0.820824,0.814416,0.895181,0.734539,0.910896,0.849801,0.740635,0.733734,0.806088,0.815953,0.777477,0.869691,0.807486,0.747788,0.829776,0.721279,0.828609,0.801517,0.827277,0.840528,0.831154,0.782262,0.808126,0.783905,0.872053,0.782666,0.804259,0.770001,0.797852,0.774347,0.825760, ,0.745072,0.739950,0.803468,0.808672,0.857089,0.779188,0.780739,0.828240,0.808415,0.707136,0.812315,0.742486,0.802283,0.815164,0.805576,0.885456,0.771188,0.777630,0.706116,0.784875,0.649802,0.735369,0.786066,0.765179,0.748143,0.787052,0.742962,0.773516,0.823174,0.753407,0.715574,0.860175,0.774340,0.825624, ,0.789700,0.829173,0.708509,0.819462,0.885633,0.759541,0.797326,0.782469,0.771747,0.774683,0.730611,0.776639,0.772519,0.830426,0.814205,0.768917,0.821041,0.748377,0.761244,0.793329,0.734220,0.888661,0.719222,0.899421,0.892103,0.796394,0.782335,0.775153,0.766196,0.788906,0.858322,0.750790,0.752538,0.806167,0.735341,0.808576, ,0.794763,0.832380,0.880515,0.730113,0.842310,0.868691,0.840247,0.812863,0.769853,0.731196,0.733207,0.789743,0.758576,0.789125,0.797512,0.803782,0.840465,0.884606,0.851763,0.800004,0.827495,0.908890, ,0.888475, , , , ,0.818035,0.851028,0.779954,0.855032,1.042296,0.745729, ,0.820885,0.911878,0.841069,0.869341,0.723560,0.877025, ,0.469649,0.819126,0.674845,0.779668,0.702636,0.702506,0.813843,0.675501, , , ,0.807287,0.876332,0.468730,0.769588,0.932738,0.708431,0.792291, ,0.795367,0.715901, , , , ,0.766722,0.773776, ,0.799130,1.033115, ,0.769589,0.825103, ,0.907461,0.847382, ,0.911334,0.691154,0.880367,0.741949,0.815064,0.800307, ,0.791673,0.680766,0.784055,0.846944,0.744215,0.735114, ,0.725462,0.853213,0.828990,0.752187,0.790370, , , , , ,0.707642, ,0.698441, , , ,0.739112, ,0.852583,0.386076,0.880683,0.708558,0.686679,0.765692,0.853591, ,0.856737, , , ,0.689067, ,0.789849,0.836978,0.687843, , ,0.917261, ,0.812142,0.878059,0.848779, ,0.766886, , , , ,0.854672,0.817839,0.889213,0.673577, , , , , ,0.831628, , , , , , ,0.719217,0.956855, , ,0.768549, , ,0.798504,0.818823,0.811425, , ,0.800578,0.861075,1.014235, ,0.801453,0.829346, ,0.798559, , , , ,0.793449, , ,0.753029,0.867055, ,1.063806, ,0.737804,0.823859,0.806480,0.785956, , , , ,0.572500, , , , , , , , , , , , , ,0.793889,0.861569,0.866736,0.825028,0.787614,0.909765,0.473024, , ,0.670466,0.833103, , , ,0.834299,0.799658, ,0.837871,0.831512,0.847074,0.885155,0.841083,0.804200,0.753772,0.788441, ,0.813078, ,0.801534,0.820720, , , ,0.979028, ,0.765443, , , , , , , , , ,0.955026
    Inter-Burst Interval - Avg (sec),6.126953, , ,3.043844,7.477298,43.360853, , , ,2.800307, , , , , , , ,119.180800,46.158680,7.874078,3.193483,26.616700,12.277651,9.456271, , ,35.262773, ,50.713707,10.266240, , , , , , , , , ,88.003640, , , , ,10.874922, ,53.811120, , , ,5.627185, , , , , , , , , ,4.587779, , , ,6.318899, , , , ,10.995920,4.918671, , , , , ,93.705904,75.979360, , , , , , , , , , , , , , , , , , ,12.760369,2.372792,4.089679,13.038503, , , , ,4.471165,2.463342, , , ,5.905522, , , , ,60.240933,76.266080, , , , , , , , , , , , ,144.330960,22.206746, ,69.822914,37.615573,66.570590, ,60.220613,10.376336, ,44.431665, ,51.785352, , , , , ,62.593787, , ,19.684723,43.334111,16.872569, , , , , ,112.668656,34.737864,8.947667,6.265293,13.366616,12.513091, ,22.914157,15.079432, ,77.930112,15.079826,6.332671,57.009280,18.053620,7.647899, ,7.181599,7.637518,7.832504,9.301586,12.135630,8.503293,9.301771,8.627673,15.359314,7.349718,15.934471,14.174097,8.627156,8.384731,8.627096,8.753682,8.154404,8.754422,9.582372,10.609167,9.583517,13.202716,9.284230,9.582529,9.141205,9.583578,9.582591,8.138409,9.430674,9.430279,9.582617,9.430353,10.802151,9.582619,4.968969,5.531711, ,383.245280,4.580948,4.944064,13.960922,4.042918,40.789269,20.259686,4.969180,5.922881,11.625234,7.817133,5.478678,5.330537,20.080312,12.448902,68.926752, , ,4.549649,57.195074, , ,324.804960,10.946833,52.217636,10.620953,18.787587,10.852939, ,82.600640,28.547406, , ,174.051120,99.827013,16.906944, , , ,10.161690, ,29.255584,7.947263, ,19.169345,20.928074,7.915616, ,10.416109,19.998932, ,80.077587,41.649847,14.480420,7.421016,222.814000,76.221488,11.372196,13.806402,8.362052, , , ,117.344027, , , , , , , , , ,136.595480, , , ,14.802960, ,21.147582, , , ,15.043489, ,31.601213, , ,214.817160,10.809893, , , ,44.263964, , , , , , , ,18.124717, , , , , ,23.886982, ,9.863512,9.863344,9.863240,9.863156,9.863559,9.863361,9.863265,10.203247,9.863308,9.863463,9.862705,9.862999,9.863304,9.863244,9.863352,9.863356,47.020187,113.999120,10.783039,10.982593,13.480125,10.983270,7.910279,10.225174,93.635013,74.509554,9.124508,35.787865,13.180137,19.233440,7.907836,10.801674, ,9.793432,8.386047,11.675885,7.088225,157.401760,36.842815, ,12.516332,21.627040, ,21.550151,16.580129,7.088327, ,7.173588, ,20.078430,21.867194, ,198.673040,25.316219,125.791280, ,251.614080, ,41.586276, ,25.316191, , ,124.708580,53.901368,14.870248,8.547420,5.673598,7.959068,15.781626,6.619224,76.200272,56.511560,5.898547,5.620201,5.620282,6.979772,10.839180,33.240819,16.146162,7.458957,7.459038,19.675171,7.459000,24.227980,7.458930,7.458696,7.870138,7.459157,8.554247,7.459233,97.867744,9.369225,7.553563,7.459043,10.849508,11.272820,9.454988,29.800160,9.610108,9.609809,9.454747,9.454764,9.304923,18.093692,9.649927,34.909715,32.166831,10.467594,9.935635,11.493556,17.154238,12.854172,12.854857,12.855045,13.438775,12.854659,12.854765, ,12.855035,13.140041,14.122453,14.079194,71.061780,12.854523,13.160242,13.160442,21.447407,12.092049,11.838528,10.147974,11.364754,11.838432,17.551755,36.867184,14.552478,10.147436,9.968724,11.595272,9.970312,10.147416,10.927514,11.142348,10.148226,8.821269,8.821432,8.821452,13.134158,8.821254,8.821389,20.497283,8.955223,10.746115, ,8.821333,9.689142,8.821244,8.821427,8.821586,8.821467,9.400767,9.400823,9.400772,9.400789,9.400366,9.400956,9.400731,10.038141,9.400841,9.552277,10.575846,9.400750,9.400503,9.400883,9.253746,12.086746, ,16.578928,33.754133,84.393587,10.550473,14.506986,5.035355,15.270446, ,9.535893,5.796227,15.270615,10.631225,152.999480, ,57.090347,12.347007,89.445136,7.667810,16.732343,96.386672,14.636213,14.199246,9.009724,12.907975,11.136764,22.719114,8.366093,15.350326,10.844622,14.563087,14.946236,18.018416,108.063920,39.085477,92.167360,62.586560, ,32.369667, , , , ,34.491787,17.820248,14.421169,77.212949, ,13.209417, ,14.498197,279.747920,27.554975,20.497297,14.498999,71.271320, , ,18.575985,14.154684,16.512191,12.385152,12.923694,14.499616,10.346361, , , ,30.189086,15.500634,27.692754,17.924188,103.584400,9.007316,33.736367, ,12.197453,52.144015, , , , ,11.231291,44.305320, ,15.121610, , ,93.555973,56.437400, ,211.590400,14.447568, ,21.404080,139.566853,11.215264,11.215358,11.215037,20.934221, ,11.439872,11.214805,12.171161,11.673050,22.254991,11.215147, ,11.215493,11.673125,35.235143,164.423520,22.369868, , , , , ,21.541760, ,41.544446, , , ,77.794813, ,41.544577,208.728800,77.506360,165.732293,9.100496,10.648577,87.735680, ,11.051253, , , ,71.749690, ,14.644008,28.701932,8.450846, , ,42.168509, ,64.272272,47.266931,25.673419, ,15.958575, , , , ,19.046655,42.179343,110.625800,20.493300, , , , , ,33.598045, , , , , , ,23.248870,149.506880, , ,9.056312, , ,25.031356,8.925930,11.711562, , ,6.652545,42.425236, , ,6.965747, , ,7.494535, , , , ,18.889068, , ,34.445365,65.052293, , , ,17.221814,15.258769,11.901534,46.765880, , , , ,57.207160, , , , , , , , , , , , , ,10.040210,15.515383,14.103404,6.581860,36.411339,17.466238, , , ,345.017440,40.972745, , , ,8.471391,167.950533, ,8.850715,10.224088,45.196680,13.538171,19.280168,5.595072,4.492822,221.530920, ,8.352592, ,17.970206,7.307589, , , , , ,25.904367, , , , , , , , , ,60.607860
    Inter-Burst Interval - Std (sec),5.332805, , ,2.248466,7.478735,60.704031, , , ,2.243311, , , , , , , ,147.406874,42.681619,8.144313,4.216983,65.886198,11.447231,19.385111, , ,38.962987, ,33.868419,1.621141, , , , , , , , , ,70.360123, , , , ,12.656871, , , , , ,5.531936, , , , , , , , , ,8.532116, , , ,7.028944, , , , ,9.630513,7.255935, , , , , ,153.410119,73.358905, , , , , , , , , , , , , , , , , , ,21.056188,1.487793,3.728127,19.043058, , , , ,5.365645,1.632960, , , ,7.474158, , , , ,40.939702,77.946021, , , , , , , , , , , , , ,18.770785, ,65.823432,25.434452,47.912677, ,76.250156,5.726714, ,30.338129, ,35.649466, , , , , ,28.851424, , ,15.760506,24.499709,16.002537, , , , , ,92.612842,26.768535,5.156200,2.882703,4.891452,4.940853, ,15.768529,5.791810, ,36.319194,6.015266,2.905778,44.373166,10.171552,3.156006, ,3.014814,2.906705,3.179171,3.631583,5.839261,3.116645,3.338911,3.009892,8.605504,3.089354,12.675815,9.202418,3.021717,3.041890,3.010709,3.064433,3.235279,3.059831,4.341522,5.564906,4.702331,6.729941,4.253054,4.336694,4.128551,4.919580,4.337845,4.251702,4.267936,4.261240,5.133458,4.267807,5.384187,4.253432,1.794977,2.113052, , ,1.757807,2.012419,11.834903,2.396559,34.579919,18.561453,1.849065,2.646438,6.750567,5.600571,2.149521,1.947384,13.421138,8.233968,26.901231, , ,2.199367,20.818363, , , ,6.796135,37.025785,8.278072,13.652914,7.653795, ,4.348084,22.112990, , , ,85.757211,15.048700, , , ,6.807573, ,16.774252,3.102691, ,16.066375,12.630943,3.767471, ,5.781428,10.144947, ,56.665093,32.433966,8.280028,3.690432,53.164134,93.666914,5.669029,8.293743,4.262882, , , ,77.011929, , , , , , , , , ,107.616844, , , , , ,19.587820, , , ,13.230124, ,24.719121, , ,106.610037,6.366307, , , ,27.347279, , , , , , , ,9.466356, , , , , ,16.626472, ,4.030435,4.032022,4.030878,4.032460,4.031322,4.029810,4.030011,4.194760,4.034369,4.032272,4.028729,4.029522,4.034706,4.030938,4.036660,4.030128,50.863720,116.340222,5.645277,5.144561,8.424580,5.049382,4.868443,5.084718,48.979377,67.069204,4.618518,33.821294,6.970366,14.072839,4.661933,5.818316, ,4.570465,3.476558,6.994998,2.377431, ,23.222324, ,7.798684,17.179708, ,17.010268,10.766565,2.621911, ,2.380735, ,12.550873,13.422659, , ,14.202328,119.973959, , , ,41.366621, ,13.724921, , ,133.581968,42.100809,8.761046,4.790021,2.372261,4.648602,9.688863,3.335630,42.001359,29.262078,2.719931,2.419587,2.417945,3.453870,5.987574,18.024451,8.411576,1.190486,1.191509,15.549796,1.191369,18.920706,1.191792,1.190257,1.655657,1.189471,3.322283,1.188727,126.307679,3.917614,1.305270,1.190790,6.568891,6.145272,5.248780,15.836714,5.272477,5.286894,5.259252,5.236305,5.214813,10.847703,5.305271,32.113958,21.284822,5.664482,5.963365,6.027467,9.893970,5.121032,5.112505,5.120222,5.179507,5.114096,5.117549, ,5.114739,5.508867,5.926169,5.904643,65.244067,5.120458,5.075067,5.073411,10.545596,5.200589,4.038706,2.726096,4.225238,5.411125,10.877836,34.857060,10.571855,2.714298,2.705681,5.052815,2.705470,2.718774,3.651355,3.940594,2.723994,3.327522,3.322146,3.322384,8.235887,3.331849,3.323396,15.074179,3.338713,5.752523, ,3.322501,4.392543,3.323626,3.320673,3.320254,3.321566,6.062162,6.066551,6.064171,6.065088,6.065176,6.066881,6.063587,7.589817,6.065221,6.193914,7.259562,6.061839,6.060590,6.066505,6.095565,11.459669, ,9.324784,34.480407,100.170852,4.693192,8.913730,3.063886,9.650484, ,5.705209,3.303979,8.450895,6.803706,20.969789, ,50.467665,6.173120,86.116098,4.001554,8.074887,52.297335,7.233157,6.922309,4.512492,6.430421,6.041610,9.867810,4.101743,6.608949,5.506465,6.596501,6.543981,9.105073,24.672809,35.271557,107.869345,29.473658, ,28.294608, , , , ,21.410079,9.199859,7.876731,37.660162, ,6.271485, ,7.125347, ,14.080201,9.917442,6.723219,75.155831, , ,8.887342,6.737505,9.577244,5.722830,6.492937,6.716839,5.011697, , , ,13.946524,5.928919,46.660170,8.343462, ,4.663002,29.624089, ,5.312947,24.559292, , , , ,6.054854,40.617678, ,6.368225, , ,49.877533,48.622755, , ,5.837166, ,11.335452,26.509042,4.119560,4.121474,4.120136,14.753169, ,4.196412,4.122824,6.151425,4.500427,11.757269,4.117578, ,4.119032,4.559398,33.930775,63.809676,13.840074, , , , , ,9.184466, ,23.285097, , , ,24.893576, ,25.393782,212.512967,37.729804,126.365865,4.789679,5.555304,79.907967, ,6.196963, , , ,66.420537, ,7.198855,14.940241,4.741865, , ,21.740321, ,30.177767,30.261203,16.005623, ,10.968888, , , , ,11.463015,24.015979,69.025558,12.756683, , , , , ,20.776254, , , , , , ,15.334436,209.730172, , ,5.009558, , ,17.237788,4.478043,6.629906, , ,2.813729,28.630501, , ,3.133552, , ,3.120548, , , , ,10.335137, , ,26.292489,61.778829, , , ,9.782187,8.487429,5.915694,32.034298, , , , ,48.741839, , , , , , , , , , , , , ,6.923988,8.920474,9.300053,3.414373,28.024327,16.794842, , , , ,28.780861, , , ,4.771152,205.074164, ,5.861432,8.116167,33.410160,8.897466,15.324553,3.052664,2.114261,13.946465, ,4.971523, ,10.804704,5.234199, , , , , ,16.830527, , , , , , , , , ,35.032998
    Burst Frequency (Hz),0.163333, , ,0.330000,0.133333,0.021667, , , ,0.356667,0.001667, ,0.001667, , , , ,0.005000,0.018333,0.061667,0.293333,0.028333,0.080000,0.086667, ,0.001667,0.006667, ,0.006667,0.005000, , , , , , , , ,0.001667,0.005000, , , , ,0.090000,0.001667,0.003333, , , ,0.145000, , , , , , , ,0.001667, ,0.216667, , , ,0.086667, , , , ,0.035000,0.198333, , ,0.001667, , ,0.010000,0.011667, , , , , , , , , , , , , , , , , , ,0.045000,0.421667,0.240000,0.036667, , , , ,0.223333,0.405000, , , ,0.163333, , , , ,0.006667,0.005000, , , ,0.001667, , , , , , , , ,0.003333,0.043333, ,0.013333,0.026667,0.015000, ,0.016667,0.095000, ,0.020000, ,0.018333, , , ,0.001667, ,0.016667, , ,0.051667,0.023333,0.060000, , , , , ,0.010000,0.030000,0.111667,0.158333,0.075000,0.080000, ,0.041667,0.066667, ,0.010000,0.066667,0.156667,0.018333,0.055000,0.130000, ,0.138333,0.130000,0.128333,0.108333,0.078333,0.118333,0.108333,0.116667,0.065000,0.136667,0.063333,0.071667,0.116667,0.120000,0.116667,0.115000,0.123333,0.115000,0.105000,0.095000,0.105000,0.076667,0.108333,0.105000,0.110000,0.105000,0.105000,0.123333,0.106667,0.106667,0.105000,0.106667,0.093333,0.105000,0.198333,0.178333,0.001667,0.003333,0.215000,0.200000,0.071667,0.243333,0.025000,0.048333,0.198333,0.166667,0.085000,0.126667,0.180000,0.185000,0.050000,0.080000,0.010000, , ,0.220000,0.013333, , ,0.003333,0.091667,0.016667,0.093333,0.053333,0.091667,0.001667,0.005000,0.033333, , ,0.003333,0.006667,0.060000, , , ,0.098333, ,0.035000,0.126667, ,0.053333,0.046667,0.126667, ,0.096667,0.050000, ,0.011667,0.021667,0.070000,0.135000,0.005000,0.010000,0.086667,0.073333,0.120000, , , ,0.006667, , , , , , , , , ,0.005000, , , ,0.003333, ,0.045000, , , ,0.061667,0.001667,0.031667, , ,0.005000,0.090000, , , ,0.020000, , , , , , , ,0.051667,0.001667, , , , ,0.038333, ,0.101667,0.101667,0.101667,0.101667,0.101667,0.101667,0.101667,0.098333,0.101667,0.101667,0.101667,0.101667,0.101667,0.101667,0.101667,0.101667,0.021667,0.005000,0.093333,0.091667,0.075000,0.091667,0.126667,0.098333,0.006667,0.013333,0.110000,0.028333,0.076667,0.051667,0.126667,0.091667, ,0.100000,0.120000,0.086667,0.141667,0.003333,0.028333, ,0.080000,0.046667, ,0.046667,0.053333,0.141667, ,0.140000, ,0.050000,0.046667, ,0.003333,0.040000,0.005000, ,0.003333, ,0.016667, ,0.040000, , ,0.008333,0.018333,0.065000,0.115000,0.176667,0.120000,0.063333,0.151667,0.010000,0.018333,0.170000,0.178333,0.178333,0.141667,0.090000,0.030000,0.060000,0.135000,0.135000,0.051667,0.135000,0.041667,0.135000,0.135000,0.126667,0.135000,0.116667,0.135000,0.010000,0.106667,0.133333,0.135000,0.093333,0.088333,0.105000,0.033333,0.103333,0.103333,0.105000,0.105000,0.106667,0.055000,0.101667,0.028333,0.031667,0.095000,0.100000,0.086667,0.056667,0.078333,0.078333,0.078333,0.075000,0.078333,0.078333, ,0.078333,0.076667,0.070000,0.071667,0.015000,0.078333,0.075000,0.075000,0.046667,0.080000,0.081667,0.095000,0.085000,0.081667,0.053333,0.026667,0.065000,0.095000,0.096667,0.083333,0.096667,0.095000,0.088333,0.086667,0.095000,0.113333,0.113333,0.113333,0.076667,0.113333,0.113333,0.048333,0.111667,0.093333, ,0.113333,0.103333,0.113333,0.113333,0.113333,0.113333,0.106667,0.106667,0.106667,0.106667,0.106667,0.106667,0.106667,0.100000,0.106667,0.105000,0.095000,0.106667,0.106667,0.106667,0.108333,0.083333,0.001667,0.060000,0.026667,0.011667,0.093333,0.068333,0.198333,0.065000,0.001667,0.105000,0.171667,0.065000,0.093333,0.005000, ,0.016667,0.078333,0.010000,0.130000,0.060000,0.010000,0.065000,0.068333,0.110000,0.075000,0.086667,0.043333,0.118333,0.063333,0.091667,0.066667,0.065000,0.051667,0.006667,0.023333,0.010000,0.013333, ,0.031667, , , , ,0.016667,0.053333,0.070000,0.013333,0.001667,0.076667, ,0.070000,0.003333,0.036667,0.050000,0.070000,0.015000, ,0.001667,0.055000,0.071667,0.061667,0.081667,0.078333,0.070000,0.096667, , , ,0.033333,0.063333,0.036667,0.055000,0.003333,0.110000,0.030000, ,0.081667,0.020000, , , , ,0.090000,0.021667, ,0.066667,0.001667, ,0.011667,0.011667, ,0.003333,0.068333, ,0.046667,0.006667,0.086667,0.086667,0.086667,0.043333, ,0.085000,0.086667,0.080000,0.083333,0.040000,0.086667, ,0.086667,0.083333,0.025000,0.006667,0.045000, , , , , ,0.046667, ,0.025000, , , ,0.011667, ,0.025000,0.005000,0.005000,0.006667,0.110000,0.093333,0.008333, ,0.090000, , , ,0.015000, ,0.068333,0.035000,0.118333, , ,0.025000, ,0.010000,0.020000,0.040000, ,0.063333, , , , ,0.053333,0.025000,0.005000,0.048333, , , , , ,0.028333, , , , , , ,0.043333,0.006667, , ,0.108333, , ,0.038333,0.111667,0.085000, , ,0.150000,0.020000,0.001667, ,0.143333,0.001667, ,0.133333, , , , ,0.053333, , ,0.030000,0.016667, ,0.001667, ,0.058333,0.066667,0.085000,0.021667, , , , ,0.015000, , , , , , , , , , , , , ,0.100000,0.065000,0.071667,0.151667,0.026667,0.055000,0.001667, , ,0.003333,0.023333, , , ,0.118333,0.006667, ,0.113333,0.098333,0.015000,0.073333,0.050000,0.178333,0.221667,0.005000, ,0.120000, ,0.056667,0.135000, , , ,0.001667, ,0.038333, , , , , , , , , ,0.015000
    IBI Coefficient of Variation,0.870385, , ,0.738693,1.000192,1.399973, , , ,0.801095, , , , , , , ,1.236834,0.924672,1.034320,1.320496,2.475371,0.932363,2.049974, , ,1.104933, ,0.667836,0.157910, , , , , , , , , ,0.799514, , , , ,1.163859, , , , , ,0.983073, , , , , , , , , ,1.859749, , , ,1.112369, , , , ,0.875826,1.475182, , , , , ,1.637145,0.965511, , , , , , , , , , , , , , , , , , ,1.650124,0.627022,0.911594,1.460525, , , , ,1.200055,0.662904, , , ,1.265622, , , , ,0.679599,1.022027, , , , , , , , , , , , , ,0.845274, ,0.942720,0.676168,0.719727, ,1.266180,0.551901, ,0.682804, ,0.688408, , , , , ,0.460931, , ,0.800647,0.565368,0.948435, , , , , ,0.821993,0.770587,0.576262,0.460107,0.365945,0.394855, ,0.688157,0.384087, ,0.466048,0.398895,0.458855,0.778350,0.563408,0.412663, ,0.419797,0.380582,0.405895,0.390426,0.481167,0.366522,0.358954,0.348865,0.560279,0.420336,0.795496,0.649242,0.350256,0.362789,0.348983,0.350074,0.396752,0.349518,0.453074,0.524538,0.490669,0.509739,0.458094,0.452563,0.451642,0.513334,0.452680,0.522424,0.452559,0.451868,0.535705,0.452561,0.498437,0.443869,0.361237,0.381989, , ,0.383721,0.407038,0.847716,0.592780,0.847770,0.916177,0.372107,0.446816,0.580682,0.716448,0.392343,0.365326,0.668373,0.661421,0.390287, , ,0.483415,0.363989, , , ,0.620831,0.709067,0.779410,0.726699,0.705228, ,0.052640,0.774606, , , ,0.859058,0.890090, , , ,0.669925, ,0.573369,0.390410, ,0.838129,0.603541,0.475954, ,0.555047,0.507274, ,0.707627,0.778730,0.571809,0.497295,0.238603,1.228878,0.498499,0.600717,0.509789, , , ,0.656292, , , , , , , , , ,0.787851, , , , , ,0.926244, , , ,0.879458, ,0.782221, , ,0.496283,0.588933, , , ,0.617823, , , , , , , ,0.522290, , , , , ,0.696047, ,0.408621,0.408789,0.408677,0.408841,0.408709,0.408564,0.408588,0.411120,0.409028,0.408809,0.408481,0.408549,0.409062,0.408683,0.409258,0.408596,1.081742,1.020536,0.523533,0.468429,0.624963,0.459734,0.615458,0.497274,0.523088,0.900142,0.506166,0.945049,0.528854,0.731686,0.589533,0.538649, ,0.466687,0.414565,0.599098,0.335406, ,0.630308, ,0.623081,0.794362, ,0.789334,0.649366,0.369891, ,0.331875, ,0.625092,0.613826, , ,0.560997,0.953754, , , ,0.994718, ,0.542140, , ,1.071153,0.781071,0.589166,0.560405,0.418123,0.584064,0.613933,0.503931,0.551197,0.517807,0.461119,0.430516,0.430218,0.494840,0.552401,0.542238,0.520964,0.159605,0.159740,0.790326,0.159722,0.780944,0.159781,0.159580,0.210372,0.159465,0.388378,0.159363,1.290596,0.418136,0.172802,0.159644,0.605455,0.545141,0.555133,0.531431,0.548639,0.550156,0.556255,0.553827,0.560436,0.599530,0.549773,0.919915,0.661701,0.541145,0.600200,0.524421,0.576765,0.398395,0.397710,0.398305,0.385415,0.397840,0.398105, ,0.397878,0.419243,0.419627,0.419388,0.918132,0.398339,0.385636,0.385505,0.491696,0.430083,0.341149,0.268634,0.371784,0.457081,0.619758,0.945477,0.726464,0.267486,0.271417,0.435765,0.271353,0.267928,0.334143,0.353659,0.268421,0.377216,0.376599,0.376626,0.627059,0.377707,0.376743,0.735423,0.372823,0.535312, ,0.376644,0.453347,0.376775,0.376433,0.376378,0.376532,0.644858,0.645321,0.645072,0.645168,0.645206,0.645347,0.645012,0.756098,0.645179,0.648423,0.686428,0.644825,0.644709,0.645312,0.658713,0.948119, ,0.562448,1.021517,1.186949,0.444832,0.614444,0.608475,0.631971, ,0.598288,0.570022,0.553409,0.639974,0.137058, ,0.883996,0.499969,0.962781,0.521864,0.482592,0.542578,0.494196,0.487512,0.500847,0.498174,0.542492,0.434340,0.490282,0.430541,0.507760,0.452960,0.437835,0.505320,0.228317,0.902421,1.170364,0.470926, ,0.874109, , , , ,0.620730,0.516259,0.546192,0.487744, ,0.474774, ,0.491464, ,0.510986,0.483841,0.463702,1.054503, , ,0.478432,0.475991,0.580010,0.462072,0.502406,0.463243,0.484392, , , ,0.461972,0.382495,1.684923,0.465486, ,0.517691,0.878105, ,0.435578,0.470990, , , , ,0.539106,0.916768, ,0.421134, , ,0.533130,0.861534, , ,0.404024, ,0.529593,0.189938,0.367317,0.367485,0.367376,0.704739, ,0.366823,0.367623,0.505410,0.385540,0.528298,0.367144, ,0.367263,0.390589,0.962981,0.388081,0.618693, , , , , ,0.426356, ,0.560486, , , ,0.319990, ,0.611242,1.018130,0.486796,0.762470,0.526310,0.521694,0.910781, ,0.560748, , , ,0.925726, ,0.491591,0.520531,0.561111, , ,0.515558, ,0.469530,0.640219,0.623432, ,0.687335, , , , ,0.601839,0.569378,0.623955,0.622481, , , , , ,0.618377, , , , , , ,0.659578,1.402813, , ,0.553156, , ,0.688648,0.501689,0.566099, , ,0.422955,0.674846, , ,0.449852, , ,0.416377, , , , ,0.547149, , ,0.763310,0.949679, , , ,0.568011,0.556233,0.497053,0.684993, , , , ,0.852023, , , , , , , , , , , , , ,0.689626,0.574944,0.659419,0.518755,0.769659,0.961560, , , , ,0.702439, , , ,0.563208,1.221039, ,0.662255,0.793828,0.739217,0.657213,0.794835,0.545599,0.470586,0.062955, ,0.595207, ,0.601257,0.716269, , , , , ,0.649718, , , , , , , , , ,0.578027
    Normalized Duration IQR,0.000000, , ,0.267361,0.454587,0.553651, , , ,0.179091, , , , , , , , ,0.000000,0.440271,0.289056,1.100001,0.000000,1.184149, , ,0.586211, ,0.229587, , , , , , , , , , , , , , , ,0.000000, , , , , ,0.155435, , , , , , , , , ,0.370467, , , ,0.329060, , , , ,0.331897,1.051472, , , , , ,0.615622,0.422720, , , , , , , , , , , , , , , , , , ,0.655792,0.471725,0.643593,0.292605, , , , ,0.691777,0.415009, , , ,0.645926, , , , ,0.363736, , , , , , , , , , , , , , ,0.421474, ,0.197826,0.197358,0.000000, ,0.718284,0.384606, ,0.487342, ,1.018934, , , , , ,0.550001, , ,0.695623,0.508984,0.597970, , , , , ,0.216761,1.004685,1.548168,0.412954,0.305929,0.304812, ,0.435470,0.360764, ,2.204337,0.166169,0.779056,0.160417,0.427535,0.470985, ,0.619431,0.580852,0.427632,0.155435,0.285023,0.644975,0.478185,0.218083,0.437500,0.387534,0.596781,0.411596,0.310741,0.219037,0.294412,0.249005,0.483264,0.119280,0.818703,0.536097,0.585244,0.384114,1.130649,0.419883,0.671427,0.521138,0.334112,0.472616,0.403847,0.499701,0.460866,0.514389,0.376033,0.369464,0.408461,0.495055, , ,0.768312,0.753766,0.620968,1.180426,0.000000,0.427778,0.426563,0.993933,0.442921,1.236822,1.254387,0.409575,0.639617,0.507779,0.515272, , ,0.374813,0.409798, , , ,0.522443,0.960654,0.754220,0.416390,0.672897, , ,0.372812, , , ,0.140558,1.335004, , , ,0.710701, ,0.666741,0.401131, ,0.841986,0.221265,0.587787, ,0.403847,0.674529, ,0.571348,0.613358,0.168179,0.669715, ,1.006368,0.646641,0.326555,0.303150, , , ,0.992182, , , , , , , , , , , , , , , ,0.481868, , , ,0.244863, ,0.458334, , , ,0.320013, , , ,1.299790, , , , , , , ,0.462998, , , , , ,0.763540, ,0.221069,0.126134,0.292348,0.565218,0.479040,0.387384,0.000000,0.193094,0.283089,0.221591,0.137803,0.137500,0.404499,0.160417,1.489585,0.172586,0.329277, ,0.551972,0.442399,0.573968,0.409441,0.365038,0.434764,0.174269,0.000000,0.264909,0.690346,0.338786,0.267934,0.326130,0.476667, ,0.278520,0.440775,0.471281,0.375977, ,0.299486, ,0.796658,0.612358, ,0.562150,1.113323,0.505216, ,0.412614, ,1.833335,0.461206, , ,0.750858, , , , ,2.979170, ,0.588670, , ,0.777175,5.931858,1.175988,0.636769,0.584697,0.618666,0.825908,0.635153,0.624065,0.534723,0.692255,0.545208,0.746570,0.419883,0.665559,0.415009,0.699512,0.157588,0.162289,0.346128,0.259865,0.256404,0.306930,0.303702,0.000000,0.283089,0.200360,0.255097,0.000000,0.193992,0.476440,0.761631,0.296505,0.436991,0.952039,0.253932,0.332044,0.403196,0.353211,0.215919,0.397380,0.482178,0.409352,0.868924,0.308951,0.151483,0.151392,0.253034,1.094588,0.234536,0.379167,0.230433,0.314385,0.225045,0.105413, ,0.123886,4.646857,0.282131,0.269086,0.251761,0.196275,0.253803,0.235863,0.741263,0.734231,0.150753,0.622513,0.424633,0.806825,0.193094,0.248511,1.421876,0.290651,0.617055,0.428144,0.396845,0.367205,0.501169,0.417780,0.357756,0.268942,0.848306,0.342809,0.635960,0.629086,0.517759,0.303702,0.721876,0.219133, ,1.094845,1.870641,0.462356,0.683744,0.352217,0.878456,0.182664,0.297563,0.302966,0.210294,1.395610,0.267934,0.299163,0.208195,0.119737,0.301506,0.247773,0.339399,0.247650,0.000000,0.462143,0.551617, ,0.294239,0.532164,0.650001,0.534152,0.562993,0.663794,0.546398, ,0.536442,0.924285,0.818576,0.507093, , ,0.657564,0.484668,0.527954,0.910001,0.513597,0.605200,0.551212,0.307433,0.825636,0.680556,0.453188,0.958813,1.102424,0.360072,0.525184,0.507607,1.135208,0.330582,0.000000,0.725363,1.257539,0.257195, ,0.573749, , , , ,0.729593,0.349268,0.447515,0.548794, ,0.286875, ,0.404020, ,0.212256,0.509053,0.491490,0.540108, , ,0.408461,0.583674,0.359900,0.544318,0.641010,0.510021,0.418339, , , ,0.349186,0.610366,1.139182,0.385000, ,0.693935,5.219076, ,0.417432,2.214604, , , , ,0.342340,0.375751, ,0.308951, , ,0.369646,0.237655, , ,0.295339, ,0.209897,0.381189,0.134543,0.211479,0.397013,0.383232, ,0.397223,0.516741,0.487817,0.233551,0.687029,0.308570, ,0.208455,0.000000,1.282020,0.000000,0.688762, , , , , ,0.509053, ,0.000000, , , ,0.000000, ,0.546995, , ,0.137500,0.509675,0.664577,0.102394, ,0.577945, , , ,0.818054, ,0.695140,0.782950,0.568751, , ,0.774215, ,0.211897,1.206995,0.362857, ,0.373415, , , , ,0.698925,0.667172, ,0.298628, , , , , ,1.516668, , , , , , ,3.624870,0.000000, , ,0.837891, , ,0.557972,1.247094,0.951005, , ,0.587787,0.357500, , ,0.774426, , ,0.847731, , , , ,0.442451, , ,0.555230,0.253290, , , ,0.381014,0.648597,0.411055,0.744792, , , , ,0.161273, , , , , , , , , , , , , ,1.300923,1.070208,0.347570,0.670912,0.819485,0.358525, , , , ,0.570154, , , ,0.404936,0.756424, ,0.510194,0.466885,1.507239,0.463856,0.648821,0.559218,0.602287, , ,0.650483, ,0.490687,0.541667, , , , , ,0.519910, , , , , , , , , ,0.516335
    Burst Percentage,32.912534,0.000000,0.000000,55.493537,14.107252,5.652174,0.000000,0.000000,0.000000,57.068366,22.666667,0.000000,0.994078,0.000000,0.000000,0.000000,0.000000,0.695249,4.988831,10.042695,35.355326,4.123037,17.604457,11.639603,0.000000,0.979021,1.085604,0.000000,1.370906,1.168659,0.000000,0.000000,0.000000,0.000000,0.000000,0.000000,0.000000,0.000000,0.505561,1.485966,0.000000,0.000000,0.000000,0.000000,20.749280,2.395210,1.690821,0.000000,0.000000,0.000000,15.595568,0.000000,0.000000,0.000000,0.000000,0.000000,0.000000,0.000000,0.259225,0.000000,26.039287,0.000000,0.000000,0.000000,9.239598,0.000000,0.000000,0.000000,0.000000,10.969011,26.048099,0.000000,0.000000,0.520833,0.000000,0.000000,1.471021,2.939166,0.000000,0.000000, , , , , , , , , , , , , , , , ,12.309956,35.398526,26.398161,11.690647,0.000000,0.000000,0.000000,0.000000,28.489362,47.183636,0.000000,0.000000,0.000000,17.744419,0.000000,0.000000,0.000000,0.000000,1.870504,1.291248,0.000000,0.000000,0.000000,0.163437,0.000000, ,0.000000, ,0.000000,0.000000, ,0.000000,14.035088,22.520107,0.000000,43.243243,46.124031,29.562044,0.000000,33.969466,43.525836,0.000000,38.202247, ,42.500000, , , ,0.242502,0.000000,55.319149,0.000000,0.000000,37.834622,6.737850,25.768128, ,0.000000, , ,0.000000,16.510903,27.579365,52.121212,71.864407,74.142857,82.763533,0.000000,58.075601,56.225931,0.000000,9.051724,74.353877,35.427136,29.906542,59.734513,29.605045,0.000000,59.387223,82.206406,57.275232,83.544304,70.669291,76.927004,88.888889,89.831650,68.865435,82.278963,67.910448,73.953488,73.225405,79.990449,93.845178,88.443018,77.413249,89.623312,77.767857,71.863118,68.575975,73.629630,52.331002,93.239437,61.521739,59.046738,96.004843,72.452069,68.181818,75.609756,70.459860,71.138846,83.986371,85.867446,86.109928,77.886634,2.424242,3.767123,86.784599,68.609735,39.927405,76.783005,21.573604,33.225284,83.735170,55.841874,60.813008,67.309237,76.098786,79.213115,28.205128,43.457189,15.450644,0.000000, ,77.699254,28.342246,0.000000,0.000000,12.500000,37.256062,9.015544,33.104925,18.915026,34.343837,4.761905,8.294931,36.771300,0.000000,0.000000,23.529412,5.984043,38.939671, ,0.000000,0.000000,28.976035, ,11.882716,78.619487, ,42.868920,68.249258,66.484879,0.000000,66.847335,54.198473, ,41.558442,37.566138,79.545455,75.616316,20.000000,25.233645,58.790698,31.343943,74.972973,0.000000, , ,5.193237, , , , , , , , , ,37.540453,0.000000, , ,5.970149,0.000000,41.560799,0.000000,0.000000, ,66.743649,3.424658,25.980392, ,0.000000,6.703911,84.333333, ,0.000000,0.000000,37.890625,0.000000, ,0.000000,0.000000, , ,0.000000,66.157205,2.010050, , ,0.000000, ,70.392749, ,96.577726,98.521401,99.245283,90.951572,63.087028,97.814619,99.359795,98.373984,97.334755,93.577982,82.785714,94.004135,94.891945,97.741273,91.234756,99.028078,50.833333,19.047619,53.114905,78.429986,92.619926,87.399031,45.006461,82.502113,13.698630,38.823529,82.763158,37.132353,82.091691,66.201117,84.444444,73.285199,0.000000,88.934426,93.050847,78.056769,96.735143,7.627119,76.097561, ,73.834586,49.246231,0.000000,80.526316,64.395604,51.854122,0.000000,98.124098,0.000000,46.691871,84.474446,0.000000,11.392405,57.657658,44.897959,0.000000,8.974359,0.000000,30.967742, ,95.185996,0.000000,0.000000,29.213483,40.909091,69.949917,80.825959,97.712202,87.851852,57.965451,94.128554,32.222222,39.090909,98.078868,98.548027,97.329144,92.870457,71.510957,37.533512,65.333333,99.365751,99.392097,60.949868,99.502134,44.508671,98.504384,98.810535,96.484848,97.511312,91.355932,99.322799,19.402985,87.500000,94.496991,97.627833,78.867102,88.275862,98.509052,60.196560,98.230088,98.347107,97.943851,99.079048,98.793797,69.486405,98.210923,48.275862,59.020619,92.438070,96.694215,92.276423,73.024523,96.278159,95.171674,93.790850,95.126706,96.226415,95.387994, ,97.914253,68.464052,96.870555,96.389892,46.153846,95.608629,96.205357,92.776886,81.210191,81.142857,92.222222,88.469828,88.109162,94.238683,70.642202,45.641026,80.567686,96.265560,67.827681,87.835052,93.882353,93.729800,94.230769,93.698176,95.290698,99.303136,95.176849,96.493213,79.583333,97.995140,96.644295,55.704698,97.755611,88.811189,0.000000,98.127341,95.672515,84.805046,99.290780,99.312715,98.392461,98.452012,98.939641,97.830965,97.501301,95.598349,98.776758,98.324515,96.651446,97.859155,97.551420,92.916667,98.170732,91.288433,98.576512,98.126233,87.958115,12.500000,66.003317,28.925620,24.637681,71.815446,56.160000,92.433628,63.756178,11.764706,72.575517,74.633980,70.182992,37.857467,27.639752,0.000000,39.432990,89.550265,29.670330,89.648883,70.892857,25.892857,41.823899,75.559380,94.035301,77.268475,86.792453,57.062147,49.219512,87.170475,82.869855,70.537634,82.317073,88.963211,20.491803,42.696629,48.648649,44.339623,0.000000,51.557093,0.000000,0.000000,0.000000,0.000000,35.087719,86.956522,66.957470,49.074074,3.508772,96.822875,0.000000,83.916849,21.739130,78.426396,83.921569,94.733542,48.484848, ,10.810811,85.882353,64.560205,88.786765,81.533952,53.828683,95.476893,84.550392,0.000000,0.000000, ,62.109375,61.671470,70.376432,70.315399,18.367347,86.046512,43.013100,0.000000,88.922610,38.492063,0.000000,0.000000,0.000000, ,86.493506,40.740741,0.000000,87.621697,27.777778, ,25.531915,23.602484,0.000000,36.363636,82.963989, ,85.436893,24.347826,97.748344,83.264177,96.879875,63.970588, ,98.340875,96.702557,93.775100,95.910781,62.745098,80.188679,0.000000,97.734899,97.226502,28.070175,27.419355,83.660131,0.000000, , , , ,81.868132, ,95.364238,0.000000,0.000000, ,18.410042,0.000000,69.822485,54.716981,18.666667,20.388350,68.467967,65.669014,23.239437,0.000000,92.651757,0.000000,0.000000,0.000000,44.505495,0.000000,80.136986,43.151970,87.710674,0.000000,0.000000,57.786885, ,12.776413,48.484848,85.576923, ,53.975364, , , ,0.000000,95.571245,58.802817,21.568627,73.634204, , , , ,0.000000,51.162791, , ,0.000000,0.000000, , ,79.859895,19.148936, ,0.000000,83.109620, ,0.000000,53.097345,91.003185,77.306003,0.000000,0.000000,92.713431,40.418118,6.250000,0.000000,94.265383,8.695652,0.000000,94.924812,0.000000,0.000000,0.000000, ,65.151515,0.000000,0.000000,33.802817,22.549020,0.000000,30.769231, ,33.555670,75.840979,64.468261,28.571429, , , , ,75.000000, , , , , ,0.000000, , , , , ,0.000000,0.000000,57.989228,52.299465,74.906832,81.074001,29.533679,51.943463,12.820513,0.000000, ,18.367347,32.018561,0.000000, , ,75.603865,11.061947,0.000000,73.283859,62.742857,32.135307,65.042631,62.705667,85.178676,92.732558,9.677419,0.000000,74.822275,0.000000,41.264559,73.312402, ,0.000000,0.000000,30.769231, ,41.226576, ,0.000000, ,0.000000, ,0.000000,0.000000,0.000000,0.000000,61.904762
Viability Metrics
    Resistance (kOhms), , , , , , , , , , , , , , , , , , , , , , , , , , , , , , , , , , , , , , , , , , , , , , , , , , , , , , , , , , , , , , , , , , , , , , , , , , , , , , , , , , , , , , , , , , , , , , , , , , , , , , , , , , , , , , , , , , , , , , , , , , , , , , , , , , , , , , , , , , , , , , , , , , , , , , , , , , , , , , , , , , , , , , , , , , , , , , , , , , , , , , , , , , , , , , , , , , , , , , , , , , , , , , , , , , , , , , , , , , , , , , , , , , , , , , , , , , , , , , , , , , , , , , , , , , , , , , , , , , , , , , , , , , , , , , , , , , , , , , , , , , , , , , , , , , , , , , , , , , , , , , , , , , , , , , , , , , , , , , , , , , , , , , , , , , , , , , , , , , , , , , , , , , , , , , , , , , , , , , , , , , , , , , , , , , , , , , , , , , , , , , , , , , , , , , , , , , , , , , , , , , , , , , , , , , , , , , , , , , , , , , , , , , , , , , , , , , , , , , , , , , , , , , , , , , , , , , , , , , , , , , , , , , , , , , , , , , , , , , , , , , , , , , , , , , , , , , , , , , , , , , , , , , , , , , , , , , , , , , , , , , , , , , , , , , , , , , , , , , , , , , , , , , , , , , , , , , , , , , , , , , , , , , , , , , , , , , , , , , , , , , , , , , , , , , , , , , , , , , , , , , , , , , , , , , , , , , , , , , , , , , , , , , , , , , , , , , , , , , , , , , , , , , , , , , , , , , , , , , , , , , , , , , , , , , , , , , , , , , , , , , , , , , , , , , , , , , , , , , , , , , , , , , , , , , , , , , , , , , , , , , , , , , , , , , , , , , , , , , , , , , , , , , , , , , , , , , , , , , , , , , , , , , , , 

