AxIS Spike File,O:\TOX\NTX\Users\Lennart\201218_LvM_256140_1268-20_rCortex_MEA_Lindane_exposure_female_DIV11(000)_Spike Detector (7 x STD)(000).spk
File Type,48-well

Analysis Start,1500.000000
Analysis End,2100.000000
Active Electrode Criterion (spks/min),
Remove Coincident Artifacts,True

Electrode Burst Settings,
    Algorithm,Poisson Surprise,
    Min Surprise,10.000000

Network Burst Settings,
    Algorithm,ISI Threshold,Adaptive,
    Min # of Spikes,40.000000
    Min # of Electrodes (%),15.000000
Synchrony Settings,
    Synchrony Window,20.000000

Average Network Burst Analysis Settings,
    Number of network bursts vary by well
    Network Burst Window Start (ms),0.000000
    Network Burst Window End (ms),100.000000
    Bin Size (ms),1.000000

Well Averages,A1,A2,A3,A4,A5,A6,A7,A8,B1,B2,B3,B4,B5,B6,B7,B8,C1,C2,C3,C4,C5,C6,C7,C8,D1,D2,D3,D4,D5,D6,D7,D8,E1,E2,E3,E4,E5,E6,E7,E8,F1,F2,F3,F4,F5,F6,F7,F8,
Treatment/ID,,,,,,,,,,,,,,,,,,,,,,,,,,,,,,,,,,,,,,,,,,,,,,,,
Activity Metrics
    Number of Spikes,13652.000000,13400.000000,23597.000000,14891.000000,43196.000000,12198.000000,15460.000000,11862.000000,30379.000000,28694.000000,19051.000000,16387.000000,21860.000000,19875.000000,24849.000000,27375.000000,28218.000000,10791.000000,21159.000000,21949.000000,12598.000000,22452.000000,14518.000000,33346.000000,21301.000000,24720.000000,26140.000000,31728.000000,29357.000000,26804.000000,22875.000000,24174.000000,9341.000000,10927.000000,17758.000000,14973.000000,7648.000000,24273.000000,18028.000000,19142.000000,14662.000000,9498.000000,12627.000000,8835.000000,19748.000000,16124.000000,15267.000000,26782.000000
    Mean Firing Rate (Hz),1.422083,1.395833,2.458021,1.551146,4.499583,1.270625,1.610417,1.235625,3.164479,2.988958,1.984479,1.706979,2.277083,2.070313,2.588437,2.851563,2.939375,1.124063,2.204063,2.286354,1.312292,2.338750,1.512292,3.473542,2.218854,2.575000,2.722917,3.305000,3.058021,2.792083,2.382813,2.518125,0.973021,1.138229,1.849792,1.559687,0.796667,2.528437,1.877917,1.993958,1.527292,0.989375,1.315313,0.920312,2.057083,1.679583,1.590313,2.789792
    ISI Coefficient of Variation - Avg,2.233997,2.385105,3.097281,2.424748,4.350902,2.197184,2.814650,2.250374,4.259033,4.102336,3.106021,2.981016,3.070457,3.315214,3.978082,3.692546,2.414313,1.953070,2.975233,2.648168,1.730537,2.468456,2.190090,2.828349,2.699660,3.598987,4.163383,3.781405,3.732446,3.799789,3.703167,2.517317,1.978040,2.345438,2.468568,2.296243,2.625288,3.144390,2.494040,2.293196,2.360110,1.772852,2.075462,1.958851,2.448252,2.328873,1.973155,2.385539
    Number of Active Electrodes,15.000000,12.000000,16.000000,15.000000,13.000000,14.000000,14.000000,15.000000,16.000000,15.000000,15.000000,15.000000,15.000000,15.000000,16.000000,15.000000,14.000000,13.000000,15.000000,16.000000,14.000000,15.000000,12.000000,14.000000,15.000000,15.000000,15.000000,15.000000,15.000000,16.000000,13.000000,15.000000,11.000000,12.000000,12.000000,12.000000,9.000000,13.000000,13.000000,14.000000,9.000000,12.000000,14.000000,11.000000,13.000000,12.000000,13.000000,13.000000
    Weighted Mean Firing Rate (Hz),1.514778,1.860694,2.458021,1.654444,5.534103,1.451905,1.840000,1.317556,3.164479,3.188222,2.114778,1.815889,2.428778,2.203444,2.588438,3.041667,3.358571,1.382949,2.351000,2.286354,1.497976,2.488222,2.008194,3.959286,2.365444,2.746667,2.900444,3.525333,3.260333,2.792083,2.930641,2.681333,1.414091,1.514444,2.448472,2.071944,1.395370,3.110000,2.309615,2.276071,2.701852,1.309028,1.502262,1.330909,2.531538,2.222083,1.952564,3.430769
Electrode Burst Metrics
    Number of Bursts,625.000000,665.000000,1427.000000,701.000000,1796.000000,580.000000,753.000000,656.000000,1451.000000,1592.000000,1051.000000,1008.000000,1191.000000,1391.000000,1445.000000,1400.000000,1131.000000,557.000000,1214.000000,917.000000,482.000000,1121.000000,687.000000,1602.000000,1369.000000,1577.000000,1343.000000,1695.000000,1708.000000,1417.000000,1107.000000,1308.000000,410.000000,678.000000,846.000000,718.000000,358.000000,1332.000000,1036.000000,752.000000,659.000000,567.000000,740.000000,387.000000,979.000000,848.000000,481.000000,1223.000000
    Number of Bursting Electrodes,10.000000,8.000000,14.000000,10.000000,13.000000,10.000000,10.000000,11.000000,16.000000,13.000000,14.000000,13.000000,11.000000,15.000000,15.000000,14.000000,14.000000,12.000000,15.000000,16.000000,14.000000,12.000000,11.000000,14.000000,15.000000,15.000000,15.000000,15.000000,15.000000,15.000000,13.000000,12.000000,11.000000,11.000000,14.000000,11.000000,8.000000,13.000000,11.000000,13.000000,8.000000,10.000000,13.000000,11.000000,12.000000,13.000000,10.000000,13.000000
    Burst Duration - Avg (sec),0.142422,0.121611,0.107423,0.131765,0.181427,0.121711,0.134281,0.111052,0.284848,0.120874,0.155604,0.181049,0.129335,0.170932,0.163635,0.162400,0.096290,0.105886,0.087270,0.235028,0.136921,0.118656,0.118439,0.083636,0.156692,0.111798,0.105768,0.096139,0.135374,0.108433,0.218478,0.650100,0.130858,0.074954,0.067164,0.148731,0.225814,0.102747,0.083579,0.248360,0.142188,0.034532,0.098729,0.137252,0.090765,0.080357,0.131336,0.075803
    Burst Duration - Std (sec),0.142814,0.014905,0.026174,0.035570,0.086208,0.032654,0.058554,0.015954,0.231070,0.032458,0.110396,0.090091,0.024147,0.126723,0.074244,0.104550,0.050255,0.107879,0.032414,0.150232,0.144008,0.073213,0.053994,0.022452,0.420486,0.124857,0.033374,0.035902,0.055970,0.043799,0.342111,1.846214,0.167058,0.028572,0.034424,0.163839,0.151300,0.040140,0.024055,0.251658,0.156582,0.014545,0.098967,0.115249,0.033446,0.033086,0.049797,0.024324
    Number of Spikes per Burst - Avg,9.516753,11.150785,11.803765,9.954667,18.241347,9.214180,12.812009,9.197177,17.272846,17.246632,13.161209,13.353220,14.947370,13.271900,15.398357,16.683664,11.413762,10.358697,12.355034,17.607463,9.984846,13.439683,10.826377,12.395408,13.664794,12.711247,16.126035,15.674575,14.907693,16.623119,16.671008,13.710498,10.470542,9.882569,10.878505,12.681519,13.797696,12.205992,11.737162,13.376740,11.486489,7.565591,9.499313,11.433128,11.559012,9.860970,10.995607,11.609930
    Number of Spikes per Burst - Std,4.480330,3.418357,4.710187,3.125348,6.913149,2.276596,6.871543,2.746018,5.175172,4.198776,5.922648,4.262952,5.224919,3.632453,5.024436,4.889505,4.133751,4.623816,3.712119,10.430901,3.295652,4.740546,2.431064,4.540225,16.954899,5.528172,8.389390,6.736687,5.413963,7.620718,9.211633,7.694322,4.994701,3.048832,4.567148,3.739945,6.887349,3.797217,2.994373,4.756328,4.050314,2.907428,3.135045,4.584676,4.675088,2.842467,2.906962,2.996076
    Mean ISI within Burst - Avg (sec),0.013494,0.012425,0.010302,0.014586,0.012309,0.014337,0.012199,0.014003,0.017106,0.006913,0.011048,0.011121,0.008711,0.011980,0.008626,0.010130,0.008727,0.008077,0.006532,0.010616,0.012295,0.008008,0.009579,0.007668,0.006297,0.008137,0.006249,0.006009,0.006055,0.005226,0.010148,0.021216,0.010768,0.007396,0.006881,0.008473,0.014925,0.007203,0.006359,0.014055,0.011075,0.005226,0.008528,0.008293,0.008671,0.007315,0.009516,0.006744
    Mean ISI within Burst - Std (sec),0.010600,0.003199,0.003079,0.004112,0.009596,0.004547,0.006497,0.003126,0.020142,0.002844,0.008434,0.005977,0.003251,0.007712,0.003355,0.009377,0.004810,0.003270,0.001594,0.004924,0.008023,0.002500,0.002758,0.003819,0.005163,0.012331,0.001941,0.001480,0.001596,0.001499,0.012658,0.041583,0.006234,0.002402,0.004791,0.004835,0.012658,0.003026,0.001654,0.012072,0.011776,0.000959,0.006971,0.002948,0.003408,0.002366,0.001830,0.001096
    Median ISI within Burst - Avg (sec),0.004963,0.005925,0.004363,0.005290,0.005460,0.005175,0.004416,0.004476,0.006193,0.003541,0.004816,0.004492,0.004241,0.006589,0.004805,0.005050,0.006375,0.006399,0.005384,0.007346,0.008562,0.006319,0.006999,0.005512,0.005455,0.004909,0.004194,0.004719,0.004834,0.003939,0.006889,0.016559,0.008853,0.006000,0.006399,0.006666,0.012435,0.005647,0.004897,0.009437,0.006348,0.004397,0.006356,0.005990,0.006567,0.005731,0.006746,0.005230
    Median ISI within Burst - Std (sec),0.001920,0.002745,0.000898,0.001754,0.002031,0.001482,0.001107,0.001227,0.006564,0.000485,0.001693,0.001134,0.001044,0.003887,0.001540,0.004202,0.003450,0.002192,0.001509,0.003310,0.004869,0.001700,0.001972,0.003592,0.004643,0.003515,0.000954,0.001137,0.001291,0.000908,0.008635,0.035444,0.004924,0.002186,0.006742,0.003506,0.011466,0.002752,0.000949,0.006310,0.004583,0.001063,0.003795,0.001806,0.003134,0.001978,0.001086,0.001172
    Median/Mean ISI within Burst - Avg,0.595389,0.512037,0.506697,0.439691,0.599551,0.475230,0.489507,0.381023,0.511931,0.596719,0.570959,0.541889,0.560611,0.614888,0.633829,0.607567,0.789916,0.849001,0.843697,0.781312,0.761376,0.822789,0.805711,0.750876,0.879360,0.823041,0.761229,0.806972,0.846647,0.809855,0.779043,0.821647,0.854008,0.854018,0.887375,0.840981,0.831050,0.826163,0.828085,0.810460,0.724830,0.862717,0.861063,0.789113,0.780992,0.833340,0.794715,0.805317
    Median/Mean ISI within Burst - Std,0.226741,0.119731,0.097256,0.083142,0.166612,0.163789,0.185491,0.107687,0.092132,0.108478,0.126021,0.104082,0.101803,0.063036,0.086644,0.105877,0.059705,0.054274,0.034844,0.042637,0.092339,0.065118,0.059941,0.067651,0.056695,0.076521,0.063802,0.062795,0.034412,0.059969,0.100178,0.081728,0.058608,0.045329,0.137129,0.026975,0.065051,0.035371,0.047813,0.117793,0.119845,0.061271,0.050224,0.083553,0.069928,0.041812,0.075800,0.042836
    Inter-Burst Interval - Avg (sec),108.200469,8.841200,11.801189,25.717598,20.293361,49.939287,10.777235,57.898049,21.299064,4.977456,13.370869,9.563874,5.696576,12.070655,10.763969,9.851993,19.732518,42.800593,10.739245,20.646105,61.858807,37.863592,29.772924,15.589105,20.433545,10.781528,20.514718,7.437947,5.670477,8.737608,19.465539,11.401206,38.137254,30.675236,15.942939,15.623372,25.352157,15.290754,9.325163,21.154547,16.939411,30.437951,31.682166,35.837639,18.679912,16.015907,18.404731,7.879603
    Inter-Burst Interval - Std (sec),157.539970,3.949960,13.039809,33.523173,44.934451,54.659364,8.179250,111.998605,38.321230,0.642447,14.633137,6.186730,3.091523,17.753340,18.411619,12.563399,21.373451,65.963823,8.236414,16.421293,66.415939,92.881872,48.242785,22.385289,33.121709,15.316045,52.839254,8.798191,2.089427,10.651756,30.974870,13.847346,41.411595,46.890225,17.339115,18.142206,24.638237,24.611208,7.822148,18.658812,21.498816,32.836706,35.428896,34.667803,24.811320,13.553468,10.341460,4.561220
    Burst Frequency - Avg (Hz),0.104167,0.138542,0.169881,0.116833,0.230256,0.096667,0.125500,0.099394,0.151146,0.204103,0.125119,0.129231,0.180455,0.154556,0.160556,0.166667,0.134643,0.077361,0.134889,0.095521,0.057381,0.155694,0.104091,0.190714,0.152111,0.175222,0.149222,0.188333,0.189778,0.157444,0.141923,0.181667,0.062121,0.102727,0.100714,0.108788,0.074583,0.170769,0.156970,0.096410,0.137292,0.094500,0.094872,0.058636,0.135972,0.108718,0.080167,0.156795
    Burst Frequency - Std (Hz),0.108353,0.072344,0.093668,0.098706,0.131154,0.102101,0.081612,0.083358,0.079225,0.021748,0.078270,0.046526,0.075873,0.058253,0.050094,0.065483,0.113588,0.081685,0.076562,0.078487,0.090480,0.112386,0.093789,0.128897,0.112517,0.076664,0.056456,0.056439,0.047190,0.040887,0.074461,0.146725,0.054950,0.071041,0.084623,0.064696,0.058566,0.100161,0.082286,0.105926,0.094613,0.086460,0.101888,0.048596,0.114109,0.093579,0.065694,0.071891
    IBI Coefficient of Variation - Avg,0.732069,0.702866,0.614775,0.630932,0.710454,0.705477,0.571591,0.638678,0.755105,0.592689,0.679462,0.499420,0.503516,0.442790,0.617387,0.557873,0.688037,0.877605,0.657396,0.706561,0.766471,0.622338,0.870415,0.582804,0.718586,0.710575,0.606463,0.491975,0.514690,0.520846,0.621767,0.636017,0.581082,0.560402,0.567088,0.657785,0.675159,0.722078,0.694890,0.717561,0.566112,0.652865,0.712118,0.715453,0.656740,0.678420,0.745308,0.570138
    IBI Coefficient of Variation - Std,0.239594,0.140090,0.135043,0.208321,0.177127,0.353463,0.079323,0.234085,0.106814,0.028735,0.361903,0.210567,0.136473,0.210075,0.046414,0.156335,0.166842,0.315423,0.097507,0.146280,0.151460,0.167540,0.282350,0.094635,0.295338,0.272449,0.067912,0.194722,0.100473,0.089189,0.149752,0.211119,0.197500,0.142261,0.135222,0.104485,0.174183,0.137945,0.142922,0.130399,0.114727,0.131158,0.192545,0.090907,0.161562,0.136235,0.098004,0.061740
    Burst Percentage - Avg,26.806064,36.230171,62.011051,31.464301,68.341522,28.061106,43.344364,34.400916,78.629659,84.478790,61.404196,68.278638,56.934500,81.452352,83.892230,79.154880,38.303462,38.162569,70.850053,61.749329,24.303182,46.562888,36.484737,50.574411,56.731412,80.013076,78.478952,84.209435,81.913239,84.208511,66.540482,44.934457,37.919044,44.686825,51.066806,39.777319,40.949482,59.419196,45.916709,40.341115,29.899431,30.289929,39.868230,37.458842,43.123965,45.088274,26.288456,49.211141
    Burst Percentage - Std,39.303933,34.845425,40.650412,39.314632,40.798585,39.025716,43.823806,39.559431,32.282256,34.453484,41.116990,37.865408,47.443187,30.403897,32.001961,33.029886,28.959712,25.333521,17.201632,15.948255,23.293718,36.891441,28.861682,31.343436,36.286448,28.788556,33.868635,22.743358,25.688573,29.551741,38.063241,42.496889,28.488505,34.347629,31.087765,28.445548,37.167562,30.809966,36.109898,29.218493,31.749133,29.138924,31.754401,25.742277,34.801752,24.344255,22.781336,23.543927
Network Burst Metrics
    Number of Network Bursts,150.000000,152.000000,152.000000,149.000000,177.000000,149.000000,123.000000,127.000000,107.000000,110.000000,110.000000,98.000000,127.000000,114.000000,107.000000,117.000000,265.000000,107.000000,164.000000,169.000000,153.000000,194.000000,173.000000,259.000000,168.000000,130.000000,104.000000,135.000000,138.000000,107.000000,118.000000,198.000000,88.000000,106.000000,136.000000,166.000000,56.000000,198.000000,188.000000,188.000000,185.000000,101.000000,147.000000,61.000000,202.000000,192.000000,174.000000,239.000000
    Network Burst Frequency,0.250000,0.253333,0.253333,0.248333,0.295000,0.248333,0.205000,0.211667,0.178333,0.183333,0.183333,0.163333,0.211667,0.190000,0.178333,0.195000,0.441667,0.178333,0.273333,0.281667,0.255000,0.323333,0.288333,0.431667,0.280000,0.216667,0.173333,0.225000,0.230000,0.178333,0.196667,0.330000,0.146667,0.176667,0.226667,0.276667,0.093333,0.330000,0.313333,0.313333,0.308333,0.168333,0.245000,0.101667,0.336667,0.320000,0.290000,0.398333
    Network Burst Duration - Avg (sec),0.188926,0.165562,0.161799,0.178628,0.254193,0.147661,0.158892,0.158441,0.344078,0.263352,0.200671,0.276244,0.185677,0.172286,0.240655,0.242600,0.222148,0.119933,0.149056,0.148085,0.161876,0.207766,0.274081,0.175180,0.142436,0.182859,0.184037,0.220279,0.228875,0.217744,0.247007,0.172191,0.218176,0.123081,0.131599,0.135465,0.375010,0.189521,0.129909,0.445968,0.240398,0.130890,0.091248,0.181166,0.254720,0.144740,0.234565,0.166302
    Network Burst Duration - Std (sec),0.089339,0.044064,0.048874,0.031057,0.092157,0.037302,0.041361,0.027583,0.497587,0.326696,0.356281,0.301129,0.293852,0.187113,0.362914,0.331678,0.144839,0.224393,0.244530,0.265219,0.129515,0.240815,0.238321,0.142811,0.303624,0.454381,0.417859,0.345600,0.437637,0.274365,0.328857,0.276476,0.290926,0.161981,0.134710,0.222340,0.549688,0.341410,0.196699,0.352474,0.214794,0.123398,0.130646,0.299333,0.176772,0.197410,0.289457,0.107246
    Number of Spikes per Network Burst - Avg,90.833333,85.026316,154.717105,99.583893,243.129944,81.684564,125.349593,93.149606,279.719626,260.690909,173.027273,164.908163,171.905512,174.052632,231.224299,229.000000,104.875472,74.859813,128.054878,120.834320,63.542484,113.381443,71.456647,125.853282,126.660714,189.953846,251.153846,231.400000,212.456522,245.261682,190.211864,120.111111,75.534091,85.981132,100.242647,79.132530,101.678571,118.767677,93.250000,93.250000,72.151351,62.920792,73.299320,89.901639,96.262376,77.796875,71.781609,97.820084
    Number of Spikes per Network Burst - Std,14.777280,15.672538,27.456991,14.691927,50.679923,11.585223,14.837913,8.673147,219.451623,183.347054,122.603595,123.044882,112.513804,67.291447,168.571541,172.360188,62.121609,75.620134,118.865561,177.112242,48.661422,100.251233,53.966986,106.567270,123.389352,191.800076,252.405005,165.564940,207.349598,188.776314,150.892663,116.884940,47.506793,55.749436,83.506797,79.117139,106.360640,109.636995,79.401614,114.067370,39.709253,20.040800,63.209308,59.222942,82.810552,60.814329,63.941705,57.088287
    Mean ISI within Network Burst - Avg (sec),0.002058,0.001972,0.001061,0.001812,0.001040,0.001811,0.001280,0.001723,0.000935,0.000870,0.000889,0.001596,0.000866,0.000883,0.000809,0.000936,0.002185,0.001449,0.001143,0.001189,0.002768,0.001832,0.004059,0.001592,0.000897,0.000641,0.000545,0.000797,0.000759,0.000786,0.001117,0.001267,0.002758,0.001398,0.001522,0.001613,0.002941,0.001447,0.001289,0.006192,0.003536,0.002134,0.001240,0.001709,0.002983,0.001910,0.003262,0.001890
    Mean ISI within Network Burst - Std (sec),0.000626,0.000418,0.000341,0.000192,0.000258,0.000349,0.000309,0.000263,0.000611,0.000337,0.000442,0.001070,0.000454,0.000360,0.000516,0.000625,0.000717,0.000954,0.001066,0.000470,0.001719,0.000836,0.002234,0.000949,0.000323,0.000340,0.000211,0.000432,0.000484,0.000248,0.000500,0.000834,0.002529,0.000921,0.000902,0.001174,0.001696,0.000950,0.000648,0.004109,0.001997,0.001835,0.000678,0.001107,0.001812,0.002123,0.002419,0.000851
    Median ISI within Network Burst - Avg (sec),0.000642,0.000763,0.000355,0.000503,0.000448,0.000583,0.000527,0.000489,0.000270,0.000258,0.000369,0.000335,0.000385,0.000379,0.000310,0.000266,0.000631,0.000810,0.000500,0.000533,0.001017,0.000784,0.001083,0.000572,0.000373,0.000288,0.000295,0.000341,0.000319,0.000289,0.000416,0.000435,0.001126,0.000717,0.000568,0.000811,0.001308,0.000584,0.000585,0.000787,0.001287,0.000928,0.000667,0.000990,0.000772,0.000700,0.001028,0.000703
    Median ISI within Network Burst - Std (sec),0.000095,0.000114,0.000041,0.000068,0.000046,0.000083,0.000063,0.000074,0.000048,0.000035,0.000075,0.000047,0.000081,0.000076,0.000069,0.000040,0.000219,0.000497,0.000264,0.000216,0.000499,0.000431,0.000737,0.000234,0.000175,0.000146,0.000068,0.000112,0.000179,0.000113,0.000163,0.000168,0.000957,0.000394,0.000266,0.000380,0.001295,0.000335,0.000255,0.000344,0.000719,0.001134,0.000331,0.000695,0.000306,0.000344,0.000473,0.000310
    Median/Mean ISI within Network Burst - Avg,0.325292,0.399005,0.356370,0.280215,0.451726,0.335592,0.427970,0.289119,0.372882,0.320554,0.449307,0.297904,0.477156,0.460318,0.469242,0.356411,0.308733,0.577804,0.500731,0.473475,0.428411,0.447620,0.319509,0.413585,0.427043,0.461004,0.560506,0.461199,0.459551,0.381369,0.417516,0.440084,0.488015,0.570902,0.421715,0.556334,0.466724,0.468855,0.486975,0.206771,0.402963,0.493771,0.571808,0.571689,0.342603,0.497354,0.424099,0.398885
    Median/Mean ISI within Network Burst - Std,0.063690,0.078927,0.085110,0.045928,0.099900,0.092536,0.083818,0.055478,0.142843,0.080293,0.098135,0.162948,0.085643,0.105082,0.161806,0.137715,0.115328,0.119409,0.132569,0.139742,0.162911,0.143664,0.181997,0.142197,0.104643,0.084789,0.093410,0.096584,0.124182,0.103002,0.142594,0.185267,0.179157,0.158343,0.151191,0.145276,0.198377,0.156379,0.150316,0.167526,0.137512,0.207128,0.148571,0.110775,0.185409,0.180273,0.203317,0.142721
    Number of Elecs Participating in Burst - Avg,13.786667,11.546053,15.467105,14.919463,13.169492,13.442953,13.105691,14.354331,15.943925,13.881818,14.718182,14.857143,14.299213,15.271930,15.392523,14.495726,13.290566,11.514019,13.945122,14.798817,12.771242,12.670103,10.791908,12.212355,14.666667,14.953846,15.269231,14.970370,15.072464,15.887850,12.974576,13.676768,10.534091,10.292453,11.492647,11.415663,8.875000,11.373737,11.893617,12.180851,8.908108,10.663366,11.557823,10.573770,10.544554,11.619792,12.109195,12.376569
    Number of Elecs Participating in Burst - Std,0.993851,0.561913,0.618883,0.296757,0.376250,0.640761,0.766224,0.707416,0.231149,0.763043,0.679069,0.812277,0.738026,0.553110,0.562290,0.566659,0.854193,1.481741,1.092378,1.302835,1.369291,1.935336,1.277053,1.413282,0.644337,0.210630,0.466983,0.170195,0.333915,0.317035,0.461544,1.232622,0.934017,1.511650,1.734172,0.764037,1.427808,1.201402,0.941816,1.428980,0.819059,1.620353,1.905756,1.244441,1.246086,1.324843,1.135159,1.000229
    Number of Spikes per Network Burst per Channel - Avg,6.612206,7.374111,9.999510,6.674037,18.474173,6.078219,9.587775,6.505335,17.518030,18.570606,11.725966,11.070888,12.024972,11.397755,15.070800,15.712673,7.784288,6.338113,9.023885,7.997776,4.928115,8.826052,6.570715,10.039069,8.647038,12.728132,16.345450,15.469171,14.116421,15.528115,14.841754,8.871332,7.101564,8.153867,8.315809,6.853605,11.208768,10.264531,7.709415,7.394724,8.072924,5.932438,6.202731,8.490508,8.962824,6.562026,5.844263,7.755570
    Number of Spikes per Network Burst per Channel - Std,1.080595,1.390471,1.739632,0.973780,3.886405,0.834836,1.232281,0.687400,13.697587,12.149877,8.111257,8.025552,7.780915,4.343663,11.094609,11.493878,4.342071,5.536906,7.835974,10.994837,3.409483,6.890322,4.404358,7.507596,8.462958,12.969735,15.893124,11.121317,13.836758,12.273840,12.371534,8.691226,4.044149,4.294496,5.728540,6.428647,10.385896,8.890268,6.082656,7.963168,4.303527,1.778253,4.592678,5.841228,6.525344,4.345560,4.633037,4.155989
    Network Burst Percentage,99.802227,96.447761,99.660974,99.644080,99.624965,99.778652,99.728331,99.730231,98.522005,99.937269,99.905517,98.620858,99.871912,99.833962,99.565375,97.873973,98.490325,74.228524,99.253273,93.038407,77.170980,97.969001,85.149470,97.750855,99.896718,99.894822,99.923489,98.458775,99.870559,97.907029,98.120219,98.378423,71.159405,83.408072,76.771033,87.731250,74.450837,96.881308,97.243177,91.583952,91.038058,66.908823,85.333017,62.071307,98.465667,92.638303,81.810441,87.293705
    Network IBI Coefficient of Variation,0.469477,0.563009,0.544306,0.450021,0.548159,0.414033,0.487203,0.351390,0.583727,0.472802,0.352597,0.300561,0.408218,0.353104,0.596530,0.442414,0.336148,0.537200,0.550275,0.483779,0.556669,0.360978,0.493728,0.406229,0.421175,0.567164,0.577364,0.367269,0.462713,0.501924,0.533858,0.445035,0.448595,0.438345,0.578895,0.535665,0.583166,0.614619,0.492284,0.539273,0.442946,0.560626,0.552694,0.679312,0.431986,0.506978,0.527914,0.415941
    Network Normalized Duration IQR,0.059626,0.124689,0.125282,0.109663,0.566769,0.132618,0.142026,0.066662,1.556055,0.124163,0.187594,1.272767,0.000000,0.246471,0.767639,0.599761,0.655105,0.297917,0.804294,0.664970,0.806219,0.584849,0.693101,0.614865,0.230327,0.119967,0.000000,0.301870,0.473735,0.354864,1.011898,1.482964,0.928103,0.706124,0.548193,0.509675,1.090573,1.140959,0.826688,0.820156,0.736649,0.904247,0.825364,0.428144,0.891931,0.914275,1.212329,0.680768
Synchrony Metrics
    Area Under Normalized Cross-Correlation,0.433718,0.374506,0.654114,0.568586,0.523303,0.501218,0.446732,0.520410,0.769145,0.751872,0.606560,0.618355,0.573714,0.726941,0.762018,0.731875,0.546344,0.416805,0.656489,0.609637,0.390292,0.456224,0.402047,0.528959,0.662421,0.785667,0.704960,0.738796,0.821317,0.768700,0.579263,0.534517,0.373817,0.446402,0.520492,0.484530,0.260700,0.542787,0.555163,0.443501,0.326685,0.396372,0.464516,0.416217,0.409962,0.527643,0.427374,0.565735
    Area Under Cross-Correlation,2.722444,2.303569,8.981500,3.635431,16.130361,2.602528,4.191472,2.722958,15.461167,15.317569,6.835639,6.047944,7.827639,7.639583,11.252986,13.731556,8.157306,2.163639,8.831389,6.536514,2.150833,5.881694,2.563056,11.330236,8.638611,12.984264,13.840903,15.989542,14.478569,14.560972,8.549792,8.119306,1.486569,2.863083,5.407069,3.417792,0.925125,7.876861,5.663278,4.036250,2.312931,1.864875,3.239708,1.609097,4.990736,4.364319,2.541833,7.667861
    Full Width at Half Height of Normalized Cross-Correlation,12.000000,12.000000,13.000000,13.000000,17.000000,13.000000,13.000000,12.000000,14.000000,14.000000,12.000000,12.000000,15.000000,14.000000,14.000000,13.000000,14.000000,13.000000,22.000000,17.000000,17.000000,24.000000,19.000000,16.000000,19.000000,19.000000,14.000000,24.000000,20.000000,16.000000,18.000000,20.000000,19.000000,18.000000,17.000000,21.000000,14.000000,19.000000,20.000000,22.000000,17.000000,16.000000,16.000000,21.000000,18.000000,15.000000,15.000000,20.000000
    Full Width at Half Height of Cross-Correlation,22.000000,26.000000,27.000000,21.000000,59.000000,23.000000,29.000000,19.000000,34.000000,33.000000,30.000000,26.000000,33.000000,35.000000,34.000000,33.000000,45.000000,46.000000,58.000000,53.000000,36.000000,66.000000,49.000000,52.000000,41.000000,47.000000,67.000000,66.000000,47.000000,56.000000,55.000000,43.000000,51.000000,49.000000,49.000000,49.000000,51.000000,53.000000,48.000000,49.000000,44.000000,33.000000,44.000000,45.000000,56.000000,40.000000,45.000000,52.000000
    Synchrony Index, , , , , , , , , , , , , , , , , , , , , , , , , , , , , , , , , , , , , , , , , , , , , , , , 
    Kreuz SPIKE Distance, , , , , , , , , , , , , , , , , , , , , , , , , , , , , , , , , , , , , , , , , , , , , , , , 
Average Network Burst Metrics
    Start Electrode,22.000000,24.000000,22.000000,12.000000,11.000000,24.000000,42.000000,22.000000,14.000000,13.000000,14.000000,11.000000,14.000000,21.000000,24.000000,11.000000,14.000000,31.000000,12.000000,43.000000,22.000000,12.000000,11.000000,23.000000,21.000000,13.000000,12.000000,11.000000,13.000000,24.000000,11.000000,43.000000,13.000000,14.000000,31.000000,14.000000,34.000000,44.000000,31.000000,11.000000,31.000000,32.000000,12.000000,41.000000,31.000000,21.000000,11.000000,41.000000
    Percent Bursts with Start Electrode,25.333333,22.368421,32.236842,23.489933,17.514124,22.818792,32.520325,21.259843,45.794393,43.636364,32.727273,33.673469,53.543307,22.807018,22.429907,47.008547,20.754717,24.299065,25.609756,33.727811,30.718954,33.505155,53.179191,31.274131,20.238095,25.384615,26.923077,38.518519,34.782609,31.775701,26.271186,30.808081,35.227273,34.905660,34.558824,27.710843,37.500000,24.747475,30.319149,69.148936,28.648649,33.663366,29.251701,34.426230,72.277228,35.937500,26.436782,22.175732
    Burst Peak (Max Spikes per sec),2500.000000,1651.315789,2907.894737,2416.107383,2485.875706,2382.550336,2691.056911,2094.488189,3317.757009,4827.272727,3400.000000,2581.632653,3259.842520,3649.122807,3906.542056,3512.820513,1079.245283,1467.289720,2219.512195,1467.455621,725.490196,994.845361,323.699422,1088.803089,2964.285714,3923.076923,4173.076923,3703.703704,3376.811594,3439.252336,2186.440678,1964.646465,875.000000,1622.641509,1125.000000,1180.722892,1250.000000,1459.595960,1680.851064,484.042553,691.891892,940.594059,1421.768707,1147.540984,470.297030,1390.625000,672.413793,853.556485
    Time to Burst Peak (ms),10.500000,8.500000,12.500000,10.500000,12.500000,8.500000,13.500000,8.500000,12.500000,12.500000,9.500000,6.500000,14.500000,10.500000,8.500000,8.500000,14.500000,29.500000,32.500000,25.500000,20.500000,64.500000,61.500000,26.500000,18.500000,20.500000,12.500000,26.500000,20.500000,18.500000,14.500000,22.500000,26.500000,30.500000,44.500000,26.500000,40.500000,16.500000,20.500000,30.500000,24.500000,14.500000,26.500000,36.500000,32.500000,24.500000,16.500000,40.500000

Measurement,A1_11,A1_12,A1_13,A1_14,A1_21,A1_22,A1_23,A1_24,A1_31,A1_32,A1_33,A1_34,A1_41,A1_42,A1_43,A1_44,A2_11,A2_12,A2_13,A2_14,A2_21,A2_22,A2_23,A2_24,A2_31,A2_32,A2_33,A2_34,A2_41,A2_42,A2_43,A2_44,A3_11,A3_12,A3_13,A3_14,A3_21,A3_22,A3_23,A3_24,A3_31,A3_32,A3_33,A3_34,A3_41,A3_42,A3_43,A3_44,A4_11,A4_12,A4_13,A4_14,A4_21,A4_22,A4_23,A4_24,A4_31,A4_32,A4_33,A4_34,A4_41,A4_42,A4_43,A4_44,A5_11,A5_12,A5_13,A5_14,A5_21,A5_22,A5_23,A5_24,A5_31,A5_32,A5_33,A5_34,A5_41,A5_42,A5_43,A5_44,A6_11,A6_12,A6_13,A6_14,A6_21,A6_22,A6_23,A6_24,A6_31,A6_32,A6_33,A6_34,A6_41,A6_42,A6_43,A6_44,A7_11,A7_12,A7_13,A7_14,A7_21,A7_22,A7_23,A7_24,A7_31,A7_32,A7_33,A7_34,A7_41,A7_42,A7_43,A7_44,A8_11,A8_12,A8_13,A8_14,A8_21,A8_22,A8_23,A8_24,A8_31,A8_32,A8_33,A8_34,A8_41,A8_42,A8_43,A8_44,B1_11,B1_12,B1_13,B1_14,B1_21,B1_22,B1_23,B1_24,B1_31,B1_32,B1_33,B1_34,B1_41,B1_42,B1_43,B1_44,B2_11,B2_12,B2_13,B2_14,B2_21,B2_22,B2_23,B2_24,B2_31,B2_32,B2_33,B2_34,B2_41,B2_42,B2_43,B2_44,B3_11,B3_12,B3_13,B3_14,B3_21,B3_22,B3_23,B3_24,B3_31,B3_32,B3_33,B3_34,B3_41,B3_42,B3_43,B3_44,B4_11,B4_12,B4_13,B4_14,B4_21,B4_22,B4_23,B4_24,B4_31,B4_32,B4_33,B4_34,B4_41,B4_42,B4_43,B4_44,B5_11,B5_12,B5_13,B5_14,B5_21,B5_22,B5_23,B5_24,B5_31,B5_32,B5_33,B5_34,B5_41,B5_42,B5_43,B5_44,B6_11,B6_12,B6_13,B6_14,B6_21,B6_22,B6_23,B6_24,B6_31,B6_32,B6_33,B6_34,B6_41,B6_42,B6_43,B6_44,B7_11,B7_12,B7_13,B7_14,B7_21,B7_22,B7_23,B7_24,B7_31,B7_32,B7_33,B7_34,B7_41,B7_42,B7_43,B7_44,B8_11,B8_12,B8_13,B8_14,B8_21,B8_22,B8_23,B8_24,B8_31,B8_32,B8_33,B8_34,B8_41,B8_42,B8_43,B8_44,C1_11,C1_12,C1_13,C1_14,C1_21,C1_22,C1_23,C1_24,C1_31,C1_32,C1_33,C1_34,C1_41,C1_42,C1_43,C1_44,C2_11,C2_12,C2_13,C2_14,C2_21,C2_22,C2_23,C2_24,C2_31,C2_32,C2_33,C2_34,C2_41,C2_42,C2_43,C2_44,C3_11,C3_12,C3_13,C3_14,C3_21,C3_22,C3_23,C3_24,C3_31,C3_32,C3_33,C3_34,C3_41,C3_42,C3_43,C3_44,C4_11,C4_12,C4_13,C4_14,C4_21,C4_22,C4_23,C4_24,C4_31,C4_32,C4_33,C4_34,C4_41,C4_42,C4_43,C4_44,C5_11,C5_12,C5_13,C5_14,C5_21,C5_22,C5_23,C5_24,C5_31,C5_32,C5_33,C5_34,C5_41,C5_42,C5_43,C5_44,C6_11,C6_12,C6_13,C6_14,C6_21,C6_22,C6_23,C6_24,C6_31,C6_32,C6_33,C6_34,C6_41,C6_42,C6_43,C6_44,C7_11,C7_12,C7_13,C7_14,C7_21,C7_22,C7_23,C7_24,C7_31,C7_32,C7_33,C7_34,C7_41,C7_42,C7_43,C7_44,C8_11,C8_12,C8_13,C8_14,C8_21,C8_22,C8_23,C8_24,C8_31,C8_32,C8_33,C8_34,C8_41,C8_42,C8_43,C8_44,D1_11,D1_12,D1_13,D1_14,D1_21,D1_22,D1_23,D1_24,D1_31,D1_32,D1_33,D1_34,D1_41,D1_42,D1_43,D1_44,D2_11,D2_12,D2_13,D2_14,D2_21,D2_22,D2_23,D2_24,D2_31,D2_32,D2_33,D2_34,D2_41,D2_42,D2_43,D2_44,D3_11,D3_12,D3_13,D3_14,D3_21,D3_22,D3_23,D3_24,D3_31,D3_32,D3_33,D3_34,D3_41,D3_42,D3_43,D3_44,D4_11,D4_12,D4_13,D4_14,D4_21,D4_22,D4_23,D4_24,D4_31,D4_32,D4_33,D4_34,D4_41,D4_42,D4_43,D4_44,D5_11,D5_12,D5_13,D5_14,D5_21,D5_22,D5_23,D5_24,D5_31,D5_32,D5_33,D5_34,D5_41,D5_42,D5_43,D5_44,D6_11,D6_12,D6_13,D6_14,D6_21,D6_22,D6_23,D6_24,D6_31,D6_32,D6_33,D6_34,D6_41,D6_42,D6_43,D6_44,D7_11,D7_12,D7_13,D7_14,D7_21,D7_22,D7_23,D7_24,D7_31,D7_32,D7_33,D7_34,D7_41,D7_42,D7_43,D7_44,D8_11,D8_12,D8_13,D8_14,D8_21,D8_22,D8_23,D8_24,D8_31,D8_32,D8_33,D8_34,D8_41,D8_42,D8_43,D8_44,E1_11,E1_12,E1_13,E1_14,E1_21,E1_22,E1_23,E1_24,E1_31,E1_32,E1_33,E1_34,E1_41,E1_42,E1_43,E1_44,E2_11,E2_12,E2_13,E2_14,E2_21,E2_22,E2_23,E2_24,E2_31,E2_32,E2_33,E2_34,E2_41,E2_42,E2_43,E2_44,E3_11,E3_12,E3_13,E3_14,E3_21,E3_22,E3_23,E3_24,E3_31,E3_32,E3_33,E3_34,E3_41,E3_42,E3_43,E3_44,E4_11,E4_12,E4_13,E4_14,E4_21,E4_22,E4_23,E4_24,E4_31,E4_32,E4_33,E4_34,E4_41,E4_42,E4_43,E4_44,E5_11,E5_12,E5_13,E5_14,E5_21,E5_22,E5_23,E5_24,E5_31,E5_32,E5_33,E5_34,E5_41,E5_42,E5_43,E5_44,E6_11,E6_12,E6_13,E6_14,E6_21,E6_22,E6_23,E6_24,E6_31,E6_32,E6_33,E6_34,E6_41,E6_42,E6_43,E6_44,E7_11,E7_12,E7_13,E7_14,E7_21,E7_22,E7_23,E7_24,E7_31,E7_32,E7_33,E7_34,E7_41,E7_42,E7_43,E7_44,E8_11,E8_12,E8_13,E8_14,E8_21,E8_22,E8_23,E8_24,E8_31,E8_32,E8_33,E8_34,E8_41,E8_42,E8_43,E8_44,F1_11,F1_12,F1_13,F1_14,F1_21,F1_22,F1_23,F1_24,F1_31,F1_32,F1_33,F1_34,F1_41,F1_42,F1_43,F1_44,F2_11,F2_12,F2_13,F2_14,F2_21,F2_22,F2_23,F2_24,F2_31,F2_32,F2_33,F2_34,F2_41,F2_42,F2_43,F2_44,F3_11,F3_12,F3_13,F3_14,F3_21,F3_22,F3_23,F3_24,F3_31,F3_32,F3_33,F3_34,F3_41,F3_42,F3_43,F3_44,F4_11,F4_12,F4_13,F4_14,F4_21,F4_22,F4_23,F4_24,F4_31,F4_32,F4_33,F4_34,F4_41,F4_42,F4_43,F4_44,F5_11,F5_12,F5_13,F5_14,F5_21,F5_22,F5_23,F5_24,F5_31,F5_32,F5_33,F5_34,F5_41,F5_42,F5_43,F5_44,F6_11,F6_12,F6_13,F6_14,F6_21,F6_22,F6_23,F6_24,F6_31,F6_32,F6_33,F6_34,F6_41,F6_42,F6_43,F6_44,F7_11,F7_12,F7_13,F7_14,F7_21,F7_22,F7_23,F7_24,F7_31,F7_32,F7_33,F7_34,F7_41,F7_42,F7_43,F7_44,F8_11,F8_12,F8_13,F8_14,F8_21,F8_22,F8_23,F8_24,F8_31,F8_32,F8_33,F8_34,F8_41,F8_42,F8_43,F8_44,
Activity Metrics
    Number of Spikes,350.000000,1143.000000,168.000000,1059.000000,1971.000000,2887.000000,425.000000,19.000000,129.000000,541.000000,64.000000,359.000000,1835.000000,1523.000000,736.000000,443.000000,0.000000,1024.000000,166.000000,1020.000000,0.000000,410.000000,1748.000000,1265.000000,2749.000000,3.000000,0.000000,258.000000,2327.000000,1122.000000,1162.000000,146.000000,2217.000000,833.000000,1065.000000,1705.000000,129.000000,2913.000000,3430.000000,748.000000,933.000000,147.000000,1659.000000,629.000000,1521.000000,2260.000000,1577.000000,1831.000000,1331.000000,2510.000000,562.000000,1251.000000,557.000000,1206.000000,349.000000,251.000000,1.000000,1870.000000,645.000000,600.000000,845.000000,1746.000000,450.000000,717.000000,1911.000000,802.000000,0.000000,30.000000,4927.000000,4523.000000,1008.000000,4186.000000,5230.000000,5638.000000,2296.000000,2800.000000,0.000000,3033.000000,5705.000000,1107.000000,997.000000,1637.000000,0.000000,114.000000,2.000000,1843.000000,312.000000,1422.000000,190.000000,391.000000,498.000000,769.000000,530.000000,675.000000,1766.000000,1052.000000,807.000000,770.000000,2749.000000,3030.000000,162.000000,61.000000,505.000000,416.000000,0.000000,4.000000,1159.000000,206.000000,1194.000000,2515.000000,784.000000,1098.000000,299.000000,780.000000,1117.000000,525.000000,367.000000,1025.000000,1546.000000,628.000000,4.000000,1956.000000,1327.000000,587.000000,174.000000,261.000000,108.000000,1158.000000,337.000000,2520.000000,1525.000000,1771.000000,2312.000000,2524.000000,1243.000000,409.000000,3103.000000,2290.000000,2632.000000,2096.000000,3612.000000,1050.000000,2416.000000,539.000000,1751.000000,2456.000000,2787.000000,1254.000000,1872.000000,1851.000000,60.000000,63.000000,0.000000,3478.000000,2219.000000,1911.000000,2748.000000,2651.000000,2529.000000,1064.000000,2280.000000,1198.000000,3327.000000,1577.000000,1144.000000,2296.000000,92.000000,1117.000000,677.000000,564.000000,1718.000000,820.000000,386.000000,242.000000,18.000000,1595.000000,1486.000000,132.000000,664.000000,1140.000000,122.000000,873.000000,808.000000,1662.000000,1253.000000,2754.000000,1702.000000,608.000000,1728.000000,605.000000,806.000000,44.000000,801.000000,148.000000,1580.000000,2873.000000,2421.000000,2210.000000,2137.000000,252.000000,1190.000000,163.000000,233.000000,2539.000000,2908.000000,1.000000,237.000000,2167.000000,357.000000,1181.000000,44.000000,1022.000000,1171.000000,505.000000,1206.000000,1317.000000,2212.000000,1163.000000,1349.000000,1701.000000,1946.000000,2281.000000,1039.000000,1381.000000,1499.000000,1562.000000,2608.000000,1823.000000,1356.000000,3074.000000,1098.000000,2096.000000,1859.000000,1830.000000,60.000000,310.000000,1500.000000,1434.000000,955.000000,1785.000000,3006.000000,0.000000,2454.000000,634.000000,2418.000000,2669.000000,97.000000,1544.000000,2545.000000,2236.000000,3098.000000,1378.000000,1437.000000,2512.000000,360.000000,987.000000,2429.000000,4.000000,1466.000000,4426.000000,686.000000,2.000000,3923.000000,485.000000,4375.000000,2315.000000,2122.000000,951.000000,1849.000000,1455.000000,1172.000000,558.000000,108.000000,1000.000000,655.000000,311.000000,1101.000000,730.000000,4.000000,523.000000,2973.000000,0.000000,674.000000,81.000000,269.000000,0.000000,1029.000000,1333.000000,2909.000000,2083.000000,1398.000000,873.000000,1810.000000,821.000000,0.000000,849.000000,1253.000000,1684.000000,1070.000000,1196.000000,1502.000000,338.000000,3115.000000,258.000000,1178.000000,2011.000000,1003.000000,1346.000000,713.000000,4292.000000,1727.000000,671.000000,974.000000,971.000000,1382.000000,661.000000,1488.000000,347.000000,2930.000000,255.000000,947.000000,320.000000,14.000000,776.000000,942.000000,1825.000000,514.000000,847.000000,1144.000000,617.000000,386.000000,3475.000000,1.000000,215.000000,284.000000,291.000000,1757.000000,1534.000000,421.000000,3279.000000,1888.000000,734.000000,3504.000000,151.000000,58.000000,1347.000000,1368.000000,86.000000,2421.000000,159.000000,181.000000,3564.000000,509.000000,1932.000000,0.000000,1632.000000,1318.000000,629.000000,55.000000,0.000000,89.000000,1448.000000,352.000000,964.000000,2925.000000,4.000000,1472.000000,1189.000000,1497.000000,3019.000000,30.000000,149.000000,1845.000000,4919.000000,3526.000000,2067.000000,4296.000000,256.000000,58.000000,4711.000000,1696.000000,2052.000000,187.000000,3038.000000,1014.000000,3056.000000,631.000000,12.000000,3419.000000,851.000000,1704.000000,1655.000000,675.000000,197.000000,3448.000000,1013.000000,1705.000000,371.000000,842.000000,708.000000,1261.000000,1485.000000,3562.000000,626.000000,0.000000,2731.000000,586.000000,2352.000000,2027.000000,1867.000000,1923.000000,1991.000000,1488.000000,2021.000000,461.000000,339.000000,211.000000,2951.000000,1772.000000,36.000000,1136.000000,413.000000,3084.000000,927.000000,3384.000000,669.000000,1462.000000,926.000000,2237.000000,2597.000000,2624.000000,1711.000000,3029.000000,3356.000000,1555.000000,2603.000000,2242.000000,1398.000000,816.000000,454.000000,1149.000000,1454.000000,3271.000000,3159.000000,0.000000,3046.000000,1309.000000,2887.000000,1593.000000,2864.000000,3604.000000,3049.000000,1893.000000,2501.000000,1054.000000,957.000000,1570.000000,2247.000000,578.000000,1424.000000,2124.000000,14.000000,1440.000000,2445.000000,1029.000000,1055.000000,993.000000,844.000000,2920.000000,2712.000000,1325.000000,2898.000000,2185.000000,1054.000000,172.000000,244.000000,2987.000000,1762.000000,2843.000000,1781.000000,1950.000000,1959.000000,569.000000,1833.000000,931.000000,0.000000,480.000000,1.000000,3297.000000,3807.000000,15.000000,2353.000000,3822.000000,718.000000,942.000000,198.000000,1660.000000,2367.000000,3487.000000,579.000000,496.000000,412.000000,66.000000,1272.000000,3413.000000,219.000000,355.000000,42.000000,3492.000000,619.000000,4904.000000,791.000000,1068.000000,390.000000,1833.000000,364.000000,0.000000,148.000000,940.000000,0.000000,8.000000,0.000000,246.000000,0.000000,1786.000000,553.000000,726.000000,1279.000000,2434.000000,275.000000,0.000000,1217.000000,66.000000,355.000000,784.000000,1236.000000,1163.000000,1371.000000,5.000000,4.000000,14.000000,69.000000,507.000000,1427.000000,1807.000000,384.000000,2667.000000,561.000000,20.000000,134.000000,1859.000000,4046.000000,2211.000000,1171.000000,954.000000,0.000000,59.000000,1419.000000,416.000000,50.000000,760.000000,1911.000000,1.000000,1250.000000,1848.000000,1101.000000,11.000000,43.000000,1189.000000,2545.000000,0.000000,1303.000000,1160.000000,118.000000,861.000000,872.000000,184.000000,228.000000,54.000000,219.000000,2165.000000,45.000000,0.000000,12.000000,692.000000,0.000000,92.000000,1939.000000,2.000000,822.000000,0.000000,1194.000000,3510.000000,506.000000,0.000000,2739.000000,13.000000,195.000000,2169.000000,2273.000000,2.000000,3126.000000,2816.000000,1970.000000,945.000000,119.000000,1412.000000,2478.000000,2817.000000,850.000000,2.000000,2206.000000,5.000000,475.000000,1650.000000,233.000000,2038.000000,923.000000,64.000000,2057.000000,2040.000000,1045.000000,6.000000,1617.000000,4276.000000,1622.000000,2101.000000,318.000000,688.000000,126.000000,0.000000,297.000000,1597.000000,3163.000000,653.000000,181.000000,1244.000000,23.000000,1023.000000,1830.000000,1.000000,13.000000,276.000000,1307.000000,645.000000,338.000000,2682.000000,0.000000,3301.000000,0.000000,56.000000,2888.000000,0.000000,1723.000000,1430.000000,2.000000,870.000000,2277.000000,191.000000,83.000000,1350.000000,724.000000,26.000000,4.000000,0.000000,2240.000000,43.000000,142.000000,705.000000,200.000000,306.000000,337.000000,2.000000,1995.000000,101.000000,287.000000,2963.000000,1994.000000,331.000000,486.000000,317.000000,307.000000,165.000000,6.000000,1155.000000,848.000000,283.000000,1387.000000,239.000000,294.000000,0.000000,569.000000,20.000000,91.000000,28.000000,3.000000,1528.000000,775.000000,442.000000,1843.000000,1400.000000,0.000000,814.000000,789.000000,1033.000000,1.000000,3661.000000,1658.000000,1.000000,1762.000000,2675.000000,0.000000,3629.000000,330.000000,642.000000,60.000000,79.000000,72.000000,2900.000000,1245.000000,1281.000000,1739.000000,0.000000,365.000000,1541.000000,698.000000,50.000000,47.000000,28.000000,1396.000000,762.000000,824.000000,1788.000000,370.000000,3926.000000,1309.000000,799.000000,491.000000,463.000000,600.000000,1209.000000,351.000000,1434.000000,3001.000000,2006.000000,2060.000000,258.000000,0.000000,1423.000000,0.000000,37.000000,1135.000000,2123.000000,2266.000000,1271.000000,8.000000,605.000000,14.000000,2612.000000,1364.000000,1267.000000,6172.000000,1006.000000,0.000000,3090.000000,1786.000000,909.000000,2289.000000
    Mean Firing Rate (Hz),0.583333,1.905000,0.280000,1.765000,3.285000,4.811667,0.708333,0.031667,0.215000,0.901667,0.106667,0.598333,3.058333,2.538333,1.226667,0.738333,0.000000,1.706667,0.276667,1.700000,0.000000,0.683333,2.913333,2.108333,4.581667,0.005000,0.000000,0.430000,3.878333,1.870000,1.936667,0.243333,3.695000,1.388333,1.775000,2.841667,0.215000,4.855000,5.716667,1.246667,1.555000,0.245000,2.765000,1.048333,2.535000,3.766667,2.628333,3.051667,2.218333,4.183333,0.936667,2.085000,0.928333,2.010000,0.581667,0.418333,0.001667,3.116667,1.075000,1.000000,1.408333,2.910000,0.750000,1.195000,3.185000,1.336667,0.000000,0.050000,8.211667,7.538333,1.680000,6.976667,8.716667,9.396667,3.826667,4.666667,0.000000,5.055000,9.508333,1.845000,1.661667,2.728333,0.000000,0.190000,0.003333,3.071667,0.520000,2.370000,0.316667,0.651667,0.830000,1.281667,0.883333,1.125000,2.943333,1.753333,1.345000,1.283333,4.581667,5.050000,0.270000,0.101667,0.841667,0.693333,0.000000,0.006667,1.931667,0.343333,1.990000,4.191667,1.306667,1.830000,0.498333,1.300000,1.861667,0.875000,0.611667,1.708333,2.576667,1.046667,0.006667,3.260000,2.211667,0.978333,0.290000,0.435000,0.180000,1.930000,0.561667,4.200000,2.541667,2.951667,3.853333,4.206667,2.071667,0.681667,5.171667,3.816667,4.386667,3.493333,6.020000,1.750000,4.026667,0.898333,2.918333,4.093333,4.645000,2.090000,3.120000,3.085000,0.100000,0.105000,0.000000,5.796667,3.698333,3.185000,4.580000,4.418333,4.215000,1.773333,3.800000,1.996667,5.545000,2.628333,1.906667,3.826667,0.153333,1.861667,1.128333,0.940000,2.863333,1.366667,0.643333,0.403333,0.030000,2.658333,2.476667,0.220000,1.106667,1.900000,0.203333,1.455000,1.346667,2.770000,2.088333,4.590000,2.836667,1.013333,2.880000,1.008333,1.343333,0.073333,1.335000,0.246667,2.633333,4.788333,4.035000,3.683333,3.561667,0.420000,1.983333,0.271667,0.388333,4.231667,4.846667,0.001667,0.395000,3.611667,0.595000,1.968333,0.073333,1.703333,1.951667,0.841667,2.010000,2.195000,3.686667,1.938333,2.248333,2.835000,3.243333,3.801667,1.731667,2.301667,2.498333,2.603333,4.346667,3.038333,2.260000,5.123333,1.830000,3.493333,3.098333,3.050000,0.100000,0.516667,2.500000,2.390000,1.591667,2.975000,5.010000,0.000000,4.090000,1.056667,4.030000,4.448333,0.161667,2.573333,4.241667,3.726667,5.163333,2.296667,2.395000,4.186667,0.600000,1.645000,4.048333,0.006667,2.443333,7.376667,1.143333,0.003333,6.538333,0.808333,7.291667,3.858333,3.536667,1.585000,3.081667,2.425000,1.953333,0.930000,0.180000,1.666667,1.091667,0.518333,1.835000,1.216667,0.006667,0.871667,4.955000,0.000000,1.123333,0.135000,0.448333,0.000000,1.715000,2.221667,4.848333,3.471667,2.330000,1.455000,3.016667,1.368333,0.000000,1.415000,2.088333,2.806667,1.783333,1.993333,2.503333,0.563333,5.191667,0.430000,1.963333,3.351667,1.671667,2.243333,1.188333,7.153333,2.878333,1.118333,1.623333,1.618333,2.303333,1.101667,2.480000,0.578333,4.883333,0.425000,1.578333,0.533333,0.023333,1.293333,1.570000,3.041667,0.856667,1.411667,1.906667,1.028333,0.643333,5.791667,0.001667,0.358333,0.473333,0.485000,2.928333,2.556667,0.701667,5.465000,3.146667,1.223333,5.840000,0.251667,0.096667,2.245000,2.280000,0.143333,4.035000,0.265000,0.301667,5.940000,0.848333,3.220000,0.000000,2.720000,2.196667,1.048333,0.091667,0.000000,0.148333,2.413333,0.586667,1.606667,4.875000,0.006667,2.453333,1.981667,2.495000,5.031667,0.050000,0.248333,3.075000,8.198333,5.876667,3.445000,7.160000,0.426667,0.096667,7.851667,2.826667,3.420000,0.311667,5.063333,1.690000,5.093333,1.051667,0.020000,5.698333,1.418333,2.840000,2.758333,1.125000,0.328333,5.746667,1.688333,2.841667,0.618333,1.403333,1.180000,2.101667,2.475000,5.936667,1.043333,0.000000,4.551667,0.976667,3.920000,3.378333,3.111667,3.205000,3.318333,2.480000,3.368333,0.768333,0.565000,0.351667,4.918333,2.953333,0.060000,1.893333,0.688333,5.140000,1.545000,5.640000,1.115000,2.436667,1.543333,3.728333,4.328333,4.373333,2.851667,5.048333,5.593333,2.591667,4.338333,3.736667,2.330000,1.360000,0.756667,1.915000,2.423333,5.451667,5.265000,0.000000,5.076667,2.181667,4.811667,2.655000,4.773333,6.006667,5.081667,3.155000,4.168333,1.756667,1.595000,2.616667,3.745000,0.963333,2.373333,3.540000,0.023333,2.400000,4.075000,1.715000,1.758333,1.655000,1.406667,4.866667,4.520000,2.208333,4.830000,3.641667,1.756667,0.286667,0.406667,4.978333,2.936667,4.738333,2.968333,3.250000,3.265000,0.948333,3.055000,1.551667,0.000000,0.800000,0.001667,5.495000,6.345000,0.025000,3.921667,6.370000,1.196667,1.570000,0.330000,2.766667,3.945000,5.811667,0.965000,0.826667,0.686667,0.110000,2.120000,5.688333,0.365000,0.591667,0.070000,5.820000,1.031667,8.173333,1.318333,1.780000,0.650000,3.055000,0.606667,0.000000,0.246667,1.566667,0.000000,0.013333,0.000000,0.410000,0.000000,2.976667,0.921667,1.210000,2.131667,4.056667,0.458333,0.000000,2.028333,0.110000,0.591667,1.306667,2.060000,1.938333,2.285000,0.008333,0.006667,0.023333,0.115000,0.845000,2.378333,3.011667,0.640000,4.445000,0.935000,0.033333,0.223333,3.098333,6.743333,3.685000,1.951667,1.590000,0.000000,0.098333,2.365000,0.693333,0.083333,1.266667,3.185000,0.001667,2.083333,3.080000,1.835000,0.018333,0.071667,1.981667,4.241667,0.000000,2.171667,1.933333,0.196667,1.435000,1.453333,0.306667,0.380000,0.090000,0.365000,3.608333,0.075000,0.000000,0.020000,1.153333,0.000000,0.153333,3.231667,0.003333,1.370000,0.000000,1.990000,5.850000,0.843333,0.000000,4.565000,0.021667,0.325000,3.615000,3.788333,0.003333,5.210000,4.693333,3.283333,1.575000,0.198333,2.353333,4.130000,4.695000,1.416667,0.003333,3.676667,0.008333,0.791667,2.750000,0.388333,3.396667,1.538333,0.106667,3.428333,3.400000,1.741667,0.010000,2.695000,7.126667,2.703333,3.501667,0.530000,1.146667,0.210000,0.000000,0.495000,2.661667,5.271667,1.088333,0.301667,2.073333,0.038333,1.705000,3.050000,0.001667,0.021667,0.460000,2.178333,1.075000,0.563333,4.470000,0.000000,5.501667,0.000000,0.093333,4.813333,0.000000,2.871667,2.383333,0.003333,1.450000,3.795000,0.318333,0.138333,2.250000,1.206667,0.043333,0.006667,0.000000,3.733333,0.071667,0.236667,1.175000,0.333333,0.510000,0.561667,0.003333,3.325000,0.168333,0.478333,4.938333,3.323333,0.551667,0.810000,0.528333,0.511667,0.275000,0.010000,1.925000,1.413333,0.471667,2.311667,0.398333,0.490000,0.000000,0.948333,0.033333,0.151667,0.046667,0.005000,2.546667,1.291667,0.736667,3.071667,2.333333,0.000000,1.356667,1.315000,1.721667,0.001667,6.101667,2.763333,0.001667,2.936667,4.458333,0.000000,6.048333,0.550000,1.070000,0.100000,0.131667,0.120000,4.833333,2.075000,2.135000,2.898333,0.000000,0.608333,2.568333,1.163333,0.083333,0.078333,0.046667,2.326667,1.270000,1.373333,2.980000,0.616667,6.543333,2.181667,1.331667,0.818333,0.771667,1.000000,2.015000,0.585000,2.390000,5.001667,3.343333,3.433333,0.430000,0.000000,2.371667,0.000000,0.061667,1.891667,3.538333,3.776667,2.118333,0.013333,1.008333,0.023333,4.353333,2.273333,2.111667,10.286667,1.676667,0.000000,5.150000,2.976667,1.515000,3.815000
    ISI Coefficient of Variation,1.379926,2.772191,1.181058,2.677417,3.716049,4.584348,1.542839, ,1.068317,1.785133,0.874601,1.343600,3.599243,3.262711,2.164828,1.557699, ,2.737374,0.828626,2.743498, ,1.561876,2.359264,3.086981,4.640848, , ,1.155379,2.621573,2.883010,2.942070,1.060767,4.076460,2.427412,2.673783,3.570029,0.851141,4.725529,5.117828,2.283195,2.592334,0.825606,3.542110,2.062709,3.396629,4.191003,3.465960,3.754765,3.041145,4.274170,1.838019,2.943162,1.824764,2.886734,1.359712,1.084245, ,3.639930,2.002326,1.914299,2.351959,3.497580,1.585092,2.128085,3.458050,2.130293, , ,5.604919,5.407645,2.444278,5.180939,5.827147,5.945089,3.811927,3.684317, ,4.409106,6.105911,2.552109,2.551763,3.356015, ,0.684041, ,3.593093,1.170046,3.100530,1.105274,1.463764,1.672425,2.192380,1.748871,2.034856,3.457934,2.629582,2.586616,2.551185,5.032728,5.274993,1.044303,0.847265,1.986793,1.755904, , ,3.210786,1.371411,3.252938,4.797507,2.578726,3.113938,1.393532,2.374752,2.900350,1.865447,1.459694,2.770603,3.481393,2.081904, ,3.921937,3.204242,2.001803,0.950459,1.228166,1.156580,2.964743,1.795461,5.275099,4.073992,4.271031,3.584525,5.280617,3.589842,1.995008,5.859664,5.051392,5.397805,4.788222,6.355672,3.327755,5.183046,2.315393,4.125511,4.914077,5.248296,3.448395,4.270087,4.241485,0.987013,1.034393, ,5.884102,4.657182,4.310820,5.199209,5.111387,4.948761,3.154321,4.549816,3.229453,5.517616,3.752914,3.146290,4.568456,0.828474,3.114057,2.352942,2.108066,3.925213,2.620075,1.744037,1.356457, ,3.776455,3.858597,1.114190,2.477748,3.351367,1.160273,2.890446,2.768075,4.092428,3.521700,3.714247,4.149871,2.353690,4.181152,2.341328,2.740127, ,2.422172,1.213725,3.526118,4.835347,4.427092,4.221613,4.106705,1.164932,3.033437,1.107761,1.180584,4.513122,4.870069, ,1.261545,4.172641,1.674845,3.196854, ,2.950091,3.184848,1.981226,3.237292,3.399614,4.453337,3.176873,3.448080,3.888063,4.181124,4.514564,2.994928,3.446469,4.088236,4.205739,5.447993,4.531687,3.882049,5.936799,3.455810,4.868771,4.579901,4.533040,0.989566,1.726836,4.101166,4.000176,3.211466,4.090073,5.290491, ,4.758110,2.270657,4.727485,4.923032,1.179561,3.728006,4.840231,4.321050,2.926160,3.514908,3.353932,4.820133,1.802595,2.931842,2.789954, ,2.081985,3.668001,2.138433, ,3.585710,1.308146,3.763995,2.729752,2.591033,1.599061,2.387766,2.090504,1.808931,1.257119,1.190410,2.225541,1.747365,1.689436,2.252130,1.793760, ,1.622995,3.877462, ,1.819800,0.969631,1.378376, ,2.322180,2.500829,4.375389,3.708179,2.984604,2.292098,3.459788,2.253280, ,2.270836,3.241204,3.333582,2.580238,2.805982,3.129465,2.063457,4.577075,1.553320,2.673560,3.546992,2.446751,2.837584,2.082111,2.895987,3.268678,2.084468,2.385671,2.163960,2.892982,2.077430,3.014506,1.707498,4.311188,1.981318,1.853218,1.310048, ,1.626690,1.775194,2.509206,1.328057,2.055494,1.892549,1.591696,1.349082,3.709887, ,1.050391,0.977790,1.198215,2.986528,2.679130,1.697479,4.025026,3.051705,2.042934,4.199917,1.300146, ,1.466122,2.724227,0.897505,3.466433,1.037469,1.230891,4.221336,1.057795,3.021083, ,1.722258,2.439565,1.804132, , ,1.147288,2.594834,1.674434,2.167328,3.748682, ,2.593519,2.310168,2.312823,3.388873, ,1.346704,2.572642,4.273248,3.589213,2.721209,4.045028,1.955076, ,4.206675,2.609867,2.493397,1.563099,2.519028,2.395613,4.340564,1.973477, ,4.597379,2.179305,3.184330,3.160688,1.892890,1.058498,4.608863,2.390680,3.200965,1.364827,2.194883,1.951940,3.345598,3.571064,5.609549,2.228549, ,4.901669,2.231847,4.504440,4.205115,4.015337,4.069633,4.158389,3.597131,4.147965,1.869737,1.528777,1.275214,5.791133,4.453061, ,3.531023,2.005913,5.941325,3.165556,6.209015,2.643366,3.933881,3.165286,5.040990,5.442881,5.466149,4.385953,4.787450,5.021335,3.366125,4.398697,4.095256,3.215147,2.415533,1.693014,2.866998,2.496320,4.958955,4.888863, ,4.799161,3.074492,4.643730,3.439826,4.660943,5.232918,4.822838,3.752818,4.344128,2.741988,2.654850,3.426843,4.131011,1.979123,3.228640,4.011489, ,3.255331,4.303942,3.243380,3.278132,3.212665,2.910846,3.258509,5.385230,3.695989,5.439661,4.812905,3.339812,1.002407,1.444910,5.620090,4.312090,5.497769,4.342226,4.341974,4.347948,2.204914,4.223051,2.940408, ,2.017157, ,5.595825,4.736042, ,4.795298,6.145913,2.540769,2.986418,1.265456,2.918592,3.536765,4.323406,1.616781,0.995869,0.977691,1.154280,2.513222,4.292815,1.006863,1.315875, ,4.340369,1.680617,5.151226,1.935378,2.248242,2.097072,2.813410,1.559097, ,1.168367,1.873640, , , ,1.165740, ,2.534284,1.520421,2.182764,2.595403,3.831357,1.933409, ,2.663713,1.103145,1.420944,2.089476,2.682265,2.709926,2.868796, , , ,1.479838,2.477721,2.884670,3.208595,1.588909,3.943332,1.947661, ,1.526213,3.268759,0.826354,3.586244,2.757322,2.240836, , ,2.895630,1.832963, ,1.724018,2.925929, ,2.299167,2.862669,2.132064, , ,2.310032,3.422041, ,2.461885,2.242682,1.259430,1.895524,2.019479,1.454517,2.312052, ,1.821606,4.194260, , , ,2.269869, ,1.054196,3.920396, ,3.577076, ,3.023625,4.588381,1.769383, ,3.973150, ,2.409779,3.571023,3.675323, ,3.028985,4.090999,3.393137,2.296969,1.383134,2.860721,3.836088,3.804389,1.960760, ,3.341023, ,1.515158,2.844752,1.046415,3.202992,2.038711,1.018485,3.221623,3.195794,2.376347, ,2.856073,4.583823,2.740043,1.556769,1.887031,1.743868,1.161357, ,1.438012,2.702879,3.923552,1.752158,1.120439,2.404691, ,2.162000,2.928126, , ,1.018242,2.228841,1.511468,1.238776,3.220899, ,3.645045, , ,3.340939, ,2.623485,2.413289, ,1.885962,3.135679,0.965231,1.037555,2.286998,1.987298, , , ,2.995072, ,1.258249,1.880855,1.066339,1.255764,1.519216, ,3.296206,0.982850,1.331386,4.020792,2.738875,1.336326,2.061395,1.406899,1.460110,1.272100, ,2.443446,2.040007,1.960193,2.705881,1.261202,1.685166, ,1.870157, ,1.632647, , ,2.617373,1.728603,1.566836,2.904693,2.469967, ,1.890058,1.920656,2.171528, ,4.269502,2.804198, ,2.897258,3.598285, ,3.849565,1.292330,1.731904,1.130211,0.970846,0.955904,3.758621,2.397126,2.345955,2.761031, ,1.319076,2.579204,1.784687, , , ,2.460570,1.697018,1.876000,2.801194,1.882167,4.090884,2.348692,1.584070,1.355538,2.023734,1.204271,2.018296,1.198831,2.209472,3.367394,2.677919,2.730315,1.081681, ,2.199936, , ,1.999562,2.694783,2.842901,1.988269, ,1.604931, ,2.954412,2.101449,2.261739,1.557980,1.975330, ,3.270893,2.455496,2.511742,2.792084
Electrode Burst Metrics
    Number of Bursts,1.000000,43.000000,0.000000,34.000000,142.000000,155.000000,3.000000,0.000000,0.000000,2.000000,0.000000,0.000000,135.000000,108.000000,2.000000,0.000000,0.000000,40.000000,0.000000,49.000000,0.000000,0.000000,109.000000,70.000000,152.000000,0.000000,0.000000,0.000000,136.000000,46.000000,63.000000,0.000000,146.000000,23.000000,66.000000,132.000000,0.000000,152.000000,152.000000,15.000000,40.000000,0.000000,125.000000,15.000000,126.000000,148.000000,139.000000,148.000000,92.000000,149.000000,6.000000,84.000000,0.000000,72.000000,0.000000,0.000000,0.000000,146.000000,0.000000,1.000000,16.000000,127.000000,0.000000,8.000000,94.000000,3.000000,0.000000,0.000000,191.000000,200.000000,21.000000,183.000000,205.000000,206.000000,140.000000,150.000000,0.000000,175.000000,214.000000,14.000000,17.000000,131.000000,0.000000,0.000000,0.000000,139.000000,0.000000,96.000000,0.000000,2.000000,6.000000,3.000000,0.000000,4.000000,140.000000,42.000000,30.000000,28.000000,123.000000,123.000000,0.000000,0.000000,0.000000,0.000000,0.000000,0.000000,105.000000,1.000000,106.000000,123.000000,22.000000,92.000000,2.000000,26.000000,73.000000,2.000000,0.000000,73.000000,124.000000,17.000000,0.000000,127.000000,110.000000,8.000000,0.000000,0.000000,0.000000,94.000000,3.000000,123.000000,103.000000,103.000000,117.000000,122.000000,81.000000,7.000000,130.000000,119.000000,126.000000,110.000000,136.000000,32.000000,123.000000,16.000000,118.000000,131.000000,131.000000,99.000000,125.000000,122.000000,0.000000,0.000000,0.000000,133.000000,125.000000,125.000000,132.000000,131.000000,129.000000,91.000000,123.000000,54.000000,118.000000,116.000000,85.000000,122.000000,0.000000,96.000000,39.000000,13.000000,116.000000,44.000000,7.000000,1.000000,0.000000,117.000000,98.000000,0.000000,50.000000,94.000000,0.000000,67.000000,72.000000,98.000000,98.000000,106.000000,100.000000,32.000000,100.000000,23.000000,70.000000,0.000000,42.000000,0.000000,126.000000,135.000000,131.000000,131.000000,132.000000,0.000000,92.000000,0.000000,1.000000,134.000000,133.000000,0.000000,0.000000,134.000000,8.000000,96.000000,0.000000,71.000000,102.000000,14.000000,105.000000,109.000000,114.000000,102.000000,112.000000,114.000000,114.000000,114.000000,106.000000,110.000000,109.000000,109.000000,112.000000,108.000000,108.000000,115.000000,68.000000,109.000000,110.000000,109.000000,0.000000,5.000000,109.000000,106.000000,59.000000,109.000000,130.000000,0.000000,119.000000,21.000000,127.000000,123.000000,0.000000,105.000000,127.000000,115.000000,116.000000,104.000000,104.000000,126.000000,6.000000,77.000000,126.000000,0.000000,28.000000,153.000000,57.000000,0.000000,193.000000,12.000000,205.000000,115.000000,90.000000,7.000000,74.000000,40.000000,22.000000,9.000000,3.000000,57.000000,8.000000,13.000000,67.000000,32.000000,0.000000,18.000000,178.000000,0.000000,26.000000,0.000000,12.000000,0.000000,61.000000,82.000000,143.000000,131.000000,73.000000,38.000000,136.000000,55.000000,0.000000,50.000000,58.000000,103.000000,49.000000,69.000000,98.000000,29.000000,166.000000,16.000000,58.000000,126.000000,29.000000,15.000000,24.000000,137.000000,83.000000,31.000000,43.000000,20.000000,74.000000,16.000000,83.000000,15.000000,152.000000,11.000000,33.000000,6.000000,0.000000,18.000000,27.000000,100.000000,5.000000,38.000000,11.000000,23.000000,14.000000,201.000000,0.000000,2.000000,1.000000,3.000000,138.000000,58.000000,27.000000,171.000000,122.000000,14.000000,181.000000,0.000000,0.000000,35.000000,58.000000,0.000000,145.000000,0.000000,2.000000,170.000000,3.000000,112.000000,0.000000,28.000000,59.000000,18.000000,0.000000,0.000000,0.000000,88.000000,14.000000,33.000000,197.000000,0.000000,83.000000,52.000000,60.000000,160.000000,0.000000,2.000000,83.000000,220.000000,159.000000,101.000000,211.000000,12.000000,0.000000,232.000000,114.000000,116.000000,5.000000,127.000000,95.000000,168.000000,5.000000,0.000000,168.000000,27.000000,157.000000,155.000000,45.000000,1.000000,168.000000,89.000000,167.000000,5.000000,78.000000,41.000000,129.000000,132.000000,132.000000,49.000000,0.000000,132.000000,53.000000,132.000000,132.000000,133.000000,133.000000,131.000000,129.000000,129.000000,24.000000,7.000000,3.000000,108.000000,107.000000,0.000000,76.000000,27.000000,112.000000,94.000000,109.000000,62.000000,107.000000,94.000000,110.000000,113.000000,110.000000,111.000000,135.000000,136.000000,85.000000,135.000000,128.000000,118.000000,77.000000,15.000000,117.000000,92.000000,136.000000,137.000000,0.000000,137.000000,112.000000,135.000000,85.000000,139.000000,139.000000,139.000000,100.000000,130.000000,97.000000,96.000000,128.000000,134.000000,46.000000,80.000000,133.000000,0.000000,123.000000,139.000000,98.000000,94.000000,102.000000,94.000000,106.000000,107.000000,72.000000,106.000000,105.000000,99.000000,0.000000,12.000000,107.000000,104.000000,107.000000,104.000000,115.000000,112.000000,9.000000,115.000000,97.000000,0.000000,26.000000,0.000000,119.000000,120.000000,0.000000,117.000000,119.000000,53.000000,99.000000,6.000000,158.000000,189.000000,198.000000,15.000000,0.000000,2.000000,0.000000,88.000000,198.000000,1.000000,0.000000,0.000000,198.000000,18.000000,198.000000,45.000000,61.000000,27.000000,79.000000,11.000000,0.000000,1.000000,13.000000,0.000000,0.000000,0.000000,3.000000,0.000000,66.000000,6.000000,55.000000,88.000000,138.000000,14.000000,0.000000,74.000000,0.000000,7.000000,54.000000,81.000000,82.000000,92.000000,0.000000,0.000000,0.000000,4.000000,36.000000,96.000000,99.000000,16.000000,166.000000,44.000000,0.000000,10.000000,110.000000,61.000000,131.000000,47.000000,56.000000,0.000000,1.000000,77.000000,27.000000,1.000000,9.000000,71.000000,0.000000,58.000000,96.000000,24.000000,0.000000,0.000000,78.000000,156.000000,0.000000,69.000000,65.000000,0.000000,43.000000,49.000000,7.000000,20.000000,0.000000,23.000000,81.000000,0.000000,0.000000,0.000000,24.000000,0.000000,0.000000,105.000000,0.000000,30.000000,0.000000,68.000000,185.000000,35.000000,0.000000,162.000000,0.000000,14.000000,109.000000,138.000000,0.000000,131.000000,162.000000,106.000000,45.000000,6.000000,90.000000,149.000000,183.000000,46.000000,0.000000,124.000000,0.000000,19.000000,73.000000,0.000000,138.000000,52.000000,0.000000,121.000000,132.000000,58.000000,0.000000,90.000000,196.000000,66.000000,39.000000,15.000000,12.000000,1.000000,0.000000,6.000000,58.000000,186.000000,18.000000,0.000000,42.000000,0.000000,36.000000,77.000000,0.000000,0.000000,0.000000,65.000000,4.000000,8.000000,124.000000,0.000000,169.000000,0.000000,0.000000,105.000000,0.000000,110.000000,74.000000,0.000000,54.000000,150.000000,0.000000,0.000000,84.000000,53.000000,0.000000,0.000000,0.000000,135.000000,0.000000,8.000000,47.000000,5.000000,9.000000,22.000000,0.000000,137.000000,0.000000,2.000000,192.000000,120.000000,6.000000,25.000000,16.000000,17.000000,5.000000,0.000000,79.000000,39.000000,14.000000,88.000000,5.000000,22.000000,0.000000,31.000000,0.000000,7.000000,0.000000,0.000000,76.000000,32.000000,11.000000,92.000000,61.000000,0.000000,36.000000,14.000000,43.000000,0.000000,192.000000,82.000000,0.000000,101.000000,130.000000,0.000000,173.000000,6.000000,35.000000,1.000000,2.000000,0.000000,156.000000,58.000000,60.000000,103.000000,0.000000,21.000000,90.000000,41.000000,3.000000,0.000000,0.000000,79.000000,29.000000,25.000000,91.000000,31.000000,221.000000,54.000000,16.000000,18.000000,22.000000,0.000000,34.000000,0.000000,51.000000,142.000000,72.000000,75.000000,0.000000,0.000000,29.000000,0.000000,0.000000,22.000000,115.000000,114.000000,57.000000,0.000000,28.000000,0.000000,111.000000,60.000000,83.000000,180.000000,57.000000,0.000000,158.000000,97.000000,59.000000,104.000000
    Burst Duration - Avg (sec),0.008560,0.136988, ,0.091725,0.151094,0.149620,0.009093, , ,0.073640, , ,0.150334,0.136169,0.517000, , ,0.134056, ,0.098118, , ,0.100494,0.119537,0.124921, , , ,0.138173,0.126593,0.130993, ,0.133162,0.104970,0.113731,0.119134, ,0.119421,0.119154,0.075680,0.125150, ,0.132739,0.031808,0.113768,0.110215,0.101536,0.103456,0.125747,0.132025,0.110493,0.137436, ,0.113033, , , ,0.111142, ,0.117280,0.208930,0.175077, ,0.086490,0.184741,0.446667, , ,0.166788,0.136806,0.122880,0.168681,0.139085,0.141739,0.142216,0.154882, ,0.185516,0.123526,0.245023,0.120598,0.117392, , , ,0.113502, ,0.143387, ,0.063440,0.194253,0.103920, ,0.120820,0.114538,0.125261,0.226581,0.106377,0.131527,0.131267, , , , , , ,0.126019,0.021520,0.116445,0.130418,0.225775,0.126883,0.110760,0.079212,0.120753,0.092480, ,0.116753,0.123177,0.120254, ,0.130651,0.123159,0.093810, , , ,0.110568,0.894560,0.194401,0.240224,0.202797,0.129984,0.159708,0.246775,0.274651,0.144531,0.160398,0.154024,0.236389,0.127865,0.789792,0.166023,0.435440,0.133701,0.092277,0.104500,0.170234,0.108733,0.126941, , , ,0.095970,0.113619,0.120085,0.093311,0.096393,0.113008,0.202585,0.111448,0.209610,0.135361,0.104925,0.168474,0.098659, ,0.159175,0.134055,0.478886,0.122801,0.263505,0.061097,0.019360, ,0.111092,0.139171, ,0.183093,0.134474, ,0.189323,0.145860,0.137376,0.141082,0.113031,0.126595,0.318158,0.131472,0.425297,0.168710, ,0.160229, ,0.143660,0.118104,0.144696,0.116232,0.135761, ,0.124619, ,0.067280,0.139072,0.140051, , ,0.132986,0.549090,0.137537, ,0.199815,0.140693,0.385177,0.132957,0.103828,0.119553,0.133398,0.088981,0.110996,0.119509,0.130610,0.102124,0.109721,0.169843,0.098316,0.160097,0.172628,0.135647,0.149439,0.303755,0.174027,0.161529,0.170826, ,0.035264,0.107934,0.165195,0.336526,0.113497,0.094055, ,0.113055,0.479360,0.096825,0.110527, ,0.117986,0.100207,0.164164,0.152240,0.137795,0.131608,0.102286,0.288560,0.184926,0.064577, ,0.104991,0.153543,0.048895, ,0.088178,0.029227,0.072915,0.077877,0.079388,0.053840,0.082719,0.112640,0.169495,0.209778,0.045227,0.050292,0.423300,0.063975,0.079964,0.037115, ,0.145804,0.072853, ,0.165034, ,0.034920, ,0.089116,0.063031,0.106777,0.098881,0.106596,0.159958,0.060415,0.043497, ,0.056520,0.067854,0.080693,0.137665,0.103267,0.073733,0.066692,0.092474,0.054030,0.115065,0.106345,0.346306,0.628725,0.324247,0.120659,0.158368,0.131166,0.159468,0.486236,0.155560,0.267085,0.138678,0.282240,0.113491,0.226807,0.065738,0.169427, ,0.095084,0.077416,0.059885,0.075456,0.097613,0.211142,0.090664,0.040811,0.076544, ,0.608600,0.166640,0.081867,0.076363,0.156510,0.060676,0.117760,0.097823,0.319800,0.089401, , ,0.158448,0.109964, ,0.096796, ,0.026640,0.113696,0.059280,0.074169, ,0.167449,0.117284,0.218960, , , ,0.100185,0.068789,0.192407,0.090531, ,0.076306,0.137469,0.075797,0.082928, ,0.053040,0.080476,0.098514,0.126127,0.080646,0.098747,0.051480, ,0.092197,0.061676,0.059208,0.095584,0.114489,0.029540,0.087872,1.673008, ,0.074739,0.075612,0.083416,0.061012,0.018773,0.017920,0.098420,0.036954,0.033450,0.014560,0.022760,0.022345,0.046122,0.043965,0.105633,0.033360, ,0.122353,0.026999,0.125148,0.112490,0.104375,0.116485,0.116133,0.057836,0.100440,0.023943,0.541691,0.033867,0.140044,0.128745, ,0.149157,0.037902,0.122414,0.071019,0.112357,0.117668,0.109380,0.107523,0.108855,0.111587,0.128094,0.107905,0.116536,0.135542,0.138949,0.103474,0.114540,0.079275,0.041894,0.035280,0.068200,0.037427,0.134136,0.115594, ,0.110618,0.089604,0.121020,0.175749,0.152202,0.174487,0.156488,0.215670,0.155411,0.092605,0.032953,0.117109,0.088718,0.026188,0.212372,0.134373, ,0.140661,0.155626,0.122022,0.125558,0.031667,0.071851,0.135675,0.099957,0.171672,0.139714,0.101067,0.076419, ,0.014727,0.156105,0.124958,0.138021,0.117075,0.136441,0.172915,1.342356,0.099044,0.126422, ,0.072086, ,0.138163,0.161487, ,0.134782,0.149414,0.232513,0.060484,0.014107,0.047824,0.091476,0.094056,0.215397, ,6.507720, ,0.102662,0.093951,0.303600, , ,0.095983,0.138951,0.091789,0.017796,0.067401,0.071188,0.095074,0.166189, ,0.021360,0.615495, , , ,0.074080, ,0.163839,0.072747,0.049613,0.042449,0.072639,0.138497, ,0.088693, ,0.032823,0.065446,0.101502,0.049964,0.076463, , , ,0.048600,0.079416,0.070448,0.078341,0.113630,0.060971,0.045515, ,0.017496,0.061859,0.055841,0.066378,0.127469,0.091314, ,0.012640,0.046978,0.049218,0.112640,0.599964,0.122768, ,0.133781,0.088151,0.283223, , ,0.043137,0.084896, ,0.105026,0.075797, ,0.043587,0.055706,0.326503,0.102848, ,0.025127,0.210100, , , ,0.464527, , ,0.126604, ,0.381976, ,0.168828,0.116277,0.033461, ,0.104736, ,0.126446,0.151617,0.069897, ,0.064352,0.108195,0.137709,0.127209,0.033120,0.147314,0.115381,0.075193,0.105459, ,0.086377, ,0.031309,0.117894, ,0.080587,0.095266, ,0.088532,0.098945,0.053477, ,0.086331,0.104566,0.166218,0.144827,0.060688,0.886280,0.017680, ,0.076827,0.256608,0.107643,0.662156, ,0.255341, ,0.299104,0.190739, , , ,0.075081,0.519140,0.020600,0.107990, ,0.128360, , ,0.130113, ,0.061853,0.094371, ,0.040441,0.048141, , ,0.042957,0.030020, , , ,0.060532, ,0.018830,0.032431,0.018768,0.014533,0.038669, ,0.052977, ,0.092680,0.059999,0.063117,0.393773,0.130102,0.022620,0.037087,0.019312, ,0.062123,0.101590,0.179143,0.068955,0.026672,0.029102, ,0.053025, ,0.035074, , ,0.112002,0.222520,0.351825,0.101716,0.143290, ,0.109320,0.325229,0.079529, ,0.079208,0.100700, ,0.078486,0.091112, ,0.099046,0.168947,0.106795,0.041520,0.039720, ,0.096060,0.108055,0.064923,0.072958, ,0.052537,0.071978,0.044617,0.084613, , ,0.052785,0.125975,0.140138,0.076289,0.049892,0.070577,0.137354,0.061680,0.099062,0.180902, ,0.138216, ,0.093713,0.106181,0.107288,0.118054, , ,0.188039, , ,0.220229,0.062850,0.095761,0.057651, ,0.038343, ,0.106940,0.051093,0.054507,0.097325,0.048594, ,0.088672,0.079596,0.100354,0.103750
    Burst Duration - Std (sec), ,0.108939, ,0.045948,0.069979,0.039876,0.000590, , ,0.084117, , ,0.070800,0.041540,0.710557, , ,0.038028, ,0.061731, , ,0.056577,0.063848,0.037746, , , ,0.030716,0.041971,0.035097, ,0.046538,0.029698,0.113409,0.027055, ,0.036429,0.034193,0.037799,0.142214, ,0.040854,0.035698,0.091166,0.041264,0.049486,0.038153,0.066300,0.036611,0.042202,0.121600, ,0.130395, , , ,0.043628, , ,0.213278,0.044241, ,0.059372,0.117469,0.445798, , ,0.065261,0.054277,0.096997,0.074232,0.053064,0.057109,0.054044,0.063062, ,0.081484,0.045011,0.221011,0.143039,0.032765, , , ,0.026890, ,0.057546, ,0.064149,0.230191,0.073718, ,0.009140,0.029558,0.127038,0.276353,0.140604,0.025704,0.024836, , , , , , ,0.093885, ,0.073068,0.028592,0.263999,0.104371,0.002772,0.057534,0.035859,0.049667, ,0.042311,0.017806,0.028400, ,0.014303,0.020994,0.051181, , , ,0.036152,0.671681,0.283604,0.382049,0.288560,0.144872,0.183483,0.401244,0.324845,0.140417,0.196880,0.177428,0.380960,0.101026,0.769095,0.206680,0.686379,0.216465,0.042356,0.092822,0.285257,0.142100,0.182417, , , ,0.041232,0.138913,0.139563,0.055931,0.066076,0.098558,0.375158,0.090574,0.464834,0.185224,0.113530,0.324152,0.081396, ,0.311384,0.238747,0.603069,0.194258,0.471702,0.023075, , ,0.172162,0.273540, ,0.350516,0.277867, ,0.371867,0.287634,0.274015,0.271585,0.146638,0.239069,0.506626,0.237129,0.572899,0.354460, ,0.338951, ,0.238358,0.125326,0.220984,0.172195,0.189707, ,0.186472, , ,0.189090,0.200288, , ,0.178569,0.289749,0.226011, ,0.349621,0.235385,0.497436,0.213342,0.118856,0.147101,0.238225,0.072682,0.096030,0.149952,0.148377,0.137586,0.147365,0.306899,0.129472,0.268723,0.321563,0.226791,0.231094,0.554042,0.315684,0.275851,0.309039, ,0.029832,0.138845,0.325990,0.597144,0.139473,0.072137, ,0.140459,0.523904,0.095359,0.121813, ,0.171545,0.103576,0.332985,0.293283,0.242768,0.198773,0.103055,0.378652,0.349298,0.079465, ,0.164963,0.105035,0.020286, ,0.071862,0.011721,0.062261,0.063960,0.114739,0.017835,0.120531,0.086440,0.332034,0.240626,0.030619,0.052860,0.516122,0.065552,0.223648,0.013308, ,0.333618,0.138020, ,0.353100, ,0.015478, ,0.226815,0.125151,0.197163,0.202349,0.237716,0.419100,0.078117,0.022918, ,0.027744,0.028954,0.154602,0.316271,0.293357,0.052244,0.049401,0.189958,0.029180,0.177274,0.260853,0.639666,0.726157,0.550538,0.280005,0.332797,0.215337,0.318116,0.625730,0.355962,0.378826,0.262733,0.475646,0.255136,0.263178,0.092172,0.247257, ,0.132093,0.070774,0.091509,0.035560,0.139439,0.294760,0.118241,0.030545,0.083771, ,0.009786, ,0.070628,0.199602,0.335367,0.032129,0.198873,0.069423,0.564133,0.141332, , ,0.452240,0.069574, ,0.129976, ,0.011653,0.197015,0.055551,0.045379, ,0.353561,0.274615,0.227344, , , ,0.248005,0.021943,0.342504,0.146448, ,0.104356,0.175610,0.182866,0.106200, ,0.036091,0.187422,0.090875,0.140015,0.171719,0.108165,0.039973, ,0.084731,0.043455,0.067307,0.033409,0.166089,0.005464,0.272192,0.170197, ,0.183382,0.032377,0.294655,0.063202,0.004250, ,0.266210,0.063808,0.036005,0.006256,0.005475,0.005658,0.073643,0.030389,0.218809,0.013781, ,0.360905,0.005904,0.362054,0.341129,0.308206,0.306020,0.361475,0.120207,0.207421,0.006432,0.680423,0.031989,0.285977,0.306625, ,0.418644,0.096292,0.188638,0.111989,0.161279,0.353286,0.259229,0.334865,0.212847,0.158795,0.231015,0.221470,0.245399,0.257761,0.306634,0.093555,0.227947,0.032552,0.010688,0.020865,0.176045,0.031708,0.188896,0.203713, ,0.213909,0.111641,0.119572,0.352108,0.345383,0.376210,0.356640,0.439738,0.340621,0.255329,0.008974,0.270391,0.143383,0.008926,0.410016,0.320116, ,0.342143,0.368406,0.339945,0.273608,0.009479,0.200947,0.272242,0.105990,0.430845,0.258528,0.100120,0.106787, ,0.003980,0.269864,0.304504,0.267449,0.308818,0.254315,0.344920,0.198196,0.134297,0.346727, ,0.177679, ,0.215437,0.292172, ,0.264907,0.273496,0.480994,0.078137,0.002534,0.050182,0.267969,0.212724,0.612688, ,8.557067, ,0.272832,0.262698, , , ,0.255436,0.239064,0.193582,0.003154,0.049038,0.065668,0.129087,0.043830, , ,0.484498, , , ,0.097240, ,0.304795,0.077015,0.026200,0.024844,0.117660,0.208258, ,0.121255, ,0.008403,0.103369,0.178707,0.028895,0.164991, , , ,0.004228,0.164657,0.121251,0.129799,0.256103,0.106372,0.067282, ,0.004143,0.108829,0.025075,0.100883,0.197960,0.192722, , ,0.018477,0.027724, ,0.673287,0.240267, ,0.141031,0.159609,0.503838, , ,0.013802,0.178251, ,0.269185,0.191139, ,0.012356,0.035079,0.379916,0.046339, ,0.009979,0.424146, , , ,0.562238, , ,0.261563, ,0.549175, ,0.331224,0.294842,0.013690, ,0.249882, ,0.083365,0.371011,0.058365, ,0.099134,0.243858,0.326071,0.288136,0.030405,0.397829,0.250544,0.138859,0.251397, ,0.177559, ,0.012840,0.182709, ,0.197359,0.249476, ,0.214987,0.212337,0.020685, ,0.150688,0.197573,0.316968,0.302007,0.033724,0.667202, , ,0.039469,0.503633,0.224328,0.525183, ,0.399520, ,0.476339,0.399800, , , ,0.171154,0.730242,0.006154,0.137834, ,0.197059, , ,0.175576, ,0.067714,0.181775, ,0.042965,0.033880, , ,0.034559,0.015931, , , ,0.082120, ,0.008414,0.014243,0.003264,0.005256,0.016434, ,0.058101, ,0.029925,0.106806,0.157470,0.558270,0.324260,0.005458,0.033153,0.006251, ,0.174446,0.267460,0.384320,0.178410,0.007904,0.014570, ,0.027735, ,0.024518, , ,0.243002,0.432392,0.684535,0.193783,0.317402, ,0.198173,0.470763,0.170878, ,0.079817,0.166237, ,0.095967,0.134941, ,0.109997,0.298766,0.171498, ,0.010805, ,0.111981,0.207130,0.126585,0.108853, ,0.109653,0.155297,0.034243,0.075815, , ,0.074825,0.368568,0.304475,0.208374,0.026260,0.093254,0.210427,0.052841,0.223017,0.438984, ,0.337068, ,0.217146,0.153163,0.224038,0.216987, , ,0.384800, , ,0.450963,0.054289,0.071066,0.031486, ,0.024487, ,0.154983,0.028053,0.034684,0.120371,0.019538, ,0.104023,0.142082,0.038737,0.118101
    Number of Spikes per Burst - Avg,4.000000,9.116279, ,7.852941,13.140845,18.587097,4.000000, , ,6.000000, , ,12.303704,10.666667,9.500000, , ,8.775000, ,7.836735, , ,10.238532,10.285714,17.986842, , , ,14.639706,9.173913,10.269841, ,14.664384,8.086957,8.560606,11.848485, ,18.901316,22.434211,6.666667,8.175000, ,11.984000,5.466667,10.674603,14.972973,10.654676,12.162162,9.750000,16.838926,7.000000,9.369048, ,9.138889, , , ,12.000000, ,7.000000,9.125000,12.574803, ,6.750000,12.787234,10.666667, , ,25.565445,22.565000,8.333333,22.437158,25.346341,26.946602,13.935714,15.620000, ,16.920000,26.514019,9.500000,7.882353,11.374046, , , ,12.748201, ,10.572917, ,6.000000,7.333333,7.666667, ,8.000000,11.992857,8.571429,9.933333,7.464286,22.292683,24.560976, , , , , , ,9.980952,5.000000,9.971698,20.398374,8.909091,9.608696,6.500000,6.923077,9.520548,6.500000, ,8.917808,12.177419,7.882353, ,15.362205,10.781818,7.125000, , , ,9.478723,10.333333,20.276423,14.427184,16.223301,15.042735,20.311475,12.975309,8.714286,23.600000,18.949580,20.658730,18.609091,26.404412,21.343750,19.495935,9.000000,14.830508,18.488550,21.267176,11.595960,14.920000,15.155738, , , ,26.105263,17.384000,15.280000,20.340909,20.045802,18.286822,10.505495,18.504065,15.796296,28.050847,13.379310,11.247059,18.483607, ,10.729167,8.358974,9.769231,14.698276,10.727273,6.000000,5.000000, ,13.512821,15.132653, ,8.540000,11.872340, ,10.671642,9.125000,16.755102,12.775510,23.160377,16.960000,10.406250,17.270000,11.608696,9.314286, ,7.833333, ,12.190476,20.740741,18.473282,16.305344,16.053030, ,10.206522, ,6.000000,18.723881,21.857143, , ,16.037313,19.250000,11.020833, ,10.859155,10.950980,9.785714,11.104762,11.651376,19.236842,10.862745,11.625000,14.666667,17.052632,19.359649,9.433962,12.218182,13.743119,13.844037,23.062500,16.833333,12.166667,26.660870,13.014706,19.174312,16.827273,16.651376, ,5.000000,13.266055,13.377358,12.271186,15.082569,23.084615, ,20.218487,12.238095,18.944882,20.967480, ,13.647619,19.992126,17.913043,22.784483,12.596154,12.807692,19.857143,8.000000,10.519481,11.603175, ,8.250000,20.627451,7.964912, ,15.808290,5.750000,17.053659,12.347826,12.255556,6.857143,11.648649,10.525000,10.545455,8.555556,6.333333,10.192982,22.125000,10.076923,8.298507,6.312500, ,7.055556,15.376404, ,12.653846, ,6.333333, ,10.655738,8.890244,18.776224,13.969466,12.328767,10.842105,11.522059,8.709091, ,8.040000,18.034483,12.728155,11.816327,13.086957,11.673469,7.620690,18.427711,7.750000,12.706897,13.920635,20.206897,54.400000,16.541667,19.832117,16.566265,11.225806,11.139535,18.850000,12.743243,20.187500,13.493976,10.133333,18.407895,11.363636,8.969697,10.166667, ,9.222222,7.962963,9.770000,7.200000,10.605263,11.363636,9.260870,7.214286,15.218905, ,18.500000,8.000000,6.333333,10.500000,14.448276,6.962963,17.327485,11.721311,19.857143,17.773481, , ,11.257143,14.000000, ,13.793103, ,4.500000,19.135294,6.000000,11.839286, ,12.035714,10.966102,13.166667, , , ,9.931818,7.071429,12.939394,13.548223, ,10.072289,11.519231,11.516667,14.725000, ,6.000000,12.036145,19.304545,16.081761,11.396040,18.099526,5.583333, ,17.758621,10.517544,11.000000,5.800000,13.716535,7.147368,18.053571,72.000000, ,18.000000,7.407407,10.401274,9.825806,5.311111,4.000000,20.220238,6.651685,9.676647,4.400000,5.974359,5.902439,9.387597,10.393939,24.257576,6.163265, ,20.537879,5.679245,17.606061,15.181818,13.699248,13.977444,14.801527,10.914729,14.961240,5.250000,7.857143,4.333333,26.842593,16.383178, ,12.302632,5.259259,27.401786,8.659574,29.000000,7.580645,13.457944,8.840426,20.109091,22.823009,23.572727,15.324324,22.066667,24.183824,14.729412,18.362963,16.968750,10.644068,7.727273,5.333333,8.658120,7.793478,23.698529,22.627737, ,21.700730,10.008929,20.614815,15.282353,19.985612,25.489209,21.568345,16.630000,18.207692,8.175258,7.906250,11.531250,15.619403,5.782609,13.887500,15.368421, ,10.764228,17.417266,10.204082,10.436170,9.460784,8.127660,22.226415,24.411215,15.916667,27.047170,20.038095,10.282828, ,4.166667,26.859813,16.673077,26.467290,17.028846,16.391304,17.142857,27.111111,14.791304,8.494845, ,6.076923, ,26.865546,27.583333, ,19.538462,31.159664,9.113208,8.454545,4.000000,8.493671,12.121693,17.186869,7.400000, ,31.000000, ,8.250000,17.136364,8.000000, , ,17.505051,8.833333,23.176768,5.422222,10.147541,9.814815,15.202532,10.363636, ,4.000000,22.230769, , , ,5.333333, ,12.060606,6.500000,9.181818,10.340909,15.942029,9.428571, ,10.743243, ,5.000000,7.907407,10.135802,10.987805,11.021739, , , ,5.250000,10.750000,11.541667,14.363636,9.500000,15.168675,7.681818, ,4.300000,13.454545,13.426230,14.648855,19.127660,8.982143, ,4.000000,13.571429,8.074074,6.000000,20.111111,16.507042, ,11.258621,11.833333,16.583333, , ,9.730769,13.698718, ,12.898551,8.707692, ,8.534884,9.632653,7.571429,6.650000, ,5.782609,22.049383, , , ,15.250000, , ,16.609524, ,23.733333, ,12.735294,17.908108,6.428571, ,14.944444, ,8.857143,15.119266,13.326087, ,13.396947,15.413580,14.037736,9.111111,5.333333,10.566667,14.234899,14.431694,8.239130, ,14.362903, ,6.105263,15.287671, ,11.956522,8.173077, ,13.619835,12.189394,11.465517, ,13.277778,20.229592,13.166667,13.512821,6.933333,19.083333,4.000000, ,6.833333,15.724138,15.349462,15.833333, ,15.190476, ,13.833333,14.207792, , , ,9.446154,10.250000,5.000000,14.580645, ,15.532544, , ,17.438095, ,9.536364,10.108108, ,7.648148,12.433333, , ,8.630952,7.905660, , , ,11.755556, ,4.250000,7.978723,4.200000,4.444444,6.409091, ,11.737226, ,6.000000,14.604167,12.075000,9.500000,12.640000,5.437500,6.000000,4.800000, ,8.734177,9.974359,12.000000,9.988636,5.000000,6.500000, ,9.645161, ,5.000000, , ,12.881579,12.593750,12.909091,15.467391,14.049180, ,11.861111,19.857143,10.348837, ,18.192708,12.195122, ,11.920792,16.738462, ,16.179191,8.666667,9.314286,4.000000,4.000000, ,15.858974,11.293103,10.266667,11.048544, ,6.095238,9.500000,7.292683,6.666667, , ,9.544304,7.862069,11.960000,12.175824,8.129032,16.651584,11.000000,6.875000,6.888889,12.090909, ,8.647059, ,8.725490,14.753521,13.291667,13.186667, , ,12.724138, , ,12.772727,11.930435,14.342105,9.210526, ,6.964286, ,14.324324,8.466667,9.337349,17.200000,9.157895, ,14.215190,10.680412,11.186441,13.913462
    Number of Spikes per Burst - Std, ,2.470871, ,1.351371,2.645997,3.491710,0.000000, , ,1.414214, , ,2.781265,1.472489,6.363961, , ,1.097491, ,1.874688, , ,2.755127,2.854657,3.644804, , , ,2.165975,1.216632,1.667588, ,2.950809,0.848155,2.031512,1.928037, ,3.839081,4.697006,1.112697,2.205907, ,1.636203,0.833809,2.864484,4.020265,2.391750,2.300707,1.925109,2.938714,1.095445,2.155295, ,2.485482, , , ,2.246837, , ,2.918333,1.576210, ,1.488048,3.594716,3.785939, , ,6.371372,5.033134,2.129163,5.579115,5.925357,7.272539,2.636792,3.286478, ,3.932534,6.680312,3.632122,2.204607,2.294930, , , ,2.371612, ,1.739599, ,1.414214,1.966384,1.527525, ,0.816497,1.972824,2.210208,3.204881,2.027261,3.291150,2.950816, , , , , , ,2.148259, ,2.227352,3.288679,2.136064,1.904053,0.707107,1.494606,1.444430,0.707107, ,1.697657,1.725224,1.218726, ,2.280592,1.768127,1.457738, , , ,1.910518,3.055050,15.454481,10.505463,11.063925,5.640667,9.777764,9.037388,2.870208,10.863922,10.692821,8.671021,17.990362,8.870574,14.360810,8.308966,4.690416,9.042450,3.312834,5.779040,6.502620,6.997234,7.675248, , , ,7.679433,6.152345,5.647723,6.667489,6.448450,6.686266,6.377693,8.521308,23.492576,17.486917,3.285423,8.167744,4.178326, ,5.642842,3.320488,4.985877,8.462932,7.983598,1.000000, , ,4.245922,13.383817, ,4.352855,8.276452, ,7.974178,4.192339,13.642763,10.183401,12.478657,16.421789,7.387257,12.306568,8.627330,5.420153, ,3.334349, ,6.760727,8.348709,16.509824,8.364663,8.946247, ,3.519297, , ,12.888995,12.132565, , ,9.118606,8.172253,6.385805, ,7.823583,5.783858,5.056277,4.192309,3.702792,7.985942,7.071123,2.644474,4.508923,7.505564,8.643507,1.956765,5.395176,8.058126,3.958522,18.896723,14.625864,6.410418,14.356909,11.386681,18.409360,12.335419,16.534126, ,1.000000,6.515853,9.887417,10.121385,5.448630,10.894871, ,13.142736,6.833043,10.072205,12.778013, ,9.275672,9.739867,17.628508,23.284182,7.955604,8.049696,11.447071,2.366432,6.479950,4.530924, ,2.823512,8.553918,1.689938, ,6.754592,0.753778,8.206409,4.546144,7.006516,0.690066,4.609200,2.782615,8.319382,2.297341,2.516611,6.877600,21.363771,8.703079,5.810166,0.737804, ,2.940032,18.455287, ,13.230094, ,1.775251, ,9.669342,3.010295,22.140849,8.914067,12.241839,13.933290,5.950371,3.172058, ,1.968735,7.499627,8.788578,12.404088,17.075730,4.373716,3.353184,15.366755,3.492850,11.141842,15.383421,28.594929,64.329287,17.749413,27.835803,18.378933,11.203302,8.692036,17.478634,15.080661,19.243072,11.467210,6.277701,26.243727,8.891262,5.939722,9.064583, ,7.432485,2.594098,7.655268,1.923538,8.277418,7.762380,7.098126,4.003433,12.418609, ,0.707107, ,1.527525,8.138626,14.705498,1.315046,17.613107,3.969433,30.618891,17.169694, , ,9.303203,6.399013, ,4.255546, ,0.707107,18.322213,1.000000,3.670073, ,11.123822,6.842983,9.076472, , , ,13.978469,1.817195,18.410152,8.361962, ,4.838320,5.802266,10.148878,6.767430, ,1.414214,10.150629,12.471812,13.684033,10.481488,11.193729,1.311372, ,12.654326,3.495212,4.780395,0.836660,11.960847,1.071571,24.932066,6.892024, ,26.937497,1.152231,12.886019,3.328641,0.514438, ,22.998939,1.500766,1.398232,0.547723,0.755488,0.943527,3.052433,3.268535,32.215311,0.773168, ,28.993394,0.778894,25.987595,14.877525,9.380819,9.065808,18.219356,3.528967,12.332885,0.442326,3.804759,0.577350,27.556963,12.297910, ,19.397608,1.163304,17.574787,2.753505,28.056491,4.607721,6.681826,4.177006,16.122436,9.289232,27.686137,10.473484,18.517922,31.212344,22.861586,5.541711,14.128732,2.796596,1.714001,0.487950,2.710651,1.363077,13.282302,18.873420, ,18.746908,4.306909,6.655696,19.497016,20.990331,26.219908,22.172594,19.028769,17.823291,3.082242,1.609695,8.705992,11.475895,0.757570,14.032506,19.956572, ,6.076131,16.928194,10.090272,8.002094,1.294861,3.565769,23.233097,8.688480,26.613430,23.359869,6.937806,5.627992, ,0.389249,25.010356,13.994758,29.193020,22.454466,10.331943,16.267392,3.480102,9.263677,4.939475, ,2.682135, ,14.777402,24.481714, ,14.004641,39.245421,6.871514,2.737766,0.000000,2.422682,13.849534,14.002553,4.925154, ,28.284271, ,4.526423,21.515349, , , ,21.088103,7.334447,28.852576,0.722649,4.373542,6.133370,10.628192,3.294624, , ,15.111551, , , ,1.527525, ,7.293577,1.048809,3.687270,3.838362,11.689891,7.622984, ,5.467365, ,0.000000,3.252102,4.191518,4.723187,7.378285, , , ,0.500000,9.106905,7.229933,11.277985,9.309493,17.622520,4.733712, ,0.483046,9.215699,3.658137,9.790831,17.282332,4.266108, , ,5.084622,3.327345, ,17.105879,29.234458, ,5.440460,6.596118,20.304030, , ,2.468887,14.426866, ,11.743765,6.030452, ,1.790834,4.019193,1.618347,0.933302, ,1.536126,34.751583, , , ,12.269616, , ,16.717388, ,28.317088, ,8.920240,23.643116,1.520172, ,10.202454, ,5.531131,15.046671,4.698444, ,5.370402,15.466512,12.132541,5.613386,2.804758,8.919175,11.110252,11.993793,4.039718, ,10.623899, ,1.242521,7.240855, ,10.890208,3.388106, ,14.924396,10.261566,3.261770, ,10.070569,21.563106,15.041055,13.232480,2.737743,9.326973, , ,1.940790,16.069796,16.809310,6.758437, ,14.513641, ,12.424630,16.302516, , , ,4.555322,4.716991,0.000000,7.309752, ,12.522378, , ,13.254842, ,3.465895,4.933996, ,1.894953,4.468257, , ,2.322129,2.936928, , , ,6.926551, ,0.462910,2.523708,0.447214,0.527046,1.893827, ,4.921845, ,0.000000,10.832837,12.286607,5.856620,18.266271,0.629153,2.061553,1.303840, ,5.441316,13.129892,13.756118,11.340594,0.707107,1.766083, ,3.719753, ,0.816497, , ,9.365137,9.543988,14.909423,9.502401,12.178432, ,4.888194,21.306760,4.874050, ,9.269629,10.315324, ,9.193131,14.788721, ,12.730992,5.750362,5.502788, ,0.000000, ,15.540768,12.168421,5.865344,5.189315, ,1.841325,4.545031,1.569138,3.055050, , ,3.020432,6.473706,14.567315,14.736646,2.837157,14.585823,8.895621,1.784190,3.428066,19.769888, ,4.772918, ,4.647918,9.985228,13.862948,12.791143, , ,13.290428, , ,12.409412,3.858737,4.455938,1.532235, ,1.815206, ,8.832957,1.651570,2.505005,9.338692,2.059728, ,8.400289,7.943218,3.486301,7.723512
    Mean ISI within Burst - Avg (sec),0.002853,0.014891, ,0.012589,0.012289,0.008482,0.003031, , ,0.012863, , ,0.012915,0.014000,0.041029, , ,0.017093, ,0.012868, , ,0.009989,0.012474,0.007262, , , ,0.010138,0.015371,0.014205, ,0.009545,0.014631,0.013617,0.010957, ,0.006577,0.005463,0.012485,0.014976, ,0.012004,0.006226,0.010939,0.007613,0.010091,0.009106,0.013693,0.008212,0.017737,0.014933, ,0.012116, , , ,0.009830, ,0.019547,0.021342,0.015091, ,0.013359,0.014445,0.039576, , ,0.006650,0.006146,0.014719,0.007684,0.005548,0.005304,0.010915,0.010564, ,0.011340,0.004734,0.022389,0.014642,0.011209, , , ,0.009648, ,0.014765, ,0.011327,0.025280,0.014304, ,0.017379,0.010346,0.014466,0.020986,0.013551,0.006160,0.005543, , , , , , ,0.013392,0.005380,0.012414,0.006724,0.024007,0.013836,0.020339,0.011695,0.013861,0.016369, ,0.014340,0.011121,0.017504, ,0.009269,0.012710,0.014177, , , ,0.012646,0.084666,0.007546,0.011967,0.009869,0.008205,0.007035,0.013643,0.028713,0.005630,0.007405,0.006578,0.009297,0.004675,0.027752,0.007379,0.033341,0.007309,0.005321,0.004863,0.011557,0.006665,0.007436, , , ,0.003755,0.006069,0.007456,0.004689,0.004821,0.006133,0.013794,0.005994,0.007098,0.004275,0.007813,0.011882,0.005421, ,0.011753,0.014622,0.037181,0.007476,0.016968,0.011757,0.004840, ,0.007597,0.007157, ,0.015832,0.008456, ,0.012473,0.012520,0.006162,0.008722,0.004374,0.006068,0.019830,0.006087,0.024365,0.012529, ,0.014983, ,0.009806,0.005469,0.007053,0.006460,0.007570, ,0.011401, ,0.013456,0.006666,0.005575, , ,0.007379,0.029374,0.010808, ,0.014345,0.011080,0.030898,0.010668,0.008817,0.005655,0.010258,0.008177,0.007661,0.006445,0.006323,0.010750,0.008440,0.009347,0.006945,0.005467,0.007655,0.009336,0.004544,0.015025,0.006926,0.007519,0.007967, ,0.007859,0.007735,0.008686,0.017379,0.007000,0.003993, ,0.005234,0.030595,0.004914,0.004937, ,0.008016,0.004683,0.006758,0.005149,0.008655,0.008854,0.004922,0.032517,0.012589,0.005593, ,0.010602,0.007522,0.006935, ,0.005715,0.006126,0.004364,0.006427,0.006233,0.009107,0.006801,0.010957,0.012454,0.023344,0.008065,0.005266,0.014559,0.006886,0.007110,0.006880, ,0.014793,0.004529, ,0.008747, ,0.006590, ,0.006685,0.006813,0.005329,0.006457,0.007204,0.008083,0.005503,0.005617, ,0.007862,0.004119,0.005764,0.008454,0.005352,0.006511,0.009444,0.004226,0.008047,0.007826,0.005709,0.010484,0.012264,0.011997,0.004838,0.007103,0.009515,0.009940,0.020004,0.008128,0.010731,0.008101,0.020342,0.004983,0.017886,0.007152,0.011034, ,0.009524,0.009958,0.005983,0.011869,0.008692,0.014450,0.009391,0.006340,0.005119, ,0.034817,0.023806,0.013992,0.006119,0.008855,0.009884,0.006430,0.008723,0.014383,0.004792, , ,0.008248,0.008483, ,0.007084, ,0.007427,0.005666,0.010768,0.006823, ,0.010786,0.008298,0.014192, , , ,0.007039,0.011455,0.012968,0.005792, ,0.007035,0.010213,0.005978,0.005656, ,0.009987,0.006208,0.005187,0.007642,0.006499,0.005477,0.010370, ,0.005165,0.006131,0.005557,0.019604,0.007898,0.004836,0.003395,0.023570, ,0.003548,0.011378,0.004825,0.006366,0.004349,0.005973,0.003635,0.005578,0.003733,0.004143,0.004567,0.004564,0.004810,0.004512,0.003667,0.006385, ,0.003715,0.005803,0.004668,0.004447,0.004814,0.006249,0.004507,0.004864,0.005380,0.005622,0.052615,0.009322,0.004337,0.005888, ,0.008056,0.006568,0.003967,0.007837,0.003683,0.009541,0.006514,0.008079,0.004611,0.004468,0.004997,0.005861,0.004086,0.005050,0.007720,0.005608,0.005509,0.008066,0.006344,0.007834,0.006705,0.005364,0.005052,0.004333, ,0.004132,0.008618,0.005718,0.007130,0.004661,0.004375,0.004398,0.008115,0.005458,0.008064,0.004807,0.006293,0.004678,0.005448,0.008969,0.005162, ,0.008134,0.005129,0.006292,0.009011,0.003728,0.006270,0.004673,0.003861,0.005932,0.004005,0.004854,0.007467, ,0.004622,0.004743,0.004695,0.004123,0.004107,0.006718,0.007509,0.051416,0.005903,0.008464, ,0.008405, ,0.004306,0.004512, ,0.005187,0.003992,0.013464,0.007343,0.004702,0.005897,0.004940,0.004367,0.014383, ,0.148433, ,0.008352,0.003734,0.043371, , ,0.003890,0.009864,0.003316,0.004039,0.007222,0.007667,0.006314,0.018253, ,0.007120,0.025081, , , ,0.013769, ,0.010465,0.012013,0.006106,0.004439,0.004274,0.011154, ,0.007890, ,0.008206,0.007704,0.008572,0.005191,0.005930, , , ,0.011510,0.005446,0.005476,0.005410,0.009041,0.003969,0.006206, ,0.005367,0.004626,0.004451,0.004541,0.006770,0.008581, ,0.004213,0.003876,0.006756,0.022528,0.021424,0.007580, ,0.011435,0.006685,0.011357, , ,0.004960,0.005298, ,0.005821,0.006523, ,0.005858,0.006266,0.042801,0.018025, ,0.005234,0.007074, , , ,0.021138, , ,0.005833, ,0.010731, ,0.008566,0.004955,0.006101, ,0.005525, ,0.016063,0.006845,0.005371, ,0.004794,0.005603,0.006875,0.010026,0.006990,0.008323,0.006174,0.004786,0.009855, ,0.005185, ,0.006066,0.007267, ,0.005327,0.008748, ,0.005120,0.006704,0.005089, ,0.005800,0.004399,0.009161,0.007868,0.009989,0.040857,0.005893, ,0.012502,0.010345,0.005413,0.039753, ,0.012523, ,0.015873,0.008144, , , ,0.006700,0.040134,0.005150,0.007200, ,0.007462, , ,0.007519, ,0.006330,0.008108, ,0.005826,0.004109, , ,0.005421,0.004274, , , ,0.004962, ,0.005678,0.004815,0.005856,0.004157,0.007160, ,0.004885, ,0.018536,0.003928,0.004671,0.028187,0.006803,0.005089,0.006798,0.005160, ,0.005594,0.007262,0.008230,0.005727,0.006551,0.005079, ,0.006290, ,0.008302, , ,0.006628,0.012006,0.014312,0.005483,0.007734, ,0.007689,0.011149,0.006876, ,0.004384,0.007832, ,0.006832,0.005538, ,0.006211,0.014176,0.010112,0.013840,0.013240, ,0.006179,0.008834,0.005880,0.006297, ,0.007782,0.006507,0.006829,0.012726, , ,0.005467,0.008320,0.008351,0.005129,0.006860,0.004073,0.010877,0.009343,0.011128,0.009943, ,0.011180, ,0.008546,0.006920,0.007004,0.008080, , ,0.010969, , ,0.012047,0.005680,0.006955,0.006974, ,0.006498, ,0.006931,0.006756,0.006322,0.005440,0.006042, ,0.006051,0.006636,0.009843,0.007540
    Mean ISI within Burst - Std (sec), ,0.007716, ,0.005021,0.003306,0.001203,0.000197, , ,0.013185, , ,0.003288,0.002843,0.052876, , ,0.003122, ,0.006110, , ,0.004204,0.003977,0.001320, , , ,0.001605,0.002868,0.002710, ,0.002501,0.003675,0.007231,0.002221, ,0.001522,0.000908,0.005462,0.008905, ,0.002488,0.005493,0.004088,0.002129,0.003576,0.002590,0.004784,0.001674,0.005833,0.006523, ,0.008219, , , ,0.003430, , ,0.013979,0.002153, ,0.007640,0.006128,0.025418, , ,0.001337,0.001234,0.008245,0.001800,0.001120,0.001083,0.002861,0.002913, ,0.002658,0.000867,0.016836,0.009866,0.002815, , , ,0.001945, ,0.004075, ,0.009626,0.020938,0.009107, ,0.001744,0.002375,0.008327,0.015008,0.010722,0.000634,0.000598, , , , , , ,0.004623, ,0.003954,0.000996,0.018430,0.006591,0.003119,0.007426,0.003675,0.006926, ,0.004315,0.001684,0.003579, ,0.001422,0.002293,0.007151, , , ,0.003627,0.052687,0.003539,0.008045,0.005246,0.004456,0.003388,0.010200,0.025564,0.002143,0.003484,0.003808,0.004447,0.002151,0.017808,0.004682,0.040082,0.003855,0.002088,0.001538,0.008458,0.002540,0.003274, , , ,0.000426,0.002933,0.003158,0.000831,0.001040,0.001947,0.012408,0.001236,0.005585,0.001278,0.004141,0.006422,0.001727, ,0.008786,0.009146,0.033780,0.002911,0.014413,0.004061, , ,0.004784,0.003155, ,0.016150,0.005728, ,0.009979,0.011856,0.003133,0.004020,0.001427,0.002044,0.019202,0.002821,0.021072,0.013293, ,0.018498, ,0.005506,0.001854,0.001722,0.002657,0.002896, ,0.007111, , ,0.002081,0.002203, , ,0.002769,0.016905,0.005955, ,0.007845,0.006232,0.027073,0.007353,0.004106,0.002241,0.004949,0.002364,0.001910,0.002472,0.002030,0.007080,0.003660,0.006720,0.003427,0.002280,0.003828,0.005268,0.002850,0.011338,0.002805,0.003914,0.003087, ,0.005223,0.002708,0.006235,0.014739,0.003222,0.000778, ,0.001372,0.024222,0.001223,0.001274, ,0.002520,0.001315,0.003281,0.002214,0.005277,0.003779,0.001113,0.037016,0.010954,0.003511, ,0.010792,0.002432,0.002068, ,0.002628,0.001989,0.001949,0.002933,0.003226,0.002649,0.004050,0.005208,0.008111,0.017492,0.001793,0.001243,0.006379,0.001905,0.005149,0.001890, ,0.022895,0.001671, ,0.005999, ,0.001820, ,0.003327,0.005600,0.002464,0.004478,0.005131,0.006481,0.004054,0.001418, ,0.003164,0.000825,0.003428,0.005404,0.003295,0.002579,0.001778,0.001822,0.002151,0.005079,0.003277,0.006526,0.005496,0.008589,0.001981,0.003684,0.006221,0.008535,0.011453,0.005639,0.007054,0.005661,0.025484,0.001895,0.008444,0.003494,0.009298, ,0.003703,0.004340,0.002782,0.004404,0.002922,0.010518,0.002860,0.001765,0.002495, ,0.001966, ,0.008257,0.003340,0.006500,0.003920,0.002080,0.002635,0.006273,0.001931, , ,0.008748,0.002936, ,0.004830, ,0.001829,0.002633,0.008509,0.002785, ,0.006773,0.007828,0.007721, , , ,0.006183,0.002521,0.009927,0.003822, ,0.004021,0.006649,0.002766,0.002836, ,0.004393,0.003276,0.002131,0.003634,0.003488,0.002250,0.006454, ,0.002230,0.003218,0.002721,0.004250,0.003469,0.000647,0.001262,0.000831, ,0.000711,0.003713,0.003093,0.002539,0.000786, ,0.001296,0.005174,0.002313,0.001122,0.000858,0.000790,0.002587,0.001543,0.001154,0.002159, ,0.001816,0.001002,0.002007,0.003698,0.005123,0.005035,0.003077,0.003476,0.002251,0.001337,0.057004,0.007257,0.001132,0.003277, ,0.004164,0.010337,0.001145,0.006216,0.000472,0.012570,0.004791,0.011674,0.001642,0.002083,0.000864,0.002745,0.001865,0.001065,0.002471,0.001671,0.002359,0.001817,0.001374,0.003738,0.007468,0.002781,0.001701,0.001301, ,0.001533,0.004216,0.001722,0.005648,0.003221,0.002911,0.003200,0.004973,0.004218,0.012830,0.000885,0.006750,0.002461,0.001418,0.007272,0.004643, ,0.012205,0.004493,0.006641,0.006938,0.000703,0.008985,0.001701,0.001282,0.003609,0.001619,0.001749,0.002811, ,0.000831,0.001563,0.003844,0.001220,0.002368,0.003818,0.003602,0.003510,0.002873,0.013934, ,0.011659, ,0.002132,0.001834, ,0.003001,0.000872,0.019292,0.005109,0.000845,0.003146,0.003275,0.001982,0.027669, ,0.145292, ,0.010405,0.001737, , , ,0.001743,0.009648,0.000796,0.000501,0.002324,0.001777,0.004628,0.002198, , ,0.013367, , , ,0.014969, ,0.008117,0.010452,0.001367,0.001127,0.002017,0.007760, ,0.004305, ,0.002101,0.004735,0.007178,0.002472,0.004072, , , ,0.001283,0.003354,0.003289,0.003524,0.004417,0.001461,0.002552, ,0.001418,0.002632,0.001304,0.002037,0.002299,0.007128, , ,0.000959,0.001606, ,0.014357,0.004659, ,0.005743,0.005242,0.008215, , ,0.000813,0.003036, ,0.003324,0.004937, ,0.001426,0.001440,0.043302,0.007199, ,0.000843,0.003555, , , ,0.018568, , ,0.005496, ,0.008436, ,0.009284,0.002111,0.001533, ,0.004295, ,0.003731,0.005590,0.002488, ,0.003604,0.003484,0.005244,0.010640,0.002323,0.008502,0.004393,0.001921,0.011747, ,0.003199, ,0.001536,0.005588, ,0.003227,0.010830, ,0.003467,0.003590,0.001163, ,0.003468,0.002188,0.007450,0.007565,0.002621,0.025756, , ,0.005709,0.009288,0.003280,0.024574, ,0.011753, ,0.011858,0.006800, , , ,0.007533,0.042198,0.001538,0.004468, ,0.004914, , ,0.004471, ,0.003777,0.006605, ,0.004303,0.001994, , ,0.002933,0.001163, , , ,0.002247, ,0.001818,0.001800,0.000490,0.001027,0.001989, ,0.003018, ,0.005985,0.001463,0.001691,0.032277,0.003641,0.000886,0.003264,0.000863, ,0.003998,0.003699,0.007477,0.002545,0.001035,0.001243, ,0.002565, ,0.004293, , ,0.005330,0.011345,0.014083,0.003905,0.005408, ,0.007277,0.007153,0.004422, ,0.002062,0.003600, ,0.003070,0.002553, ,0.002722,0.013226,0.005497, ,0.003602, ,0.002339,0.003828,0.005184,0.004500, ,0.008478,0.005118,0.004100,0.006633, , ,0.004139,0.011146,0.005468,0.002625,0.001801,0.001726,0.006794,0.005615,0.011336,0.006402, ,0.012208, ,0.007790,0.003086,0.003895,0.003929, , ,0.006176, , ,0.008506,0.003625,0.003603,0.003275, ,0.003460, ,0.003848,0.003090,0.003197,0.002071,0.002302, ,0.002495,0.004294,0.002222,0.003798
    Median ISI within Burst - Avg (sec),0.002800,0.004305, ,0.005713,0.005809,0.003324,0.002933, , ,0.005800, , ,0.004250,0.009273,0.005420, , ,0.009071, ,0.003389, , ,0.003652,0.005928,0.003848, , , ,0.004600,0.005971,0.010943, ,0.004985,0.005760,0.004891,0.005449, ,0.003325,0.003208,0.004488,0.004433, ,0.005824,0.003459,0.003720,0.004071,0.003692,0.003776,0.005445,0.003581,0.006807,0.004227, ,0.004044, , , ,0.003281, ,0.005400,0.006700,0.008911, ,0.004500,0.004478,0.007547, , ,0.004089,0.003511,0.006646,0.004783,0.003373,0.003597,0.009286,0.006843, ,0.008032,0.003097,0.005694,0.005784,0.003946, , , ,0.005715, ,0.006912, ,0.008280,0.004607,0.004013, ,0.004480,0.003829,0.004185,0.006669,0.005044,0.003473,0.003268, , , , , , ,0.003648,0.004880,0.003424,0.003600,0.004976,0.005176,0.004400,0.003497,0.004118,0.003900, ,0.005230,0.006499,0.006918, ,0.003132,0.003778,0.003845, , , ,0.003925,0.029853,0.003616,0.004353,0.004136,0.003939,0.003585,0.004583,0.009389,0.002970,0.003317,0.003365,0.004491,0.002885,0.007129,0.004057,0.007428,0.003405,0.003880,0.003073,0.004398,0.003694,0.003676, , , ,0.002857,0.003387,0.003987,0.003078,0.003138,0.003199,0.004255,0.003587,0.004576,0.002871,0.004048,0.005936,0.003356, ,0.005276,0.008924,0.006338,0.003758,0.006567,0.005211,0.002920, ,0.004059,0.003522, ,0.005570,0.004237, ,0.004505,0.005367,0.003236,0.004774,0.003335,0.003284,0.006776,0.003461,0.005817,0.004516, ,0.005603, ,0.004774,0.003188,0.004168,0.003289,0.003848, ,0.006589, ,0.003760,0.004021,0.003374, , ,0.004036,0.016330,0.006058, ,0.007808,0.005404,0.015317,0.005507,0.004553,0.003876,0.005021,0.004572,0.005240,0.004101,0.004194,0.006326,0.004533,0.005329,0.004741,0.003295,0.003820,0.005066,0.003162,0.007315,0.003760,0.003903,0.004300, ,0.004320,0.003932,0.005954,0.008798,0.004386,0.002825, ,0.003286,0.007516,0.002951,0.003074, ,0.004329,0.003079,0.004064,0.003378,0.004478,0.003948,0.003280,0.018980,0.005506,0.003942, ,0.006921,0.004771,0.005792, ,0.003610,0.004847,0.003172,0.004673,0.004251,0.007743,0.005024,0.009098,0.009036,0.016364,0.006147,0.004066,0.011570,0.006252,0.005539,0.006505, ,0.009473,0.003458, ,0.006738, ,0.005863, ,0.005643,0.005530,0.004123,0.005163,0.005758,0.006926,0.004533,0.004752, ,0.006682,0.003381,0.004417,0.006334,0.004170,0.005397,0.008457,0.003318,0.007352,0.005481,0.004266,0.007410,0.007571,0.008698,0.003758,0.005523,0.006808,0.006113,0.014172,0.005798,0.007330,0.005398,0.010245,0.003948,0.015011,0.005383,0.007533, ,0.008018,0.007673,0.004523,0.007792,0.007282,0.009295,0.007967,0.005283,0.003260, ,0.020060,0.018720,0.007080,0.004945,0.007286,0.007456,0.004979,0.006749,0.009643,0.003578, , ,0.007017,0.007172, ,0.005614, ,0.007220,0.004170,0.006200,0.005622, ,0.008546,0.006231,0.009607, , , ,0.004835,0.010294,0.007839,0.004474, ,0.005306,0.008033,0.004676,0.003943, ,0.008280,0.004389,0.003290,0.004611,0.004518,0.003400,0.006763, ,0.003242,0.004234,0.003916,0.017048,0.004858,0.004431,0.002978,0.021344, ,0.002938,0.008914,0.004006,0.004596,0.003804,0.005920,0.002955,0.004640,0.003239,0.003808,0.004132,0.004113,0.003627,0.003646,0.002964,0.005222, ,0.003164,0.005252,0.003822,0.003611,0.003834,0.004640,0.003751,0.003596,0.004186,0.004963,0.017360,0.006653,0.003454,0.003981, ,0.005001,0.004187,0.003299,0.004586,0.003072,0.005424,0.004307,0.004598,0.003518,0.003566,0.003444,0.003820,0.003371,0.003874,0.006396,0.004128,0.004733,0.006411,0.005313,0.006216,0.005704,0.004626,0.003714,0.003450, ,0.003193,0.005534,0.004123,0.005964,0.003448,0.003524,0.003526,0.006192,0.003971,0.006391,0.004202,0.005021,0.003446,0.004782,0.007531,0.004375, ,0.005999,0.004132,0.004778,0.005593,0.003230,0.004073,0.003802,0.003064,0.004710,0.003093,0.003561,0.005814, ,0.004237,0.003349,0.003292,0.003204,0.003289,0.004357,0.005579,0.035320,0.003737,0.004953, ,0.005569, ,0.003157,0.003439, ,0.003447,0.003014,0.007591,0.004444,0.004947,0.004437,0.003948,0.003366,0.007717, ,0.127340, ,0.006401,0.003085,0.025600, , ,0.003152,0.007129,0.002845,0.003693,0.006223,0.006788,0.005295,0.012716, ,0.006400,0.020982, , , ,0.011947, ,0.008173,0.009887,0.005297,0.003671,0.003259,0.008174, ,0.005779, ,0.007337,0.006179,0.006374,0.004264,0.004714, , , ,0.010930,0.004671,0.004324,0.003959,0.007045,0.003112,0.005195, ,0.005212,0.003631,0.003611,0.003446,0.005482,0.006396, ,0.004320,0.003258,0.005483,0.029440,0.016111,0.005870, ,0.008914,0.005205,0.008533, , ,0.004448,0.004007, ,0.004790,0.005066, ,0.005151,0.005229,0.038040,0.015930, ,0.004746,0.006073, , , ,0.016753, , ,0.003909, ,0.008203, ,0.005828,0.004006,0.005234, ,0.004006, ,0.014326,0.005132,0.004390, ,0.003759,0.004244,0.005160,0.006657,0.005953,0.005981,0.004558,0.003946,0.006813, ,0.003900, ,0.005457,0.004824, ,0.004236,0.006094, ,0.004213,0.005297,0.004118, ,0.004972,0.003293,0.006419,0.005965,0.008725,0.023457,0.006400, ,0.010453,0.006658,0.003940,0.021669, ,0.008321, ,0.011986,0.005399, , , ,0.004598,0.017610,0.004625,0.004835, ,0.004000, , ,0.005011, ,0.004281,0.005823, ,0.004821,0.003258, , ,0.004115,0.003488, , , ,0.003681, ,0.004580,0.004108,0.005888,0.003573,0.006462, ,0.003843, ,0.015200,0.003199,0.003763,0.014033,0.005910,0.004545,0.005480,0.005024, ,0.004464,0.006252,0.006294,0.004623,0.005272,0.004233, ,0.004827, ,0.007680, , ,0.004513,0.008010,0.009749,0.003902,0.005819, ,0.005954,0.005934,0.005661, ,0.003163,0.005056, ,0.004729,0.004061, ,0.004136,0.008920,0.007989,0.012160,0.012080, ,0.003706,0.007139,0.004659,0.004673, ,0.005899,0.004812,0.006116,0.010907, , ,0.004221,0.006658,0.006078,0.003901,0.005987,0.003079,0.007514,0.007550,0.007213,0.008196, ,0.007021, ,0.006468,0.005157,0.005282,0.006060, , ,0.008214, , ,0.006296,0.004274,0.005382,0.005795, ,0.005469, ,0.004726,0.005318,0.005041,0.003906,0.004891, ,0.004279,0.004644,0.008635,0.005635
    Median ISI within Burst - Std (sec), ,0.001039, ,0.001517,0.001607,0.000402,0.000244, , ,0.003224, , ,0.000832,0.001656,0.003309, , ,0.003712, ,0.000586, , ,0.000643,0.002263,0.000593, , , ,0.000851,0.001657,0.002839, ,0.001269,0.002748,0.001648,0.001714, ,0.000339,0.000298,0.000951,0.001103, ,0.001187,0.000784,0.000706,0.000959,0.000739,0.000635,0.001288,0.000422,0.001311,0.000842, ,0.001220, , , ,0.000382, , ,0.002378,0.001598, ,0.001888,0.001036,0.002330, , ,0.000567,0.000290,0.002516,0.001002,0.000344,0.000437,0.001649,0.001657, ,0.001139,0.000204,0.002573,0.000777,0.000928, , , ,0.001397, ,0.002010, ,0.005317,0.001183,0.000784, ,0.001387,0.000837,0.001147,0.001409,0.001655,0.000312,0.000206, , , , , , ,0.000677, ,0.000512,0.000572,0.001225,0.001130,0.000792,0.000893,0.000827,0.000198, ,0.002228,0.000794,0.002041, ,0.000267,0.000675,0.000894, , , ,0.000927,0.018070,0.001233,0.001304,0.000902,0.000822,0.000585,0.001020,0.004069,0.000331,0.000485,0.000529,0.001817,0.000130,0.003396,0.000959,0.003657,0.000662,0.000662,0.000192,0.001120,0.000662,0.000644, , , ,0.000118,0.000437,0.000714,0.000235,0.000266,0.000353,0.000974,0.000554,0.002680,0.000204,0.000713,0.001516,0.000374, ,0.001420,0.002555,0.003788,0.000575,0.002075,0.001188, , ,0.000863,0.000510, ,0.004156,0.001112, ,0.001062,0.001984,0.000360,0.000712,0.000269,0.000366,0.002990,0.000404,0.001980,0.001220, ,0.003148, ,0.002631,0.000320,0.001147,0.000393,0.000734, ,0.001899, , ,0.000616,0.000636, , ,0.000756,0.005729,0.002452, ,0.001353,0.001876,0.009883,0.001384,0.001115,0.000429,0.001082,0.000903,0.000449,0.000585,0.000939,0.000962,0.001120,0.001869,0.001307,0.000457,0.000833,0.000717,0.000657,0.002806,0.000884,0.000864,0.001491, ,0.000746,0.000726,0.001460,0.004631,0.000522,0.000115, ,0.000711,0.004007,0.000256,0.000241, ,0.000780,0.000182,0.001810,0.001342,0.001027,0.000906,0.000324,0.027463,0.001486,0.001598, ,0.006330,0.001396,0.001615, ,0.001079,0.001693,0.000602,0.001651,0.001634,0.002459,0.002253,0.004296,0.004230,0.006310,0.001384,0.001060,0.004039,0.002038,0.002277,0.002155, ,0.010882,0.000732, ,0.002369, ,0.001517, ,0.001999,0.002341,0.001405,0.003214,0.003022,0.005406,0.003154,0.001254, ,0.002652,0.000843,0.001787,0.003151,0.001738,0.001977,0.001429,0.000953,0.002221,0.002389,0.001972,0.003637,0.002442,0.004936,0.001287,0.002422,0.002504,0.002927,0.009472,0.002546,0.002848,0.002380,0.007184,0.001166,0.006025,0.001692,0.004948, ,0.003162,0.003079,0.002337,0.002473,0.002637,0.006915,0.002389,0.001704,0.000537, ,0.004045, ,0.000421,0.001768,0.004456,0.001959,0.001452,0.002229,0.003113,0.000954, , ,0.007228,0.002801, ,0.003711, ,0.001838,0.001528,0.002542,0.002295, ,0.004529,0.003912,0.003777, , , ,0.001787,0.001838,0.003640,0.002351, ,0.002325,0.004365,0.002094,0.001275, ,0.001131,0.001575,0.000609,0.001361,0.001502,0.000694,0.003586, ,0.000535,0.001715,0.001361,0.003879,0.001715,0.000760,0.000640,0.000983, ,0.000284,0.003401,0.002189,0.001444,0.000723, ,0.000623,0.002825,0.001377,0.001025,0.001020,0.000926,0.000828,0.000815,0.000305,0.001344, ,0.001007,0.000941,0.001057,0.002432,0.003593,0.003366,0.002094,0.001234,0.001485,0.001348,0.019054,0.005118,0.000573,0.001063, ,0.002545,0.001824,0.000421,0.001731,0.000246,0.002667,0.001075,0.001913,0.000773,0.001339,0.000589,0.001174,0.001130,0.000788,0.001836,0.001490,0.002051,0.001540,0.001421,0.002245,0.004749,0.001883,0.000974,0.000949, ,0.000760,0.003507,0.000943,0.003764,0.001446,0.001808,0.001951,0.002611,0.002386,0.009099,0.000931,0.004764,0.001150,0.001057,0.005650,0.003918, ,0.007805,0.003006,0.004105,0.003091,0.000415,0.001982,0.001244,0.000429,0.002512,0.000832,0.000714,0.002118, ,0.000689,0.001036,0.001334,0.000512,0.001165,0.001575,0.002106,0.005097,0.001450,0.004331, ,0.003016, ,0.000624,0.000972, ,0.001074,0.000349,0.008075,0.001566,0.001434,0.001507,0.002059,0.000920,0.009246, ,0.135114, ,0.005468,0.000871, , , ,0.000894,0.005514,0.000279,0.000527,0.001798,0.001552,0.003917,0.003255, , ,0.011271, , , ,0.012385, ,0.006356,0.007489,0.001241,0.000614,0.000766,0.002761, ,0.002014, ,0.001855,0.002697,0.004067,0.001748,0.002635, , , ,0.001068,0.002443,0.001943,0.001663,0.002522,0.000577,0.002304, ,0.001690,0.001295,0.000736,0.000907,0.001779,0.003372, , ,0.000638,0.001560, ,0.009670,0.002938, ,0.003233,0.003321,0.004574, , ,0.000739,0.001289, ,0.002288,0.002679, ,0.001531,0.001637,0.049080,0.007166, ,0.000692,0.002699, , , ,0.015563, , ,0.001620, ,0.005138, ,0.005131,0.001166,0.001803, ,0.002037, ,0.003793,0.003194,0.001413, ,0.002180,0.001782,0.002982,0.004913,0.001760,0.003696,0.002196,0.001126,0.003790, ,0.001341, ,0.001243,0.002185, ,0.001837,0.004655, ,0.002333,0.002189,0.000943, ,0.003168,0.000670,0.003239,0.004282,0.001644,0.012469, , ,0.006427,0.004541,0.001466,0.017979, ,0.005716, ,0.004438,0.002934, , , ,0.004612,0.017276,0.000822,0.002645, ,0.001428, , ,0.002366, ,0.001984,0.004046, ,0.003303,0.001385, , ,0.001928,0.000649, , , ,0.001200, ,0.000934,0.001838,0.000634,0.000538,0.002135, ,0.002409, ,0.004186,0.000647,0.001079,0.010362,0.002473,0.000935,0.001374,0.000538, ,0.002087,0.002539,0.004615,0.001493,0.001383,0.000959, ,0.002079, ,0.003872, , ,0.002468,0.005995,0.006208,0.001785,0.002949, ,0.005682,0.003040,0.002737, ,0.000796,0.001652, ,0.002027,0.001451, ,0.001322,0.003852,0.003367, ,0.008146, ,0.001036,0.003386,0.002681,0.002505, ,0.002787,0.002454,0.003917,0.007196, , ,0.002247,0.006921,0.002807,0.001272,0.002425,0.000394,0.003637,0.003861,0.003752,0.004023, ,0.003850, ,0.002893,0.001841,0.002686,0.002426, , ,0.004320, , ,0.002900,0.001869,0.002354,0.002675, ,0.002882, ,0.001731,0.002049,0.002425,0.001039,0.001648, ,0.001428,0.001757,0.002662,0.002449
    Median/Mean ISI within Burst,0.981308,0.400540, ,0.527116,0.489279,0.400339,0.967508, , ,0.679266, , ,0.361046,0.674930,0.472555, , ,0.521669, ,0.401980, , ,0.479507,0.513850,0.546426, , , ,0.462086,0.394809,0.775971, ,0.548924,0.427994,0.443684,0.506220, ,0.538320,0.604026,0.472093,0.401854, ,0.501399,0.765792,0.409485,0.575125,0.433596,0.465242,0.461568,0.459638,0.441047,0.359086, ,0.470664, , , ,0.409388, ,0.276262,0.433297,0.592343, ,0.493616,0.369616,0.218513, , ,0.633513,0.596216,0.563980,0.643070,0.632756,0.698601,0.878405,0.665699, ,0.736676,0.673423,0.483696,0.561247,0.390066, , , ,0.607281, ,0.494919, ,0.831985,0.327137,0.482450, ,0.254264,0.402242,0.400704,0.418154,0.521947,0.569993,0.595369, , , , , , ,0.302542,0.907063,0.321154,0.546846,0.288006,0.423993,0.215889,0.513039,0.341558,0.258862, ,0.409602,0.594719,0.405571, ,0.345985,0.314897,0.424523, , , ,0.366606,0.382895,0.520236,0.444024,0.477536,0.542726,0.568856,0.459526,0.458931,0.576385,0.511977,0.593318,0.523480,0.692044,0.325665,0.637329,0.475966,0.510984,0.769295,0.663073,0.460829,0.577359,0.529153, , , ,0.767168,0.612259,0.568313,0.667226,0.667588,0.552311,0.411788,0.607831,0.775670,0.698943,0.565338,0.548308,0.643806, ,0.525322,0.666278,0.227869,0.532130,0.492257,0.516448,0.603306, ,0.589923,0.527938, ,0.437221,0.566075, ,0.443266,0.535980,0.575969,0.590161,0.803489,0.571843,0.487780,0.618316,0.382218,0.504303, ,0.585335, ,0.514452,0.612910,0.598380,0.552269,0.535068, ,0.636077, ,0.279429,0.632083,0.634827, , ,0.585890,0.657500,0.612841, ,0.598087,0.521263,0.611118,0.580811,0.555859,0.722950,0.524313,0.571894,0.700319,0.669755,0.680400,0.650999,0.565215,0.639103,0.720312,0.644290,0.542098,0.601690,0.778870,0.565306,0.570010,0.572495,0.551439, ,0.718225,0.531869,0.797087,0.595573,0.679064,0.728624, ,0.643830,0.321509,0.627532,0.649646, ,0.562360,0.690076,0.630784,0.677044,0.585471,0.477178,0.688760,0.672516,0.550614,0.777442, ,0.803700,0.662039,0.855294, ,0.693504,0.801334,0.786006,0.773582,0.745714,0.867032,0.794801,0.844765,0.795133,0.858482,0.771778,0.781792,0.824348,0.904497,0.833915,0.946468, ,0.820612,0.798954, ,0.850293, ,0.914273, ,0.868792,0.872289,0.805235,0.827264,0.850369,0.869640,0.846100,0.862016, ,0.860477,0.822264,0.816077,0.793093,0.817511,0.844739,0.904462,0.820383,0.915820,0.763013,0.792556,0.784760,0.670233,0.791335,0.807087,0.814649,0.810477,0.752198,0.739372,0.803656,0.769198,0.766133,0.756037,0.821626,0.858660,0.816993,0.786089, ,0.859543,0.791668,0.791670,0.668721,0.844263,0.683841,0.868679,0.842928,0.722006, ,0.580363,0.786366,0.616130,0.863858,0.859762,0.817918,0.788853,0.781238,0.708709,0.785648, , ,0.857773,0.846347, ,0.819387, ,0.971141,0.772830,0.708198,0.825128, ,0.829768,0.832344,0.737422, , , ,0.827540,0.911676,0.725633,0.819484, ,0.798326,0.847308,0.801659,0.755821, ,0.890346,0.764673,0.699884,0.670334,0.760092,0.685572,0.718692, ,0.699206,0.756989,0.764769,0.869521,0.674712,0.919733,0.898894,0.905409, ,0.844711,0.791761,0.854392,0.757873,0.881240,0.991071,0.834093,0.890920,0.887494,0.925719,0.904653,0.902439,0.805569,0.831025,0.838603,0.856264, ,0.882060,0.910861,0.846263,0.849609,0.840751,0.764804,0.861404,0.791474,0.791905,0.889243,0.585773,0.727710,0.809632,0.720804, ,0.680268,0.867700,0.851988,0.687843,0.840385,0.765000,0.733500,0.753307,0.784459,0.813943,0.696753,0.685144,0.847795,0.776699,0.850684,0.738344,0.861817,0.806100,0.842828,0.846161,0.900634,0.873490,0.748317,0.807135, ,0.798264,0.672330,0.733976,0.872512,0.814724,0.846131,0.850362,0.815717,0.777007,0.873803,0.878085,0.850279,0.783345,0.891075,0.876242,0.867247, ,0.852142,0.851033,0.824431,0.683132,0.876085,0.846191,0.823155,0.820838,0.838475,0.796561,0.758934,0.788336, ,0.927369,0.720327,0.793629,0.798135,0.852225,0.689825,0.768061,0.694350,0.690985,0.820204, ,0.886303, ,0.779978,0.785998, ,0.718789,0.770698,0.790793,0.685112,1.046457,0.800810,0.847029,0.804231,0.813757, ,0.791636, ,0.868363,0.868145,0.590250, , ,0.849814,0.829954,0.878483,0.917296,0.873493,0.895337,0.849483,0.693896, ,0.898876,0.870066, , , ,0.905541, ,0.818729,0.863498,0.872505,0.852662,0.822809,0.856903, ,0.785618, ,0.909508,0.853562,0.824920,0.839462,0.833099, , , ,0.951009,0.879399,0.837904,0.795177,0.812964,0.822837,0.850956, ,0.976411,0.843440,0.829140,0.814030,0.825555,0.847171, ,1.025316,0.856315,0.817123,1.306818,0.826966,0.827843, ,0.826051,0.818006,0.839770, , ,0.902151,0.818112, ,0.843361,0.831596, ,0.882813,0.834124,0.713531,0.878683, ,0.919814,0.874912, , , ,0.831740, , ,0.779014, ,0.847327, ,0.803375,0.838862,0.859590, ,0.792908, ,0.893341,0.807041,0.853599, ,0.826355,0.806380,0.797129,0.766551,0.864337,0.834114,0.799908,0.848575,0.824959, ,0.806822, ,0.910428,0.714067, ,0.835046,0.812749, ,0.853173,0.823374,0.817666, ,0.862069,0.818091,0.807370,0.812736,0.896780,0.687615,1.085973, ,0.841161,0.779534,0.803361,0.565971, ,0.779698, ,0.876979,0.780711, , , ,0.761525,0.502773,0.927493,0.712058, ,0.650650, , ,0.718265, ,0.752975,0.772905, ,0.852470,0.827919, , ,0.804527,0.845105, , , ,0.789834, ,0.851171,0.859977,1.008295,0.884443,0.903426, ,0.804576, ,0.826658,0.845978,0.830021,0.797082,0.908424,0.895580,0.880016,0.983888, ,0.839234,0.889452,0.843246,0.849661,0.794000,0.843791, ,0.792627, ,0.929063, , ,0.762195,0.753156,0.844924,0.792135,0.794918, ,0.789324,0.584115,0.840760, ,0.781260,0.706573, ,0.734302,0.779025, ,0.721200,0.776147,0.825349,0.878613,0.860545, ,0.642782,0.825348,0.861784,0.796799, ,0.878448,0.815932,0.890897,0.823107, , ,0.834657,0.896046,0.783786,0.813117,0.863874,0.811406,0.763571,0.844692,0.797481,0.884104, ,0.778730, ,0.885053,0.786434,0.781281,0.797132, , ,0.777058, , ,0.615184,0.800940,0.801309,0.844809, ,0.861328, ,0.742997,0.825567,0.822143,0.757638,0.832206, ,0.745935,0.782451,0.874977,0.776824
    Inter-Burst Interval - Avg (sec), ,14.089093, ,17.649256,4.196770,3.880246,201.566480, , ,331.366320, , ,4.459383,5.584669,391.012000, , ,14.592542, ,11.870503, , ,5.521759,8.495413,3.949315, , , ,4.417409,12.264372,9.618289, ,4.120401,23.575498,9.077493,4.560702, ,3.956618,3.956625,40.940309,14.741873, ,4.818127,38.231771,4.779567,4.064214,4.329269,4.064184,6.382526,4.025586,95.682256,6.943815, ,8.314515, , , ,4.108867, , ,35.697829,4.728458, ,65.574526,6.261566,165.489840, , ,3.119037,2.977998,23.983908,3.256229,2.904972,2.890841,4.263514,3.977369, ,3.405870,2.782301,38.500252,33.642840,4.600412, , , ,4.329181, ,6.224206, ,155.885200,73.850992,104.256360, ,98.986373,4.302499,13.314802,19.420610,21.494092,4.858546,4.858517, , , , , , ,5.627659, ,5.645115,4.858503,23.777486,6.454592,384.895520,22.338355,8.165822,81.800640, ,8.041714,4.851271,37.131595, ,4.735761,5.450493,73.145406, , , ,6.321965,147.761320,4.845293,5.795439,5.795418,5.095788,4.885248,7.235057,72.188747,4.582205,5.009454,4.729038,5.368570,4.378606,18.860903,4.845298,39.408635,5.098011,4.592628,4.592603,6.086476,4.814823,4.934188, , , ,4.522986,4.814811,4.814757,4.557532,4.592590,4.664327,6.621201,4.870475,11.191736,5.078446,5.166801,7.061498,4.910605, ,6.243709,15.122063,47.563687,5.157855,13.186746,43.145693, , ,5.121980,6.116958, ,11.695182,6.291456, ,8.865190,8.155661,6.117046,6.117014,5.650955,5.993470,18.486098,5.993456,26.423062,8.424813, ,14.311850, ,4.734500,4.416470,4.552350,4.552442,4.517627, ,6.497517, , ,4.449749,4.483509, , ,4.449745,69.164594,6.248143, ,8.127009,5.877039,37.104991,5.707420,5.496018,5.252912,5.876970,5.347516,5.252851,5.252894,5.252890,5.652990,5.445596,5.486671,5.486628,5.338315,5.537826,5.537927,5.197839,8.731801,5.486569,5.436313,5.486577, ,77.129200,5.486654,5.643383,9.987287,5.486539,4.561340, ,4.986547,25.374460,4.669931,4.823048, ,5.593583,4.669930,5.161507,5.116632,5.712733,5.712717,4.707291,49.246128,7.592060,4.761090, ,20.675227,3.932124,10.494790, ,3.112900,45.297847,2.931040,5.244985,6.717768,58.557427,8.051076,14.153448,27.251577,65.073950,242.684920,10.273993,69.338171,44.419120,8.849424,18.840710, ,31.261393,3.372059, ,23.363136, ,44.124189, ,9.811973,7.268030,4.193539,4.535426,8.188818,15.918523,4.410883,10.852572, ,11.282054,10.100987,5.745609,11.859405,8.756818,6.078123,20.330457,3.608838,35.226624,10.364380,4.726099,21.098746,39.381783,25.345631,4.343859,7.204366,19.691941,14.065817,26.313844,7.986277,38.863408,7.129826,42.197383,3.945421,57.678896,18.667027,100.901600, ,33.222344,22.974603,6.033798,107.008180,16.143786,57.436136,24.727829,42.772702,2.993040, ,230.886160, ,140.397280,4.370983,9.837631,20.037548,3.504416,4.888419,44.111175,3.326792, , ,16.001612,10.125222, ,4.158222, ,330.457920,3.543164,170.717120,5.374463, ,21.867967,10.243537,30.266631, , , ,6.828986,42.195582,18.135642,3.043712, ,7.245318,11.583211,9.831783,3.720908, ,65.159680,7.157113,2.717422,3.743583,5.903982,2.833883,35.706502, ,2.576372,5.193711,5.103278,63.941280,4.657973,6.087572,3.533467,104.843400, ,3.533451,21.869923,3.753730,3.831746,13.370775, ,3.533469,6.685158,3.554717,89.643740,7.525292,14.303188,4.649333,4.542868,4.542918,12.350282, ,4.542859,11.444617,4.542931,4.542801,4.508439,4.508446,4.577897,4.649253,4.649306,25.511962,62.159013,211.110960,5.464274,5.515805, ,7.795730,18.596471,5.267314,6.286766,5.413727,9.458850,5.515826,6.031414,5.364031,5.220371,5.363997,5.315231,4.449657,4.416703,7.029658,4.449571,4.694762,5.096158,7.730788,39.004029,5.139994,6.552148,4.416612,4.384116, ,4.384089,5.371450,4.449467,6.979652,4.296586,4.296584,4.296637,5.922139,4.596407,5.969309,6.241364,4.668791,4.458231,12.177228,7.505518,4.491941, ,4.860139,4.296625,6.090237,6.352191,5.849013,6.317658,5.626218,5.573075,8.133831,5.626107,5.680390,6.028064, ,47.170109,5.573198,5.735500,5.573142,5.735389,5.165832,5.305512,67.671470,5.165940,6.134432, ,22.324138, ,4.990690,4.948848, ,5.076938,4.990761,10.397395,6.009378,104.870672,3.782221,3.176315,3.031202,41.891314, ,9.361360, ,6.863885,3.031185, , , ,3.031174,34.930508,3.031212,13.282889,9.824352,22.017006,7.557192,56.214272, , ,49.121907, , , ,132.286200, ,9.068628,77.591600,10.915939,6.775444,4.334418,43.266603, ,8.134569, ,66.920493,11.204208,7.422779,7.331153,6.525479, , , ,159.054053,16.966507,6.267330,6.008419,33.805045,3.614544,12.719503, ,64.116169,5.446650,9.768709,4.587654,12.543901,10.527930, , ,7.712077,20.464671, ,67.776620,8.438271, ,10.009914,6.215235,24.808056, , ,7.542958,3.827559, ,8.465874,9.072626, ,13.706526,11.993452,81.911680,30.400366, ,24.924338,7.262130, , , ,23.980560, , ,5.628160, ,20.038817, ,8.671207,3.233999,17.206346, ,3.695928, ,35.235557,5.509666,4.343323, ,4.577284,3.695930,5.667271,13.296047,91.611712,6.686166,4.020577,3.279537,12.746288, ,4.852715, ,30.818120,8.111537, ,4.356830,11.703203, ,4.974065,4.556398,10.471475, ,6.706620,3.057109,9.012366,15.686775,38.313731,39.348276, , ,64.812976,10.458709,3.222474,31.553576, ,14.539940, ,16.111335,7.737295, , , ,9.160109,34.996107,63.703246,4.845934, ,3.530124, , ,5.708879, ,5.446877,8.124011, ,11.171656,3.998278, , ,7.177960,11.043418, , , ,4.446045, ,76.763051,12.370028,89.563380,62.754690,25.091006, ,4.350542, ,27.329600,3.097781,4.972050,94.301888,23.899643,35.717312,33.974500,116.736640, ,7.439629,15.094105,38.226775,6.727697,109.590340,27.526598, ,19.502504, ,90.460813, , ,7.800969,18.455381,52.090648,6.493876,9.751736, ,16.716585,35.824578,14.128091, ,3.131528,7.355981, ,5.958460,4.636605, ,3.477638,69.981328,16.564642, ,66.098800, ,3.844040,10.301919,9.812537,5.761450, ,27.687252,6.603471,14.334546,53.063680, , ,7.350973,20.477474,23.890657,6.478878,19.112669,2.708937,10.924267,30.548635,34.085572,27.590084, ,17.118824, ,11.503008,4.197218,8.335032,7.884171, , ,20.031451, , ,22.753318,5.211036,5.257063,10.143580, ,20.836554, ,5.400673,9.535485,7.208567,3.331657,10.046023, ,3.798579,6.103958,9.794277,5.767388
    Inter-Burst Interval - Std (sec), ,16.740751, ,14.195880,2.177521,1.951817,170.132041, , , , , ,2.925458,3.406653, , , ,11.332153, ,9.003689, , ,4.944873,6.309875,2.234538, , , ,1.979653,9.476971,6.376182, ,2.097619,20.525238,6.309909,2.083115, ,2.167212,2.164693,29.965466,12.715476, ,2.158584,25.411501,3.032499,2.245111,2.363535,2.196531,3.514301,1.809310,90.589638,4.729990, ,5.952977, , , ,1.870427, , ,31.494787,1.477777, ,44.878118,4.995007,122.902852, , ,1.952717,1.993678,27.244871,1.894091,2.011751,2.017232,1.849515,2.412898, ,1.958431,2.036698,36.364522,31.191675,2.097732, , , ,1.746902, ,4.077585, , ,39.624562,52.211351, ,144.368700,1.831637,13.128427,11.733408,15.684327,2.374603,2.373959, , , , , , ,3.307268, ,3.083507,2.376631,14.797473,3.793136, ,16.528088,6.992292, , ,5.412388,1.673239,39.106186, ,1.663944,2.529231,51.005325, , , ,3.591401,157.076418,3.481794,3.587689,3.722399,3.727575,3.579193,6.404178,60.230075,3.386205,3.545398,3.387075,3.713532,3.451097,13.256245,3.357262,32.175391,2.718279,2.819882,2.835061,3.618432,2.788398,2.771874, , , ,2.855889,2.789016,2.788592,2.851137,2.834666,2.810419,3.773063,2.203046,10.086810,2.169272,2.103867,3.877157,2.170788, ,2.774198,23.272875,32.742388,2.145731,14.879624,44.369722, , ,2.097341,1.839802, ,8.863134,2.127651, ,5.939954,4.052140,1.842006,1.839998,2.259478,1.988899,14.631173,1.986976,16.299375,7.205867, ,12.295897, ,2.107292,1.996503,1.990001,1.995482,2.010152, ,4.020347, , ,1.984781,2.004881, , ,1.986722,30.658855,2.689075, ,5.084323,2.577574,42.514171,2.070063,1.827471,1.857473,2.367923,2.034327,1.857607,1.858015,1.859162,1.481539,2.193019,3.314648,3.314563,3.355357,3.346230,3.303835,3.390548,6.390279,3.363316,3.329913,3.316923, ,39.789582,3.314285,3.420837,6.779106,3.314229,2.435135, ,2.642771,17.269694,2.453867,2.377041, ,2.855498,2.383505,2.347420,2.542294,2.752438,2.785150,2.440276,52.736394,3.919759,3.148185, ,20.500531,2.142783,6.658142, ,1.730022,20.959399,1.504655,3.164066,4.819778,51.658052,4.880320,12.339669,17.862454,60.659949,288.998671,8.320246,104.363951,43.311541,6.175848,20.156765, ,15.510507,1.687802, ,22.130825, ,50.304627, ,6.248970,4.082914,2.621859,2.776129,5.586687,13.517827,2.407556,7.677104, ,7.271701,6.191215,3.772731,6.825170,5.672014,3.775576,14.450695,1.830696,30.379718,7.650413,2.516327,14.870806,28.690033,24.078363,2.460133,4.009994,13.081517,10.419591,24.200477,6.320071,26.097206,4.179275,26.442186,2.116060,57.179121,15.936303,62.094281, ,31.215384,18.174760,3.856030,94.234380,11.727708,42.698389,20.635092,44.450207,1.613798, , , ,83.596426,2.607149,7.280856,16.960403,1.412054,3.456705,34.709605,1.334709, , ,12.378859,6.942690, ,1.920042, , ,1.571620,232.441612,3.620905, ,14.940194,9.549762,30.235369, , , ,5.159815,58.890895,15.395755,1.654939, ,5.154974,7.754540,5.822888,2.205229, , ,4.173594,1.218145,1.798710,4.479089,1.326035,23.862790, ,1.227107,3.256903,2.981310,38.175884,3.261290,5.090062,1.488645,74.533897, ,1.491672,17.540432,1.724720,1.972078,18.308464, ,1.491991,4.835597,1.490344,94.407398,7.559963,12.896523,2.701078,2.571281,2.572679,10.301521, ,2.573192,11.043070,2.572411,2.573732,2.590901,2.572060,2.624501,2.623038,2.615271,36.841312,71.971631,123.856484,3.251779,3.298151, ,4.646238,15.408725,3.105691,4.045560,3.166364,6.102674,3.081079,3.160975,3.105842,3.126429,3.108583,3.132549,1.629314,1.632461,4.038743,1.630484,1.839509,2.048354,5.693313,40.279006,2.031720,4.483998,1.650290,1.635895, ,1.679223,3.028229,1.631942,4.149736,1.971878,1.971678,1.971016,3.183731,2.058364,3.579726,3.029967,2.137371,1.986017,8.963362,5.349476,1.970625, ,2.082778,1.973564,2.902934,3.430809,2.680393,2.896071,2.790049,2.814995,5.514045,2.789302,2.768369,2.848947, ,36.800895,2.817506,2.735064,2.816158,2.734093,2.613075,2.688285,45.153998,2.614178,4.036701, ,21.635625, ,2.726785,2.715716, ,2.710447,2.695445,6.346373,3.538335,94.558325,2.308610,1.488994,1.354096,37.411899, , , ,5.867338,1.354227, , , ,1.353653,31.835667,1.354931,11.086847,4.684462,9.606846,3.133125,35.019074, , ,30.029846, , , ,146.076778, ,4.515848,43.492009,6.468746,3.343341,2.019047,31.192837, ,4.366592, ,60.067483,6.588306,3.544708,3.108093,2.888879, , , ,74.677189,10.517842,3.269117,3.014443,15.151632,1.938577,6.458698, ,62.423250,3.253533,5.082001,2.497250,6.439446,5.173712, , ,4.458153,12.128753, ,41.304982,6.146070, ,8.938454,4.637572,13.756868, , ,4.542655,2.087182, ,5.261054,6.563114, ,7.951819,7.575896,38.656623,30.083841, ,17.892364,4.250605, , , ,20.201755, , ,2.910126, ,13.952184, ,5.036465,2.094641,11.831591, ,2.367360, ,36.267933,3.279682,3.452026, ,3.050201,2.185376,4.108657,9.201027,90.295153,4.678088,2.540413,1.615440,12.476507, ,3.178858, ,22.519227,6.289997, ,2.235120,8.166493, ,3.133376,2.616682,8.247265, ,5.422431,1.798248,6.660106,10.590676,28.628554,41.127586, , ,40.579279,7.078204,1.917440,24.714072, ,9.129820, ,13.743824,5.058990, , , ,6.444755,13.367308,27.119563,2.737082, ,1.856656, , ,3.780194, ,3.450768,5.127780, ,7.117528,1.990763, , ,4.145546,7.049831, , , ,2.321966, ,58.081702,6.941163,63.348425,59.189811,17.242845, ,2.369114, , ,1.523093,2.837864,100.974878,19.488530,29.514440,24.617768,122.518487, ,4.365907,8.939136,25.868385,4.009611,95.348150,16.252705, ,13.971950, ,75.891511, , ,5.507726,12.569378,32.907406,4.042377,6.438530, ,13.238694,27.249254,11.329062, ,1.461103,4.588195, ,4.299921,2.725671, ,1.638229,41.465572,16.061190, , , ,2.082619,8.145883,6.412952,3.316061, ,14.600480,4.052346,11.495015,48.965165, , ,5.679107,15.526119,13.528908,3.767301,15.055069,1.253010,8.694639,23.815734,28.313081,16.824121, ,13.545539, ,9.605522,2.527324,5.219562,6.161169, , ,17.246677, , ,16.744856,2.957535,2.994384,6.822896, ,12.622502, ,2.685501,4.598240,4.835637,1.650595,6.170985, ,2.092214,3.530379,5.092371,3.386254
    Burst Frequency (Hz),0.001667,0.071667, ,0.056667,0.236667,0.258333,0.005000, , ,0.003333, , ,0.225000,0.180000,0.003333, , ,0.066667, ,0.081667, , ,0.181667,0.116667,0.253333, , , ,0.226667,0.076667,0.105000, ,0.243333,0.038333,0.110000,0.220000, ,0.253333,0.253333,0.025000,0.066667, ,0.208333,0.025000,0.210000,0.246667,0.231667,0.246667,0.153333,0.248333,0.010000,0.140000, ,0.120000, , , ,0.243333, ,0.001667,0.026667,0.211667, ,0.013333,0.156667,0.005000, , ,0.318333,0.333333,0.035000,0.305000,0.341667,0.343333,0.233333,0.250000, ,0.291667,0.356667,0.023333,0.028333,0.218333, , , ,0.231667, ,0.160000, ,0.003333,0.010000,0.005000, ,0.006667,0.233333,0.070000,0.050000,0.046667,0.205000,0.205000, , , , , , ,0.175000,0.001667,0.176667,0.205000,0.036667,0.153333,0.003333,0.043333,0.121667,0.003333, ,0.121667,0.206667,0.028333, ,0.211667,0.183333,0.013333, , , ,0.156667,0.005000,0.205000,0.171667,0.171667,0.195000,0.203333,0.135000,0.011667,0.216667,0.198333,0.210000,0.183333,0.226667,0.053333,0.205000,0.026667,0.196667,0.218333,0.218333,0.165000,0.208333,0.203333, , , ,0.221667,0.208333,0.208333,0.220000,0.218333,0.215000,0.151667,0.205000,0.090000,0.196667,0.193333,0.141667,0.203333, ,0.160000,0.065000,0.021667,0.193333,0.073333,0.011667,0.001667, ,0.195000,0.163333, ,0.083333,0.156667, ,0.111667,0.120000,0.163333,0.163333,0.176667,0.166667,0.053333,0.166667,0.038333,0.116667, ,0.070000, ,0.210000,0.225000,0.218333,0.218333,0.220000, ,0.153333, ,0.001667,0.223333,0.221667, , ,0.223333,0.013333,0.160000, ,0.118333,0.170000,0.023333,0.175000,0.181667,0.190000,0.170000,0.186667,0.190000,0.190000,0.190000,0.176667,0.183333,0.181667,0.181667,0.186667,0.180000,0.180000,0.191667,0.113333,0.181667,0.183333,0.181667, ,0.008333,0.181667,0.176667,0.098333,0.181667,0.216667, ,0.198333,0.035000,0.211667,0.205000, ,0.175000,0.211667,0.191667,0.193333,0.173333,0.173333,0.210000,0.010000,0.128333,0.210000, ,0.046667,0.255000,0.095000, ,0.321667,0.020000,0.341667,0.191667,0.150000,0.011667,0.123333,0.066667,0.036667,0.015000,0.005000,0.095000,0.013333,0.021667,0.111667,0.053333, ,0.030000,0.296667, ,0.043333, ,0.020000, ,0.101667,0.136667,0.238333,0.218333,0.121667,0.063333,0.226667,0.091667, ,0.083333,0.096667,0.171667,0.081667,0.115000,0.163333,0.048333,0.276667,0.026667,0.096667,0.210000,0.048333,0.025000,0.040000,0.228333,0.138333,0.051667,0.071667,0.033333,0.123333,0.026667,0.138333,0.025000,0.253333,0.018333,0.055000,0.010000, ,0.030000,0.045000,0.166667,0.008333,0.063333,0.018333,0.038333,0.023333,0.335000, ,0.003333,0.001667,0.005000,0.230000,0.096667,0.045000,0.285000,0.203333,0.023333,0.301667, , ,0.058333,0.096667, ,0.241667, ,0.003333,0.283333,0.005000,0.186667, ,0.046667,0.098333,0.030000, , , ,0.146667,0.023333,0.055000,0.328333, ,0.138333,0.086667,0.100000,0.266667, ,0.003333,0.138333,0.366667,0.265000,0.168333,0.351667,0.020000, ,0.386667,0.190000,0.193333,0.008333,0.211667,0.158333,0.280000,0.008333, ,0.280000,0.045000,0.261667,0.258333,0.075000,0.001667,0.280000,0.148333,0.278333,0.008333,0.130000,0.068333,0.215000,0.220000,0.220000,0.081667, ,0.220000,0.088333,0.220000,0.220000,0.221667,0.221667,0.218333,0.215000,0.215000,0.040000,0.011667,0.005000,0.180000,0.178333, ,0.126667,0.045000,0.186667,0.156667,0.181667,0.103333,0.178333,0.156667,0.183333,0.188333,0.183333,0.185000,0.225000,0.226667,0.141667,0.225000,0.213333,0.196667,0.128333,0.025000,0.195000,0.153333,0.226667,0.228333, ,0.228333,0.186667,0.225000,0.141667,0.231667,0.231667,0.231667,0.166667,0.216667,0.161667,0.160000,0.213333,0.223333,0.076667,0.133333,0.221667, ,0.205000,0.231667,0.163333,0.156667,0.170000,0.156667,0.176667,0.178333,0.120000,0.176667,0.175000,0.165000, ,0.020000,0.178333,0.173333,0.178333,0.173333,0.191667,0.186667,0.015000,0.191667,0.161667, ,0.043333, ,0.198333,0.200000, ,0.195000,0.198333,0.088333,0.165000,0.010000,0.263333,0.315000,0.330000,0.025000, ,0.003333, ,0.146667,0.330000,0.001667, , ,0.330000,0.030000,0.330000,0.075000,0.101667,0.045000,0.131667,0.018333, ,0.001667,0.021667, , , ,0.005000, ,0.110000,0.010000,0.091667,0.146667,0.230000,0.023333, ,0.123333, ,0.011667,0.090000,0.135000,0.136667,0.153333, , , ,0.006667,0.060000,0.160000,0.165000,0.026667,0.276667,0.073333, ,0.016667,0.183333,0.101667,0.218333,0.078333,0.093333, ,0.001667,0.128333,0.045000,0.001667,0.015000,0.118333, ,0.096667,0.160000,0.040000, , ,0.130000,0.260000, ,0.115000,0.108333, ,0.071667,0.081667,0.011667,0.033333, ,0.038333,0.135000, , , ,0.040000, , ,0.175000, ,0.050000, ,0.113333,0.308333,0.058333, ,0.270000, ,0.023333,0.181667,0.230000, ,0.218333,0.270000,0.176667,0.075000,0.010000,0.150000,0.248333,0.305000,0.076667, ,0.206667, ,0.031667,0.121667, ,0.230000,0.086667, ,0.201667,0.220000,0.096667, ,0.150000,0.326667,0.110000,0.065000,0.025000,0.020000,0.001667, ,0.010000,0.096667,0.310000,0.030000, ,0.070000, ,0.060000,0.128333, , , ,0.108333,0.006667,0.013333,0.206667, ,0.281667, , ,0.175000, ,0.183333,0.123333, ,0.090000,0.250000, , ,0.140000,0.088333, , , ,0.225000, ,0.013333,0.078333,0.008333,0.015000,0.036667, ,0.228333, ,0.003333,0.320000,0.200000,0.010000,0.041667,0.026667,0.028333,0.008333, ,0.131667,0.065000,0.023333,0.146667,0.008333,0.036667, ,0.051667, ,0.011667, , ,0.126667,0.053333,0.018333,0.153333,0.101667, ,0.060000,0.023333,0.071667, ,0.320000,0.136667, ,0.168333,0.216667, ,0.288333,0.010000,0.058333,0.001667,0.003333, ,0.260000,0.096667,0.100000,0.171667, ,0.035000,0.150000,0.068333,0.005000, , ,0.131667,0.048333,0.041667,0.151667,0.051667,0.368333,0.090000,0.026667,0.030000,0.036667, ,0.056667, ,0.085000,0.236667,0.120000,0.125000, , ,0.048333, , ,0.036667,0.191667,0.190000,0.095000, ,0.046667, ,0.185000,0.100000,0.138333,0.300000,0.095000, ,0.263333,0.161667,0.098333,0.173333
    IBI Coefficient of Variation, ,1.188206, ,0.804333,0.518856,0.503014,0.844049, , , , , ,0.656023,0.610001, , , ,0.776572, ,0.758493, , ,0.895525,0.742739,0.565804, , , ,0.448148,0.772724,0.662923, ,0.509081,0.870617,0.695116,0.456753, ,0.547744,0.547106,0.731931,0.862541, ,0.448013,0.664670,0.634471,0.552410,0.545943,0.540461,0.550613,0.449453,0.946776,0.681180, ,0.715974, , , ,0.455217, , ,0.882261,0.312528, ,0.684383,0.797725,0.742661, , ,0.626064,0.669469,1.135965,0.581682,0.692520,0.697801,0.433801,0.606657, ,0.575016,0.732019,0.944527,0.927142,0.455988, , , ,0.403518, ,0.655117, , ,0.536547,0.500798, ,1.458470,0.425715,0.986002,0.604173,0.729704,0.488748,0.488618, , , , , , ,0.587681, ,0.546226,0.489169,0.622331,0.587665, ,0.739897,0.856288, , ,0.673039,0.344907,1.053178, ,0.351357,0.464037,0.697314, , , ,0.568083,1.063042,0.718593,0.619054,0.642300,0.731501,0.732653,0.885159,0.834342,0.738990,0.707741,0.716229,0.691717,0.788172,0.702843,0.692891,0.816455,0.533204,0.614002,0.617310,0.594504,0.579128,0.561769, , , ,0.631417,0.579258,0.579176,0.625588,0.617226,0.602535,0.569846,0.452327,0.901273,0.427153,0.407190,0.549056,0.442061, ,0.444319,1.539001,0.688390,0.416012,1.128377,1.028370, , ,0.409479,0.300771, ,0.757845,0.338181, ,0.670031,0.496850,0.301127,0.300800,0.399840,0.331844,0.791469,0.331524,0.616862,0.855315, ,0.859141, ,0.445093,0.452059,0.437137,0.438332,0.444958, ,0.618751, , ,0.446043,0.447168, , ,0.446480,0.443274,0.430380, ,0.625608,0.438584,1.145780,0.362697,0.332508,0.353608,0.402916,0.380425,0.353638,0.353713,0.353931,0.262081,0.402714,0.604127,0.604117,0.628542,0.604250,0.596583,0.652300,0.731840,0.613009,0.612531,0.604552, ,0.515882,0.604063,0.606168,0.678774,0.604065,0.533864, ,0.529980,0.680594,0.525461,0.492850, ,0.510495,0.510394,0.454794,0.496869,0.481808,0.487535,0.518403,1.070874,0.516297,0.661232, ,0.991550,0.544943,0.634424, ,0.555759,0.462702,0.513352,0.603256,0.717467,0.882178,0.606170,0.871849,0.655465,0.932169,1.190839,0.809836,1.505144,0.975065,0.697881,1.069852, ,0.496155,0.500526, ,0.947254, ,1.140069, ,0.636872,0.561763,0.625214,0.612099,0.682234,0.849189,0.545822,0.707399, ,0.644537,0.612932,0.656629,0.575507,0.647725,0.621175,0.710790,0.507281,0.862408,0.738145,0.532432,0.704819,0.728510,0.950001,0.566347,0.556606,0.664308,0.740774,0.919686,0.791366,0.671511,0.586168,0.626631,0.536333,0.991335,0.853714,0.615394, ,0.939590,0.791080,0.639072,0.880628,0.726453,0.743406,0.834489,1.039219,0.539184, , , ,0.595428,0.596467,0.740103,0.846431,0.402936,0.707121,0.786866,0.401200, , ,0.773601,0.685683, ,0.461746, , ,0.443564,1.361560,0.673724, ,0.683200,0.932272,0.998967, , , ,0.755576,1.395665,0.848923,0.543724, ,0.711490,0.669464,0.592251,0.592659, , ,0.583139,0.448272,0.480478,0.758656,0.467921,0.668304, ,0.476293,0.627086,0.584195,0.597046,0.700152,0.836140,0.421299,0.710907, ,0.422157,0.802034,0.459468,0.514668,1.369290, ,0.422245,0.723333,0.419258,1.053140,1.004607,0.901654,0.580960,0.566004,0.566305,0.834112, ,0.566426,0.964914,0.566245,0.566552,0.574678,0.570498,0.573298,0.564185,0.562508,1.444080,1.157863,0.586689,0.595098,0.597946, ,0.595998,0.828583,0.589616,0.643504,0.584877,0.645181,0.558589,0.524085,0.579013,0.598890,0.579527,0.589353,0.366166,0.369611,0.574529,0.366436,0.391822,0.401941,0.736447,1.032688,0.395277,0.684356,0.373655,0.373141, ,0.383027,0.563764,0.366772,0.594548,0.458941,0.458894,0.458735,0.537598,0.447820,0.599688,0.485465,0.457800,0.445472,0.736076,0.712739,0.438702, ,0.428543,0.459329,0.476654,0.540098,0.458264,0.458409,0.495901,0.505106,0.677915,0.495778,0.487355,0.472614, ,0.780174,0.505546,0.476866,0.505309,0.476706,0.505838,0.506697,0.667253,0.506041,0.658040, ,0.969158, ,0.546374,0.548757, ,0.533874,0.540087,0.610381,0.588802,0.901666,0.610385,0.468780,0.446719,0.893071, , , ,0.854813,0.446765, , , ,0.446577,0.911400,0.446993,0.834671,0.476822,0.436338,0.414588,0.622957, , ,0.611333, , , ,1.104248, ,0.497964,0.560525,0.592596,0.493450,0.465817,0.720945, ,0.536795, ,0.897595,0.588021,0.477545,0.423957,0.442708, , , ,0.469508,0.619918,0.521612,0.501703,0.448206,0.536327,0.507779, ,0.973596,0.597346,0.520233,0.544341,0.513353,0.491427, , ,0.578074,0.592668, ,0.609428,0.728357, ,0.892960,0.746162,0.554532, , ,0.602238,0.545304, ,0.621442,0.723397, ,0.580148,0.631669,0.471931,0.989588, ,0.717867,0.585311, , , ,0.842422, , ,0.517065, ,0.696258, ,0.580826,0.647694,0.687629, ,0.640532, ,1.029299,0.595260,0.794789, ,0.666378,0.591292,0.724980,0.692012,0.985629,0.699667,0.631853,0.492582,0.978835, ,0.655068, ,0.730714,0.775438, ,0.513015,0.697800, ,0.629943,0.574287,0.787593, ,0.808519,0.588219,0.738996,0.675134,0.747214,1.045220, , ,0.626098,0.676776,0.595021,0.783242, ,0.627913, ,0.853053,0.653845, , , ,0.703568,0.381966,0.425717,0.564820, ,0.525946, , ,0.662160, ,0.633531,0.631188, ,0.637106,0.497905, , ,0.577538,0.638374, , , ,0.522254, ,0.756636,0.561127,0.707303,0.943193,0.687212, ,0.544556, , ,0.491672,0.570763,1.070762,0.815432,0.826334,0.724595,1.049529, ,0.586845,0.592227,0.676709,0.595986,0.870042,0.590436, ,0.716418, ,0.838944, , ,0.706031,0.681068,0.631733,0.622491,0.660245, ,0.791950,0.760630,0.801882, ,0.466578,0.623737, ,0.721650,0.587859, ,0.471075,0.592523,0.969607, , , ,0.541779,0.790715,0.653547,0.575560, ,0.527336,0.613669,0.801910,0.922762, , ,0.772565,0.758205,0.566284,0.581474,0.787701,0.462547,0.795901,0.779601,0.830647,0.609789, ,0.791266, ,0.835044,0.602143,0.626220,0.781461, , ,0.860980, , ,0.735930,0.567552,0.569593,0.672632, ,0.605786, ,0.497253,0.482224,0.670818,0.495428,0.614271, ,0.550788,0.578375,0.519933,0.587138
    Normalized Duration IQR, ,0.078794, ,0.686087,0.151897,0.068374, , , , , , ,0.070216,0.239169, , , ,0.427486, ,0.090278, , ,0.757314,0.087408,0.000000, , , ,0.074369,0.000000,0.076811, ,0.144195,0.086712,0.000000,0.080080, ,0.079344,0.000000,0.848306,0.000000, ,0.000000,0.648317,0.086115,0.166003,0.000000,0.000000,0.075856,0.000000,0.077453,0.075995, ,0.749751, , , ,0.077742, , ,0.074346,0.057057, ,0.931684,1.162873, , , ,0.203566,0.079369,0.593010,0.290651,0.074214,0.143041,0.385356,0.077119, ,0.620797,0.080570,0.962369,0.649158,0.080726, , , ,0.085761, ,0.205011, , ,0.078154, , ,0.000000,0.000000,0.083084,1.015027,0.815443,0.000000,0.000000, , , , , , ,0.093377, ,0.000000,0.079043,0.159904,0.086742, ,0.862634,0.079799, , ,0.082919,0.080415,0.160109, ,0.000000,0.000000,0.087561, , , ,0.085235, ,0.223637,0.228122,0.238334,0.109280,0.217798,0.243434,6.772236,0.436737,0.223438,0.328556,0.236308,0.318520,2.947071,0.216855,0.286820,0.000000,0.116939,0.118827,0.000000,0.000000,0.127744, , , ,0.000000,0.000000,0.000000,0.000000,0.000000,0.638393,0.000000,0.000000,2.266760,0.000000,0.000000,0.408461,0.000000, ,0.000000,0.120661,9.073401,0.000000,0.000000,0.149136, , ,0.000000,0.153058, ,0.000000,0.000000, ,0.155822,0.000000,0.000000,0.000000,0.136006,0.000000,0.000000,0.000000,18.466303,0.000000, ,0.809871, ,0.118154,0.000000,0.000000,0.000000,0.000000, ,0.000000, , ,0.100948,0.000000, , ,0.000000,0.236905,0.000000, ,0.115217,0.121776,10.313756,0.000000,0.000000,0.117268,0.000000,0.000000,0.000000,0.000000,0.106717,0.132759,0.000000,0.000000,0.138107,0.000000,0.000000,0.000000,0.000000,0.134111,0.000000,0.136749,0.000000, ,2.317132,0.000000,0.000000,0.137803,0.136006,0.000000, ,0.135124,9.725883,0.129663,0.124875, ,0.134543,0.000000,0.000000,0.000000,0.152592,0.000000,0.126071,7.215982,0.166611,0.446079, ,1.133636,0.634750,0.439036, ,0.730871,0.000000,0.680028,0.654249,0.569614,0.555289,0.712964,0.561855,0.703345,1.219360, ,0.000000,10.844635,0.564899,0.286328,0.281813, ,0.286328,0.435218, ,0.000000, ,0.000000, ,0.437500,0.235641,0.484981,0.539332,0.408906,0.288307,0.708924,0.570046, ,0.524634,0.475460,0.433709,0.583788,0.517046,0.769054,0.397854,1.043579,0.423435,0.849025,1.048169,1.217763,7.092849,0.361111,0.988350,0.579954,0.653964,0.737476,2.390103,0.711612,4.981562,0.900181,2.888892,1.132354,4.773166,0.901803,11.736396, ,0.581076,0.942207,0.758334,0.423794,0.734734,2.866555,0.187594,0.000000,0.908020, , , , ,0.472170,0.666623,0.352962,0.605054,0.361285,1.066545,0.502511, , ,0.413637,0.445087, ,0.554879, , ,0.551820, ,0.475159, ,0.803630,0.572219,2.792749, , , ,0.349512,0.313400,2.618898,0.813822, ,0.671512,0.453900,0.411596,0.982658, , ,0.592075,0.852434,1.042709,0.605444,0.887412,0.574627, ,1.276064,1.378789,0.482178,0.549397,0.977540,0.000000,0.000000,0.151659, ,0.240625,0.759101,0.000000,0.193692,0.000000, ,0.000000,0.000000,0.000000,0.000000,0.000000,0.000000,0.300782,0.265941,0.182133,0.357500, ,0.000000,0.392242,0.000000,0.000000,0.000000,0.333667,0.000000,0.000000,0.181868,0.426321,6.534312, ,0.117599,0.277132, ,0.645807,0.000000,0.117323,0.689870,0.000000,0.551212,0.159395,0.758334,0.000000,0.000000,0.116450,0.152035,0.165291,0.247039,0.371843,0.449282,0.500834,0.410695,0.000000,0.387384,0.000000,0.289307,0.105680,0.274097, ,0.319604,0.268077,0.209239,0.273797,0.221853,0.167953,0.439807,0.347329,0.426321,0.000000,0.000000,0.000000,0.484512,0.417780,0.467321,0.334559, ,0.296505,0.244863,0.000000,0.162289,0.000000,0.000000,0.155822,0.000000,0.382646,0.138720,0.000000,0.161244, ,0.708924,0.244385,0.227707,0.000000,0.000000,0.132548,0.130339,0.252986,0.566177,0.000000, ,0.000000, ,0.118378,0.000000, ,0.144486,0.133824,0.000000,0.578390,0.751502,0.000000,0.000000,0.196275,0.000000, , , ,0.314780,0.000000, , , ,0.251255,0.000000,0.000000,0.579283,0.372951,0.956980,0.160007,0.309256, , ,1.244101, , , , , ,0.450090,0.571783,0.219518,0.277439,0.416390,1.021430, ,0.175985, ,0.320013,0.498010,0.636229,0.235641,0.000000, , , ,0.000000,0.000000,0.246309,0.594890,0.000000,0.461291,0.311644, ,0.570046,0.451715,0.396593,0.391016,0.360938,0.226062, , ,0.224239,0.653964, ,5.067373,0.506579, ,1.195082,0.366936,0.886626, , ,0.232359,0.664381, ,0.216106,0.302235, ,0.231713,0.427778,5.714644,0.292121, ,0.000000,0.352465, , , ,18.265067, , ,0.423435, ,17.890795, ,0.484043,0.187033,0.347570, ,0.564050, ,0.793501,0.186198,0.670912, ,0.408239,0.578836,0.179391,0.472170,0.431466,0.231499,0.838359,0.434462,0.497515, ,0.736030, ,0.000000,0.375751, ,0.255618,0.239933, ,0.675136,0.596781,0.202468, ,0.570479,1.061282,0.855556,0.394095,0.774769,1.187215, , ,0.366757,0.960285,0.522443,1.581717, ,1.226717, ,0.558594,0.734590, , , ,0.576613,1.005899,0.000000,0.777980, ,1.279398, , ,0.801350, ,1.042709,0.805311, ,0.320423,0.513861, , ,0.300420,0.385000, , , ,0.508639, ,0.586066,0.000000,0.553651,0.812501,0.563627, ,0.232143, , ,0.243198,0.514389,14.895848,0.303702,0.000000,0.890570,0.598685, ,0.315177,0.545208,0.389192,0.570696,0.356482,0.421297, ,0.419883, ,0.000000, , ,0.853368,0.342340,2.149096,0.585609,0.330582, ,0.392549,13.248543,0.197047, ,0.676352,0.629560, ,0.833057,0.609995, ,0.847348,0.384114,0.344223, , , ,0.646307,0.526473,0.532447,0.465149, ,0.366936,0.542254,0.320834, , , ,0.540497,0.382646,0.232575,0.510715,0.440581,0.665559,1.668335,0.259327,1.234280,1.071736, ,0.779596, ,0.232143,0.656825,0.549598,0.592308, , ,0.928819, , ,1.249169,0.376316,0.661338,0.442138, ,0.309333, ,0.900181,0.208542,0.896954,0.589171,0.219518, ,1.017277,0.710938,0.639481,0.690155
    Burst Percentage,1.142857,34.295713,0.000000,25.212465,94.672755,99.792172,2.823529,0.000000,0.000000,2.218115,0.000000,0.000000,90.517711,75.640184,2.581522,0.000000, ,34.277344,0.000000,37.647059, ,0.000000,63.844394,56.916996,99.454347,0.000000, ,0.000000,85.560808,37.611408,55.679862,0.000000,96.571944,22.328932,53.051643,91.730205,0.000000,98.626845,99.416910,13.368984,35.048232,0.000000,90.295359,13.036566,88.428665,98.053097,93.912492,98.306936,67.392938,99.960159,7.473310,62.909672,0.000000,54.560531,0.000000,0.000000,0.000000,93.689840,0.000000,1.166667,17.278107,91.466208,0.000000,7.531381,62.899006,3.990025, ,0.000000,99.106962,99.778908,17.361111,98.088868,99.349904,98.456900,84.973868,83.678571, ,97.626113,99.456617,12.014453,13.440321,91.020159, ,0.000000,0.000000,96.147585,0.000000,71.378340,0.000000,3.069054,8.835341,2.990897,0.000000,4.740741,95.073613,34.220532,36.926890,27.142857,99.745362,99.702970,0.000000,0.000000,0.000000,0.000000, ,0.000000,90.422778,2.427184,88.525963,99.761431,25.000000,80.510018,4.347826,23.076923,62.220233,2.476190,0.000000,63.512195,97.671410,21.337580,0.000000,99.744376,89.374529,9.710392,0.000000,0.000000,0.000000,76.943005,9.198813,98.968254,97.442623,94.353473,76.124567,98.177496,84.553500,14.914425,98.872059,98.471616,98.898176,97.662214,99.418605,65.047619,99.254967,26.716141,99.942890,98.615635,99.964119,91.547049,99.626068,99.891950,0.000000,0.000000, ,99.827487,97.926994,99.947671,97.707424,99.056960,93.277975,89.849624,99.824561,71.202003,99.489029,98.414711,83.566434,98.214286,0.000000,92.211280,48.153619,22.517730,99.243306,57.560976,10.880829,2.066116,0.000000,99.122257,99.798116,0.000000,64.307229,97.894737,0.000000,81.901489,81.311881,98.796631,99.920192,89.143065,99.647474,54.769737,99.942130,44.132231,80.893300,0.000000,41.073658,0.000000,97.215190,97.459102,99.958695,96.651584,99.157698,0.000000,78.907563,0.000000,2.575107,98.818432,99.965612,0.000000,0.000000,99.169359,43.137255,89.585097,0.000000,75.440313,95.388557,27.128713,96.683250,96.431283,99.141049,95.270851,96.515938,98.295121,99.897225,96.755809,96.246391,97.320782,99.933289,96.606914,99.041411,99.725727,96.902655,99.739753,80.601093,99.713740,99.569661,99.180328,0.000000,8.064516,96.400000,98.884240,75.811518,92.100840,99.833666, ,98.044010,40.536278,99.503722,96.627951,0.000000,92.810881,99.764244,92.128801,85.313105,95.065312,92.693111,99.601911,13.333333,82.066869,60.189378,0.000000,15.757162,71.305920,66.180758,0.000000,77.772113,14.226804,79.908571,61.339093,51.979265,5.047319,46.619794,28.934708,19.795222,13.799283,17.592593,58.100000,27.022901,42.122186,50.499546,27.671233,0.000000,24.282983,92.061890, ,48.813056,0.000000,28.252788, ,63.168124,54.688672,92.299759,87.854057,64.377682,47.193585,86.574586,58.343484, ,47.349823,83.479649,77.850356,54.112150,75.501672,76.165113,65.384615,98.202247,48.062016,62.563667,87.220288,58.424726,60.624071,55.680224,63.303821,79.617834,51.862891,49.178645,38.825953,68.234443,48.865356,75.268817,43.804035,95.494881,49.019608,31.256600,19.062500,0.000000,21.391753,22.823779,53.534247,7.003891,47.579693,10.926573,34.521880,26.165803,88.028777,0.000000,17.209302,2.816901,6.529210,82.470120,54.628422,44.655582,90.362916,75.741525,37.874659,91.809361,0.000000,0.000000,29.250186,59.356725,0.000000,82.610492,0.000000,4.972376,91.273850,3.536346,68.633540, ,20.649510,49.089530,37.678855,0.000000, ,0.000000,60.359116,28.125000,44.294606,91.247863,0.000000,56.793478,50.378469,46.158985,78.039086,0.000000,8.053691,54.146341,86.338687,72.518434,55.684567,88.896648,26.171875,0.000000,87.454893,70.695755,62.183236,15.508021,57.340355,66.962525,99.247382,57.052298,0.000000,88.446914,23.501763,95.833333,92.024169,35.407407,2.030457,98.520882,58.440276,94.780059,5.929919,55.344418,34.180791,96.034893,92.390572,89.893318,48.242812, ,99.267668,51.365188,98.809524,98.865318,97.589716,96.671867,97.388247,94.623656,95.497279,27.331887,16.224189,6.161137,98.237885,98.927765,0.000000,82.306338,34.382567,99.513619,87.810140,93.410165,70.254111,98.495212,89.740821,98.882432,99.306893,98.818598,99.415546,98.349290,98.003576,80.514469,95.236266,96.877788,89.842632,72.916667,17.621145,88.163621,49.312242,98.532559,98.132320, ,97.603414,85.637892,96.397645,81.544256,96.997207,98.307436,98.327320,87.849974,94.642143,75.237192,79.310345,94.012739,93.146417,46.020761,78.019663,96.233522,0.000000,91.944444,99.018405,97.181730,92.985782,97.180262,90.521327,80.684932,96.312684,86.490566,98.930297,96.292906,96.584440,0.000000,20.491803,96.216940,98.410897,99.613085,99.438518,96.666667,98.009188,42.882250,92.798691,88.506982, ,32.916667,0.000000,96.966940,86.945101,0.000000,97.152571,97.017268,67.270195,88.853503,12.121212,80.843373,96.789185,97.591052,19.170984,0.000000,15.048544,0.000000,57.075472,99.414005,3.652968,0.000000,0.000000,99.255441,25.686591,93.576672,30.847029,57.958801,67.948718,65.521004,31.318681, ,2.702703,30.744681, ,0.000000, ,6.504065, ,44.568869,7.052441,69.559229,71.149335,90.386196,48.000000, ,65.324569,0.000000,9.859155,54.464286,66.423948,77.472055,73.960613,0.000000,0.000000,0.000000,30.434783,76.331361,77.645410,78.693968,39.583333,94.413198,60.249554,0.000000,32.089552,79.612695,20.242215,86.793306,76.771990,52.725367, ,6.779661,73.643411,52.403846,12.000000,23.815789,61.329147,0.000000,52.240000,61.471861,36.148955,0.000000,0.000000,63.835156,83.968566, ,68.303914,48.793103,0.000000,42.624855,54.128440,28.804348,58.333333,0.000000,60.730594,82.494226,0.000000, ,0.000000,52.890173, ,0.000000,89.943270,0.000000,86.618005, ,72.529313,94.387464,44.466403, ,88.389923,0.000000,63.589744,75.979714,80.906291,0.000000,56.142035,88.671875,75.532995,43.386243,26.890756,67.351275,85.593220,93.752219,44.588235,0.000000,80.734361,0.000000,24.421053,67.636364,0.000000,80.961727,46.045504,0.000000,80.116675,78.872549,63.636364,0.000000,73.902288,92.726848,53.575832,25.083294,32.704403,33.284884,3.174603, ,13.804714,57.107076,90.262409,43.644717,0.000000,51.286174,0.000000,48.680352,59.781421,0.000000,0.000000,0.000000,46.977812,6.356589,11.834320,67.412379, ,79.521357, ,0.000000,63.400277, ,60.882182,52.307692,0.000000,47.471264,81.906017,0.000000,0.000000,53.703704,57.872928,0.000000,0.000000, ,70.848214,0.000000,23.943662,53.191489,10.500000,13.071895,41.839763,0.000000,80.601504,0.000000,4.181185,94.633817,72.668004,17.220544,65.020576,27.444795,33.224756,14.545455,0.000000,59.740260,45.872642,59.363958,63.374189,10.460251,48.639456, ,52.548330,0.000000,38.461538,0.000000,0.000000,64.070681,52.000000,32.126697,77.211069,61.214286, ,52.457002,35.234474,43.078412,0.000000,95.411090,60.313631,0.000000,68.331442,81.345794, ,77.128686,15.757576,50.778816,6.666667,10.126582,0.000000,85.310345,52.610442,48.087432,65.439908, ,35.068493,55.483452,42.836676,40.000000,0.000000,0.000000,54.011461,29.921260,36.286408,61.968680,68.108108,93.734080,45.378151,13.767209,25.254582,57.451404,0.000000,24.317618,0.000000,31.032078,69.810063,47.706879,48.009709,0.000000, ,25.931131, ,0.000000,24.757709,64.625530,72.153575,41.306058,0.000000,32.231405,0.000000,60.872894,37.243402,61.168114,50.162022,51.888668, ,72.686084,58.006719,72.607261,63.215378

