AxIS Spike File,O:\TOX\NTX\Users\Lennart\201218_LvM_256140_1268-20_rCortex_MEA_Lindane_baseline_female_DIV11(000)_Spike Detector (7 x STD)(000).spk,,,,,,,,,,,,,,,,,,,,,,,,,,,,,,,,,,,,,,,,,,,,,,,,,,,,,,,,,,,,,,,,,,,,,,,,,,,,,,,,,,,,,,,,,,,,,,,,,,,,,,,,,,,,,,,,,,,,,,,,,,,,,,,,,,,,,,,,,,,,,,,,,,,,,,,,,,,,,,,,,,,,,,,,,,,,,,,,,,,,,,,,,,,,,,,,,,,,,,,,,,,,,,,,,,,,,,,,,,,,,,,,,,,,,,,,,,,,,,,,,,,,,,,,,,,,,,,,,,,,,,,,,,,,,,,,,,,,,,,,,,,,,,,,,,,,,,,,,,,,,,,,,,,,,,,,,,,,,,,,,,,,,,,,,,,,,,,,,,,,,,,,,,,,,,,,,,,,,,,,,,,,,,,,,,,,,,,,,,,,,,,,,,,,,,,,,,,,,,,,,,,,,,,,,,,,,,,,,,,,,,,,,,,,,,,,,,,,,,,,,,,,,,,,,,,,,,,,,,,,,,,,,,,,,,,,,,,,,,,,,,,,,,,,,,,,,,,,,,,,,,,,,,,,,,,,,,,,,,,,,,,,,,,,,,,,,,,,,,,,,,,,,,,,,,,,,,,,,,,,,,,,,,,,,,,,,,,,,,,,,,,,,,,,,,,,,,,,,,,,,,,,,,,,,,,,,,,,,,,,,,,,,,,,,,,,,,,,,,,,,,,,,,,,,,,,,,,,,,,,,,,,,,,,,,,,,,,,,,,,,,,,,,,,,,,,,,,,,,,,,,,,,,,,,,,,,,,,,,,,,,,,,,,,,,,,,,,,,,,,,,,,,,,,,,,,,,,,,,,,,,,,,,,
File Type,48-well,,,,,,,,,,,,,,,,,,,,,,,,,,,,,,,,,,,,,,,,,,,,,,,,,,,,,,,,,,,,,,,,,,,,,,,,,,,,,,,,,,,,,,,,,,,,,,,,,,,,,,,,,,,,,,,,,,,,,,,,,,,,,,,,,,,,,,,,,,,,,,,,,,,,,,,,,,,,,,,,,,,,,,,,,,,,,,,,,,,,,,,,,,,,,,,,,,,,,,,,,,,,,,,,,,,,,,,,,,,,,,,,,,,,,,,,,,,,,,,,,,,,,,,,,,,,,,,,,,,,,,,,,,,,,,,,,,,,,,,,,,,,,,,,,,,,,,,,,,,,,,,,,,,,,,,,,,,,,,,,,,,,,,,,,,,,,,,,,,,,,,,,,,,,,,,,,,,,,,,,,,,,,,,,,,,,,,,,,,,,,,,,,,,,,,,,,,,,,,,,,,,,,,,,,,,,,,,,,,,,,,,,,,,,,,,,,,,,,,,,,,,,,,,,,,,,,,,,,,,,,,,,,,,,,,,,,,,,,,,,,,,,,,,,,,,,,,,,,,,,,,,,,,,,,,,,,,,,,,,,,,,,,,,,,,,,,,,,,,,,,,,,,,,,,,,,,,,,,,,,,,,,,,,,,,,,,,,,,,,,,,,,,,,,,,,,,,,,,,,,,,,,,,,,,,,,,,,,,,,,,,,,,,,,,,,,,,,,,,,,,,,,,,,,,,,,,,,,,,,,,,,,,,,,,,,,,,,,,,,,,,,,,,,,,,,,,,,,,,,,,,,,,,,,,,,,,,,,,,,,,,,,,,,,,,,,,,,,,,,,,,,,,,,,,,,,,,,,,,,,,,,,,,,
,,,,,,,,,,,,,,,,,,,,,,,,,,,,,,,,,,,,,,,,,,,,,,,,,,,,,,,,,,,,,,,,,,,,,,,,,,,,,,,,,,,,,,,,,,,,,,,,,,,,,,,,,,,,,,,,,,,,,,,,,,,,,,,,,,,,,,,,,,,,,,,,,,,,,,,,,,,,,,,,,,,,,,,,,,,,,,,,,,,,,,,,,,,,,,,,,,,,,,,,,,,,,,,,,,,,,,,,,,,,,,,,,,,,,,,,,,,,,,,,,,,,,,,,,,,,,,,,,,,,,,,,,,,,,,,,,,,,,,,,,,,,,,,,,,,,,,,,,,,,,,,,,,,,,,,,,,,,,,,,,,,,,,,,,,,,,,,,,,,,,,,,,,,,,,,,,,,,,,,,,,,,,,,,,,,,,,,,,,,,,,,,,,,,,,,,,,,,,,,,,,,,,,,,,,,,,,,,,,,,,,,,,,,,,,,,,,,,,,,,,,,,,,,,,,,,,,,,,,,,,,,,,,,,,,,,,,,,,,,,,,,,,,,,,,,,,,,,,,,,,,,,,,,,,,,,,,,,,,,,,,,,,,,,,,,,,,,,,,,,,,,,,,,,,,,,,,,,,,,,,,,,,,,,,,,,,,,,,,,,,,,,,,,,,,,,,,,,,,,,,,,,,,,,,,,,,,,,,,,,,,,,,,,,,,,,,,,,,,,,,,,,,,,,,,,,,,,,,,,,,,,,,,,,,,,,,,,,,,,,,,,,,,,,,,,,,,,,,,,,,,,,,,,,,,,,,,,,,,,,,,,,,,,,,,,,,,,,,,,,,,,,,,,,,,,,,,,,,,,,,,,,,,,,
Analysis Start,1200,,,,,,,,,,,,,,,,,,,,,,,,,,,,,,,,,,,,,,,,,,,,,,,,,,,,,,,,,,,,,,,,,,,,,,,,,,,,,,,,,,,,,,,,,,,,,,,,,,,,,,,,,,,,,,,,,,,,,,,,,,,,,,,,,,,,,,,,,,,,,,,,,,,,,,,,,,,,,,,,,,,,,,,,,,,,,,,,,,,,,,,,,,,,,,,,,,,,,,,,,,,,,,,,,,,,,,,,,,,,,,,,,,,,,,,,,,,,,,,,,,,,,,,,,,,,,,,,,,,,,,,,,,,,,,,,,,,,,,,,,,,,,,,,,,,,,,,,,,,,,,,,,,,,,,,,,,,,,,,,,,,,,,,,,,,,,,,,,,,,,,,,,,,,,,,,,,,,,,,,,,,,,,,,,,,,,,,,,,,,,,,,,,,,,,,,,,,,,,,,,,,,,,,,,,,,,,,,,,,,,,,,,,,,,,,,,,,,,,,,,,,,,,,,,,,,,,,,,,,,,,,,,,,,,,,,,,,,,,,,,,,,,,,,,,,,,,,,,,,,,,,,,,,,,,,,,,,,,,,,,,,,,,,,,,,,,,,,,,,,,,,,,,,,,,,,,,,,,,,,,,,,,,,,,,,,,,,,,,,,,,,,,,,,,,,,,,,,,,,,,,,,,,,,,,,,,,,,,,,,,,,,,,,,,,,,,,,,,,,,,,,,,,,,,,,,,,,,,,,,,,,,,,,,,,,,,,,,,,,,,,,,,,,,,,,,,,,,,,,,,,,,,,,,,,,,,,,,,,,,,,,,,,,,,,,,,,,,,,,,,,,,,,,,,,,,,,,,,,,,,,,,,,,
Analysis End,1800,,,,,,,,,,,,,,,,,,,,,,,,,,,,,,,,,,,,,,,,,,,,,,,,,,,,,,,,,,,,,,,,,,,,,,,,,,,,,,,,,,,,,,,,,,,,,,,,,,,,,,,,,,,,,,,,,,,,,,,,,,,,,,,,,,,,,,,,,,,,,,,,,,,,,,,,,,,,,,,,,,,,,,,,,,,,,,,,,,,,,,,,,,,,,,,,,,,,,,,,,,,,,,,,,,,,,,,,,,,,,,,,,,,,,,,,,,,,,,,,,,,,,,,,,,,,,,,,,,,,,,,,,,,,,,,,,,,,,,,,,,,,,,,,,,,,,,,,,,,,,,,,,,,,,,,,,,,,,,,,,,,,,,,,,,,,,,,,,,,,,,,,,,,,,,,,,,,,,,,,,,,,,,,,,,,,,,,,,,,,,,,,,,,,,,,,,,,,,,,,,,,,,,,,,,,,,,,,,,,,,,,,,,,,,,,,,,,,,,,,,,,,,,,,,,,,,,,,,,,,,,,,,,,,,,,,,,,,,,,,,,,,,,,,,,,,,,,,,,,,,,,,,,,,,,,,,,,,,,,,,,,,,,,,,,,,,,,,,,,,,,,,,,,,,,,,,,,,,,,,,,,,,,,,,,,,,,,,,,,,,,,,,,,,,,,,,,,,,,,,,,,,,,,,,,,,,,,,,,,,,,,,,,,,,,,,,,,,,,,,,,,,,,,,,,,,,,,,,,,,,,,,,,,,,,,,,,,,,,,,,,,,,,,,,,,,,,,,,,,,,,,,,,,,,,,,,,,,,,,,,,,,,,,,,,,,,,,,,,,,,,,,,,,,,,,,,,,,,,,,,,,,,,,
Active Electrode Criterion (spks/min),,,,,,,,,,,,,,,,,,,,,,,,,,,,,,,,,,,,,,,,,,,,,,,,,,,,,,,,,,,,,,,,,,,,,,,,,,,,,,,,,,,,,,,,,,,,,,,,,,,,,,,,,,,,,,,,,,,,,,,,,,,,,,,,,,,,,,,,,,,,,,,,,,,,,,,,,,,,,,,,,,,,,,,,,,,,,,,,,,,,,,,,,,,,,,,,,,,,,,,,,,,,,,,,,,,,,,,,,,,,,,,,,,,,,,,,,,,,,,,,,,,,,,,,,,,,,,,,,,,,,,,,,,,,,,,,,,,,,,,,,,,,,,,,,,,,,,,,,,,,,,,,,,,,,,,,,,,,,,,,,,,,,,,,,,,,,,,,,,,,,,,,,,,,,,,,,,,,,,,,,,,,,,,,,,,,,,,,,,,,,,,,,,,,,,,,,,,,,,,,,,,,,,,,,,,,,,,,,,,,,,,,,,,,,,,,,,,,,,,,,,,,,,,,,,,,,,,,,,,,,,,,,,,,,,,,,,,,,,,,,,,,,,,,,,,,,,,,,,,,,,,,,,,,,,,,,,,,,,,,,,,,,,,,,,,,,,,,,,,,,,,,,,,,,,,,,,,,,,,,,,,,,,,,,,,,,,,,,,,,,,,,,,,,,,,,,,,,,,,,,,,,,,,,,,,,,,,,,,,,,,,,,,,,,,,,,,,,,,,,,,,,,,,,,,,,,,,,,,,,,,,,,,,,,,,,,,,,,,,,,,,,,,,,,,,,,,,,,,,,,,,,,,,,,,,,,,,,,,,,,,,,,,,,,,,,,,,,,,,,,,,,,,,,,,,,,,,,,,,,,,,,,,,,
Remove Coincident Artifacts,True,,,,,,,,,,,,,,,,,,,,,,,,,,,,,,,,,,,,,,,,,,,,,,,,,,,,,,,,,,,,,,,,,,,,,,,,,,,,,,,,,,,,,,,,,,,,,,,,,,,,,,,,,,,,,,,,,,,,,,,,,,,,,,,,,,,,,,,,,,,,,,,,,,,,,,,,,,,,,,,,,,,,,,,,,,,,,,,,,,,,,,,,,,,,,,,,,,,,,,,,,,,,,,,,,,,,,,,,,,,,,,,,,,,,,,,,,,,,,,,,,,,,,,,,,,,,,,,,,,,,,,,,,,,,,,,,,,,,,,,,,,,,,,,,,,,,,,,,,,,,,,,,,,,,,,,,,,,,,,,,,,,,,,,,,,,,,,,,,,,,,,,,,,,,,,,,,,,,,,,,,,,,,,,,,,,,,,,,,,,,,,,,,,,,,,,,,,,,,,,,,,,,,,,,,,,,,,,,,,,,,,,,,,,,,,,,,,,,,,,,,,,,,,,,,,,,,,,,,,,,,,,,,,,,,,,,,,,,,,,,,,,,,,,,,,,,,,,,,,,,,,,,,,,,,,,,,,,,,,,,,,,,,,,,,,,,,,,,,,,,,,,,,,,,,,,,,,,,,,,,,,,,,,,,,,,,,,,,,,,,,,,,,,,,,,,,,,,,,,,,,,,,,,,,,,,,,,,,,,,,,,,,,,,,,,,,,,,,,,,,,,,,,,,,,,,,,,,,,,,,,,,,,,,,,,,,,,,,,,,,,,,,,,,,,,,,,,,,,,,,,,,,,,,,,,,,,,,,,,,,,,,,,,,,,,,,,,,,,,,,,,,,,,,,,,,,,,,,,,,,,,,,,,,
,,,,,,,,,,,,,,,,,,,,,,,,,,,,,,,,,,,,,,,,,,,,,,,,,,,,,,,,,,,,,,,,,,,,,,,,,,,,,,,,,,,,,,,,,,,,,,,,,,,,,,,,,,,,,,,,,,,,,,,,,,,,,,,,,,,,,,,,,,,,,,,,,,,,,,,,,,,,,,,,,,,,,,,,,,,,,,,,,,,,,,,,,,,,,,,,,,,,,,,,,,,,,,,,,,,,,,,,,,,,,,,,,,,,,,,,,,,,,,,,,,,,,,,,,,,,,,,,,,,,,,,,,,,,,,,,,,,,,,,,,,,,,,,,,,,,,,,,,,,,,,,,,,,,,,,,,,,,,,,,,,,,,,,,,,,,,,,,,,,,,,,,,,,,,,,,,,,,,,,,,,,,,,,,,,,,,,,,,,,,,,,,,,,,,,,,,,,,,,,,,,,,,,,,,,,,,,,,,,,,,,,,,,,,,,,,,,,,,,,,,,,,,,,,,,,,,,,,,,,,,,,,,,,,,,,,,,,,,,,,,,,,,,,,,,,,,,,,,,,,,,,,,,,,,,,,,,,,,,,,,,,,,,,,,,,,,,,,,,,,,,,,,,,,,,,,,,,,,,,,,,,,,,,,,,,,,,,,,,,,,,,,,,,,,,,,,,,,,,,,,,,,,,,,,,,,,,,,,,,,,,,,,,,,,,,,,,,,,,,,,,,,,,,,,,,,,,,,,,,,,,,,,,,,,,,,,,,,,,,,,,,,,,,,,,,,,,,,,,,,,,,,,,,,,,,,,,,,,,,,,,,,,,,,,,,,,,,,,,,,,,,,,,,,,,,,,,,,,,,,,,,,,,,,
Electrode Burst Settings,,,,,,,,,,,,,,,,,,,,,,,,,,,,,,,,,,,,,,,,,,,,,,,,,,,,,,,,,,,,,,,,,,,,,,,,,,,,,,,,,,,,,,,,,,,,,,,,,,,,,,,,,,,,,,,,,,,,,,,,,,,,,,,,,,,,,,,,,,,,,,,,,,,,,,,,,,,,,,,,,,,,,,,,,,,,,,,,,,,,,,,,,,,,,,,,,,,,,,,,,,,,,,,,,,,,,,,,,,,,,,,,,,,,,,,,,,,,,,,,,,,,,,,,,,,,,,,,,,,,,,,,,,,,,,,,,,,,,,,,,,,,,,,,,,,,,,,,,,,,,,,,,,,,,,,,,,,,,,,,,,,,,,,,,,,,,,,,,,,,,,,,,,,,,,,,,,,,,,,,,,,,,,,,,,,,,,,,,,,,,,,,,,,,,,,,,,,,,,,,,,,,,,,,,,,,,,,,,,,,,,,,,,,,,,,,,,,,,,,,,,,,,,,,,,,,,,,,,,,,,,,,,,,,,,,,,,,,,,,,,,,,,,,,,,,,,,,,,,,,,,,,,,,,,,,,,,,,,,,,,,,,,,,,,,,,,,,,,,,,,,,,,,,,,,,,,,,,,,,,,,,,,,,,,,,,,,,,,,,,,,,,,,,,,,,,,,,,,,,,,,,,,,,,,,,,,,,,,,,,,,,,,,,,,,,,,,,,,,,,,,,,,,,,,,,,,,,,,,,,,,,,,,,,,,,,,,,,,,,,,,,,,,,,,,,,,,,,,,,,,,,,,,,,,,,,,,,,,,,,,,,,,,,,,,,,,,,,,,,,,,,,,,,,,,,,,,,,,,,,,,,,,,,,
    Algorithm,Poisson Surprise,,,,,,,,,,,,,,,,,,,,,,,,,,,,,,,,,,,,,,,,,,,,,,,,,,,,,,,,,,,,,,,,,,,,,,,,,,,,,,,,,,,,,,,,,,,,,,,,,,,,,,,,,,,,,,,,,,,,,,,,,,,,,,,,,,,,,,,,,,,,,,,,,,,,,,,,,,,,,,,,,,,,,,,,,,,,,,,,,,,,,,,,,,,,,,,,,,,,,,,,,,,,,,,,,,,,,,,,,,,,,,,,,,,,,,,,,,,,,,,,,,,,,,,,,,,,,,,,,,,,,,,,,,,,,,,,,,,,,,,,,,,,,,,,,,,,,,,,,,,,,,,,,,,,,,,,,,,,,,,,,,,,,,,,,,,,,,,,,,,,,,,,,,,,,,,,,,,,,,,,,,,,,,,,,,,,,,,,,,,,,,,,,,,,,,,,,,,,,,,,,,,,,,,,,,,,,,,,,,,,,,,,,,,,,,,,,,,,,,,,,,,,,,,,,,,,,,,,,,,,,,,,,,,,,,,,,,,,,,,,,,,,,,,,,,,,,,,,,,,,,,,,,,,,,,,,,,,,,,,,,,,,,,,,,,,,,,,,,,,,,,,,,,,,,,,,,,,,,,,,,,,,,,,,,,,,,,,,,,,,,,,,,,,,,,,,,,,,,,,,,,,,,,,,,,,,,,,,,,,,,,,,,,,,,,,,,,,,,,,,,,,,,,,,,,,,,,,,,,,,,,,,,,,,,,,,,,,,,,,,,,,,,,,,,,,,,,,,,,,,,,,,,,,,,,,,,,,,,,,,,,,,,,,,,,,,,,,,,,,,,,,,,,,,,,,,,,,,,,,,,,,,,,,
    Min Surprise,10,,,,,,,,,,,,,,,,,,,,,,,,,,,,,,,,,,,,,,,,,,,,,,,,,,,,,,,,,,,,,,,,,,,,,,,,,,,,,,,,,,,,,,,,,,,,,,,,,,,,,,,,,,,,,,,,,,,,,,,,,,,,,,,,,,,,,,,,,,,,,,,,,,,,,,,,,,,,,,,,,,,,,,,,,,,,,,,,,,,,,,,,,,,,,,,,,,,,,,,,,,,,,,,,,,,,,,,,,,,,,,,,,,,,,,,,,,,,,,,,,,,,,,,,,,,,,,,,,,,,,,,,,,,,,,,,,,,,,,,,,,,,,,,,,,,,,,,,,,,,,,,,,,,,,,,,,,,,,,,,,,,,,,,,,,,,,,,,,,,,,,,,,,,,,,,,,,,,,,,,,,,,,,,,,,,,,,,,,,,,,,,,,,,,,,,,,,,,,,,,,,,,,,,,,,,,,,,,,,,,,,,,,,,,,,,,,,,,,,,,,,,,,,,,,,,,,,,,,,,,,,,,,,,,,,,,,,,,,,,,,,,,,,,,,,,,,,,,,,,,,,,,,,,,,,,,,,,,,,,,,,,,,,,,,,,,,,,,,,,,,,,,,,,,,,,,,,,,,,,,,,,,,,,,,,,,,,,,,,,,,,,,,,,,,,,,,,,,,,,,,,,,,,,,,,,,,,,,,,,,,,,,,,,,,,,,,,,,,,,,,,,,,,,,,,,,,,,,,,,,,,,,,,,,,,,,,,,,,,,,,,,,,,,,,,,,,,,,,,,,,,,,,,,,,,,,,,,,,,,,,,,,,,,,,,,,,,,,,,,,,,,,,,,,,,,,,,,,,,,,,,,,,,,
,,,,,,,,,,,,,,,,,,,,,,,,,,,,,,,,,,,,,,,,,,,,,,,,,,,,,,,,,,,,,,,,,,,,,,,,,,,,,,,,,,,,,,,,,,,,,,,,,,,,,,,,,,,,,,,,,,,,,,,,,,,,,,,,,,,,,,,,,,,,,,,,,,,,,,,,,,,,,,,,,,,,,,,,,,,,,,,,,,,,,,,,,,,,,,,,,,,,,,,,,,,,,,,,,,,,,,,,,,,,,,,,,,,,,,,,,,,,,,,,,,,,,,,,,,,,,,,,,,,,,,,,,,,,,,,,,,,,,,,,,,,,,,,,,,,,,,,,,,,,,,,,,,,,,,,,,,,,,,,,,,,,,,,,,,,,,,,,,,,,,,,,,,,,,,,,,,,,,,,,,,,,,,,,,,,,,,,,,,,,,,,,,,,,,,,,,,,,,,,,,,,,,,,,,,,,,,,,,,,,,,,,,,,,,,,,,,,,,,,,,,,,,,,,,,,,,,,,,,,,,,,,,,,,,,,,,,,,,,,,,,,,,,,,,,,,,,,,,,,,,,,,,,,,,,,,,,,,,,,,,,,,,,,,,,,,,,,,,,,,,,,,,,,,,,,,,,,,,,,,,,,,,,,,,,,,,,,,,,,,,,,,,,,,,,,,,,,,,,,,,,,,,,,,,,,,,,,,,,,,,,,,,,,,,,,,,,,,,,,,,,,,,,,,,,,,,,,,,,,,,,,,,,,,,,,,,,,,,,,,,,,,,,,,,,,,,,,,,,,,,,,,,,,,,,,,,,,,,,,,,,,,,,,,,,,,,,,,,,,,,,,,,,,,,,,,,,,,,,,,,,,,,,,,
Network Burst Settings,,,,,,,,,,,,,,,,,,,,,,,,,,,,,,,,,,,,,,,,,,,,,,,,,,,,,,,,,,,,,,,,,,,,,,,,,,,,,,,,,,,,,,,,,,,,,,,,,,,,,,,,,,,,,,,,,,,,,,,,,,,,,,,,,,,,,,,,,,,,,,,,,,,,,,,,,,,,,,,,,,,,,,,,,,,,,,,,,,,,,,,,,,,,,,,,,,,,,,,,,,,,,,,,,,,,,,,,,,,,,,,,,,,,,,,,,,,,,,,,,,,,,,,,,,,,,,,,,,,,,,,,,,,,,,,,,,,,,,,,,,,,,,,,,,,,,,,,,,,,,,,,,,,,,,,,,,,,,,,,,,,,,,,,,,,,,,,,,,,,,,,,,,,,,,,,,,,,,,,,,,,,,,,,,,,,,,,,,,,,,,,,,,,,,,,,,,,,,,,,,,,,,,,,,,,,,,,,,,,,,,,,,,,,,,,,,,,,,,,,,,,,,,,,,,,,,,,,,,,,,,,,,,,,,,,,,,,,,,,,,,,,,,,,,,,,,,,,,,,,,,,,,,,,,,,,,,,,,,,,,,,,,,,,,,,,,,,,,,,,,,,,,,,,,,,,,,,,,,,,,,,,,,,,,,,,,,,,,,,,,,,,,,,,,,,,,,,,,,,,,,,,,,,,,,,,,,,,,,,,,,,,,,,,,,,,,,,,,,,,,,,,,,,,,,,,,,,,,,,,,,,,,,,,,,,,,,,,,,,,,,,,,,,,,,,,,,,,,,,,,,,,,,,,,,,,,,,,,,,,,,,,,,,,,,,,,,,,,,,,,,,,,,,,,,,,,,,,,,,,,,,,,,,,
    Algorithm,ISI Threshold,Adaptive,,,,,,,,,,,,,,,,,,,,,,,,,,,,,,,,,,,,,,,,,,,,,,,,,,,,,,,,,,,,,,,,,,,,,,,,,,,,,,,,,,,,,,,,,,,,,,,,,,,,,,,,,,,,,,,,,,,,,,,,,,,,,,,,,,,,,,,,,,,,,,,,,,,,,,,,,,,,,,,,,,,,,,,,,,,,,,,,,,,,,,,,,,,,,,,,,,,,,,,,,,,,,,,,,,,,,,,,,,,,,,,,,,,,,,,,,,,,,,,,,,,,,,,,,,,,,,,,,,,,,,,,,,,,,,,,,,,,,,,,,,,,,,,,,,,,,,,,,,,,,,,,,,,,,,,,,,,,,,,,,,,,,,,,,,,,,,,,,,,,,,,,,,,,,,,,,,,,,,,,,,,,,,,,,,,,,,,,,,,,,,,,,,,,,,,,,,,,,,,,,,,,,,,,,,,,,,,,,,,,,,,,,,,,,,,,,,,,,,,,,,,,,,,,,,,,,,,,,,,,,,,,,,,,,,,,,,,,,,,,,,,,,,,,,,,,,,,,,,,,,,,,,,,,,,,,,,,,,,,,,,,,,,,,,,,,,,,,,,,,,,,,,,,,,,,,,,,,,,,,,,,,,,,,,,,,,,,,,,,,,,,,,,,,,,,,,,,,,,,,,,,,,,,,,,,,,,,,,,,,,,,,,,,,,,,,,,,,,,,,,,,,,,,,,,,,,,,,,,,,,,,,,,,,,,,,,,,,,,,,,,,,,,,,,,,,,,,,,,,,,,,,,,,,,,,,,,,,,,,,,,,,,,,,,,,,,,,,,,,,,,,,,,,,,,,,,,,,,,,,,,,,,,
    Min # of Spikes,40,,,,,,,,,,,,,,,,,,,,,,,,,,,,,,,,,,,,,,,,,,,,,,,,,,,,,,,,,,,,,,,,,,,,,,,,,,,,,,,,,,,,,,,,,,,,,,,,,,,,,,,,,,,,,,,,,,,,,,,,,,,,,,,,,,,,,,,,,,,,,,,,,,,,,,,,,,,,,,,,,,,,,,,,,,,,,,,,,,,,,,,,,,,,,,,,,,,,,,,,,,,,,,,,,,,,,,,,,,,,,,,,,,,,,,,,,,,,,,,,,,,,,,,,,,,,,,,,,,,,,,,,,,,,,,,,,,,,,,,,,,,,,,,,,,,,,,,,,,,,,,,,,,,,,,,,,,,,,,,,,,,,,,,,,,,,,,,,,,,,,,,,,,,,,,,,,,,,,,,,,,,,,,,,,,,,,,,,,,,,,,,,,,,,,,,,,,,,,,,,,,,,,,,,,,,,,,,,,,,,,,,,,,,,,,,,,,,,,,,,,,,,,,,,,,,,,,,,,,,,,,,,,,,,,,,,,,,,,,,,,,,,,,,,,,,,,,,,,,,,,,,,,,,,,,,,,,,,,,,,,,,,,,,,,,,,,,,,,,,,,,,,,,,,,,,,,,,,,,,,,,,,,,,,,,,,,,,,,,,,,,,,,,,,,,,,,,,,,,,,,,,,,,,,,,,,,,,,,,,,,,,,,,,,,,,,,,,,,,,,,,,,,,,,,,,,,,,,,,,,,,,,,,,,,,,,,,,,,,,,,,,,,,,,,,,,,,,,,,,,,,,,,,,,,,,,,,,,,,,,,,,,,,,,,,,,,,,,,,,,,,,,,,,,,,,,,,,,,,,,,,,,,,,
    Min # of Electrodes (%),15,,,,,,,,,,,,,,,,,,,,,,,,,,,,,,,,,,,,,,,,,,,,,,,,,,,,,,,,,,,,,,,,,,,,,,,,,,,,,,,,,,,,,,,,,,,,,,,,,,,,,,,,,,,,,,,,,,,,,,,,,,,,,,,,,,,,,,,,,,,,,,,,,,,,,,,,,,,,,,,,,,,,,,,,,,,,,,,,,,,,,,,,,,,,,,,,,,,,,,,,,,,,,,,,,,,,,,,,,,,,,,,,,,,,,,,,,,,,,,,,,,,,,,,,,,,,,,,,,,,,,,,,,,,,,,,,,,,,,,,,,,,,,,,,,,,,,,,,,,,,,,,,,,,,,,,,,,,,,,,,,,,,,,,,,,,,,,,,,,,,,,,,,,,,,,,,,,,,,,,,,,,,,,,,,,,,,,,,,,,,,,,,,,,,,,,,,,,,,,,,,,,,,,,,,,,,,,,,,,,,,,,,,,,,,,,,,,,,,,,,,,,,,,,,,,,,,,,,,,,,,,,,,,,,,,,,,,,,,,,,,,,,,,,,,,,,,,,,,,,,,,,,,,,,,,,,,,,,,,,,,,,,,,,,,,,,,,,,,,,,,,,,,,,,,,,,,,,,,,,,,,,,,,,,,,,,,,,,,,,,,,,,,,,,,,,,,,,,,,,,,,,,,,,,,,,,,,,,,,,,,,,,,,,,,,,,,,,,,,,,,,,,,,,,,,,,,,,,,,,,,,,,,,,,,,,,,,,,,,,,,,,,,,,,,,,,,,,,,,,,,,,,,,,,,,,,,,,,,,,,,,,,,,,,,,,,,,,,,,,,,,,,,,,,,,,,,,,,,,,,,,,,,,,
Synchrony Settings,,,,,,,,,,,,,,,,,,,,,,,,,,,,,,,,,,,,,,,,,,,,,,,,,,,,,,,,,,,,,,,,,,,,,,,,,,,,,,,,,,,,,,,,,,,,,,,,,,,,,,,,,,,,,,,,,,,,,,,,,,,,,,,,,,,,,,,,,,,,,,,,,,,,,,,,,,,,,,,,,,,,,,,,,,,,,,,,,,,,,,,,,,,,,,,,,,,,,,,,,,,,,,,,,,,,,,,,,,,,,,,,,,,,,,,,,,,,,,,,,,,,,,,,,,,,,,,,,,,,,,,,,,,,,,,,,,,,,,,,,,,,,,,,,,,,,,,,,,,,,,,,,,,,,,,,,,,,,,,,,,,,,,,,,,,,,,,,,,,,,,,,,,,,,,,,,,,,,,,,,,,,,,,,,,,,,,,,,,,,,,,,,,,,,,,,,,,,,,,,,,,,,,,,,,,,,,,,,,,,,,,,,,,,,,,,,,,,,,,,,,,,,,,,,,,,,,,,,,,,,,,,,,,,,,,,,,,,,,,,,,,,,,,,,,,,,,,,,,,,,,,,,,,,,,,,,,,,,,,,,,,,,,,,,,,,,,,,,,,,,,,,,,,,,,,,,,,,,,,,,,,,,,,,,,,,,,,,,,,,,,,,,,,,,,,,,,,,,,,,,,,,,,,,,,,,,,,,,,,,,,,,,,,,,,,,,,,,,,,,,,,,,,,,,,,,,,,,,,,,,,,,,,,,,,,,,,,,,,,,,,,,,,,,,,,,,,,,,,,,,,,,,,,,,,,,,,,,,,,,,,,,,,,,,,,,,,,,,,,,,,,,,,,,,,,,,,,,,,,,,,,,,,,,
    Synchrony Window,20,,,,,,,,,,,,,,,,,,,,,,,,,,,,,,,,,,,,,,,,,,,,,,,,,,,,,,,,,,,,,,,,,,,,,,,,,,,,,,,,,,,,,,,,,,,,,,,,,,,,,,,,,,,,,,,,,,,,,,,,,,,,,,,,,,,,,,,,,,,,,,,,,,,,,,,,,,,,,,,,,,,,,,,,,,,,,,,,,,,,,,,,,,,,,,,,,,,,,,,,,,,,,,,,,,,,,,,,,,,,,,,,,,,,,,,,,,,,,,,,,,,,,,,,,,,,,,,,,,,,,,,,,,,,,,,,,,,,,,,,,,,,,,,,,,,,,,,,,,,,,,,,,,,,,,,,,,,,,,,,,,,,,,,,,,,,,,,,,,,,,,,,,,,,,,,,,,,,,,,,,,,,,,,,,,,,,,,,,,,,,,,,,,,,,,,,,,,,,,,,,,,,,,,,,,,,,,,,,,,,,,,,,,,,,,,,,,,,,,,,,,,,,,,,,,,,,,,,,,,,,,,,,,,,,,,,,,,,,,,,,,,,,,,,,,,,,,,,,,,,,,,,,,,,,,,,,,,,,,,,,,,,,,,,,,,,,,,,,,,,,,,,,,,,,,,,,,,,,,,,,,,,,,,,,,,,,,,,,,,,,,,,,,,,,,,,,,,,,,,,,,,,,,,,,,,,,,,,,,,,,,,,,,,,,,,,,,,,,,,,,,,,,,,,,,,,,,,,,,,,,,,,,,,,,,,,,,,,,,,,,,,,,,,,,,,,,,,,,,,,,,,,,,,,,,,,,,,,,,,,,,,,,,,,,,,,,,,,,,,,,,,,,,,,,,,,,,,,,,,,,,,,,,,
,,,,,,,,,,,,,,,,,,,,,,,,,,,,,,,,,,,,,,,,,,,,,,,,,,,,,,,,,,,,,,,,,,,,,,,,,,,,,,,,,,,,,,,,,,,,,,,,,,,,,,,,,,,,,,,,,,,,,,,,,,,,,,,,,,,,,,,,,,,,,,,,,,,,,,,,,,,,,,,,,,,,,,,,,,,,,,,,,,,,,,,,,,,,,,,,,,,,,,,,,,,,,,,,,,,,,,,,,,,,,,,,,,,,,,,,,,,,,,,,,,,,,,,,,,,,,,,,,,,,,,,,,,,,,,,,,,,,,,,,,,,,,,,,,,,,,,,,,,,,,,,,,,,,,,,,,,,,,,,,,,,,,,,,,,,,,,,,,,,,,,,,,,,,,,,,,,,,,,,,,,,,,,,,,,,,,,,,,,,,,,,,,,,,,,,,,,,,,,,,,,,,,,,,,,,,,,,,,,,,,,,,,,,,,,,,,,,,,,,,,,,,,,,,,,,,,,,,,,,,,,,,,,,,,,,,,,,,,,,,,,,,,,,,,,,,,,,,,,,,,,,,,,,,,,,,,,,,,,,,,,,,,,,,,,,,,,,,,,,,,,,,,,,,,,,,,,,,,,,,,,,,,,,,,,,,,,,,,,,,,,,,,,,,,,,,,,,,,,,,,,,,,,,,,,,,,,,,,,,,,,,,,,,,,,,,,,,,,,,,,,,,,,,,,,,,,,,,,,,,,,,,,,,,,,,,,,,,,,,,,,,,,,,,,,,,,,,,,,,,,,,,,,,,,,,,,,,,,,,,,,,,,,,,,,,,,,,,,,,,,,,,,,,,,,,,,,,,,,,,,,,,,,,,
Average Network Burst Analysis Settings,,,,,,,,,,,,,,,,,,,,,,,,,,,,,,,,,,,,,,,,,,,,,,,,,,,,,,,,,,,,,,,,,,,,,,,,,,,,,,,,,,,,,,,,,,,,,,,,,,,,,,,,,,,,,,,,,,,,,,,,,,,,,,,,,,,,,,,,,,,,,,,,,,,,,,,,,,,,,,,,,,,,,,,,,,,,,,,,,,,,,,,,,,,,,,,,,,,,,,,,,,,,,,,,,,,,,,,,,,,,,,,,,,,,,,,,,,,,,,,,,,,,,,,,,,,,,,,,,,,,,,,,,,,,,,,,,,,,,,,,,,,,,,,,,,,,,,,,,,,,,,,,,,,,,,,,,,,,,,,,,,,,,,,,,,,,,,,,,,,,,,,,,,,,,,,,,,,,,,,,,,,,,,,,,,,,,,,,,,,,,,,,,,,,,,,,,,,,,,,,,,,,,,,,,,,,,,,,,,,,,,,,,,,,,,,,,,,,,,,,,,,,,,,,,,,,,,,,,,,,,,,,,,,,,,,,,,,,,,,,,,,,,,,,,,,,,,,,,,,,,,,,,,,,,,,,,,,,,,,,,,,,,,,,,,,,,,,,,,,,,,,,,,,,,,,,,,,,,,,,,,,,,,,,,,,,,,,,,,,,,,,,,,,,,,,,,,,,,,,,,,,,,,,,,,,,,,,,,,,,,,,,,,,,,,,,,,,,,,,,,,,,,,,,,,,,,,,,,,,,,,,,,,,,,,,,,,,,,,,,,,,,,,,,,,,,,,,,,,,,,,,,,,,,,,,,,,,,,,,,,,,,,,,,,,,,,,,,,,,,,,,,,,,,,,,,,,,,,,,,,,,,,,,,
    Number of network bursts vary by well,,,,,,,,,,,,,,,,,,,,,,,,,,,,,,,,,,,,,,,,,,,,,,,,,,,,,,,,,,,,,,,,,,,,,,,,,,,,,,,,,,,,,,,,,,,,,,,,,,,,,,,,,,,,,,,,,,,,,,,,,,,,,,,,,,,,,,,,,,,,,,,,,,,,,,,,,,,,,,,,,,,,,,,,,,,,,,,,,,,,,,,,,,,,,,,,,,,,,,,,,,,,,,,,,,,,,,,,,,,,,,,,,,,,,,,,,,,,,,,,,,,,,,,,,,,,,,,,,,,,,,,,,,,,,,,,,,,,,,,,,,,,,,,,,,,,,,,,,,,,,,,,,,,,,,,,,,,,,,,,,,,,,,,,,,,,,,,,,,,,,,,,,,,,,,,,,,,,,,,,,,,,,,,,,,,,,,,,,,,,,,,,,,,,,,,,,,,,,,,,,,,,,,,,,,,,,,,,,,,,,,,,,,,,,,,,,,,,,,,,,,,,,,,,,,,,,,,,,,,,,,,,,,,,,,,,,,,,,,,,,,,,,,,,,,,,,,,,,,,,,,,,,,,,,,,,,,,,,,,,,,,,,,,,,,,,,,,,,,,,,,,,,,,,,,,,,,,,,,,,,,,,,,,,,,,,,,,,,,,,,,,,,,,,,,,,,,,,,,,,,,,,,,,,,,,,,,,,,,,,,,,,,,,,,,,,,,,,,,,,,,,,,,,,,,,,,,,,,,,,,,,,,,,,,,,,,,,,,,,,,,,,,,,,,,,,,,,,,,,,,,,,,,,,,,,,,,,,,,,,,,,,,,,,,,,,,,,,,,,,,,,,,,,,,,,,,,,,,,,,,,,,,,,,
    Network Burst Window Start (ms),0,,,,,,,,,,,,,,,,,,,,,,,,,,,,,,,,,,,,,,,,,,,,,,,,,,,,,,,,,,,,,,,,,,,,,,,,,,,,,,,,,,,,,,,,,,,,,,,,,,,,,,,,,,,,,,,,,,,,,,,,,,,,,,,,,,,,,,,,,,,,,,,,,,,,,,,,,,,,,,,,,,,,,,,,,,,,,,,,,,,,,,,,,,,,,,,,,,,,,,,,,,,,,,,,,,,,,,,,,,,,,,,,,,,,,,,,,,,,,,,,,,,,,,,,,,,,,,,,,,,,,,,,,,,,,,,,,,,,,,,,,,,,,,,,,,,,,,,,,,,,,,,,,,,,,,,,,,,,,,,,,,,,,,,,,,,,,,,,,,,,,,,,,,,,,,,,,,,,,,,,,,,,,,,,,,,,,,,,,,,,,,,,,,,,,,,,,,,,,,,,,,,,,,,,,,,,,,,,,,,,,,,,,,,,,,,,,,,,,,,,,,,,,,,,,,,,,,,,,,,,,,,,,,,,,,,,,,,,,,,,,,,,,,,,,,,,,,,,,,,,,,,,,,,,,,,,,,,,,,,,,,,,,,,,,,,,,,,,,,,,,,,,,,,,,,,,,,,,,,,,,,,,,,,,,,,,,,,,,,,,,,,,,,,,,,,,,,,,,,,,,,,,,,,,,,,,,,,,,,,,,,,,,,,,,,,,,,,,,,,,,,,,,,,,,,,,,,,,,,,,,,,,,,,,,,,,,,,,,,,,,,,,,,,,,,,,,,,,,,,,,,,,,,,,,,,,,,,,,,,,,,,,,,,,,,,,,,,,,,,,,,,,,,,,,,,,,,,,,,,,,,,,,,,
    Network Burst Window End (ms),100,,,,,,,,,,,,,,,,,,,,,,,,,,,,,,,,,,,,,,,,,,,,,,,,,,,,,,,,,,,,,,,,,,,,,,,,,,,,,,,,,,,,,,,,,,,,,,,,,,,,,,,,,,,,,,,,,,,,,,,,,,,,,,,,,,,,,,,,,,,,,,,,,,,,,,,,,,,,,,,,,,,,,,,,,,,,,,,,,,,,,,,,,,,,,,,,,,,,,,,,,,,,,,,,,,,,,,,,,,,,,,,,,,,,,,,,,,,,,,,,,,,,,,,,,,,,,,,,,,,,,,,,,,,,,,,,,,,,,,,,,,,,,,,,,,,,,,,,,,,,,,,,,,,,,,,,,,,,,,,,,,,,,,,,,,,,,,,,,,,,,,,,,,,,,,,,,,,,,,,,,,,,,,,,,,,,,,,,,,,,,,,,,,,,,,,,,,,,,,,,,,,,,,,,,,,,,,,,,,,,,,,,,,,,,,,,,,,,,,,,,,,,,,,,,,,,,,,,,,,,,,,,,,,,,,,,,,,,,,,,,,,,,,,,,,,,,,,,,,,,,,,,,,,,,,,,,,,,,,,,,,,,,,,,,,,,,,,,,,,,,,,,,,,,,,,,,,,,,,,,,,,,,,,,,,,,,,,,,,,,,,,,,,,,,,,,,,,,,,,,,,,,,,,,,,,,,,,,,,,,,,,,,,,,,,,,,,,,,,,,,,,,,,,,,,,,,,,,,,,,,,,,,,,,,,,,,,,,,,,,,,,,,,,,,,,,,,,,,,,,,,,,,,,,,,,,,,,,,,,,,,,,,,,,,,,,,,,,,,,,,,,,,,,,,,,,,,,,,,,,,,,,,,,
    Bin Size (ms),1,,,,,,,,,,,,,,,,,,,,,,,,,,,,,,,,,,,,,,,,,,,,,,,,,,,,,,,,,,,,,,,,,,,,,,,,,,,,,,,,,,,,,,,,,,,,,,,,,,,,,,,,,,,,,,,,,,,,,,,,,,,,,,,,,,,,,,,,,,,,,,,,,,,,,,,,,,,,,,,,,,,,,,,,,,,,,,,,,,,,,,,,,,,,,,,,,,,,,,,,,,,,,,,,,,,,,,,,,,,,,,,,,,,,,,,,,,,,,,,,,,,,,,,,,,,,,,,,,,,,,,,,,,,,,,,,,,,,,,,,,,,,,,,,,,,,,,,,,,,,,,,,,,,,,,,,,,,,,,,,,,,,,,,,,,,,,,,,,,,,,,,,,,,,,,,,,,,,,,,,,,,,,,,,,,,,,,,,,,,,,,,,,,,,,,,,,,,,,,,,,,,,,,,,,,,,,,,,,,,,,,,,,,,,,,,,,,,,,,,,,,,,,,,,,,,,,,,,,,,,,,,,,,,,,,,,,,,,,,,,,,,,,,,,,,,,,,,,,,,,,,,,,,,,,,,,,,,,,,,,,,,,,,,,,,,,,,,,,,,,,,,,,,,,,,,,,,,,,,,,,,,,,,,,,,,,,,,,,,,,,,,,,,,,,,,,,,,,,,,,,,,,,,,,,,,,,,,,,,,,,,,,,,,,,,,,,,,,,,,,,,,,,,,,,,,,,,,,,,,,,,,,,,,,,,,,,,,,,,,,,,,,,,,,,,,,,,,,,,,,,,,,,,,,,,,,,,,,,,,,,,,,,,,,,,,,,,,,,,,,,,,,,,,,,,,,,,,,,,,,,,,,,,,
,,,,,,,,,,,,,,,,,,,,,,,,,,,,,,,,,,,,,,,,,,,,,,,,,,,,,,,,,,,,,,,,,,,,,,,,,,,,,,,,,,,,,,,,,,,,,,,,,,,,,,,,,,,,,,,,,,,,,,,,,,,,,,,,,,,,,,,,,,,,,,,,,,,,,,,,,,,,,,,,,,,,,,,,,,,,,,,,,,,,,,,,,,,,,,,,,,,,,,,,,,,,,,,,,,,,,,,,,,,,,,,,,,,,,,,,,,,,,,,,,,,,,,,,,,,,,,,,,,,,,,,,,,,,,,,,,,,,,,,,,,,,,,,,,,,,,,,,,,,,,,,,,,,,,,,,,,,,,,,,,,,,,,,,,,,,,,,,,,,,,,,,,,,,,,,,,,,,,,,,,,,,,,,,,,,,,,,,,,,,,,,,,,,,,,,,,,,,,,,,,,,,,,,,,,,,,,,,,,,,,,,,,,,,,,,,,,,,,,,,,,,,,,,,,,,,,,,,,,,,,,,,,,,,,,,,,,,,,,,,,,,,,,,,,,,,,,,,,,,,,,,,,,,,,,,,,,,,,,,,,,,,,,,,,,,,,,,,,,,,,,,,,,,,,,,,,,,,,,,,,,,,,,,,,,,,,,,,,,,,,,,,,,,,,,,,,,,,,,,,,,,,,,,,,,,,,,,,,,,,,,,,,,,,,,,,,,,,,,,,,,,,,,,,,,,,,,,,,,,,,,,,,,,,,,,,,,,,,,,,,,,,,,,,,,,,,,,,,,,,,,,,,,,,,,,,,,,,,,,,,,,,,,,,,,,,,,,,,,,,,,,,,,,,,,,,,,,,,,,,,,,,,,,,
Well Averages,A1,A2,A3,A4,A5,A6,A7,A8,B1,B2,B3,B4,B5,B6,B7,B8,C1,C2,C3,C4,C5,C6,C7,C8,D1,D2,D3,D4,D5,D6,D7,D8,E1,E2,E3,E4,E5,E6,E7,E8,F1,F2,F3,F4,F5,F6,F7,F8,,,,,,,,,,,,,,,,,,,,,,,,,,,,,,,,,,,,,,,,,,,,,,,,,,,,,,,,,,,,,,,,,,,,,,,,,,,,,,,,,,,,,,,,,,,,,,,,,,,,,,,,,,,,,,,,,,,,,,,,,,,,,,,,,,,,,,,,,,,,,,,,,,,,,,,,,,,,,,,,,,,,,,,,,,,,,,,,,,,,,,,,,,,,,,,,,,,,,,,,,,,,,,,,,,,,,,,,,,,,,,,,,,,,,,,,,,,,,,,,,,,,,,,,,,,,,,,,,,,,,,,,,,,,,,,,,,,,,,,,,,,,,,,,,,,,,,,,,,,,,,,,,,,,,,,,,,,,,,,,,,,,,,,,,,,,,,,,,,,,,,,,,,,,,,,,,,,,,,,,,,,,,,,,,,,,,,,,,,,,,,,,,,,,,,,,,,,,,,,,,,,,,,,,,,,,,,,,,,,,,,,,,,,,,,,,,,,,,,,,,,,,,,,,,,,,,,,,,,,,,,,,,,,,,,,,,,,,,,,,,,,,,,,,,,,,,,,,,,,,,,,,,,,,,,,,,,,,,,,,,,,,,,,,,,,,,,,,,,,,,,,,,,,,,,,,,,,,,,,,,,,,,,,,,,,,,,,,,,,,,,,,,,,,,,,,,,,,,,,,,,,,,,,,,,,,,,,,,,,,,,,,,,,,,,,,,,,,,,,,,,,,,,,,,,,,,,,,,,,,,,,,,,,,,,,,,,,,,,,,,,,,,,,,,,,,,,,,,,,,,,,,,,,,,,,,,,,,,,,,
Treatment/ID,,,,,,,,,,,,,,,,,,,,,,,,,,,,,,,,,,,,,,,,,,,,,,,,,,,,,,,,,,,,,,,,,,,,,,,,,,,,,,,,,,,,,,,,,,,,,,,,,,,,,,,,,,,,,,,,,,,,,,,,,,,,,,,,,,,,,,,,,,,,,,,,,,,,,,,,,,,,,,,,,,,,,,,,,,,,,,,,,,,,,,,,,,,,,,,,,,,,,,,,,,,,,,,,,,,,,,,,,,,,,,,,,,,,,,,,,,,,,,,,,,,,,,,,,,,,,,,,,,,,,,,,,,,,,,,,,,,,,,,,,,,,,,,,,,,,,,,,,,,,,,,,,,,,,,,,,,,,,,,,,,,,,,,,,,,,,,,,,,,,,,,,,,,,,,,,,,,,,,,,,,,,,,,,,,,,,,,,,,,,,,,,,,,,,,,,,,,,,,,,,,,,,,,,,,,,,,,,,,,,,,,,,,,,,,,,,,,,,,,,,,,,,,,,,,,,,,,,,,,,,,,,,,,,,,,,,,,,,,,,,,,,,,,,,,,,,,,,,,,,,,,,,,,,,,,,,,,,,,,,,,,,,,,,,,,,,,,,,,,,,,,,,,,,,,,,,,,,,,,,,,,,,,,,,,,,,,,,,,,,,,,,,,,,,,,,,,,,,,,,,,,,,,,,,,,,,,,,,,,,,,,,,,,,,,,,,,,,,,,,,,,,,,,,,,,,,,,,,,,,,,,,,,,,,,,,,,,,,,,,,,,,,,,,,,,,,,,,,,,,,,,,,,,,,,,,,,,,,,,,,,,,,,,,,,,,,,,,,,,,,,,,,,,,,,,,,,,,,,,,,,,,,,,,
Activity Metrics,,,,,,,,,,,,,,,,,,,,,,,,,,,,,,,,,,,,,,,,,,,,,,,,,,,,,,,,,,,,,,,,,,,,,,,,,,,,,,,,,,,,,,,,,,,,,,,,,,,,,,,,,,,,,,,,,,,,,,,,,,,,,,,,,,,,,,,,,,,,,,,,,,,,,,,,,,,,,,,,,,,,,,,,,,,,,,,,,,,,,,,,,,,,,,,,,,,,,,,,,,,,,,,,,,,,,,,,,,,,,,,,,,,,,,,,,,,,,,,,,,,,,,,,,,,,,,,,,,,,,,,,,,,,,,,,,,,,,,,,,,,,,,,,,,,,,,,,,,,,,,,,,,,,,,,,,,,,,,,,,,,,,,,,,,,,,,,,,,,,,,,,,,,,,,,,,,,,,,,,,,,,,,,,,,,,,,,,,,,,,,,,,,,,,,,,,,,,,,,,,,,,,,,,,,,,,,,,,,,,,,,,,,,,,,,,,,,,,,,,,,,,,,,,,,,,,,,,,,,,,,,,,,,,,,,,,,,,,,,,,,,,,,,,,,,,,,,,,,,,,,,,,,,,,,,,,,,,,,,,,,,,,,,,,,,,,,,,,,,,,,,,,,,,,,,,,,,,,,,,,,,,,,,,,,,,,,,,,,,,,,,,,,,,,,,,,,,,,,,,,,,,,,,,,,,,,,,,,,,,,,,,,,,,,,,,,,,,,,,,,,,,,,,,,,,,,,,,,,,,,,,,,,,,,,,,,,,,,,,,,,,,,,,,,,,,,,,,,,,,,,,,,,,,,,,,,,,,,,,,,,,,,,,,,,,,,,,,,,,,,,,,,,,,,,,,,,,,,,,,,,,,,,,,
    Number of Spikes,14225,10727,27599,15255,17741,10252,13375,15405,18904,15055,8276,12166,7647,8364,14254,14752,22700,10303,16704,17605,10771,18957,11983,27656,13689,15985,19836,14752,13201,16669,14786,19291,6810,8851,12428,12118,5189,16076,15555,14017,12222,9631,9196,8405,17022,12268,14283,21188,,,,,,,,,,,,,,,,,,,,,,,,,,,,,,,,,,,,,,,,,,,,,,,,,,,,,,,,,,,,,,,,,,,,,,,,,,,,,,,,,,,,,,,,,,,,,,,,,,,,,,,,,,,,,,,,,,,,,,,,,,,,,,,,,,,,,,,,,,,,,,,,,,,,,,,,,,,,,,,,,,,,,,,,,,,,,,,,,,,,,,,,,,,,,,,,,,,,,,,,,,,,,,,,,,,,,,,,,,,,,,,,,,,,,,,,,,,,,,,,,,,,,,,,,,,,,,,,,,,,,,,,,,,,,,,,,,,,,,,,,,,,,,,,,,,,,,,,,,,,,,,,,,,,,,,,,,,,,,,,,,,,,,,,,,,,,,,,,,,,,,,,,,,,,,,,,,,,,,,,,,,,,,,,,,,,,,,,,,,,,,,,,,,,,,,,,,,,,,,,,,,,,,,,,,,,,,,,,,,,,,,,,,,,,,,,,,,,,,,,,,,,,,,,,,,,,,,,,,,,,,,,,,,,,,,,,,,,,,,,,,,,,,,,,,,,,,,,,,,,,,,,,,,,,,,,,,,,,,,,,,,,,,,,,,,,,,,,,,,,,,,,,,,,,,,,,,,,,,,,,,,,,,,,,,,,,,,,,,,,,,,,,,,,,,,,,,,,,,,,,,,,,,,,,,,,,,,,,,,,,,,,,,,,,,,,,,,,,,,,,,,,,,,,,,,,,,,,,,,,,,,,,,,,,,,,,,,,,,,,,,,,,,,,,,,,,,,,,,,,,,,,,,,,,,,,,,,,,,,,
    Mean Firing Rate (Hz),1.481771,1.117396,2.874896,1.589063,1.848021,1.067917,1.393229,1.604688,1.969167,1.568229,0.862083,1.267292,0.796562,0.87125,1.484792,1.536667,2.364583,1.073229,1.74,1.833854,1.121979,1.974687,1.248229,2.880833,1.425938,1.665104,2.06625,1.536667,1.375104,1.736354,1.540208,2.009479,0.709375,0.921979,1.294583,1.262292,0.540521,1.674583,1.620313,1.460104,1.273125,1.003229,0.957917,0.875521,1.773125,1.277917,1.487813,2.207083,,,,,,,,,,,,,,,,,,,,,,,,,,,,,,,,,,,,,,,,,,,,,,,,,,,,,,,,,,,,,,,,,,,,,,,,,,,,,,,,,,,,,,,,,,,,,,,,,,,,,,,,,,,,,,,,,,,,,,,,,,,,,,,,,,,,,,,,,,,,,,,,,,,,,,,,,,,,,,,,,,,,,,,,,,,,,,,,,,,,,,,,,,,,,,,,,,,,,,,,,,,,,,,,,,,,,,,,,,,,,,,,,,,,,,,,,,,,,,,,,,,,,,,,,,,,,,,,,,,,,,,,,,,,,,,,,,,,,,,,,,,,,,,,,,,,,,,,,,,,,,,,,,,,,,,,,,,,,,,,,,,,,,,,,,,,,,,,,,,,,,,,,,,,,,,,,,,,,,,,,,,,,,,,,,,,,,,,,,,,,,,,,,,,,,,,,,,,,,,,,,,,,,,,,,,,,,,,,,,,,,,,,,,,,,,,,,,,,,,,,,,,,,,,,,,,,,,,,,,,,,,,,,,,,,,,,,,,,,,,,,,,,,,,,,,,,,,,,,,,,,,,,,,,,,,,,,,,,,,,,,,,,,,,,,,,,,,,,,,,,,,,,,,,,,,,,,,,,,,,,,,,,,,,,,,,,,,,,,,,,,,,,,,,,,,,,,,,,,,,,,,,,,,,,,,,,,,,,,,,,,,,,,,,,,,,,,,,,,,,,,,,,,,,,,,,,,,,,,,,,,,,,,,,,,,,,,,,,,,,,,,,,,,,,,,,,,,,,,,,,,,,,,,,,,,,,,,,,,,,
    ISI Coefficient of Variation - Avg,2.131029,1.833004,2.848909,2.10077,2.977714,2.047572,2.322028,2.331562,2.298419,2.635987,1.994866,2.175547,1.957874,2.075593,2.67491,2.284296,2.581806,1.915948,3.399636,2.785414,1.753227,2.803557,2.56258,2.784672,1.993175,2.899316,3.23209,3.224246,2.567588,3.103102,2.556754,2.285005,1.689897,2.120672,2.035442,2.480383,2.134282,3.462805,2.784412,2.217336,2.55287,2.045502,1.781381,2.032737,2.687678,2.54306,2.036156,2.572821,,,,,,,,,,,,,,,,,,,,,,,,,,,,,,,,,,,,,,,,,,,,,,,,,,,,,,,,,,,,,,,,,,,,,,,,,,,,,,,,,,,,,,,,,,,,,,,,,,,,,,,,,,,,,,,,,,,,,,,,,,,,,,,,,,,,,,,,,,,,,,,,,,,,,,,,,,,,,,,,,,,,,,,,,,,,,,,,,,,,,,,,,,,,,,,,,,,,,,,,,,,,,,,,,,,,,,,,,,,,,,,,,,,,,,,,,,,,,,,,,,,,,,,,,,,,,,,,,,,,,,,,,,,,,,,,,,,,,,,,,,,,,,,,,,,,,,,,,,,,,,,,,,,,,,,,,,,,,,,,,,,,,,,,,,,,,,,,,,,,,,,,,,,,,,,,,,,,,,,,,,,,,,,,,,,,,,,,,,,,,,,,,,,,,,,,,,,,,,,,,,,,,,,,,,,,,,,,,,,,,,,,,,,,,,,,,,,,,,,,,,,,,,,,,,,,,,,,,,,,,,,,,,,,,,,,,,,,,,,,,,,,,,,,,,,,,,,,,,,,,,,,,,,,,,,,,,,,,,,,,,,,,,,,,,,,,,,,,,,,,,,,,,,,,,,,,,,,,,,,,,,,,,,,,,,,,,,,,,,,,,,,,,,,,,,,,,,,,,,,,,,,,,,,,,,,,,,,,,,,,,,,,,,,,,,,,,,,,,,,,,,,,,,,,,,,,,,,,,,,,,,,,,,,,,,,,,,,,,,,,,,,,,,,,,,,,,,,,,,,,,,,,,,,,,,,,,,,,,,,
    Number of Active Electrodes,14,12,16,15,13,14,13,15,15,14,14,15,12,15,15,13,14,13,15,16,14,14,12,15,14,15,14,15,15,16,13,13,11,11,12,12,9,13,12,14,10,13,14,11,13,13,14,13,,,,,,,,,,,,,,,,,,,,,,,,,,,,,,,,,,,,,,,,,,,,,,,,,,,,,,,,,,,,,,,,,,,,,,,,,,,,,,,,,,,,,,,,,,,,,,,,,,,,,,,,,,,,,,,,,,,,,,,,,,,,,,,,,,,,,,,,,,,,,,,,,,,,,,,,,,,,,,,,,,,,,,,,,,,,,,,,,,,,,,,,,,,,,,,,,,,,,,,,,,,,,,,,,,,,,,,,,,,,,,,,,,,,,,,,,,,,,,,,,,,,,,,,,,,,,,,,,,,,,,,,,,,,,,,,,,,,,,,,,,,,,,,,,,,,,,,,,,,,,,,,,,,,,,,,,,,,,,,,,,,,,,,,,,,,,,,,,,,,,,,,,,,,,,,,,,,,,,,,,,,,,,,,,,,,,,,,,,,,,,,,,,,,,,,,,,,,,,,,,,,,,,,,,,,,,,,,,,,,,,,,,,,,,,,,,,,,,,,,,,,,,,,,,,,,,,,,,,,,,,,,,,,,,,,,,,,,,,,,,,,,,,,,,,,,,,,,,,,,,,,,,,,,,,,,,,,,,,,,,,,,,,,,,,,,,,,,,,,,,,,,,,,,,,,,,,,,,,,,,,,,,,,,,,,,,,,,,,,,,,,,,,,,,,,,,,,,,,,,,,,,,,,,,,,,,,,,,,,,,,,,,,,,,,,,,,,,,,,,,,,,,,,,,,,,,,,,,,,,,,,,,,,,,,,,,,,,,,,,,,,,,,,,,,,,,,,,,,,,,,,,,,,,,,,,,,,,,,,,
    Weighted Mean Firing Rate (Hz),1.685595,1.489861,2.874896,1.694778,2.272436,1.220357,1.713077,1.709556,2.098111,1.792024,0.984167,1.350778,1.046944,0.928333,1.582556,1.88141,2.699643,1.319872,1.856,1.833854,1.280119,2.244167,1.655556,3.067667,1.625833,1.776111,2.357857,1.639111,1.466111,1.736354,1.894231,2.456923,1.031061,1.336061,1.713333,1.674583,0.943148,2.06,2.154028,1.666667,2.034333,1.231538,1.094048,1.26803,2.181538,1.568077,1.700357,2.713462,,,,,,,,,,,,,,,,,,,,,,,,,,,,,,,,,,,,,,,,,,,,,,,,,,,,,,,,,,,,,,,,,,,,,,,,,,,,,,,,,,,,,,,,,,,,,,,,,,,,,,,,,,,,,,,,,,,,,,,,,,,,,,,,,,,,,,,,,,,,,,,,,,,,,,,,,,,,,,,,,,,,,,,,,,,,,,,,,,,,,,,,,,,,,,,,,,,,,,,,,,,,,,,,,,,,,,,,,,,,,,,,,,,,,,,,,,,,,,,,,,,,,,,,,,,,,,,,,,,,,,,,,,,,,,,,,,,,,,,,,,,,,,,,,,,,,,,,,,,,,,,,,,,,,,,,,,,,,,,,,,,,,,,,,,,,,,,,,,,,,,,,,,,,,,,,,,,,,,,,,,,,,,,,,,,,,,,,,,,,,,,,,,,,,,,,,,,,,,,,,,,,,,,,,,,,,,,,,,,,,,,,,,,,,,,,,,,,,,,,,,,,,,,,,,,,,,,,,,,,,,,,,,,,,,,,,,,,,,,,,,,,,,,,,,,,,,,,,,,,,,,,,,,,,,,,,,,,,,,,,,,,,,,,,,,,,,,,,,,,,,,,,,,,,,,,,,,,,,,,,,,,,,,,,,,,,,,,,,,,,,,,,,,,,,,,,,,,,,,,,,,,,,,,,,,,,,,,,,,,,,,,,,,,,,,,,,,,,,,,,,,,,,,,,,,,,,,,,,,,,,,,,,,,,,,,,,,,,,,,,,,,,,,,,,,,,,,,,,,,,,,,,,,,,,,,,,,,,,,,
Electrode Burst Metrics,,,,,,,,,,,,,,,,,,,,,,,,,,,,,,,,,,,,,,,,,,,,,,,,,,,,,,,,,,,,,,,,,,,,,,,,,,,,,,,,,,,,,,,,,,,,,,,,,,,,,,,,,,,,,,,,,,,,,,,,,,,,,,,,,,,,,,,,,,,,,,,,,,,,,,,,,,,,,,,,,,,,,,,,,,,,,,,,,,,,,,,,,,,,,,,,,,,,,,,,,,,,,,,,,,,,,,,,,,,,,,,,,,,,,,,,,,,,,,,,,,,,,,,,,,,,,,,,,,,,,,,,,,,,,,,,,,,,,,,,,,,,,,,,,,,,,,,,,,,,,,,,,,,,,,,,,,,,,,,,,,,,,,,,,,,,,,,,,,,,,,,,,,,,,,,,,,,,,,,,,,,,,,,,,,,,,,,,,,,,,,,,,,,,,,,,,,,,,,,,,,,,,,,,,,,,,,,,,,,,,,,,,,,,,,,,,,,,,,,,,,,,,,,,,,,,,,,,,,,,,,,,,,,,,,,,,,,,,,,,,,,,,,,,,,,,,,,,,,,,,,,,,,,,,,,,,,,,,,,,,,,,,,,,,,,,,,,,,,,,,,,,,,,,,,,,,,,,,,,,,,,,,,,,,,,,,,,,,,,,,,,,,,,,,,,,,,,,,,,,,,,,,,,,,,,,,,,,,,,,,,,,,,,,,,,,,,,,,,,,,,,,,,,,,,,,,,,,,,,,,,,,,,,,,,,,,,,,,,,,,,,,,,,,,,,,,,,,,,,,,,,,,,,,,,,,,,,,,,,,,,,,,,,,,,,,,,,,,,,,,,,,,,,,,,,,,,,,,,,,,,,,,,,,
    Number of Bursts,629,677,1506,928,1014,543,800,1136,1061,998,525,819,565,403,1054,907,1249,509,883,1071,446,930,671,1641,690,1046,1196,802,1056,916,953,911,270,506,647,659,359,965,976,680,658,579,633,464,911,844,645,1216,,,,,,,,,,,,,,,,,,,,,,,,,,,,,,,,,,,,,,,,,,,,,,,,,,,,,,,,,,,,,,,,,,,,,,,,,,,,,,,,,,,,,,,,,,,,,,,,,,,,,,,,,,,,,,,,,,,,,,,,,,,,,,,,,,,,,,,,,,,,,,,,,,,,,,,,,,,,,,,,,,,,,,,,,,,,,,,,,,,,,,,,,,,,,,,,,,,,,,,,,,,,,,,,,,,,,,,,,,,,,,,,,,,,,,,,,,,,,,,,,,,,,,,,,,,,,,,,,,,,,,,,,,,,,,,,,,,,,,,,,,,,,,,,,,,,,,,,,,,,,,,,,,,,,,,,,,,,,,,,,,,,,,,,,,,,,,,,,,,,,,,,,,,,,,,,,,,,,,,,,,,,,,,,,,,,,,,,,,,,,,,,,,,,,,,,,,,,,,,,,,,,,,,,,,,,,,,,,,,,,,,,,,,,,,,,,,,,,,,,,,,,,,,,,,,,,,,,,,,,,,,,,,,,,,,,,,,,,,,,,,,,,,,,,,,,,,,,,,,,,,,,,,,,,,,,,,,,,,,,,,,,,,,,,,,,,,,,,,,,,,,,,,,,,,,,,,,,,,,,,,,,,,,,,,,,,,,,,,,,,,,,,,,,,,,,,,,,,,,,,,,,,,,,,,,,,,,,,,,,,,,,,,,,,,,,,,,,,,,,,,,,,,,,,,,,,,,,,,,,,,,,,,,,,,,,,,,,,,,,,,,,,,,,,,,,,,,,,,,,,,,,,,,,,,,,,,,,,,,,
    Number of Bursting Electrodes,13,11,15,15,13,14,13,14,15,14,13,15,13,15,14,13,14,12,15,16,14,12,11,13,14,14,14,15,15,15,13,11,11,11,12,11,8,13,11,12,9,11,12,11,10,12,12,13,,,,,,,,,,,,,,,,,,,,,,,,,,,,,,,,,,,,,,,,,,,,,,,,,,,,,,,,,,,,,,,,,,,,,,,,,,,,,,,,,,,,,,,,,,,,,,,,,,,,,,,,,,,,,,,,,,,,,,,,,,,,,,,,,,,,,,,,,,,,,,,,,,,,,,,,,,,,,,,,,,,,,,,,,,,,,,,,,,,,,,,,,,,,,,,,,,,,,,,,,,,,,,,,,,,,,,,,,,,,,,,,,,,,,,,,,,,,,,,,,,,,,,,,,,,,,,,,,,,,,,,,,,,,,,,,,,,,,,,,,,,,,,,,,,,,,,,,,,,,,,,,,,,,,,,,,,,,,,,,,,,,,,,,,,,,,,,,,,,,,,,,,,,,,,,,,,,,,,,,,,,,,,,,,,,,,,,,,,,,,,,,,,,,,,,,,,,,,,,,,,,,,,,,,,,,,,,,,,,,,,,,,,,,,,,,,,,,,,,,,,,,,,,,,,,,,,,,,,,,,,,,,,,,,,,,,,,,,,,,,,,,,,,,,,,,,,,,,,,,,,,,,,,,,,,,,,,,,,,,,,,,,,,,,,,,,,,,,,,,,,,,,,,,,,,,,,,,,,,,,,,,,,,,,,,,,,,,,,,,,,,,,,,,,,,,,,,,,,,,,,,,,,,,,,,,,,,,,,,,,,,,,,,,,,,,,,,,,,,,,,,,,,,,,,,,,,,,,,,,,,,,,,,,,,,,,,,,,,,,,,,,,,,,,,,,,,,,,,,,,,,,,,,,,,,,,,,,,,,,
    Burst Duration - Avg (sec),0.150911,0.049347,0.094765,0.06791,0.121638,0.168104,0.10806,0.059673,0.139334,0.083698,0.105413,0.131919,0.050296,0.121794,0.116249,0.064142,0.140409,0.113138,0.145859,0.105773,0.191222,0.139649,0.182883,0.07821,0.181182,0.135069,0.096857,0.189666,0.058524,0.121739,0.08462,0.213164,0.169041,0.071057,0.049433,0.264854,0.137487,0.123551,0.087497,0.16714,0.080584,0.098707,0.042082,0.110951,0.176777,0.081315,0.176259,0.090435,,,,,,,,,,,,,,,,,,,,,,,,,,,,,,,,,,,,,,,,,,,,,,,,,,,,,,,,,,,,,,,,,,,,,,,,,,,,,,,,,,,,,,,,,,,,,,,,,,,,,,,,,,,,,,,,,,,,,,,,,,,,,,,,,,,,,,,,,,,,,,,,,,,,,,,,,,,,,,,,,,,,,,,,,,,,,,,,,,,,,,,,,,,,,,,,,,,,,,,,,,,,,,,,,,,,,,,,,,,,,,,,,,,,,,,,,,,,,,,,,,,,,,,,,,,,,,,,,,,,,,,,,,,,,,,,,,,,,,,,,,,,,,,,,,,,,,,,,,,,,,,,,,,,,,,,,,,,,,,,,,,,,,,,,,,,,,,,,,,,,,,,,,,,,,,,,,,,,,,,,,,,,,,,,,,,,,,,,,,,,,,,,,,,,,,,,,,,,,,,,,,,,,,,,,,,,,,,,,,,,,,,,,,,,,,,,,,,,,,,,,,,,,,,,,,,,,,,,,,,,,,,,,,,,,,,,,,,,,,,,,,,,,,,,,,,,,,,,,,,,,,,,,,,,,,,,,,,,,,,,,,,,,,,,,,,,,,,,,,,,,,,,,,,,,,,,,,,,,,,,,,,,,,,,,,,,,,,,,,,,,,,,,,,,,,,,,,,,,,,,,,,,,,,,,,,,,,,,,,,,,,,,,,,,,,,,,,,,,,,,,,,,,,,,,,,,,,,,,,,,,,,,,,,,,,,,,,,,,,,,,,,,,,,,,,,,,,,,,,,,,,,,,,,,,,,,,,,,,,,
    Burst Duration - Std (sec),0.080389,0.015544,0.02915,0.030803,0.081914,0.135393,0.087046,0.012071,0.110363,0.047099,0.089603,0.174045,0.017705,0.056176,0.093066,0.021656,0.088706,0.061962,0.072073,0.052764,0.167683,0.077775,0.195473,0.021993,0.255485,0.158147,0.044749,0.300728,0.016841,0.075818,0.067482,0.249624,0.272759,0.035007,0.02354,0.424261,0.143909,0.063236,0.027046,0.117556,0.037408,0.112325,0.014378,0.096284,0.20757,0.031417,0.121294,0.028729,,,,,,,,,,,,,,,,,,,,,,,,,,,,,,,,,,,,,,,,,,,,,,,,,,,,,,,,,,,,,,,,,,,,,,,,,,,,,,,,,,,,,,,,,,,,,,,,,,,,,,,,,,,,,,,,,,,,,,,,,,,,,,,,,,,,,,,,,,,,,,,,,,,,,,,,,,,,,,,,,,,,,,,,,,,,,,,,,,,,,,,,,,,,,,,,,,,,,,,,,,,,,,,,,,,,,,,,,,,,,,,,,,,,,,,,,,,,,,,,,,,,,,,,,,,,,,,,,,,,,,,,,,,,,,,,,,,,,,,,,,,,,,,,,,,,,,,,,,,,,,,,,,,,,,,,,,,,,,,,,,,,,,,,,,,,,,,,,,,,,,,,,,,,,,,,,,,,,,,,,,,,,,,,,,,,,,,,,,,,,,,,,,,,,,,,,,,,,,,,,,,,,,,,,,,,,,,,,,,,,,,,,,,,,,,,,,,,,,,,,,,,,,,,,,,,,,,,,,,,,,,,,,,,,,,,,,,,,,,,,,,,,,,,,,,,,,,,,,,,,,,,,,,,,,,,,,,,,,,,,,,,,,,,,,,,,,,,,,,,,,,,,,,,,,,,,,,,,,,,,,,,,,,,,,,,,,,,,,,,,,,,,,,,,,,,,,,,,,,,,,,,,,,,,,,,,,,,,,,,,,,,,,,,,,,,,,,,,,,,,,,,,,,,,,,,,,,,,,,,,,,,,,,,,,,,,,,,,,,,,,,,,,,,,,,,,,,,,,,,,,,,,,,,,,,,,,,,,,,,
    Number of Spikes per Burst - Avg,10.303237,7.592988,12.223493,8.273616,13.356298,10.536053,10.00279,8.878219,10.341408,9.838151,8.783881,9.210679,7.072706,10.240765,10.240225,9.40132,11.524411,9.600098,14.401457,10.986918,11.250005,13.916021,13.518125,12.158785,9.861643,11.056106,12.612902,13.41783,8.971299,13.449124,9.719479,10.888799,11.283987,9.017305,8.830017,15.539736,8.892037,12.422092,11.347612,11.388835,10.762201,8.397194,7.7438,10.298311,14.813376,10.083428,10.610233,11.147779,,,,,,,,,,,,,,,,,,,,,,,,,,,,,,,,,,,,,,,,,,,,,,,,,,,,,,,,,,,,,,,,,,,,,,,,,,,,,,,,,,,,,,,,,,,,,,,,,,,,,,,,,,,,,,,,,,,,,,,,,,,,,,,,,,,,,,,,,,,,,,,,,,,,,,,,,,,,,,,,,,,,,,,,,,,,,,,,,,,,,,,,,,,,,,,,,,,,,,,,,,,,,,,,,,,,,,,,,,,,,,,,,,,,,,,,,,,,,,,,,,,,,,,,,,,,,,,,,,,,,,,,,,,,,,,,,,,,,,,,,,,,,,,,,,,,,,,,,,,,,,,,,,,,,,,,,,,,,,,,,,,,,,,,,,,,,,,,,,,,,,,,,,,,,,,,,,,,,,,,,,,,,,,,,,,,,,,,,,,,,,,,,,,,,,,,,,,,,,,,,,,,,,,,,,,,,,,,,,,,,,,,,,,,,,,,,,,,,,,,,,,,,,,,,,,,,,,,,,,,,,,,,,,,,,,,,,,,,,,,,,,,,,,,,,,,,,,,,,,,,,,,,,,,,,,,,,,,,,,,,,,,,,,,,,,,,,,,,,,,,,,,,,,,,,,,,,,,,,,,,,,,,,,,,,,,,,,,,,,,,,,,,,,,,,,,,,,,,,,,,,,,,,,,,,,,,,,,,,,,,,,,,,,,,,,,,,,,,,,,,,,,,,,,,,,,,,,,,,,,,,,,,,,,,,,,,,,,,,,,,,,,,,,,,,,,,,,,,,,,,,,,,,,,,,,,,,,,,,,,
    Number of Spikes per Burst - Std,4.249243,2.335475,4.614971,2.324119,2.326742,6.556065,2.81242,2.898785,2.555327,2.820347,2.849011,2.349446,1.687217,2.151855,2.066281,1.705306,3.139185,2.716724,4.967471,2.405115,5.034188,4.968067,6.907589,4.234523,3.689441,4.12161,4.690863,5.153369,3.042109,4.784331,3.438765,3.982777,10.085014,2.554808,2.460924,10.262884,3.097734,4.025358,3.229596,3.191097,4.668944,2.826113,2.318203,5.135119,3.063851,2.844671,3.795975,3.133549,,,,,,,,,,,,,,,,,,,,,,,,,,,,,,,,,,,,,,,,,,,,,,,,,,,,,,,,,,,,,,,,,,,,,,,,,,,,,,,,,,,,,,,,,,,,,,,,,,,,,,,,,,,,,,,,,,,,,,,,,,,,,,,,,,,,,,,,,,,,,,,,,,,,,,,,,,,,,,,,,,,,,,,,,,,,,,,,,,,,,,,,,,,,,,,,,,,,,,,,,,,,,,,,,,,,,,,,,,,,,,,,,,,,,,,,,,,,,,,,,,,,,,,,,,,,,,,,,,,,,,,,,,,,,,,,,,,,,,,,,,,,,,,,,,,,,,,,,,,,,,,,,,,,,,,,,,,,,,,,,,,,,,,,,,,,,,,,,,,,,,,,,,,,,,,,,,,,,,,,,,,,,,,,,,,,,,,,,,,,,,,,,,,,,,,,,,,,,,,,,,,,,,,,,,,,,,,,,,,,,,,,,,,,,,,,,,,,,,,,,,,,,,,,,,,,,,,,,,,,,,,,,,,,,,,,,,,,,,,,,,,,,,,,,,,,,,,,,,,,,,,,,,,,,,,,,,,,,,,,,,,,,,,,,,,,,,,,,,,,,,,,,,,,,,,,,,,,,,,,,,,,,,,,,,,,,,,,,,,,,,,,,,,,,,,,,,,,,,,,,,,,,,,,,,,,,,,,,,,,,,,,,,,,,,,,,,,,,,,,,,,,,,,,,,,,,,,,,,,,,,,,,,,,,,,,,,,,,,,,,,,,,,,,,,,,,,,,,,,,,,,,,,,,,,,,,,,,,,,,
    Mean ISI within Burst - Avg (sec),0.013019,0.007215,0.00758,0.008683,0.007433,0.010684,0.011498,0.00628,0.011185,0.008082,0.010299,0.012978,0.008831,0.010223,0.007739,0.006226,0.009974,0.009204,0.008201,0.008642,0.014547,0.00903,0.008714,0.006848,0.013136,0.010277,0.006276,0.016094,0.007532,0.006599,0.006895,0.011812,0.012451,0.007867,0.006397,0.010961,0.017998,0.007517,0.007167,0.01158,0.007264,0.011226,0.006144,0.008531,0.009674,0.006351,0.013232,0.007042,,,,,,,,,,,,,,,,,,,,,,,,,,,,,,,,,,,,,,,,,,,,,,,,,,,,,,,,,,,,,,,,,,,,,,,,,,,,,,,,,,,,,,,,,,,,,,,,,,,,,,,,,,,,,,,,,,,,,,,,,,,,,,,,,,,,,,,,,,,,,,,,,,,,,,,,,,,,,,,,,,,,,,,,,,,,,,,,,,,,,,,,,,,,,,,,,,,,,,,,,,,,,,,,,,,,,,,,,,,,,,,,,,,,,,,,,,,,,,,,,,,,,,,,,,,,,,,,,,,,,,,,,,,,,,,,,,,,,,,,,,,,,,,,,,,,,,,,,,,,,,,,,,,,,,,,,,,,,,,,,,,,,,,,,,,,,,,,,,,,,,,,,,,,,,,,,,,,,,,,,,,,,,,,,,,,,,,,,,,,,,,,,,,,,,,,,,,,,,,,,,,,,,,,,,,,,,,,,,,,,,,,,,,,,,,,,,,,,,,,,,,,,,,,,,,,,,,,,,,,,,,,,,,,,,,,,,,,,,,,,,,,,,,,,,,,,,,,,,,,,,,,,,,,,,,,,,,,,,,,,,,,,,,,,,,,,,,,,,,,,,,,,,,,,,,,,,,,,,,,,,,,,,,,,,,,,,,,,,,,,,,,,,,,,,,,,,,,,,,,,,,,,,,,,,,,,,,,,,,,,,,,,,,,,,,,,,,,,,,,,,,,,,,,,,,,,,,,,,,,,,,,,,,,,,,,,,,,,,,,,,,,,,,,,,,,,,,,,,,,,,,,,,,,,,,,,,,,,,,,
    Mean ISI within Burst - Std (sec),0.005712,0.001694,0.002148,0.003008,0.003623,0.005473,0.016528,0.001759,0.006702,0.007224,0.008811,0.016675,0.00408,0.002831,0.003449,0.001897,0.006715,0.002912,0.002923,0.003965,0.009399,0.002942,0.003163,0.003915,0.01322,0.01298,0.002526,0.034301,0.002798,0.002482,0.003059,0.009736,0.007106,0.002514,0.002509,0.008904,0.025454,0.003837,0.001554,0.006259,0.001179,0.01273,0.001474,0.004514,0.010794,0.001629,0.009893,0.002116,,,,,,,,,,,,,,,,,,,,,,,,,,,,,,,,,,,,,,,,,,,,,,,,,,,,,,,,,,,,,,,,,,,,,,,,,,,,,,,,,,,,,,,,,,,,,,,,,,,,,,,,,,,,,,,,,,,,,,,,,,,,,,,,,,,,,,,,,,,,,,,,,,,,,,,,,,,,,,,,,,,,,,,,,,,,,,,,,,,,,,,,,,,,,,,,,,,,,,,,,,,,,,,,,,,,,,,,,,,,,,,,,,,,,,,,,,,,,,,,,,,,,,,,,,,,,,,,,,,,,,,,,,,,,,,,,,,,,,,,,,,,,,,,,,,,,,,,,,,,,,,,,,,,,,,,,,,,,,,,,,,,,,,,,,,,,,,,,,,,,,,,,,,,,,,,,,,,,,,,,,,,,,,,,,,,,,,,,,,,,,,,,,,,,,,,,,,,,,,,,,,,,,,,,,,,,,,,,,,,,,,,,,,,,,,,,,,,,,,,,,,,,,,,,,,,,,,,,,,,,,,,,,,,,,,,,,,,,,,,,,,,,,,,,,,,,,,,,,,,,,,,,,,,,,,,,,,,,,,,,,,,,,,,,,,,,,,,,,,,,,,,,,,,,,,,,,,,,,,,,,,,,,,,,,,,,,,,,,,,,,,,,,,,,,,,,,,,,,,,,,,,,,,,,,,,,,,,,,,,,,,,,,,,,,,,,,,,,,,,,,,,,,,,,,,,,,,,,,,,,,,,,,,,,,,,,,,,,,,,,,,,,,,,,,,,,,,,,,,,,,,,,,,,,,,,,,,,,,,,
    Median ISI within Burst - Avg (sec),0.00937,0.005598,0.006305,0.006721,0.005455,0.008066,0.010889,0.004848,0.007359,0.005805,0.0085,0.009651,0.007159,0.008846,0.00576,0.004851,0.006403,0.006945,0.005821,0.006579,0.009759,0.006505,0.006915,0.005343,0.007896,0.007717,0.005007,0.011273,0.006325,0.005335,0.005316,0.006883,0.010425,0.006665,0.005326,0.008663,0.012189,0.005634,0.00544,0.008358,0.005,0.008087,0.005098,0.006828,0.006308,0.00506,0.008456,0.005359,,,,,,,,,,,,,,,,,,,,,,,,,,,,,,,,,,,,,,,,,,,,,,,,,,,,,,,,,,,,,,,,,,,,,,,,,,,,,,,,,,,,,,,,,,,,,,,,,,,,,,,,,,,,,,,,,,,,,,,,,,,,,,,,,,,,,,,,,,,,,,,,,,,,,,,,,,,,,,,,,,,,,,,,,,,,,,,,,,,,,,,,,,,,,,,,,,,,,,,,,,,,,,,,,,,,,,,,,,,,,,,,,,,,,,,,,,,,,,,,,,,,,,,,,,,,,,,,,,,,,,,,,,,,,,,,,,,,,,,,,,,,,,,,,,,,,,,,,,,,,,,,,,,,,,,,,,,,,,,,,,,,,,,,,,,,,,,,,,,,,,,,,,,,,,,,,,,,,,,,,,,,,,,,,,,,,,,,,,,,,,,,,,,,,,,,,,,,,,,,,,,,,,,,,,,,,,,,,,,,,,,,,,,,,,,,,,,,,,,,,,,,,,,,,,,,,,,,,,,,,,,,,,,,,,,,,,,,,,,,,,,,,,,,,,,,,,,,,,,,,,,,,,,,,,,,,,,,,,,,,,,,,,,,,,,,,,,,,,,,,,,,,,,,,,,,,,,,,,,,,,,,,,,,,,,,,,,,,,,,,,,,,,,,,,,,,,,,,,,,,,,,,,,,,,,,,,,,,,,,,,,,,,,,,,,,,,,,,,,,,,,,,,,,,,,,,,,,,,,,,,,,,,,,,,,,,,,,,,,,,,,,,,,,,,,,,,,,,,,,,,,,,,,,,,,,,,,,,,,,
    Median ISI within Burst - Std (sec),0.004408,0.001385,0.002089,0.002225,0.002859,0.003102,0.019962,0.001559,0.004144,0.003999,0.008101,0.011157,0.003074,0.00244,0.001948,0.001403,0.003685,0.002367,0.0019,0.002711,0.005649,0.001715,0.002545,0.004265,0.005457,0.009151,0.001582,0.021104,0.002586,0.002163,0.001719,0.003804,0.005891,0.002672,0.002082,0.007085,0.014258,0.003148,0.000984,0.003975,0.001444,0.00741,0.001432,0.003424,0.004955,0.00138,0.005079,0.00191,,,,,,,,,,,,,,,,,,,,,,,,,,,,,,,,,,,,,,,,,,,,,,,,,,,,,,,,,,,,,,,,,,,,,,,,,,,,,,,,,,,,,,,,,,,,,,,,,,,,,,,,,,,,,,,,,,,,,,,,,,,,,,,,,,,,,,,,,,,,,,,,,,,,,,,,,,,,,,,,,,,,,,,,,,,,,,,,,,,,,,,,,,,,,,,,,,,,,,,,,,,,,,,,,,,,,,,,,,,,,,,,,,,,,,,,,,,,,,,,,,,,,,,,,,,,,,,,,,,,,,,,,,,,,,,,,,,,,,,,,,,,,,,,,,,,,,,,,,,,,,,,,,,,,,,,,,,,,,,,,,,,,,,,,,,,,,,,,,,,,,,,,,,,,,,,,,,,,,,,,,,,,,,,,,,,,,,,,,,,,,,,,,,,,,,,,,,,,,,,,,,,,,,,,,,,,,,,,,,,,,,,,,,,,,,,,,,,,,,,,,,,,,,,,,,,,,,,,,,,,,,,,,,,,,,,,,,,,,,,,,,,,,,,,,,,,,,,,,,,,,,,,,,,,,,,,,,,,,,,,,,,,,,,,,,,,,,,,,,,,,,,,,,,,,,,,,,,,,,,,,,,,,,,,,,,,,,,,,,,,,,,,,,,,,,,,,,,,,,,,,,,,,,,,,,,,,,,,,,,,,,,,,,,,,,,,,,,,,,,,,,,,,,,,,,,,,,,,,,,,,,,,,,,,,,,,,,,,,,,,,,,,,,,,,,,,,,,,,,,,,,,,,,,,,,,,,,,,,,,
    Median/Mean ISI within Burst - Avg,0.80224,0.817473,0.843345,0.827424,0.791434,0.864501,0.852404,0.838758,0.801506,0.832003,0.860704,0.840301,0.857668,0.895046,0.846579,0.824556,0.79129,0.802082,0.807142,0.818818,0.781793,0.777547,0.842461,0.803946,0.779126,0.836334,0.859174,0.823786,0.85788,0.850391,0.862549,0.832562,0.869807,0.869692,0.874365,0.831388,0.824183,0.834494,0.815013,0.80894,0.763344,0.830834,0.854711,0.850057,0.788846,0.851823,0.804325,0.827912,,,,,,,,,,,,,,,,,,,,,,,,,,,,,,,,,,,,,,,,,,,,,,,,,,,,,,,,,,,,,,,,,,,,,,,,,,,,,,,,,,,,,,,,,,,,,,,,,,,,,,,,,,,,,,,,,,,,,,,,,,,,,,,,,,,,,,,,,,,,,,,,,,,,,,,,,,,,,,,,,,,,,,,,,,,,,,,,,,,,,,,,,,,,,,,,,,,,,,,,,,,,,,,,,,,,,,,,,,,,,,,,,,,,,,,,,,,,,,,,,,,,,,,,,,,,,,,,,,,,,,,,,,,,,,,,,,,,,,,,,,,,,,,,,,,,,,,,,,,,,,,,,,,,,,,,,,,,,,,,,,,,,,,,,,,,,,,,,,,,,,,,,,,,,,,,,,,,,,,,,,,,,,,,,,,,,,,,,,,,,,,,,,,,,,,,,,,,,,,,,,,,,,,,,,,,,,,,,,,,,,,,,,,,,,,,,,,,,,,,,,,,,,,,,,,,,,,,,,,,,,,,,,,,,,,,,,,,,,,,,,,,,,,,,,,,,,,,,,,,,,,,,,,,,,,,,,,,,,,,,,,,,,,,,,,,,,,,,,,,,,,,,,,,,,,,,,,,,,,,,,,,,,,,,,,,,,,,,,,,,,,,,,,,,,,,,,,,,,,,,,,,,,,,,,,,,,,,,,,,,,,,,,,,,,,,,,,,,,,,,,,,,,,,,,,,,,,,,,,,,,,,,,,,,,,,,,,,,,,,,,,,,,,,,,,,,,,,,,,,,,,,,,,,,,,,,,,,,,,,
    Median/Mean ISI within Burst - Std,0.071912,0.032413,0.051711,0.048328,0.023015,0.073334,0.108593,0.050749,0.054543,0.045544,0.06998,0.069426,0.073012,0.052531,0.052052,0.056172,0.057069,0.070622,0.034069,0.052175,0.085543,0.063075,0.051976,0.066581,0.092233,0.046163,0.020868,0.067312,0.048669,0.051223,0.050764,0.063421,0.063972,0.079242,0.074782,0.052597,0.113513,0.064218,0.028177,0.066615,0.091109,0.119251,0.051807,0.053271,0.076,0.019975,0.0579,0.045634,,,,,,,,,,,,,,,,,,,,,,,,,,,,,,,,,,,,,,,,,,,,,,,,,,,,,,,,,,,,,,,,,,,,,,,,,,,,,,,,,,,,,,,,,,,,,,,,,,,,,,,,,,,,,,,,,,,,,,,,,,,,,,,,,,,,,,,,,,,,,,,,,,,,,,,,,,,,,,,,,,,,,,,,,,,,,,,,,,,,,,,,,,,,,,,,,,,,,,,,,,,,,,,,,,,,,,,,,,,,,,,,,,,,,,,,,,,,,,,,,,,,,,,,,,,,,,,,,,,,,,,,,,,,,,,,,,,,,,,,,,,,,,,,,,,,,,,,,,,,,,,,,,,,,,,,,,,,,,,,,,,,,,,,,,,,,,,,,,,,,,,,,,,,,,,,,,,,,,,,,,,,,,,,,,,,,,,,,,,,,,,,,,,,,,,,,,,,,,,,,,,,,,,,,,,,,,,,,,,,,,,,,,,,,,,,,,,,,,,,,,,,,,,,,,,,,,,,,,,,,,,,,,,,,,,,,,,,,,,,,,,,,,,,,,,,,,,,,,,,,,,,,,,,,,,,,,,,,,,,,,,,,,,,,,,,,,,,,,,,,,,,,,,,,,,,,,,,,,,,,,,,,,,,,,,,,,,,,,,,,,,,,,,,,,,,,,,,,,,,,,,,,,,,,,,,,,,,,,,,,,,,,,,,,,,,,,,,,,,,,,,,,,,,,,,,,,,,,,,,,,,,,,,,,,,,,,,,,,,,,,,,,,,,,,,,,,,,,,,,,,,,,,,,,,,,,,,,,,,,
    Inter-Burst Interval - Avg (sec),46.10702,53.698495,17.689339,23.260999,11.336595,59.072891,16.090271,22.433524,23.646507,13.118256,59.650589,35.049434,53.850063,28.822467,14.065698,21.265569,14.927395,36.316307,14.640136,13.466411,63.090225,10.620721,18.37155,14.058509,68.535134,20.605869,10.930264,15.963497,14.845648,14.094408,24.385474,29.427488,72.636749,25.986995,26.529863,71.256057,26.041813,15.05789,11.062791,23.818557,21.100045,16.110075,38.939405,37.237858,19.994019,13.097832,65.825755,8.602743,,,,,,,,,,,,,,,,,,,,,,,,,,,,,,,,,,,,,,,,,,,,,,,,,,,,,,,,,,,,,,,,,,,,,,,,,,,,,,,,,,,,,,,,,,,,,,,,,,,,,,,,,,,,,,,,,,,,,,,,,,,,,,,,,,,,,,,,,,,,,,,,,,,,,,,,,,,,,,,,,,,,,,,,,,,,,,,,,,,,,,,,,,,,,,,,,,,,,,,,,,,,,,,,,,,,,,,,,,,,,,,,,,,,,,,,,,,,,,,,,,,,,,,,,,,,,,,,,,,,,,,,,,,,,,,,,,,,,,,,,,,,,,,,,,,,,,,,,,,,,,,,,,,,,,,,,,,,,,,,,,,,,,,,,,,,,,,,,,,,,,,,,,,,,,,,,,,,,,,,,,,,,,,,,,,,,,,,,,,,,,,,,,,,,,,,,,,,,,,,,,,,,,,,,,,,,,,,,,,,,,,,,,,,,,,,,,,,,,,,,,,,,,,,,,,,,,,,,,,,,,,,,,,,,,,,,,,,,,,,,,,,,,,,,,,,,,,,,,,,,,,,,,,,,,,,,,,,,,,,,,,,,,,,,,,,,,,,,,,,,,,,,,,,,,,,,,,,,,,,,,,,,,,,,,,,,,,,,,,,,,,,,,,,,,,,,,,,,,,,,,,,,,,,,,,,,,,,,,,,,,,,,,,,,,,,,,,,,,,,,,,,,,,,,,,,,,,,,,,,,,,,,,,,,,,,,,,,,,,,,,,,,,,,,,,,,,,,,,,,,,,,,,,,,,,,,,,,,,,,
    Inter-Burst Interval - Std (sec),73.160139,83.246267,32.557493,21.765243,9.046839,85.226635,16.590255,36.416707,27.52211,10.263455,85.942289,50.483497,77.089984,18.332086,17.37634,27.415023,13.762665,40.901768,12.911787,8.323178,57.412277,8.59146,17.832313,27.307838,96.645857,29.564739,11.221667,12.115069,15.627433,10.625484,35.416965,30.795821,66.026085,25.622497,30.988608,163.858343,23.097944,16.423705,11.995973,22.677916,33.046905,15.352615,40.209834,36.388038,36.957271,9.523472,141.188198,5.53757,,,,,,,,,,,,,,,,,,,,,,,,,,,,,,,,,,,,,,,,,,,,,,,,,,,,,,,,,,,,,,,,,,,,,,,,,,,,,,,,,,,,,,,,,,,,,,,,,,,,,,,,,,,,,,,,,,,,,,,,,,,,,,,,,,,,,,,,,,,,,,,,,,,,,,,,,,,,,,,,,,,,,,,,,,,,,,,,,,,,,,,,,,,,,,,,,,,,,,,,,,,,,,,,,,,,,,,,,,,,,,,,,,,,,,,,,,,,,,,,,,,,,,,,,,,,,,,,,,,,,,,,,,,,,,,,,,,,,,,,,,,,,,,,,,,,,,,,,,,,,,,,,,,,,,,,,,,,,,,,,,,,,,,,,,,,,,,,,,,,,,,,,,,,,,,,,,,,,,,,,,,,,,,,,,,,,,,,,,,,,,,,,,,,,,,,,,,,,,,,,,,,,,,,,,,,,,,,,,,,,,,,,,,,,,,,,,,,,,,,,,,,,,,,,,,,,,,,,,,,,,,,,,,,,,,,,,,,,,,,,,,,,,,,,,,,,,,,,,,,,,,,,,,,,,,,,,,,,,,,,,,,,,,,,,,,,,,,,,,,,,,,,,,,,,,,,,,,,,,,,,,,,,,,,,,,,,,,,,,,,,,,,,,,,,,,,,,,,,,,,,,,,,,,,,,,,,,,,,,,,,,,,,,,,,,,,,,,,,,,,,,,,,,,,,,,,,,,,,,,,,,,,,,,,,,,,,,,,,,,,,,,,,,,,,,,,,,,,,,,,,,,,,,,,,,,,,,,,,,,
    Burst Frequency - Avg (Hz),0.080641,0.102576,0.167333,0.103111,0.13,0.064643,0.102564,0.135238,0.117889,0.11881,0.067308,0.091,0.072436,0.044778,0.125476,0.116282,0.14869,0.070694,0.098111,0.111563,0.053095,0.129167,0.101667,0.210385,0.082143,0.124524,0.142381,0.089111,0.117333,0.101778,0.122179,0.13803,0.040909,0.076667,0.089861,0.099848,0.074792,0.123718,0.147879,0.094444,0.121852,0.087727,0.087917,0.070303,0.151833,0.117222,0.089583,0.155897,,,,,,,,,,,,,,,,,,,,,,,,,,,,,,,,,,,,,,,,,,,,,,,,,,,,,,,,,,,,,,,,,,,,,,,,,,,,,,,,,,,,,,,,,,,,,,,,,,,,,,,,,,,,,,,,,,,,,,,,,,,,,,,,,,,,,,,,,,,,,,,,,,,,,,,,,,,,,,,,,,,,,,,,,,,,,,,,,,,,,,,,,,,,,,,,,,,,,,,,,,,,,,,,,,,,,,,,,,,,,,,,,,,,,,,,,,,,,,,,,,,,,,,,,,,,,,,,,,,,,,,,,,,,,,,,,,,,,,,,,,,,,,,,,,,,,,,,,,,,,,,,,,,,,,,,,,,,,,,,,,,,,,,,,,,,,,,,,,,,,,,,,,,,,,,,,,,,,,,,,,,,,,,,,,,,,,,,,,,,,,,,,,,,,,,,,,,,,,,,,,,,,,,,,,,,,,,,,,,,,,,,,,,,,,,,,,,,,,,,,,,,,,,,,,,,,,,,,,,,,,,,,,,,,,,,,,,,,,,,,,,,,,,,,,,,,,,,,,,,,,,,,,,,,,,,,,,,,,,,,,,,,,,,,,,,,,,,,,,,,,,,,,,,,,,,,,,,,,,,,,,,,,,,,,,,,,,,,,,,,,,,,,,,,,,,,,,,,,,,,,,,,,,,,,,,,,,,,,,,,,,,,,,,,,,,,,,,,,,,,,,,,,,,,,,,,,,,,,,,,,,,,,,,,,,,,,,,,,,,,,,,,,,,,,,,,,,,,,,,,,,,,,,,,,,,,,,,,,,,
    Burst Frequency - Std (Hz),0.09764,0.10161,0.107483,0.099081,0.070799,0.07146,0.091042,0.083974,0.094484,0.079538,0.069985,0.083836,0.077739,0.035045,0.067487,0.075701,0.114921,0.079164,0.047245,0.074681,0.088237,0.081002,0.077406,0.108383,0.113703,0.078467,0.072744,0.05668,0.064681,0.052457,0.098285,0.152155,0.049885,0.067942,0.075864,0.0653,0.073401,0.07346,0.075082,0.08926,0.08909,0.096039,0.100419,0.0654,0.090777,0.069976,0.091823,0.075168,,,,,,,,,,,,,,,,,,,,,,,,,,,,,,,,,,,,,,,,,,,,,,,,,,,,,,,,,,,,,,,,,,,,,,,,,,,,,,,,,,,,,,,,,,,,,,,,,,,,,,,,,,,,,,,,,,,,,,,,,,,,,,,,,,,,,,,,,,,,,,,,,,,,,,,,,,,,,,,,,,,,,,,,,,,,,,,,,,,,,,,,,,,,,,,,,,,,,,,,,,,,,,,,,,,,,,,,,,,,,,,,,,,,,,,,,,,,,,,,,,,,,,,,,,,,,,,,,,,,,,,,,,,,,,,,,,,,,,,,,,,,,,,,,,,,,,,,,,,,,,,,,,,,,,,,,,,,,,,,,,,,,,,,,,,,,,,,,,,,,,,,,,,,,,,,,,,,,,,,,,,,,,,,,,,,,,,,,,,,,,,,,,,,,,,,,,,,,,,,,,,,,,,,,,,,,,,,,,,,,,,,,,,,,,,,,,,,,,,,,,,,,,,,,,,,,,,,,,,,,,,,,,,,,,,,,,,,,,,,,,,,,,,,,,,,,,,,,,,,,,,,,,,,,,,,,,,,,,,,,,,,,,,,,,,,,,,,,,,,,,,,,,,,,,,,,,,,,,,,,,,,,,,,,,,,,,,,,,,,,,,,,,,,,,,,,,,,,,,,,,,,,,,,,,,,,,,,,,,,,,,,,,,,,,,,,,,,,,,,,,,,,,,,,,,,,,,,,,,,,,,,,,,,,,,,,,,,,,,,,,,,,,,,,,,,,,,,,,,,,,,,,,,,,,,,,,,,,,,,
    IBI Coefficient of Variation - Avg,0.893137,0.656321,0.685816,0.868596,0.645534,0.833436,0.681793,0.591645,0.695407,0.663409,0.692351,0.718741,0.681335,0.839453,0.829709,0.674733,0.666835,0.80218,0.69871,0.808758,0.783879,0.681937,0.78399,0.611068,0.833132,0.765079,0.651008,0.716918,0.630351,0.608994,0.629279,0.788876,0.695229,0.612739,0.66914,0.725638,0.705646,0.835109,0.691962,0.803007,0.587661,0.71926,0.664668,0.706807,0.636255,0.711975,0.758375,0.631143,,,,,,,,,,,,,,,,,,,,,,,,,,,,,,,,,,,,,,,,,,,,,,,,,,,,,,,,,,,,,,,,,,,,,,,,,,,,,,,,,,,,,,,,,,,,,,,,,,,,,,,,,,,,,,,,,,,,,,,,,,,,,,,,,,,,,,,,,,,,,,,,,,,,,,,,,,,,,,,,,,,,,,,,,,,,,,,,,,,,,,,,,,,,,,,,,,,,,,,,,,,,,,,,,,,,,,,,,,,,,,,,,,,,,,,,,,,,,,,,,,,,,,,,,,,,,,,,,,,,,,,,,,,,,,,,,,,,,,,,,,,,,,,,,,,,,,,,,,,,,,,,,,,,,,,,,,,,,,,,,,,,,,,,,,,,,,,,,,,,,,,,,,,,,,,,,,,,,,,,,,,,,,,,,,,,,,,,,,,,,,,,,,,,,,,,,,,,,,,,,,,,,,,,,,,,,,,,,,,,,,,,,,,,,,,,,,,,,,,,,,,,,,,,,,,,,,,,,,,,,,,,,,,,,,,,,,,,,,,,,,,,,,,,,,,,,,,,,,,,,,,,,,,,,,,,,,,,,,,,,,,,,,,,,,,,,,,,,,,,,,,,,,,,,,,,,,,,,,,,,,,,,,,,,,,,,,,,,,,,,,,,,,,,,,,,,,,,,,,,,,,,,,,,,,,,,,,,,,,,,,,,,,,,,,,,,,,,,,,,,,,,,,,,,,,,,,,,,,,,,,,,,,,,,,,,,,,,,,,,,,,,,,,,,,,,,,,,,,,,,,,,,,,,,,,,,,,,,,,,
    IBI Coefficient of Variation - Std,0.282707,0.146275,0.200516,0.339201,0.070389,0.234154,0.245206,0.174987,0.180362,0.119434,0.209937,0.202172,0.165137,0.122014,0.201381,0.181638,0.236568,0.274079,0.101303,0.197527,0.197203,0.240303,0.199249,0.159654,0.205856,0.091264,0.178363,0.192229,0.294702,0.12475,0.172337,0.236707,0.26478,0.148734,0.154968,0.084491,0.263026,0.136144,0.237281,0.235628,0.180894,0.067059,0.233114,0.227068,0.258886,0.289894,0.18251,0.171406,,,,,,,,,,,,,,,,,,,,,,,,,,,,,,,,,,,,,,,,,,,,,,,,,,,,,,,,,,,,,,,,,,,,,,,,,,,,,,,,,,,,,,,,,,,,,,,,,,,,,,,,,,,,,,,,,,,,,,,,,,,,,,,,,,,,,,,,,,,,,,,,,,,,,,,,,,,,,,,,,,,,,,,,,,,,,,,,,,,,,,,,,,,,,,,,,,,,,,,,,,,,,,,,,,,,,,,,,,,,,,,,,,,,,,,,,,,,,,,,,,,,,,,,,,,,,,,,,,,,,,,,,,,,,,,,,,,,,,,,,,,,,,,,,,,,,,,,,,,,,,,,,,,,,,,,,,,,,,,,,,,,,,,,,,,,,,,,,,,,,,,,,,,,,,,,,,,,,,,,,,,,,,,,,,,,,,,,,,,,,,,,,,,,,,,,,,,,,,,,,,,,,,,,,,,,,,,,,,,,,,,,,,,,,,,,,,,,,,,,,,,,,,,,,,,,,,,,,,,,,,,,,,,,,,,,,,,,,,,,,,,,,,,,,,,,,,,,,,,,,,,,,,,,,,,,,,,,,,,,,,,,,,,,,,,,,,,,,,,,,,,,,,,,,,,,,,,,,,,,,,,,,,,,,,,,,,,,,,,,,,,,,,,,,,,,,,,,,,,,,,,,,,,,,,,,,,,,,,,,,,,,,,,,,,,,,,,,,,,,,,,,,,,,,,,,,,,,,,,,,,,,,,,,,,,,,,,,,,,,,,,,,,,,,,,,,,,,,,,,,,,,,,,,,,,,,,,,,,,,
    Burst Percentage - Avg,33.74219,37.151245,60.548417,42.090124,66.486684,36.410194,40.784755,55.242007,47.365947,54.821731,38.746445,49.238876,35.551639,43.262712,60.145486,47.431595,50.881754,35.583991,77.088516,65.130201,26.09391,49.540822,49.072956,58.171449,33.373495,62.036486,65.399782,69.938796,65.62855,70.242212,51.054273,32.812906,25.496336,37.334347,40.499506,42.631209,36.788914,62.564857,48.842078,40.275729,37.918702,30.638797,32.385629,38.685822,49.337101,54.307843,34.889893,57.720183,,,,,,,,,,,,,,,,,,,,,,,,,,,,,,,,,,,,,,,,,,,,,,,,,,,,,,,,,,,,,,,,,,,,,,,,,,,,,,,,,,,,,,,,,,,,,,,,,,,,,,,,,,,,,,,,,,,,,,,,,,,,,,,,,,,,,,,,,,,,,,,,,,,,,,,,,,,,,,,,,,,,,,,,,,,,,,,,,,,,,,,,,,,,,,,,,,,,,,,,,,,,,,,,,,,,,,,,,,,,,,,,,,,,,,,,,,,,,,,,,,,,,,,,,,,,,,,,,,,,,,,,,,,,,,,,,,,,,,,,,,,,,,,,,,,,,,,,,,,,,,,,,,,,,,,,,,,,,,,,,,,,,,,,,,,,,,,,,,,,,,,,,,,,,,,,,,,,,,,,,,,,,,,,,,,,,,,,,,,,,,,,,,,,,,,,,,,,,,,,,,,,,,,,,,,,,,,,,,,,,,,,,,,,,,,,,,,,,,,,,,,,,,,,,,,,,,,,,,,,,,,,,,,,,,,,,,,,,,,,,,,,,,,,,,,,,,,,,,,,,,,,,,,,,,,,,,,,,,,,,,,,,,,,,,,,,,,,,,,,,,,,,,,,,,,,,,,,,,,,,,,,,,,,,,,,,,,,,,,,,,,,,,,,,,,,,,,,,,,,,,,,,,,,,,,,,,,,,,,,,,,,,,,,,,,,,,,,,,,,,,,,,,,,,,,,,,,,,,,,,,,,,,,,,,,,,,,,,,,,,,,,,,,,,,,,,,,,,,,,,,,,,,,,,,,,,,,,,,,,
    Burst Percentage - Std,30.241043,33.810875,32.191588,29.9651,24.426298,25.861817,34.116172,34.182915,27.550803,31.513276,31.759918,29.420299,30.76859,22.955805,29.260977,29.040576,33.083602,26.436287,16.578697,19.924181,25.165604,38.509646,34.409119,37.152526,30.265462,32.822405,32.78079,29.397434,31.98832,31.542254,35.150398,39.467405,21.558917,28.015356,33.382833,32.835347,38.95069,35.054985,39.408361,29.684735,39.179639,33.061753,33.290191,30.297017,40.903739,33.542841,29.111776,28.734276,,,,,,,,,,,,,,,,,,,,,,,,,,,,,,,,,,,,,,,,,,,,,,,,,,,,,,,,,,,,,,,,,,,,,,,,,,,,,,,,,,,,,,,,,,,,,,,,,,,,,,,,,,,,,,,,,,,,,,,,,,,,,,,,,,,,,,,,,,,,,,,,,,,,,,,,,,,,,,,,,,,,,,,,,,,,,,,,,,,,,,,,,,,,,,,,,,,,,,,,,,,,,,,,,,,,,,,,,,,,,,,,,,,,,,,,,,,,,,,,,,,,,,,,,,,,,,,,,,,,,,,,,,,,,,,,,,,,,,,,,,,,,,,,,,,,,,,,,,,,,,,,,,,,,,,,,,,,,,,,,,,,,,,,,,,,,,,,,,,,,,,,,,,,,,,,,,,,,,,,,,,,,,,,,,,,,,,,,,,,,,,,,,,,,,,,,,,,,,,,,,,,,,,,,,,,,,,,,,,,,,,,,,,,,,,,,,,,,,,,,,,,,,,,,,,,,,,,,,,,,,,,,,,,,,,,,,,,,,,,,,,,,,,,,,,,,,,,,,,,,,,,,,,,,,,,,,,,,,,,,,,,,,,,,,,,,,,,,,,,,,,,,,,,,,,,,,,,,,,,,,,,,,,,,,,,,,,,,,,,,,,,,,,,,,,,,,,,,,,,,,,,,,,,,,,,,,,,,,,,,,,,,,,,,,,,,,,,,,,,,,,,,,,,,,,,,,,,,,,,,,,,,,,,,,,,,,,,,,,,,,,,,,,,,,,,,,,,,,,,,,,,,,,,,,,,,,,,,,,,
Network Burst Metrics,,,,,,,,,,,,,,,,,,,,,,,,,,,,,,,,,,,,,,,,,,,,,,,,,,,,,,,,,,,,,,,,,,,,,,,,,,,,,,,,,,,,,,,,,,,,,,,,,,,,,,,,,,,,,,,,,,,,,,,,,,,,,,,,,,,,,,,,,,,,,,,,,,,,,,,,,,,,,,,,,,,,,,,,,,,,,,,,,,,,,,,,,,,,,,,,,,,,,,,,,,,,,,,,,,,,,,,,,,,,,,,,,,,,,,,,,,,,,,,,,,,,,,,,,,,,,,,,,,,,,,,,,,,,,,,,,,,,,,,,,,,,,,,,,,,,,,,,,,,,,,,,,,,,,,,,,,,,,,,,,,,,,,,,,,,,,,,,,,,,,,,,,,,,,,,,,,,,,,,,,,,,,,,,,,,,,,,,,,,,,,,,,,,,,,,,,,,,,,,,,,,,,,,,,,,,,,,,,,,,,,,,,,,,,,,,,,,,,,,,,,,,,,,,,,,,,,,,,,,,,,,,,,,,,,,,,,,,,,,,,,,,,,,,,,,,,,,,,,,,,,,,,,,,,,,,,,,,,,,,,,,,,,,,,,,,,,,,,,,,,,,,,,,,,,,,,,,,,,,,,,,,,,,,,,,,,,,,,,,,,,,,,,,,,,,,,,,,,,,,,,,,,,,,,,,,,,,,,,,,,,,,,,,,,,,,,,,,,,,,,,,,,,,,,,,,,,,,,,,,,,,,,,,,,,,,,,,,,,,,,,,,,,,,,,,,,,,,,,,,,,,,,,,,,,,,,,,,,,,,,,,,,,,,,,,,,,,,,,,,,,,,,,,,,,,,,,,,,,,,,,,,,,,,
    Number of Network Bursts,143,138,191,190,132,134,149,156,205,154,108,141,95,73,151,161,200,107,105,137,132,141,141,196,159,138,135,95,117,93,155,205,56,80,122,148,60,122,154,150,142,113,131,82,147,135,199,181,,,,,,,,,,,,,,,,,,,,,,,,,,,,,,,,,,,,,,,,,,,,,,,,,,,,,,,,,,,,,,,,,,,,,,,,,,,,,,,,,,,,,,,,,,,,,,,,,,,,,,,,,,,,,,,,,,,,,,,,,,,,,,,,,,,,,,,,,,,,,,,,,,,,,,,,,,,,,,,,,,,,,,,,,,,,,,,,,,,,,,,,,,,,,,,,,,,,,,,,,,,,,,,,,,,,,,,,,,,,,,,,,,,,,,,,,,,,,,,,,,,,,,,,,,,,,,,,,,,,,,,,,,,,,,,,,,,,,,,,,,,,,,,,,,,,,,,,,,,,,,,,,,,,,,,,,,,,,,,,,,,,,,,,,,,,,,,,,,,,,,,,,,,,,,,,,,,,,,,,,,,,,,,,,,,,,,,,,,,,,,,,,,,,,,,,,,,,,,,,,,,,,,,,,,,,,,,,,,,,,,,,,,,,,,,,,,,,,,,,,,,,,,,,,,,,,,,,,,,,,,,,,,,,,,,,,,,,,,,,,,,,,,,,,,,,,,,,,,,,,,,,,,,,,,,,,,,,,,,,,,,,,,,,,,,,,,,,,,,,,,,,,,,,,,,,,,,,,,,,,,,,,,,,,,,,,,,,,,,,,,,,,,,,,,,,,,,,,,,,,,,,,,,,,,,,,,,,,,,,,,,,,,,,,,,,,,,,,,,,,,,,,,,,,,,,,,,,,,,,,,,,,,,,,,,,,,,,,,,,,,,,,,,,,,,,,,,,,,,,,,,,,,,,,,,,,,,,,,,,
    Network Burst Frequency,0.238333,0.23,0.318333,0.316667,0.22,0.223333,0.248333,0.26,0.341667,0.256667,0.18,0.235,0.158333,0.121667,0.251667,0.268333,0.333333,0.178333,0.175,0.228333,0.22,0.235,0.235,0.326667,0.265,0.23,0.225,0.158333,0.195,0.155,0.258333,0.341667,0.093333,0.133333,0.203333,0.246667,0.1,0.203333,0.256667,0.25,0.236667,0.188333,0.218333,0.136667,0.245,0.225,0.331667,0.301667,,,,,,,,,,,,,,,,,,,,,,,,,,,,,,,,,,,,,,,,,,,,,,,,,,,,,,,,,,,,,,,,,,,,,,,,,,,,,,,,,,,,,,,,,,,,,,,,,,,,,,,,,,,,,,,,,,,,,,,,,,,,,,,,,,,,,,,,,,,,,,,,,,,,,,,,,,,,,,,,,,,,,,,,,,,,,,,,,,,,,,,,,,,,,,,,,,,,,,,,,,,,,,,,,,,,,,,,,,,,,,,,,,,,,,,,,,,,,,,,,,,,,,,,,,,,,,,,,,,,,,,,,,,,,,,,,,,,,,,,,,,,,,,,,,,,,,,,,,,,,,,,,,,,,,,,,,,,,,,,,,,,,,,,,,,,,,,,,,,,,,,,,,,,,,,,,,,,,,,,,,,,,,,,,,,,,,,,,,,,,,,,,,,,,,,,,,,,,,,,,,,,,,,,,,,,,,,,,,,,,,,,,,,,,,,,,,,,,,,,,,,,,,,,,,,,,,,,,,,,,,,,,,,,,,,,,,,,,,,,,,,,,,,,,,,,,,,,,,,,,,,,,,,,,,,,,,,,,,,,,,,,,,,,,,,,,,,,,,,,,,,,,,,,,,,,,,,,,,,,,,,,,,,,,,,,,,,,,,,,,,,,,,,,,,,,,,,,,,,,,,,,,,,,,,,,,,,,,,,,,,,,,,,,,,,,,,,,,,,,,,,,,,,,,,,,,,,,,,,,,,,,,,,,,,,,,,,,,,,,,,,,,,,,,,,,,,,,,,,,,,,,,,,,,,,,,,,,,,,,
    Network Burst Duration - Avg (sec),0.162431,0.113749,0.134821,0.137482,0.187357,0.12463,0.186484,0.139167,0.120322,0.117988,0.081697,0.157674,0.079512,0.231885,0.097615,0.147812,0.208952,0.134407,0.241867,0.253959,0.142557,0.278405,0.192345,0.204806,0.118577,0.127598,0.120206,0.221155,0.09972,0.177445,0.332444,0.219125,0.183829,0.126855,0.136281,0.144046,0.15908,0.199037,0.140371,0.138772,0.189125,0.10201,0.101489,0.13842,0.139306,0.111612,0.117222,0.136858,,,,,,,,,,,,,,,,,,,,,,,,,,,,,,,,,,,,,,,,,,,,,,,,,,,,,,,,,,,,,,,,,,,,,,,,,,,,,,,,,,,,,,,,,,,,,,,,,,,,,,,,,,,,,,,,,,,,,,,,,,,,,,,,,,,,,,,,,,,,,,,,,,,,,,,,,,,,,,,,,,,,,,,,,,,,,,,,,,,,,,,,,,,,,,,,,,,,,,,,,,,,,,,,,,,,,,,,,,,,,,,,,,,,,,,,,,,,,,,,,,,,,,,,,,,,,,,,,,,,,,,,,,,,,,,,,,,,,,,,,,,,,,,,,,,,,,,,,,,,,,,,,,,,,,,,,,,,,,,,,,,,,,,,,,,,,,,,,,,,,,,,,,,,,,,,,,,,,,,,,,,,,,,,,,,,,,,,,,,,,,,,,,,,,,,,,,,,,,,,,,,,,,,,,,,,,,,,,,,,,,,,,,,,,,,,,,,,,,,,,,,,,,,,,,,,,,,,,,,,,,,,,,,,,,,,,,,,,,,,,,,,,,,,,,,,,,,,,,,,,,,,,,,,,,,,,,,,,,,,,,,,,,,,,,,,,,,,,,,,,,,,,,,,,,,,,,,,,,,,,,,,,,,,,,,,,,,,,,,,,,,,,,,,,,,,,,,,,,,,,,,,,,,,,,,,,,,,,,,,,,,,,,,,,,,,,,,,,,,,,,,,,,,,,,,,,,,,,,,,,,,,,,,,,,,,,,,,,,,,,,,,,,,,,,,,,,,,,,,,,,,,,,,,,,,,,,,,,,,,
    Network Burst Duration - Std (sec),0.164587,0.090121,0.181533,0.103662,0.272551,0.273191,0.195759,0.215506,0.106412,0.194782,0.143537,0.234345,0.035073,0.241235,0.215885,0.156417,0.20181,0.240245,0.375772,0.19924,0.189296,0.310652,0.345637,0.217889,0.187618,0.319886,0.281368,0.413297,0.066569,0.354025,0.271233,0.286397,0.322656,0.126606,0.068046,0.184364,0.282341,0.428487,0.178137,0.243391,0.245154,0.229527,0.083265,0.274692,0.213603,0.202326,0.180675,0.161819,,,,,,,,,,,,,,,,,,,,,,,,,,,,,,,,,,,,,,,,,,,,,,,,,,,,,,,,,,,,,,,,,,,,,,,,,,,,,,,,,,,,,,,,,,,,,,,,,,,,,,,,,,,,,,,,,,,,,,,,,,,,,,,,,,,,,,,,,,,,,,,,,,,,,,,,,,,,,,,,,,,,,,,,,,,,,,,,,,,,,,,,,,,,,,,,,,,,,,,,,,,,,,,,,,,,,,,,,,,,,,,,,,,,,,,,,,,,,,,,,,,,,,,,,,,,,,,,,,,,,,,,,,,,,,,,,,,,,,,,,,,,,,,,,,,,,,,,,,,,,,,,,,,,,,,,,,,,,,,,,,,,,,,,,,,,,,,,,,,,,,,,,,,,,,,,,,,,,,,,,,,,,,,,,,,,,,,,,,,,,,,,,,,,,,,,,,,,,,,,,,,,,,,,,,,,,,,,,,,,,,,,,,,,,,,,,,,,,,,,,,,,,,,,,,,,,,,,,,,,,,,,,,,,,,,,,,,,,,,,,,,,,,,,,,,,,,,,,,,,,,,,,,,,,,,,,,,,,,,,,,,,,,,,,,,,,,,,,,,,,,,,,,,,,,,,,,,,,,,,,,,,,,,,,,,,,,,,,,,,,,,,,,,,,,,,,,,,,,,,,,,,,,,,,,,,,,,,,,,,,,,,,,,,,,,,,,,,,,,,,,,,,,,,,,,,,,,,,,,,,,,,,,,,,,,,,,,,,,,,,,,,,,,,,,,,,,,,,,,,,,,,,,,,,,,,,,,,,,,,
    Number of Spikes per Network Burst - Avg,88.111888,60.601449,143.52356,79.615789,127.681818,66.425373,85.174497,97.903846,90,97.181818,67.944444,81.879433,58.336842,80.054795,94.271523,82.63354,113.195,72.373832,158.428571,119.109489,65.492424,130.283688,82.092199,139.27551,73.654088,115.695652,146.792593,151.968421,112.649573,166.946237,94.774194,83.668293,60.035714,73.9125,72.590164,76.858108,59.6,126.704918,100.577922,83.633333,82.119718,66.176991,59.40458,74.719512,115.367347,90.133333,70.482412,106.364641,,,,,,,,,,,,,,,,,,,,,,,,,,,,,,,,,,,,,,,,,,,,,,,,,,,,,,,,,,,,,,,,,,,,,,,,,,,,,,,,,,,,,,,,,,,,,,,,,,,,,,,,,,,,,,,,,,,,,,,,,,,,,,,,,,,,,,,,,,,,,,,,,,,,,,,,,,,,,,,,,,,,,,,,,,,,,,,,,,,,,,,,,,,,,,,,,,,,,,,,,,,,,,,,,,,,,,,,,,,,,,,,,,,,,,,,,,,,,,,,,,,,,,,,,,,,,,,,,,,,,,,,,,,,,,,,,,,,,,,,,,,,,,,,,,,,,,,,,,,,,,,,,,,,,,,,,,,,,,,,,,,,,,,,,,,,,,,,,,,,,,,,,,,,,,,,,,,,,,,,,,,,,,,,,,,,,,,,,,,,,,,,,,,,,,,,,,,,,,,,,,,,,,,,,,,,,,,,,,,,,,,,,,,,,,,,,,,,,,,,,,,,,,,,,,,,,,,,,,,,,,,,,,,,,,,,,,,,,,,,,,,,,,,,,,,,,,,,,,,,,,,,,,,,,,,,,,,,,,,,,,,,,,,,,,,,,,,,,,,,,,,,,,,,,,,,,,,,,,,,,,,,,,,,,,,,,,,,,,,,,,,,,,,,,,,,,,,,,,,,,,,,,,,,,,,,,,,,,,,,,,,,,,,,,,,,,,,,,,,,,,,,,,,,,,,,,,,,,,,,,,,,,,,,,,,,,,,,,,,,,,,,,,,,,,,,,,,,,,,,,,,,,,,,,,,,,,,,,,,,
    Number of Spikes per Network Burst - Std,59.318917,20.105394,120.521578,27.818283,216.09057,74.522074,110.491147,85.590381,48.786952,101.407768,72.066536,95.332836,19.63909,98.848915,96.937982,87.473402,99.95505,86.405093,174.540433,134.510697,67.376519,113.927566,98.388,97.918206,72.469984,149.318433,211.548311,200.750213,33.561399,219.102238,81.947287,107.428669,52.479594,45.730967,30.228265,78.310129,81.169043,159.025009,82.787371,92.499695,73.900017,98.183341,16.708717,72.617597,166.700415,107.497851,64.525999,80.136132,,,,,,,,,,,,,,,,,,,,,,,,,,,,,,,,,,,,,,,,,,,,,,,,,,,,,,,,,,,,,,,,,,,,,,,,,,,,,,,,,,,,,,,,,,,,,,,,,,,,,,,,,,,,,,,,,,,,,,,,,,,,,,,,,,,,,,,,,,,,,,,,,,,,,,,,,,,,,,,,,,,,,,,,,,,,,,,,,,,,,,,,,,,,,,,,,,,,,,,,,,,,,,,,,,,,,,,,,,,,,,,,,,,,,,,,,,,,,,,,,,,,,,,,,,,,,,,,,,,,,,,,,,,,,,,,,,,,,,,,,,,,,,,,,,,,,,,,,,,,,,,,,,,,,,,,,,,,,,,,,,,,,,,,,,,,,,,,,,,,,,,,,,,,,,,,,,,,,,,,,,,,,,,,,,,,,,,,,,,,,,,,,,,,,,,,,,,,,,,,,,,,,,,,,,,,,,,,,,,,,,,,,,,,,,,,,,,,,,,,,,,,,,,,,,,,,,,,,,,,,,,,,,,,,,,,,,,,,,,,,,,,,,,,,,,,,,,,,,,,,,,,,,,,,,,,,,,,,,,,,,,,,,,,,,,,,,,,,,,,,,,,,,,,,,,,,,,,,,,,,,,,,,,,,,,,,,,,,,,,,,,,,,,,,,,,,,,,,,,,,,,,,,,,,,,,,,,,,,,,,,,,,,,,,,,,,,,,,,,,,,,,,,,,,,,,,,,,,,,,,,,,,,,,,,,,,,,,,,,,,,,,,,,,,,,,,,,,,,,,,,,,,,,,,,,,,,,,,,,,
    Mean ISI within Network Burst - Avg (sec),0.001782,0.00191,0.000885,0.001715,0.001532,0.001614,0.002192,0.001372,0.001394,0.001143,0.001183,0.001939,0.001481,0.00365,0.00087,0.001999,0.001837,0.001808,0.001545,0.002385,0.002174,0.002237,0.002253,0.00145,0.001513,0.000867,0.000659,0.001234,0.00086,0.000896,0.004116,0.002688,0.002699,0.001736,0.002139,0.001925,0.002564,0.001274,0.001347,0.001487,0.002303,0.001493,0.00178,0.001535,0.001187,0.001139,0.001501,0.001272,,,,,,,,,,,,,,,,,,,,,,,,,,,,,,,,,,,,,,,,,,,,,,,,,,,,,,,,,,,,,,,,,,,,,,,,,,,,,,,,,,,,,,,,,,,,,,,,,,,,,,,,,,,,,,,,,,,,,,,,,,,,,,,,,,,,,,,,,,,,,,,,,,,,,,,,,,,,,,,,,,,,,,,,,,,,,,,,,,,,,,,,,,,,,,,,,,,,,,,,,,,,,,,,,,,,,,,,,,,,,,,,,,,,,,,,,,,,,,,,,,,,,,,,,,,,,,,,,,,,,,,,,,,,,,,,,,,,,,,,,,,,,,,,,,,,,,,,,,,,,,,,,,,,,,,,,,,,,,,,,,,,,,,,,,,,,,,,,,,,,,,,,,,,,,,,,,,,,,,,,,,,,,,,,,,,,,,,,,,,,,,,,,,,,,,,,,,,,,,,,,,,,,,,,,,,,,,,,,,,,,,,,,,,,,,,,,,,,,,,,,,,,,,,,,,,,,,,,,,,,,,,,,,,,,,,,,,,,,,,,,,,,,,,,,,,,,,,,,,,,,,,,,,,,,,,,,,,,,,,,,,,,,,,,,,,,,,,,,,,,,,,,,,,,,,,,,,,,,,,,,,,,,,,,,,,,,,,,,,,,,,,,,,,,,,,,,,,,,,,,,,,,,,,,,,,,,,,,,,,,,,,,,,,,,,,,,,,,,,,,,,,,,,,,,,,,,,,,,,,,,,,,,,,,,,,,,,,,,,,,,,,,,,,,,,,,,,,,,,,,,,,,,,,,,,,,,,,,,,,
    Mean ISI within Network Burst - Std (sec),0.000767,0.001316,0.0004,0.00106,0.000829,0.00112,0.001311,0.001391,0.00081,0.000766,0.000569,0.001252,0.000716,0.003343,0.000396,0.001601,0.001109,0.001363,0.0017,0.001002,0.001761,0.001545,0.002139,0.001003,0.000796,0.00038,0.00018,0.000902,0.000448,0.000443,0.002714,0.001123,0.001902,0.00108,0.001369,0.001267,0.002045,0.001188,0.000663,0.000688,0.001358,0.001052,0.001536,0.000764,0.000506,0.000854,0.000771,0.000661,,,,,,,,,,,,,,,,,,,,,,,,,,,,,,,,,,,,,,,,,,,,,,,,,,,,,,,,,,,,,,,,,,,,,,,,,,,,,,,,,,,,,,,,,,,,,,,,,,,,,,,,,,,,,,,,,,,,,,,,,,,,,,,,,,,,,,,,,,,,,,,,,,,,,,,,,,,,,,,,,,,,,,,,,,,,,,,,,,,,,,,,,,,,,,,,,,,,,,,,,,,,,,,,,,,,,,,,,,,,,,,,,,,,,,,,,,,,,,,,,,,,,,,,,,,,,,,,,,,,,,,,,,,,,,,,,,,,,,,,,,,,,,,,,,,,,,,,,,,,,,,,,,,,,,,,,,,,,,,,,,,,,,,,,,,,,,,,,,,,,,,,,,,,,,,,,,,,,,,,,,,,,,,,,,,,,,,,,,,,,,,,,,,,,,,,,,,,,,,,,,,,,,,,,,,,,,,,,,,,,,,,,,,,,,,,,,,,,,,,,,,,,,,,,,,,,,,,,,,,,,,,,,,,,,,,,,,,,,,,,,,,,,,,,,,,,,,,,,,,,,,,,,,,,,,,,,,,,,,,,,,,,,,,,,,,,,,,,,,,,,,,,,,,,,,,,,,,,,,,,,,,,,,,,,,,,,,,,,,,,,,,,,,,,,,,,,,,,,,,,,,,,,,,,,,,,,,,,,,,,,,,,,,,,,,,,,,,,,,,,,,,,,,,,,,,,,,,,,,,,,,,,,,,,,,,,,,,,,,,,,,,,,,,,,,,,,,,,,,,,,,,,,,,,,,,,,,,,,,,
    Median ISI within Network Burst - Avg (sec),0.000853,0.000793,0.000441,0.000671,0.000457,0.000854,0.000638,0.000439,0.000556,0.000514,0.000748,0.000588,0.000846,0.001156,0.000463,0.000664,0.000457,0.000861,0.000505,0.000474,0.000888,0.000866,0.000803,0.00042,0.000743,0.000422,0.000368,0.000514,0.000417,0.000345,0.000515,0.000583,0.001119,0.000767,0.000651,0.000981,0.001024,0.000479,0.00071,0.00077,0.000978,0.000719,0.000764,0.000874,0.000503,0.000527,0.000745,0.000525,,,,,,,,,,,,,,,,,,,,,,,,,,,,,,,,,,,,,,,,,,,,,,,,,,,,,,,,,,,,,,,,,,,,,,,,,,,,,,,,,,,,,,,,,,,,,,,,,,,,,,,,,,,,,,,,,,,,,,,,,,,,,,,,,,,,,,,,,,,,,,,,,,,,,,,,,,,,,,,,,,,,,,,,,,,,,,,,,,,,,,,,,,,,,,,,,,,,,,,,,,,,,,,,,,,,,,,,,,,,,,,,,,,,,,,,,,,,,,,,,,,,,,,,,,,,,,,,,,,,,,,,,,,,,,,,,,,,,,,,,,,,,,,,,,,,,,,,,,,,,,,,,,,,,,,,,,,,,,,,,,,,,,,,,,,,,,,,,,,,,,,,,,,,,,,,,,,,,,,,,,,,,,,,,,,,,,,,,,,,,,,,,,,,,,,,,,,,,,,,,,,,,,,,,,,,,,,,,,,,,,,,,,,,,,,,,,,,,,,,,,,,,,,,,,,,,,,,,,,,,,,,,,,,,,,,,,,,,,,,,,,,,,,,,,,,,,,,,,,,,,,,,,,,,,,,,,,,,,,,,,,,,,,,,,,,,,,,,,,,,,,,,,,,,,,,,,,,,,,,,,,,,,,,,,,,,,,,,,,,,,,,,,,,,,,,,,,,,,,,,,,,,,,,,,,,,,,,,,,,,,,,,,,,,,,,,,,,,,,,,,,,,,,,,,,,,,,,,,,,,,,,,,,,,,,,,,,,,,,,,,,,,,,,,,,,,,,,,,,,,,,,,,,,,,,,,,,,,,,,
    Median ISI within Network Burst - Std (sec),0.000346,0.000307,0.000149,0.000324,0.000144,0.000547,0.000292,0.000197,0.000269,0.000234,0.000408,0.000253,0.000373,0.000989,0.000171,0.000647,0.000139,0.000465,0.000258,0.000195,0.000358,0.000557,0.000351,0.000127,0.000283,0.00013,0.000096,0.000204,0.000102,0.000126,0.00016,0.000175,0.000463,0.000328,0.000362,0.000522,0.000343,0.00033,0.000382,0.000341,0.000532,0.000411,0.000363,0.000486,0.00011,0.00026,0.000334,0.000253,,,,,,,,,,,,,,,,,,,,,,,,,,,,,,,,,,,,,,,,,,,,,,,,,,,,,,,,,,,,,,,,,,,,,,,,,,,,,,,,,,,,,,,,,,,,,,,,,,,,,,,,,,,,,,,,,,,,,,,,,,,,,,,,,,,,,,,,,,,,,,,,,,,,,,,,,,,,,,,,,,,,,,,,,,,,,,,,,,,,,,,,,,,,,,,,,,,,,,,,,,,,,,,,,,,,,,,,,,,,,,,,,,,,,,,,,,,,,,,,,,,,,,,,,,,,,,,,,,,,,,,,,,,,,,,,,,,,,,,,,,,,,,,,,,,,,,,,,,,,,,,,,,,,,,,,,,,,,,,,,,,,,,,,,,,,,,,,,,,,,,,,,,,,,,,,,,,,,,,,,,,,,,,,,,,,,,,,,,,,,,,,,,,,,,,,,,,,,,,,,,,,,,,,,,,,,,,,,,,,,,,,,,,,,,,,,,,,,,,,,,,,,,,,,,,,,,,,,,,,,,,,,,,,,,,,,,,,,,,,,,,,,,,,,,,,,,,,,,,,,,,,,,,,,,,,,,,,,,,,,,,,,,,,,,,,,,,,,,,,,,,,,,,,,,,,,,,,,,,,,,,,,,,,,,,,,,,,,,,,,,,,,,,,,,,,,,,,,,,,,,,,,,,,,,,,,,,,,,,,,,,,,,,,,,,,,,,,,,,,,,,,,,,,,,,,,,,,,,,,,,,,,,,,,,,,,,,,,,,,,,,,,,,,,,,,,,,,,,,,,,,,,,,,,,,,,,,,,,,,
    Median/Mean ISI within Network Burst - Avg,0.505649,0.506784,0.53416,0.460249,0.374167,0.560037,0.368642,0.460001,0.451748,0.503383,0.631638,0.385225,0.587568,0.427925,0.549675,0.389926,0.314816,0.543297,0.452982,0.231024,0.483223,0.444422,0.502673,0.400347,0.535141,0.513163,0.570572,0.494307,0.519963,0.443732,0.244009,0.273148,0.510485,0.517451,0.365576,0.559545,0.50245,0.477425,0.533586,0.55027,0.458388,0.5439,0.538181,0.5759,0.485277,0.52415,0.540419,0.451547,,,,,,,,,,,,,,,,,,,,,,,,,,,,,,,,,,,,,,,,,,,,,,,,,,,,,,,,,,,,,,,,,,,,,,,,,,,,,,,,,,,,,,,,,,,,,,,,,,,,,,,,,,,,,,,,,,,,,,,,,,,,,,,,,,,,,,,,,,,,,,,,,,,,,,,,,,,,,,,,,,,,,,,,,,,,,,,,,,,,,,,,,,,,,,,,,,,,,,,,,,,,,,,,,,,,,,,,,,,,,,,,,,,,,,,,,,,,,,,,,,,,,,,,,,,,,,,,,,,,,,,,,,,,,,,,,,,,,,,,,,,,,,,,,,,,,,,,,,,,,,,,,,,,,,,,,,,,,,,,,,,,,,,,,,,,,,,,,,,,,,,,,,,,,,,,,,,,,,,,,,,,,,,,,,,,,,,,,,,,,,,,,,,,,,,,,,,,,,,,,,,,,,,,,,,,,,,,,,,,,,,,,,,,,,,,,,,,,,,,,,,,,,,,,,,,,,,,,,,,,,,,,,,,,,,,,,,,,,,,,,,,,,,,,,,,,,,,,,,,,,,,,,,,,,,,,,,,,,,,,,,,,,,,,,,,,,,,,,,,,,,,,,,,,,,,,,,,,,,,,,,,,,,,,,,,,,,,,,,,,,,,,,,,,,,,,,,,,,,,,,,,,,,,,,,,,,,,,,,,,,,,,,,,,,,,,,,,,,,,,,,,,,,,,,,,,,,,,,,,,,,,,,,,,,,,,,,,,,,,,,,,,,,,,,,,,,,,,,,,,,,,,,,,,,,,,,,,,,,,
    Median/Mean ISI within Network Burst - Std,0.129789,0.175982,0.124545,0.162377,0.181946,0.127005,0.192376,0.190069,0.14969,0.138815,0.110217,0.182854,0.101048,0.195343,0.107892,0.173294,0.171554,0.154703,0.159685,0.119378,0.167863,0.165173,0.19012,0.199865,0.134579,0.106206,0.111564,0.148843,0.108343,0.159049,0.223285,0.167321,0.190619,0.182167,0.184944,0.144822,0.186312,0.166596,0.131919,0.162295,0.137155,0.15186,0.190197,0.136712,0.171248,0.141934,0.151746,0.161023,,,,,,,,,,,,,,,,,,,,,,,,,,,,,,,,,,,,,,,,,,,,,,,,,,,,,,,,,,,,,,,,,,,,,,,,,,,,,,,,,,,,,,,,,,,,,,,,,,,,,,,,,,,,,,,,,,,,,,,,,,,,,,,,,,,,,,,,,,,,,,,,,,,,,,,,,,,,,,,,,,,,,,,,,,,,,,,,,,,,,,,,,,,,,,,,,,,,,,,,,,,,,,,,,,,,,,,,,,,,,,,,,,,,,,,,,,,,,,,,,,,,,,,,,,,,,,,,,,,,,,,,,,,,,,,,,,,,,,,,,,,,,,,,,,,,,,,,,,,,,,,,,,,,,,,,,,,,,,,,,,,,,,,,,,,,,,,,,,,,,,,,,,,,,,,,,,,,,,,,,,,,,,,,,,,,,,,,,,,,,,,,,,,,,,,,,,,,,,,,,,,,,,,,,,,,,,,,,,,,,,,,,,,,,,,,,,,,,,,,,,,,,,,,,,,,,,,,,,,,,,,,,,,,,,,,,,,,,,,,,,,,,,,,,,,,,,,,,,,,,,,,,,,,,,,,,,,,,,,,,,,,,,,,,,,,,,,,,,,,,,,,,,,,,,,,,,,,,,,,,,,,,,,,,,,,,,,,,,,,,,,,,,,,,,,,,,,,,,,,,,,,,,,,,,,,,,,,,,,,,,,,,,,,,,,,,,,,,,,,,,,,,,,,,,,,,,,,,,,,,,,,,,,,,,,,,,,,,,,,,,,,,,,,,,,,,,,,,,,,,,,,,,,,,,,,,,,,,,,,
    Number of Elecs Participating in Burst - Avg,12.825175,10.586957,15.319372,14.115789,12.984848,12.014925,12.040268,14.371795,13.887805,12.941558,12.12963,12.702128,10.663158,13.260274,14.07947,12.509317,13.815,11.411215,14.047619,15.109489,13.015152,13.120567,11.283688,13.127551,12.27673,14.057971,13.711111,14.157895,14.794872,15.311828,11.967742,12.214634,10.321429,10.05,11.57377,11.304054,8.633333,11.581967,11.75974,12.226667,9.140845,11.026549,10.961832,10.085366,11.517007,12.214815,12.507538,12.767956,,,,,,,,,,,,,,,,,,,,,,,,,,,,,,,,,,,,,,,,,,,,,,,,,,,,,,,,,,,,,,,,,,,,,,,,,,,,,,,,,,,,,,,,,,,,,,,,,,,,,,,,,,,,,,,,,,,,,,,,,,,,,,,,,,,,,,,,,,,,,,,,,,,,,,,,,,,,,,,,,,,,,,,,,,,,,,,,,,,,,,,,,,,,,,,,,,,,,,,,,,,,,,,,,,,,,,,,,,,,,,,,,,,,,,,,,,,,,,,,,,,,,,,,,,,,,,,,,,,,,,,,,,,,,,,,,,,,,,,,,,,,,,,,,,,,,,,,,,,,,,,,,,,,,,,,,,,,,,,,,,,,,,,,,,,,,,,,,,,,,,,,,,,,,,,,,,,,,,,,,,,,,,,,,,,,,,,,,,,,,,,,,,,,,,,,,,,,,,,,,,,,,,,,,,,,,,,,,,,,,,,,,,,,,,,,,,,,,,,,,,,,,,,,,,,,,,,,,,,,,,,,,,,,,,,,,,,,,,,,,,,,,,,,,,,,,,,,,,,,,,,,,,,,,,,,,,,,,,,,,,,,,,,,,,,,,,,,,,,,,,,,,,,,,,,,,,,,,,,,,,,,,,,,,,,,,,,,,,,,,,,,,,,,,,,,,,,,,,,,,,,,,,,,,,,,,,,,,,,,,,,,,,,,,,,,,,,,,,,,,,,,,,,,,,,,,,,,,,,,,,,,,,,,,,,,,,,,,,,,,,,,,,,,,,,,,,,,,,,,,,,,,,,,,,,,,,,,,,,,
    Number of Elecs Participating in Burst - Std,1.6458,1.265651,0.875149,1.241804,0.478306,1.768501,1.045448,0.895998,1.005913,0.99828,1.719012,1.407859,1.654205,2.00019,0.996816,1.396952,0.665575,1.577873,1.050466,1.264207,1.253909,1.925302,1.27798,1.284645,1.311642,0.780867,0.761643,0.87902,0.595073,0.736893,0.85599,1.160113,0.936282,1.422246,1.396087,0.885705,1.646431,0.969282,1.054435,1.466158,0.85545,1.526318,1.923157,1.642049,1.136889,1.254158,0.989181,0.803652,,,,,,,,,,,,,,,,,,,,,,,,,,,,,,,,,,,,,,,,,,,,,,,,,,,,,,,,,,,,,,,,,,,,,,,,,,,,,,,,,,,,,,,,,,,,,,,,,,,,,,,,,,,,,,,,,,,,,,,,,,,,,,,,,,,,,,,,,,,,,,,,,,,,,,,,,,,,,,,,,,,,,,,,,,,,,,,,,,,,,,,,,,,,,,,,,,,,,,,,,,,,,,,,,,,,,,,,,,,,,,,,,,,,,,,,,,,,,,,,,,,,,,,,,,,,,,,,,,,,,,,,,,,,,,,,,,,,,,,,,,,,,,,,,,,,,,,,,,,,,,,,,,,,,,,,,,,,,,,,,,,,,,,,,,,,,,,,,,,,,,,,,,,,,,,,,,,,,,,,,,,,,,,,,,,,,,,,,,,,,,,,,,,,,,,,,,,,,,,,,,,,,,,,,,,,,,,,,,,,,,,,,,,,,,,,,,,,,,,,,,,,,,,,,,,,,,,,,,,,,,,,,,,,,,,,,,,,,,,,,,,,,,,,,,,,,,,,,,,,,,,,,,,,,,,,,,,,,,,,,,,,,,,,,,,,,,,,,,,,,,,,,,,,,,,,,,,,,,,,,,,,,,,,,,,,,,,,,,,,,,,,,,,,,,,,,,,,,,,,,,,,,,,,,,,,,,,,,,,,,,,,,,,,,,,,,,,,,,,,,,,,,,,,,,,,,,,,,,,,,,,,,,,,,,,,,,,,,,,,,,,,,,,,,,,,,,,,,,,,,,,,,,,,,,,,,,,,,,,,
    Number of Spikes per Network Burst per Channel - Avg,6.770829,5.740849,9.39428,5.60408,9.818273,5.487059,6.954919,6.719037,6.408117,7.405744,5.559785,6.292131,5.416236,5.914889,6.616663,6.479164,8.139007,6.199058,11.001391,7.841012,4.963244,9.716811,7.17021,10.493376,5.93163,8.107518,10.478927,10.695944,7.617519,10.796498,7.796707,6.800939,5.7704,7.225235,6.155275,6.741366,6.870731,10.674807,8.538914,6.775508,8.926419,5.865945,5.452836,7.47477,9.927434,7.272011,5.56809,8.273071,,,,,,,,,,,,,,,,,,,,,,,,,,,,,,,,,,,,,,,,,,,,,,,,,,,,,,,,,,,,,,,,,,,,,,,,,,,,,,,,,,,,,,,,,,,,,,,,,,,,,,,,,,,,,,,,,,,,,,,,,,,,,,,,,,,,,,,,,,,,,,,,,,,,,,,,,,,,,,,,,,,,,,,,,,,,,,,,,,,,,,,,,,,,,,,,,,,,,,,,,,,,,,,,,,,,,,,,,,,,,,,,,,,,,,,,,,,,,,,,,,,,,,,,,,,,,,,,,,,,,,,,,,,,,,,,,,,,,,,,,,,,,,,,,,,,,,,,,,,,,,,,,,,,,,,,,,,,,,,,,,,,,,,,,,,,,,,,,,,,,,,,,,,,,,,,,,,,,,,,,,,,,,,,,,,,,,,,,,,,,,,,,,,,,,,,,,,,,,,,,,,,,,,,,,,,,,,,,,,,,,,,,,,,,,,,,,,,,,,,,,,,,,,,,,,,,,,,,,,,,,,,,,,,,,,,,,,,,,,,,,,,,,,,,,,,,,,,,,,,,,,,,,,,,,,,,,,,,,,,,,,,,,,,,,,,,,,,,,,,,,,,,,,,,,,,,,,,,,,,,,,,,,,,,,,,,,,,,,,,,,,,,,,,,,,,,,,,,,,,,,,,,,,,,,,,,,,,,,,,,,,,,,,,,,,,,,,,,,,,,,,,,,,,,,,,,,,,,,,,,,,,,,,,,,,,,,,,,,,,,,,,,,,,,,,,,,,,,,,,,,,,,,,,,,,,,,,,,,,,
    Number of Spikes per Network Burst per Channel - Std,4.015784,1.811026,7.599558,1.76979,16.612512,5.342591,7.891399,5.293965,3.268888,7.195584,5.106991,6.239218,1.194475,6.495373,6.426584,5.78116,6.984185,6.091543,11.555294,8.389382,4.597928,7.698534,7.65878,6.595439,5.145469,9.89639,14.242846,13.783748,2.250208,13.633936,6.010163,8.123073,4.708822,3.678173,2.010174,6.474453,7.323673,12.385176,6.899418,6.853538,7.444233,6.98398,1.303133,6.790699,13.548218,7.676034,4.57106,6.063561,,,,,,,,,,,,,,,,,,,,,,,,,,,,,,,,,,,,,,,,,,,,,,,,,,,,,,,,,,,,,,,,,,,,,,,,,,,,,,,,,,,,,,,,,,,,,,,,,,,,,,,,,,,,,,,,,,,,,,,,,,,,,,,,,,,,,,,,,,,,,,,,,,,,,,,,,,,,,,,,,,,,,,,,,,,,,,,,,,,,,,,,,,,,,,,,,,,,,,,,,,,,,,,,,,,,,,,,,,,,,,,,,,,,,,,,,,,,,,,,,,,,,,,,,,,,,,,,,,,,,,,,,,,,,,,,,,,,,,,,,,,,,,,,,,,,,,,,,,,,,,,,,,,,,,,,,,,,,,,,,,,,,,,,,,,,,,,,,,,,,,,,,,,,,,,,,,,,,,,,,,,,,,,,,,,,,,,,,,,,,,,,,,,,,,,,,,,,,,,,,,,,,,,,,,,,,,,,,,,,,,,,,,,,,,,,,,,,,,,,,,,,,,,,,,,,,,,,,,,,,,,,,,,,,,,,,,,,,,,,,,,,,,,,,,,,,,,,,,,,,,,,,,,,,,,,,,,,,,,,,,,,,,,,,,,,,,,,,,,,,,,,,,,,,,,,,,,,,,,,,,,,,,,,,,,,,,,,,,,,,,,,,,,,,,,,,,,,,,,,,,,,,,,,,,,,,,,,,,,,,,,,,,,,,,,,,,,,,,,,,,,,,,,,,,,,,,,,,,,,,,,,,,,,,,,,,,,,,,,,,,,,,,,,,,,,,,,,,,,,,,,,,,,,,,,,,,,,,,,,
    Network Burst Percentage,88.57645,77.962152,99.326063,99.160931,95.000282,86.822083,94.885981,99.143135,97.598392,99.408834,88.666022,94.895611,72.472865,69.870875,99.866704,90.184382,99.731278,75.162574,99.586925,92.689577,80.261814,96.903518,96.595177,98.705525,85.550442,99.881139,99.904215,97.864696,99.840921,93.14296,99.350737,88.911928,49.368576,66.806011,71.258449,93.868625,68.915013,96.15576,99.575699,89.498466,95.409917,77.645104,84.623749,72.897085,99.629891,99.184871,98.200658,90.862753,,,,,,,,,,,,,,,,,,,,,,,,,,,,,,,,,,,,,,,,,,,,,,,,,,,,,,,,,,,,,,,,,,,,,,,,,,,,,,,,,,,,,,,,,,,,,,,,,,,,,,,,,,,,,,,,,,,,,,,,,,,,,,,,,,,,,,,,,,,,,,,,,,,,,,,,,,,,,,,,,,,,,,,,,,,,,,,,,,,,,,,,,,,,,,,,,,,,,,,,,,,,,,,,,,,,,,,,,,,,,,,,,,,,,,,,,,,,,,,,,,,,,,,,,,,,,,,,,,,,,,,,,,,,,,,,,,,,,,,,,,,,,,,,,,,,,,,,,,,,,,,,,,,,,,,,,,,,,,,,,,,,,,,,,,,,,,,,,,,,,,,,,,,,,,,,,,,,,,,,,,,,,,,,,,,,,,,,,,,,,,,,,,,,,,,,,,,,,,,,,,,,,,,,,,,,,,,,,,,,,,,,,,,,,,,,,,,,,,,,,,,,,,,,,,,,,,,,,,,,,,,,,,,,,,,,,,,,,,,,,,,,,,,,,,,,,,,,,,,,,,,,,,,,,,,,,,,,,,,,,,,,,,,,,,,,,,,,,,,,,,,,,,,,,,,,,,,,,,,,,,,,,,,,,,,,,,,,,,,,,,,,,,,,,,,,,,,,,,,,,,,,,,,,,,,,,,,,,,,,,,,,,,,,,,,,,,,,,,,,,,,,,,,,,,,,,,,,,,,,,,,,,,,,,,,,,,,,,,,,,,,,,,,,,,,,,,,,,,,,,,,,,,,,,,,,,,,,,,,,
    Network IBI Coefficient of Variation,0.568392,0.450812,0.436779,0.289561,0.522328,0.613833,0.39694,0.338563,0.383662,0.515203,0.462814,0.488056,0.529487,0.692117,0.612943,0.445717,0.33893,0.431026,0.551857,0.605069,0.54859,0.439942,0.565052,0.37108,0.604879,0.633952,0.4657,0.49787,0.299284,0.49002,0.435344,0.471147,0.715173,0.56338,0.450114,0.512944,0.682681,0.703968,0.389062,0.559739,0.451288,0.66026,0.415774,0.501745,0.382237,0.4397,0.413641,0.379016,,,,,,,,,,,,,,,,,,,,,,,,,,,,,,,,,,,,,,,,,,,,,,,,,,,,,,,,,,,,,,,,,,,,,,,,,,,,,,,,,,,,,,,,,,,,,,,,,,,,,,,,,,,,,,,,,,,,,,,,,,,,,,,,,,,,,,,,,,,,,,,,,,,,,,,,,,,,,,,,,,,,,,,,,,,,,,,,,,,,,,,,,,,,,,,,,,,,,,,,,,,,,,,,,,,,,,,,,,,,,,,,,,,,,,,,,,,,,,,,,,,,,,,,,,,,,,,,,,,,,,,,,,,,,,,,,,,,,,,,,,,,,,,,,,,,,,,,,,,,,,,,,,,,,,,,,,,,,,,,,,,,,,,,,,,,,,,,,,,,,,,,,,,,,,,,,,,,,,,,,,,,,,,,,,,,,,,,,,,,,,,,,,,,,,,,,,,,,,,,,,,,,,,,,,,,,,,,,,,,,,,,,,,,,,,,,,,,,,,,,,,,,,,,,,,,,,,,,,,,,,,,,,,,,,,,,,,,,,,,,,,,,,,,,,,,,,,,,,,,,,,,,,,,,,,,,,,,,,,,,,,,,,,,,,,,,,,,,,,,,,,,,,,,,,,,,,,,,,,,,,,,,,,,,,,,,,,,,,,,,,,,,,,,,,,,,,,,,,,,,,,,,,,,,,,,,,,,,,,,,,,,,,,,,,,,,,,,,,,,,,,,,,,,,,,,,,,,,,,,,,,,,,,,,,,,,,,,,,,,,,,,,,,,,,,,,,,,,,,,,,,,,,,,,,,,,,,,,,,,
    Network Normalized Duration IQR,0.731726,1.091009,0.98665,1.285532,0.958813,1.015901,1.400347,0.922298,0.811748,0.585381,0.694657,0.942207,0.423674,1.421876,0.336811,1.072501,0.888988,0.921975,1.019538,0.474449,0.741325,0.965236,0.869679,1.326532,0.794445,0.452805,0.333223,1.106323,0.737476,1.336288,1.06011,0.500056,1.105834,1.14374,0.627194,1.076808,0.699581,1.045432,0.742858,0.970432,0.945438,0.862932,0.860953,0.748879,0.705782,0.943628,1.168029,0.683744,,,,,,,,,,,,,,,,,,,,,,,,,,,,,,,,,,,,,,,,,,,,,,,,,,,,,,,,,,,,,,,,,,,,,,,,,,,,,,,,,,,,,,,,,,,,,,,,,,,,,,,,,,,,,,,,,,,,,,,,,,,,,,,,,,,,,,,,,,,,,,,,,,,,,,,,,,,,,,,,,,,,,,,,,,,,,,,,,,,,,,,,,,,,,,,,,,,,,,,,,,,,,,,,,,,,,,,,,,,,,,,,,,,,,,,,,,,,,,,,,,,,,,,,,,,,,,,,,,,,,,,,,,,,,,,,,,,,,,,,,,,,,,,,,,,,,,,,,,,,,,,,,,,,,,,,,,,,,,,,,,,,,,,,,,,,,,,,,,,,,,,,,,,,,,,,,,,,,,,,,,,,,,,,,,,,,,,,,,,,,,,,,,,,,,,,,,,,,,,,,,,,,,,,,,,,,,,,,,,,,,,,,,,,,,,,,,,,,,,,,,,,,,,,,,,,,,,,,,,,,,,,,,,,,,,,,,,,,,,,,,,,,,,,,,,,,,,,,,,,,,,,,,,,,,,,,,,,,,,,,,,,,,,,,,,,,,,,,,,,,,,,,,,,,,,,,,,,,,,,,,,,,,,,,,,,,,,,,,,,,,,,,,,,,,,,,,,,,,,,,,,,,,,,,,,,,,,,,,,,,,,,,,,,,,,,,,,,,,,,,,,,,,,,,,,,,,,,,,,,,,,,,,,,,,,,,,,,,,,,,,,,,,,,,,,,,,,,,,,,,,,,,,,,,,,,,,,,,,,,
Synchrony Metrics,,,,,,,,,,,,,,,,,,,,,,,,,,,,,,,,,,,,,,,,,,,,,,,,,,,,,,,,,,,,,,,,,,,,,,,,,,,,,,,,,,,,,,,,,,,,,,,,,,,,,,,,,,,,,,,,,,,,,,,,,,,,,,,,,,,,,,,,,,,,,,,,,,,,,,,,,,,,,,,,,,,,,,,,,,,,,,,,,,,,,,,,,,,,,,,,,,,,,,,,,,,,,,,,,,,,,,,,,,,,,,,,,,,,,,,,,,,,,,,,,,,,,,,,,,,,,,,,,,,,,,,,,,,,,,,,,,,,,,,,,,,,,,,,,,,,,,,,,,,,,,,,,,,,,,,,,,,,,,,,,,,,,,,,,,,,,,,,,,,,,,,,,,,,,,,,,,,,,,,,,,,,,,,,,,,,,,,,,,,,,,,,,,,,,,,,,,,,,,,,,,,,,,,,,,,,,,,,,,,,,,,,,,,,,,,,,,,,,,,,,,,,,,,,,,,,,,,,,,,,,,,,,,,,,,,,,,,,,,,,,,,,,,,,,,,,,,,,,,,,,,,,,,,,,,,,,,,,,,,,,,,,,,,,,,,,,,,,,,,,,,,,,,,,,,,,,,,,,,,,,,,,,,,,,,,,,,,,,,,,,,,,,,,,,,,,,,,,,,,,,,,,,,,,,,,,,,,,,,,,,,,,,,,,,,,,,,,,,,,,,,,,,,,,,,,,,,,,,,,,,,,,,,,,,,,,,,,,,,,,,,,,,,,,,,,,,,,,,,,,,,,,,,,,,,,,,,,,,,,,,,,,,,,,,,,,,,,,,,,,,,,,,,,,,,,,,,,,,,,,,,,,,,,,
    Area Under Normalized Cross-Correlation,0.396311,0.402669,0.645413,0.605117,0.57422,0.50647,0.508386,0.663009,0.615087,0.62231,0.513853,0.560842,0.40319,0.487458,0.712119,0.623036,0.614951,0.391005,0.645741,0.654393,0.402264,0.45609,0.432766,0.575192,0.424814,0.658193,0.689891,0.573842,0.692487,0.708439,0.552478,0.416379,0.35047,0.414534,0.495177,0.422326,0.28776,0.557184,0.51146,0.446363,0.361983,0.405324,0.419482,0.406644,0.47556,0.576626,0.492255,0.628554,,,,,,,,,,,,,,,,,,,,,,,,,,,,,,,,,,,,,,,,,,,,,,,,,,,,,,,,,,,,,,,,,,,,,,,,,,,,,,,,,,,,,,,,,,,,,,,,,,,,,,,,,,,,,,,,,,,,,,,,,,,,,,,,,,,,,,,,,,,,,,,,,,,,,,,,,,,,,,,,,,,,,,,,,,,,,,,,,,,,,,,,,,,,,,,,,,,,,,,,,,,,,,,,,,,,,,,,,,,,,,,,,,,,,,,,,,,,,,,,,,,,,,,,,,,,,,,,,,,,,,,,,,,,,,,,,,,,,,,,,,,,,,,,,,,,,,,,,,,,,,,,,,,,,,,,,,,,,,,,,,,,,,,,,,,,,,,,,,,,,,,,,,,,,,,,,,,,,,,,,,,,,,,,,,,,,,,,,,,,,,,,,,,,,,,,,,,,,,,,,,,,,,,,,,,,,,,,,,,,,,,,,,,,,,,,,,,,,,,,,,,,,,,,,,,,,,,,,,,,,,,,,,,,,,,,,,,,,,,,,,,,,,,,,,,,,,,,,,,,,,,,,,,,,,,,,,,,,,,,,,,,,,,,,,,,,,,,,,,,,,,,,,,,,,,,,,,,,,,,,,,,,,,,,,,,,,,,,,,,,,,,,,,,,,,,,,,,,,,,,,,,,,,,,,,,,,,,,,,,,,,,,,,,,,,,,,,,,,,,,,,,,,,,,,,,,,,,,,,,,,,,,,,,,,,,,,,,,,,,,,,,,,,,,,,,,,,,,,,,,,,,,,,,,,,,,,,,,,,,
    Area Under Cross-Correlation,2.747181,2.11125,10.091097,4.269986,6.131181,1.979014,3.730639,5.633986,5.880389,5.229847,1.946667,3.270069,1.464069,1.495875,4.936167,4.495153,8.035264,1.907486,6.704778,5.856528,1.880069,4.797389,2.431764,10.983486,2.886167,5.610389,8.213486,4.669097,5.053,6.777833,5.026306,4.048431,0.820861,1.822847,2.981944,2.401875,0.740306,5.244931,4.331639,2.998139,2.339014,1.949278,2.012014,1.528278,5.224042,3.8325,2.932917,6.836597,,,,,,,,,,,,,,,,,,,,,,,,,,,,,,,,,,,,,,,,,,,,,,,,,,,,,,,,,,,,,,,,,,,,,,,,,,,,,,,,,,,,,,,,,,,,,,,,,,,,,,,,,,,,,,,,,,,,,,,,,,,,,,,,,,,,,,,,,,,,,,,,,,,,,,,,,,,,,,,,,,,,,,,,,,,,,,,,,,,,,,,,,,,,,,,,,,,,,,,,,,,,,,,,,,,,,,,,,,,,,,,,,,,,,,,,,,,,,,,,,,,,,,,,,,,,,,,,,,,,,,,,,,,,,,,,,,,,,,,,,,,,,,,,,,,,,,,,,,,,,,,,,,,,,,,,,,,,,,,,,,,,,,,,,,,,,,,,,,,,,,,,,,,,,,,,,,,,,,,,,,,,,,,,,,,,,,,,,,,,,,,,,,,,,,,,,,,,,,,,,,,,,,,,,,,,,,,,,,,,,,,,,,,,,,,,,,,,,,,,,,,,,,,,,,,,,,,,,,,,,,,,,,,,,,,,,,,,,,,,,,,,,,,,,,,,,,,,,,,,,,,,,,,,,,,,,,,,,,,,,,,,,,,,,,,,,,,,,,,,,,,,,,,,,,,,,,,,,,,,,,,,,,,,,,,,,,,,,,,,,,,,,,,,,,,,,,,,,,,,,,,,,,,,,,,,,,,,,,,,,,,,,,,,,,,,,,,,,,,,,,,,,,,,,,,,,,,,,,,,,,,,,,,,,,,,,,,,,,,,,,,,,,,,,,,,,,,,,,,,,,,,,,,,,,,,,,,,,,,,
    Full Width at Half Height of Normalized Cross-Correlation,12,14,16,18,21,17,17,15,13,16,17,20,19,24,18,17,16,13,20,17,16,27,20,14,17,17,23,25,16,19,20,17,20,16,18,22,9,18,18,16,17,13,14,18,18,18,14,19,,,,,,,,,,,,,,,,,,,,,,,,,,,,,,,,,,,,,,,,,,,,,,,,,,,,,,,,,,,,,,,,,,,,,,,,,,,,,,,,,,,,,,,,,,,,,,,,,,,,,,,,,,,,,,,,,,,,,,,,,,,,,,,,,,,,,,,,,,,,,,,,,,,,,,,,,,,,,,,,,,,,,,,,,,,,,,,,,,,,,,,,,,,,,,,,,,,,,,,,,,,,,,,,,,,,,,,,,,,,,,,,,,,,,,,,,,,,,,,,,,,,,,,,,,,,,,,,,,,,,,,,,,,,,,,,,,,,,,,,,,,,,,,,,,,,,,,,,,,,,,,,,,,,,,,,,,,,,,,,,,,,,,,,,,,,,,,,,,,,,,,,,,,,,,,,,,,,,,,,,,,,,,,,,,,,,,,,,,,,,,,,,,,,,,,,,,,,,,,,,,,,,,,,,,,,,,,,,,,,,,,,,,,,,,,,,,,,,,,,,,,,,,,,,,,,,,,,,,,,,,,,,,,,,,,,,,,,,,,,,,,,,,,,,,,,,,,,,,,,,,,,,,,,,,,,,,,,,,,,,,,,,,,,,,,,,,,,,,,,,,,,,,,,,,,,,,,,,,,,,,,,,,,,,,,,,,,,,,,,,,,,,,,,,,,,,,,,,,,,,,,,,,,,,,,,,,,,,,,,,,,,,,,,,,,,,,,,,,,,,,,,,,,,,,,,,,,,,,,,,,,,,,,,,,,,,,,,,,,,,,,,,,,,,,,,,,,,,,,,,,,,,,,,,,,,,,,,,,,,
    Full Width at Half Height of Cross-Correlation,43,39,49,43,52,38,43,39,42,43,41,41,46,58,42,35,41,44,61,45,35,69,50,49,43,45,52,64,49,49,46,39,40,41,41,57,43,51,52,46,42,31,36,39,53,37,40,44,,,,,,,,,,,,,,,,,,,,,,,,,,,,,,,,,,,,,,,,,,,,,,,,,,,,,,,,,,,,,,,,,,,,,,,,,,,,,,,,,,,,,,,,,,,,,,,,,,,,,,,,,,,,,,,,,,,,,,,,,,,,,,,,,,,,,,,,,,,,,,,,,,,,,,,,,,,,,,,,,,,,,,,,,,,,,,,,,,,,,,,,,,,,,,,,,,,,,,,,,,,,,,,,,,,,,,,,,,,,,,,,,,,,,,,,,,,,,,,,,,,,,,,,,,,,,,,,,,,,,,,,,,,,,,,,,,,,,,,,,,,,,,,,,,,,,,,,,,,,,,,,,,,,,,,,,,,,,,,,,,,,,,,,,,,,,,,,,,,,,,,,,,,,,,,,,,,,,,,,,,,,,,,,,,,,,,,,,,,,,,,,,,,,,,,,,,,,,,,,,,,,,,,,,,,,,,,,,,,,,,,,,,,,,,,,,,,,,,,,,,,,,,,,,,,,,,,,,,,,,,,,,,,,,,,,,,,,,,,,,,,,,,,,,,,,,,,,,,,,,,,,,,,,,,,,,,,,,,,,,,,,,,,,,,,,,,,,,,,,,,,,,,,,,,,,,,,,,,,,,,,,,,,,,,,,,,,,,,,,,,,,,,,,,,,,,,,,,,,,,,,,,,,,,,,,,,,,,,,,,,,,,,,,,,,,,,,,,,,,,,,,,,,,,,,,,,,,,,,,,,,,,,,,,,,,,,,,,,,,,,,,,,,,,,,,,,,,,,,,,,,,,,,,,,,,,,,,,,,,
    Synchrony Index, , , , , , , , , , , , , , , , , , , , , , , , , , , , , , , , , , , , , , , , , , , , , , , , ,,,,,,,,,,,,,,,,,,,,,,,,,,,,,,,,,,,,,,,,,,,,,,,,,,,,,,,,,,,,,,,,,,,,,,,,,,,,,,,,,,,,,,,,,,,,,,,,,,,,,,,,,,,,,,,,,,,,,,,,,,,,,,,,,,,,,,,,,,,,,,,,,,,,,,,,,,,,,,,,,,,,,,,,,,,,,,,,,,,,,,,,,,,,,,,,,,,,,,,,,,,,,,,,,,,,,,,,,,,,,,,,,,,,,,,,,,,,,,,,,,,,,,,,,,,,,,,,,,,,,,,,,,,,,,,,,,,,,,,,,,,,,,,,,,,,,,,,,,,,,,,,,,,,,,,,,,,,,,,,,,,,,,,,,,,,,,,,,,,,,,,,,,,,,,,,,,,,,,,,,,,,,,,,,,,,,,,,,,,,,,,,,,,,,,,,,,,,,,,,,,,,,,,,,,,,,,,,,,,,,,,,,,,,,,,,,,,,,,,,,,,,,,,,,,,,,,,,,,,,,,,,,,,,,,,,,,,,,,,,,,,,,,,,,,,,,,,,,,,,,,,,,,,,,,,,,,,,,,,,,,,,,,,,,,,,,,,,,,,,,,,,,,,,,,,,,,,,,,,,,,,,,,,,,,,,,,,,,,,,,,,,,,,,,,,,,,,,,,,,,,,,,,,,,,,,,,,,,,,,,,,,,,,,,,,,,,,,,,,,,,,,,,,,,,,,,,,,,,,,,,,,,,,,,,,,,,,,,,,,,,,,,,,,,,,,,,,,,,,,,,,,,,,,,,,,,,,,,,,,
    Kreuz SPIKE Distance, , , , , , , , , , , , , , , , , , , , , , , , , , , , , , , , , , , , , , , , , , , , , , , , ,,,,,,,,,,,,,,,,,,,,,,,,,,,,,,,,,,,,,,,,,,,,,,,,,,,,,,,,,,,,,,,,,,,,,,,,,,,,,,,,,,,,,,,,,,,,,,,,,,,,,,,,,,,,,,,,,,,,,,,,,,,,,,,,,,,,,,,,,,,,,,,,,,,,,,,,,,,,,,,,,,,,,,,,,,,,,,,,,,,,,,,,,,,,,,,,,,,,,,,,,,,,,,,,,,,,,,,,,,,,,,,,,,,,,,,,,,,,,,,,,,,,,,,,,,,,,,,,,,,,,,,,,,,,,,,,,,,,,,,,,,,,,,,,,,,,,,,,,,,,,,,,,,,,,,,,,,,,,,,,,,,,,,,,,,,,,,,,,,,,,,,,,,,,,,,,,,,,,,,,,,,,,,,,,,,,,,,,,,,,,,,,,,,,,,,,,,,,,,,,,,,,,,,,,,,,,,,,,,,,,,,,,,,,,,,,,,,,,,,,,,,,,,,,,,,,,,,,,,,,,,,,,,,,,,,,,,,,,,,,,,,,,,,,,,,,,,,,,,,,,,,,,,,,,,,,,,,,,,,,,,,,,,,,,,,,,,,,,,,,,,,,,,,,,,,,,,,,,,,,,,,,,,,,,,,,,,,,,,,,,,,,,,,,,,,,,,,,,,,,,,,,,,,,,,,,,,,,,,,,,,,,,,,,,,,,,,,,,,,,,,,,,,,,,,,,,,,,,,,,,,,,,,,,,,,,,,,,,,,,,,,,,,,,,,,,,,,,,,,,,,,,,,,,,,,,,,,,,,,,
Average Network Burst Metrics,,,,,,,,,,,,,,,,,,,,,,,,,,,,,,,,,,,,,,,,,,,,,,,,,,,,,,,,,,,,,,,,,,,,,,,,,,,,,,,,,,,,,,,,,,,,,,,,,,,,,,,,,,,,,,,,,,,,,,,,,,,,,,,,,,,,,,,,,,,,,,,,,,,,,,,,,,,,,,,,,,,,,,,,,,,,,,,,,,,,,,,,,,,,,,,,,,,,,,,,,,,,,,,,,,,,,,,,,,,,,,,,,,,,,,,,,,,,,,,,,,,,,,,,,,,,,,,,,,,,,,,,,,,,,,,,,,,,,,,,,,,,,,,,,,,,,,,,,,,,,,,,,,,,,,,,,,,,,,,,,,,,,,,,,,,,,,,,,,,,,,,,,,,,,,,,,,,,,,,,,,,,,,,,,,,,,,,,,,,,,,,,,,,,,,,,,,,,,,,,,,,,,,,,,,,,,,,,,,,,,,,,,,,,,,,,,,,,,,,,,,,,,,,,,,,,,,,,,,,,,,,,,,,,,,,,,,,,,,,,,,,,,,,,,,,,,,,,,,,,,,,,,,,,,,,,,,,,,,,,,,,,,,,,,,,,,,,,,,,,,,,,,,,,,,,,,,,,,,,,,,,,,,,,,,,,,,,,,,,,,,,,,,,,,,,,,,,,,,,,,,,,,,,,,,,,,,,,,,,,,,,,,,,,,,,,,,,,,,,,,,,,,,,,,,,,,,,,,,,,,,,,,,,,,,,,,,,,,,,,,,,,,,,,,,,,,,,,,,,,,,,,,,,,,,,,,,,,,,,,,,,,,,,,,,,,,,,,,,,,,,,,,,,,,,,,,,,,,,,,,,,,,,,,
    Start Electrode,22,24,11,14,11,12,11,44,31,42,13,32,14,31,11,33,14,12,43,11,34,12,44,11,21,13,13,11,44,24,12,11,41,24,11,32,44,11,11,11,31,32,12,41,31,21,11,41,,,,,,,,,,,,,,,,,,,,,,,,,,,,,,,,,,,,,,,,,,,,,,,,,,,,,,,,,,,,,,,,,,,,,,,,,,,,,,,,,,,,,,,,,,,,,,,,,,,,,,,,,,,,,,,,,,,,,,,,,,,,,,,,,,,,,,,,,,,,,,,,,,,,,,,,,,,,,,,,,,,,,,,,,,,,,,,,,,,,,,,,,,,,,,,,,,,,,,,,,,,,,,,,,,,,,,,,,,,,,,,,,,,,,,,,,,,,,,,,,,,,,,,,,,,,,,,,,,,,,,,,,,,,,,,,,,,,,,,,,,,,,,,,,,,,,,,,,,,,,,,,,,,,,,,,,,,,,,,,,,,,,,,,,,,,,,,,,,,,,,,,,,,,,,,,,,,,,,,,,,,,,,,,,,,,,,,,,,,,,,,,,,,,,,,,,,,,,,,,,,,,,,,,,,,,,,,,,,,,,,,,,,,,,,,,,,,,,,,,,,,,,,,,,,,,,,,,,,,,,,,,,,,,,,,,,,,,,,,,,,,,,,,,,,,,,,,,,,,,,,,,,,,,,,,,,,,,,,,,,,,,,,,,,,,,,,,,,,,,,,,,,,,,,,,,,,,,,,,,,,,,,,,,,,,,,,,,,,,,,,,,,,,,,,,,,,,,,,,,,,,,,,,,,,,,,,,,,,,,,,,,,,,,,,,,,,,,,,,,,,,,,,,,,,,,,,,,,,,,,,,,,,,,,,,,,,,,,,,,,,,,,,,,,,,,,,,,,,,,,,,,,,,,,,,,,,,,,,,,
    Percent Bursts with Start Electrode,37.062937,18.115942,44.502618,24.210526,22.727273,23.880597,23.489933,30.128205,18.04878,22.727273,40.740741,24.113475,23.157895,30.136986,22.516556,34.782609,20,26.168224,21.904762,43.065693,36.363636,36.170213,21.985816,28.571429,29.559748,21.014493,30.37037,24.210526,30.769231,21.505376,24.516129,38.04878,41.071429,35,24.590164,30.405405,35,27.868852,28.571429,34.666667,32.394366,35.39823,30.534351,31.707317,51.70068,45.925926,35.175879,33.701657,,,,,,,,,,,,,,,,,,,,,,,,,,,,,,,,,,,,,,,,,,,,,,,,,,,,,,,,,,,,,,,,,,,,,,,,,,,,,,,,,,,,,,,,,,,,,,,,,,,,,,,,,,,,,,,,,,,,,,,,,,,,,,,,,,,,,,,,,,,,,,,,,,,,,,,,,,,,,,,,,,,,,,,,,,,,,,,,,,,,,,,,,,,,,,,,,,,,,,,,,,,,,,,,,,,,,,,,,,,,,,,,,,,,,,,,,,,,,,,,,,,,,,,,,,,,,,,,,,,,,,,,,,,,,,,,,,,,,,,,,,,,,,,,,,,,,,,,,,,,,,,,,,,,,,,,,,,,,,,,,,,,,,,,,,,,,,,,,,,,,,,,,,,,,,,,,,,,,,,,,,,,,,,,,,,,,,,,,,,,,,,,,,,,,,,,,,,,,,,,,,,,,,,,,,,,,,,,,,,,,,,,,,,,,,,,,,,,,,,,,,,,,,,,,,,,,,,,,,,,,,,,,,,,,,,,,,,,,,,,,,,,,,,,,,,,,,,,,,,,,,,,,,,,,,,,,,,,,,,,,,,,,,,,,,,,,,,,,,,,,,,,,,,,,,,,,,,,,,,,,,,,,,,,,,,,,,,,,,,,,,,,,,,,,,,,,,,,,,,,,,,,,,,,,,,,,,,,,,,,,,,,,,,,,,,,,,,,,,,,,,,,,,,,,,,,,,,,,,,,,,,,,,,,,,,,,,,,,,,,,,,,,,,,,,,,,,,,,,,,,,,,,,,,,,,,,,,,,,,,
    Burst Peak (Max Spikes per sec),1125.874126,1108.695652,1869.109948,1363.157895,1507.575758,1417.910448,1476.510067,2044.871795,1634.146341,1655.844156,1333.333333,1290.780142,1326.315789,1109.589041,2205.298013,788.819876,1910,1130.841121,2104.761905,605.839416,1227.272727,829.787234,1283.687943,1311.22449,1264.150943,2550.724638,2429.62963,1957.894737,2282.051282,2881.72043,1567.741935,360.97561,821.428571,1325,598.360656,1108.108108,1133.333333,1581.967213,1564.935065,1286.666667,1042.253521,1292.035398,1312.977099,1341.463415,1190.47619,2000,1130.653266,1519.337017,,,,,,,,,,,,,,,,,,,,,,,,,,,,,,,,,,,,,,,,,,,,,,,,,,,,,,,,,,,,,,,,,,,,,,,,,,,,,,,,,,,,,,,,,,,,,,,,,,,,,,,,,,,,,,,,,,,,,,,,,,,,,,,,,,,,,,,,,,,,,,,,,,,,,,,,,,,,,,,,,,,,,,,,,,,,,,,,,,,,,,,,,,,,,,,,,,,,,,,,,,,,,,,,,,,,,,,,,,,,,,,,,,,,,,,,,,,,,,,,,,,,,,,,,,,,,,,,,,,,,,,,,,,,,,,,,,,,,,,,,,,,,,,,,,,,,,,,,,,,,,,,,,,,,,,,,,,,,,,,,,,,,,,,,,,,,,,,,,,,,,,,,,,,,,,,,,,,,,,,,,,,,,,,,,,,,,,,,,,,,,,,,,,,,,,,,,,,,,,,,,,,,,,,,,,,,,,,,,,,,,,,,,,,,,,,,,,,,,,,,,,,,,,,,,,,,,,,,,,,,,,,,,,,,,,,,,,,,,,,,,,,,,,,,,,,,,,,,,,,,,,,,,,,,,,,,,,,,,,,,,,,,,,,,,,,,,,,,,,,,,,,,,,,,,,,,,,,,,,,,,,,,,,,,,,,,,,,,,,,,,,,,,,,,,,,,,,,,,,,,,,,,,,,,,,,,,,,,,,,,,,,,,,,,,,,,,,,,,,,,,,,,,,,,,,,,,,,,,,,,,,,,,,,,,,,,,,,,,,,,,,,,,,,,,,,,,,,,,,,,,,,,,,,,,,,,,,,,,,,
    Time to Burst Peak (ms),16.5,24.5,26.5,24.5,22.5,14.5,32.5,22.5,14.5,26.5,18.5,20.5,22.5,19.5,26.5,22.5,14.5,30.5,20.5,64.5,20.5,34.5,24.5,24.5,10.5,20.5,24.5,32.5,20.5,20.5,38.5,20.5,16.5,22.5,96.5,28.5,21.5,18.5,24.5,22.5,22.5,18.5,18.5,24.5,24.5,14.5,14.5,21.5,,,,,,,,,,,,,,,,,,,,,,,,,,,,,,,,,,,,,,,,,,,,,,,,,,,,,,,,,,,,,,,,,,,,,,,,,,,,,,,,,,,,,,,,,,,,,,,,,,,,,,,,,,,,,,,,,,,,,,,,,,,,,,,,,,,,,,,,,,,,,,,,,,,,,,,,,,,,,,,,,,,,,,,,,,,,,,,,,,,,,,,,,,,,,,,,,,,,,,,,,,,,,,,,,,,,,,,,,,,,,,,,,,,,,,,,,,,,,,,,,,,,,,,,,,,,,,,,,,,,,,,,,,,,,,,,,,,,,,,,,,,,,,,,,,,,,,,,,,,,,,,,,,,,,,,,,,,,,,,,,,,,,,,,,,,,,,,,,,,,,,,,,,,,,,,,,,,,,,,,,,,,,,,,,,,,,,,,,,,,,,,,,,,,,,,,,,,,,,,,,,,,,,,,,,,,,,,,,,,,,,,,,,,,,,,,,,,,,,,,,,,,,,,,,,,,,,,,,,,,,,,,,,,,,,,,,,,,,,,,,,,,,,,,,,,,,,,,,,,,,,,,,,,,,,,,,,,,,,,,,,,,,,,,,,,,,,,,,,,,,,,,,,,,,,,,,,,,,,,,,,,,,,,,,,,,,,,,,,,,,,,,,,,,,,,,,,,,,,,,,,,,,,,,,,,,,,,,,,,,,,,,,,,,,,,,,,,,,,,,,,,,,,,,,,,,,,,,,,,,,,,,,,,,,,,,,,,,,,,,,,,,,,,,,,,,,,,,,,,,,,,,,,,,,,,,,,,,,,,,
,,,,,,,,,,,,,,,,,,,,,,,,,,,,,,,,,,,,,,,,,,,,,,,,,,,,,,,,,,,,,,,,,,,,,,,,,,,,,,,,,,,,,,,,,,,,,,,,,,,,,,,,,,,,,,,,,,,,,,,,,,,,,,,,,,,,,,,,,,,,,,,,,,,,,,,,,,,,,,,,,,,,,,,,,,,,,,,,,,,,,,,,,,,,,,,,,,,,,,,,,,,,,,,,,,,,,,,,,,,,,,,,,,,,,,,,,,,,,,,,,,,,,,,,,,,,,,,,,,,,,,,,,,,,,,,,,,,,,,,,,,,,,,,,,,,,,,,,,,,,,,,,,,,,,,,,,,,,,,,,,,,,,,,,,,,,,,,,,,,,,,,,,,,,,,,,,,,,,,,,,,,,,,,,,,,,,,,,,,,,,,,,,,,,,,,,,,,,,,,,,,,,,,,,,,,,,,,,,,,,,,,,,,,,,,,,,,,,,,,,,,,,,,,,,,,,,,,,,,,,,,,,,,,,,,,,,,,,,,,,,,,,,,,,,,,,,,,,,,,,,,,,,,,,,,,,,,,,,,,,,,,,,,,,,,,,,,,,,,,,,,,,,,,,,,,,,,,,,,,,,,,,,,,,,,,,,,,,,,,,,,,,,,,,,,,,,,,,,,,,,,,,,,,,,,,,,,,,,,,,,,,,,,,,,,,,,,,,,,,,,,,,,,,,,,,,,,,,,,,,,,,,,,,,,,,,,,,,,,,,,,,,,,,,,,,,,,,,,,,,,,,,,,,,,,,,,,,,,,,,,,,,,,,,,,,,,,,,,,,,,,,,,,,,,,,,,,,,,,,,,,,,,,,,
Measurement,A1_11,A1_12,A1_13,A1_14,A1_21,A1_22,A1_23,A1_24,A1_31,A1_32,A1_33,A1_34,A1_41,A1_42,A1_43,A1_44,A2_11,A2_12,A2_13,A2_14,A2_21,A2_22,A2_23,A2_24,A2_31,A2_32,A2_33,A2_34,A2_41,A2_42,A2_43,A2_44,A3_11,A3_12,A3_13,A3_14,A3_21,A3_22,A3_23,A3_24,A3_31,A3_32,A3_33,A3_34,A3_41,A3_42,A3_43,A3_44,A4_11,A4_12,A4_13,A4_14,A4_21,A4_22,A4_23,A4_24,A4_31,A4_32,A4_33,A4_34,A4_41,A4_42,A4_43,A4_44,A5_11,A5_12,A5_13,A5_14,A5_21,A5_22,A5_23,A5_24,A5_31,A5_32,A5_33,A5_34,A5_41,A5_42,A5_43,A5_44,A6_11,A6_12,A6_13,A6_14,A6_21,A6_22,A6_23,A6_24,A6_31,A6_32,A6_33,A6_34,A6_41,A6_42,A6_43,A6_44,A7_11,A7_12,A7_13,A7_14,A7_21,A7_22,A7_23,A7_24,A7_31,A7_32,A7_33,A7_34,A7_41,A7_42,A7_43,A7_44,A8_11,A8_12,A8_13,A8_14,A8_21,A8_22,A8_23,A8_24,A8_31,A8_32,A8_33,A8_34,A8_41,A8_42,A8_43,A8_44,B1_11,B1_12,B1_13,B1_14,B1_21,B1_22,B1_23,B1_24,B1_31,B1_32,B1_33,B1_34,B1_41,B1_42,B1_43,B1_44,B2_11,B2_12,B2_13,B2_14,B2_21,B2_22,B2_23,B2_24,B2_31,B2_32,B2_33,B2_34,B2_41,B2_42,B2_43,B2_44,B3_11,B3_12,B3_13,B3_14,B3_21,B3_22,B3_23,B3_24,B3_31,B3_32,B3_33,B3_34,B3_41,B3_42,B3_43,B3_44,B4_11,B4_12,B4_13,B4_14,B4_21,B4_22,B4_23,B4_24,B4_31,B4_32,B4_33,B4_34,B4_41,B4_42,B4_43,B4_44,B5_11,B5_12,B5_13,B5_14,B5_21,B5_22,B5_23,B5_24,B5_31,B5_32,B5_33,B5_34,B5_41,B5_42,B5_43,B5_44,B6_11,B6_12,B6_13,B6_14,B6_21,B6_22,B6_23,B6_24,B6_31,B6_32,B6_33,B6_34,B6_41,B6_42,B6_43,B6_44,B7_11,B7_12,B7_13,B7_14,B7_21,B7_22,B7_23,B7_24,B7_31,B7_32,B7_33,B7_34,B7_41,B7_42,B7_43,B7_44,B8_11,B8_12,B8_13,B8_14,B8_21,B8_22,B8_23,B8_24,B8_31,B8_32,B8_33,B8_34,B8_41,B8_42,B8_43,B8_44,C1_11,C1_12,C1_13,C1_14,C1_21,C1_22,C1_23,C1_24,C1_31,C1_32,C1_33,C1_34,C1_41,C1_42,C1_43,C1_44,C2_11,C2_12,C2_13,C2_14,C2_21,C2_22,C2_23,C2_24,C2_31,C2_32,C2_33,C2_34,C2_41,C2_42,C2_43,C2_44,C3_11,C3_12,C3_13,C3_14,C3_21,C3_22,C3_23,C3_24,C3_31,C3_32,C3_33,C3_34,C3_41,C3_42,C3_43,C3_44,C4_11,C4_12,C4_13,C4_14,C4_21,C4_22,C4_23,C4_24,C4_31,C4_32,C4_33,C4_34,C4_41,C4_42,C4_43,C4_44,C5_11,C5_12,C5_13,C5_14,C5_21,C5_22,C5_23,C5_24,C5_31,C5_32,C5_33,C5_34,C5_41,C5_42,C5_43,C5_44,C6_11,C6_12,C6_13,C6_14,C6_21,C6_22,C6_23,C6_24,C6_31,C6_32,C6_33,C6_34,C6_41,C6_42,C6_43,C6_44,C7_11,C7_12,C7_13,C7_14,C7_21,C7_22,C7_23,C7_24,C7_31,C7_32,C7_33,C7_34,C7_41,C7_42,C7_43,C7_44,C8_11,C8_12,C8_13,C8_14,C8_21,C8_22,C8_23,C8_24,C8_31,C8_32,C8_33,C8_34,C8_41,C8_42,C8_43,C8_44,D1_11,D1_12,D1_13,D1_14,D1_21,D1_22,D1_23,D1_24,D1_31,D1_32,D1_33,D1_34,D1_41,D1_42,D1_43,D1_44,D2_11,D2_12,D2_13,D2_14,D2_21,D2_22,D2_23,D2_24,D2_31,D2_32,D2_33,D2_34,D2_41,D2_42,D2_43,D2_44,D3_11,D3_12,D3_13,D3_14,D3_21,D3_22,D3_23,D3_24,D3_31,D3_32,D3_33,D3_34,D3_41,D3_42,D3_43,D3_44,D4_11,D4_12,D4_13,D4_14,D4_21,D4_22,D4_23,D4_24,D4_31,D4_32,D4_33,D4_34,D4_41,D4_42,D4_43,D4_44,D5_11,D5_12,D5_13,D5_14,D5_21,D5_22,D5_23,D5_24,D5_31,D5_32,D5_33,D5_34,D5_41,D5_42,D5_43,D5_44,D6_11,D6_12,D6_13,D6_14,D6_21,D6_22,D6_23,D6_24,D6_31,D6_32,D6_33,D6_34,D6_41,D6_42,D6_43,D6_44,D7_11,D7_12,D7_13,D7_14,D7_21,D7_22,D7_23,D7_24,D7_31,D7_32,D7_33,D7_34,D7_41,D7_42,D7_43,D7_44,D8_11,D8_12,D8_13,D8_14,D8_21,D8_22,D8_23,D8_24,D8_31,D8_32,D8_33,D8_34,D8_41,D8_42,D8_43,D8_44,E1_11,E1_12,E1_13,E1_14,E1_21,E1_22,E1_23,E1_24,E1_31,E1_32,E1_33,E1_34,E1_41,E1_42,E1_43,E1_44,E2_11,E2_12,E2_13,E2_14,E2_21,E2_22,E2_23,E2_24,E2_31,E2_32,E2_33,E2_34,E2_41,E2_42,E2_43,E2_44,E3_11,E3_12,E3_13,E3_14,E3_21,E3_22,E3_23,E3_24,E3_31,E3_32,E3_33,E3_34,E3_41,E3_42,E3_43,E3_44,E4_11,E4_12,E4_13,E4_14,E4_21,E4_22,E4_23,E4_24,E4_31,E4_32,E4_33,E4_34,E4_41,E4_42,E4_43,E4_44,E5_11,E5_12,E5_13,E5_14,E5_21,E5_22,E5_23,E5_24,E5_31,E5_32,E5_33,E5_34,E5_41,E5_42,E5_43,E5_44,E6_11,E6_12,E6_13,E6_14,E6_21,E6_22,E6_23,E6_24,E6_31,E6_32,E6_33,E6_34,E6_41,E6_42,E6_43,E6_44,E7_11,E7_12,E7_13,E7_14,E7_21,E7_22,E7_23,E7_24,E7_31,E7_32,E7_33,E7_34,E7_41,E7_42,E7_43,E7_44,E8_11,E8_12,E8_13,E8_14,E8_21,E8_22,E8_23,E8_24,E8_31,E8_32,E8_33,E8_34,E8_41,E8_42,E8_43,E8_44,F1_11,F1_12,F1_13,F1_14,F1_21,F1_22,F1_23,F1_24,F1_31,F1_32,F1_33,F1_34,F1_41,F1_42,F1_43,F1_44,F2_11,F2_12,F2_13,F2_14,F2_21,F2_22,F2_23,F2_24,F2_31,F2_32,F2_33,F2_34,F2_41,F2_42,F2_43,F2_44,F3_11,F3_12,F3_13,F3_14,F3_21,F3_22,F3_23,F3_24,F3_31,F3_32,F3_33,F3_34,F3_41,F3_42,F3_43,F3_44,F4_11,F4_12,F4_13,F4_14,F4_21,F4_22,F4_23,F4_24,F4_31,F4_32,F4_33,F4_34,F4_41,F4_42,F4_43,F4_44,F5_11,F5_12,F5_13,F5_14,F5_21,F5_22,F5_23,F5_24,F5_31,F5_32,F5_33,F5_34,F5_41,F5_42,F5_43,F5_44,F6_11,F6_12,F6_13,F6_14,F6_21,F6_22,F6_23,F6_24,F6_31,F6_32,F6_33,F6_34,F6_41,F6_42,F6_43,F6_44,F7_11,F7_12,F7_13,F7_14,F7_21,F7_22,F7_23,F7_24,F7_31,F7_32,F7_33,F7_34,F7_41,F7_42,F7_43,F7_44,F8_11,F8_12,F8_13,F8_14,F8_21,F8_22,F8_23,F8_24,F8_31,F8_32,F8_33,F8_34,F8_41,F8_42,F8_43,F8_44
Activity Metrics,,,,,,,,,,,,,,,,,,,,,,,,,,,,,,,,,,,,,,,,,,,,,,,,,,,,,,,,,,,,,,,,,,,,,,,,,,,,,,,,,,,,,,,,,,,,,,,,,,,,,,,,,,,,,,,,,,,,,,,,,,,,,,,,,,,,,,,,,,,,,,,,,,,,,,,,,,,,,,,,,,,,,,,,,,,,,,,,,,,,,,,,,,,,,,,,,,,,,,,,,,,,,,,,,,,,,,,,,,,,,,,,,,,,,,,,,,,,,,,,,,,,,,,,,,,,,,,,,,,,,,,,,,,,,,,,,,,,,,,,,,,,,,,,,,,,,,,,,,,,,,,,,,,,,,,,,,,,,,,,,,,,,,,,,,,,,,,,,,,,,,,,,,,,,,,,,,,,,,,,,,,,,,,,,,,,,,,,,,,,,,,,,,,,,,,,,,,,,,,,,,,,,,,,,,,,,,,,,,,,,,,,,,,,,,,,,,,,,,,,,,,,,,,,,,,,,,,,,,,,,,,,,,,,,,,,,,,,,,,,,,,,,,,,,,,,,,,,,,,,,,,,,,,,,,,,,,,,,,,,,,,,,,,,,,,,,,,,,,,,,,,,,,,,,,,,,,,,,,,,,,,,,,,,,,,,,,,,,,,,,,,,,,,,,,,,,,,,,,,,,,,,,,,,,,,,,,,,,,,,,,,,,,,,,,,,,,,,,,,,,,,,,,,,,,,,,,,,,,,,,,,,,,,,,,,,,,,,,,,,,,,,,,,,,,,,,,,,,,,,,,,,,,,,,,,,,,,,,,,,,,,,,,,,,,,,,,,,,,,,,,,,,,,,,,,,,,,,,,,,,,,,,,,,
    Number of Spikes,362,760,117,588,2382,3892,619,41,132,616,25,330,2105,929,747,580,0,778,270,1066,0,207,1352,1219,2380,0,0,399,1691,1024,269,72,1624,1190,1275,2385,227,3410,4717,543,1143,218,1319,743,2131,2824,1537,2313,1548,2636,741,868,569,1052,423,459,2,2045,335,1086,657,1480,416,938,1303,506,0,16,1689,1736,710,1416,2255,2495,811,889,0,582,2225,1108,504,2093,0,226,1,636,119,1048,180,83,867,591,453,914,1411,1126,799,1627,2046,1415,93,10,359,482,1,2,1131,186,1356,2390,594,884,821,1379,1657,796,714,1005,442,1211,19,2639,1630,586,211,243,356,1696,21,1670,712,1095,1348,1201,845,180,2273,1287,1766,1035,2823,493,1917,238,1140,533,1272,671,988,909,1,111,1,2582,799,779,1770,1927,1326,246,1251,413,2036,381,511,890,8,361,71,211,814,297,234,60,1,737,1353,75,439,979,104,634,322,1357,729,2089,1752,514,1317,193,300,9,218,127,505,856,1409,694,951,48,268,33,120,77,1366,1,27,947,131,425,9,203,515,205,639,424,1153,689,406,383,1111,1238,264,569,1482,587,1476,1213,722,1565,692,1393,1154,1309,11,106,589,714,418,823,1836,0,1332,390,1417,1301,46,285,1307,1416,2285,386,779,1528,31,413,2075,16,1225,3608,646,7,3015,503,3264,1814,1903,725,1568,852,922,557,129,897,630,322,1153,752,8,579,2822,0,483,94,185,0,973,1276,2289,1627,1443,707,1403,520,0,662,1178,1273,742,1043,994,278,2364,181,1149,1651,785,758,543,3663,1317,535,783,641,1128,619,1294,413,1986,340,857,226,14,636,644,1573,476,714,897,437,335,3128,4,246,368,216,1415,1280,567,2948,1419,655,2931,125,57,1040,1338,49,1916,184,154,2879,407,1687,0,889,1161,500,59,0,116,1196,441,826,2224,4,1330,1143,1220,2593,84,141,1633,3963,2789,1754,3464,284,47,3527,1681,1890,233,2353,367,2657,152,0,2279,309,797,833,535,32,2896,583,1122,145,276,706,846,1085,2576,291,0,1949,140,1081,1410,1206,1259,1374,1157,1155,198,258,3,2352,1764,27,1111,189,2484,882,2493,464,1097,612,1404,1320,2483,1151,1928,1403,938,1049,835,560,153,134,344,691,1581,1707,0,1531,485,1413,499,1378,1805,1599,340,791,511,413,864,1193,296,509,1023,6,751,1223,522,647,351,527,2286,1470,879,1948,1245,527,298,67,1749,1237,1720,1196,1220,830,621,1130,828,1,222,0,2070,2708,10,1681,2251,498,649,67,643,1441,2537,489,434,2185,44,537,2657,33,172,50,3146,428,3826,669,821,198,1238,312,0,125,501,0,5,0,166,0,1359,508,426,1151,2410,142,0,894,92,315,687,1104,805,1059,1,0,6,26,214,1096,1159,163,1827,396,11,138,1273,3513,1431,562,580,0,35,963,331,46,410,1490,1,1499,1264,527,9,51,940,2142,0,1312,928,173,517,855,70,191,39,233,1128,48,0,0,528,0,131,1558,9,380,0,874,2328,332,0,1828,7,105,1493,1269,1,2190,1790,1405,676,78,943,1631,2502,721,2,2035,2,398,1413,211,1700,666,40,1729,1729,984,2,1421,3437,1236,1090,306,481,89,0,268,1129,2228,471,150,1216,17,671,1228,1,14,209,1202,576,350,2166,0,2532,0,71,2249,0,1470,1381,1,903,2363,134,99,1405,898,20,5,0,2038,72,168,731,193,270,332,4,1559,69,206,2339,1407,251,217,246,207,77,2,951,556,91,1014,205,386,0,567,24,90,9,3,1509,747,219,1900,1198,0,955,593,933,5,3015,1310,0,1587,2602,1,2830,375,558,116,82,106,2407,1095,1010,1381,0,338,1141,583,12,76,25,1063,516,718,1495,372,2553,985,746,523,485,562,1191,263,1280,3032,1823,1785,308,0,1141,0,75,1069,1705,2159,1087,13,541,10,1926,963,1124,4673,759,0,2498,1289,661,1780
    Mean Firing Rate (Hz),0.603333,1.266667,0.195,0.98,3.97,6.486667,1.031667,0.068333,0.22,1.026667,0.041667,0.55,3.508333,1.548333,1.245,0.966667,0,1.296667,0.45,1.776667,0,0.345,2.253333,2.031667,3.966667,0,0,0.665,2.818333,1.706667,0.448333,0.12,2.706667,1.983333,2.125,3.975,0.378333,5.683333,7.861667,0.905,1.905,0.363333,2.198333,1.238333,3.551667,4.706667,2.561667,3.855,2.58,4.393333,1.235,1.446667,0.948333,1.753333,0.705,0.765,0.003333,3.408333,0.558333,1.81,1.095,2.466667,0.693333,1.563333,2.171667,0.843333,0,0.026667,2.815,2.893333,1.183333,2.36,3.758333,4.158333,1.351667,1.481667,0,0.97,3.708333,1.846667,0.84,3.488333,0,0.376667,0.001667,1.06,0.198333,1.746667,0.3,0.138333,1.445,0.985,0.755,1.523333,2.351667,1.876667,1.331667,2.711667,3.41,2.358333,0.155,0.016667,0.598333,0.803333,0.001667,0.003333,1.885,0.31,2.26,3.983333,0.99,1.473333,1.368333,2.298333,2.761667,1.326667,1.19,1.675,0.736667,2.018333,0.031667,4.398333,2.716667,0.976667,0.351667,0.405,0.593333,2.826667,0.035,2.783333,1.186667,1.825,2.246667,2.001667,1.408333,0.3,3.788333,2.145,2.943333,1.725,4.705,0.821667,3.195,0.396667,1.9,0.888333,2.12,1.118333,1.646667,1.515,0.001667,0.185,0.001667,4.303333,1.331667,1.298333,2.95,3.211667,2.21,0.41,2.085,0.688333,3.393333,0.635,0.851667,1.483333,0.013333,0.601667,0.118333,0.351667,1.356667,0.495,0.39,0.1,0.001667,1.228333,2.255,0.125,0.731667,1.631667,0.173333,1.056667,0.536667,2.261667,1.215,3.481667,2.92,0.856667,2.195,0.321667,0.5,0.015,0.363333,0.211667,0.841667,1.426667,2.348333,1.156667,1.585,0.08,0.446667,0.055,0.2,0.128333,2.276667,0.001667,0.045,1.578333,0.218333,0.708333,0.015,0.338333,0.858333,0.341667,1.065,0.706667,1.921667,1.148333,0.676667,0.638333,1.851667,2.063333,0.44,0.948333,2.47,0.978333,2.46,2.021667,1.203333,2.608333,1.153333,2.321667,1.923333,2.181667,0.018333,0.176667,0.981667,1.19,0.696667,1.371667,3.06,0,2.22,0.65,2.361667,2.168333,0.076667,0.475,2.178333,2.36,3.808333,0.643333,1.298333,2.546667,0.051667,0.688333,3.458333,0.026667,2.041667,6.013333,1.076667,0.011667,5.025,0.838333,5.44,3.023333,3.171667,1.208333,2.613333,1.42,1.536667,0.928333,0.215,1.495,1.05,0.536667,1.921667,1.253333,0.013333,0.965,4.703333,0,0.805,0.156667,0.308333,0,1.621667,2.126667,3.815,2.711667,2.405,1.178333,2.338333,0.866667,0,1.103333,1.963333,2.121667,1.236667,1.738333,1.656667,0.463333,3.94,0.301667,1.915,2.751667,1.308333,1.263333,0.905,6.105,2.195,0.891667,1.305,1.068333,1.88,1.031667,2.156667,0.688333,3.31,0.566667,1.428333,0.376667,0.023333,1.06,1.073333,2.621667,0.793333,1.19,1.495,0.728333,0.558333,5.213333,0.006667,0.41,0.613333,0.36,2.358333,2.133333,0.945,4.913333,2.365,1.091667,4.885,0.208333,0.095,1.733333,2.23,0.081667,3.193333,0.306667,0.256667,4.798333,0.678333,2.811667,0,1.481667,1.935,0.833333,0.098333,0,0.193333,1.993333,0.735,1.376667,3.706667,0.006667,2.216667,1.905,2.033333,4.321667,0.14,0.235,2.721667,6.605,4.648333,2.923333,5.773333,0.473333,0.078333,5.878333,2.801667,3.15,0.388333,3.921667,0.611667,4.428333,0.253333,0,3.798333,0.515,1.328333,1.388333,0.891667,0.053333,4.826667,0.971667,1.87,0.241667,0.46,1.176667,1.41,1.808333,4.293333,0.485,0,3.248333,0.233333,1.801667,2.35,2.01,2.098333,2.29,1.928333,1.925,0.33,0.43,0.005,3.92,2.94,0.045,1.851667,0.315,4.14,1.47,4.155,0.773333,1.828333,1.02,2.34,2.2,4.138333,1.918333,3.213333,2.338333,1.563333,1.748333,1.391667,0.933333,0.255,0.223333,0.573333,1.151667,2.635,2.845,0,2.551667,0.808333,2.355,0.831667,2.296667,3.008333,2.665,0.566667,1.318333,0.851667,0.688333,1.44,1.988333,0.493333,0.848333,1.705,0.01,1.251667,2.038333,0.87,1.078333,0.585,0.878333,3.81,2.45,1.465,3.246667,2.075,0.878333,0.496667,0.111667,2.915,2.061667,2.866667,1.993333,2.033333,1.383333,1.035,1.883333,1.38,0.001667,0.37,0,3.45,4.513333,0.016667,2.801667,3.751667,0.83,1.081667,0.111667,1.071667,2.401667,4.228333,0.815,0.723333,3.641667,0.073333,0.895,4.428333,0.055,0.286667,0.083333,5.243333,0.713333,6.376667,1.115,1.368333,0.33,2.063333,0.52,0,0.208333,0.835,0,0.008333,0,0.276667,0,2.265,0.846667,0.71,1.918333,4.016667,0.236667,0,1.49,0.153333,0.525,1.145,1.84,1.341667,1.765,0.001667,0,0.01,0.043333,0.356667,1.826667,1.931667,0.271667,3.045,0.66,0.018333,0.23,2.121667,5.855,2.385,0.936667,0.966667,0,0.058333,1.605,0.551667,0.076667,0.683333,2.483333,0.001667,2.498333,2.106667,0.878333,0.015,0.085,1.566667,3.57,0,2.186667,1.546667,0.288333,0.861667,1.425,0.116667,0.318333,0.065,0.388333,1.88,0.08,0,0,0.88,0,0.218333,2.596667,0.015,0.633333,0,1.456667,3.88,0.553333,0,3.046667,0.011667,0.175,2.488333,2.115,0.001667,3.65,2.983333,2.341667,1.126667,0.13,1.571667,2.718333,4.17,1.201667,0.003333,3.391667,0.003333,0.663333,2.355,0.351667,2.833333,1.11,0.066667,2.881667,2.881667,1.64,0.003333,2.368333,5.728333,2.06,1.816667,0.51,0.801667,0.148333,0,0.446667,1.881667,3.713333,0.785,0.25,2.026667,0.028333,1.118333,2.046667,0.001667,0.023333,0.348333,2.003333,0.96,0.583333,3.61,0,4.22,0,0.118333,3.748333,0,2.45,2.301667,0.001667,1.505,3.938333,0.223333,0.165,2.341667,1.496667,0.033333,0.008333,0,3.396667,0.12,0.28,1.218333,0.321667,0.45,0.553333,0.006667,2.598333,0.115,0.343333,3.898333,2.345,0.418333,0.361667,0.41,0.345,0.128333,0.003333,1.585,0.926667,0.151667,1.69,0.341667,0.643333,0,0.945,0.04,0.15,0.015,0.005,2.515,1.245,0.365,3.166667,1.996667,0,1.591667,0.988333,1.555,0.008333,5.025,2.183333,0,2.645,4.336667,0.001667,4.716667,0.625,0.93,0.193333,0.136667,0.176667,4.011667,1.825,1.683333,2.301667,0,0.563333,1.901667,0.971667,0.02,0.126667,0.041667,1.771667,0.86,1.196667,2.491667,0.62,4.255,1.641667,1.243333,0.871667,0.808333,0.936667,1.985,0.438333,2.133333,5.053333,3.038333,2.975,0.513333,0,1.901667,0,0.125,1.781667,2.841667,3.598333,1.811667,0.021667,0.901667,0.016667,3.21,1.605,1.873333,7.788333,1.265,0,4.163333,2.148333,1.101667,2.966667
    ISI Coefficient of Variation,1.420616,1.986127,1.051382,1.656141,3.570912,4.619151,1.850449, ,1.011537,1.755197, ,1.64452,3.340512,2.103356,2.044083,1.780422, ,1.702385,1.004377,2.450373, ,0.934291,2.376866,2.243861,3.261974, , ,1.04657,2.58158,2.060241,1.237273,1.096263,2.944517,2.491366,2.433735,3.607301,1.040915,4.356277,5.157689,1.56384,2.580777,1.061377,2.620599,1.947166,3.416026,3.947361,2.847775,3.565832,2.724529,3.640325,1.770046,1.98399,1.538295,2.226699,1.436652,1.397239, ,3.188877,1.557319,2.297793,1.690928,2.663607,1.325411,2.069845,3.280767,1.901457, , ,3.554268,3.688524,2.239,3.350526,4.188164,2.08768,2.453035,2.48384, ,2.169579,4.336043,2.977402,1.711444,3.620241, ,1.221548, ,2.012332,1.472606,2.514065,1.213493,1.483997,2.217259,1.924277,1.439802,2.330945,2.923213,2.580791,2.054554,3.036957,3.541135,2.926107,1.275123, ,1.32313,1.57417, , ,2.587668,1.01324,2.843035,3.853708,1.911171,2.24636,2.170823,2.887669,3.184338,2.214288,2.055052,2.420213,1.720739,2.679786, ,4.088303,3.158285,1.878338,0.878676,1.080654,1.346484,3.209789, ,2.770635,1.653374,2.198937,2.114665,2.287627,1.781365,1.733391,3.275152,2.425092,2.857384,2.120391,3.661056,1.404007,2.984871,1.20834,2.795398,2.162128,2.992557,2.079637,2.579976,2.482454, ,1.202158, ,4.326618,2.368232,2.225032,3.547391,3.70582,3.045965,1.390445,3.107914,1.677458,3.967411,1.797613,2.029718,2.56761, ,1.576929,1.117554,1.806707,2.441549,1.423359,1.094695,1.012562, ,2.307046,2.908515,0.880964,1.604603,2.437612,1.211652,2.014148,1.915822,2.979777,2.122113,3.000384,3.366421,1.785781,2.871824,2.01014,1.523445, ,1.143579,1.254368,1.667602,2.235496,2.860059,1.922226,2.304138, ,1.57351, ,1.483486,1.940863,2.814714, , ,2.294449,1.099037,1.642234, ,1.596476,1.78983,2.00585,1.966944,1.949203,2.460473,2.030769,1.763743,2.788295,2.691091,2.848717,2.677221,1.824005,3.451017,2.377914,3.443165,3.096325,2.369843,3.553042,2.253878,3.337243,3.01184,3.230997, ,1.083981,2.257629,2.351496,1.810913,2.49437,3.172681, ,2.701886,1.384112,2.768745,2.602794, ,1.860595,2.643494,2.72185,2.011623,1.390339,1.918044,2.874056, ,1.645633,3.132012, ,2.327039,4.052364,1.895728, ,3.818557,1.451118,3.957096,2.913046,2.981253,1.67615,2.685609,1.865034,1.969098,1.421175,1.149513,2.081985,1.596852,1.715171,2.255324,1.859447, ,1.596551,3.707124, ,1.735482,1.181514,1.381704, ,2.250684,2.395977,4.890036,4.233754,3.880067,2.699107,3.924528,2.351908, ,2.523165,3.884538,3.733154,2.843221,3.354036,3.263045,2.332378,5.143799,1.9378,3.150822,3.838711,2.577188,2.498439,2.14516,3.135225,3.398243,2.084076,2.554212,2.077271,3.122683,2.246659,3.372976,1.930808,4.219372,2.214784,1.951584,1.220258, ,1.527551,1.699393,2.732624,1.390005,1.968029,1.957827,1.4523,1.292306,3.9374, ,1.279961,1.102931,1.033005,3.006189,2.973031,1.954558,4.628928,3.265408,2.35513,4.583144,1.135609, ,1.620621,3.087872, ,3.711367,1.15567,1.177791,4.594482,1.285047,3.516621, ,2.451327,2.871195,2.217858, , ,1.061314,2.924138,1.840005,2.526624,4.078196, ,3.101661,2.876975,2.397941,3.611421,1.198218,1.225314,2.804972,4.455442,3.727747,2.91674,4.19623,1.510306, ,4.237416,2.858695,2.618962,1.612617,2.398058,1.456652,3.544736,1.465032, ,3.276689,1.183848,1.805235,1.953509,1.508543, ,3.714669,1.440104,2.25056,1.142748,1.499016,1.663111,2.681453,3.045637,4.813872,1.623411, ,4.165113,1.644334,3.03507,3.507139,3.222109,3.293879,3.456724,3.161388,3.135632,1.240502,1.463482, ,4.371586,3.757832, ,2.928689,1.723696,4.500449,2.578702,4.512619,1.796917,2.914099,2.107741,3.335093,3.222645,4.506592,2.992599,4.821541,4.094405,3.327501,3.507521,3.137095,2.805047,1.758619,1.211111,1.870719,2.286858,4.354658,4.540281, ,4.244367,2.298073,4.105889,1.933684,3.403286,3.935858,3.699127,1.631385,2.517759,1.933477,1.753713,2.637462,3.15243,1.448111,1.933665,2.898023, ,2.437194,3.198644,2.389681,2.716723,1.856495,2.405751,2.148586,4.221597,3.20792,4.814868,3.867219,2.475431,1.780742,0.945998,4.602459,3.85104,4.579395,3.785729,2.817109,2.311032,1.901641,2.703955,2.261485, ,1.262118, ,3.757768,3.936952, ,3.366778,3.926146,1.73896,2.006889,1.246969,1.629459,2.597234,3.536104,1.442544,1.057492,1.284475, ,1.53855,3.634367, ,1.615788, ,3.95806,1.33956,4.391322,1.680117,1.975822,1.423157,2.405241,1.219831, ,1.232416,1.393895, , , ,1.15905, ,2.362426,1.413358,1.600142,2.40353,3.341676,1.573815, ,2.268353,1.061584,1.332972,1.949166,2.554867,2.276452,2.507198, , , , ,1.903283,2.558024,2.68261,0.946069,3.457,1.564294, ,1.474533,2.845857,0.815428,3.034611,1.928679,1.772208, , ,2.459547,1.444472, ,1.476621,3.135236, ,3.134774,2.866871,1.834834, , ,2.548724,3.803207, ,2.984396,2.470558,1.325319,1.785497,2.398557,0.820801,1.680792, ,1.353675,3.330863, , , ,2.384055, ,0.879874,3.957949, ,1.899719, ,2.90081,5.054231,1.91152, ,4.454697, ,3.28442,4.013664,3.713076, ,3.121601,4.408863,3.876565,2.615204,1.222003,3.144617,4.196006,4.107942,2.098266, ,3.672692, ,1.577511,3.014435,1.201108,3.347386,2.082342, ,3.381296,3.369401,2.517334, ,3.043232,4.510962,2.627769,2.393972,1.495113,1.616033,1.111403, ,1.451078,2.493536,3.627274,1.597623,0.942138,2.664243, ,1.883785,2.627776, , ,1.05963,2.696844,1.749961,1.438433,3.6981, ,4.027424, ,1.122131,3.773597, ,3.034621,2.927957, ,2.449569,4.102901,1.13251,0.882686,3.102275,2.534115, , , ,3.788643,1.07823,1.217195,2.27763,1.063442,1.321846,1.640479, ,2.929586,0.931829,1.152798,3.634092,2.700882,1.002413,1.324691,1.147062,1.218678,1.224423, ,2.229363,1.612995,1.523129,2.307391,1.075081,1.704971, ,1.881851, ,1.338794, , ,2.950028,1.95634,1.070744,3.342002,2.599697, ,2.371437,2.069166,2.452184, ,4.637144,2.964274, ,3.299045,4.256379, ,4.352507,1.490875,2.058386,1.047252,0.899615,0.710942,4.092463,2.678749,2.726104,3.261569, ,1.579093,2.919336,2.006432, ,1.015925, ,2.831902,1.861896,2.275015,3.403574,1.976721,4.502043,2.700175,1.752218,1.43451,1.780132,1.236811,2.319107,1.156349,2.396893,3.875127,2.947754,2.920289,1.23377, ,2.261333, ,0.98429,2.207601,3.024097,3.423686,2.341331, ,1.73368, ,3.218655,2.183591,2.431376,1.477743,1.922847, ,3.702114,2.586146,2.32998,3.07143
Electrode Burst Metrics,,,,,,,,,,,,,,,,,,,,,,,,,,,,,,,,,,,,,,,,,,,,,,,,,,,,,,,,,,,,,,,,,,,,,,,,,,,,,,,,,,,,,,,,,,,,,,,,,,,,,,,,,,,,,,,,,,,,,,,,,,,,,,,,,,,,,,,,,,,,,,,,,,,,,,,,,,,,,,,,,,,,,,,,,,,,,,,,,,,,,,,,,,,,,,,,,,,,,,,,,,,,,,,,,,,,,,,,,,,,,,,,,,,,,,,,,,,,,,,,,,,,,,,,,,,,,,,,,,,,,,,,,,,,,,,,,,,,,,,,,,,,,,,,,,,,,,,,,,,,,,,,,,,,,,,,,,,,,,,,,,,,,,,,,,,,,,,,,,,,,,,,,,,,,,,,,,,,,,,,,,,,,,,,,,,,,,,,,,,,,,,,,,,,,,,,,,,,,,,,,,,,,,,,,,,,,,,,,,,,,,,,,,,,,,,,,,,,,,,,,,,,,,,,,,,,,,,,,,,,,,,,,,,,,,,,,,,,,,,,,,,,,,,,,,,,,,,,,,,,,,,,,,,,,,,,,,,,,,,,,,,,,,,,,,,,,,,,,,,,,,,,,,,,,,,,,,,,,,,,,,,,,,,,,,,,,,,,,,,,,,,,,,,,,,,,,,,,,,,,,,,,,,,,,,,,,,,,,,,,,,,,,,,,,,,,,,,,,,,,,,,,,,,,,,,,,,,,,,,,,,,,,,,,,,,,,,,,,,,,,,,,,,,,,,,,,,,,,,,,,,,,,,,,,,,,,,,,,,,,,,,,,,,,,,,,,,,,,,,,,,,,,,,,,,,,,,,,,,,,,,,,,,,,
    Number of Bursts,8,36,0,9,124,193,31,0,2,19,0,15,119,26,29,18,0,26,2,81,0,1,90,92,183,0,0,2,132,64,4,0,78,55,67,127,0,189,188,15,71,3,70,26,169,182,114,152,124,184,34,37,9,55,13,9,0,168,19,59,27,126,9,55,103,13,0,0,101,125,39,75,124,119,36,33,0,32,131,83,21,144,0,4,0,26,1,76,6,2,33,13,7,41,83,86,18,88,143,96,1,0,7,12,0,0,79,2,112,156,31,55,68,125,130,52,75,81,22,103,0,159,125,51,0,6,3,136,0,108,11,65,50,56,21,7,160,83,120,57,173,10,133,7,99,35,85,38,67,58,0,2,0,155,46,34,130,146,86,17,119,11,127,32,30,53,0,17,2,12,54,4,2,0,0,62,100,1,10,76,2,55,16,96,36,143,133,20,108,12,11,0,6,2,17,67,140,43,72,1,18,0,3,5,113,0,0,78,1,9,0,8,18,10,44,35,36,12,20,26,70,70,23,21,131,45,100,104,36,108,27,115,99,121,0,0,53,33,9,73,136,0,105,7,113,93,0,18,89,77,101,7,32,105,0,24,137,0,49,173,50,0,191,15,197,133,125,23,94,20,30,12,2,54,11,13,59,24,0,21,173,0,20,0,4,0,55,73,91,88,76,32,92,42,0,45,54,74,38,50,63,23,106,9,89,124,39,27,23,130,107,30,57,24,105,30,106,26,136,18,26,6,0,13,20,120,5,31,18,10,7,183,0,2,3,2,104,54,41,136,102,20,131,0,0,26,65,0,121,1,0,129,2,130,0,42,74,9,0,0,0,56,30,24,144,0,88,72,66,163,0,0,97,198,175,126,196,17,0,200,119,135,5,144,13,165,3,0,153,2,13,34,15,0,190,1,76,3,8,14,69,97,140,9,0,132,6,40,122,113,81,102,86,45,0,4,0,132,117,0,45,9,135,77,134,28,79,43,55,109,135,98,96,88,31,54,42,35,13,1,24,20,91,85,0,93,36,93,43,114,113,117,15,74,44,28,72,104,10,31,101,0,81,109,18,48,27,58,46,92,41,93,92,32,8,0,93,90,93,85,80,45,15,74,52,0,9,0,150,154,0,148,154,21,49,2,12,68,189,7,0,0,0,9,184,0,1,0,205,7,204,25,34,4,63,5,0,3,2,0,0,0,1,0,43,4,21,90,137,5,0,47,1,10,34,57,52,78,0,0,0,0,11,74,89,2,141,21,0,7,99,42,107,29,24,0,0,68,18,0,2,61,0,80,90,5,0,0,78,134,0,75,60,0,20,54,1,10,0,7,88,0,0,0,34,0,0,108,0,18,0,93,124,18,0,119,0,4,90,73,0,101,115,98,40,3,70,110,148,46,0,137,0,14,71,0,125,40,0,127,118,62,0,88,170,51,53,11,10,0,0,7,45,152,15,0,69,0,30,67,0,0,1,73,16,5,119,0,147,0,0,104,0,105,88,0,53,150,0,0,108,58,0,0,0,145,1,2,46,1,1,14,0,131,0,1,169,114,1,9,6,9,0,0,87,20,6,80,6,26,0,39,0,5,0,0,107,36,5,115,64,0,50,11,59,0,149,92,0,114,143,0,145,5,23,0,0,0,136,45,79,114,0,19,109,37,0,0,0,97,21,36,107,28,138,59,17,8,10,0,52,2,76,183,103,107,4,0,34,0,0,49,129,133,61,0,27,0,123,62,87,162,47,0,157,96,36,96
    Burst Duration - Avg (sec),0.21775,0.133784, ,0.245004,0.128646,0.103895,0.097525, ,0.02652,0.075293, ,0.065499,0.126895,0.243572,0.220508,0.276947, ,0.072252,0.05288,0.056933, ,0.03024,0.050856,0.04415,0.057714, , ,0.03296,0.0561,0.066652,0.02208, ,0.135855,0.11686,0.144195,0.122346, ,0.086377,0.097922,0.087019,0.117339,0.04096,0.083096,0.082443,0.055909,0.090018,0.061244,0.099891,0.065926,0.068255,0.045289,0.10408,0.082933,0.069903,0.027809,0.033218, ,0.059599,0.065739,0.150452,0.049019,0.059538,0.091938,0.044947,0.087216,0.371723, , ,0.073148,0.069887,0.106396,0.087657,0.082346,0.079342,0.110738,0.163748, ,0.171585,0.073071,0.104435,0.103467,0.094552, ,0.04948, ,0.1946,0.41136,0.056595,0.0168,0.0392,0.248216,0.304665,0.4352,0.175774,0.114668,0.108882,0.18664,0.106527,0.065352,0.053132,0.3268, ,0.201806,0.151347, , ,0.049105,0.01428,0.047683,0.058963,0.085858,0.057281,0.079769,0.051875,0.062439,0.064911,0.044727,0.057243,0.051127,0.066047, ,0.06605,0.060952,0.05458, ,0.033027,0.07208,0.070592, ,0.080415,0.39096,0.1008,0.086598,0.140031,0.183566,0.093223,0.075928,0.079122,0.075664,0.109117,0.075126,0.411728,0.081301,0.106434,0.062167,0.046501,0.0696,0.060688,0.073692,0.086994, ,0.204, ,0.064637,0.104548,0.167802,0.066212,0.073589,0.061608,0.029736,0.051355,0.172095,0.062552,0.034225,0.065909,0.075206, ,0.116226,0.21796,0.08972,0.063124,0.34226,0.03308, , ,0.046659,0.078374,0.05408,0.200008,0.046845,0.74092,0.03113,0.145415,0.093467,0.13592,0.071592,0.066543,0.065036,0.069524,0.070373,0.109556, ,0.032253,0.09812,0.063929,0.043926,0.048409,0.034744,0.048937,0.06616,0.042236, ,0.038533,0.050752,0.050376, , ,0.03547,0.15,0.268693, ,0.13887,0.145587,0.117304,0.035504,0.115365,0.157993,0.170847,0.057676,0.074637,0.103869,0.094992,0.073332,0.122244,0.073684,0.056228,0.077722,0.084238,0.163993,0.076341,0.166166,0.082436,0.084783,0.059638, , ,0.037085,0.198882,0.395236,0.071048,0.047478, ,0.04696,0.06344,0.051104,0.049837, ,0.055413,0.048093,0.110004,0.088803,0.088914,0.086108,0.054782, ,0.042907,0.077414, ,0.133069,0.123193,0.055104, ,0.073022,0.276075,0.068029,0.057613,0.074296,0.199739,0.083154,0.231488,0.189259,0.324273,0.03348,0.084239,0.269876,0.130222,0.097398,0.148063, ,0.136907,0.068885, ,0.157376, ,0.06664, ,0.091743,0.072832,0.175398,0.162326,0.202994,0.323545,0.109711,0.049187, ,0.126699,0.07981,0.155437,0.238869,0.130987,0.157869,0.069537,0.139592,0.065929,0.080105,0.069831,0.126176,0.184347,0.15,0.076678,0.07451,0.047699,0.078545,0.24431,0.073052,0.091189,0.074666,0.085748,0.077792,0.15772,0.108428,0.207707, ,0.198018,0.078236,0.065439,0.177408,0.124034,0.2048,0.06844,0.073303,0.083405, ,0.68584,0.389093,0.21296,0.100045,0.19185,0.049906,0.152248,0.103658,0.332688,0.116462, , ,0.215471,0.116503, ,0.111977,0.05104, ,0.133934,0.01944,0.079948, ,0.165764,0.122055,0.717796, , , ,0.168146,0.0742,0.341973,0.102518, ,0.120482,0.099389,0.088704,0.065292, , ,0.093953,0.083788,0.102123,0.090024,0.082994,0.028296, ,0.0779,0.059625,0.049061,0.103984,0.090989,0.17296,0.07772,0.46632, ,0.066862,0.97056,0.214018,0.090456,0.075584, ,0.073175,0.02424,0.047529,0.02912,0.19619,0.031811,0.059871,0.053235,0.072115,0.082684, ,0.083842,0.024347,0.196752,0.090146,0.084574,0.125334,0.104437,0.065915,0.18912, ,0.6586, ,0.093538,0.10431, ,0.17203,0.025671,0.089751,0.052793,0.070061,0.183577,0.096979,0.075591,0.155871,0.072797,0.0855,0.077532,0.127453,0.120362,0.251825,0.149107,0.16965,0.099529,0.032714,1.25896,0.075667,0.04344,0.102314,0.122797, ,0.121708,0.051011,0.11845,0.042869,0.057502,0.077476,0.055067,0.077077,0.054348,0.036238,0.04782,0.073011,0.062068,0.03756,0.097443,0.058379, ,0.044365,0.056629,0.359756,0.105792,0.058839,0.095476,0.178125,0.095191,0.187118,0.10508,0.067125,0.103223,0.04339, ,0.11561,0.102572,0.10131,0.107481,0.085965,0.128587,0.123696,0.076156,0.062232, ,0.032782, ,0.066226,0.069908, ,0.058966,0.058275,0.283078,0.029752,0.02444,0.53372,0.159572,0.090587,0.202903, , , ,0.830356,0.082992, ,0.02104, ,0.081534,0.228926,0.078669,0.034506,0.064045,0.12086,0.079743,0.150704, ,0.120987,0.98192, , , ,0.0308, ,0.146513,0.06698,0.056118,0.040786,0.054638,0.150608, ,0.064031,0.032,0.043472,0.061447,0.112299,0.049978,0.053462, , , , ,0.097447,0.062251,0.039341,0.03636,0.050138,0.03032, ,0.049143,0.040389,0.042756,0.044733,0.073771,0.1152, , ,0.034224,0.036818, ,1.442,0.128233, ,0.130319,0.087272,0.64064, , ,0.054313,0.101989, ,0.095596,0.087824, ,0.068984,0.076224,0.46936,0.176392, ,0.017303,0.07484, , , ,0.10096, , ,0.057689, ,0.150053, ,0.0533,0.099038,0.08388, ,0.112478, ,0.28876,0.156975,0.092775, ,0.072253,0.102511,0.131926,0.165208,0.020027,0.149663,0.130673,0.100556,0.062548, ,0.094773, ,0.037451,0.119939, ,0.081752,0.119314, ,0.083429,0.109043,0.052764, ,0.100898,0.087026,0.151004,0.11864,0.058931,0.435616, , ,0.081234,0.187129,0.089075,0.371867, ,0.134271, ,0.17176,0.11913, , ,0.03664,0.079504,0.05006,0.021104,0.10885, ,0.118566, , ,0.12764, ,0.084331,0.098557, ,0.055813,0.050385, , ,0.057764,0.048446, , , ,0.064447,0.41704,0.0946,0.073256,0.0492,0.01024,0.164589, ,0.05263, ,0.07208,0.052494,0.044091,0.04176,0.042471,0.016227,0.035324, , ,0.030268,0.03498,0.030267,0.052392,0.01544,0.030865, ,0.042632, ,0.060496, , ,0.082425,0.181389,0.122736,0.083005,0.113765, ,0.125688,0.362022,0.11232, ,0.068997,0.082381, ,0.078964,0.079815, ,0.078932,0.739648,0.270348, , , ,0.082127,0.174238,0.074756,0.076612, ,0.074219,0.063214,0.043518, , , ,0.047698,0.155425,0.109798,0.068681,0.079,0.067116,0.115744,0.211224,0.26538,0.466912, ,0.135609,0.01812,0.100959,0.09199,0.11047,0.099057,0.29928, ,0.194616, , ,0.121494,0.051304,0.104834,0.149418, ,0.058252, ,0.101283,0.096092,0.072543,0.09228,0.042131, ,0.092838,0.096036,0.102489,0.116159
    Burst Duration - Std (sec),0.325873,0.33913, ,0.449598,0.166225,0.143204,0.061668, ,0.006279,0.052621, ,0.059702,0.165748,0.378626,0.423938,0.473575, ,0.074077,0.005657,0.045697, , ,0.058243,0.036554,0.046519, , ,0.008485,0.053089,0.084869,0.012693, ,0.187178,0.309495,0.315716,0.173897, ,0.123475,0.144506,0.164377,0.246817,0.008571,0.046097,0.111613,0.041874,0.153432,0.087772,0.174976,0.05474,0.053205,0.030861,0.096547,0.059406,0.049111,0.007356,0.01392, ,0.050699,0.042758,0.121798,0.051415,0.053155,0.052602,0.037132,0.264864,0.709635, , ,0.128148,0.158779,0.183953,0.146401,0.127116,0.202018,0.151782,0.35088, ,0.478075,0.120145,0.322123,0.345379,0.249148, ,0.058752, ,0.448998, ,0.081937,0.002487,0.014595,0.586162,0.682843,0.744613,0.447619,0.306087,0.378975,0.378206,0.192631,0.10612,0.144309, , ,0.238517,0.425734, , ,0.154033,0.003224,0.125332,0.073223,0.278853,0.170192,0.258749,0.151607,0.13546,0.122128,0.123145,0.161589,0.027955,0.171879, ,0.116826,0.146959,0.127738, ,0.020759,0.07811,0.165666, ,0.182878,0.543047,0.25889,0.101542,0.276791,0.42225,0.076574,0.128181,0.161738,0.127242,0.249182,0.080242,0.508358,0.141315,0.168222,0.197057,0.054052,0.203418,0.116695,0.241519,0.266274, ,0.240869, ,0.112208,0.216444,0.479442,0.155211,0.166968,0.052269,0.025499,0.112569,0.444586,0.085027,0.011491,0.118626,0.178672, ,0.331181,0.279505,0.13736,0.185066,0.647342,0.022458, , ,0.078783,0.243372, ,0.293621,0.042502,0.224747,0.034598,0.214296,0.27638,0.43795,0.220182,0.192548,0.085405,0.222955,0.043365,0.157524, ,0.010095,0.090001,0.038319,0.02011,0.02081,0.018843,0.017187, ,0.014884, ,0.030238,0.024491,0.024138, , ,0.015283, ,0.566069, ,0.204475,0.407619,0.150761,0.019983,0.329428,0.31619,0.483165,0.082375,0.137136,0.213043,0.12647,0.02644,0.322075,0.224955,0.076279,0.216975,0.246037,0.445625,0.193697,0.408194,0.239495,0.257875,0.199589, , ,0.027755,0.433764,0.702687,0.234295,0.113423, ,0.12611,0.091716,0.09166,0.14224, ,0.112027,0.135727,0.18752,0.167387,0.141947,0.204764,0.121273, ,0.065596,0.136392, ,0.289058,0.157803,0.147112, ,0.113548,0.668643,0.11194,0.070638,0.13108,0.530478,0.196701,0.334341,0.370029,0.324374,0.012502,0.28777,0.582987,0.297011,0.235017,0.43087, ,0.42795,0.082283, ,0.474389, ,0.008625, ,0.206875,0.175255,0.346005,0.328671,0.398751,0.531872,0.237678,0.05813, ,0.241827,0.065059,0.343623,0.421685,0.335182,0.31877,0.062912,0.293298,0.041621,0.086266,0.130989,0.352416,0.374069,0.43195,0.108291,0.162634,0.028617,0.192086,0.396371,0.201571,0.197849,0.199106,0.148262,0.148803,0.163082,0.250888,0.352659, ,0.297456,0.103364,0.119576,0.250133,0.229931,0.381927,0.048723,0.079244,0.117654, ,0.023193,0.278789,0.227632,0.257815,0.394301,0.019685,0.236929,0.101438,0.556804,0.194142, , ,0.501933,0.051031, ,0.084614, , ,0.23356,0.00396,0.103514, ,0.415969,0.365129,1.007355, , , ,0.479407,0.027927,0.696784,0.270795, ,0.293413,0.147353,0.152924,0.049442, , ,0.155483,0.08798,0.15302,0.199452,0.08511,0.018441, ,0.12969,0.073398,0.053378,0.043053,0.193275,0.394208,0.158119,0.525044, ,0.08727,1.196538,0.531155,0.199578,0.106521, ,0.142947, ,0.048894,0.015692,0.440588,0.018221,0.074054,0.050182,0.163275,0.137484, ,0.275255,0.009035,0.495341,0.316581,0.295791,0.397178,0.342501,0.120127,0.487655, ,0.748518, ,0.237138,0.285942, ,0.438826,0.008282,0.234731,0.076881,0.165967,0.465403,0.245724,0.131093,0.392365,0.186917,0.23634,0.208626,0.329713,0.324401,0.546581,0.349684,0.409165,0.069209,0.012055, ,0.146447,0.01502,0.201724,0.312029, ,0.305736,0.060839,0.280649,0.033893,0.037564,0.077733,0.03443,0.028412,0.032662,0.020833,0.020605,0.08729,0.038967,0.023673,0.131891,0.037073, ,0.021529,0.029702,0.747065,0.231837,0.113627,0.300928,0.458078,0.237894,0.526154,0.293124,0.118415,0.187747,0.006797, ,0.306227,0.353185,0.285315,0.356295,0.239095,0.321934,0.379684,0.143429,0.199224, ,0.028016, ,0.168167,0.157558, ,0.130968,0.122837,0.714481,0.020046,0.016348,1.437469,0.426854,0.273948,0.477542, , , ,2.372124,0.256527, , , ,0.229716,0.1653,0.174974,0.045272,0.056239,0.135612,0.137422,0.126055, ,0.139042,0.066411, , , , , ,0.270857,0.005225,0.087962,0.044559,0.087663,0.21644, ,0.070648, ,0.011295,0.051125,0.141985,0.029538,0.105111, , , , ,0.210304,0.092219,0.021379,0.018272,0.037038,0.014048, ,0.017386,0.021788,0.018872,0.023192,0.036488,0.238809, , ,0.012409,0.019325, ,0.162012,0.276779, ,0.132601,0.173462,0.778623, , ,0.097488,0.183694, ,0.2638,0.265463, ,0.104876,0.135504, ,0.190201, ,0.003226,0.201351, , , ,0.361471, , ,0.100173, ,0.444206, ,0.12947,0.270483,0.164973, ,0.362296, ,0.163662,0.436494,0.127779, ,0.219482,0.281518,0.422965,0.371156,0.005066,0.436885,0.387494,0.178603,0.0991, ,0.182161, ,0.034175,0.235692, ,0.182,0.306513, ,0.187645,0.195477,0.02877, ,0.216354,0.157608,0.393828,0.327577,0.029694,0.711014, , ,0.045129,0.460761,0.231418,0.650246, ,0.327628, ,0.336453,0.338629, , , ,0.15969,0.059014,0.004883,0.123718, ,0.174231, , ,0.1562, ,0.150478,0.145486, ,0.179314,0.06329, , ,0.187156,0.156215, , , ,0.106654, ,0.102446,0.296703, , ,0.466573, ,0.044607, , ,0.035536,0.03186, ,0.019831,0.005171,0.017793, , ,0.012526,0.025372,0.01163,0.053027,0.006256,0.021728, ,0.061786, ,0.046408, , ,0.225958,0.386963,0.112803,0.211391,0.289027, ,0.332436,0.54777,0.318871, ,0.122122,0.171402, ,0.209902,0.164552, ,0.147424,0.684721,0.487848, , , ,0.163843,0.394678,0.208979,0.177329, ,0.157072,0.190106,0.047919, , , ,0.074489,0.408306,0.323737,0.19408,0.146534,0.117354,0.256492,0.337253,0.384099,0.701135, ,0.345112,0.008881,0.290092,0.16335,0.25573,0.249729,0.370416, ,0.419656, , ,0.354431,0.043045,0.194826,0.319241, ,0.091887, ,0.227544,0.219615,0.188414,0.203625,0.020357, ,0.208484,0.221164,0.05868,0.260022
    Number of Spikes per Burst - Avg,7,8.416667, ,8.333333,15.653226,19.663212,9.225806, ,4,7.368421, ,6.333333,13.89916,11.769231,10.724138,11.555556, ,7.615385,6,9.37037, ,5,9.122222,7.48913,12.092896, , ,5,9.348485,7.984375,4.5, ,12.717949,10.309091,9.358209,15.929134, ,17.216931,24.388298,7.933333,10.774648,5.333333,11.271429,8.538462,11.39645,14.917582,9.596491,13.671053,9.314516,13.722826,6.441176,8.540541,6.777778,9.618182,5.846154,5.666667, ,11.172619,6.315789,10.694915,6.444444,9.15873,7.444444,6.945455,10.660194,16.692308, , ,13.019802,12.856,9.384615,13.693333,16.322581,13.798319,13.861111,15.363636, ,12.25,15.633588,10.096386,6.095238,13.097222, ,4.75, ,11.153846,30,8.236842,4.333333,4.5,10.151515,15.923077,8.571429,11.04878,11.445783,8.197674,12.555556,11.477273,12.776224,11.510417,6, ,11.857143,8.916667, , ,9.658228,4,9.678571,13.948718,9.548387,8.109091,6.985294,9.432,11.146154,7.75,6.533333,8.432099,8.045455,9.038835, ,16.18239,11.6,6.313725, ,5,6.666667,11.169118, ,11.018519,13,8.584615,11.8,10.214286,8.761905,5.428571,12.2625,9.638554,10.891667,8.561404,14.710983,13,11.105263,6.142857,8.707071,9.228571,11.423529,7,9.343284,9.62069, ,6, ,15.877419,10.5,8.264706,12.369231,12.616438,11.430233,5.352941,9.731092,10.727273,15.023622,6.40625,9.433333,10.433962, ,6.882353,5.5,7,9.407407,11.5,4.5, , ,7.645161,10.67,4,8.1,8.039474,11.5,5.872727,10.5,11.645833,8.611111,12.363636,12.022556,8.35,9.833333,8.833333,7.818182, ,5,6,7.058824,8.731343,9.035714,7.465116,8.5,5,6.666667, ,4.333333,7,9.884956, , ,7.269231,12,11.444444, ,11.5,10.111111,8.4,6.386364,7.342857,14.694444,9.666667,8.3,11.038462,11.442857,11.957143,8.565217,10.761905,10.465649,8.488889,12.33,9.432692,10.083333,12.324074,11.111111,10.373913,9.111111,9.330579, , ,6.811321,11.727273,14.444444,7.328767,11.044118, ,9.447619,7.857143,9.575221,9.989247, ,7.833333,10.404494,11.181818,12.178218,7.285714,8.125,10.628571, ,6.666667,12.416058, ,10.061224,17.884393,7.22, ,14.979058,7.4,15.964467,10.842105,11.96,7.695652,11.202128,10.15,11.566667,12,4.5,9.555556,12.818182,9.769231,9.847458,8.291667, ,8.52381,14.861272, ,10.05, ,6.25, ,11.254545,9.479452,23.527473,17.136364,16.684211,14.09375,13.73913,8.047619, ,8.377778,19.388889,15.040541,13.342105,16.46,12.349206,8.217391,21.839623,7.777778,10.044944,12.508065,11.897436,14.555556,10.173913,16.315385,10.897196,7.133333,8.403509,10.791667,9.180952,9.566667,10.641509,9,14.125,10.555556,11.038462,8.833333, ,11.153846,7.8,9.458333,9.2,9.451613,11.166667,7.6,8,16.131148, ,27,11.666667,9,11.346154,14.333333,7.121951,20.352941,11.794118,17.3,20.381679, , ,10.384615,13.584615, ,13.834711,6, ,20.55814,5,11.630769, ,11.404762,10.837838,30.444444, , , ,15,7.266667,20.208333,15.083333, ,11.545455,10.277778,10.318182,14.04908, , ,11.247423,19.308081,14.828571,10.619048,17.219388,4.705882, ,17.13,10.403361,10.02963,6.4,11.805556,7.615385,13.806061,13.666667, ,11.666667,15,14,9.735294,6.466667, ,13.915789,5,8,5.333333,8,5.857143,7.710145,8.71134,16.885714,5.666667, ,14.280303,4.333333,17.85,10.745902,9.433628,12.049383,11.45098,10.406977,16.511111, ,8.75, ,17.05303,14.051282, ,15.111111,5.333333,18.103704,7.87013,16.477612,7.392857,10.658228,7.302326,19.127273,10.697248,17.555556,9.846939,19.625,15.113636,21.967742,15.407407,15.238095,12.314286,5,10,6,7.25,16.296703,18.447059, ,15.967742,7.833333,14.806452,6.372093,11.789474,15.699115,13.538462,6.533333,8.297297,5.818182,6.285714,9.361111,10.865385,5.5,7.193548,9.356436, ,7.234568,10.724771,14.277778,9.375,7.518519,6.775862,19.73913,15.608696,16.219512,20.516129,13.228261,10.21875,5.125, ,17.795699,13.466667,18.236559,13.635294,10.95,10.155556,6.8,10.918919,7.557692, ,4.777778, ,13.46,15.155844, ,10.97973,14.090909,10.333333,6.673469,4.5,11.083333,12.573529,12.740741,7.571429, , , ,9.111111,13.451087, ,4, ,14.878049,11.571429,17.196078,5.6,9.323529,9.25,11.539683,10.2, ,5,41, , , ,5, ,10.186047,6.25,7.952381,8.422222,13.20438,10.2, ,8.87234,4,5.4,7.852941,11.22807,9.653846,9.115385, , , , ,9.636364,10.027027,9.640449,5,12.113475,5.857143, ,6.285714,9.969697,10.119048,11.102804,11.862069,7.416667, , ,9.926471,6.666667, ,41,14.852459, ,13.4125,9.911111,28.8, , ,8.564103,14.134328, ,13.72,9.2, ,7.25,10.092593,7,6.6, ,4.142857,11.647727, , , ,8.852941, , ,13.953704, ,10.444444, ,8.494624,17.419355,6.166667, ,15.008403, ,16.5,14.677778,14.356164, ,13.029703,14.582609,12.744898,8.525,4,10.385714,14.090909,16.567568,7.478261, ,13.729927, ,5.785714,13.71831, ,12.232,7.875, ,12.181102,12.567797,9.790323, ,12.897727,18.888235,11.686275,11.301887,6.363636,13.5, , ,7.428571,12.555556,13.098684,10.4, ,11.753623, ,9.6,10.089552, , ,5,10.616438,6.0625,5.2,15.109244, ,16.238095, , ,17.009615, ,10.47619,11.147727, ,8.113208,13.08, , ,9.324074,9.724138, , , ,11.441379,10,5,9.043478,5,4,7.642857, ,10.007634, ,9,12.940828,9.254386,6,8.333333,4.5,5.777778, , ,7.057471,6.2,6.166667,7.6875,4.333333,5.769231, ,7.179487, ,5, , ,11.626168,11.722222,6.8,14.26087,12.59375, ,12.36,21.636364,9.745763, ,19.463087,11.108696, ,12.412281,17.454545, ,17.517241,15.8,13.869565, , , ,16.051471,14.711111,9.620253,10.947368, ,6.684211,9.009174,6.837838, , , ,8.680412,9.047619,11.722222,12.46729,8.035714,17.050725,10.898305,9,9,18.7, ,9.384615,4.5,8.289474,15.748634,12.339806,11.495327,7.5, ,12.058824, , ,9.306122,10.813953,14.293233,10.147541, ,6.740741, ,13.081301,7.806452,8.758621,16.574074,8.021277, ,14.847134,9.885417,9.638889,14.3125
    Number of Spikes per Burst - Std,2.878492,3.981206, ,4,15.367606,16.73773,3.169749, ,0,1.770453, ,1.290994,8.226039,9.274946,5.391107,9.230526, ,2.743384,0,3.374331, , ,2.27753,1.579363,4.730902, , ,0,3.071625,2.541667,0.57735, ,10.746062,13.229978,5.48193,14.654855, ,16.922242,19.117796,6.734418,8.204872,0.57735,4.256015,6.185342,4.242948,15.730423,5.436226,10.960964,2.669816,5.067233,1.078472,3.746069,1.301708,4.331157,0.800641,0.707107, ,4.359582,1.108183,4.336112,1.050031,2.888356,2.185813,1.671307,16.832248,24.997949, , ,17.661246,15.839774,8.937253,21.3611,15.980958,15.834194,12.140023,28.623437, ,20.345404,16.075402,13.00339,3.935794,17.638689, ,0.957427, ,14.834264, ,3.140566,0.516398,0.707107,9.15533,24.928102,6.948792,15.951413,17.787535,5.755447,16.999039,10.181093,14.148816,16.930194, , ,11.90838,11.704376, , ,15.674482,0,10.369927,14.095433,14.181769,7.814215,4.569505,6.293027,9.004832,4.702419,3.16797,6.904597,3.456909,7.281352, ,17.845985,12.658033,1.954382, ,1.264911,2.081666,12.329162, ,8.693086,9.507891,3.38144,7.605047,6.979748,5.889862,1.397276,8.400724,4.935136,5.050661,5.612542,6.811221,10.780641,6.58886,1.214986,8.796164,8.349307,16.334579,2.156073,13.232824,12.719411, ,2.828427, ,16.397789,7.847859,6.702821,11.836835,11.026776,5.489114,1.538716,7.894106,17.047527,14.834251,1.433682,11.987589,13.492889, ,4.728667,2.12132,4.156047,10.340466,14.341083,0.707107, , ,4.71863,17.11993, ,4.817791,3.074371,3.535534,1.019342,5.819507,16.966207,11.342153,12.212638,18.941083,7.285711,13.296405,4.323999,3.429816, ,0.632456,1.414214,1.951621,3.06783,1.784871,1.894212,2.495066, ,1.644957, ,0.57735,3.316625,3.649247, , ,2.21373, ,13.748737, ,14.402381,16.72226,7.214184,1.528275,3.15243,20.238322,13.982673,7.406256,16.705642,14.705452,9.901597,2.590649,16.195384,11.071306,4.020528,15.74356,7.927786,12.325062,10.364235,13.921023,11.237048,5.809719,14.505395, , ,2.295955,14.007303,19.430074,3.197459,10.410726, ,10.978108,6.12178,7.833998,10.37817, ,9.413695,15.366521,11.516267,12.336447,5.64843,8.150797,13.061436, ,3.571222,9.17609, ,9.798827,11.069466,4.112152, ,11.690283,4.35562,15.708238,5.265442,10.244117,4.967483,10.620107,6.335157,11.394746,8.146388,0.707107,9.133531,16.726136,11.061599,9.26211,6.855522, ,8.721348,13.323059, ,14.005544, ,1.258306, ,15.512502,7.476091,30.312572,14.269316,17.819997,15.596442,10.964347,3.207859, ,3.311748,11.364321,12.885629,14.5663,26.695723,8.148142,5.178246,22.779747,3.929942,5.942738,10.449644,20.718406,31.434099,11.738252,15.372398,8.520712,1.71672,6.076476,8.187898,7.365174,10.798095,9.206818,6.072891,14.594488,6.63522,16.40605,7.359801, ,10.699269,3.349784,9.809013,4.086563,6.495325,11.403044,2.458545,4.281744,19.045182, ,9.899495,1.154701,1.414214,11.12835,14.974192,1.345272,19.978703,4.556224,24.019948,21.724661, , ,8.859241,5.425323, ,3.606353, , ,20.123023,0,3.72117, ,15.471547,11.568766,36.841251, , , ,29.818237,2.049951,33.280075,15.710003, ,9.205082,5.238595,4.061675,5.749722, , ,5.69362,10.479423,11.824108,6.67156,8.379941,0.685994, ,15.535115,3.930151,3.438024,1.140175,10.550762,6.11744,12.42779,12.503333, ,13.47317,9.899495,24.162643,13.403547,1.84649, ,12.501143, ,1.897367,2.309401,5.424811,0.662994,2.479928,3.353974,23.308406,1.5, ,23.084747,0.516398,32.480014,10.327338,6.930621,17.046921,14.759878,4.301512,26.791809, ,5.5, ,27.520517,14.772322, ,26.572561,1.224745,23.871632,3.142873,27.40389,4.613501,7.780459,2.948243,38.778122,10.844443,27.17705,4.99144,27.898783,26.488528,41.407313,29.032525,25.779373,7.303389,0.816497, ,1.285369,0.966546,16.866465,32.194907, ,17.347128,3.037856,10.44786,1.73237,4.320098,6.097255,4.592983,1.125463,2.200434,0.946787,1.212806,3.461277,4.615419,1.178511,1.740103,3.573749, ,1.518812,3.126563,19.544235,8.009635,2.19037,3.982607,30.805075,12.074819,32.904036,24.557657,8.667361,11.307247,0.353553, ,28.512224,18.113376,23.398903,25.528158,6.984431,8.785203,5.334524,6.68418,2.886163, ,0.833333, ,10.992145,13.668881, ,8.721285,14.974647,10.836666,2.831282,0.707107,11.595127,19.218551,14.674536,6.803361, , , ,8.268078,19.795617, , , ,20.243608,6.827814,22.205285,1.258306,5.049576,7.36546,13.117122,6.685806, ,1,8.485281, , , , , ,6.008945,0.5,8.800433,5.446322,10.960584,9.471008, ,3.733614, ,0.699206,2.487939,4.602086,3.698885,5.547857, , , , ,9.330303,5.738533,3.484535,1.414214,4.690556,1.062342, ,1.889822,3.208581,1.990249,4.206766,7.410052,3.063341, , ,3.077682,2.786522, ,0,29.099734, ,7.551836,5.445634,30.392433, , ,4.588494,15.705366, ,13.187381,11.06958, ,3.143498,8.164046, ,2.319004, ,0.377964,16.563386, , , ,14.77125, , ,15.724488, ,17.889275, ,5.527842,28.110148,2.036433, ,18.18525, ,7.234178,19.743767,6.73789, ,8.082642,16.155485,19.520178,6.637066,0,12.575906,16.016359,14.93713,3.637698, ,11.319883, ,1.368805,11.203549, ,11.395483,3.830964, ,14.628965,9.498069,4.446908, ,13.1639,18.09457,16.410351,12.40283,1.629278,12.834416, , ,1.618347,15.625672,15.345798,7.613897, ,10.921385, ,4.874989,11.140605, , , ,12.95251,1.236595,0.447214,11.999145, ,15.19027, , ,17.251703, ,8.789302,7.28333, ,7.941276,14.15187, , ,10.609314,16.667852, , , ,13.920846, ,1.414214,15.453092, , ,6.732323, ,2.883631, , ,3.93958,2.572184, ,3.082207,0.83666,1.922094, , ,1.314997,1.43637,0.983192,2.341663,0.516398,1.242826, ,2.426518, ,1.224745, , ,10.890989,9.796825,2.04939,10.980914,16.604378, ,14.219504,27.51099,9.380084, ,21.282693,13.911381, ,18.1429,23.025928, ,22.736138,10.802777,13.922854, , , ,23.980338,22.069747,10.622067,8.30166, ,3.528497,6.767974,1.878438, , , ,4.489679,11.302549,20.23944,21.064733,5.203148,20.444449,13.245292,3.952847,6,27.088538, ,8.208446,0.707107,5.882892,15.117931,14.413061,15.044195,2.081666, ,15.585427, , ,11.004174,3.799193,9.266085,5.516146, ,1.81007, ,13.506279,3.463338,3.611885,15.930285,2.409125, ,17.837287,6.813099,3.689001,15.862775
    Mean ISI within Burst - Avg (sec),0.025607,0.011024, ,0.021392,0.008088,0.004758,0.011146, ,0.00884,0.01132, ,0.011622,0.008553,0.015811,0.015369,0.015721, ,0.00925,0.010576,0.006446, ,0.00756,0.005802,0.006354,0.004937, , ,0.00824,0.006066,0.008118,0.006017, ,0.01034,0.008788,0.010347,0.007365, ,0.004864,0.003757,0.009096,0.009716,0.009393,0.007881,0.008919,0.005004,0.005769,0.005912,0.006548,0.007225,0.004983,0.007833,0.011459,0.013242,0.007646,0.00577,0.006984, ,0.005307,0.011807,0.013253,0.008177,0.006632,0.013079,0.006846,0.005945,0.017608, , ,0.005266,0.004543,0.009613,0.006262,0.00477,0.0047,0.007641,0.00875, ,0.009971,0.004298,0.007266,0.009545,0.005844, ,0.011275, ,0.011143,0.014185,0.006883,0.00508,0.011003,0.013685,0.008535,0.027224,0.009778,0.007865,0.007526,0.011932,0.008464,0.005091,0.004472,0.06536, ,0.015406,0.008427, , ,0.004604,0.00476,0.004512,0.004293,0.006246,0.005904,0.006941,0.004427,0.005112,0.007418,0.005503,0.005424,0.007149,0.006155, ,0.003827,0.004772,0.007552, ,0.007616,0.010649,0.00538, ,0.005806,0.022644,0.008911,0.006595,0.01075,0.012095,0.018412,0.005724,0.006614,0.006252,0.009121,0.005025,0.025789,0.006666,0.017368,0.005416,0.005482,0.004947,0.007948,0.005422,0.006083, ,0.03235, ,0.003929,0.008114,0.011319,0.0049,0.005243,0.005791,0.006207,0.005077,0.009213,0.004297,0.006484,0.00713,0.006691, ,0.010294,0.03802,0.011847,0.00547,0.014291,0.008987, , ,0.006085,0.005631,0.018027,0.018898,0.006021,0.070984,0.005898,0.011557,0.006174,0.007784,0.004587,0.004964,0.007751,0.005232,0.008779,0.012382, ,0.007958,0.01779,0.009949,0.005773,0.005981,0.005387,0.006727,0.01654,0.007602, ,0.010807,0.008763,0.005848, , ,0.005672,0.013636,0.015791, ,0.012661,0.010124,0.014251,0.006434,0.01207,0.009939,0.008556,0.007141,0.007317,0.008744,0.00811,0.00972,0.008854,0.005377,0.006471,0.0054,0.00649,0.010488,0.004755,0.010335,0.005845,0.006358,0.005063, , ,0.005999,0.011468,0.017084,0.007209,0.004113, ,0.004649,0.00703,0.005233,0.004519, ,0.006052,0.004388,0.008853,0.006656,0.010036,0.008471,0.004976, ,0.00596,0.005418, ,0.008828,0.0064,0.006374, ,0.00448,0.019973,0.003905,0.00512,0.005386,0.014215,0.00549,0.018947,0.010714,0.024386,0.009397,0.006454,0.014707,0.009528,0.00748,0.01161, ,0.009311,0.004787, ,0.009755, ,0.013328, ,0.007499,0.006595,0.005861,0.006852,0.008597,0.014187,0.006459,0.006559, ,0.012486,0.004414,0.007038,0.01199,0.005705,0.009189,0.009122,0.004784,0.009772,0.007704,0.005203,0.008386,0.013421,0.010031,0.004447,0.005984,0.007531,0.00724,0.018998,0.006684,0.008548,0.005658,0.008929,0.00486,0.014642,0.007257,0.013926, ,0.014389,0.009354,0.006252,0.015766,0.010077,0.012598,0.009538,0.008739,0.005209, ,0.028257,0.037808,0.024488,0.006736,0.010617,0.008073,0.006813,0.008765,0.016001,0.00514, , ,0.011759,0.009611, ,0.00849,0.010208, ,0.006147,0.00486,0.006863, ,0.011209,0.007221,0.015311, , , ,0.007015,0.011765,0.010143,0.004963, ,0.007517,0.008986,0.007908,0.004872, , ,0.007384,0.00412,0.006011,0.006858,0.004647,0.007125, ,0.004042,0.005613,0.005051,0.019197,0.006193,0.013814,0.005085,0.031794, ,0.005867,0.052145,0.010049,0.008845,0.011161, ,0.004952,0.00606,0.00639,0.006761,0.014669,0.006317,0.007779,0.006439,0.003873,0.01387, ,0.004492,0.007187,0.007673,0.005478,0.006331,0.006626,0.005906,0.005924,0.007652, ,0.054647, ,0.004768,0.005497, ,0.007071,0.005924,0.00393,0.006647,0.003881,0.01367,0.006409,0.008778,0.006255,0.005375,0.003831,0.005827,0.004655,0.006332,0.008883,0.00811,0.008672,0.008502,0.008121,0.139884,0.01234,0.006984,0.005448,0.005296, ,0.00567,0.006727,0.005785,0.007322,0.005014,0.004937,0.004198,0.013728,0.007187,0.007298,0.008766,0.007952,0.006008,0.007868,0.01366,0.006502, ,0.006933,0.005611,0.011678,0.008423,0.007413,0.008611,0.00567,0.004495,0.00714,0.003662,0.004501,0.008253,0.010493, ,0.004962,0.004467,0.004008,0.005204,0.006329,0.008981,0.009341,0.006203,0.006626, ,0.008084, ,0.004218,0.004118, ,0.005008,0.003803,0.015164,0.005107,0.006647,0.022652,0.008239,0.005225,0.013152, , , ,0.032788,0.004343, ,0.007013, ,0.004237,0.021996,0.003803,0.006481,0.007305,0.011989,0.006815,0.014799, ,0.026007,0.024933, , , ,0.0077, ,0.012048,0.012805,0.007365,0.005196,0.004101,0.012407, ,0.00724,0.010667,0.009911,0.008235,0.009455,0.005816,0.005602, , , , ,0.007078,0.006028,0.004639,0.008835,0.004343,0.006205, ,0.009256,0.004597,0.004637,0.004484,0.00736,0.011941, , ,0.003929,0.006538, ,0.03605,0.008792, ,0.00965,0.008187,0.017164, , ,0.006137,0.006654, ,0.005393,0.0066, ,0.008674,0.007268,0.078227,0.027265, ,0.005478,0.006023, , , ,0.007729, , ,0.004104, ,0.009341, ,0.005818,0.004558,0.011118, ,0.004706, ,0.017845,0.006569,0.005802, ,0.004397,0.005051,0.006446,0.011385,0.006676,0.007627,0.005537,0.005474,0.007902, ,0.006352, ,0.007107,0.007931, ,0.006062,0.011111, ,0.006177,0.007767,0.006018, ,0.006941,0.004161,0.009237,0.007937,0.010761,0.022178, , ,0.012212,0.010497,0.005587,0.024795, ,0.0089, ,0.014862,0.007832, , ,0.00916,0.006803,0.008505,0.005081,0.007098, ,0.006561, , ,0.007484, ,0.006883,0.007799, ,0.005124,0.004031, , ,0.005254,0.004275, , , ,0.005604,0.046338,0.020397,0.005162,0.0123,0.003413,0.011586, ,0.005599, ,0.00901,0.004228,0.005208,0.008352,0.005656,0.004607,0.007276, , ,0.004937,0.006259,0.005766,0.006831,0.004547,0.00613, ,0.005956, ,0.013935, , ,0.005339,0.01066,0.018574,0.004462,0.006807, ,0.00636,0.011069,0.007255, ,0.003331,0.00647, ,0.005247,0.004125, ,0.004257,0.039279,0.012921, , , ,0.004645,0.009209,0.006004,0.00553, ,0.008533,0.005617,0.006762, , , ,0.005025,0.008328,0.005703,0.004739,0.008225,0.003605,0.008136,0.01899,0.022357,0.019936, ,0.009212,0.005023,0.007973,0.00518,0.007241,0.006904,0.038117, ,0.010791, , ,0.007059,0.005088,0.006124,0.010303, ,0.008429, ,0.0058,0.009205,0.006885,0.004445,0.006029, ,0.005024,0.007221,0.011156,0.005833
    Mean ISI within Burst - Std (sec),0.028502,0.015285, ,0.02553,0.002991,0.001618,0.003726, ,0.002093,0.00585, ,0.008477,0.004178,0.009959,0.0202,0.013783, ,0.005353,0.001131,0.002795, , ,0.004459,0.003295,0.001849, , ,0.002121,0.003044,0.006071,0.002653, ,0.004077,0.003804,0.012522,0.002046, ,0.002024,0.000811,0.005189,0.004054,0.000703,0.00319,0.005365,0.002118,0.002486,0.003031,0.002638,0.003786,0.001987,0.00396,0.006957,0.007476,0.002302,0.001329,0.002349, ,0.002476,0.006195,0.008076,0.006379,0.003378,0.004976,0.003428,0.004221,0.007732, , ,0.002507,0.002172,0.007812,0.003519,0.002356,0.002289,0.004518,0.006089, ,0.007767,0.001812,0.005177,0.014685,0.002312, ,0.010815, ,0.010572, ,0.00528,0.000711,0.001947,0.015372,0.007857,0.038581,0.009977,0.0058,0.010005,0.00635,0.004247,0.0022,0.001626, , ,0.00854,0.007966, , ,0.001463,0.001075,0.001933,0.001775,0.002879,0.002476,0.009303,0.002958,0.002287,0.003859,0.00498,0.002914,0.001164,0.003469, ,0.001201,0.001946,0.010553, ,0.002801,0.008456,0.003039, ,0.003416,0.021876,0.011781,0.002596,0.009102,0.016433,0.012209,0.002239,0.005691,0.003988,0.008487,0.002284,0.0196,0.003654,0.023068,0.003121,0.001106,0.002301,0.00937,0.003292,0.004615, ,0.029874, ,0.000963,0.004685,0.014363,0.001905,0.002514,0.003144,0.003725,0.00193,0.006705,0.001207,0.001926,0.003633,0.002771, ,0.012713,0.044189,0.00558,0.002422,0.017893,0.004601, , ,0.002842,0.002449, ,0.015449,0.002397,0.002497,0.003227,0.00821,0.002424,0.007472,0.00213,0.001604,0.002725,0.003205,0.002772,0.009681, ,0.001759,0.012968,0.003587,0.001767,0.002034,0.002307,0.002144, ,0.001942, ,0.006564,0.000862,0.00243, , ,0.001689, ,0.01011, ,0.00306,0.004353,0.003364,0.002773,0.013714,0.007803,0.007857,0.002719,0.001569,0.003489,0.003063,0.001524,0.003037,0.004688,0.003671,0.003101,0.004414,0.01458,0.00266,0.005658,0.003093,0.00634,0.002466, , ,0.001863,0.007146,0.017464,0.010454,0.002052, ,0.0015,0.003162,0.002796,0.001694, ,0.003486,0.001401,0.004766,0.003349,0.006375,0.005751,0.002275, ,0.003219,0.003505, ,0.007597,0.002613,0.004337, ,0.001922,0.03779,0.001415,0.002919,0.003031,0.022618,0.003769,0.012933,0.008675,0.014065,0.001673,0.004002,0.007848,0.004877,0.004372,0.009975, ,0.008482,0.002053, ,0.005674, ,0.004236, ,0.005095,0.003747,0.003784,0.005822,0.006187,0.014328,0.00471,0.006001, ,0.015458,0.001125,0.007759,0.012114,0.002614,0.008311,0.002051,0.00323,0.003414,0.003706,0.002711,0.004704,0.006719,0.005758,0.001447,0.002999,0.003208,0.004959,0.012267,0.004107,0.004419,0.003348,0.003171,0.002174,0.005134,0.004506,0.01647, ,0.0097,0.005986,0.00389,0.016277,0.009245,0.00967,0.003462,0.005586,0.002028, ,0.009867,0.02905,0.024125,0.004171,0.007106,0.002581,0.002241,0.004146,0.013876,0.00197, , ,0.014578,0.002879, ,0.005061, , ,0.003148,0.00099,0.004808, ,0.007341,0.005132,0.009631, , , ,0.005397,0.002697,0.007075,0.002596, ,0.006334,0.004458,0.007172,0.002439, , ,0.005523,0.00159,0.002906,0.005135,0.002005,0.003486, ,0.001655,0.003407,0.002608,0.007584,0.003762,0.015292,0.002631,0.011387, ,0.002574,0.048595,0.006861,0.001776,0.008992, ,0.002018, ,0.00424,0.001577,0.020345,0.002676,0.005565,0.002501,0.000861,0.016044, ,0.001486,0.001976,0.004155,0.004138,0.005117,0.003531,0.003195,0.003913,0.003366, ,0.058615, ,0.001035,0.002572, ,0.003101,0.000791,0.001089,0.00341,0.000721,0.025153,0.004978,0.008271,0.002697,0.002437,0.000979,0.006443,0.001797,0.001899,0.003199,0.003477,0.002674,0.001896,0.002303, ,0.013723,0.002147,0.001793,0.001508, ,0.00293,0.002943,0.00428,0.003826,0.001683,0.001717,0.001087,0.003389,0.003472,0.003089,0.002625,0.004399,0.001832,0.002927,0.010206,0.002319, ,0.002426,0.00142,0.011407,0.00526,0.007777,0.012969,0.002771,0.002743,0.00299,0.001488,0.001681,0.003666,0.001092, ,0.001919,0.002795,0.001657,0.002338,0.005727,0.010303,0.014017,0.003033,0.007549, ,0.005023, ,0.002022,0.001316, ,0.00253,0.001243,0.02623,0.001172,0.003328,0.046147,0.005448,0.002648,0.01999, , , ,0.077185,0.002063, , , ,0.001635,0.006321,0.001245,0.005072,0.002046,0.005402,0.003048,0.004352, ,0.026459,0.003629, , , , , ,0.008072,0.001122,0.002657,0.002546,0.001619,0.005214, ,0.003865, ,0.002135,0.004806,0.006488,0.002443,0.002808, , , , ,0.00453,0.00335,0.001824,0.001444,0.001734,0.002142, ,0.001994,0.001981,0.001514,0.001724,0.001602,0.015714, , ,0.001125,0.001744, ,0.00405,0.003618, ,0.002735,0.005366,0.00775, , ,0.003225,0.003625, ,0.002445,0.004213, ,0.006144,0.002146, ,0.013184, ,0.000404,0.001337, , , ,0.003709, , ,0.0011, ,0.004452, ,0.002727,0.001853,0.014739, ,0.002755, ,0.002649,0.004318,0.003581, ,0.002992,0.002727,0.003366,0.01361,0.001689,0.007653,0.003904,0.002525,0.004067, ,0.003933, ,0.004182,0.005481, ,0.002914,0.012612, ,0.003878,0.003891,0.001845, ,0.003454,0.001425,0.006045,0.006394,0.004599,0.016144, , ,0.004128,0.00668,0.00256,0.02111, ,0.004968, ,0.01338,0.006114, , , ,0.005541,0.007527,0.001369,0.004468, ,0.003628, , ,0.0046, ,0.004441,0.005873, ,0.003149,0.001839, , ,0.003042,0.001482, , , ,0.003074, ,0.0184,0.003517, , ,0.014688, ,0.003565, , ,0.001732,0.002701, ,0.001205,0.000584,0.002695, , ,0.001605,0.002954,0.001561,0.003815,0.001471,0.003623, ,0.005285, ,0.007159, , ,0.002937,0.007683,0.011773,0.002776,0.003496, ,0.004295,0.007041,0.005693, ,0.000667,0.002673, ,0.002324,0.001108, ,0.001232,0.029993,0.009374, , , ,0.001512,0.004195,0.004833,0.003415, ,0.009365,0.003705,0.00571, , , ,0.003258,0.008493,0.002794,0.002673,0.004759,0.000997,0.004571,0.017176,0.017406,0.019715, ,0.007995,0.001523,0.008115,0.001644,0.004156,0.003336,0.038029, ,0.007435, , ,0.006629,0.002541,0.003367,0.012064, ,0.008296, ,0.00337,0.012085,0.007925,0.001769,0.002218, ,0.001997,0.009036,0.003533,0.003439
    Median ISI within Burst - Avg (sec),0.020955,0.006329, ,0.012351,0.005145,0.003276,0.009101, ,0.008,0.008387, ,0.009272,0.005846,0.011992,0.009982,0.011169, ,0.006891,0.0086,0.005087, ,0.00572,0.003998,0.005062,0.003858, , ,0.0065,0.004593,0.006145,0.00512, ,0.008528,0.007481,0.008623,0.006295, ,0.003535,0.003005,0.007912,0.008255,0.009173,0.006241,0.007695,0.003812,0.004465,0.004684,0.004863,0.00542,0.003797,0.006775,0.008179,0.008973,0.006053,0.004975,0.006484, ,0.003834,0.00888,0.009866,0.005661,0.005249,0.01124,0.005423,0.004539,0.013585, , ,0.003656,0.003378,0.007486,0.00414,0.003422,0.003474,0.005876,0.005794, ,0.00742,0.003147,0.005003,0.00696,0.00459, ,0.01131, ,0.009214,0.01096,0.005792,0.00482,0.00986,0.009442,0.005994,0.015314,0.007656,0.006089,0.004928,0.008544,0.006249,0.003853,0.003558,0.07688, ,0.011394,0.005707, , ,0.00371,0.00444,0.003606,0.003301,0.005297,0.00502,0.004568,0.00351,0.004128,0.006018,0.004492,0.004401,0.005631,0.005096, ,0.00306,0.003799,0.004489, ,0.00512,0.009507,0.004051, ,0.004088,0.014727,0.005339,0.005207,0.007103,0.006149,0.016011,0.004073,0.004424,0.004659,0.006354,0.003608,0.013808,0.005553,0.00928,0.004545,0.005101,0.003811,0.005209,0.00432,0.004681, ,0.01928, ,0.003312,0.006117,0.007138,0.003905,0.004258,0.00443,0.005158,0.004315,0.008098,0.003485,0.005621,0.005833,0.005381, ,0.006485,0.03456,0.00946,0.004471,0.01074,0.00702, , ,0.00503,0.004605,0.01408,0.01212,0.005041,0.04842,0.005191,0.009197,0.005093,0.00609,0.003813,0.003928,0.006438,0.003895,0.008007,0.008851, ,0.007193,0.01074,0.008859,0.0047,0.004877,0.004694,0.005529,0.01532,0.007056, ,0.006227,0.00792,0.004749, , ,0.005204,0.01304,0.012084, ,0.01221,0.008744,0.012456,0.005558,0.008608,0.007949,0.0072,0.006766,0.006998,0.007365,0.006429,0.009224,0.008059,0.004213,0.005284,0.004315,0.005144,0.006666,0.003571,0.008881,0.004829,0.004692,0.004248, , ,0.005329,0.008882,0.009524,0.005062,0.00317, ,0.003643,0.006263,0.003981,0.003654, ,0.005238,0.003664,0.006082,0.004804,0.008131,0.005349,0.003878, ,0.005202,0.003724, ,0.005913,0.004324,0.005234, ,0.003334,0.007931,0.00309,0.003872,0.003704,0.010139,0.004075,0.011476,0.007443,0.01539,0.00614,0.004443,0.010593,0.0074,0.005599,0.00795, ,0.006587,0.003563, ,0.008084, ,0.01163, ,0.006114,0.005243,0.004169,0.00473,0.006245,0.009521,0.00449,0.00518, ,0.007578,0.003389,0.004433,0.007041,0.004373,0.006727,0.007923,0.003437,0.008084,0.005788,0.00399,0.006872,0.009545,0.007946,0.003328,0.004624,0.006408,0.005588,0.010953,0.005259,0.006476,0.004159,0.007755,0.003661,0.012913,0.005575,0.01042, ,0.008492,0.00741,0.004265,0.00796,0.007639,0.008044,0.00814,0.007,0.003193, ,0.01764,0.022133,0.01872,0.005096,0.007898,0.006829,0.005164,0.006308,0.008852,0.003666, , ,0.008745,0.008267, ,0.006254,0.00664, ,0.004337,0.00468,0.005287, ,0.009131,0.005849,0.011676, , , ,0.00517,0.010257,0.007832,0.003754, ,0.005122,0.007303,0.005649,0.003681, , ,0.00501,0.003017,0.004016,0.004492,0.003254,0.006386, ,0.003003,0.004052,0.003703,0.019144,0.00405,0.007972,0.003563,0.01948, ,0.004156,0.02064,0.006452,0.007708,0.008077, ,0.003677,0.00384,0.004942,0.00584,0.008985,0.005206,0.005937,0.005271,0.003141,0.007204, ,0.003625,0.006673,0.006391,0.004397,0.004839,0.005395,0.004806,0.004587,0.00652, ,0.03925, ,0.004147,0.00475, ,0.00626,0.004956,0.003269,0.005567,0.003221,0.009034,0.004822,0.006785,0.005357,0.004326,0.003199,0.004399,0.003917,0.004924,0.007182,0.006629,0.00749,0.007055,0.006575,0.08736,0.009262,0.005944,0.004308,0.00458, ,0.004275,0.005347,0.004246,0.005566,0.003795,0.003885,0.00333,0.012373,0.005991,0.006325,0.008026,0.006302,0.004762,0.007004,0.011377,0.005342, ,0.006122,0.004673,0.008289,0.006871,0.00597,0.006017,0.00468,0.003467,0.005635,0.003038,0.003538,0.007146,0.010515, ,0.003782,0.003687,0.00324,0.004152,0.004977,0.006029,0.008016,0.004901,0.005861, ,0.007662, ,0.003464,0.003435, ,0.004098,0.003092,0.008059,0.004668,0.00484,0.00883,0.005738,0.004077,0.010874, , , ,0.00924,0.003283, ,0.00672, ,0.003282,0.015109,0.003038,0.005526,0.006565,0.00946,0.005323,0.013152, ,0.019173,0.02284, , , ,0.00732, ,0.009055,0.01112,0.006598,0.004068,0.003232,0.010488, ,0.00566,0.01152,0.009092,0.006445,0.007487,0.004689,0.00465, , , , ,0.005505,0.004542,0.003933,0.00872,0.003172,0.005516, ,0.009103,0.003678,0.003688,0.003574,0.006102,0.006545, , ,0.003451,0.006433, ,0.02894,0.006986, ,0.008013,0.005903,0.012504, , ,0.005093,0.00487, ,0.004606,0.004884, ,0.006726,0.00677,0.0452,0.019296, ,0.004971,0.00497, , , ,0.006409, , ,0.003389, ,0.008387, ,0.004886,0.003786,0.005693, ,0.003665, ,0.01547,0.0049,0.004271, ,0.003427,0.003867,0.005139,0.006265,0.006987,0.005554,0.004212,0.004299,0.006491, ,0.004545, ,0.005417,0.006094, ,0.004522,0.007391, ,0.004718,0.006054,0.004747, ,0.005561,0.003243,0.006613,0.006025,0.010687,0.014432, , ,0.008954,0.007258,0.004079,0.015955, ,0.006976, ,0.010963,0.005108, , ,0.00844,0.004389,0.006103,0.004384,0.004347, ,0.003711, , ,0.00448, ,0.0043,0.004845, ,0.00401,0.003139, , ,0.003939,0.003443, , , ,0.003662,0.02536,0.01788,0.004503,0.0116,0.00264,0.00878, ,0.003976, ,0.00804,0.003237,0.003882,0.00704,0.005244,0.003647,0.005764, , ,0.004311,0.005902,0.004847,0.005288,0.004073,0.005574, ,0.005108, ,0.011816, , ,0.004245,0.008767,0.0142,0.003465,0.005605, ,0.005214,0.007044,0.005473, ,0.002854,0.00486, ,0.003938,0.003327, ,0.003354,0.019072,0.009541, , , ,0.003363,0.007303,0.004583,0.004145, ,0.006619,0.004395,0.004982, , , ,0.003843,0.00685,0.004849,0.00382,0.006901,0.002961,0.006776,0.011282,0.011135,0.012744, ,0.006241,0.00444,0.006007,0.004285,0.005499,0.005423,0.02169, ,0.007753, , ,0.004971,0.003865,0.004714,0.007586, ,0.006299, ,0.004293,0.005715,0.005053,0.003415,0.005155, ,0.003866,0.005015,0.010497,0.004191
    Median ISI within Burst - Std (sec),0.02443,0.004354, ,0.012287,0.001587,0.000434,0.002676, ,0.001358,0.002384, ,0.005365,0.001998,0.00515,0.007878,0.006294, ,0.002923,0.000622,0.001563, , ,0.001346,0.002053,0.001284, , ,0.001047,0.001641,0.002802,0.002065, ,0.003789,0.003377,0.010995,0.001782, ,0.000938,0.000311,0.003968,0.002729,0.000167,0.002455,0.004453,0.001052,0.001833,0.001916,0.001667,0.001753,0.001062,0.003168,0.003989,0.003741,0.001859,0.001368,0.002167, ,0.001231,0.003734,0.004924,0.00254,0.001986,0.00445,0.002063,0.003078,0.005215, , ,0.000852,0.000733,0.00543,0.001197,0.000774,0.000954,0.002154,0.002888, ,0.004197,0.000539,0.002242,0.00522,0.001755, ,0.010348, ,0.007642, ,0.001866,0.000425,0.003083,0.007024,0.003475,0.019451,0.006806,0.002954,0.003919,0.003932,0.002691,0.001491,0.00126, , ,0.004689,0.002351, , ,0.000988,0.000849,0.001028,0.000717,0.002171,0.001413,0.003029,0.001229,0.001346,0.002569,0.002045,0.001513,0.001241,0.001806, ,0.000432,0.000997,0.001963, ,0.000893,0.006685,0.001151, ,0.001075,0.012291,0.002417,0.00179,0.002616,0.003083,0.011685,0.001099,0.001942,0.00135,0.002785,0.001024,0.007785,0.001534,0.004621,0.001912,0.001386,0.000878,0.002451,0.001638,0.002329, ,0.012671, ,0.000685,0.002159,0.003756,0.00127,0.002019,0.001861,0.003422,0.001371,0.005265,0.000777,0.002206,0.001734,0.002257, ,0.003657,0.037222,0.003703,0.001558,0.011148,0.004497, , ,0.002735,0.001385, ,0.007979,0.001438,0.014566,0.001379,0.003251,0.001441,0.0038,0.001363,0.00127,0.001469,0.001223,0.00215,0.003764, ,0.002025,0.002574,0.003503,0.001619,0.001426,0.001813,0.001839, ,0.002277, ,0.000424,0.000776,0.002104, , ,0.001111, ,0.005152, ,0.003419,0.003939,0.00382,0.002661,0.004611,0.003459,0.005822,0.002708,0.001688,0.002804,0.002888,0.001916,0.002891,0.001533,0.002078,0.001243,0.002294,0.004315,0.001024,0.003908,0.002028,0.002726,0.001252, , ,0.001714,0.003185,0.006398,0.001352,0.000619, ,0.000899,0.002448,0.001532,0.000927, ,0.00319,0.001011,0.002849,0.001873,0.004689,0.002788,0.001582, ,0.002557,0.001251, ,0.002971,0.001481,0.002, ,0.000716,0.013098,0.000462,0.001161,0.001236,0.012866,0.001364,0.005817,0.004337,0.008055,0.004045,0.001805,0.003448,0.001871,0.002477,0.003229, ,0.003319,0.001032, ,0.002571, ,0.005841, ,0.002275,0.001733,0.001703,0.002156,0.003475,0.007161,0.001941,0.00294, ,0.005403,0.000729,0.002175,0.003423,0.001643,0.003553,0.001694,0.000978,0.003524,0.002476,0.001434,0.003087,0.004113,0.003925,0.000703,0.001659,0.002998,0.003006,0.004986,0.002121,0.002131,0.001695,0.001748,0.000936,0.004385,0.002903,0.010709, ,0.004697,0.004734,0.001284,0.004266,0.00368,0.004335,0.001711,0.003244,0.000455, ,0.006279,0.006267,0.017084,0.001762,0.003963,0.001946,0.001471,0.00259,0.003549,0.001011, , ,0.009426,0.003148, ,0.002983, , ,0.001759,0.001131,0.002717, ,0.003957,0.002941,0.006219, , , ,0.002197,0.002859,0.003646,0.001324, ,0.002816,0.002953,0.00255,0.001129, , ,0.002198,0.000347,0.00125,0.001841,0.000513,0.00301, ,0.000344,0.001677,0.001158,0.009547,0.00164,0.00267,0.001049,0.002019, ,0.001212,0.006901,0.003478,0.002161,0.00383, ,0.000813, ,0.002083,0.002881,0.004936,0.00162,0.002498,0.001591,0.000388,0.002429, ,0.001034,0.001525,0.002818,0.001828,0.002351,0.002609,0.002169,0.001539,0.002658, ,0.041558, ,0.000974,0.001779, ,0.002724,0.000911,0.000541,0.001909,0.000477,0.012031,0.002047,0.00545,0.002343,0.001435,0.000695,0.002385,0.001376,0.001503,0.002363,0.002615,0.002461,0.001727,0.001821, ,0.002343,0.001479,0.001397,0.001128, ,0.001731,0.002069,0.001544,0.002084,0.000989,0.000766,0.000485,0.002597,0.003151,0.001431,0.00247,0.001986,0.001651,0.002871,0.003389,0.001843, ,0.002335,0.001177,0.006862,0.003009,0.00525,0.005288,0.001719,0.001356,0.002429,0.000672,0.000873,0.002812,0.001042, ,0.001258,0.002062,0.000675,0.001747,0.001987,0.003662,0.011149,0.002177,0.004355, ,0.004945, ,0.000908,0.000869, ,0.001686,0.00055,0.005316,0.001445,0.00017,0.00757,0.002345,0.001449,0.015973, , , ,0.00825,0.000702, , , ,0.000714,0.003952,0.000388,0.00292,0.001989,0.002924,0.002041,0.002235, ,0.02332,0.00413, , , , , ,0.005888,0.001208,0.002206,0.000995,0.000727,0.001816, ,0.002006, ,0.001851,0.002926,0.004303,0.001616,0.001759, , , , ,0.002356,0.001886,0.001696,0.000453,0.000585,0.002245, ,0.002183,0.001144,0.000861,0.000935,0.001463,0.003275, , ,0.001061,0.001821, ,0.001499,0.002575, ,0.001692,0.002595,0.006038, , ,0.001608,0.001767, ,0.00199,0.002094, ,0.002699,0.001883, ,0.006367, ,0.000385,0.001215, , , ,0.002815, , ,0.000734, ,0.002744, ,0.002044,0.001623,0.002293, ,0.001341, ,0.002786,0.002309,0.001177, ,0.001197,0.001282,0.002105,0.003611,0.00256,0.003512,0.001555,0.00133,0.002509, ,0.00192, ,0.001635,0.004202, ,0.001617,0.004319, ,0.002493,0.002719,0.00139, ,0.001745,0.000617,0.002734,0.003025,0.004759,0.006359, , ,0.001262,0.004066,0.001254,0.010478, ,0.002666, ,0.004945,0.00239, , , ,0.001836,0.005191,0.001292,0.001688, ,0.001278, , ,0.001911, ,0.001807,0.002304, ,0.001329,0.000746, , ,0.001519,0.000598, , , ,0.001139, ,0.012728,0.002478, , ,0.008058, ,0.001656, , ,0.000678,0.001491, ,0.001051,0.000784,0.00206, , ,0.001325,0.003009,0.001322,0.002021,0.001164,0.004027, ,0.003643, ,0.00645, , ,0.001802,0.005085,0.006053,0.001021,0.002588, ,0.003085,0.003655,0.002276, ,0.00021,0.001817, ,0.001131,0.000669, ,0.000522,0.010977,0.004708, , , ,0.000713,0.003442,0.002228,0.001657, ,0.004282,0.001765,0.002217, , , ,0.001616,0.005905,0.002388,0.001605,0.003011,0.000249,0.003402,0.005944,0.003621,0.007637, ,0.004112,0.000735,0.004011,0.000966,0.002661,0.001779,0.013667, ,0.004247, , ,0.003253,0.001257,0.001904,0.006845, ,0.003109, ,0.001763,0.00429,0.003121,0.000821,0.002302, ,0.001112,0.004324,0.003518,0.001511
    Median/Mean ISI within Burst,0.793068,0.786352, ,0.708798,0.678494,0.744007,0.837352, ,0.949781,0.811192, ,0.859002,0.743104,0.844131,0.849625,0.824207, ,0.804797,0.814676,0.831707, ,0.756614,0.795689,0.844255,0.803684, , ,0.798963,0.810468,0.863352,0.867993, ,0.827482,0.85967,0.849797,0.859714, ,0.776422,0.816322,0.892635,0.874622,0.979446,0.818523,0.875762,0.808182,0.800051,0.836332,0.775218,0.820924,0.801667,0.889132,0.814705,0.735428,0.806176,0.864344,0.934372, ,0.77977,0.806209,0.814715,0.790371,0.841653,0.866493,0.84541,0.798544,0.799317, , ,0.757817,0.803111,0.826974,0.746941,0.783648,0.791856,0.819112,0.773714, ,0.814708,0.785351,0.787555,0.919457,0.803331, ,1.034273, ,0.875202,0.772657,0.911569,0.956033,0.88516,0.818176,0.82977,0.796389,0.877053,0.835331,0.78862,0.75615,0.769999,0.787075,0.811297,1.176255, ,0.810547,0.801801, , ,0.827345,0.936522,0.841376,0.814904,0.865584,0.882391,0.843172,0.85638,0.849267,0.847124,0.898278,0.849027,0.793973,0.874143, ,0.83572,0.826561,0.783204, ,0.728521,0.93982,0.817418, ,0.781925,0.795564,0.78863,0.814246,0.795759,0.782798,0.903762,0.750622,0.77758,0.826616,0.844966,0.769643,0.682164,0.896464,0.811843,0.880998,0.927526,0.814779,0.824555,0.859936,0.835607, ,0.723672, ,0.856384,0.80351,0.825568,0.824644,0.831869,0.8002,0.838799,0.876319,0.905205,0.828199,0.862625,0.861859,0.829496, ,0.796418,1.047729,0.837232,0.849321,0.907392,0.75155, , ,0.835802,0.851408,0.781065,0.72231,0.867988,0.686157,0.923512,0.916195,0.856113,0.879116,0.860913,0.804405,0.862022,0.818792,0.931414,0.843107, ,0.900947,0.750339,0.90413,0.824315,0.836825,0.890312,0.833647,0.926239,0.91923, ,0.697164,0.907766,0.81806, , ,0.940713,0.956267,0.866574, ,0.972198,0.870391,0.866374,0.868671,0.834263,0.876112,0.884137,0.950121,0.954392,0.860784,0.792814,0.947259,0.925334,0.861771,0.856267,0.843781,0.838661,0.803117,0.811589,0.884188,0.857146,0.841389,0.890234, , ,0.894114,0.873035,0.696784,0.900031,0.838294, ,0.80922,0.90525,0.820345,0.837655, ,0.875385,0.853274,0.744239,0.769075,0.842212,0.715608,0.810479, ,0.898188,0.786688, ,0.807533,0.713865,0.889023, ,0.791965,0.690816,0.840116,0.826477,0.766242,0.858206,0.830353,0.718961,0.796539,0.761277,0.625006,0.737693,0.794074,0.839336,0.804336,0.778524, ,0.80241,0.782152, ,0.888401, ,0.849722, ,0.869732,0.853592,0.786238,0.798316,0.788806,0.827509,0.776241,0.859921, ,0.759886,0.785477,0.787251,0.785948,0.802228,0.851945,0.882272,0.80442,0.810667,0.788861,0.810997,0.852448,0.782176,0.817582,0.782321,0.816465,0.859011,0.83106,0.676461,0.850662,0.827337,0.799532,0.89915,0.810439,0.896594,0.82292,0.871007, ,0.677993,0.819116,0.78673,0.70758,0.879516,0.765609,0.896716,0.859378,0.6794, ,0.623487,0.738055,0.817591,0.837019,0.807042,0.864578,0.781661,0.745816,0.693428,0.754934, , ,0.81873,0.845822, ,0.779234,0.65047, ,0.751835,0.959152,0.804669, ,0.88732,0.858627,0.799288, , , ,0.817234,0.878998,0.839915,0.804734, ,0.775905,0.841224,0.806566,0.79837, , ,0.780359,0.789639,0.738077,0.763057,0.763421,0.909864, ,0.808098,0.78264,0.789137,0.975745,0.746329,0.831475,0.772848,0.691865, ,0.753815,0.590626,0.731903,0.864441,0.811473, ,0.788584,0.633663,0.830347,0.827761,0.927386,0.851573,0.836633,0.851707,0.830637,0.744023, ,0.823693,0.944923,0.85976,0.856324,0.816934,0.832248,0.844677,0.834431,0.865063, ,0.767621, ,0.871409,0.882527, ,0.887784,0.841152,0.850195,0.871948,0.842097,0.897963,0.831457,0.849033,0.866654,0.83294,0.846441,0.85683,0.852,0.788903,0.829372,0.834531,0.870972,0.841605,0.824294,0.624515,0.915645,0.893068,0.798969,0.875917, ,0.776953,0.822152,0.807896,0.807006,0.789974,0.81262,0.814684,0.918416,0.84022,0.908923,0.920194,0.85408,0.799867,0.902451,0.927715,0.839514, ,0.887013,0.845518,0.806079,0.85647,0.87947,0.865932,0.862195,0.813962,0.811521,0.858175,0.811045,0.882717,1.003945, ,0.792687,0.850752,0.842926,0.817985,0.851515,0.791687,0.906492,0.803785,0.941319, ,0.956104, ,0.857664,0.848888, ,0.837573,0.838639,0.843812,0.910413,0.825245,0.773426,0.795005,0.821229,0.857192, , , ,0.847077,0.81725, ,0.958175, ,0.816485,0.723683,0.837222,0.911436,0.902391,0.890948,0.810002,0.922701, ,0.736974,0.913683, , , ,0.950649, ,0.81015,0.877567,0.916591,0.836224,0.83711,0.912254, ,0.828675,1.08,0.923508,0.840501,0.830736,0.822626,0.86273, , , , ,0.827047,0.801423,0.854642,0.996147,0.785806,0.885542, ,0.984285,0.83546,0.8156,0.829963,0.832648,0.802609, , ,0.884321,0.985357, ,0.805522,0.821525, ,0.8532,0.783569,0.748596, , ,0.867128,0.78783, ,0.86117,0.807511, ,0.873575,0.935645,0.577808,0.758978, ,0.911539,0.835105, , , ,0.862287, , ,0.841664, ,0.943649, ,0.862438,0.839134,0.776988, ,0.814515, ,0.872429,0.799957,0.815134, ,0.824845,0.810873,0.822371,0.768172,1.028227,0.838543,0.83723,0.832077,0.858166, ,0.778508, ,0.851779,0.778621, ,0.787223,0.815633, ,0.805524,0.807619,0.806821, ,0.84317,0.816834,0.795126,0.843138,0.985417,0.758831, , ,0.77781,0.744319,0.786738,0.753498, ,0.830322, ,0.855388,0.759859, , ,0.921397,0.759125,0.833233,0.870436,0.699664, ,0.663455, , ,0.674015, ,0.726165,0.722607, ,0.851318,0.834933, , ,0.813642,0.845383, , , ,0.747267,0.547286,1.003382,0.915001,0.943089,0.773438,0.864438, ,0.791819, ,0.892342,0.815218,0.802072,0.842912,0.930662,0.798782,0.847863, , ,0.890497,0.950978,0.852267,0.841117,0.91657,0.894001, ,0.891344, ,0.869754, , ,0.828319,0.871879,0.825924,0.839886,0.851172, ,0.846939,0.714836,0.832407, ,0.874039,0.789174, ,0.790708,0.825606, ,0.81846,0.590269,0.808983, , , ,0.762376,0.796438,0.839576,0.814272, ,0.887103,0.84337,0.838813, , , ,0.834826,0.871425,0.853557,0.84527,0.871539,0.855357,0.86677,0.75575,0.718113,0.802419, ,0.766153,0.903179,0.876457,0.851332,0.810767,0.838677,0.723812, ,0.783528, , ,0.82171,0.80815,0.805545,0.860911, ,0.875054, ,0.786943,0.796113,0.832898,0.799372,0.853689, ,0.8038,0.810114,0.945526,0.784747
    Inter-Burst Interval - Avg (sec),53.111714,16.605225, ,72.98303,4.833573,3.096368,19.025541, ,280.47208,30.165947, ,37.7648,4.931538,23.067766,20.855223,32.478456, ,21.467514,101.96304,7.312679, , ,6.550781,6.456762,3.285663, , ,256.3876,4.564705,9.166762,119.82944, ,7.695537,10.855492,8.766801,4.702888, ,3.160847,3.17771,42.198651,8.465093,129.41196,8.587912,22.30256,3.53717,3.283133,5.258872,3.935455,4.810431,3.243293,17.653738,16.147802,38.9431,10.790679,42.02512,71.02334, ,3.554155,29.546329,9.856181,21.870015,4.69086,64.03696,10.722988,5.782718,36.020213, , ,5.861266,4.756739,14.055752,7.970581,4.795444,4.998535,16.751897,16.612365, ,18.111597,4.536742,7.121888,28.24432,4.120763, ,100.157787, ,22.43992, ,7.77837,108.167168,313.40168,16.733217,46.104687,92.068067,14.698452,7.169942,6.863205,34.187529,6.763663,4.166927,6.155038, , ,45.729053,47.508953, , ,7.289634,4.87864,5.205292,3.817415,17.071752,10.309353,8.798123,4.802632,4.616458,11.475517,7.799846,7.444036,26.036343,5.838443, ,3.769119,4.802625,11.185936, ,94.061264,119.05956,4.379438, ,5.466073,45.42856,9.138574,11.93679,10.796803,29.243468,94.87392,3.734711,7.132482,4.975435,10.444081,3.452357,54.043556,4.463664,59.567133,6.061727,17.148351,6.941087,14.732065,8.834057,10.369702, ,36.75368, ,3.874454,12.956439,17.546063,4.62535,4.114881,7.019433,32.67829,5.02694,52.459704,4.707966,17.939479,18.01013,11.286405, ,32.6449,210.58728,34.966102,11.106201,92.057573,275.68552, , ,8.979453,6.018096, ,63.406684,7.842108,194.39168,11.033236,37.729893,6.271438,15.753266,4.195683,4.513548,25.924265,5.56811,51.449651,56.594416, ,60.759552,238.03136,34.393525,9.037234,4.291073,14.201272,8.400777, ,26.983581, ,186.90876,50.12196,5.325495, , ,7.746171, ,57.95851, ,66.242754,30.911167,41.227858,12.507366,15.576078,15.476816,48.891476,28.306358,21.512829,8.314666,8.314836,24.407662,23.86616,4.558689,13.468838,5.986128,5.781116,15.970464,5.579742,22.109154,5.223271,6.092399,4.962026, , ,11.085734,16.49972,71.39328,8.209207,4.408405, ,5.631445,79.457613,5.27809,6.365921, ,28.660282,6.717512,7.671557,5.910861,81.983347,18.551672,5.631504, ,20.184184,4.381079, ,12.121217,3.464119,12.06006, ,3.13591,37.082194,3.039916,4.513775,4.804951,25.625989,6.354179,30.256173,19.297139,42.846829,77.5148,11.183571,46.574272,39.069,10.117913,23.668706, ,28.63516,3.445968, ,28.651423, ,147.99336, ,10.709403,8.232107,6.607956,6.835765,7.929379,18.023726,6.535319,14.504859, ,13.395675,11.220897,8.146552,15.879797,12.136411,9.592006,26.280669,5.663743,56.84929,6.510344,4.794846,14.414082,22.502831,24.305818,4.571829,5.519889,18.65805,10.16373,23.819447,5.591915,19.754999,5.572716,19.278656,4.375541,25.627878,23.533491,80.197312, ,45.875987,30.961196,4.988417,80.29036,19.609507,30.732555,45.021627,79.092773,3.261682, ,209.78736,146.522,83.38888,5.797712,11.046398,12.768562,4.434376,5.912605,30.113255,4.593639, , ,23.419968,9.087811, ,4.976467, , ,4.677143,59.22648,4.624998, ,14.238414,8.172932,43.84219, , , ,10.515376,18.273343,24.584435,4.172186, ,6.432896,8.003806,9.032097,3.684827, , ,6.149268,3.030121,3.430698,4.638882,3.061269,31.882595, ,2.99971,5.002654,4.454757,101.21932,4.174422,41.42656,3.632603,122.3084, ,3.872809,345.98744,47.145573,16.965299,40.564263, ,3.15216, ,7.84888,168.90428,46.304103,42.844375,8.598054,6.165621,4.282509,35.27926, ,4.544093,72.810464,14.008267,4.86227,5.284785,7.338971,5.860372,6.830896,12.225729, ,100.39088, ,4.543099,5.130557, ,13.448427,46.5143,4.441477,7.496781,4.474757,19.933647,7.492863,13.048427,10.673218,5.510687,4.441485,5.873968,6.241451,6.718782,19.484451,11.18709,14.46105,17.438932,47.860273, ,25.414153,31.206657,6.587988,7.058532, ,6.444657,16.940425,6.444517,13.405615,5.246487,5.293212,5.110708,40.137526,7.859833,13.656456,19.681647,8.349914,5.755717,60.233271,19.125941,5.928477, ,7.410637,5.489272,34.780367,12.580424,20.776012,10.373461,13.139561,6.497695,14.781576,6.427144,6.497427,19.07337,39.952869, ,6.426992,6.643565,6.426852,7.038797,7.29083,13.013289,39.200006,8.035304,11.155879, ,52.51856, ,4.01039,3.905518, ,4.039959,3.905513,27.440176,11.632218,130.86352,43.824458,8.445151,3.164285,70.052373, , , ,53.25526,3.230995, , , ,2.916115,82.858053,2.930474,23.59772,17.629518,130.40528,9.383648,105.93754, ,115.77356,194.30536, , , , , ,13.855139,106.239493,26.23644,6.601508,4.388642,69.75634, ,12.97543, ,60.423484,16.640485,10.658351,11.703092,7.751376, , , , ,57.48292,8.089832,6.514943,110.39928,4.125988,26.436848, ,61.102853,5.894427,13.983005,5.408727,19.596557,24.59807, , ,8.55709,31.740569, ,551.27624,9.881985, ,7.439289,6.662288,137.83924, , ,7.641551,4.458038, ,7.98705,10.052188, ,29.731128,10.84763, ,51.555804, ,61.774413,6.832293, , , ,18.012601, , ,5.555216, ,32.101492, ,6.460871,4.84689,33.333125, ,5.006787, ,34.59368,6.638244,8.02367, ,5.807561,5.182486,6.090757,14.798712,57.448,8.562398,5.420254,4.055888,13.249109, ,4.383918, ,45.4688,8.517392, ,4.808139,14.938246, ,4.731868,5.095811,9.690045, ,6.751485,3.512976,11.563798,11.042012,47.551576,49.156284, , ,74.675827,12.763931,3.931664,35.602966, ,8.690508, ,18.570797,8.760342, , , ,8.210626,34.176341,99.08308,5.044522, ,4.077175, , ,5.73946, ,5.628123,6.841036, ,11.305617,3.979816, , ,5.541936,10.455141, , , ,4.105706, ,37.01344,13.061698, , ,43.417243, ,4.595115, , ,3.554929,5.285135, ,68.57334,88.013728,63.89015, , ,6.913365,31.292004,109.716736,7.559545,77.95672,21.832326, ,15.384269, ,96.49964, , ,5.624428,16.928825,93.50326,5.229666,9.279106, ,11.929802,55.448392,10.279314, ,4.028375,6.551662, ,5.276106,4.198594, ,4.140263,123.65428,23.877124, , , ,4.416267,13.518204,7.501677,5.178113, ,31.844889,5.417831,16.253267, , , ,6.095002,27.842692,16.377195,5.519943,20.902113,4.270916,9.97035,31.46702,76.76088,56.785076, ,11.452742,507.43104,7.770826,3.243056,5.747557,5.566857,54.564133, ,16.906184, , ,12.213695,4.653259,4.512208,9.926761, ,21.94984, ,4.882014,9.661368,6.886054,3.699434,12.811765, ,3.818146,6.269597,16.495639,6.269576
    Inter-Burst Interval - Std (sec),45.339222,11.879215, ,67.075908,2.580236,1.448157,22.432102, , ,26.636241, ,53.283684,2.959991,24.408174,19.576997,37.610356, ,17.270884, ,5.400301, , ,3.747182,4.773965,1.206949, , , ,2.5512,6.471312,91.548279, ,5.099325,8.170482,6.216891,3.352061, ,1.397489,1.521659,32.02245,8.289417,155.963149,5.337705,16.116745,1.684504,1.600775,3.401291,2.483411,2.749429,1.051036,14.405473,20.38755,53.259806,8.334152,36.346459,85.077218, ,1.366861,41.355147,8.447363,20.485145,2.342915,66.241816,7.936576,4.215666,27.416415, , ,3.57245,2.582557,9.514612,5.055013,2.691609,3.214952,11.17547,10.851178, ,12.836096,2.398868,4.814193,18.914476,3.170631, ,121.088296, ,18.672789, ,6.25908,64.432169, ,12.670006,62.667742,89.042559,9.790277,5.133862,4.495475,37.678083,3.93636,2.174023,2.95391, , ,44.973478,42.145439, , ,3.811169, ,2.557056,1.483174,15.899928,6.283056,5.794681,2.132601,1.864104,7.079639,4.85294,5.368401,24.866262,2.755034, ,1.370561,1.941389,8.23648, ,56.542101,96.805803,2.062439, ,2.875893,24.089507,5.844464,10.600943,8.003835,32.81298,74.883835,1.668525,4.996608,2.869837,8.248928,1.709602,47.231225,2.67518,42.411412,3.43788,13.958276,4.345253,12.026297,5.486141,7.416823, , , ,2.048776,9.486605,15.612186,2.526968,2.179427,4.256699,20.634065,2.642879,45.079433,2.046157,14.389694,14.96269,8.765021, ,35.885792, ,24.175853,6.584555,34.515747, , , ,5.640663,3.460074, ,58.163085,6.022309, ,9.406401,27.000154,3.6922,13.251894,2.028348,2.201306,30.991591,3.115982,30.699087,43.148325, ,33.057804, ,34.324361,5.689064,2.097164,10.276515,4.652475, ,19.314466, ,161.169491,42.877802,2.789266, , ,4.644864, ,49.225929, ,62.981212,19.204105,40.547855,11.233218,13.042899,12.480742,41.170645,25.011383,19.500276,5.215843,5.770432,25.076719,19.683156,2.972933,11.403666,5.285846,4.256159,14.502574,4.442739,16.129039,3.896194,4.4109,3.291363, , ,10.900009,13.343121,103.142822,5.698433,2.038077, ,3.008654,79.338326,2.861174,3.689658, ,27.599914,3.582226,5.474354,3.50449,59.105182,17.400235,3.088475, ,13.013054,2.238881, ,9.631742,1.399632,9.529015, ,1.211241,32.278013,1.109555,2.258146,2.488222,26.216006,4.196346,30.093921,18.741881,23.426945, ,7.517638,52.143339,54.454885,6.992335,20.366438, ,20.208895,1.569125, ,29.475248, ,95.35641, ,6.781361,5.099255,3.779466,4.33208,5.314739,15.480865,4.551029,10.376978, ,11.202907,7.796551,5.396318,11.924317,6.961934,8.209395,20.603842,3.174258,34.996243,4.791398,2.735206,10.309036,20.788866,21.064403,2.878029,3.936172,16.931866,6.82976,23.850276,3.477933,19.936122,3.673896,20.308392,2.67324,32.03276,13.370659,76.928649, ,44.749989,27.09422,2.904956,66.594703,16.083681,28.199167,43.525276,72.939373,1.256198, , ,88.641096, ,2.996141,9.04622,11.099825,2.136461,3.442031,33.935143,2.031665, , ,19.422996,8.468314, ,2.243546, , ,2.110105, ,2.71671, ,11.96817,7.008154,41.915911, , , ,6.891811,22.398206,18.20894,2.274012, ,4.503275,5.85496,6.292602,1.850342, , ,4.21292,1.245935,1.525534,3.440826,1.47176,29.369487, ,1.158098,3.299035,2.973089,78.14964,2.401932,41.093492,2.115937,89.418235, ,2.030143, ,38.638671,17.27383,38.895915, ,1.608287, ,6.33902,188.673229,44.734457,41.56899,7.53522,4.976365,2.750765,30.413853, ,3.030303,47.629854,11.936195,3.268978,3.688135,6.432753,4.501562,5.633655,10.132895, ,68.434943, ,2.143713,2.789965, ,14.913528,37.025146,2.071894,4.767349,2.100459,15.365085,5.033895,9.389534,8.164225,3.592181,2.07408,3.381765,3.188476,3.410251,14.259211,8.782147,12.82107,17.331774,38.656242, ,26.119719,23.389112,3.579144,4.237783, ,3.174957,15.312629,3.196217,12.579477,1.774415,1.704322,1.537483,35.200555,4.610784,9.988568,22.09857,4.676282,2.053216,65.032197,17.180373,2.291567, ,4.800634,1.696005,21.950772,9.719963,13.688617,6.247386,9.991496,3.245934,11.160661,3.166113,3.129942,13.385722,32.265494, ,3.167363,3.235471,3.167254,3.510005,4.744335,12.673233,27.489706,5.148111,7.281495, ,47.122863, ,1.742767,1.779727, ,1.874307,1.7355,16.972532,7.185621, ,37.117968,6.898939,1.916812,79.587333, , , ,51.000438,1.863165, , , ,1.301822,92.198634,1.661769,19.408377,13.523626,68.678722,6.550333,64.943678, ,104.510326, , , , , , ,9.794677,24.459644,31.471316,4.045424,2.23897,65.62795, ,8.180612, ,42.368603,12.618393,5.374817,5.678531,4.217711, , , , ,27.695794,4.619341,4.158158, ,1.766725,21.667302, ,58.664568,3.068145,8.311817,3.077386,12.166555,15.46481, , ,6.447852,26.263578, , ,7.553823, ,6.377427,4.345128,105.574986, , ,5.30254,2.462387, ,5.643955,7.431872, ,21.306303,8.761927, ,50.009364, ,42.257937,3.307093, , , ,19.425295, , ,2.409143, ,26.921556, ,2.911718,3.494352,34.118139, ,3.609578, ,28.301931,5.196939,8.75548, ,4.803488,3.921785,4.644751,12.365954,61.48367,6.063484,4.001883,1.840364,11.813004, ,1.958149, ,54.677016,6.756536, ,2.40337,12.500166, ,2.243723,2.776726,6.635961, ,5.287994,1.839593,7.662877,7.946366,36.744772,56.608684, , ,72.283878,15.04177,2.416741,17.00127, ,7.529013, ,19.153761,5.864131, , , ,4.636176,34.625934,62.03892,2.454087, ,1.801518, , ,2.822709, ,3.120931,3.575634, ,7.316007,2.738867, , ,3.775777,7.369483, , , ,2.814747, , ,10.732085, , ,34.999842, ,1.863924, , ,1.123233,2.829825, ,68.044952,58.782151,43.736033, , ,3.466564,26.331722,110.470201,5.254994,50.392295,16.650013, ,10.765569, ,113.234597, , ,2.966853,14.313965,43.183599,2.492702,5.54135, ,6.778291,56.321414,10.7139, ,1.608702,4.314541, ,2.424208,1.627323, ,1.603159,99.410001,23.808571, , , ,1.89981,10.772279,4.286384,2.533397, ,29.735757,2.726121,14.345389, , , ,2.730905,25.322558,13.114521,2.51919,29.372561,1.907438,6.94879,20.39368,86.396125,57.817008, ,8.986892, ,6.5035,1.689881,3.316177,3.584258,43.461579, ,11.755483, , ,8.488018,2.58344,2.488405,6.160416, ,15.301308, ,2.92501,7.241562,4.249171,1.412931,8.826117, ,1.588981,4.186124,17.875355,3.613879
    Burst Frequency (Hz),0.013333,0.06, ,0.015,0.206667,0.321667,0.051667, ,0.003333,0.031667, ,0.025,0.198333,0.043333,0.048333,0.03, ,0.043333,0.003333,0.135, ,0.001667,0.15,0.153333,0.305, , ,0.003333,0.22,0.106667,0.006667, ,0.13,0.091667,0.111667,0.211667, ,0.315,0.313333,0.025,0.118333,0.005,0.116667,0.043333,0.281667,0.303333,0.19,0.253333,0.206667,0.306667,0.056667,0.061667,0.015,0.091667,0.021667,0.015, ,0.28,0.031667,0.098333,0.045,0.21,0.015,0.091667,0.171667,0.021667, , ,0.168333,0.208333,0.065,0.125,0.206667,0.198333,0.06,0.055, ,0.053333,0.218333,0.138333,0.035,0.24, ,0.006667, ,0.043333,0.001667,0.126667,0.01,0.003333,0.055,0.021667,0.011667,0.068333,0.138333,0.143333,0.03,0.146667,0.238333,0.16,0.001667, ,0.011667,0.02, , ,0.131667,0.003333,0.186667,0.26,0.051667,0.091667,0.113333,0.208333,0.216667,0.086667,0.125,0.135,0.036667,0.171667, ,0.265,0.208333,0.085, ,0.01,0.005,0.226667, ,0.18,0.018333,0.108333,0.083333,0.093333,0.035,0.011667,0.266667,0.138333,0.2,0.095,0.288333,0.016667,0.221667,0.011667,0.165,0.058333,0.141667,0.063333,0.111667,0.096667, ,0.003333, ,0.258333,0.076667,0.056667,0.216667,0.243333,0.143333,0.028333,0.198333,0.018333,0.211667,0.053333,0.05,0.088333, ,0.028333,0.003333,0.02,0.09,0.006667,0.003333, , ,0.103333,0.166667,0.001667,0.016667,0.126667,0.003333,0.091667,0.026667,0.16,0.06,0.238333,0.221667,0.033333,0.18,0.02,0.018333, ,0.01,0.003333,0.028333,0.111667,0.233333,0.071667,0.12,0.001667,0.03, ,0.005,0.008333,0.188333, , ,0.13,0.001667,0.015, ,0.013333,0.03,0.016667,0.073333,0.058333,0.06,0.02,0.033333,0.043333,0.116667,0.116667,0.038333,0.035,0.218333,0.075,0.166667,0.173333,0.06,0.18,0.045,0.191667,0.165,0.201667, , ,0.088333,0.055,0.015,0.121667,0.226667, ,0.175,0.011667,0.188333,0.155, ,0.03,0.148333,0.128333,0.168333,0.011667,0.053333,0.175, ,0.04,0.228333, ,0.081667,0.288333,0.083333, ,0.318333,0.025,0.328333,0.221667,0.208333,0.038333,0.156667,0.033333,0.05,0.02,0.003333,0.09,0.018333,0.021667,0.098333,0.04, ,0.035,0.288333, ,0.033333, ,0.006667, ,0.091667,0.121667,0.151667,0.146667,0.126667,0.053333,0.153333,0.07, ,0.075,0.09,0.123333,0.063333,0.083333,0.105,0.038333,0.176667,0.015,0.148333,0.206667,0.065,0.045,0.038333,0.216667,0.178333,0.05,0.095,0.04,0.175,0.05,0.176667,0.043333,0.226667,0.03,0.043333,0.01, ,0.021667,0.033333,0.2,0.008333,0.051667,0.03,0.016667,0.011667,0.305, ,0.003333,0.005,0.003333,0.173333,0.09,0.068333,0.226667,0.17,0.033333,0.218333, , ,0.043333,0.108333, ,0.201667,0.001667, ,0.215,0.003333,0.216667, ,0.07,0.123333,0.015, , , ,0.093333,0.05,0.04,0.24, ,0.146667,0.12,0.11,0.271667, , ,0.161667,0.33,0.291667,0.21,0.326667,0.028333, ,0.333333,0.198333,0.225,0.008333,0.24,0.021667,0.275,0.005, ,0.255,0.003333,0.021667,0.056667,0.025, ,0.316667,0.001667,0.126667,0.005,0.013333,0.023333,0.115,0.161667,0.233333,0.015, ,0.22,0.01,0.066667,0.203333,0.188333,0.135,0.17,0.143333,0.075, ,0.006667, ,0.22,0.195, ,0.075,0.015,0.225,0.128333,0.223333,0.046667,0.131667,0.071667,0.091667,0.181667,0.225,0.163333,0.16,0.146667,0.051667,0.09,0.07,0.058333,0.021667,0.001667,0.04,0.033333,0.151667,0.141667, ,0.155,0.06,0.155,0.071667,0.19,0.188333,0.195,0.025,0.123333,0.073333,0.046667,0.12,0.173333,0.016667,0.051667,0.168333, ,0.135,0.181667,0.03,0.08,0.045,0.096667,0.076667,0.153333,0.068333,0.155,0.153333,0.053333,0.013333, ,0.155,0.15,0.155,0.141667,0.133333,0.075,0.025,0.123333,0.086667, ,0.015, ,0.25,0.256667, ,0.246667,0.256667,0.035,0.081667,0.003333,0.02,0.113333,0.315,0.011667, , , ,0.015,0.306667, ,0.001667, ,0.341667,0.011667,0.34,0.041667,0.056667,0.006667,0.105,0.008333, ,0.005,0.003333, , , ,0.001667, ,0.071667,0.006667,0.035,0.15,0.228333,0.008333, ,0.078333,0.001667,0.016667,0.056667,0.095,0.086667,0.13, , , , ,0.018333,0.123333,0.148333,0.003333,0.235,0.035, ,0.011667,0.165,0.07,0.178333,0.048333,0.04, , ,0.113333,0.03, ,0.003333,0.101667, ,0.133333,0.15,0.008333, , ,0.13,0.223333, ,0.125,0.1, ,0.033333,0.09,0.001667,0.016667, ,0.011667,0.146667, , , ,0.056667, , ,0.18, ,0.03, ,0.155,0.206667,0.03, ,0.198333, ,0.006667,0.15,0.121667, ,0.168333,0.191667,0.163333,0.066667,0.005,0.116667,0.183333,0.246667,0.076667, ,0.228333, ,0.023333,0.118333, ,0.208333,0.066667, ,0.211667,0.196667,0.103333, ,0.146667,0.283333,0.085,0.088333,0.018333,0.016667, , ,0.011667,0.075,0.253333,0.025, ,0.115, ,0.05,0.111667, , ,0.001667,0.121667,0.026667,0.008333,0.198333, ,0.245, , ,0.173333, ,0.175,0.146667, ,0.088333,0.25, , ,0.18,0.096667, , , ,0.241667,0.001667,0.003333,0.076667,0.001667,0.001667,0.023333, ,0.218333, ,0.001667,0.281667,0.19,0.001667,0.015,0.01,0.015, , ,0.145,0.033333,0.01,0.133333,0.01,0.043333, ,0.065, ,0.008333, , ,0.178333,0.06,0.008333,0.191667,0.106667, ,0.083333,0.018333,0.098333, ,0.248333,0.153333, ,0.19,0.238333, ,0.241667,0.008333,0.038333, , , ,0.226667,0.075,0.131667,0.19, ,0.031667,0.181667,0.061667, , , ,0.161667,0.035,0.06,0.178333,0.046667,0.23,0.098333,0.028333,0.013333,0.016667, ,0.086667,0.003333,0.126667,0.305,0.171667,0.178333,0.006667, ,0.056667, , ,0.081667,0.215,0.221667,0.101667, ,0.045, ,0.205,0.103333,0.145,0.27,0.078333, ,0.261667,0.16,0.06,0.16
    IBI Coefficient of Variation,0.853658,0.71539, ,0.919062,0.533815,0.467695,1.179052, , ,0.88299, ,1.410935,0.600217,1.058107,0.93871,1.158009, ,0.804513, ,0.738485, , ,0.572021,0.739374,0.367338, , , ,0.558897,0.705954,0.763988, ,0.662634,0.752659,0.70914,0.712766, ,0.442125,0.478854,0.75885,0.979247,1.205168,0.621537,0.722641,0.476229,0.487575,0.646772,0.631035,0.571556,0.324064,0.816001,1.262559,1.367631,0.772347,0.864875,1.197877, ,0.384581,1.399671,0.857063,0.936677,0.499464,1.034431,0.740146,0.729011,0.76114, , ,0.609501,0.542926,0.676919,0.634209,0.561285,0.643179,0.667117,0.653199, ,0.708722,0.528765,0.675971,0.669674,0.769428, ,1.208975, ,0.832124, ,0.804678,0.595672, ,0.757177,1.359249,0.967138,0.666075,0.716026,0.655011,1.1021,0.581986,0.521733,0.479917, , ,0.983477,0.887105, , ,0.52282, ,0.491242,0.388528,0.931359,0.609452,0.658627,0.444048,0.403795,0.616934,0.622184,0.721168,0.95506,0.471878, ,0.363629,0.404235,0.736325, ,0.60112,0.813087,0.470937, ,0.526135,0.530272,0.639538,0.88809,0.741315,1.122062,0.789298,0.446761,0.700543,0.576801,0.789818,0.495198,0.873947,0.599324,0.711993,0.567145,0.813972,0.626019,0.816335,0.621022,0.71524, , , ,0.528791,0.732192,0.889783,0.54633,0.529645,0.606416,0.63143,0.525743,0.859315,0.434616,0.802124,0.830793,0.7766, ,1.099277, ,0.691408,0.592872,0.374937, , , ,0.628174,0.574945, ,0.917302,0.767945, ,0.852551,0.715617,0.588732,0.841216,0.483437,0.487711,1.195467,0.559612,0.596682,0.762413, ,0.544076, ,0.997989,0.629514,0.488727,0.723633,0.553815, ,0.715786, ,0.86229,0.855469,0.523757, , ,0.599634, ,0.84933, ,0.950764,0.621268,0.983506,0.898128,0.837367,0.806415,0.842082,0.883596,0.906449,0.627306,0.693992,1.027412,0.824731,0.652146,0.84667,0.883016,0.736218,0.908087,0.796227,0.729519,0.74593,0.724,0.66331, , ,0.983246,0.808688,1.444713,0.694152,0.462316, ,0.53426,0.998499,0.542085,0.579595, ,0.963002,0.533267,0.713591,0.59289,0.720941,0.937934,0.548428, ,0.644715,0.511034, ,0.794618,0.404037,0.79013, ,0.386249,0.870445,0.364995,0.500279,0.517846,1.023024,0.660407,0.994637,0.971226,0.54676, ,0.672204,1.119574,1.393813,0.691085,0.86048, ,0.705737,0.455351, ,1.028753, ,0.644329, ,0.633216,0.619435,0.571957,0.633737,0.670259,0.858916,0.696374,0.715414, ,0.836308,0.694824,0.662405,0.750911,0.57364,0.855858,0.783992,0.560452,0.615597,0.735967,0.570447,0.715206,0.923833,0.86664,0.629514,0.713089,0.907483,0.671974,1.001294,0.621957,1.009168,0.659265,1.053413,0.610951,1.249919,0.568155,0.959242, ,0.975456,0.875103,0.58234,0.829423,0.820198,0.917567,0.966764,0.9222,0.385138, , ,0.604968, ,0.51678,0.818929,0.869309,0.481795,0.582151,1.126917,0.442278, , ,0.829335,0.931832, ,0.450831, , ,0.451153, ,0.587397, ,0.840555,0.857484,0.956063, , , ,0.655403,1.225731,0.740669,0.545041, ,0.700039,0.731522,0.696693,0.502152, , ,0.685109,0.411183,0.444672,0.741736,0.480768,0.921176, ,0.38607,0.659457,0.667396,0.772082,0.575393,0.99196,0.582485,0.731088, ,0.524204, ,0.819561,1.018186,0.958871, ,0.510217, ,0.807634,1.117042,0.966101,0.970232,0.876387,0.807115,0.642326,0.862089, ,0.666866,0.654162,0.852082,0.672315,0.697878,0.87652,0.768136,0.824732,0.828817, ,0.681685, ,0.471861,0.543794, ,1.108942,0.795995,0.466488,0.63592,0.469402,0.770812,0.671825,0.719591,0.764926,0.651857,0.466979,0.575721,0.510855,0.50757,0.731825,0.785025,0.886593,0.993855,0.80769, ,1.027763,0.749491,0.543283,0.600377, ,0.49265,0.903911,0.495959,0.938374,0.33821,0.321983,0.300836,0.876999,0.586626,0.731417,1.122801,0.56004,0.356726,1.079672,0.898276,0.386536, ,0.647803,0.308967,0.631125,0.772626,0.658866,0.602247,0.760413,0.499552,0.755039,0.492616,0.48172,0.701802,0.807589, ,0.492822,0.487008,0.492816,0.498666,0.650726,0.973869,0.701268,0.640686,0.652705, ,0.897261, ,0.434563,0.455695, ,0.463942,0.444372,0.618529,0.617734, ,0.846969,0.816911,0.605765,1.136112, , , ,0.95766,0.576654, , , ,0.446423,1.11273,0.567065,0.822468,0.767101,0.526656,0.698058,0.613037, ,0.902713, , , , , , ,0.706935,0.230231,1.199527,0.612803,0.510174,0.940817, ,0.630469, ,0.701194,0.758295,0.504282,0.485216,0.544124, , , , ,0.481809,0.571006,0.638249, ,0.428195,0.819587, ,0.960095,0.520516,0.594423,0.568967,0.620852,0.6287, , ,0.75351,0.827445, , ,0.764403, ,0.857263,0.652198,0.765928, , ,0.693909,0.552348, ,0.706638,0.739329, ,0.716633,0.807727, ,0.970005, ,0.684069,0.484039, , , ,1.078428, , ,0.433672, ,0.838639, ,0.45067,0.720947,1.023551, ,0.720937, ,0.818124,0.782878,1.091206, ,0.827109,0.756738,0.76259,0.83561,1.070249,0.708153,0.73832,0.453751,0.891607, ,0.446666, ,1.202517,0.793263, ,0.499855,0.836789, ,0.474173,0.544904,0.684823, ,0.783234,0.523656,0.662661,0.719648,0.772735,1.151606, , ,0.967969,1.178459,0.614687,0.477524, ,0.866349, ,1.031391,0.669395, , , ,0.564656,1.013155,0.62613,0.486485, ,0.441855, , ,0.491807, ,0.554524,0.522674, ,0.647113,0.688189, , ,0.68131,0.704867, , , ,0.68557, , ,0.821646, , ,0.806128, ,0.405632, , ,0.315965,0.535431, ,0.992295,0.667875,0.68455, , ,0.501429,0.841484,1.006867,0.695147,0.646414,0.762631, ,0.699778, ,1.17342, , ,0.527494,0.845538,0.461841,0.476646,0.597186, ,0.568181,1.015745,1.042278, ,0.399343,0.658542, ,0.459469,0.387588, ,0.387212,0.803935,0.997129, , , ,0.430185,0.796872,0.57139,0.489251, ,0.933769,0.503176,0.882616, , , ,0.448056,0.909487,0.800779,0.45638,1.405244,0.446611,0.696945,0.648097,1.125523,1.018173, ,0.784694, ,0.836912,0.521077,0.576972,0.643857,0.796523, ,0.695336, , ,0.694959,0.55519,0.551483,0.620587, ,0.697103, ,0.59914,0.749538,0.617069,0.381932,0.688907, ,0.416165,0.667686,1.083641,0.576415
    Normalized Duration IQR,0.896312,0.743318, ,3.303634,0.886365,1.46631,0.684367, , ,0.483731, ,0.888988,0.82659,1.354701,0.978632,1.795195, ,0.691299, ,0.492619, , ,0.283409,0.303334,0.22146, , , ,0.502007,0.585381,0, ,1.080062,0.753766,1.286634,0.673168, ,1.372846,1.745932,0.643869,0.512283, ,0.785304,2.324306,1.085684,1.20561,1.325829,0.980893,0.41778,0.607895,0.519731,2.048992,1.317107,0.585609,0,0.306679, ,0.746273,1.903044,1.394152,0,0.745532,0.963242,0.314385,0,2.010042, , ,0.518116,0.286328,0.45009,0.783665,0.615874,0.518116,1.58136,2.081083, ,0.419531,0.226676,0.887412,0.394716,0.73459, ,0.431466, ,0.208716, ,0.552429,0.59301, ,1.498504,1.369983,35.655708,0.610366,0.405592,0.397223,0.383232,0.620968,0.939025,0.298985, , ,5.385766,0, , ,0, ,0,0.265658,0.288307,0.304441,0,0,0.247039,0,0,0,0.736752,0.288307, ,0.243909,0,0, ,0.698048, ,0.296154, ,0.247039,6.872403,0.235641,0.439421,0.708924,0.286328,2.137486,0.609871,0.530191,0.22205,0.259596,0.715001,3.104142,0.426321,1.051472,0,0.546398,0.311257,0.906704,0,0.749252, , , ,0.446875,0.185096,0.728884,0.246067,0.454587,0.433334,1.074035,0.315973,1.872196,0.690028,0,0.513861,0.628769, ,0.70493, ,0.213524,0.28373,0, , , ,0.325423,0.303702, ,1.201201,0.556112, ,0,1.16697,0.241554,0.412954,0,0.265096,0.31798,0,0.157192,1.077338, ,0.321246, ,0.62174,0.262868,0.230433,0,0.220485, ,0, , ,0.636229,0.442921, , ,0, ,0.61396, ,0.502847,0.530566,0.650001,0,0.705925,0.617597,1.088045,0.582655,0.410583,0.740385,0.906704,0.577945,0.206818,0.298628,0.558594,0.232143,0.533014,0.247527,0.537595,0.573092,0.303702,0.295106,0, , ,0,0.369101,1.525916,0.331897,0, ,0.346607,1.450726,0.721182,0, ,1.30679,0,1.481745,1.080528,1.206025,1.446533,0.311257, ,0.838359,0.527954, ,0.326697,0.884723,0.377451, ,0.457496,0.744792,0.537018,0.539332,0.78695,0.608881,0.324579,1.325946,2.268129,1.760555, ,0.259596,0.820108,0.447675,0.508639,0.429983, ,0.651693,0.611361, ,0.433334, ,0.150753, ,0.40625,0.532447,0.692064,0.835281,1.023219,1.92712,0.80791,0.31087, ,0.815147,0.304071,0.434085,0.625626,0.47217,0.884902,0.888988,0.690822,0.184823,0.906704,0.487817,1.007719,1.235194,0.306304,0.600601,0.969962,0.507607,0.889515,1.097306,0.584697,0.431466,0.599402,0.337037,0.764512,1.299439,0.584697,17.739258, ,1.944034,1.482023,0.673621,2.776152,0.726065,1.173782,0.525001,3.689193,0.901478, , , , ,0.462143,0.448879,0.209239,0.841177,0.53673,0.534494,0.883236, , ,0.259327,0.56068, ,0.595834, , ,0.740385, ,0.372396, ,1.014528,0.230858,28.10213, , , ,0.572655,0.410695,0.654534,0.91249, ,0.842593,0.75422,0.63408,0.621482, , ,0.635153,0.935165,1.035804,0.809871,0.721702,0.903431, ,0.73244,0.743318,0.533583,0.475761,1.391826,0.262868,0.670313, , ,0.667928, ,1.646383,0.180426,1.02143, ,0.625626, ,0.298628, ,0.217231,0,0.460019,0.810746,0.500501,0.485923, ,0.542254,0,0.210648,0.284052,0.533583,0.975635,0.858983,0.430353,0.190449, ,1.943469, ,0.207849,0, ,0,0.404936,0.225451,0.272011,0,0,0,0.321658,0.832318,0,0.258523,0.296154,0.411258,0.203953,0.351969,0.180426,0.361111,0.934641,0.359555, ,0.234098,0,0.181078,0.383232, ,0.185096,0.287644,0.383232,0.322487,0.892954,0.497845,0.430723,0,0.878071,0.334112,0.414665,0.675895,0.57839,0,0.576613,0.738201, ,0.233879,0.414322,1.425927,0.445682,0.315973,0,0.686244,0.222247,0.785304,0.446875,0.237655,0.48125,0, ,0.69514,0.298985,0.223039,0.614865,0.41778,0.203455,0,0.219904,0, ,0.385, ,0.505046,0.214255, ,0.242961,0.530753,0,0.431466, ,0,0.71432,0.242491,0.434462, , , ,0.407574,0.362682, , , ,0.553651,0.916926,0.544614,0,0.391935,0.917148,0.38032,1.344528, , , , , , , , ,0.998718,0,0.329277,0.359555,0.788604,1.062183, ,0.73459, ,0,0.655678,1.593028,0.228748,0.298628, , , , ,0.648317,0.448879,0.291667, ,0.25025,0, ,0,0.287644,0.272011,0.537018,0.586753,0.28055, , ,0.319197,0.339553, , ,0.785962, ,0.606177,0.59301,11.727844, , ,0,0.699023, ,0.1925,0.319604, ,0.534152,0.419883, ,0.396091, ,0.610366,0.446079, , , ,0.310484, , ,0.247773, ,0.708924, ,0.298628,0.209766,0, ,0.230433, ,0.752255,0.446477,0.512108, ,0.239703,0.504537,0.2275,0.243198, ,0.291667,1.080995,0.861743,0.485923, ,0.810396, ,0.413637,0.563627, ,0.421297,1.177094, ,0.914992,0.97754,0.412614, ,0.434714,1.005829,0.785715,0,0.678185,0.959549, , ,0.411145,1.086695,1.315722,1.348484, ,0.767639, ,0.377831,0.857021, , , ,0.858983,0,0,1.326415, ,1.309449, , ,1.170761, ,1.415443,1.012339, ,0.432959,0.577279, , ,0.34234,0.420589, , , ,1.107302, , ,0.443706, , ,1.173506, ,0.500501, , ,0.497515,0.278365, ,0.862932,0.663794,0.499501, , ,0,0,0.734949,0.574627,0.644975,0.949716, ,0.842593, ,1.322676, , ,0.526843,0.579618,1.175497,1.37803,0.436356, ,0.280864,23.999791,0.533583, ,0.436737,0.48125, ,0.52963,0.461716, ,0.404282,1.072157,1.484764, , , ,1.165038,0.667334,0.351475,0.308951, ,0,0.320013,0.789433, , , ,0.834168,0.424153,0.371291,0.297209,0.252268,0.550001,1.951269,1.592502,0.756369,12.437342, ,1.096387, ,0.353461,1.236822,1.3148,0.749252,0, ,1.488319, , ,0.862932,0.250752,0.540887,0.447675, ,0.669118, ,0.486868,0.288973,0.577945,0.419531,0.521355, ,0.706922,0.294759,0.909266,0.699023
    Burst Percentage,15.469613,39.868421,0,12.755102,81.486146,97.507708,46.203554,0,6.060606,22.727273,0,28.787879,78.574822,32.938644,41.633199,35.862069, ,25.449871,4.444444,71.20075, ,2.415459,60.724852,56.521739,92.983193, , ,2.506266,72.974571,49.902344,6.69145,0,61.083744,47.647059,49.176471,84.821803,0,95.42522,97.201611,21.915285,66.929134,7.33945,59.818044,29.878869,90.380103,96.140227,71.177619,89.840035,74.612403,95.789074,29.554656,36.40553,10.720562,50.285171,17.966903,11.111111,0,91.784841,35.820896,58.103131,26.484018,77.972973,16.105769,40.724947,84.267076,42.885375, ,0,77.85672,92.569124,51.549296,72.528249,89.756098,65.811623,61.528977,57.030371, ,67.353952,92.044944,75.631769,25.396825,90.10989, ,8.40708,0,45.597484,25.210084,59.732824,14.444444,10.843373,38.638985,35.025381,13.245033,49.562363,67.328136,62.611012,28.285357,62.077443,89.296188,78.091873,6.451613,0,23.119777,22.19917,0,0,67.462423,4.301075,79.941003,91.046025,49.83165,50.452489,57.856273,85.496737,87.447194,50.628141,68.627451,67.960199,40.045249,76.878613,0,97.499053,88.957055,54.948805,0,12.345679,5.617978,89.563679,0,71.257485,20.08427,50.958904,43.768546,47.626978,21.775148,21.111111,86.317642,62.160062,74.00906,47.149758,90.15232,26.369168,77.04747,18.067227,75.614035,60.600375,76.336478,39.642325,63.360324,61.386139,0,10.810811,0,95.31371,60.450563,36.071887,90.847458,95.588998,74.13273,36.99187,92.565947,28.571429,93.713163,53.805774,55.381605,62.134831,0,32.409972,15.492958,39.810427,62.407862,15.488215,3.846154,0,0,64.31479,78.861789,5.333333,18.451025,62.410623,22.115385,50.946372,52.173913,82.38762,42.524005,84.633796,91.267123,32.490272,80.637813,54.92228,28.666667,0,13.761468,9.448819,23.762376,68.341121,89.779986,46.253602,64.353312,10.416667,44.776119,0,10.833333,45.454545,81.771596,0,0,59.873284,9.160305,24.235294,0,45.320197,35.339806,40.97561,43.974961,60.613208,45.880312,16.835994,40.8867,74.934726,72.09721,67.609047,74.621212,39.718805,92.510121,65.076661,83.536585,80.873866,50.277008,85.047923,43.352601,85.642498,78.162912,86.249045,0,0,61.290323,54.201681,31.100478,65.006075,81.808279, ,74.474474,14.102564,76.358504,71.40661,0,49.473684,70.849273,60.805085,53.829322,13.212435,33.376123,73.036649,0,38.74092,81.975904,0,40.244898,85.75388,55.882353,0,94.892206,22.067594,96.354167,79.492834,78.560168,24.413793,67.155612,23.826291,37.635575,25.852783,6.976744,57.525084,22.380952,39.440994,50.390286,26.462766,0,30.915371,91.105599, ,41.614907,0,13.513514, ,63.617677,54.231975,93.534294,92.685925,87.872488,63.790665,90.092659,65, ,56.94864,88.879457,87.431265,68.328841,78.906999,78.269618,67.985612,97.927242,38.674033,77.806789,93.943065,59.10828,51.846966,43.093923,57.903358,88.534548,40,61.174968,40.405616,85.460993,46.365105,87.171561,56.658596,96.72709,55.882353,33.488915,23.451327,0,22.798742,24.223602,72.155118,9.663866,41.036415,22.408027,17.391304,16.716418,94.373402,0,21.95122,9.51087,8.333333,83.392226,60.46875,51.499118,93.894166,84.778013,52.824427,91.095189,0,0,25.961538,65.994021,0,87.36952,3.26087,0,92.115318,2.457002,89.626556, ,53.880765,69.078381,54.8,0, ,0,70.234114,49.433107,58.716707,97.661871,0,76.390977,64.741907,55.819672,88.314693,0,0,66.809553,96.467323,93.044102,76.282782,97.430716,28.169014,0,97.136377,73.646639,71.640212,13.733906,72.248194,26.975477,85.735792,26.973684, ,78.323826,9.708738,22.835634,39.735894,18.130841,0,91.298343,0.857633,54.188948,11.034483,23.188406,11.614731,62.884161,77.880184,91.770186,17.525773, ,96.716265,18.571429,66.049954,92.978723,88.391376,77.521843,85.007278,77.355229,64.329004,0,13.565891,0,95.705782,93.197279,0,61.206121,25.396825,98.389694,68.707483,88.56799,44.612069,76.754786,51.30719,74.928775,88.333333,95.449054,83.840139,97.717842,94.796864,72.601279,79.313632,76.646707,76.964286,42.48366,7.462687,41.860465,20.984081,93.801392,91.857059, ,96.995428,58.14433,97.452229,54.90982,97.532656,98.282548,99.061914,28.823529,77.623262,50.097847,42.615012,78.009259,94.719195,18.581081,43.811395,92.375367,0,78.029294,95.584628,49.233716,69.551777,57.834758,74.573055,39.720035,97.687075,75.654152,97.946612,97.751004,62.049336,13.758389,0,94.6255,97.978981,98.604651,96.906355,71.803279,55.060241,16.425121,71.504425,47.463768,0,19.369369, ,97.536232,86.189069,0,96.66865,96.401599,43.574297,50.385208,13.432836,20.684292,59.333796,94.915254,10.838446,0,0,0,15.270019,93.150169,0,2.325581,0,96.948506,18.925234,91.688447,20.926756,38.611449,18.686869,58.723748,16.346154, ,12,16.367265, ,0, ,3.012048, ,32.229581,4.92126,39.201878,65.855778,75.062241,35.915493, ,46.644295,4.347826,17.142857,38.864629,57.971014,62.360248,67.13881,0, ,0,0,49.53271,67.70073,74.029336,6.134969,93.48659,31.060606,0,31.884058,77.533386,12.097922,83.018868,61.209964,30.689655, ,0,70.093458,36.253776,0,20,60.805369,0,71.581054,70.56962,27.324478,0,0,71.06383,88.422035, ,78.429878,59.482759,0,28.046422,63.74269,10,34.554974,0,12.446352,90.868794,0, , ,57.007576, ,0,96.726573,0,49.473684, ,90.389016,92.783505,33.433735, ,97.702407,0,62.857143,88.479571,82.584712,0,60.091324,93.687151,88.896797,50.443787,15.384615,77.09438,95.033722,98.001599,47.711512,0,92.432432,0,20.351759,68.931352,0,89.941176,47.297297,0,89.473684,85.772123,61.686992,0,79.873329,93.424498,48.220065,54.954128,22.875817,28.066528,0, ,19.402985,50.044287,89.362657,33.121019,0,66.694079,0,42.921013,55.04886,0,0,2.392344,64.475874,16.840278,7.428571,83.010157, ,94.273302, ,0,78.657181, ,74.829932,71.035482,0,47.619048,83.030047,0,0,71.672598,62.806236,0,0, ,81.403337,13.888889,5.952381,56.908345,2.590674,1.481481,32.228916,0,84.092367,0,4.368932,93.501496,74.982232,2.390438,34.562212,10.97561,25.120773,0,0,64.563617,22.302158,40.659341,60.650888,12.682927,38.860104, ,49.382716,0,27.777778,0,0,82.438701,56.492637,15.525114,86.315789,67.278798, ,64.712042,40.134907,61.629153,0,96.185738,78.015267, ,89.161941,95.926211,0,89.75265,21.066667,57.168459,0,0,0,90.69381,60.456621,75.247525,90.369298, ,37.573964,86.064855,43.396226,0,0,0,79.209784,36.821705,58.774373,89.230769,60.483871,92.166079,65.279188,20.509383,13.76673,38.556701,0,40.973971,3.422053,49.21875,95.05277,69.720241,68.907563,9.74026, ,35.933392, ,0,42.656688,81.818182,88.050023,56.945722,0,33.641405,0,83.541018,50.259605,67.793594,57.457736,49.670619, ,93.314652,73.622964,52.496218,77.191011
