AxIS Spike File,Z:\Kyra\230616_KZ_307034_5008-7_MEA_rCortex_Acute_Exposure_DDT_Male_DIV11(000)(000).spk
File Type,48-well

Analysis Start,1200.000000
Analysis End,1800.000000
Active Electrode Criterion (spks/min), 6
Minimum Covered Resistance (kOhms),18
Remove Coincident Artifacts,False

Electrode Burst Settings,
    Algorithm,Poisson Surprise,
    Min Surprise,10.000000

Network Burst Settings,
    Algorithm,ISI Threshold,Adaptive,
    Min # of Spikes,40.000000
    Min # of Electrodes (%),15.000000

Synchrony Settings,
    Synchrony Window,20.000000

Average Network Burst Analysis Settings,
    Number of network bursts vary by well
    Network Burst Window Start (ms),0.000000
    Network Burst Window End (ms),100.000000
    Bin Size (ms),1.000000

Well Averages,A1,A2,A3,A4,A5,A6,A7,A8,B1,B2,B3,B4,B5,B6,B7,B8,C1,C2,C3,C4,C5,C6,C7,C8,D1,D2,D3,D4,D5,D6,D7,D8,E1,E2,E3,E4,E5,E6,E7,E8,F1,F2,F3,F4,F5,F6,F7,F8,
Treatment/ID,,,,,,,,,,,,,,,,,,,,,,,,,,,,,,,,,,,,,,,,,,,,,,,,
Activity Metrics
    Number of Spikes,15280.000000,0.000000,21215.000000,10771.000000,18942.000000,12115.000000,0.000000,0.000000,11721.000000,20300.000000,0.000000,17334.000000,0.000000,0.000000,10825.000000,0.000000,15578.000000,14400.000000,8202.000000,7174.000000,5927.000000,7421.000000,11168.000000,11630.000000,24553.000000,13508.000000,16384.000000,6920.000000,0.000000,0.000000,0.000000,11531.000000,33344.000000,10268.000000,7199.000000,3911.000000,0.000000,2147.000000,0.000000,4968.000000,15174.000000,52.000000,8512.000000,10565.000000,8556.000000,1419.000000,3685.000000,0.000000
    Mean Firing Rate (Hz),1.591667,0.000000,2.209896,1.121979,1.973125,1.261979,0.000000,0.000000,1.220938,2.114583,0.000000,1.805625,0.000000,0.000000,1.127604,0.000000,1.622708,1.500000,0.854375,0.747292,0.617396,0.773021,1.163333,1.211458,2.557604,1.407083,1.706667,0.720833,0.000000,0.000000,0.000000,1.201146,3.473333,1.069583,0.749896,0.407396,0.000000,0.223646,0.000000,0.517500,1.580625,0.005417,0.886667,1.100521,0.891250,0.147813,0.383854,0.000000
    ISI Coefficient of Variation - Avg,4.463771, ,3.728976,2.863981,3.380210,2.229984, , ,3.915085,5.283487, ,4.293905, , ,2.988388, ,3.837756,10.191677,9.075287,4.903450,4.408401,5.126315,4.261020,4.788076,7.113377,9.524187,6.499993,5.126292, , , ,3.321156,5.778419,3.791113,9.675118,3.952339, ,4.318508, ,2.804677,4.272227, ,4.244335,2.960909,3.022874,3.105255,2.434502, 
    Number of Active Electrodes,16.000000,0.000000,13.000000,12.000000,14.000000,11.000000,0.000000,0.000000,15.000000,16.000000,0.000000,15.000000,0.000000,0.000000,12.000000,0.000000,16.000000,16.000000,15.000000,15.000000,11.000000,15.000000,16.000000,16.000000,16.000000,16.000000,16.000000,16.000000,0.000000,0.000000,0.000000,16.000000,16.000000,14.000000,15.000000,9.000000,0.000000,9.000000,0.000000,12.000000,16.000000,0.000000,11.000000,16.000000,14.000000,4.000000,10.000000,0.000000
    Weighted Mean Firing Rate (Hz),1.591667, ,2.714359,1.469861,2.250000,1.819545, , ,1.300000,2.114583, ,1.921222, , ,1.494861, ,1.622708,1.500000,0.905000,0.795000,0.880000,0.820667,1.163333,1.211458,2.557604,1.407083,1.706667,0.720833, , , ,1.201146,3.473333,1.216429,0.799889,0.687407, ,0.379259, ,0.679722,1.580625, ,1.270303,1.100521,1.016310,0.545000,0.595000, 
Electrode Burst Metrics
    Number of Bursts,896.000000,0.000000,963.000000,671.000000,1158.000000,502.000000,0.000000,0.000000,711.000000,702.000000,0.000000,873.000000,0.000000,0.000000,641.000000,0.000000,779.000000,535.000000,399.000000,459.000000,270.000000,412.000000,665.000000,586.000000,686.000000,383.000000,606.000000,442.000000,0.000000,0.000000,0.000000,627.000000,923.000000,539.000000,221.000000,219.000000,0.000000,142.000000,0.000000,311.000000,674.000000,1.000000,330.000000,597.000000,332.000000,73.000000,204.000000,0.000000
    Number of Bursting Electrodes,16.000000,0.000000,12.000000,11.000000,14.000000,7.000000,0.000000,0.000000,14.000000,16.000000,0.000000,15.000000,0.000000,0.000000,11.000000,0.000000,16.000000,16.000000,16.000000,15.000000,12.000000,15.000000,16.000000,16.000000,16.000000,16.000000,16.000000,16.000000,0.000000,0.000000,0.000000,16.000000,16.000000,13.000000,15.000000,12.000000,0.000000,10.000000,0.000000,13.000000,16.000000,1.000000,13.000000,15.000000,14.000000,5.000000,10.000000,0.000000
    Burst Duration - Avg (sec),0.103823, ,0.114458,0.082871,0.077912,0.166666, , ,0.089853,0.164511, ,0.148695, , ,0.093147, ,0.085353,0.207731,0.156385,0.123947,0.255605,0.087986,0.084128,0.082382,0.272585,0.257071,0.188022,0.089218, , , ,0.092238,0.194542,0.102679,0.175459,0.080874, ,0.156271, ,0.125185,0.182269,0.029040,0.157733,0.084028,0.120640,0.226280,0.328600, 
    Burst Duration - Std (sec),0.070541, ,0.023277,0.028963,0.024485,0.090634, , ,0.035371,0.095779, ,0.070290, , ,0.029219, ,0.033789,0.146568,0.083176,0.075183,0.429440,0.041998,0.034153,0.032692,0.097328,0.136325,0.103638,0.058797, , , ,0.023021,0.055618,0.028337,0.074729,0.055920, ,0.083016, ,0.069972,0.096698, ,0.049230,0.059581,0.094003,0.103968,0.738799, 
    Number of Spikes per Burst - Avg,15.655969, ,19.070594,12.065675,13.595473,12.909417, , ,13.289061,24.630153, ,18.766685, , ,12.986572, ,16.516590,25.182426,18.531829,14.156028,16.465112,16.147965,14.199202,18.822314,33.355814,32.818967,26.131488,12.598019, , , ,13.350803,33.277189,15.210961,31.009697,11.100762, ,12.551310, ,9.782303,19.202777,4.000000,20.042068,12.237790,14.830113,11.188571,8.929599, 
    Number of Spikes per Burst - Std,6.738751, ,7.859264,6.166922,6.514848,4.773857, , ,8.041770,12.244144, ,7.278003, , ,6.426710, ,8.804086,16.170696,9.537832,7.618992,11.342397,8.028312,7.311451,8.568763,18.435589,15.119568,13.780194,7.544690, , , ,9.719180,13.789900,9.083627,14.397209,8.147926, ,9.558634, ,6.875765,9.007961, ,13.305902,8.323175,14.299986,7.501282,6.385456, 
    Mean ISI within Burst - Avg (sec),0.005942, ,0.007685,0.008532,0.006977,0.014104, , ,0.006768,0.006159, ,0.007203, , ,0.009200, ,0.005512,0.007090,0.007842,0.009149,0.013769,0.005993,0.007206,0.005066,0.007864,0.007213,0.006353,0.007844, , , ,0.009258,0.005462,0.007967,0.006038,0.009481, ,0.012207, ,0.016261,0.007973,0.009680,0.012138,0.006842,0.010279,0.027439,0.032914, 
    Mean ISI within Burst - Std (sec),0.002465, ,0.004240,0.002531,0.002394,0.005034, , ,0.001982,0.001740, ,0.001762, , ,0.003471, ,0.001639,0.001896,0.002525,0.004918,0.015802,0.001332,0.003381,0.001373,0.003592,0.002338,0.001801,0.002130, , , ,0.003629,0.002054,0.003697,0.001653,0.003411, ,0.003360, ,0.011181,0.003137, ,0.009034,0.001744,0.004268,0.012700,0.058264, 
    Median ISI within Burst - Avg (sec),0.004362, ,0.006069,0.006643,0.005422,0.011429, , ,0.005449,0.004169, ,0.005070, , ,0.007029, ,0.004375,0.004772,0.005662,0.006488,0.009443,0.004276,0.005353,0.004028,0.005239,0.004592,0.004403,0.005593, , , ,0.007375,0.004078,0.005943,0.003769,0.007669, ,0.008309, ,0.011979,0.005010,0.010400,0.009022,0.005380,0.008223,0.023741,0.017094, 
    Median ISI within Burst - Std (sec),0.001713, ,0.003521,0.002738,0.002021,0.005009, , ,0.001635,0.001335, ,0.001193, , ,0.003579, ,0.001217,0.001303,0.002423,0.003446,0.011209,0.001097,0.002641,0.001260,0.001933,0.001759,0.001145,0.001401, , , ,0.002928,0.001417,0.002380,0.001042,0.003733, ,0.003412, ,0.006875,0.001801, ,0.005739,0.001358,0.003638,0.011418,0.017921, 
    Median/Mean ISI within Burst - Avg,0.765479, ,0.784337,0.764241,0.786252,0.792126, , ,0.843785,0.714469, ,0.731690, , ,0.735651, ,0.820705,0.719527,0.729705,0.758835,0.724477,0.737124,0.750325,0.805050,0.741342,0.652809,0.718944,0.741346, , , ,0.813562,0.790112,0.822712,0.653027,0.790865, ,0.729240, ,0.792857,0.764067,1.074380,0.780999,0.822722,0.817302,0.845119,0.797879, 
    Median/Mean ISI within Burst - Std,0.056045, ,0.046202,0.103727,0.051896,0.093792, , ,0.047708,0.120565, ,0.053878, , ,0.101763, ,0.039093,0.060989,0.104029,0.072227,0.121342,0.086961,0.058961,0.052676,0.038975,0.081405,0.043237,0.077963, , , ,0.040862,0.023728,0.035064,0.069226,0.152584, ,0.087589, ,0.101319,0.077507, ,0.068706,0.106367,0.129982,0.087253,0.075383, 
    Inter-Burst Interval - Avg (sec),10.820316, ,11.154822,19.848104,8.303881,9.855552, , ,15.289674,40.277625, ,10.339841, , ,24.878346, ,16.212742,18.536525,23.281643,20.005107,28.037445,22.404240,16.465140,16.708853,13.952031,22.871167,16.036380,25.288992, , , ,20.604694,10.499083,16.813849,32.646228,29.287972, ,26.354932, ,27.009843,32.198803, ,47.339041,36.967535,54.232193,45.490522,85.137740, 
    Inter-Burst Interval - Std (sec),1.010332, ,14.739067,36.477806,4.234176,5.551285, , ,14.185489,91.643200, ,0.687624, , ,34.336282, ,21.443125,1.592944,2.161574,2.587264,14.479649,8.331624,10.610387,2.857708,2.318807,0.994212,0.228290,15.521863, , , ,14.737331,0.820021,8.644859,3.284167,25.038295, ,0.853794, ,16.969144,73.533856, ,67.148878,55.327799,56.572139,22.419574,98.744302, 
    Burst Frequency - Avg (Hz),0.093333, ,0.133750,0.101667,0.137857,0.119524, , ,0.084643,0.073125, ,0.097000, , ,0.097121, ,0.081146,0.055729,0.041563,0.051000,0.037500,0.045778,0.069271,0.061042,0.071458,0.039896,0.063125,0.046042, , , ,0.065312,0.096146,0.069103,0.024556,0.030417, ,0.023667, ,0.039872,0.070208,0.001667,0.042308,0.066333,0.039524,0.024333,0.034000, 
    Burst Frequency - Std (Hz),0.007865, ,0.037599,0.051511,0.038649,0.050440, , ,0.026027,0.027250, ,0.005202, , ,0.051630, ,0.031197,0.003750,0.011030,0.005903,0.017574,0.010291,0.022152,0.007094,0.008139,0.001548,0.000833,0.015249, , , ,0.028933,0.005985,0.024378,0.001721,0.022964, ,0.007809, ,0.031516,0.024380, ,0.018900,0.042553,0.027846,0.017974,0.031163, 
    IBI Coefficient of Variation - Avg,0.718824, ,0.408268,0.426708,0.467012,0.849016, , ,0.857829,0.563432, ,0.266082, , ,0.398847, ,0.563281,1.842675,1.813645,0.898916,0.609911,0.891965,0.731643,0.564434,0.828936,1.405368,0.858139,1.212585, , , ,0.621213,0.373304,0.705253,1.524137,0.716478, ,0.715804, ,0.646213,0.583481, ,0.413997,0.534840,0.625096,0.478915,0.828929, 
    IBI Coefficient of Variation - Std,0.064573, ,0.100524,0.177302,0.174424,0.522704, , ,0.061977,0.007240, ,0.035069, , ,0.369727, ,0.135552,0.068557,0.077443,0.042505,0.066721,0.029723,0.087455,0.037326,0.031289,0.081908,0.002883,0.149505, , , ,0.175313,0.038108,0.081470,0.081199,0.124236, ,0.008736, ,0.218481,0.164316, ,0.149041,0.294314,0.283309,0.166906,0.220332, 
    Burst Percentage - Avg,94.186836, ,65.828684,52.081958,74.864579,33.241693, , ,72.966584,85.068641, ,89.049009, , ,52.325303, ,82.862333,94.989262,89.998246,86.894778,59.096052,85.926436,85.932060,96.414306,94.924022,93.911820,96.019644,82.838373, , , ,77.827960,94.056461,68.807787,95.248756,49.724067, ,53.030130, ,48.316353,86.032930,6.666667,67.370337,64.913776,53.154341,40.860818,33.550524, 
    Burst Percentage - Std,7.758706, ,43.703676,45.833846,32.267240,36.728487, , ,33.799708,29.260179, ,24.173854, , ,46.412055, ,27.838913,4.254982,22.517636,23.932045,42.260715,27.529533,21.057234,5.684553,4.511589,4.288252,2.205000,21.730223, , , ,20.800082,5.108217,36.764760,6.398287,40.777633, ,47.122687, ,41.175840,23.207532,9.428090,39.158610,39.651473,37.195792,38.984323,35.688465, 
Network Burst Metrics
    Number of Network Bursts,58.000000,0.000000,88.000000,87.000000,101.000000,113.000000,0.000000,0.000000,64.000000,50.000000,0.000000,59.000000,0.000000,0.000000,78.000000,0.000000,58.000000,34.000000,27.000000,33.000000,28.000000,30.000000,49.000000,38.000000,46.000000,24.000000,38.000000,33.000000,0.000000,0.000000,0.000000,58.000000,58.000000,54.000000,15.000000,31.000000,0.000000,16.000000,0.000000,47.000000,48.000000,0.000000,33.000000,60.000000,42.000000,12.000000,48.000000,0.000000
    Network Burst Frequency,0.096667, ,0.146667,0.145000,0.168333,0.188333, , ,0.106667,0.083333, ,0.098333, , ,0.130000, ,0.096667,0.056667,0.045000,0.055000,0.046667,0.050000,0.081667,0.063333,0.076667,0.040000,0.063333,0.055000, , , ,0.096667,0.096667,0.090000,0.025000,0.051667, ,0.026667, ,0.078333,0.080000, ,0.055000,0.100000,0.070000,0.020000,0.080000, 
    Network Burst Duration - Avg (sec),0.526047, ,0.272718,0.194189,0.257418,0.470078, , ,0.198495,0.409658, ,0.360137, , ,0.183910, ,0.193610,0.505304,0.404329,0.303573,0.662437,0.226251,0.224648,0.393642,0.485694,0.644867,0.413269,0.366470, , , ,0.304190,0.550072,0.174959,0.633163,0.393048, ,0.342065, ,0.188194,0.495927, ,0.273702,0.270652,0.347177,0.541487,0.172410, 
    Network Burst Duration - Std (sec),0.275420, ,0.046135,0.050172,0.141303,0.133099, , ,0.198927,0.460342, ,0.329034, , ,0.038849, ,0.171503,0.371646,0.346157,0.415070,0.266727,0.129837,0.126035,0.152493,0.364464,0.299633,0.351701,0.211179, , , ,0.162138,0.425586,0.182269,0.148806,0.154796, ,0.515077, ,0.195317,0.420103, ,0.234561,0.204497,0.244223,0.212021,0.075239, 
    Number of Spikes per Network Burst - Avg,254.120690, ,231.534091,122.666667,184.663366,90.247788, , ,179.843750,405.580000, ,293.169492, , ,138.141026, ,261.086207,422.911765,301.259259,216.393939,192.178571,244.300000,227.510204,304.868421,533.347826,555.541667,430.657895,202.575758, , , ,194.913793,569.327586,187.074074,478.133333,125.483871, ,130.875000, ,104.617021,296.312500, ,247.242424,175.566667,197.404762,75.000000,68.145833, 
    Number of Spikes per Network Burst - Std,208.469871, ,34.065504,13.434308,39.251313,10.918964, , ,128.605860,161.782304, ,86.017671, , ,8.239475, ,195.550351,228.191489,132.665163,52.450536,71.432980,78.407930,73.745656,54.930015,369.934482,321.018350,197.517878,40.136509, , , ,115.938472,567.517474,141.102111,140.122328,13.615851, ,78.935311, ,62.717986,241.377180, ,178.790910,64.519966,111.278175,20.059004,24.692138, 
    Mean ISI within Network Burst - Avg (sec),0.002365, ,0.001210,0.001608,0.001418,0.005281, , ,0.001055,0.000815, ,0.001065, , ,0.001340, ,0.000712,0.001081,0.001219,0.001149,0.003503,0.000883,0.000963,0.001264,0.000892,0.001235,0.000841,0.001744, , , ,0.001746,0.001307,0.000892,0.001379,0.003089, ,0.001961, ,0.001678,0.001733, ,0.001057,0.001426,0.001670,0.007317,0.002563, 
    Mean ISI within Network Burst - Std (sec),0.001203, ,0.000282,0.000432,0.000737,0.001403, , ,0.000476,0.000556, ,0.000646, , ,0.000262, ,0.000247,0.000403,0.000492,0.001157,0.000893,0.000312,0.000214,0.000364,0.000481,0.000430,0.000305,0.000776, , , ,0.000994,0.001282,0.000271,0.000320,0.001071, ,0.001232, ,0.000562,0.000975, ,0.000388,0.000567,0.000425,0.002549,0.000569, 
    Median ISI within Network Burst - Avg (sec),0.000252, ,0.000400,0.000721,0.000410,0.001616, , ,0.000380,0.000318, ,0.000345, , ,0.000570, ,0.000268,0.000368,0.000367,0.000375,0.000616,0.000303,0.000306,0.000248,0.000430,0.000330,0.000311,0.000382, , , ,0.000448,0.000319,0.000439,0.000288,0.000730, ,0.000845, ,0.000857,0.000316, ,0.000515,0.000508,0.000727,0.003273,0.001532, 
    Median ISI within Network Burst - Std (sec),0.000044, ,0.000045,0.000201,0.000107,0.000308, , ,0.000131,0.000168, ,0.000148, , ,0.000055, ,0.000051,0.000145,0.000127,0.000174,0.000254,0.000052,0.000055,0.000032,0.000243,0.000076,0.000133,0.000079, , , ,0.000111,0.000558,0.000102,0.000041,0.000112, ,0.000611, ,0.000309,0.000064, ,0.000094,0.000198,0.000220,0.000392,0.000431, 
    Median/Mean ISI within Network Burst - Avg,0.156348, ,0.346560,0.461411,0.338125,0.321708, , ,0.414741,0.448403, ,0.359519, , ,0.438087, ,0.406718,0.352641,0.317313,0.431539,0.184689,0.371955,0.328522,0.219292,0.482792,0.285368,0.375588,0.244310, , , ,0.324280,0.266597,0.510672,0.221825,0.268990, ,0.435058, ,0.517306,0.218990, ,0.519235,0.377301,0.443692,0.487713,0.601298, 
    Median/Mean ISI within Network Burst - Std,0.123250, ,0.078890,0.103002,0.122180,0.083344, , ,0.161728,0.123170, ,0.082067, , ,0.080688, ,0.113083,0.090752,0.071259,0.128438,0.084297,0.107496,0.072142,0.091309,0.074293,0.090949,0.074989,0.068406, , , ,0.153610,0.142077,0.095481,0.065671,0.116302, ,0.100299, ,0.094784,0.097841, ,0.109068,0.110877,0.099547,0.140173,0.112462, 
    Number of Elecs Participating in Burst - Avg,16.000000, ,13.034091,12.862069,14.247525,10.769912, , ,14.937500,15.740000, ,15.491525, , ,12.243590, ,15.637931,16.000000,15.962963,15.484848,13.821429,15.866667,16.000000,15.947368,15.978261,16.000000,16.000000,16.000000, , , ,15.568966,15.793103,14.388889,15.000000,12.806452, ,12.625000, ,12.404255,15.854167, ,13.030303,15.400000,13.952381,6.083333,10.979167, 
    Number of Elecs Participating in Burst - Std,0.000000, ,0.764873,1.382384,0.669417,1.026513, , ,0.753300,0.443087, ,0.504219, , ,0.776036, ,0.552452,0.000000,0.192450,0.507519,1.090483,0.345746,0.000000,0.226294,0.147442,0.000000,0.000000,0.000000, , , ,0.840052,1.575677,1.071354,0.000000,1.046243, ,1.024695, ,1.245157,0.356674, ,1.550904,0.806751,0.909365,0.288675,1.344644, 
    Number of Spikes per Network Burst per Channel - Avg,15.882543, ,17.862550,9.618553,12.954654,8.433255, , ,12.119511,25.749083, ,18.935169, , ,11.324010, ,16.702730,26.431985,18.868519,14.030303,13.947571,15.375972,14.219388,19.113048,33.375725,34.721354,26.916118,12.660985, , , ,12.411580,35.754310,12.872643,31.875556,9.834905, ,10.333926, ,8.345688,18.614149, ,18.300552,11.384431,14.121538,12.341270,6.156052, 
    Number of Spikes per Network Burst per Channel - Std,13.029367, ,3.029660,1.273281,2.675511,1.140669, , ,8.734750,10.139186, ,5.533177, , ,0.968163, ,12.279868,14.261968,8.280664,3.671460,5.203381,4.836588,4.609103,3.405120,23.113979,20.063647,12.344867,2.508532, , , ,7.120786,35.334971,9.045047,9.341489,1.125754, ,5.964488, ,4.630434,15.033062, ,11.129807,4.016817,7.713617,3.345222,1.941367, 
    Network Burst Percentage,96.459424, ,96.040537,99.080865,98.463731,84.176641, , ,98.199812,99.896552, ,99.786547, , ,99.538106, ,97.207600,99.854167,99.170934,99.540006,90.787920,98.760275,99.820917,99.613070,99.922616,98.704471,99.884033,96.604046, , , ,98.040066,99.031310,98.383327,99.624948,99.463053, ,97.531439, ,98.973430,93.732701, ,95.852914,99.706578,96.902758,63.424947,88.765265, 
    Network IBI Coefficient of Variation,0.679714, ,0.366538,0.285331,0.350560,0.387650, , ,0.796699,0.560478, ,0.253534, , ,0.151574, ,0.501106,1.831894,1.797932,0.921651,0.581857,0.876048,0.685448,0.569473,0.845246,1.402982,0.847152,1.262287, , , ,0.480087,0.327706,0.660560,1.489029,0.638388, ,0.687937, ,0.426269,0.497168, ,0.320164,0.313947,0.367536,0.464069,0.589910, 
    Network Normalized Duration IQR,0.695026, ,0.149069,0.324579,0.850171,0.479494, , ,0.706740,0.788476, ,3.425059, , ,0.170819, ,0.739729,1.598339,0.923595,0.240625,0.199619,1.265717,0.257565,0.707401,3.300003,0.258061,1.375421,1.106952, , , ,0.847272,0.924115,0.700545,0.284088,0.549738, ,0.340569, ,0.624455,1.245480, ,1.598579,1.099518,1.012995,0.389361,0.782643, 
Synchrony Metrics
    Area Under Normalized Cross-Correlation,0.885848,0.000000,0.559693,0.411045,0.653891,0.239876,0.000000,0.000000,0.645305,0.830233,0.000000,0.812050,0.000000,0.000000,0.489075,0.000000,0.787756,0.843467,0.798660,0.735950,0.506146,0.774151,0.784365,0.875831,0.761571,0.824450,0.867261,0.789345,0.000000,0.000000,0.000000,0.545027,0.840432,0.615333,0.801102,0.493484,0.000000,0.470085,0.000000,0.380375,0.734665,0.006664,0.410297,0.617369,0.427448,0.038355,0.262500,0.000000
    Area Under Cross-Correlation,8.976208,0.000000,8.910264,2.754542,8.689972,1.076375,0.000000,0.000000,4.654292,12.715417,0.000000,9.688236,0.000000,0.000000,3.204583,0.000000,9.351778,7.546875,3.927139,3.496417,1.650250,4.092972,6.172542,8.443000,12.191486,7.519375,10.018472,3.041778,0.000000,0.000000,0.000000,4.525000,22.705958,3.942986,4.861806,0.940264,0.000000,0.440722,0.000000,0.958708,7.404181,0.000042,2.873056,3.924708,2.047708,0.044403,0.406681,0.000000
    Full Width at Half Height of Normalized Cross-Correlation,8.000000, ,8.000000,13.000000,16.000000,11.000000, , ,14.000000,10.000000, ,11.000000, , ,11.000000, ,15.000000,13.000000,9.000000,9.000000,19.000000,10.000000,9.000000,12.000000,16.000000,12.000000,11.000000,17.000000, , , ,5.000000,9.000000,18.000000,11.000000,15.000000, ,12.000000, ,20.000000,7.000000,4.000000,9.000000,20.000000,16.000000,11.000000,17.000000, 
    Full Width at Half Height of Cross-Correlation,52.000000, ,99.000000,80.000000,74.000000,56.000000, , ,54.000000,83.000000, ,68.000000, , ,77.000000, ,72.000000,70.000000,71.000000,65.000000,63.000000,59.000000,62.000000,73.000000,104.000000,96.000000,75.000000,56.000000, , , ,80.000000,97.000000,72.000000,108.000000,62.000000, ,46.000000, ,66.000000,63.000000,5.000000,129.000000,64.000000,84.000000,168.000000,66.000000, 
    Synchrony Index, , , , , , , , , , , , , , , , , , , , , , , , , , , , , , , , , , , , , , , , , , , , , , , , 
    Kreuz SPIKE Distance, , , , , , , , , , , , , , , , , , , , , , , , , , , , , , , , , , , , , , , , , , , , , , , , 
Average Network Burst Metrics
    Start Electrode,12.000000, ,43.000000,22.000000,22.000000,34.000000, , ,11.000000,44.000000, ,21.000000, , ,11.000000, ,11.000000,21.000000,23.000000,13.000000,23.000000,41.000000,41.000000,11.000000,31.000000,21.000000,32.000000,42.000000, , , ,12.000000,13.000000,13.000000,31.000000,13.000000, ,33.000000, ,33.000000,11.000000, ,42.000000,11.000000,42.000000,21.000000,42.000000, 
    Percent Bursts with Start Electrode,25.862069, ,51.136364,72.413793,28.712871,25.663717, , ,26.562500,62.000000, ,89.830508, , ,44.871795, ,32.758621,26.470588,33.333333,36.363636,39.285714,30.000000,42.857143,28.947368,36.956522,20.833333,26.315789,30.303030, , , ,63.793103,32.758621,40.740741,73.333333,41.935484, ,37.500000, ,29.787234,25.000000, ,39.393939,50.000000,40.476190,91.666667,60.416667, 
    Burst Peak (Max Spikes per sec),3448.275862, ,2011.363636,1321.839080,1702.970297,752.212389, , ,1281.250000,5160.000000, ,4305.084746, , ,2230.769231, ,3379.310345,4411.764706,4333.333333,4242.424242,2714.285714,4500.000000,4265.306122,5026.315789,4695.652174,3916.666667,5315.789474,3757.575758, , , ,1862.068966,2293.103448,2481.481481,5333.333333,1870.967742, ,2312.500000, ,1170.212766,1895.833333, ,1848.484848,2266.666667,1380.952381,583.333333,770.833333, 
    Time to Burst Peak (ms),18.500000, ,70.500000,58.500000,68.500000,8.500000, , ,20.500000,22.500000, ,44.500000, , ,38.500000, ,44.500000,20.500000,22.500000,16.500000,12.500000,16.500000,24.500000,24.500000,26.500000,27.500000,30.500000,8.500000, , , ,77.500000,30.500000,22.500000,28.500000,16.500000, ,12.500000, ,22.500000,26.500000, ,81.500000,78.500000,87.500000,46.500000,18.500000, 
Viability Metrics
    Resistance - Avg (kOhms), , , , , , , , , , , , , , , , , , , , , , , , , , , , , , , , , , , , , , , , , , , , , , , , 
    Resistance - Std (kOhms), , , , , , , , , , , , , , , , , , , , , , , , , , , , , , , , , , , , , , , , , , , , , , , , 
    Number of Covered Electrodes, , , , , , , , , , , , , , , , , , , , , , , , , , , , , , , , , , , , , , , , , , , , , , , , 
    Weighted Mean Resistance (kOhms), , , , , , , , , , , , , , , , , , , , , , , , , , , , , , , , , , , , , , , , , , , , , , , , 

Measurement,A1_11,A1_12,A1_13,A1_14,A1_21,A1_22,A1_23,A1_24,A1_31,A1_32,A1_33,A1_34,A1_41,A1_42,A1_43,A1_44,A2_11,A2_12,A2_13,A2_14,A2_21,A2_22,A2_23,A2_24,A2_31,A2_32,A2_33,A2_34,A2_41,A2_42,A2_43,A2_44,A3_11,A3_12,A3_13,A3_14,A3_21,A3_22,A3_23,A3_24,A3_31,A3_32,A3_33,A3_34,A3_41,A3_42,A3_43,A3_44,A4_11,A4_12,A4_13,A4_14,A4_21,A4_22,A4_23,A4_24,A4_31,A4_32,A4_33,A4_34,A4_41,A4_42,A4_43,A4_44,A5_11,A5_12,A5_13,A5_14,A5_21,A5_22,A5_23,A5_24,A5_31,A5_32,A5_33,A5_34,A5_41,A5_42,A5_43,A5_44,A6_11,A6_12,A6_13,A6_14,A6_21,A6_22,A6_23,A6_24,A6_31,A6_32,A6_33,A6_34,A6_41,A6_42,A6_43,A6_44,A7_11,A7_12,A7_13,A7_14,A7_21,A7_22,A7_23,A7_24,A7_31,A7_32,A7_33,A7_34,A7_41,A7_42,A7_43,A7_44,A8_11,A8_12,A8_13,A8_14,A8_21,A8_22,A8_23,A8_24,A8_31,A8_32,A8_33,A8_34,A8_41,A8_42,A8_43,A8_44,B1_11,B1_12,B1_13,B1_14,B1_21,B1_22,B1_23,B1_24,B1_31,B1_32,B1_33,B1_34,B1_41,B1_42,B1_43,B1_44,B2_11,B2_12,B2_13,B2_14,B2_21,B2_22,B2_23,B2_24,B2_31,B2_32,B2_33,B2_34,B2_41,B2_42,B2_43,B2_44,B3_11,B3_12,B3_13,B3_14,B3_21,B3_22,B3_23,B3_24,B3_31,B3_32,B3_33,B3_34,B3_41,B3_42,B3_43,B3_44,B4_11,B4_12,B4_13,B4_14,B4_21,B4_22,B4_23,B4_24,B4_31,B4_32,B4_33,B4_34,B4_41,B4_42,B4_43,B4_44,B5_11,B5_12,B5_13,B5_14,B5_21,B5_22,B5_23,B5_24,B5_31,B5_32,B5_33,B5_34,B5_41,B5_42,B5_43,B5_44,B6_11,B6_12,B6_13,B6_14,B6_21,B6_22,B6_23,B6_24,B6_31,B6_32,B6_33,B6_34,B6_41,B6_42,B6_43,B6_44,B7_11,B7_12,B7_13,B7_14,B7_21,B7_22,B7_23,B7_24,B7_31,B7_32,B7_33,B7_34,B7_41,B7_42,B7_43,B7_44,B8_11,B8_12,B8_13,B8_14,B8_21,B8_22,B8_23,B8_24,B8_31,B8_32,B8_33,B8_34,B8_41,B8_42,B8_43,B8_44,C1_11,C1_12,C1_13,C1_14,C1_21,C1_22,C1_23,C1_24,C1_31,C1_32,C1_33,C1_34,C1_41,C1_42,C1_43,C1_44,C2_11,C2_12,C2_13,C2_14,C2_21,C2_22,C2_23,C2_24,C2_31,C2_32,C2_33,C2_34,C2_41,C2_42,C2_43,C2_44,C3_11,C3_12,C3_13,C3_14,C3_21,C3_22,C3_23,C3_24,C3_31,C3_32,C3_33,C3_34,C3_41,C3_42,C3_43,C3_44,C4_11,C4_12,C4_13,C4_14,C4_21,C4_22,C4_23,C4_24,C4_31,C4_32,C4_33,C4_34,C4_41,C4_42,C4_43,C4_44,C5_11,C5_12,C5_13,C5_14,C5_21,C5_22,C5_23,C5_24,C5_31,C5_32,C5_33,C5_34,C5_41,C5_42,C5_43,C5_44,C6_11,C6_12,C6_13,C6_14,C6_21,C6_22,C6_23,C6_24,C6_31,C6_32,C6_33,C6_34,C6_41,C6_42,C6_43,C6_44,C7_11,C7_12,C7_13,C7_14,C7_21,C7_22,C7_23,C7_24,C7_31,C7_32,C7_33,C7_34,C7_41,C7_42,C7_43,C7_44,C8_11,C8_12,C8_13,C8_14,C8_21,C8_22,C8_23,C8_24,C8_31,C8_32,C8_33,C8_34,C8_41,C8_42,C8_43,C8_44,D1_11,D1_12,D1_13,D1_14,D1_21,D1_22,D1_23,D1_24,D1_31,D1_32,D1_33,D1_34,D1_41,D1_42,D1_43,D1_44,D2_11,D2_12,D2_13,D2_14,D2_21,D2_22,D2_23,D2_24,D2_31,D2_32,D2_33,D2_34,D2_41,D2_42,D2_43,D2_44,D3_11,D3_12,D3_13,D3_14,D3_21,D3_22,D3_23,D3_24,D3_31,D3_32,D3_33,D3_34,D3_41,D3_42,D3_43,D3_44,D4_11,D4_12,D4_13,D4_14,D4_21,D4_22,D4_23,D4_24,D4_31,D4_32,D4_33,D4_34,D4_41,D4_42,D4_43,D4_44,D5_11,D5_12,D5_13,D5_14,D5_21,D5_22,D5_23,D5_24,D5_31,D5_32,D5_33,D5_34,D5_41,D5_42,D5_43,D5_44,D6_11,D6_12,D6_13,D6_14,D6_21,D6_22,D6_23,D6_24,D6_31,D6_32,D6_33,D6_34,D6_41,D6_42,D6_43,D6_44,D7_11,D7_12,D7_13,D7_14,D7_21,D7_22,D7_23,D7_24,D7_31,D7_32,D7_33,D7_34,D7_41,D7_42,D7_43,D7_44,D8_11,D8_12,D8_13,D8_14,D8_21,D8_22,D8_23,D8_24,D8_31,D8_32,D8_33,D8_34,D8_41,D8_42,D8_43,D8_44,E1_11,E1_12,E1_13,E1_14,E1_21,E1_22,E1_23,E1_24,E1_31,E1_32,E1_33,E1_34,E1_41,E1_42,E1_43,E1_44,E2_11,E2_12,E2_13,E2_14,E2_21,E2_22,E2_23,E2_24,E2_31,E2_32,E2_33,E2_34,E2_41,E2_42,E2_43,E2_44,E3_11,E3_12,E3_13,E3_14,E3_21,E3_22,E3_23,E3_24,E3_31,E3_32,E3_33,E3_34,E3_41,E3_42,E3_43,E3_44,E4_11,E4_12,E4_13,E4_14,E4_21,E4_22,E4_23,E4_24,E4_31,E4_32,E4_33,E4_34,E4_41,E4_42,E4_43,E4_44,E5_11,E5_12,E5_13,E5_14,E5_21,E5_22,E5_23,E5_24,E5_31,E5_32,E5_33,E5_34,E5_41,E5_42,E5_43,E5_44,E6_11,E6_12,E6_13,E6_14,E6_21,E6_22,E6_23,E6_24,E6_31,E6_32,E6_33,E6_34,E6_41,E6_42,E6_43,E6_44,E7_11,E7_12,E7_13,E7_14,E7_21,E7_22,E7_23,E7_24,E7_31,E7_32,E7_33,E7_34,E7_41,E7_42,E7_43,E7_44,E8_11,E8_12,E8_13,E8_14,E8_21,E8_22,E8_23,E8_24,E8_31,E8_32,E8_33,E8_34,E8_41,E8_42,E8_43,E8_44,F1_11,F1_12,F1_13,F1_14,F1_21,F1_22,F1_23,F1_24,F1_31,F1_32,F1_33,F1_34,F1_41,F1_42,F1_43,F1_44,F2_11,F2_12,F2_13,F2_14,F2_21,F2_22,F2_23,F2_24,F2_31,F2_32,F2_33,F2_34,F2_41,F2_42,F2_43,F2_44,F3_11,F3_12,F3_13,F3_14,F3_21,F3_22,F3_23,F3_24,F3_31,F3_32,F3_33,F3_34,F3_41,F3_42,F3_43,F3_44,F4_11,F4_12,F4_13,F4_14,F4_21,F4_22,F4_23,F4_24,F4_31,F4_32,F4_33,F4_34,F4_41,F4_42,F4_43,F4_44,F5_11,F5_12,F5_13,F5_14,F5_21,F5_22,F5_23,F5_24,F5_31,F5_32,F5_33,F5_34,F5_41,F5_42,F5_43,F5_44,F6_11,F6_12,F6_13,F6_14,F6_21,F6_22,F6_23,F6_24,F6_31,F6_32,F6_33,F6_34,F6_41,F6_42,F6_43,F6_44,F7_11,F7_12,F7_13,F7_14,F7_21,F7_22,F7_23,F7_24,F7_31,F7_32,F7_33,F7_34,F7_41,F7_42,F7_43,F7_44,F8_11,F8_12,F8_13,F8_14,F8_21,F8_22,F8_23,F8_24,F8_31,F8_32,F8_33,F8_34,F8_41,F8_42,F8_43,F8_44,
Activity Metrics
    Number of Spikes,548.000000,2013.000000,1143.000000,1427.000000,1539.000000,369.000000,760.000000,1043.000000,1484.000000,492.000000,938.000000,821.000000,315.000000,601.000000,1075.000000,712.000000,0.000000,0.000000,0.000000,0.000000,0.000000,0.000000,0.000000,0.000000,0.000000,0.000000,0.000000,0.000000,0.000000,0.000000,0.000000,0.000000,1.000000,1972.000000,325.000000,2784.000000,2357.000000,2536.000000,954.000000,9.000000,33.000000,68.000000,2190.000000,898.000000,995.000000,1981.000000,2769.000000,1343.000000,569.000000,54.000000,203.000000,810.000000,44.000000,1264.000000,82.000000,881.000000,1451.000000,1880.000000,109.000000,2055.000000,570.000000,46.000000,709.000000,44.000000,376.000000,968.000000,373.000000,965.000000,36.000000,2009.000000,720.000000,1060.000000,6.000000,2219.000000,2161.000000,978.000000,1384.000000,1173.000000,3074.000000,1440.000000,0.000000,337.000000,2687.000000,2830.000000,0.000000,2370.000000,0.000000,57.000000,963.000000,1022.000000,128.000000,637.000000,49.000000,89.000000,72.000000,874.000000,0.000000,0.000000,0.000000,0.000000,0.000000,0.000000,0.000000,0.000000,0.000000,0.000000,0.000000,0.000000,0.000000,0.000000,0.000000,0.000000,0.000000,0.000000,0.000000,0.000000,0.000000,0.000000,0.000000,0.000000,0.000000,0.000000,0.000000,0.000000,0.000000,0.000000,0.000000,0.000000,1755.000000,954.000000,443.000000,159.000000,564.000000,583.000000,419.000000,894.000000,439.000000,1412.000000,347.000000,1799.000000,21.000000,317.000000,1539.000000,76.000000,741.000000,1115.000000,1368.000000,1735.000000,998.000000,1022.000000,2107.000000,70.000000,1416.000000,2276.000000,1141.000000,2053.000000,1453.000000,715.000000,86.000000,2004.000000,0.000000,0.000000,0.000000,0.000000,0.000000,0.000000,0.000000,0.000000,0.000000,0.000000,0.000000,0.000000,0.000000,0.000000,0.000000,0.000000,1229.000000,1430.000000,582.000000,937.000000,1418.000000,1149.000000,794.000000,1164.000000,1129.000000,43.000000,1775.000000,1100.000000,604.000000,409.000000,1523.000000,2048.000000,0.000000,0.000000,0.000000,0.000000,0.000000,0.000000,0.000000,0.000000,0.000000,0.000000,0.000000,0.000000,0.000000,0.000000,0.000000,0.000000,0.000000,0.000000,0.000000,0.000000,0.000000,0.000000,0.000000,0.000000,0.000000,0.000000,0.000000,0.000000,0.000000,0.000000,0.000000,0.000000,1429.000000,224.000000,411.000000,707.000000,1111.000000,7.000000,760.000000,66.000000,158.000000,784.000000,1748.000000,1765.000000,24.000000,30.000000,1600.000000,1.000000,0.000000,0.000000,0.000000,0.000000,0.000000,0.000000,0.000000,0.000000,0.000000,0.000000,0.000000,0.000000,0.000000,0.000000,0.000000,0.000000,1641.000000,1577.000000,1264.000000,1767.000000,1736.000000,982.000000,1059.000000,86.000000,97.000000,415.000000,330.000000,1206.000000,518.000000,1135.000000,1024.000000,741.000000,161.000000,335.000000,480.000000,1027.000000,1381.000000,446.000000,947.000000,1557.000000,344.000000,1295.000000,918.000000,440.000000,2511.000000,929.000000,1175.000000,454.000000,300.000000,57.000000,538.000000,463.000000,442.000000,424.000000,815.000000,355.000000,1075.000000,566.000000,689.000000,153.000000,272.000000,454.000000,700.000000,899.000000,628.000000,246.000000,942.000000,802.000000,228.000000,593.000000,19.000000,222.000000,353.000000,764.000000,277.000000,230.000000,769.000000,180.000000,195.000000,726.000000,873.000000,10.000000,90.000000,653.000000,1054.000000,144.000000,885.000000,31.000000,29.000000,24.000000,89.000000,717.000000,182.000000,25.000000,376.000000,745.000000,541.000000,783.000000,721.000000,502.000000,371.000000,35.000000,458.000000,608.000000,419.000000,117.000000,739.000000,200.000000,505.000000,1039.000000,88.000000,295.000000,266.000000,1121.000000,496.000000,847.000000,535.000000,547.000000,707.000000,848.000000,540.000000,156.000000,959.000000,210.000000,1339.000000,189.000000,1062.000000,1346.000000,1253.000000,564.000000,1181.000000,691.000000,850.000000,808.000000,718.000000,412.000000,1249.000000,804.000000,274.000000,1148.000000,307.000000,372.000000,799.000000,200.000000,2287.000000,827.000000,1263.000000,2978.000000,1225.000000,677.000000,1647.000000,320.000000,3559.000000,695.000000,1978.000000,1528.000000,575.000000,1219.000000,1868.000000,1907.000000,1260.000000,200.000000,905.000000,506.000000,1221.000000,615.000000,1127.000000,1392.000000,615.000000,942.000000,1050.000000,1135.000000,261.000000,257.000000,790.000000,1232.000000,1736.000000,1112.000000,641.000000,680.000000,970.000000,1614.000000,339.000000,658.000000,770.000000,2084.000000,671.000000,616.000000,1814.000000,1200.000000,608.000000,871.000000,118.000000,607.000000,197.000000,425.000000,101.000000,113.000000,447.000000,209.000000,200.000000,656.000000,783.000000,255.000000,513.000000,895.000000,426.000000,975.000000,0.000000,0.000000,0.000000,0.000000,0.000000,0.000000,0.000000,0.000000,0.000000,0.000000,0.000000,0.000000,0.000000,0.000000,0.000000,0.000000,0.000000,0.000000,0.000000,0.000000,0.000000,0.000000,0.000000,0.000000,0.000000,0.000000,0.000000,0.000000,0.000000,0.000000,0.000000,0.000000,0.000000,0.000000,0.000000,0.000000,0.000000,0.000000,0.000000,0.000000,0.000000,0.000000,0.000000,0.000000,0.000000,0.000000,0.000000,0.000000,914.000000,2682.000000,384.000000,217.000000,1323.000000,947.000000,602.000000,326.000000,169.000000,1804.000000,302.000000,387.000000,537.000000,171.000000,375.000000,391.000000,2925.000000,2874.000000,3561.000000,2182.000000,1119.000000,2177.000000,1599.000000,821.000000,2041.000000,2943.000000,2239.000000,434.000000,3623.000000,1112.000000,2329.000000,1365.000000,1656.000000,1133.000000,1575.000000,860.000000,1073.000000,24.000000,236.000000,1524.000000,26.000000,190.000000,96.000000,388.000000,231.000000,477.000000,369.000000,410.000000,342.000000,462.000000,522.000000,293.000000,81.000000,0.000000,495.000000,499.000000,795.000000,955.000000,260.000000,420.000000,403.000000,368.000000,652.000000,652.000000,1013.000000,377.000000,526.000000,412.000000,477.000000,0.000000,32.000000,50.000000,122.000000,69.000000,35.000000,9.000000,46.000000,563.000000,27.000000,153.000000,0.000000,0.000000,0.000000,0.000000,0.000000,0.000000,0.000000,0.000000,0.000000,0.000000,0.000000,0.000000,0.000000,0.000000,0.000000,0.000000,111.000000,14.000000,149.000000,10.000000,9.000000,35.000000,19.000000,138.000000,253.000000,1.000000,617.000000,98.000000,11.000000,198.000000,208.000000,276.000000,0.000000,0.000000,0.000000,0.000000,0.000000,0.000000,0.000000,0.000000,0.000000,0.000000,0.000000,0.000000,0.000000,0.000000,0.000000,0.000000,509.000000,210.000000,14.000000,86.000000,370.000000,6.000000,846.000000,1361.000000,50.000000,63.000000,236.000000,4.000000,171.000000,535.000000,168.000000,339.000000,1120.000000,1678.000000,177.000000,950.000000,1538.000000,987.000000,455.000000,1540.000000,84.000000,922.000000,424.000000,1785.000000,682.000000,1003.000000,745.000000,1084.000000,22.000000,0.000000,0.000000,0.000000,0.000000,0.000000,0.000000,0.000000,30.000000,0.000000,0.000000,0.000000,0.000000,0.000000,0.000000,0.000000,4.000000,1259.000000,609.000000,816.000000,276.000000,30.000000,844.000000,21.000000,1667.000000,566.000000,22.000000,294.000000,707.000000,1216.000000,51.000000,130.000000,1235.000000,95.000000,285.000000,2016.000000,1324.000000,78.000000,165.000000,998.000000,826.000000,142.000000,124.000000,955.000000,589.000000,119.000000,913.000000,701.000000,4.000000,81.000000,217.000000,1185.000000,711.000000,225.000000,88.000000,363.000000,100.000000,15.000000,108.000000,154.000000,110.000000,1830.000000,1663.000000,1702.000000,1.000000,306.000000,0.000000,1.000000,770.000000,0.000000,50.000000,0.000000,0.000000,59.000000,0.000000,0.000000,0.000000,0.000000,104.000000,128.000000,281.000000,52.000000,214.000000,8.000000,123.000000,176.000000,13.000000,35.000000,157.000000,466.000000,0.000000,7.000000,342.000000,1591.000000,130.000000,90.000000,0.000000,0.000000,0.000000,0.000000,0.000000,0.000000,0.000000,0.000000,0.000000,0.000000,0.000000,0.000000,0.000000,0.000000,0.000000,0.000000
    Mean Firing Rate (Hz),0.913333,3.355000,1.905000,2.378333,2.565000,0.615000,1.266667,1.738333,2.473333,0.820000,1.563333,1.368333,0.525000,1.001667,1.791667,1.186667,0.000000,0.000000,0.000000,0.000000,0.000000,0.000000,0.000000,0.000000,0.000000,0.000000,0.000000,0.000000,0.000000,0.000000,0.000000,0.000000,0.001667,3.286667,0.541667,4.640000,3.928333,4.226667,1.590000,0.015000,0.055000,0.113333,3.650000,1.496667,1.658333,3.301667,4.615000,2.238333,0.948333,0.090000,0.338333,1.350000,0.073333,2.106667,0.136667,1.468333,2.418333,3.133333,0.181667,3.425000,0.950000,0.076667,1.181667,0.073333,0.626667,1.613333,0.621667,1.608333,0.060000,3.348333,1.200000,1.766667,0.010000,3.698333,3.601667,1.630000,2.306667,1.955000,5.123333,2.400000,0.000000,0.561667,4.478333,4.716667,0.000000,3.950000,0.000000,0.095000,1.605000,1.703333,0.213333,1.061667,0.081667,0.148333,0.120000,1.456667,0.000000,0.000000,0.000000,0.000000,0.000000,0.000000,0.000000,0.000000,0.000000,0.000000,0.000000,0.000000,0.000000,0.000000,0.000000,0.000000,0.000000,0.000000,0.000000,0.000000,0.000000,0.000000,0.000000,0.000000,0.000000,0.000000,0.000000,0.000000,0.000000,0.000000,0.000000,0.000000,2.925000,1.590000,0.738333,0.265000,0.940000,0.971667,0.698333,1.490000,0.731667,2.353333,0.578333,2.998333,0.035000,0.528333,2.565000,0.126667,1.235000,1.858333,2.280000,2.891667,1.663333,1.703333,3.511667,0.116667,2.360000,3.793333,1.901667,3.421667,2.421667,1.191667,0.143333,3.340000,0.000000,0.000000,0.000000,0.000000,0.000000,0.000000,0.000000,0.000000,0.000000,0.000000,0.000000,0.000000,0.000000,0.000000,0.000000,0.000000,2.048333,2.383333,0.970000,1.561667,2.363333,1.915000,1.323333,1.940000,1.881667,0.071667,2.958333,1.833333,1.006667,0.681667,2.538333,3.413333,0.000000,0.000000,0.000000,0.000000,0.000000,0.000000,0.000000,0.000000,0.000000,0.000000,0.000000,0.000000,0.000000,0.000000,0.000000,0.000000,0.000000,0.000000,0.000000,0.000000,0.000000,0.000000,0.000000,0.000000,0.000000,0.000000,0.000000,0.000000,0.000000,0.000000,0.000000,0.000000,2.381667,0.373333,0.685000,1.178333,1.851667,0.011667,1.266667,0.110000,0.263333,1.306667,2.913333,2.941667,0.040000,0.050000,2.666667,0.001667,0.000000,0.000000,0.000000,0.000000,0.000000,0.000000,0.000000,0.000000,0.000000,0.000000,0.000000,0.000000,0.000000,0.000000,0.000000,0.000000,2.735000,2.628333,2.106667,2.945000,2.893333,1.636667,1.765000,0.143333,0.161667,0.691667,0.550000,2.010000,0.863333,1.891667,1.706667,1.235000,0.268333,0.558333,0.800000,1.711667,2.301667,0.743333,1.578333,2.595000,0.573333,2.158333,1.530000,0.733333,4.185000,1.548333,1.958333,0.756667,0.500000,0.095000,0.896667,0.771667,0.736667,0.706667,1.358333,0.591667,1.791667,0.943333,1.148333,0.255000,0.453333,0.756667,1.166667,1.498333,1.046667,0.410000,1.570000,1.336667,0.380000,0.988333,0.031667,0.370000,0.588333,1.273333,0.461667,0.383333,1.281667,0.300000,0.325000,1.210000,1.455000,0.016667,0.150000,1.088333,1.756667,0.240000,1.475000,0.051667,0.048333,0.040000,0.148333,1.195000,0.303333,0.041667,0.626667,1.241667,0.901667,1.305000,1.201667,0.836667,0.618333,0.058333,0.763333,1.013333,0.698333,0.195000,1.231667,0.333333,0.841667,1.731667,0.146667,0.491667,0.443333,1.868333,0.826667,1.411667,0.891667,0.911667,1.178333,1.413333,0.900000,0.260000,1.598333,0.350000,2.231667,0.315000,1.770000,2.243333,2.088333,0.940000,1.968333,1.151667,1.416667,1.346667,1.196667,0.686667,2.081667,1.340000,0.456667,1.913333,0.511667,0.620000,1.331667,0.333333,3.811667,1.378333,2.105000,4.963333,2.041667,1.128333,2.745000,0.533333,5.931667,1.158333,3.296667,2.546667,0.958333,2.031667,3.113333,3.178333,2.100000,0.333333,1.508333,0.843333,2.035000,1.025000,1.878333,2.320000,1.025000,1.570000,1.750000,1.891667,0.435000,0.428333,1.316667,2.053333,2.893333,1.853333,1.068333,1.133333,1.616667,2.690000,0.565000,1.096667,1.283333,3.473333,1.118333,1.026667,3.023333,2.000000,1.013333,1.451667,0.196667,1.011667,0.328333,0.708333,0.168333,0.188333,0.745000,0.348333,0.333333,1.093333,1.305000,0.425000,0.855000,1.491667,0.710000,1.625000,0.000000,0.000000,0.000000,0.000000,0.000000,0.000000,0.000000,0.000000,0.000000,0.000000,0.000000,0.000000,0.000000,0.000000,0.000000,0.000000,0.000000,0.000000,0.000000,0.000000,0.000000,0.000000,0.000000,0.000000,0.000000,0.000000,0.000000,0.000000,0.000000,0.000000,0.000000,0.000000,0.000000,0.000000,0.000000,0.000000,0.000000,0.000000,0.000000,0.000000,0.000000,0.000000,0.000000,0.000000,0.000000,0.000000,0.000000,0.000000,1.523333,4.470000,0.640000,0.361667,2.205000,1.578333,1.003333,0.543333,0.281667,3.006667,0.503333,0.645000,0.895000,0.285000,0.625000,0.651667,4.875000,4.790000,5.935000,3.636667,1.865000,3.628333,2.665000,1.368333,3.401667,4.905000,3.731667,0.723333,6.038333,1.853333,3.881667,2.275000,2.760000,1.888333,2.625000,1.433333,1.788333,0.040000,0.393333,2.540000,0.043333,0.316667,0.160000,0.646667,0.385000,0.795000,0.615000,0.683333,0.570000,0.770000,0.870000,0.488333,0.135000,0.000000,0.825000,0.831667,1.325000,1.591667,0.433333,0.700000,0.671667,0.613333,1.086667,1.086667,1.688333,0.628333,0.876667,0.686667,0.795000,0.000000,0.053333,0.083333,0.203333,0.115000,0.058333,0.015000,0.076667,0.938333,0.045000,0.255000,0.000000,0.000000,0.000000,0.000000,0.000000,0.000000,0.000000,0.000000,0.000000,0.000000,0.000000,0.000000,0.000000,0.000000,0.000000,0.000000,0.185000,0.023333,0.248333,0.016667,0.015000,0.058333,0.031667,0.230000,0.421667,0.001667,1.028333,0.163333,0.018333,0.330000,0.346667,0.460000,0.000000,0.000000,0.000000,0.000000,0.000000,0.000000,0.000000,0.000000,0.000000,0.000000,0.000000,0.000000,0.000000,0.000000,0.000000,0.000000,0.848333,0.350000,0.023333,0.143333,0.616667,0.010000,1.410000,2.268333,0.083333,0.105000,0.393333,0.006667,0.285000,0.891667,0.280000,0.565000,1.866667,2.796667,0.295000,1.583333,2.563333,1.645000,0.758333,2.566667,0.140000,1.536667,0.706667,2.975000,1.136667,1.671667,1.241667,1.806667,0.036667,0.000000,0.000000,0.000000,0.000000,0.000000,0.000000,0.000000,0.050000,0.000000,0.000000,0.000000,0.000000,0.000000,0.000000,0.000000,0.006667,2.098333,1.015000,1.360000,0.460000,0.050000,1.406667,0.035000,2.778333,0.943333,0.036667,0.490000,1.178333,2.026667,0.085000,0.216667,2.058333,0.158333,0.475000,3.360000,2.206667,0.130000,0.275000,1.663333,1.376667,0.236667,0.206667,1.591667,0.981667,0.198333,1.521667,1.168333,0.006667,0.135000,0.361667,1.975000,1.185000,0.375000,0.146667,0.605000,0.166667,0.025000,0.180000,0.256667,0.183333,3.050000,2.771667,2.836667,0.001667,0.510000,0.000000,0.001667,1.283333,0.000000,0.083333,0.000000,0.000000,0.098333,0.000000,0.000000,0.000000,0.000000,0.173333,0.213333,0.468333,0.086667,0.356667,0.013333,0.205000,0.293333,0.021667,0.058333,0.261667,0.776667,0.000000,0.011667,0.570000,2.651667,0.216667,0.150000,0.000000,0.000000,0.000000,0.000000,0.000000,0.000000,0.000000,0.000000,0.000000,0.000000,0.000000,0.000000,0.000000,0.000000,0.000000,0.000000
    ISI Coefficient of Variation,3.575093,4.459216,5.270482,5.903428,5.960902,2.894443,4.252640,5.029155,5.989199,3.378684,4.622880,4.440181,2.647685,3.771173,5.109117,4.116064, , , , , , , , , , , , , , , , , ,4.696258,1.780747,4.582388,5.156521,4.427958,3.333528, , ,0.820730,4.754632,3.225067,3.404504,4.840731,3.730271,3.723348,2.618938, ,1.373553,2.895763, ,3.642498,1.091759,3.134118,4.009627,4.539468,1.003026,4.864095,2.456216, ,2.738712, ,1.777954,3.043989,2.041142,3.001439, ,3.890308,2.610490,3.194299, ,4.612713,4.145085,2.850374,3.746452,3.448486,5.146771,3.813439, ,1.527089,3.089896,1.780836, ,4.350230, , ,2.941903,2.943049,0.931318,2.312999, ,1.126685,0.745819,2.779999, , , , , , , , , , , , , , , , , , , , , , , , , , , , , , , , ,6.296354,4.830955,3.218310,1.890328,3.355751,3.726528,3.121977,4.279915,3.208236,5.819521,2.810618,6.185176, ,2.669739,6.088849,1.224011,4.292123,5.254515,5.842436,6.538128,4.985420,4.997325,7.209161,1.172935,5.906011,7.504173,5.315720,7.057196,5.972443,4.231528,1.213100,7.043576, , , , , , , , , , , , , , , , ,4.516386,4.874445,3.064432,3.954926,4.895540,4.395668,3.610056,4.426759,4.369644, ,5.455703,4.282859,3.141323,2.511070,5.036894,5.872874, , , , , , , , , , , , , , , , , , , , , , , , , , , , , , , , ,4.153396,1.391510,2.085429,2.823963,3.666384, ,2.856929,1.049742,1.186010,3.014849,4.614598,4.602125, , ,4.415722, , , , , , , , , , , , , , , , , ,5.469296,5.624335,5.023804,5.143433,5.487808,4.008589,2.580343,1.490217,1.196312,2.813799,2.484487,4.227887,3.201625,4.752570,4.188178,3.711416,4.496648,6.544995,7.885107,11.494022,13.187830,7.564059,10.936099,14.160521,6.632227,12.916013,10.872229,7.510612,17.972435,10.926949,12.300526,7.666558,6.903525, ,9.281552,8.599555,8.405349,8.230252,11.428573,7.520661,13.153182,9.518164,10.519756,4.885373,6.564941,8.525200,10.592099,12.001122,5.903570,3.626993,7.263950,6.688508,3.480730,5.739741, ,3.429518,4.385165,6.527100,3.862186,3.487180,6.537077,3.058478,3.198185,6.363373,4.516289, ,1.854117,5.540042,7.040642,2.538659,6.462199, , , ,1.841882,5.800646,2.810199, ,4.182949,5.904791,5.638491,6.809277,6.531292,5.420640,4.639777, ,5.168456,5.982525,4.939368,2.472615,6.600074,3.337608,5.377872,7.779324,2.084705,4.112704,2.658465,5.716226,3.749734,4.963001,3.880334,3.950249,4.522763,4.969455,3.925168,1.936020,5.278520,2.322822,6.270982,2.181426,5.576372,6.274786,6.495961,4.366634,6.364586,4.855500,5.399795,5.260529,4.863890,3.697051,6.565368,5.244405,2.960638,6.272626,3.151898,3.496311,5.087687,2.526341,9.057051,5.454900,6.717142,10.343079,6.648694,4.886496,7.668528,3.310873,11.312310,4.969800,8.404962,7.419420,4.517219,6.649480,8.196149,8.257930,12.599440,4.969797,10.659721,7.965268,12.401623,8.785695,11.899550,13.238273,8.812005,10.863318,4.429754,11.950251,5.704797,5.655823,9.992817,12.458866,8.724919,6.969337,5.289539,5.423298,6.554945,8.402229,3.820347,5.346241,5.781972,9.564369,5.374461,5.179186,8.943984,7.267289,5.152347,6.205431,2.928853,6.918041,3.870409,5.783220,2.682439,2.858221,5.932603,3.992865,3.902168,1.459731,7.882842,4.436818,6.365342,8.418993,5.777900,8.810236, , , , , , , , , , , , , , , , , , , , , , , , , , , , , , , , , , , , , , , , , , , , , , , , ,4.027504,6.237498,2.704889,1.910336,5.050143,4.337242,3.436215,2.421806,1.816656,5.661513,2.560827,2.670052,3.241735,1.747595,2.626076,2.688405,7.175689,7.095701,7.158658,5.630596,4.483010,6.285062,5.363961,3.820355,6.040753,7.354965,5.739347,2.712013,7.824338,4.481741,6.367967,4.920553,6.554893,4.008685,6.230984,4.681684,5.167692, ,2.310396,6.283515, ,2.073909,1.433945,3.059926,2.297119,3.127679,2.690979,3.154182,8.793547,10.239889,10.879993,8.131644,4.192633, ,10.594378,10.581334,13.438694,14.736043,7.655570,9.010062,9.551568,9.131508,6.027289,12.162624,6.714974,4.031356,4.807700,4.208709,4.596847, , , ,2.164412,1.563099, , , ,5.009597, ,2.474355, , , , , , , , , , , , , , , , ,3.134158, ,3.671282, , , , ,3.521819,4.215493, ,7.668325,2.926533, ,4.272554,4.382518,5.073888, , , , , , , , , , , , , , , , ,3.445495,2.143491, ,1.482532,2.888247, ,4.493997,5.751099, ,1.286572,1.788576, ,2.268759,3.530809,1.833832,2.742720,4.713647,5.857420,1.890981,4.755580,5.836189,4.490295,3.265792,5.711242,1.223500,4.728625,3.140687,5.601012,3.881467,4.579562,4.241790,4.437837, , , , , , , , , , , , , , , , , ,6.144446,4.400386,4.896175,2.864690, ,4.973481, ,6.397268,4.068607, ,2.891507,4.305308,3.784732, ,1.961081,4.565561,1.151397,2.060453,5.897432,4.787435,1.146805,1.582361,4.127676,3.686957,1.424139,1.285315,4.033743,3.078454,1.162409,3.946242,3.438159, ,1.233642,2.168364,5.074328,3.962145,2.277562,1.330309,2.394369,1.492795, ,1.501772,1.796120,1.516850,5.521619,5.957017,6.093345, ,2.853227, , ,5.016152, , , , , , , , , ,2.105766,2.445876,2.277590, ,2.477539, ,1.460881,1.735974, , ,1.508561,2.917787, , ,2.872461,5.409943,2.112280,1.572010, , , , , , , , , , , , , , , , 
Electrode Burst Metrics
    Number of Bursts,52.000000,62.000000,58.000000,58.000000,58.000000,50.000000,58.000000,58.000000,58.000000,53.000000,58.000000,58.000000,42.000000,58.000000,58.000000,57.000000,0.000000,0.000000,0.000000,0.000000,0.000000,0.000000,0.000000,0.000000,0.000000,0.000000,0.000000,0.000000,0.000000,0.000000,0.000000,0.000000,0.000000,88.000000,9.000000,88.000000,88.000000,88.000000,87.000000,0.000000,0.000000,0.000000,88.000000,85.000000,80.000000,88.000000,88.000000,86.000000,58.000000,0.000000,4.000000,75.000000,0.000000,84.000000,0.000000,63.000000,85.000000,87.000000,1.000000,87.000000,60.000000,0.000000,67.000000,0.000000,31.000000,88.000000,38.000000,85.000000,0.000000,101.000000,60.000000,89.000000,0.000000,101.000000,101.000000,83.000000,99.000000,89.000000,101.000000,92.000000,0.000000,0.000000,91.000000,63.000000,0.000000,113.000000,0.000000,0.000000,90.000000,45.000000,0.000000,24.000000,0.000000,0.000000,0.000000,76.000000,0.000000,0.000000,0.000000,0.000000,0.000000,0.000000,0.000000,0.000000,0.000000,0.000000,0.000000,0.000000,0.000000,0.000000,0.000000,0.000000,0.000000,0.000000,0.000000,0.000000,0.000000,0.000000,0.000000,0.000000,0.000000,0.000000,0.000000,0.000000,0.000000,0.000000,0.000000,0.000000,64.000000,59.000000,52.000000,9.000000,47.000000,53.000000,47.000000,62.000000,54.000000,64.000000,41.000000,64.000000,0.000000,31.000000,64.000000,0.000000,49.000000,50.000000,50.000000,50.000000,50.000000,50.000000,50.000000,2.000000,50.000000,50.000000,50.000000,50.000000,50.000000,49.000000,2.000000,50.000000,0.000000,0.000000,0.000000,0.000000,0.000000,0.000000,0.000000,0.000000,0.000000,0.000000,0.000000,0.000000,0.000000,0.000000,0.000000,0.000000,59.000000,59.000000,58.000000,59.000000,59.000000,59.000000,59.000000,59.000000,59.000000,0.000000,60.000000,59.000000,59.000000,47.000000,59.000000,59.000000,0.000000,0.000000,0.000000,0.000000,0.000000,0.000000,0.000000,0.000000,0.000000,0.000000,0.000000,0.000000,0.000000,0.000000,0.000000,0.000000,0.000000,0.000000,0.000000,0.000000,0.000000,0.000000,0.000000,0.000000,0.000000,0.000000,0.000000,0.000000,0.000000,0.000000,0.000000,0.000000,78.000000,6.000000,22.000000,71.000000,78.000000,0.000000,74.000000,0.000000,4.000000,74.000000,78.000000,78.000000,0.000000,0.000000,78.000000,0.000000,0.000000,0.000000,0.000000,0.000000,0.000000,0.000000,0.000000,0.000000,0.000000,0.000000,0.000000,0.000000,0.000000,0.000000,0.000000,0.000000,58.000000,58.000000,58.000000,58.000000,58.000000,58.000000,58.000000,5.000000,2.000000,41.000000,38.000000,58.000000,55.000000,58.000000,58.000000,58.000000,25.000000,34.000000,34.000000,34.000000,34.000000,34.000000,34.000000,34.000000,34.000000,34.000000,34.000000,34.000000,34.000000,34.000000,34.000000,34.000000,27.000000,1.000000,27.000000,27.000000,27.000000,27.000000,27.000000,27.000000,27.000000,27.000000,27.000000,20.000000,27.000000,27.000000,27.000000,27.000000,32.000000,31.000000,33.000000,33.000000,31.000000,32.000000,0.000000,30.000000,31.000000,33.000000,32.000000,23.000000,34.000000,22.000000,29.000000,33.000000,36.000000,0.000000,8.000000,28.000000,28.000000,24.000000,28.000000,0.000000,1.000000,0.000000,9.000000,28.000000,24.000000,0.000000,28.000000,28.000000,30.000000,30.000000,30.000000,30.000000,30.000000,0.000000,30.000000,30.000000,30.000000,19.000000,30.000000,25.000000,30.000000,30.000000,8.000000,30.000000,25.000000,49.000000,48.000000,49.000000,48.000000,49.000000,49.000000,49.000000,49.000000,11.000000,49.000000,22.000000,49.000000,21.000000,49.000000,49.000000,38.000000,38.000000,38.000000,38.000000,38.000000,38.000000,38.000000,38.000000,38.000000,38.000000,35.000000,38.000000,36.000000,38.000000,38.000000,21.000000,46.000000,38.000000,45.000000,46.000000,41.000000,44.000000,45.000000,27.000000,46.000000,44.000000,45.000000,45.000000,39.000000,45.000000,45.000000,45.000000,24.000000,21.000000,24.000000,24.000000,24.000000,24.000000,24.000000,24.000000,24.000000,24.000000,26.000000,24.000000,24.000000,24.000000,24.000000,24.000000,38.000000,38.000000,38.000000,38.000000,38.000000,38.000000,36.000000,38.000000,38.000000,38.000000,38.000000,38.000000,38.000000,38.000000,38.000000,38.000000,11.000000,33.000000,28.000000,33.000000,7.000000,11.000000,33.000000,30.000000,27.000000,33.000000,33.000000,31.000000,33.000000,33.000000,33.000000,33.000000,0.000000,0.000000,0.000000,0.000000,0.000000,0.000000,0.000000,0.000000,0.000000,0.000000,0.000000,0.000000,0.000000,0.000000,0.000000,0.000000,0.000000,0.000000,0.000000,0.000000,0.000000,0.000000,0.000000,0.000000,0.000000,0.000000,0.000000,0.000000,0.000000,0.000000,0.000000,0.000000,0.000000,0.000000,0.000000,0.000000,0.000000,0.000000,0.000000,0.000000,0.000000,0.000000,0.000000,0.000000,0.000000,0.000000,0.000000,0.000000,55.000000,62.000000,38.000000,17.000000,59.000000,57.000000,55.000000,29.000000,11.000000,58.000000,26.000000,35.000000,44.000000,11.000000,35.000000,35.000000,59.000000,59.000000,59.000000,59.000000,57.000000,59.000000,59.000000,56.000000,59.000000,59.000000,59.000000,45.000000,61.000000,57.000000,59.000000,57.000000,54.000000,54.000000,54.000000,54.000000,54.000000,0.000000,24.000000,54.000000,0.000000,19.000000,0.000000,38.000000,16.000000,49.000000,34.000000,35.000000,15.000000,15.000000,15.000000,15.000000,11.000000,0.000000,15.000000,15.000000,15.000000,15.000000,15.000000,15.000000,15.000000,15.000000,15.000000,15.000000,31.000000,31.000000,31.000000,31.000000,31.000000,0.000000,1.000000,2.000000,12.000000,5.000000,1.000000,0.000000,0.000000,31.000000,0.000000,12.000000,0.000000,0.000000,0.000000,0.000000,0.000000,0.000000,0.000000,0.000000,0.000000,0.000000,0.000000,0.000000,0.000000,0.000000,0.000000,0.000000,14.000000,0.000000,16.000000,0.000000,0.000000,1.000000,0.000000,16.000000,16.000000,0.000000,16.000000,15.000000,0.000000,16.000000,16.000000,16.000000,0.000000,0.000000,0.000000,0.000000,0.000000,0.000000,0.000000,0.000000,0.000000,0.000000,0.000000,0.000000,0.000000,0.000000,0.000000,0.000000,47.000000,18.000000,0.000000,1.000000,40.000000,0.000000,46.000000,47.000000,1.000000,1.000000,12.000000,0.000000,13.000000,44.000000,11.000000,30.000000,48.000000,56.000000,18.000000,48.000000,55.000000,48.000000,40.000000,48.000000,2.000000,48.000000,38.000000,56.000000,47.000000,48.000000,46.000000,28.000000,0.000000,0.000000,0.000000,0.000000,0.000000,0.000000,0.000000,0.000000,1.000000,0.000000,0.000000,0.000000,0.000000,0.000000,0.000000,0.000000,0.000000,32.000000,30.000000,33.000000,25.000000,2.000000,33.000000,0.000000,33.000000,32.000000,0.000000,27.000000,32.000000,33.000000,3.000000,15.000000,60.000000,3.000000,29.000000,60.000000,60.000000,0.000000,15.000000,60.000000,58.000000,9.000000,6.000000,57.000000,59.000000,1.000000,60.000000,60.000000,0.000000,3.000000,26.000000,42.000000,42.000000,27.000000,3.000000,28.000000,7.000000,0.000000,4.000000,17.000000,6.000000,42.000000,43.000000,42.000000,0.000000,21.000000,0.000000,0.000000,30.000000,0.000000,0.000000,0.000000,0.000000,3.000000,0.000000,0.000000,0.000000,0.000000,9.000000,10.000000,21.000000,0.000000,24.000000,0.000000,5.000000,11.000000,0.000000,0.000000,2.000000,36.000000,0.000000,0.000000,36.000000,59.000000,8.000000,2.000000,0.000000,0.000000,0.000000,0.000000,0.000000,0.000000,0.000000,0.000000,0.000000,0.000000,0.000000,0.000000,0.000000,0.000000,0.000000,0.000000
    Burst Duration - Avg (sec),0.084315,0.351199,0.103073,0.122190,0.120531,0.045453,0.089132,0.100786,0.107568,0.061048,0.091268,0.088331,0.032074,0.067063,0.095459,0.101669, , , , , , , , , , , , , , , , , ,0.110064,0.109307,0.141770,0.123377,0.157399,0.077847, , , ,0.126831,0.077829,0.115336,0.095392,0.119845,0.118497,0.045764, ,0.051360,0.092708, ,0.092124, ,0.095750,0.117369,0.100449,0.050720,0.132882,0.059800, ,0.072650, ,0.052862,0.077711,0.037457,0.063280, ,0.115649,0.081037,0.054123, ,0.090686,0.084445,0.095322,0.069053,0.062831,0.127917,0.078401, , ,0.308982,0.224634, ,0.131020, , ,0.079092,0.240076, ,0.094853, , , ,0.088005, , , , , , , , , , , , , , , , , , , , , , , , , , , , , , , , ,0.126610,0.107196,0.054518,0.023680,0.119083,0.108737,0.068805,0.112888,0.045785,0.115486,0.076989,0.130185, ,0.049778,0.118198, ,0.101737,0.093163,0.162083,0.299898,0.179096,0.084413,0.328950,0.024480,0.192050,0.211262,0.089571,0.243138,0.228501,0.080157,0.032560,0.281110, , , , , , , , , , , , , , , , ,0.186119,0.268289,0.072621,0.140275,0.196311,0.151481,0.094472,0.171234,0.073708, ,0.188824,0.155364,0.057993,0.083084,0.101178,0.289473, , , , , , , , , , , , , , , , , , , , , , , , , , , , , , , , ,0.140756,0.063333,0.086735,0.109392,0.079312, ,0.061549, ,0.046320,0.089252,0.114243,0.109459, , ,0.124264, , , , , , , , , , , , , , , , , ,0.121774,0.114705,0.100419,0.124717,0.108666,0.093272,0.102619,0.016528,0.017360,0.060213,0.049863,0.108273,0.072332,0.101754,0.090926,0.082232,0.037491,0.059061,0.073861,0.351075,0.306456,0.054042,0.258548,0.387847,0.045880,0.415576,0.151000,0.103191,0.387918,0.359892,0.269929,0.061934,0.079766,0.009600,0.227810,0.221511,0.143867,0.176921,0.298889,0.090216,0.234193,0.155339,0.171813,0.056488,0.066996,0.093493,0.224729,0.250521,0.148535,0.054630,0.257370,0.200463,0.048093,0.133072, ,0.116528,0.115445,0.091585,0.091485,0.293833,0.128473,0.049865,0.046690,0.083142,1.574258, ,0.057370,0.145343,0.373871,0.039573,0.218029, ,0.054560, ,0.033289,0.134940,0.080017, ,0.057683,0.298323,0.081832,0.113848,0.097605,0.096608,0.059221, ,0.105595,0.099680,0.072299,0.023082,0.173648,0.052010,0.118995,0.145773,0.023830,0.055760,0.082515,0.111868,0.056188,0.086712,0.147450,0.064996,0.078446,0.072658,0.070018,0.046109,0.095829,0.035222,0.123928,0.039227,0.090945,0.143943,0.105777,0.060594,0.126581,0.063147,0.086945,0.083749,0.075768,0.053105,0.133173,0.090811,0.042878,0.154312,0.049520,0.059248,0.077246,0.055250,0.219038,0.240587,0.297157,0.426466,0.254283,0.143865,0.332768,0.282071,0.439277,0.200691,0.454850,0.210828,0.139389,0.223166,0.279790,0.217127,0.318077,0.058187,0.418693,0.172993,0.431043,0.215963,0.328520,0.421693,0.184253,0.259673,0.482945,0.262990,0.056637,0.061927,0.200560,0.238983,0.339808,0.227583,0.072232,0.162817,0.164714,0.320375,0.048242,0.082893,0.176882,0.351958,0.268061,0.084488,0.274634,0.244392,0.066625,0.122651,0.028815,0.182623,0.049140,0.073772,0.031223,0.036502,0.070211,0.043779,0.044317,0.149920,0.107462,0.046942,0.094904,0.228032,0.114359,0.125481, , , , , , , , , , , , , , , , , , , , , , , , , , , , , , , , , , , , , , , , , , , , , , , , ,0.104575,0.145587,0.072903,0.053012,0.114336,0.099270,0.060044,0.091418,0.096422,0.122250,0.092705,0.089465,0.090889,0.070800,0.085849,0.086288,0.202308,0.213473,0.211683,0.212193,0.156160,0.195745,0.192776,0.119944,0.205371,0.196865,0.224178,0.056857,0.235155,0.155180,0.219622,0.315159,0.123991,0.080696,0.147819,0.096844,0.110665, ,0.067030,0.127887, ,0.089154, ,0.104781,0.151630,0.067373,0.090172,0.076789,0.117269,0.128517,0.229029,0.119136,0.050989, ,0.224379,0.239232,0.262795,0.263435,0.084859,0.137653,0.156149,0.106117,0.229840,0.282485,0.243574,0.077554,0.075319,0.085897,0.081528, ,0.039120,0.045240,0.063993,0.045376,0.031360, , ,0.108841, ,0.072687, , , , , , , , , , , , , , , , ,0.097360, ,0.072765, , ,0.038080, ,0.144355,0.236715, ,0.257940,0.064741, ,0.190410,0.240065,0.220280, , , , , , , , , , , , , , , , ,0.083340,0.070196, ,0.168320,0.082838, ,0.141584,0.149059,0.053920,0.017360,0.278133, ,0.213422,0.117758,0.097942,0.153539,0.205937,0.124713,0.065844,0.183448,0.131345,0.167068,0.157800,0.315230,0.022760,0.163222,0.206215,0.130893,0.198824,0.200620,0.191769,0.450609, , , , , , , , ,0.029040, , , , , , , , ,0.194398,0.134424,0.142936,0.107382,0.074440,0.175050, ,0.214926,0.180505, ,0.121831,0.146587,0.217440,0.234027,0.106587,0.126877,0.027200,0.043583,0.204047,0.128617, ,0.022091,0.099480,0.150225,0.027573,0.018440,0.146460,0.081467,0.010560,0.112784,0.061021, ,0.058827,0.071215,0.197547,0.144600,0.051191,0.025867,0.205811,0.040000, ,0.048340,0.030762,0.045373,0.247135,0.268422,0.253870, ,0.301025, , ,0.189363, , , , ,0.088187, , , , ,0.198338,0.354488,0.100804, ,0.067733, ,0.131296,0.068509, , ,2.429040,0.146400, , ,0.085093,0.139364,0.069960,0.047800, , , , , , , , , , , , , , , , 
    Burst Duration - Std (sec),0.139748,0.332634,0.187985,0.193250,0.191617,0.064361,0.137205,0.171296,0.196001,0.117188,0.179581,0.166891,0.029601,0.084336,0.169635,0.173074, , , , , , , , , , , , , , , , , ,0.023704,0.028827,0.030529,0.032127,0.049239,0.009449, , , ,0.040562,0.017718,0.020445,0.015772,0.034568,0.050420,0.014314, ,0.009185,0.051807, ,0.033733, ,0.058225,0.049968,0.026814, ,0.025546,0.021818, ,0.021960, ,0.027636,0.028076,0.025454,0.031508, ,0.040795,0.035359,0.025456, ,0.031018,0.035867,0.053639,0.030512,0.034259,0.031390,0.032044, , ,0.086452,0.072333, ,0.023109, , ,0.015391,0.068989, ,0.012315, , , ,0.017969, , , , , , , , , , , , , , , , , , , , , , , , , , , , , , , , ,0.181946,0.192511,0.042637,0.012793,0.220314,0.199009,0.116032,0.184644,0.039476,0.156442,0.133512,0.176266, ,0.049625,0.168685, ,0.126968,0.068862,0.188204,0.383849,0.286310,0.039625,0.410230,0.005091,0.319237,0.307934,0.016815,0.306575,0.335976,0.126446,0.001584,0.392594, , , , , , , , , , , , , , , , ,0.234534,0.347373,0.065068,0.075972,0.279292,0.244530,0.070744,0.284415,0.012652, ,0.266831,0.178012,0.018759,0.137596,0.048383,0.330390, , , , , , , , , , , , , , , , , , , , , , , , , , , , , , , , ,0.027188,0.015113,0.025436,0.025532,0.017706, ,0.013531, ,0.013016,0.027075,0.018499,0.020920, , ,0.035294, , , , , , , , , , , , , , , , , ,0.132380,0.146629,0.137661,0.153748,0.138528,0.132774,0.147347,0.002931,0.001697,0.047477,0.034584,0.160316,0.123907,0.147421,0.131185,0.126949,0.027035,0.080381,0.021669,0.350227,0.263770,0.019728,0.359132,0.369780,0.016783,0.351629,0.160499,0.181255,0.282962,0.360152,0.349980,0.011925,0.023404, ,0.317995,0.191810,0.265876,0.199325,0.361944,0.025789,0.313692,0.301898,0.350024,0.020047,0.022857,0.029554,0.095959,0.331826,0.250332,0.010881,0.429639,0.303806,0.012884,0.210191, ,0.189705,0.185876,0.021124,0.221393,0.473671,0.180760,0.014369,0.016043,0.033975,1.430726, ,0.034006,0.239568,0.272392,0.022643,0.352482, , , ,0.012505,0.105686,0.073674, ,0.013116,0.365110,0.049848,0.066028,0.042598,0.018186,0.036381, ,0.058664,0.077307,0.046808,0.011305,0.124770,0.022424,0.104665,0.070085,0.005058,0.032376,0.039413,0.124102,0.017715,0.127413,0.067023,0.030385,0.129984,0.023202,0.131864,0.023066,0.069947,0.019202,0.132808,0.017319,0.040036,0.076393,0.023794,0.019237,0.032830,0.022156,0.025204,0.040120,0.018873,0.018187,0.027306,0.022881,0.019848,0.069416,0.024538,0.023983,0.016101,0.024224,0.280533,0.387288,0.324003,0.357153,0.357160,0.228490,0.380830,0.438361,0.364870,0.287906,0.356568,0.342886,0.196560,0.341558,0.346814,0.338185,0.261252,0.020468,0.325719,0.199539,0.301030,0.346414,0.364484,0.181548,0.343828,0.353260,0.315163,0.339314,0.027589,0.028720,0.346349,0.242785,0.355105,0.374079,0.038229,0.266727,0.110116,0.357203,0.016805,0.032818,0.111606,0.347891,0.376016,0.044100,0.371374,0.374975,0.025465,0.081654,0.014272,0.110203,0.023595,0.030021,0.007268,0.019229,0.031820,0.032373,0.018183,0.106529,0.049150,0.019780,0.046698,0.127431,0.066860,0.055404, , , , , , , , , , , , , , , , , , , , , , , , , , , , , , , , , , , , , , , , , , , , , , , , ,0.084388,0.117501,0.070530,0.012944,0.101978,0.109251,0.038369,0.076361,0.081290,0.117644,0.073537,0.069761,0.078097,0.042953,0.067062,0.063946,0.266218,0.262925,0.252675,0.305566,0.233845,0.271646,0.288468,0.176613,0.298847,0.252538,0.317547,0.041397,0.232546,0.204845,0.319778,0.322971,0.180272,0.038316,0.173438,0.135027,0.178362, ,0.113188,0.181958, ,0.138664, ,0.215609,0.239824,0.086542,0.086994,0.082796,0.047614,0.054942,0.107533,0.079051,0.039136, ,0.092655,0.111041,0.106214,0.089414,0.039177,0.061619,0.044351,0.058355,0.114536,0.111264,0.075600,0.079293,0.015839,0.034260,0.028447, , ,0.015783,0.012538,0.017242, , , ,0.024382, ,0.037446, , , , , , , , , , , , , , , , ,0.020922, ,0.063097, , , , ,0.344452,0.443022, ,0.464118,0.055367, ,0.364182,0.406809,0.387836, , , , , , , , , , , , , , , , ,0.069089,0.036895, , ,0.071431, ,0.196496,0.188546, , ,0.331797, ,0.284780,0.119459,0.041426,0.200240,0.340442,0.115922,0.175703,0.295086,0.164478,0.285708,0.285975,0.243567,0.014425,0.276060,0.326955,0.143889,0.329472,0.299872,0.317357,0.326130, , , , , , , , , , , , , , , , , ,0.172571,0.106986,0.144713,0.097415,0.024720,0.166678, ,0.176994,0.165048, ,0.086777,0.133005,0.175018,0.040684,0.101305,0.032524,0.005972,0.029119,0.219374,0.159146, ,0.013545,0.099836,0.182021,0.012869,0.006383,0.199974,0.058423, ,0.159176,0.018900, ,0.029844,0.084135,0.181116,0.237436,0.017512,0.011517,0.222765,0.012031, ,0.018512,0.016034,0.029663,0.243600,0.239040,0.225713, ,0.166611, , ,0.134642, , , , ,0.053481, , , , ,0.087582,0.105038,0.062878, ,0.032318, ,0.049844,0.050543, , ,3.179491,0.135049, , ,0.038727,0.077383,0.049645,0.011936, , , , , , , , , , , , , , , , 
    Number of Spikes per Burst - Avg,9.557692,23.725806,19.551724,24.482759,25.879310,6.600000,12.672414,17.844828,25.155172,8.584906,15.706897,13.982759,5.952381,10.155172,18.310345,12.333333, , , , , , , , , , , , , , , , , ,21.704545,6.666667,29.840909,26.034091,23.295455,10.850575, , , ,24.215909,10.188235,11.750000,22.272727,27.795455,14.232558,8.758621, ,5.250000,9.520000, ,14.250000, ,12.190476,16.552941,21.137931,5.000000,23.448276,7.450000, ,9.164179, ,5.903226,10.056818,6.447368,10.094118, ,18.277228,8.016667,10.876404, ,21.396040,19.801980,9.698795,13.595960,12.483146,29.069307,14.619565, , ,17.241758,15.603175, ,19.876106, , ,9.366667,12.311111, ,7.375000, , , ,8.592105, , , , , , , , , , , , , , , , , , , , , , , , , , , , , , , , ,26.703125,15.745763,7.326923,4.777778,9.063830,10.339623,7.340426,12.854839,7.240741,21.796875,6.634146,26.390625, ,6.129032,23.703125, ,14.857143,21.040000,26.420000,34.060000,19.360000,18.660000,41.320000,4.000000,26.520000,41.560000,21.960000,39.860000,26.980000,14.265306,4.000000,39.220000, , , , , , , , , , , , , , , , ,19.661017,23.423729,9.500000,15.627119,23.813559,18.593220,12.745763,19.542373,18.474576, ,27.983333,17.864407,9.898305,7.000000,23.152542,34.220339, , , , , , , , , , , , , , , , , , , , , , , , , , , , , , , , ,18.051282,5.500000,7.090909,9.225352,14.128205, ,9.621622, ,5.500000,10.081081,21.935897,21.653846, , ,20.064103, , , , , , , , , , , , , , , , , ,27.913793,26.931034,21.431034,28.706897,29.310345,16.500000,14.672414,4.000000,4.000000,7.146341,6.526316,18.965517,9.127273,19.258621,17.137931,12.637931,5.360000,9.676471,13.941176,29.323529,39.029412,12.735294,25.941176,44.647059,9.676471,37.970588,25.176471,12.029412,65.823529,26.441176,31.941176,13.205882,10.703704,4.000000,19.518519,16.814815,15.629630,15.666667,29.000000,12.555556,38.518519,19.370370,24.851852,6.250000,9.333333,16.444444,25.037037,32.814815,18.187500,7.548387,28.393939,23.242424,6.935484,18.375000, ,7.066667,10.774194,21.121212,8.375000,8.391304,20.970588,6.136364,6.034483,20.787879,20.472222, ,5.125000,22.357143,36.571429,5.541667,30.250000, ,4.000000, ,4.888889,23.535714,6.625000, ,13.107143,25.107143,17.900000,25.600000,23.766667,16.600000,12.300000, ,14.966667,19.733333,13.633333,4.789474,24.333333,7.080000,15.466667,32.100000,4.250000,9.700000,6.640000,21.653061,9.958333,16.938776,10.750000,11.081633,14.346939,17.020408,10.897959,4.909091,18.653061,5.045455,26.653061,5.190476,20.938776,26.510204,28.736842,14.815789,30.500000,18.105263,22.236842,21.078947,18.236842,10.789474,32.684211,20.815789,7.457143,29.473684,8.250000,9.605263,20.894737,7.476190,45.652174,21.026316,27.155556,63.652174,28.902439,13.886364,34.777778,9.666667,76.934783,14.590909,43.577778,33.022222,13.692308,26.888889,39.777778,40.488889,48.333333,8.571429,36.208333,19.125000,49.791667,24.916667,44.333333,57.000000,25.333333,35.375000,34.115385,43.083333,10.625000,10.375000,32.166667,45.750000,45.210526,28.157895,15.657895,17.236842,24.263158,41.315789,8.972222,16.105263,19.078947,54.263158,17.105263,15.421053,47.473684,31.078947,14.842105,21.921053,5.000000,17.727273,6.357143,12.818182,5.000000,4.909091,13.151515,6.266667,6.592593,12.272727,21.909091,7.806452,15.333333,25.878788,12.333333,28.212121, , , , , , , , , , , , , , , , , , , , , , , , , , , , , , , , , , , , , , , , , , , , , , , , ,15.672727,39.870968,8.236842,5.823529,22.000000,16.421053,10.600000,7.517241,6.818182,30.413793,8.384615,8.485714,11.204545,5.363636,8.342857,8.457143,45.033898,45.423729,50.559322,35.542373,18.912281,36.440678,26.661017,13.839286,34.000000,45.355932,35.881356,7.888889,55.639344,19.000000,38.677966,23.578947,30.518519,18.203704,28.888889,15.703704,19.814815, ,6.083333,28.166667, ,6.000000, ,8.578947,9.000000,8.632653,8.294118,9.857143,21.933333,30.000000,34.133333,19.000000,5.545455, ,32.600000,28.666667,52.066667,62.866667,16.866667,26.333333,26.000000,24.400000,41.600000,43.133333,31.451613,10.483871,16.451613,12.161290,14.806452, ,4.000000,5.000000,5.416667,4.400000,5.000000, , ,17.870968, ,6.166667, , , , , , , , , , , , , , , , ,7.071429, ,8.500000, , ,4.000000, ,7.937500,12.500000, ,37.437500,6.066667, ,12.125000,12.875000,17.000000, , , , , , , , , , , , , , , , ,10.702128,5.722222, ,5.000000,8.425000, ,18.152174,28.808511,4.000000,4.000000,7.333333, ,8.153846,11.681818,6.090909,9.100000,22.104167,27.982143,4.888889,19.291667,26.981818,19.187500,10.225000,31.458333,4.500000,18.500000,10.026316,30.178571,14.000000,19.875000,15.652174,32.392857, , , , , , , , ,4.000000, , , , , , , , ,38.593750,19.600000,24.060606,9.760000,4.000000,25.121212, ,49.030303,17.031250, ,9.851852,21.031250,28.666667,7.666667,6.133333,20.033333,4.666667,6.034483,32.800000,21.516667, ,4.600000,15.933333,13.362069,4.444444,4.000000,16.421053,9.288136,4.000000,15.033333,11.433333, ,4.666667,5.807692,26.714286,16.261905,6.296296,4.000000,9.178571,4.714286, ,4.750000,4.941176,4.500000,39.952381,36.790698,39.047619, ,10.142857, , ,24.066667, , , , ,4.666667, , , , ,7.666667,9.400000,7.809524, ,6.458333, ,5.600000,5.363636, , ,10.000000,9.916667, , ,8.444444,26.203390,5.000000,4.500000, , , , , , , , , , , , , , , , 
    Number of Spikes per Burst - Std,4.758536,15.498460,18.459222,31.718743,26.431691,1.590790,7.803256,12.481287,31.047672,5.447067,17.667503,9.605356,1.286940,3.533309,11.598861,11.100729, , , , , , , , , , , , , , , , , ,2.767459,1.000000,4.938440,5.045651,5.289676,1.858536, , , ,5.006774,1.892932,2.373376,2.985510,5.558796,3.404752,1.570678, ,0.500000,2.718107, ,5.048858, ,4.238294,4.972558,3.521272, ,3.165066,1.407305, ,1.788829, ,0.870051,2.124612,1.223583,2.467038, ,4.226390,1.396019,2.879474, ,4.604518,5.381486,2.699300,3.484424,3.902541,5.291989,3.773366, , ,2.473597,2.727043, ,3.070984, , ,1.789168,2.778343, ,0.575779, , , ,1.434598, , , , , , , , , , , , , , , , , , , , , , , , , , , , , , , , ,25.732864,18.514294,2.220415,1.641476,7.853009,9.072239,2.712905,10.056964,2.231297,13.371588,2.690317,21.645497, ,1.688035,16.579467, ,3.576544,2.813669,12.013751,19.598428,5.416377,2.162859,24.101351,0.000000,9.581530,38.789416,2.258408,27.681874,10.355892,2.991485,0.000000,26.575491, , , , , , , , , , , , , , , , ,7.765108,17.418978,2.019640,3.786994,9.884636,5.427004,2.910109,7.865950,1.915058, ,12.082333,5.322229,2.040072,2.274624,3.061516,18.511011, , , , , , , , , , , , , , , , , , , , , , , , , , , , , , , , ,2.516942,0.547723,1.150945,1.475487,2.140269, ,1.810946, ,0.577350,1.848782,2.337385,2.306551, , ,2.519223, , , , , , , , , , , , , , , , , ,18.751640,23.873837,17.942513,24.598537,28.952597,9.429796,10.409827,0.000000,0.000000,1.621126,1.781843,17.890471,4.811462,17.514466,10.502211,7.258868,1.113553,2.099359,2.436356,23.566438,19.905055,1.958800,22.687523,38.956761,1.821098,19.374281,8.436826,4.522572,46.408248,14.230124,26.059304,1.950593,2.267069, ,12.333102,3.648361,6.709053,6.569159,19.695763,1.908147,23.954075,14.030593,27.669344,1.332785,1.818706,2.636042,5.125213,22.372781,5.390778,1.206613,18.454233,8.261470,1.289328,7.005758, ,1.779836,2.728976,2.735845,2.756225,5.952380,4.115641,0.774317,1.117483,3.470929,11.387929, ,0.991031,5.618846,18.882539,1.062367,26.668924, , , ,0.781736,6.161302,1.377222, ,2.024650,11.183120,6.640264,12.039017,7.775662,2.724094,3.761419, ,6.239382,7.215564,4.902380,0.787327,11.742447,1.630951,5.673491,13.345153,0.462910,2.561654,1.496663,8.362991,1.901381,7.627822,2.876907,2.523529,9.310726,2.854016,6.222422,0.831209,4.245346,0.785419,14.852821,0.928388,6.786654,9.383324,5.578357,3.455159,5.862155,5.971959,6.544790,7.645460,4.023137,2.732763,4.888515,4.228956,1.899580,5.017466,2.453860,2.666504,4.488962,2.064438,51.248509,18.720543,19.036992,45.357453,28.191138,7.812381,32.130337,6.872465,54.345153,7.002718,23.612871,40.651227,7.763456,26.702249,41.921403,45.297814,39.994202,1.859339,17.320456,6.961462,17.983033,21.922624,40.329800,22.001976,26.471751,22.841253,19.594544,29.847317,2.242136,2.222660,36.661396,39.568598,22.237244,19.890955,2.850095,7.283577,6.757115,24.282243,1.748242,2.607572,5.221482,30.075297,8.964764,2.824904,44.444765,27.924010,2.331063,9.450816,0.632456,6.170863,1.282771,3.468200,1.000000,0.700649,2.906041,1.387961,1.366052,2.886095,5.536039,1.447281,3.671398,7.047861,2.653614,7.853174, , , , , , , , , , , , , , , , , , , , , , , , , , , , , , , , , , , , , , , , , , , , , , , , ,6.727650,29.998625,3.123011,1.074436,12.532716,10.814916,3.974921,2.515959,2.315953,25.673411,3.655975,3.275322,6.260171,0.924416,2.785919,2.671669,46.846766,45.553380,53.846612,35.372073,13.452669,39.364903,25.279548,6.800473,32.958699,47.364239,34.504415,2.278578,46.532796,12.054934,40.423380,14.821494,28.946105,6.991584,28.125505,9.400180,19.876101, ,1.380506,31.066423, ,1.825742, ,5.123510,3.502380,4.045027,3.195920,3.719131,4.382867,9.494359,13.119596,6.568322,1.439697, ,9.818350,7.603257,17.657320,19.927966,3.461351,8.406347,7.131419,7.129416,16.387277,12.899982,6.607262,2.336250,1.524002,2.491275,1.869391, , ,1.414214,0.668558,0.547723, , , ,2.565696, ,1.029857, , , , , , , , , , , , , , , , ,1.542440, ,2.607681, , , , ,3.129830,7.402702, ,48.586649,1.099784, ,3.159641,5.953990,6.480741, , , , , , , , , , , , , , , , ,4.106807,0.894792, , ,2.373870, ,15.434402,24.968361, , ,2.774341, ,3.484397,5.518564,0.700649,4.459395,20.670917,19.119235,1.367217,16.999322,20.920919,17.374053,7.737645,21.289252,0.707107,16.862397,6.249267,26.475448,8.574482,15.256146,11.666128,20.679815, , , , , , , , , , , , , , , , , ,29.811082,20.273305,20.721274,4.918333,0.000000,19.155217, ,33.429483,9.917350, ,3.958474,14.120414,18.068735,0.577350,2.263583,3.156734,0.577350,1.295122,24.695982,11.127141, ,0.910259,5.879775,5.839065,0.527046,0.000000,10.333626,1.762158, ,5.115502,2.011549, ,0.577350,1.649709,11.063642,14.942262,1.137298,0.000000,3.652027,0.755929, ,0.500000,0.899346,0.547723,35.976247,26.224814,24.124628, ,3.850788, , ,17.170410, , , , ,0.577350, , , , ,2.000000,2.836273,2.421137, ,0.977093, ,0.547723,0.674200, , ,5.656854,3.556684, , ,2.590581,13.022235,1.069045,0.707107, , , , , , , , , , , , , , , , 
    Mean ISI within Burst - Avg (sec),0.007565,0.013980,0.004217,0.004779,0.004065,0.007059,0.006149,0.004616,0.003635,0.005907,0.004618,0.004900,0.006067,0.006316,0.004106,0.007098, , , , , , , , , , , , , , , , , ,0.005291,0.019369,0.004900,0.004884,0.007024,0.008135, , , ,0.005363,0.008624,0.011001,0.004488,0.004418,0.008726,0.006069, ,0.012318,0.010501, ,0.007375, ,0.008052,0.007501,0.004992,0.012680,0.005974,0.009269, ,0.009117, ,0.010473,0.008623,0.006960,0.007087, ,0.006651,0.011318,0.005603, ,0.004387,0.004475,0.010728,0.005483,0.005408,0.004548,0.005936, , ,0.018888,0.015218, ,0.007021, , ,0.009634,0.021283, ,0.014940, , , ,0.011746, , , , , , , , , , , , , , , , , , , , , , , , , , , , , , , , ,0.004195,0.005375,0.008062,0.006248,0.009221,0.007695,0.008564,0.007144,0.006669,0.004540,0.010001,0.004354, ,0.008429,0.004257, ,0.006731,0.004480,0.005380,0.006800,0.008088,0.004707,0.006134,0.008160,0.005749,0.004349,0.004262,0.005031,0.006694,0.005411,0.010853,0.005720, , , , , , , , , , , , , , , , ,0.007993,0.008356,0.008166,0.009522,0.006668,0.006802,0.007653,0.006690,0.004241, ,0.005445,0.007807,0.006594,0.010944,0.004478,0.006690, , , , , , , , , , , , , , , , , , , , , , , , , , , , , , , , ,0.008321,0.014021,0.014371,0.013366,0.006079, ,0.007266, ,0.010585,0.009932,0.005483,0.005296, , ,0.006479, , , , , , , , , , , , , , , , , ,0.004164,0.003958,0.004372,0.004007,0.003564,0.005121,0.006155,0.005509,0.005787,0.009412,0.008601,0.005159,0.006923,0.004768,0.004803,0.005888,0.008098,0.006503,0.005683,0.010568,0.006703,0.004542,0.007812,0.007876,0.005295,0.009333,0.005572,0.007217,0.005616,0.010816,0.006699,0.005114,0.008432,0.003200,0.009386,0.013115,0.007384,0.010455,0.008564,0.007846,0.004991,0.005931,0.005097,0.011030,0.008174,0.006084,0.009178,0.006608,0.006850,0.008530,0.006159,0.007186,0.008131,0.006574, ,0.016404,0.010389,0.004538,0.009599,0.023373,0.006201,0.009793,0.009397,0.004120,0.062269, ,0.013577,0.005598,0.009469,0.008550,0.005520, ,0.018187, ,0.008596,0.005480,0.013701, ,0.004787,0.009497,0.004703,0.004487,0.004238,0.006262,0.005000, ,0.007398,0.004952,0.005546,0.005994,0.007050,0.008518,0.007342,0.004612,0.007476,0.006310,0.014072,0.004942,0.006271,0.004792,0.014508,0.006479,0.005164,0.004487,0.005926,0.011448,0.005178,0.008424,0.004421,0.009191,0.004511,0.005489,0.003853,0.004359,0.004297,0.003717,0.004169,0.004255,0.004419,0.005416,0.004191,0.004653,0.006493,0.005228,0.006719,0.006901,0.003929,0.008460,0.004580,0.007419,0.008523,0.005989,0.007037,0.008614,0.008808,0.019435,0.005133,0.010501,0.009336,0.004980,0.008335,0.006216,0.006724,0.004198,0.006612,0.007708,0.010944,0.008164,0.008164,0.006762,0.006453,0.007410,0.005503,0.006122,0.013932,0.005169,0.005772,0.006467,0.005063,0.005167,0.006261,0.005733,0.004759,0.007304,0.006529,0.006451,0.006155,0.005430,0.009096,0.005511,0.011748,0.005714,0.004728,0.006021,0.004742,0.005469,0.007120,0.010509,0.009530,0.006267,0.007989,0.009096,0.005626,0.007845,0.008040,0.012628,0.005012,0.006804,0.006446,0.008628,0.009483,0.004481, , , , , , , , , , , , , , , , , , , , , , , , , , , , , , , , , , , , , , , , , , , , , , , , ,0.006646,0.003773,0.009131,0.011209,0.005188,0.005896,0.006124,0.012748,0.014755,0.004202,0.011617,0.011130,0.008584,0.015257,0.010753,0.011115,0.003762,0.004148,0.003927,0.004646,0.006185,0.004430,0.005373,0.006975,0.004657,0.003734,0.005030,0.007746,0.004096,0.006555,0.004447,0.011678,0.003683,0.004605,0.005147,0.005570,0.005023, ,0.011043,0.004361, ,0.013778, ,0.008924,0.014742,0.007704,0.010952,0.008038,0.005450,0.004360,0.006670,0.006127,0.010480, ,0.006869,0.008300,0.005045,0.004215,0.005196,0.005324,0.006320,0.004323,0.005408,0.006481,0.007961,0.007528,0.004876,0.007593,0.005875, ,0.013040,0.011320,0.014623,0.013053,0.007840, , ,0.006459, ,0.013607, , , , , , , , , , , , , , , , ,0.016502, ,0.008568, , ,0.012693, ,0.013969,0.013310, ,0.005232,0.012054, ,0.012992,0.015958,0.010792, , , , , , , , , , , , , , , , ,0.007848,0.014688, ,0.042080,0.010395, ,0.007223,0.004740,0.017973,0.005787,0.033739, ,0.022811,0.009746,0.018947,0.015410,0.005991,0.004225,0.011496,0.006597,0.004268,0.006167,0.010088,0.009942,0.006213,0.005946,0.014179,0.004032,0.009392,0.007456,0.008485,0.013093, , , , , , , , ,0.009680, , , , , , , , ,0.004911,0.008488,0.006124,0.011291,0.024813,0.006778, ,0.004208,0.010149, ,0.013082,0.006897,0.007434,0.035168,0.018450,0.006685,0.007662,0.008485,0.005378,0.005246, ,0.005874,0.006050,0.010235,0.007807,0.006147,0.007489,0.009585,0.003520,0.006606,0.005865, ,0.015711,0.012283,0.006834,0.007352,0.009864,0.008622,0.020921,0.010843, ,0.012570,0.007569,0.012534,0.006073,0.006819,0.005916, ,0.031709, , ,0.009064, , , , ,0.023016, , , , ,0.029702,0.043706,0.013776, ,0.012243, ,0.027997,0.015053, , ,0.197975,0.015520, , ,0.011359,0.005680,0.015943,0.013590, , , , , , , , , , , , , , , , 
    Mean ISI within Burst - Std (sec),0.005273,0.009353,0.001533,0.000711,0.000879,0.005579,0.002998,0.001984,0.000732,0.003664,0.001717,0.002819,0.002946,0.003367,0.002221,0.002561, , , , , , , , , , , , , , , , , ,0.000776,0.004334,0.000546,0.000607,0.001320,0.001596, , , ,0.000841,0.001919,0.001977,0.000431,0.000699,0.002844,0.002256, ,0.003115,0.004479, ,0.002778, ,0.002591,0.001894,0.001056, ,0.001124,0.002489, ,0.003003, ,0.003593,0.002475,0.004242,0.003075, ,0.001564,0.003550,0.001980, ,0.000718,0.001016,0.003281,0.001456,0.001245,0.000686,0.002207, , ,0.003782,0.003674, ,0.001161, , ,0.001702,0.005724, ,0.002032, , , ,0.002118, , , , , , , , , , , , , , , , , , , , , , , , , , , , , , , , ,0.000901,0.002180,0.004650,0.001987,0.007803,0.005555,0.007037,0.003618,0.003931,0.001813,0.009994,0.001245, ,0.006936,0.001465, ,0.003416,0.001838,0.002498,0.004890,0.006472,0.001300,0.003733,0.001697,0.005036,0.001562,0.000575,0.002071,0.006068,0.004024,0.000528,0.002721, , , , , , , , , , , , , , , , ,0.005157,0.005569,0.004644,0.003164,0.004796,0.006581,0.003015,0.006659,0.000722, ,0.003848,0.005170,0.001919,0.009715,0.001439,0.004005, , , , , , , , , , , , , , , , , , , , , , , , , , , , , , , , ,0.001529,0.002668,0.003725,0.002682,0.001112, ,0.001484, ,0.003897,0.002612,0.000839,0.000799, , ,0.001344, , , , , , , , , , , , , , , , , ,0.000743,0.000671,0.001059,0.000844,0.000516,0.001906,0.002603,0.000977,0.000566,0.006460,0.004161,0.001724,0.004267,0.001564,0.001776,0.002856,0.004094,0.007171,0.001089,0.005453,0.003041,0.001023,0.006341,0.004526,0.001608,0.004339,0.003617,0.007025,0.001897,0.007215,0.004464,0.000892,0.002434, ,0.006672,0.004763,0.007213,0.005332,0.003975,0.001889,0.002253,0.003527,0.002181,0.004374,0.002736,0.001736,0.001869,0.002334,0.006537,0.001928,0.005174,0.005606,0.001614,0.003401, ,0.012189,0.008264,0.000695,0.010915,0.022806,0.007404,0.002766,0.003279,0.000785,0.036664, ,0.007802,0.005443,0.003034,0.003880,0.002553, , , ,0.002437,0.002217,0.010257, ,0.000976,0.007024,0.000722,0.000898,0.000499,0.000989,0.001241, ,0.002324,0.001260,0.001423,0.002119,0.001954,0.002800,0.003530,0.000725,0.002020,0.002375,0.004521,0.001582,0.001512,0.001719,0.004901,0.001755,0.001452,0.000676,0.002325,0.005109,0.001590,0.004078,0.000983,0.003535,0.000630,0.000898,0.000696,0.000597,0.000830,0.000409,0.000692,0.000923,0.000614,0.001005,0.000488,0.001070,0.001763,0.001641,0.001546,0.001953,0.000491,0.002514,0.002579,0.005266,0.005525,0.002844,0.004751,0.007244,0.007845,0.018583,0.001491,0.010293,0.003923,0.001674,0.005107,0.002686,0.004313,0.001262,0.001257,0.002380,0.004731,0.005531,0.002602,0.002964,0.003109,0.001298,0.002258,0.002441,0.003940,0.001901,0.002067,0.001851,0.001493,0.000881,0.003183,0.003830,0.001315,0.006952,0.002346,0.002879,0.002073,0.001635,0.003116,0.002161,0.009737,0.002276,0.001482,0.002461,0.001152,0.001373,0.003209,0.003250,0.005067,0.001506,0.001828,0.003714,0.001361,0.004827,0.003199,0.006284,0.001486,0.002313,0.001621,0.003044,0.003833,0.000717, , , , , , , , , , , , , , , , , , , , , , , , , , , , , , , , , , , , , , , , , , , , , , , , ,0.002053,0.000830,0.004079,0.002893,0.001459,0.001648,0.001396,0.005317,0.008302,0.001010,0.004538,0.003873,0.003037,0.007185,0.003593,0.004529,0.000861,0.000783,0.000711,0.002105,0.003979,0.002241,0.002613,0.005422,0.001813,0.000805,0.002042,0.003752,0.001824,0.004437,0.001519,0.005212,0.000628,0.000719,0.001327,0.002065,0.001200, ,0.011964,0.000821, ,0.013823, ,0.008700,0.015836,0.003549,0.005220,0.006343,0.001203,0.000620,0.001069,0.002230,0.006788, ,0.001465,0.002413,0.000720,0.000349,0.001551,0.001320,0.001095,0.001057,0.000924,0.001470,0.001622,0.004218,0.000935,0.002317,0.001772, , ,0.000057,0.002536,0.003441, , , ,0.001157, ,0.004847, , , , , , , , , , , , , , , , ,0.003634, ,0.004710, , , , ,0.021866,0.013396, ,0.001732,0.006258, ,0.017415,0.011165,0.008652, , , , , , , , , , , , , , , , ,0.003009,0.007111, , ,0.006076, ,0.002299,0.000995, , ,0.027699, ,0.019212,0.004106,0.006854,0.009716,0.004059,0.000955,0.021214,0.004005,0.001312,0.003743,0.010590,0.002321,0.002866,0.003977,0.015947,0.000894,0.010112,0.004291,0.007627,0.004461, , , , , , , , , , , , , , , , , ,0.000836,0.003110,0.001353,0.004248,0.008240,0.001588, ,0.000746,0.003135, ,0.004122,0.001596,0.002062,0.005601,0.013195,0.001557,0.002635,0.004761,0.002195,0.002301, ,0.002307,0.002499,0.005813,0.002805,0.002128,0.003560,0.004984, ,0.004869,0.001584, ,0.006451,0.009016,0.003287,0.003029,0.003457,0.003839,0.017925,0.003020, ,0.003776,0.003052,0.006766,0.001830,0.001715,0.001635, ,0.008551, , ,0.002706, , , , ,0.011952, , , , ,0.011818,0.011400,0.005818, ,0.004378, ,0.008779,0.009195, , ,0.228842,0.007356, , ,0.003069,0.001602,0.006672,0.000665, , , , , , , , , , , , , , , , 
    Median ISI within Burst - Avg (sec),0.005089,0.010145,0.003272,0.003281,0.003165,0.005517,0.004019,0.003657,0.002966,0.004322,0.003448,0.003770,0.004383,0.004422,0.003426,0.004919, , , , , , , , , , , , , , , , , ,0.003811,0.015480,0.003685,0.003661,0.005257,0.006533, , , ,0.003896,0.007639,0.009052,0.003601,0.003324,0.006889,0.003958, ,0.009820,0.008772, ,0.004094, ,0.006141,0.005583,0.003591,0.011480,0.003678,0.008301, ,0.007657, ,0.009022,0.006456,0.005757,0.005562, ,0.004829,0.008831,0.004644, ,0.003430,0.003539,0.008328,0.004293,0.003599,0.003255,0.004361, , ,0.015785,0.012423, ,0.005127, , ,0.006141,0.018491, ,0.013540, , , ,0.008497, , , , , , , , , , , , , , , , , , , , , , , , , , , , , , , , ,0.003257,0.004444,0.006453,0.006076,0.007159,0.005915,0.006353,0.005661,0.005339,0.003486,0.008308,0.003324, ,0.007115,0.003402, ,0.003976,0.003233,0.003564,0.004261,0.004686,0.003330,0.004270,0.008720,0.004466,0.003214,0.003065,0.003298,0.004388,0.003660,0.004760,0.003806, , , , , , , , , , , , , , , , ,0.005601,0.006610,0.005844,0.005997,0.005162,0.004580,0.004812,0.005092,0.003231, ,0.003737,0.005791,0.004876,0.007411,0.003288,0.004012, , , , , , , , , , , , , , , , , , , , , , , , , , , , , , , , ,0.005542,0.012700,0.012336,0.011235,0.003948, ,0.005600, ,0.008230,0.006857,0.003685,0.003432, , ,0.003752, , , , , , , , , , , , , , , , , ,0.003260,0.003172,0.003679,0.003089,0.003107,0.004076,0.004810,0.004976,0.005280,0.006863,0.006811,0.003801,0.005301,0.003783,0.003561,0.004433,0.006256,0.004448,0.004085,0.006680,0.003641,0.003488,0.005066,0.004402,0.004038,0.007154,0.003539,0.005073,0.003520,0.006927,0.004626,0.003415,0.006129,0.002960,0.006873,0.012938,0.004622,0.007385,0.004880,0.005607,0.003367,0.004234,0.003421,0.007696,0.005372,0.004163,0.006615,0.004324,0.003915,0.006751,0.004445,0.004188,0.007133,0.003795, ,0.011839,0.006679,0.003268,0.006571,0.015661,0.004289,0.007922,0.007686,0.003185,0.044069, ,0.011610,0.003843,0.007016,0.006995,0.003256, ,0.007520, ,0.007053,0.003399,0.009543, ,0.003433,0.005580,0.003391,0.003340,0.003117,0.004493,0.003711, ,0.004413,0.003471,0.004012,0.005013,0.003917,0.006357,0.003952,0.003489,0.006910,0.004561,0.010965,0.003389,0.004719,0.003540,0.009651,0.004440,0.003775,0.003341,0.004754,0.009429,0.003602,0.006535,0.003275,0.007674,0.003244,0.003307,0.002988,0.003627,0.003233,0.003181,0.003206,0.003425,0.003412,0.004433,0.003088,0.003386,0.005674,0.003304,0.005636,0.005603,0.003171,0.007080,0.003202,0.005365,0.004975,0.004611,0.004878,0.005527,0.005812,0.010933,0.003519,0.006456,0.007404,0.003445,0.005735,0.004773,0.003935,0.003252,0.003685,0.005537,0.006670,0.004622,0.004182,0.004800,0.003860,0.003528,0.003763,0.003777,0.010278,0.003438,0.004310,0.004428,0.003353,0.003242,0.004162,0.004534,0.003491,0.004858,0.004081,0.004303,0.004549,0.003784,0.006241,0.004096,0.007822,0.003836,0.003475,0.004247,0.003503,0.003473,0.006120,0.007242,0.006356,0.004782,0.007046,0.006455,0.004108,0.005608,0.006390,0.008530,0.003465,0.005119,0.004778,0.004983,0.005115,0.003385, , , , , , , , , , , , , , , , , , , , , , , , , , , , , , , , , , , , , , , , , , , , , , , , ,0.004908,0.002987,0.006996,0.009795,0.003807,0.004752,0.005330,0.009687,0.011553,0.003373,0.009685,0.008755,0.007021,0.012353,0.008554,0.008440,0.003062,0.003157,0.003060,0.003456,0.004324,0.003315,0.004077,0.004664,0.003590,0.003010,0.003792,0.005780,0.003245,0.004645,0.003506,0.008566,0.003161,0.003576,0.004142,0.004121,0.004070, ,0.007773,0.003627, ,0.010229, ,0.006567,0.008582,0.006078,0.009112,0.006224,0.003627,0.003024,0.003592,0.003477,0.007244, ,0.003752,0.004608,0.003104,0.003152,0.003384,0.003304,0.003915,0.003160,0.003384,0.003805,0.004699,0.004630,0.003557,0.005155,0.003937, ,0.012400,0.011080,0.011827,0.012824,0.007800, , ,0.003942, ,0.010173, , , , , , , , , , , , , , , , ,0.015254, ,0.005272, , ,0.009920, ,0.010030,0.007930, ,0.003383,0.009163, ,0.006212,0.010410,0.005518, , , , , , , , , , , , , , , , ,0.006094,0.012307, ,0.020080,0.007848, ,0.005977,0.003549,0.015360,0.005120,0.027100, ,0.017797,0.007860,0.014058,0.012573,0.003722,0.003286,0.005958,0.004027,0.003129,0.003821,0.005728,0.006521,0.006140,0.004153,0.006323,0.003051,0.004678,0.004312,0.005177,0.010129, , , , , , , , ,0.010400, , , , , , , , ,0.003583,0.006860,0.004425,0.009491,0.016000,0.005333, ,0.003285,0.008391, ,0.011289,0.005651,0.005806,0.022720,0.014451,0.004332,0.007373,0.006246,0.003928,0.003815, ,0.005325,0.004329,0.007456,0.007356,0.005413,0.005984,0.006459,0.003600,0.004609,0.004482, ,0.014933,0.009145,0.004438,0.005322,0.008844,0.009040,0.013886,0.009800, ,0.012120,0.006409,0.008600,0.003842,0.004776,0.003965, ,0.027781, , ,0.006589, , , , ,0.021880, , , , ,0.024320,0.038136,0.009977, ,0.010355, ,0.022696,0.011396, , ,0.066320,0.011287, , ,0.009619,0.004006,0.014505,0.010780, , , , , , , , , , , , , , , , 
    Median ISI within Burst - Std (sec),0.002909,0.009093,0.000922,0.000313,0.000387,0.003679,0.001909,0.001467,0.000260,0.002068,0.001196,0.002078,0.001251,0.001902,0.001691,0.002670, , , , , , , , , , , , , , , , , ,0.000583,0.004565,0.000294,0.000447,0.000993,0.001849, , , ,0.000592,0.001963,0.002623,0.000334,0.000394,0.001859,0.001942, ,0.001900,0.004186, ,0.001169, ,0.002461,0.002150,0.000516, ,0.000614,0.002614, ,0.003061, ,0.003029,0.002547,0.002762,0.002475, ,0.001116,0.003415,0.002073, ,0.000418,0.000553,0.002975,0.000993,0.000805,0.000261,0.001512, , ,0.003452,0.003487, ,0.001188, , ,0.001421,0.005480, ,0.002861, , , ,0.003120, , , , , , , , , , , , , , , , , , , , , , , , , , , , , , , , ,0.000489,0.001847,0.003815,0.002107,0.006012,0.003721,0.003635,0.002672,0.002360,0.000683,0.007788,0.000589, ,0.005227,0.000777, ,0.000658,0.000281,0.001282,0.002589,0.003587,0.000273,0.002463,0.003281,0.004744,0.000403,0.000165,0.000297,0.003393,0.000626,0.000735,0.001789, , , , , , , , , , , , , , , , ,0.004274,0.005359,0.002087,0.003095,0.003760,0.004194,0.001455,0.005282,0.000284, ,0.001741,0.005237,0.001874,0.003773,0.000494,0.001609, , , , , , , , , , , , , , , , , , , , , , , , , , , , , , , , ,0.001592,0.002523,0.004495,0.003796,0.000778, ,0.001773, ,0.003163,0.002756,0.000577,0.000392, , ,0.000350, , , , , , , , , , , , , , , , , ,0.000293,0.000318,0.000743,0.000284,0.000245,0.001123,0.001791,0.001892,0.002376,0.003465,0.002808,0.000944,0.002011,0.001023,0.000770,0.001715,0.001952,0.002511,0.000717,0.003553,0.000459,0.000396,0.002995,0.001802,0.001203,0.004618,0.001118,0.003900,0.000606,0.004816,0.003046,0.000343,0.002057, ,0.005833,0.001967,0.002931,0.006593,0.002837,0.001957,0.000812,0.002639,0.000475,0.004069,0.001596,0.001024,0.002047,0.001914,0.001637,0.002432,0.003307,0.002808,0.001913,0.000428, ,0.002625,0.001973,0.000300,0.002316,0.012790,0.005096,0.002776,0.002818,0.000239,0.023145, ,0.007790,0.002505,0.003859,0.003421,0.000260, , , ,0.002012,0.000542,0.004951, ,0.000399,0.004526,0.000550,0.000340,0.000189,0.000916,0.000568, ,0.001319,0.000502,0.001037,0.001793,0.000680,0.002637,0.000767,0.000334,0.001863,0.001757,0.003787,0.000603,0.001330,0.000753,0.005081,0.001347,0.001300,0.000356,0.002050,0.005095,0.000780,0.002971,0.000359,0.003723,0.000307,0.000315,0.000202,0.000552,0.000218,0.000247,0.000282,0.000710,0.000389,0.000923,0.000183,0.000372,0.001593,0.000352,0.001140,0.001500,0.000216,0.002064,0.000392,0.003163,0.002549,0.002289,0.002317,0.002663,0.004935,0.007432,0.000750,0.004742,0.003784,0.000527,0.002428,0.002020,0.001973,0.000512,0.000515,0.001556,0.004413,0.002161,0.002552,0.002635,0.000994,0.000252,0.001892,0.001691,0.004177,0.000986,0.001387,0.001095,0.000726,0.000282,0.001961,0.003731,0.000421,0.003874,0.001040,0.002513,0.001274,0.000817,0.002565,0.001752,0.009006,0.000649,0.000432,0.002154,0.000408,0.000388,0.003495,0.002466,0.003354,0.001367,0.002229,0.002677,0.000849,0.003505,0.003046,0.005202,0.000433,0.001483,0.001224,0.001695,0.001427,0.000288, , , , , , , , , , , , , , , , , , , , , , , , , , , , , , , , , , , , , , , , , , , , , , , , ,0.001295,0.000172,0.002527,0.002765,0.000680,0.001258,0.001268,0.003958,0.007480,0.000538,0.003103,0.003726,0.002587,0.004952,0.003346,0.003854,0.000333,0.000325,0.000184,0.001090,0.001772,0.000813,0.001760,0.002260,0.001107,0.000281,0.001687,0.002709,0.000882,0.002496,0.001072,0.003178,0.000308,0.000383,0.001077,0.001179,0.000841, ,0.004670,0.000630, ,0.007706, ,0.005576,0.003535,0.002165,0.004190,0.002739,0.000495,0.000157,0.000514,0.000710,0.003989, ,0.000599,0.001088,0.000170,0.000166,0.000387,0.000275,0.000654,0.000270,0.000290,0.000483,0.001224,0.001354,0.000363,0.001530,0.000914, , ,0.002432,0.002554,0.003079, , , ,0.000519, ,0.005513, , , , , , , , , , , , , , , , ,0.004814, ,0.001770, , , , ,0.016533,0.005566, ,0.000484,0.004088, ,0.005296,0.004950,0.001723, , , , , , , , , , , , , , , , ,0.001502,0.008237, , ,0.004190, ,0.002477,0.000657, , ,0.031735, ,0.014226,0.002823,0.005284,0.007781,0.001156,0.000296,0.002674,0.001043,0.000304,0.000610,0.002798,0.001895,0.002687,0.001477,0.003064,0.000250,0.001717,0.001685,0.002200,0.004223, , , , , , , , , , , , , , , , , ,0.000358,0.003038,0.001282,0.003572,0.002263,0.001485, ,0.000303,0.002195, ,0.004163,0.001439,0.001743,0.002464,0.013963,0.000853,0.002641,0.002525,0.001481,0.001313, ,0.002311,0.001265,0.003568,0.002656,0.001335,0.003331,0.002865, ,0.001866,0.001067, ,0.008704,0.005908,0.001590,0.002366,0.003786,0.002986,0.014945,0.002580, ,0.003828,0.002960,0.003366,0.001101,0.001704,0.000869, ,0.007922, , ,0.002475, , , , ,0.012041, , , , ,0.013239,0.008054,0.003541, ,0.002852, ,0.012056,0.003943, , ,0.038467,0.004435, , ,0.002998,0.001329,0.005790,0.000255, , , , , , , , , , , , , , , , 
    Median/Mean ISI within Burst,0.734139,0.677727,0.796819,0.695460,0.793539,0.827794,0.686345,0.803745,0.831982,0.789711,0.769089,0.784794,0.779091,0.735579,0.853435,0.688407, , , , , , , , , , , , , , , , , ,0.725033,0.799612,0.757527,0.753173,0.753590,0.804045, , , ,0.732493,0.890126,0.819656,0.807108,0.761806,0.807877,0.669275, ,0.812754,0.832202, ,0.593923, ,0.764210,0.735899,0.736162,0.905363,0.626451,0.894469, ,0.835947, ,0.874184,0.753498,0.865776,0.801317, ,0.739260,0.796438,0.829857, ,0.789879,0.806804,0.787067,0.796206,0.684067,0.726177,0.756996, , ,0.843543,0.825530, ,0.731142, , ,0.647109,0.874677, ,0.902853, , , ,0.720031, , , , , , , , , , , , , , , , , , , , , , , , , , , , , , , , ,0.788560,0.841658,0.830929,0.974617,0.851272,0.827194,0.837047,0.816443,0.867140,0.804287,0.879014,0.791229, ,0.882545,0.821058, ,0.638523,0.759169,0.697938,0.677758,0.599543,0.727657,0.724919,1.049514,0.744846,0.775081,0.729063,0.716544,0.712363,0.745779,0.437444,0.695362, , , , , , , , , , , , , , , , ,0.692399,0.761833,0.765274,0.618222,0.782755,0.705871,0.655964,0.769883,0.776573, ,0.764040,0.699127,0.752553,0.799584,0.760555,0.670723, , , , , , , , , , , , , , , , , , , , , , , , , , , , , , , , ,0.664828,0.922368,0.852012,0.834379,0.655294, ,0.770617, ,0.774627,0.683910,0.680154,0.657140, , ,0.596833, , , , , , , , , , , , , , , , , ,0.795607,0.814016,0.852589,0.792063,0.880782,0.817637,0.805103,0.880625,0.896658,0.810972,0.826776,0.764993,0.827864,0.810927,0.772562,0.782099,0.844344,0.774605,0.727668,0.660377,0.631974,0.789397,0.736427,0.631598,0.783592,0.733487,0.705221,0.759510,0.661891,0.671046,0.717447,0.683854,0.736075,0.925000,0.712822,1.020939,0.688415,0.643400,0.587017,0.714966,0.721207,0.714328,0.726968,0.727070,0.676061,0.701037,0.722701,0.657272,0.694342,0.789144,0.764710,0.622234,0.872479,0.625334, ,0.802281,0.728732,0.727727,0.813788,0.764305,0.732006,0.810970,0.844199,0.790270,0.760499, ,0.868268,0.772759,0.709610,0.835467,0.660820, ,0.413490, ,0.843703,0.667456,0.770734, ,0.734585,0.656330,0.724902,0.762037,0.743831,0.725141,0.762236, ,0.634514,0.718688,0.735599,0.862292,0.578649,0.759040,0.615802,0.767246,0.928227,0.738656,0.797526,0.711998,0.763844,0.766564,0.679589,0.698532,0.741882,0.754472,0.812285,0.804915,0.714792,0.831322,0.760453,0.827107,0.727716,0.612205,0.791892,0.835828,0.774410,0.861672,0.783571,0.814619,0.779844,0.827557,0.744844,0.750222,0.884055,0.677971,0.858735,0.828318,0.816576,0.850692,0.750400,0.777284,0.686941,0.774694,0.741725,0.744454,0.712335,0.733366,0.703111,0.730189,0.773992,0.734947,0.757181,0.786091,0.652922,0.801843,0.568996,0.738592,0.594694,0.630523,0.506697,0.707408,0.670252,0.488514,0.683146,0.621608,0.747091,0.691005,0.768014,0.706569,0.683069,0.638764,0.695950,0.763278,0.763628,0.740801,0.653209,0.675028,0.772023,0.716369,0.683987,0.746369,0.663547,0.713596,0.776836,0.697552,0.771031,0.669903,0.857908,0.693993,0.726243,0.766814,0.886716,0.731979,0.747881,0.757476,0.805016,0.667351,0.727909,0.779593,0.748152,0.609416,0.587606,0.767485, , , , , , , , , , , , , , , , , , , , , , , , , , , , , , , , , , , , , , , , , , , , , , , , ,0.758977,0.813750,0.799110,0.890265,0.757780,0.813900,0.876644,0.790958,0.769569,0.820056,0.869398,0.794487,0.837691,0.838685,0.813380,0.772338,0.835192,0.774672,0.798223,0.775924,0.766140,0.801092,0.786692,0.766591,0.794248,0.826209,0.761795,0.788316,0.826074,0.767557,0.805176,0.767898,0.868069,0.786458,0.809807,0.766832,0.821166, ,0.806102,0.837993, ,0.859126, ,0.812091,0.771015,0.828222,0.864096,0.864273,0.682628,0.704107,0.547357,0.612115,0.764270, ,0.557665,0.582617,0.625071,0.750681,0.683266,0.647531,0.632987,0.756248,0.638326,0.610538,0.594658,0.662631,0.747963,0.696269,0.691968, ,0.950920,0.979348,0.823444,1.000879,0.994898, , ,0.622736, ,0.724671, , , , , , , , , , , , , , , , ,0.917964, ,0.711013, , ,0.781513, ,0.724497,0.690682, ,0.680430,0.802025, ,0.676564,0.713167,0.594547, , , , , , , , , , , , , , , , ,0.819085,0.821058, ,0.477186,0.818451, ,0.816932,0.759116,0.854599,0.884793,0.760829, ,0.835816,0.841519,0.780032,0.837726,0.740911,0.798319,0.834310,0.709540,0.771032,0.720879,0.749022,0.676397,0.994234,0.793862,0.705521,0.782741,0.757058,0.651907,0.756733,0.782606, , , , , , , , ,1.074380, , , , , , , , ,0.743492,0.799750,0.726242,0.849924,0.666420,0.789253, ,0.793905,0.846698, ,0.882399,0.828542,0.787483,0.651263,0.787619,0.664097,0.962193,0.803136,0.747991,0.754393, ,0.920507,0.742886,0.768377,0.955986,0.927654,0.793164,0.718274,1.022727,0.778799,0.780652, ,0.916580,0.808581,0.690011,0.744584,0.896293,1.088239,0.739140,0.925979, ,0.981390,0.857624,0.753826,0.649298,0.702235,0.688442, ,0.881527, , ,0.726706, , , , ,0.943958, , , , ,0.785741,0.887663,0.776606, ,0.873518, ,0.780063,0.834507, , ,0.670894,0.768339, , ,0.849276,0.708140,0.922810,0.794639, , , , , , , , , , , , , , , , 
    Inter-Burst Interval - Avg (sec),11.548515,9.718125,10.400053,10.400058,10.400205,11.973474,10.400191,10.400125,10.400293,11.282765,10.400272,10.400195,14.014486,10.400146,10.400215,10.585934, , , , , , , , , , , , , , , , , ,6.794108,57.953340,6.794079,6.794031,6.794118,6.873095, , , ,6.794126,7.036778,7.482149,6.794141,6.794028,6.953872,10.345982, ,123.599547,8.046869, ,7.174600, ,9.364130,7.089333,6.924182, ,6.924633,9.989199, ,9.022561, ,19.734432,6.804889,16.000592,7.048098, ,5.920640,9.762249,6.727590, ,5.920305,5.920221,7.219906,6.041243,6.727682,5.920588,6.505895, , ,6.612350,8.913178, ,5.313531, , ,6.582710,12.257409, ,21.374866, , , ,7.934822, , , , , , , , , , , , , , , , , , , , , , , , , , , , , , , , ,9.458173,10.137579,11.529435,63.804680,12.782767,11.307780,12.636146,9.768119,11.242750,9.458259,14.698634,9.458071, ,18.315029,9.458015, ,12.262553,12.012240,12.012310,12.012273,12.012214,12.012227,12.012194,102.380960,12.012255,12.012214,12.012196,12.012196,12.012230,12.262353,373.389360,12.012230, , , , , , , , , , , , , , , , ,10.162617,10.162701,10.340970,10.162764,10.162559,10.162692,10.162720,10.162730,10.162677, ,9.990515,10.162705,10.162659,12.813896,10.162663,10.162745, , , , , , , , , , , , , , , , , , , , , , , , , , , , , , , , ,7.658506,81.456880,25.266210,8.424513,7.658421, ,8.078041, ,104.065893,8.078047,7.658406,7.658456, , ,7.658429, , , , , , , , , , , , , , , , , ,10.418538,10.418727,10.418526,10.418629,10.418509,10.418213,10.418521,96.300320,7.050080,14.636838,15.815072,10.418604,10.997444,10.418629,10.418602,10.418627,24.510063,18.138390,18.138182,18.138272,18.138264,18.138242,18.138223,18.138400,18.138204,18.138436,18.138279,18.138303,18.138269,18.138259,18.138291,18.138315,22.723572, ,22.723569,22.723492,22.723517,22.723566,22.723554,22.723566,22.723668,22.723397,22.723542,31.095267,22.723320,22.723572,22.723458,22.723588,18.943889,19.575427,18.351965,18.351993,19.575456,18.943948, ,20.250502,19.575389,18.351928,18.943959,26.048080,17.795748,26.042838,20.973594,18.351892,16.466114, ,50.598663,21.443810,21.443870,25.173739,21.443914, , , ,62.336810,21.444036,25.172863, ,21.444089,21.443985,19.281865,19.281953,19.282356,19.282259,19.282105, ,19.282154,19.282226,19.281917,31.065662,19.282284,23.299557,19.281214,19.281139,50.315109,19.281807,22.024863,11.483658,11.727877,11.483572,11.727906,11.483618,11.483700,11.483685,11.483673,50.755304,11.483643,26.248606,11.483807,26.120772,11.483792,11.483762,15.847894,15.847907,15.847918,15.847914,15.847974,15.848117,15.848048,15.847872,15.847916,15.847911,17.246268,15.847849,16.753360,15.847816,15.848067,27.318820,12.749920,15.506921,13.039887,12.750133,14.343646,13.343059,13.039836,22.067837,12.749915,13.343079,13.039824,13.040000,15.098817,13.039751,13.039902,13.039973,22.771412,26.187220,22.771579,22.771795,22.771384,22.771621,22.771610,22.771523,22.771430,22.771468,20.949786,22.771701,22.771249,22.771433,22.771750,22.771718,15.979248,15.979278,15.979356,15.979552,15.979548,15.979274,16.892466,15.979423,15.979150,15.979094,15.979131,15.979459,15.979057,15.979315,15.979397,15.979334,54.328712,17.458765,20.691961,17.458660,65.157067,47.939896,17.458913,19.264797,21.487652,17.458942,17.459830,18.622933,17.458607,17.459225,17.458800,17.459115, , , , , , , , , , , , , , , , , , , , , , , , , , , , , , , , , , , , , , , , , , , , , , , , ,10.908612,9.657347,15.384218,31.758255,10.156446,10.519249,10.908836,21.038500,55.219616,10.334546,22.888246,17.325762,13.700636,55.223152,17.325840,17.325838,10.213949,10.213859,10.215510,10.213756,10.578800,10.213949,10.213964,10.770922,10.213926,10.213939,10.213876,13.463853,9.873456,10.578747,10.214017,10.578799,10.990483,10.990629,10.990629,10.990575,10.990592, ,23.067850,10.990592, ,30.334618, ,15.743405,37.800965,11.375555,17.181784,17.132365,31.798023,31.798411,31.798383,31.798211,44.517784, ,31.798171,31.798503,31.798246,31.798257,31.798240,31.798057,31.798411,31.798234,31.798177,31.798303,14.198731,14.199245,14.198912,14.198195,14.199144, , ,47.005440,33.429542,91.794280, , , ,14.198989, ,35.457244, , , , , , , , , , , , , , , , ,28.582972, ,26.009979, , , , ,26.009909,26.010123, ,26.009952,26.541343, ,26.010000,26.010133,26.009979, , , , , , , , , , , , , , , , ,12.654066,34.241393, , ,14.925395, ,12.935995,12.654313, , ,49.366560, ,47.655673,13.537207,52.055432,20.072394,12.193421,10.419690,29.439713,12.193241,10.612662,12.193258,14.694379,12.193120,307.391680,12.193226,14.452255,10.419465,12.458456,12.193265,12.735061,19.397950, , , , , , , , , , , , , , , , , ,18.243409,19.501492,17.673515,23.563700,235.388160,17.673703, ,17.673128,18.244046, ,21.751831,18.244191,17.673515,150.425040,39.351806,9.732538,202.451280,20.139671,9.731950,9.731730, ,38.296080,9.732216,10.072971,60.809250,107.229392,10.253577,9.900572, ,9.732056,9.732212, ,164.437720,22.181190,14.289497,14.290314,22.533812,85.959280,21.264753,61.425533, ,176.014720,34.657100,99.667472,14.288890,13.950505,14.289918, ,28.918896, , ,19.945206, , , , ,42.021160, , , , ,72.300840,64.266507,29.299280, ,25.477913, ,135.611660,52.877128, , ,318.549120,16.745193, , ,16.742098,10.105406,72.204320,173.765280, , , , , , , , , , , , , , , , 
    Inter-Burst Interval - Std (sec),9.975016,6.960892,7.147922,7.148947,7.147505,10.471676,7.148932,7.147443,7.147439,7.644581,7.148056,7.148069,11.104525,7.148443,7.147991,7.448693, , , , , , , , , , , , , , , , , ,2.503498,41.544097,2.508081,2.506147,2.508087,2.531913, , , ,2.507249,2.710398,3.433071,2.507602,2.508437,2.690938,5.425557, ,105.834109,2.861644, ,2.152967, ,5.122909,2.294153,1.964542, ,1.967487,3.945281, ,3.583817, ,13.522741,3.236284,15.213659,3.247857, ,2.061001,5.954381,2.822738, ,2.058744,2.060055,3.281475,2.066661,2.681979,2.058567,2.273439, , ,4.438982,9.101516, ,2.080653, , ,2.764891,23.559906, ,18.179827, , , ,5.288129, , , , , , , , , , , , , , , , , , , , , , , , , , , , , , , , ,7.594367,8.395418,10.053932,57.917980,12.207378,10.939861,10.162649,7.801026,9.460293,7.593403,13.209880,7.593500, ,16.938457,7.592171, ,6.699196,6.802586,6.802705,6.803086,6.801991,6.801991,6.802334, ,6.801457,6.802303,6.802295,6.802247,6.801793,6.699833, ,6.802612, , , , , , , , , , , , , , , , ,2.599746,2.600007,2.568379,2.598311,2.596854,2.597018,2.598602,2.598520,2.598517, ,2.847756,2.598833,2.598208,4.991822,2.597645,2.599343, , , , , , , , , , , , , , , , , , , , , , , , , , , , , , , , ,1.168600,74.585734,15.428540,2.718596,1.166843, ,2.258167, ,129.231100,2.060595,1.166514,1.166753, , ,1.166127, , , , , , , , , , , , , , , , , ,5.277636,5.275455,5.275789,5.275758,5.275741,5.275606,5.274185,95.287843, ,8.385144,12.061862,5.276839,6.096511,5.273838,5.273139,5.275430,38.862893,33.732734,33.733878,33.731582,33.730200,33.734114,33.732670,33.732241,33.733290,33.731277,33.731895,33.731656,33.754348,33.731847,33.732561,33.733291,41.667516, ,41.667032,41.667958,41.667672,41.667654,41.666387,41.667994,41.663060,41.666856,41.666879,47.690928,41.666117,41.666661,41.666149,41.667137,17.172430,17.455862,17.184326,17.185186,17.553132,17.172019, ,17.678840,17.349230,17.185983,17.171488,21.761166,17.154387,20.866707,18.255692,17.183676,11.585300, ,38.164811,12.709680,12.712609,15.093969,12.712245, , , ,30.936933,12.711441,15.066036, ,12.712788,12.712911,17.189565,17.189793,17.189469,17.190318,17.190115, ,17.190183,17.190857,17.190168,27.953437,17.191283,18.924546,17.191223,17.191277,48.759134,17.190746,17.095843,7.956721,8.181637,7.955024,9.822379,7.951836,7.954305,7.955621,7.956011,47.972824,7.954860,23.594173,7.955944,16.290400,7.954838,7.954998,9.148717,9.148338,9.149248,9.148505,9.149627,9.150025,9.149580,9.148640,9.149604,9.149210,9.113417,9.149371,9.468477,9.148435,9.149482,11.811157,10.896049,11.584985,10.855864,10.896940,11.764630,10.815945,10.855666,19.659333,10.897188,10.817598,10.854673,10.854957,11.963892,10.854170,10.854918,10.855621,32.611740,34.498290,32.612330,32.612172,32.612190,32.610088,32.613615,32.615782,32.612549,32.621755,23.413634,32.614402,32.614804,32.612178,32.613097,32.613452,13.725569,13.724424,13.724197,13.722219,13.725206,13.725073,14.313520,13.722779,13.724724,13.725588,13.725590,13.722513,13.723940,13.722800,13.723315,13.721696,58.034995,22.453718,25.214873,22.454259,49.092144,47.732310,22.452605,24.526907,26.970328,22.450434,22.450690,23.526578,22.451530,22.450200,22.451691,22.452114, , , , , , , , , , , , , , , , , , , , , , , , , , , , , , , , , , , , , , , , , , , , , , , , ,4.929642,5.129413,9.513035,28.697654,5.033275,5.356623,5.277788,11.048368,48.095389,5.003612,17.447433,10.306840,7.065315,57.138429,9.727326,10.334608,3.893904,3.889514,3.888908,3.891341,3.512890,3.889783,3.890859,3.290618,3.892932,3.888710,3.886451,6.463001,3.782405,3.510746,3.887042,3.510902,7.324662,7.324138,7.326480,7.325039,7.324262, ,19.908356,7.326798, ,23.106637, ,9.347839,28.836215,8.088712,14.592036,10.752079,49.132909,49.132544,49.131633,49.131214,54.784447, ,49.131624,49.130057,49.136701,49.131700,49.129114,49.130560,49.133370,49.131513,49.129442,49.129835,9.219220,9.219141,9.220361,9.217602,9.218880, , , ,24.980298,93.344169, , , ,9.218651, ,27.958373, , , , , , , , , , , , , , , , ,21.097615, ,18.520525, , , , ,18.519716,18.521501, ,18.520979,19.100643, ,18.521955,18.520820,18.520486, , , , , , , , , , , , , , , , ,5.445779,31.539787, , ,8.914209, ,5.573890,5.444381, , ,50.418682, ,39.483926,6.443850,37.928876,11.999818,6.123811,6.906146,17.236925,6.141980,6.848454,6.095964,7.702420,6.121755, ,6.057044,8.065682,6.903141,5.958899,6.105334,6.370550,21.917053, , , , , , , , , , , , , , , , , ,6.370107,7.752216,5.750101,11.179775, ,5.749160, ,5.756612,6.376667, ,9.087889,6.384268,5.754860,71.343454,33.578612,3.084208,196.940665,16.529588,3.078888,3.080823, ,27.438918,3.079520,3.548785,63.838064,102.000573,4.069515,3.250746, ,3.079242,3.080189, ,83.876837,13.321895,5.319149,5.316703,12.543830,105.799692,10.614933,44.064250, ,159.613201,27.850964,106.804771,5.310417,5.112088,5.319017, ,14.094218, , ,9.171931, , , , ,12.124732, , , , ,53.832661,26.621969,31.511800, ,22.122419, ,98.856984,63.105557, , , ,11.058427, , ,14.510202,5.332618,51.295801, , , , , , , , , , , , , , , , , 
    Burst Frequency (Hz),0.086667,0.103333,0.096667,0.096667,0.096667,0.083333,0.096667,0.096667,0.096667,0.088333,0.096667,0.096667,0.070000,0.096667,0.096667,0.095000, , , , , , , , , , , , , , , , , ,0.146667,0.015000,0.146667,0.146667,0.146667,0.145000, , , ,0.146667,0.141667,0.133333,0.146667,0.146667,0.143333,0.096667, ,0.006667,0.125000, ,0.140000, ,0.105000,0.141667,0.145000,0.001667,0.145000,0.100000, ,0.111667, ,0.051667,0.146667,0.063333,0.141667, ,0.168333,0.100000,0.148333, ,0.168333,0.168333,0.138333,0.165000,0.148333,0.168333,0.153333, , ,0.151667,0.105000, ,0.188333, , ,0.150000,0.075000, ,0.040000, , , ,0.126667, , , , , , , , , , , , , , , , , , , , , , , , , , , , , , , , ,0.106667,0.098333,0.086667,0.015000,0.078333,0.088333,0.078333,0.103333,0.090000,0.106667,0.068333,0.106667, ,0.051667,0.106667, ,0.081667,0.083333,0.083333,0.083333,0.083333,0.083333,0.083333,0.003333,0.083333,0.083333,0.083333,0.083333,0.083333,0.081667,0.003333,0.083333, , , , , , , , , , , , , , , , ,0.098333,0.098333,0.096667,0.098333,0.098333,0.098333,0.098333,0.098333,0.098333, ,0.100000,0.098333,0.098333,0.078333,0.098333,0.098333, , , , , , , , , , , , , , , , , , , , , , , , , , , , , , , , ,0.130000,0.010000,0.036667,0.118333,0.130000, ,0.123333, ,0.006667,0.123333,0.130000,0.130000, , ,0.130000, , , , , , , , , , , , , , , , , ,0.096667,0.096667,0.096667,0.096667,0.096667,0.096667,0.096667,0.008333,0.003333,0.068333,0.063333,0.096667,0.091667,0.096667,0.096667,0.096667,0.041667,0.056667,0.056667,0.056667,0.056667,0.056667,0.056667,0.056667,0.056667,0.056667,0.056667,0.056667,0.056667,0.056667,0.056667,0.056667,0.045000,0.001667,0.045000,0.045000,0.045000,0.045000,0.045000,0.045000,0.045000,0.045000,0.045000,0.033333,0.045000,0.045000,0.045000,0.045000,0.053333,0.051667,0.055000,0.055000,0.051667,0.053333, ,0.050000,0.051667,0.055000,0.053333,0.038333,0.056667,0.036667,0.048333,0.055000,0.060000, ,0.013333,0.046667,0.046667,0.040000,0.046667, ,0.001667, ,0.015000,0.046667,0.040000, ,0.046667,0.046667,0.050000,0.050000,0.050000,0.050000,0.050000, ,0.050000,0.050000,0.050000,0.031667,0.050000,0.041667,0.050000,0.050000,0.013333,0.050000,0.041667,0.081667,0.080000,0.081667,0.080000,0.081667,0.081667,0.081667,0.081667,0.018333,0.081667,0.036667,0.081667,0.035000,0.081667,0.081667,0.063333,0.063333,0.063333,0.063333,0.063333,0.063333,0.063333,0.063333,0.063333,0.063333,0.058333,0.063333,0.060000,0.063333,0.063333,0.035000,0.076667,0.063333,0.075000,0.076667,0.068333,0.073333,0.075000,0.045000,0.076667,0.073333,0.075000,0.075000,0.065000,0.075000,0.075000,0.075000,0.040000,0.035000,0.040000,0.040000,0.040000,0.040000,0.040000,0.040000,0.040000,0.040000,0.043333,0.040000,0.040000,0.040000,0.040000,0.040000,0.063333,0.063333,0.063333,0.063333,0.063333,0.063333,0.060000,0.063333,0.063333,0.063333,0.063333,0.063333,0.063333,0.063333,0.063333,0.063333,0.018333,0.055000,0.046667,0.055000,0.011667,0.018333,0.055000,0.050000,0.045000,0.055000,0.055000,0.051667,0.055000,0.055000,0.055000,0.055000, , , , , , , , , , , , , , , , , , , , , , , , , , , , , , , , , , , , , , , , , , , , , , , , ,0.091667,0.103333,0.063333,0.028333,0.098333,0.095000,0.091667,0.048333,0.018333,0.096667,0.043333,0.058333,0.073333,0.018333,0.058333,0.058333,0.098333,0.098333,0.098333,0.098333,0.095000,0.098333,0.098333,0.093333,0.098333,0.098333,0.098333,0.075000,0.101667,0.095000,0.098333,0.095000,0.090000,0.090000,0.090000,0.090000,0.090000, ,0.040000,0.090000, ,0.031667, ,0.063333,0.026667,0.081667,0.056667,0.058333,0.025000,0.025000,0.025000,0.025000,0.018333, ,0.025000,0.025000,0.025000,0.025000,0.025000,0.025000,0.025000,0.025000,0.025000,0.025000,0.051667,0.051667,0.051667,0.051667,0.051667, ,0.001667,0.003333,0.020000,0.008333,0.001667, , ,0.051667, ,0.020000, , , , , , , , , , , , , , , , ,0.023333, ,0.026667, , ,0.001667, ,0.026667,0.026667, ,0.026667,0.025000, ,0.026667,0.026667,0.026667, , , , , , , , , , , , , , , , ,0.078333,0.030000, ,0.001667,0.066667, ,0.076667,0.078333,0.001667,0.001667,0.020000, ,0.021667,0.073333,0.018333,0.050000,0.080000,0.093333,0.030000,0.080000,0.091667,0.080000,0.066667,0.080000,0.003333,0.080000,0.063333,0.093333,0.078333,0.080000,0.076667,0.046667, , , , , , , , ,0.001667, , , , , , , , ,0.053333,0.050000,0.055000,0.041667,0.003333,0.055000, ,0.055000,0.053333, ,0.045000,0.053333,0.055000,0.005000,0.025000,0.100000,0.005000,0.048333,0.100000,0.100000, ,0.025000,0.100000,0.096667,0.015000,0.010000,0.095000,0.098333,0.001667,0.100000,0.100000, ,0.005000,0.043333,0.070000,0.070000,0.045000,0.005000,0.046667,0.011667, ,0.006667,0.028333,0.010000,0.070000,0.071667,0.070000, ,0.035000, , ,0.050000, , , , ,0.005000, , , , ,0.015000,0.016667,0.035000, ,0.040000, ,0.008333,0.018333, , ,0.003333,0.060000, , ,0.060000,0.098333,0.013333,0.003333, , , , , , , , , , , , , , , , 
    IBI Coefficient of Variation,0.863749,0.716279,0.687297,0.687395,0.687247,0.874573,0.687385,0.687246,0.687234,0.677545,0.687295,0.687301,0.792361,0.687341,0.687293,0.703641, , , , , , , , , , , , , , , , , ,0.368481,0.716854,0.369157,0.368875,0.369156,0.368380, , , ,0.369032,0.385176,0.458835,0.369083,0.369212,0.386970,0.524412, ,0.856266,0.355622, ,0.300082, ,0.547078,0.323606,0.283722, ,0.284129,0.394955, ,0.397206, ,0.685236,0.475582,0.950818,0.460813, ,0.348104,0.609939,0.419576, ,0.347743,0.347969,0.454504,0.342092,0.398648,0.347696,0.349443, , ,0.671317,1.021130, ,0.391576, , ,0.420023,1.922095, ,0.850524, , , ,0.666446, , , , , , , , , , , , , , , , , , , , , , , , , , , , , , , , ,0.802942,0.828148,0.872023,0.907739,0.954987,0.967463,0.804252,0.798621,0.841457,0.802833,0.898715,0.802859, ,0.924839,0.802724, ,0.546313,0.566305,0.566311,0.566345,0.566256,0.566256,0.566286, ,0.566210,0.566282,0.566282,0.566278,0.566239,0.546374, ,0.566307, , , , , , , , , , , , , , , , ,0.255815,0.255838,0.248369,0.255670,0.255531,0.255544,0.255699,0.255691,0.255692, ,0.285046,0.255723,0.255662,0.389563,0.255607,0.255772, , , , , , , , , , , , , , , , , , , , , , , , , , , , , , , , ,0.152589,0.915647,0.610639,0.322701,0.152361, ,0.279544, ,1.241820,0.255086,0.152318,0.152348, , ,0.152267, , , , , , , , , , , , , , , , , ,0.506562,0.506344,0.506385,0.506377,0.506382,0.506383,0.506232,0.989486, ,0.572879,0.762681,0.506482,0.554357,0.506193,0.506127,0.506346,1.585589,1.859742,1.859827,1.859691,1.859616,1.859834,1.859756,1.859714,1.859792,1.859657,1.859708,1.859692,1.860946,1.859707,1.859743,1.859781,1.833669, ,1.833648,1.833695,1.833681,1.833676,1.833621,1.833691,1.833465,1.833654,1.833644,1.533704,1.833628,1.833632,1.833618,1.833651,0.906489,0.891723,0.936375,0.936421,0.896691,0.906465, ,0.873007,0.886278,0.936467,0.906436,0.835423,0.963960,0.801246,0.870413,0.936344,0.703584, ,0.754265,0.592697,0.592832,0.599592,0.592814, , , ,0.496287,0.592773,0.598503, ,0.592834,0.592843,0.891489,0.891496,0.891461,0.891510,0.891506, ,0.891507,0.891539,0.891518,0.899818,0.891558,0.812228,0.891605,0.891611,0.969075,0.891553,0.776207,0.692873,0.697623,0.692731,0.837522,0.692450,0.692660,0.692776,0.692811,0.945179,0.692712,0.898873,0.692797,0.623657,0.692701,0.692717,0.577283,0.577258,0.577315,0.577269,0.577337,0.577357,0.577332,0.577279,0.577338,0.577313,0.528428,0.577326,0.565169,0.577268,0.577325,0.432345,0.854597,0.747085,0.832512,0.854653,0.820198,0.810605,0.832500,0.890859,0.854687,0.810727,0.832425,0.832435,0.792373,0.832391,0.832439,0.832488,1.432135,1.317371,1.432151,1.432130,1.432157,1.432049,1.432205,1.432306,1.432170,1.432571,1.117607,1.432234,1.432280,1.432153,1.432174,1.432191,0.858962,0.858889,0.858871,0.858736,0.858923,0.858930,0.847332,0.858778,0.858915,0.858972,0.858970,0.858760,0.858870,0.858785,0.858813,0.858715,1.068220,1.286100,1.218583,1.286139,0.753443,0.995670,1.286025,1.273146,1.255155,1.285899,1.285848,1.263312,1.285986,1.285865,1.285981,1.285982, , , , , , , , , , , , , , , , , , , , , , , , , , , , , , , , , , , , , , , , , , , , , , , , ,0.451904,0.531141,0.618363,0.903628,0.495574,0.509221,0.483809,0.525150,0.870984,0.484164,0.762288,0.594885,0.515692,1.034682,0.561435,0.596485,0.381234,0.380807,0.380687,0.380990,0.332069,0.380830,0.380935,0.305509,0.381140,0.380726,0.380507,0.480026,0.383088,0.331868,0.380560,0.331881,0.666455,0.666398,0.666612,0.666484,0.666412, ,0.863035,0.666643, ,0.761725, ,0.593762,0.762843,0.711061,0.849274,0.627589,1.545156,1.545126,1.545098,1.545094,1.230619, ,1.545108,1.545043,1.545265,1.545107,1.545026,1.545081,1.545152,1.545102,1.545040,1.545046,0.649299,0.649270,0.649371,0.649209,0.649256, , , ,0.747252,1.016884, , , ,0.649247, ,0.788509, , , , , , , , , , , , , , , , ,0.738118, ,0.712055, , , , ,0.712025,0.712088, ,0.712073,0.719656, ,0.712109,0.712062,0.712053, , , , , , , , , , , , , , , , ,0.430358,0.921101, , ,0.597251, ,0.430882,0.430239, , ,1.021312, ,0.828525,0.476010,0.728625,0.597827,0.502222,0.662798,0.585499,0.503720,0.645310,0.499945,0.524175,0.502066, ,0.496755,0.558092,0.662524,0.478302,0.500714,0.500237,1.129864, , , , , , , , , , , , , , , , , ,0.349173,0.397519,0.325351,0.474449, ,0.325295, ,0.325727,0.349520, ,0.417799,0.349934,0.325621,0.474279,0.853293,0.316897,0.972781,0.820748,0.316369,0.316575, ,0.716494,0.316425,0.352308,1.049808,0.951237,0.396887,0.328339, ,0.316402,0.316494, ,0.510083,0.600594,0.372242,0.372049,0.556667,1.230812,0.499180,0.717360, ,0.906817,0.803615,1.071611,0.371647,0.366445,0.372222, ,0.487371, , ,0.459856, , , , ,0.288539, , , , ,0.744565,0.414243,1.075514, ,0.868298, ,0.728971,1.193438, , , ,0.660394, , ,0.866690,0.527700,0.710426, , , , , , , , , , , , , , , , , 
    Normalized Duration IQR,0.704269,2.470252,0.185508,0.138643,0.301144,0.346128,0.527213,0.000000,0.182000,0.350491,0.236531,0.222841,0.000000,0.424513,0.000000,0.000000, , , , , , , , , , , , , , , , , ,0.181406,0.095152,0.205404,0.225586,0.381673,0.000000, , , ,0.442399,0.128730,0.086174,0.101769,0.323530,0.564353,0.224641, ,0.000000,0.831002, ,0.210118, ,0.726065,0.448156,0.308190, ,0.156211,0.178878, ,0.278986, ,0.478490,0.408239,0.307056,0.340014, ,0.354211,0.252523,0.197358, ,0.359555,0.261768,0.496528,0.164855,0.173544,0.251592,0.143822, , ,0.359837,0.427340, ,0.153716, , ,0.000000,0.237354, ,0.108380, , , ,0.117378, , , , , , , , , , , , , , , , , , , , , , , , , , , , , , , , ,0.829192,3.029664,0.950317,0.000000,3.704362,3.547362,2.097069,1.986113,0.751502,1.013159,1.588890,1.055352, ,2.843753,0.329710, ,0.241554,0.000000,0.390102,0.463770,0.187173,0.000000,0.238485, ,0.216949,0.264256,0.115536,0.170123,0.210030,0.000000, ,0.382061, , , , , , , , , , , , , , , , ,0.196121,9.324228,0.337948,0.168974,0.101563,0.264256,0.237655,0.146517,0.136749, ,0.215362,0.342496,0.177987,0.810746,0.225451,4.382510, , , , , , , , , , , , , , , , , , , , , , , , , , , , , , , , ,0.140314,0.000000,0.120024,0.183872,0.129395, ,0.160623, ,0.219904,0.338786,0.177294,0.187313, , ,0.256492, , , , , , , , , , , , , , , , , ,0.113698,0.652543,0.334336,0.935765,0.304626,0.335231,1.134065,0.610366, ,1.095667,0.473510,0.901478,0.868924,0.537787,0.364796,0.600121,0.381479,0.241788,0.275151,1.965436,3.858846,0.000000,2.819721,4.045294,0.222247,2.127526,0.905064,0.200843,1.932711,5.940006,2.149699,0.000000,0.272307, ,0.518331,0.165218,0.141865,0.587442,1.848002,0.233442,0.404412,0.000000,0.143000,0.334112,0.626409,0.218178,0.149492,0.758334,0.259058,0.187594,0.000000,0.094792,0.203787,0.103153, ,0.251381,0.232791,0.000000,0.189011,0.557764,0.118658,0.415698,0.217231,0.132688,1.865317, ,0.600841,0.120370,0.862684,0.292007,0.215547, , , ,0.000000,0.321934,0.313204, ,0.000000,3.772617,0.147033,0.517688,0.233442,0.109711,0.000000, ,1.050491,0.130271,0.326484,0.000000,0.769738,0.410246,0.649326,0.720145,0.412954,0.411935,0.397223,0.228957,0.185233,0.153340,0.276902,0.000000,0.000000,0.000000,0.395340,0.712287,0.000000,0.601563,0.331897,0.514918,0.121599,0.235198,0.000000,0.382353,0.427194,0.363208,0.118434,0.263283,0.135417,0.417432,0.151529,0.117488,0.608881,0.625799,0.230645,0.507607,0.133112,0.379742,0.873304,1.047949,6.882446,4.537691,0.706478,0.519731,4.670050,5.354856,4.433188,0.475460,3.766702,0.729593,0.865490,1.564064,0.497515,0.835095,0.890570,0.344223,1.070435,1.262152,0.431816,0.350164,3.808374,0.549311,0.249875,0.477317,0.617961,0.605770,0.389798,0.184279,0.223737,0.246613,2.192076,0.241671,0.165291,0.480020,1.171077,1.404022,0.223637,0.274397,0.950410,2.207136,3.649483,0.438267,1.686189,0.409073,0.000000,0.919287,0.981374,0.582655,0.395340,0.154095,0.000000,0.368015,0.152406,0.973736,0.508639,0.500100,0.642766,0.219904,0.127031,0.861817,0.995691,0.353211, , , , , , , , , , , , , , , , , , , , , , , , , , , , , , , , , , , , , , , , , , , , , , , , ,0.569787,0.435369,0.515626,0.179006,0.588547,0.577279,0.193094,0.651693,2.039292,0.341561,0.565537,0.426079,0.616001,1.265488,0.465726,0.284375,0.760177,0.327553,0.739760,0.538752,0.361633,0.652543,0.505216,0.881163,0.428511,0.516512,0.577145,1.003007,0.400016,0.342809,0.739656,0.805677,0.136973,0.612158,0.584242,0.312422,0.490046, ,0.266791,0.265941, ,2.102943, ,1.217763,0.899257,0.425596,0.771980,0.673923,0.434462,0.176730,0.640909,1.921307,1.446533, ,0.482798,0.631732,0.681588,0.269749,0.533014,0.667334,0.406470,0.378403,0.736340,0.401364,0.364663,0.727472,0.129663,0.609178,0.257990, , , ,0.000000,0.000000, , , ,0.289641, ,0.157986, , , , , , , , , , , , , , , , ,0.211093, ,1.054129, , , , ,0.391935,0.601852, ,0.221558,0.203125, ,0.000000,0.501935,0.079546, , , , , , , , , , , , , , , , ,1.554349,0.319604, , ,0.641667, ,1.166970,0.945530, , ,0.728648, ,0.308697,0.778556,0.345332,1.063763,0.211897,0.819150,0.000000,0.371016,0.924570,0.642766,0.335906,0.371536, ,0.251508,1.604168,0.770950,0.476667,0.388185,0.195967,0.584583, , , , , , , , , , , , , , , , , ,0.747574,0.791573,0.566177,0.432460, ,0.598685, ,0.753766,0.816810, ,1.190534,0.568492,0.934932, ,1.692960,0.154190, ,0.573968,2.834359,0.381092, ,0.000000,0.672716,0.626073,0.000000,0.000000,0.780406,0.472170, ,0.162500,0.350000, , ,0.907526,0.642697,0.435723,0.406250, ,3.588675,0.000000, ,0.000000,0.828643,0.000000,0.658727,1.809910,1.863070, ,0.923433, , ,0.717872, , , , , , , , , ,0.526104,0.400400,1.160715, ,0.174027, ,0.219518,0.205798, , , ,0.563264, , ,0.257195,0.788190,0.319400, , , , , , , , , , , , , , , , , 
    Burst Percentage,90.693431,73.075012,99.212598,99.509460,97.530864,89.430894,96.710526,99.232982,98.315364,92.479675,97.121535,98.781973,79.365079,98.003328,98.790698,98.735955, , , , , , , , , , , , , , , , ,0.000000,96.855984,18.461538,94.324713,97.199830,80.835962,98.951782,0.000000,0.000000,0.000000,97.305936,96.436526,94.472362,98.939929,88.335139,91.139241,89.279438,0.000000,10.344828,88.148148,0.000000,94.699367,0.000000,87.173666,96.967609,97.819149,4.587156,99.270073,78.421053,0.000000,86.600846,0.000000,48.670213,91.425620,65.683646,88.911917,0.000000,91.886511,66.805556,91.320755,0.000000,97.386210,92.549745,82.310838,97.254335,94.714408,95.510735,93.402778, ,0.000000,58.392259,34.734982, ,94.767932, ,0.000000,87.538941,54.207436,0.000000,27.786499,0.000000,0.000000,0.000000,74.713959, , , , , , , , , , , , , , , , , , , , , , , , , , , , , , , , ,97.378917,97.379455,86.004515,27.044025,75.531915,93.996569,82.338902,89.149888,89.066059,98.796034,78.386167,93.885492,0.000000,59.936909,98.570500,0.000000,98.245614,94.349776,96.564327,98.155620,96.993988,91.291585,98.054105,11.428571,93.644068,91.300527,96.231376,97.077448,92.842395,97.762238,9.302326,97.854291, , , , , , , , , , , , , , , , ,94.385679,96.643357,94.673540,98.399146,99.083216,95.474326,94.710327,99.054983,96.545616,0.000000,94.591549,95.818182,96.688742,80.440098,89.691399,98.583984, , , , , , , , , , , , , , , , , , , , , , , , , , , , , , , , ,98.530441,14.732143,37.956204,92.644979,99.189919,0.000000,93.684211,0.000000,13.924051,95.153061,97.883295,95.694051,0.000000,0.000000,97.812500,0.000000, , , , , , , , , , , , , , , , ,98.659354,99.048827,98.338608,94.227504,97.926267,97.454175,80.358829,23.255814,8.247423,70.602410,75.151515,91.210614,96.911197,98.414097,97.070313,98.920378,83.229814,98.208955,98.750000,97.078870,96.089790,97.085202,93.136220,97.495183,95.639535,99.691120,93.246187,92.954545,89.127838,96.770721,92.425532,98.898678,96.333333,7.017544,97.955390,98.056156,95.475113,99.764151,96.073620,95.492958,96.744186,92.402827,97.387518,81.699346,92.647059,97.797357,96.571429,98.553949,92.675159,95.121951,99.469214,95.635910,94.298246,99.156830,0.000000,95.495495,94.617564,91.230366,96.750903,83.913043,92.717815,75.000000,89.743590,94.490358,84.421535,0.000000,45.555556,95.865237,97.153700,92.361111,95.706215,0.000000,13.793103,0.000000,49.438202,91.910739,87.362637,0.000000,97.606383,94.362416,99.260628,98.084291,98.890430,99.203187,99.460916,0.000000,98.034934,97.368421,97.613365,77.777778,98.782138,88.500000,91.881188,92.685274,38.636364,98.644068,62.406015,94.647636,96.370968,97.992916,96.448598,99.268739,99.434229,98.349057,98.888889,34.615385,95.307612,52.857143,97.535474,57.671958,96.610169,96.508172,87.150838,99.822695,98.137172,99.565847,99.411765,99.133663,96.518106,99.514563,99.439552,98.383085,95.255474,97.560976,96.742671,98.118280,99.374218,78.500000,91.823349,96.614268,96.753761,98.321021,96.734694,90.251108,95.021251,81.562500,99.438044,92.374101,99.140546,97.251309,92.869565,99.261690,95.824411,95.542737,92.063492,90.000000,96.022099,90.711462,97.870598,97.235772,94.409938,98.275862,98.861789,90.127389,84.476190,91.101322,97.701149,96.887160,97.721519,89.123377,98.963134,96.223022,92.823713,96.323529,95.051546,97.273854,95.280236,93.009119,94.155844,98.944338,96.870343,95.129870,99.448732,98.416667,92.763158,95.637199,46.610169,96.375618,90.355330,99.529412,34.653465,47.787611,97.091723,89.952153,89.000000,61.737805,92.337165,94.901961,98.635478,95.418994,95.539906,95.487179, , , , , , , , , , , , , , , , , , , , , , , , , , , , , , , , , , , , , , , , , , , , , , , , ,94.310722,92.170022,81.510417,45.622120,98.110355,98.838437,96.843854,66.871166,44.378698,97.782705,72.185430,76.744186,91.806331,34.502924,77.866667,75.703325,90.837607,93.249826,83.768604,96.104491,96.336014,98.759761,98.373984,94.397077,98.285154,90.927625,94.551139,81.797235,93.679271,97.392086,97.981967,98.461538,99.516908,86.760812,99.047619,98.604651,99.720410,0.000000,61.864407,99.803150,0.000000,60.000000,0.000000,84.020619,62.337662,88.679245,76.422764,84.146341,96.198830,97.402597,98.084291,97.269625,75.308642, ,98.787879,86.172345,98.238994,98.743455,97.307692,94.047619,96.774194,99.456522,95.705521,99.233129,96.248766,86.206897,96.958175,91.504854,96.226415, ,12.500000,20.000000,53.278689,31.884058,14.285714,0.000000,0.000000,98.401421,0.000000,48.366013, , , , , , , , , , , , , , , , ,89.189189,0.000000,91.275168,0.000000,0.000000,11.428571,0.000000,92.028986,79.051383,0.000000,97.082658,92.857143,0.000000,97.979798,99.038462,98.550725, , , , , , , , , , , , , , , , ,98.821218,49.047619,0.000000,5.813953,91.081081,0.000000,98.699764,99.485672,8.000000,6.349206,37.288136,0.000000,61.988304,96.074766,39.880952,80.530973,94.732143,93.384982,49.717514,97.473684,96.488947,93.313070,89.890110,98.051948,10.714286,96.312364,89.858491,94.677871,96.480938,95.114656,96.644295,83.671587,0.000000, , , , , , , ,13.333333, , , , , , , ,0.000000,98.093725,96.551724,97.303922,88.405797,26.666667,98.222749,0.000000,97.060588,96.289753,0.000000,90.476190,95.190948,77.796053,45.098039,70.769231,97.327935,14.736842,61.403509,97.619048,97.507553,0.000000,41.818182,95.791583,93.825666,28.169014,19.354839,98.010471,93.039049,3.361345,98.795181,97.860200,0.000000,17.283951,69.585253,94.683544,96.061885,75.555556,13.636364,70.798898,33.000000,0.000000,17.592593,54.545455,24.545455,91.693989,95.129284,96.357227,0.000000,69.607843, ,0.000000,93.766234, ,0.000000, , ,23.728814, , , , ,66.346154,73.437500,58.362989,0.000000,72.429907,0.000000,22.764228,33.522727,0.000000,0.000000,12.738854,76.609442, ,0.000000,88.888889,97.171590,30.769231,10.000000, , , , , , , , , , , , , , , , 
Viability Metrics
    Resistance (kOhms), , , , , , , , , , , , , , , , , , , , , , , , , , , , , , , , , , , , , , , , , , , , , , , , , , , , , , , , , , , , , , , , , , , , , , , , , , , , , , , , , , , , , , , , , , , , , , , , , , , , , , , , , , , , , , , , , , , , , , , , , , , , , , , , , , , , , , , , , , , , , , , , , , , , , , , , , , , , , , , , , , , , , , , , , , , , , , , , , , , , , , , , , , , , , , , , , , , , , , , , , , , , , , , , , , , , , , , , , , , , , , , , , , , , , , , , , , , , , , , , , , , , , , , , , , , , , , , , , , , , , , , , , , , , , , , , , , , , , , , , , , , , , , , , , , , , , , , , , , , , , , , , , , , , , , , , , , , , , , , , , , , , , , , , , , , , , , , , , , , , , , , , , , , , , , , , , , , , , , , , , , , , , , , , , , , , , , , , , , , , , , , , , , , , , , , , , , , , , , , , , , , , , , , , , , , , , , , , , , , , , , , , , , , , , , , , , , , , , , , , , , , , , , , , , , , , , , , , , , , , , , , , , , , , , , , , , , , , , , , , , , , , , , , , , , , , , , , , , , , , , , , , , , , , , , , , , , , , , , , , , , , , , , , , , , , , , , , , , , , , , , , , , , , , , , , , , , , , , , , , , , , , , , , , , , , , , , , , , , , , , , , , , , , , , , , , , , , , , , , , , , , , , , , , , , , , , , , , , , , , , , , , , , , , , , , , , , , , , , , , , , , , , , , , , , , , , , , , , , , , , , , , , , , , , , , , , , , , , , , , , , , , , , , , , , , , , , , , , , , , , , , , , , , , , , , , , , , , , , , , , , , , , , , , , , , , , , , , , , , , , , , , , , , , , , , , , , , , , , , , , , , , , , , , 

