AxIS Spike File,Z:\Kyra\230616_KZ_307034_5008-7_MEA_rCortex_Acute_Baseline_DDT_Male_DIV11(000)(000).spk
File Type,48-well

Analysis Start,1200.000000
Analysis End,1800.000000
Active Electrode Criterion (spks/min), 6
Minimum Covered Resistance (kOhms),18
Remove Coincident Artifacts,False

Electrode Burst Settings,
    Algorithm,Poisson Surprise,
    Min Surprise,10.000000

Network Burst Settings,
    Algorithm,ISI Threshold,Adaptive,
    Min # of Spikes,40.000000
    Min # of Electrodes (%),15.000000

Synchrony Settings,
    Synchrony Window,20.000000

Average Network Burst Analysis Settings,
    Number of network bursts vary by well
    Network Burst Window Start (ms),0.000000
    Network Burst Window End (ms),100.000000
    Bin Size (ms),1.000000

Well Averages,A1,A2,A3,A4,A5,A6,A7,A8,B1,B2,B3,B4,B5,B6,B7,B8,C1,C2,C3,C4,C5,C6,C7,C8,D1,D2,D3,D4,D5,D6,D7,D8,E1,E2,E3,E4,E5,E6,E7,E8,F1,F2,F3,F4,F5,F6,F7,F8,
Treatment/ID,,,,,,,,,,,,,,,,,,,,,,,,,,,,,,,,,,,,,,,,,,,,,,,,
Activity Metrics
    Number of Spikes,10067.000000,0.000000,12432.000000,5345.000000,9950.000000,4851.000000,0.000000,0.000000,8031.000000,11481.000000,0.000000,11840.000000,0.000000,164.000000,7026.000000,0.000000,11007.000000,17107.000000,8907.000000,5874.000000,5084.000000,3621.000000,11020.000000,12389.000000,22172.000000,18691.000000,8431.000000,3440.000000,0.000000,0.000000,0.000000,8784.000000,21322.000000,7263.000000,14773.000000,3196.000000,0.000000,4622.000000,0.000000,2331.000000,13173.000000,16.000000,4614.000000,8599.000000,7316.000000,1138.000000,4702.000000,0.000000
    Mean Firing Rate (Hz),1.048646,0.000000,1.295000,0.556771,1.036458,0.505313,0.000000,0.000000,0.836562,1.195938,0.000000,1.233333,0.000000,0.017083,0.731875,0.000000,1.146562,1.781979,0.927813,0.611875,0.529583,0.377188,1.147917,1.290521,2.309583,1.946979,0.878229,0.358333,0.000000,0.000000,0.000000,0.915000,2.221042,0.756563,1.538854,0.332917,0.000000,0.481458,0.000000,0.242812,1.372187,0.001667,0.480625,0.895729,0.762083,0.118542,0.489792,0.000000
    ISI Coefficient of Variation - Avg,3.786777, ,4.319786,3.314366,7.429264,3.179460, , ,4.294146,6.633467, ,4.843853, ,1.740926,2.784908, ,4.396698,7.174832,8.946323,3.919864,6.289004,8.213490,3.332770,5.113264,7.292664,7.067490,6.165004,7.598951, , , ,3.030897,5.540256,3.856042,6.835831,4.678355, ,2.915300, ,3.096445,4.307121, ,3.669172,2.689672,2.682346,2.461973,2.176402, 
    Number of Active Electrodes,16.000000,0.000000,12.000000,11.000000,14.000000,10.000000,0.000000,0.000000,15.000000,15.000000,0.000000,15.000000,0.000000,2.000000,12.000000,0.000000,16.000000,16.000000,15.000000,15.000000,11.000000,13.000000,16.000000,16.000000,16.000000,16.000000,16.000000,13.000000,0.000000,0.000000,0.000000,16.000000,16.000000,14.000000,15.000000,9.000000,0.000000,10.000000,0.000000,11.000000,15.000000,0.000000,10.000000,15.000000,14.000000,4.000000,10.000000,0.000000
    Weighted Mean Firing Rate (Hz),1.048646, ,1.714861,0.782121,1.179048,0.785167, , ,0.889222,1.270556, ,1.310333, ,0.131667,0.967500, ,1.146562,1.781979,0.983889,0.651556,0.749697,0.454744,1.147917,1.290521,2.309583,1.946979,0.878229,0.421667, , , ,0.915000,2.221042,0.861071,1.641444,0.559259, ,0.739833, ,0.339394,1.459556, ,0.748500,0.950000,0.869167,0.434167,0.766500, 
Electrode Burst Metrics
    Number of Bursts,640.000000,0.000000,599.000000,379.000000,644.000000,376.000000,0.000000,0.000000,556.000000,507.000000,0.000000,673.000000,0.000000,10.000000,528.000000,0.000000,555.000000,755.000000,424.000000,392.000000,245.000000,169.000000,770.000000,668.000000,653.000000,645.000000,308.000000,238.000000,0.000000,0.000000,0.000000,524.000000,909.000000,391.000000,646.000000,218.000000,0.000000,377.000000,0.000000,183.000000,596.000000,0.000000,223.000000,574.000000,316.000000,45.000000,259.000000,0.000000
    Number of Bursting Electrodes,16.000000,0.000000,12.000000,11.000000,14.000000,11.000000,0.000000,0.000000,14.000000,16.000000,0.000000,16.000000,0.000000,2.000000,11.000000,0.000000,14.000000,16.000000,15.000000,15.000000,12.000000,16.000000,16.000000,16.000000,16.000000,16.000000,16.000000,16.000000,0.000000,0.000000,0.000000,16.000000,16.000000,14.000000,15.000000,10.000000,0.000000,10.000000,0.000000,12.000000,15.000000,0.000000,13.000000,15.000000,14.000000,5.000000,9.000000,0.000000
    Burst Duration - Avg (sec),0.087100, ,0.154573,0.066716,0.080431,0.082906, , ,0.084084,0.108482, ,0.118282, ,0.349573,0.065120, ,0.099904,0.155729,0.204262,0.136429,0.216021,0.143435,0.059781,0.080274,0.260799,0.213863,0.260475,0.083258, , , ,0.078532,0.121299,0.106891,0.131250,0.071462, ,0.077698, ,0.073952,0.209580, ,0.109937,0.064204,0.084498,0.235027,0.109345, 
    Burst Duration - Std (sec),0.067726, ,0.043895,0.025299,0.012615,0.031035, , ,0.038440,0.050589, ,0.065500, ,0.094960,0.015701, ,0.024632,0.111661,0.119629,0.105917,0.347789,0.157979,0.021607,0.018536,0.102093,0.096696,0.122602,0.053962, , , ,0.023275,0.034362,0.049918,0.033493,0.032077, ,0.031198, ,0.031571,0.052502, ,0.031609,0.036265,0.059161,0.247293,0.052468, 
    Number of Spikes per Burst - Avg,13.722457, ,19.073651,11.541120,14.372626,9.591258, , ,12.312035,19.986111, ,15.897228, ,6.708333,10.568885, ,17.425068,21.076770,20.017202,13.304002,14.604120,17.344515,11.649060,17.956605,32.274552,27.565634,26.454237,11.189354, , , ,11.980695,22.164692,14.452036,22.047172,10.190833, ,9.742015, ,8.637763,18.764968, ,14.453966,9.952270,11.479450,9.720513,8.897674, 
    Number of Spikes per Burst - Std,5.218152, ,7.738328,6.281605,5.191858,4.919594, , ,7.254285,8.762774, ,6.743648, ,0.766032,4.662219, ,7.752819,13.909191,11.551525,7.292191,9.857438,10.556772,5.657837,7.917789,18.687618,13.036670,13.987311,7.676123, , , ,8.622653,7.824746,10.121717,8.671010,5.068681, ,5.915890, ,5.476038,7.347736, ,8.069933,5.810159,9.827395,8.213274,5.931159, 
    Mean ISI within Burst - Avg (sec),0.005833, ,0.007802,0.006926,0.006477,0.010264, , ,0.006362,0.005695, ,0.007007, ,0.056369,0.007793, ,0.006468,0.006211,0.009077,0.009892,0.011731,0.009676,0.006495,0.005376,0.007756,0.006393,0.008006,0.008613, , , ,0.009034,0.005241,0.008663,0.005628,0.008314, ,0.008863, ,0.010312,0.010626, ,0.010614,0.007318,0.009725,0.032029,0.016848, 
    Mean ISI within Burst - Std (sec),0.003052, ,0.004766,0.002154,0.002551,0.002934, , ,0.001739,0.002201, ,0.002537, ,0.007386,0.002674, ,0.002441,0.001621,0.002891,0.006247,0.013837,0.006404,0.002443,0.001948,0.003591,0.001253,0.002545,0.004161, , , ,0.003467,0.002346,0.004534,0.002727,0.003148, ,0.002634, ,0.004447,0.007277, ,0.005411,0.002297,0.005382,0.031455,0.010548, 
    Median ISI within Burst - Avg (sec),0.004229, ,0.005866,0.005467,0.004907,0.007614, , ,0.005041,0.003693, ,0.005069, ,0.034318,0.005937, ,0.004655,0.004706,0.006315,0.006671,0.007898,0.005601,0.004974,0.004206,0.005099,0.004606,0.004606,0.005833, , , ,0.007559,0.003795,0.006314,0.004161,0.006370, ,0.006044, ,0.007953,0.005630, ,0.008309,0.005530,0.007783,0.019421,0.013858, 
    Median ISI within Burst - Std (sec),0.002085, ,0.003653,0.001995,0.001876,0.002761, , ,0.001552,0.000645, ,0.001899, ,0.000125,0.002638, ,0.001589,0.001294,0.002794,0.003876,0.007753,0.003665,0.001830,0.001489,0.001969,0.000954,0.001584,0.002803, , , ,0.003147,0.001663,0.002905,0.002209,0.003119, ,0.002563, ,0.003127,0.001773, ,0.003749,0.001847,0.003207,0.011567,0.009544, 
    Median/Mean ISI within Burst - Avg,0.760530, ,0.774658,0.809332,0.774531,0.761354, , ,0.823946,0.697036, ,0.749223, ,0.705040,0.756238, ,0.780366,0.775660,0.701882,0.751712,0.768138,0.678290,0.783287,0.801162,0.710218,0.747729,0.700586,0.723545, , , ,0.841438,0.788549,0.818066,0.761817,0.764609, ,0.720632, ,0.810698,0.744468, ,0.805302,0.791047,0.839776,0.771989,0.819645, 
    Median/Mean ISI within Burst - Std,0.068574, ,0.047080,0.114158,0.039740,0.144259, , ,0.046909,0.099828, ,0.115473, ,0.091016,0.088213, ,0.028710,0.055363,0.086476,0.079549,0.093116,0.161273,0.070931,0.027676,0.056663,0.052524,0.057980,0.098935, , , ,0.038428,0.039115,0.074956,0.031283,0.116679, ,0.075820, ,0.084567,0.039217, ,0.107252,0.126960,0.148397,0.208070,0.084598, 
    Inter-Burst Interval - Avg (sec),13.394271, ,13.666420,20.114879,14.236664,12.889061, , ,16.411196,32.280550, ,13.612471, ,113.606077,21.685944, ,15.314061,11.728653,21.904722,23.326057,41.534179,49.003943,21.093992,14.216379,14.900790,11.534378,29.540050,55.014108, , , ,25.833356,10.744811,39.264380,14.032834,29.675659, ,37.789950, ,61.251158,19.652001, ,45.686194,40.240866,64.035619,92.174500,69.642470, 
    Inter-Burst Interval - Std (sec),0.710896, ,8.738971,13.067268,7.379553,1.257136, , ,6.847803,59.283648, ,1.875101, ,32.983914,24.194471, ,2.510126,3.284331,3.020946,5.313247,38.140103,2.711590,21.940255,0.711687,1.839443,0.411163,0.876826,71.710777, , , ,22.605567,1.053427,60.298411,1.600296,29.819838, ,72.523377, ,68.548816,19.909847, ,37.813724,61.366801,82.511066,61.791844,93.314987, 
    Burst Frequency - Avg (Hz),0.066667, ,0.083194,0.057424,0.076667,0.056970, , ,0.066190,0.052812, ,0.070104, ,0.008333,0.080000, ,0.066071,0.078646,0.047111,0.043556,0.034028,0.017604,0.080208,0.069583,0.068021,0.067188,0.032083,0.024792, , , ,0.054583,0.094687,0.046548,0.071778,0.036333, ,0.062833, ,0.025417,0.066222, ,0.028590,0.063778,0.037619,0.015000,0.047963, 
    Burst Frequency - Std (Hz),0.004675, ,0.019155,0.023809,0.016251,0.035923, , ,0.015978,0.019642, ,0.019564, ,0.002357,0.036901, ,0.008589,0.011209,0.004294,0.007450,0.018319,0.007957,0.037143,0.005358,0.005781,0.002770,0.000962,0.011704, , , ,0.024851,0.007459,0.020122,0.006025,0.022646, ,0.023518, ,0.016347,0.020601, ,0.016427,0.047757,0.037381,0.015986,0.044243, 
    IBI Coefficient of Variation - Avg,0.536304, ,0.379340,0.517586,1.718509,0.480818, , ,0.977617,1.108737, ,0.710907, ,0.696046,0.389571, ,0.983433,1.279033,1.797162,0.581716,1.241504,1.524055,0.524843,0.793474,0.898778,1.021169,0.704460,2.031702, , , ,0.547324,0.778331,0.833781,1.113260,1.082983, ,0.443437, ,0.672483,0.605271, ,0.478443,0.393468,0.657817,0.591749,0.687291, 
    IBI Coefficient of Variation - Std,0.026364, ,0.109862,0.071864,0.153854,0.032174, , ,0.096165,0.000089, ,0.031253, ,0.056016,0.299452, ,0.042782,0.068378,0.085103,0.090667,0.332595,0.051320,0.225958,0.032016,0.011600,0.007673,0.032422,0.159543, , , ,0.115769,0.050806,0.264967,0.021356,0.155951, ,0.153445, ,0.138270,0.143647, ,0.067792,0.180952,0.249942,0.385435,0.218718, 
    Burst Percentage - Avg,92.423918, ,70.033227,58.289733,82.375627,56.016372, , ,76.938801,87.585005, ,89.818803, ,20.857372,55.138368, ,79.202466,93.792726,90.125263,84.734400,54.705567,82.117912,80.879032,97.629456,95.380595,95.616977,96.504399,76.630903, , , ,75.769735,96.064378,70.148706,96.626978,47.435698, ,50.813967, ,51.725920,82.777209,0.000000,63.060931,59.488437,43.262551,27.759984,30.050672, 
    Burst Percentage - Std,11.004844, ,43.392900,46.941538,34.441292,48.065366, , ,32.915605,29.746974, ,22.657918, ,24.367033,46.048576, ,31.908316,9.338912,24.702780,24.169939,42.609901,31.418364,31.871396,4.173126,4.526251,3.972713,2.920130,34.211497, , , ,22.212343,4.242857,36.024249,5.096223,45.229824, ,45.515284, ,41.872042,26.948848,0.000000,37.725553,43.047364,38.613302,31.276556,36.617086, 
Network Burst Metrics
    Number of Network Bursts,41.000000,0.000000,54.000000,42.000000,50.000000,50.000000,0.000000,0.000000,47.000000,36.000000,0.000000,46.000000,0.000000,0.000000,62.000000,0.000000,43.000000,49.000000,29.000000,30.000000,28.000000,13.000000,61.000000,43.000000,42.000000,41.000000,21.000000,19.000000,0.000000,0.000000,0.000000,48.000000,56.000000,37.000000,44.000000,32.000000,0.000000,47.000000,0.000000,25.000000,44.000000,0.000000,25.000000,64.000000,51.000000,10.000000,56.000000,0.000000
    Network Burst Frequency,0.068333, ,0.090000,0.070000,0.083333,0.083333, , ,0.078333,0.060000, ,0.076667, , ,0.103333, ,0.071667,0.081667,0.048333,0.050000,0.046667,0.021667,0.101667,0.071667,0.070000,0.068333,0.035000,0.031667, , , ,0.080000,0.093333,0.061667,0.073333,0.053333, ,0.078333, ,0.041667,0.073333, ,0.041667,0.106667,0.085000,0.016667,0.093333, 
    Network Burst Duration - Avg (sec),0.539783, ,0.312753,0.165339,0.144133,0.119646, , ,0.169959,0.204113, ,0.266631, , ,0.107921, ,0.243062,0.364278,0.484055,0.268120,0.621826,0.322388,0.129807,0.128275,0.498091,0.437469,0.407139,0.252838, , , ,0.330042,0.430909,0.187626,0.297596,0.178183, ,0.165477, ,0.130678,0.437829, ,0.231584,0.169042,0.301691,0.273104,0.153184, 
    Network Burst Duration - Std (sec),0.210188, ,0.276779,0.076657,0.091373,0.020409, , ,0.216945,0.265607, ,0.274519, , ,0.014851, ,0.199892,0.349526,0.385742,0.401781,0.360678,0.174743,0.019282,0.061612,0.352270,0.382609,0.411037,0.160558, , , ,0.169849,0.325935,0.229717,0.206184,0.135712, ,0.165627, ,0.140082,0.400996, ,0.191242,0.118486,0.240111,0.058783,0.056461, 
    Number of Spikes per Network Burst - Avg,224.439024, ,229.500000,126.309524,198.580000,96.640000, , ,170.191489,318.222222, ,256.739130, , ,113.016129, ,244.720930,348.755102,306.172414,195.200000,167.464286,272.076923,180.360656,286.953488,527.452381,452.243902,400.523810,176.052632, , , ,177.895833,377.375000,192.000000,335.272727,99.312500, ,96.531915, ,92.160000,273.863636, ,169.480000,133.906250,139.862745,54.600000,71.875000, 
    Number of Spikes per Network Burst - Std,162.710487, ,184.157925,23.626657,87.788496,8.190986, , ,130.718522,110.635853, ,78.003827, , ,11.120048, ,122.914280,193.535368,152.171911,51.041160,74.180701,98.712091,7.080567,96.058255,404.373783,317.671905,218.875448,38.647227, , , ,75.099435,370.650120,155.997151,217.640130,18.325793, ,27.098733, ,42.339580,224.254070, ,101.557094,35.333207,78.251395,8.527081,18.810116, 
    Mean ISI within Network Burst - Avg (sec),0.002625, ,0.001371,0.001314,0.000698,0.001251, , ,0.000860,0.000551, ,0.000893, , ,0.000967, ,0.001004,0.000878,0.001467,0.001093,0.003626,0.001173,0.000724,0.000443,0.000951,0.000900,0.000840,0.001366, , , ,0.001994,0.001255,0.000859,0.000891,0.001711, ,0.001564, ,0.001289,0.001574, ,0.001405,0.001207,0.002121,0.005078,0.002117, 
    Mean ISI within Network Burst - Std (sec),0.000974, ,0.000630,0.000574,0.000166,0.000189, , ,0.000276,0.000289, ,0.000546, , ,0.000121, ,0.000741,0.000403,0.000602,0.001159,0.001091,0.000541,0.000104,0.000082,0.000407,0.000424,0.000366,0.000502, , , ,0.001090,0.000550,0.000293,0.000298,0.000899, ,0.000743, ,0.000456,0.001055, ,0.000669,0.000438,0.001356,0.000663,0.000452, 
    Median ISI within Network Burst - Avg (sec),0.000260, ,0.000395,0.000548,0.000322,0.000612, , ,0.000353,0.000262, ,0.000312, , ,0.000462, ,0.000326,0.000356,0.000423,0.000372,0.000643,0.000335,0.000303,0.000238,0.000440,0.000310,0.000312,0.000385, , , ,0.000442,0.000233,0.000404,0.000257,0.000646, ,0.000694, ,0.000658,0.000377, ,0.000694,0.000509,0.000740,0.003088,0.001410, 
    Median ISI within Network Burst - Std (sec),0.000047, ,0.000126,0.000133,0.000056,0.000071, , ,0.000129,0.000104, ,0.000137, , ,0.000058, ,0.000173,0.000184,0.000204,0.000145,0.000354,0.000045,0.000033,0.000033,0.000222,0.000115,0.000158,0.000094, , , ,0.000115,0.000032,0.000111,0.000083,0.000171, ,0.000319, ,0.000261,0.000125, ,0.000287,0.000191,0.000242,0.000239,0.000344, 
    Median/Mean ISI within Network Burst - Avg,0.115906, ,0.330696,0.468033,0.475555,0.496557, , ,0.422127,0.498683, ,0.388161, , ,0.483097, ,0.420258,0.412989,0.305592,0.460338,0.209904,0.339423,0.425977,0.552161,0.454663,0.392250,0.379227,0.314762, , , ,0.277817,0.217190,0.500060,0.323899,0.420200, ,0.458185, ,0.519496,0.306709, ,0.529026,0.429589,0.446688,0.614151,0.669598, 
    Median/Mean ISI within Network Burst - Std,0.061011, ,0.136582,0.155144,0.089676,0.074830, , ,0.101914,0.083554, ,0.095538, , ,0.072346, ,0.180297,0.105823,0.099938,0.139394,0.149234,0.138240,0.073014,0.105973,0.083547,0.143922,0.097712,0.120462, , , ,0.142273,0.088440,0.126400,0.145294,0.114135, ,0.086272, ,0.124172,0.155059, ,0.127307,0.090718,0.187152,0.064985,0.102309, 
    Number of Elecs Participating in Burst - Avg,16.000000, ,13.129630,13.738095,14.720000,11.840000, , ,15.191489,15.666667, ,15.695652, , ,12.725806, ,15.534884,16.000000,15.931034,15.333333,13.892857,15.461538,15.885246,16.000000,16.000000,16.000000,16.000000,15.894737, , , ,15.729167,16.000000,14.351351,15.000000,13.000000, ,12.680851, ,13.320000,15.500000, ,12.240000,14.531250,13.196078,5.800000,10.910714, 
    Number of Elecs Participating in Burst - Std,0.000000, ,0.869749,1.466030,0.607437,0.888934, , ,0.741277,0.585540, ,0.465215, , ,0.926289, ,0.934748,0.000000,0.257881,0.479463,1.133310,0.518875,0.321370,0.000000,0.000000,0.000000,0.000000,0.315302, , , ,0.706793,0.000000,0.949158,0.000000,1.077632, ,1.124942, ,0.802081,0.590624, ,2.165641,1.246821,1.131717,0.632456,1.031800, 
    Number of Spikes per Network Burst per Channel - Avg,14.027439, ,17.540879,9.281530,13.453381,8.197908, , ,11.359726,20.302298, ,16.355525, , ,8.924220, ,15.654113,21.797194,19.201293,12.750694,11.954774,17.586218,11.356557,17.934593,32.965774,28.265244,25.032738,11.075000, , , ,11.253881,23.585938,13.376428,22.351515,7.689599, ,7.689534, ,6.923104,17.538542, ,13.414525,9.276306,10.624632,9.402857,6.599836, 
    Number of Spikes per Network Burst per Channel - Std,10.169405, ,14.109279,1.964666,5.790157,0.845537, , ,9.172476,6.850305, ,4.897035, , ,1.076248, ,7.744038,12.095961,9.479233,3.386207,4.743616,6.258089,0.450198,6.003641,25.273361,19.854494,13.679716,2.400896, , , ,4.587430,23.165632,10.812046,14.509342,1.620743, ,2.448424, ,3.050737,14.035284, ,6.706539,2.580941,6.113414,0.933642,1.687992, 
    Network Burst Percentage,91.407569, ,99.686293,99.251637,99.788945,99.608328, , ,99.601544,99.782249, ,99.746622, , ,99.729576, ,95.602798,99.894780,99.685641,99.693565,92.230527,97.680199,99.836661,99.596416,99.914306,99.202825,99.762780,97.238372, , , ,97.210838,99.113592,97.810822,99.857849,99.436796, ,98.160969, ,98.841699,91.474987, ,91.829215,99.662751,97.498633,47.978910,85.601872, 
    Network IBI Coefficient of Variation,0.512799, ,0.339123,0.494576,1.756128,0.517705, , ,0.960450,1.092879, ,0.694111, , ,0.220325, ,0.994826,1.282892,1.786590,0.592312,1.427978,1.479467,0.425029,0.769783,0.895244,1.016342,0.781189,2.038854, , , ,0.410147,0.748531,0.690558,1.105656,1.158586, ,0.339577, ,0.657782,0.485622, ,0.481343,0.316742,0.424749,0.621634,0.547593, 
    Network Normalized Duration IQR,0.520712, ,1.355146,0.533867,0.435218,0.085351, , ,0.483482,0.149582, ,0.853126, , ,0.094221, ,2.432566,3.148923,1.443459,0.475942,0.139560,0.864920,0.080260,0.532825,2.659190,1.932570,1.522076,0.657040, , , ,0.455829,0.157568,0.862271,0.428804,0.292093, ,0.434764, ,0.321383,0.934709, ,0.456661,0.425716,2.313996,0.254800,0.570046, 
Synchrony Metrics
    Area Under Normalized Cross-Correlation,0.892152,0.000000,0.633387,0.481917,0.759904,0.447203,0.000000,0.000000,0.707269,0.865475,0.000000,0.827618,0.000000,0.034776,0.562548,0.000000,0.746061,0.850763,0.758078,0.718954,0.512257,0.756344,0.773410,0.875474,0.783599,0.826941,0.865110,0.778323,0.000000,0.000000,0.000000,0.543509,0.925194,0.622764,0.836971,0.511732,0.000000,0.485348,0.000000,0.450802,0.647692,0.008342,0.381400,0.596475,0.400406,0.038687,0.253843,0.000000
    Area Under Cross-Correlation,5.887847,0.000000,4.794944,1.700194,5.350958,1.089278,0.000000,0.000000,3.409819,7.981083,0.000000,6.747236,0.000000,0.000972,2.424625,0.000000,6.119903,9.153153,3.794306,2.738597,1.444542,1.855083,6.114292,9.070222,10.413167,10.555708,5.012125,1.468667,0.000000,0.000000,0.000000,3.475125,16.136833,2.722986,9.866514,0.811125,0.000000,1.063736,0.000000,0.562889,5.493333,0.000014,1.370361,3.022264,1.634000,0.034583,0.542792,0.000000
    Full Width at Half Height of Normalized Cross-Correlation,12.000000, ,13.000000,14.000000,13.000000,7.000000, , ,11.000000,10.000000, ,10.000000, ,2.000000,12.000000, ,14.000000,16.000000,11.000000,10.000000,21.000000,14.000000,16.000000,9.000000,14.000000,12.000000,10.000000,15.000000, , , ,4.000000,16.000000,16.000000,15.000000,11.000000, ,12.000000, ,19.000000,7.000000,3.000000,19.000000,19.000000,14.000000,22.000000,19.000000, 
    Full Width at Half Height of Cross-Correlation,48.000000, ,62.000000,67.000000,62.000000,38.000000, , ,45.000000,68.000000, ,60.000000, ,3.000000,54.000000, ,70.000000,65.000000,69.000000,61.000000,62.000000,73.000000,60.000000,74.000000,88.000000,77.000000,72.000000,52.000000, , , ,73.000000,70.000000,68.000000,68.000000,53.000000, ,41.000000, ,51.000000,69.000000,3.000000,113.000000,59.000000,75.000000,119.000000,78.000000, 
    Synchrony Index, , , , , , , , , , , , , , , , , , , , , , , , , , , , , , , , , , , , , , , , , , , , , , , , 
    Kreuz SPIKE Distance, , , , , , , , , , , , , , , , , , , , , , , , , , , , , , , , , , , , , , , , , , , , , , , , 
Average Network Burst Metrics
    Start Electrode,31.000000, ,43.000000,22.000000,14.000000,34.000000, , ,21.000000,44.000000, ,21.000000, , ,11.000000, ,11.000000,14.000000,31.000000,32.000000,21.000000,12.000000,44.000000,11.000000,11.000000,24.000000,41.000000,23.000000, , , ,12.000000,11.000000,11.000000,12.000000,14.000000, ,33.000000, ,24.000000,12.000000, ,31.000000,31.000000,43.000000,21.000000,32.000000, 
    Percent Bursts with Start Electrode,29.268293, ,42.592593,47.619048,28.000000,80.000000, , ,25.531915,47.222222, ,82.608696, , ,51.612903, ,27.906977,28.571429,27.586207,26.666667,25.000000,23.076923,29.508197,41.860465,40.476190,24.390244,28.571429,26.315789, , , ,81.250000,48.214286,27.027027,56.818182,34.375000, ,36.170213, ,28.000000,38.636364, ,28.000000,26.562500,23.529412,90.000000,76.785714, 
    Burst Peak (Max Spikes per sec),1512.195122, ,3148.148148,1380.952381,2580.000000,2600.000000, , ,2021.276596,5333.333333, ,4456.521739, , ,2435.483871, ,2162.790698,5142.857143,3758.620690,3666.666667,2571.428571,3769.230769,3852.459016,3790.697674,4833.333333,4170.731707,4809.523810,4157.894737, , , ,1791.666667,3321.428571,2459.459459,5090.909091,1968.750000, ,1957.446809, ,1840.000000,1386.363636, ,1480.000000,1687.500000,1137.254902,700.000000,767.857143, 
    Time to Burst Peak (ms),69.500000, ,16.500000,54.500000,28.500000,3.500000, , ,54.500000,18.500000, ,26.500000, , ,23.500000, ,36.500000,24.500000,36.500000,13.500000,14.500000,12.500000,27.500000,32.500000,20.500000,44.500000,22.500000,14.500000, , , ,91.500000,30.500000,20.500000,22.500000,8.500000, ,8.500000, ,18.500000,80.500000, ,60.500000,48.500000,36.500000,69.500000,52.500000, 
Viability Metrics
    Resistance - Avg (kOhms), , , , , , , , , , , , , , , , , , , , , , , , , , , , , , , , , , , , , , , , , , , , , , , , 
    Resistance - Std (kOhms), , , , , , , , , , , , , , , , , , , , , , , , , , , , , , , , , , , , , , , , , , , , , , , , 
    Number of Covered Electrodes, , , , , , , , , , , , , , , , , , , , , , , , , , , , , , , , , , , , , , , , , , , , , , , , 
    Weighted Mean Resistance (kOhms), , , , , , , , , , , , , , , , , , , , , , , , , , , , , , , , , , , , , , , , , , , , , , , , 

Measurement,A1_11,A1_12,A1_13,A1_14,A1_21,A1_22,A1_23,A1_24,A1_31,A1_32,A1_33,A1_34,A1_41,A1_42,A1_43,A1_44,A2_11,A2_12,A2_13,A2_14,A2_21,A2_22,A2_23,A2_24,A2_31,A2_32,A2_33,A2_34,A2_41,A2_42,A2_43,A2_44,A3_11,A3_12,A3_13,A3_14,A3_21,A3_22,A3_23,A3_24,A3_31,A3_32,A3_33,A3_34,A3_41,A3_42,A3_43,A3_44,A4_11,A4_12,A4_13,A4_14,A4_21,A4_22,A4_23,A4_24,A4_31,A4_32,A4_33,A4_34,A4_41,A4_42,A4_43,A4_44,A5_11,A5_12,A5_13,A5_14,A5_21,A5_22,A5_23,A5_24,A5_31,A5_32,A5_33,A5_34,A5_41,A5_42,A5_43,A5_44,A6_11,A6_12,A6_13,A6_14,A6_21,A6_22,A6_23,A6_24,A6_31,A6_32,A6_33,A6_34,A6_41,A6_42,A6_43,A6_44,A7_11,A7_12,A7_13,A7_14,A7_21,A7_22,A7_23,A7_24,A7_31,A7_32,A7_33,A7_34,A7_41,A7_42,A7_43,A7_44,A8_11,A8_12,A8_13,A8_14,A8_21,A8_22,A8_23,A8_24,A8_31,A8_32,A8_33,A8_34,A8_41,A8_42,A8_43,A8_44,B1_11,B1_12,B1_13,B1_14,B1_21,B1_22,B1_23,B1_24,B1_31,B1_32,B1_33,B1_34,B1_41,B1_42,B1_43,B1_44,B2_11,B2_12,B2_13,B2_14,B2_21,B2_22,B2_23,B2_24,B2_31,B2_32,B2_33,B2_34,B2_41,B2_42,B2_43,B2_44,B3_11,B3_12,B3_13,B3_14,B3_21,B3_22,B3_23,B3_24,B3_31,B3_32,B3_33,B3_34,B3_41,B3_42,B3_43,B3_44,B4_11,B4_12,B4_13,B4_14,B4_21,B4_22,B4_23,B4_24,B4_31,B4_32,B4_33,B4_34,B4_41,B4_42,B4_43,B4_44,B5_11,B5_12,B5_13,B5_14,B5_21,B5_22,B5_23,B5_24,B5_31,B5_32,B5_33,B5_34,B5_41,B5_42,B5_43,B5_44,B6_11,B6_12,B6_13,B6_14,B6_21,B6_22,B6_23,B6_24,B6_31,B6_32,B6_33,B6_34,B6_41,B6_42,B6_43,B6_44,B7_11,B7_12,B7_13,B7_14,B7_21,B7_22,B7_23,B7_24,B7_31,B7_32,B7_33,B7_34,B7_41,B7_42,B7_43,B7_44,B8_11,B8_12,B8_13,B8_14,B8_21,B8_22,B8_23,B8_24,B8_31,B8_32,B8_33,B8_34,B8_41,B8_42,B8_43,B8_44,C1_11,C1_12,C1_13,C1_14,C1_21,C1_22,C1_23,C1_24,C1_31,C1_32,C1_33,C1_34,C1_41,C1_42,C1_43,C1_44,C2_11,C2_12,C2_13,C2_14,C2_21,C2_22,C2_23,C2_24,C2_31,C2_32,C2_33,C2_34,C2_41,C2_42,C2_43,C2_44,C3_11,C3_12,C3_13,C3_14,C3_21,C3_22,C3_23,C3_24,C3_31,C3_32,C3_33,C3_34,C3_41,C3_42,C3_43,C3_44,C4_11,C4_12,C4_13,C4_14,C4_21,C4_22,C4_23,C4_24,C4_31,C4_32,C4_33,C4_34,C4_41,C4_42,C4_43,C4_44,C5_11,C5_12,C5_13,C5_14,C5_21,C5_22,C5_23,C5_24,C5_31,C5_32,C5_33,C5_34,C5_41,C5_42,C5_43,C5_44,C6_11,C6_12,C6_13,C6_14,C6_21,C6_22,C6_23,C6_24,C6_31,C6_32,C6_33,C6_34,C6_41,C6_42,C6_43,C6_44,C7_11,C7_12,C7_13,C7_14,C7_21,C7_22,C7_23,C7_24,C7_31,C7_32,C7_33,C7_34,C7_41,C7_42,C7_43,C7_44,C8_11,C8_12,C8_13,C8_14,C8_21,C8_22,C8_23,C8_24,C8_31,C8_32,C8_33,C8_34,C8_41,C8_42,C8_43,C8_44,D1_11,D1_12,D1_13,D1_14,D1_21,D1_22,D1_23,D1_24,D1_31,D1_32,D1_33,D1_34,D1_41,D1_42,D1_43,D1_44,D2_11,D2_12,D2_13,D2_14,D2_21,D2_22,D2_23,D2_24,D2_31,D2_32,D2_33,D2_34,D2_41,D2_42,D2_43,D2_44,D3_11,D3_12,D3_13,D3_14,D3_21,D3_22,D3_23,D3_24,D3_31,D3_32,D3_33,D3_34,D3_41,D3_42,D3_43,D3_44,D4_11,D4_12,D4_13,D4_14,D4_21,D4_22,D4_23,D4_24,D4_31,D4_32,D4_33,D4_34,D4_41,D4_42,D4_43,D4_44,D5_11,D5_12,D5_13,D5_14,D5_21,D5_22,D5_23,D5_24,D5_31,D5_32,D5_33,D5_34,D5_41,D5_42,D5_43,D5_44,D6_11,D6_12,D6_13,D6_14,D6_21,D6_22,D6_23,D6_24,D6_31,D6_32,D6_33,D6_34,D6_41,D6_42,D6_43,D6_44,D7_11,D7_12,D7_13,D7_14,D7_21,D7_22,D7_23,D7_24,D7_31,D7_32,D7_33,D7_34,D7_41,D7_42,D7_43,D7_44,D8_11,D8_12,D8_13,D8_14,D8_21,D8_22,D8_23,D8_24,D8_31,D8_32,D8_33,D8_34,D8_41,D8_42,D8_43,D8_44,E1_11,E1_12,E1_13,E1_14,E1_21,E1_22,E1_23,E1_24,E1_31,E1_32,E1_33,E1_34,E1_41,E1_42,E1_43,E1_44,E2_11,E2_12,E2_13,E2_14,E2_21,E2_22,E2_23,E2_24,E2_31,E2_32,E2_33,E2_34,E2_41,E2_42,E2_43,E2_44,E3_11,E3_12,E3_13,E3_14,E3_21,E3_22,E3_23,E3_24,E3_31,E3_32,E3_33,E3_34,E3_41,E3_42,E3_43,E3_44,E4_11,E4_12,E4_13,E4_14,E4_21,E4_22,E4_23,E4_24,E4_31,E4_32,E4_33,E4_34,E4_41,E4_42,E4_43,E4_44,E5_11,E5_12,E5_13,E5_14,E5_21,E5_22,E5_23,E5_24,E5_31,E5_32,E5_33,E5_34,E5_41,E5_42,E5_43,E5_44,E6_11,E6_12,E6_13,E6_14,E6_21,E6_22,E6_23,E6_24,E6_31,E6_32,E6_33,E6_34,E6_41,E6_42,E6_43,E6_44,E7_11,E7_12,E7_13,E7_14,E7_21,E7_22,E7_23,E7_24,E7_31,E7_32,E7_33,E7_34,E7_41,E7_42,E7_43,E7_44,E8_11,E8_12,E8_13,E8_14,E8_21,E8_22,E8_23,E8_24,E8_31,E8_32,E8_33,E8_34,E8_41,E8_42,E8_43,E8_44,F1_11,F1_12,F1_13,F1_14,F1_21,F1_22,F1_23,F1_24,F1_31,F1_32,F1_33,F1_34,F1_41,F1_42,F1_43,F1_44,F2_11,F2_12,F2_13,F2_14,F2_21,F2_22,F2_23,F2_24,F2_31,F2_32,F2_33,F2_34,F2_41,F2_42,F2_43,F2_44,F3_11,F3_12,F3_13,F3_14,F3_21,F3_22,F3_23,F3_24,F3_31,F3_32,F3_33,F3_34,F3_41,F3_42,F3_43,F3_44,F4_11,F4_12,F4_13,F4_14,F4_21,F4_22,F4_23,F4_24,F4_31,F4_32,F4_33,F4_34,F4_41,F4_42,F4_43,F4_44,F5_11,F5_12,F5_13,F5_14,F5_21,F5_22,F5_23,F5_24,F5_31,F5_32,F5_33,F5_34,F5_41,F5_42,F5_43,F5_44,F6_11,F6_12,F6_13,F6_14,F6_21,F6_22,F6_23,F6_24,F6_31,F6_32,F6_33,F6_34,F6_41,F6_42,F6_43,F6_44,F7_11,F7_12,F7_13,F7_14,F7_21,F7_22,F7_23,F7_24,F7_31,F7_32,F7_33,F7_34,F7_41,F7_42,F7_43,F7_44,F8_11,F8_12,F8_13,F8_14,F8_21,F8_22,F8_23,F8_24,F8_31,F8_32,F8_33,F8_34,F8_41,F8_42,F8_43,F8_44,
Activity Metrics
    Number of Spikes,406.000000,1626.000000,641.000000,801.000000,1003.000000,270.000000,595.000000,678.000000,953.000000,317.000000,527.000000,530.000000,223.000000,454.000000,654.000000,389.000000,0.000000,0.000000,0.000000,0.000000,0.000000,0.000000,0.000000,0.000000,0.000000,0.000000,0.000000,0.000000,0.000000,0.000000,0.000000,0.000000,2.000000,1174.000000,188.000000,1241.000000,1468.000000,1360.000000,716.000000,4.000000,22.000000,57.000000,1472.000000,606.000000,624.000000,907.000000,1751.000000,840.000000,318.000000,32.000000,131.000000,456.000000,37.000000,553.000000,56.000000,427.000000,660.000000,857.000000,72.000000,1047.000000,285.000000,28.000000,356.000000,30.000000,207.000000,548.000000,322.000000,618.000000,40.000000,750.000000,487.000000,723.000000,6.000000,1116.000000,1092.000000,583.000000,755.000000,778.000000,1216.000000,709.000000,0.000000,473.000000,455.000000,629.000000,0.000000,977.000000,5.000000,39.000000,300.000000,761.000000,53.000000,431.000000,97.000000,101.000000,43.000000,487.000000,0.000000,0.000000,0.000000,0.000000,0.000000,0.000000,0.000000,0.000000,0.000000,0.000000,0.000000,0.000000,0.000000,0.000000,0.000000,0.000000,0.000000,0.000000,0.000000,0.000000,0.000000,0.000000,0.000000,0.000000,0.000000,0.000000,0.000000,0.000000,0.000000,0.000000,0.000000,0.000000,1170.000000,674.000000,331.000000,163.000000,397.000000,431.000000,290.000000,595.000000,298.000000,905.000000,233.000000,1148.000000,28.000000,233.000000,1069.000000,66.000000,469.000000,710.000000,731.000000,865.000000,694.000000,594.000000,1074.000000,46.000000,866.000000,1310.000000,736.000000,902.000000,819.000000,469.000000,63.000000,1133.000000,0.000000,0.000000,0.000000,0.000000,0.000000,0.000000,0.000000,0.000000,0.000000,0.000000,0.000000,0.000000,0.000000,0.000000,0.000000,0.000000,719.000000,919.000000,482.000000,674.000000,961.000000,810.000000,537.000000,874.000000,830.000000,47.000000,1283.000000,727.000000,378.000000,308.000000,990.000000,1301.000000,0.000000,0.000000,0.000000,0.000000,0.000000,0.000000,0.000000,0.000000,0.000000,0.000000,0.000000,0.000000,0.000000,0.000000,0.000000,0.000000,0.000000,0.000000,0.000000,0.000000,0.000000,0.000000,0.000000,80.000000,0.000000,0.000000,0.000000,1.000000,0.000000,5.000000,78.000000,0.000000,855.000000,197.000000,290.000000,463.000000,715.000000,6.000000,533.000000,93.000000,149.000000,585.000000,1081.000000,1120.000000,18.000000,32.000000,885.000000,4.000000,0.000000,0.000000,0.000000,0.000000,0.000000,0.000000,0.000000,0.000000,0.000000,0.000000,0.000000,0.000000,0.000000,0.000000,0.000000,0.000000,1147.000000,1176.000000,856.000000,1288.000000,1251.000000,684.000000,743.000000,60.000000,67.000000,237.000000,215.000000,920.000000,354.000000,778.000000,730.000000,501.000000,198.000000,435.000000,587.000000,1228.000000,1222.000000,592.000000,1176.000000,1949.000000,403.000000,1417.000000,1072.000000,524.000000,3094.000000,976.000000,1573.000000,661.000000,256.000000,52.000000,559.000000,574.000000,492.000000,296.000000,833.000000,339.000000,1373.000000,724.000000,1065.000000,148.000000,245.000000,397.000000,641.000000,913.000000,502.000000,202.000000,802.000000,665.000000,192.000000,418.000000,10.000000,172.000000,263.000000,637.000000,239.000000,185.000000,668.000000,153.000000,163.000000,603.000000,673.000000,10.000000,86.000000,545.000000,830.000000,123.000000,836.000000,21.000000,45.000000,28.000000,74.000000,625.000000,134.000000,32.000000,339.000000,683.000000,282.000000,412.000000,357.000000,206.000000,163.000000,12.000000,226.000000,313.000000,194.000000,32.000000,361.000000,93.000000,240.000000,574.000000,30.000000,126.000000,242.000000,1110.000000,553.000000,814.000000,564.000000,571.000000,635.000000,771.000000,563.000000,159.000000,1069.000000,175.000000,1246.000000,164.000000,1077.000000,1307.000000,1269.000000,552.000000,1310.000000,825.000000,1070.000000,1070.000000,748.000000,434.000000,1048.000000,823.000000,323.000000,979.000000,313.000000,393.000000,970.000000,262.000000,1940.000000,642.000000,1274.000000,2799.000000,1048.000000,603.000000,1370.000000,321.000000,3130.000000,706.000000,1832.000000,1454.000000,523.000000,1071.000000,1766.000000,1693.000000,1823.000000,276.000000,1144.000000,703.000000,1238.000000,974.000000,1661.000000,1159.000000,1175.000000,1285.000000,1260.000000,1707.000000,313.000000,326.000000,1510.000000,2137.000000,806.000000,715.000000,332.000000,339.000000,402.000000,831.000000,177.000000,317.000000,368.000000,930.000000,357.000000,311.000000,1108.000000,760.000000,317.000000,361.000000,49.000000,258.000000,92.000000,205.000000,54.000000,48.000000,203.000000,115.000000,100.000000,268.000000,427.000000,135.000000,256.000000,431.000000,214.000000,585.000000,0.000000,0.000000,0.000000,0.000000,0.000000,0.000000,0.000000,0.000000,0.000000,0.000000,0.000000,0.000000,0.000000,0.000000,0.000000,0.000000,0.000000,0.000000,0.000000,0.000000,0.000000,0.000000,0.000000,0.000000,0.000000,0.000000,0.000000,0.000000,0.000000,0.000000,0.000000,0.000000,0.000000,0.000000,0.000000,0.000000,0.000000,0.000000,0.000000,0.000000,0.000000,0.000000,0.000000,0.000000,0.000000,0.000000,0.000000,0.000000,674.000000,2066.000000,284.000000,171.000000,1070.000000,651.000000,472.000000,268.000000,155.000000,1293.000000,268.000000,304.000000,391.000000,119.000000,290.000000,308.000000,1768.000000,1689.000000,1857.000000,1387.000000,818.000000,1359.000000,988.000000,685.000000,1386.000000,1700.000000,1446.000000,360.000000,2470.000000,850.000000,1465.000000,1094.000000,1200.000000,772.000000,1110.000000,574.000000,756.000000,18.000000,165.000000,1130.000000,12.000000,110.000000,64.000000,308.000000,148.000000,311.000000,289.000000,296.000000,975.000000,1189.000000,1144.000000,623.000000,257.000000,0.000000,917.000000,832.000000,1381.000000,1870.000000,516.000000,1104.000000,700.000000,911.000000,1199.000000,1155.000000,620.000000,303.000000,469.000000,426.000000,445.000000,0.000000,34.000000,33.000000,108.000000,74.000000,24.000000,8.000000,49.000000,418.000000,28.000000,157.000000,0.000000,0.000000,0.000000,0.000000,0.000000,0.000000,0.000000,0.000000,0.000000,0.000000,0.000000,0.000000,0.000000,0.000000,0.000000,0.000000,252.000000,53.000000,441.000000,18.000000,19.000000,81.000000,53.000000,334.000000,470.000000,4.000000,1217.000000,250.000000,36.000000,445.000000,399.000000,550.000000,0.000000,0.000000,0.000000,0.000000,0.000000,0.000000,0.000000,0.000000,0.000000,0.000000,0.000000,0.000000,0.000000,0.000000,0.000000,0.000000,220.000000,105.000000,10.000000,63.000000,206.000000,5.000000,405.000000,571.000000,43.000000,29.000000,67.000000,4.000000,99.000000,210.000000,102.000000,192.000000,1032.000000,1462.000000,108.000000,856.000000,1416.000000,943.000000,371.000000,1185.000000,37.000000,670.000000,296.000000,1597.000000,557.000000,845.000000,515.000000,1283.000000,6.000000,0.000000,0.000000,0.000000,0.000000,0.000000,0.000000,0.000000,10.000000,0.000000,0.000000,0.000000,0.000000,0.000000,0.000000,0.000000,4.000000,716.000000,297.000000,439.000000,103.000000,26.000000,413.000000,9.000000,975.000000,405.000000,10.000000,118.000000,325.000000,700.000000,22.000000,52.000000,1045.000000,63.000000,215.000000,1483.000000,1069.000000,49.000000,112.000000,964.000000,582.000000,122.000000,83.000000,788.000000,507.000000,96.000000,808.000000,613.000000,4.000000,68.000000,165.000000,923.000000,733.000000,211.000000,77.000000,219.000000,96.000000,11.000000,75.000000,113.000000,83.000000,1684.000000,1369.000000,1485.000000,3.000000,164.000000,0.000000,1.000000,705.000000,0.000000,36.000000,0.000000,0.000000,74.000000,0.000000,0.000000,0.000000,0.000000,56.000000,99.000000,375.000000,48.000000,371.000000,7.000000,190.000000,175.000000,14.000000,31.000000,172.000000,656.000000,0.000000,3.000000,434.000000,1910.000000,222.000000,94.000000,0.000000,0.000000,0.000000,0.000000,0.000000,0.000000,0.000000,0.000000,0.000000,0.000000,0.000000,0.000000,0.000000,0.000000,0.000000,0.000000
    Mean Firing Rate (Hz),0.676667,2.710000,1.068333,1.335000,1.671667,0.450000,0.991667,1.130000,1.588333,0.528333,0.878333,0.883333,0.371667,0.756667,1.090000,0.648333,0.000000,0.000000,0.000000,0.000000,0.000000,0.000000,0.000000,0.000000,0.000000,0.000000,0.000000,0.000000,0.000000,0.000000,0.000000,0.000000,0.003333,1.956667,0.313333,2.068333,2.446667,2.266667,1.193333,0.006667,0.036667,0.095000,2.453333,1.010000,1.040000,1.511667,2.918333,1.400000,0.530000,0.053333,0.218333,0.760000,0.061667,0.921667,0.093333,0.711667,1.100000,1.428333,0.120000,1.745000,0.475000,0.046667,0.593333,0.050000,0.345000,0.913333,0.536667,1.030000,0.066667,1.250000,0.811667,1.205000,0.010000,1.860000,1.820000,0.971667,1.258333,1.296667,2.026667,1.181667,0.000000,0.788333,0.758333,1.048333,0.000000,1.628333,0.008333,0.065000,0.500000,1.268333,0.088333,0.718333,0.161667,0.168333,0.071667,0.811667,0.000000,0.000000,0.000000,0.000000,0.000000,0.000000,0.000000,0.000000,0.000000,0.000000,0.000000,0.000000,0.000000,0.000000,0.000000,0.000000,0.000000,0.000000,0.000000,0.000000,0.000000,0.000000,0.000000,0.000000,0.000000,0.000000,0.000000,0.000000,0.000000,0.000000,0.000000,0.000000,1.950000,1.123333,0.551667,0.271667,0.661667,0.718333,0.483333,0.991667,0.496667,1.508333,0.388333,1.913333,0.046667,0.388333,1.781667,0.110000,0.781667,1.183333,1.218333,1.441667,1.156667,0.990000,1.790000,0.076667,1.443333,2.183333,1.226667,1.503333,1.365000,0.781667,0.105000,1.888333,0.000000,0.000000,0.000000,0.000000,0.000000,0.000000,0.000000,0.000000,0.000000,0.000000,0.000000,0.000000,0.000000,0.000000,0.000000,0.000000,1.198333,1.531667,0.803333,1.123333,1.601667,1.350000,0.895000,1.456667,1.383333,0.078333,2.138333,1.211667,0.630000,0.513333,1.650000,2.168333,0.000000,0.000000,0.000000,0.000000,0.000000,0.000000,0.000000,0.000000,0.000000,0.000000,0.000000,0.000000,0.000000,0.000000,0.000000,0.000000,0.000000,0.000000,0.000000,0.000000,0.000000,0.000000,0.000000,0.133333,0.000000,0.000000,0.000000,0.001667,0.000000,0.008333,0.130000,0.000000,1.425000,0.328333,0.483333,0.771667,1.191667,0.010000,0.888333,0.155000,0.248333,0.975000,1.801667,1.866667,0.030000,0.053333,1.475000,0.006667,0.000000,0.000000,0.000000,0.000000,0.000000,0.000000,0.000000,0.000000,0.000000,0.000000,0.000000,0.000000,0.000000,0.000000,0.000000,0.000000,1.911667,1.960000,1.426667,2.146667,2.085000,1.140000,1.238333,0.100000,0.111667,0.395000,0.358333,1.533333,0.590000,1.296667,1.216667,0.835000,0.330000,0.725000,0.978333,2.046667,2.036667,0.986667,1.960000,3.248333,0.671667,2.361667,1.786667,0.873333,5.156667,1.626667,2.621667,1.101667,0.426667,0.086667,0.931667,0.956667,0.820000,0.493333,1.388333,0.565000,2.288333,1.206667,1.775000,0.246667,0.408333,0.661667,1.068333,1.521667,0.836667,0.336667,1.336667,1.108333,0.320000,0.696667,0.016667,0.286667,0.438333,1.061667,0.398333,0.308333,1.113333,0.255000,0.271667,1.005000,1.121667,0.016667,0.143333,0.908333,1.383333,0.205000,1.393333,0.035000,0.075000,0.046667,0.123333,1.041667,0.223333,0.053333,0.565000,1.138333,0.470000,0.686667,0.595000,0.343333,0.271667,0.020000,0.376667,0.521667,0.323333,0.053333,0.601667,0.155000,0.400000,0.956667,0.050000,0.210000,0.403333,1.850000,0.921667,1.356667,0.940000,0.951667,1.058333,1.285000,0.938333,0.265000,1.781667,0.291667,2.076667,0.273333,1.795000,2.178333,2.115000,0.920000,2.183333,1.375000,1.783333,1.783333,1.246667,0.723333,1.746667,1.371667,0.538333,1.631667,0.521667,0.655000,1.616667,0.436667,3.233333,1.070000,2.123333,4.665000,1.746667,1.005000,2.283333,0.535000,5.216667,1.176667,3.053333,2.423333,0.871667,1.785000,2.943333,2.821667,3.038333,0.460000,1.906667,1.171667,2.063333,1.623333,2.768333,1.931667,1.958333,2.141667,2.100000,2.845000,0.521667,0.543333,2.516667,3.561667,1.343333,1.191667,0.553333,0.565000,0.670000,1.385000,0.295000,0.528333,0.613333,1.550000,0.595000,0.518333,1.846667,1.266667,0.528333,0.601667,0.081667,0.430000,0.153333,0.341667,0.090000,0.080000,0.338333,0.191667,0.166667,0.446667,0.711667,0.225000,0.426667,0.718333,0.356667,0.975000,0.000000,0.000000,0.000000,0.000000,0.000000,0.000000,0.000000,0.000000,0.000000,0.000000,0.000000,0.000000,0.000000,0.000000,0.000000,0.000000,0.000000,0.000000,0.000000,0.000000,0.000000,0.000000,0.000000,0.000000,0.000000,0.000000,0.000000,0.000000,0.000000,0.000000,0.000000,0.000000,0.000000,0.000000,0.000000,0.000000,0.000000,0.000000,0.000000,0.000000,0.000000,0.000000,0.000000,0.000000,0.000000,0.000000,0.000000,0.000000,1.123333,3.443333,0.473333,0.285000,1.783333,1.085000,0.786667,0.446667,0.258333,2.155000,0.446667,0.506667,0.651667,0.198333,0.483333,0.513333,2.946667,2.815000,3.095000,2.311667,1.363333,2.265000,1.646667,1.141667,2.310000,2.833333,2.410000,0.600000,4.116667,1.416667,2.441667,1.823333,2.000000,1.286667,1.850000,0.956667,1.260000,0.030000,0.275000,1.883333,0.020000,0.183333,0.106667,0.513333,0.246667,0.518333,0.481667,0.493333,1.625000,1.981667,1.906667,1.038333,0.428333,0.000000,1.528333,1.386667,2.301667,3.116667,0.860000,1.840000,1.166667,1.518333,1.998333,1.925000,1.033333,0.505000,0.781667,0.710000,0.741667,0.000000,0.056667,0.055000,0.180000,0.123333,0.040000,0.013333,0.081667,0.696667,0.046667,0.261667,0.000000,0.000000,0.000000,0.000000,0.000000,0.000000,0.000000,0.000000,0.000000,0.000000,0.000000,0.000000,0.000000,0.000000,0.000000,0.000000,0.420000,0.088333,0.735000,0.030000,0.031667,0.135000,0.088333,0.556667,0.783333,0.006667,2.028333,0.416667,0.060000,0.741667,0.665000,0.916667,0.000000,0.000000,0.000000,0.000000,0.000000,0.000000,0.000000,0.000000,0.000000,0.000000,0.000000,0.000000,0.000000,0.000000,0.000000,0.000000,0.366667,0.175000,0.016667,0.105000,0.343333,0.008333,0.675000,0.951667,0.071667,0.048333,0.111667,0.006667,0.165000,0.350000,0.170000,0.320000,1.720000,2.436667,0.180000,1.426667,2.360000,1.571667,0.618333,1.975000,0.061667,1.116667,0.493333,2.661667,0.928333,1.408333,0.858333,2.138333,0.010000,0.000000,0.000000,0.000000,0.000000,0.000000,0.000000,0.000000,0.016667,0.000000,0.000000,0.000000,0.000000,0.000000,0.000000,0.000000,0.006667,1.193333,0.495000,0.731667,0.171667,0.043333,0.688333,0.015000,1.625000,0.675000,0.016667,0.196667,0.541667,1.166667,0.036667,0.086667,1.741667,0.105000,0.358333,2.471667,1.781667,0.081667,0.186667,1.606667,0.970000,0.203333,0.138333,1.313333,0.845000,0.160000,1.346667,1.021667,0.006667,0.113333,0.275000,1.538333,1.221667,0.351667,0.128333,0.365000,0.160000,0.018333,0.125000,0.188333,0.138333,2.806667,2.281667,2.475000,0.005000,0.273333,0.000000,0.001667,1.175000,0.000000,0.060000,0.000000,0.000000,0.123333,0.000000,0.000000,0.000000,0.000000,0.093333,0.165000,0.625000,0.080000,0.618333,0.011667,0.316667,0.291667,0.023333,0.051667,0.286667,1.093333,0.000000,0.005000,0.723333,3.183333,0.370000,0.156667,0.000000,0.000000,0.000000,0.000000,0.000000,0.000000,0.000000,0.000000,0.000000,0.000000,0.000000,0.000000,0.000000,0.000000,0.000000,0.000000
    ISI Coefficient of Variation,3.407011,3.523457,4.353438,4.804813,5.130897,2.727463,3.582970,4.333206,4.864481,2.649843,3.642448,3.934390,2.412115,3.566863,4.321398,3.333636, , , , , , , , , , , , , , , , , ,4.781513,1.856917,4.923741,5.375673,5.098430,3.701848, , , ,5.374019,3.377527,3.447155,4.164170,5.749121,3.987314,2.958251, ,1.872469,3.560476, ,3.817399, ,3.442898,4.284911,4.521354,1.244317,5.054518,2.753322, ,2.948112, ,4.026356,6.671559,5.077541,7.086158, ,7.824752,6.280822,7.684100, ,9.573282,9.467776,6.884372,7.856821,7.975648,9.992548,7.607958, ,3.328905,3.256271,3.880166, ,4.892958, , ,2.588506,4.290633, ,3.136563,1.579101,1.453001, ,3.388492, , , , , , , , , , , , , , , , , , , , , , , , , , , , , , , , ,6.792084,5.183572,3.570877,2.603341,3.814116,4.102146,3.321681,4.724636,3.376351,6.030892,2.944416,6.712583, ,2.948769,6.565301,1.721424,5.317027,6.569089,6.674803,7.262437,6.488711,5.997296,8.104565, ,7.266831,8.964334,6.689195,7.419536,7.062450,5.319198,2.040364,8.326168, , , , , , , , , , , , , , , , ,4.714914,5.308729,3.828174,4.575233,5.476990,5.014466,4.055619,5.214759,5.092935, ,6.350603,4.745177,3.373437,2.996890,5.561921,6.347951, , , , , , , , , , , , , , , , , , , , , , , ,1.702242, , , , , , ,1.779610, ,3.665334,1.535720,1.985582,2.617749,3.335872, ,2.839007,0.935378,1.413069,2.983934,4.126955,4.236773, , ,3.743520, , , , , , , , , , , , , , , , , ,5.545594,7.235099,6.183082,4.921192,7.543810,4.430047,2.471056,1.688219,1.588433,3.207720,3.046586,4.174870,3.955564,5.858460,4.307646,4.189797,3.146956,4.781045,5.593138,8.102151,8.081577,5.599660,7.929688,10.233073,4.595726,8.708412,7.568917,5.247071,12.880011,7.209664,9.185727,5.934491,6.098463, ,9.069650,9.180667,8.503502,6.570723,11.090002,7.044129,14.236246,10.333331,12.553119,4.595944,5.966977,7.631984,9.708131,11.611974,4.681452,2.892234,5.960361,5.409587,2.806381,4.283628, ,2.638948,3.323388,5.293003,3.173896,2.731457,5.425308,2.468814,2.560590,5.148913,5.979644, ,2.952056,7.769496,9.610426,3.591267,9.649923, , , ,2.722920,8.329598,3.757298, ,6.103794,8.712628,8.587846,10.399233,9.674710,7.320243,6.498190, ,7.672939,9.052775,7.100872, ,9.723320,4.864331,7.907862,12.279891, ,5.693156,1.927698,4.528576,3.125677,3.853779,3.142307,3.183642,3.374955,3.741927,3.157917,1.471259,4.439573,1.626034,4.810611,1.558512,4.461186,4.920666,6.566281,4.451423,6.927812,5.483652,6.164807,6.225516,5.131389,3.919941,6.196292,5.474691,3.345647,5.986195,3.287844,3.710919,5.958808,2.981006,8.993047,5.157647,7.270672,10.804531,6.636547,4.963527,7.535881,3.585763,11.430719,5.393019,8.721335,7.806232,4.644092,6.711836,8.596270,8.431496,9.406821,3.587770,7.428735,5.810583,7.733595,6.849233,8.977249,7.483655,7.550680,7.879603,4.771333,9.101385,3.833751,3.917085,8.558935,10.189430,7.911691,7.444617,5.035857,5.084988,5.534113,8.035032,3.626477,4.919160,5.293731,8.507910,5.216561,4.864442,9.294444,7.681638,4.919093,5.270303, ,8.530978,5.034057,7.536972, , ,7.555885,5.649542,5.066505,2.064605,11.006490,6.134866,8.501321,11.048391,7.760908,12.895845, , , , , , , , , , , , , , , , , , , , , , , , , , , , , , , , , , , , , , , , , , , , , , , , ,3.753101,5.536992,2.410021,1.791649,4.878089,3.818859,3.256156,2.298579,1.808145,4.885216,2.380738,2.432186,2.913445,1.564445,2.341617,2.425116,6.152601,6.494587,6.434941,5.368991,4.646986,5.836200,5.099375,4.227745,6.049038,6.544498,5.704093,2.995245,6.738915,4.738381,6.250226,5.362269,6.870700,3.832352,6.622175,4.690823,5.442473, ,2.392428,6.686643, ,1.807451,1.326205,3.387072,2.321760,3.067143,2.212434,3.324925,6.996568,7.739337,7.586977,5.564444,3.493914, ,6.779558,6.427833,8.344683,9.725368,5.051122,7.454414,5.899146,6.761533,7.088172,7.624396,6.736837,4.661110,5.843791,5.555685,5.689561, , , ,2.669077,2.156906, , , ,5.508484, ,3.283748, , , , , , , , , , , , , , , , ,2.244913, ,3.086662, , ,1.200273, ,2.646237,2.938568, ,5.282303,2.238865, ,3.109295,2.923417,3.482471, , , , , , , , , , , , , , , , ,3.469225,2.283434, ,1.739328,3.345794, ,4.786726,5.721344, , ,1.635711, ,2.235750,3.380413,2.247352,3.215819,4.547087,5.368178,1.468284,4.761322,5.891956,4.687542,3.055380,5.304511, ,4.190914,2.692698,6.118981,3.711145,4.374746,3.645999,4.788073, , , , , , , , , , , , , , , , , ,5.079306,3.568691,4.450177,2.233773, ,3.786762, ,5.155002,3.409391, ,2.334085,3.479262,3.195268, , ,4.103308,0.970924,1.651483,4.916361,4.158418, ,1.247665,3.938133,2.986564,1.230001,1.152494,3.533170,2.774698,1.033103,3.550952,3.097801, ,1.289442,1.645224,4.254140,3.789079,2.036019,1.264444,1.921401,1.312772, ,1.308260,1.387041,1.169761,5.687002,5.175431,5.312827, ,1.894719, , ,4.399915, , , , ,1.754365, , , , , ,1.798894,2.096761, ,2.193085, ,1.502657,1.391857, , ,1.338544,2.851918, , ,2.479508,5.052117,1.763163,1.094412, , , , , , , , , , , , , , , , 
Electrode Burst Metrics
    Number of Bursts,39.000000,46.000000,41.000000,41.000000,41.000000,35.000000,41.000000,41.000000,41.000000,39.000000,41.000000,41.000000,34.000000,41.000000,41.000000,37.000000,0.000000,0.000000,0.000000,0.000000,0.000000,0.000000,0.000000,0.000000,0.000000,0.000000,0.000000,0.000000,0.000000,0.000000,0.000000,0.000000,0.000000,54.000000,14.000000,54.000000,54.000000,54.000000,54.000000,0.000000,0.000000,0.000000,54.000000,52.000000,54.000000,54.000000,54.000000,47.000000,39.000000,0.000000,10.000000,42.000000,0.000000,42.000000,2.000000,42.000000,42.000000,42.000000,0.000000,42.000000,37.000000,0.000000,39.000000,0.000000,15.000000,48.000000,35.000000,48.000000,0.000000,50.000000,49.000000,50.000000,0.000000,50.000000,50.000000,50.000000,50.000000,50.000000,50.000000,49.000000,0.000000,48.000000,44.000000,49.000000,0.000000,49.000000,0.000000,0.000000,38.000000,49.000000,1.000000,48.000000,1.000000,1.000000,0.000000,48.000000,0.000000,0.000000,0.000000,0.000000,0.000000,0.000000,0.000000,0.000000,0.000000,0.000000,0.000000,0.000000,0.000000,0.000000,0.000000,0.000000,0.000000,0.000000,0.000000,0.000000,0.000000,0.000000,0.000000,0.000000,0.000000,0.000000,0.000000,0.000000,0.000000,0.000000,0.000000,0.000000,47.000000,47.000000,43.000000,16.000000,37.000000,42.000000,38.000000,47.000000,42.000000,47.000000,30.000000,47.000000,0.000000,26.000000,47.000000,0.000000,36.000000,36.000000,36.000000,36.000000,36.000000,36.000000,36.000000,1.000000,36.000000,36.000000,36.000000,36.000000,36.000000,36.000000,2.000000,36.000000,0.000000,0.000000,0.000000,0.000000,0.000000,0.000000,0.000000,0.000000,0.000000,0.000000,0.000000,0.000000,0.000000,0.000000,0.000000,0.000000,46.000000,46.000000,46.000000,46.000000,46.000000,46.000000,46.000000,46.000000,46.000000,1.000000,46.000000,46.000000,45.000000,29.000000,46.000000,46.000000,0.000000,0.000000,0.000000,0.000000,0.000000,0.000000,0.000000,0.000000,0.000000,0.000000,0.000000,0.000000,0.000000,0.000000,0.000000,0.000000,0.000000,0.000000,0.000000,0.000000,0.000000,0.000000,0.000000,6.000000,0.000000,0.000000,0.000000,0.000000,0.000000,0.000000,4.000000,0.000000,62.000000,9.000000,30.000000,53.000000,62.000000,0.000000,60.000000,0.000000,6.000000,60.000000,62.000000,62.000000,0.000000,0.000000,62.000000,0.000000,0.000000,0.000000,0.000000,0.000000,0.000000,0.000000,0.000000,0.000000,0.000000,0.000000,0.000000,0.000000,0.000000,0.000000,0.000000,0.000000,42.000000,43.000000,42.000000,42.000000,43.000000,41.000000,42.000000,0.000000,0.000000,29.000000,27.000000,42.000000,38.000000,43.000000,42.000000,39.000000,22.000000,48.000000,49.000000,49.000000,49.000000,49.000000,49.000000,49.000000,48.000000,49.000000,49.000000,49.000000,49.000000,49.000000,49.000000,49.000000,28.000000,0.000000,29.000000,29.000000,29.000000,29.000000,29.000000,29.000000,29.000000,29.000000,29.000000,19.000000,29.000000,29.000000,29.000000,29.000000,29.000000,26.000000,30.000000,29.000000,26.000000,29.000000,0.000000,25.000000,28.000000,29.000000,28.000000,15.000000,29.000000,22.000000,18.000000,29.000000,31.000000,0.000000,4.000000,28.000000,28.000000,17.000000,28.000000,0.000000,1.000000,0.000000,6.000000,28.000000,18.000000,0.000000,28.000000,28.000000,13.000000,13.000000,13.000000,13.000000,13.000000,1.000000,13.000000,13.000000,13.000000,1.000000,13.000000,11.000000,12.000000,13.000000,1.000000,13.000000,18.000000,61.000000,61.000000,61.000000,57.000000,60.000000,61.000000,61.000000,60.000000,8.000000,61.000000,12.000000,61.000000,6.000000,61.000000,61.000000,43.000000,43.000000,43.000000,43.000000,43.000000,44.000000,43.000000,43.000000,43.000000,43.000000,40.000000,43.000000,38.000000,42.000000,43.000000,31.000000,42.000000,40.000000,42.000000,42.000000,42.000000,41.000000,42.000000,28.000000,42.000000,41.000000,42.000000,42.000000,41.000000,42.000000,42.000000,42.000000,41.000000,35.000000,41.000000,41.000000,41.000000,41.000000,41.000000,41.000000,41.000000,41.000000,41.000000,41.000000,39.000000,38.000000,41.000000,41.000000,20.000000,19.000000,19.000000,19.000000,19.000000,19.000000,19.000000,19.000000,19.000000,20.000000,19.000000,19.000000,21.000000,19.000000,19.000000,19.000000,1.000000,19.000000,12.000000,19.000000,2.000000,1.000000,19.000000,18.000000,14.000000,19.000000,19.000000,19.000000,19.000000,19.000000,19.000000,19.000000,0.000000,0.000000,0.000000,0.000000,0.000000,0.000000,0.000000,0.000000,0.000000,0.000000,0.000000,0.000000,0.000000,0.000000,0.000000,0.000000,0.000000,0.000000,0.000000,0.000000,0.000000,0.000000,0.000000,0.000000,0.000000,0.000000,0.000000,0.000000,0.000000,0.000000,0.000000,0.000000,0.000000,0.000000,0.000000,0.000000,0.000000,0.000000,0.000000,0.000000,0.000000,0.000000,0.000000,0.000000,0.000000,0.000000,0.000000,0.000000,46.000000,52.000000,28.000000,11.000000,51.000000,46.000000,47.000000,25.000000,14.000000,49.000000,21.000000,30.000000,38.000000,6.000000,29.000000,31.000000,59.000000,59.000000,59.000000,58.000000,56.000000,58.000000,56.000000,56.000000,58.000000,59.000000,58.000000,41.000000,61.000000,56.000000,59.000000,56.000000,37.000000,37.000000,37.000000,37.000000,37.000000,0.000000,19.000000,37.000000,0.000000,11.000000,3.000000,36.000000,11.000000,34.000000,24.000000,31.000000,44.000000,44.000000,44.000000,44.000000,30.000000,0.000000,44.000000,44.000000,44.000000,44.000000,44.000000,44.000000,44.000000,44.000000,44.000000,44.000000,32.000000,32.000000,32.000000,32.000000,32.000000,0.000000,0.000000,0.000000,5.000000,4.000000,0.000000,0.000000,2.000000,32.000000,0.000000,15.000000,0.000000,0.000000,0.000000,0.000000,0.000000,0.000000,0.000000,0.000000,0.000000,0.000000,0.000000,0.000000,0.000000,0.000000,0.000000,0.000000,29.000000,0.000000,46.000000,0.000000,0.000000,2.000000,0.000000,44.000000,39.000000,0.000000,47.000000,32.000000,0.000000,47.000000,44.000000,47.000000,0.000000,0.000000,0.000000,0.000000,0.000000,0.000000,0.000000,0.000000,0.000000,0.000000,0.000000,0.000000,0.000000,0.000000,0.000000,0.000000,24.000000,7.000000,0.000000,7.000000,24.000000,0.000000,25.000000,25.000000,0.000000,1.000000,3.000000,0.000000,11.000000,25.000000,8.000000,23.000000,44.000000,54.000000,7.000000,44.000000,53.000000,41.000000,27.000000,44.000000,0.000000,37.000000,24.000000,53.000000,44.000000,44.000000,39.000000,41.000000,0.000000,0.000000,0.000000,0.000000,0.000000,0.000000,0.000000,0.000000,0.000000,0.000000,0.000000,0.000000,0.000000,0.000000,0.000000,0.000000,0.000000,25.000000,18.000000,25.000000,12.000000,1.000000,24.000000,0.000000,31.000000,25.000000,0.000000,12.000000,19.000000,24.000000,2.000000,5.000000,63.000000,1.000000,17.000000,64.000000,64.000000,0.000000,4.000000,63.000000,54.000000,4.000000,2.000000,61.000000,54.000000,1.000000,63.000000,59.000000,0.000000,1.000000,10.000000,51.000000,50.000000,19.000000,2.000000,15.000000,6.000000,0.000000,1.000000,6.000000,2.000000,51.000000,51.000000,51.000000,0.000000,3.000000,0.000000,0.000000,26.000000,0.000000,0.000000,0.000000,0.000000,6.000000,0.000000,0.000000,0.000000,0.000000,4.000000,6.000000,27.000000,0.000000,37.000000,0.000000,6.000000,0.000000,0.000000,0.000000,2.000000,54.000000,0.000000,0.000000,43.000000,78.000000,10.000000,2.000000,0.000000,0.000000,0.000000,0.000000,0.000000,0.000000,0.000000,0.000000,0.000000,0.000000,0.000000,0.000000,0.000000,0.000000,0.000000,0.000000
    Burst Duration - Avg (sec),0.061783,0.327271,0.070460,0.100016,0.109579,0.046981,0.090396,0.082609,0.095362,0.040480,0.068176,0.071167,0.023904,0.068322,0.067934,0.069168, , , , , , , , , , , , , , , , , ,0.175973,0.152154,0.173618,0.179870,0.187268,0.075759, , , ,0.176447,0.152103,0.071481,0.116479,0.192899,0.200819,0.039042, ,0.045040,0.074370, ,0.082097,0.015160,0.063072,0.086985,0.085855, ,0.103714,0.064845, ,0.073694, ,0.088128,0.080307,0.051671,0.089055, ,0.082395,0.063009,0.075344, ,0.087432,0.091899,0.084582,0.070709,0.077650,0.102184,0.081665, ,0.105812,0.113138,0.102640, ,0.107621, , ,0.075800,0.116003,0.029920,0.086448,0.029040,0.065040, ,0.080500, , , , , , , , , , , , , , , , , , , , , , , , , , , , , , , , ,0.130878,0.095297,0.042869,0.057915,0.118419,0.105514,0.044771,0.100194,0.033350,0.109062,0.036621,0.130797, ,0.044335,0.127151, ,0.066760,0.076513,0.084218,0.149349,0.155669,0.064824,0.167016,0.031360,0.152889,0.169927,0.083662,0.109318,0.142798,0.060580,0.039640,0.181182, , , , , , , , , , , , , , , , ,0.077224,0.211638,0.064357,0.096722,0.198395,0.135510,0.067477,0.194671,0.065649,0.022560,0.205410,0.080367,0.044398,0.134339,0.087177,0.206612, , , , , , , , , , , , , , , , , , , , , , , ,0.282427, , , , , , ,0.416720, ,0.086084,0.053271,0.045523,0.084293,0.061551, ,0.054252, ,0.040453,0.070807,0.081930,0.073986, , ,0.064169, , , , , , , , , , , , , , , , , ,0.123661,0.125892,0.101650,0.135324,0.122314,0.094137,0.115263, , ,0.071843,0.056071,0.121425,0.075832,0.096134,0.083105,0.076010,0.030473,0.040172,0.055378,0.252808,0.122790,0.048392,0.259140,0.294735,0.036305,0.301228,0.105252,0.069878,0.297513,0.266591,0.250687,0.060323,0.058297, ,0.273586,0.354279,0.242850,0.067548,0.309846,0.091903,0.324033,0.285263,0.306337,0.058442,0.060372,0.070017,0.231459,0.329694,0.220858,0.048874,0.235477,0.274670,0.049172,0.108345, ,0.066352,0.097691,0.163652,0.051514,0.407312,0.119537,0.042022,0.050969,0.109989,1.275618, ,0.050700,0.116014,0.278560,0.035275,0.252823, ,0.020240, ,0.036573,0.136851,0.042431, ,0.068754,0.278411,0.105637,0.146948,0.122738,0.119766,0.058449,0.061200,0.137637,0.126480,0.095268,0.064960,0.176449,0.060960,0.712147,0.193662,0.048400,0.064258,0.050947,0.079163,0.053279,0.056952,0.098907,0.048584,0.045948,0.058338,0.052645,0.025450,0.078355,0.029907,0.078838,0.035013,0.071831,0.092341,0.106595,0.060458,0.108917,0.078028,0.099107,0.097193,0.079518,0.062925,0.098839,0.082337,0.051696,0.087725,0.057196,0.067943,0.084941,0.060963,0.223192,0.193732,0.271067,0.448962,0.216996,0.156388,0.266731,0.239011,0.458091,0.218929,0.453116,0.208888,0.127996,0.224505,0.251145,0.214042,0.287440,0.042032,0.274800,0.152164,0.310687,0.252697,0.258581,0.154051,0.246041,0.268113,0.290382,0.271177,0.037422,0.038417,0.257932,0.279873,0.355564,0.408859,0.136303,0.215945,0.184611,0.425149,0.047558,0.154240,0.290800,0.372940,0.387832,0.158994,0.333897,0.393394,0.138640,0.162876,0.066160,0.142232,0.035313,0.064989,0.022480,0.016960,0.067672,0.038636,0.040303,0.130379,0.135133,0.037419,0.073263,0.185175,0.109608,0.166400, , , , , , , , , , , , , , , , , , , , , , , , , , , , , , , , , , , , , , , , , , , , , , , , ,0.091657,0.143385,0.057611,0.053127,0.100256,0.078602,0.051568,0.074454,0.061537,0.102191,0.091573,0.070288,0.068284,0.075067,0.073068,0.063850,0.111725,0.115246,0.107117,0.112488,0.108567,0.100532,0.115009,0.113266,0.114459,0.106725,0.114738,0.097764,0.153599,0.116443,0.111059,0.242043,0.142050,0.103170,0.150231,0.113762,0.125888, ,0.070375,0.142363, ,0.023404,0.040213,0.102698,0.222582,0.098294,0.079373,0.082065,0.140002,0.151135,0.143109,0.104749,0.118475, ,0.138989,0.146096,0.164238,0.171771,0.048505,0.138476,0.072140,0.128251,0.150438,0.152371,0.115685,0.068333,0.063075,0.116165,0.085830, , , ,0.054032,0.021040, , ,0.028520,0.072340, ,0.089600, , , , , , , , , , , , , , , , ,0.072789, ,0.095628, , ,0.027880, ,0.063313,0.106281, ,0.133651,0.044265, ,0.057110,0.084671,0.091392, , , , , , , , , , , , , , , , ,0.058407,0.123531, ,0.034891,0.065127, ,0.102784,0.102474, ,0.024720,0.046293, ,0.107244,0.056976,0.070560,0.094414,0.215518,0.118068,0.222731,0.222827,0.126753,0.222016,0.206237,0.288407, ,0.210960,0.234613,0.133294,0.188055,0.253169,0.203481,0.297577, , , , , , , , , , , , , , , , , ,0.136848,0.116222,0.103878,0.079193,0.101360,0.130377, ,0.141781,0.128317, ,0.091233,0.105836,0.157853,0.101640,0.034640,0.087897,0.030080,0.037228,0.115199,0.090184, ,0.014820,0.094664,0.116809,0.022740,0.031320,0.099948,0.066567,0.020720,0.084085,0.050796, ,0.021840,0.033680,0.084365,0.134174,0.052299,0.104320,0.069819,0.031640, ,0.032720,0.038960,0.047000,0.176507,0.173445,0.182207, ,0.663627, , ,0.163695, , , , ,0.095227, , , , ,0.046800,0.205787,0.104513, ,0.073857, ,0.106240, , , ,0.228000,0.126984, , ,0.084415,0.119956,0.105584,0.034560, , , , , , , , , , , , , , , , 
    Burst Duration - Std (sec),0.085019,0.364921,0.143442,0.168125,0.160570,0.070003,0.106079,0.144739,0.153032,0.083317,0.170995,0.159885,0.009501,0.103968,0.139315,0.137609, , , , , , , , , , , , , , , , , ,0.258473,0.162120,0.255241,0.274848,0.278399,0.023986, , , ,0.283978,0.235333,0.043871,0.175977,0.282051,0.293276,0.019653, ,0.036726,0.036922, ,0.036832,0.006279,0.027980,0.044387,0.035190, ,0.034150,0.039083, ,0.047079, ,0.054892,0.045127,0.039352,0.077425, ,0.060015,0.035257,0.049044, ,0.045515,0.065996,0.059304,0.048598,0.063843,0.056942,0.070438, ,0.099957,0.104032,0.091253, ,0.091888, , ,0.106069,0.093587, ,0.096290, , , ,0.096682, , , , , , , , , , , , , , , , , , , , , , , , , , , , , , , , ,0.214085,0.206592,0.028288,0.099651,0.258178,0.225011,0.054418,0.168654,0.023360,0.161134,0.050766,0.216610, ,0.038786,0.204034, ,0.017801,0.012070,0.017999,0.243411,0.239321,0.009463,0.270525, ,0.271992,0.269561,0.015599,0.077120,0.256938,0.011815,0.001867,0.268008, , , , , , , , , , , , , , , , ,0.015500,0.288922,0.031241,0.025552,0.292035,0.236046,0.018115,0.286613,0.010459, ,0.272694,0.026904,0.014033,0.186778,0.040786,0.279582, , , , , , , , , , , , , , , , , , , , , , , ,0.305583, , , , , , ,0.380297, ,0.014383,0.013004,0.017959,0.137091,0.019316, ,0.017977, ,0.023220,0.026009,0.017339,0.013343, , ,0.012862, , , , , , , , , , , , , , , , , ,0.113850,0.126500,0.091040,0.134745,0.123761,0.068138,0.134581, , ,0.081217,0.039481,0.139589,0.091244,0.091174,0.057575,0.058444,0.010841,0.010759,0.009742,0.327800,0.179053,0.014898,0.349182,0.351938,0.013624,0.339201,0.097224,0.116487,0.304352,0.337718,0.323769,0.010254,0.015536, ,0.406261,0.339055,0.355292,0.019468,0.440593,0.051568,0.406053,0.382000,0.430907,0.013028,0.030070,0.017730,0.194024,0.426434,0.387314,0.015582,0.398672,0.405500,0.012585,0.177608, ,0.011118,0.179835,0.285643,0.010215,0.536405,0.171160,0.018508,0.020170,0.172534,1.382679, ,0.053557,0.242952,0.361382,0.021025,0.424166, , , ,0.016717,0.148105,0.016663, ,0.033053,0.416524,0.054580,0.088994,0.073895,0.058755,0.022377, ,0.074387,0.091513,0.071244, ,0.086978,0.038441,1.933399,0.106002, ,0.043234,0.017426,0.015989,0.014990,0.010112,0.035089,0.009982,0.009672,0.011383,0.010488,0.017488,0.011281,0.012795,0.010999,0.016685,0.011207,0.012730,0.057573,0.025024,0.058486,0.044466,0.063877,0.065891,0.034129,0.035493,0.047987,0.036043,0.026848,0.044232,0.032034,0.035831,0.047967,0.040646,0.325958,0.330911,0.300311,0.348107,0.339004,0.239937,0.346672,0.325283,0.359514,0.271913,0.341184,0.332980,0.217800,0.344778,0.331882,0.333505,0.352208,0.013104,0.339886,0.212719,0.354814,0.356548,0.358930,0.177722,0.339653,0.347810,0.343175,0.344234,0.012500,0.013600,0.350336,0.330582,0.470235,0.518522,0.229334,0.305822,0.308422,0.509359,0.021029,0.241422,0.351776,0.490925,0.519510,0.261136,0.436128,0.500535,0.241453,0.263179, ,0.153833,0.019288,0.027988,0.013463, ,0.022761,0.024553,0.019465,0.166052,0.148599,0.017596,0.022516,0.162823,0.149090,0.156466, , , , , , , , , , , , , , , , , , , , , , , , , , , , , , , , , , , , , , , , , , , , , , , , ,0.056795,0.084754,0.026465,0.019845,0.078548,0.066436,0.017565,0.037243,0.058965,0.085599,0.066996,0.031300,0.042920,0.062672,0.027195,0.031549,0.160595,0.161743,0.145357,0.201279,0.214772,0.150722,0.235912,0.226706,0.173658,0.149182,0.170853,0.217991,0.157361,0.233908,0.188765,0.204171,0.225548,0.127534,0.220294,0.170116,0.217364, ,0.114794,0.230497, ,0.008895,0.016948,0.231859,0.318113,0.139900,0.047730,0.151399,0.221422,0.221875,0.224237,0.166311,0.184122, ,0.220980,0.221514,0.221540,0.213342,0.016811,0.219994,0.036622,0.224840,0.221078,0.215949,0.036040,0.059590,0.009795,0.091276,0.094753, , , ,0.005992,0.005033, , ,0.012049,0.031801, ,0.122953, , , , , , , , , , , , , , , , ,0.020856, ,0.166044, , ,0.025286, ,0.103207,0.147056, ,0.169897,0.015739, ,0.029285,0.111517,0.101416, , , , , , , , , , , , , , , , ,0.031102,0.162037, ,0.014555,0.057419, ,0.140464,0.135608, , ,0.011804, ,0.210029,0.046973,0.037809,0.141697,0.340038,0.081494,0.335950,0.347316,0.131005,0.339742,0.293767,0.277768, ,0.339268,0.332110,0.129784,0.302081,0.358304,0.325228,0.349495, , , , , , , , , , , , , , , , , ,0.076487,0.064501,0.055570,0.036314, ,0.092818, ,0.112740,0.080681, ,0.072473,0.066456,0.129045,0.002998,0.015104,0.037944, ,0.020263,0.126177,0.106844, ,0.004599,0.117708,0.144740,0.004594,0.018724,0.121861,0.025278, ,0.130899,0.017803, , ,0.015018,0.023427,0.221189,0.010812,0.042766,0.045799,0.005817, , ,0.009020,0.001414,0.205022,0.196981,0.205725, ,0.812123, , ,0.075277, , , , ,0.047778, , , , ,0.028320,0.047926,0.052390, ,0.031746, ,0.047664, , , ,0.005770,0.048404, , ,0.031437,0.059322,0.040637,0.007467, , , , , , , , , , , , , , , , 
    Number of Spikes per Burst - Avg,9.743590,18.891304,15.560976,19.219512,23.170732,7.200000,13.560976,16.219512,21.341463,7.410256,12.365854,12.829268,5.647059,10.731707,15.829268,9.837838, , , , , , , , , , , , , , , , , ,21.592593,6.785714,22.796296,27.074074,23.500000,12.981481, , , ,27.166667,11.403846,11.351852,16.074074,31.944444,16.212766,7.974359, ,5.400000,10.595238, ,12.761905,4.000000,10.142857,15.642857,20.071429, ,24.452381,7.270270, ,8.641026, ,6.933333,11.187500,7.714286,12.520833, ,14.800000,9.795918,14.340000, ,22.120000,21.480000,11.460000,15.020000,15.460000,24.140000,14.244898, ,9.666667,9.522727,12.653061, ,19.816327, , ,6.605263,15.489796,4.000000,8.791667,4.000000,5.000000, ,9.958333, , , , , , , , , , , , , , , , , , , , , , , , , , , , , , , , ,24.510638,14.127660,7.093023,5.250000,9.000000,9.857143,6.500000,12.106383,6.523810,19.042553,5.800000,24.063830, ,5.961538,22.531915, ,12.944444,18.888889,20.194444,23.777778,18.972222,15.916667,29.583333,4.000000,23.750000,36.277778,20.083333,24.194444,22.305556,13.000000,4.500000,31.388889, , , , , , , , , , , , , , , , ,14.521739,19.543478,9.826087,14.478261,20.695652,16.695652,11.347826,18.913043,17.543478,4.000000,27.673913,15.195652,8.222222,7.655172,20.000000,28.043478, , , , , , , , , , , , , , , , , , , , , , , ,6.166667, , , , , , ,7.250000, ,13.677419,5.444444,5.600000,7.943396,11.387097, ,8.650000, ,4.833333,9.383333,17.258065,17.854839, , ,14.225806, , , , , , , , , , , , , , , , , ,26.547619,26.883721,19.785714,27.333333,28.767442,15.878049,13.547619, , ,6.379310,6.000000,18.428571,8.815789,17.558140,16.000000,12.025641,5.500000,8.708333,11.897959,24.408163,22.448980,11.428571,23.632653,39.469388,7.979167,28.836735,20.163265,9.530612,59.061224,19.571429,31.163265,13.428571,8.535714, ,18.896552,19.620690,16.689655,9.965517,28.275862,11.448276,45.931034,24.689655,36.517241,5.894737,8.137931,13.310345,20.965517,31.379310,16.793103,7.038462,26.533333,22.758621,6.653846,14.379310, ,6.040000,8.678571,20.724138,8.000000,9.333333,21.137931,5.590909,6.277778,19.620690,17.096774, ,4.750000,18.071429,29.000000,5.176471,29.535714, ,4.000000, ,5.000000,21.178571,5.333333, ,11.857143,24.250000,21.538462,31.307692,26.923077,15.615385,12.230769,4.000000,17.000000,23.615385,14.615385,4.000000,27.076923,7.454545,18.750000,39.769231,4.000000,9.615385,5.444444,18.000000,8.983607,13.311475,9.192982,9.400000,10.393443,12.557377,9.283333,4.250000,17.327869,4.666667,20.180328,5.000000,17.508197,20.885246,29.046512,12.790698,30.302326,19.069767,24.651163,24.204545,17.162791,10.069767,24.302326,18.976744,7.750000,22.651163,7.631579,9.166667,22.465116,7.064516,43.904762,15.475000,28.761905,65.952381,24.595238,13.170732,30.476190,9.464286,74.190476,15.902439,43.166667,33.857143,11.975610,25.380952,40.071429,40.047619,43.853659,7.142857,27.121951,15.975610,30.024390,23.585366,39.487805,26.024390,28.268293,30.365854,26.121951,40.317073,7.717949,7.921053,36.439024,50.682927,39.800000,37.263158,16.263158,16.736842,20.526316,43.578947,8.578947,15.947368,17.947368,46.350000,18.684211,15.526316,52.380952,39.789474,15.473684,18.421053,4.000000,13.526316,5.500000,10.578947,4.000000,4.000000,10.368421,5.777778,5.857143,9.789474,22.000000,6.842105,13.368421,21.947368,10.947368,30.526316, , , , , , , , , , , , , , , , , , , , , , , , , , , , , , , , , , , , , , , , , , , , , , , , ,14.065217,36.403846,7.392857,5.545455,20.647059,13.760870,9.914894,7.080000,6.071429,25.551020,8.380952,7.500000,9.315789,5.500000,7.206897,7.354839,28.423729,27.830508,28.457627,22.706897,14.482143,22.913793,17.285714,12.089286,23.448276,27.779661,23.862069,7.243902,39.426230,15.053571,24.542373,19.089286,32.324324,18.378378,29.675676,15.324324,20.378378, ,5.842105,30.486486, ,4.636364,4.000000,8.333333,8.181818,8.529412,7.625000,8.612903,21.909091,27.000000,25.613636,14.000000,6.866667, ,20.568182,17.909091,30.863636,42.022727,11.181818,24.818182,14.522727,20.522727,26.977273,25.931818,18.937500,9.250000,14.281250,12.937500,13.750000, , , ,5.200000,4.500000, , ,4.000000,12.718750, ,6.333333, , , , , , , , , , , , , , , , ,6.206897, ,9.239130, , ,5.000000, ,7.022727,9.102564, ,25.617021,5.968750, ,9.148936,8.454545,11.659574, , , , , , , , , , , , , , , , ,8.916667,6.142857, ,4.142857,8.333333, ,16.040000,22.720000, ,4.000000,4.333333, ,6.454545,8.200000,6.500000,7.869565,21.431818,25.314815,5.714286,19.181818,26.226415,21.731707,11.185185,26.454545, ,16.702703,8.916667,29.301887,12.204545,18.659091,12.205128,26.243902, , , , , , , , , , , , , , , , , ,27.360000,14.722222,17.240000,7.416667,7.000000,16.416667, ,30.193548,14.920000, ,7.916667,15.315789,19.500000,5.500000,4.400000,16.158730,4.000000,5.529412,22.718750,16.359375, ,4.500000,15.079365,9.592593,4.250000,4.000000,12.459016,8.333333,4.000000,12.523810,9.779661, ,4.000000,5.000000,16.705882,14.080000,5.842105,5.000000,6.133333,4.666667, ,5.000000,5.333333,4.500000,30.588235,25.588235,28.274510, ,7.333333, , ,24.269231, , , , ,5.500000, , , , ,4.500000,7.000000,7.518519, ,7.000000, ,5.833333, , , ,6.500000,9.981481, , ,8.279070,24.166667,6.300000,4.500000, , , , , , , , , , , , , , , , 
    Number of Spikes per Burst - Std,3.877859,11.491501,14.911487,23.611980,23.002068,1.967381,8.851691,10.659531,23.395095,3.159930,11.026686,6.292465,1.228015,3.457054,11.168936,7.380581, , , , , , , , , , , , , , , , , ,13.772434,2.190138,15.198535,28.317507,22.321620,2.551291, , , ,35.092197,7.849715,4.075502,7.231618,32.027946,15.732735,2.133532, ,0.966092,2.295909, ,3.887500,0.000000,2.992441,5.699043,4.592639, ,4.779031,1.726407, ,1.677830, ,1.944467,3.546987,2.320895,6.881952, ,7.053730,4.010297,6.678048, ,9.142054,10.975371,5.973445,6.738528,8.000536,10.495888,7.358472, ,2.066278,2.017235,2.586431, ,3.395300, , ,1.326232,2.993900, ,1.749873, , , ,2.249901, , , , , , , , , , , , , , , , , , , , , , , , , , , , , , , , ,25.149875,19.531042,1.961704,1.653280,8.736895,8.786274,1.927749,10.185740,1.851013,11.890730,1.808028,23.408847, ,1.684773,17.485212, ,2.216103,2.226821,3.258566,10.607574,6.971313,1.679711,15.181521, ,8.205834,31.113260,2.075366,3.560252,9.334481,1.867007,0.707107,19.237282, , , , , , , , , , , , , , , , ,1.773122,14.075521,1.595888,2.465217,7.865168,5.094091,1.934682,7.910123,1.642580, ,14.121779,2.017915,1.593864,2.881912,2.943920,17.235566, , , , , , , , , , , , , , , , , , , , , , , ,0.983192, , , , , , ,2.061553, ,1.772043,0.726483,0.894427,1.680374,2.167985, ,1.493772, ,0.752773,1.983762,3.061851,2.071246, , ,2.363794, , , , , , , , , , , , , , , , , ,11.380776,16.205833,10.277932,14.661492,15.971458,6.652801,7.503503, , ,1.449478,1.414214,11.890030,3.431612,9.649333,6.351493,4.613979,1.057850,1.725384,1.782378,20.124527,10.618500,1.914854,18.642127,32.540425,1.480218,16.299728,3.704428,2.372604,53.722438,9.613359,22.954980,1.645701,1.773929, ,12.893367,8.583264,7.106855,2.321987,22.224338,2.501231,28.684156,14.827830,33.371952,1.048530,2.150152,1.947589,4.066262,22.176909,6.149212,1.636601,15.845664,9.474233,1.412581,2.691439, ,0.978093,2.326236,5.681402,1.586984,6.388233,4.801221,1.098011,1.319784,4.345883,10.584123, ,1.500000,5.429198,19.838235,1.424574,24.827527, , , ,1.264911,5.799448,1.084652, ,2.889499,13.354497,8.120092,16.398092,11.757703,2.433737,3.491749, ,6.831301,10.751267,5.091471, ,9.286743,2.381749,10.584079,17.335675, ,2.724532,0.783823,1.991649,1.477518,1.727628,1.608444,1.842989,1.519635,1.765640,1.378917,0.462910,1.362856,0.778499,1.821247,0.632456,1.669560,1.799059,11.040949,3.158949,13.081311,6.723786,10.734643,12.613355,4.820246,2.120145,7.790516,5.993998,1.409674,7.080771,2.123499,2.801713,9.106117,1.860743,57.026228,15.654912,21.495104,48.114676,26.189795,7.113025,32.945808,6.094820,49.367333,6.988580,23.820381,45.878722,6.578327,27.153540,47.637551,50.759573,42.621333,1.417181,17.488847,6.022822,17.087258,20.284200,38.675006,15.813741,22.626339,20.492384,17.042880,31.318875,1.791041,1.600364,32.779604,48.575425,26.257029,28.315371,5.053515,5.743035,8.388937,30.266072,1.773753,5.729783,7.691797,36.792841,12.133757,5.326750,46.559077,35.425319,5.357948,9.435841, ,4.426792,1.314257,1.835326,0.000000, ,1.770453,1.003263,1.292412,2.954826,7.965202,1.641922,2.629122,7.314170,2.592161,11.715936, , , , , , , , , , , , , , , , , , , , , , , , , , , , , , , , , , , , , , , , , , , , , , , , ,5.964347,18.340205,1.987727,1.128152,9.410257,5.933651,3.229146,2.596793,1.940035,16.403837,4.018410,2.239920,3.457114,1.048809,1.698304,2.302873,29.216908,28.103351,32.864572,23.267332,9.265755,24.510853,14.884665,6.402490,21.685287,29.836952,22.218570,3.693105,31.299872,9.239086,25.358344,9.710869,34.631436,8.015095,32.679465,7.524235,22.006756, ,1.572795,37.125629, ,0.809040,0.000000,5.796551,5.418822,2.608091,3.359768,3.527770,15.684118,15.708093,22.537014,3.833755,2.473770, ,11.186366,9.412555,19.213114,38.880550,1.781986,23.563149,2.415922,17.214770,21.967723,14.856520,2.939580,2.396234,1.727097,4.134337,6.334748, , , ,0.447214,0.577350, , ,0.000000,1.971316, ,2.093072, , , , , , , , , , , , , , , , ,0.940338, ,2.717718, , ,1.414214, ,1.797785,2.845078, ,17.356308,1.256836, ,1.829454,2.415594,2.539057, , , , , , , , , , , , , , , , ,2.842483,1.676163, ,0.377964,1.685402, ,10.329892,17.140401, , ,0.577350, ,3.297382,3.188521,1.772811,3.769547,19.580956,13.567197,2.058663,17.438627,20.357990,21.730191,8.095759,17.793982, ,15.396365,4.548451,22.273289,7.219417,13.492363,8.862041,16.936323, , , , , , , , , , , , , , , , , ,15.326665,6.977321,8.926926,2.314316, ,9.912297, ,21.392241,7.740155, ,2.843120,8.498710,12.813037,2.121320,0.547723,4.458433, ,0.874475,15.100162,6.815871, ,0.577350,5.271046,2.219285,0.500000,0.000000,6.471923,1.492118, ,3.104924,2.134025, , ,0.942809,2.678015,11.538472,0.834210,0.000000,1.187234,0.816497, , ,0.516398,0.707107,25.551655,18.579749,21.362658, ,2.309401, , ,10.562415, , , , ,0.547723, , , , ,1.000000,1.264911,1.847459, ,1.509231, ,0.752773, , , ,0.707107,2.573381, , ,1.893920,10.589650,1.059350,0.707107, , , , , , , , , , , , , , , , 
    Mean ISI within Burst - Avg (sec),0.006051,0.016751,0.004044,0.004943,0.004418,0.006568,0.006404,0.004615,0.004167,0.005095,0.004391,0.004641,0.005109,0.006023,0.003720,0.006383, , , , , , , , , , , , , , , , , ,0.006119,0.022047,0.005741,0.005193,0.006194,0.006332, , , ,0.005251,0.010072,0.006532,0.006061,0.004714,0.009372,0.005412, ,0.009954,0.007592, ,0.007013,0.005053,0.006853,0.005907,0.004400, ,0.004378,0.010229, ,0.009401, ,0.014022,0.007693,0.007146,0.007340, ,0.005630,0.007130,0.005508, ,0.004024,0.004279,0.007907,0.004821,0.004982,0.004310,0.005887, ,0.011508,0.012847,0.008396, ,0.005443, , ,0.012367,0.007662,0.009973,0.010380,0.009680,0.016260, ,0.008384, , , , , , , , , , , , , , , , , , , , , , , , , , , , , , , , ,0.004384,0.004885,0.006619,0.010425,0.007799,0.007058,0.007231,0.006659,0.005835,0.004750,0.006266,0.004424, ,0.008184,0.004542, ,0.005599,0.004298,0.004390,0.005245,0.007192,0.004351,0.004672,0.010453,0.005260,0.004007,0.004381,0.004539,0.005176,0.005096,0.011507,0.004962, , , , , , , , , , , , , , , , ,0.005752,0.008416,0.007184,0.007211,0.007538,0.006679,0.006575,0.007950,0.003969,0.007520,0.005849,0.005626,0.006260,0.015382,0.004489,0.005711, , , , , , , , , , , , , , , , , , , , , , , ,0.051146, , , , , , ,0.061591, ,0.006821,0.011950,0.009787,0.010937,0.005866, ,0.007127, ,0.010533,0.008354,0.005076,0.004388, , ,0.004880, , , , , , , , , , , , , , , , , ,0.004406,0.004404,0.005031,0.004581,0.004058,0.005959,0.007878, , ,0.012048,0.010625,0.006069,0.008496,0.005418,0.005255,0.006329,0.006829,0.005323,0.005142,0.007782,0.004669,0.004626,0.007779,0.005865,0.005185,0.008197,0.005088,0.007059,0.004666,0.010213,0.006066,0.004881,0.007863, ,0.010322,0.016733,0.011204,0.007597,0.007963,0.008554,0.005483,0.008753,0.006256,0.012273,0.008416,0.005679,0.010872,0.008195,0.009885,0.008221,0.006170,0.009370,0.008884,0.007185, ,0.013488,0.010645,0.006680,0.007599,0.031030,0.005220,0.009231,0.009654,0.005115,0.055260, ,0.011453,0.005480,0.007440,0.008476,0.005858, ,0.006747, ,0.009762,0.005941,0.009987, ,0.006194,0.008176,0.004983,0.004754,0.004537,0.008172,0.005152,0.020400,0.008483,0.005219,0.006406,0.021653,0.006621,0.008695,0.021790,0.004836,0.016133,0.006982,0.011428,0.004658,0.006802,0.004652,0.011883,0.005877,0.004900,0.005107,0.006461,0.007503,0.004814,0.008075,0.004115,0.008616,0.004363,0.004659,0.003722,0.005026,0.003670,0.004146,0.004056,0.004160,0.004805,0.006633,0.004112,0.004474,0.007550,0.003940,0.008320,0.008061,0.003838,0.009508,0.004588,0.007232,0.007416,0.006361,0.006308,0.009185,0.007613,0.019291,0.005602,0.011217,0.009374,0.005066,0.008161,0.006435,0.006006,0.004235,0.005495,0.006857,0.007757,0.007910,0.007941,0.007912,0.004914,0.005236,0.006419,0.006714,0.008418,0.005212,0.005690,0.005601,0.005331,0.004883,0.006602,0.007911,0.006823,0.010423,0.007045,0.007267,0.006164,0.007979,0.013299,0.005844,0.014148,0.008348,0.004814,0.007426,0.007069,0.006930,0.022053,0.010353,0.007580,0.006664,0.007493,0.005653,0.007289,0.007851,0.008193,0.013304,0.005676,0.006483,0.005906,0.007833,0.010381,0.005091, , , , , , , , , , , , , , , , , , , , , , , , , , , , , , , , , , , , , , , , , , , , , , , , ,0.006977,0.004051,0.008965,0.011881,0.005001,0.005886,0.005985,0.012184,0.010896,0.004159,0.011886,0.010717,0.008145,0.016117,0.011859,0.009839,0.003624,0.003879,0.003671,0.004146,0.005566,0.004005,0.004861,0.006933,0.004396,0.003622,0.004327,0.009673,0.003789,0.005660,0.003975,0.011731,0.003808,0.005457,0.004674,0.006271,0.005242, ,0.012106,0.004222, ,0.006521,0.013404,0.008421,0.019926,0.011090,0.011584,0.008557,0.005066,0.004532,0.004522,0.006491,0.015152, ,0.005322,0.006387,0.004449,0.003771,0.004701,0.004594,0.005164,0.004749,0.004652,0.004869,0.006410,0.007833,0.004771,0.009088,0.006074, , , ,0.012909,0.006245, , ,0.009507,0.006054, ,0.014250, , , , , , , , , , , , , , , , ,0.014012, ,0.009479, , ,0.006243, ,0.009092,0.011141, ,0.004722,0.008955, ,0.006869,0.010114,0.008000, , , , , , , , , , , , , , , , ,0.007260,0.020526, ,0.010981,0.008364, ,0.005882,0.004105, ,0.008240,0.013793, ,0.012656,0.007143,0.013031,0.011766,0.007157,0.004687,0.033009,0.007747,0.004571,0.007120,0.012867,0.009538, ,0.008417,0.019522,0.004267,0.010819,0.009585,0.011322,0.008767, , , , , , , , , , , , , , , , , ,0.005406,0.009344,0.006633,0.012418,0.016893,0.008922, ,0.005036,0.009336, ,0.012222,0.007646,0.008898,0.025233,0.009991,0.005652,0.010027,0.008329,0.004724,0.005231, ,0.004212,0.005993,0.012242,0.007007,0.010440,0.007480,0.009095,0.006907,0.006669,0.005769, ,0.007280,0.008196,0.005363,0.007532,0.011075,0.026080,0.012901,0.009166, ,0.008180,0.009125,0.013750,0.005421,0.006167,0.005911, ,0.085278, , ,0.007224, , , , ,0.020759, , , , ,0.012659,0.034227,0.015456, ,0.011958, ,0.021618, , , ,0.041732,0.014054, , ,0.011534,0.005232,0.019746,0.010300, , , , , , , , , , , , , , , , 
    Mean ISI within Burst - Std (sec),0.003013,0.014448,0.000967,0.001572,0.001195,0.004940,0.002881,0.001393,0.001059,0.003153,0.002032,0.002879,0.001501,0.003553,0.001292,0.002635, , , , , , , , , , , , , , , , , ,0.003966,0.016807,0.003456,0.001725,0.002514,0.001543, , , ,0.001429,0.006898,0.001482,0.004402,0.001657,0.005206,0.001739, ,0.006995,0.002933, ,0.002537,0.002093,0.001687,0.001608,0.000820, ,0.000743,0.004722, ,0.004590, ,0.005068,0.002021,0.002968,0.003190, ,0.001446,0.001561,0.001618, ,0.000602,0.000705,0.002612,0.000972,0.001099,0.000976,0.001970, ,0.004522,0.006339,0.003357, ,0.002173, , ,0.009950,0.002898, ,0.005870, , , ,0.004690, , , , , , , , , , , , , , , , , , , , , , , , , , , , , , , , ,0.001384,0.001970,0.002719,0.012660,0.007018,0.005614,0.005611,0.003401,0.003110,0.002188,0.004690,0.001409, ,0.005653,0.001828, ,0.001083,0.000587,0.000543,0.003040,0.004331,0.000453,0.002353, ,0.004333,0.001027,0.000593,0.001833,0.003865,0.000887,0.001791,0.001759, , , , , , , , , , , , , , , , ,0.001120,0.004920,0.002739,0.001485,0.007029,0.007369,0.001605,0.007215,0.000487, ,0.003784,0.001413,0.001880,0.014120,0.001265,0.003233, , , , , , , , , , , , , , , , , , , , , , , ,0.048952, , , , , , ,0.040904, ,0.000901,0.001982,0.003069,0.008591,0.001168, ,0.002110, ,0.005536,0.002085,0.000818,0.000558, , ,0.000687, , , , , , , , , , , , , , , , , ,0.001537,0.001492,0.001469,0.001700,0.001725,0.001759,0.004645, , ,0.010354,0.005733,0.003297,0.006797,0.001892,0.001766,0.002412,0.002230,0.001470,0.000865,0.004619,0.002386,0.001074,0.005518,0.003555,0.001533,0.004751,0.002830,0.007156,0.001457,0.008863,0.003816,0.000717,0.001868, ,0.007986,0.007280,0.010634,0.001558,0.004507,0.002876,0.003004,0.005742,0.002758,0.003286,0.003857,0.001009,0.006017,0.004087,0.012015,0.002354,0.005268,0.009388,0.002062,0.007272, ,0.002704,0.009906,0.007177,0.001904,0.032618,0.003787,0.004210,0.003256,0.004149,0.041335, ,0.007068,0.006313,0.004039,0.004567,0.003662, , , ,0.005432,0.003558,0.003807, ,0.001762,0.007578,0.000641,0.000693,0.000613,0.003338,0.000919, ,0.002822,0.001146,0.002677, ,0.001461,0.003501,0.045763,0.000767, ,0.002415,0.003473,0.000767,0.002166,0.000745,0.003916,0.000984,0.000772,0.001018,0.001431,0.003972,0.000704,0.002715,0.000484,0.003777,0.000619,0.000635,0.000522,0.001165,0.000330,0.000795,0.000585,0.000753,0.000788,0.002419,0.000620,0.000635,0.003366,0.000660,0.003453,0.002338,0.000486,0.004727,0.000903,0.006275,0.003520,0.002325,0.003153,0.007940,0.006297,0.017537,0.001866,0.008767,0.003158,0.001384,0.008647,0.002782,0.003352,0.001066,0.002643,0.001756,0.004809,0.006400,0.005305,0.004134,0.001984,0.002464,0.003410,0.003887,0.005686,0.002357,0.001680,0.001511,0.002255,0.000978,0.004097,0.005260,0.007459,0.011385,0.006388,0.004326,0.001726,0.007040,0.010590,0.003211,0.012913,0.008533,0.001980,0.005129,0.007524,0.005070, ,0.004555,0.003440,0.001807,0.004488, ,0.002255,0.004353,0.003115,0.007945,0.002384,0.002870,0.001021,0.003684,0.009705,0.001603, , , , , , , , , , , , , , , , , , , , , , , , , , , , , , , , , , , , , , , , , , , , , , , , ,0.002229,0.000838,0.002279,0.004429,0.001692,0.001920,0.001516,0.003876,0.005591,0.001073,0.003798,0.003705,0.003397,0.011792,0.003388,0.003045,0.000583,0.000564,0.000646,0.001213,0.003898,0.000803,0.002594,0.006511,0.000999,0.000514,0.000975,0.011448,0.001521,0.004407,0.000896,0.005577,0.000792,0.004861,0.001075,0.003675,0.001602, ,0.015282,0.000854, ,0.002547,0.005649,0.008549,0.018588,0.010091,0.003442,0.008901,0.002327,0.002250,0.001568,0.006305,0.013840, ,0.003332,0.004545,0.001786,0.000581,0.001033,0.001375,0.001913,0.002221,0.001525,0.002483,0.001321,0.004401,0.000608,0.003206,0.001840, , , ,0.001354,0.002317, , ,0.004016,0.001778, ,0.008618, , , , , , , , , , , , , , , , ,0.003643, ,0.009335, , ,0.004114, ,0.008062,0.008343, ,0.001232,0.002835, ,0.002328,0.005802,0.003953, , , , , , , , , , , , , , , , ,0.002201,0.018799, ,0.004069,0.004685, ,0.001774,0.000919, , ,0.001669, ,0.014810,0.003202,0.007171,0.005761,0.004084,0.001837,0.044421,0.005300,0.001160,0.004310,0.010738,0.004096, ,0.006102,0.020758,0.000931,0.010716,0.006864,0.010635,0.006161, , , , , , , , , , , , , , , , , ,0.001118,0.005068,0.001544,0.003187, ,0.002838, ,0.001555,0.002576, ,0.005129,0.001528,0.003236,0.011229,0.003542,0.001283, ,0.004270,0.001179,0.002107, ,0.000952,0.003636,0.008643,0.001106,0.006241,0.002928,0.002894, ,0.005085,0.001554, , ,0.002379,0.000971,0.003701,0.002632,0.010691,0.006390,0.003106, , ,0.002590,0.003182,0.001197,0.001635,0.001539, ,0.080247, , ,0.001765, , , , ,0.008633, , , , ,0.003921,0.002918,0.006150, ,0.003473, ,0.008372, , , ,0.004316,0.004051, , ,0.003047,0.001116,0.006766,0.004214, , , , , , , , , , , , , , , , 
    Median ISI within Burst - Avg (sec),0.004491,0.011763,0.003083,0.003353,0.003278,0.004627,0.004256,0.003345,0.002965,0.003957,0.003268,0.003453,0.004359,0.004180,0.003114,0.004166, , , , , , , , , , , , , , , , , ,0.004828,0.016483,0.004145,0.003905,0.004830,0.004856, , , ,0.003906,0.008036,0.004296,0.004000,0.003381,0.007724,0.004012, ,0.008328,0.005851, ,0.003938,0.005320,0.005234,0.004168,0.003362, ,0.003343,0.008722, ,0.007857, ,0.010235,0.005585,0.006071,0.005626, ,0.004158,0.005568,0.003993, ,0.003227,0.003310,0.006106,0.003832,0.003482,0.003227,0.004275, ,0.009878,0.009302,0.005673, ,0.003485, , ,0.009337,0.004415,0.006080,0.008943,0.010080,0.011680, ,0.004878, , , , , , , , , , , , , , , , , , , , , , , , , , , , , , , , ,0.003243,0.004125,0.005313,0.008810,0.006308,0.005288,0.005459,0.004858,0.004900,0.003549,0.005288,0.003359, ,0.006758,0.003311, ,0.003837,0.003243,0.003253,0.003451,0.004161,0.003318,0.003457,0.004800,0.004042,0.003173,0.003076,0.003222,0.003524,0.003581,0.005440,0.003503, , , , , , , , , , , , , , , , ,0.003671,0.005753,0.005110,0.004415,0.005859,0.005002,0.004595,0.005743,0.003108,0.008560,0.003863,0.003574,0.004729,0.010083,0.003247,0.003794, , , , , , , , , , , , , , , , , , , , , , , ,0.034407, , , , , , ,0.034230, ,0.004532,0.010831,0.008629,0.007844,0.003890, ,0.005508, ,0.008707,0.005359,0.003352,0.003091, , ,0.003567, , , , , , , , , , , , , , , , , ,0.003331,0.003192,0.003932,0.003256,0.003236,0.004580,0.005743, , ,0.008166,0.007476,0.003988,0.005798,0.004106,0.003703,0.004667,0.006267,0.004177,0.004012,0.005777,0.003291,0.003596,0.006496,0.004243,0.004039,0.007122,0.003608,0.005115,0.003284,0.006320,0.004605,0.003352,0.006409, ,0.008069,0.014530,0.007040,0.004222,0.005291,0.005668,0.003698,0.004899,0.003607,0.009484,0.005992,0.003926,0.005986,0.005908,0.004968,0.006675,0.004149,0.005043,0.007354,0.003757, ,0.011990,0.006527,0.003902,0.006106,0.017976,0.003254,0.007076,0.008027,0.003261,0.031640, ,0.009180,0.003451,0.004467,0.006861,0.003346, ,0.006240, ,0.008507,0.003580,0.008120, ,0.004497,0.004883,0.003575,0.003505,0.003249,0.004886,0.003775,0.004720,0.005351,0.003652,0.004055,0.012640,0.003895,0.007211,0.004983,0.003400,0.016320,0.004394,0.008800,0.003367,0.005195,0.003668,0.007199,0.004611,0.003729,0.003801,0.005339,0.006245,0.003489,0.006273,0.003259,0.007993,0.003356,0.003265,0.002987,0.003643,0.003172,0.003228,0.003195,0.003311,0.003636,0.005073,0.003264,0.003477,0.005723,0.003179,0.006604,0.006126,0.003129,0.007543,0.003177,0.005705,0.004608,0.004667,0.004066,0.005903,0.004490,0.010759,0.003599,0.006836,0.007550,0.003400,0.005020,0.004801,0.003803,0.003207,0.003380,0.005114,0.005662,0.005061,0.005430,0.006239,0.003527,0.003312,0.004888,0.004595,0.005875,0.003805,0.004816,0.004657,0.004004,0.003323,0.004042,0.005549,0.003486,0.004051,0.003722,0.004802,0.004573,0.003842,0.006046,0.004406,0.009891,0.003897,0.003678,0.004535,0.003539,0.003640,0.015120,0.006541,0.005643,0.004760,0.007400,0.004640,0.004712,0.005129,0.005751,0.008368,0.003491,0.004874,0.004358,0.004173,0.004931,0.003444, , , , , , , , , , , , , , , , , , , , , , , , , , , , , , , , , , , , , , , , , , , , , , , , ,0.005400,0.003082,0.007690,0.009855,0.003771,0.004889,0.005266,0.010146,0.008697,0.003273,0.010385,0.008879,0.007499,0.014807,0.009279,0.008028,0.002989,0.003093,0.002988,0.003118,0.003908,0.003150,0.003377,0.003983,0.003230,0.002908,0.003221,0.005254,0.003062,0.003734,0.003081,0.009626,0.003216,0.003959,0.003806,0.004321,0.004022, ,0.007185,0.003381, ,0.005778,0.012613,0.006573,0.010251,0.006928,0.010023,0.006343,0.003835,0.003431,0.003353,0.003858,0.012048, ,0.004089,0.004427,0.003445,0.003084,0.003408,0.003335,0.003521,0.003805,0.003300,0.003473,0.003759,0.005491,0.003574,0.005834,0.004025, , , ,0.011928,0.005670, , ,0.008000,0.003920, ,0.011499, , , , , , , , , , , , , , , , ,0.012272, ,0.005836, , ,0.003400, ,0.005995,0.007497, ,0.003277,0.006595, ,0.005231,0.005880,0.004458, , , , , , , , , , , , , , , , ,0.005725,0.014874, ,0.009749,0.006358, ,0.004235,0.003213, ,0.007840,0.008453, ,0.009225,0.006074,0.010000,0.009694,0.004765,0.003469,0.009949,0.004845,0.003444,0.004386,0.007163,0.006219, ,0.005852,0.007527,0.003222,0.005457,0.005635,0.006416,0.006098, , , , , , , , , , , , , , , , , ,0.003726,0.007224,0.004696,0.010707,0.016160,0.006797, ,0.003768,0.007709, ,0.010003,0.006200,0.007193,0.013940,0.009896,0.004450,0.007040,0.007115,0.003611,0.003898, ,0.003950,0.004044,0.009130,0.007180,0.007480,0.005824,0.007154,0.002960,0.004589,0.004518, ,0.008640,0.006804,0.003936,0.006313,0.010425,0.014380,0.010464,0.008973, ,0.007360,0.007967,0.011520,0.003816,0.004349,0.004011, ,0.032427, , ,0.004460, , , , ,0.021440, , , , ,0.011080,0.027700,0.010276, ,0.010161, ,0.013687, , , ,0.037420,0.011690, , ,0.010384,0.004170,0.017712,0.009220, , , , , , , , , , , , , , , , 
    Median ISI within Burst - Std (sec),0.002169,0.015362,0.000337,0.000700,0.000438,0.002238,0.001672,0.000641,0.000195,0.001461,0.000761,0.001013,0.001303,0.001491,0.000545,0.001516, , , , , , , , , , , , , , , , , ,0.003561,0.009262,0.001976,0.001305,0.002108,0.001204, , , ,0.000804,0.005411,0.000962,0.001511,0.000623,0.003744,0.001295, ,0.002822,0.002386, ,0.000843,0.002772,0.001620,0.001412,0.000360, ,0.000288,0.003190, ,0.003089, ,0.003446,0.001803,0.002444,0.002660, ,0.000907,0.001529,0.001020, ,0.000286,0.000356,0.002402,0.000747,0.000640,0.000237,0.001639, ,0.001980,0.003465,0.001807, ,0.000406, , ,0.002607,0.001278, ,0.001980, , , ,0.001811, , , , , , , , , , , , , , , , , , , , , , , , , , , , , , , , ,0.000637,0.001768,0.001809,0.009929,0.006364,0.003350,0.003318,0.002411,0.002487,0.000863,0.002805,0.000801, ,0.004772,0.000698, ,0.000605,0.000266,0.000216,0.001299,0.001755,0.000234,0.001711, ,0.003834,0.000372,0.000213,0.000257,0.001638,0.000526,0.000792,0.001346, , , , , , , , , , , , , , , , ,0.000631,0.004231,0.001804,0.001178,0.005410,0.005598,0.001043,0.006011,0.000218, ,0.001504,0.000457,0.001507,0.008127,0.000324,0.001323, , , , , , , , , , , , , , , , , , , , , , , ,0.028839, , , , , , ,0.009693, ,0.000960,0.003089,0.002734,0.001996,0.000692, ,0.001998, ,0.005187,0.001416,0.000418,0.000246, , ,0.000342, , , , , , , , , , , , , , , , , ,0.000425,0.000270,0.000923,0.000423,0.000576,0.001177,0.002758, , ,0.004347,0.003388,0.000878,0.002255,0.001278,0.000777,0.001455,0.002069,0.000871,0.000901,0.003656,0.000417,0.000468,0.004974,0.002124,0.000945,0.005772,0.000890,0.003903,0.000670,0.005160,0.002853,0.000450,0.002345, ,0.007606,0.004805,0.006598,0.001164,0.003335,0.001979,0.001368,0.002274,0.000584,0.003494,0.002542,0.000583,0.002444,0.003564,0.004253,0.002496,0.002685,0.003930,0.002782,0.000377, ,0.003236,0.002331,0.003061,0.001995,0.016225,0.000359,0.003051,0.002365,0.000252,0.021312, ,0.004303,0.000558,0.002174,0.002448,0.000370, , , ,0.006713,0.000839,0.003434, ,0.000851,0.002959,0.000462,0.000302,0.000323,0.001091,0.000888, ,0.001909,0.000465,0.000911, ,0.000467,0.003389,0.001805,0.000190, ,0.000603,0.003358,0.000334,0.001760,0.000518,0.003220,0.001175,0.000807,0.000681,0.001605,0.002277,0.000393,0.001838,0.000282,0.002992,0.000320,0.000315,0.000216,0.000490,0.000191,0.000280,0.000250,0.000677,0.000611,0.001500,0.000322,0.000429,0.001975,0.000241,0.003048,0.001689,0.000291,0.003310,0.000293,0.004653,0.001870,0.002013,0.001524,0.004672,0.002982,0.009456,0.000919,0.004401,0.003414,0.000435,0.003114,0.002440,0.002413,0.000357,0.000517,0.001374,0.003959,0.003400,0.004303,0.003728,0.000965,0.000441,0.003153,0.002704,0.004069,0.001397,0.001502,0.001183,0.001619,0.000327,0.001439,0.004087,0.000389,0.001557,0.000544,0.003065,0.001090,0.000581,0.003460,0.002310,0.010708,0.000718,0.000864,0.001867,0.000463,0.000319, ,0.001626,0.002810,0.001335,0.004243, ,0.001127,0.001458,0.001712,0.004995,0.000637,0.001548,0.001056,0.000957,0.001815,0.000440, , , , , , , , , , , , , , , , , , , , , , , , , , , , , , , , , , , , , , , , , , , , , , , , ,0.001600,0.000358,0.002035,0.004063,0.000789,0.001492,0.001565,0.003685,0.002842,0.000401,0.003112,0.003714,0.003433,0.014551,0.002791,0.002691,0.000190,0.000213,0.000198,0.000410,0.001390,0.000323,0.000861,0.001970,0.000510,0.000173,0.000455,0.002149,0.000597,0.001378,0.000424,0.004299,0.000274,0.002041,0.000847,0.002121,0.000980, ,0.003536,0.000450, ,0.002364,0.004176,0.006597,0.005221,0.003948,0.004758,0.003078,0.001945,0.001469,0.000981,0.001866,0.013368, ,0.002985,0.003185,0.001173,0.000243,0.000528,0.000449,0.000568,0.002048,0.000501,0.001013,0.000371,0.002504,0.000386,0.002244,0.000931, , , ,0.001822,0.002748, , ,0.001245,0.000977, ,0.004892, , , , , , , , , , , , , , , , ,0.004504, ,0.002740, , ,0.000509, ,0.003719,0.003185, ,0.000335,0.003151, ,0.001719,0.002818,0.001112, , , , , , , , , , , , , , , , ,0.001695,0.010004, ,0.003430,0.002392, ,0.001719,0.000424, , ,0.001818, ,0.008411,0.002762,0.004752,0.005203,0.001422,0.001080,0.004862,0.001525,0.000565,0.001503,0.004148,0.002200, ,0.002504,0.003317,0.000448,0.001985,0.002225,0.002844,0.004244, , , , , , , , , , , , , , , , , ,0.000830,0.003300,0.001306,0.002240, ,0.002657, ,0.001102,0.002673, ,0.002648,0.001931,0.003393,0.002348,0.003794,0.000976, ,0.003763,0.000710,0.000834, ,0.000988,0.000645,0.003617,0.001788,0.000849,0.002985,0.002266, ,0.000969,0.001181, , ,0.000968,0.000568,0.003337,0.003258,0.003196,0.003505,0.003848, , ,0.001809,0.001810,0.001096,0.001392,0.000898, ,0.013087, , ,0.000889, , , , ,0.009843, , , , ,0.005881,0.003893,0.003842, ,0.003381, ,0.005588, , , ,0.007269,0.003360, , ,0.002886,0.001237,0.009627,0.005968, , , , , , , , , , , , , , , , 
    Median/Mean ISI within Burst,0.779238,0.590886,0.781646,0.704713,0.766664,0.778036,0.699504,0.740685,0.741887,0.821837,0.796897,0.798301,0.866493,0.752124,0.860876,0.688694, , , , , , , , , , , , , , , , , ,0.775805,0.835165,0.758659,0.759250,0.784812,0.774509, , , ,0.773145,0.811244,0.670773,0.743811,0.753009,0.855713,0.764312, ,0.938493,0.777639, ,0.608456,1.027292,0.767657,0.710644,0.777332, ,0.776954,0.882438, ,0.871435, ,0.771140,0.734571,0.871711,0.775546, ,0.757393,0.788879,0.743189, ,0.812434,0.785400,0.779814,0.803739,0.709845,0.772257,0.737522, ,0.887610,0.767038,0.694156, ,0.671025, , ,0.846143,0.596351,0.609626,0.915831,1.041322,0.718327, ,0.627464, , , , , , , , , , , , , , , , , , , , , , , , , , , , , , , , ,0.769648,0.859387,0.841252,0.899005,0.824302,0.811342,0.818525,0.767853,0.858184,0.788014,0.903569,0.779949, ,0.850857,0.763364, ,0.700215,0.764816,0.748296,0.692500,0.615557,0.769018,0.746995,0.459184,0.757774,0.811038,0.712334,0.749274,0.731894,0.711324,0.473146,0.709217, , , , , , , , , , , , , , , , ,0.649320,0.682149,0.736218,0.613013,0.787216,0.763096,0.710485,0.720236,0.792400,1.138298,0.731986,0.660813,0.780981,0.744701,0.748551,0.728104, , , , , , , , , , , , , , , , , , , , , , , ,0.769398, , , , , , ,0.640682, ,0.664433,0.900774,0.891419,0.793162,0.677342, ,0.781025, ,0.822231,0.666440,0.670179,0.712698, , ,0.738916, , , , , , , , , , , , , , , , , ,0.795551,0.765098,0.805280,0.756750,0.847705,0.787801,0.769241, , ,0.793166,0.775927,0.731245,0.799157,0.779605,0.743143,0.775449,0.927165,0.803434,0.785067,0.751878,0.774884,0.802844,0.808732,0.761876,0.809063,0.782760,0.772156,0.770623,0.721126,0.683624,0.761712,0.693621,0.801043, ,0.726400,0.906925,0.670252,0.567805,0.669103,0.677104,0.725926,0.628871,0.637227,0.774901,0.750044,0.707041,0.584475,0.701116,0.664709,0.828597,0.741633,0.640622,0.816721,0.631430, ,0.881207,0.715265,0.672497,0.805469,0.765095,0.708887,0.800879,0.861994,0.740674,0.664383, ,0.847861,0.772063,0.647296,0.863215,0.681681, ,0.924901, ,0.837615,0.668356,0.838510, ,0.755011,0.716758,0.722694,0.745636,0.721396,0.660581,0.742050,0.231373,0.654575,0.716801,0.688339,0.583744,0.609441,0.844796,0.531947,0.717616,1.011570,0.670081,0.791735,0.737056,0.776286,0.794146,0.627779,0.785131,0.766972,0.758421,0.833501,0.870872,0.733292,0.820935,0.798679,0.950856,0.778285,0.708648,0.809950,0.748761,0.868436,0.794086,0.797672,0.800786,0.760138,0.788773,0.802132,0.784436,0.802848,0.818981,0.813675,0.780292,0.820459,0.827168,0.712036,0.836396,0.670367,0.726233,0.702215,0.701271,0.646302,0.625110,0.661471,0.687512,0.781468,0.709070,0.730157,0.746738,0.645766,0.781382,0.683476,0.768768,0.734761,0.711597,0.705518,0.776191,0.755869,0.700838,0.740138,0.699066,0.749014,0.759818,0.865921,0.851618,0.766267,0.694810,0.702308,0.722826,0.737074,0.641941,0.680407,0.698811,0.774183,0.632731,0.584660,0.776209,0.716341,0.658112,0.810846,0.707696,0.700816,0.664418,0.685611,0.666630,0.761498,0.731117,0.996759,0.820755,0.669517,0.753216,0.743784,0.640846,0.660787,0.812764,0.738603,0.600039,0.590279,0.704522, , , , , , , , , , , , , , , , , , , , , , , , , , , , , , , , , , , , , , , , , , , , , , , , ,0.791974,0.783889,0.866498,0.850462,0.780694,0.846278,0.877404,0.844916,0.864884,0.813026,0.890816,0.828426,0.916104,0.857362,0.812107,0.838161,0.837295,0.807329,0.829178,0.781152,0.780382,0.804534,0.757797,0.704055,0.748098,0.813269,0.761371,0.768535,0.843804,0.752100,0.791029,0.836862,0.861847,0.792508,0.819749,0.723085,0.786436, ,0.814274,0.813314, ,0.889442,0.981364,0.834408,0.677031,0.745905,0.844890,0.868676,0.761900,0.778701,0.761778,0.725792,0.782702, ,0.763237,0.708564,0.793506,0.828528,0.743245,0.754392,0.731976,0.800594,0.738917,0.753424,0.602365,0.725395,0.754780,0.651005,0.686511, , , ,0.926109,0.891118, , ,0.893611,0.666117, ,0.849075, , , , , , , , , , , , , , , , ,0.865558, ,0.723861, , ,0.661420, ,0.722747,0.757145, ,0.721941,0.738916, ,0.778921,0.640734,0.595083, , , , , , , , , , , , , , , , ,0.802288,0.818145, ,0.903130,0.808798, ,0.718037,0.797672, ,0.951456,0.617647, ,0.802188,0.873866,0.817805,0.817340,0.760066,0.763171,0.764163,0.758914,0.775157,0.723571,0.714276,0.708307, ,0.818217,0.647524,0.776446,0.732705,0.720893,0.758245,0.745361, , , , , , , , , , , , , , , , , ,0.701040,0.803410,0.717615,0.892060,0.956590,0.759433, ,0.761443,0.826594, ,0.867618,0.807422,0.795006,0.590179,0.990521,0.795545,0.702128,0.877758,0.778255,0.785210, ,0.935430,0.745005,0.818886,1.016693,0.842789,0.771642,0.805853,0.428571,0.765195,0.796743, ,1.186813,0.879055,0.750703,0.841652,0.938368,0.574538,0.869413,0.955848, ,0.899756,0.900248,0.845217,0.708675,0.713632,0.692945, ,0.515582, , ,0.628317, , , , ,1.053930, , , , ,0.843668,0.818449,0.704463, ,0.850440, ,0.659789, , , ,0.892440,0.847521, , ,0.902631,0.795917,0.876049,0.847554, , , , , , , , , , , , , , , , 
    Inter-Burst Interval - Avg (sec),13.602097,12.110569,13.158082,13.157700,13.158196,14.596504,13.158454,13.158370,13.158120,13.308002,13.157802,13.157618,15.324444,13.158296,13.158248,13.785838, , , , , , , , , , , , , , , , , ,10.956919,41.373988,10.956965,10.956898,10.956951,10.956978, , , ,10.956885,11.386599,10.956928,10.956924,10.956836,12.624167,15.177086, ,55.135156,14.278562, ,14.276072,34.520080,14.278695,14.277885,14.278380, ,14.277906,15.358353, ,15.405488, ,39.552863,12.334623,16.285405,12.334534, ,11.831273,12.077780,11.831285, ,11.831419,11.831285,11.831135,11.831342,11.831257,11.831262,12.077828, ,12.421988,13.577531,12.163205, ,12.163233, , ,15.779338,12.163173, ,12.422012, , , ,12.422007, , , , , , , , , , , , , , , , , , , , , , , , , , , , , , , , ,12.779162,12.778614,13.844030,38.060368,15.691056,13.924398,15.429684,12.779499,14.337034,12.778883,19.686218,12.779169, ,22.109805,12.778821, ,16.973605,16.973586,16.973593,16.973605,16.973582,16.973573,16.973561, ,16.973387,16.973573,16.973598,16.973440,16.973719,16.973621,246.578160,16.973655, , , , , , , , , , , , , , , , ,13.107552,13.107529,13.107550,13.107461,13.107360,13.107506,13.107484,13.107490,13.107364, ,13.107364,13.107486,13.405200,20.384889,13.107431,13.107403, , , , , , , , , , , , , , , , , , , , , , , ,90.282928, , , , , , ,136.929227, ,9.785104,56.440350,20.085553,11.478942,9.785365, ,10.117052, ,81.379472,10.117144,9.785435,9.785466, , ,9.785496, , , , , , , , , , , , , , , , , ,14.247467,13.908318,14.247557,14.247575,13.908333,14.603872,14.247623, , ,19.955651,22.134074,14.247610,15.787942,13.908377,14.247573,14.704888,24.041360,11.108398,10.876870,10.876912,10.876800,10.876952,10.876975,10.876992,11.108339,10.876985,10.876923,10.877037,10.877173,10.876892,10.876907,10.876930,21.479487, ,21.098043,21.098117,21.098077,21.098091,21.097809,21.098149,21.096797,21.097954,21.097817,32.819009,21.097874,21.097900,21.097851,21.097849,20.393840,20.865552,19.690177,20.393531,22.840970,20.393703, ,23.792467,21.149170,20.393849,21.148972,37.259903,20.393909,27.191703,33.589454,20.393660,19.391245, ,125.071733,21.956604,21.956770,37.052010,21.956714, , , ,110.051824,21.956877,33.567821, ,21.957313,21.957061,47.966980,47.966707,47.966947,47.967127,47.966767, ,47.967087,47.966873,47.966947, ,47.966700,57.088344,52.327273,47.966767, ,47.966747,33.978899,9.627203,9.627483,9.627500,10.315156,9.790622,9.627424,9.627488,9.790637,74.809840,9.627579,46.994284,9.627457,65.177280,9.627516,9.627512,13.909046,13.908920,13.908910,13.908771,13.908926,13.585466,13.908783,13.908749,13.908933,13.908739,14.978556,13.908737,15.383347,14.248060,13.908638,16.269488,14.323592,15.058086,14.323553,14.323565,14.323602,14.681656,14.323333,21.750545,14.323645,14.681742,14.323604,14.323448,14.681622,14.323571,14.323487,14.323596,11.369784,12.908786,11.370236,11.370220,11.369894,11.369878,11.370222,11.370284,11.369858,11.369868,11.369958,11.370174,11.968385,11.862160,11.370148,11.370194,28.351608,29.926880,29.927031,29.926729,29.926364,29.926627,29.885351,29.926524,29.926676,28.350964,29.926440,29.926560,26.933580,29.926804,29.926702,29.925951, ,33.167640,54.273825,33.167404,303.207280, ,33.167164,35.118414,45.924320,33.167329,33.167333,33.167427,33.167387,33.167356,33.167351,33.167284, , , , , , , , , , , , , , , , , , , , , , , , , , , , , , , , , , , , , , , , , , , , , , , , ,12.670766,11.178783,21.118287,57.019656,11.403736,12.670980,12.395647,23.758197,41.742843,11.879052,27.320940,19.661970,15.410815,96.753600,19.835583,18.512840,10.278770,10.278629,10.278179,10.458867,10.839295,10.458890,10.839257,10.839236,10.459048,10.278450,10.458808,14.556952,9.935895,10.839151,10.278368,10.839180,16.489696,16.490262,16.490000,16.489862,16.489884, ,32.170369,16.490231, ,37.548280,244.631440,16.961195,57.906496,17.989416,24.653541,18.900648,13.619643,13.619633,13.619764,13.619715,19.817559, ,13.619641,13.619678,13.619501,13.619647,13.619643,13.619665,13.619578,13.619602,13.619607,13.619635,14.021050,14.021025,14.021218,14.021117,14.021110, , , ,106.697140,53.055200, , ,22.392400,14.021058, ,30.485274, , , , , , , , , , , , , , , , ,20.608183, ,13.120427, , ,244.052320, ,13.730735,15.537461, ,12.835235,18.613935, ,12.835270,13.730768,12.835170, , , , , , , , , , , , , , , , ,25.021649,67.617627, ,78.893627,25.021283, ,23.978980,23.978793, , ,256.799360, ,47.479520,23.978777,74.834560,26.158560,13.436458,10.911269,90.145120,13.422279,11.121222,14.428354,22.200431,13.435016, ,16.033416,25.095266,11.121397,13.435349,13.434837,15.189642,11.369958, , , , , , , , , , , , , , , , , ,23.732443,32.160499,23.734083,49.695644, ,24.764414, ,18.986213,23.732623, ,48.383164,30.369404,24.762758,124.678160,123.234920,9.518375, ,33.105520,9.368063,9.367506, ,194.511547,9.518748,11.134942,52.090773,153.962000,9.725625,11.134199, ,9.518825,10.175134, , ,51.196684,11.511710,11.747448,29.589049,293.748480,29.978817,91.613264, , ,81.326928,133.180000,11.512072,11.511963,11.511014, ,192.691360, , ,22.702701, , , , ,85.591920, , , , ,79.484533,80.401984,21.732308, ,14.379373, ,97.067072, , , ,295.843200,11.235334, , ,13.452484,7.733076,53.926667,111.412720, , , , , , , , , , , , , , , , 
    Inter-Burst Interval - Std (sec),7.568751,6.326452,6.846842,6.859887,6.852153,8.275056,6.847321,6.844548,6.847964,7.511083,6.856707,6.844458,9.325014,6.853887,6.842990,7.672095, , , , , , , , , , , , , , , , , ,3.752108,29.809413,3.751366,3.751878,3.751795,3.749822, , , ,3.751416,3.759934,3.750589,3.750616,3.751477,5.303794,7.350746, ,39.720301,7.123297, ,7.121292, ,7.128809,7.128888,7.127397, ,7.126712,7.732607, ,7.287630, ,47.128263,21.447810,27.397786,21.422650, ,20.991650,21.215108,20.991418, ,20.992201,20.992363,20.992566,20.992301,20.991845,20.992350,21.242312, ,5.950693,6.835718,6.082028, ,6.081874, , ,6.404337,6.081855, ,5.950706, , , ,5.950702, , , , , , , , , , , , , , , , , , , , , , , , , , , , , , , , ,12.407961,12.401693,13.355219,27.060017,15.497581,14.494898,16.835531,12.409659,13.454205,12.406071,22.663581,12.408447, ,21.591577,12.403787, ,18.817717,18.818127,18.820614,18.820272,18.817162,18.818480,18.819887, ,18.818677,18.818465,18.819827,18.821713,18.817583,18.818810, ,18.821901, , , , , , , , , , , , , , , , ,9.198541,9.198327,9.198769,9.198058,9.200213,9.198696,9.198723,9.197814,9.198828, ,9.198561,9.198012,9.618826,16.775184,9.198615,9.198031, , , , , , , , , , , , , , , , , , , , , , , ,59.265046, , , , , , ,100.732731, ,2.177397,66.701483,12.115064,4.370216,2.174527, ,2.302000, ,45.525600,2.237037,2.175278,2.175250, , ,2.174094, , , , , , , , , , , , , , , , , ,14.223362,13.987026,14.224683,14.230186,13.987120,14.348537,14.230124, , ,17.030017,22.366819,14.227289,14.620956,13.984805,14.224766,14.521290,24.608017,14.251637,14.122573,14.122048,14.123693,14.123520,14.122376,14.122145,14.210700,14.121959,14.121515,14.120957,14.123147,14.121675,14.121647,14.121603,39.056952, ,38.380773,38.382787,38.381153,38.381109,38.382658,38.381715,38.378891,38.381696,38.380996,48.884994,38.380133,38.380222,38.381450,38.381701,11.517144,11.141605,11.868284,11.517583,11.712903,11.516074, ,13.774755,11.146240,11.517124,11.146746,33.442081,11.517072,15.959175,19.156158,11.517512,20.846493, ,46.959154,32.089125,32.092103,39.399670,32.090379, , , ,131.792689,32.089702,39.472917, ,32.092538,32.090802,74.063436,74.062448,74.061242,74.060104,74.061751, ,74.060879,74.056628,74.062229, ,74.058651,78.468606,76.098340,74.059706, ,74.059117,28.391343,4.128554,4.125374,4.125907,4.763252,4.186231,4.125718,4.125601,4.649691,24.634859,4.125851,56.008066,4.126394,53.417060,4.124865,4.124850,10.835322,10.833394,10.834977,10.834009,10.834535,10.749303,10.835904,10.834093,10.833197,10.835110,12.247712,10.834568,12.757721,11.250768,10.833513,14.628693,12.981722,13.317314,12.981027,12.981194,12.981706,12.963363,12.982463,19.092927,12.982692,12.963987,12.981054,12.980968,12.963215,12.980278,12.981294,12.981657,11.623035,13.011094,11.626120,11.624941,11.624119,11.623005,11.630202,11.630923,11.622330,11.632889,11.631671,11.631615,12.401733,11.861354,11.626222,11.633684,21.212289,20.654910,20.652012,20.650296,20.660413,20.662300,20.702534,20.647297,20.653824,21.210152,20.654230,20.647550,21.576130,20.650513,20.646952,20.648621, ,69.583496,87.805659,69.583908, , ,69.583314,73.033018,79.684093,69.585144,69.582886,69.582688,69.584217,69.583028,69.585022,69.583222, , , , , , , , , , , , , , , , , , , , , , , , , , , , , , , , , , , , , , , , , , , , , , , , ,5.012873,5.254287,11.633867,33.229209,5.129984,5.410947,5.390314,18.714333,25.858533,5.073337,13.776335,11.976048,7.848395,68.335581,11.585593,12.938747,8.213937,8.211084,8.210101,8.226007,8.176455,8.194514,8.143543,8.176043,8.193998,8.210144,8.194110,13.224430,6.469938,8.175384,8.209459,8.111276,11.547154,11.547799,11.550859,11.548854,11.547575, ,27.888111,11.549445, ,59.012951,314.772147,11.426621,43.391909,13.109391,21.267897,13.819827,15.237091,15.238728,15.237499,15.236619,20.532215, ,15.237133,15.237719,15.237457,15.237483,15.237199,15.237350,15.236592,15.236618,15.237484,15.237303,16.502206,16.502321,16.502651,16.503834,16.503879, , , ,104.754129,50.989432, , , ,16.504577, ,22.614556, , , , , , , , , , , , , , , , ,12.830724, ,5.310158, , , , ,4.964055,6.281580, ,4.408738,14.521883, ,4.408649,5.316583,4.408415, , , , , , , , , , , , , , , , ,16.773298,47.014487, ,63.294519,17.535835, ,16.114259,16.117710, , ,74.942118, ,39.647951,16.117413,53.396269,17.573424,6.588853,7.345467,62.074096,6.601015,7.665493,7.090772,13.556120,6.620996, ,8.780860,16.767297,7.654174,6.601603,6.625084,8.193206,11.631678, , , , , , , , , , , , , , , , , ,11.642911,15.849222,11.645285,16.802096, ,11.130889, ,8.159548,11.648290, ,28.642549,13.137733,12.203489, ,69.412629,2.797569, ,24.391712,2.992965,3.001635, ,154.824485,2.800786,4.814799,16.488086, ,2.908108,4.205275, ,2.802804,2.449333, , ,47.173956,4.895220,5.071386,22.672744, ,27.829039,77.012404, , ,80.229588, ,4.901823,4.907007,4.904610, ,240.672901, , ,10.943732, , , , ,42.170667, , , , ,17.993702,40.893974,17.008583, ,9.205738, ,89.969502, , , , ,5.562941, , ,8.945214,2.722994,51.182546, , , , , , , , , , , , , , , , , 
    Burst Frequency (Hz),0.065000,0.076667,0.068333,0.068333,0.068333,0.058333,0.068333,0.068333,0.068333,0.065000,0.068333,0.068333,0.056667,0.068333,0.068333,0.061667, , , , , , , , , , , , , , , , , ,0.090000,0.023333,0.090000,0.090000,0.090000,0.090000, , , ,0.090000,0.086667,0.090000,0.090000,0.090000,0.078333,0.065000, ,0.016667,0.070000, ,0.070000,0.003333,0.070000,0.070000,0.070000, ,0.070000,0.061667, ,0.065000, ,0.025000,0.080000,0.058333,0.080000, ,0.083333,0.081667,0.083333, ,0.083333,0.083333,0.083333,0.083333,0.083333,0.083333,0.081667, ,0.080000,0.073333,0.081667, ,0.081667, , ,0.063333,0.081667,0.001667,0.080000,0.001667,0.001667, ,0.080000, , , , , , , , , , , , , , , , , , , , , , , , , , , , , , , , ,0.078333,0.078333,0.071667,0.026667,0.061667,0.070000,0.063333,0.078333,0.070000,0.078333,0.050000,0.078333, ,0.043333,0.078333, ,0.060000,0.060000,0.060000,0.060000,0.060000,0.060000,0.060000,0.001667,0.060000,0.060000,0.060000,0.060000,0.060000,0.060000,0.003333,0.060000, , , , , , , , , , , , , , , , ,0.076667,0.076667,0.076667,0.076667,0.076667,0.076667,0.076667,0.076667,0.076667,0.001667,0.076667,0.076667,0.075000,0.048333,0.076667,0.076667, , , , , , , , , , , , , , , , , , , , , , , ,0.010000, , , , , , ,0.006667, ,0.103333,0.015000,0.050000,0.088333,0.103333, ,0.100000, ,0.010000,0.100000,0.103333,0.103333, , ,0.103333, , , , , , , , , , , , , , , , , ,0.070000,0.071667,0.070000,0.070000,0.071667,0.068333,0.070000, , ,0.048333,0.045000,0.070000,0.063333,0.071667,0.070000,0.065000,0.036667,0.080000,0.081667,0.081667,0.081667,0.081667,0.081667,0.081667,0.080000,0.081667,0.081667,0.081667,0.081667,0.081667,0.081667,0.081667,0.046667, ,0.048333,0.048333,0.048333,0.048333,0.048333,0.048333,0.048333,0.048333,0.048333,0.031667,0.048333,0.048333,0.048333,0.048333,0.048333,0.043333,0.050000,0.048333,0.043333,0.048333, ,0.041667,0.046667,0.048333,0.046667,0.025000,0.048333,0.036667,0.030000,0.048333,0.051667, ,0.006667,0.046667,0.046667,0.028333,0.046667, ,0.001667, ,0.010000,0.046667,0.030000, ,0.046667,0.046667,0.021667,0.021667,0.021667,0.021667,0.021667,0.001667,0.021667,0.021667,0.021667,0.001667,0.021667,0.018333,0.020000,0.021667,0.001667,0.021667,0.030000,0.101667,0.101667,0.101667,0.095000,0.100000,0.101667,0.101667,0.100000,0.013333,0.101667,0.020000,0.101667,0.010000,0.101667,0.101667,0.071667,0.071667,0.071667,0.071667,0.071667,0.073333,0.071667,0.071667,0.071667,0.071667,0.066667,0.071667,0.063333,0.070000,0.071667,0.051667,0.070000,0.066667,0.070000,0.070000,0.070000,0.068333,0.070000,0.046667,0.070000,0.068333,0.070000,0.070000,0.068333,0.070000,0.070000,0.070000,0.068333,0.058333,0.068333,0.068333,0.068333,0.068333,0.068333,0.068333,0.068333,0.068333,0.068333,0.068333,0.065000,0.063333,0.068333,0.068333,0.033333,0.031667,0.031667,0.031667,0.031667,0.031667,0.031667,0.031667,0.031667,0.033333,0.031667,0.031667,0.035000,0.031667,0.031667,0.031667,0.001667,0.031667,0.020000,0.031667,0.003333,0.001667,0.031667,0.030000,0.023333,0.031667,0.031667,0.031667,0.031667,0.031667,0.031667,0.031667, , , , , , , , , , , , , , , , , , , , , , , , , , , , , , , , , , , , , , , , , , , , , , , , ,0.076667,0.086667,0.046667,0.018333,0.085000,0.076667,0.078333,0.041667,0.023333,0.081667,0.035000,0.050000,0.063333,0.010000,0.048333,0.051667,0.098333,0.098333,0.098333,0.096667,0.093333,0.096667,0.093333,0.093333,0.096667,0.098333,0.096667,0.068333,0.101667,0.093333,0.098333,0.093333,0.061667,0.061667,0.061667,0.061667,0.061667, ,0.031667,0.061667, ,0.018333,0.005000,0.060000,0.018333,0.056667,0.040000,0.051667,0.073333,0.073333,0.073333,0.073333,0.050000, ,0.073333,0.073333,0.073333,0.073333,0.073333,0.073333,0.073333,0.073333,0.073333,0.073333,0.053333,0.053333,0.053333,0.053333,0.053333, , , ,0.008333,0.006667, , ,0.003333,0.053333, ,0.025000, , , , , , , , , , , , , , , , ,0.048333, ,0.076667, , ,0.003333, ,0.073333,0.065000, ,0.078333,0.053333, ,0.078333,0.073333,0.078333, , , , , , , , , , , , , , , , ,0.040000,0.011667, ,0.011667,0.040000, ,0.041667,0.041667, ,0.001667,0.005000, ,0.018333,0.041667,0.013333,0.038333,0.073333,0.090000,0.011667,0.073333,0.088333,0.068333,0.045000,0.073333, ,0.061667,0.040000,0.088333,0.073333,0.073333,0.065000,0.068333, , , , , , , , , , , , , , , , , ,0.041667,0.030000,0.041667,0.020000,0.001667,0.040000, ,0.051667,0.041667, ,0.020000,0.031667,0.040000,0.003333,0.008333,0.105000,0.001667,0.028333,0.106667,0.106667, ,0.006667,0.105000,0.090000,0.006667,0.003333,0.101667,0.090000,0.001667,0.105000,0.098333, ,0.001667,0.016667,0.085000,0.083333,0.031667,0.003333,0.025000,0.010000, ,0.001667,0.010000,0.003333,0.085000,0.085000,0.085000, ,0.005000, , ,0.043333, , , , ,0.010000, , , , ,0.006667,0.010000,0.045000, ,0.061667, ,0.010000, , , ,0.003333,0.090000, , ,0.071667,0.130000,0.016667,0.003333, , , , , , , , , , , , , , , , 
    IBI Coefficient of Variation,0.556440,0.522391,0.520353,0.521359,0.520752,0.566920,0.520374,0.520167,0.520436,0.564403,0.521113,0.520190,0.608506,0.520880,0.520053,0.556520, , , , , , , , , , , , , , , , , ,0.342442,0.720487,0.342373,0.342422,0.342412,0.342231, , , ,0.342380,0.330207,0.342303,0.342306,0.342387,0.420130,0.484332, ,0.720417,0.498881, ,0.498827, ,0.499262,0.499296,0.499174, ,0.499143,0.503479, ,0.473054, ,1.191526,1.738830,1.682352,1.736802, ,1.774251,1.756540,1.774230, ,1.774276,1.774310,1.774349,1.774296,1.774270,1.774312,1.758786, ,0.479045,0.503458,0.500035, ,0.500021, , ,0.405869,0.500022, ,0.479045, , , ,0.479045, , , , , , , , , , , , , , , , , , , , , , , , , , , , , , , , ,0.970953,0.970504,0.964692,0.710976,0.987670,1.040971,1.091113,0.971060,0.938423,0.970826,1.151241,0.970990, ,0.976561,0.970652, ,1.108646,1.108671,1.108817,1.108796,1.108615,1.108693,1.108777, ,1.108717,1.108692,1.108771,1.108892,1.108631,1.108709, ,1.108889, , , , , , , , , , , , , , , , ,0.701774,0.701759,0.701792,0.701742,0.701912,0.701788,0.701792,0.701722,0.701806, ,0.701786,0.701737,0.717544,0.822923,0.701786,0.701743, , , , , , , , , , , , , , , , , , , , , , , ,0.656437, , , , , , ,0.735655, ,0.222522,1.181805,0.603173,0.380716,0.222222, ,0.227537, ,0.559424,0.221113,0.222297,0.222294, , ,0.222175, , , , , , , , , , , , , , , , , ,0.998308,1.005659,0.998395,0.998780,1.005665,0.982516,0.998772, , ,0.853393,1.010515,0.998574,0.926084,1.005495,0.998399,0.987514,1.023570,1.282961,1.298404,1.298351,1.298515,1.298481,1.298373,1.298350,1.279282,1.298334,1.298300,1.298236,1.298421,1.298319,1.298315,1.298308,1.818337, ,1.819163,1.819252,1.819178,1.819174,1.819272,1.819198,1.819181,1.819214,1.819193,1.489533,1.819147,1.819149,1.819211,1.819223,0.564736,0.533971,0.602752,0.564766,0.512802,0.564688, ,0.578954,0.527030,0.564735,0.527059,0.897535,0.564731,0.586913,0.570303,0.564759,1.075047, ,0.375458,1.461479,1.461604,1.063361,1.461529, , , ,1.197551,1.461488,1.175915, ,1.461588,1.461525,1.544050,1.544039,1.544006,1.543976,1.544022, ,1.543994,1.543912,1.544026, ,1.543960,1.374512,1.454277,1.543980, ,1.543968,0.835558,0.428842,0.428500,0.428554,0.461772,0.427576,0.428538,0.428523,0.474912,0.329300,0.428545,1.191806,0.428607,0.819566,0.428445,0.428444,0.779013,0.778881,0.778995,0.778934,0.778963,0.791236,0.779069,0.778941,0.778866,0.779015,0.817683,0.778976,0.829320,0.789635,0.778905,0.899149,0.906317,0.884396,0.906271,0.906282,0.906316,0.882963,0.906386,0.877814,0.906382,0.883001,0.906270,0.906274,0.882955,0.906218,0.906294,0.906313,1.022274,1.007925,1.022505,1.022402,1.022359,1.022263,1.022865,1.022923,1.022205,1.023133,1.023018,1.022994,1.036208,0.999932,1.022522,1.023174,0.748186,0.690179,0.690079,0.690029,0.690375,0.690432,0.692732,0.689933,0.690148,0.748128,0.690167,0.689941,0.801087,0.690034,0.689917,0.689990, ,2.097933,1.617827,2.097961, , ,2.097958,2.079622,1.735118,2.098003,2.097934,2.097922,2.097971,2.097937,2.097998,2.097948, , , , , , , , , , , , , , , , , , , , , , , , , , , , , , , , , , , , , , , , , , , , , , , , ,0.395625,0.470023,0.550891,0.582768,0.449851,0.427035,0.434855,0.787700,0.619472,0.427083,0.504241,0.609097,0.509278,0.706285,0.584081,0.698907,0.799117,0.798850,0.798789,0.786510,0.754335,0.783497,0.751301,0.754301,0.783436,0.798773,0.783465,0.908461,0.651168,0.754246,0.798712,0.748329,0.700265,0.700280,0.700477,0.700361,0.700282, ,0.866888,0.700381, ,1.571655,1.286720,0.673692,0.749344,0.728728,0.862671,0.731183,1.118758,1.118879,1.118778,1.118718,1.036062, ,1.118762,1.118802,1.118797,1.118787,1.118766,1.118776,1.118727,1.118727,1.118790,1.118775,1.176959,1.176970,1.176977,1.177070,1.177074, , , ,0.981789,0.961064, , , ,1.177128, ,0.741819, , , , , , , , , , , , , , , , ,0.622603, ,0.404724, , , , ,0.361529,0.404286, ,0.343487,0.780162, ,0.343479,0.387202,0.343464, , , , , , , , , , , , , , , , ,0.670351,0.695299, ,0.802277,0.700837, ,0.672016,0.672165, , ,0.291831, ,0.835054,0.672153,0.713524,0.671804,0.490371,0.673200,0.688602,0.491795,0.689267,0.491447,0.610624,0.492816, ,0.547660,0.668146,0.688239,0.491361,0.493127,0.539394,1.023019, , , , , , , , , , , , , , , , , ,0.490590,0.492816,0.490657,0.338100, ,0.449471, ,0.429762,0.490813, ,0.591994,0.432598,0.492816, ,0.563255,0.293912, ,0.736787,0.319486,0.320431, ,0.795966,0.294239,0.432405,0.316526, ,0.299015,0.377690, ,0.294449,0.240717, , ,0.921426,0.425238,0.431701,0.766255, ,0.928290,0.840625, , ,0.986507, ,0.425799,0.426253,0.426080, ,1.249007, , ,0.482045, , , , ,0.492694, , , , ,0.226380,0.508619,0.782640, ,0.640204, ,0.926880, , , , ,0.495129, , ,0.664949,0.352123,0.949114, , , , , , , , , , , , , , , , , 
    Normalized Duration IQR,0.241089,1.453535,0.000000,0.334559,0.588132,0.347570,0.645807,0.177987,0.169776,0.000000,0.000000,0.220291,0.000000,0.194899,0.000000,0.202141, , , , , , , , , , , , , , , , , ,0.452532,1.415343,0.315773,0.692734,0.787446,0.291497, , , ,1.520618,0.413979,0.404936,0.564050,0.454175,2.446055,0.591608, ,0.595125,0.330582, ,0.400614, ,0.352962,0.134039,0.134254, ,0.108146,0.201815, ,0.356990, ,1.534232,0.292519,0.535868,0.553651, ,0.611485,0.195508,0.531317, ,0.670912,0.292007,0.585381,0.191031,0.180166,0.489248,0.325423, ,0.111222,0.206648,0.223438, ,0.105502, , ,0.353211,0.098835, ,0.137425, , , ,0.148781, , , , , , , , , , , , , , , , , , , , , , , , , , , , , , , , ,0.665559,0.293721,0.580627,0.000000,0.913322,0.332780,0.338176,0.888988,0.000000,0.176730,0.000000,0.346607, ,1.039821,0.159192, ,0.159192,0.132338,0.123948,0.107635,0.099582,0.158788,0.098446, ,0.118602,0.096734,0.125188,0.104532,0.000000,0.000000, ,0.085003, , , , , , , , , , , , , , , , ,0.133041,1.762326,0.389495,0.220777,0.250125,0.150844,0.146688,0.947918,0.154095, ,0.702621,0.280707,0.249253,1.199830,0.257062,0.807259, , , , , , , , , , , , , , , , , , , , , , , ,1.114204, , , , , , ,0.317576, ,0.117876,0.000000,0.259596,0.153905,0.337037, ,0.204955, ,0.669118,0.294759,0.257459,0.137274, , ,0.162184, , , , , , , , , , , , , , , , , ,0.503016,0.866346,0.905610,0.788722,0.795287,0.797992,0.930298, , ,0.969962,0.719110,1.110109,1.282239,0.818882,0.695623,0.741482,0.000000,0.000000,0.181341,5.246670,0.132268,0.211718,9.129301,6.478194,0.294759,4.891522,0.000000,0.217609,4.716665,7.481104,0.810746,0.000000,0.000000, ,0.355806,0.151300,0.251255,0.308190,0.561939,0.521898,0.363736,0.640260,0.613788,0.166611,0.354462,0.298628,0.467408,0.230009,0.136599,0.000000,0.371108,0.319197,0.204787,0.138260, ,0.155050,0.151667,0.230858,0.000000,19.435116,0.119053,0.475761,0.407906,0.260406,3.275447, ,0.367475,0.149671,0.624065,0.655105,0.375188, , , ,0.513334,0.115857,0.464286, ,0.164099,0.269376,0.363384,0.282025,0.115536,0.219325,0.188726, ,0.499169,0.220291,0.408017, ,0.628419,1.140463,0.958405,0.551516, ,0.174027,0.000000,0.128333,0.194294,0.000000,0.271617,0.000000,0.212437,0.000000,0.187876,0.000000,0.000000,0.000000,0.000000,0.542842,0.000000,0.107404,0.594136,0.399123,0.718422,0.914657,0.953075,1.042089,0.612608,0.851191,0.568234,0.617140,0.761410,0.568751,1.040109,0.671362,0.805181,1.272459,0.721598,2.515078,5.743140,2.909887,1.104509,0.363736,4.379684,5.395730,3.218189,1.504941,3.118877,0.387384,0.636229,1.360980,0.458964,0.183065,3.718578,0.242491,3.012643,0.617140,5.768551,0.421297,0.756043,0.247527,0.664852,0.443706,4.638259,0.632477,0.275606,0.278056,0.507093,0.427048,1.472602,8.875658,0.172825,0.761102,0.243198,7.007682,0.435218,0.133538,4.174073,3.016275,13.953905,0.285348,1.768185,8.408054,0.342809,0.262592, ,0.281813,0.286328,0.174027, , ,0.525736,1.063386,0.579954,0.292805,0.555125,0.591608,0.144653,1.354858,0.286984,0.255880, , , , , , , , , , , , , , , , , , , , , , , , , , , , , , , , , , , , , , , , , , , , , , , , ,0.496775,0.384527,0.194143,0.396593,0.333964,0.510021,0.422007,0.459456,0.810527,0.237880,0.331311,0.143905,0.340245,0.773571,0.410695,0.476365,0.452259,0.288639,0.303702,0.540497,0.000000,0.541277,0.198769,0.667928,0.300420,0.312813,0.425837,1.248131,0.313335,0.189011,0.325000,0.855678,0.135417,0.301506,0.122792,0.161244,0.161660, ,0.270249,0.136451, ,0.425596, ,0.301870,9.864636,0.529817,0.581639,0.241554,0.447942,0.260406,0.436483,0.359297,0.376033, ,0.298094,0.158788,0.106671,0.271814,0.233660,0.298094,0.701964,0.185921,0.377072,0.349674,0.280340,0.189727,0.000000,0.437118,0.158587, , , ,0.176233,0.531317, , , ,0.158990, ,0.328844, , , , , , , , , , , , , , , , ,0.266224, ,0.367475, , , , ,0.242022,0.460019, ,0.458754,0.238107, ,0.186476,0.445021,0.129128, , , , , , , , , , , , , , , , ,0.434085,0.757187, ,0.290989,0.214992, ,0.304812,0.636769, , , , ,1.655094,0.928572,0.293377,0.158186,1.067734,0.872966,17.144548,1.234497,0.999858,1.709784,7.375261,0.861941, ,1.472060,1.772311,0.917508,0.910001,1.165038,1.860597,4.586855, , , , , , , , , , , , , , , , , ,0.655964,0.754618,0.755065,0.276672, ,0.663291, ,0.595024,0.469689, ,0.283570,0.352134,0.335681, ,0.261768,0.879099, ,0.000000,0.705725,0.504876, ,0.712964,0.535295,0.511969,0.000000, ,0.930298,0.488134, ,0.161244,0.395340, , ,0.331019,0.124255,0.357245,0.000000, ,0.180296,0.000000, , ,0.000000, ,0.347329,0.352465,0.416806, , , , ,0.483776, , , , ,1.054240, , , , ,0.267934,0.404037,0.762958, ,0.748356, ,0.518116, , , , ,0.562180, , ,0.360938,1.173231,0.550404, , , , , , , , , , , , , , , , , 
    Burst Percentage,93.596059,53.444034,99.531981,98.377029,94.715852,93.333333,93.445378,98.082596,91.815320,91.167192,96.204934,99.245283,86.098655,96.916300,99.235474,93.573265, , , , , , , , , , , , , , , , ,0.000000,99.318569,50.531915,99.194198,99.591281,93.308824,97.905028,0.000000,0.000000,0.000000,99.660326,97.854785,98.237179,95.700110,98.515134,90.714286,97.798742,0.000000,41.221374,97.587719,0.000000,96.925859,14.285714,99.765808,99.545455,98.366394,0.000000,98.089780,94.385965,0.000000,94.662921,0.000000,50.241546,97.992701,83.850932,97.249191,0.000000,98.666667,98.562628,99.170124,0.000000,99.103943,98.351648,98.284734,99.470199,99.357326,99.259868,98.448519, ,98.097252,92.087912,98.569157, ,99.385875,0.000000,0.000000,83.666667,99.737188,7.547170,97.911833,4.123711,4.950495,0.000000,98.151951, , , , , , , , , , , , , , , , , , , , , , , , , , , , , , , , ,98.461538,98.516320,92.145015,51.533742,83.879093,96.055684,85.172414,95.630252,91.946309,98.895028,74.678112,98.519164,0.000000,66.523605,99.064546,0.000000,99.360341,95.774648,99.452804,98.959538,98.414986,96.464646,99.162011,8.695652,98.729792,99.694656,98.233696,96.563193,98.046398,99.786780,14.285714,99.735216, , , , , , , , , , , , , , , , ,92.906815,97.823721,93.775934,98.813056,99.063476,94.814815,97.206704,99.542334,97.228916,8.510638,99.220577,96.148556,97.883598,72.077922,92.929293,99.154497, , , , , , , , , , , , , , , , , , , , , , , ,46.250000, , , ,0.000000, ,0.000000,37.179487, ,99.181287,24.873096,57.931034,90.928726,98.741259,0.000000,97.373358,0.000000,19.463087,96.239316,98.982424,98.839286,0.000000,0.000000,99.661017,0.000000, , , , , , , , , , , , , , , , ,97.210113,98.299320,97.079439,89.130435,98.880895,95.175439,76.581427,0.000000,0.000000,78.059072,75.348837,84.130435,94.632768,97.043702,92.054795,93.612774,61.111111,96.091954,99.318569,97.394137,90.016367,94.594595,98.469388,99.230375,95.037221,99.717713,92.164179,89.122137,93.535876,98.258197,97.075652,99.546142,93.359375,0.000000,98.032200,99.128920,98.373984,97.635135,98.439376,97.935103,97.013838,98.895028,99.436620,75.675676,96.326531,97.229219,94.851794,99.671413,97.011952,90.594059,99.251870,99.248120,90.104167,99.760766,0.000000,87.790698,92.395437,94.348509,93.723849,75.675676,91.766467,80.392157,69.325153,94.361526,78.751857,0.000000,22.093023,92.844037,97.831325,71.544715,98.923445,0.000000,8.888889,0.000000,40.540541,94.880000,71.641791,0.000000,97.935103,99.414348,99.290780,98.786408,98.039216,98.543689,97.546012,33.333333,97.787611,98.083067,97.938144,12.500000,97.506925,88.172043,93.750000,90.069686,13.333333,99.206349,40.495868,98.918919,99.095841,99.754300,92.907801,98.774081,99.842520,99.351492,98.934281,21.383648,98.877456,32.000000,98.796148,18.292683,99.164345,97.475134,98.423956,99.637681,99.465649,99.393939,99.065421,99.532710,98.663102,99.769585,99.713740,99.149453,95.975232,99.489275,92.651757,97.964377,99.587629,83.587786,95.051546,96.417445,94.819466,98.963916,98.568702,89.552239,93.430657,82.554517,99.552716,92.351275,98.962882,97.799175,93.881453,99.533147,95.300113,99.350266,98.628634,90.579710,97.202797,93.172119,99.434572,99.281314,97.471403,92.062123,98.638298,96.887160,85.000000,96.836555,96.166134,92.331288,98.940397,97.239120,98.759305,99.020979,93.072289,93.805310,97.014925,99.638989,92.090395,95.583596,92.663043,99.677419,99.439776,94.855305,99.277978,99.473684,92.744479,96.952909,8.163265,99.612403,71.739130,98.048780,14.814815,8.333333,97.044335,90.434783,82.000000,69.402985,97.892272,96.296296,99.218750,96.751740,97.196262,99.145299, , , , , , , , , , , , , , , , , , , , , , , , , , , , , , , , , , , , , , , , , , , , , , , , ,95.994065,91.626331,72.887324,35.672515,98.411215,97.235023,98.728814,66.044776,54.838710,96.829080,65.671642,74.013158,90.537084,27.731092,72.068966,74.025974,94.852941,97.217288,90.414647,94.953136,99.144254,97.792494,97.975709,98.832117,98.124098,96.411765,95.712310,82.500000,97.368421,99.176471,98.839590,97.714808,99.666667,88.082902,98.918919,98.780488,99.735450,0.000000,67.272727,99.823009,0.000000,46.363636,18.750000,97.402597,60.810811,93.247588,63.321799,90.202703,98.871795,99.915896,98.513986,98.876404,80.155642, ,98.691385,94.711538,98.334540,98.877005,95.348837,98.913043,91.285714,99.121844,98.999166,98.787879,97.741935,97.689769,97.441365,97.183099,98.876404, ,0.000000,0.000000,24.074074,24.324324,0.000000,0.000000,16.326531,97.368421,0.000000,60.509554, , , , , , , , , , , , , , , , ,71.428571,0.000000,96.371882,0.000000,0.000000,12.345679,0.000000,92.514970,75.531915,0.000000,98.931800,76.400000,0.000000,96.629213,93.233083,99.636364, , , , , , , , , , , , , , , , ,97.272727,40.952381,0.000000,46.031746,97.087379,0.000000,99.012346,99.474606,0.000000,13.793103,19.402985,0.000000,71.717172,97.619048,50.980392,94.270833,91.375969,93.502052,37.037037,98.598131,98.163842,94.485684,81.401617,98.227848,0.000000,92.238806,72.297297,97.244834,96.409336,97.159763,92.427184,83.865939,0.000000, , , , , , , ,0.000000, , , , , , , ,0.000000,95.530726,89.225589,98.177677,86.407767,26.923077,95.399516,0.000000,96.000000,92.098765,0.000000,80.508475,89.538462,66.857143,50.000000,42.307692,97.416268,6.349206,43.720930,98.044504,97.942002,0.000000,16.071429,98.547718,89.003436,13.934426,9.638554,96.446701,88.757396,4.166667,97.648515,94.127243,0.000000,5.882353,30.303030,92.307692,96.043656,52.606635,12.987013,42.009132,29.166667,0.000000,6.666667,28.318584,10.843373,92.636580,95.325055,97.104377,0.000000,13.414634, ,0.000000,89.503546, ,0.000000, , ,44.594595, , , , ,32.142857,42.424242,54.133333,0.000000,69.811321,0.000000,18.421053,0.000000,0.000000,0.000000,7.558140,82.164634, ,0.000000,82.027650,98.691099,28.378378,9.574468, , , , , , , , , , , , , , , , 
Viability Metrics
    Resistance (kOhms), , , , , , , , , , , , , , , , , , , , , , , , , , , , , , , , , , , , , , , , , , , , , , , , , , , , , , , , , , , , , , , , , , , , , , , , , , , , , , , , , , , , , , , , , , , , , , , , , , , , , , , , , , , , , , , , , , , , , , , , , , , , , , , , , , , , , , , , , , , , , , , , , , , , , , , , , , , , , , , , , , , , , , , , , , , , , , , , , , , , , , , , , , , , , , , , , , , , , , , , , , , , , , , , , , , , , , , , , , , , , , , , , , , , , , , , , , , , , , , , , , , , , , , , , , , , , , , , , , , , , , , , , , , , , , , , , , , , , , , , , , , , , , , , , , , , , , , , , , , , , , , , , , , , , , , , , , , , , , , , , , , , , , , , , , , , , , , , , , , , , , , , , , , , , , , , , , , , , , , , , , , , , , , , , , , , , , , , , , , , , , , , , , , , , , , , , , , , , , , , , , , , , , , , , , , , , , , , , , , , , , , , , , , , , , , , , , , , , , , , , , , , , , , , , , , , , , , , , , , , , , , , , , , , , , , , , , , , , , , , , , , , , , , , , , , , , , , , , , , , , , , , , , , , , , , , , , , , , , , , , , , , , , , , , , , , , , , , , , , , , , , , , , , , , , , , , , , , , , , , , , , , , , , , , , , , , , , , , , , , , , , , , , , , , , , , , , , , , , , , , , , , , , , , , , , , , , , , , , , , , , , , , , , , , , , , , , , , , , , , , , , , , , , , , , , , , , , , , , , , , , , , , , , , , , , , , , , , , , , , , , , , , , , , , , , , , , , , , , , , , , , , , , , , , , , , , , , , , , , , , , , , , , , , , , , , , , , , , , , , , , , , , , , , , , , , , , , , , , , , , , , , , , , , 

