AxIS Spike File,Z:\Z_basket\EndPoints\230928_LvM_256295_109-1746_MEA_rCortex_Acute_DDT_Baseline_Male_DIV10(000)(000).spk
File Type,48-well

Analysis Start,1200.000000
Analysis End,1800.000000
Active Electrode Criterion (spks/min), 6
Minimum Covered Resistance (kOhms),18
Remove Coincident Artifacts,True

Electrode Burst Settings,
    Algorithm,Poisson Surprise,
    Min Surprise,10.000000

Network Burst Settings,
    Algorithm,ISI Threshold,Adaptive,
    Min # of Spikes,40.000000
    Min # of Electrodes (%),15.000000

Synchrony Settings,
    Synchrony Window,20.000000

Average Network Burst Analysis Settings,
    Number of network bursts vary by well
    Network Burst Window Start (ms),0.000000
    Network Burst Window End (ms),100.000000
    Bin Size (ms),1.000000

Well Averages,A1,A2,A3,A4,A5,A6,A7,A8,B1,B2,B3,B4,B5,B6,B7,B8,C1,C2,C3,C4,C5,C6,C7,C8,D1,D2,D3,D4,D5,D6,D7,D8,E1,E2,E3,E4,E5,E6,E7,E8,F1,F2,F3,F4,F5,F6,F7,F8,
Treatment/ID,,,,,,,,,,,,,,,,,,,,,,,,,,,,,,,,,,,,,,,,,,,,,,,,
Activity Metrics
    Number of Spikes,10304.000000,19089.000000,9490.000000,8966.000000,24759.000000,3116.000000,10741.000000,6621.000000,19216.000000,13032.000000,13041.000000,17216.000000,2240.000000,4782.000000,12315.000000,1432.000000,24540.000000,11432.000000,8073.000000,3689.000000,18892.000000,2549.000000,21628.000000,1202.000000,14710.000000,13952.000000,8583.000000,5639.000000,21030.000000,3572.000000,21423.000000,5568.000000,27873.000000,21282.000000,9333.000000,22556.000000,27665.000000,4302.000000,12710.000000,4632.000000,10695.000000,6156.000000,9207.000000,9227.000000,12595.000000,7613.000000,7992.000000,3162.000000
    Mean Firing Rate (Hz),1.073333,1.988438,0.988542,0.933958,2.579063,0.324583,1.118854,0.689688,2.001667,1.357500,1.358438,1.793333,0.233333,0.498125,1.282812,0.149167,2.556250,1.190833,0.840938,0.384271,1.967917,0.265521,2.252917,0.125208,1.532292,1.453333,0.894062,0.587396,2.190625,0.372083,2.231562,0.580000,2.903437,2.216875,0.972187,2.349583,2.881771,0.448125,1.323958,0.482500,1.114063,0.641250,0.959063,0.961146,1.311979,0.793021,0.832500,0.329375
    ISI Coefficient of Variation - Avg,4.405825,3.708457,6.310541,3.575584,2.846223,4.166319,2.747167,5.019306,3.978490,4.025708,2.909481,4.525325,5.020364,5.966178,4.760970,5.298483,4.152298,6.969995,5.297179,5.604039,3.522597,5.238545,3.641828,6.975208,4.644697,4.568540,4.724109,3.627151,4.847321,4.147520,3.294617,4.822437,4.143611,3.553593,5.128361,3.604953,4.582506,4.104835,2.962048,4.464969,3.506420,2.626755,7.941051,3.767459,4.367123,4.356996,3.378460,3.228036
    Number of Active Electrodes,16.000000,15.000000,16.000000,14.000000,16.000000,12.000000,11.000000,15.000000,16.000000,14.000000,15.000000,16.000000,6.000000,15.000000,16.000000,12.000000,16.000000,15.000000,15.000000,13.000000,16.000000,15.000000,16.000000,9.000000,16.000000,16.000000,14.000000,14.000000,15.000000,14.000000,16.000000,13.000000,16.000000,15.000000,16.000000,12.000000,16.000000,14.000000,16.000000,16.000000,16.000000,11.000000,15.000000,13.000000,16.000000,16.000000,15.000000,11.000000
    Weighted Mean Firing Rate (Hz),1.073333,2.121000,0.988542,1.061548,2.579063,0.419861,1.615303,0.729333,2.001667,1.551310,1.449000,1.793333,0.613056,0.527000,1.282812,0.182917,2.556250,1.270222,0.897000,0.460769,1.967917,0.283222,2.252917,0.177778,1.532292,1.453333,1.021548,0.666548,2.333333,0.418690,2.231562,0.713846,2.903438,2.364667,0.972188,3.129583,2.881771,0.506548,1.323958,0.482500,1.114063,0.912727,1.023000,1.182949,1.311979,0.793021,0.887333,0.474848
Electrode Burst Metrics
    Number of Bursts,319.000000,310.000000,182.000000,210.000000,375.000000,256.000000,313.000000,387.000000,393.000000,225.000000,254.000000,439.000000,33.000000,98.000000,368.000000,71.000000,338.000000,110.000000,270.000000,70.000000,302.000000,120.000000,737.000000,47.000000,396.000000,289.000000,264.000000,88.000000,141.000000,223.000000,409.000000,208.000000,428.000000,437.000000,286.000000,351.000000,262.000000,161.000000,378.000000,218.000000,352.000000,168.000000,165.000000,290.000000,272.000000,491.000000,263.000000,277.000000
    Number of Bursting Electrodes,16.000000,15.000000,16.000000,15.000000,16.000000,13.000000,13.000000,15.000000,16.000000,13.000000,15.000000,16.000000,7.000000,16.000000,16.000000,16.000000,16.000000,15.000000,15.000000,15.000000,16.000000,15.000000,16.000000,16.000000,16.000000,16.000000,14.000000,15.000000,16.000000,15.000000,16.000000,13.000000,16.000000,15.000000,16.000000,13.000000,16.000000,15.000000,16.000000,16.000000,16.000000,14.000000,15.000000,13.000000,16.000000,16.000000,15.000000,11.000000
    Burst Duration - Avg (sec),0.264697,0.422744,0.285654,0.159531,0.251504,0.062937,0.102352,0.112802,0.279820,0.438517,0.378904,0.530503,0.525921,0.161454,0.178888,0.222386,0.335670,0.515274,0.306369,0.433942,0.362100,0.160191,0.137843,0.259842,0.160023,0.701728,0.279884,0.264717,0.389770,0.100736,0.394154,0.168702,0.355424,0.374702,0.234205,0.202040,0.550107,0.209596,0.148020,0.206510,0.113469,0.692790,0.401817,0.125670,0.355114,0.094173,0.257809,0.089812
    Burst Duration - Std (sec),0.376726,0.463250,0.121289,0.105231,0.267368,0.050339,0.049780,0.034976,0.286956,0.406622,0.391421,0.521992,0.138893,0.101363,0.137144,0.050996,0.374601,0.170702,0.333814,0.229382,0.339599,0.090809,0.042884,0.057462,0.047433,0.807758,0.340287,0.229504,0.182320,0.019712,0.404221,0.043926,0.376330,0.659545,0.210159,0.201215,0.303370,0.158739,0.055589,0.340245,0.042451,1.837038,0.096295,0.034801,0.346706,0.041941,0.342815,0.040031
    Number of Spikes per Burst - Avg,21.956542,25.039230,40.009848,17.471160,23.463188,9.379354,14.591520,15.488558,29.560857,31.412388,28.512941,26.897449,25.342857,18.672619,23.182493,17.496875,34.408454,66.468915,25.708454,42.431693,25.365425,20.450000,20.162334,23.718750,28.182230,33.125977,21.321861,20.773016,51.550250,14.151588,28.105040,20.581731,35.914359,28.592432,22.711820,23.524397,46.384445,17.625836,19.763165,17.185346,17.713051,12.916296,53.630303,19.828722,26.616835,12.260022,18.374439,8.322694
    Number of Spikes per Burst - Std,7.939125,14.597869,20.146171,9.410847,6.374967,5.314059,7.611912,6.827660,11.175065,13.462717,8.069963,15.493943,14.161316,7.284109,8.279526,9.616903,14.912868,30.412965,11.798363,26.063293,8.017058,9.297513,4.174490,13.490699,11.537897,24.767947,8.059874,10.706660,21.954122,5.056108,15.644294,7.949441,18.886022,34.180747,6.874540,8.839011,17.519506,6.932716,7.020532,7.002602,9.708536,7.996151,21.069556,5.317302,6.613300,5.348990,7.945636,3.408563
    Mean ISI within Burst - Avg (sec),0.010928,0.020928,0.008083,0.009426,0.009701,0.007079,0.009427,0.008680,0.008616,0.016504,0.013254,0.017419,0.025055,0.009085,0.008052,0.018738,0.008728,0.010400,0.011111,0.014387,0.013233,0.009133,0.007068,0.016496,0.006425,0.020401,0.011429,0.014602,0.009781,0.009435,0.012664,0.009317,0.010460,0.010085,0.011161,0.010924,0.012472,0.012785,0.008085,0.010605,0.008321,0.033576,0.008807,0.006790,0.013235,0.008547,0.013519,0.011952
    Mean ISI within Burst - Std (sec),0.010420,0.020593,0.002567,0.004264,0.007503,0.001834,0.005445,0.003856,0.004518,0.017796,0.012104,0.011951,0.009681,0.002560,0.004159,0.013839,0.004662,0.008152,0.006497,0.008390,0.009869,0.004176,0.001697,0.011577,0.001992,0.019907,0.010627,0.014171,0.006035,0.005333,0.010404,0.003098,0.007606,0.006447,0.008364,0.013454,0.006055,0.009384,0.002194,0.009678,0.005223,0.060572,0.003622,0.001818,0.011503,0.002015,0.010452,0.003876
    Median ISI within Burst - Avg (sec),0.008435,0.018083,0.005149,0.006500,0.007288,0.005097,0.007035,0.005223,0.005999,0.012638,0.010205,0.014512,0.014082,0.004939,0.005598,0.012536,0.006404,0.007244,0.007205,0.010290,0.008995,0.005779,0.004584,0.007084,0.004217,0.016038,0.008848,0.006930,0.006936,0.006557,0.009497,0.005301,0.007756,0.007334,0.007728,0.009259,0.008883,0.004786,0.005022,0.006372,0.006105,0.026417,0.005662,0.004588,0.009649,0.005808,0.010095,0.008457
    Median ISI within Burst - Std (sec),0.010580,0.020655,0.001566,0.003592,0.006839,0.001736,0.004024,0.002017,0.003892,0.014026,0.011417,0.010981,0.006948,0.001269,0.003741,0.019040,0.004779,0.006193,0.005274,0.006767,0.007273,0.003548,0.001055,0.004135,0.001026,0.017803,0.010462,0.003788,0.006120,0.004440,0.009376,0.001774,0.006613,0.006478,0.007108,0.014514,0.005951,0.002405,0.000905,0.006697,0.005994,0.049922,0.002586,0.001358,0.010098,0.001526,0.009275,0.004230
    Median/Mean ISI within Burst - Avg,0.689175,0.808734,0.656875,0.703871,0.709885,0.771436,0.757660,0.648473,0.676288,0.724754,0.687280,0.781661,0.677615,0.603487,0.699628,0.562819,0.686150,0.669699,0.661508,0.704987,0.672313,0.635784,0.688180,0.505052,0.682381,0.730297,0.718106,0.621586,0.685708,0.693278,0.687405,0.587461,0.711967,0.738860,0.672029,0.725585,0.681073,0.597617,0.663492,0.619161,0.702848,0.761309,0.641532,0.678872,0.686348,0.706917,0.734733,0.768971
    Median/Mean ISI within Burst - Std,0.093611,0.112267,0.085086,0.181278,0.062566,0.182109,0.055436,0.080205,0.107084,0.104712,0.093681,0.079388,0.082495,0.092523,0.063196,0.246672,0.107763,0.092025,0.114078,0.100910,0.109668,0.100039,0.050475,0.102724,0.052086,0.158361,0.080011,0.112433,0.107891,0.100028,0.112243,0.058116,0.078728,0.134195,0.085074,0.104407,0.160832,0.128038,0.062799,0.077064,0.117931,0.137482,0.063778,0.050959,0.092985,0.083739,0.065116,0.168787
    Inter-Burst Interval - Avg (sec),31.518185,37.501951,49.140859,39.066640,30.214304,29.325456,27.068981,26.689313,26.950193,46.727490,45.879079,26.318648,143.596997,61.622242,25.144443,104.724014,35.693370,78.917557,50.593474,138.083482,37.964439,80.494840,13.553862,149.844915,23.457441,38.406853,32.552218,104.761338,60.957511,38.972908,28.451971,37.936469,24.469590,20.422788,39.635120,34.419632,55.589045,51.673350,23.335867,39.760518,24.991572,64.234356,56.827331,27.707954,34.656838,19.522999,35.234236,40.849191
    Inter-Burst Interval - Std (sec),6.120431,32.734532,4.059442,19.833752,8.380132,1.281202,15.359206,20.128464,4.812879,24.537234,14.871049,10.923776,20.461801,3.725816,5.237289,4.626657,10.664592,6.439269,16.281660,39.599893,10.730030,0.000331,2.470549,35.257633,2.100202,13.608839,7.270512,7.117683,11.411741,4.352183,9.235740,0.002149,6.017862,4.002526,11.373442,41.363681,21.755944,7.853872,2.662597,3.329654,4.305483,39.535150,0.000243,0.743291,2.730053,4.709175,8.760197,48.202226
    Burst Frequency - Avg (Hz),0.033229,0.034444,0.018958,0.023333,0.039063,0.032821,0.040128,0.043000,0.040938,0.028846,0.028222,0.045729,0.007857,0.010208,0.038333,0.007396,0.035208,0.012222,0.030000,0.007778,0.031458,0.013333,0.076771,0.004896,0.041250,0.030104,0.031429,0.009778,0.014687,0.024778,0.042604,0.026667,0.044583,0.048556,0.029792,0.045000,0.027292,0.017889,0.039375,0.022708,0.036667,0.020000,0.018333,0.037179,0.028333,0.051146,0.029222,0.041970
    Burst Frequency - Std (Hz),0.009708,0.018362,0.001813,0.009779,0.039191,0.009462,0.025806,0.009702,0.013931,0.024846,0.021011,0.021968,0.001260,0.000569,0.017385,0.002275,0.030386,0.001029,0.033865,0.002572,0.018276,0.000000,0.011855,0.000417,0.002950,0.011229,0.017769,0.002346,0.010242,0.006810,0.028803,0.000000,0.022431,0.013420,0.017308,0.027622,0.024554,0.005436,0.004077,0.003745,0.010238,0.015484,0.000000,0.001051,0.002018,0.009481,0.009958,0.024504
    IBI Coefficient of Variation - Avg,0.680415,0.562295,0.576114,0.599792,0.538050,1.076101,0.518284,0.937766,0.872909,0.570542,0.660866,0.697292,0.549878,1.470879,0.822642,0.553243,0.660704,0.609757,0.635729,0.745466,0.538924,0.653839,0.513904,0.798857,0.383879,0.503244,0.782632,0.467806,0.753357,0.533136,0.669541,0.653461,0.522244,0.596824,0.978799,0.543759,0.713622,0.687043,0.569960,0.751768,0.533377,0.677849,0.858759,0.575485,0.682094,1.149914,0.687459,0.735032
    IBI Coefficient of Variation - Std,0.077934,0.234446,0.040054,0.117256,0.264420,0.030665,0.092014,0.077941,0.130219,0.208897,0.157752,0.170936,0.111461,0.076587,0.135743,0.023770,0.133624,0.046979,0.166244,0.216974,0.144710,0.000030,0.051181,0.000018,0.036155,0.100099,0.151933,0.068865,0.147301,0.074124,0.152631,0.000164,0.063192,0.116699,0.254454,0.027473,0.135609,0.093238,0.088215,0.019964,0.005226,0.307237,0.000017,0.023907,0.064370,0.034419,0.135789,0.062868
    Burst Percentage - Avg,79.575000,64.284225,90.547835,63.166927,47.159762,77.529434,45.157958,85.647555,72.274466,53.025333,61.388011,78.147920,58.458926,80.878819,82.189901,86.752805,58.824120,79.918129,92.551217,84.489749,60.958849,96.629788,77.951686,92.730711,81.887395,80.130062,79.541441,67.240047,62.467009,83.921077,68.341804,80.948088,66.175248,71.298449,80.888415,71.038084,61.344275,66.905465,69.369493,86.887988,71.516798,46.377128,96.295072,74.963199,70.652344,84.144160,68.781660,58.777062
    Burst Percentage - Std,25.746519,34.198213,18.378113,39.015139,24.805628,32.711778,33.050175,27.804779,24.138878,36.632032,24.258639,18.988165,43.546977,30.453131,21.256909,23.674503,29.995134,24.561096,9.922149,16.129355,31.144815,2.496786,23.002819,8.725887,22.132120,17.682266,29.021046,38.062712,33.126175,31.158089,23.448666,21.863191,30.325363,21.398551,22.019524,28.758818,30.461147,29.397273,21.469883,12.841804,32.248341,31.216347,3.517219,25.801052,27.000622,16.297701,27.423786,42.618376
Network Burst Metrics
    Number of Network Bursts,18.000000,28.000000,12.000000,18.000000,15.000000,22.000000,39.000000,28.000000,22.000000,13.000000,12.000000,21.000000,5.000000,6.000000,20.000000,5.000000,14.000000,7.000000,11.000000,4.000000,14.000000,8.000000,55.000000,4.000000,25.000000,14.000000,15.000000,7.000000,7.000000,16.000000,17.000000,16.000000,21.000000,30.000000,13.000000,25.000000,9.000000,12.000000,26.000000,13.000000,24.000000,22.000000,11.000000,22.000000,17.000000,33.000000,16.000000,35.000000
    Network Burst Frequency,0.030000,0.046667,0.020000,0.030000,0.025000,0.036667,0.065000,0.046667,0.036667,0.021667,0.020000,0.035000,0.008333,0.010000,0.033333,0.008333,0.023333,0.011667,0.018333,0.006667,0.023333,0.013333,0.091667,0.006667,0.041667,0.023333,0.025000,0.011667,0.011667,0.026667,0.028333,0.026667,0.035000,0.050000,0.021667,0.041667,0.015000,0.020000,0.043333,0.021667,0.040000,0.036667,0.018333,0.036667,0.028333,0.055000,0.026667,0.058333
    Network Burst Duration - Avg (sec),0.375809,0.288360,0.865733,0.508747,0.146816,0.288735,0.173746,0.227597,0.255142,0.263502,0.300833,0.242510,0.807184,0.423600,0.221308,0.285104,0.249011,0.927417,0.300320,0.540640,0.157223,0.659780,0.513897,0.233180,0.458870,0.273714,0.178096,0.676777,0.489657,0.214035,0.224805,0.490195,0.368808,0.167104,0.235409,0.196195,0.555964,0.312380,0.261098,0.312049,0.309923,0.268942,0.937891,0.463862,0.352833,0.238233,0.283460,0.242231
    Network Burst Duration - Std (sec),0.066281,0.150780,0.172525,0.258559,0.015740,0.079916,0.054979,0.041766,0.064195,0.080824,0.089772,0.075956,0.456042,0.034317,0.080840,0.032408,0.018021,0.325111,0.046555,0.211086,0.025448,0.096235,0.153428,0.068998,0.077367,0.075546,0.020409,0.444297,0.168354,0.050412,0.059212,0.083122,0.037555,0.063277,0.048631,0.037814,0.128991,0.073068,0.051529,0.067240,0.075968,0.186838,0.322581,0.149775,0.147612,0.049448,0.073096,0.051397
    Number of Spikes per Network Burst - Avg,343.777778,228.142857,621.333333,238.833333,341.400000,124.772727,154.153846,234.642857,434.863636,347.153846,420.083333,299.380952,179.400000,309.333333,354.950000,275.800000,485.714286,1051.428571,376.909091,674.000000,353.285714,312.000000,289.127273,286.500000,460.920000,365.642857,288.533333,275.428571,899.714286,216.125000,361.235294,279.187500,555.476190,254.266667,380.230769,278.120000,811.000000,247.416667,299.923077,278.153846,290.083333,100.681818,818.090909,268.590909,392.176471,199.303030,249.875000,88.285714
    Number of Spikes per Network Burst - Std,81.008028,168.211004,192.280256,111.637149,30.434473,11.066603,68.828367,24.149556,108.920808,138.416549,145.835186,115.778442,76.611357,23.027520,107.280976,18.253767,45.233460,303.652135,63.018179,242.547590,57.141429,10.743769,133.909457,96.669540,83.582753,120.832756,25.553492,86.969069,250.305623,38.397700,64.920653,18.797939,75.174210,116.129219,76.697625,59.955761,232.681112,85.780331,75.658138,14.281959,42.067148,60.831842,158.422508,22.929829,154.635554,17.803590,87.081475,12.351641
    Mean ISI within Network Burst - Avg (sec),0.001424,0.001431,0.002784,0.002165,0.000431,0.002329,0.001233,0.000978,0.000637,0.000810,0.000811,0.000859,0.004367,0.001379,0.000652,0.001036,0.000515,0.000872,0.000802,0.000791,0.000447,0.002120,0.002863,0.000840,0.001017,0.000772,0.000620,0.003018,0.000536,0.001008,0.000617,0.001765,0.000671,0.000705,0.000621,0.000741,0.000698,0.001623,0.000933,0.001125,0.001067,0.002736,0.001147,0.001729,0.000923,0.001198,0.001378,0.002801
    Mean ISI within Network Burst - Std (sec),0.001598,0.000378,0.005257,0.000355,0.000019,0.000603,0.000317,0.000162,0.000329,0.000154,0.000350,0.000181,0.002244,0.000143,0.000258,0.000072,0.000028,0.000104,0.000052,0.000059,0.000018,0.000294,0.002890,0.000119,0.000179,0.000090,0.000050,0.003410,0.000048,0.000207,0.000070,0.000283,0.000067,0.000147,0.000028,0.000216,0.000059,0.001140,0.000318,0.000228,0.000182,0.000740,0.000354,0.000482,0.000203,0.000207,0.000853,0.000592
    Median ISI within Network Burst - Avg (sec),0.000460,0.000801,0.001513,0.000500,0.000251,0.000475,0.000559,0.000361,0.000342,0.000449,0.000347,0.000385,0.001416,0.000333,0.000300,0.000432,0.000240,0.000366,0.000385,0.000440,0.000257,0.000380,0.000625,0.000420,0.000301,0.000354,0.000283,0.001611,0.000297,0.000380,0.000299,0.000442,0.000324,0.000368,0.000286,0.000376,0.000338,0.000653,0.000386,0.000329,0.000327,0.000998,0.000356,0.000349,0.000405,0.000413,0.000575,0.000879
    Median ISI within Network Burst - Std (sec),0.000795,0.000281,0.004058,0.000065,0.000028,0.000060,0.000119,0.000040,0.000301,0.000095,0.000120,0.000086,0.000364,0.000033,0.000142,0.000044,0.000000,0.000043,0.000032,0.000046,0.000034,0.000037,0.000671,0.000040,0.000053,0.000041,0.000041,0.003100,0.000039,0.000085,0.000035,0.000045,0.000031,0.000082,0.000039,0.000208,0.000035,0.000754,0.000170,0.000024,0.000033,0.000234,0.000042,0.000045,0.000115,0.000045,0.000509,0.000165
    Median/Mean ISI within Network Burst - Avg,0.274801,0.554470,0.313158,0.233249,0.582023,0.217466,0.463440,0.378913,0.505360,0.554495,0.434646,0.449692,0.370311,0.244159,0.459020,0.418861,0.467044,0.422883,0.481999,0.556009,0.574589,0.183970,0.223672,0.508230,0.301338,0.460503,0.457034,0.352028,0.553414,0.387180,0.486142,0.257381,0.484620,0.524446,0.461791,0.493417,0.484500,0.351132,0.406767,0.301418,0.314886,0.377312,0.330837,0.214973,0.436409,0.352971,0.387353,0.321610
    Median/Mean ISI within Network Burst - Std,0.063869,0.059112,0.138521,0.026817,0.062728,0.064449,0.077583,0.069695,0.090246,0.039689,0.034667,0.057823,0.130045,0.037438,0.069721,0.052868,0.024886,0.052424,0.046907,0.037958,0.058406,0.040877,0.059785,0.087773,0.058049,0.040099,0.064087,0.218772,0.038750,0.086906,0.049670,0.055486,0.040033,0.066055,0.065230,0.081649,0.032521,0.126566,0.059270,0.053033,0.062799,0.076317,0.079178,0.060660,0.047675,0.059842,0.076808,0.064404
    Number of Elecs Participating in Burst - Avg,15.555556,12.178571,14.916667,15.000000,16.000000,13.863636,11.589744,16.000000,15.772727,11.769231,14.750000,15.857143,7.000000,16.000000,15.750000,16.000000,16.000000,15.000000,15.000000,15.000000,16.000000,15.000000,15.018182,16.000000,15.960000,15.500000,14.000000,13.571429,16.000000,15.812500,16.000000,13.000000,16.000000,14.833333,16.000000,12.200000,16.000000,15.000000,15.807692,16.000000,16.000000,12.363636,15.000000,13.000000,15.823529,16.000000,14.937500,11.600000
    Number of Elecs Participating in Burst - Std,1.885618,1.785820,3.752777,0.766965,0.000000,0.351250,2.160872,0.000000,1.066004,1.640825,0.866025,0.478091,0.000000,0.000000,1.118034,0.000000,0.000000,0.000000,0.000000,0.000000,0.000000,0.000000,2.321326,0.000000,0.200000,0.759555,0.000000,3.779645,0.000000,0.403113,0.000000,0.000000,0.000000,0.461133,0.000000,0.645497,0.000000,1.906925,0.980581,0.000000,0.000000,1.813848,0.000000,0.000000,0.528594,0.000000,1.289380,0.553066
    Number of Spikes per Network Burst per Channel - Avg,21.642361,17.724861,40.052083,15.798578,21.337500,9.004995,12.814382,14.665179,27.305527,28.666502,28.061111,18.783022,25.628571,19.333333,22.337784,17.237500,30.357143,70.095238,25.127273,44.933333,22.080357,20.800000,18.483420,17.906250,28.841667,23.319175,20.609524,21.161905,56.232143,13.651302,22.577206,21.475962,34.717262,17.034432,23.764423,22.672462,50.687500,15.968182,18.859921,17.384615,18.130208,7.907213,54.539394,20.660839,24.616702,12.456439,16.383741,7.600866
    Number of Spikes per Network Burst per Channel - Std,4.460344,10.572199,8.243663,7.136296,1.902155,0.819430,4.115899,1.509347,6.411909,9.490542,9.565023,7.119749,10.944480,1.439220,6.359540,1.140860,2.827091,20.243476,4.201212,16.169839,3.571339,0.716251,7.755810,6.041846,5.116641,6.941082,1.825249,5.705989,15.644101,2.385532,4.057541,1.445995,4.698388,7.632144,4.793602,4.689816,14.542570,4.761716,4.449154,0.892622,2.629197,3.981820,10.561501,1.763833,9.489300,1.112724,5.453646,0.947000
    Network Burst Percentage,60.054348,33.464299,78.566913,47.947803,20.683388,88.093710,55.972442,99.229724,49.786636,34.630141,38.655011,36.518355,40.044643,38.812212,57.645148,96.298883,27.709861,64.380686,51.356373,73.082136,26.180394,97.920753,73.525060,95.341098,78.334466,36.690080,50.425259,34.190459,29.947694,96.808511,28.665453,80.226293,41.850536,35.842496,52.962606,30.825501,26.383517,69.014412,61.353265,78.065630,65.095839,35.981157,97.740849,64.040316,52.933704,86.391698,50.025025,97.722960
    Network IBI Coefficient of Variation,0.482854,0.433606,0.587857,0.660487,0.368389,1.077667,0.520534,0.926536,0.865272,0.552462,0.721844,0.858768,0.513617,1.337634,0.859371,0.484646,0.670059,0.538827,0.600498,0.593992,0.462381,0.605348,0.500159,0.987272,0.371052,0.443033,0.800789,0.555210,0.761802,0.494905,0.712002,0.631632,0.479528,0.669431,1.061159,0.514844,0.715703,0.686714,0.644575,0.726372,0.523823,0.524497,0.814105,0.553644,0.674821,1.140359,0.628986,0.734815
    Network Normalized Duration IQR,0.221069,0.537512,0.274345,0.330550,0.069206,0.214592,0.473735,0.222524,0.340477,0.535376,0.155590,0.452160,0.561562,0.096930,0.296154,0.105948,0.040389,0.603462,0.104011,0.016273,0.126837,0.057502,0.430688,0.205866,0.152088,0.478490,0.055537,0.846901,0.677611,0.136848,0.287424,0.181633,0.137925,0.703741,0.178750,0.158520,0.287878,0.289940,0.268139,0.197983,0.258356,0.477425,0.385719,0.377060,0.837891,0.301610,0.141805,0.253889
Synchrony Metrics
    Area Under Normalized Cross-Correlation,0.714157,0.183599,0.614807,0.443223,0.343189,0.655160,0.380210,0.765520,0.585549,0.263941,0.579117,0.468520,0.125965,0.591001,0.638122,0.689535,0.506729,0.505681,0.477849,0.474093,0.455767,0.729259,0.670151,0.762503,0.589467,0.408742,0.563399,0.405644,0.329724,0.763894,0.533675,0.603280,0.462571,0.482015,0.583158,0.396669,0.364813,0.666678,0.586783,0.800779,0.641297,0.230948,0.696865,0.549098,0.525434,0.734483,0.509836,0.444484
    Area Under Cross-Correlation,4.404931,1.933778,4.211847,1.724694,4.205806,0.978611,2.079083,3.157042,6.786972,2.108444,3.364333,3.463319,0.084681,1.028222,4.779278,0.529931,5.153833,4.042833,2.215889,1.154361,3.533708,1.205431,9.457639,0.512667,7.833736,2.854083,2.766097,0.797819,4.332542,1.777556,4.248847,1.934153,7.374764,4.279375,3.300222,3.801861,4.430722,1.607861,4.745972,2.018278,3.911125,0.453806,4.762861,3.229736,3.549472,3.014833,1.958667,0.618583
    Full Width at Half Height of Normalized Cross-Correlation,28.000000,52.000000,21.000000,20.000000,31.000000,16.000000,28.000000,17.000000,34.000000,51.000000,15.000000,43.000000,6.000000,12.000000,34.000000,12.000000,45.000000,35.000000,38.000000,18.000000,42.000000,17.000000,30.000000,20.000000,37.000000,44.000000,26.000000,34.000000,15.000000,18.000000,33.000000,19.000000,42.000000,41.000000,11.000000,37.000000,50.000000,23.000000,28.000000,17.000000,26.000000,33.000000,15.000000,13.000000,27.000000,19.000000,33.000000,17.000000
    Full Width at Half Height of Cross-Correlation,87.000000,168.000000,175.000000,78.000000,99.000000,33.000000,94.000000,58.000000,121.000000,181.000000,91.000000,117.000000,23.000000,67.000000,96.000000,44.000000,129.000000,229.000000,117.000000,263.000000,109.000000,107.000000,93.000000,54.000000,133.000000,141.000000,88.000000,91.000000,269.000000,70.000000,97.000000,90.000000,168.000000,99.000000,95.000000,111.000000,270.000000,74.000000,100.000000,61.000000,85.000000,78.000000,240.000000,86.000000,121.000000,63.000000,96.000000,46.000000
    Synchrony Index, , , , , , , , , , , , , , , , , , , , , , , , , , , , , , , , , , , , , , , , , , , , , , , , 
    Kreuz SPIKE Distance, , , , , , , , , , , , , , , , , , , , , , , , , , , , , , , , , , , , , , , , , , , , , , , , 
Average Network Burst Metrics
    Start Electrode,32.000000,12.000000,11.000000,11.000000,14.000000,22.000000,12.000000,12.000000,14.000000,14.000000,11.000000,21.000000,24.000000,43.000000,12.000000,42.000000,34.000000,11.000000,23.000000,11.000000,32.000000,22.000000,43.000000,21.000000,14.000000,14.000000,11.000000,33.000000,11.000000,11.000000,11.000000,41.000000,14.000000,13.000000,13.000000,12.000000,41.000000,24.000000,34.000000,21.000000,14.000000,43.000000,43.000000,24.000000,14.000000,14.000000,14.000000,44.000000
    Percent Bursts with Start Electrode,38.888889,28.571429,41.666667,27.777778,33.333333,36.363636,30.769231,71.428571,31.818182,61.538462,58.333333,33.333333,40.000000,50.000000,50.000000,40.000000,50.000000,85.714286,63.636364,75.000000,28.571429,25.000000,25.454545,75.000000,48.000000,50.000000,26.666667,28.571429,57.142857,37.500000,47.058824,37.500000,33.333333,36.666667,23.076923,32.000000,33.333333,33.333333,26.923077,46.153846,87.500000,40.909091,54.545455,36.363636,23.529412,75.757576,25.000000,42.857143
    Burst Peak (Max Spikes per sec),2777.777778,1928.571429,1583.333333,888.888889,4666.666667,2909.090909,1948.717949,4035.714286,4636.363636,3461.538462,5000.000000,3285.714286,1200.000000,3166.666667,4000.000000,4200.000000,5214.285714,3857.142857,4181.818182,4250.000000,4857.142857,5375.000000,1163.636364,3250.000000,2960.000000,3714.285714,4266.666667,1857.142857,5000.000000,3375.000000,4176.470588,1062.500000,4285.714286,3466.666667,4769.230769,3600.000000,5000.000000,3166.666667,3500.000000,4692.307692,2791.666667,909.090909,4272.727273,1863.636364,3647.058824,2696.969697,3312.500000,1371.428571
    Time to Burst Peak (ms),52.500000,66.500000,92.500000,70.500000,48.500000,18.500000,58.500000,19.500000,52.500000,77.500000,54.500000,48.500000,2.500000,90.500000,52.500000,9.500000,54.500000,72.500000,71.500000,86.500000,44.500000,17.500000,80.500000,16.500000,74.500000,63.500000,50.500000,46.500000,84.500000,36.500000,71.500000,91.500000,87.500000,46.500000,50.500000,80.500000,76.500000,19.500000,88.500000,15.500000,32.500000,28.500000,22.500000,70.500000,57.500000,64.500000,70.500000,49.500000
Viability Metrics
    Resistance - Avg (kOhms), , , , , , , , , , , , , , , , , , , , , , , , , , , , , , , , , , , , , , , , , , , , , , , , 
    Resistance - Std (kOhms), , , , , , , , , , , , , , , , , , , , , , , , , , , , , , , , , , , , , , , , , , , , , , , , 
    Number of Covered Electrodes, , , , , , , , , , , , , , , , , , , , , , , , , , , , , , , , , , , , , , , , , , , , , , , , 
    Weighted Mean Resistance (kOhms), , , , , , , , , , , , , , , , , , , , , , , , , , , , , , , , , , , , , , , , , , , , , , , , 

Measurement,A1_11,A1_12,A1_13,A1_14,A1_21,A1_22,A1_23,A1_24,A1_31,A1_32,A1_33,A1_34,A1_41,A1_42,A1_43,A1_44,A2_11,A2_12,A2_13,A2_14,A2_21,A2_22,A2_23,A2_24,A2_31,A2_32,A2_33,A2_34,A2_41,A2_42,A2_43,A2_44,A3_11,A3_12,A3_13,A3_14,A3_21,A3_22,A3_23,A3_24,A3_31,A3_32,A3_33,A3_34,A3_41,A3_42,A3_43,A3_44,A4_11,A4_12,A4_13,A4_14,A4_21,A4_22,A4_23,A4_24,A4_31,A4_32,A4_33,A4_34,A4_41,A4_42,A4_43,A4_44,A5_11,A5_12,A5_13,A5_14,A5_21,A5_22,A5_23,A5_24,A5_31,A5_32,A5_33,A5_34,A5_41,A5_42,A5_43,A5_44,A6_11,A6_12,A6_13,A6_14,A6_21,A6_22,A6_23,A6_24,A6_31,A6_32,A6_33,A6_34,A6_41,A6_42,A6_43,A6_44,A7_11,A7_12,A7_13,A7_14,A7_21,A7_22,A7_23,A7_24,A7_31,A7_32,A7_33,A7_34,A7_41,A7_42,A7_43,A7_44,A8_11,A8_12,A8_13,A8_14,A8_21,A8_22,A8_23,A8_24,A8_31,A8_32,A8_33,A8_34,A8_41,A8_42,A8_43,A8_44,B1_11,B1_12,B1_13,B1_14,B1_21,B1_22,B1_23,B1_24,B1_31,B1_32,B1_33,B1_34,B1_41,B1_42,B1_43,B1_44,B2_11,B2_12,B2_13,B2_14,B2_21,B2_22,B2_23,B2_24,B2_31,B2_32,B2_33,B2_34,B2_41,B2_42,B2_43,B2_44,B3_11,B3_12,B3_13,B3_14,B3_21,B3_22,B3_23,B3_24,B3_31,B3_32,B3_33,B3_34,B3_41,B3_42,B3_43,B3_44,B4_11,B4_12,B4_13,B4_14,B4_21,B4_22,B4_23,B4_24,B4_31,B4_32,B4_33,B4_34,B4_41,B4_42,B4_43,B4_44,B5_11,B5_12,B5_13,B5_14,B5_21,B5_22,B5_23,B5_24,B5_31,B5_32,B5_33,B5_34,B5_41,B5_42,B5_43,B5_44,B6_11,B6_12,B6_13,B6_14,B6_21,B6_22,B6_23,B6_24,B6_31,B6_32,B6_33,B6_34,B6_41,B6_42,B6_43,B6_44,B7_11,B7_12,B7_13,B7_14,B7_21,B7_22,B7_23,B7_24,B7_31,B7_32,B7_33,B7_34,B7_41,B7_42,B7_43,B7_44,B8_11,B8_12,B8_13,B8_14,B8_21,B8_22,B8_23,B8_24,B8_31,B8_32,B8_33,B8_34,B8_41,B8_42,B8_43,B8_44,C1_11,C1_12,C1_13,C1_14,C1_21,C1_22,C1_23,C1_24,C1_31,C1_32,C1_33,C1_34,C1_41,C1_42,C1_43,C1_44,C2_11,C2_12,C2_13,C2_14,C2_21,C2_22,C2_23,C2_24,C2_31,C2_32,C2_33,C2_34,C2_41,C2_42,C2_43,C2_44,C3_11,C3_12,C3_13,C3_14,C3_21,C3_22,C3_23,C3_24,C3_31,C3_32,C3_33,C3_34,C3_41,C3_42,C3_43,C3_44,C4_11,C4_12,C4_13,C4_14,C4_21,C4_22,C4_23,C4_24,C4_31,C4_32,C4_33,C4_34,C4_41,C4_42,C4_43,C4_44,C5_11,C5_12,C5_13,C5_14,C5_21,C5_22,C5_23,C5_24,C5_31,C5_32,C5_33,C5_34,C5_41,C5_42,C5_43,C5_44,C6_11,C6_12,C6_13,C6_14,C6_21,C6_22,C6_23,C6_24,C6_31,C6_32,C6_33,C6_34,C6_41,C6_42,C6_43,C6_44,C7_11,C7_12,C7_13,C7_14,C7_21,C7_22,C7_23,C7_24,C7_31,C7_32,C7_33,C7_34,C7_41,C7_42,C7_43,C7_44,C8_11,C8_12,C8_13,C8_14,C8_21,C8_22,C8_23,C8_24,C8_31,C8_32,C8_33,C8_34,C8_41,C8_42,C8_43,C8_44,D1_11,D1_12,D1_13,D1_14,D1_21,D1_22,D1_23,D1_24,D1_31,D1_32,D1_33,D1_34,D1_41,D1_42,D1_43,D1_44,D2_11,D2_12,D2_13,D2_14,D2_21,D2_22,D2_23,D2_24,D2_31,D2_32,D2_33,D2_34,D2_41,D2_42,D2_43,D2_44,D3_11,D3_12,D3_13,D3_14,D3_21,D3_22,D3_23,D3_24,D3_31,D3_32,D3_33,D3_34,D3_41,D3_42,D3_43,D3_44,D4_11,D4_12,D4_13,D4_14,D4_21,D4_22,D4_23,D4_24,D4_31,D4_32,D4_33,D4_34,D4_41,D4_42,D4_43,D4_44,D5_11,D5_12,D5_13,D5_14,D5_21,D5_22,D5_23,D5_24,D5_31,D5_32,D5_33,D5_34,D5_41,D5_42,D5_43,D5_44,D6_11,D6_12,D6_13,D6_14,D6_21,D6_22,D6_23,D6_24,D6_31,D6_32,D6_33,D6_34,D6_41,D6_42,D6_43,D6_44,D7_11,D7_12,D7_13,D7_14,D7_21,D7_22,D7_23,D7_24,D7_31,D7_32,D7_33,D7_34,D7_41,D7_42,D7_43,D7_44,D8_11,D8_12,D8_13,D8_14,D8_21,D8_22,D8_23,D8_24,D8_31,D8_32,D8_33,D8_34,D8_41,D8_42,D8_43,D8_44,E1_11,E1_12,E1_13,E1_14,E1_21,E1_22,E1_23,E1_24,E1_31,E1_32,E1_33,E1_34,E1_41,E1_42,E1_43,E1_44,E2_11,E2_12,E2_13,E2_14,E2_21,E2_22,E2_23,E2_24,E2_31,E2_32,E2_33,E2_34,E2_41,E2_42,E2_43,E2_44,E3_11,E3_12,E3_13,E3_14,E3_21,E3_22,E3_23,E3_24,E3_31,E3_32,E3_33,E3_34,E3_41,E3_42,E3_43,E3_44,E4_11,E4_12,E4_13,E4_14,E4_21,E4_22,E4_23,E4_24,E4_31,E4_32,E4_33,E4_34,E4_41,E4_42,E4_43,E4_44,E5_11,E5_12,E5_13,E5_14,E5_21,E5_22,E5_23,E5_24,E5_31,E5_32,E5_33,E5_34,E5_41,E5_42,E5_43,E5_44,E6_11,E6_12,E6_13,E6_14,E6_21,E6_22,E6_23,E6_24,E6_31,E6_32,E6_33,E6_34,E6_41,E6_42,E6_43,E6_44,E7_11,E7_12,E7_13,E7_14,E7_21,E7_22,E7_23,E7_24,E7_31,E7_32,E7_33,E7_34,E7_41,E7_42,E7_43,E7_44,E8_11,E8_12,E8_13,E8_14,E8_21,E8_22,E8_23,E8_24,E8_31,E8_32,E8_33,E8_34,E8_41,E8_42,E8_43,E8_44,F1_11,F1_12,F1_13,F1_14,F1_21,F1_22,F1_23,F1_24,F1_31,F1_32,F1_33,F1_34,F1_41,F1_42,F1_43,F1_44,F2_11,F2_12,F2_13,F2_14,F2_21,F2_22,F2_23,F2_24,F2_31,F2_32,F2_33,F2_34,F2_41,F2_42,F2_43,F2_44,F3_11,F3_12,F3_13,F3_14,F3_21,F3_22,F3_23,F3_24,F3_31,F3_32,F3_33,F3_34,F3_41,F3_42,F3_43,F3_44,F4_11,F4_12,F4_13,F4_14,F4_21,F4_22,F4_23,F4_24,F4_31,F4_32,F4_33,F4_34,F4_41,F4_42,F4_43,F4_44,F5_11,F5_12,F5_13,F5_14,F5_21,F5_22,F5_23,F5_24,F5_31,F5_32,F5_33,F5_34,F5_41,F5_42,F5_43,F5_44,F6_11,F6_12,F6_13,F6_14,F6_21,F6_22,F6_23,F6_24,F6_31,F6_32,F6_33,F6_34,F6_41,F6_42,F6_43,F6_44,F7_11,F7_12,F7_13,F7_14,F7_21,F7_22,F7_23,F7_24,F7_31,F7_32,F7_33,F7_34,F7_41,F7_42,F7_43,F7_44,F8_11,F8_12,F8_13,F8_14,F8_21,F8_22,F8_23,F8_24,F8_31,F8_32,F8_33,F8_34,F8_41,F8_42,F8_43,F8_44,
Activity Metrics
    Number of Spikes,406.000000,946.000000,200.000000,472.000000,328.000000,332.000000,606.000000,373.000000,1220.000000,1403.000000,340.000000,1314.000000,354.000000,430.000000,1167.000000,413.000000,1012.000000,427.000000,841.000000,0.000000,194.000000,893.000000,4167.000000,196.000000,522.000000,1126.000000,5189.000000,2177.000000,186.000000,1512.000000,538.000000,109.000000,542.000000,464.000000,536.000000,781.000000,610.000000,554.000000,637.000000,487.000000,327.000000,1890.000000,240.000000,157.000000,1714.000000,162.000000,217.000000,172.000000,476.000000,42.000000,303.000000,468.000000,181.000000,7.000000,373.000000,355.000000,1964.000000,1026.000000,175.000000,265.000000,2211.000000,451.000000,189.000000,480.000000,3765.000000,3718.000000,1517.000000,441.000000,737.000000,988.000000,1195.000000,673.000000,691.000000,5414.000000,1365.000000,421.000000,2158.000000,598.000000,430.000000,648.000000,121.000000,145.000000,144.000000,140.000000,48.000000,791.000000,271.000000,0.000000,231.000000,45.000000,115.000000,150.000000,457.000000,0.000000,142.000000,316.000000,2719.000000,1299.000000,27.000000,857.000000,4.000000,1538.000000,1094.000000,1748.000000,177.000000,11.000000,583.000000,6.000000,32.000000,322.000000,209.000000,115.000000,81.000000,625.000000,647.000000,640.000000,259.000000,552.000000,482.000000,224.000000,57.000000,635.000000,361.000000,464.000000,298.000000,770.000000,254.000000,272.000000,1950.000000,599.000000,1120.000000,1273.000000,2709.000000,666.000000,668.000000,3262.000000,792.000000,261.000000,1072.000000,566.000000,1323.000000,460.000000,1019.000000,1476.000000,505.000000,821.000000,447.000000,1440.000000,712.000000,670.000000,2950.000000,759.000000,1.000000,137.000000,767.000000,0.000000,1140.000000,68.000000,1049.000000,1566.000000,773.000000,616.000000,598.000000,488.000000,433.000000,619.000000,1099.000000,655.000000,1658.000000,1958.000000,174.000000,445.000000,2233.000000,737.000000,555.000000,0.000000,326.000000,953.000000,1532.000000,420.000000,663.000000,3017.000000,1488.000000,160.000000,102.000000,667.000000,498.000000,2403.000000,484.000000,2189.000000,1432.000000,882.000000,0.000000,501.000000,96.000000,0.000000,0.000000,0.000000,180.000000,1063.000000,0.000000,0.000000,113.000000,0.000000,1.000000,0.000000,32.000000,254.000000,97.000000,102.000000,90.000000,221.000000,39.000000,105.000000,138.000000,75.000000,87.000000,100.000000,163.000000,126.000000,370.000000,1946.000000,1023.000000,100.000000,583.000000,528.000000,437.000000,374.000000,2084.000000,462.000000,459.000000,1503.000000,1980.000000,244.000000,267.000000,736.000000,216.000000,1382.000000,684.000000,376.000000,13.000000,23.000000,176.000000,149.000000,106.000000,77.000000,167.000000,71.000000,51.000000,106.000000,119.000000,68.000000,135.000000,74.000000,69.000000,28.000000,378.000000,403.000000,2360.000000,700.000000,667.000000,1202.000000,1738.000000,1622.000000,1696.000000,4318.000000,493.000000,584.000000,506.000000,2431.000000,4757.000000,685.000000,561.000000,864.000000,679.000000,522.000000,882.000000,311.000000,574.000000,528.000000,645.000000,3687.000000,280.000000,0.000000,135.000000,854.000000,497.000000,413.000000,610.000000,93.000000,372.000000,326.000000,365.000000,177.000000,915.000000,374.000000,2974.000000,0.000000,571.000000,427.000000,97.000000,455.000000,95.000000,222.000000,165.000000,254.000000,388.000000,181.000000,738.000000,0.000000,76.000000,161.000000,45.000000,186.000000,50.000000,405.000000,190.000000,403.000000,326.000000,121.000000,153.000000,211.000000,779.000000,646.000000,2515.000000,500.000000,356.000000,1288.000000,2984.000000,3047.000000,1089.000000,375.000000,726.000000,1794.000000,329.000000,2100.000000,94.000000,95.000000,352.000000,212.000000,128.000000,114.000000,281.000000,162.000000,155.000000,60.000000,0.000000,264.000000,103.000000,194.000000,164.000000,171.000000,1044.000000,1133.000000,982.000000,646.000000,903.000000,820.000000,928.000000,1061.000000,1236.000000,1105.000000,1401.000000,1462.000000,1653.000000,1868.000000,4043.000000,1343.000000,35.000000,29.000000,103.000000,96.000000,103.000000,160.000000,17.000000,116.000000,114.000000,126.000000,14.000000,53.000000,76.000000,66.000000,43.000000,51.000000,1772.000000,740.000000,805.000000,1394.000000,537.000000,1077.000000,1113.000000,1117.000000,572.000000,2068.000000,854.000000,810.000000,427.000000,530.000000,405.000000,489.000000,750.000000,436.000000,254.000000,505.000000,99.000000,415.000000,282.000000,571.000000,739.000000,723.000000,900.000000,221.000000,1163.000000,1503.000000,3644.000000,1747.000000,355.000000,458.000000,2.000000,0.000000,378.000000,1046.000000,396.000000,364.000000,3071.000000,426.000000,324.000000,113.000000,164.000000,871.000000,471.000000,144.000000,2189.000000,178.000000,88.000000,40.000000,124.000000,271.000000,161.000000,124.000000,0.000000,125.000000,933.000000,78.000000,119.000000,771.000000,174.000000,264.000000,640.000000,480.000000,30.000000,796.000000,168.000000,1130.000000,1682.000000,446.000000,3037.000000,394.000000,405.000000,537.000000,5426.000000,559.000000,4462.000000,838.000000,401.000000,105.000000,82.000000,42.000000,251.000000,304.000000,13.000000,288.000000,247.000000,188.000000,330.000000,217.000000,267.000000,318.000000,272.000000,247.000000,498.000000,814.000000,457.000000,688.000000,3772.000000,602.000000,645.000000,499.000000,2356.000000,1482.000000,254.000000,389.000000,1049.000000,5485.000000,1572.000000,861.000000,218.000000,0.000000,298.000000,280.000000,0.000000,455.000000,316.000000,397.000000,661.000000,0.000000,540.000000,770.000000,494.000000,257.000000,292.000000,590.000000,2266.000000,2492.000000,435.000000,2691.000000,1099.000000,3992.000000,774.000000,348.000000,1950.000000,1227.000000,3008.000000,861.000000,865.000000,391.000000,1922.000000,3552.000000,987.000000,271.000000,1646.000000,904.000000,378.000000,1433.000000,595.000000,470.000000,1414.000000,1373.000000,683.000000,1204.000000,0.000000,575.000000,8995.000000,354.000000,248.000000,235.000000,373.000000,318.000000,398.000000,345.000000,318.000000,406.000000,698.000000,1023.000000,428.000000,323.000000,693.000000,2680.000000,294.000000,553.000000,811.000000,733.000000,0.000000,841.000000,199.000000,0.000000,1860.000000,919.000000,2317.000000,398.000000,8967.000000,0.000000,23.000000,4407.000000,583.000000,498.000000,310.000000,544.000000,265.000000,491.000000,492.000000,1461.000000,1067.000000,411.000000,2696.000000,733.000000,5628.000000,1986.000000,5597.000000,531.000000,4102.000000,1351.000000,293.000000,30.000000,382.000000,283.000000,358.000000,85.000000,355.000000,299.000000,213.000000,189.000000,258.000000,605.000000,17.000000,131.000000,549.000000,255.000000,227.000000,275.000000,859.000000,938.000000,329.000000,610.000000,1513.000000,663.000000,1424.000000,501.000000,689.000000,1955.000000,325.000000,487.000000,834.000000,1081.000000,179.000000,550.000000,262.000000,243.000000,199.000000,232.000000,192.000000,194.000000,318.000000,350.000000,184.000000,316.000000,189.000000,939.000000,126.000000,159.000000,207.000000,563.000000,298.000000,2729.000000,648.000000,431.000000,572.000000,691.000000,1104.000000,1214.000000,492.000000,289.000000,239.000000,423.000000,701.000000,94.000000,0.000000,0.000000,633.000000,571.000000,238.000000,254.000000,35.000000,703.000000,117.000000,1859.000000,59.000000,408.000000,38.000000,944.000000,180.000000,117.000000,422.000000,1005.000000,743.000000,737.000000,196.000000,524.000000,823.000000,677.000000,569.000000,481.000000,131.000000,887.000000,581.000000,723.000000,708.000000,0.000000,585.000000,900.000000,471.000000,422.000000,0.000000,0.000000,529.000000,2049.000000,0.000000,551.000000,1307.000000,400.000000,405.000000,490.000000,791.000000,327.000000,421.000000,249.000000,329.000000,511.000000,844.000000,591.000000,447.000000,734.000000,978.000000,1292.000000,800.000000,681.000000,1717.000000,1841.000000,650.000000,510.000000,379.000000,679.000000,684.000000,1069.000000,531.000000,637.000000,671.000000,402.000000,228.000000,607.000000,133.000000,218.000000,403.000000,132.000000,663.000000,177.000000,749.000000,588.000000,341.000000,266.000000,424.000000,1506.000000,362.000000,324.000000,385.000000,1749.000000,305.000000,274.000000,6.000000,60.000000,190.000000,463.000000,88.000000,0.000000,2.000000,419.000000,0.000000,234.000000,331.000000,401.000000,66.000000,239.000000,346.000000,0.000000,26.000000,340.000000,90.000000,580.000000
    Mean Firing Rate (Hz),0.676667,1.576667,0.333333,0.786667,0.546667,0.553333,1.010000,0.621667,2.033333,2.338333,0.566667,2.190000,0.590000,0.716667,1.945000,0.688333,1.686667,0.711667,1.401667,0.000000,0.323333,1.488333,6.945000,0.326667,0.870000,1.876667,8.648333,3.628333,0.310000,2.520000,0.896667,0.181667,0.903333,0.773333,0.893333,1.301667,1.016667,0.923333,1.061667,0.811667,0.545000,3.150000,0.400000,0.261667,2.856667,0.270000,0.361667,0.286667,0.793333,0.070000,0.505000,0.780000,0.301667,0.011667,0.621667,0.591667,3.273333,1.710000,0.291667,0.441667,3.685000,0.751667,0.315000,0.800000,6.275000,6.196667,2.528333,0.735000,1.228333,1.646667,1.991667,1.121667,1.151667,9.023333,2.275000,0.701667,3.596667,0.996667,0.716667,1.080000,0.201667,0.241667,0.240000,0.233333,0.080000,1.318333,0.451667,0.000000,0.385000,0.075000,0.191667,0.250000,0.761667,0.000000,0.236667,0.526667,4.531667,2.165000,0.045000,1.428333,0.006667,2.563333,1.823333,2.913333,0.295000,0.018333,0.971667,0.010000,0.053333,0.536667,0.348333,0.191667,0.135000,1.041667,1.078333,1.066667,0.431667,0.920000,0.803333,0.373333,0.095000,1.058333,0.601667,0.773333,0.496667,1.283333,0.423333,0.453333,3.250000,0.998333,1.866667,2.121667,4.515000,1.110000,1.113333,5.436667,1.320000,0.435000,1.786667,0.943333,2.205000,0.766667,1.698333,2.460000,0.841667,1.368333,0.745000,2.400000,1.186667,1.116667,4.916667,1.265000,0.001667,0.228333,1.278333,0.000000,1.900000,0.113333,1.748333,2.610000,1.288333,1.026667,0.996667,0.813333,0.721667,1.031667,1.831667,1.091667,2.763333,3.263333,0.290000,0.741667,3.721667,1.228333,0.925000,0.000000,0.543333,1.588333,2.553333,0.700000,1.105000,5.028333,2.480000,0.266667,0.170000,1.111667,0.830000,4.005000,0.806667,3.648333,2.386667,1.470000,0.000000,0.835000,0.160000,0.000000,0.000000,0.000000,0.300000,1.771667,0.000000,0.000000,0.188333,0.000000,0.001667,0.000000,0.053333,0.423333,0.161667,0.170000,0.150000,0.368333,0.065000,0.175000,0.230000,0.125000,0.145000,0.166667,0.271667,0.210000,0.616667,3.243333,1.705000,0.166667,0.971667,0.880000,0.728333,0.623333,3.473333,0.770000,0.765000,2.505000,3.300000,0.406667,0.445000,1.226667,0.360000,2.303333,1.140000,0.626667,0.021667,0.038333,0.293333,0.248333,0.176667,0.128333,0.278333,0.118333,0.085000,0.176667,0.198333,0.113333,0.225000,0.123333,0.115000,0.046667,0.630000,0.671667,3.933333,1.166667,1.111667,2.003333,2.896667,2.703333,2.826667,7.196667,0.821667,0.973333,0.843333,4.051667,7.928333,1.141667,0.935000,1.440000,1.131667,0.870000,1.470000,0.518333,0.956667,0.880000,1.075000,6.145000,0.466667,0.000000,0.225000,1.423333,0.828333,0.688333,1.016667,0.155000,0.620000,0.543333,0.608333,0.295000,1.525000,0.623333,4.956667,0.000000,0.951667,0.711667,0.161667,0.758333,0.158333,0.370000,0.275000,0.423333,0.646667,0.301667,1.230000,0.000000,0.126667,0.268333,0.075000,0.310000,0.083333,0.675000,0.316667,0.671667,0.543333,0.201667,0.255000,0.351667,1.298333,1.076667,4.191667,0.833333,0.593333,2.146667,4.973333,5.078333,1.815000,0.625000,1.210000,2.990000,0.548333,3.500000,0.156667,0.158333,0.586667,0.353333,0.213333,0.190000,0.468333,0.270000,0.258333,0.100000,0.000000,0.440000,0.171667,0.323333,0.273333,0.285000,1.740000,1.888333,1.636667,1.076667,1.505000,1.366667,1.546667,1.768333,2.060000,1.841667,2.335000,2.436667,2.755000,3.113333,6.738333,2.238333,0.058333,0.048333,0.171667,0.160000,0.171667,0.266667,0.028333,0.193333,0.190000,0.210000,0.023333,0.088333,0.126667,0.110000,0.071667,0.085000,2.953333,1.233333,1.341667,2.323333,0.895000,1.795000,1.855000,1.861667,0.953333,3.446667,1.423333,1.350000,0.711667,0.883333,0.675000,0.815000,1.250000,0.726667,0.423333,0.841667,0.165000,0.691667,0.470000,0.951667,1.231667,1.205000,1.500000,0.368333,1.938333,2.505000,6.073333,2.911667,0.591667,0.763333,0.003333,0.000000,0.630000,1.743333,0.660000,0.606667,5.118333,0.710000,0.540000,0.188333,0.273333,1.451667,0.785000,0.240000,3.648333,0.296667,0.146667,0.066667,0.206667,0.451667,0.268333,0.206667,0.000000,0.208333,1.555000,0.130000,0.198333,1.285000,0.290000,0.440000,1.066667,0.800000,0.050000,1.326667,0.280000,1.883333,2.803333,0.743333,5.061667,0.656667,0.675000,0.895000,9.043333,0.931667,7.436667,1.396667,0.668333,0.175000,0.136667,0.070000,0.418333,0.506667,0.021667,0.480000,0.411667,0.313333,0.550000,0.361667,0.445000,0.530000,0.453333,0.411667,0.830000,1.356667,0.761667,1.146667,6.286667,1.003333,1.075000,0.831667,3.926667,2.470000,0.423333,0.648333,1.748333,9.141667,2.620000,1.435000,0.363333,0.000000,0.496667,0.466667,0.000000,0.758333,0.526667,0.661667,1.101667,0.000000,0.900000,1.283333,0.823333,0.428333,0.486667,0.983333,3.776667,4.153333,0.725000,4.485000,1.831667,6.653333,1.290000,0.580000,3.250000,2.045000,5.013333,1.435000,1.441667,0.651667,3.203333,5.920000,1.645000,0.451667,2.743333,1.506667,0.630000,2.388333,0.991667,0.783333,2.356667,2.288333,1.138333,2.006667,0.000000,0.958333,14.991667,0.590000,0.413333,0.391667,0.621667,0.530000,0.663333,0.575000,0.530000,0.676667,1.163333,1.705000,0.713333,0.538333,1.155000,4.466667,0.490000,0.921667,1.351667,1.221667,0.000000,1.401667,0.331667,0.000000,3.100000,1.531667,3.861667,0.663333,14.945000,0.000000,0.038333,7.345000,0.971667,0.830000,0.516667,0.906667,0.441667,0.818333,0.820000,2.435000,1.778333,0.685000,4.493333,1.221667,9.380000,3.310000,9.328333,0.885000,6.836667,2.251667,0.488333,0.050000,0.636667,0.471667,0.596667,0.141667,0.591667,0.498333,0.355000,0.315000,0.430000,1.008333,0.028333,0.218333,0.915000,0.425000,0.378333,0.458333,1.431667,1.563333,0.548333,1.016667,2.521667,1.105000,2.373333,0.835000,1.148333,3.258333,0.541667,0.811667,1.390000,1.801667,0.298333,0.916667,0.436667,0.405000,0.331667,0.386667,0.320000,0.323333,0.530000,0.583333,0.306667,0.526667,0.315000,1.565000,0.210000,0.265000,0.345000,0.938333,0.496667,4.548333,1.080000,0.718333,0.953333,1.151667,1.840000,2.023333,0.820000,0.481667,0.398333,0.705000,1.168333,0.156667,0.000000,0.000000,1.055000,0.951667,0.396667,0.423333,0.058333,1.171667,0.195000,3.098333,0.098333,0.680000,0.063333,1.573333,0.300000,0.195000,0.703333,1.675000,1.238333,1.228333,0.326667,0.873333,1.371667,1.128333,0.948333,0.801667,0.218333,1.478333,0.968333,1.205000,1.180000,0.000000,0.975000,1.500000,0.785000,0.703333,0.000000,0.000000,0.881667,3.415000,0.000000,0.918333,2.178333,0.666667,0.675000,0.816667,1.318333,0.545000,0.701667,0.415000,0.548333,0.851667,1.406667,0.985000,0.745000,1.223333,1.630000,2.153333,1.333333,1.135000,2.861667,3.068333,1.083333,0.850000,0.631667,1.131667,1.140000,1.781667,0.885000,1.061667,1.118333,0.670000,0.380000,1.011667,0.221667,0.363333,0.671667,0.220000,1.105000,0.295000,1.248333,0.980000,0.568333,0.443333,0.706667,2.510000,0.603333,0.540000,0.641667,2.915000,0.508333,0.456667,0.010000,0.100000,0.316667,0.771667,0.146667,0.000000,0.003333,0.698333,0.000000,0.390000,0.551667,0.668333,0.110000,0.398333,0.576667,0.000000,0.043333,0.566667,0.150000,0.966667
    ISI Coefficient of Variation,5.893933,2.871253,4.176941,5.246678,5.352023,4.769885,4.860050,4.457162,4.145462,5.806242,5.316245,3.809862,2.501028,4.640589,1.812169,4.833683,2.073219,4.117762,3.752911, ,2.681372,2.849934,1.174843,3.069324,2.692379,4.671635,2.283149,4.392746,11.707468,1.324447,5.704523,3.131139,8.246552,7.620229,8.208088,8.158052,8.758652,8.352708,8.951802,7.812036,5.792438,4.087314,4.522428,4.239699,2.265957,4.450235,5.177819,4.324652,3.272813, ,3.581195,4.728050,3.400545, ,2.534125,3.440601,2.318067,1.879836,3.127500,4.616870,2.189497,5.753980,3.613666,5.601435,1.729328,1.726814,1.233457,3.540626,2.146034,2.116845,2.038571,1.890770,2.003971,2.140295,2.988421,2.976363,2.912435,6.126511,5.390804,4.578318,3.381575,3.728513,3.711417,3.512386, ,3.235735,5.171067, ,4.764754, ,3.288147,3.795814,6.112768, ,3.686414,5.607240,2.556924,3.317389, ,5.099028, ,2.475519,2.891166,1.560069,1.925374, ,2.473121, , ,3.524415,2.557943,1.837885,2.133958,6.429156,6.257527,6.535921,4.086653,5.405020,5.647547,3.792238, ,6.033492,4.395945,5.526541,3.646530,7.163819,4.034742,4.200495,2.377739,6.786320,3.067954,3.519875,2.293667,4.268405,3.902857,3.104577,6.826968,3.344256,2.007466,2.490275,2.528050,5.495710,7.022010,4.619703,6.971855,4.282479,5.812895,2.396157,8.729364,3.025466,6.131621,2.136686, ,3.915528,3.189287, ,2.752476,1.443551,1.881811,3.690731,1.937001,2.343737,1.524384,1.321410,2.579404,1.567357,2.219980,1.637537,2.656919,3.151027,4.976133,3.693450,1.705736,5.299099,7.029044, ,5.208986,5.102663,4.117261,4.978201,4.297575,6.331733,3.900682,3.583600,2.700720,4.025845,3.807892,6.000808,1.933343,7.744238,4.602503,4.069145, ,1.119018,5.330906, , , ,7.354037,3.145830, , ,5.861715, , , , ,7.310681,7.265075,7.464408,7.003953,7.980204, ,6.673467,8.703751,2.627040,6.883719,7.390828,7.648746,8.315993,2.355161,1.854738,1.361930,5.963653,7.195478,6.850057,6.086373,5.743559,6.135047,5.251028,6.338021,4.383721,2.915220,3.636561,4.837312,3.865157,3.129082,2.183633,2.149621,5.475648, , ,6.855899,6.692513,5.613166,3.550840,7.093504,4.561041, ,5.618351,5.963563,4.460178,5.812873,3.208145,4.151726, ,5.586555,2.873803,3.300292,7.815034,4.033950,1.714462,2.689142,3.231728,4.200261,6.751191,3.736425,5.415745,2.511300,3.520007,7.578406,1.478463,6.168721,4.883936,11.165227,9.570317,11.756525,6.947865,10.247344,9.837979,9.014226,3.019657,6.190144, ,1.814675,3.569175,2.282307,8.081834,6.629860,3.405012,5.938165,4.746360,6.803132,4.795880,7.405849,6.551357,5.082035, ,5.830195,7.149210,3.486937,4.452284,2.987651,4.193759,4.281553,5.289434,4.961687,8.950189,2.312517, ,2.765308,2.569714, ,3.458669, ,9.396485,8.531985,6.913026,6.887790,6.534153,3.406926,3.113596,5.558729,1.714584,1.946296,6.216915,5.148075,1.854329,3.493736,1.621196,2.877024,5.565544,2.298099,4.864587,3.493511,3.188412,4.037000,4.178998,7.865807,6.340905,4.889759,4.602820,7.161267,5.400420,4.796645,3.264845, ,5.896977,3.868988,5.391234,5.559749,5.322763,3.938546,5.462507,4.187478,3.112604,4.843831,3.994891,4.634941,4.049556,4.118484,3.806879,1.733043,3.532988,3.653302,2.152345,2.487044,2.560811, , ,5.951820,5.602014,8.155564,7.660852, ,5.370338,8.584364,9.037381, , ,6.987149,5.427389, , ,4.127082,5.438549,6.033686,5.755919,4.817617,6.695834,6.341402,5.647987,3.020963,2.638118,6.083609,2.886107,2.305209,4.069155,4.181616,4.272304,1.696685,6.123377,4.719143,3.986601,2.737709,5.030863,4.977697,4.581090,4.388839,7.170814,4.890081,4.304110,2.963911,5.719537,6.353539,3.452639,5.469672,5.927795, , ,5.164852,4.238358,5.579920,6.439799,4.320247,3.721561,3.056510,3.493617,4.091593,3.327291,7.326590,3.979729,0.972990,6.131642,1.384698, ,3.707704,7.601834,4.155067,5.234682, ,4.913474,1.584963,2.905595,2.237218,1.688956,5.273403,2.987891,3.643959,7.863858, ,4.954197,4.173456,3.594397,2.916089,9.964424,1.973220,9.636101,7.529007,6.243463,2.283498,4.035688,2.687854,1.210605,5.169818,2.750442,2.402249, ,4.310554,4.754393, ,4.747295,4.054896,3.790163,5.090696,4.091803,4.079198,4.478813,4.065376,4.279579,2.961948,3.213203,4.943904,2.326065,3.862166,4.754358,2.329425,2.146404,2.578078,4.289837,4.057274,4.344829,1.945063,3.592017,1.590797,3.778509,4.280776, ,4.042505,4.995373, ,6.409478,5.227358,5.477846,7.592864, ,5.558287,2.407260,5.556304,4.771715,4.214614,2.157305,4.597375,2.699617,5.055143,2.966153,8.057446,4.900784,4.559599,3.849869,7.990231,4.240014,2.041162,1.414183,7.119388,2.874645,1.229873,2.702286,4.451288,3.528157,2.336200,2.783318,3.450311,2.989369,3.560007,2.507023,3.913978,2.969131,4.062878,2.186981, ,5.192058,5.494649,3.878550,6.321930,6.359226,5.906777,5.097829,7.981489,7.185264,3.431547,5.269968,1.645667,4.920917,3.181644,3.782925,4.695704,4.030045,4.602169,7.640680,5.072557,4.674497, ,2.990678,3.176482, ,2.237964,4.781450,1.704704,4.164530,0.386778, , ,5.087522,5.214671,3.767606,6.665801,5.014352,6.978433,4.802188,7.964486,5.465185,1.859501,8.702865,2.311428,2.352557,5.188771,2.845544,1.670122,2.565095,6.649524,2.284244,3.472124, ,4.649153,5.501865,2.185732,3.468140,4.458542,5.655853,5.233017,3.219267,5.382691,2.388604, ,4.366643,2.621766,4.864294,3.466935,3.715094,2.883148,3.130456,4.171340,3.040270,1.718582,5.387100,1.843836,2.500610,2.574734,3.125325,2.157406,1.862993,3.006192,2.808753,3.713424,6.014295,4.603188,3.842329,4.202514,4.554865,4.620723,3.902227,4.401035,4.488375,4.600624,6.172972,3.973808,4.634195,3.572977,4.141946,3.208130,5.465638,3.922500,3.251146,4.295238,4.731127,1.920184,3.424264,2.144167,1.322648,5.096011,3.136505,1.616858,4.718619,6.041352,1.808332, , ,1.326021,1.409512,2.801580,1.512260, ,5.615091,3.987372,3.399704, ,1.180300, ,2.487029,2.623066,2.552370,8.280461,9.459869,8.919136,3.938352,5.598666,9.234933,11.572084,10.489034,5.317222,8.839366,4.546683,10.065150,6.462383,7.226270,9.166159, ,3.717270,4.338554,4.697837,4.983353, , ,5.610398,1.369475, ,1.824845,0.906541,4.861190,3.581524,4.594250,4.106894,4.384842,4.857318,4.632973,5.358509,6.407267,3.536588,5.241881,5.238398,3.605853,5.300006,3.474264,4.156038,3.427418,1.513868,3.397111,3.049669,6.676815,3.640567,4.450939,4.276840,5.388007,6.071609,3.234985,4.895723,5.051015,3.914357,3.983014,2.920072,3.820765,4.932939,2.909694,6.803513,3.417899,3.278060,2.249762,5.432889,2.950636,3.908777,5.580381,2.451247,4.123167,2.977844,2.243804,2.351131,4.889951, ,2.408993,3.678164,2.152088,1.720986, , ,4.208056, ,3.078585,3.717279,4.054309,1.406394,3.124929,3.814835, , ,3.769230,1.741462,4.872330
Electrode Burst Metrics
    Number of Bursts,17.000000,17.000000,17.000000,17.000000,17.000000,17.000000,25.000000,17.000000,27.000000,38.000000,17.000000,23.000000,16.000000,18.000000,17.000000,19.000000,30.000000,29.000000,29.000000,0.000000,24.000000,2.000000,24.000000,18.000000,21.000000,42.000000,27.000000,24.000000,3.000000,8.000000,19.000000,10.000000,11.000000,11.000000,11.000000,15.000000,11.000000,11.000000,11.000000,11.000000,11.000000,11.000000,11.000000,11.000000,13.000000,11.000000,11.000000,11.000000,18.000000,1.000000,18.000000,18.000000,15.000000,0.000000,18.000000,18.000000,18.000000,7.000000,17.000000,16.000000,3.000000,10.000000,15.000000,18.000000,16.000000,17.000000,15.000000,15.000000,15.000000,16.000000,15.000000,16.000000,25.000000,110.000000,21.000000,15.000000,31.000000,18.000000,15.000000,15.000000,20.000000,20.000000,21.000000,21.000000,0.000000,22.000000,22.000000,0.000000,22.000000,1.000000,20.000000,22.000000,22.000000,0.000000,21.000000,22.000000,38.000000,39.000000,1.000000,39.000000,0.000000,37.000000,39.000000,38.000000,11.000000,0.000000,31.000000,0.000000,1.000000,13.000000,14.000000,12.000000,5.000000,28.000000,28.000000,28.000000,26.000000,28.000000,28.000000,26.000000,0.000000,28.000000,27.000000,28.000000,27.000000,28.000000,26.000000,26.000000,21.000000,22.000000,23.000000,22.000000,22.000000,22.000000,23.000000,55.000000,24.000000,21.000000,21.000000,21.000000,28.000000,21.000000,21.000000,26.000000,12.000000,14.000000,15.000000,16.000000,11.000000,10.000000,63.000000,14.000000,0.000000,10.000000,13.000000,0.000000,4.000000,0.000000,13.000000,30.000000,13.000000,12.000000,11.000000,11.000000,11.000000,14.000000,17.000000,11.000000,40.000000,54.000000,11.000000,11.000000,13.000000,14.000000,11.000000,0.000000,21.000000,40.000000,21.000000,21.000000,21.000000,61.000000,44.000000,15.000000,11.000000,22.000000,20.000000,42.000000,17.000000,33.000000,23.000000,27.000000,0.000000,5.000000,5.000000,0.000000,0.000000,0.000000,5.000000,5.000000,0.000000,0.000000,5.000000,0.000000,0.000000,0.000000,3.000000,5.000000,6.000000,6.000000,6.000000,7.000000,6.000000,6.000000,6.000000,6.000000,6.000000,6.000000,7.000000,6.000000,6.000000,6.000000,6.000000,6.000000,19.000000,19.000000,19.000000,19.000000,55.000000,19.000000,19.000000,43.000000,23.000000,19.000000,19.000000,19.000000,19.000000,19.000000,19.000000,19.000000,1.000000,4.000000,5.000000,5.000000,5.000000,5.000000,5.000000,5.000000,5.000000,5.000000,5.000000,5.000000,5.000000,5.000000,5.000000,1.000000,14.000000,14.000000,15.000000,15.000000,15.000000,14.000000,14.000000,17.000000,14.000000,73.000000,14.000000,14.000000,14.000000,15.000000,62.000000,14.000000,7.000000,7.000000,7.000000,7.000000,7.000000,7.000000,7.000000,7.000000,8.000000,8.000000,7.000000,0.000000,9.000000,8.000000,7.000000,7.000000,13.000000,11.000000,11.000000,11.000000,11.000000,11.000000,35.000000,11.000000,88.000000,0.000000,11.000000,12.000000,10.000000,11.000000,11.000000,13.000000,4.000000,9.000000,4.000000,4.000000,7.000000,0.000000,4.000000,4.000000,4.000000,5.000000,3.000000,6.000000,4.000000,4.000000,4.000000,4.000000,13.000000,14.000000,18.000000,16.000000,14.000000,16.000000,15.000000,14.000000,29.000000,14.000000,14.000000,14.000000,14.000000,56.000000,14.000000,27.000000,8.000000,8.000000,8.000000,8.000000,8.000000,8.000000,8.000000,8.000000,8.000000,8.000000,0.000000,8.000000,8.000000,8.000000,8.000000,8.000000,61.000000,45.000000,46.000000,44.000000,46.000000,45.000000,45.000000,56.000000,45.000000,45.000000,29.000000,45.000000,47.000000,55.000000,44.000000,39.000000,3.000000,3.000000,3.000000,3.000000,3.000000,3.000000,3.000000,3.000000,3.000000,3.000000,2.000000,3.000000,3.000000,3.000000,3.000000,3.000000,24.000000,25.000000,25.000000,26.000000,25.000000,24.000000,25.000000,25.000000,28.000000,25.000000,25.000000,25.000000,19.000000,25.000000,25.000000,25.000000,14.000000,14.000000,14.000000,15.000000,8.000000,14.000000,14.000000,15.000000,25.000000,14.000000,28.000000,14.000000,20.000000,21.000000,26.000000,33.000000,15.000000,16.000000,0.000000,0.000000,15.000000,21.000000,15.000000,15.000000,55.000000,15.000000,15.000000,15.000000,15.000000,22.000000,15.000000,15.000000,6.000000,7.000000,1.000000,6.000000,6.000000,7.000000,6.000000,6.000000,0.000000,6.000000,6.000000,7.000000,6.000000,6.000000,6.000000,6.000000,10.000000,10.000000,3.000000,7.000000,7.000000,7.000000,7.000000,7.000000,10.000000,7.000000,7.000000,7.000000,7.000000,7.000000,31.000000,7.000000,19.000000,15.000000,12.000000,1.000000,16.000000,17.000000,0.000000,16.000000,16.000000,16.000000,16.000000,16.000000,15.000000,16.000000,16.000000,16.000000,17.000000,17.000000,17.000000,18.000000,40.000000,20.000000,17.000000,17.000000,17.000000,45.000000,17.000000,17.000000,17.000000,81.000000,20.000000,32.000000,16.000000,0.000000,16.000000,16.000000,0.000000,16.000000,16.000000,16.000000,16.000000,0.000000,16.000000,16.000000,16.000000,16.000000,16.000000,16.000000,53.000000,21.000000,21.000000,21.000000,21.000000,67.000000,22.000000,23.000000,21.000000,21.000000,21.000000,21.000000,22.000000,21.000000,21.000000,31.000000,30.000000,29.000000,30.000000,30.000000,22.000000,34.000000,27.000000,21.000000,22.000000,27.000000,30.000000,30.000000,0.000000,25.000000,55.000000,25.000000,13.000000,13.000000,18.000000,13.000000,13.000000,14.000000,17.000000,13.000000,13.000000,42.000000,13.000000,13.000000,18.000000,46.000000,13.000000,14.000000,24.000000,25.000000,0.000000,25.000000,24.000000,0.000000,25.000000,27.000000,24.000000,24.000000,24.000000,0.000000,2.000000,78.000000,24.000000,25.000000,10.000000,9.000000,9.000000,9.000000,9.000000,11.000000,9.000000,9.000000,12.000000,9.000000,51.000000,9.000000,47.000000,9.000000,39.000000,11.000000,14.000000,1.000000,12.000000,11.000000,14.000000,9.000000,13.000000,11.000000,10.000000,11.000000,10.000000,15.000000,0.000000,9.000000,10.000000,11.000000,20.000000,20.000000,25.000000,26.000000,21.000000,24.000000,26.000000,26.000000,25.000000,23.000000,25.000000,25.000000,20.000000,21.000000,27.000000,24.000000,13.000000,14.000000,13.000000,13.000000,13.000000,13.000000,13.000000,13.000000,13.000000,13.000000,13.000000,13.000000,13.000000,22.000000,13.000000,13.000000,24.000000,24.000000,24.000000,25.000000,24.000000,24.000000,24.000000,24.000000,24.000000,24.000000,24.000000,24.000000,14.000000,24.000000,24.000000,1.000000,0.000000,0.000000,24.000000,20.000000,20.000000,7.000000,1.000000,26.000000,7.000000,26.000000,2.000000,9.000000,4.000000,5.000000,4.000000,13.000000,11.000000,11.000000,11.000000,11.000000,11.000000,11.000000,11.000000,11.000000,11.000000,11.000000,11.000000,11.000000,11.000000,11.000000,11.000000,0.000000,22.000000,24.000000,23.000000,22.000000,0.000000,0.000000,23.000000,22.000000,0.000000,22.000000,22.000000,22.000000,22.000000,22.000000,22.000000,22.000000,17.000000,17.000000,17.000000,17.000000,18.000000,18.000000,17.000000,17.000000,20.000000,16.000000,17.000000,17.000000,15.000000,18.000000,15.000000,16.000000,33.000000,33.000000,33.000000,34.000000,33.000000,33.000000,33.000000,33.000000,33.000000,33.000000,13.000000,33.000000,33.000000,22.000000,33.000000,26.000000,22.000000,14.000000,14.000000,24.000000,14.000000,34.000000,15.000000,14.000000,20.000000,23.000000,15.000000,14.000000,0.000000,12.000000,14.000000,14.000000,4.000000,0.000000,0.000000,34.000000,0.000000,34.000000,32.000000,34.000000,1.000000,34.000000,34.000000,0.000000,0.000000,34.000000,2.000000,34.000000
    Burst Duration - Avg (sec),0.098772,0.138165,0.091064,0.149106,0.109558,0.086701,0.167789,0.118532,1.271274,1.172002,0.105586,0.276957,0.094365,0.107920,0.118612,0.128758,0.224133,0.100761,0.152822, ,0.081593,1.085320,0.185043,0.104249,0.156088,0.895419,0.216450,0.214090,1.529760,1.010730,0.284829,0.099872,0.334196,0.358189,0.285913,0.463125,0.320233,0.242196,0.300262,0.347251,0.351295,0.525775,0.231098,0.161913,0.319742,0.099076,0.109913,0.120291,0.298742,0.034480,0.149991,0.186231,0.152619, ,0.130707,0.098738,0.192769,0.034857,0.071332,0.112420,0.388613,0.320160,0.061013,0.160293,0.131395,0.109798,0.133680,0.159728,0.091776,0.166155,0.160480,0.146710,0.090573,0.093615,0.185101,0.200709,1.002405,0.834378,0.289493,0.228075,0.024500,0.033320,0.030750,0.030712, ,0.192418,0.115607, ,0.072989,0.035120,0.031244,0.030022,0.112476, ,0.033531,0.075495,0.085971,0.112886,0.045600,0.091198, ,0.181008,0.092954,0.096238,0.185462, ,0.090865, ,0.024320,0.161471,0.114394,0.048207,0.118464,0.136574,0.151466,0.132663,0.091849,0.143157,0.147111,0.037997, ,0.166491,0.098815,0.107551,0.080664,0.120674,0.084668,0.073886,0.182682,0.224680,0.166991,0.220182,0.111327,0.221320,0.285137,1.042726,0.145333,0.052004,0.172495,0.114057,0.231994,0.121333,0.953463,0.231388,0.228780,0.254474,0.215019,0.217810,0.646560,0.160416,1.215364,0.166840, ,0.139824,0.164591, ,1.311420, ,0.292105,0.687525,0.178018,0.228907,0.225164,0.133113,0.292676,0.124874,0.130024,0.167404,1.114666,0.971200,0.134604,0.225338,0.282825,1.274840,0.199905, ,0.098530,0.325962,0.138564,0.078282,0.212766,1.264590,0.935098,0.092688,0.116138,0.130415,0.141372,1.247811,0.435572,1.396928,1.393823,0.479517, ,0.555424,0.493920, , , ,0.583344,0.575232, , ,0.602912, , , ,0.228213,0.642400,0.127987,0.115307,0.123067,0.479726,0.061533,0.118720,0.137507,0.130573,0.148533,0.137080,0.122914,0.108920,0.141587,0.330853,0.163187,0.135773,0.181886,0.175655,0.120211,0.115086,0.666911,0.145516,0.105166,0.129230,0.263746,0.194240,0.092265,0.154897,0.099789,0.162312,0.135297,0.120004,0.196160,0.070400,0.258032,0.231504,0.289872,0.186544,0.237296,0.248480,0.221312,0.239728,0.237616,0.219536,0.276352,0.254224,0.220240,0.170880,0.189920,0.108389,0.339056,0.236837,0.148064,0.153783,0.204714,0.231271,0.272840,1.241261,0.170600,0.182823,0.121297,0.294677,1.320906,0.154286,0.428331,0.650789,0.532240,0.527886,0.683897,0.903109,0.663657,0.516171,0.438120,0.316250,0.643920, ,0.295031,0.463740,0.310891,0.355074,1.293108,0.114524,0.222691,0.192204,0.229018,0.109178,0.363623,0.239782,0.864962, ,0.265229,0.217013,0.067792,0.234531,0.077309,0.104578,0.308800,0.393582,0.514760,0.382380,0.299737, ,0.201700,0.478420,0.207980,0.336416,0.451520,1.177093,0.392000,0.427720,0.565660,0.371360,0.112991,0.100629,0.411996,0.130660,0.123069,0.160180,0.197045,0.158229,0.855084,0.164909,0.924857,0.135091,0.150309,1.158409,0.563080,0.447067,0.111290,0.167900,0.473480,0.193940,0.116520,0.126440,0.176440,0.156540,0.113870,0.129690, ,0.154100,0.094430,0.123990,0.137570,0.126660,0.115305,0.111740,0.124678,0.096536,0.098878,0.092334,0.096329,0.124161,0.119621,0.155678,0.111686,0.147648,0.217414,0.196416,0.183395,0.213664,0.251813,0.267920,0.256027,0.287120,0.282427,0.370293,0.101760,0.279573,0.285707,0.269680,0.189520,0.256880,0.299867,0.275360,0.207600,0.275920,0.157667,0.158422,0.161952,0.298142,0.122246,0.169777,0.165126,0.174477,0.096686,0.196941,0.175690,0.156531,0.107082,0.180586,0.099981,0.139062,0.169543,0.202646,0.094166,0.218720,0.087740,0.195509,0.142531,0.390144,1.114115,0.216229,1.671414,0.096640,2.170836,0.892034,2.609037,0.956337,0.117429,0.502695, , ,0.121392,0.962168,0.143120,0.112048,1.099750,0.119093,0.072480,0.060725,0.064629,0.273738,0.218528,0.050581,0.179440,0.299463,0.106480,0.054947,0.147347,0.433120,0.162853,0.216427, ,0.227373,0.236267,0.978697,0.119200,0.098813,0.473507,0.236827,0.346560,0.329208,0.112560,0.432914,0.258137,0.534251,0.383120,0.415497,0.284136,0.368343,0.341017,0.391029,0.396777,0.381371,0.980877,0.280514,0.111659,0.118832,0.080140,0.062800,0.104140,0.140734, ,0.091550,0.111745,0.082950,0.112675,0.077535,0.117685,0.099820,0.095945,0.102835,0.156174,0.189878,0.111393,0.163556,1.297192,0.162200,0.133915,0.141840,0.117026,0.898939,0.097162,0.085351,0.212635,0.902469,0.980152,0.656575,0.095650, ,0.133265,0.127310, ,0.164815,0.218760,0.209820,0.240725, ,0.201585,0.179895,0.169055,0.122400,0.132755,0.197095,0.765046,0.218884,0.119920,0.176080,0.369158,1.607204,0.171829,0.263809,0.397371,0.238545,0.241215,0.138743,0.196887,0.118602,0.127657,0.535835,0.111811,0.069316,0.232421,0.120872,0.102545,1.039471,0.123028,0.058137,0.411171,0.331606,0.107229,0.115573, ,0.129674,2.583161,0.084515,0.107914,0.179902,0.176431,0.123655,0.157286,0.168411,0.134960,0.172369,0.119686,0.798278,0.212868,0.125705,0.156529,0.729802,0.140037,0.243446,0.169523,0.172822, ,0.145270,0.050657, ,0.157338,0.156441,0.151383,0.082537,0.130590, ,0.322440,0.837510,0.096877,0.153136,0.605360,0.322764,0.176640,0.514302,0.524533,0.536044,0.466080,0.401467,0.695760,0.204436,1.223175,0.563796,0.827801,0.355662,1.142459,0.241433,0.504640,0.008720,0.168967,0.175447,0.210051,0.060453,0.484185,0.433789,0.113088,0.365396,0.139224,0.124587, ,0.067467,0.149808,0.138124,0.082692,0.087328,0.221373,0.187225,0.094773,0.137197,0.118554,0.128609,0.161728,0.178991,0.137210,0.304461,0.148212,0.119768,0.137401,0.122793,0.118646,0.160954,0.136578,0.107286,0.106055,0.110234,0.077748,0.086437,0.127034,0.138154,0.117877,0.263637,0.116185,1.471709,0.085766,0.079865,0.052390,0.119517,0.096417,0.241171,0.116037,0.088023,0.132633,0.123600,0.142090,0.096437,0.117457,0.097453,0.056920,0.094010,0.136150,0.105200, , ,0.084970,0.038796,0.081468,0.104926,0.068320,0.142375,0.168651,1.233329,0.325320,0.079449,0.045940,0.266304,6.985640,0.073575,0.357149,0.503149,0.422000,0.393455,0.320633,0.377840,0.475578,0.556175,0.329593,0.376742,0.157287,0.522538,0.408836,0.421098,0.405185, ,0.127058,0.187443,0.189917,0.107825, , ,0.142915,0.132018, ,0.069469,0.119676,0.101404,0.113185,0.104960,0.146055,0.091785,0.151845,0.164320,0.132000,0.237064,1.071320,0.227116,0.148315,0.317868,1.349676,0.204805,0.276659,0.230329,0.246555,0.161111,0.337387,0.425450,0.087457,0.152756,0.104742,0.132172,0.129985,0.123697,0.134325,0.096778,0.049105,0.138638,0.045920,0.068994,0.061195,0.018018,0.122725,0.040255,0.343651,0.124166,0.140451,0.085410,0.184143,1.444551,0.179787,0.117411,0.115464,0.431781,0.189835,0.131863, ,0.030173,0.164217,0.184229,0.040200, , ,0.098800, ,0.068492,0.137765,0.108207,0.050640,0.046398,0.071198, , ,0.138278,0.074560,0.153395
    Burst Duration - Std (sec),0.017880,0.069425,0.018753,0.028980,0.023721,0.015905,0.119057,0.028023,1.586878,0.731244,0.022360,0.072264,0.106621,0.044333,0.067762,0.072816,0.051910,0.072756,0.054705, ,0.027729,0.649350,0.098696,0.075945,0.120461,0.197015,0.121847,0.114700,1.377776,0.370368,0.097594,0.041667,0.046856,0.044743,0.061699,0.164840,0.050524,0.054944,0.074921,0.041943,0.075971,0.117226,0.047219,0.098851,0.140579,0.084454,0.013408,0.031567,0.247064, ,0.123038,0.215636,0.118443, ,0.041025,0.059995,0.162840,0.012631,0.029917,0.051361,0.199120,0.285956,0.025248,0.059544,0.038354,0.042942,0.032069,0.072684,0.102067,0.029513,0.051912,0.039480,0.068650,0.059508,0.084856,0.045966,0.728779,2.091058,0.802452,0.059483,0.008054,0.008871,0.033188,0.017005, ,0.070696,0.044123, ,0.032277, ,0.015024,0.010378,0.022884, ,0.021960,0.022384,0.038885,0.035146, ,0.032679, ,0.087626,0.046010,0.031848,0.144806, ,0.030968, , ,0.038331,0.052904,0.020810,0.138589,0.034389,0.031808,0.022335,0.064406,0.044633,0.036633,0.016763, ,0.041317,0.043944,0.029374,0.039859,0.019964,0.017895,0.026082,0.093117,0.159407,0.067321,0.088574,0.048592,0.179791,0.329786,0.725093,0.054947,0.025865,0.089677,0.039070,0.121574,0.058153,0.450819,0.171766,0.084656,0.114615,0.253616,0.109832,0.469997,0.074919,0.510928,0.062266, ,0.035925,0.091363, ,0.246308, ,0.047505,0.507016,0.079207,0.075115,0.089497,0.048445,0.122431,0.078438,0.086576,0.041649,0.573758,0.416197,0.057702,0.064250,0.140406,2.418355,0.038277, ,0.072517,0.250507,0.079876,0.019641,0.115550,0.767687,0.627676,0.046927,0.045990,0.060573,0.155527,0.562903,1.334841,1.639644,1.334339,0.361497, ,0.306427,0.270997, , , ,0.310823,0.322182, , ,0.303228, , , ,0.366248,0.345527,0.058928,0.027973,0.049143,0.935470,0.041450,0.023763,0.025455,0.011045,0.063440,0.028183,0.048271,0.022267,0.040384,0.065494,0.070223,0.038410,0.155065,0.165191,0.047202,0.164354,0.413414,0.070526,0.040106,0.110981,0.207658,0.152097,0.040233,0.065154,0.082041,0.098297,0.099641,0.056477, ,0.042286,0.038447,0.044040,0.129952,0.082936,0.049568,0.056097,0.049872,0.053466,0.048925,0.052730,0.032349,0.044399,0.080512, ,0.064191,0.030621,0.509217,0.057073,0.080725,0.050410,0.058851,0.047243,0.134183,0.568038,0.039114,0.030307,0.063678,0.404109,0.342289,0.035526,0.113399,0.296657,0.144748,0.122624,0.271089,1.710794,0.352376,0.311322,0.217447,0.147385,0.288564, ,0.255327,0.114335,0.107473,0.127952,1.422922,0.052133,0.054327,0.085258,0.034441,0.027332,0.222257,0.042444,0.265643, ,0.067654,0.162337,0.019210,0.056036,0.032600,0.051681,0.088924,0.202540,0.201294,0.160151,0.246206, ,0.053249,0.197905,0.054756,0.239568,0.133732,0.274064,0.191962,0.205569,0.272054,0.191668,0.034373,0.038105,0.346899,0.029847,0.028554,0.072373,0.269993,0.044906,0.732638,0.052907,0.722931,0.045009,0.062185,0.600510,1.147218,0.470919,0.032394,0.053995,0.248197,0.041922,0.029387,0.026250,0.028380,0.031293,0.020775,0.060657, ,0.028256,0.024639,0.022598,0.052089,0.040968,0.072052,0.032080,0.056336,0.048391,0.039826,0.035217,0.038077,0.064067,0.065855,0.228861,0.069662,0.055060,0.252813,0.245017,0.110515,0.046413,0.083318,0.083571,0.093659,0.110360,0.066701,0.077435,0.084114,0.106037,0.083257,0.076540,0.206928,0.101176,0.099195,0.111610,0.155637,0.076728,0.044328,0.036442,0.046351,0.118170,0.032639,0.031350,0.037302,0.038749,0.043959,0.056237,0.073906,0.057925,0.060521,0.271373,0.026885,0.037671,0.043270,0.094527,0.042217,0.345256,0.036343,0.108340,0.098511,0.683107,0.914808,0.074916,1.330971,0.037255,0.634285,1.338807,1.560587,0.624989,0.034317,1.531526, , ,0.025186,1.152050,0.054067,0.023893,0.599894,0.063284,0.015743,0.039062,0.021531,0.528643,0.038731,0.012668,0.027408,0.334437, ,0.038804,0.037123,0.728862,0.032253,0.159514, ,0.062195,0.047495,2.358102,0.055347,0.058097,0.202998,0.067456,0.253455,0.174298,0.076372,0.151452,0.064945,0.123388,0.105009,0.162574,0.170314,0.114512,0.097636,0.137461,0.126649,0.111801,0.398790,0.116163,0.042510,0.041340,0.037928, ,0.036770,0.063850, ,0.021638,0.039113,0.026270,0.036331,0.023482,0.041883,0.048151,0.034844,0.019549,0.083212,0.074562,0.044328,0.076645,0.695822,0.091483,0.026772,0.066141,0.058161,0.583578,0.036670,0.014480,0.208258,0.353689,1.010099,0.591408,0.025534, ,0.055843,0.027583, ,0.028508,0.033122,0.044546,0.060044, ,0.059598,0.076085,0.069036,0.056037,0.038562,0.088630,0.286088,0.039068,0.038797,0.046923,0.050479,0.923954,0.042186,0.400147,0.061194,0.061008,0.052087,0.035569,0.046483,0.036255,0.057790,0.681833,0.081036,0.027883,0.130928,0.044819,0.086148,0.617876,0.151361,0.019831,0.776480,0.486890,0.049903,0.059352, ,0.070973,0.460970,0.064796,0.037668,0.066609,0.074748,0.027595,0.049096,0.097591,0.126568,0.048683,0.070280,0.460726,0.112961,0.048855,0.122167,0.376715,0.087821,0.298143,0.045222,0.086144, ,0.038530,0.012865, ,0.038056,0.046630,0.200739,0.036925,0.030692, ,0.062621,0.500282,0.017884,0.054579,0.306399,0.109334,0.058858,0.159597,0.176437,1.032025,0.108459,0.112170,0.948262,0.078252,0.460819,0.134598,0.310879,0.193658,0.417581,0.075318,1.388938, ,0.043129,0.118076,0.288643,0.022309,0.830053,0.948239,0.019234,0.945466,0.011693,0.054903, ,0.022453,0.060129,0.074486,0.032416,0.034597,0.088796,0.053032,0.027646,0.034427,0.056645,0.054820,0.150562,0.278580,0.055403,0.264810,0.323317,0.127784,0.077093,0.051982,0.055452,0.040435,0.040611,0.031938,0.034710,0.027995,0.029519,0.087343,0.026822,0.039713,0.024302,0.044037,0.052703,1.711122,0.017397,0.028511,0.019306,0.025821,0.051168,0.111548,0.064012,0.024433,0.062184,0.033002,0.065726,0.023129,0.020787,0.025239,0.025258,0.025773,0.025423, , , ,0.051340,0.036352,0.058502,0.053971, ,0.197289,0.098060,0.378288,0.209700,0.053069,0.021872,0.137606,6.781567,0.063175,0.053863,0.075358,0.075920,0.047748,0.061515,0.068980,0.183763,0.154012,0.071989,0.103423,0.074468,0.165631,0.138996,0.067233,0.056908, ,0.120805,0.242605,0.380935,0.026337, , ,0.164145,0.022997, ,0.026344,0.020568,0.021118,0.041787,0.027705,0.053164,0.022045,0.049666,0.053633,0.037890,0.153985,1.038603,0.287654,0.043568,0.200836,1.038024,0.109177,0.495949,0.076422,0.153493,0.081873,0.280176,0.317175,0.058669,0.037129,0.048527,0.046109,0.026072,0.033700,0.026945,0.024311,0.027909,0.042815,0.023927,0.020992,0.025118,0.004955,0.031524,0.020121,0.284624,0.037748,0.020379,0.039944,0.054217,0.756371,0.230815,0.023312,0.058348,0.429846,0.167712,0.033652, ,0.011383,0.256046,0.248028,0.027052, , ,0.166127, ,0.159173,0.038451,0.084531, ,0.017750,0.030486, , ,0.061683,0.060868,0.152511
    Number of Spikes per Burst - Avg,23.235294,20.352941,11.705882,26.000000,19.000000,19.411765,21.840000,20.235294,25.703704,34.421053,19.705882,42.043478,7.750000,22.500000,18.294118,19.105263,21.600000,14.517241,24.689655, ,7.375000,15.500000,21.875000,9.944444,13.761905,25.595238,43.111111,46.916667,53.666667,40.125000,27.210526,9.700000,48.636364,41.545455,47.909091,51.066667,54.545455,49.000000,55.909091,43.818182,28.454545,87.545455,21.000000,13.454545,49.000000,14.272727,18.636364,15.363636,19.222222,4.000000,15.611111,23.222222,10.800000, ,15.444444,15.944444,27.777778,7.000000,9.588235,15.812500,19.000000,41.900000,11.800000,24.944444,26.312500,22.705882,23.400000,21.333333,12.933333,32.250000,30.133333,22.187500,14.600000,20.827273,20.428571,22.933333,25.354839,30.611111,14.466667,34.933333,5.350000,6.600000,5.761905,6.095238, ,18.590909,11.954545, ,10.181818,5.000000,5.250000,6.363636,20.363636, ,6.238095,14.181818,19.947368,26.743590,4.000000,21.512821, ,21.540541,19.025641,13.947368,8.545455, ,12.322581, ,4.000000,21.461538,10.642857,6.000000,5.400000,21.928571,22.928571,22.678571,9.153846,19.142857,17.071429,7.961538, ,21.750000,12.259259,16.321429,9.888889,27.035714,8.846154,9.961538,26.761905,26.318182,30.086957,40.409091,22.136364,26.000000,24.652174,49.054545,32.041667,11.000000,25.476190,16.571429,27.714286,20.095238,45.809524,48.846154,40.916667,37.928571,28.800000,27.937500,57.545455,19.800000,45.888889,27.928571, ,13.500000,18.692308, ,20.000000, ,47.923077,21.500000,22.307692,32.666667,28.363636,17.545455,29.090909,21.000000,24.235294,27.636364,33.850000,31.796296,15.545455,31.818182,30.461538,32.285714,49.090909, ,14.952381,20.700000,32.666667,19.285714,26.714286,47.754098,21.068182,9.533333,5.909091,26.409091,20.350000,49.309524,11.235294,62.696970,33.478261,28.296296, ,17.000000,18.600000, , , ,35.200000,30.600000, , ,22.400000, , , ,5.000000,48.600000,14.166667,16.500000,14.166667,30.000000,5.833333,16.500000,22.500000,10.666667,14.166667,16.333333,22.428571,20.833333,27.833333,34.000000,16.833333,16.000000,29.789474,27.210526,22.368421,18.684211,36.854545,22.052632,23.052632,20.651163,34.782609,11.894737,13.842105,29.157895,9.894737,34.736842,16.631579,19.315789,4.000000,4.750000,34.400000,29.600000,20.600000,12.600000,33.200000,14.000000,10.000000,21.000000,23.600000,13.400000,24.800000,13.600000,13.400000,7.000000,23.214286,22.571429,32.266667,45.200000,27.333333,23.000000,31.642857,38.941176,39.857143,56.657534,26.714286,38.428571,14.285714,29.733333,74.903226,25.785714,74.142857,107.714286,95.571429,73.142857,122.857143,34.714286,79.857143,73.142857,74.250000,59.250000,34.000000, ,8.444444,73.375000,32.571429,54.000000,40.923077,8.181818,31.454545,26.818182,32.363636,16.000000,25.914286,33.000000,32.806818, ,45.727273,34.083333,9.200000,24.545455,8.454545,16.153846,38.750000,26.444444,80.250000,44.250000,51.714286, ,13.500000,29.500000,10.000000,19.400000,15.333333,58.333333,46.750000,94.250000,78.250000,29.750000,10.615385,13.071429,37.888889,20.375000,25.642857,28.250000,22.666667,33.142857,30.724138,28.000000,35.428571,25.500000,14.714286,28.107143,19.571429,32.148148,11.000000,11.625000,39.625000,26.375000,15.750000,14.125000,34.375000,19.875000,18.625000,7.250000, ,31.750000,12.125000,23.500000,20.250000,20.500000,16.229508,24.977778,19.891304,12.681818,19.347826,16.977778,20.355556,17.767857,22.066667,20.000000,13.206897,26.044444,23.468085,21.309091,27.272727,21.000000,11.333333,9.333333,33.333333,30.333333,33.666667,48.000000,5.000000,33.000000,37.333333,41.666667,4.500000,17.333333,25.000000,21.000000,12.666667,16.000000,32.000000,29.080000,31.320000,49.730769,21.000000,43.333333,42.320000,39.080000,16.500000,30.720000,33.560000,18.520000,10.631579,18.440000,15.880000,18.800000,22.428571,29.571429,17.857143,27.200000,7.250000,27.571429,19.714286,29.800000,27.640000,47.071429,26.857143,15.428571,32.250000,42.571429,118.076923,38.727273,23.133333,24.500000, , ,24.333333,21.000000,25.600000,23.866667,36.727273,23.800000,18.400000,7.400000,10.800000,18.545455,30.933333,9.466667,35.833333,24.714286,6.000000,6.500000,18.666667,38.285714,23.500000,20.500000, ,20.166667,24.500000,9.428571,8.166667,13.000000,26.500000,35.833333,53.000000,47.500000,5.666667,94.285714,21.142857,46.000000,89.714286,58.571429,43.900000,55.571429,56.285714,72.571429,51.857143,46.428571,45.451613,36.857143,20.368421,6.800000,5.750000,4.000000,14.937500,17.647059, ,17.687500,14.625000,11.500000,19.750000,13.375000,16.333333,18.250000,16.375000,14.875000,21.588235,35.117647,22.647059,24.722222,69.950000,25.550000,25.058824,20.588235,17.705882,26.222222,13.941176,19.764706,15.588235,61.604938,28.850000,20.781250,12.625000, ,9.000000,17.375000, ,27.625000,17.250000,23.500000,38.312500, ,26.875000,18.062500,28.375000,14.937500,16.937500,16.687500,32.188679,49.000000,20.619048,34.095238,51.761905,54.358209,28.318182,13.608696,82.190476,43.428571,47.190476,12.523810,38.272727,15.619048,13.809524,37.645161,21.766667,9.068966,30.200000,25.066667,14.181818,33.088235,13.259259,8.952381,20.545455,22.703704,21.100000,25.233333, ,21.760000,149.400000,12.560000,18.692308,17.692308,19.888889,23.153846,29.230769,23.285714,10.294118,28.846154,13.153846,22.690476,20.153846,21.692308,22.944444,33.521739,21.076923,37.071429,30.833333,26.440000, ,27.200000,8.250000, ,28.480000,30.703704,27.166667,15.416667,29.833333, ,8.000000,35.538462,20.875000,17.080000,30.700000,49.111111,28.555556,49.444444,54.111111,28.090909,40.777778,43.666667,34.250000,30.666667,58.274510,92.444444,43.808511,45.333333,75.461538,37.454545,13.357143,4.000000,26.500000,24.181818,11.571429,8.222222,21.692308,25.636364,20.300000,11.545455,23.600000,20.066667, ,12.777778,23.300000,17.636364,10.650000,12.750000,28.960000,28.423077,14.619048,21.041667,20.730769,24.730769,20.960000,16.434783,19.760000,34.600000,8.950000,13.285714,21.148148,19.166667,9.461538,33.357143,17.461538,13.923077,14.538462,17.153846,14.461538,9.076923,23.153846,23.230769,13.923077,23.000000,13.230769,27.454545,9.461538,12.076923,8.458333,23.083333,12.250000,44.760000,17.583333,17.333333,17.000000,24.875000,13.375000,16.708333,20.000000,11.208333,5.857143,17.416667,28.500000,5.000000, , ,12.666667,6.100000,10.400000,8.714286,5.000000,26.230769,15.714286,25.576923,6.000000,8.444444,4.250000,21.000000,23.500000,7.230769,38.000000,89.454545,65.272727,59.363636,17.636364,46.727273,73.000000,61.272727,48.090909,42.272727,11.545455,79.727273,50.272727,58.363636,63.454545, ,21.545455,19.666667,19.000000,17.818182, , ,22.652174,29.909091, ,9.863636,20.909091,17.909091,14.772727,21.227273,27.818182,14.681818,23.470588,14.352941,19.176471,29.588235,25.111111,22.833333,25.117647,37.235294,30.850000,38.062500,23.235294,32.647059,22.133333,30.555556,20.000000,31.500000,10.212121,17.757576,12.212121,18.823529,15.909091,17.090909,18.666667,11.909091,6.757576,13.363636,4.923077,6.575758,11.757576,4.636364,19.757576,5.807692,17.227273,18.500000,23.500000,9.041667,26.785714,35.558824,17.666667,20.857143,14.550000,26.217391,8.866667,18.571429, ,4.416667,13.000000,20.857143,4.500000, , ,10.558824, ,5.941176,9.843750,9.500000,5.000000,6.676471,9.735294, , ,9.529412,4.500000,15.764706
    Number of Spikes per Burst - Std,2.437453,4.300308,2.172691,3.968627,2.692582,2.785202,10.106434,3.092924,6.049888,10.205011,2.338929,17.998682,1.483240,4.514682,3.549026,5.394387,6.167769,6.869293,8.036095, ,1.951866,3.535534,6.654926,3.505831,14.152402,5.046416,27.048864,27.558502,57.552874,45.939207,16.916721,5.735852,6.004544,6.408801,7.700059,14.650532,7.076209,6.603030,10.014535,3.487641,3.416537,14.500784,3.577709,4.203894,21.118712,5.623005,2.013590,8.213072,7.025630, ,6.279180,11.069596,5.918494, ,2.639568,4.880601,11.201657,1.154701,3.554202,5.218157,5.196152,35.588544,4.411025,6.601891,6.150542,6.677993,4.102264,3.373567,1.830951,6.942622,3.739111,4.996249,7.410578,9.453759,6.599784,3.390463,12.009853,35.726311,5.642526,4.447578,1.225819,1.095445,0.995227,1.135991, ,3.002524,2.516181, ,1.531770, ,1.118034,0.789542,3.773914, ,1.220851,2.174229,7.210905,8.659397, ,6.328182, ,9.185117,7.109990,4.106339,2.207425, ,3.884903, , ,7.423110,5.891417,1.128152,1.516575,4.008589,3.660890,2.994483,2.752342,2.368220,3.276500,1.535728, ,2.661453,2.313715,3.151173,1.887883,4.220603,1.286618,2.505686,6.692569,7.006027,6.473113,8.781252,3.342304,4.690416,3.797232,17.717347,11.172478,1.378405,3.385543,3.295018,10.277113,4.023739,12.262215,24.772069,17.748026,6.094945,11.614031,8.512491,16.884097,7.828722,12.088532,9.392831, ,3.689324,7.052005, ,1.825742, ,17.114621,5.171207,8.654330,9.566355,8.297864,3.327571,8.419674,9.679479,14.809327,5.201398,8.725295,5.478533,2.423371,8.304435,13.320507,6.157279,8.154196, ,3.748015,8.159311,7.094599,4.314428,11.528846,20.347527,7.939884,3.602909,1.136182,10.848125,8.267088,17.649001,5.483263,54.362490,6.881263,15.223501, ,7.968689,6.542171, , , ,16.649324,14.310835, , ,9.762172, , , ,1.732051,20.610677,1.722401,1.378405,4.119061,7.393691,1.169045,2.428992,3.146427,2.065591,3.060501,3.614784,8.580154,0.752773,5.269409,4.427189,3.371449,1.673320,11.068368,7.546735,4.968909,2.729522,27.304469,6.141604,6.761605,9.260473,14.634817,4.897786,4.003653,6.635453,2.105409,14.813065,9.280868,5.617954, ,0.957427,3.209361,4.393177,3.974921,2.408319,3.834058,3.162278,2.121320,1.224745,2.880972,1.516575,0.836660,2.607681,3.049590, ,3.190818,2.593313,4.333700,12.422330,3.994043,4.590961,3.754119,13.221529,5.829067,20.598152,1.857565,4.669282,5.224625,3.614784,15.791375,3.533979,16.846647,55.748585,22.104729,14.870873,38.216177,16.069788,32.152908,27.655190,34.179150,24.382371,12.000000, ,2.877113,28.997229,7.849780,14.083087,19.054577,2.040499,6.608534,6.063302,3.585324,2.898275,15.673829,5.366563,4.770257, ,14.683943,11.874023,1.751190,3.387141,1.967925,6.375031,11.954776,19.812314,28.052035,14.268263,46.006211, ,4.203173,13.025616,2.943920,10.064790,5.859465,8.524475,17.727098,40.574006,32.581948,12.148388,2.534379,2.368521,10.943109,5.487865,6.121930,7.443118,5.150127,7.177498,5.811912,6.713935,10.732512,3.391165,3.172686,10.867263,11.895146,20.654118,1.603567,1.685018,6.545173,3.502550,0.707107,1.457738,6.738747,1.457738,3.113909,1.035098, ,3.105295,1.959410,3.070598,2.604940,2.927700,6.897810,4.769643,4.715121,2.540580,4.201679,4.644101,4.647363,6.483521,6.998052,6.197507,4.320874,7.836266,15.014270,13.062347,7.221942,4.656631,1.527525,4.163332,1.527525,7.767453,2.516611,10.440307,1.000000,0.000000,5.131601,3.055050,0.707107,2.309401,4.582576,5.291503,3.055050,3.000000,4.558795,4.872713,5.193907,14.944049,5.228129,7.866642,7.069418,7.117584,4.917844,5.975784,8.216244,3.742993,3.076985,4.321265,3.192700,2.915476,4.415258,7.418421,5.735948,5.267149,1.832251,12.157393,7.172904,6.752777,8.295983,18.006257,8.635475,3.877237,10.691241,18.367285,62.496671,23.777974,4.189556,3.405877, , ,2.468854,5.440588,4.910630,3.159265,6.479182,5.347897,2.501428,2.131398,3.098387,7.835981,2.789436,1.552264,5.036533,6.210590, ,2.073644,3.386247,40.766466,6.804410,9.181503, ,4.262237,5.504544,4.353433,2.228602,5.692100,9.974969,8.183316,37.694680,29.056458,0.577350,27.602622,3.891382,10.132456,21.258052,16.801360,23.297353,11.296860,19.922469,23.698503,15.528775,10.627906,16.404956,11.880356,7.289342,0.676123,1.288057, ,3.714274,4.768925, ,2.330057,3.844910,2.988868,3.642344,2.604483,2.636737,4.449719,5.725673,2.093641,5.916701,7.865132,4.107024,7.752082,33.074857,10.500501,3.325481,3.906066,5.987119,6.226369,2.164214,2.136861,5.315765,15.002232,11.435287,4.864184,1.707825, ,2.129163,2.473190, ,2.362908,3.109126,1.932184,3.718759, ,3.344149,2.048373,3.242941,3.957588,3.108456,3.048907,11.479173,7.569676,3.598280,5.575883,8.354069,22.287176,6.875674,3.858157,5.767313,9.537145,8.133997,2.926073,9.407099,2.974495,3.444112,11.560128,7.421699,2.802181,7.126444,6.746306,9.338279,16.319476,4.238946,2.011870,7.890484,11.671183,9.106080,12.403235, ,11.847222,24.648342,4.407191,4.385290,4.714952,8.498366,4.140172,7.212880,6.966166,3.670230,6.414127,3.738229,4.916315,5.565461,5.421940,11.603611,11.158931,5.139091,8.896536,4.197998,9.124509, ,6.041523,1.799758, ,5.838950,9.714441,30.799021,3.988207,5.288763, ,4.242641,12.923041,2.455030,4.122297,11.757267,15.632054,8.647415,13.333333,22.070594,43.951006,9.497076,12.216792,8.614206,9.513149,18.040043,21.207965,17.897824,19.512816,29.295991,12.596536,4.448114, ,5.000000,7.386720,2.376626,2.048034,7.531983,3.775519,2.540779,2.464290,2.118700,8.924018, ,1.855921,1.946507,5.239709,2.158825,2.692582,9.888883,8.561183,2.940683,6.544026,3.758273,5.242577,9.103479,4.560962,5.379591,11.586630,2.584875,3.333809,7.466354,4.208342,2.183857,7.088530,2.787334,2.253203,2.633609,1.625123,2.536907,2.956956,2.075498,3.004270,1.977437,3.464102,2.773501,7.411235,0.776250,1.552500,1.744037,3.077501,3.138125,9.769340,2.903022,2.513730,4.442874,4.003395,2.747529,2.820410,2.620986,1.559798,0.864438,4.031578,3.706633, , , ,4.061127,1.071153,5.335087,3.638419, ,21.962345,9.322272,5.360396,1.414214,2.788867,0.500000,19.274335,18.734994,3.139900,7.197222,13.269240,13.168834,8.053232,3.233349,7.537784,32.211799,14.967237,8.190904,9.231369,3.724611,21.735183,15.837240,9.615329,7.257598, ,8.034019,3.985481,3.045115,2.442410, , ,11.125763,3.379336, ,1.884661,2.758693,1.849301,2.428635,2.689164,3.959754,2.417917,4.913217,3.277598,4.475423,11.613886,16.222312,7.532283,5.325438,17.231981,9.229672,18.523746,7.644683,10.705963,8.798268,14.621588,10.316422,14.217360,2.381669,3.000316,2.218637,3.704793,2.479461,3.003785,2.618046,1.893470,1.173411,2.382464,0.862316,1.299767,1.696141,0.657952,3.832675,1.132051,4.839636,2.848751,2.954788,3.495079,6.852047,13.909210,5.009515,2.957575,5.871205,8.707137,1.407463,2.793241, ,0.668558,4.787805,4.452435,0.577350, , ,3.144897, ,1.301309,2.736956,2.427744, ,1.006662,1.238494, , ,1.862473,0.707107,3.693227
    Mean ISI within Burst - Avg (sec),0.004450,0.006813,0.008624,0.006001,0.006073,0.004730,0.011034,0.006145,0.041042,0.032307,0.005687,0.009130,0.012927,0.005835,0.006564,0.007492,0.011533,0.007297,0.006611, ,0.013360,0.071516,0.008476,0.010947,0.014843,0.036923,0.005578,0.005007,0.057080,0.039755,0.011647,0.013349,0.007048,0.008916,0.006048,0.010921,0.005976,0.005011,0.005403,0.008131,0.012763,0.006031,0.011593,0.011889,0.006536,0.006790,0.006290,0.009981,0.014527,0.011493,0.009150,0.006940,0.014822, ,0.009005,0.006329,0.006484,0.005713,0.008465,0.007567,0.020763,0.007584,0.005799,0.006743,0.005284,0.005044,0.005938,0.007643,0.007549,0.005622,0.005495,0.007578,0.006473,0.004540,0.011181,0.009153,0.033545,0.020283,0.013202,0.006681,0.005721,0.005967,0.005790,0.005957, ,0.010767,0.010455, ,0.007665,0.008780,0.007211,0.005510,0.005863, ,0.006680,0.005666,0.004562,0.004597,0.015200,0.004447, ,0.009109,0.005089,0.007573,0.023929, ,0.008304, ,0.008107,0.008811,0.013249,0.009577,0.021052,0.006546,0.006967,0.006151,0.010747,0.007839,0.009276,0.005318, ,0.008027,0.008564,0.007023,0.008842,0.004687,0.010963,0.008203,0.006765,0.009120,0.006093,0.005498,0.005388,0.008613,0.011440,0.018582,0.005369,0.005068,0.006835,0.007254,0.009212,0.006142,0.019994,0.006483,0.006608,0.007167,0.007054,0.008154,0.012829,0.008710,0.026084,0.006256, ,0.012045,0.009091, ,0.068569, ,0.007588,0.034397,0.008772,0.007276,0.008313,0.007983,0.010194,0.005862,0.005697,0.006290,0.037000,0.030388,0.008971,0.007360,0.009586,0.040951,0.004172, ,0.006633,0.019584,0.004499,0.004310,0.008192,0.022963,0.040654,0.010389,0.023469,0.005876,0.007875,0.025445,0.022720,0.014128,0.042054,0.019906, ,0.033673,0.025946, , , ,0.016596,0.018806, , ,0.027643, , , ,0.039898,0.012822,0.009896,0.007399,0.009264,0.012379,0.011731,0.007708,0.006394,0.014176,0.010902,0.009134,0.006245,0.005510,0.005202,0.009988,0.010426,0.009004,0.005785,0.006071,0.005499,0.005811,0.020002,0.006752,0.004748,0.006851,0.010446,0.015023,0.007063,0.005356,0.010226,0.004637,0.008250,0.006311,0.065387,0.017919,0.007720,0.008070,0.014333,0.016492,0.007328,0.019410,0.025133,0.011942,0.010502,0.017741,0.011615,0.020325,0.017405,0.028480,0.008515,0.004970,0.010393,0.005819,0.005579,0.006926,0.006619,0.008039,0.006762,0.021974,0.006612,0.004900,0.008917,0.009959,0.017453,0.006207,0.005860,0.006346,0.005586,0.007326,0.005490,0.017690,0.008063,0.006660,0.006346,0.006411,0.019102, ,0.035683,0.009121,0.009726,0.006588,0.023888,0.015951,0.007300,0.007191,0.007386,0.007377,0.015508,0.007512,0.026580, ,0.006096,0.006402,0.008384,0.010045,0.010214,0.006831,0.008370,0.026352,0.006414,0.008714,0.007621, ,0.016954,0.017093,0.023771,0.015302,0.032411,0.020831,0.008141,0.004455,0.007072,0.012310,0.011757,0.008409,0.009984,0.007198,0.005103,0.007145,0.008499,0.004858,0.026010,0.006099,0.024030,0.005425,0.011343,0.040745,0.018790,0.016339,0.011031,0.015658,0.011815,0.007643,0.007908,0.009672,0.005370,0.008248,0.006513,0.020267, ,0.005008,0.008675,0.005562,0.007162,0.006469,0.007092,0.004631,0.006626,0.008089,0.005377,0.005799,0.005036,0.007216,0.005660,0.007229,0.008950,0.005992,0.008467,0.008717,0.007138,0.011067,0.023979,0.034174,0.007943,0.009605,0.008575,0.007955,0.023704,0.008737,0.007756,0.006576,0.049180,0.015385,0.012370,0.013474,0.016308,0.018207,0.005052,0.005618,0.005285,0.005996,0.006275,0.004024,0.003989,0.004589,0.006161,0.006609,0.005235,0.008729,0.011085,0.009585,0.006838,0.007729,0.008006,0.006811,0.005494,0.011954,0.013973,0.006993,0.007166,0.016774,0.041154,0.004831,0.059484,0.006541,0.070234,0.023635,0.019100,0.024266,0.005290,0.017496, , ,0.005170,0.039382,0.005733,0.004894,0.029493,0.005029,0.004187,0.009345,0.006743,0.013890,0.007296,0.006052,0.005153,0.013660,0.021296,0.009255,0.008423,0.008478,0.007486,0.010673, ,0.011775,0.010148,0.063135,0.016616,0.007932,0.018221,0.006769,0.007164,0.010535,0.023064,0.004597,0.012998,0.011939,0.004293,0.007121,0.007757,0.006624,0.006390,0.005436,0.007776,0.008297,0.024884,0.007631,0.006078,0.020698,0.016651,0.020933,0.007646,0.008351, ,0.005458,0.008059,0.008155,0.006062,0.006181,0.007634,0.005679,0.006451,0.007490,0.007345,0.005421,0.005049,0.006786,0.016592,0.006196,0.005553,0.007019,0.006858,0.036134,0.007390,0.004537,0.012862,0.014234,0.028578,0.032070,0.008252, ,0.016380,0.007769, ,0.006187,0.013717,0.009372,0.006388, ,0.007772,0.010299,0.006096,0.008345,0.008337,0.012211,0.028150,0.004564,0.006033,0.005280,0.007334,0.026798,0.006697,0.018215,0.004903,0.005669,0.005291,0.012204,0.005347,0.008104,0.009695,0.013078,0.005087,0.008656,0.007829,0.004990,0.007671,0.027839,0.008705,0.007472,0.017412,0.014335,0.005420,0.004821, ,0.006675,0.017299,0.007059,0.006010,0.010673,0.009711,0.005579,0.005551,0.009468,0.012777,0.006155,0.010471,0.038256,0.010839,0.006032,0.006849,0.022464,0.006698,0.011047,0.005661,0.007071, ,0.005774,0.007137, ,0.005897,0.005566,0.005591,0.005674,0.004510, ,0.053106,0.021835,0.004867,0.009326,0.022068,0.006736,0.006381,0.010614,0.010318,0.013580,0.011856,0.009580,0.018768,0.006856,0.022430,0.006177,0.021431,0.007860,0.017849,0.007052,0.029263,0.002907,0.006770,0.007219,0.019602,0.008478,0.024852,0.025198,0.005863,0.027121,0.006185,0.007058, ,0.005683,0.006836,0.008740,0.008662,0.007290,0.007930,0.007608,0.007210,0.007767,0.005887,0.005530,0.007235,0.010488,0.007679,0.008522,0.015038,0.008816,0.006889,0.006816,0.013197,0.004949,0.008165,0.008498,0.007715,0.006803,0.005656,0.008940,0.005743,0.006171,0.009278,0.012062,0.009195,0.045887,0.010232,0.007186,0.007048,0.005384,0.008254,0.005496,0.006886,0.005333,0.007926,0.005153,0.011210,0.006150,0.006222,0.009505,0.011485,0.005837,0.004941,0.026300, , ,0.006850,0.006934,0.007996,0.014133,0.017080,0.005111,0.012086,0.048312,0.061597,0.010206,0.014452,0.018194,0.236146,0.010974,0.009808,0.005709,0.006645,0.006783,0.019451,0.008269,0.006832,0.009192,0.007087,0.009124,0.014387,0.006583,0.008352,0.007388,0.006497, ,0.005707,0.010509,0.009931,0.006430, , ,0.005888,0.004562, ,0.007931,0.006033,0.005999,0.008064,0.005143,0.005360,0.006708,0.006661,0.012373,0.007301,0.007718,0.034593,0.011287,0.006191,0.008319,0.047667,0.005833,0.011708,0.007366,0.011199,0.005901,0.015528,0.012119,0.009129,0.009136,0.009098,0.007373,0.008790,0.007718,0.007612,0.008921,0.008409,0.011199,0.011663,0.012368,0.005593,0.005001,0.006547,0.008195,0.024902,0.007028,0.006246,0.010664,0.007156,0.044337,0.009951,0.005922,0.009770,0.019026,0.023140,0.007582, ,0.008639,0.010379,0.008040,0.010757, , ,0.008034, ,0.010434,0.016050,0.011474,0.012660,0.008363,0.008077, , ,0.016005,0.019953,0.009660
    Mean ISI within Burst - Std (sec),0.000709,0.002353,0.001494,0.001013,0.000913,0.000663,0.011978,0.000889,0.048973,0.019050,0.001189,0.006827,0.010071,0.005991,0.002454,0.004157,0.003561,0.001612,0.001694, ,0.004875,0.027345,0.002543,0.004735,0.008317,0.007841,0.001824,0.001161,0.067350,0.017044,0.001903,0.004488,0.000766,0.000981,0.000546,0.007320,0.000559,0.000798,0.000698,0.000977,0.002366,0.000615,0.001414,0.005273,0.001374,0.002138,0.000954,0.004076,0.005960, ,0.003742,0.004501,0.002991, ,0.002232,0.002207,0.002515,0.001415,0.002667,0.001549,0.006405,0.001302,0.001250,0.002073,0.001458,0.001424,0.000578,0.002425,0.007716,0.001843,0.001605,0.004474,0.002908,0.000932,0.007312,0.001615,0.020798,0.030869,0.025791,0.001344,0.001420,0.001335,0.004789,0.002651, ,0.003183,0.003074, ,0.002736, ,0.002030,0.001366,0.000967, ,0.004878,0.001207,0.000952,0.001645, ,0.000722, ,0.003622,0.001001,0.001895,0.015888, ,0.002365, , ,0.003509,0.004385,0.003269,0.021913,0.001207,0.001377,0.000924,0.004682,0.001943,0.002186,0.001590, ,0.001810,0.002960,0.001379,0.003882,0.000726,0.002494,0.001914,0.001793,0.008606,0.003552,0.001650,0.003146,0.006235,0.011419,0.010796,0.003175,0.001989,0.002799,0.001731,0.004334,0.001697,0.006317,0.009774,0.002286,0.003890,0.005488,0.003267,0.013087,0.004063,0.009797,0.000882, ,0.004428,0.002676, ,0.006735, ,0.004626,0.025265,0.003118,0.000823,0.002361,0.002046,0.002434,0.001280,0.002008,0.000956,0.019764,0.012146,0.002569,0.001420,0.002555,0.071893,0.000513, ,0.002367,0.014609,0.002974,0.000609,0.001264,0.010633,0.025132,0.002276,0.007972,0.005461,0.005799,0.009478,0.046306,0.010680,0.039465,0.014734, ,0.010203,0.009552, , , ,0.004946,0.007115, , ,0.009683, , , ,0.059429,0.002901,0.004681,0.001575,0.001525,0.020043,0.007117,0.001320,0.000747,0.004108,0.002988,0.001780,0.001904,0.001239,0.000552,0.001240,0.004624,0.002030,0.002358,0.002809,0.000928,0.005722,0.009325,0.002267,0.000713,0.002617,0.013038,0.008502,0.001387,0.001068,0.005892,0.000793,0.001647,0.001443, ,0.008590,0.000820,0.000501,0.003413,0.009284,0.000922,0.002717,0.005349,0.002283,0.001577,0.003990,0.001323,0.001375,0.004374, ,0.002558,0.000999,0.014802,0.002242,0.002455,0.001493,0.001271,0.006726,0.002248,0.005739,0.001325,0.000669,0.002532,0.012504,0.003451,0.000879,0.000806,0.000776,0.000427,0.000729,0.000899,0.022792,0.001097,0.001823,0.001539,0.004600,0.003423, ,0.024227,0.008729,0.002070,0.001204,0.020771,0.005629,0.000772,0.001880,0.001376,0.001707,0.004375,0.000629,0.007061, ,0.000930,0.002415,0.002129,0.002454,0.002845,0.001301,0.001598,0.019917,0.000478,0.001565,0.003571, ,0.004103,0.003672,0.004131,0.007186,0.003440,0.005156,0.001534,0.000416,0.000965,0.002452,0.002265,0.002951,0.004973,0.002446,0.001050,0.006777,0.009629,0.000509,0.019854,0.001075,0.013107,0.001244,0.004902,0.017376,0.024069,0.019315,0.002341,0.003421,0.004934,0.001145,0.002007,0.002070,0.000796,0.001184,0.000772,0.007484, ,0.000715,0.002784,0.001037,0.002295,0.001603,0.002600,0.000778,0.003330,0.002999,0.001943,0.001595,0.001477,0.002044,0.002332,0.005474,0.004099,0.001830,0.004022,0.004009,0.004185,0.002848,0.004343,0.007652,0.002986,0.001105,0.001391,0.001428,0.014281,0.003314,0.001229,0.001407,0.049186,0.003810,0.002296,0.001863,0.009979,0.001451,0.000992,0.000745,0.000862,0.001013,0.001706,0.000287,0.000518,0.000597,0.001595,0.001269,0.001077,0.001984,0.004838,0.010658,0.001691,0.001228,0.001758,0.001870,0.001154,0.027828,0.003891,0.001328,0.002701,0.036893,0.026401,0.000553,0.046372,0.001199,0.017849,0.031933,0.008005,0.014922,0.001079,0.049063, , ,0.000617,0.040954,0.001043,0.000788,0.014708,0.001437,0.000892,0.004565,0.001831,0.024800,0.001158,0.001403,0.000266,0.017158, ,0.004477,0.001698,0.003442,0.001095,0.002822, ,0.001255,0.000889,0.136335,0.006307,0.002831,0.005001,0.001136,0.001527,0.011998,0.014419,0.000376,0.003051,0.001412,0.000280,0.001479,0.006787,0.000796,0.000944,0.000419,0.000775,0.000788,0.011537,0.000858,0.001504,0.007401,0.005602, ,0.002156,0.002769, ,0.000831,0.001505,0.002429,0.001677,0.001052,0.002318,0.002005,0.001611,0.001359,0.001959,0.000946,0.001248,0.001540,0.005077,0.001618,0.000760,0.001605,0.001782,0.023344,0.001983,0.000460,0.009614,0.004428,0.022620,0.029197,0.002125, ,0.005474,0.001211, ,0.000913,0.002315,0.002172,0.001166, ,0.001952,0.003041,0.001926,0.002792,0.001700,0.003737,0.013527,0.000475,0.001016,0.000820,0.000755,0.012043,0.002967,0.015737,0.000741,0.001011,0.001076,0.001883,0.000606,0.001876,0.003651,0.012063,0.002227,0.002129,0.004360,0.001126,0.002012,0.012177,0.006988,0.002419,0.025671,0.017196,0.001032,0.000665, ,0.001876,0.002010,0.004108,0.000957,0.001511,0.001692,0.000839,0.000870,0.012302,0.006853,0.000674,0.007978,0.021202,0.004514,0.001698,0.003805,0.010671,0.002355,0.025054,0.000999,0.003039, ,0.002140,0.001646, ,0.001767,0.001746,0.000974,0.001823,0.000545, ,0.023241,0.010732,0.000578,0.001927,0.015629,0.001503,0.001074,0.001464,0.001531,0.016099,0.001580,0.001477,0.023049,0.000994,0.007662,0.000458,0.008543,0.001727,0.008450,0.002864,0.068504, ,0.002020,0.002568,0.023491,0.002602,0.046349,0.064437,0.000679,0.062175,0.000541,0.002637, ,0.001621,0.003044,0.004687,0.003404,0.002015,0.001804,0.004134,0.002661,0.003784,0.002278,0.002150,0.004074,0.010313,0.003412,0.003755,0.022355,0.006142,0.002369,0.002345,0.004613,0.000518,0.001526,0.002760,0.001666,0.001448,0.001356,0.006771,0.001150,0.001293,0.002135,0.001400,0.003224,0.048969,0.002364,0.002445,0.001954,0.000687,0.002672,0.002430,0.003141,0.000910,0.002125,0.000891,0.003540,0.001069,0.001029,0.002022,0.004248,0.001370,0.000567, , , ,0.001871,0.004418,0.002944,0.006444, ,0.001297,0.001433,0.011205,0.024518,0.005882,0.007722,0.010374,0.154591,0.005082,0.001536,0.000482,0.000741,0.000595,0.002708,0.000699,0.001084,0.000720,0.001600,0.001158,0.004022,0.000456,0.001351,0.000772,0.000600, ,0.001862,0.014968,0.017936,0.001375, , ,0.001773,0.000603, ,0.002864,0.000870,0.001059,0.002057,0.000827,0.001276,0.001191,0.001274,0.002804,0.001039,0.002295,0.021459,0.018062,0.001271,0.001931,0.034948,0.002025,0.019502,0.000749,0.004369,0.002641,0.006495,0.005047,0.004635,0.001686,0.002565,0.002154,0.001669,0.001853,0.001112,0.001816,0.004032,0.002711,0.005622,0.002326,0.001788,0.001316,0.001163,0.003311,0.023379,0.001441,0.000422,0.002051,0.000910,0.026043,0.007667,0.000857,0.006324,0.017634,0.019636,0.001806, ,0.002114,0.009344,0.007152,0.005964, , ,0.007743, ,0.015812,0.003637,0.007022, ,0.003598,0.003082, , ,0.006169,0.013360,0.005591
    Median ISI within Burst - Avg (sec),0.003169,0.004038,0.004635,0.003374,0.004327,0.003376,0.008227,0.003576,0.039135,0.030693,0.003605,0.006845,0.008287,0.004193,0.003866,0.003606,0.009804,0.006439,0.004359, ,0.011160,0.079480,0.005415,0.007776,0.010947,0.030890,0.004372,0.003603,0.041827,0.032950,0.010305,0.011912,0.004560,0.005465,0.004102,0.007360,0.004113,0.003262,0.003458,0.005502,0.006131,0.003785,0.009324,0.006255,0.004197,0.004560,0.005280,0.005033,0.007402,0.014720,0.005676,0.003976,0.011243, ,0.005098,0.003809,0.003576,0.004680,0.005767,0.004330,0.013173,0.005828,0.004123,0.004098,0.003737,0.003468,0.003883,0.004349,0.004605,0.004325,0.003504,0.004638,0.004146,0.003339,0.008796,0.006416,0.029406,0.014336,0.013560,0.004101,0.005542,0.004792,0.003756,0.004539, ,0.004805,0.006460, ,0.003511,0.009880,0.006326,0.004231,0.003815, ,0.005097,0.003513,0.003455,0.003257,0.013120,0.003343, ,0.005584,0.003694,0.005863,0.016695, ,0.006361, ,0.005920,0.006868,0.009577,0.007723,0.010328,0.003899,0.004341,0.004441,0.008377,0.003814,0.004843,0.003582, ,0.004381,0.004481,0.004371,0.005330,0.003157,0.007814,0.005188,0.003630,0.005149,0.004297,0.003573,0.003920,0.005411,0.006937,0.015860,0.004178,0.003663,0.003630,0.003949,0.006794,0.003891,0.015255,0.005838,0.005137,0.004929,0.003715,0.004697,0.008265,0.007124,0.024022,0.004546, ,0.008912,0.005892, ,0.049570, ,0.005329,0.032156,0.006240,0.004867,0.005058,0.005771,0.005451,0.004000,0.003901,0.003836,0.033016,0.026064,0.005440,0.004418,0.005252,0.036511,0.003244, ,0.003903,0.014184,0.003198,0.003354,0.006674,0.020698,0.038280,0.008320,0.020167,0.004696,0.005834,0.021697,0.018409,0.012730,0.036113,0.013941, ,0.024408,0.019336, , , ,0.010736,0.009352, , ,0.019872, , , ,0.007440,0.007432,0.006227,0.004847,0.004113,0.004469,0.005013,0.004027,0.004900,0.008473,0.006587,0.004120,0.004183,0.003593,0.003540,0.004527,0.005547,0.004867,0.003554,0.003922,0.003779,0.003733,0.017777,0.004337,0.003459,0.003768,0.007652,0.010208,0.004992,0.003436,0.005322,0.003360,0.006194,0.004076,0.081680,0.012780,0.004888,0.005320,0.006960,0.008664,0.003736,0.005200,0.008528,0.005424,0.003808,0.012760,0.004600,0.010424,0.004000,0.021800,0.004157,0.003660,0.007504,0.004181,0.003461,0.003969,0.003920,0.006096,0.003837,0.019430,0.003891,0.003297,0.006423,0.007757,0.016618,0.004254,0.003686,0.004023,0.004926,0.004491,0.003560,0.015160,0.004177,0.003531,0.004855,0.005465,0.012640, ,0.025969,0.005820,0.006257,0.004097,0.008606,0.012280,0.004884,0.004036,0.004607,0.005215,0.008193,0.005036,0.024282, ,0.003764,0.003627,0.006636,0.004807,0.007596,0.004502,0.004780,0.021044,0.004180,0.007140,0.006137, ,0.009050,0.012050,0.014410,0.009608,0.026187,0.017300,0.006090,0.003520,0.003840,0.009020,0.009591,0.004791,0.003980,0.005610,0.003529,0.005717,0.005872,0.003443,0.025150,0.004114,0.010511,0.003471,0.006437,0.026527,0.012300,0.012881,0.006550,0.011120,0.005040,0.003945,0.005700,0.006270,0.003340,0.004105,0.004285,0.016485, ,0.003500,0.004760,0.003625,0.003970,0.003995,0.004720,0.003476,0.004176,0.004732,0.003478,0.004108,0.003799,0.005344,0.003610,0.003935,0.006003,0.003726,0.004432,0.005516,0.004981,0.007315,0.009427,0.015040,0.004693,0.005720,0.004213,0.004147,0.004560,0.005000,0.004160,0.003947,0.017940,0.009307,0.005360,0.006627,0.004640,0.008560,0.003305,0.003701,0.003514,0.003917,0.004555,0.003153,0.003030,0.003358,0.004147,0.004202,0.003362,0.005421,0.006798,0.005074,0.004864,0.005070,0.004463,0.003709,0.003754,0.006872,0.011930,0.004891,0.003989,0.006584,0.031430,0.003566,0.056504,0.004171,0.056104,0.014773,0.024185,0.019688,0.003680,0.014377, , ,0.003720,0.037783,0.003992,0.003173,0.026119,0.003443,0.003152,0.007253,0.004885,0.003773,0.003869,0.004645,0.003633,0.007474,0.018480,0.005933,0.004320,0.005697,0.004733,0.005693, ,0.009320,0.005320,0.007943,0.010480,0.003820,0.007173,0.003933,0.004792,0.005344,0.016653,0.003446,0.009103,0.005714,0.003234,0.004269,0.004432,0.004297,0.004326,0.003497,0.004983,0.005891,0.026397,0.004594,0.004411,0.018296,0.014437,0.011280,0.004917,0.005306, ,0.003965,0.004840,0.005560,0.003902,0.004223,0.004035,0.003445,0.004965,0.004770,0.004374,0.003692,0.003464,0.003824,0.014747,0.003970,0.003468,0.003696,0.004151,0.029990,0.004466,0.003374,0.005513,0.013199,0.020548,0.029473,0.005285, ,0.010127,0.004183, ,0.003618,0.006360,0.005073,0.003670, ,0.005087,0.005795,0.003587,0.004187,0.005188,0.006747,0.021677,0.003326,0.004312,0.003352,0.004455,0.024584,0.004525,0.010910,0.003312,0.003636,0.003688,0.010509,0.003918,0.004794,0.006187,0.010908,0.003363,0.007172,0.003985,0.003625,0.004595,0.026627,0.004440,0.006040,0.004985,0.010080,0.004015,0.003828, ,0.005107,0.017696,0.004454,0.004120,0.007612,0.007413,0.003323,0.003535,0.007117,0.006635,0.003563,0.005231,0.030037,0.004686,0.003846,0.003820,0.019006,0.003972,0.009731,0.003428,0.003971, ,0.004134,0.005778, ,0.003915,0.003495,0.003688,0.004040,0.003282, ,0.055340,0.019547,0.003452,0.006298,0.007780,0.003796,0.004271,0.006333,0.007831,0.011164,0.005733,0.004516,0.014950,0.005249,0.020919,0.003867,0.020113,0.005244,0.016440,0.003927,0.005669,0.002800,0.004423,0.003596,0.012789,0.003711,0.006458,0.005084,0.003672,0.004600,0.003944,0.003597, ,0.003462,0.003680,0.004298,0.006198,0.003776,0.004461,0.004605,0.005227,0.005410,0.004400,0.004114,0.004638,0.006746,0.005038,0.005486,0.006572,0.005396,0.004084,0.004193,0.004997,0.003386,0.005111,0.004680,0.004345,0.004308,0.003600,0.004006,0.003372,0.003868,0.004868,0.008468,0.004585,0.030904,0.007726,0.003726,0.005578,0.004063,0.005812,0.003674,0.004372,0.003655,0.004310,0.003557,0.006550,0.003928,0.003903,0.005063,0.007697,0.003962,0.003430,0.028120, , ,0.004160,0.004836,0.005830,0.010200,0.006720,0.003403,0.011126,0.043565,0.050340,0.006760,0.009940,0.012656,0.192380,0.007923,0.006545,0.003913,0.004622,0.004604,0.011782,0.004844,0.004455,0.004927,0.004407,0.005262,0.011927,0.004305,0.004782,0.004287,0.004269, ,0.004171,0.007280,0.007304,0.004060, , ,0.004009,0.003411, ,0.005922,0.004011,0.003655,0.004436,0.003538,0.003505,0.004345,0.004207,0.010416,0.004534,0.004922,0.032258,0.005333,0.003671,0.004744,0.037080,0.003670,0.010252,0.004955,0.005656,0.003882,0.010187,0.008620,0.005390,0.005907,0.006737,0.004529,0.006259,0.005453,0.004589,0.005913,0.006470,0.006533,0.007871,0.009532,0.003595,0.004255,0.003819,0.006080,0.018258,0.004174,0.005091,0.008837,0.005517,0.039501,0.006229,0.004009,0.007516,0.016560,0.013093,0.005640, ,0.006747,0.005594,0.004660,0.006710, , ,0.004444, ,0.005118,0.012338,0.006112,0.015080,0.007048,0.005856, , ,0.009106,0.016340,0.004872
    Median ISI within Burst - Std (sec),0.000210,0.001176,0.000995,0.000347,0.000666,0.000186,0.010225,0.000330,0.047849,0.018955,0.000420,0.006184,0.003240,0.003730,0.000698,0.000350,0.003953,0.001617,0.001219, ,0.004122,0.035468,0.001477,0.002935,0.005375,0.004366,0.001604,0.000493,0.051666,0.015868,0.001981,0.004756,0.000601,0.001124,0.000371,0.005633,0.000462,0.000154,0.000151,0.000724,0.001280,0.000320,0.002260,0.002244,0.000844,0.001639,0.000937,0.002179,0.004329, ,0.002036,0.001194,0.001693, ,0.001604,0.000519,0.000564,0.001301,0.002379,0.000720,0.005532,0.001491,0.000943,0.001139,0.000773,0.000507,0.000473,0.000684,0.000970,0.002166,0.000278,0.002899,0.001274,0.000476,0.007414,0.001267,0.020261,0.023379,0.034510,0.000554,0.001468,0.001673,0.000536,0.001625, ,0.001514,0.002970, ,0.000602, ,0.001563,0.000774,0.000425, ,0.002879,0.000346,0.000300,0.000718, ,0.000381, ,0.002495,0.000529,0.001363,0.008362, ,0.001814, , ,0.004378,0.004876,0.002331,0.007710,0.000479,0.000516,0.000855,0.004186,0.000521,0.001394,0.000565, ,0.000728,0.001048,0.000690,0.001807,0.000294,0.002039,0.002169,0.000343,0.006656,0.003302,0.000928,0.002683,0.004958,0.010854,0.009138,0.002851,0.000564,0.000677,0.000791,0.004561,0.000498,0.009219,0.009315,0.002213,0.003571,0.000399,0.003141,0.013219,0.001983,0.009444,0.001016, ,0.002491,0.001307, ,0.013372, ,0.003891,0.024705,0.002317,0.001485,0.001420,0.001026,0.001177,0.000588,0.000748,0.000466,0.018428,0.010925,0.002375,0.000866,0.001303,0.066495,0.000131, ,0.000745,0.011139,0.000661,0.000342,0.001171,0.010507,0.024088,0.002570,0.009596,0.006087,0.004445,0.008424,0.047149,0.009959,0.036868,0.011159, ,0.007491,0.008740, , , ,0.002070,0.001882, , ,0.007722, , , ,0.003535,0.001602,0.001776,0.000963,0.000665,0.002760,0.001458,0.000573,0.000372,0.002871,0.001696,0.001136,0.001971,0.000416,0.000300,0.000535,0.002346,0.001972,0.000266,0.000681,0.000566,0.001348,0.008889,0.001117,0.000253,0.000633,0.010021,0.006398,0.001109,0.000287,0.001857,0.000150,0.001530,0.000995, ,0.004445,0.000815,0.000769,0.001012,0.002230,0.000249,0.001999,0.002879,0.001219,0.000699,0.003309,0.000997,0.004131,0.000426, ,0.000576,0.000574,0.014574,0.002391,0.000207,0.000437,0.000311,0.006435,0.000404,0.005262,0.000560,0.000263,0.001493,0.013965,0.003304,0.000400,0.000119,0.000209,0.000432,0.000279,0.000234,0.024934,0.000720,0.000246,0.002214,0.005123,0.004623, ,0.018734,0.005928,0.001364,0.000763,0.012712,0.003660,0.000328,0.000458,0.000608,0.001327,0.003852,0.000954,0.007295, ,0.000390,0.000350,0.002490,0.001119,0.002210,0.001239,0.000803,0.017583,0.000309,0.000929,0.003249, ,0.003679,0.003329,0.006345,0.005041,0.002612,0.003120,0.001268,0.000173,0.000392,0.002664,0.002036,0.001133,0.000743,0.002449,0.000387,0.005658,0.007647,0.000322,0.020733,0.000473,0.006238,0.000370,0.001796,0.016728,0.020618,0.018103,0.001281,0.004135,0.001233,0.000614,0.001147,0.001301,0.000259,0.000906,0.000890,0.003915, ,0.000365,0.001091,0.000460,0.000534,0.000435,0.001029,0.000410,0.002640,0.001508,0.000548,0.000733,0.001308,0.001587,0.000691,0.001005,0.002218,0.001436,0.001346,0.001930,0.003583,0.002423,0.004019,0.009755,0.000716,0.000511,0.000441,0.000450,0.000684,0.000386,0.000367,0.000185,0.014397,0.002538,0.001331,0.001921,0.000160,0.002856,0.000200,0.000343,0.000341,0.000596,0.002240,0.000135,0.000115,0.000278,0.001099,0.000436,0.000272,0.001546,0.002201,0.004916,0.001919,0.000768,0.000687,0.000444,0.000401,0.013306,0.004463,0.000782,0.000347,0.011705,0.019700,0.000410,0.047764,0.000788,0.016165,0.026450,0.012472,0.011785,0.000399,0.043676, , ,0.000479,0.051604,0.000486,0.000184,0.013463,0.000347,0.000212,0.002997,0.001239,0.000474,0.000392,0.000839,0.000187,0.008794, ,0.001629,0.000880,0.003303,0.000758,0.001295, ,0.003622,0.000726,0.005707,0.003677,0.000478,0.001985,0.000518,0.001204,0.002733,0.010523,0.000177,0.002507,0.000977,0.000088,0.000374,0.001565,0.000576,0.000480,0.000260,0.000542,0.001285,0.012870,0.000488,0.001531,0.005556,0.005133, ,0.001899,0.001167, ,0.000538,0.001044,0.001821,0.000501,0.000615,0.000844,0.000421,0.001899,0.001206,0.000769,0.000306,0.000286,0.000725,0.005770,0.000404,0.000352,0.000635,0.000530,0.020435,0.001316,0.000310,0.002482,0.004526,0.023586,0.028161,0.001736, ,0.004940,0.000780, ,0.000432,0.003607,0.000725,0.000347, ,0.001070,0.002018,0.000320,0.001133,0.000993,0.003134,0.010908,0.000179,0.000477,0.000239,0.000497,0.011685,0.002081,0.005638,0.000167,0.000634,0.000505,0.002047,0.000466,0.000831,0.001597,0.011416,0.000306,0.002111,0.001241,0.000375,0.001291,0.012357,0.000664,0.001736,0.003765,0.015042,0.000863,0.000512, ,0.002181,0.001774,0.002042,0.000561,0.001280,0.002145,0.000273,0.000361,0.010284,0.002252,0.000282,0.001278,0.016632,0.001582,0.000508,0.000474,0.012141,0.000669,0.023703,0.000346,0.001032, ,0.002133,0.001631, ,0.000573,0.000390,0.000503,0.000952,0.000242, ,0.036458,0.010708,0.000290,0.001401,0.005432,0.000300,0.000641,0.001094,0.001235,0.013103,0.000720,0.000395,0.018698,0.001146,0.008174,0.000257,0.008644,0.001240,0.008231,0.000791,0.005716, ,0.001232,0.000306,0.014117,0.000661,0.004053,0.003807,0.000303,0.001938,0.000375,0.000273, ,0.000470,0.000801,0.000649,0.002443,0.000556,0.001004,0.002657,0.001789,0.003763,0.001572,0.001472,0.003128,0.006618,0.003207,0.002704,0.002825,0.004508,0.001144,0.000814,0.002705,0.000237,0.001266,0.001157,0.000809,0.000836,0.000558,0.001771,0.000463,0.000367,0.001075,0.002193,0.000810,0.033316,0.002908,0.000369,0.001652,0.000506,0.001836,0.002277,0.000866,0.000496,0.001236,0.000379,0.001965,0.000450,0.000517,0.001542,0.002239,0.000638,0.000180, , , ,0.000700,0.001059,0.002127,0.002123, ,0.000423,0.001366,0.010107,0.003422,0.003059,0.003198,0.008625,0.125383,0.002759,0.000992,0.000282,0.000758,0.000493,0.002343,0.000391,0.000717,0.001006,0.000594,0.001221,0.005205,0.000390,0.001073,0.000510,0.000374, ,0.002194,0.012252,0.015963,0.000557, , ,0.001835,0.000234, ,0.002390,0.000600,0.000412,0.000790,0.000274,0.000387,0.000715,0.001114,0.002081,0.000584,0.000913,0.022687,0.004179,0.000486,0.001188,0.026137,0.000769,0.022441,0.000927,0.001774,0.000638,0.004487,0.004368,0.001547,0.001283,0.001375,0.000957,0.001335,0.000855,0.000892,0.001538,0.001695,0.001931,0.002207,0.001511,0.000583,0.001084,0.000538,0.002210,0.017918,0.000493,0.000557,0.002212,0.000527,0.025184,0.003171,0.000594,0.005354,0.021751,0.007748,0.001748, ,0.002143,0.001808,0.001680,0.000956, , ,0.000940, ,0.002283,0.004037,0.002369, ,0.002155,0.001491, , ,0.005691,0.011003,0.001388
    Median/Mean ISI within Burst,0.725802,0.621400,0.553093,0.574996,0.719052,0.725167,0.721065,0.592817,0.835921,0.880530,0.655513,0.704060,0.747174,0.754515,0.631293,0.584402,0.836308,0.886542,0.664280, ,0.840558,1.096715,0.655500,0.735374,0.772466,0.847642,0.782986,0.731456,0.691980,0.811814,0.882704,0.894684,0.650432,0.614208,0.680267,0.646639,0.689547,0.665452,0.648805,0.684501,0.485664,0.631564,0.802348,0.582584,0.659674,0.683167,0.841283,0.543871,0.507706,1.280742,0.644809,0.657043,0.776109, ,0.577756,0.649602,0.598550,0.836270,0.693267,0.597386,0.622130,0.777976,0.716401,0.622317,0.725528,0.715645,0.655072,0.604215,0.784854,0.752069,0.671140,0.617092,0.688588,0.749525,0.732319,0.710791,0.827576,0.765582,0.730937,0.627227,0.967864,0.801203,0.855676,0.816125, ,0.460688,0.633830, ,0.531459,1.125285,0.901708,0.792978,0.658734, ,0.839492,0.643623,0.774536,0.735981,0.863158,0.763125, ,0.627778,0.744198,0.785869,0.754887, ,0.774675, ,0.730263,0.741475,0.726453,0.827181,0.729595,0.607290,0.640751,0.723793,0.784245,0.511697,0.535104,0.716910, ,0.562261,0.565132,0.640261,0.671080,0.683489,0.719431,0.636054,0.561130,0.537072,0.685525,0.661528,0.731324,0.610795,0.516655,0.846537,0.767468,0.784829,0.585158,0.567797,0.715831,0.665095,0.726107,0.857766,0.765237,0.683825,0.642354,0.578490,0.555871,0.861138,0.897573,0.727409, ,0.772638,0.681120, ,0.717576, ,0.683067,0.855511,0.720266,0.667483,0.616731,0.739248,0.543744,0.702180,0.722816,0.613618,0.835217,0.828781,0.607462,0.606055,0.559653,0.759890,0.786061, ,0.617343,0.725408,0.777424,0.786567,0.820894,0.862457,0.905931,0.808391,0.863733,0.740442,0.742568,0.855681,0.710858,0.864800,0.751051,0.673026, ,0.750411,0.772729, , , ,0.667457,0.550649, , ,0.730887, , , ,0.679697,0.591472,0.682602,0.672829,0.455356,0.653826,0.574657,0.533883,0.775153,0.619805,0.623118,0.465036,0.653257,0.674629,0.683385,0.458636,0.565611,0.564002,0.662889,0.692632,0.693675,0.744912,0.855295,0.668039,0.741068,0.607528,0.715355,0.697865,0.712797,0.659866,0.589620,0.740196,0.756917,0.655387,1.249184,0.753004,0.636887,0.665769,0.498539,0.610397,0.513740,0.266240,0.341902,0.461163,0.368414,0.719709,0.396220,0.511209,0.247280,0.765449,0.527180,0.748995,0.618921,0.698954,0.679192,0.589271,0.604835,0.704201,0.604190,0.878557,0.601529,0.682177,0.737179,0.660468,0.950154,0.692591,0.637879,0.641475,0.881582,0.617663,0.657669,0.710020,0.517271,0.554242,0.744980,0.801616,0.660274, ,0.725615,0.625922,0.643434,0.625843,0.499736,0.796519,0.676197,0.592628,0.633843,0.722361,0.520244,0.668969,0.889553, ,0.623377,0.606447,0.778437,0.493852,0.761889,0.658570,0.573400,0.726952,0.653469,0.827871,0.793290, ,0.537494,0.698956,0.634469,0.667618,0.809842,0.844740,0.746152,0.792795,0.548119,0.719632,0.823633,0.617799,0.483816,0.767006,0.711769,0.799874,0.664191,0.712103,0.861739,0.686825,0.463092,0.661669,0.620749,0.633658,0.594018,0.655073,0.601401,0.708378,0.472277,0.520129,0.732939,0.655230,0.629197,0.498259,0.662285,0.864452, ,0.707273,0.575391,0.670313,0.594030,0.645209,0.713934,0.760538,0.648371,0.632371,0.688335,0.736362,0.759810,0.751491,0.683077,0.639624,0.714320,0.634139,0.592335,0.697160,0.698899,0.660121,0.418657,0.450519,0.622598,0.604044,0.494413,0.525885,0.235723,0.617399,0.541565,0.618355,0.436905,0.620729,0.459375,0.510341,0.445870,0.478448,0.672729,0.665558,0.677328,0.661851,0.710688,0.786544,0.768559,0.738624,0.692785,0.650252,0.659222,0.632590,0.650902,0.575465,0.709859,0.665146,0.571812,0.572397,0.701228,0.711643,0.847782,0.713989,0.609862,0.492445,0.768942,0.740578,0.813374,0.648505,0.796443,0.687927,1.189238,0.818590,0.714559,0.682142, , ,0.724540,0.733424,0.711598,0.659975,0.854265,0.716004,0.772304,0.812490,0.742074,0.611100,0.539220,0.779795,0.706326,0.577943,0.867769,0.710075,0.527464,0.650383,0.636262,0.559292, ,0.776097,0.527986,0.605722,0.634326,0.549546,0.406360,0.588246,0.669508,0.653067,0.745272,0.753588,0.695991,0.480295,0.755464,0.613146,0.669594,0.650403,0.682103,0.644367,0.642809,0.708683,1.002689,0.604344,0.730059,0.907722,0.867480,0.538854,0.639791,0.683516, ,0.731180,0.617214,0.683966,0.681072,0.698293,0.554339,0.659454,0.764211,0.642023,0.626530,0.695735,0.711861,0.575384,0.853358,0.675629,0.632378,0.539658,0.628302,0.781348,0.617763,0.748204,0.521717,0.907431,0.649617,0.833564,0.642320, ,0.643110,0.546355, ,0.594754,0.454466,0.564230,0.587421, ,0.670269,0.575825,0.626283,0.545004,0.638639,0.548317,0.754638,0.734537,0.728534,0.649016,0.609656,0.888422,0.677670,0.667989,0.686310,0.648757,0.709895,0.862224,0.735911,0.607883,0.676098,0.753939,0.726021,0.828821,0.576454,0.746897,0.629644,0.932714,0.634984,0.832880,0.522563,0.644053,0.748755,0.799902, ,0.764103,1.027025,0.668090,0.694184,0.721970,0.754758,0.610909,0.648482,0.722079,0.617858,0.583208,0.586500,0.799834,0.495930,0.661053,0.659714,0.767411,0.632092,0.796487,0.618559,0.590958, ,0.708748,0.813156, ,0.680458,0.652010,0.671293,0.733116,0.733935, ,0.986294,0.840538,0.716571,0.686975,0.360303,0.581799,0.682090,0.597203,0.778466,0.818607,0.491174,0.478367,0.777201,0.765864,0.890558,0.629330,0.899848,0.668024,0.888992,0.589342,0.461075,0.963303,0.665195,0.531930,0.678072,0.462660,0.436362,0.631754,0.633011,0.498849,0.639437,0.560551, ,0.636358,0.595877,0.569814,0.736319,0.542840,0.576319,0.610935,0.737393,0.670677,0.763379,0.762052,0.665780,0.688103,0.655715,0.655680,0.647500,0.625700,0.632167,0.645314,0.428847,0.690539,0.623989,0.594519,0.575111,0.651093,0.663313,0.649374,0.604247,0.644227,0.542451,0.701616,0.552651,0.663845,0.755151,0.565603,0.805588,0.759165,0.723914,0.674306,0.677638,0.697633,0.571383,0.703150,0.607058,0.653643,0.634838,0.544864,0.719707,0.701387,0.702096,1.069202, , ,0.641555,0.798806,0.759685,0.791884,0.393443,0.691051,0.925956,0.904329,0.875553,0.715188,0.805100,0.680870,0.892423,0.782485,0.672425,0.687269,0.697652,0.679919,0.618582,0.589162,0.656340,0.540411,0.633737,0.579416,0.794533,0.655418,0.576020,0.582899,0.659190, ,0.726256,0.682709,0.659355,0.649718, , ,0.676077,0.758396, ,0.764654,0.671824,0.623414,0.580255,0.701764,0.676548,0.654369,0.637750,0.853382,0.628475,0.663661,0.894886,0.624794,0.604428,0.586792,0.791743,0.655869,0.721611,0.671593,0.554756,0.712110,0.680748,0.698970,0.667475,0.651177,0.768704,0.638731,0.718503,0.732223,0.609304,0.673662,0.828933,0.585062,0.733562,0.785225,0.679844,0.859066,0.590642,0.788554,0.704911,0.614410,0.814831,0.827829,0.776191,0.829392,0.679886,0.684206,0.766879,0.735905,0.662830,0.751587, ,0.784930,0.705443,0.681771,0.765877, , ,0.754023, ,0.713461,0.766213,0.658975,1.191153,0.875448,0.770609, , ,0.588003,0.817564,0.557356
    Inter-Burst Interval - Avg (sec),34.942445,34.942460,34.943090,34.942960,34.942935,34.942800,24.402403,34.943775,21.501846,15.847021,34.942560,26.621495,37.271648,33.098984,34.943445,31.061089,19.835909,20.544057,20.544174, ,25.010122,28.181600,25.011722,33.836758,28.761980,14.228404,22.126283,25.010379,143.845360,66.547154,29.681969,59.363396,50.571552,50.571424,50.571048,36.121669,50.571776,50.571024,50.571040,50.570456,50.571672,50.571392,50.571152,50.570440,42.137273,50.570768,50.570968,50.570096,28.904518, ,28.905021,28.900569,34.675263, ,28.899064,28.900852,28.899007,62.574933,30.342155,32.363749,98.410520,51.581636,34.675571,28.900104,33.316757,31.229045,35.690874,35.694754,35.690057,33.310885,35.690029,33.315467,23.643993,5.421943,25.103028,35.690771,18.858864,29.391788,35.689823,35.690789,31.201558,31.201221,29.641032,29.640432, ,28.231954,28.229848, ,28.229482, ,31.201107,28.229307,28.229855, ,29.640820,28.228853,15.811081,15.394912, ,15.395046, ,16.250436,15.394981,15.811023,52.617072, ,19.500253, , ,39.990413,45.000837,46.592735,99.400860,20.903084,20.902993,20.903007,22.575248,20.903031,20.903010,22.575213, ,20.902990,21.706911,20.902993,21.707040,20.902907,22.575037,22.575373,29.924876,28.502952,27.206327,28.501055,28.503524,28.508914,27.205215,11.084090,26.023019,29.926396,29.926196,29.928476,22.167864,29.926588,29.926412,23.941187,47.968553,42.460997,37.690229,36.799632,52.765352,58.628587,9.555146,40.589711, ,58.629636,43.976793, ,114.281893, ,43.972247,20.138599,46.917867,51.181971,56.300616,56.300016,56.300320,43.308326,35.860260,56.300432,14.695614,10.897678,56.300272,56.300528,46.918127,44.303883,56.300280, ,28.780540,14.904909,28.780612,28.780688,28.780836,9.688441,13.635615,39.952697,52.457928,27.410156,30.296072,14.229138,35.975945,18.667372,26.159360,22.598062, ,135.863880,135.863980, , , ,135.861020,135.863640, , ,135.862400, , , ,190.000000,135.864060,61.631376,61.631248,61.631264,51.360173,61.631456,61.630816,61.631248,61.631120,61.629584,61.630416,71.766920,61.631200,61.630720,61.629360,61.629584,61.629392,27.343156,27.343284,27.343040,27.343222,10.832450,27.343276,27.343213,13.430939,22.585625,27.343302,27.342853,27.343236,27.343333,27.343458,27.343302,27.343404, ,120.798853,103.487440,103.487600,103.487340,103.487180,103.487720,103.487180,103.487220,103.487480,103.487700,103.487400,103.488200,103.487560,103.487320, ,40.901342,40.901114,37.980377,37.979709,37.979583,40.901108,40.900634,33.232220,40.900831,8.165221,40.900234,40.900695,40.900622,37.979131,9.670627,40.900468,82.366947,82.367027,82.367147,82.366920,82.368600,82.367280,82.367147,82.366987,70.600354,70.599714,82.367147, ,61.775500,74.748229,82.367080,82.367280,48.263713,57.916464,57.916520,57.909592,57.916688,57.916312,17.336885,57.917120,6.794437, ,57.917120,52.652553,64.351298,57.916320,57.916288,48.260807,150.475627,57.526810,150.457707,150.458133,80.322800, ,150.457680,150.458293,150.455253,112.846520,225.686080,90.274848,150.457653,150.457787,150.459707,150.457333,47.898060,44.213982,33.810188,39.069504,44.213551,38.314027,41.055571,44.213631,20.635114,44.212375,44.213508,44.212794,44.213631,10.835073,44.213397,22.106625,80.494743,80.494937,80.495531,80.494971,80.494971,80.494834,80.495189,80.494697,80.495086,80.494571, ,80.494663,80.495154,80.494263,80.494389,80.494594,9.917488,13.522778,13.223227,13.838380,13.222384,13.522978,13.523238,10.819133,13.523964,13.524004,21.249783,13.524182,12.935922,11.018510,13.837407,15.658408,141.030800,141.030960,141.030680,141.029880,141.030520,141.030520,141.030920,141.030520,141.030440,141.030760,282.061040,141.030200,141.030240,141.030600,141.030120,141.030440,24.072529,23.069363,23.068380,22.144989,23.070020,24.073252,23.070077,23.069117,20.506681,23.069437,23.069210,23.067647,30.759387,23.070093,23.069680,23.069190,44.515668,44.515514,44.514825,41.335257,73.357246,44.515022,44.515083,41.334977,24.280027,44.515071,21.433304,44.514560,30.996299,28.934772,23.147786,18.084240,36.000394,33.600021, , ,35.999114,25.196920,35.999480,35.999943,10.842560,36.000943,36.000777,36.000771,36.001069,26.088282,36.000960,35.999817,108.306896,90.256627, ,108.308528,108.308912,90.257040,108.308816,108.308512, ,108.308080,108.304864,94.779800,108.290640,108.305056,108.306528,108.308432,57.905182,57.905164,60.701880,65.552947,65.553027,65.560413,65.559133,65.553160,57.905182,65.553293,65.553213,65.550240,65.549053,65.552867,19.811195,65.554227,31.846680,40.945537,52.111578, ,38.215968,35.827770, ,38.215973,38.216075,38.216037,38.216053,38.215579,40.945623,38.215856,38.216075,38.215915,34.451445,34.452125,34.451535,32.424438,15.192004,29.012299,34.451480,34.451060,34.450040,13.283455,34.451200,34.450425,34.452405,7.493926,29.007229,18.756475,37.935941, ,37.936272,37.936347, ,37.938608,37.935984,37.936251,37.935979, ,37.934219,37.937360,37.942283,37.936459,37.934213,37.934176,11.150228,27.484756,27.484612,27.486528,27.483424,8.938921,26.177653,24.991160,27.483892,27.486288,27.486080,27.487660,26.176994,27.486536,27.486996,19.221712,18.632141,19.297574,18.632168,18.632210,25.731844,17.994912,20.782071,27.016736,25.730019,20.782594,18.632419,18.632284, ,22.513843,10.817695,22.513303,46.667287,46.667587,32.941586,46.666780,46.667367,43.077557,35.000440,46.666880,46.667187,14.182164,46.667307,46.666860,32.941101,12.939296,46.664767,43.077754,25.062167,24.017480, ,24.019100,25.064337, ,24.019130,22.171012,25.063409,25.064247,25.063405, ,171.190320,7.637859,25.063586,24.019167,61.632658,69.338960,69.336760,69.329150,69.340060,57.518992,69.334220,69.333960,50.426582,69.334110,11.908101,69.334240,13.014534,69.334560,15.443105,55.464736,43.022738, ,46.801585,51.481648,39.601403,64.352310,47.257020,51.481808,57.202053,51.481904,57.202267,40.505663, ,64.352380,57.202071,51.482048,27.467141,27.468206,21.745187,20.875414,26.094104,22.690431,20.875434,20.875418,21.745810,23.722120,21.745013,21.745143,27.466796,26.094736,20.072351,22.690563,40.779073,37.641883,40.778747,40.778733,40.778780,40.778407,40.778633,40.778733,40.778700,40.778827,40.778833,40.778740,40.778747,27.623989,40.778680,40.778780,23.953144,23.953301,23.953363,22.954910,23.953346,23.953283,23.953395,23.953193,23.952605,23.952553,23.953329,23.953329,40.527194,23.953318,23.953311, , , ,24.106866,29.182695,29.182703,84.293120, ,22.178918,89.860227,21.743514,87.606880,67.407850,128.770347,134.800040,69.707067,46.206407,56.827088,56.827256,56.827264,56.827456,56.827472,56.827176,56.827280,56.827312,56.827464,56.827760,56.827512,56.827280,56.827680,56.827200,56.826768, ,28.079364,25.808908,26.801076,28.077512, , ,26.801058,28.077726, ,28.079516,28.079832,28.078236,28.080735,28.080594,28.080301,28.078549,34.533830,34.533410,34.533050,34.533180,32.417666,32.502635,34.533180,34.533005,28.210236,36.836304,34.533155,34.533475,39.468034,32.501718,39.470520,36.836016,17.670705,17.669670,17.669445,17.134313,17.670958,17.670433,17.670033,17.670035,17.670783,17.669530,34.793260,17.670838,17.671233,26.302240,17.670255,22.094250,25.456392,40.665354,40.663760,25.185753,40.663834,17.332909,37.759486,40.663889,28.292792,24.026287,37.755406,40.662948, ,48.057651,40.663606,40.663471,128.900747, , ,17.853607, ,17.853644,19.005430,17.853719, ,17.853610,17.853583, , ,17.853641,135.608720,17.855212
    Inter-Burst Interval - Std (sec),25.050592,25.051308,25.049057,25.044600,25.048969,25.051690,17.694332,25.047595,12.893325,7.392764,25.052186,17.011370,25.365199,25.424384,25.043777,17.271107,9.268880,9.142200,9.141302, ,11.283087, ,11.892518,17.860344,15.939778,3.367103,9.136493,11.896906,149.222498,73.024293,17.653484,38.676294,28.701904,28.709805,28.701518,19.760032,28.699183,28.698959,28.699230,28.698962,28.702039,28.698153,28.698573,28.698046,30.553148,28.698336,28.698781,28.718873,19.703118, ,19.715414,19.721457,20.136239, ,19.728711,19.724313,19.718933,32.769123,19.427477,18.973803,38.455352,16.436449,20.133364,19.723999,15.403297,16.174800,13.646083,13.654821,13.640919,14.061681,13.652098,15.050766,16.074263,7.640192,16.046896,13.641444,14.848415,16.551509,13.635418,13.636151,32.729151,32.316685,31.338371,31.339360, ,31.170881,31.177206, ,31.177852, ,32.143105,31.179459,31.177610, ,31.338210,31.181191,8.265544,8.123451, ,8.120725, ,8.137009,8.116734,8.065516,40.216290, ,9.211265, , ,20.540626,19.787603,18.407430,118.950313,19.736269,19.736147,19.736944,19.662085,19.737155,19.736208,19.765812, ,19.736197,19.739712,19.735401,19.741348,19.734593,19.765330,19.765713,25.835664,25.271487,24.334060,25.279254,25.287165,25.285338,25.224680,4.799158,23.623843,25.834251,25.829644,25.834259,23.028573,25.835039,25.834290,24.855028,23.297624,24.897482,24.769368,26.797233,22.298626,17.492074,3.112423,26.611821, ,17.483827,25.362753, ,116.134927, ,25.368319,15.894254,22.949557,40.611417,41.377078,41.378276,41.376127,37.929691,22.884019,41.376029,4.815374,3.783992,41.377583,41.376844,27.748195,31.258641,41.378278, ,25.361340,11.125432,25.362018,25.361947,25.361541,4.623325,8.013460,25.783984,37.769220,23.519055,23.985666,4.216901,26.178209,9.724351,16.121756,14.557685, ,80.434300,80.429976, , , ,80.428301,80.431602, , ,80.430857, , , ,56.450654,80.435665,92.173790,92.175261,92.177922,71.619664,92.173862,92.190758,92.180133,92.176607,92.184085,92.181166,86.101780,92.175407,92.184779,92.187827,92.186221,92.189027,22.741505,22.742928,22.742893,22.747349,3.960143,22.741556,22.740362,14.239357,20.833418,22.748901,22.745136,22.759070,22.740181,22.741121,22.741325,22.759690, ,56.854977,57.912030,57.912898,57.913330,57.911343,57.911893,57.909988,57.911769,57.910866,57.910920,57.910663,57.909821,57.910056,57.909867, ,28.519411,28.528823,29.386724,27.207605,27.202810,28.523177,28.535842,26.196050,28.519562,3.867630,28.525156,28.523453,28.516894,22.425383,2.280221,28.529978,48.680818,48.679591,48.678486,48.679653,48.674690,48.678628,48.677199,48.679410,48.882113,39.764777,48.678203, ,45.527017,48.795808,48.678002,48.681105,24.572503,36.653606,36.658382,36.624966,36.657320,36.654937,18.784619,36.656390,1.808546, ,36.660089,37.819402,33.176628,36.656618,36.653507,36.074725,109.485008,67.462848,109.513696,109.510844,65.243940, ,109.513465,109.513044,109.512310,116.261309,27.760220,69.099180,109.509533,109.511700,109.508199,109.511121,17.986175,21.284385,23.212970,23.599743,21.272406,20.722912,21.343065,21.276395,17.890517,21.272150,21.285047,21.280065,21.274673,3.703227,21.341781,18.474143,52.627799,52.629175,52.627878,52.629444,52.630016,52.629780,52.632686,52.630201,52.629011,52.628963, ,52.632604,52.635883,52.634029,52.629723,52.632972,6.079700,6.756240,6.928010,6.644563,6.816067,6.757237,6.754596,5.202433,6.753766,6.754351,11.340225,6.746583,6.329644,7.223515,6.658746,7.089786,112.663041,112.662927,112.663663,112.665586,112.663889,112.664115,112.662418,112.663776,112.664229,112.664342, ,112.663437,112.654782,112.664115,112.665812,112.662192,7.864873,8.739982,8.736868,9.565127,8.728940,7.864693,8.734836,8.748910,9.839582,8.747832,8.740365,8.737550,12.843199,8.556266,8.738720,8.742969,20.531808,20.536657,20.534787,21.823125,33.634789,20.535349,20.535461,22.027099,16.529733,20.535275,11.326449,20.535712,11.987167,22.072101,8.649442,10.325395,29.914144,29.036138, , ,29.919414,19.745958,29.919456,29.917907,2.875375,29.915793,29.914029,29.915384,29.906744,19.155007,29.910466,29.914444,46.950787,54.889295, ,46.947644,46.951502,54.886759,46.949196,46.947712, ,46.951184,46.963207,53.494025,46.957970,46.951788,46.948255,46.950427,26.864305,26.865399,43.524119,54.714645,54.717349,54.735601,54.718937,54.716498,26.869777,54.717816,54.714939,54.717893,54.722531,54.717893,15.112275,54.718265,19.301152,18.746678,39.299661, ,19.573999,20.704574, ,19.578690,19.568337,19.578425,19.577569,19.573976,18.750178,19.569999,19.578510,19.577161,25.332243,25.335542,25.336399,25.618024,7.240484,20.559291,25.339630,25.339439,25.330852,7.683068,25.336850,25.338198,25.325743,1.725608,23.832726,9.164169,24.785177, ,24.798097,24.787888, ,24.795695,24.783582,24.787783,24.785354, ,24.792224,24.802357,24.785763,24.791472,24.793298,24.781438,7.360972,13.525304,13.521977,13.522181,13.527536,3.916061,14.208645,14.810501,13.527492,13.520199,13.522017,13.520386,14.206729,13.520122,13.521746,12.677570,12.692106,12.633928,12.693351,12.693417,16.793852,10.989192,12.986768,12.656250,14.358393,12.251400,12.692641,12.691200, ,12.976907,2.577307,12.893861,51.711563,51.710273,32.423621,51.726950,51.712413,48.344601,32.893032,51.724465,51.716730,5.213644,51.713009,51.711712,20.841536,5.994900,51.714000,50.708236,13.722926,12.611702, ,12.627969,13.724714, ,12.627562,13.308173,13.720862,13.724695,13.722340, , ,3.729784,13.725625,13.802716,38.438787,53.065767,53.056275,53.050100,53.066771,38.026793,53.050112,53.054973,40.242747,53.046883,4.215510,53.047660,7.161653,53.037829,9.012844,53.285574,31.548773, ,33.697864,35.042899,33.472360,34.055395,32.160927,37.701839,37.536219,32.175462,37.536561,34.110820, ,34.055423,37.537706,37.701082,11.942364,11.941429,13.380602,13.718290,12.724984,13.367218,13.725042,13.724331,13.818843,12.799198,13.379330,13.400040,11.930415,12.724496,13.770653,12.958375,30.935589,27.186997,30.936567,30.936269,30.936906,30.936297,30.936611,30.936333,30.935713,30.936128,30.937678,30.936162,30.936594,18.924833,30.936086,30.936117,12.820175,12.818774,12.820038,11.861917,12.829635,12.820698,12.824804,12.821257,12.814654,12.820247,12.821113,12.821435,21.302680,12.819287,12.820610, , , ,14.617931,21.118615,16.517198,35.691174, ,15.182625,39.510532,16.518338, ,65.173977,84.816545,34.681870,102.162279,26.910348,48.801116,48.801310,48.801929,48.801026,48.800898,48.801305,48.801122,48.800927,48.801332,48.800672,48.798891,48.801062,48.799759,48.800933,48.802344, ,15.935356,16.417818,14.735430,15.952291, , ,16.592918,15.942999, ,15.936198,15.940046,15.940477,15.934326,15.933589,15.935055,15.934614,24.065443,24.067146,24.068780,24.069012,21.032605,22.930564,24.066488,24.068383,24.175485,23.511825,22.464847,24.065855,23.334643,23.889438,22.513713,23.511459,20.466500,20.469726,20.474056,18.442496,20.459696,20.463824,20.465578,20.464521,20.459407,20.470058,42.558252,20.457954,20.459813,28.271582,20.465663,24.889809,23.997455,29.295612,29.298252,14.884573,29.291323,6.652470,29.674824,29.294078,17.111022,10.757063,28.076351,29.298874, ,36.981873,29.297715,29.285254,116.267032, , ,12.789663, ,12.788973,13.286124,12.788272, ,12.789091,12.789868, , ,12.788901, ,12.788561
    Burst Frequency (Hz),0.028333,0.028333,0.028333,0.028333,0.028333,0.028333,0.041667,0.028333,0.045000,0.063333,0.028333,0.038333,0.026667,0.030000,0.028333,0.031667,0.050000,0.048333,0.048333, ,0.040000,0.003333,0.040000,0.030000,0.035000,0.070000,0.045000,0.040000,0.005000,0.013333,0.031667,0.016667,0.018333,0.018333,0.018333,0.025000,0.018333,0.018333,0.018333,0.018333,0.018333,0.018333,0.018333,0.018333,0.021667,0.018333,0.018333,0.018333,0.030000,0.001667,0.030000,0.030000,0.025000, ,0.030000,0.030000,0.030000,0.011667,0.028333,0.026667,0.005000,0.016667,0.025000,0.030000,0.026667,0.028333,0.025000,0.025000,0.025000,0.026667,0.025000,0.026667,0.041667,0.183333,0.035000,0.025000,0.051667,0.030000,0.025000,0.025000,0.033333,0.033333,0.035000,0.035000, ,0.036667,0.036667, ,0.036667,0.001667,0.033333,0.036667,0.036667, ,0.035000,0.036667,0.063333,0.065000,0.001667,0.065000, ,0.061667,0.065000,0.063333,0.018333, ,0.051667, ,0.001667,0.021667,0.023333,0.020000,0.008333,0.046667,0.046667,0.046667,0.043333,0.046667,0.046667,0.043333, ,0.046667,0.045000,0.046667,0.045000,0.046667,0.043333,0.043333,0.035000,0.036667,0.038333,0.036667,0.036667,0.036667,0.038333,0.091667,0.040000,0.035000,0.035000,0.035000,0.046667,0.035000,0.035000,0.043333,0.020000,0.023333,0.025000,0.026667,0.018333,0.016667,0.105000,0.023333, ,0.016667,0.021667, ,0.006667, ,0.021667,0.050000,0.021667,0.020000,0.018333,0.018333,0.018333,0.023333,0.028333,0.018333,0.066667,0.090000,0.018333,0.018333,0.021667,0.023333,0.018333, ,0.035000,0.066667,0.035000,0.035000,0.035000,0.101667,0.073333,0.025000,0.018333,0.036667,0.033333,0.070000,0.028333,0.055000,0.038333,0.045000, ,0.008333,0.008333, , , ,0.008333,0.008333, , ,0.008333, , , ,0.005000,0.008333,0.010000,0.010000,0.010000,0.011667,0.010000,0.010000,0.010000,0.010000,0.010000,0.010000,0.011667,0.010000,0.010000,0.010000,0.010000,0.010000,0.031667,0.031667,0.031667,0.031667,0.091667,0.031667,0.031667,0.071667,0.038333,0.031667,0.031667,0.031667,0.031667,0.031667,0.031667,0.031667,0.001667,0.006667,0.008333,0.008333,0.008333,0.008333,0.008333,0.008333,0.008333,0.008333,0.008333,0.008333,0.008333,0.008333,0.008333,0.001667,0.023333,0.023333,0.025000,0.025000,0.025000,0.023333,0.023333,0.028333,0.023333,0.121667,0.023333,0.023333,0.023333,0.025000,0.103333,0.023333,0.011667,0.011667,0.011667,0.011667,0.011667,0.011667,0.011667,0.011667,0.013333,0.013333,0.011667, ,0.015000,0.013333,0.011667,0.011667,0.021667,0.018333,0.018333,0.018333,0.018333,0.018333,0.058333,0.018333,0.146667, ,0.018333,0.020000,0.016667,0.018333,0.018333,0.021667,0.006667,0.015000,0.006667,0.006667,0.011667, ,0.006667,0.006667,0.006667,0.008333,0.005000,0.010000,0.006667,0.006667,0.006667,0.006667,0.021667,0.023333,0.030000,0.026667,0.023333,0.026667,0.025000,0.023333,0.048333,0.023333,0.023333,0.023333,0.023333,0.093333,0.023333,0.045000,0.013333,0.013333,0.013333,0.013333,0.013333,0.013333,0.013333,0.013333,0.013333,0.013333, ,0.013333,0.013333,0.013333,0.013333,0.013333,0.101667,0.075000,0.076667,0.073333,0.076667,0.075000,0.075000,0.093333,0.075000,0.075000,0.048333,0.075000,0.078333,0.091667,0.073333,0.065000,0.005000,0.005000,0.005000,0.005000,0.005000,0.005000,0.005000,0.005000,0.005000,0.005000,0.003333,0.005000,0.005000,0.005000,0.005000,0.005000,0.040000,0.041667,0.041667,0.043333,0.041667,0.040000,0.041667,0.041667,0.046667,0.041667,0.041667,0.041667,0.031667,0.041667,0.041667,0.041667,0.023333,0.023333,0.023333,0.025000,0.013333,0.023333,0.023333,0.025000,0.041667,0.023333,0.046667,0.023333,0.033333,0.035000,0.043333,0.055000,0.025000,0.026667, , ,0.025000,0.035000,0.025000,0.025000,0.091667,0.025000,0.025000,0.025000,0.025000,0.036667,0.025000,0.025000,0.010000,0.011667,0.001667,0.010000,0.010000,0.011667,0.010000,0.010000, ,0.010000,0.010000,0.011667,0.010000,0.010000,0.010000,0.010000,0.016667,0.016667,0.005000,0.011667,0.011667,0.011667,0.011667,0.011667,0.016667,0.011667,0.011667,0.011667,0.011667,0.011667,0.051667,0.011667,0.031667,0.025000,0.020000,0.001667,0.026667,0.028333, ,0.026667,0.026667,0.026667,0.026667,0.026667,0.025000,0.026667,0.026667,0.026667,0.028333,0.028333,0.028333,0.030000,0.066667,0.033333,0.028333,0.028333,0.028333,0.075000,0.028333,0.028333,0.028333,0.135000,0.033333,0.053333,0.026667, ,0.026667,0.026667, ,0.026667,0.026667,0.026667,0.026667, ,0.026667,0.026667,0.026667,0.026667,0.026667,0.026667,0.088333,0.035000,0.035000,0.035000,0.035000,0.111667,0.036667,0.038333,0.035000,0.035000,0.035000,0.035000,0.036667,0.035000,0.035000,0.051667,0.050000,0.048333,0.050000,0.050000,0.036667,0.056667,0.045000,0.035000,0.036667,0.045000,0.050000,0.050000, ,0.041667,0.091667,0.041667,0.021667,0.021667,0.030000,0.021667,0.021667,0.023333,0.028333,0.021667,0.021667,0.070000,0.021667,0.021667,0.030000,0.076667,0.021667,0.023333,0.040000,0.041667, ,0.041667,0.040000, ,0.041667,0.045000,0.040000,0.040000,0.040000, ,0.003333,0.130000,0.040000,0.041667,0.016667,0.015000,0.015000,0.015000,0.015000,0.018333,0.015000,0.015000,0.020000,0.015000,0.085000,0.015000,0.078333,0.015000,0.065000,0.018333,0.023333,0.001667,0.020000,0.018333,0.023333,0.015000,0.021667,0.018333,0.016667,0.018333,0.016667,0.025000, ,0.015000,0.016667,0.018333,0.033333,0.033333,0.041667,0.043333,0.035000,0.040000,0.043333,0.043333,0.041667,0.038333,0.041667,0.041667,0.033333,0.035000,0.045000,0.040000,0.021667,0.023333,0.021667,0.021667,0.021667,0.021667,0.021667,0.021667,0.021667,0.021667,0.021667,0.021667,0.021667,0.036667,0.021667,0.021667,0.040000,0.040000,0.040000,0.041667,0.040000,0.040000,0.040000,0.040000,0.040000,0.040000,0.040000,0.040000,0.023333,0.040000,0.040000,0.001667, , ,0.040000,0.033333,0.033333,0.011667,0.001667,0.043333,0.011667,0.043333,0.003333,0.015000,0.006667,0.008333,0.006667,0.021667,0.018333,0.018333,0.018333,0.018333,0.018333,0.018333,0.018333,0.018333,0.018333,0.018333,0.018333,0.018333,0.018333,0.018333,0.018333, ,0.036667,0.040000,0.038333,0.036667, , ,0.038333,0.036667, ,0.036667,0.036667,0.036667,0.036667,0.036667,0.036667,0.036667,0.028333,0.028333,0.028333,0.028333,0.030000,0.030000,0.028333,0.028333,0.033333,0.026667,0.028333,0.028333,0.025000,0.030000,0.025000,0.026667,0.055000,0.055000,0.055000,0.056667,0.055000,0.055000,0.055000,0.055000,0.055000,0.055000,0.021667,0.055000,0.055000,0.036667,0.055000,0.043333,0.036667,0.023333,0.023333,0.040000,0.023333,0.056667,0.025000,0.023333,0.033333,0.038333,0.025000,0.023333, ,0.020000,0.023333,0.023333,0.006667, , ,0.056667, ,0.056667,0.053333,0.056667,0.001667,0.056667,0.056667, , ,0.056667,0.003333,0.056667
    IBI Coefficient of Variation,0.716910,0.716930,0.716853,0.716728,0.716854,0.716934,0.725106,0.716797,0.599638,0.466508,0.716953,0.639009,0.680549,0.768132,0.716695,0.556037,0.467278,0.445005,0.444958, ,0.451141, ,0.475478,0.527839,0.554196,0.236647,0.412925,0.475679,1.037381,1.097332,0.594754,0.651518,0.567550,0.567708,0.567548,0.547041,0.567494,0.567498,0.567503,0.567505,0.567552,0.567478,0.567489,0.567487,0.725086,0.567489,0.567495,0.567902,0.681662, ,0.682076,0.682390,0.580709, ,0.682676,0.682482,0.682339,0.523678,0.640280,0.586267,0.390765,0.318649,0.580621,0.682489,0.462329,0.517941,0.382341,0.382544,0.382205,0.422135,0.382519,0.451765,0.679846,1.409124,0.639241,0.382212,0.787344,0.563134,0.382053,0.382064,1.048959,1.035751,1.057263,1.057318, ,1.104099,1.104406, ,1.104443, ,1.030191,1.104507,1.104420, ,1.057265,1.104586,0.522769,0.527671, ,0.527489, ,0.500726,0.527232,0.510120,0.764320, ,0.472366, , ,0.513639,0.439716,0.395071,1.196673,0.944180,0.944178,0.944216,0.870958,0.944225,0.944180,0.875554, ,0.944181,0.909375,0.944142,0.909445,0.944108,0.875539,0.875543,0.863351,0.886627,0.894427,0.886959,0.887159,0.886927,0.927200,0.432977,0.907806,0.863260,0.863112,0.863200,1.038827,0.863280,0.863261,1.038170,0.485685,0.586361,0.657183,0.728193,0.422600,0.298354,0.325733,0.655630, ,0.298208,0.576730, ,1.016215, ,0.576917,0.789243,0.489143,0.793471,0.734931,0.734960,0.734918,0.875806,0.638144,0.734915,0.327674,0.347229,0.734945,0.734928,0.591417,0.705551,0.734957, ,0.881198,0.746427,0.881219,0.881214,0.881195,0.477200,0.587686,0.645363,0.719991,0.858042,0.791709,0.296357,0.727659,0.520928,0.616290,0.644201, ,0.592021,0.591989, , , ,0.591990,0.592002, , ,0.592002, , , ,0.297109,0.592030,1.495566,1.495593,1.495636,1.394459,1.495565,1.495855,1.495672,1.495618,1.495777,1.495709,1.199742,1.495597,1.495760,1.495843,1.495811,1.495861,0.831707,0.831756,0.831762,0.831919,0.365581,0.831706,0.831664,1.060191,0.922419,0.831973,0.831849,0.832347,0.831654,0.831684,0.831696,0.832365, ,0.470658,0.559604,0.559612,0.559618,0.559599,0.559602,0.559586,0.559603,0.559593,0.559592,0.559591,0.559579,0.559585,0.559584, ,0.697273,0.697507,0.773734,0.716372,0.716248,0.697369,0.697687,0.788273,0.697286,0.473671,0.697433,0.697383,0.697224,0.590466,0.235788,0.697547,0.591024,0.591008,0.590994,0.591010,0.590937,0.590995,0.590978,0.591006,0.692378,0.563243,0.590991, ,0.736975,0.652802,0.590989,0.591025,0.509130,0.632870,0.632952,0.632451,0.632932,0.632895,1.083506,0.632911,0.266180, ,0.632975,0.718282,0.515555,0.632924,0.632870,0.747495,0.727593,1.172720,0.727870,0.727849,0.812272, ,0.727869,0.727863,0.727873,1.030260,0.123004,0.765431,0.727843,0.727857,0.727824,0.727855,0.375509,0.481395,0.686567,0.604045,0.481129,0.540870,0.519858,0.481218,0.866994,0.481136,0.481415,0.481310,0.481179,0.341781,0.482699,0.835684,0.653804,0.653820,0.653799,0.653823,0.653830,0.653828,0.653861,0.653834,0.653816,0.653820, ,0.653865,0.653901,0.653885,0.653831,0.653870,0.613028,0.499619,0.523927,0.480155,0.515495,0.499686,0.499481,0.480855,0.499393,0.499434,0.533663,0.498853,0.489308,0.655580,0.481213,0.452778,0.798854,0.798852,0.798859,0.798877,0.798862,0.798863,0.798849,0.798861,0.798865,0.798864, ,0.798860,0.798799,0.798863,0.798878,0.798850,0.326716,0.378857,0.378738,0.431932,0.378367,0.326698,0.378622,0.379248,0.479823,0.379196,0.378876,0.378779,0.417538,0.370881,0.378797,0.378989,0.461227,0.461337,0.461302,0.527954,0.458507,0.461313,0.461315,0.532892,0.680796,0.461311,0.528451,0.461326,0.386729,0.762823,0.373662,0.570961,0.830939,0.864170, , ,0.831115,0.783666,0.831108,0.831054,0.265193,0.830972,0.830927,0.830965,0.830718,0.734238,0.830824,0.830961,0.433498,0.608147, ,0.433462,0.433496,0.608116,0.433475,0.433463, ,0.433497,0.433620,0.564403,0.433629,0.433514,0.433476,0.433488,0.463936,0.463955,0.717014,0.834663,0.834704,0.834888,0.834650,0.834689,0.464031,0.834707,0.834664,0.834747,0.834833,0.834714,0.762815,0.834702,0.606065,0.457844,0.754145, ,0.512194,0.577892, ,0.512317,0.512045,0.512309,0.512287,0.512199,0.457929,0.512091,0.512311,0.512278,0.735303,0.735384,0.735421,0.790084,0.476598,0.708641,0.735516,0.735520,0.735292,0.578394,0.735442,0.735497,0.735094,0.230268,0.821613,0.488587,0.653343, ,0.653678,0.653407, ,0.653574,0.653300,0.653406,0.653347, ,0.653558,0.653771,0.653249,0.653500,0.653587,0.653275,0.660163,0.492102,0.491984,0.491957,0.492207,0.438091,0.542778,0.592630,0.492197,0.491889,0.491959,0.491871,0.542718,0.491882,0.491932,0.659544,0.681194,0.654690,0.681260,0.681262,0.652649,0.610683,0.624902,0.468460,0.558041,0.589503,0.681213,0.681140, ,0.576397,0.238249,0.572722,1.108090,1.108055,0.984276,1.108432,1.108107,1.122269,0.939789,1.108376,1.108203,0.367620,1.108121,1.108104,0.632691,0.463310,1.108202,1.177133,0.547555,0.525105, ,0.525747,0.547579, ,0.525729,0.600251,0.547446,0.547581,0.547505, , ,0.488328,0.547632,0.574654,0.623676,0.765310,0.765197,0.765192,0.765312,0.661117,0.765136,0.765209,0.798046,0.765091,0.354004,0.765100,0.550281,0.764955,0.583616,0.960711,0.733305, ,0.720015,0.680687,0.845232,0.529202,0.680553,0.732333,0.656204,0.624986,0.656208,0.842125, ,0.529202,0.656230,0.732315,0.434787,0.434736,0.615336,0.657151,0.487657,0.589113,0.657473,0.657440,0.635472,0.539547,0.615283,0.616231,0.434358,0.487627,0.686051,0.571091,0.758614,0.722254,0.758644,0.758637,0.758652,0.758644,0.758648,0.758639,0.758624,0.758632,0.758670,0.758635,0.758645,0.685087,0.758634,0.758633,0.535219,0.535157,0.535208,0.516749,0.535609,0.535238,0.535407,0.535263,0.535000,0.535235,0.535254,0.535267,0.525639,0.535178,0.535233, , , ,0.606380,0.723669,0.565993,0.423417, ,0.684552,0.439689,0.759690, ,0.966860,0.658665,0.257284,1.465594,0.582394,0.858765,0.858766,0.858777,0.858758,0.858755,0.858767,0.858762,0.858758,0.858763,0.858747,0.858719,0.858761,0.858732,0.858760,0.858791, ,0.567511,0.636130,0.549807,0.568152, , ,0.619114,0.567817, ,0.567538,0.567669,0.567716,0.567447,0.567423,0.567482,0.567501,0.696866,0.696924,0.696978,0.696982,0.648801,0.705499,0.696909,0.696968,0.856976,0.638279,0.650530,0.696885,0.591229,0.735021,0.570393,0.638274,1.158216,1.158467,1.158727,1.076349,1.157815,1.158083,1.158208,1.158148,1.157810,1.158495,1.223175,1.157724,1.157803,1.074874,1.158199,1.126529,0.942689,0.720407,0.720500,0.590992,0.720329,0.383806,0.785891,0.720395,0.604784,0.447721,0.743638,0.720530, ,0.769531,0.720490,0.720186,0.901989, , ,0.716363, ,0.716323,0.699070,0.716281, ,0.716331,0.716375, , ,0.716319, ,0.716237
    Normalized Duration IQR,0.203125,1.066958,0.115005,0.142674,0.270054,0.109567,0.858625,0.266035,31.074804,1.024432,0.096398,0.381595,0.431962,0.292462,0.421581,0.675830,0.237609,0.211897,0.397854, ,0.125376, ,0.287842,0.947021,0.639792,0.228258,0.898565,0.729876, ,0.526690,0.304533,0.461503,0.179605,0.165546,0.312735,0.513509,0.149994,0.201685,0.190353,0.173384,0.237981,0.193583,0.310264,0.852157,0.232845,0.298628,0.000000,0.432062,0.667445, ,0.752915,0.758991,0.521717, ,0.489886,0.362157,0.416159,0.266224,0.145664,0.509882, ,2.072466,0.317174,0.451599,0.157638,0.382938,0.157192,0.574627,0.148253,0.123276,0.332426,0.204342,0.696688,0.519731,0.363032,0.339618,1.063448,0.512808,0.548794,0.422879,0.458334,0.303702,0.000000,0.000000, ,0.551433,0.266981, ,0.635153, ,0.000000,0.000000,0.177420, ,0.383819,0.247895,0.393888,0.372951, ,0.566177, ,0.725363,0.504029,0.205291,0.749851, ,0.466885, , ,0.119508,0.849907,0.442529,9.413803,0.288889,0.264745,0.075150,0.667690,0.355267,0.261153,0.278675, ,0.237711,0.805033,0.195432,0.718422,0.173303,0.233770,0.407795,0.751297,0.629560,0.330494,0.488675,0.304688,0.362594,0.347708,1.069193,0.217357,0.472170,0.815872,0.358012,0.686920,0.291441,0.349729,0.603541,0.242139,0.534308,0.716490,0.301931,1.322409,0.756923,0.307802,0.520632, ,0.312911,0.332780, ,0.223451, ,0.103838,1.222132,0.340786,0.079698,0.342943,0.440581,0.859285,0.675211,0.843067,0.236531,0.828392,0.227542,0.576993,0.406911,0.394377,0.352052,0.159598, ,0.229377,0.988155,0.248593,0.126389,0.293836,0.995446,0.978555,0.993057,0.536032,0.719110,0.280026,0.404040,1.174271,20.820714,6.626817,1.490994, ,0.476511,0.519861, , , ,0.362825,0.400844, , ,0.148781, , , , ,0.438882,0.379167,0.158186,0.347570,0.144403,1.068793,0.241710,0.141785,0.000000,0.691473,0.149403,0.502847,0.093064,0.348538,0.267425,0.738201,0.236159,0.458054,0.607035,0.391322,0.130747,0.377404,0.794950,0.312813,0.284160,1.499502,1.374514,0.507093,0.439550,0.761102,0.649064,0.972223,0.706352, ,0.777658,0.147815,0.283945,0.338634,0.189512,0.282769,0.302339,0.348677,0.320130,0.277542,0.341872,0.109216,0.205460,0.295604, ,0.416997,0.184755,0.571130,0.216330,0.078448,0.344129,0.267247,0.219364,0.740239,0.231539,0.309792,0.176689,0.580820,0.208542,0.148546,0.211182,0.513018,1.336807,0.367230,0.438036,0.587922,0.621161,1.634052,1.505181,0.489768,0.138355,1.003576, ,1.070589,0.158172,0.607825,0.541348,11.113087,0.520921,0.438420,0.440237,0.175245,0.097984,0.523279,0.206409,0.074299, ,0.123074,0.271127,0.325635,0.265471,0.539332,0.286109,0.031637,0.455878,0.226187,0.126325,2.677997, ,0.050515,0.093342,0.000000,0.928622, ,0.263058,0.203842,0.218265,0.030802,0.347432,0.368286,0.415698,0.192204,0.215238,0.266224,0.226471,0.411596,0.321328,1.127086,0.346799,0.842500,0.165236,0.424633,0.535714,1.107956,2.062020,0.090474,0.064398,0.848773,0.103602,0.270151,0.157539,0.222544,0.137086,0.176730,0.262776, ,0.000000,0.336962,0.077405,0.237730,0.170586,1.073268,0.271029,0.582364,0.621585,0.548794,0.343750,0.216855,0.729593,0.475038,0.443706,0.503319,0.440323,1.598314,1.268466,0.427674,0.286437, , , , , , , , , , , , , , , , ,0.131711,0.238902,0.256010,0.617420,0.340940,0.114061,0.180209,0.221362,0.287094,0.316639,0.389192,0.440803,0.428511,0.425017,0.413295,0.233588,0.245946,0.787446,0.422185,0.305929,0.115910,0.769026,0.930298,0.380705,1.115271,0.531664,1.077260,0.526178,0.147008,1.223518,1.010255,1.476921,0.280759,0.000000, , ,0.177106,3.510962,0.147293,0.174148,0.548160,0.389798,0.281180,1.023937,0.147206,0.933137,0.324880,0.000000,0.228748,0.471577, ,1.555730,0.218305,0.588363,0.308266,0.185600, ,0.414093,0.122893,1.400654,0.754618,1.142221,0.481936,0.436045,1.550305,0.545830, ,0.439730,0.439036,0.408772,0.526843,0.602789,0.670912,0.576108,0.492726,0.675271,0.526579,0.530665,0.478853,0.873058,0.432360,0.433559,0.605933, ,0.520055,0.403369, ,0.218464,0.249668,0.124689,0.261403,0.128862,0.450739,0.711516,0.452942,0.096846,0.466885,0.283345,0.310741,0.506579,0.249858,0.299701,0.221853,0.249419,0.282237,0.983268,0.332780,0.116721,0.851674,0.202219,1.012635,1.795010,0.102941, ,0.590810,0.326272, ,0.124410,0.045385,0.240209,0.382061, ,0.302905,0.247895,0.271790,0.374178,0.236159,0.401594,0.523643,0.271127,0.180296,0.285413,0.159531,0.991353,0.301289,0.583107,0.202386,0.298120,0.085322,0.291837,0.145749,0.360072,0.591958,3.584692,0.742950,0.638393,0.740643,0.330037,0.700001,1.045636,1.010092,0.000000,0.796284,0.907643,0.617031,1.065348, ,0.881680,0.141445,0.370924,0.277234,0.341250,0.353105,0.243909,0.314543,0.501217,0.392242,0.177735,0.494175,0.980629,0.524534,0.570046,0.759869,0.867016,0.254319,0.184188,0.124040,0.378403, ,0.220032,0.000000, ,0.203898,0.325338,0.260496,0.585039,0.159700, , ,0.977351,0.108710,0.399123,0.607057,0.325538,0.359998,0.395567,0.515000,1.168484,0.441099,0.260244,0.904410,0.498506,0.265957,0.318565,0.193287,1.283335,0.155908,0.415422,0.531543, ,0.371383,0.129596,0.772718,0.348538,0.604813,0.130953,0.169546,0.389394,0.072181,0.527954, ,0.148077,0.301325,0.671813,0.611261,0.510715,0.465936,0.318655,0.424153,0.368557,0.376316,0.266981,0.738443,0.708924,0.764512,0.415560,0.490446,0.545802,0.479407,0.262868,0.393475,0.118434,0.451172,0.280550,0.286546,0.293951,0.467466,4.709010,0.160211,0.161765,0.348781,0.077549,0.641667,15.613720,0.119737,0.541082,0.412614,0.176980,0.948945,0.486490,0.305183,0.120952,0.600121,0.161870,0.315276,0.320286,0.176171,0.198533,0.583788,0.231392,0.226471, , , ,0.440065,0.000000,1.637763,1.257539, ,0.470926,1.513000,0.161934, ,0.942816,0.000000,0.312227,1.026060,1.234787,0.189256,0.189354,0.387865,0.126850,0.313048,0.192543,0.810368,0.446814,0.299773,0.429197,0.629402,0.637832,0.762460,0.136998,0.174651, ,0.299701,0.675309,0.279089,0.294528, , ,0.182531,0.074017, ,0.151759,0.164206,0.209152,0.480511,0.208282,0.279297,0.321383,0.426563,0.429561,0.440581,1.767661,5.994018,0.689222,0.139260,0.827214,1.362464,0.455518,0.677451,0.372150,0.858491,0.785603,2.900976,1.810007,1.152468,0.200200,0.203953,0.221526,0.153246,0.239398,0.304997,0.313074,0.267361,0.381014,0.270249,0.150935,0.175985,0.000000,0.261403,0.503522,1.521418,0.261403,0.142959,0.442921,0.392681,0.398819,0.249088,0.254319,0.315441,2.077367,0.962501,0.080856, ,0.374066,1.885124,0.618775,0.765291, , ,0.260677, ,0.749252,0.301144,1.509805, ,0.000000,0.484668, , ,0.662232, ,0.453078
    Burst Percentage,97.290640,36.575053,99.500000,93.644068,98.475610,99.397590,90.099010,92.225201,56.885246,93.228795,98.529412,73.592085,35.028249,94.186047,26.649529,87.893462,64.031621,98.594848,85.136742, ,91.237113,3.471445,12.598992,91.326531,55.363985,95.470693,22.432068,51.722554,86.559140,21.230159,96.096654,88.990826,98.708487,98.491379,98.320896,98.079385,98.360656,97.292419,96.546311,98.973306,95.718654,50.952381,96.250000,94.267516,37.164527,96.913580,94.470046,98.255814,72.689076,9.523810,92.739274,89.316239,89.502762,0.000000,74.530831,80.845070,25.458248,4.775828,93.142857,95.471698,2.578019,92.904656,93.650794,93.541667,11.181939,10.381926,23.137772,72.562358,26.322931,52.226721,37.824268,52.748886,52.821997,42.316217,31.428571,81.710214,36.422614,92.140468,50.465116,80.864198,88.429752,91.034483,84.027778,91.428571,0.000000,51.706700,97.047970, ,96.969697,11.111111,91.304348,93.333333,98.030635, ,92.253521,98.734177,27.877896,80.292533,14.814815,97.899650,0.000000,51.820546,67.824497,30.320366,53.107345,0.000000,65.523156,0.000000,12.500000,86.645963,71.291866,62.608696,33.333333,98.240000,99.227202,99.218750,91.891892,97.101449,99.170124,92.410714,0.000000,95.905512,91.689751,98.491379,89.597315,98.311688,90.551181,95.220588,28.820513,96.661102,61.785714,69.835035,17.977113,85.885886,84.880240,82.709994,97.095960,88.505747,49.906716,61.484099,58.654573,91.739130,94.406281,86.043360,97.227723,64.677223,96.644295,31.041667,88.904494,29.552239,98.000000,51.515152,0.000000,98.540146,31.681877, ,7.017544,0.000000,59.389895,41.187739,37.516171,63.636364,52.173913,39.549180,73.903002,47.495961,37.488626,46.412214,81.664656,87.691522,98.275862,78.651685,17.733990,61.329715,97.297297, ,96.319018,86.883526,44.778068,96.428571,84.615385,96.552867,62.298387,89.375000,63.725490,87.106447,81.726908,86.183937,39.462810,94.518045,53.770950,86.621315, ,16.966068,96.875000, , , ,97.777778,14.393227, , ,99.115044, ,0.000000, ,46.875000,95.669291,87.628866,97.058824,94.444444,95.022624,89.743590,94.285714,97.826087,85.333333,97.701149,98.000000,96.319018,99.206349,45.135135,10.483042,9.872923,96.000000,97.084048,97.916667,97.254005,94.919786,97.264875,90.692641,95.424837,59.081836,40.404040,92.622951,98.501873,75.271739,87.037037,47.756874,46.198830,97.606383,30.769231,82.608696,97.727273,99.328859,97.169811,81.818182,99.401198,98.591549,98.039216,99.056604,99.159664,98.529412,91.851852,91.891892,97.101449,25.000000,85.978836,78.411911,20.508475,96.857143,61.469265,26.788686,25.489068,40.813810,32.900943,95.785086,75.862069,92.123288,39.525692,18.346360,97.624553,52.700730,92.513369,87.268519,98.527246,98.084291,97.505669,78.135048,97.386760,96.969697,92.093023,12.855980,85.000000, ,56.296296,68.735363,45.875252,91.525424,87.213115,96.774194,93.010753,90.490798,97.534247,99.435028,99.125683,97.058824,97.074647, ,88.091068,95.784543,94.845361,59.340659,97.894737,94.594595,93.939394,93.700787,82.731959,97.790055,49.051491, ,71.052632,73.291925,88.888889,52.150538,92.000000,86.419753,98.421053,93.548387,96.012270,98.347107,90.196078,86.729858,87.548139,50.464396,14.274354,90.400000,95.505618,36.024845,29.859249,12.865113,45.546373,95.200000,28.374656,87.736901,83.282675,41.333333,93.617021,97.894737,90.056818,99.528302,98.437500,99.122807,97.864769,98.148148,96.129032,96.666667, ,96.212121,94.174757,96.907216,98.780488,95.906433,94.827586,99.205649,93.177189,86.377709,98.560354,93.170732,98.706897,93.779453,80.339806,81.447964,27.337616,80.164159,66.727163,62.740899,29.680930,60.982874,97.142857,96.551724,97.087379,94.791667,98.058252,90.000000,88.235294,85.344828,98.245614,99.206349,64.285714,98.113208,98.684211,95.454545,88.372093,94.117647,43.340858,98.243243,97.267081,92.754663,97.765363,96.564531,95.058401,87.466428,80.769231,37.137331,98.243560,57.160494,47.306792,86.981132,98.024691,96.114519,41.866667,94.954128,98.425197,80.792079,58.585859,93.012048,97.872340,78.283713,93.504736,91.147994,83.555556,97.737557,55.460017,59.481038,84.248079,73.153978,97.746479,85.589520,0.000000, ,96.560847,42.160612,96.969697,98.351648,65.776620,83.802817,85.185185,98.230088,98.780488,46.842710,98.513800,98.611111,9.821836,97.191011,6.818182,97.500000,90.322581,98.892989,87.577640,99.193548, ,96.800000,15.755627,84.615385,41.176471,10.116732,91.379310,81.439394,82.812500,98.958333,56.666667,82.914573,88.095238,28.495575,37.336504,91.928251,14.455054,98.730964,97.283951,94.599628,6.690011,58.139535,31.577768,30.787589,96.508728,97.142857,84.146341,9.523810,95.219124,98.684211,0.000000,98.263889,94.736842,97.872340,95.757576,98.617512,91.760300,91.823899,96.323529,96.356275,73.694779,73.341523,84.245077,64.680233,74.178155,84.883721,66.046512,70.140281,12.775891,79.622132,93.307087,86.375321,25.262154,90.975387,36.704835,77.235772,92.660550, ,48.322148,99.285714, ,97.142857,87.341772,94.710327,92.738275, ,79.629630,37.532468,91.902834,92.996109,92.808219,45.254237,75.286849,41.292135,99.540230,26.607209,98.908098,91.232465,80.490956,89.942529,88.512821,74.327628,32.945479,30.545877,97.341040,83.887468,15.088450,32.854730,66.160081,97.047970,55.042527,83.185841,82.539683,78.506629,60.168067,40.000000,31.966054,44.646759,92.679356,62.873754, ,94.608696,91.350750,88.700565,97.983871,97.872340,95.978552,94.654088,95.477387,94.492754,55.031447,92.364532,24.498567,93.157380,61.214953,87.306502,59.595960,57.537313,93.197279,93.851718,91.245376,90.177353, ,80.856124,99.497487, ,38.279570,90.206746,28.139836,92.964824,7.984833, ,69.565217,62.899932,85.934820,85.742972,99.032258,81.250000,96.981132,90.631365,98.983740,21.149897,34.395501,95.620438,15.244807,37.653479,52.807392,41.893253,36.787565,76.836158,71.745490,30.495929,63.822526,13.333333,83.246073,93.992933,45.251397,87.058824,79.436620,94.314381,95.305164,67.195767,91.472868,49.752066,0.000000,87.786260,42.440801,76.078431,93.832599,92.727273,84.284051,78.784648,93.313070,82.786885,35.624587,96.983409,36.797753,75.449102,71.698113,44.245524,55.076923,57.289528,68.465228,42.553191,68.715084,84.909091,86.641221,74.485597,94.974874,96.120690,97.916667,60.824742,94.654088,86.285714,98.369565,94.620253,91.005291,64.323749,97.619048,98.742138,98.067633,98.401421,98.657718,41.004031,65.123457,96.519722,71.328671,86.396527,29.076087,33.031301,97.560976,93.079585,34.309623,98.817967,97.574893,5.319149, , ,48.025276,21.366025,87.394958,24.015748,14.285714,97.012802,94.017094,35.771920,20.338983,18.627451,44.736842,11.122881,52.222222,80.341880,99.052133,97.910448,96.635262,88.602442,98.979592,98.091603,97.569866,99.556869,92.970123,96.673597,96.946565,98.872604,95.180723,88.796680,98.587571, ,81.025641,52.444444,92.781316,92.890995, , ,98.487713,32.113226, ,39.382940,35.195103,98.500000,80.246914,95.306122,77.370417,98.776758,94.774347,97.991968,99.088146,98.434442,53.554502,69.543147,95.525727,86.239782,63.087935,47.136223,49.375000,81.497797,19.336051,29.875068,46.153846,98.823529,88.918206,86.303387,58.918129,59.869036,98.870056,88.540031,91.803279,97.761194,97.807018,72.652389,48.120301,99.541284,96.277916,77.272727,98.340875,85.310734,50.600801,44.047619,96.480938,81.578947,88.443396,80.278884,73.204420,90.123457,75.584416,34.476844,43.606557,94.890511,0.000000,88.333333,95.789474,63.066955,20.454545, ,0.000000,85.680191, ,86.324786,95.166163,80.548628,7.575758,94.979079,95.664740, ,0.000000,95.294118,10.000000,92.413793
Viability Metrics
    Resistance (kOhms), , , , , , , , , , , , , , , , , , , , , , , , , , , , , , , , , , , , , , , , , , , , , , , , , , , , , , , , , , , , , , , , , , , , , , , , , , , , , , , , , , , , , , , , , , , , , , , , , , , , , , , , , , , , , , , , , , , , , , , , , , , , , , , , , , , , , , , , , , , , , , , , , , , , , , , , , , , , , , , , , , , , , , , , , , , , , , , , , , , , , , , , , , , , , , , , , , , , , , , , , , , , , , , , , , , , , , , , , , , , , , , , , , , , , , , , , , , , , , , , , , , , , , , , , , , , , , , , , , , , , , , , , , , , , , , , , , , , , , , , , , , , , , , , , , , , , , , , , , , , , , , , , , , , , , , , , , , , , , , , , , , , , , , , , , , , , , , , , , , , , , , , , , , , , , , , , , , , , , , , , , , , , , , , , , , , , , , , , , , , , , , , , , , , , , , , , , , , , , , , , , , , , , , , , , , , , , , , , , , , , , , , , , , , , , , , , , , , , , , , , , , , , , , , , , , , , , , , , , , , , , , , , , , , , , , , , , , , , , , , , , , , , , , , , , , , , , , , , , , , , , , , , , , , , , , , , , , , , , , , , , , , , , , , , , , , , , , , , , , , , , , , , , , , , , , , , , , , , , , , , , , , , , , , , , , , , , , , , , , , , , , , , , , , , , , , , , , , , , , , , , , , , , , , , , , , , , , , , , , , , , , , , , , , , , , , , , , , , , , , , , , , , , , , , , , , , , , , , , , , , , , , , , , , , , , , , , , , , , , , , , , , , , , , , , , , , , , , , , , , , , , , , , , , , , , , , , , , , , , , , , , , , , , , , , , , , , , , , , , , , , , , , , , , , , , , , , , , , , , , , , , , , , , , 

